scenario_id,frame_id,timestamp,tracking_status,tracked_x,tracked_y,image_center_x,image_center_y,pixel_error_x,pixel_error_y,target_angle_x,target_angle_y,remaining_error_x,remaining_error_y,pan_command,tilt_command,virtual_pan,virtual_tilt,alignment_status
SCN_004,1,0.0,ACQUIRING,333.0,241.0,320.0,240.0,13.0,1.0,0.08125,0.00625,0.08125,0.00625,0.065,0.005000000000000001,0.065,0.005000000000000001,ALIGNING
SCN_004,2,0.0333,ACQUIRING,333.0,241.0,320.0,240.0,13.0,1.0,0.08125,0.00625,0.01625,0.0012499999999999994,0.013000000000000001,0.0009999999999999996,0.078,0.006,ALIGNED
SCN_004,3,0.0667,TRACKING,333.0,241.0,320.0,240.0,13.0,1.0,0.08125,0.00625,0.003250000000000003,0.0002500000000000002,0.0026000000000000025,0.0002000000000000002,0.0806,0.006200000000000001,ALIGNED
SCN_004,4,0.1,TRACKING,333.0,241.0,320.0,240.0,13.0,1.0,0.08125,0.00625,0.0006499999999999978,4.99999999999997e-05,0.0005199999999999982,3.999999999999976e-05,0.08112,0.006240000000000001,ALIGNED
SCN_004,5,0.1333,TRACKING,333.0,241.0,320.0,240.0,13.0,1.0,0.08125,0.00625,0.0001300000000000051,9.999999999999593e-06,0.0001040000000000041,7.999999999999674e-06,0.081224,0.006248,ALIGNED
SCN_004,6,0.1667,TRACKING,333.0,241.0,320.0,240.0,13.0,1.0,0.08125,0.00625,2.5999999999998247e-05,2.0000000000002655e-06,2.0799999999998598e-05,1.6000000000002125e-06,0.0812448,0.0062496,ALIGNED
SCN_004,7,0.2,TRACKING,333.0,241.0,320.0,240.0,13.0,1.0,0.08125,0.00625,5.199999999996874e-06,4.0000000000022656e-07,4.1599999999974995e-06,3.2000000000018127e-07,0.08124896000000001,0.00624992,ALIGNED
SCN_004,8,0.2333,TRACKING,333.0,241.0,320.0,240.0,13.0,1.0,0.08125,0.00625,1.0399999999938236e-06,8.000000000039226e-08,8.31999999995059e-07,6.40000000003138e-08,0.081249792,0.006249984,ALIGNED
SCN_004,9,0.2667,TRACKING,333.0,241.0,320.0,240.0,13.0,1.0,0.08125,0.00625,2.0800000000154029e-07,1.6000000000251924e-08,1.6640000000123223e-07,1.280000000020154e-08,0.0812499584,0.0062499968,ALIGNED
SCN_004,10,0.3,TRACKING,333.0,241.0,320.0,240.0,13.0,1.0,0.08125,0.00625,4.160000000030806e-08,3.200000000223857e-09,3.3280000000246444e-08,2.5600000001790857e-09,0.08124999168000001,0.00624999936,ALIGNED
SCN_004,11,0.3333,TRACKING,333.0,241.0,320.0,240.0,13.0,1.0,0.08125,0.00625,8.319999994510496e-09,6.400000000447714e-10,6.655999995608397e-09,5.120000000358171e-10,0.08124999833600001,0.006249999872,ALIGNED
SCN_004,12,0.3667,TRACKING,332.0,242.0,320.0,240.0,12.0,2.0,0.075,0.0125,-0.006249998336000012,0.006250000128000001,-0.0049999986688000105,0.005000000102400001,0.0762499996672,0.011249999974400002,ALIGNED
SCN_004,13,0.4,TRACKING,332.0,242.0,320.0,240.0,12.0,2.0,0.075,0.0125,-0.0012499996672000052,0.001250000025599999,-0.0009999997337600043,0.0010000000204799992,0.07524999993344,0.01224999999488,ALIGNED
SCN_004,14,0.4333,TRACKING,332.0,242.0,320.0,240.0,12.0,2.0,0.075,0.0125,-0.0002499999334400066,0.00025000000512000013,-0.0001999999467520053,0.0002000000040960001,0.075049999986688,0.012449999998976,ALIGNED
SCN_004,15,0.4667,TRACKING,332.0,242.0,320.0,240.0,12.0,2.0,0.075,0.0125,-4.9999986688004094e-05,5.0000001024000026e-05,-3.999998935040328e-05,4.0000000819200024e-05,0.0750099999973376,0.012489999999795201,ALIGNED
SCN_004,16,0.5,TRACKING,332.0,242.0,320.0,240.0,12.0,2.0,0.075,0.0125,-9.999997337598043e-06,1.0000000204799311e-05,-7.999997870078435e-06,8.00000016383945e-06,0.07500199999946752,0.01249799999995904,ALIGNED
SCN_004,17,0.5333,TRACKING,332.0,242.0,320.0,240.0,12.0,2.0,0.075,0.0125,-1.9999994675251598e-06,2.000000040960556e-06,-1.599999574020128e-06,1.600000032768445e-06,0.0750003999998935,0.012499599999991808,ALIGNED
SCN_004,18,0.5667,TRACKING,332.0,242.0,320.0,240.0,12.0,2.0,0.075,0.0125,-3.9999989349948084e-07,4.000000081924582e-07,-3.199999147995847e-07,3.2000000655396656e-07,0.0750000799999787,0.012499919999998362,ALIGNED
SCN_004,19,0.6,TRACKING,331.0,242.0,320.0,240.0,11.0,2.0,0.06875,0.0125,-0.006250079999978689,8.000000163883858e-08,-0.005000063999982951,6.400000131107087e-08,0.07000001599999574,0.012499983999999673,ALIGNED
SCN_004,20,0.6333,TRACKING,331.0,242.0,320.0,240.0,11.0,2.0,0.06875,0.0125,-0.0012500159999957322,1.600000032811466e-08,-0.001000012799996586,1.2800000262491729e-08,0.06900000319999915,0.012499996799999935,ALIGNED
SCN_004,21,0.6667,TRACKING,331.0,243.0,320.0,240.0,11.0,3.0,0.06875,0.018750000000000003,-0.0002500031999991409,0.006250003200000067,-0.00020000255999931272,0.005000002560000054,0.06880000063999983,0.01749999935999999,ALIGNED
SCN_004,22,0.7,TRACKING,331.0,243.0,320.0,240.0,11.0,3.0,0.06875,0.018750000000000003,-5.00006399998254e-05,0.0012500006400000124,-4.0000511999860325e-05,0.00100000051200001,0.06876000012799997,0.018499999872,ALIGNED
SCN_004,23,0.7333,TRACKING,330.0,243.0,320.0,240.0,10.0,3.0,0.0625,0.018750000000000003,-0.006260000127999973,0.0002500001280000032,-0.005008000102399979,0.00020000010240000255,0.0637520000256,0.018699999974400004,ALIGNED
SCN_004,24,0.7667,TRACKING,330.0,243.0,320.0,240.0,10.0,3.0,0.0625,0.018750000000000003,-0.0012520000255999975,5.000002559999925e-05,-0.001001600020479998,4.00000204799994e-05,0.06275040000512,0.01873999999488,ALIGNED
SCN_004,25,0.8,TRACKING,330.0,244.0,320.0,240.0,10.0,4.0,0.0625,0.025,-0.0002504000051199995,0.00626000000512,-0.00020032000409599961,0.005008000004096,0.062550080001024,0.023747999998976,ALIGNED
SCN_004,26,0.8333,TRACKING,330.0,244.0,320.0,240.0,10.0,4.0,0.0625,0.025,-5.008000102399435e-05,0.001252000001024,-4.006400081919548e-05,0.0010016000008192,0.0625100160002048,0.024749599999795202,ALIGNED
SCN_004,27,0.8667,TRACKING,329.0,244.0,320.0,240.0,9.0,4.0,0.05625,0.025,-0.006260016000204795,0.0002504000002047993,-0.005008012800163836,0.00020032000016383946,0.05750200320004096,0.02494991999995904,ALIGNED
SCN_004,28,0.9,TRACKING,329.0,244.0,320.0,240.0,9.0,4.0,0.05625,0.025,-0.0012520032000409576,5.008000004096125e-05,-0.0010016025600327661,4.0064000032769e-05,0.05650040064000819,0.02498998399999181,ALIGNED
SCN_004,29,0.9333,TRACKING,329.0,245.0,320.0,240.0,9.0,5.0,0.05625,0.03125,-0.0002504006400081901,0.0062600160000081916,-0.0002003205120065521,0.005008012800006553,0.05630008012800164,0.02999799679999836,ALIGNED
SCN_004,30,0.9667,TRACKING,328.0,245.0,320.0,240.0,8.0,5.0,0.05,0.03125,-0.006300080128001637,0.0012520032000016383,-0.00504006410240131,0.0010016025600013106,0.05126001602560033,0.03099959935999967,ALIGNED
SCN_004,31,1.0,TRACKING,328.0,245.0,320.0,240.0,8.0,5.0,0.05,0.03125,-0.00126001602560033,0.00025040064000032836,-0.0010080128204802642,0.0002003205120002627,0.05025200320512007,0.031199919871999934,ALIGNED
SCN_004,32,1.0333,TRACKING,328.0,245.0,320.0,240.0,8.0,5.0,0.05,0.03125,-0.0002520032051200674,5.0080128000066365e-05,-0.00020160256409605394,4.006410240005309e-05,0.050050400641024013,0.031239983974399987,ALIGNED
SCN_004,33,1.0667,TRACKING,327.0,246.0,320.0,240.0,7.0,6.0,0.04375,0.037500000000000006,-0.006300400641024016,0.006260016025600019,-0.005040320512819213,0.005008012820480016,0.0450100801282048,0.03624799679488,ALIGNED
SCN_004,34,1.1,TRACKING,327.0,246.0,320.0,240.0,7.0,6.0,0.04375,0.037500000000000006,-0.0012600801282048046,0.0012520032051200058,-0.0010080641025638438,0.0010016025640960048,0.04400201602564096,0.037249599358976,ALIGNED
SCN_004,35,1.1333,TRACKING,327.0,246.0,320.0,240.0,7.0,6.0,0.04375,0.037500000000000006,-0.0002520160256409623,0.00025040064102400256,-0.00020161282051276986,0.00020032051281920207,0.04380040320512819,0.037449919871795204,ALIGNED
SCN_004,36,1.1667,TRACKING,326.0,246.0,320.0,240.0,6.0,6.0,0.0375,0.037500000000000006,-0.006300403205128188,5.00801282048019e-05,-0.005040322564102551,4.006410256384152e-05,0.03876008064102564,0.03748998397435904,ALIGNED
SCN_004,37,1.2,TRACKING,326.0,247.0,320.0,240.0,6.0,7.0,0.0375,0.04375,-0.001260080641025639,0.006260016025640955,-0.0010080645128205112,0.0050080128205127646,0.037752016128205126,0.042497996794871803,ALIGNED
SCN_004,38,1.2333,TRACKING,326.0,247.0,320.0,240.0,6.0,7.0,0.0375,0.04375,-0.0002520161282051278,0.0012520032051281937,-0.00020161290256410225,0.0010016025641025551,0.03755040322564102,0.04349959935897436,ALIGNED
SCN_004,39,1.2667,TRACKING,325.0,247.0,320.0,240.0,5.0,7.0,0.03125,0.04375,-0.006300403225641023,0.00025040064102564014,-0.005040322580512818,0.0002003205128205121,0.032510080645128205,0.04369991987179487,ALIGNED
SCN_004,40,1.3,TRACKING,325.0,247.0,320.0,240.0,5.0,7.0,0.03125,0.04375,-0.0012600806451282046,5.008012820512803e-05,-0.0010080645161025636,4.006410256410242e-05,0.03150201612902564,0.04373998397435897,ALIGNED
SCN_004,41,1.3333,TRACKING,325.0,248.0,320.0,240.0,5.0,8.0,0.03125,0.05,-0.00025201612902563814,0.006260016025641031,-0.00020161290322051053,0.005008012820512825,0.03130040322580513,0.048747996794871795,ALIGNED
SCN_004,42,1.3667,TRACKING,324.0,248.0,320.0,240.0,4.0,8.0,0.025,0.05,-0.006300403225805128,0.0012520032051282076,-0.005040322580644102,0.0010016025641025662,0.026260080645161027,0.04974959935897436,ALIGNED
SCN_004,43,1.4,TRACKING,324.0,248.0,320.0,240.0,4.0,8.0,0.025,0.05,-0.0012600806451610255,0.00025040064102564014,-0.0010080645161288204,0.0002003205128205121,0.025252016129032207,0.049949919871794875,ALIGNED
SCN_004,44,1.4333,TRACKING,323.0,248.0,320.0,240.0,3.0,8.0,0.01875,0.05,-0.006502016129032208,5.008012820512803e-05,-0.005201612903225766,4.006410256410242e-05,0.02005040322580644,0.04998998397435898,ALIGNED
SCN_004,45,1.4667,TRACKING,323.0,248.0,320.0,240.0,3.0,8.0,0.01875,0.05,-0.0013004032258064416,1.0016025641025605e-05,-0.0010403225806451533,8.012820512820484e-06,0.019010080645161288,0.049997996794871796,ALIGNED
SCN_004,46,1.5,TRACKING,323.0,248.0,320.0,240.0,3.0,8.0,0.01875,0.05,-0.0002600806451612883,2.003205128206509e-06,-0.00020806451612903067,1.6025641025652072e-06,0.01880201612903226,0.04999959935897436,ALIGNED
SCN_004,47,1.5333,TRACKING,322.0,249.0,320.0,240.0,2.0,9.0,0.0125,0.056249999999999994,-0.006302016129032258,0.006250400641025632,-0.005041612903225807,0.005000320512820506,0.01376040322580645,0.05499991987179487,ALIGNED
SCN_004,48,1.5667,TRACKING,322.0,249.0,320.0,240.0,2.0,9.0,0.0125,0.056249999999999994,-0.0012604032258064501,0.0012500801282051277,-0.00100832258064516,0.0010000641025641021,0.012752080645161291,0.05599998397435897,ALIGNED
SCN_004,49,1.6,TRACKING,321.0,249.0,320.0,240.0,1.0,9.0,0.00625,0.056249999999999994,-0.006502080645161291,0.00025001602564102277,-0.0052016645161290335,0.00020001282051281823,0.007550416129032258,0.05619999679487179,ALIGNED
SCN_004,50,1.6333,TRACKING,321.0,249.0,320.0,240.0,1.0,9.0,0.00625,0.056249999999999994,-0.0013004161290322575,5.000320512820594e-05,-0.0010403329032258061,4.000256410256476e-05,0.0065100832258064515,0.056239999358974356,ALIGNED
SCN_004,51,1.6667,TRACKING,321.0,249.0,320.0,240.0,1.0,9.0,0.00625,0.056249999999999994,-0.00026008322580645116,1.0000641025638413e-05,-0.00020806658064516094,8.00051282051073e-06,0.00630201664516129,0.056247999871794865,ALIGNED
SCN_004,52,1.7,TRACKING,320.0,249.0,320.0,240.0,0.0,9.0,0.0,0.056249999999999994,-0.00630201664516129,2.0001282051290703e-06,-0.005041613316129033,1.6001025641032564e-06,0.0012604033290322574,0.056249599974358966,ALIGNED
SCN_004,53,1.7333,TRACKING,320.0,249.0,320.0,240.0,0.0,9.0,0.0,0.056249999999999994,-0.0012604033290322574,4.000256410285896e-07,-0.001008322663225806,3.2002051282287174e-07,0.00025208066580645143,0.05624991999487179,ALIGNED
SCN_004,54,1.7667,TRACKING,320.0,249.0,320.0,240.0,0.0,9.0,0.0,0.056249999999999994,-0.00025208066580645143,8.000512820294237e-08,-0.00020166453264516116,6.400410256235389e-08,5.0416133161290276e-05,0.05624998399897435,ALIGNED
SCN_004,55,1.8,TRACKING,319.0,249.0,320.0,240.0,-1.0,9.0,-0.00625,0.056249999999999994,-0.006300416133161291,1.600102564336403e-08,-0.005040332906529033,1.2800820514691225e-08,-0.004989916773367743,0.056249996799794866,ALIGNED
SCN_004,56,1.8333,TRACKING,319.0,249.0,320.0,240.0,-1.0,9.0,-0.00625,0.056249999999999994,-0.0012600832266322576,3.200205128672806e-09,-0.0010080665813058062,2.5601641029382453e-09,-0.005997983354673549,0.05624999935995897,ALIGNED
SCN_004,57,1.8667,TRACKING,318.0,249.0,320.0,240.0,-2.0,9.0,-0.0125,0.056249999999999994,-0.006502016645326451,6.4004102712234e-10,-0.005201613316261161,5.12032821697872e-10,-0.01119959667093471,0.056249999871991786,ALIGNED
SCN_004,58,1.9,TRACKING,318.0,249.0,320.0,240.0,-2.0,9.0,-0.0125,0.056249999999999994,-0.001300403329065291,1.2800820820002556e-10,-0.0010403226632522329,1.0240656656002046e-10,-0.012239919334186942,0.056249999974398356,ALIGNED
SCN_004,59,1.9333,TRACKING,318.0,249.0,320.0,240.0,-2.0,9.0,-0.0125,0.056249999999999994,-0.00026008066581305854,2.560163886444755e-11,-0.00020806453265044685,2.048131109155804e-11,-0.01244798386683739,0.05624999999487967,ALIGNED
SCN_004,60,1.9667,TRACKING,317.0,249.0,320.0,240.0,-3.0,9.0,-0.01875,0.056249999999999994,-0.00630201613316261,5.12032777288951e-12,-0.005041612906530088,4.096262218311608e-12,-0.017489596773367477,0.05624999999897593,ALIGNED
SCN_004,61,2.0,TRACKING,317.0,248.0,320.0,240.0,-3.0,8.0,-0.01875,0.05,-0.001260403226632522,-0.006249999998975929,-0.0010083225813060177,-0.004999999999180743,-0.018497919354673494,0.05124999999979519,ALIGNED
SCN_004,62,2.0333,TRACKING,316.0,248.0,320.0,240.0,-4.0,8.0,-0.025,0.05,-0.006502080645326508,-0.0012499999997951858,-0.0052016645162612065,-0.0009999999998361487,-0.0236995838709347,0.05024999999995904,ALIGNED
SCN_004,63,2.0667,TRACKING,316.0,248.0,320.0,240.0,-4.0,8.0,-0.025,0.05,-0.0013004161290653023,-0.00024999999995903993,-0.0010403329032522418,-0.00019999999996723195,-0.02473991677418694,0.05004999999999181,ALIGNED
SCN_004,64,2.1,TRACKING,316.0,248.0,320.0,240.0,-4.0,8.0,-0.025,0.05,-0.00026008322581306045,-4.99999999918066e-05,-0.00020806658065044837,-3.999999999344528e-05,-0.02494798335483739,0.05000999999999836,ALIGNED
SCN_004,65,2.1333,TRACKING,315.0,248.0,320.0,240.0,-5.0,8.0,-0.03125,0.05,-0.006302016645162611,-9.999999998358544e-06,-0.0050416133161300895,-7.999999998686836e-06,-0.029989596670967476,0.05000199999999967,ALIGNED
SCN_004,66,2.1667,TRACKING,315.0,248.0,320.0,240.0,-5.0,8.0,-0.03125,0.05,-0.0012604033290325237,-1.9999999996689333e-06,-0.0010083226632260189,-1.5999999997351467e-06,-0.030997919334193495,0.05000039999999994,ALIGNED
SCN_004,67,2.2,TRACKING,315.0,248.0,320.0,240.0,-5.0,8.0,-0.03125,0.05,-0.00025208066580650543,-3.9999999993517443e-07,-0.00020166453264520436,-3.1999999994813957e-07,-0.031199583866838698,0.05000007999999999,ALIGNED
SCN_004,68,2.2333,TRACKING,315.0,248.0,320.0,240.0,-5.0,8.0,-0.03125,0.05,-5.041613316130247e-05,-7.999999998564711e-08,-4.0332906529041984e-05,-6.399999998851769e-08,-0.03123991677336774,0.050000016,ALIGNED
SCN_004,69,2.2667,TRACKING,314.0,248.0,320.0,240.0,-6.0,8.0,-0.0375,0.05,-0.006260083226632258,-1.59999999985172e-08,-0.005008066581305807,-1.279999999881376e-08,-0.036247983354673545,0.050000003200000004,ALIGNED
SCN_004,70,2.3,TRACKING,314.0,248.0,320.0,240.0,-6.0,8.0,-0.0375,0.05,-0.0012520166453264536,-3.200000001091219e-09,-0.001001613316261163,-2.5600000008729752e-09,-0.037249596670934706,0.05000000064,ALIGNED
SCN_004,71,2.3333,TRACKING,314.0,247.0,320.0,240.0,-6.0,7.0,-0.0375,0.04375,-0.0002504033290652921,-0.006250000640000003,-0.0002003226632522337,-0.005000000512000002,-0.03744991933418694,0.045000000128,ALIGNED
SCN_004,72,2.3667,TRACKING,313.0,247.0,320.0,240.0,-7.0,7.0,-0.04375,0.04375,-0.006300080665813057,-0.0012500001280000006,-0.005040064532650446,-0.0010000001024000006,-0.04248998386683739,0.0440000000256,ALIGNED
SCN_004,73,2.4,TRACKING,313.0,247.0,320.0,240.0,-7.0,7.0,-0.04375,0.04375,-0.0012600161331626086,-0.0002500000256000015,-0.0010080129065300869,-0.00020000002048000122,-0.04349799677336748,0.04380000000512,ALIGNED
SCN_004,74,2.4333,TRACKING,313.0,247.0,320.0,240.0,-7.0,7.0,-0.04375,0.04375,-0.00025200322663251895,-5.000000512000308e-05,-0.00020160258130601518,-4.0000004096002464e-05,-0.04369959935467349,0.043760000001024,ALIGNED
SCN_004,75,2.4667,TRACKING,313.0,247.0,320.0,240.0,-7.0,7.0,-0.04375,0.04375,-5.0400645326506566e-05,-1.0000001024003391e-05,-4.0320516261205254e-05,-8.000000819202714e-06,-0.043739919870934695,0.0437520000002048,ALIGNED
SCN_004,76,2.5,TRACKING,313.0,247.0,320.0,240.0,-7.0,7.0,-0.04375,0.04375,-1.0080129065302701e-05,-2.0000002048034538e-06,-8.06410325224216e-06,-1.600000163842763e-06,-0.04374798397418694,0.043750400000040955,ALIGNED
SCN_004,77,2.5333,TRACKING,312.0,246.0,320.0,240.0,-8.0,6.0,-0.05,0.037500000000000006,-0.006252016025813066,-0.00625040000004095,-0.005001612820650453,-0.00500032000003276,-0.04874959679483739,0.038750080000008194,ALIGNED
SCN_004,78,2.5667,TRACKING,312.0,246.0,320.0,240.0,-8.0,6.0,-0.05,0.037500000000000006,-0.0012504032051626132,-0.0012500800000081885,-0.0010003225641300906,-0.001000064000006551,-0.04974991935896748,0.03775001600000164,ALIGNED
SCN_004,79,2.6,TRACKING,312.0,246.0,320.0,240.0,-8.0,6.0,-0.05,0.037500000000000006,-0.0002500806410325254,-0.0002500160000016363,-0.00020006451282602035,-0.00020001280000130908,-0.049949983871793495,0.037550003200000334,ALIGNED
SCN_004,80,2.6333,TRACKING,312.0,246.0,320.0,240.0,-8.0,6.0,-0.05,0.037500000000000006,-5.001612820650786e-05,-5.000320000032865e-05,-4.001290256520629e-05,-4.0002560000262925e-05,-0.049989996774358704,0.03751000064000007,ALIGNED
SCN_004,81,2.6667,TRACKING,312.0,246.0,320.0,240.0,-8.0,6.0,-0.05,0.037500000000000006,-1.0003225641298796e-05,-1.0000640000062955e-05,-8.002580513039037e-06,-8.000512000050365e-06,-0.049997999354871744,0.03750200012800002,ALIGNED
SCN_004,82,2.7,TRACKING,312.0,245.0,320.0,240.0,-8.0,5.0,-0.05,0.03125,-2.0006451282583715e-06,-0.006252000128000021,-1.6005161026066972e-06,-0.005001600102400017,-0.049999599870974354,0.03250040002560001,ALIGNED
SCN_004,83,2.7333,TRACKING,311.0,245.0,320.0,240.0,-9.0,5.0,-0.05625,0.03125,-0.0062504001290256475,-0.001250400025600007,-0.005000320103220518,-0.0010003200204800056,-0.05499991997419487,0.03150008000512,ALIGNED
SCN_004,84,2.7667,TRACKING,311.0,245.0,320.0,240.0,-9.0,5.0,-0.05625,0.03125,-0.0012500800258051295,-0.0002500800051200014,-0.0010000640206441036,-0.0002000640040960011,-0.05599998399483898,0.031300016001024,ALIGNED
SCN_004,85,2.8,TRACKING,311.0,245.0,320.0,240.0,-9.0,5.0,-0.05625,0.03125,-0.0002500160051610231,-5.001600102400028e-05,-0.0002000128041288185,-4.001280081920023e-05,-0.0561999967989678,0.0312600032002048,ALIGNED
SCN_004,86,2.8333,TRACKING,311.0,244.0,320.0,240.0,-9.0,4.0,-0.05625,0.025,-5.0003201032204625e-05,-0.006260003200204797,-4.0002560825763705e-05,-0.005008002560163838,-0.05623999935979356,0.026252000640040962,ALIGNED
SCN_004,87,2.8667,TRACKING,311.0,244.0,320.0,240.0,-9.0,4.0,-0.05625,0.025,-1.0000640206439537e-05,-0.0012520006400409608,-8.00051216515163e-06,-0.0010016005120327687,-0.056247999871958713,0.025250400128008194,ALIGNED
SCN_004,88,2.9,TRACKING,311.0,244.0,320.0,240.0,-9.0,4.0,-0.05625,0.025,-2.0001280412879074e-06,-0.00025040012800819217,-1.600102433030326e-06,-0.00020032010240655376,-0.056249599974391745,0.02505008002560164,ALIGNED
SCN_004,89,2.9333,TRACKING,310.0,244.0,320.0,240.0,-10.0,4.0,-0.0625,0.025,-0.006250400025608255,-5.008002560163982e-05,-0.0050003200204866045,-4.006402048131186e-05,-0.061249919994878346,0.02501001600512033,ALIGNED
SCN_004,90,2.9667,TRACKING,310.0,243.0,320.0,240.0,-10.0,3.0,-0.0625,0.018750000000000003,-0.0012500800051216537,-0.006260016005120328,-0.0010000640040973231,-0.005008012804096263,-0.06224998399897567,0.02000200320102407,ALIGNED
SCN_004,91,3.0,TRACKING,310.0,243.0,320.0,240.0,-10.0,3.0,-0.0625,0.018750000000000003,-0.00025001600102433214,-0.001252003201024067,-0.0002000128008194657,-0.0010016025608192535,-0.062449996799795134,0.019000400640204817,ALIGNED
SCN_004,92,3.0333,TRACKING,310.0,243.0,320.0,240.0,-10.0,3.0,-0.0625,0.018750000000000003,-5.000320020486643e-05,-0.0002504006402048141,-4.000256016389314e-05,-0.0002003205121638513,-0.062489999359959025,0.018800080128040967,ALIGNED
SCN_004,93,3.0667,TRACKING,310.0,243.0,320.0,240.0,-10.0,3.0,-0.0625,0.018750000000000003,-1.0000640040974673e-05,-5.0080128040964206e-05,-8.000512032779738e-06,-4.0064102432771366e-05,-0.062497999871991804,0.018760016025608197,ALIGNED
SCN_004,94,3.1,TRACKING,310.0,242.0,320.0,240.0,-10.0,2.0,-0.0625,0.0125,-2.0001280081963224e-06,-0.006260016025608196,-1.600102406557058e-06,-0.005008012820486557,-0.062499599974398364,0.01375200320512164,ALIGNED
SCN_004,95,3.1333,TRACKING,310.0,242.0,320.0,240.0,-10.0,2.0,-0.0625,0.0125,-4.000256016364889e-07,-0.00125200320512164,-3.2002048130919114e-07,-0.001001602564097312,-0.06249991999487967,0.01275040064102433,ALIGNED
SCN_004,96,3.1667,TRACKING,310.0,242.0,320.0,240.0,-10.0,2.0,-0.0625,0.0125,-8.000512032729779e-08,-0.0002504006410243287,-6.400409626183823e-08,-0.00020032051281946295,-0.06249998399897593,0.012550080128204867,ALIGNED
SCN_004,97,3.2,TRACKING,310.0,242.0,320.0,240.0,-10.0,2.0,-0.0625,0.0125,-1.6001024068235115e-08,-5.0080128204866084e-05,-1.2800819254588092e-08,-4.006410256389287e-05,-0.062499996799795184,0.012510016025640974,ALIGNED
SCN_004,98,3.2333,TRACKING,310.0,241.0,320.0,240.0,-10.0,1.0,-0.0625,0.00625,-3.2002048164225805e-09,-0.006260016025640974,-2.5601638531380647e-09,-0.005008012820512779,-0.062499999359959035,0.007502003205128195,ALIGNED
SCN_004,99,3.2667,TRACKING,310.0,241.0,320.0,240.0,-10.0,1.0,-0.0625,0.00625,-6.400409646722949e-10,-0.0012520032051281946,-5.120327717378359e-10,-0.0010016025641025558,-0.062499999871991806,0.006500400641025639,ALIGNED
SCN_004,100,3.3,TRACKING,310.0,241.0,320.0,240.0,-10.0,1.0,-0.0625,0.00625,-1.2800819432223776e-10,-0.0002504006410256384,-1.024065554577902e-10,-0.00020032051282051073,-0.06249999997439836,0.006300080128205128,ALIGNED
SCN_004,101,3.3333,TRACKING,310.0,241.0,320.0,240.0,-10.0,1.0,-0.0625,0.00625,-2.560163886444755e-11,-5.008012820512803e-05,-2.048131109155804e-11,-4.006410256410242e-05,-0.06249999999487967,0.006260016025641026,ALIGNED
SCN_004,102,3.3667,TRACKING,310.0,240.0,320.0,240.0,-10.0,0.0,-0.0625,0.0,-5.12032777288951e-12,-0.006260016025641026,-4.096262218311608e-12,-0.005008012820512821,-0.06249999999897594,0.001252003205128205,ALIGNED
SCN_004,103,3.4,TRACKING,310.0,240.0,320.0,240.0,-10.0,0.0,-0.0625,0.0,-1.0240627790203405e-12,-0.001252003205128205,-8.192502232162724e-13,-0.001001602564102564,-0.062499999999795185,0.000250400641025641,ALIGNED
SCN_004,104,3.4333,TRACKING,310.0,240.0,320.0,240.0,-10.0,0.0,-0.0625,0.0,-2.0481533136162966e-13,-0.000250400641025641,-1.6385226508930374e-13,-0.00020032051282051281,-0.06249999999995904,5.008012820512819e-05,ALIGNED
SCN_004,105,3.4667,TRACKING,310.0,239.0,320.0,240.0,-10.0,-1.0,-0.0625,-0.00625,-4.096029071476437e-14,-0.006300080128205128,-3.27682325718115e-14,-0.005040064102564103,-0.062499999999991805,-0.004989983974358975,ALIGNED
SCN_004,106,3.5,TRACKING,310.0,239.0,320.0,240.0,-10.0,-1.0,-0.0625,-0.00625,-8.194833700514437e-15,-0.001260016025641025,-6.55586696041155e-15,-0.00100801282051282,-0.06249999999999836,-0.005997996794871795,ALIGNED
SCN_004,107,3.5333,TRACKING,310.0,239.0,320.0,240.0,-10.0,-1.0,-0.0625,-0.00625,-1.6375789613221059e-15,-0.000252003205128205,-1.3100631690576848e-15,-0.000201602564102564,-0.062499999999999674,-0.006199599358974359,ALIGNED
SCN_004,108,3.5667,TRACKING,310.0,239.0,320.0,240.0,-10.0,-1.0,-0.0625,-0.00625,-3.2612801348363973e-16,-5.0400641025641346e-05,-2.609024107869118e-16,-4.032051282051308e-05,-0.06249999999999994,-0.006239919871794872,ALIGNED
SCN_004,109,3.6,TRACKING,310.0,238.0,320.0,240.0,-10.0,-2.0,-0.0625,-0.0125,-6.245004513516506e-17,-0.006260080128205128,-4.9960036108132046e-17,-0.005008064102564103,-0.062499999999999986,-0.011247983974358975,ALIGNED
SCN_004,110,3.6333,TRACKING,310.0,238.0,320.0,240.0,-10.0,-2.0,-0.0625,-0.0125,-1.3877787807814457e-17,-0.0012520160256410257,-1.1102230246251566e-17,-0.0010016128205128205,-0.0625,-0.012249596794871795,ALIGNED
SCN_004,111,3.6667,TRACKING,310.0,238.0,320.0,240.0,-10.0,-2.0,-0.0625,-0.0125,0.0,-0.0002504032051282058,0.0,-0.00020032256410256467,-0.0625,-0.01244991935897436,ALIGNED
SCN_004,112,3.7,TRACKING,310.0,238.0,320.0,240.0,-10.0,-2.0,-0.0625,-0.0125,0.0,-5.008064102564151e-05,0.0,-4.0064512820513215e-05,-0.0625,-0.012489983871794872,ALIGNED
SCN_004,113,3.7333,TRACKING,310.0,238.0,320.0,240.0,-10.0,-2.0,-0.0625,-0.0125,0.0,-1.001612820512865e-05,0.0,-8.012902564102919e-06,-0.0625,-0.012497996774358975,ALIGNED
SCN_004,114,3.7667,TRACKING,310.0,237.0,320.0,240.0,-10.0,-3.0,-0.0625,-0.018750000000000003,0.0,-0.0062520032256410275,0.0,-0.005001602580512823,-0.0625,-0.017499599354871796,ALIGNED
SCN_004,115,3.8,TRACKING,310.0,237.0,320.0,240.0,-10.0,-3.0,-0.0625,-0.018750000000000003,0.0,-0.0012504006451282065,0.0,-0.0010003205161025653,-0.0625,-0.018499919870974362,ALIGNED
SCN_004,116,3.8333,TRACKING,311.0,237.0,320.0,240.0,-9.0,-3.0,-0.05625,-0.018750000000000003,0.006249999999999999,-0.0002500801290256406,0.004999999999999999,-0.0002000641032205125,-0.0575,-0.018699983974194874,ALIGNED
SCN_004,117,3.8667,TRACKING,311.0,237.0,320.0,240.0,-9.0,-3.0,-0.05625,-0.018750000000000003,0.0012500000000000011,-5.0016025805128816e-05,0.0010000000000000009,-4.0012820644103056e-05,-0.0565,-0.018739996794838978,ALIGNED
SCN_004,118,3.9,TRACKING,311.0,236.0,320.0,240.0,-9.0,-4.0,-0.05625,-0.025,0.0002500000000000002,-0.006260003205161024,0.0002000000000000002,-0.005008002564128819,-0.0563,-0.0237479993589678,ALIGNED
SCN_004,119,3.9333,TRACKING,311.0,236.0,320.0,240.0,-9.0,-4.0,-0.05625,-0.025,5.000000000000143e-05,-0.0012520006410322027,4.000000000000115e-05,-0.0010016005128257622,-0.056260000000000004,-0.02474959987179356,ALIGNED
SCN_004,120,3.9667,TRACKING,311.0,236.0,320.0,240.0,-9.0,-4.0,-0.05625,-0.025,1.0000000000003062e-05,-0.00025040012820643984,8.00000000000245e-06,-0.00020032010256515188,-0.056252,-0.024949919974358713,ALIGNED
SCN_004,121,4.0,TRACKING,312.0,236.0,320.0,240.0,-8.0,-4.0,-0.05,-0.025,0.006252000000000001,-5.008002564128866e-05,0.005001600000000001,-4.006402051303093e-05,-0.0512504,-0.024989983994871744,ALIGNED
SCN_004,122,4.0333,TRACKING,312.0,235.0,320.0,240.0,-8.0,-5.0,-0.05,-0.03125,0.0012503999999999987,-0.006260016005128256,0.001000319999999999,-0.005008012804102605,-0.05025008,-0.02999799679897435,ALIGNED
SCN_004,123,4.0667,TRACKING,312.0,235.0,320.0,240.0,-8.0,-5.0,-0.05,-0.03125,0.00025007999999999975,-0.001252003201025649,0.0002000639999999998,-0.0010016025608205192,-0.050050016,-0.03099959935979487,ALIGNED
SCN_004,124,4.1,TRACKING,312.0,235.0,320.0,240.0,-8.0,-5.0,-0.05,-0.03125,5.001599999999995e-05,-0.0002504006402051298,4.0012799999999964e-05,-0.00020032051216410386,-0.0500100032,-0.031199919871958973,ALIGNED
SCN_004,125,4.1333,TRACKING,312.0,235.0,320.0,240.0,-8.0,-5.0,-0.05,-0.03125,1.0003199999997214e-05,-5.0080128041026656e-05,8.002559999997771e-06,-4.006410243282133e-05,-0.05000200064,-0.031239983974391795,ALIGNED
SCN_004,126,4.1667,TRACKING,313.0,234.0,320.0,240.0,-7.0,-6.0,-0.04375,-0.037500000000000006,0.006252000640000005,-0.00626001602560821,0.005001600512000004,-0.0050080128204865685,-0.045000400127999995,-0.03624799679487836,ALIGNED
SCN_004,127,4.2,TRACKING,313.0,234.0,320.0,240.0,-7.0,-6.0,-0.04375,-0.037500000000000006,0.0012504001279999982,-0.0012520032051216434,0.0010003201023999987,-0.0010016025640973147,-0.0440000800256,-0.03724959935897568,ALIGNED
SCN_004,128,4.2333,TRACKING,313.0,234.0,320.0,240.0,-7.0,-6.0,-0.04375,-0.037500000000000006,0.00025008002560000103,-0.0002504006410243287,0.00020006402048000085,-0.00020032051281946295,-0.04380001600512,-0.03744991987179514,ALIGNED
SCN_004,129,4.2667,TRACKING,313.0,234.0,320.0,240.0,-7.0,-6.0,-0.04375,-0.037500000000000006,5.0016005120001594e-05,-5.008012820486435e-05,4.001280409600128e-05,-4.0064102563891483e-05,-0.043760003201023995,-0.037489983974359035,ALIGNED
SCN_004,130,4.3,TRACKING,314.0,233.0,320.0,240.0,-6.0,-7.0,-0.0375,-0.04375,0.006260003201023996,-0.006260016025640962,0.005008002560819198,-0.00500801282051277,-0.0387520006402048,-0.042497996794871803,ALIGNED
SCN_004,131,4.3333,TRACKING,314.0,233.0,320.0,240.0,-6.0,-7.0,-0.0375,-0.04375,0.001252000640204802,-0.0012520032051281937,0.0010016005121638416,-0.0010016025641025551,-0.037750400128040956,-0.04349959935897436,ALIGNED
SCN_004,132,4.3667,TRACKING,314.0,233.0,320.0,240.0,-6.0,-7.0,-0.0375,-0.04375,0.0002504001280409576,-0.00025040064102564014,0.0002003201024327661,-0.0002003205128205121,-0.03755008002560819,-0.04369991987179487,ALIGNED
SCN_004,133,4.4,TRACKING,314.0,233.0,320.0,240.0,-6.0,-7.0,-0.0375,-0.04375,5.008002560819014e-05,-5.008012820512803e-05,4.006402048655211e-05,-4.006410256410242e-05,-0.03751001600512164,-0.04373998397435897,ALIGNED
SCN_004,134,4.4333,TRACKING,315.0,233.0,320.0,240.0,-5.0,-7.0,-0.03125,-0.04375,0.006260016005121639,-1.0016025641025605e-05,0.005008012804097312,-8.012820512820484e-06,-0.032502003201024324,-0.04374799679487179,ALIGNED
SCN_004,135,4.4667,TRACKING,315.0,232.0,320.0,240.0,-5.0,-8.0,-0.03125,-0.05,0.0012520032010243237,-0.006252003205128212,0.001001602560819459,-0.00500160256410257,-0.031500400640204866,-0.04874959935897436,ALIGNED
SCN_004,136,4.5,TRACKING,315.0,232.0,320.0,240.0,-5.0,-8.0,-0.03125,-0.05,0.00025040064020486613,-0.001250400641025641,0.00020032051216389293,-0.001000320512820513,-0.031300080128040975,-0.049749919871794876,ALIGNED
SCN_004,137,4.5333,TRACKING,316.0,232.0,320.0,240.0,-4.0,-8.0,-0.025,-0.05,0.006300080128040973,-0.0002500801282051268,0.005040064102432779,-0.00020006410256410146,-0.026260016025608197,-0.04994998397435898,ALIGNED
SCN_004,138,4.5667,TRACKING,316.0,232.0,320.0,240.0,-4.0,-8.0,-0.025,-0.05,0.0012600160256081953,-5.0016025641023976e-05,0.0010080128204865563,-4.001282051281918e-05,-0.02525200320512164,-0.049989996794871795,ALIGNED
SCN_004,139,4.6,TRACKING,316.0,232.0,320.0,240.0,-4.0,-8.0,-0.025,-0.05,0.00025200320512163907,-1.000320512820757e-05,0.00020160256409731126,-8.002564102566058e-06,-0.025050400641024328,-0.04999799935897436,ALIGNED
SCN_004,140,4.6333,TRACKING,317.0,232.0,320.0,240.0,-3.0,-8.0,-0.01875,-0.05,0.0063004006410243285,-2.0006410256442897e-06,0.005040320512819463,-1.600512820515432e-06,-0.020010080128204863,-0.04999959987179487,ALIGNED
SCN_004,141,4.6667,TRACKING,317.0,231.0,320.0,240.0,-3.0,-9.0,-0.01875,-0.056249999999999994,0.0012600801282048636,-0.006250400128205123,0.001008064102563891,-0.005000320102564099,-0.019002016025640972,-0.05499991997435897,ALIGNED
SCN_004,142,4.7,TRACKING,317.0,231.0,320.0,240.0,-3.0,-9.0,-0.01875,-0.056249999999999994,0.0002520160256409727,-0.0012500800256410247,0.00020161282051277818,-0.0010000640205128197,-0.018800403205128192,-0.05599998399487179,ALIGNED
SCN_004,143,4.7333,TRACKING,318.0,231.0,320.0,240.0,-2.0,-9.0,-0.0125,-0.056249999999999994,0.006300403205128192,-0.00025001600512820216,0.005040322564102554,-0.00020001280410256173,-0.01376008064102564,-0.056199996798974354,ALIGNED
SCN_004,144,4.7667,TRACKING,318.0,231.0,320.0,240.0,-2.0,-9.0,-0.0125,-0.056249999999999994,0.001260080641025639,-5.000320102564043e-05,0.0010080645128205112,-4.0002560820512345e-05,-0.012752016128205129,-0.056239999359794866,ALIGNED
SCN_004,145,4.8,TRACKING,318.0,231.0,320.0,240.0,-2.0,-9.0,-0.0125,-0.056249999999999994,0.0002520161282051278,-1.0000640205128086e-05,0.00020161290256410225,-8.00051216410247e-06,-0.012550403225641027,-0.05624799987195897,ALIGNED
SCN_004,146,4.8333,TRACKING,319.0,231.0,320.0,240.0,-1.0,-9.0,-0.00625,-0.056249999999999994,0.006300403225641026,-2.0001280410242295e-06,0.005040322580512822,-1.6001024328193837e-06,-0.007510080645128205,-0.05624959997439179,ALIGNED
SCN_004,147,4.8667,TRACKING,319.0,231.0,320.0,240.0,-1.0,-9.0,-0.00625,-0.056249999999999994,0.0012600806451282046,-4.0002560820762145e-07,0.0010080645161025636,-3.200204865660972e-07,-0.006502016129025641,-0.056249919994878356,ALIGNED
SCN_004,148,4.9,TRACKING,320.0,231.0,320.0,240.0,0.0,-9.0,0.0,-0.056249999999999994,0.006502016129025641,-8.000512163874873e-08,0.0052016129032205136,-6.400409731099899e-08,-0.0013004032258051275,-0.05624998399897567,ALIGNED
SCN_004,149,4.9333,TRACKING,320.0,231.0,320.0,240.0,0.0,-9.0,0.0,-0.056249999999999994,0.0013004032258051275,-1.600102432497419e-08,0.001040322580644102,-1.2800819459979351e-08,-0.0002600806451610255,-0.05624999679979513,ALIGNED
SCN_004,150,4.9667,TRACKING,320.0,231.0,320.0,240.0,0.0,-9.0,0.0,-0.056249999999999994,0.0002600806451610255,-3.200204864994838e-09,0.00020806451612882042,-2.5601638919958703e-09,-5.2016129032205085e-05,-0.05624999935995902,ALIGNED
SCN_004,151,5.0,TRACKING,321.0,231.0,320.0,240.0,1.0,-9.0,0.00625,-0.056249999999999994,0.006302016129032206,-6.400409716111888e-10,0.005041612903225765,-5.12032777288951e-10,0.00498959677419356,-0.0562499998719918,ALIGNED
SCN_004,152,5.0333,TRACKING,321.0,231.0,320.0,240.0,1.0,-9.0,0.00625,-0.056249999999999994,0.0012604032258064406,-1.2800819432223776e-10,0.0010083225806451525,-1.024065554577902e-10,0.005997919354838712,-0.056249999974398356,ALIGNED
SCN_004,153,5.0667,TRACKING,322.0,231.0,320.0,240.0,2.0,-9.0,0.0125,-0.056249999999999994,0.0065020806451612885,-2.560163886444755e-11,0.005201664516129031,-2.048131109155804e-11,0.011199583870967743,-0.05624999999487967,ALIGNED
SCN_004,154,5.1,TRACKING,322.0,231.0,320.0,240.0,2.0,-9.0,0.0125,-0.056249999999999994,0.0013004161290322575,-5.12032777288951e-12,0.0010403329032258061,-4.096262218311608e-12,0.01223991677419355,-0.05624999999897593,ALIGNED
SCN_004,155,5.1333,TRACKING,322.0,231.0,320.0,240.0,2.0,-9.0,0.0125,-0.056249999999999994,0.00026008322580645116,-1.0240627790203405e-12,0.00020806658064516094,-8.192502232162724e-13,0.01244798335483871,-0.05624999999979518,ALIGNED
SCN_004,156,5.1667,TRACKING,323.0,231.0,320.0,240.0,3.0,-9.0,0.01875,-0.056249999999999994,0.0063020166451612895,-2.0481533136162966e-13,0.005041613316129032,-1.6385226508930374e-13,0.017489596670967743,-0.056249999999959034,ALIGNED
SCN_004,157,5.2,TRACKING,323.0,231.0,320.0,240.0,3.0,-9.0,0.01875,-0.056249999999999994,0.0012604033290322565,-4.096029071476437e-14,0.0010083226632258053,-3.27682325718115e-14,0.01849791933419355,-0.0562499999999918,ALIGNED
SCN_004,158,5.2333,TRACKING,324.0,231.0,320.0,240.0,4.0,-9.0,0.025,-0.056249999999999994,0.006502080665806452,-8.194833700514437e-15,0.005201664532645162,-6.55586696041155e-15,0.02369958386683871,-0.05624999999999836,ALIGNED
SCN_004,159,5.2667,TRACKING,324.0,231.0,320.0,240.0,4.0,-9.0,0.025,-0.056249999999999994,0.0013004161331612897,-1.6375789613221059e-15,0.001040332906529032,-1.3100631690576848e-15,0.024739916773367742,-0.05624999999999967,ALIGNED
SCN_004,160,5.3,TRACKING,324.0,231.0,320.0,240.0,4.0,-9.0,0.025,-0.056249999999999994,0.00026008322663225933,-3.2612801348363973e-16,0.00020806658130580747,-2.609024107869118e-16,0.02494798335467355,-0.05624999999999993,ALIGNED
SCN_004,161,5.3333,TRACKING,325.0,232.0,320.0,240.0,5.0,-8.0,0.03125,-0.05,0.006302016645326449,0.006249999999999929,0.00504161331626116,0.004999999999999944,0.02998959667093471,-0.05124999999999999,ALIGNED
SCN_004,162,5.3667,TRACKING,325.0,232.0,320.0,240.0,5.0,-8.0,0.03125,-0.05,0.0012604033290652891,0.0012499999999999872,0.0010083226632522314,0.0009999999999999898,0.03099791933418694,-0.05025,ALIGNED
SCN_004,163,5.4,TRACKING,325.0,232.0,320.0,240.0,5.0,-8.0,0.03125,-0.05,0.0002520806658130592,0.0002500000000000002,0.00020166453265044738,0.0002000000000000002,0.03119958386683739,-0.050050000000000004,ALIGNED
SCN_004,164,5.4333,TRACKING,326.0,232.0,320.0,240.0,6.0,-8.0,0.0375,-0.05,0.006300416133162609,5.000000000000143e-05,0.005040332906530088,4.000000000000115e-05,0.03623991677336748,-0.050010000000000006,ALIGNED
SCN_004,165,5.4667,TRACKING,326.0,232.0,320.0,240.0,6.0,-8.0,0.0375,-0.05,0.0012600832266325204,1.0000000000003062e-05,0.0010080665813060163,8.00000000000245e-06,0.0372479833546735,-0.050002000000000005,ALIGNED
SCN_004,166,5.5,TRACKING,327.0,232.0,320.0,240.0,7.0,-8.0,0.04375,-0.05,0.0065020166453265,2.000000000002e-06,0.0052016133162612,1.6000000000016002e-06,0.042449596670934696,-0.0500004,ALIGNED
SCN_004,167,5.5333,TRACKING,327.0,232.0,320.0,240.0,7.0,-8.0,0.04375,-0.05,0.0013004033290653014,3.999999999976245e-07,0.001040322663252241,3.199999999980996e-07,0.04348991933418694,-0.05000008,ALIGNED
SCN_004,168,5.5667,TRACKING,327.0,232.0,320.0,240.0,7.0,-8.0,0.04375,-0.05,0.0002600806658130603,7.99999999995249e-08,0.00020806453265044824,6.399999999961992e-08,0.04369798386683738,-0.050000016,ALIGNED
SCN_004,169,5.6,TRACKING,328.0,232.0,320.0,240.0,8.0,-8.0,0.05,-0.05,0.00630201613316262,1.59999999985172e-08,0.005041612906530097,1.279999999881376e-08,0.04873959677336748,-0.050000003200000004,ALIGNED
SCN_004,170,5.6333,TRACKING,328.0,232.0,320.0,240.0,8.0,-8.0,0.05,-0.05,0.0012604032266325255,3.200000001091219e-09,0.0010083225813060203,2.5600000008729752e-09,0.0497479193546735,-0.05000000064,ALIGNED
SCN_004,171,5.6667,TRACKING,329.0,232.0,320.0,240.0,9.0,-8.0,0.05625,-0.05,0.006502080645326501,6.399999974426862e-10,0.005201664516261201,5.11999997954149e-10,0.0549495838709347,-0.050000000128,ALIGNED
SCN_004,172,5.7,TRACKING,329.0,232.0,320.0,240.0,9.0,-8.0,0.05625,-0.05,0.0013004161290652988,1.2799999948853724e-10,0.001040332903252239,1.023999995908298e-10,0.055989916774186944,-0.050000000025600004,ALIGNED
SCN_004,173,5.7333,TRACKING,329.0,233.0,320.0,240.0,9.0,-7.0,0.05625,-0.04375,0.000260083225813057,0.006250000025600007,0.0002080665806504456,0.005000000020480006,0.05619798335483739,-0.04500000000512,ALIGNED
SCN_004,174,5.7667,TRACKING,330.0,233.0,320.0,240.0,10.0,-7.0,0.0625,-0.04375,0.006302016645162611,0.0012500000051200028,0.0050416133161300895,0.0010000000040960022,0.061239596670967476,-0.044000000001024,ALIGNED
SCN_004,175,5.8,TRACKING,330.0,233.0,320.0,240.0,10.0,-7.0,0.0625,-0.04375,0.0012604033290325237,0.00025000000102400055,0.0010083226632260189,0.00020000000081920046,0.0622479193341935,-0.0438000000002048,ALIGNED
SCN_004,176,5.8333,TRACKING,330.0,233.0,320.0,240.0,10.0,-7.0,0.0625,-0.04375,0.00025208066580650196,5.0000000204802886e-05,0.00020166453264520157,4.000000016384231e-05,0.0624495838668387,-0.04376000000004096,ALIGNED
SCN_004,177,5.8667,TRACKING,330.0,233.0,320.0,240.0,10.0,-7.0,0.0625,-0.04375,5.0416133161299004e-05,1.0000000040963353e-05,4.0332906529039206e-05,8.000000032770683e-06,0.06248991677336774,-0.04375200000000819,ALIGNED
SCN_004,178,5.9,TRACKING,330.0,233.0,320.0,240.0,10.0,-7.0,0.0625,-0.04375,1.0083226632262576e-05,2.000000008189895e-06,8.066581305810061e-06,1.600000006551916e-06,0.06249798335467355,-0.04375040000000163,ALIGNED
SCN_004,179,5.9333,TRACKING,331.0,233.0,320.0,240.0,11.0,-7.0,0.06875,-0.04375,0.006252016645326458,4.0000000163520344e-07,0.005001613316261167,3.2000000130816277e-07,0.06749959667093472,-0.04375008000000032,ALIGNED
SCN_004,180,5.9667,TRACKING,331.0,233.0,320.0,240.0,11.0,-7.0,0.06875,-0.04375,0.001250403329065286,8.000000032565291e-08,0.0010003226632522288,6.400000026052232e-08,0.06849991933418695,-0.043750016000000065,ALIGNED
SCN_004,181,6.0,TRACKING,331.0,234.0,320.0,240.0,11.0,-6.0,0.06875,-0.037500000000000006,0.0002500806658130572,0.00625001600000006,0.0002000645326504458,0.005000012800000048,0.0686999838668374,-0.038750003200000015,ALIGNED
SCN_004,182,6.0333,TRACKING,331.0,234.0,320.0,240.0,11.0,-6.0,0.06875,-0.037500000000000006,5.001613316260589e-05,0.0012500032000000091,4.001290653008472e-05,0.0010000025600000074,0.06873999677336748,-0.03775000064000001,ALIGNED
SCN_004,183,6.0667,TRACKING,331.0,234.0,320.0,240.0,11.0,-6.0,0.06875,-0.037500000000000006,1.000322663252673e-05,0.0002500006400000046,8.002581306021384e-06,0.00020000051200000368,0.0687479993546735,-0.037550000128000006,ALIGNED
SCN_004,184,6.1,TRACKING,332.0,234.0,320.0,240.0,12.0,-6.0,0.075,-0.037500000000000006,0.006252000645326494,5.000012800000092e-05,0.005001600516261195,4.000010240000074e-05,0.0737495998709347,-0.0375100000256,ALIGNED
SCN_004,185,6.1333,TRACKING,332.0,234.0,320.0,240.0,12.0,-6.0,0.075,-0.037500000000000006,0.0012504001290652988,1.0000025599997409e-05,0.001000320103252239,8.000020479997928e-06,0.07474991997418694,-0.03750200000512,ALIGNED
SCN_004,186,6.1667,TRACKING,332.0,234.0,320.0,240.0,12.0,-6.0,0.075,-0.037500000000000006,0.00025008002581305977,2.000005119996706e-06,0.00020006402065044784,1.600004095997365e-06,0.07494998399483739,-0.037500400001024004,ALIGNED
SCN_004,187,6.2,TRACKING,332.0,235.0,320.0,240.0,12.0,-5.0,0.075,-0.03125,5.00160051626064e-05,0.0062504000010240035,4.0012804130085126e-05,0.005000320000819203,0.07498999679896748,-0.0325000800002048,ALIGNED
SCN_004,188,6.2333,TRACKING,332.0,235.0,320.0,240.0,12.0,-5.0,0.075,-0.03125,1.0003201032518505e-05,0.001250080000204802,8.002560826014805e-06,0.0010000640001638418,0.0749979993597935,-0.03150001600004096,ALIGNED
SCN_004,189,6.2667,TRACKING,332.0,235.0,320.0,240.0,12.0,-5.0,0.075,-0.03125,2.0006402065009254e-06,0.00025001600004095903,1.6005121652007404e-06,0.00020001280003276723,0.0749995998719587,-0.03130000320000819,ALIGNED
SCN_004,190,6.3,TRACKING,332.0,235.0,320.0,240.0,12.0,-5.0,0.075,-0.03125,4.0012804129740953e-07,5.000320000819042e-05,3.2010243303792765e-07,4.0002560006552335e-05,0.07499991997439173,-0.03126000064000164,ALIGNED
SCN_004,191,6.3333,TRACKING,332.0,236.0,320.0,240.0,12.0,-4.0,0.075,-0.025,8.002560826503302e-08,0.006260000640001637,6.402048661202643e-08,0.00500800051200131,0.07499998399487834,-0.02625200012800033,ALIGNED
SCN_004,192,6.3667,TRACKING,333.0,236.0,320.0,240.0,13.0,-4.0,0.08125,-0.025,0.006250016005121664,0.0012520001280003287,0.005000012804097332,0.001001600102400263,0.07999999679897567,-0.025250400025600066,ALIGNED
SCN_004,193,6.4,TRACKING,333.0,236.0,320.0,240.0,13.0,-4.0,0.08125,-0.025,0.0012500032010243356,0.00025040002560006505,0.0010000025608194686,0.00020032002048005204,0.08099999935979514,-0.025050080005120014,ALIGNED
SCN_004,194,6.4333,TRACKING,333.0,236.0,320.0,240.0,13.0,-4.0,0.08125,-0.025,0.00025000064020486157,5.008000512001301e-05,0.00020000051216388927,4.006400409601041e-05,0.08119999987195903,-0.025010016001024003,ALIGNED
SCN_004,195,6.4667,TRACKING,333.0,237.0,320.0,240.0,13.0,-3.0,0.08125,-0.018750000000000003,5.000012804097509e-05,0.0062600160010240005,4.0000102432780075e-05,0.005008012800819201,0.08123999997439181,-0.0200020032002048,ALIGNED
SCN_004,196,6.5,TRACKING,333.0,237.0,320.0,240.0,13.0,-3.0,0.08125,-0.018750000000000003,1.0000025608192242e-05,0.0012520032002047987,8.000020486553795e-06,0.001001602560163839,0.08124799999487836,-0.019000400640040962,ALIGNED
SCN_004,197,6.5333,TRACKING,333.0,237.0,320.0,240.0,13.0,-3.0,0.08125,-0.018750000000000003,2.000005121641224e-06,0.00025040064004095905,1.6000040973129794e-06,0.00020032051203276724,0.08124959999897567,-0.018800080128008195,ALIGNED
SCN_004,198,6.5667,TRACKING,333.0,238.0,320.0,240.0,13.0,-2.0,0.08125,-0.0125,4.0000102433102036e-07,0.006300080128008194,3.2000081946481633e-07,0.005040064102406556,0.08124991999979514,-0.013760016025601639,ALIGNED
SCN_004,199,6.6,TRACKING,333.0,238.0,320.0,240.0,13.0,-2.0,0.08125,-0.0125,8.000020486342851e-08,0.001260016025601638,6.400016389074281e-08,0.0010080128204813105,0.08124998399995903,-0.012752003205120328,ALIGNED
SCN_004,200,6.6333,TRACKING,333.0,238.0,320.0,240.0,13.0,-2.0,0.08125,-0.0125,1.6000040972685703e-08,0.0002520032051203276,1.2800032778148563e-08,0.0002016025640962621,0.08124999679999181,-0.012550400641024067,ALIGNED
SCN_004,201,6.6667,TRACKING,333.0,239.0,320.0,240.0,13.0,-1.0,0.08125,-0.00625,3.2000081889860255e-09,0.0063004006410240666,2.5600065511888205e-09,0.005040320512819253,0.08124999935999837,-0.007510080128204814,ALIGNED
SCN_004,202,6.7,TRACKING,333.0,239.0,320.0,240.0,13.0,-1.0,0.08125,-0.00625,6.400016350216475e-10,0.0012600801282048133,5.12001308017318e-10,0.0010080641025638508,0.08124999987199967,-0.006502016025640963,ALIGNED
SCN_004,203,6.7333,TRACKING,333.0,240.0,320.0,240.0,13.0,0.0,0.08125,0.0,1.2800033255544463e-10,0.006502016025640963,1.0240026604435571e-10,0.00520161282051277,0.08124999997439994,-0.0013004032051281925,ALIGNED
SCN_004,204,6.7667,TRACKING,333.0,240.0,320.0,240.0,13.0,0.0,0.08125,0.0,2.5600063735531364e-11,0.0013004032051281925,2.0480050988425094e-11,0.0010403225641025542,0.08124999999487999,-0.0002600806410256384,ALIGNED
SCN_004,205,6.8,TRACKING,333.0,240.0,320.0,240.0,13.0,0.0,0.08125,0.0,5.1200155226638344e-12,0.0002600806410256384,4.096012418131067e-12,0.0002080645128205107,0.081249999998976,-5.2016128205127664e-05,ALIGNED
SCN_004,206,6.8333,TRACKING,333.0,241.0,320.0,240.0,13.0,1.0,0.08125,0.00625,1.0240003289752053e-12,0.006302016128205128,8.192002631801643e-13,0.0050416129025641025,0.08124999999979521,0.004989596774358975,ALIGNED
SCN_004,207,6.8667,TRACKING,333.0,241.0,320.0,240.0,13.0,1.0,0.08125,0.00625,2.0479451467991794e-13,0.0012604032256410252,1.6383561174393436e-13,0.0010083225805128202,0.08124999999995905,0.005997919354871795,ALIGNED
SCN_004,208,6.9,TRACKING,333.0,242.0,320.0,240.0,13.0,2.0,0.08125,0.0125,4.095335182086046e-14,0.0065020806451282056,3.276268145668837e-14,0.005201664516102565,0.08124999999999181,0.011199583870974361,ALIGNED
SCN_004,209,6.9333,TRACKING,333.0,242.0,320.0,240.0,13.0,2.0,0.08125,0.0125,8.18789480661053e-15,0.0013004161290256396,6.5503158452884236e-15,0.0010403329032205118,0.08124999999999837,0.012239916774194873,ALIGNED
SCN_004,210,6.9667,TRACKING,333.0,242.0,320.0,240.0,13.0,2.0,0.08125,0.0125,1.6375789613221059e-15,0.00026008322580512756,1.3100631690576848e-15,0.00020806658064410205,0.08124999999999967,0.012447983354838975,ALIGNED
SCN_004,211,7.0,TRACKING,333.0,243.0,320.0,240.0,13.0,3.0,0.08125,0.018750000000000003,3.3306690738754696e-16,0.006302016645161028,2.664535259100376e-16,0.005041613316128822,0.08124999999999993,0.0174895966709678,ALIGNED
SCN_004,212,7.0333,TRACKING,333.0,243.0,320.0,240.0,13.0,3.0,0.08125,0.018750000000000003,6.938893903907228e-17,0.0012604033290322045,5.551115123125783e-17,0.0010083226632257637,0.08124999999999999,0.018497919334193563,ALIGNED
SCN_004,213,7.0667,TRACKING,333.0,244.0,320.0,240.0,13.0,4.0,0.08125,0.025,1.3877787807814457e-17,0.006502080665806438,1.1102230246251566e-17,0.005201664532645151,0.08125,0.023699583866838715,ALIGNED
SCN_004,214,7.1,TRACKING,333.0,244.0,320.0,240.0,13.0,4.0,0.08125,0.025,0.0,0.0013004161331612862,0.0,0.001040332906529029,0.08125,0.024739916773367746,ALIGNED
SCN_004,215,7.1333,TRACKING,333.0,244.0,320.0,240.0,13.0,4.0,0.08125,0.025,0.0,0.00026008322663225586,0.0,0.0002080665813058047,0.08125,0.02494798335467355,ALIGNED
SCN_004,216,7.1667,TRACKING,332.0,245.0,320.0,240.0,12.0,5.0,0.075,0.03125,-0.0062500000000000056,0.006302016645326449,-0.0050000000000000044,0.00504161331626116,0.07625,0.02998959667093471,ALIGNED
SCN_004,217,7.2,TRACKING,332.0,245.0,320.0,240.0,12.0,5.0,0.075,0.03125,-0.0012500000000000011,0.0012604033290652891,-0.0010000000000000009,0.0010083226632522314,0.07525,0.03099791933418694,ALIGNED
SCN_004,218,7.2333,TRACKING,332.0,245.0,320.0,240.0,12.0,5.0,0.075,0.03125,-0.0002500000000000002,0.0002520806658130592,-0.0002000000000000002,0.00020166453265044738,0.07504999999999999,0.03119958386683739,ALIGNED
SCN_004,219,7.2667,TRACKING,332.0,246.0,320.0,240.0,12.0,6.0,0.075,0.037500000000000006,-4.999999999999449e-05,0.006300416133162616,-3.99999999999956e-05,0.005040332906530093,0.07501,0.036239916773367485,ALIGNED
SCN_004,220,7.3,TRACKING,332.0,246.0,320.0,240.0,12.0,6.0,0.075,0.037500000000000006,-9.999999999996123e-06,0.0012600832266325204,-7.9999999999969e-06,0.0010080665813060163,0.075002,0.037247983354673504,ALIGNED
SCN_004,221,7.3333,TRACKING,332.0,246.0,320.0,240.0,12.0,6.0,0.075,0.037500000000000006,-2.000000000002e-06,0.0002520166453265013,-1.6000000000016002e-06,0.00020161331626120105,0.0750004,0.037449596670934705,ALIGNED
SCN_004,222,7.3667,TRACKING,331.0,247.0,320.0,240.0,11.0,7.0,0.06875,0.04375,-0.006250399999999989,0.006300403329065292,-0.005000319999999992,0.005040322663252234,0.07000008,0.04248991933418694,ALIGNED
SCN_004,223,7.4,TRACKING,331.0,247.0,320.0,240.0,11.0,7.0,0.06875,0.04375,-0.0012500800000000006,0.0012600806658130542,-0.0010000640000000006,0.0010080645326504434,0.06900001600000001,0.043497983866837384,ALIGNED
SCN_004,224,7.4333,TRACKING,331.0,247.0,320.0,240.0,11.0,7.0,0.06875,0.04375,-0.0002500160000000057,0.0002520161331626136,-0.00020001280000000456,0.0002016129065300909,0.0688000032,0.043699596773367475,ALIGNED
SCN_004,225,7.4667,TRACKING,331.0,247.0,320.0,240.0,11.0,7.0,0.06875,0.04375,-5.0003199999995585e-05,5.0403226632522724e-05,-4.000255999999647e-05,4.0322581306018185e-05,0.06876000064,0.043739919354673494,ALIGNED
SCN_004,226,7.5,TRACKING,331.0,248.0,320.0,240.0,11.0,8.0,0.06875,0.05,-1.0000639999993566e-05,0.006260080645326509,-8.000511999994854e-06,0.005008064516261207,0.06875200012800001,0.0487479838709347,ALIGNED
SCN_004,227,7.5333,TRACKING,330.0,248.0,320.0,240.0,10.0,8.0,0.0625,0.05,-0.006252000128000007,0.0012520161290653017,-0.005001600102400006,0.0010016129032522415,0.06375040002560001,0.049749596774186944,ALIGNED
SCN_004,228,7.5667,TRACKING,330.0,248.0,320.0,240.0,10.0,8.0,0.0625,0.05,-0.001250400025600007,0.00025040322581305896,-0.0010003200204800056,0.00020032258065044717,0.06275008000512,0.04994991935483739,ALIGNED
SCN_004,229,7.6,TRACKING,330.0,249.0,320.0,240.0,10.0,9.0,0.0625,0.056249999999999994,-0.0002500800051200014,0.0063000806451626035,-0.0002000640040960011,0.0050400645161300835,0.062550016001024,0.05498998387096747,ALIGNED
SCN_004,230,7.6333,TRACKING,330.0,249.0,320.0,240.0,10.0,9.0,0.0625,0.056249999999999994,-5.001600102400028e-05,0.0012600161290325235,-4.001280081920023e-05,0.001008012903226019,0.0625100032002048,0.05599799677419349,ALIGNED
SCN_004,231,7.6667,TRACKING,329.0,249.0,320.0,240.0,9.0,9.0,0.05625,0.056249999999999994,-0.006260003200204804,0.0002520032258065061,-0.005008002560163843,0.00020160258064520488,0.05750200064004096,0.056199599354838696,ALIGNED
SCN_004,232,7.7,TRACKING,329.0,249.0,320.0,240.0,9.0,9.0,0.05625,0.056249999999999994,-0.0012520006400409608,5.040064516129844e-05,-0.0010016005120327687,4.032051612903875e-05,0.056500400128008194,0.056239919870967735,ALIGNED
SCN_004,233,7.7333,TRACKING,329.0,250.0,320.0,240.0,9.0,10.0,0.05625,0.0625,-0.00025040012800819217,0.006260080129032265,-0.00020032010240655376,0.005008064103225813,0.05630008002560164,0.06124798397419355,ALIGNED
SCN_004,234,7.7667,TRACKING,329.0,250.0,320.0,240.0,9.0,10.0,0.05625,0.0625,-5.008002560163982e-05,0.0012520160258064489,-4.006402048131186e-05,0.001001612820645159,0.05626001600512033,0.06224959679483871,ALIGNED
SCN_004,235,7.8,TRACKING,328.0,250.0,320.0,240.0,8.0,10.0,0.05,0.0625,-0.006260016005120328,0.000250403205161287,-0.005008012804096263,0.0002003225641290296,0.05125200320102407,0.062449919358967744,ALIGNED
SCN_004,236,7.8333,TRACKING,328.0,250.0,320.0,240.0,8.0,10.0,0.05,0.0625,-0.001252003201024067,5.008064103225601e-05,-0.0010016025608192535,4.006451282580481e-05,0.05025040064020481,0.062489983871793546,ALIGNED
SCN_004,237,7.8667,TRACKING,328.0,250.0,320.0,240.0,8.0,10.0,0.05,0.0625,-0.0002504006402048106,1.0016128206453978e-05,-0.0002003205121638485,8.012902565163182e-06,0.050050080128040964,0.06249799677435871,ALIGNED
SCN_004,238,7.9,TRACKING,327.0,250.0,320.0,240.0,7.0,10.0,0.04375,0.0625,-0.006300080128040966,2.0032256412907956e-06,-0.0050400641024327736,1.6025805130326367e-06,0.04501001602560819,0.06249959935487174,ALIGNED
SCN_004,239,7.9333,TRACKING,327.0,250.0,320.0,240.0,7.0,10.0,0.04375,0.0625,-0.0012600160256081919,4.006451282609347e-07,-0.0010080128204865535,3.2051610260874777e-07,0.04400200320512163,0.06249991987097435,ALIGNED
SCN_004,240,7.9667,TRACKING,327.0,251.0,320.0,240.0,7.0,11.0,0.04375,0.06874999999999999,-0.0002520032051216356,0.0062500801290256425,-0.0002016025640973085,0.005000064103220514,0.04380040064102433,0.06749998397419486,ALIGNED
SCN_004,241,8.0,TRACKING,326.0,251.0,320.0,240.0,6.0,11.0,0.0375,0.06874999999999999,-0.0063004006410243285,0.0012500160258051285,-0.005040320512819463,0.0010000128206441028,0.038760080128204866,0.06849999679483897,ALIGNED
SCN_004,242,8.0333,TRACKING,326.0,251.0,320.0,240.0,6.0,11.0,0.0375,0.06874999999999999,-0.001260080128204867,0.0002500032051610257,-0.0010080641025638937,0.00020000256412882058,0.037752016025640975,0.06869999935896778,ALIGNED
SCN_004,243,8.0667,TRACKING,326.0,251.0,320.0,240.0,6.0,11.0,0.0375,0.06874999999999999,-0.0002520160256409762,5.0000641032207915e-05,-0.00020161282051278098,4.000051282576633e-05,0.037550403205128195,0.06873999987179355,ALIGNED
SCN_004,244,8.1,TRACKING,326.0,251.0,320.0,240.0,6.0,11.0,0.0375,0.06874999999999999,-5.0403205128196626e-05,1.0000128206441583e-05,-4.0322564102557307e-05,8.000102565153266e-06,0.03751008064102564,0.06874799997435871,ALIGNED
SCN_004,245,8.1333,TRACKING,325.0,251.0,320.0,240.0,5.0,11.0,0.03125,0.06874999999999999,-0.0062600806410256365,2.0000256412827655e-06,-0.00500806451282051,1.6000205130262124e-06,0.03250201612820513,0.06874959999487174,ALIGNED
SCN_004,246,8.1667,TRACKING,325.0,251.0,320.0,240.0,5.0,11.0,0.03125,0.06874999999999999,-0.0012520161282051287,4.000051282565531e-07,-0.001001612902564103,3.200041026052425e-07,0.03150040322564102,0.06874991999897434,ALIGNED
SCN_004,247,8.2,TRACKING,324.0,251.0,320.0,240.0,4.0,11.0,0.025,0.06874999999999999,-0.006500403225641022,8.000102565131062e-08,-0.005200322580512818,6.400082052104849e-08,0.026300080645128204,0.06874998399979486,ALIGNED
SCN_004,248,8.2333,TRACKING,324.0,251.0,320.0,240.0,4.0,11.0,0.025,0.06874999999999999,-0.001300080645128203,1.600020513303768e-08,-0.0010400645161025624,1.2800164106430146e-08,0.02526001612902564,0.06874999679995897,ALIGNED
SCN_004,249,8.2667,TRACKING,324.0,251.0,320.0,240.0,4.0,11.0,0.025,0.06874999999999999,-0.0002600161290256392,3.2000410238319787e-09,-0.00020801290322051136,2.5600328190655833e-09,0.025052003225805128,0.06874999935999179,ALIGNED
SCN_004,250,8.3,TRACKING,323.0,251.0,320.0,240.0,3.0,11.0,0.01875,0.06874999999999999,-0.0063020032258051285,6.400081992152806e-10,-0.005041602580644103,5.120065593722246e-10,0.020010400645161026,0.06874999987199835,ALIGNED
SCN_004,251,8.3333,TRACKING,323.0,251.0,320.0,240.0,3.0,11.0,0.01875,0.06874999999999999,-0.001260400645161027,1.2800163706749856e-10,-0.0010083205161288218,1.0240130965399885e-10,0.019002080129032206,0.06874999997439966,ALIGNED
SCN_004,252,8.3667,TRACKING,323.0,250.0,320.0,240.0,3.0,10.0,0.01875,0.0625,-0.0002520801290322068,-0.006249999974399664,-0.00020166410322576545,-0.004999999979519732,0.01880041602580644,0.06374999999487993,ALIGNED
SCN_004,253,8.4,TRACKING,322.0,250.0,320.0,240.0,2.0,10.0,0.0125,0.0625,-0.00630041602580644,-0.00124999999487993,-0.005040332820645152,-0.000999999995903944,0.013760083205161288,0.06274999999897599,ALIGNED
SCN_004,254,8.4333,TRACKING,322.0,250.0,320.0,240.0,2.0,10.0,0.0125,0.0625,-0.0012600832051612876,-0.000249999998975986,-0.0010080665641290301,-0.00019999999918078883,0.012752016641032258,0.0625499999997952,ALIGNED
SCN_004,255,8.4667,TRACKING,322.0,250.0,320.0,240.0,2.0,10.0,0.0125,0.0625,-0.00025201664103225753,-4.999999979519998e-05,-0.00020161331282580604,-3.9999999836159986e-05,0.012550403328206452,0.06250999999995904,ALIGNED
SCN_004,256,8.5,TRACKING,321.0,250.0,320.0,240.0,1.0,10.0,0.00625,0.0625,-0.006300403328206451,-9.999999959042771e-06,-0.0050403226625651614,-7.999999967234217e-06,0.00751008066564129,0.06250199999999181,ALIGNED
SCN_004,257,8.5333,TRACKING,321.0,250.0,320.0,240.0,1.0,10.0,0.00625,0.0625,-0.0012600806656412897,-1.9999999918141054e-06,-0.0010080645325130319,-1.5999999934512843e-06,0.006502016133128258,0.06250039999999836,ALIGNED
SCN_004,258,8.5667,TRACKING,321.0,250.0,320.0,240.0,1.0,10.0,0.00625,0.0625,-0.0002520161331282574,-3.999999983600455e-07,-0.00020161290650260594,-3.1999999868803645e-07,0.006300403226625652,0.06250007999999967,ALIGNED
SCN_004,259,8.6,TRACKING,320.0,250.0,320.0,240.0,0.0,10.0,0.0,0.0625,-0.006300403226625652,-7.999999966645799e-08,-0.0050403225813005215,-6.399999973316639e-08,0.0012600806453251304,0.06250001599999994,ALIGNED
SCN_004,260,8.6333,TRACKING,320.0,250.0,320.0,240.0,0.0,10.0,0.0,0.0625,-0.0012600806453251304,-1.5999999936067155e-08,-0.0010080645162601042,-1.2799999948853724e-08,0.0002520161290650261,0.06250000319999999,ALIGNED
SCN_004,261,8.6667,TRACKING,320.0,250.0,320.0,240.0,0.0,10.0,0.0,0.0625,-0.0002520161290650261,-3.199999987213431e-09,-0.00020161290325202091,-2.559999989770745e-09,5.04032258130052e-05,0.06250000064,ALIGNED
SCN_004,262,8.7,TRACKING,319.0,250.0,320.0,240.0,-1.0,10.0,-0.00625,0.0625,-0.006300403225813006,-6.399999974426862e-10,-0.005040322580650405,-5.11999997954149e-10,-0.0049899193548374,0.062500000128,ALIGNED
SCN_004,263,8.7333,TRACKING,319.0,250.0,320.0,240.0,-1.0,10.0,-0.00625,0.0625,-0.0012600806451626007,-1.2799999948853724e-10,-0.0010080645161300807,-1.023999995908298e-10,-0.0059979838709674806,0.0625000000256,ALIGNED
SCN_004,264,8.7667,TRACKING,319.0,250.0,320.0,240.0,-1.0,10.0,-0.00625,0.0625,-0.0002520161290325198,-2.5599994346592325e-11,-0.00020161290322601584,-2.0479995477273863e-11,-0.0061995967741934966,0.06250000000512,ALIGNED
SCN_004,265,8.8,TRACKING,318.0,249.0,320.0,240.0,-2.0,9.0,-0.0125,0.056249999999999994,-0.006300403225806504,-0.006250000005120007,-0.005040322580645204,-0.005000000004096006,-0.011239919354838701,0.057500000001023996,ALIGNED
SCN_004,266,8.8333,TRACKING,318.0,249.0,320.0,240.0,-2.0,9.0,-0.0125,0.056249999999999994,-0.0012600806451612996,-0.0012500000010240014,-0.0010080645161290398,-0.0010000000008192013,-0.012247983870967741,0.056500000000204796,ALIGNED
SCN_004,267,8.8667,TRACKING,317.0,249.0,320.0,240.0,-3.0,9.0,-0.01875,0.056249999999999994,-0.006502016129032258,-0.0002500000002048017,-0.005201612903225807,-0.00020000000016384136,-0.017449596774193547,0.056300000000040956,ALIGNED
SCN_004,268,8.9,TRACKING,317.0,249.0,320.0,240.0,-3.0,9.0,-0.01875,0.056249999999999994,-0.001300403225806452,-5.000000004096172e-05,-0.0010403225806451617,-4.0000000032769384e-05,-0.018489919354838708,0.056260000000008185,ALIGNED
SCN_004,269,8.9333,TRACKING,317.0,249.0,320.0,240.0,-3.0,9.0,-0.01875,0.056249999999999994,-0.0002600806451612918,-1.0000000008190957e-05,-0.00020806451612903344,-8.000000006552765e-06,-0.01869798387096774,0.056252000000001634,ALIGNED
SCN_004,270,8.9667,TRACKING,316.0,249.0,320.0,240.0,-4.0,9.0,-0.025,0.056249999999999994,-0.006302016129032261,-2.000000001639579e-06,-0.005041612903225809,-1.6000000013116635e-06,-0.02373959677419355,0.056250400000000325,ALIGNED
SCN_004,271,9.0,TRACKING,316.0,249.0,320.0,240.0,-4.0,9.0,-0.025,0.056249999999999994,-0.0012604032258064501,-4.000000003306914e-07,-0.00100832258064516,-3.200000002645531e-07,-0.02474791935483871,0.05625008000000006,ALIGNED
SCN_004,272,9.0333,TRACKING,315.0,248.0,320.0,240.0,-5.0,8.0,-0.03125,0.05,-0.006502080645161289,-0.006250080000000061,-0.005201664516129032,-0.005000064000000049,-0.029949583870967744,0.051250016000000016,ALIGNED
SCN_004,273,9.0667,TRACKING,315.0,248.0,320.0,240.0,-5.0,8.0,-0.03125,0.05,-0.0013004161290322558,-0.0012500160000000135,-0.0010403329032258046,-0.0010000128000000109,-0.03098991677419355,0.050250003200000004,ALIGNED
SCN_004,274,9.1,TRACKING,315.0,248.0,320.0,240.0,-5.0,8.0,-0.03125,0.05,-0.00026008322580645116,-0.0002500032000000013,-0.00020806658064516094,-0.00020000256000000106,-0.03119798335483871,0.05005000064,ALIGNED
SCN_004,275,9.1333,TRACKING,314.0,248.0,320.0,240.0,-6.0,8.0,-0.0375,0.05,-0.0063020166451612895,-5.0000639999998875e-05,-0.005041613316129032,-4.00005119999991e-05,-0.03623959667096774,0.050010000128000005,ALIGNED
SCN_004,276,9.1667,TRACKING,314.0,248.0,320.0,240.0,-6.0,8.0,-0.0375,0.05,-0.00126040332903226,-1.000012800000255e-05,-0.0010083226632258081,-8.000102400002041e-06,-0.037247919334193545,0.050002000025600006,ALIGNED
SCN_004,277,9.2,TRACKING,314.0,248.0,320.0,240.0,-6.0,8.0,-0.0375,0.05,-0.0002520806658064534,-2.0000256000032857e-06,-0.00020166453264516273,-1.6000204800026287e-06,-0.03744958386683871,0.05000040000512,ALIGNED
SCN_004,278,9.2333,TRACKING,314.0,247.0,320.0,240.0,-6.0,7.0,-0.0375,0.04375,-5.0416133161292065e-05,-0.006250400005120005,-4.0332906529033656e-05,-0.005000320004096004,-0.03748991677336774,0.045000080001024,ALIGNED
SCN_004,279,9.2667,TRACKING,313.0,247.0,320.0,240.0,-7.0,7.0,-0.04375,0.04375,-0.006260083226632254,-0.001250080001024001,-0.005008066581305804,-0.0010000640008192008,-0.042497983354673544,0.0440000160002048,ALIGNED
SCN_004,280,9.3,TRACKING,313.0,247.0,320.0,240.0,-7.0,7.0,-0.04375,0.04375,-0.0012520166453264536,-0.0002500160002048002,-0.001001613316261163,-0.00020001280016384017,-0.043499596670934705,0.04380000320004096,ALIGNED
SCN_004,281,9.3333,TRACKING,313.0,247.0,320.0,240.0,-7.0,7.0,-0.04375,0.04375,-0.0002504033290652921,-5.0003200040962814e-05,-0.0002003226632522337,-4.0002560032770254e-05,-0.04369991933418694,0.04376000064000819,ALIGNED
SCN_004,282,9.3667,TRACKING,313.0,246.0,320.0,240.0,-7.0,6.0,-0.04375,0.037500000000000006,-5.008066581305842e-05,-0.006260000640008187,-4.006453265044674e-05,-0.00500800051200655,-0.04373998386683738,0.038752000128001646,ALIGNED
SCN_004,283,9.4,TRACKING,312.0,246.0,320.0,240.0,-8.0,6.0,-0.05,0.037500000000000006,-0.00626001613316262,-0.0012520001280016402,-0.005008012906530097,-0.001001600102401312,-0.04874799677336748,0.03775040002560033,ALIGNED
SCN_004,284,9.4333,TRACKING,312.0,246.0,320.0,240.0,-8.0,6.0,-0.05,0.037500000000000006,-0.0012520032266325198,-0.00025040002560032526,-0.001001602581306016,-0.0002003200204802602,-0.0497495993546735,0.03755008000512007,ALIGNED
SCN_004,285,9.4667,TRACKING,312.0,246.0,320.0,240.0,-8.0,6.0,-0.05,0.037500000000000006,-0.00025040064532650536,-5.008000512006505e-05,-0.00020032051626120428,-4.0064004096052044e-05,-0.0499499198709347,0.03751001600102402,ALIGNED
SCN_004,286,9.5,TRACKING,312.0,246.0,320.0,240.0,-8.0,6.0,-0.05,0.037500000000000006,-5.008012906530107e-05,-1.0016001024015786e-05,-4.006410325224086e-05,-8.012800819212628e-06,-0.04998998397418694,0.03750200320020481,ALIGNED
SCN_004,287,9.5333,TRACKING,311.0,245.0,320.0,240.0,-9.0,5.0,-0.05625,0.03125,-0.00626001602581306,-0.00625200320020481,-0.005008012820650449,-0.005001602560163848,-0.05499799679483739,0.03250040064004096,ALIGNED
SCN_004,288,9.5667,TRACKING,311.0,245.0,320.0,240.0,-9.0,5.0,-0.05625,0.03125,-0.0012520032051626107,-0.0012504006400409634,-0.0010016025641300887,-0.0010003205120327709,-0.05599959935896748,0.031500080128008194,ALIGNED
SCN_004,289,9.6,TRACKING,311.0,245.0,320.0,240.0,-9.0,5.0,-0.05625,0.03125,-0.0002504006410325235,-0.00025008012800819407,-0.00020032051282601883,-0.00020006410240655526,-0.0561999198717935,0.03130001602560164,ALIGNED
SCN_004,290,9.6333,TRACKING,311.0,244.0,320.0,240.0,-9.0,4.0,-0.05625,0.025,-5.008012820650193e-05,-0.006300016025601637,-4.0064102565201545e-05,-0.0050400128204813105,-0.0562399839743587,0.026260003205120327,ALIGNED
SCN_004,291,9.6667,TRACKING,311.0,244.0,320.0,240.0,-9.0,4.0,-0.05625,0.025,-1.0016025641303161e-05,-0.001260003205120326,-8.012820513042529e-06,-0.0010080025640962608,-0.05624799679487174,0.025252000641024067,ALIGNED
SCN_004,292,9.7,TRACKING,311.0,244.0,320.0,240.0,-9.0,4.0,-0.05625,0.025,-2.00320512826202e-06,-0.0002520006410240659,-1.602564102609616e-06,-0.00020160051281925274,-0.05624959935897435,0.025050400128204815,ALIGNED
SCN_004,293,9.7333,TRACKING,311.0,244.0,320.0,240.0,-9.0,4.0,-0.05625,0.025,-4.006410256537918e-07,-5.0400128204813877e-05,-3.2051282052303344e-07,-4.03201025638511e-05,-0.05624991987179487,0.025010080025640966,ALIGNED
SCN_004,294,9.7667,TRACKING,310.0,243.0,320.0,240.0,-10.0,3.0,-0.0625,0.018750000000000003,-0.006250080128205132,-0.006260080025640963,-0.005000064102564106,-0.005008064020512771,-0.061249983974358976,0.020002016005128194,ALIGNED
SCN_004,295,9.8,TRACKING,310.0,243.0,320.0,240.0,-10.0,3.0,-0.0625,0.018750000000000003,-0.0012500160256410237,-0.0012520160051281912,-0.001000012820512819,-0.001001612804102553,-0.062249996794871795,0.01900040320102564,ALIGNED
SCN_004,296,9.8333,TRACKING,310.0,243.0,320.0,240.0,-10.0,3.0,-0.0625,0.018750000000000003,-0.00025000320512820473,-0.00025040320102563685,-0.0002000025641025638,-0.00020032256082050948,-0.062449999358974356,0.01880008064020513,ALIGNED
SCN_004,297,9.8667,TRACKING,310.0,242.0,320.0,240.0,-10.0,2.0,-0.0625,0.0125,-5.000064102564372e-05,-0.006300080640205128,-4.000051282051498e-05,-0.005040064512164103,-0.06248999987179487,0.013760016128041026,ALIGNED
SCN_004,298,9.9,TRACKING,310.0,242.0,320.0,240.0,-10.0,2.0,-0.0625,0.0125,-1.0000128205130132e-05,-0.001260016128041025,-8.000102564104106e-06,-0.00100801290243282,-0.062497999974358974,0.012752003225608205,ALIGNED
SCN_004,299,9.9333,TRACKING,310.0,242.0,320.0,240.0,-10.0,2.0,-0.0625,0.0125,-2.0000256410260264e-06,-0.00025200322560820464,-1.6000205128208213e-06,-0.0002016025804865637,-0.06249959999487179,0.012550400645121642,ALIGNED
SCN_004,300,9.9667,TRACKING,310.0,241.0,320.0,240.0,-10.0,1.0,-0.0625,0.00625,-4.0000512820798084e-07,-0.006300400645121641,-3.200041025663847e-07,-0.005040320516097313,-0.062499919998974356,0.007510080129024328,ALIGNED
SCN_004,301,10.0,TRACKING,310.0,241.0,320.0,240.0,-10.0,1.0,-0.0625,0.00625,-8.000102564437173e-08,-0.001260080129024328,-6.400082051549738e-08,-0.0010080641032194624,-0.062499983999794874,0.006502016025804866,ALIGNED
SCN_004,302,10.0333,TRACKING,310.0,241.0,320.0,240.0,-10.0,1.0,-0.0625,0.00625,-1.6000205126098788e-08,-0.00025201602580486593,-1.2800164100879031e-08,-0.00020161282064389276,-0.062499996799958976,0.006300403205160974,ALIGNED
SCN_004,303,10.0667,TRACKING,310.0,240.0,320.0,240.0,-10.0,0.0,-0.0625,0.0,-3.2000410238319787e-09,-0.006300403205160974,-2.5600328190655833e-09,-0.005040322564128779,-0.062499999359991794,0.0012600806410321946,ALIGNED
SCN_004,304,10.1,TRACKING,309.0,240.0,320.0,240.0,-11.0,0.0,-0.06875,0.0,-0.006250000640008212,-0.0012600806410321946,-0.00500000051200657,-0.0010080645128257557,-0.06749999987199837,0.0002520161282064388,ALIGNED
SCN_004,305,10.1333,TRACKING,309.0,240.0,320.0,240.0,-11.0,0.0,-0.06875,0.0,-0.0012500001280016382,-0.0002520161282064388,-0.0010000001024013105,-0.00020161290256515108,-0.06849999997439968,5.0403225641287744e-05,ALIGNED
SCN_004,306,10.1667,TRACKING,309.0,239.0,320.0,240.0,-11.0,-1.0,-0.06875,-0.00625,-0.00025000002560032764,-0.006300403225641288,-0.0002000000204802621,-0.005040322580513031,-0.06869999999487994,-0.004989919354871743,ALIGNED
SCN_004,307,10.2,TRACKING,309.0,239.0,320.0,240.0,-11.0,-1.0,-0.06875,-0.00625,-5.000000512006553e-05,-0.0012600806451282575,-4.0000004096052426e-05,-0.001008064516102606,-0.068739999998976,-0.005997983870974349,ALIGNED
SCN_004,308,10.2333,TRACKING,309.0,238.0,320.0,240.0,-11.0,-2.0,-0.06875,-0.0125,-1.000000102401033e-05,-0.0065020161290256515,-8.000000819208264e-06,-0.005201612903220521,-0.06874799999979521,-0.01119959677419487,ALIGNED
SCN_004,309,10.2667,TRACKING,309.0,238.0,320.0,240.0,-11.0,-2.0,-0.06875,-0.0125,-2.000000204796515e-06,-0.0013004032258051301,-1.600000163837212e-06,-0.0010403225806441042,-0.06874959999995904,-0.012239919354838974,ALIGNED
SCN_004,310,10.3,TRACKING,309.0,238.0,320.0,240.0,-11.0,-2.0,-0.06875,-0.0125,-4.000000409648541e-07,-0.00026008064516102637,-3.200000327718833e-07,-0.0002080645161288211,-0.06874991999999182,-0.012447983870967795,ALIGNED
SCN_004,311,10.3333,TRACKING,309.0,237.0,320.0,240.0,-11.0,-3.0,-0.06875,-0.018750000000000003,-8.00000081874197e-08,-0.006302016129032207,-6.400000654993577e-08,-0.005041612903225766,-0.06874998399999836,-0.01748959677419356,ALIGNED
SCN_004,312,10.3667,TRACKING,309.0,237.0,320.0,240.0,-11.0,-3.0,-0.06875,-0.018750000000000003,-1.6000001643035056e-08,-0.0012604032258064432,-1.2800001314428046e-08,-0.0010083225806451547,-0.06874999679999967,-0.018497919354838716,ALIGNED
SCN_004,313,10.4,TRACKING,309.0,236.0,320.0,240.0,-11.0,-4.0,-0.06875,-0.025,-3.2000003341581262e-09,-0.006502080645161286,-2.560000267326501e-09,-0.005201664516129029,-0.06874999935999994,-0.023699583870967746,ALIGNED
SCN_004,314,10.4333,TRACKING,309.0,236.0,320.0,240.0,-11.0,-4.0,-0.06875,-0.025,-6.400000668316252e-10,-0.0013004161290322558,-5.120000534653002e-10,-0.0010403329032258046,-0.06874999987199999,-0.02473991677419355,ALIGNED
SCN_004,315,10.4667,TRACKING,309.0,236.0,320.0,240.0,-11.0,-4.0,-0.06875,-0.025,-1.2800001336632505e-10,-0.00026008322580645116,-1.0240001069306004e-10,-0.00020806658064516094,-0.0687499999744,-0.02494798335483871,ALIGNED
SCN_004,316,10.5,TRACKING,310.0,235.0,320.0,240.0,-10.0,-5.0,-0.0625,-0.03125,0.006249999974399997,-0.0063020166451612895,0.004999999979519998,-0.005041613316129032,-0.06374999999488,-0.029989596670967743,ALIGNED
SCN_004,317,10.5333,TRACKING,310.0,235.0,320.0,240.0,-10.0,-5.0,-0.0625,-0.03125,0.0012499999948799995,-0.0012604033290322565,0.0009999999959039996,-0.0010083226632258053,-0.062749999998976,-0.03099791933419355,ALIGNED
SCN_004,318,10.5667,TRACKING,310.0,235.0,320.0,240.0,-10.0,-5.0,-0.0625,-0.03125,0.0002499999989759999,-0.0002520806658064499,0.00019999999918079991,-0.00020166453264515994,-0.0625499999997952,-0.03119958386683871,ALIGNED
SCN_004,319,10.6,TRACKING,310.0,235.0,320.0,240.0,-10.0,-5.0,-0.0625,-0.03125,4.999999979519998e-05,-5.0416133161288595e-05,3.9999999836159986e-05,-4.033290652903088e-05,-0.06250999999995904,-0.03123991677336774,ALIGNED
SCN_004,320,10.6333,TRACKING,310.0,234.0,320.0,240.0,-10.0,-6.0,-0.0625,-0.037500000000000006,9.999999959042771e-06,-0.006260083226632265,7.999999967234217e-06,-0.005008066581305812,-0.06250199999999181,-0.03624798335467355,ALIGNED
SCN_004,321,10.6667,TRACKING,311.0,234.0,320.0,240.0,-9.0,-6.0,-0.05625,-0.037500000000000006,0.006251999999991813,-0.0012520166453264536,0.005001599999993451,-0.001001613316261163,-0.05750039999999836,-0.03724959667093471,ALIGNED
SCN_004,322,10.7,TRACKING,311.0,234.0,320.0,240.0,-9.0,-6.0,-0.05625,-0.037500000000000006,0.0012503999999983612,-0.0002504033290652921,0.001000319999998689,-0.0002003226632522337,-0.056500079999999675,-0.03744991933418695,ALIGNED
SCN_004,323,10.7333,TRACKING,311.0,233.0,320.0,240.0,-9.0,-7.0,-0.05625,-0.04375,0.0002500799999996736,-0.00630008066581305,0.0002000639999997389,-0.005040064532650441,-0.05630001599999994,-0.04248998386683739,ALIGNED
SCN_004,324,10.7667,TRACKING,311.0,233.0,320.0,240.0,-9.0,-7.0,-0.05625,-0.04375,5.00159999999375e-05,-0.0012600161331626086,4.001279999995e-05,-0.0010080129065300869,-0.05626000319999999,-0.04349799677336748,ALIGNED
SCN_004,325,10.8,TRACKING,312.0,233.0,320.0,240.0,-8.0,-7.0,-0.05,-0.04375,0.006260003199999989,-0.00025200322663251895,0.005008002559999992,-0.00020160258130601518,-0.05125200064,-0.04369959935467349,ALIGNED
SCN_004,326,10.8333,TRACKING,312.0,233.0,320.0,240.0,-8.0,-7.0,-0.05,-0.04375,0.0012520006400000006,-5.0400645326506566e-05,0.0010016005120000004,-4.0320516261205254e-05,-0.050250400128,-0.043739919870934695,ALIGNED
SCN_004,327,10.8667,TRACKING,312.0,232.0,320.0,240.0,-8.0,-8.0,-0.05,-0.05,0.00025040012799999734,-0.006260080129065308,0.00020032010239999788,-0.005008064103252247,-0.050050080025600005,-0.04874798397418694,ALIGNED
SCN_004,328,10.9,TRACKING,313.0,232.0,320.0,240.0,-7.0,-8.0,-0.04375,-0.05,0.006300080025600008,-0.0012520160258130617,0.005040064020480007,-0.0010016128206504493,-0.04501001600512,-0.04974959679483739,ALIGNED
SCN_004,329,10.9333,TRACKING,313.0,232.0,320.0,240.0,-7.0,-8.0,-0.04375,-0.05,0.0012600160051200043,-0.00025040320516261233,0.0010080128040960035,-0.00020032256413008987,-0.044002003201024,-0.04994991935896748,ALIGNED
SCN_004,330,10.9667,TRACKING,313.0,232.0,320.0,240.0,-7.0,-8.0,-0.04375,-0.05,0.00025200320102400364,-5.008064103251969e-05,0.00020160256081920292,-4.006451282601576e-05,-0.043800400640204795,-0.0499899838717935,ALIGNED
SCN_004,331,11.0,TRACKING,314.0,232.0,320.0,240.0,-6.0,-8.0,-0.0375,-0.05,0.0063004006402047966,-1.001612820650255e-05,0.005040320512163837,-8.012902565202041e-06,-0.038760080128040955,-0.049997996774358705,ALIGNED
SCN_004,332,11.0333,TRACKING,314.0,232.0,320.0,240.0,-6.0,-8.0,-0.0375,-0.05,0.0012600801280409565,-2.0032256412977345e-06,0.0010080641024327653,-1.6025805130381877e-06,-0.03775201602560819,-0.04999959935487174,ALIGNED
SCN_004,333,11.0667,TRACKING,315.0,232.0,320.0,240.0,-5.0,-8.0,-0.03125,-0.05,0.0065020160256081885,-4.006451282609347e-07,0.0052016128204865515,-3.2051610260874777e-07,-0.032550403205121634,-0.04999991987097435,ALIGNED
SCN_004,334,11.1,TRACKING,315.0,231.0,320.0,240.0,-5.0,-9.0,-0.03125,-0.056249999999999994,0.0013004032051216335,-0.0062500801290256425,0.0010403225640973068,-0.005000064103220514,-0.03151008064102433,-0.054999983974194866,ALIGNED
SCN_004,335,11.1333,TRACKING,315.0,231.0,320.0,240.0,-5.0,-9.0,-0.03125,-0.056249999999999994,0.0002600806410243267,-0.0012500160258051285,0.00020806451281946137,-0.0010000128206441028,-0.031302016128204865,-0.05599999679483897,ALIGNED
SCN_004,336,11.1667,TRACKING,316.0,231.0,320.0,240.0,-4.0,-9.0,-0.025,-0.056249999999999994,0.006302016128204864,-0.0002500032051610257,0.005041612902563892,-0.00020000256412882058,-0.026260403225640973,-0.05619999935896779,ALIGNED
SCN_004,337,11.2,TRACKING,316.0,231.0,320.0,240.0,-4.0,-9.0,-0.025,-0.056249999999999994,0.0012604032256409714,-5.0000641032207915e-05,0.0010083225805127773,-4.000051282576633e-05,-0.025252080645128197,-0.05623999987179355,ALIGNED
SCN_004,338,11.2333,TRACKING,316.0,231.0,320.0,240.0,-4.0,-9.0,-0.025,-0.056249999999999994,0.00025208064512819567,-1.0000128206441583e-05,0.00020166451610255655,-8.000102565153266e-06,-0.02505041612902564,-0.056247999974358705,ALIGNED
SCN_004,339,11.2667,TRACKING,317.0,231.0,320.0,240.0,-3.0,-9.0,-0.01875,-0.056249999999999994,0.0063004161290256405,-2.0000256412897044e-06,0.005040332903220513,-1.6000205130317636e-06,-0.020010083225805126,-0.05624959999487174,ALIGNED
SCN_004,340,11.3,TRACKING,317.0,231.0,320.0,240.0,-3.0,-9.0,-0.01875,-0.056249999999999994,0.0012600832258051267,-4.000051282565531e-07,0.0010080665806441013,-3.200041026052425e-07,-0.019002016645161025,-0.05624991999897434,ALIGNED
SCN_004,341,11.3333,TRACKING,318.0,231.0,320.0,240.0,-2.0,-9.0,-0.0125,-0.056249999999999994,0.006502016645161025,-8.000102565131062e-08,0.00520161331612882,-6.400082052104849e-08,-0.013800403329032205,-0.05624998399979486,ALIGNED
SCN_004,342,11.3667,TRACKING,318.0,231.0,320.0,240.0,-2.0,-9.0,-0.0125,-0.056249999999999994,0.0013004033290322046,-1.600020513303768e-08,0.0010403226632257638,-1.2800164106430146e-08,-0.012760080665806441,-0.05624999679995897,ALIGNED
SCN_004,343,11.4,TRACKING,318.0,231.0,320.0,240.0,-2.0,-9.0,-0.0125,-0.056249999999999994,0.00026008066580644057,-3.2000410238319787e-09,0.00020806453264515248,-2.5600328190655833e-09,-0.012552016133161288,-0.05624999935999179,ALIGNED
SCN_004,344,11.4333,TRACKING,319.0,231.0,320.0,240.0,-1.0,-9.0,-0.00625,-0.056249999999999994,0.006302016133161288,-6.400082061541745e-10,0.005041612906529031,-5.120065649233397e-10,-0.007510403226632258,-0.05624999987199835,ALIGNED
SCN_004,345,11.4667,TRACKING,319.0,231.0,320.0,240.0,-1.0,-9.0,-0.00625,-0.056249999999999994,0.0012604032266322574,-1.2800164400639247e-10,0.001008322581305806,-1.0240131520511398e-10,-0.0065020806453264515,-0.05624999997439967,ALIGNED
SCN_004,346,11.5,TRACKING,319.0,231.0,320.0,240.0,-1.0,-9.0,-0.00625,-0.056249999999999994,0.00025208064532645114,-2.5600327413499713e-11,0.00020166451626116094,-2.0480261930799772e-11,-0.00630041612906529,-0.05624999999487993,ALIGNED
SCN_004,347,11.5333,TRACKING,320.0,231.0,320.0,240.0,0.0,-9.0,0.0,-0.056249999999999994,0.00630041612906529,-5.120064094921162e-12,0.005040332903252232,-4.09605127593693e-12,-0.0012600832258130579,-0.05624999999897598,ALIGNED
SCN_004,348,11.5667,TRACKING,320.0,231.0,320.0,240.0,0.0,-9.0,0.0,-0.056249999999999994,0.0012600832258130579,-1.0240142067630131e-12,0.0010080665806504463,-8.192113654104105e-13,-0.0002520166451626116,-0.05624999999979519,ALIGNED
SCN_004,349,11.6,TRACKING,320.0,231.0,320.0,240.0,0.0,-9.0,0.0,-0.056249999999999994,0.0002520166451626116,-2.0480145357382185e-13,0.00020161331613008926,-1.6384116285905748e-13,-5.040332903252231e-05,-0.056249999999959034,ALIGNED
SCN_004,350,11.6333,TRACKING,321.0,231.0,320.0,240.0,1.0,-9.0,0.00625,-0.056249999999999994,0.006300403329032523,-4.096029071476437e-14,0.005040322663226019,-3.27682325718115e-14,0.0049899193341934964,-0.0562499999999918,ALIGNED
SCN_004,351,11.6667,TRACKING,321.0,232.0,320.0,240.0,1.0,-8.0,0.00625,-0.05,0.001260080665806504,0.006249999999991797,0.0010080645326452033,0.004999999999993438,0.0059979838668387,-0.05124999999999836,ALIGNED
SCN_004,352,11.7,TRACKING,322.0,232.0,320.0,240.0,2.0,-8.0,0.0125,-0.05,0.006502016133161301,0.0012499999999983566,0.005201612906529041,0.0009999999999986853,0.01119959677336774,-0.05024999999999968,ALIGNED
SCN_004,353,11.7333,TRACKING,322.0,232.0,320.0,240.0,2.0,-8.0,0.0125,-0.05,0.0013004032266322602,0.0002499999999996741,0.0010403225813058082,0.00019999999999973929,0.01223991935467355,-0.050049999999999935,ALIGNED
SCN_004,354,11.7667,TRACKING,322.0,232.0,320.0,240.0,2.0,-8.0,0.0125,-0.05,0.00026008064532645134,4.999999999993204e-05,0.0002080645162611611,3.999999999994564e-05,0.01244798387093471,-0.05000999999999999,ALIGNED
SCN_004,355,11.8,TRACKING,323.0,232.0,320.0,240.0,3.0,-8.0,0.01875,-0.05,0.0063020161290652885,9.999999999989184e-06,0.005041612903252231,7.999999999991348e-06,0.01748959677418694,-0.050002,ALIGNED
SCN_004,356,11.8333,TRACKING,323.0,233.0,320.0,240.0,3.0,-7.0,0.01875,-0.04375,0.0012604032258130594,0.006252000000000001,0.0010083225806504475,0.005001600000000001,0.018497919354837387,-0.045000399999999996,ALIGNED
SCN_004,357,11.8667,TRACKING,323.0,233.0,320.0,240.0,3.0,-7.0,0.01875,-0.04375,0.0002520806451626126,0.0012503999999999987,0.00020166451613009008,0.001000319999999999,0.018699583870967477,-0.04400008,ALIGNED
SCN_004,358,11.9,TRACKING,324.0,233.0,320.0,240.0,4.0,-7.0,0.025,-0.04375,0.006300416129032524,0.00025007999999999975,0.00504033290322602,0.0002000639999999998,0.023739916774193497,-0.043800016,ALIGNED
SCN_004,359,11.9333,TRACKING,324.0,233.0,320.0,240.0,4.0,-7.0,0.025,-0.04375,0.001260083225806504,5.001599999999995e-05,0.0010080665806452033,4.0012799999999964e-05,0.0247479833548387,-0.043760003199999994,ALIGNED
SCN_004,360,11.9667,TRACKING,324.0,233.0,320.0,240.0,4.0,-7.0,0.025,-0.04375,0.0002520166451613001,1.0003199999997214e-05,0.0002016133161290401,8.002559999997771e-06,0.02494959667096774,-0.04375200064,ALIGNED
SCN_004,361,12.0,TRACKING,325.0,234.0,320.0,240.0,5.0,-6.0,0.03125,-0.037500000000000006,0.006300403329032259,0.006252000639999991,0.0050403226632258075,0.005001600511999993,0.029989919334193548,-0.038750400128000004,ALIGNED
SCN_004,362,12.0333,TRACKING,325.0,234.0,320.0,240.0,5.0,-6.0,0.03125,-0.037500000000000006,0.0012600806658064519,0.0012504001279999982,0.0010080645326451616,0.0010003201023999987,0.030997983866838708,-0.03775008002560001,ALIGNED
SCN_004,363,12.0667,TRACKING,325.0,234.0,320.0,240.0,5.0,-6.0,0.03125,-0.037500000000000006,0.00025201613316129176,0.00025008002560000103,0.00020161290652903342,0.00020006402048000085,0.03119959677336774,-0.03755001600512001,ALIGNED
SCN_004,364,12.1,TRACKING,326.0,234.0,320.0,240.0,6.0,-6.0,0.0375,-0.037500000000000006,0.006300403226632258,5.0016005120001594e-05,0.005040322581305806,4.001280409600128e-05,0.03623991935467355,-0.037510003201024,ALIGNED
SCN_004,365,12.1333,TRACKING,326.0,234.0,320.0,240.0,6.0,-6.0,0.0375,-0.037500000000000006,0.0012600806453264488,1.0003201023997543e-05,0.001008064516261159,8.002560819198034e-06,0.03724798387093471,-0.037502000640204806,ALIGNED
SCN_004,366,12.1667,TRACKING,326.0,235.0,320.0,240.0,6.0,-5.0,0.0375,-0.03125,0.000252016129065287,0.0062520006402048064,0.0002016129032522296,0.005001600512163845,0.03744959677418694,-0.03250040012804096,ALIGNED
SCN_004,367,12.2,TRACKING,327.0,235.0,320.0,240.0,7.0,-5.0,0.04375,-0.03125,0.006300403225813059,0.0012504001280409585,0.005040322580650448,0.0010003201024327668,0.04248991935483738,-0.03150008002560819,ALIGNED
SCN_004,368,12.2333,TRACKING,327.0,235.0,320.0,240.0,7.0,-5.0,0.04375,-0.03125,0.0012600806451626145,0.00025008002560818893,0.0010080645161300917,0.00020006402048655116,0.043497983870967476,-0.03130001600512164,ALIGNED
SCN_004,369,12.2667,TRACKING,327.0,235.0,320.0,240.0,7.0,-5.0,0.04375,-0.03125,0.0002520161290325215,5.001600512163917e-05,0.00020161290322601722,4.001280409731134e-05,0.043699596774193494,-0.03126000320102433,ALIGNED
SCN_004,370,12.3,TRACKING,328.0,235.0,320.0,240.0,8.0,-5.0,0.05,-0.03125,0.0063004032258065085,1.000320102433061e-05,0.005040322580645207,8.002560819464489e-06,0.0487399193548387,-0.03125200064020486,ALIGNED
SCN_004,371,12.3333,TRACKING,328.0,236.0,320.0,240.0,8.0,-4.0,0.05,-0.025,0.001260080645161303,0.006252000640204862,0.0010080645161290424,0.00500160051216389,0.049747983870967745,-0.026250400128040974,ALIGNED
SCN_004,372,12.3667,TRACKING,328.0,236.0,320.0,240.0,8.0,-4.0,0.05,-0.025,0.00025201612903225784,0.0012504001280409724,0.0002016129032258063,0.001000320102432778,0.04994959677419355,-0.025250080025608197,ALIGNED
SCN_004,373,12.4,TRACKING,329.0,236.0,320.0,240.0,9.0,-4.0,0.05625,-0.025,0.006300403225806453,0.00025008002560819587,0.005040322580645163,0.0002000640204865567,0.05498991935483871,-0.02505001600512164,ALIGNED
SCN_004,374,12.4333,TRACKING,329.0,236.0,320.0,240.0,9.0,-4.0,0.05625,-0.025,0.0012600806451612892,5.001600512163917e-05,0.0010080645161290314,4.001280409731134e-05,0.055997983870967744,-0.02501000320102433,ALIGNED
SCN_004,375,12.4667,TRACKING,329.0,236.0,320.0,240.0,9.0,-4.0,0.05625,-0.025,0.00025201612903225784,1.000320102432714e-05,0.0002016129032258063,8.002560819461712e-06,0.05619959677419355,-0.025002000640204868,ALIGNED
SCN_004,376,12.5,TRACKING,329.0,237.0,320.0,240.0,9.0,-3.0,0.05625,-0.018750000000000003,5.0403225806454344e-05,0.006252000640204865,4.032258064516348e-05,0.005001600512163893,0.05623991935483871,-0.020000400128040975,ALIGNED
SCN_004,377,12.5333,TRACKING,330.0,237.0,320.0,240.0,10.0,-3.0,0.0625,-0.018750000000000003,0.006260080645161287,0.0012504001280409724,0.00500806451612903,0.001000320102432778,0.06124798387096774,-0.0190000800256082,ALIGNED
SCN_004,378,12.5667,TRACKING,330.0,237.0,320.0,240.0,10.0,-3.0,0.0625,-0.018750000000000003,0.0012520161290322587,0.00025008002560819587,0.0010016129032258071,0.0002000640204865567,0.06224959677419355,-0.018800016005121642,ALIGNED
SCN_004,379,12.6,TRACKING,330.0,237.0,320.0,240.0,10.0,-3.0,0.0625,-0.018750000000000003,0.00025040322580645313,5.001600512163917e-05,0.00020032258064516252,4.001280409731134e-05,0.06244991935483871,-0.01876000320102433,ALIGNED
SCN_004,380,12.6333,TRACKING,330.0,237.0,320.0,240.0,10.0,-3.0,0.0625,-0.018750000000000003,5.00806451612934e-05,1.000320102432714e-05,4.006451612903472e-05,8.002560819461712e-06,0.06248998387096774,-0.01875200064020487,ALIGNED
SCN_004,381,12.6667,TRACKING,331.0,237.0,320.0,240.0,11.0,-3.0,0.06875,-0.018750000000000003,0.006260016129032264,2.000640204866816e-06,0.005008012903225812,1.6005121638934528e-06,0.06749799677419355,-0.018750400128040978,ALIGNED
SCN_004,382,12.7,TRACKING,331.0,238.0,320.0,240.0,11.0,-2.0,0.06875,-0.0125,0.0012520032258064584,0.006250400128040977,0.0010016025806451668,0.005000320102432782,0.06849959935483871,-0.013750080025608196,ALIGNED
SCN_004,383,12.7333,TRACKING,331.0,238.0,320.0,240.0,11.0,-2.0,0.06875,-0.0125,0.00025040064516129723,0.001250080025608195,0.0002003205161290378,0.001000064020486556,0.06869991987096774,-0.01275001600512164,ALIGNED
SCN_004,384,12.7667,TRACKING,331.0,238.0,320.0,240.0,11.0,-2.0,0.06875,-0.0125,5.0080129032265e-05,0.0002500160051216397,4.0064103225812e-05,0.00020001280409731177,0.06873998397419355,-0.012550003201024328,ALIGNED
SCN_004,385,12.8,TRACKING,332.0,238.0,320.0,240.0,12.0,-2.0,0.075,-0.0125,0.0062600160258064474,5.0003201024327246e-05,0.005008012820645159,4.00025608194618e-05,0.0737479967948387,-0.012510000640204867,ALIGNED
SCN_004,386,12.8333,TRACKING,332.0,239.0,320.0,240.0,12.0,-1.0,0.075,-0.00625,0.0012520032051612923,0.0062600006402048665,0.001001602564129034,0.005008000512163893,0.07474959935896774,-0.007502000128040974,ALIGNED
SCN_004,387,12.8667,TRACKING,332.0,239.0,320.0,240.0,12.0,-1.0,0.075,-0.00625,0.0002504006410322529,0.0012520001280409733,0.00020032051282580234,0.0010016001024327787,0.07494991987179354,-0.006500400025608195,ALIGNED
SCN_004,388,12.9,TRACKING,332.0,239.0,320.0,240.0,12.0,-1.0,0.075,-0.00625,5.0080128206453356e-05,0.00025040002560819483,4.006410256516269e-05,0.00020032002048655587,0.0749899839743587,-0.00630008000512164,ALIGNED
SCN_004,389,12.9333,TRACKING,332.0,239.0,320.0,240.0,12.0,-1.0,0.075,-0.00625,1.0016025641296222e-05,5.0080005121639314e-05,8.012820513036979e-06,4.0064004097311454e-05,0.07499799679487174,-0.006260016001024328,ALIGNED
SCN_004,390,12.9667,TRACKING,332.0,240.0,320.0,240.0,12.0,0.0,0.075,0.0,2.00320512826202e-06,0.006260016001024328,1.602564102609616e-06,0.005008012800819463,0.07499959935897435,-0.0012520032002048655,ALIGNED
SCN_004,391,13.0,TRACKING,332.0,240.0,320.0,240.0,12.0,0.0,0.075,0.0,4.006410256468529e-07,0.0012520032002048655,3.2051282051748235e-07,0.0010016025601638924,0.07499991987179487,-0.00025040064004097314,ALIGNED
SCN_004,392,13.0333,TRACKING,332.0,240.0,320.0,240.0,12.0,0.0,0.075,0.0,8.012820512659502e-08,0.00025040064004097314,6.410256410127602e-08,0.00020032051203277852,0.07499998397435897,-5.008012800819463e-05,ALIGNED
SCN_004,393,13.0667,TRACKING,332.0,240.0,320.0,240.0,12.0,0.0,0.075,0.0,1.6025641022543446e-08,5.008012800819463e-05,1.2820512818034757e-08,4.00641024065557e-05,0.07499999679487179,-1.0016025601638926e-05,ALIGNED
SCN_004,394,13.1,TRACKING,332.0,241.0,320.0,240.0,12.0,1.0,0.075,0.00625,3.2051282045086893e-09,0.006260016025601639,2.5641025636069518e-09,0.005008012820481311,0.07499999935897436,0.004997996794879673,ALIGNED
SCN_004,395,13.1333,TRACKING,332.0,241.0,320.0,240.0,12.0,1.0,0.075,0.00625,6.410256353506227e-10,0.0012520032051203276,5.128205082804982e-10,0.0010016025640962622,0.07499999987179487,0.005999599358975935,ALIGNED
SCN_004,396,13.1667,TRACKING,332.0,241.0,320.0,240.0,12.0,1.0,0.075,0.00625,1.2820512707012455e-10,0.000250400641024065,1.0256410165609964e-10,0.00020032051281925202,0.07499999997435897,0.006199919871795187,ALIGNED
SCN_004,397,13.2,TRACKING,332.0,241.0,320.0,240.0,12.0,1.0,0.075,0.00625,2.5641030965140033e-11,5.0080128204813175e-05,2.0512824772112027e-11,4.006410256385054e-05,0.0749999999948718,0.006239983974359038,ALIGNED
SCN_004,398,13.2333,TRACKING,332.0,242.0,320.0,240.0,12.0,2.0,0.075,0.0125,5.128203417470445e-12,0.006260016025640963,4.102562733976356e-12,0.005008012820512771,0.07499999999897436,0.011247996794871809,ALIGNED
SCN_004,399,13.2667,TRACKING,332.0,242.0,320.0,240.0,12.0,2.0,0.075,0.0125,1.0256379079365274e-12,0.001252003205128192,8.205103263492219e-13,0.0010016025641025536,0.07499999999979487,0.012249599358974362,ALIGNED
SCN_004,400,13.3,TRACKING,332.0,242.0,320.0,240.0,12.0,2.0,0.075,0.0125,2.0512758158730549e-13,0.0002504006410256384,1.641020652698444e-13,0.00020032051282051073,0.07499999999995897,0.012449919871794873,ALIGNED
SCN_004,401,13.3333,TRACKING,332.0,243.0,320.0,240.0,12.0,3.0,0.075,0.018750000000000003,4.1022740759899534e-14,0.00630008012820513,3.281819260791963e-14,0.005040064102564104,0.0749999999999918,0.017489983974358976,ALIGNED
SCN_004,402,13.3667,TRACKING,332.0,243.0,320.0,240.0,12.0,3.0,0.075,0.018750000000000003,8.201772594418344e-15,0.0012600160256410267,6.561418075534675e-15,0.0010080128205128215,0.07499999999999836,0.018497996794871796,ALIGNED
SCN_004,403,13.4,TRACKING,332.0,243.0,320.0,240.0,12.0,3.0,0.075,0.018750000000000003,1.6375789613221059e-15,0.00025200320512820673,1.3100631690576848e-15,0.00020160256410256538,0.07499999999999966,0.01869959935897436,ALIGNED
SCN_004,404,13.4333,TRACKING,332.0,243.0,320.0,240.0,12.0,3.0,0.075,0.018750000000000003,3.3306690738754696e-16,5.0400641025641346e-05,2.664535259100376e-16,4.032051282051308e-05,0.07499999999999993,0.018739919871794873,ALIGNED
SCN_004,405,13.4667,TRACKING,332.0,244.0,320.0,240.0,12.0,4.0,0.075,0.025,6.938893903907228e-17,0.006260080128205128,5.551115123125783e-17,0.005008064102564103,0.07499999999999998,0.023747983974358976,ALIGNED
SCN_004,406,13.5,TRACKING,332.0,244.0,320.0,240.0,12.0,4.0,0.075,0.025,1.3877787807814457e-17,0.0012520160256410257,1.1102230246251566e-17,0.0010016128205128205,0.075,0.024749596794871796,ALIGNED
SCN_004,407,13.5333,TRACKING,332.0,244.0,320.0,240.0,12.0,4.0,0.075,0.025,0.0,0.0002504032051282058,0.0,0.00020032256410256467,0.075,0.02494991935897436,ALIGNED
SCN_004,408,13.5667,TRACKING,332.0,245.0,320.0,240.0,12.0,5.0,0.075,0.03125,0.0,0.006300080641025638,0.0,0.005040064512820511,0.075,0.029989983871794874,ALIGNED
SCN_004,409,13.6,TRACKING,332.0,245.0,320.0,240.0,12.0,5.0,0.075,0.03125,0.0,0.0012600161282051263,0.0,0.0010080129025641011,0.075,0.030997996774358976,ALIGNED
SCN_004,410,13.6333,TRACKING,332.0,245.0,320.0,240.0,12.0,5.0,0.075,0.03125,0.0,0.00025200322564102387,0.0,0.0002016025805128191,0.075,0.031199599354871797,ALIGNED
SCN_004,411,13.6667,TRACKING,332.0,245.0,320.0,240.0,12.0,5.0,0.075,0.03125,0.0,5.0400645128203386e-05,0.0,4.032051610256271e-05,0.075,0.03123991987097436,ALIGNED
SCN_004,412,13.7,TRACKING,331.0,246.0,320.0,240.0,11.0,6.0,0.06875,0.037500000000000006,-0.006249999999999992,0.0062600801290256455,-0.004999999999999994,0.005008064103220517,0.07,0.036247983974194875,ALIGNED
SCN_004,413,13.7333,TRACKING,331.0,246.0,320.0,240.0,11.0,6.0,0.06875,0.037500000000000006,-0.0012500000000000011,0.0012520160258051305,-0.0010000000000000009,0.0010016128206441044,0.069,0.03724959679483898,ALIGNED
SCN_004,414,13.7667,TRACKING,331.0,246.0,320.0,240.0,11.0,6.0,0.06875,0.037500000000000006,-0.0002500000000000002,0.0002504032051610233,-0.0002000000000000002,0.00020032256412881867,0.0688,0.0374499193589678,ALIGNED
SCN_004,415,13.8,TRACKING,331.0,247.0,320.0,240.0,11.0,7.0,0.06875,0.04375,-4.999999999999449e-05,0.006300080641032199,-3.99999999999956e-05,0.00504006451282576,0.06876,0.042489983871793556,ALIGNED
SCN_004,416,13.8333,TRACKING,331.0,247.0,320.0,240.0,11.0,7.0,0.06875,0.04375,-9.999999999996123e-06,0.0012600161282064412,-7.9999999999969e-06,0.001008012902565153,0.06875200000000001,0.043497996774358706,ALIGNED
SCN_004,417,13.8667,TRACKING,331.0,247.0,320.0,240.0,11.0,7.0,0.06875,0.04375,-2.000000000002e-06,0.000252003225641291,-1.6000000000016002e-06,0.00020160258051303282,0.0687504,0.04369959935487174,ALIGNED
SCN_004,418,13.9,TRACKING,331.0,247.0,320.0,240.0,11.0,7.0,0.06875,0.04375,-3.999999999976245e-07,5.040064512825543e-05,-3.199999999980996e-07,4.0320516102604345e-05,0.06875008,0.04373991987097434,ALIGNED
SCN_004,419,13.9333,TRACKING,331.0,247.0,320.0,240.0,11.0,7.0,0.06875,0.04375,-7.99999999995249e-08,1.0080129025653861e-05,-6.399999999961992e-08,8.06410322052309e-06,0.06875001600000001,0.04374798397419487,ALIGNED
SCN_004,420,13.9667,TRACKING,330.0,248.0,320.0,240.0,10.0,8.0,0.0625,0.05,-0.006250016000000011,0.006252016025805135,-0.005000012800000009,0.005001612820644108,0.0637500032,0.04874959679483898,ALIGNED
SCN_004,421,14.0,TRACKING,330.0,248.0,320.0,240.0,10.0,8.0,0.0625,0.05,-0.0012500032000000022,0.0012504032051610242,-0.0010000025600000017,0.0010003225641288195,0.06275000064,0.0497499193589678,ALIGNED
SCN_004,422,14.0333,TRACKING,330.0,248.0,320.0,240.0,10.0,8.0,0.0625,0.05,-0.00025000063999999766,0.00025008064103220623,-0.00020000051199999815,0.000200064512825765,0.062550000128,0.049949983871793564,ALIGNED
SCN_004,423,14.0667,TRACKING,330.0,248.0,320.0,240.0,10.0,8.0,0.0625,0.05,-5.000012799999398e-05,5.001612820643847e-05,-4.000010239999519e-05,4.001290256515078e-05,0.0625100000256,0.04998999677435872,ALIGNED
SCN_004,424,14.1,TRACKING,329.0,248.0,320.0,240.0,9.0,8.0,0.05625,0.05,-0.006260000025600003,1.0003225641284919e-05,-0.0050080000204800025,8.002580513027934e-06,0.05750200000512,0.049997999354871744,ALIGNED
SCN_004,425,14.1333,TRACKING,329.0,249.0,320.0,240.0,9.0,9.0,0.05625,0.056249999999999994,-0.0012520000051199978,0.00625200064512825,-0.0010016000040959983,0.0050016005161026,0.056500400001024,0.054999599870974344,ALIGNED
SCN_004,426,14.1667,TRACKING,329.0,249.0,320.0,240.0,9.0,9.0,0.05625,0.056249999999999994,-0.0002504000010239982,0.00125040012902565,-0.00020032000081919856,0.00100032010322052,0.056300080000204804,0.055999919974194866,ALIGNED
SCN_004,427,14.2,TRACKING,329.0,249.0,320.0,240.0,9.0,9.0,0.05625,0.056249999999999994,-5.008000020480241e-05,0.0002500800258051286,-4.006400016384193e-05,0.0002000640206441029,0.05626001600004096,0.05619998399483897,ALIGNED
SCN_004,428,14.2333,TRACKING,328.0,249.0,320.0,240.0,8.0,9.0,0.05,0.056249999999999994,-0.0062600160000409605,5.0016005161024335e-05,-0.005008012800032768,4.001280412881947e-05,0.051252003200008195,0.05623999679896779,ALIGNED
SCN_004,429,14.2667,TRACKING,328.0,249.0,320.0,240.0,8.0,9.0,0.05,0.056249999999999994,-0.001252003200008192,1.0003201032206255e-05,-0.0010016025600065538,8.002560825765005e-06,0.05025040064000164,0.056247999359793556,ALIGNED
SCN_004,430,14.3,TRACKING,328.0,249.0,320.0,240.0,8.0,9.0,0.05,0.056249999999999994,-0.0002504006400016398,2.0006402064384754e-06,-0.00020032051200131185,1.6005121651507805e-06,0.05005008012800033,0.056249599871958704,ALIGNED
SCN_004,431,14.3333,TRACKING,327.0,249.0,320.0,240.0,7.0,9.0,0.04375,0.056249999999999994,-0.006300080128000332,4.0012804129047064e-07,-0.005040064102400266,3.201024330323765e-07,0.045010016025600064,0.056249919974391736,ALIGNED
SCN_004,432,14.3667,TRACKING,327.0,249.0,320.0,240.0,7.0,9.0,0.04375,0.056249999999999994,-0.0012600160256000664,8.002560825809413e-08,-0.0010080128204800532,6.40204866064753e-08,0.04400200320512001,0.05624998399487834,ALIGNED
SCN_004,433,14.4,TRACKING,327.0,250.0,320.0,240.0,7.0,10.0,0.04375,0.0625,-0.0002520032051200119,0.006250016005121657,-0.00020160256409600954,0.005000012804097326,0.043800400641024,0.06124999679897567,ALIGNED
SCN_004,434,14.4333,TRACKING,326.0,250.0,320.0,240.0,6.0,10.0,0.0375,0.0625,-0.006300400641024002,0.0012500032010243287,-0.005040320512819202,0.001000002560819463,0.038760080128204796,0.06224999935979513,ALIGNED
SCN_004,435,14.4667,TRACKING,326.0,250.0,320.0,240.0,6.0,10.0,0.0375,0.0625,-0.0012600801282047977,0.0002500006402048685,-0.0010080641025638382,0.00020000051216389483,0.03775201602564096,0.062449999871959025,ALIGNED
SCN_004,436,14.5,TRACKING,326.0,250.0,320.0,240.0,6.0,10.0,0.0375,0.0625,-0.0002520160256409623,5.000012804097509e-05,-0.00020161282051276986,4.0000102432780075e-05,0.03755040320512819,0.06248999997439181,ALIGNED
SCN_004,437,14.5333,TRACKING,325.0,250.0,320.0,240.0,5.0,10.0,0.03125,0.0625,-0.006300403205128188,1.0000025608192242e-05,-0.005040322564102551,8.000020486553795e-06,0.03251008064102564,0.06249799999487836,ALIGNED
SCN_004,438,14.5667,TRACKING,325.0,250.0,320.0,240.0,5.0,10.0,0.03125,0.0625,-0.001260080641025639,2.000005121641224e-06,-0.0010080645128205112,1.6000040973129794e-06,0.03150201612820513,0.06249959999897567,ALIGNED
SCN_004,439,14.6,TRACKING,325.0,250.0,320.0,240.0,5.0,10.0,0.03125,0.0625,-0.0002520161282051278,4.0000102433102036e-07,-0.00020161290256410225,3.2000081946481633e-07,0.031300403225641024,0.06249991999979514,ALIGNED
SCN_004,440,14.6333,TRACKING,324.0,250.0,320.0,240.0,4.0,10.0,0.025,0.0625,-0.006300403225641023,8.000020486342851e-08,-0.005040322580512818,6.400016389074281e-08,0.026260080645128206,0.06249998399995903,ALIGNED
SCN_004,441,14.6667,TRACKING,324.0,250.0,320.0,240.0,4.0,10.0,0.025,0.0625,-0.0012600806451282046,1.6000040972685703e-08,-0.0010080645161025636,1.2800032778148563e-08,0.025252016129025643,0.062499996799991804,ALIGNED
SCN_004,442,14.7,TRACKING,323.0,250.0,320.0,240.0,3.0,10.0,0.01875,0.0625,-0.006502016129025644,3.2000081959249194e-09,-0.005201612903220515,2.5600065567399357e-09,0.020050403225805126,0.06249999935999836,ALIGNED
SCN_004,443,14.7333,TRACKING,323.0,250.0,320.0,240.0,3.0,10.0,0.01875,0.0625,-0.0013004032258051267,6.400016419605414e-10,-0.0010403225806441014,5.120013135684332e-10,0.019010080645161024,0.062499999871999674,ALIGNED
SCN_004,444,14.7667,TRACKING,323.0,250.0,320.0,240.0,3.0,10.0,0.01875,0.0625,-0.00026008064516102464,1.2800032561655073e-10,-0.00020806451612881972,1.0240026049324059e-10,0.018802016129032203,0.062499999974399936,ALIGNED
SCN_004,445,14.8,TRACKING,322.0,250.0,320.0,240.0,2.0,10.0,0.0125,0.0625,-0.006302016129032202,2.5600063735531364e-11,-0.005041612903225762,2.0480050988425094e-11,0.01376040322580644,0.062499999994879984,ALIGNED
SCN_004,446,14.8333,TRACKING,322.0,250.0,320.0,240.0,2.0,10.0,0.0125,0.0625,-0.0012604032258064397,5.1200155226638344e-12,-0.0010083225806451518,4.096012418131067e-12,0.012752080645161288,0.062499999998976,ALIGNED
SCN_004,447,14.8667,TRACKING,322.0,250.0,320.0,240.0,2.0,10.0,0.0125,0.0625,-0.00025208064516128725,1.0240003289752053e-12,-0.00020166451612902981,8.192002631801643e-13,0.012550416129032259,0.0624999999997952,ALIGNED
SCN_004,448,14.9,TRACKING,321.0,250.0,320.0,240.0,1.0,10.0,0.00625,0.0625,-0.0063004161290322585,2.0480145357382185e-13,-0.005040332903225807,1.6384116285905748e-13,0.0075100832258064515,0.06249999999995904,ALIGNED
SCN_004,449,14.9333,TRACKING,321.0,250.0,320.0,240.0,1.0,10.0,0.00625,0.0625,-0.0012600832258064512,4.096029071476437e-14,-0.001008066580645161,3.27682325718115e-14,0.00650201664516129,0.062499999999991805,ALIGNED
SCN_004,450,14.9667,TRACKING,320.0,250.0,320.0,240.0,0.0,10.0,0.0,0.0625,-0.00650201664516129,8.194833700514437e-15,-0.005201613316129033,6.55586696041155e-15,0.0013004033290322575,0.06249999999999836,ALIGNED
SCN_004,451,15.0,TRACKING,320.0,250.0,320.0,240.0,0.0,10.0,0.0,0.0625,-0.0013004033290322575,1.6375789613221059e-15,-0.001040322663225806,1.3100631690576848e-15,0.0002600806658064514,0.062499999999999674,ALIGNED
SCN_004,452,15.0333,TRACKING,320.0,250.0,320.0,240.0,0.0,10.0,0.0,0.0625,-0.0002600806658064514,3.2612801348363973e-16,-0.00020806453264516115,2.609024107869118e-16,5.201613316129026e-05,0.06249999999999994,ALIGNED
SCN_004,453,15.0667,TRACKING,319.0,250.0,320.0,240.0,-1.0,10.0,-0.00625,0.0625,-0.006302016133161291,6.245004513516506e-17,-0.005041612906529033,4.9960036108132046e-17,-0.004989596773367743,0.062499999999999986,ALIGNED
SCN_004,454,15.1,TRACKING,319.0,250.0,320.0,240.0,-1.0,10.0,-0.00625,0.0625,-0.0012604032266322574,1.3877787807814457e-17,-0.001008322581305806,1.1102230246251566e-17,-0.005997919354673549,0.0625,ALIGNED
SCN_004,455,15.1333,TRACKING,318.0,250.0,320.0,240.0,-2.0,10.0,-0.0125,0.0625,-0.0065020806453264515,0.0,-0.005201664516261161,0.0,-0.01119958387093471,0.0625,ALIGNED
SCN_004,456,15.1667,TRACKING,318.0,250.0,320.0,240.0,-2.0,10.0,-0.0125,0.0625,-0.0013004161290652901,0.0,-0.001040332903252232,0.0,-0.012239916774186942,0.0625,ALIGNED
SCN_004,457,15.2,TRACKING,318.0,250.0,320.0,240.0,-2.0,10.0,-0.0125,0.0625,-0.0002600832258130587,0.0,-0.000208066580650447,0.0,-0.01244798335483739,0.0625,ALIGNED
SCN_004,458,15.2333,TRACKING,317.0,250.0,320.0,240.0,-3.0,10.0,-0.01875,0.0625,-0.00630201664516261,0.0,-0.005041613316130088,0.0,-0.01748959667096748,0.0625,ALIGNED
SCN_004,459,15.2667,TRACKING,317.0,250.0,320.0,240.0,-3.0,10.0,-0.01875,0.0625,-0.0012604033290325202,0.0,-0.0010083226632260163,0.0,-0.018497919334193494,0.0625,ALIGNED
SCN_004,460,15.3,TRACKING,317.0,250.0,320.0,240.0,-3.0,10.0,-0.01875,0.0625,-0.00025208066580650543,0.0,-0.00020166453264520436,0.0,-0.018699583866838697,0.0625,ALIGNED
SCN_004,461,15.3333,TRACKING,316.0,250.0,320.0,240.0,-4.0,10.0,-0.025,0.0625,-0.0063004161331613046,0.0,-0.005040332906529044,0.0,-0.02373991677336774,0.0625,ALIGNED
SCN_004,462,15.3667,TRACKING,316.0,249.0,320.0,240.0,-4.0,9.0,-0.025,0.056249999999999994,-0.0012600832266322602,-0.0062500000000000056,-0.0010080665813058081,-0.0050000000000000044,-0.02474798335467355,0.057499999999999996,ALIGNED
SCN_004,463,15.4,TRACKING,316.0,249.0,320.0,240.0,-4.0,9.0,-0.025,0.056249999999999994,-0.00025201664532645274,-0.0012500000000000011,-0.0002016133162611622,-0.0010000000000000009,-0.02494959667093471,0.056499999999999995,ALIGNED
SCN_004,464,15.4333,TRACKING,315.0,249.0,320.0,240.0,-5.0,9.0,-0.03125,0.056249999999999994,-0.0063004033290652885,-0.0002500000000000002,-0.005040322663252231,-0.0002000000000000002,-0.029989919334186942,0.056299999999999996,ALIGNED
SCN_004,465,15.4667,TRACKING,315.0,249.0,320.0,240.0,-5.0,9.0,-0.03125,0.056249999999999994,-0.0012600806658130577,-5.000000000000143e-05,-0.0010080645326504462,-4.000000000000115e-05,-0.03099798386683739,0.05626,ALIGNED
SCN_004,466,15.5,TRACKING,315.0,249.0,320.0,240.0,-5.0,9.0,-0.03125,0.056249999999999994,-0.00025201613316261015,-1.0000000000003062e-05,-0.00020161290653008813,-8.00000000000245e-06,-0.031199596773367477,0.056251999999999996,ALIGNED
SCN_004,467,15.5333,TRACKING,314.0,249.0,320.0,240.0,-6.0,9.0,-0.0375,0.056249999999999994,-0.006300403226632521,-2.000000000002e-06,-0.005040322581306017,-1.6000000000016002e-06,-0.036239919354673494,0.05625039999999999,ALIGNED
SCN_004,468,15.5667,TRACKING,314.0,249.0,320.0,240.0,-6.0,9.0,-0.0375,0.056249999999999994,-0.0012600806453265043,-3.999999999976245e-07,-0.0010080645162612034,-3.199999999980996e-07,-0.0372479838709347,0.056250079999999994,ALIGNED
SCN_004,469,15.6,TRACKING,314.0,248.0,320.0,240.0,-6.0,8.0,-0.0375,0.05,-0.00025201612906530085,-0.006250079999999991,-0.00020161290325224068,-0.005000063999999993,-0.03744959677418694,0.051250016,ALIGNED
SCN_004,470,15.6333,TRACKING,313.0,248.0,320.0,240.0,-7.0,8.0,-0.04375,0.05,-0.006300403225813059,-0.0012500159999999996,-0.005040322580650448,-0.0010000127999999998,-0.04248991935483738,0.050250003200000004,ALIGNED
SCN_004,471,15.6667,TRACKING,313.0,248.0,320.0,240.0,-7.0,8.0,-0.04375,0.05,-0.0012600806451626145,-0.0002500032000000013,-0.0010080645161300917,-0.00020000256000000106,-0.043497983870967476,0.05005000064,ALIGNED
SCN_004,472,15.7,TRACKING,313.0,248.0,320.0,240.0,-7.0,8.0,-0.04375,0.05,-0.0002520161290325215,-5.0000639999998875e-05,-0.00020161290322601722,-4.00005119999991e-05,-0.043699596774193494,0.050010000128000005,ALIGNED
SCN_004,473,15.7333,TRACKING,312.0,248.0,320.0,240.0,-8.0,8.0,-0.05,0.05,-0.0063004032258065085,-1.000012800000255e-05,-0.005040322580645207,-8.000102400002041e-06,-0.0487399193548387,0.050002000025600006,ALIGNED
SCN_004,474,15.7667,TRACKING,312.0,247.0,320.0,240.0,-8.0,7.0,-0.05,0.04375,-0.001260080645161303,-0.006252000025600009,-0.0010080645161290424,-0.005001600020480008,-0.049747983870967745,0.04500040000512,ALIGNED
SCN_004,475,15.8,TRACKING,312.0,247.0,320.0,240.0,-8.0,7.0,-0.05,0.04375,-0.00025201612903225784,-0.0012504000051200004,-0.0002016129032258063,-0.0010003200040960003,-0.04994959677419355,0.044000080001024,ALIGNED
SCN_004,476,15.8333,TRACKING,312.0,247.0,320.0,240.0,-8.0,7.0,-0.05,0.04375,-5.0403225806454344e-05,-0.0002500800010240001,-4.032258064516348e-05,-0.00020006400081920008,-0.049989919354838715,0.0438000160002048,ALIGNED
SCN_004,477,15.8667,TRACKING,312.0,247.0,320.0,240.0,-8.0,7.0,-0.05,0.04375,-1.0080645161288093e-05,-5.00160002048014e-05,-8.064516129030475e-06,-4.0012800163841126e-05,-0.049997983870967745,0.043760003200040955,ALIGNED
SCN_004,478,15.9,TRACKING,311.0,247.0,320.0,240.0,-9.0,7.0,-0.05625,0.04375,-0.006252016129032256,-1.0003200040957505e-05,-0.005001612903225806,-8.002560032766005e-06,-0.054999596774193554,0.04375200064000819,ALIGNED
SCN_004,479,15.9333,TRACKING,311.0,246.0,320.0,240.0,-9.0,6.0,-0.05625,0.037500000000000006,-0.001250403225806447,-0.006252000640008186,-0.0010003225806451577,-0.005001600512006549,-0.05599991935483871,0.03875040012800164,ALIGNED
SCN_004,480,15.9667,TRACKING,311.0,246.0,320.0,240.0,-9.0,6.0,-0.05625,0.037500000000000006,-0.0002500806451612922,-0.0012504001280016358,-0.00020006451612903376,-0.0010003201024013086,-0.056199983870967744,0.03775008002560033,ALIGNED
SCN_004,481,16.0,TRACKING,311.0,246.0,320.0,240.0,-9.0,6.0,-0.05625,0.037500000000000006,-5.001612903225705e-05,-0.00025008002560032716,-4.001290322580564e-05,-0.00020006402048026173,-0.05623999677419355,0.03755001600512007,ALIGNED
SCN_004,482,16.0333,TRACKING,311.0,246.0,320.0,240.0,-9.0,6.0,-0.05625,0.037500000000000006,-1.000322580645141e-05,-5.0016005120064044e-05,-8.002580645161129e-06,-4.001280409605124e-05,-0.056247999354838714,0.03751000320102402,ALIGNED
SCN_004,483,16.0667,TRACKING,310.0,245.0,320.0,240.0,-10.0,5.0,-0.0625,0.03125,-0.006252000645161286,-0.006260003201024017,-0.005001600516129029,-0.005008002560819214,-0.061249599870967744,0.0325020006402048,ALIGNED
SCN_004,484,16.1,TRACKING,310.0,245.0,320.0,240.0,-10.0,5.0,-0.0625,0.03125,-0.0012504001290322558,-0.001252000640204802,-0.0010003201032258047,-0.0010016005121638416,-0.062249919974193546,0.03150040012804096,ALIGNED
SCN_004,485,16.1333,TRACKING,310.0,245.0,320.0,240.0,-10.0,5.0,-0.0625,0.03125,-0.00025008002580645394,-0.0002504001280409576,-0.00020006402064516317,-0.0002003201024327661,-0.06244998399483871,0.03130008002560819,ALIGNED
SCN_004,486,16.1667,TRACKING,310.0,245.0,320.0,240.0,-10.0,5.0,-0.0625,0.03125,-5.001600516128801e-05,-5.008002560819014e-05,-4.0012804129030414e-05,-4.006402048655211e-05,-0.062489996798967745,0.03126001600512164,ALIGNED
SCN_004,487,16.2,TRACKING,310.0,244.0,320.0,240.0,-10.0,4.0,-0.0625,0.025,-1.0003201032254827e-05,-0.006260016005121639,-8.002560825803861e-06,-0.005008012804097312,-0.06249799935979355,0.02625200320102433,ALIGNED
SCN_004,488,16.2333,TRACKING,310.0,244.0,320.0,240.0,-10.0,4.0,-0.0625,0.025,-2.000640206452353e-06,-0.0012520032010243272,-1.6005121651618825e-06,-0.0010016025608194617,-0.06249959987195871,0.025250400640204868,ALIGNED
SCN_004,489,16.2667,TRACKING,310.0,244.0,320.0,240.0,-10.0,4.0,-0.0625,0.025,-4.0012804129047064e-07,-0.00025040064020486613,-3.201024330323765e-07,-0.00020032051216389293,-0.06249991997439174,0.025050080128040976,ALIGNED
SCN_004,490,16.3,TRACKING,310.0,244.0,320.0,240.0,-10.0,4.0,-0.0625,0.025,-8.002560825809413e-08,-5.0080128040974614e-05,-6.40204866064753e-08,-4.0064102432779694e-05,-0.06249998399487835,0.025010016025608196,ALIGNED
SCN_004,491,16.3333,TRACKING,309.0,243.0,320.0,240.0,-11.0,3.0,-0.06875,0.018750000000000003,-0.006250016005121657,-0.006260016025608193,-0.005000012804097326,-0.005008012820486555,-0.06749999679897567,0.02000200320512164,ALIGNED
SCN_004,492,16.3667,TRACKING,309.0,243.0,320.0,240.0,-11.0,3.0,-0.06875,0.018750000000000003,-0.0012500032010243356,-0.0012520032051216365,-0.0010000025608194686,-0.0010016025640973093,-0.06849999935979514,0.01900040064102433,ALIGNED
SCN_004,493,16.4,TRACKING,309.0,243.0,320.0,240.0,-11.0,3.0,-0.06875,0.018750000000000003,-0.00025000064020486157,-0.0002504006410243287,-0.00020000051216388927,-0.00020032051281946295,-0.06869999987195903,0.018800080128204867,ALIGNED
SCN_004,494,16.4333,TRACKING,309.0,243.0,320.0,240.0,-11.0,3.0,-0.06875,0.018750000000000003,-5.000012804097509e-05,-5.008012820486435e-05,-4.0000102432780075e-05,-4.0064102563891483e-05,-0.06873999997439181,0.018760016025640976,ALIGNED
SCN_004,495,16.4667,TRACKING,309.0,243.0,320.0,240.0,-11.0,3.0,-0.06875,0.018750000000000003,-1.0000025608192242e-05,-1.0016025640973564e-05,-8.000020486553795e-06,-8.01282051277885e-06,-0.06874799999487836,0.0187520032051282,ALIGNED
SCN_004,496,16.5,TRACKING,309.0,242.0,320.0,240.0,-11.0,2.0,-0.06875,0.0125,-2.000005121641224e-06,-0.006252003205128198,-1.6000040973129794e-06,-0.005001602564102559,-0.06874959999897567,0.01375040064102564,ALIGNED
SCN_004,497,16.5333,TRACKING,309.0,242.0,320.0,240.0,-11.0,2.0,-0.06875,0.0125,-4.0000102433102036e-07,-0.0012504006410256393,-3.2000081946481633e-07,-0.0010003205128205114,-0.06874991999979514,0.01275008012820513,ALIGNED
SCN_004,498,16.5667,TRACKING,309.0,242.0,320.0,240.0,-11.0,2.0,-0.06875,0.0125,-8.000020486342851e-08,-0.00025008012820512855,-6.400016389074281e-08,-0.00020006410256410284,-0.06874998399995903,0.012550016025641026,ALIGNED
SCN_004,499,16.6,TRACKING,309.0,242.0,320.0,240.0,-11.0,2.0,-0.06875,0.0125,-1.6000040972685703e-08,-5.001602564102571e-05,-1.2800032778148563e-08,-4.001282051282057e-05,-0.06874999679999182,0.012510003205128207,ALIGNED
SCN_004,500,16.6333,TRACKING,309.0,241.0,320.0,240.0,-11.0,1.0,-0.06875,0.00625,-3.2000081889860255e-09,-0.006260003205128206,-2.5600065511888205e-09,-0.005008002564102565,-0.06874999935999837,0.007502000641025641,ALIGNED
SCN_004,501,16.6667,TRACKING,309.0,241.0,320.0,240.0,-11.0,1.0,-0.06875,0.00625,-6.400016350216475e-10,-0.001252000641025641,-5.12001308017318e-10,-0.001001600512820513,-0.06874999987199967,0.006500400128205129,ALIGNED
SCN_004,502,16.7,TRACKING,309.0,241.0,320.0,240.0,-11.0,1.0,-0.06875,0.00625,-1.2800033255544463e-10,-0.0002504001282051284,-1.0240026604435571e-10,-0.00020032010256410273,-0.06874999997439994,0.006300080025641026,ALIGNED
SCN_004,503,16.7333,TRACKING,309.0,240.0,320.0,240.0,-11.0,0.0,-0.06875,0.0,-2.5600063735531364e-11,-0.006300080025641026,-2.0480050988425094e-11,-0.005040064020512821,-0.06874999999487999,0.0012600160051282052,ALIGNED
SCN_004,504,16.7667,TRACKING,309.0,240.0,320.0,240.0,-11.0,0.0,-0.06875,0.0,-5.1200155226638344e-12,-0.0012600160051282052,-4.096012418131067e-12,-0.0010080128041025642,-0.068749999998976,0.000252003201025641,ALIGNED
SCN_004,505,16.8,TRACKING,309.0,240.0,320.0,240.0,-11.0,0.0,-0.06875,0.0,-1.0240003289752053e-12,-0.000252003201025641,-8.192002631801643e-13,-0.0002016025608205128,-0.06874999999979521,5.04006402051282e-05,ALIGNED
SCN_004,506,16.8333,TRACKING,309.0,240.0,320.0,240.0,-11.0,0.0,-0.06875,0.0,-2.0479451467991794e-13,-5.04006402051282e-05,-1.6383561174393436e-13,-4.0320512164102565e-05,-0.06874999999995905,1.0080128041025636e-05,ALIGNED
SCN_004,507,16.8667,TRACKING,309.0,239.0,320.0,240.0,-11.0,-1.0,-0.06875,-0.00625,-4.095335182086046e-14,-0.006260080128041026,-3.276268145668837e-14,-0.005008064102432821,-0.06874999999999182,-0.004997983974391796,ALIGNED
SCN_004,508,16.9,TRACKING,309.0,239.0,320.0,240.0,-11.0,-1.0,-0.06875,-0.00625,-8.18789480661053e-15,-0.0012520160256082047,-6.5503158452884236e-15,-0.0010016128204865637,-0.06874999999999837,-0.00599959679487836,ALIGNED
SCN_004,509,16.9333,TRACKING,309.0,239.0,320.0,240.0,-11.0,-1.0,-0.06875,-0.00625,-1.6375789613221059e-15,-0.00025040320512164076,-1.3100631690576848e-15,-0.00020032256409731263,-0.06874999999999967,-0.006199919358975672,ALIGNED
SCN_004,510,16.9667,TRACKING,309.0,238.0,320.0,240.0,-11.0,-2.0,-0.06875,-0.0125,-3.3306690738754696e-16,-0.006300080641024329,-2.664535259100376e-16,-0.0050400645128194635,-0.06874999999999994,-0.011239983871795135,ALIGNED
SCN_004,511,17.0,TRACKING,309.0,238.0,320.0,240.0,-11.0,-2.0,-0.06875,-0.0125,-6.938893903907228e-17,-0.001260016128204866,-5.551115123125783e-17,-0.001008012902563893,-0.06874999999999999,-0.012247996774359027,ALIGNED
SCN_004,512,17.0333,TRACKING,309.0,238.0,320.0,240.0,-11.0,-2.0,-0.06875,-0.0125,-1.3877787807814457e-17,-0.00025200322564097356,-1.1102230246251566e-17,-0.00020160258051277885,-0.06875,-0.012449599354871806,ALIGNED
SCN_004,513,17.0667,TRACKING,309.0,237.0,320.0,240.0,-11.0,-3.0,-0.06875,-0.018750000000000003,0.0,-0.006300400645128197,0.0,-0.0050403205161025574,-0.06875,-0.01748991987097436,ALIGNED
SCN_004,514,17.1,TRACKING,310.0,237.0,320.0,240.0,-10.0,-3.0,-0.0625,-0.018750000000000003,0.0062500000000000056,-0.001260080129025641,0.0050000000000000044,-0.001008064103220513,-0.06375,-0.018497983974194873,ALIGNED
SCN_004,515,17.1333,TRACKING,310.0,237.0,320.0,240.0,-10.0,-3.0,-0.0625,-0.018750000000000003,0.0012500000000000011,-0.0002520160258051296,0.0010000000000000009,-0.0002016128206441037,-0.06275,-0.018699596794838978,ALIGNED
SCN_004,516,17.1667,TRACKING,310.0,236.0,320.0,240.0,-10.0,-4.0,-0.0625,-0.025,0.0002500000000000002,-0.006300403205161023,0.0002000000000000002,-0.005040322564128819,-0.06255,-0.023739919358967798,ALIGNED
SCN_004,517,17.2,TRACKING,310.0,236.0,320.0,240.0,-10.0,-4.0,-0.0625,-0.025,4.999999999999449e-05,-0.0012600806410322032,3.99999999999956e-05,-0.0010080645128257627,-0.06251,-0.024747983871793562,ALIGNED
SCN_004,518,17.2333,TRACKING,310.0,236.0,320.0,240.0,-10.0,-4.0,-0.0625,-0.025,9.999999999996123e-06,-0.00025201612820643926,7.9999999999969e-06,-0.0002016129025651514,-0.062502,-0.024949596774358714,ALIGNED
SCN_004,519,17.2667,TRACKING,310.0,236.0,320.0,240.0,-10.0,-4.0,-0.0625,-0.025,2.000000000002e-06,-5.040322564128785e-05,1.6000000000016002e-06,-4.032258051303028e-05,-0.0625004,-0.024989919354871742,ALIGNED
SCN_004,520,17.3,TRACKING,311.0,235.0,320.0,240.0,-9.0,-5.0,-0.05625,-0.03125,0.006250399999999996,-0.006260080645128258,0.005000319999999997,-0.005008064516102606,-0.05750008,-0.029997983870974347,ALIGNED
SCN_004,521,17.3333,TRACKING,311.0,235.0,320.0,240.0,-9.0,-5.0,-0.05625,-0.03125,0.0012500800000000006,-0.001252016129025653,0.0010000640000000006,-0.0010016129032205223,-0.056500016,-0.03099959677419487,ALIGNED
SCN_004,522,17.3667,TRACKING,311.0,235.0,320.0,240.0,-9.0,-5.0,-0.05625,-0.03125,0.00025001599999999874,-0.0002504032258051313,0.000200012799999999,-0.00020032258064410502,-0.056300003200000004,-0.031199919354838974,ALIGNED
SCN_004,523,17.4,TRACKING,311.0,235.0,320.0,240.0,-9.0,-5.0,-0.05625,-0.03125,5.0003200000002523e-05,-5.0080645161026255e-05,4.000256000000202e-05,-4.0064516128821005e-05,-0.05626000064,-0.031239983870967793,ALIGNED
SCN_004,524,17.4333,TRACKING,311.0,235.0,320.0,240.0,-9.0,-5.0,-0.05625,-0.03125,1.0000640000000505e-05,-1.0016129032206639e-05,8.000512000000403e-06,-8.012903225765311e-06,-0.056252000128,-0.03124799677419356,ALIGNED
SCN_004,525,17.4667,TRACKING,311.0,234.0,320.0,240.0,-9.0,-6.0,-0.05625,-0.037500000000000006,2.0001280000014887e-06,-0.0062520032258064455,1.600102400001191e-06,-0.005001602580645157,-0.0562504000256,-0.036249599354838714,ALIGNED
SCN_004,526,17.5,TRACKING,312.0,234.0,320.0,240.0,-8.0,-6.0,-0.05,-0.037500000000000006,0.0062504000255999975,-0.0012504006451612912,0.005000320020479999,-0.001000320516129033,-0.051250080005120005,-0.03724991987096775,ALIGNED
SCN_004,527,17.5333,TRACKING,312.0,234.0,320.0,240.0,-8.0,-6.0,-0.05,-0.037500000000000006,0.0012500800051200023,-0.00025008012903225685,0.001000064004096002,-0.0002000641032258055,-0.050250016001024,-0.03744998397419355,ALIGNED
SCN_004,528,17.5667,TRACKING,312.0,234.0,320.0,240.0,-8.0,-6.0,-0.05,-0.037500000000000006,0.00025001600102399907,-5.0016025806454145e-05,0.00020001280081919927,-4.001282064516332e-05,-0.0500500032002048,-0.03748999679483871,ALIGNED
SCN_004,529,17.6,TRACKING,312.0,234.0,320.0,240.0,-8.0,-6.0,-0.05,-0.037500000000000006,5.000320020479704e-05,-1.0003205161292217e-05,4.000256016383763e-05,-8.002564129033774e-06,-0.050010000640040964,-0.03749799935896775,ALIGNED
SCN_004,530,17.6333,TRACKING,313.0,233.0,320.0,240.0,-7.0,-7.0,-0.04375,-0.04375,0.006260000640040966,-0.006252000641032249,0.005008000512032773,-0.005001600512825799,-0.04500200012800819,-0.042499599871793546,ALIGNED
SCN_004,531,17.6667,TRACKING,313.0,233.0,320.0,240.0,-7.0,-7.0,-0.04375,-0.04375,0.0012520001280081905,-0.0012504001282064511,0.0010016001024065525,-0.0010003201025651609,-0.044000400025601634,-0.04349991997435871,ALIGNED
SCN_004,532,17.7,TRACKING,313.0,233.0,320.0,240.0,-7.0,-7.0,-0.04375,-0.04375,0.0002504000256016367,-0.00025008002564128745,0.0002003200204813094,-0.00020006402051302998,-0.043800080005120326,-0.04369998399487174,ALIGNED
SCN_004,533,17.7333,TRACKING,313.0,233.0,320.0,240.0,-7.0,-7.0,-0.04375,-0.04375,5.008000512032873e-05,-5.001600512825888e-05,4.006400409626299e-05,-4.0012804102607106e-05,-0.04376001600102406,-0.04373999679897435,ALIGNED
SCN_004,534,17.7667,TRACKING,314.0,233.0,320.0,240.0,-6.0,-7.0,-0.0375,-0.04375,0.006260016001024063,-1.0003201025649e-05,0.00500801280081925,-8.0025608205192e-06,-0.03875200320020481,-0.04374799935979487,ALIGNED
SCN_004,535,17.8,TRACKING,314.0,233.0,320.0,240.0,-6.0,-7.0,-0.0375,-0.04375,0.0012520032002048126,-2.0006402051270245e-06,0.00100160256016385,-1.6005121641016196e-06,-0.03775040064004096,-0.04374959987195897,ALIGNED
SCN_004,536,17.8333,TRACKING,314.0,232.0,320.0,240.0,-6.0,-8.0,-0.0375,-0.05,0.0002504006400409625,-0.006250400128041032,0.00020032051203277003,-0.005000320102432826,-0.037550080128008194,-0.0487499199743918,ALIGNED
SCN_004,537,17.8667,TRACKING,315.0,232.0,320.0,240.0,-5.0,-8.0,-0.03125,-0.05,0.006300080128008194,-0.0012500800256082037,0.005040064102406556,-0.001000064020486563,-0.032510016025601635,-0.049749983994878365,ALIGNED
SCN_004,538,17.9,TRACKING,315.0,232.0,320.0,240.0,-5.0,-8.0,-0.03125,-0.05,0.0012600160256016346,-0.00025001600512163796,0.0010080128204813076,-0.0002000128040973104,-0.031502003205120324,-0.049949996798975674,ALIGNED
SCN_004,539,17.9333,TRACKING,315.0,232.0,320.0,240.0,-5.0,-8.0,-0.03125,-0.05,0.00025200320512032415,-5.000320102432898e-05,0.00020160256409625934,-4.000256081946319e-05,-0.031300400641024066,-0.04998999935979514,ALIGNED
SCN_004,540,17.9667,TRACKING,316.0,232.0,320.0,240.0,-4.0,-8.0,-0.025,-0.05,0.006300400641024065,-1.0000640204864408e-05,0.005040320512819252,-8.000512163891528e-06,-0.026260080128204813,-0.04999799987195903,ALIGNED
SCN_004,541,18.0,TRACKING,316.0,232.0,320.0,240.0,-4.0,-8.0,-0.025,-0.05,0.0012600801282048116,-2.0001280409756572e-06,0.0010080641025638493,-1.600102432780526e-06,-0.025252016025640964,-0.04999959997439181,ALIGNED
SCN_004,542,18.0333,TRACKING,316.0,232.0,320.0,240.0,-4.0,-8.0,-0.025,-0.05,0.0002520160256409623,-4.0002560819374366e-07,0.00020161282051276986,-3.2002048655499493e-07,-0.025050403205128195,-0.049999919994878364,ALIGNED
SCN_004,543,18.0667,TRACKING,317.0,232.0,320.0,240.0,-3.0,-8.0,-0.01875,-0.05,0.006300403205128195,-8.000512163874873e-08,0.005040322564102556,-6.400409731099899e-08,-0.02001008064102564,-0.04999998399897568,ALIGNED
SCN_004,544,18.1,TRACKING,317.0,232.0,320.0,240.0,-3.0,-8.0,-0.01875,-0.05,0.001260080641025639,-1.600102432497419e-08,0.0010080645128205112,-1.2800819459979351e-08,-0.019002016128205127,-0.04999999679979514,ALIGNED
SCN_004,545,18.1333,TRACKING,317.0,231.0,320.0,240.0,-3.0,-9.0,-0.01875,-0.056249999999999994,0.0002520161282051278,-0.006250003200204857,0.00020161290256410225,-0.005000002560163886,-0.018800403225641023,-0.05499999935995902,ALIGNED
SCN_004,546,18.1667,TRACKING,318.0,231.0,320.0,240.0,-2.0,-9.0,-0.0125,-0.056249999999999994,0.006300403225641023,-0.0012500006400409727,0.005040322580512818,-0.0010000005120327782,-0.013760080645128205,-0.0559999998719918,ALIGNED
SCN_004,547,18.2,TRACKING,318.0,231.0,320.0,240.0,-2.0,-9.0,-0.0125,-0.056249999999999994,0.0012600806451282046,-0.00025000012800819454,0.0010080645161025636,-0.00020000010240655566,-0.012752016129025642,-0.056199999974398354,ALIGNED
SCN_004,548,18.2333,TRACKING,319.0,231.0,320.0,240.0,-1.0,-9.0,-0.00625,-0.056249999999999994,0.006502016129025642,-5.00000256016403e-05,0.0052016129032205136,-4.000002048131224e-05,-0.007550403225805129,-0.056239999994879664,ALIGNED
SCN_004,549,18.2667,TRACKING,319.0,231.0,320.0,240.0,-1.0,-9.0,-0.00625,-0.056249999999999994,0.0013004032258051284,-1.0000005120330835e-05,0.0010403225806441027,-8.000004096264668e-06,-0.006510080645161026,-0.05624799999897593,ALIGNED
SCN_004,550,18.3,TRACKING,319.0,231.0,320.0,240.0,-1.0,-9.0,-0.00625,-0.056249999999999994,0.0002600806451610255,-2.000001024064779e-06,0.00020806451612882042,-1.6000008192518234e-06,-0.006302016129032206,-0.05624959999979518,ALIGNED
SCN_004,551,18.3333,TRACKING,320.0,231.0,320.0,240.0,0.0,-9.0,0.0,-0.056249999999999994,0.006302016129032206,-4.0000020481295584e-07,0.005041612903225765,-3.200001638503647e-07,-0.0012604032258064406,-0.056249919999959035,ALIGNED
SCN_004,552,18.3667,TRACKING,320.0,232.0,320.0,240.0,0.0,-8.0,0.0,-0.05,0.0012604032258064406,0.006249919999959032,0.0010083225806451525,0.004999935999967226,-0.0002520806451612881,-0.05124998399999181,ALIGNED
SCN_004,553,18.4,TRACKING,321.0,232.0,320.0,240.0,1.0,-8.0,0.00625,-0.05,0.0065020806451612885,0.0012499839999918078,0.005201664516129031,0.0009999871999934462,0.004949583870967743,-0.050249996799998364,ALIGNED
SCN_004,554,18.4333,TRACKING,321.0,232.0,320.0,240.0,1.0,-8.0,0.00625,-0.05,0.0013004161290322575,0.00024999679999836155,0.0010403329032258061,0.00019999743999868925,0.005989916774193549,-0.050049999359999674,ALIGNED
SCN_004,555,18.4667,TRACKING,321.0,232.0,320.0,240.0,1.0,-8.0,0.00625,-0.05,0.00026008322580645116,4.999935999967092e-05,0.00020806658064516094,3.999948799973674e-05,0.00619798335483871,-0.05000999987199994,ALIGNED
SCN_004,556,18.5,TRACKING,322.0,232.0,320.0,240.0,2.0,-8.0,0.0125,-0.05,0.00630201664516129,9.999871999934185e-06,0.005041613316129033,7.999897599947348e-06,0.011239596670967744,-0.05000199997439999,ALIGNED
SCN_004,557,18.5333,TRACKING,322.0,232.0,320.0,240.0,2.0,-8.0,0.0125,-0.05,0.0012604033290322565,1.999974399986837e-06,0.0010083226632258053,1.5999795199894697e-06,0.012247919334193549,-0.05000039999488,ALIGNED
SCN_004,558,18.5667,TRACKING,323.0,232.0,320.0,240.0,3.0,-8.0,0.01875,-0.05,0.00650208066580645,3.999948799959796e-07,0.0052016645326451606,3.199959039967837e-07,0.01744958386683871,-0.050000079998976,ALIGNED
SCN_004,559,18.6,TRACKING,323.0,232.0,320.0,240.0,3.0,-8.0,0.01875,-0.05,0.0013004161331612897,7.999897599919592e-08,0.001040332906529032,6.399918079935674e-08,0.01848991677336774,-0.0500000159997952,ALIGNED
SCN_004,560,18.6333,TRACKING,324.0,232.0,320.0,240.0,4.0,-8.0,0.025,-0.05,0.006510083226632261,1.5999795197063627e-08,0.00520806658130581,1.2799836157650902e-08,0.02369798335467355,-0.050000003199959044,ALIGNED
SCN_004,561,18.6667,TRACKING,324.0,232.0,320.0,240.0,4.0,-8.0,0.025,-0.05,0.0013020166453264516,3.199959040800504e-09,0.0010416133162611614,2.5599672326404036e-09,0.02473959667093471,-0.05000000063999181,ALIGNED
SCN_004,562,18.7,TRACKING,324.0,232.0,320.0,240.0,4.0,-8.0,0.025,-0.05,0.0002604033290652917,6.399918095478796e-10,0.00020832266325223337,5.119934476383037e-10,0.024947919334186944,-0.050000000127998365,ALIGNED
SCN_004,563,18.7333,TRACKING,325.0,233.0,320.0,240.0,5.0,-7.0,0.03125,-0.04375,0.0063020806658130556,0.0062500001279983675,0.005041664532650445,0.005000000102398695,0.02998958386683739,-0.045000000025599673,ALIGNED
SCN_004,564,18.7667,TRACKING,325.0,233.0,320.0,240.0,5.0,-7.0,0.03125,-0.04375,0.0012604161331626097,0.0012500000255996763,0.0010083329065300878,0.001000000020479741,0.030997916773367478,-0.04400000000511993,ALIGNED
SCN_004,565,18.8,TRACKING,326.0,233.0,320.0,240.0,6.0,-7.0,0.0375,-0.04375,0.0065020832266325206,0.0002500000051199325,0.005201666581306017,0.000200000004095946,0.03619958335467349,-0.043800000001023985,ALIGNED
SCN_004,566,18.8333,TRACKING,326.0,233.0,320.0,240.0,6.0,-7.0,0.0375,-0.04375,0.0013004166453265062,5.000000102398788e-05,0.001040333316261205,4.000000081919031e-05,0.037239916670934695,-0.043760000000204795,ALIGNED
SCN_004,567,18.8667,TRACKING,326.0,233.0,320.0,240.0,6.0,-7.0,0.0375,-0.04375,0.000260083329065304,1.0000000204797577e-05,0.00020806666325224322,8.000000163838062e-06,0.03744798333418694,-0.04375200000004096,ALIGNED
SCN_004,568,18.9,TRACKING,327.0,233.0,320.0,240.0,7.0,-7.0,0.04375,-0.04375,0.006302016665813058,2.000000040962291e-06,0.005041613332650447,1.6000000327698327e-06,0.04248959666683739,-0.04375040000000819,ALIGNED
SCN_004,569,18.9333,TRACKING,327.0,233.0,320.0,240.0,7.0,-7.0,0.04375,-0.04375,0.0012604033331626088,4.000000081924582e-07,0.001008322666530087,3.2000000655396656e-07,0.043497919333367475,-0.043750080000001634,ALIGNED
SCN_004,570,18.9667,TRACKING,327.0,233.0,320.0,240.0,7.0,-7.0,0.04375,-0.04375,0.00025208066663252177,8.000000163710386e-08,0.00020166453330601743,6.400000130968309e-08,0.04369958386667349,-0.04375001600000032,ALIGNED
SCN_004,571,19.0,TRACKING,328.0,234.0,320.0,240.0,8.0,-6.0,0.05,-0.037500000000000006,0.006300416133326513,0.006250016000000316,0.00504033290666121,0.005000012800000253,0.0487399167733347,-0.03875000320000007,ALIGNED
SCN_004,572,19.0333,TRACKING,328.0,234.0,320.0,240.0,8.0,-6.0,0.05,-0.037500000000000006,0.0012600832266652998,0.0012500032000000647,0.00100806658133224,0.0010000025600000518,0.049747983354666944,-0.03775000064000002,ALIGNED
SCN_004,573,19.0667,TRACKING,328.0,234.0,320.0,240.0,8.0,-6.0,0.05,-0.037500000000000006,0.00025201664533305856,0.00025000064000001154,0.00020161331626644685,0.00020000051200000924,0.04994959667093339,-0.037550000128000006,ALIGNED
SCN_004,574,19.1,TRACKING,329.0,234.0,320.0,240.0,9.0,-6.0,0.05625,-0.037500000000000006,0.00630040332906661,5.000012800000092e-05,0.005040322663253289,4.000010240000074e-05,0.05498991933418668,-0.0375100000256,ALIGNED
SCN_004,575,19.1333,TRACKING,329.0,234.0,320.0,240.0,9.0,-6.0,0.05625,-0.037500000000000006,0.0012600806658133248,1.0000025599997409e-05,0.0010080645326506598,8.000020479997928e-06,0.05599798386683734,-0.03750200000512,ALIGNED
SCN_004,576,19.1667,TRACKING,329.0,234.0,320.0,240.0,9.0,-6.0,0.05625,-0.037500000000000006,0.0002520161331626622,2.000005119996706e-06,0.00020161290653012976,1.600004095997365e-06,0.05619959677336747,-0.037500400001024004,ALIGNED
SCN_004,577,19.2,TRACKING,330.0,234.0,320.0,240.0,10.0,-6.0,0.0625,-0.037500000000000006,0.006300403226632528,4.0000102399795345e-07,0.005040322581306023,3.200008191983628e-07,0.061239919354673496,-0.037500080000204807,ALIGNED
SCN_004,578,19.2333,TRACKING,330.0,235.0,320.0,240.0,10.0,-5.0,0.0625,-0.03125,0.0012600806453265043,0.0062500800002048065,0.0010080645162612034,0.005000064000163846,0.0622479838709347,-0.03250001600004096,ALIGNED
SCN_004,579,19.2667,TRACKING,330.0,235.0,320.0,240.0,10.0,-5.0,0.0625,-0.03125,0.00025201612906530085,0.00125001600004096,0.00020161290325224068,0.0010000128000327679,0.06244959677418694,-0.03150000320000819,ALIGNED
SCN_004,580,19.3,TRACKING,331.0,235.0,320.0,240.0,11.0,-5.0,0.06875,-0.03125,0.006300403225813066,0.0002500032000081892,0.005040322580650453,0.00020000256000655137,0.06748991935483739,-0.031300000640001636,ALIGNED
SCN_004,581,19.3333,TRACKING,331.0,235.0,320.0,240.0,11.0,-5.0,0.06875,-0.03125,0.0012600806451626145,5.0000640001636454e-05,0.0010080645161300917,4.0000512001309164e-05,0.06849798387096748,-0.03126000012800033,ALIGNED
SCN_004,582,19.3667,TRACKING,331.0,235.0,320.0,240.0,11.0,-5.0,0.06875,-0.03125,0.00025201612903252846,1.0000128000328679e-05,0.00020161290322602278,8.000102400262943e-06,0.0686995967741935,-0.031252000025600066,ALIGNED
SCN_004,583,19.4,TRACKING,332.0,236.0,320.0,240.0,12.0,-4.0,0.075,-0.025,0.006300403225806495,0.006252000025600064,0.005040322580645196,0.005001600020480052,0.0737399193548387,-0.026250400005120016,ALIGNED
SCN_004,584,19.4333,TRACKING,332.0,236.0,320.0,240.0,12.0,-4.0,0.075,-0.025,0.0012600806451612961,0.0012504000051200143,0.001008064516129037,0.0010003200040960114,0.07474798387096773,-0.025250080001024005,ALIGNED
SCN_004,585,19.4667,TRACKING,332.0,236.0,320.0,240.0,12.0,-4.0,0.075,-0.025,0.0002520161290322648,0.00025008000102400355,0.00020161290322581185,0.00020006400081920285,0.07494959677419355,-0.025050016000204803,ALIGNED
SCN_004,586,19.5,TRACKING,332.0,236.0,320.0,240.0,12.0,-4.0,0.075,-0.025,5.0403225806447405e-05,5.00160002048014e-05,4.032258064515793e-05,4.0012800163841126e-05,0.0749899193548387,-0.025010003200040962,ALIGNED
SCN_004,587,19.5333,TRACKING,333.0,237.0,320.0,240.0,13.0,-3.0,0.08125,-0.018750000000000003,0.006260080645161301,0.00626000320004096,0.005008064516129041,0.005008002560032768,0.07999798387096774,-0.020002000640008195,ALIGNED
SCN_004,588,19.5667,TRACKING,333.0,237.0,320.0,240.0,13.0,-3.0,0.08125,-0.018750000000000003,0.0012520161290322657,0.001252000640008192,0.0010016129032258125,0.0010016005120065535,0.08099959677419355,-0.01900040012800164,ALIGNED
SCN_004,589,19.6,TRACKING,333.0,237.0,320.0,240.0,13.0,-3.0,0.08125,-0.018750000000000003,0.00025040322580645313,0.0002504001280016384,0.00020032258064516252,0.00020032010240131072,0.08119991935483871,-0.01880008002560033,ALIGNED
SCN_004,590,19.6333,TRACKING,333.0,238.0,320.0,240.0,13.0,-2.0,0.08125,-0.0125,5.00806451612934e-05,0.0063000800256003305,4.006451612903472e-05,0.0050400640204802645,0.08123998387096774,-0.013760016005120067,ALIGNED
SCN_004,591,19.6667,TRACKING,333.0,238.0,320.0,240.0,13.0,-2.0,0.08125,-0.0125,1.001612903225868e-05,0.0012600160051200668,8.012903225806945e-06,0.0010080128040960534,0.08124799677419355,-0.012752003201024015,ALIGNED
SCN_004,592,19.7,TRACKING,333.0,238.0,320.0,240.0,13.0,-2.0,0.08125,-0.0125,2.003225806457287e-06,0.00025200320102401405,1.6025806451658299e-06,0.00020160256081921125,0.0812495993548387,-0.012550400640204804,ALIGNED
SCN_004,593,19.7333,TRACKING,334.0,238.0,320.0,240.0,14.0,-2.0,0.0875,-0.0125,0.006250400645161289,5.040064020480316e-05,0.005000320516129031,4.0320512163842526e-05,0.08624991987096774,-0.012510080128040961,ALIGNED
SCN_004,594,19.7667,TRACKING,334.0,239.0,320.0,240.0,14.0,-1.0,0.0875,-0.00625,0.0012500801290322577,0.006260080128040961,0.0010000641032258063,0.005008064102432769,0.08724998397419355,-0.007502016025608192,ALIGNED
SCN_004,595,19.8,TRACKING,334.0,239.0,320.0,240.0,14.0,-1.0,0.0875,-0.00625,0.000250016025806446,0.0012520160256081917,0.00020001282064515682,0.0010016128204865533,0.08744999679483871,-0.0065004032051216385,ALIGNED
SCN_004,596,19.8333,TRACKING,334.0,239.0,320.0,240.0,14.0,-1.0,0.0875,-0.00625,5.000320516128365e-05,0.00025040320512163816,4.000256412902692e-05,0.00020032256409731054,0.08748999935896774,-0.006300080641024328,ALIGNED
SCN_004,597,19.8667,TRACKING,334.0,240.0,320.0,240.0,14.0,0.0,0.0875,0.0,1.0000641032251179e-05,0.006300080641024328,8.000512825800943e-06,0.005040064512819463,0.08749799987179355,-0.0012600161282048652,ALIGNED
SCN_004,598,19.9,TRACKING,334.0,240.0,320.0,240.0,14.0,0.0,0.0875,0.0,2.00012820644746e-06,0.0012600161282048652,1.6001025651579683e-06,0.0010080129025638923,0.0874995999743587,-0.0002520032256409729,ALIGNED
SCN_004,599,19.9333,TRACKING,334.0,240.0,320.0,240.0,14.0,0.0,0.0875,0.0,4.000256412922676e-07,0.0002520032256409729,3.2002051303381407e-07,0.00020160258051277834,0.08749991999487174,-5.040064512819458e-05,ALIGNED
SCN_004,600,19.9667,TRACKING,334.0,241.0,320.0,240.0,14.0,1.0,0.0875,0.00625,8.000512825845352e-08,0.006300400645128195,6.400410260676282e-08,0.005040320516102557,0.08749998399897434,0.004989919870974362,ALIGNED
SCN_004,601,20.0,TRACKING,334.0,241.0,320.0,240.0,14.0,1.0,0.0875,0.00625,1.600102565724182e-08,0.0012600801290256385,1.2800820525793456e-08,0.0010080641032205108,0.08749999679979487,0.0059979839741948725,ALIGNED
SCN_004,602,20.0333,TRACKING,334.0,241.0,320.0,240.0,14.0,1.0,0.0875,0.00625,3.200205128672806e-09,0.00025201602580512787,2.5601641029382453e-09,0.0002016128206441023,0.08749999935995897,0.006199596794838975,ALIGNED
SCN_004,603,20.0667,TRACKING,334.0,242.0,320.0,240.0,14.0,2.0,0.0875,0.0125,6.400410201834461e-10,0.006300403205161026,5.120328161467569e-10,0.005040322564128821,0.0874999998719918,0.011239919358967796,ALIGNED
SCN_004,604,20.1,TRACKING,334.0,242.0,320.0,240.0,14.0,2.0,0.0875,0.0125,1.2800820126113166e-10,0.001260080641032205,1.0240656100890533e-10,0.001008064512825764,0.08749999997439835,0.01224798387179356,ALIGNED
SCN_004,605,20.1333,TRACKING,334.0,243.0,320.0,240.0,14.0,3.0,0.0875,0.018750000000000003,2.5601645803341455e-11,0.006502016128206443,2.0481316642673166e-11,0.005201612902565155,0.08749999999487966,0.017449596774358714,ALIGNED
SCN_004,606,20.1667,TRACKING,334.0,243.0,320.0,240.0,14.0,3.0,0.0875,0.018750000000000003,5.120334711783414e-12,0.001300403225641289,4.0962677694267315e-12,0.0010403225805130313,0.08749999999897592,0.018489919354871744,ALIGNED
SCN_004,607,20.2,TRACKING,334.0,243.0,320.0,240.0,14.0,3.0,0.0875,0.018750000000000003,1.0240697179142444e-12,0.0002600806451282592,8.192557743313956e-13,0.00020806451610260737,0.08749999999979519,0.01869798387097435,ALIGNED
SCN_004,608,20.2333,TRACKING,334.0,244.0,320.0,240.0,14.0,4.0,0.0875,0.025,2.0480839246772575e-13,0.006302016129025652,1.6384671397418062e-13,0.005041612903220522,0.08749999999995903,0.02373959677419487,ALIGNED
SCN_004,609,20.2667,TRACKING,334.0,244.0,320.0,240.0,14.0,4.0,0.0875,0.025,4.0967229608668276e-14,0.0012604032258051318,3.277378368693462e-14,0.0010083225806441054,0.0874999999999918,0.024747919354838974,ALIGNED
SCN_004,610,20.3,TRACKING,334.0,244.0,320.0,240.0,14.0,4.0,0.0875,0.025,8.18789480661053e-15,0.00025208064516102704,6.5503158452884236e-15,0.00020166451612882165,0.08749999999999836,0.024949583870967795,ALIGNED
SCN_004,611,20.3333,TRACKING,334.0,244.0,320.0,240.0,14.0,4.0,0.0875,0.025,1.6375789613221059e-15,5.04161290322061e-05,1.3100631690576848e-15,4.0332903225764885e-05,0.08749999999999966,0.02498991677419356,ALIGNED
SCN_004,612,20.3667,TRACKING,334.0,245.0,320.0,240.0,14.0,5.0,0.0875,0.03125,3.3306690738754696e-16,0.006260083225806439,2.664535259100376e-16,0.005008066580645152,0.08749999999999993,0.029997983354838713,ALIGNED
SCN_004,613,20.4,TRACKING,334.0,245.0,320.0,240.0,14.0,5.0,0.0875,0.03125,6.938893903907228e-17,0.0012520166451612871,5.551115123125783e-17,0.0010016133161290298,0.08749999999999998,0.030999596670967744,ALIGNED
SCN_004,614,20.4333,TRACKING,334.0,245.0,320.0,240.0,14.0,5.0,0.0875,0.03125,1.3877787807814457e-17,0.00025040332903225604,1.1102230246251566e-17,0.00020032266322580485,0.0875,0.031199919334193547,ALIGNED
SCN_004,615,20.4667,TRACKING,334.0,246.0,320.0,240.0,14.0,6.0,0.0875,0.037500000000000006,0.0,0.006300080665806458,0.0,0.005040064532645167,0.0875,0.036239983866838715,ALIGNED
SCN_004,616,20.5,TRACKING,334.0,246.0,320.0,240.0,14.0,6.0,0.0875,0.037500000000000006,0.0,0.0012600161331612902,0.0,0.0010080129065290321,0.0875,0.03724799677336775,ALIGNED
SCN_004,617,20.5333,TRACKING,333.0,246.0,320.0,240.0,13.0,6.0,0.08125,0.037500000000000006,-0.006249999999999992,0.00025200322663225527,-0.004999999999999994,0.00020160258130580422,0.0825,0.037449599354673554,ALIGNED
SCN_004,618,20.5667,TRACKING,333.0,246.0,320.0,240.0,13.0,6.0,0.08125,0.037500000000000006,-0.0012500000000000011,5.0400645326451055e-05,-0.0010000000000000009,4.032051626116085e-05,0.0815,0.03748991987093472,ALIGNED
SCN_004,619,20.6,TRACKING,333.0,247.0,320.0,240.0,13.0,7.0,0.08125,0.04375,-0.0002500000000000002,0.0062600801290652805,-0.0002000000000000002,0.005008064103252225,0.0813,0.04249798397418694,ALIGNED
SCN_004,620,20.6333,TRACKING,333.0,247.0,320.0,240.0,13.0,7.0,0.08125,0.04375,-4.999999999999449e-05,0.0012520160258130547,-3.99999999999956e-05,0.001001612820650444,0.08126,0.043499596794837385,ALIGNED
SCN_004,621,20.6667,TRACKING,333.0,247.0,320.0,240.0,13.0,7.0,0.08125,0.04375,-9.999999999996123e-06,0.00025040320516261233,-7.9999999999969e-06,0.00020032256413008987,0.081252,0.04369991935896748,ALIGNED
SCN_004,622,20.7,TRACKING,332.0,247.0,320.0,240.0,12.0,7.0,0.075,0.04375,-0.0062520000000000076,5.008064103251969e-05,-0.005001600000000006,4.006451282601576e-05,0.0762504,0.043739983871793495,ALIGNED
SCN_004,623,20.7333,TRACKING,332.0,248.0,320.0,240.0,12.0,8.0,0.075,0.05,-0.0012503999999999987,0.006260016128206508,-0.001000319999999999,0.005008012902565207,0.07525008,0.048747996774358704,ALIGNED
SCN_004,624,20.7667,TRACKING,332.0,248.0,320.0,240.0,12.0,8.0,0.075,0.05,-0.00025007999999999975,0.0012520032256412988,-0.0002000639999999998,0.0010016025805130392,0.075050016,0.04974959935487174,ALIGNED
SCN_004,625,20.8,TRACKING,332.0,248.0,320.0,240.0,12.0,8.0,0.075,0.05,-5.001599999999995e-05,0.00025040064512826116,-4.0012799999999964e-05,0.00020032051610260893,0.0750100032,0.04994991987097435,ALIGNED
SCN_004,626,20.8333,TRACKING,331.0,248.0,320.0,240.0,11.0,8.0,0.06875,0.05,-0.006260003199999989,5.008012902565223e-05,-0.005008002559999992,4.0064103220521785e-05,0.07000200064,0.04998998397419487,ALIGNED
SCN_004,627,20.8667,TRACKING,331.0,249.0,320.0,240.0,11.0,9.0,0.06875,0.056249999999999994,-0.0012520006400000006,0.006260016025805122,-0.0010016005120000004,0.005008012820644098,0.069000400128,0.05499799679483897,ALIGNED
SCN_004,628,20.9,TRACKING,331.0,249.0,320.0,240.0,11.0,9.0,0.06875,0.056249999999999994,-0.00025040012799999734,0.0012520032051610216,-0.00020032010239999788,0.0010016025641288173,0.06880008002560001,0.05599959935896779,ALIGNED
SCN_004,629,20.9333,TRACKING,331.0,249.0,320.0,240.0,11.0,9.0,0.06875,0.056249999999999994,-5.008002560000224e-05,0.00025040064103220433,-4.00640204800018e-05,0.00020032051282576347,0.06876001600512001,0.056199919871793555,ALIGNED
SCN_004,630,20.9667,TRACKING,330.0,249.0,320.0,240.0,10.0,9.0,0.0625,0.056249999999999994,-0.006260016005120009,5.008012820643948e-05,-0.005008012804096008,4.0064102565151584e-05,0.063752003201024,0.056239983974358705,ALIGNED
SCN_004,631,21.0,TRACKING,330.0,249.0,320.0,240.0,10.0,9.0,0.0625,0.056249999999999994,-0.0012520032010240045,1.0016025641289283e-05,-0.0010016025608192037,8.012820513031427e-06,0.0627504006402048,0.05624799679487174,ALIGNED
SCN_004,632,21.0333,TRACKING,330.0,250.0,320.0,240.0,10.0,10.0,0.0625,0.0625,-0.0002504006402048037,0.006252003205128261,-0.00020032051216384295,0.005001602564102609,0.06255008012804096,0.06124959935897435,ALIGNED
SCN_004,633,21.0667,TRACKING,330.0,250.0,320.0,240.0,10.0,10.0,0.0625,0.0625,-5.0080128040960736e-05,0.001250400641025648,-4.0064102432768594e-05,0.0010003205128205183,0.0625100160256082,0.06224991987179487,ALIGNED
SCN_004,634,21.1,TRACKING,329.0,250.0,320.0,240.0,9.0,10.0,0.05625,0.0625,-0.006260016025608196,0.0002500801282051268,-0.005008012820486557,0.00020006410256410146,0.05750200320512164,0.062449983974358976,ALIGNED
SCN_004,635,21.1333,TRACKING,329.0,250.0,320.0,240.0,9.0,10.0,0.05625,0.0625,-0.0012520032051216365,5.0016025641023976e-05,-0.0010016025640973093,4.001282051281918e-05,0.05650040064102433,0.06248999679487179,ALIGNED
SCN_004,636,21.1667,TRACKING,329.0,250.0,320.0,240.0,9.0,10.0,0.05625,0.0625,-0.0002504006410243287,1.000320512820757e-05,-0.00020032051281946295,8.002564102566058e-06,0.056300080128204866,0.062497999358974356,ALIGNED
SCN_004,637,21.2,TRACKING,328.0,250.0,320.0,240.0,8.0,10.0,0.05,0.0625,-0.006300080128204863,2.0006410256442897e-06,-0.005040064102563891,1.600512820515432e-06,0.051260016025640974,0.06249959987179487,ALIGNED
SCN_004,638,21.2333,TRACKING,328.0,250.0,320.0,240.0,8.0,10.0,0.05,0.0625,-0.0012600160256409712,4.001282051316335e-07,-0.001008012820512777,3.2010256410530684e-07,0.050252003205128196,0.062499919974358976,ALIGNED
SCN_004,639,21.2667,TRACKING,328.0,250.0,320.0,240.0,8.0,10.0,0.05,0.0625,-0.00025200320512819285,8.002564102355114e-08,-0.0002016025641025543,6.402051281884092e-08,0.050050400641025644,0.0624999839948718,ALIGNED
SCN_004,640,21.3,TRACKING,327.0,251.0,320.0,240.0,7.0,11.0,0.04375,0.06874999999999999,-0.006300400641025647,0.006250016005128194,-0.005040320512820518,0.005000012804102555,0.04501008012820513,0.06749999679897435,ALIGNED
SCN_004,641,21.3333,TRACKING,327.0,251.0,320.0,240.0,7.0,11.0,0.04375,0.06874999999999999,-0.0012600801282051308,0.0012500032010256401,-0.0010080641025641047,0.001000002560820512,0.04400201602564102,0.06849999935979487,ALIGNED
SCN_004,642,21.3667,TRACKING,326.0,251.0,320.0,240.0,6.0,11.0,0.0375,0.06874999999999999,-0.006502016025641023,0.00025000064020512525,-0.005201612820512819,0.0002000005121641002,0.0388004032051282,0.06869999987195896,ALIGNED
SCN_004,643,21.4,TRACKING,326.0,251.0,320.0,240.0,6.0,11.0,0.0375,0.06874999999999999,-0.0013004032051282047,5.00001280410306e-05,-0.0010403225641025637,4.000010243282448e-05,0.03776008064102564,0.06873999997439179,ALIGNED
SCN_004,644,21.4333,TRACKING,325.0,251.0,320.0,240.0,5.0,11.0,0.03125,0.06874999999999999,-0.006510080641025637,1.000002560820612e-05,-0.00520806451282051,8.000020486564896e-06,0.03255201612820513,0.06874799999487835,ALIGNED
SCN_004,645,21.4667,TRACKING,325.0,251.0,320.0,240.0,5.0,11.0,0.03125,0.06874999999999999,-0.0013020161282051301,2.000005121641224e-06,-0.001041612902564104,1.6000040973129794e-06,0.031510403225641026,0.06874959999897566,ALIGNED
SCN_004,646,21.5,TRACKING,325.0,251.0,320.0,240.0,5.0,11.0,0.03125,0.06874999999999999,-0.000260403225641026,4.0000102433102036e-07,-0.00020832258051282083,3.2000081946481633e-07,0.031302080645128204,0.06874991999979513,ALIGNED
SCN_004,647,21.5333,TRACKING,324.0,251.0,320.0,240.0,4.0,11.0,0.025,0.06874999999999999,-0.006302080645128202,8.000020486342851e-08,-0.005041664516102562,6.400016389074281e-08,0.026260416129025643,0.06874998399995902,ALIGNED
SCN_004,648,21.5667,TRACKING,324.0,251.0,320.0,240.0,4.0,11.0,0.025,0.06874999999999999,-0.0012604161290256412,1.6000040972685703e-08,-0.001008332903220513,1.2800032778148563e-08,0.02525208322580513,0.0687499967999918,ALIGNED
SCN_004,649,21.6,TRACKING,323.0,251.0,320.0,240.0,3.0,11.0,0.01875,0.06874999999999999,-0.00650208322580513,3.2000081889860255e-09,-0.005201666580644105,2.5600065511888205e-09,0.020050416645161023,0.06874999935999836,ALIGNED
SCN_004,650,21.6333,TRACKING,323.0,251.0,320.0,240.0,3.0,11.0,0.01875,0.06874999999999999,-0.001300416645161024,6.400016350216475e-10,-0.0010403333161288191,5.12001308017318e-10,0.019010083329032205,0.06874999987199966,ALIGNED
SCN_004,651,21.6667,TRACKING,322.0,251.0,320.0,240.0,2.0,11.0,0.0125,0.06874999999999999,-0.006510083329032204,1.2800033255544463e-10,-0.005208066663225763,1.0240026604435571e-10,0.013802016665806442,0.06874999997439993,ALIGNED
SCN_004,652,21.7,TRACKING,322.0,251.0,320.0,240.0,2.0,11.0,0.0125,0.06874999999999999,-0.0013020166658064408,2.5600063735531364e-11,-0.0010416133326451528,2.0480050988425094e-11,0.012760403333161289,0.06874999999487998,ALIGNED
SCN_004,653,21.7333,TRACKING,322.0,251.0,320.0,240.0,2.0,11.0,0.0125,0.06874999999999999,-0.0002604033331612878,5.1200155226638344e-12,-0.00020832266652903025,4.096012418131067e-12,0.012552080666632258,0.06874999999897599,ALIGNED
SCN_004,654,21.7667,TRACKING,321.0,251.0,320.0,240.0,1.0,11.0,0.00625,0.06874999999999999,-0.006302080666632258,1.0240003289752053e-12,-0.005041664533305807,8.192002631801643e-13,0.007510416133326451,0.0687499999997952,ALIGNED
SCN_004,655,21.8,TRACKING,321.0,251.0,320.0,240.0,1.0,11.0,0.00625,0.06874999999999999,-0.0012604161333264509,2.0479451467991794e-13,-0.0010083329066611607,1.6383561174393436e-13,0.00650208322666529,0.06874999999995904,ALIGNED
SCN_004,656,21.8333,TRACKING,321.0,250.0,320.0,240.0,1.0,10.0,0.00625,0.0625,-0.00025208322666529,-0.006249999999959038,-0.000201666581332232,-0.004999999999967231,0.006300416645333058,0.06374999999999181,ALIGNED
SCN_004,657,21.8667,TRACKING,320.0,250.0,320.0,240.0,0.0,10.0,0.0,0.0625,-0.006300416645333058,-0.0012499999999918132,-0.005040333316266447,-0.0009999999999934506,0.0012600833290666111,0.06274999999999836,ALIGNED
SCN_004,658,21.9,TRACKING,320.0,250.0,320.0,240.0,0.0,10.0,0.0,0.0625,-0.0012600833290666111,-0.00024999999999836264,-0.001008066663253289,-0.00019999999999869013,0.0002520166658133221,0.06254999999999968,ALIGNED
SCN_004,659,21.9333,TRACKING,319.0,250.0,320.0,240.0,-1.0,10.0,-0.00625,0.0625,-0.006502016665813322,-4.9999999999675304e-05,-0.005201613332650658,-3.999999999974025e-05,-0.004949596666837336,0.06250999999999994,ALIGNED
SCN_004,660,21.9667,TRACKING,319.0,250.0,320.0,240.0,-1.0,10.0,-0.00625,0.0625,-0.0013004033331626644,-9.999999999940612e-06,-0.0010403226665301316,-7.99999999995249e-06,-0.005989919333367467,0.06250199999999999,ALIGNED
SCN_004,661,22.0,TRACKING,318.0,250.0,320.0,240.0,-2.0,10.0,-0.0125,0.0625,-0.006510080666632534,-1.9999999999881224e-06,-0.005208064533306027,-1.599999999990498e-06,-0.011197983866673495,0.0625004,ALIGNED
SCN_004,662,22.0333,TRACKING,318.0,249.0,320.0,240.0,-2.0,9.0,-0.0125,0.056249999999999994,-0.0013020161333265057,-0.006250400000000003,-0.0010416129066612046,-0.0050003200000000025,-0.0122395967733347,0.057500079999999995,ALIGNED
SCN_004,663,22.0667,TRACKING,318.0,249.0,320.0,240.0,-2.0,9.0,-0.0125,0.056249999999999994,-0.00026040322666530044,-0.0012500800000000006,-0.00020832258133224036,-0.0010000640000000006,-0.01244791935466694,0.05650001599999999,ALIGNED
SCN_004,664,22.1,TRACKING,317.0,249.0,320.0,240.0,-3.0,9.0,-0.01875,0.056249999999999994,-0.006302080645333059,-0.00025001599999999874,-0.0050416645162664475,-0.000200012799999999,-0.017489583870933387,0.0563000032,ALIGNED
SCN_004,665,22.1333,TRACKING,317.0,249.0,320.0,240.0,-3.0,9.0,-0.01875,0.056249999999999994,-0.0012604161290666119,-5.0003200000002523e-05,-0.0010083329032532895,-4.000256000000202e-05,-0.018497916774186676,0.056260000639999995,ALIGNED
SCN_004,666,22.1667,TRACKING,316.0,249.0,320.0,240.0,-4.0,9.0,-0.025,0.056249999999999994,-0.006502083225813325,-1.0000640000000505e-05,-0.00520166658065066,-8.000512000000403e-06,-0.023699583354837336,0.056252000127999996,ALIGNED
SCN_004,667,22.2,TRACKING,316.0,248.0,320.0,240.0,-4.0,8.0,-0.025,0.05,-0.001300416645162665,-0.006252000127999993,-0.0010403333161301321,-0.005001600102399995,-0.02473991667096747,0.0512504000256,ALIGNED
SCN_004,668,22.2333,TRACKING,316.0,248.0,320.0,240.0,-4.0,8.0,-0.025,0.05,-0.0002600833290325316,-0.0012504000256,-0.0002080666632260253,-0.0010003200204800001,-0.024947983334193496,0.050250080005120004,ALIGNED
SCN_004,669,22.2667,TRACKING,315.0,248.0,320.0,240.0,-5.0,8.0,-0.03125,0.05,-0.006302016665806504,-0.0002500800051200014,-0.005041613332645203,-0.0002000640040960011,-0.0299895966668387,0.050050016001024,ALIGNED
SCN_004,670,22.3,TRACKING,315.0,248.0,320.0,240.0,-5.0,8.0,-0.03125,0.05,-0.0012604033331613008,-5.001600102400028e-05,-0.0010083226665290408,-4.001280081920023e-05,-0.03099791933336774,0.0500100032002048,ALIGNED
SCN_004,671,22.3333,TRACKING,314.0,248.0,320.0,240.0,-6.0,8.0,-0.0375,0.05,-0.00650208066663226,-1.0003200204798668e-05,-0.005201664533305808,-8.002560163838934e-06,-0.036199583866673546,0.05000200064004096,ALIGNED
SCN_004,672,22.3667,TRACKING,314.0,247.0,320.0,240.0,-6.0,7.0,-0.0375,0.04375,-0.0013004161333264527,-0.006252000640040965,-0.0010403329066611623,-0.005001600512032772,-0.03723991677333471,0.04500040012800819,ALIGNED
SCN_004,673,22.4,TRACKING,314.0,247.0,320.0,240.0,-6.0,7.0,-0.0375,0.04375,-0.00026008322666529193,-0.001250400128008193,-0.00020806658133223357,-0.0010003201024065544,-0.03744798335466694,0.044000080025601636,ALIGNED
SCN_004,674,22.4333,TRACKING,313.0,247.0,320.0,240.0,-7.0,7.0,-0.04375,0.04375,-0.006302016645333058,-0.0002500800256016386,-0.005041613316266447,-0.0002000640204813109,-0.04248959667093338,0.043800016005120325,ALIGNED
SCN_004,675,22.4667,TRACKING,313.0,247.0,320.0,240.0,-7.0,7.0,-0.04375,0.04375,-0.0012604033290666145,-5.001600512032772e-05,-0.0010083226632532916,-4.001280409626218e-05,-0.043497919334186674,0.043760003201024064,ALIGNED
SCN_004,676,22.5,TRACKING,312.0,247.0,320.0,240.0,-8.0,7.0,-0.05,0.04375,-0.0065020806658133284,-1.0003201024066932e-05,-0.005201664532650663,-8.002560819253545e-06,-0.048699583866837336,0.04375200064020481,ALIGNED
SCN_004,677,22.5333,TRACKING,312.0,246.0,320.0,240.0,-8.0,6.0,-0.05,0.037500000000000006,-0.001300416133162667,-0.0062520006402048064,-0.0010403329065301337,-0.005001600512163845,-0.04973991677336747,0.038750400128040964,ALIGNED
SCN_004,678,22.5667,TRACKING,312.0,246.0,320.0,240.0,-8.0,6.0,-0.05,0.037500000000000006,-0.0002600832266325334,-0.0012504001280409585,-0.00020806658130602675,-0.0010003201024327668,-0.04994798335467349,0.037750080025608194,ALIGNED
SCN_004,679,22.6,TRACKING,311.0,246.0,320.0,240.0,-9.0,6.0,-0.05625,0.037500000000000006,-0.006302016645326508,-0.00025008002560818893,-0.005041613316261207,-0.00020006402048655116,-0.0549895966709347,0.037550016005121645,ALIGNED
SCN_004,680,22.6333,TRACKING,311.0,246.0,320.0,240.0,-9.0,6.0,-0.05625,0.037500000000000006,-0.001260403329065303,-5.001600512163917e-05,-0.0010083226632522425,-4.001280409731134e-05,-0.05599791933418694,0.037510003201024336,ALIGNED
SCN_004,681,22.6667,TRACKING,311.0,245.0,320.0,240.0,-9.0,5.0,-0.05625,0.03125,-0.0002520806658130592,-0.006260003201024336,-0.00020166453265044738,-0.005008002560819469,-0.05619958386683739,0.032502000640204864,ALIGNED
SCN_004,682,22.7,TRACKING,311.0,245.0,320.0,240.0,-9.0,5.0,-0.05625,0.03125,-5.0416133162610455e-05,-0.0012520006402048645,-4.033290653008837e-05,-0.0010016005121638917,-0.05623991677336748,0.03150040012804097,ALIGNED
SCN_004,683,22.7333,TRACKING,310.0,245.0,320.0,240.0,-10.0,5.0,-0.0625,0.03125,-0.006260083226632518,-0.0002504001280409715,-0.005008066581306015,-0.00020032010243277722,-0.0612479833546735,0.0313000800256082,ALIGNED
SCN_004,684,22.7667,TRACKING,310.0,245.0,320.0,240.0,-10.0,5.0,-0.0625,0.03125,-0.0012520166453265022,-5.0080025608197076e-05,-0.0010016133162612018,-4.006402048655766e-05,-0.0622495966709347,0.03126001600512164,ALIGNED
SCN_004,685,22.8,TRACKING,310.0,244.0,320.0,240.0,-10.0,4.0,-0.0625,0.025,-0.00025040332906529905,-0.006260016005121639,-0.00020032266325223925,-0.005008012804097312,-0.06244991933418694,0.02625200320102433,ALIGNED
SCN_004,686,22.8333,TRACKING,310.0,244.0,320.0,240.0,-10.0,4.0,-0.0625,0.025,-5.008066581305842e-05,-0.0012520032010243272,-4.006453265044674e-05,-0.0010016025608194617,-0.062489983866837386,0.025250400640204868,ALIGNED
SCN_004,687,22.8667,TRACKING,310.0,244.0,320.0,240.0,-10.0,4.0,-0.0625,0.025,-1.001613316261446e-05,-0.00025040064020486613,-8.012906530091569e-06,-0.00020032051216389293,-0.062497996773367474,0.025050080128040976,ALIGNED
SCN_004,688,22.9,TRACKING,309.0,244.0,320.0,240.0,-11.0,4.0,-0.06875,0.025,-0.006252003226632531,-5.0080128040974614e-05,-0.005001602581306025,-4.0064102432779694e-05,-0.0674995993546735,0.025010016025608196,ALIGNED
SCN_004,689,22.9333,TRACKING,309.0,243.0,320.0,240.0,-11.0,3.0,-0.06875,0.018750000000000003,-0.0012504006453264993,-0.006260016025608193,-0.0010003205162611994,-0.005008012820486555,-0.0684999198709347,0.02000200320512164,ALIGNED
SCN_004,690,22.9667,TRACKING,309.0,243.0,320.0,240.0,-11.0,3.0,-0.06875,0.018750000000000003,-0.00025008012906529986,-0.0012520032051216365,-0.0002000641032522399,-0.0010016025640973093,-0.06869998397418695,0.01900040064102433,ALIGNED
SCN_004,691,23.0,TRACKING,309.0,243.0,320.0,240.0,-11.0,3.0,-0.06875,0.018750000000000003,-5.001602581305997e-05,-0.0002504006410243287,-4.001282065044798e-05,-0.00020032051281946295,-0.06873999679483739,0.018800080128204867,ALIGNED
SCN_004,692,23.0333,TRACKING,309.0,242.0,320.0,240.0,-11.0,2.0,-0.06875,0.0125,-1.0003205162617546e-05,-0.006300080128204866,-8.002564130094037e-06,-0.0050400641025638935,-0.06874799935896748,0.013760016025640974,ALIGNED
SCN_004,693,23.0667,TRACKING,309.0,242.0,320.0,240.0,-11.0,2.0,-0.06875,0.0125,-2.0006410325207336e-06,-0.001260016025640973,-1.600512826016587e-06,-0.0010080128205127784,-0.06874959987179351,0.012752003205128195,ALIGNED
SCN_004,694,23.1,TRACKING,308.0,242.0,320.0,240.0,-12.0,2.0,-0.075,0.0125,-0.00625040012820649,-0.0002520032051281946,-0.005000320102565192,-0.00020160256410255568,-0.0737499199743587,0.01255040064102564,ALIGNED
SCN_004,695,23.1333,TRACKING,308.0,242.0,320.0,240.0,-12.0,2.0,-0.075,0.0125,-0.0012500800256412953,-5.040064102563961e-05,-0.0010000640205130363,-4.032051282051169e-05,-0.07474998399487173,0.012510080128205129,ALIGNED
SCN_004,696,23.1667,TRACKING,308.0,241.0,320.0,240.0,-12.0,1.0,-0.075,0.00625,-0.0002500160051282646,-0.006260080128205128,-0.0002000128041026117,-0.005008064102564103,-0.07494999679897435,0.007502016025641026,ALIGNED
SCN_004,697,23.2,TRACKING,308.0,241.0,320.0,240.0,-12.0,1.0,-0.075,0.00625,-5.000320102564737e-05,-0.0012520160256410257,-4.00025608205179e-05,-0.0010016128205128205,-0.07498999935979486,0.006500403205128205,ALIGNED
SCN_004,698,23.2333,TRACKING,308.0,241.0,320.0,240.0,-12.0,1.0,-0.075,0.00625,-1.0000640205135025e-05,-0.00025040320512820496,-8.00051216410802e-06,-0.000200322564102564,-0.07499799987195897,0.006300080641025641,ALIGNED
SCN_004,699,23.2667,TRACKING,308.0,241.0,320.0,240.0,-12.0,1.0,-0.075,0.00625,-2.0001280410242295e-06,-5.0080641025640645e-05,-1.6001024328193837e-06,-4.006451282051252e-05,-0.07499959997439179,0.006260016128205128,ALIGNED
SCN_004,700,23.3,TRACKING,308.0,240.0,320.0,240.0,-12.0,0.0,-0.075,0.0,-4.0002560820762145e-07,-0.006260016128205128,-3.200204865660972e-07,-0.0050080129025641025,-0.07499991999487836,0.0012520032256410256,ALIGNED
SCN_004,701,23.3333,TRACKING,308.0,240.0,320.0,240.0,-12.0,0.0,-0.075,0.0,-8.000512163874873e-08,-0.0012520032256410256,-6.400409731099899e-08,-0.0010016025805128206,-0.07499998399897567,0.000250400645128205,ALIGNED
SCN_004,702,23.3667,TRACKING,308.0,240.0,320.0,240.0,-12.0,0.0,-0.075,0.0,-1.600102432497419e-08,-0.000250400645128205,-1.2800819459979351e-08,-0.000200320516102564,-0.07499999679979513,5.008012902564098e-05,ALIGNED
SCN_004,703,23.4,TRACKING,308.0,240.0,320.0,240.0,-12.0,0.0,-0.075,0.0,-3.200204864994838e-09,-5.008012902564098e-05,-2.5601638919958703e-09,-4.0064103220512786e-05,-0.07499999935995902,1.0016025805128197e-05,ALIGNED
SCN_004,704,23.4333,TRACKING,308.0,239.0,320.0,240.0,-12.0,-1.0,-0.075,-0.00625,-6.400409785500827e-10,-0.006260016025805128,-5.120327828400661e-10,-0.005008012820644103,-0.0749999998719918,-0.004997996794838975,ALIGNED
SCN_004,705,23.4667,TRACKING,308.0,239.0,320.0,240.0,-12.0,-1.0,-0.075,-0.00625,-1.2800820126113166e-10,-0.0012520032051610251,-1.0240656100890533e-10,-0.0010016025641288201,-0.07499999997439835,-0.005999599358967795,ALIGNED
SCN_004,706,23.5,TRACKING,308.0,239.0,320.0,240.0,-12.0,-1.0,-0.075,-0.00625,-2.5601645803341455e-11,-0.0002504006410322052,-2.0481316642673166e-11,-0.00020032051282576417,-0.07499999999487966,-0.006199919871793559,ALIGNED
SCN_004,707,23.5333,TRACKING,308.0,239.0,320.0,240.0,-12.0,-1.0,-0.075,-0.00625,-5.120334711783414e-12,-5.008012820644121e-05,-4.0962677694267315e-12,-4.006410256515297e-05,-0.07499999999897593,-0.006239983974358712,ALIGNED
SCN_004,708,23.5667,TRACKING,308.0,238.0,320.0,240.0,-12.0,-2.0,-0.075,-0.0125,-1.0240697179142444e-12,-0.006260016025641289,-8.192557743313956e-13,-0.005008012820513032,-0.07499999999979519,-0.011247996794871745,ALIGNED
SCN_004,709,23.6,TRACKING,309.0,238.0,320.0,240.0,-11.0,-2.0,-0.06875,-0.0125,0.006249999999795183,-0.0012520032051282562,0.004999999999836147,-0.001001602564102605,-0.06999999999995904,-0.01224959935897435,ALIGNED
SCN_004,710,23.6333,TRACKING,309.0,238.0,320.0,240.0,-11.0,-2.0,-0.06875,-0.0125,0.0012499999999590339,-0.00025040064102565054,0.0009999999999672272,-0.00020032051282052046,-0.06899999999999182,-0.012449919871794871,ALIGNED
SCN_004,711,23.6667,TRACKING,309.0,238.0,320.0,240.0,-11.0,-2.0,-0.06875,-0.0125,0.00024999999999181233,-5.008012820512976e-05,0.00019999999999344988,-4.006410256410381e-05,-0.06879999999999836,-0.012489983974358975,ALIGNED
SCN_004,712,23.7,TRACKING,309.0,237.0,320.0,240.0,-11.0,-3.0,-0.06875,-0.018750000000000003,4.9999999998356914e-05,-0.006260016025641028,3.999999999868554e-05,-0.005008012820512823,-0.06875999999999968,-0.0174979967948718,ALIGNED
SCN_004,713,23.7333,TRACKING,309.0,237.0,320.0,240.0,-11.0,-3.0,-0.06875,-0.018750000000000003,9.999999999676934e-06,-0.0012520032051282041,7.999999999741548e-06,-0.0010016025641025634,-0.06875199999999994,-0.018499599358974363,ALIGNED
SCN_004,714,23.7667,TRACKING,309.0,237.0,320.0,240.0,-11.0,-3.0,-0.06875,-0.018750000000000003,1.9999999999326112e-06,-0.00025040064102564014,1.599999999946089e-06,-0.0002003205128205121,-0.06875039999999999,-0.018699919871794875,ALIGNED
SCN_004,715,23.8,TRACKING,309.0,237.0,320.0,240.0,-11.0,-3.0,-0.06875,-0.018750000000000003,3.999999999837467e-07,-5.008012820512803e-05,3.1999999998699736e-07,-4.006410256410242e-05,-0.06875008,-0.018739983974358977,ALIGNED
SCN_004,716,23.8333,TRACKING,310.0,236.0,320.0,240.0,-10.0,-4.0,-0.0625,-0.025,0.006250080000000005,-0.006260016025641024,0.005000064000000005,-0.00500801282051282,-0.063750016,-0.023747996794871797,ALIGNED
SCN_004,717,23.8667,TRACKING,310.0,236.0,320.0,240.0,-10.0,-4.0,-0.0625,-0.025,0.0012500160000000066,-0.0012520032051282041,0.0010000128000000053,-0.0010016025641025634,-0.0627500032,-0.02474959935897436,ALIGNED
SCN_004,718,23.9,TRACKING,310.0,236.0,320.0,240.0,-10.0,-4.0,-0.0625,-0.025,0.0002500032000000013,-0.00025040064102564014,0.00020000256000000106,-0.0002003205128205121,-0.06255000064,-0.024949919871794873,ALIGNED
SCN_004,719,23.9333,TRACKING,310.0,236.0,320.0,240.0,-10.0,-4.0,-0.0625,-0.025,5.0000640000005814e-05,-5.008012820512803e-05,4.000051200000465e-05,-4.006410256410242e-05,-0.062510000128,-0.024989983974358976,ALIGNED
SCN_004,720,23.9667,TRACKING,311.0,236.0,320.0,240.0,-9.0,-4.0,-0.05625,-0.025,0.006260000127999994,-1.0016025641025605e-05,0.005008000102399996,-8.012820512820484e-06,-0.0575020000256,-0.024997996794871795,ALIGNED
SCN_004,721,24.0,TRACKING,311.0,236.0,320.0,240.0,-9.0,-4.0,-0.05625,-0.025,0.0012520000255999975,-2.003205128206509e-06,0.001001600020479998,-1.6025641025652072e-06,-0.05650040000512,-0.02499959935897436,ALIGNED
SCN_004,722,24.0333,TRACKING,311.0,235.0,320.0,240.0,-9.0,-5.0,-0.05625,-0.03125,0.0002504000051199995,-0.0062504006410256385,0.00020032000409599961,-0.005000320512820511,-0.056300080001024,-0.029999919871794872,ALIGNED
SCN_004,723,24.0667,TRACKING,311.0,235.0,320.0,240.0,-9.0,-5.0,-0.05625,-0.03125,5.0080001024001286e-05,-0.0012500801282051277,4.006400081920103e-05,-0.0010000641025641021,-0.056260016000204804,-0.030999983974358974,ALIGNED
SCN_004,724,24.1,TRACKING,312.0,235.0,320.0,240.0,-8.0,-5.0,-0.05,-0.03125,0.006260016000204802,-0.00025001602564102623,0.0050080128001638415,-0.000200012820512821,-0.05125200320004096,-0.031199996794871794,ALIGNED
SCN_004,725,24.1333,TRACKING,312.0,235.0,320.0,240.0,-8.0,-5.0,-0.05,-0.03125,0.0012520032000409576,-5.000320512820594e-05,0.0010016025600327661,-4.000256410256476e-05,-0.05025040064000819,-0.031239999358974358,ALIGNED
SCN_004,726,24.1667,TRACKING,312.0,235.0,320.0,240.0,-8.0,-5.0,-0.05,-0.03125,0.0002504006400081901,-1.0000641025641882e-05,0.0002003205120065521,-8.000512820513506e-06,-0.05005008012800164,-0.03124799987179487,ALIGNED
SCN_004,727,24.2,TRACKING,313.0,234.0,320.0,240.0,-7.0,-6.0,-0.04375,-0.037500000000000006,0.006300080128001644,-0.006252000128205135,0.005040064102401315,-0.005001600102564108,-0.04501001602560033,-0.036249599974358976,ALIGNED
SCN_004,728,24.2333,TRACKING,313.0,234.0,320.0,240.0,-7.0,-6.0,-0.04375,-0.037500000000000006,0.00126001602560033,-0.0012504000256410297,0.0010080128204802642,-0.0010003200205128237,-0.044002003205120065,-0.0372499199948718,ALIGNED
SCN_004,729,24.2667,TRACKING,313.0,234.0,320.0,240.0,-7.0,-6.0,-0.04375,-0.037500000000000006,0.0002520032051200674,-0.00025008000512820316,0.00020160256409605394,-0.00020006400410256254,-0.04380040064102401,-0.03744998399897437,ALIGNED
SCN_004,730,24.3,TRACKING,313.0,234.0,320.0,240.0,-7.0,-6.0,-0.04375,-0.037500000000000006,5.0400641024010706e-05,-5.001600102563786e-05,4.0320512819208566e-05,-4.001280082051029e-05,-0.0437600801282048,-0.03748999679979488,ALIGNED
SCN_004,731,24.3333,TRACKING,314.0,234.0,320.0,240.0,-6.0,-6.0,-0.0375,-0.037500000000000006,0.006260080128204802,-1.0003200205124796e-05,0.005008064102563842,-8.002560164099837e-06,-0.03875201602564096,-0.03749799935995898,ALIGNED
SCN_004,732,24.3667,TRACKING,314.0,233.0,320.0,240.0,-6.0,-7.0,-0.0375,-0.04375,0.0012520160256409632,-0.006252000640041014,0.0010016128205127706,-0.005001600512032811,-0.037750403205128194,-0.0424995998719918,ALIGNED
SCN_004,733,24.4,TRACKING,314.0,233.0,320.0,240.0,-6.0,-7.0,-0.0375,-0.04375,0.0002504032051281954,-0.0012504001280082,0.00020032256410255634,-0.00100032010240656,-0.037550080641025635,-0.04349991997439836,ALIGNED
SCN_004,734,24.4333,TRACKING,315.0,233.0,320.0,240.0,-5.0,-7.0,-0.03125,-0.04375,0.006300080641025635,-0.0002500800256016386,0.005040064512820509,-0.0002000640204813109,-0.03251001612820513,-0.04369998399487967,ALIGNED
SCN_004,735,24.4667,TRACKING,315.0,233.0,320.0,240.0,-5.0,-7.0,-0.03125,-0.04375,0.0012600161282051298,-5.001600512032772e-05,0.001008012902564104,-4.001280409626218e-05,-0.03150200322564103,-0.04373999679897593,ALIGNED
SCN_004,736,24.5,TRACKING,316.0,233.0,320.0,240.0,-4.0,-7.0,-0.025,-0.04375,0.006502003225641026,-1.0003201024066932e-05,0.0052016025805128215,-8.002560819253545e-06,-0.026300400645128206,-0.04374799935979518,ALIGNED
SCN_004,737,24.5333,TRACKING,316.0,232.0,320.0,240.0,-4.0,-8.0,-0.025,-0.05,0.0013004006451282045,-0.00625200064020482,0.0010403205161025636,-0.005001600512163857,-0.02526008012902564,-0.04874959987195904,ALIGNED
SCN_004,738,24.5667,TRACKING,316.0,232.0,320.0,240.0,-4.0,-8.0,-0.025,-0.05,0.0002600801290256402,-0.0012504001280409655,0.00020806410322051218,-0.0010003201024327724,-0.02505201602580513,-0.04974991997439181,ALIGNED
SCN_004,739,24.6,TRACKING,317.0,232.0,320.0,240.0,-3.0,-8.0,-0.01875,-0.05,0.006302016025805129,-0.00025008002560819587,0.005041612820644104,-0.0002000640204865567,-0.020010403205161023,-0.049949983994878364,ALIGNED
SCN_004,740,24.6333,TRACKING,317.0,232.0,320.0,240.0,-3.0,-8.0,-0.01875,-0.05,0.0012604032051610238,-5.001600512163917e-05,0.001008322564128819,-4.001280409731134e-05,-0.019002080641032204,-0.04998999679897567,ALIGNED
SCN_004,741,24.6667,TRACKING,317.0,232.0,320.0,240.0,-3.0,-8.0,-0.01875,-0.05,0.00025208064103220476,-1.000320102433061e-05,0.00020166451282576381,-8.002560819464489e-06,-0.01880041612820644,-0.04999799935979514,ALIGNED
SCN_004,742,24.7,TRACKING,318.0,232.0,320.0,240.0,-2.0,-8.0,-0.0125,-0.05,0.006300416128206438,-2.0006402048633465e-06,0.005040332902565151,-1.6005121638906773e-06,-0.013760083225641288,-0.04999959987195903,ALIGNED
SCN_004,743,24.7333,TRACKING,318.0,232.0,320.0,240.0,-2.0,-8.0,-0.0125,-0.05,0.0012600832256412873,-4.001280409712815e-07,0.00100806658051303,-3.2010243277702525e-07,-0.012752016645128258,-0.04999991997439181,ALIGNED
SCN_004,744,24.7667,TRACKING,318.0,232.0,320.0,240.0,-2.0,-8.0,-0.0125,-0.05,0.0002520166451282571,-8.002560819564408e-08,0.0002016133161026057,-6.402048655651527e-08,-0.012550403329025652,-0.049999983994878365,ALIGNED
SCN_004,745,24.8,TRACKING,319.0,232.0,320.0,240.0,-1.0,-8.0,-0.00625,-0.05,0.006300403329025652,-1.6005121637741038e-08,0.005040322663220522,-1.280409731019283e-08,-0.00751008066580513,-0.049999996798975675,ALIGNED
SCN_004,746,24.8333,TRACKING,319.0,231.0,320.0,240.0,-1.0,-9.0,-0.00625,-0.056249999999999994,0.00126008066580513,-0.006250003201024319,0.001008064532644104,-0.005000002560819456,-0.006502016133161027,-0.05499999935979513,ALIGNED
SCN_004,747,24.8667,TRACKING,319.0,231.0,320.0,240.0,-1.0,-9.0,-0.00625,-0.056249999999999994,0.00025201613316102635,-0.0012500006402048625,0.00020161290652882108,-0.00100000051216389,-0.006300403226632206,-0.05599999987195902,ALIGNED
SCN_004,748,24.9,TRACKING,320.0,231.0,320.0,240.0,0.0,-9.0,0.0,-0.056249999999999994,0.006300403226632206,-0.0002500001280409739,0.005040322581305765,-0.00020000010243277912,-0.001260080645326441,-0.0561999999743918,ALIGNED
SCN_004,749,24.9333,TRACKING,320.0,231.0,320.0,240.0,0.0,-9.0,0.0,-0.056249999999999994,0.001260080645326441,-5.000002560819755e-05,0.0010080645162611529,-4.0000020486558044e-05,-0.00025201612906528806,-0.05623999999487835,ALIGNED
SCN_004,750,24.9667,TRACKING,320.0,231.0,320.0,240.0,0.0,-9.0,0.0,-0.056249999999999994,0.00025201612906528806,-1.0000005121642286e-05,0.00020161290325223046,-8.000004097313829e-06,-5.0403225813057596e-05,-0.056247999998975666,ALIGNED
SCN_004,751,25.0,TRACKING,321.0,231.0,320.0,240.0,1.0,-9.0,0.00625,-0.056249999999999994,0.006300403225813058,-2.000001024328457e-06,0.005040322580650447,-1.600000819462766e-06,0.004989919354837389,-0.056249599999795126,ALIGNED
SCN_004,752,25.0333,TRACKING,321.0,231.0,320.0,240.0,1.0,-9.0,0.00625,-0.056249999999999994,0.001260080645162611,-4.00000204868467e-07,0.001008064516130089,-3.200001638947736e-07,0.005997983870967478,-0.05624991999995902,ALIGNED
SCN_004,753,25.0667,TRACKING,321.0,231.0,320.0,240.0,1.0,-9.0,0.00625,-0.056249999999999994,0.0002520161290325224,-8.00000409736934e-08,0.00020161290322601793,-6.400003277895473e-08,0.006199596774193496,-0.0562499839999918,ALIGNED
SCN_004,754,25.1,TRACKING,322.0,231.0,320.0,240.0,2.0,-9.0,0.0125,-0.056249999999999994,0.006300403225806505,-1.60000081933509e-08,0.0050403225806452045,-1.280000655468072e-08,0.011239919354838701,-0.056249996799998356,ALIGNED
SCN_004,755,25.1333,TRACKING,322.0,231.0,320.0,240.0,2.0,-9.0,0.0125,-0.056249999999999994,0.0012600806451612996,-3.20000163867018e-09,0.0010080645161290398,-2.5600013109361444e-09,0.012247983870967741,-0.056249999359999664,ALIGNED
SCN_004,756,25.1667,TRACKING,323.0,231.0,320.0,240.0,3.0,-9.0,0.01875,-0.056249999999999994,0.006502016129032258,-6.400003305095936e-10,0.005201612903225807,-5.120002644076749e-10,0.017449596774193547,-0.056249999871999926,ALIGNED
SCN_004,757,25.2,TRACKING,323.0,231.0,320.0,240.0,3.0,-9.0,0.01875,-0.056249999999999994,0.001300403225806452,-1.2800006887747628e-10,0.0010403225806451617,-1.0240005510198103e-10,0.018489919354838708,-0.05624999997439998,ALIGNED
SCN_004,758,25.2333,TRACKING,323.0,231.0,320.0,240.0,3.0,-9.0,0.01875,-0.056249999999999994,0.0002600806451612918,-2.5600015163274037e-11,0.00020806451612903344,-2.048001213061923e-11,0.01869798387096774,-0.05624999999487999,ALIGNED
SCN_004,759,25.2667,TRACKING,324.0,231.0,320.0,240.0,4.0,-9.0,0.025,-0.056249999999999994,0.006302016129032261,-5.120001644876027e-12,0.005041612903225809,-4.096001315900821e-12,0.02373959677419355,-0.056249999998975994,ALIGNED
SCN_004,760,25.3,TRACKING,324.0,231.0,320.0,240.0,4.0,-9.0,0.025,-0.056249999999999994,0.0012604032258064501,-1.0240003289752053e-12,0.00100832258064516,-8.192002631801643e-13,0.02474791935483871,-0.05624999999979519,ALIGNED
SCN_004,761,25.3333,TRACKING,324.0,231.0,320.0,240.0,4.0,-9.0,0.025,-0.056249999999999994,0.0002520806451612907,-2.0480145357382185e-13,0.00020166451612903258,-1.6384116285905748e-13,0.024949583870967743,-0.056249999999959034,ALIGNED
SCN_004,762,25.3667,TRACKING,324.0,232.0,320.0,240.0,4.0,-8.0,0.025,-0.05,5.0416129032258145e-05,0.006249999999959031,4.033290322580652e-05,0.004999999999967225,0.02498991677419355,-0.05124999999999181,ALIGNED
SCN_004,763,25.4,TRACKING,325.0,232.0,320.0,240.0,5.0,-8.0,0.03125,-0.05,0.0062600832258064495,0.0012499999999918063,0.00500806658064516,0.0009999999999934452,0.02999798335483871,-0.050249999999998365,ALIGNED
SCN_004,764,25.4333,TRACKING,325.0,232.0,320.0,240.0,5.0,-8.0,0.03125,-0.05,0.0012520166451612906,0.00024999999999836264,0.0010016133161290326,0.00019999999999869013,0.03099959667096774,-0.05004999999999968,ALIGNED
SCN_004,765,25.4667,TRACKING,325.0,232.0,320.0,240.0,5.0,-8.0,0.03125,-0.05,0.0002504033290322595,4.9999999999675304e-05,0.00020032266322580762,3.999999999974025e-05,0.031199919334193547,-0.050009999999999936,ALIGNED
SCN_004,766,25.5,TRACKING,326.0,232.0,320.0,240.0,6.0,-8.0,0.0375,-0.05,0.006300080665806451,9.999999999933673e-06,0.005040064532645161,7.999999999946938e-06,0.03623998386683871,-0.05000199999999999,ALIGNED
SCN_004,767,25.5333,TRACKING,326.0,232.0,320.0,240.0,6.0,-8.0,0.0375,-0.05,0.0012600161331612902,1.9999999999881224e-06,0.0010080129065290321,1.599999999990498e-06,0.03724799677336774,-0.0500004,ALIGNED
SCN_004,768,25.5667,TRACKING,326.0,232.0,320.0,240.0,6.0,-8.0,0.0375,-0.05,0.00025200322663225527,3.999999999976245e-07,0.00020160258130580422,3.199999999980996e-07,0.03744959935467355,-0.05000008,ALIGNED
SCN_004,769,25.6,TRACKING,326.0,233.0,320.0,240.0,6.0,-7.0,0.0375,-0.04375,5.0400645326451055e-05,0.006250080000000005,4.032051626116085e-05,0.005000064000000005,0.03748991987093471,-0.045000016,ALIGNED
SCN_004,770,25.6333,TRACKING,327.0,233.0,320.0,240.0,7.0,-7.0,0.04375,-0.04375,0.0062600801290652874,0.0012500159999999996,0.00500806410325223,0.0010000127999999998,0.04249798397418694,-0.0440000032,ALIGNED
SCN_004,771,25.6667,TRACKING,327.0,233.0,320.0,240.0,7.0,-7.0,0.04375,-0.04375,0.0012520160258130547,0.0002500032000000013,0.001001612820650444,0.00020000256000000106,0.043499596794837385,-0.043800000639999996,ALIGNED
SCN_004,772,25.7,TRACKING,327.0,233.0,320.0,240.0,7.0,-7.0,0.04375,-0.04375,0.00025040320516261233,5.0000639999998875e-05,0.00020032256413008987,4.00005119999991e-05,0.04369991935896748,-0.043760000128,ALIGNED
SCN_004,773,25.7333,TRACKING,328.0,233.0,320.0,240.0,8.0,-7.0,0.05,-0.04375,0.006300080641032525,1.000012800000255e-05,0.005040064512826021,8.000102400002041e-06,0.0487399838717935,-0.0437520000256,ALIGNED
SCN_004,774,25.7667,TRACKING,328.0,233.0,320.0,240.0,8.0,-7.0,0.05,-0.04375,0.0012600161282065037,2.0000256000032857e-06,0.0010080129025652029,1.6000204800026287e-06,0.049747996774358705,-0.043750400005119996,ALIGNED
SCN_004,775,25.8,TRACKING,328.0,234.0,320.0,240.0,8.0,-6.0,0.05,-0.037500000000000006,0.00025200322564129796,0.006250400005119991,0.00020160258051303838,0.0050003200040959934,0.04994959935487174,-0.038750080001024007,ALIGNED
SCN_004,776,25.8333,TRACKING,328.0,234.0,320.0,240.0,8.0,-6.0,0.05,-0.037500000000000006,5.040064512826237e-05,0.001250080001024001,4.0320516102609895e-05,0.0010000640008192008,0.04998991987097435,-0.037750016000204806,ALIGNED
SCN_004,777,25.8667,TRACKING,328.0,234.0,320.0,240.0,8.0,-6.0,0.05,-0.037500000000000006,1.0080129025653861e-05,0.0002500160002048002,8.06410322052309e-06,0.00020001280016384017,0.04999798397419487,-0.03755000320004097,ALIGNED
SCN_004,778,25.9,TRACKING,329.0,234.0,320.0,240.0,9.0,-6.0,0.05625,-0.037500000000000006,0.006252016025805128,5.0003200040962814e-05,0.005001612820644103,4.0002560032770254e-05,0.05499959679483898,-0.0375100006400082,ALIGNED
SCN_004,779,25.9333,TRACKING,329.0,235.0,320.0,240.0,9.0,-5.0,0.05625,-0.03125,0.0012504032051610242,0.006260000640008201,0.0010003225641288195,0.005008000512006561,0.055999919358967795,-0.03250200012800164,ALIGNED
SCN_004,780,25.9667,TRACKING,329.0,235.0,320.0,240.0,9.0,-5.0,0.05625,-0.03125,0.00025008064103220623,0.0012520001280016402,0.000200064512825765,0.001001600102401312,0.05619998387179356,-0.031500400025600325,ALIGNED
SCN_004,781,26.0,TRACKING,329.0,235.0,320.0,240.0,9.0,-5.0,0.05625,-0.03125,5.001612820643847e-05,0.00025040002560032526,4.001290256515078e-05,0.0002003200204802602,0.056239996774358716,-0.031300080005120065,ALIGNED
SCN_004,782,26.0333,TRACKING,329.0,235.0,320.0,240.0,9.0,-5.0,0.05625,-0.03125,1.0003225641284919e-05,5.008000512006505e-05,8.002580513027934e-06,4.0064004096052044e-05,0.05624799935487174,-0.031260016001024016,ALIGNED
SCN_004,783,26.0667,TRACKING,330.0,236.0,320.0,240.0,10.0,-4.0,0.0625,-0.025,0.006252000645128257,0.006260016001024014,0.005001600516102606,0.005008012800819212,0.06124959987097435,-0.026252003200204804,ALIGNED
SCN_004,784,26.1,TRACKING,330.0,236.0,320.0,240.0,10.0,-4.0,0.0625,-0.025,0.00125040012902565,0.0012520032002048022,0.00100032010322052,0.0010016025601638418,0.06224991997419487,-0.02525040064004096,ALIGNED
SCN_004,785,26.1333,TRACKING,330.0,236.0,320.0,240.0,10.0,-4.0,0.0625,-0.025,0.0002500800258051286,0.00025040064004095905,0.0002000640206441029,0.00020032051203276724,0.062449983994838976,-0.025050080128008193,ALIGNED
SCN_004,786,26.1667,TRACKING,330.0,236.0,320.0,240.0,10.0,-4.0,0.0625,-0.025,5.0016005161024335e-05,5.008012800819181e-05,4.001280412881947e-05,4.006410240655345e-05,0.062489996798967794,-0.02501001602560164,ALIGNED
SCN_004,787,26.2,TRACKING,330.0,237.0,320.0,240.0,10.0,-3.0,0.0625,-0.018750000000000003,1.0003201032206255e-05,0.006260016025601636,8.002560825765005e-06,0.005008012820481309,0.06249799935979356,-0.020002003205120328,ALIGNED
SCN_004,788,26.2333,TRACKING,330.0,237.0,320.0,240.0,10.0,-3.0,0.0625,-0.018750000000000003,2.0006402064384754e-06,0.001252003205120325,1.6005121651507805e-06,0.00100160256409626,0.06249959987195871,-0.019000400641024068,ALIGNED
SCN_004,789,26.2667,TRACKING,330.0,237.0,320.0,240.0,10.0,-3.0,0.0625,-0.018750000000000003,4.0012804129047064e-07,0.000250400641024065,3.201024330323765e-07,0.00020032051281925202,0.06249991997439174,-0.018800080128204815,ALIGNED
SCN_004,790,26.3,TRACKING,331.0,238.0,320.0,240.0,11.0,-2.0,0.06875,-0.0125,0.006250080025608264,0.006300080128204814,0.005000064020486611,0.005040064102563852,0.06749998399487836,-0.013760016025640963,ALIGNED
SCN_004,791,26.3333,TRACKING,331.0,238.0,320.0,240.0,11.0,-2.0,0.06875,-0.0125,0.0012500160051216458,0.0012600160256409625,0.0010000128040973167,0.0010080128205127701,0.06849999679897567,-0.012752003205128194,ALIGNED
SCN_004,792,26.3667,TRACKING,331.0,238.0,320.0,240.0,11.0,-2.0,0.06875,-0.0125,0.0002500032010243347,0.00025200320512819285,0.00020000256081946778,0.0002016025641025543,0.06869999935979514,-0.012550400641025639,ALIGNED
SCN_004,793,26.4,TRACKING,331.0,239.0,320.0,240.0,11.0,-1.0,0.06875,-0.00625,5.000064020486972e-05,0.006300400641025638,4.000051216389578e-05,0.005040320512820511,0.06873999987195903,-0.007510080128205128,ALIGNED
SCN_004,794,26.4333,TRACKING,331.0,239.0,320.0,240.0,11.0,-1.0,0.06875,-0.00625,1.0000128040976719e-05,0.0012600801282051273,8.000102432781376e-06,0.0010080641025641019,0.06874799997439181,-0.006502016025641026,ALIGNED
SCN_004,795,26.4667,TRACKING,331.0,239.0,320.0,240.0,11.0,-1.0,0.06875,-0.00625,2.0000256081981194e-06,0.00025201602564102563,1.6000204865584955e-06,0.00020161282051282052,0.06874959999487837,-0.006300403205128206,ALIGNED
SCN_004,796,26.5,TRACKING,331.0,239.0,320.0,240.0,11.0,-1.0,0.06875,-0.00625,4.000051216368483e-07,5.04032051282053e-05,3.2000409730947867e-07,4.0322564102564245e-05,0.06874991999897567,-0.006260080641025642,ALIGNED
SCN_004,797,26.5333,TRACKING,331.0,240.0,320.0,240.0,11.0,0.0,0.06875,0.0,8.000102433292078e-08,0.006260080641025642,6.400081946633662e-08,0.005008064512820514,0.06874998399979514,-0.0012520161282051278,ALIGNED
SCN_004,798,26.5667,TRACKING,331.0,240.0,320.0,240.0,11.0,0.0,0.06875,0.0,1.6000204869359713e-08,0.0012520161282051278,1.2800163895487771e-08,0.0010016129025641023,0.06874999679995904,-0.00025040322564102557,ALIGNED
SCN_004,799,26.6,TRACKING,331.0,240.0,320.0,240.0,11.0,0.0,0.06875,0.0,3.2000409683208275e-09,0.00025040322564102557,2.560032774656662e-09,0.00020032258051282047,0.0687499993599918,-5.00806451282051e-05,ALIGNED
SCN_004,800,26.6333,TRACKING,331.0,241.0,320.0,240.0,11.0,1.0,0.06875,0.00625,6.400081992152806e-10,0.006300080645128206,5.120065593722246e-10,0.005040064516102565,0.06874999987199837,0.004989983870974359,ALIGNED
SCN_004,801,26.6667,TRACKING,331.0,241.0,320.0,240.0,11.0,1.0,0.06875,0.00625,1.2800163706749856e-10,0.001260016129025641,1.0240130965399885e-10,0.001008012903220513,0.06874999997439968,0.0059979967741948725,ALIGNED
SCN_004,802,26.7,TRACKING,331.0,241.0,320.0,240.0,11.0,1.0,0.06875,0.00625,2.5600327413499713e-11,0.00025200322580512784,2.0480261930799772e-11,0.0002016025806441023,0.06874999999487993,0.006199599354838975,ALIGNED
SCN_004,803,26.7333,TRACKING,331.0,242.0,320.0,240.0,11.0,2.0,0.06875,0.0125,5.120071033815066e-12,0.006300400645161026,4.0960568270520525e-12,0.005040320516128821,0.06874999999897599,0.011239919870967795,ALIGNED
SCN_004,804,26.7667,TRACKING,330.0,242.0,320.0,240.0,10.0,2.0,0.0625,0.0125,-0.006249999998975991,0.0012600801290322053,-0.004999999999180793,0.0010080641032257642,0.06374999999979519,0.01224798397419356,ALIGNED
SCN_004,805,26.8,TRACKING,330.0,242.0,320.0,240.0,10.0,2.0,0.0625,0.0125,-0.0012499999997951927,0.00025201602580644106,-0.0009999999998361543,0.00020161282064515285,0.06274999999995903,0.012449596794838712,ALIGNED
SCN_004,806,26.8333,TRACKING,330.0,243.0,320.0,240.0,10.0,3.0,0.0625,0.018750000000000003,-0.000249999999959033,0.00630040320516129,-0.0001999999999672264,0.005040322564129032,0.0625499999999918,0.017489919358967744,ALIGNED
SCN_004,807,26.8667,TRACKING,330.0,243.0,320.0,240.0,10.0,3.0,0.0625,0.018750000000000003,-4.99999999918066e-05,0.0012600806410322588,-3.999999999344528e-05,0.0010080645128258071,0.06250999999999836,0.01849798387179355,ALIGNED
SCN_004,808,26.9,TRACKING,330.0,243.0,320.0,240.0,10.0,3.0,0.0625,0.018750000000000003,-9.999999998358544e-06,0.00025201612820645314,-7.999999998686836e-06,0.00020161290256516252,0.06250199999999967,0.01869959677435871,ALIGNED
SCN_004,809,26.9333,TRACKING,330.0,243.0,320.0,240.0,10.0,3.0,0.0625,0.018750000000000003,-1.9999999996689333e-06,5.040322564129132e-05,-1.5999999997351467e-06,4.032258051303306e-05,0.06250039999999993,0.018739919354871744,ALIGNED
SCN_004,810,26.9667,TRACKING,330.0,244.0,320.0,240.0,10.0,4.0,0.0625,0.025,-3.9999999992823554e-07,0.006260080645128258,-3.1999999994258843e-07,0.005008064516102606,0.06250007999999999,0.02374798387097435,ALIGNED
SCN_004,811,27.0,TRACKING,330.0,244.0,320.0,240.0,10.0,4.0,0.0625,0.025,-7.999999998564711e-08,0.001252016129025653,-6.399999998851769e-08,0.0010016129032205223,0.06250001599999999,0.02474959677419487,ALIGNED
SCN_004,812,27.0333,TRACKING,330.0,244.0,320.0,240.0,10.0,4.0,0.0625,0.025,-1.5999999991578306e-08,0.0002504032258051313,-1.2799999993262646e-08,0.00020032258064410502,0.0625000032,0.024949919354838975,ALIGNED
SCN_004,813,27.0667,TRACKING,330.0,245.0,320.0,240.0,10.0,5.0,0.0625,0.03125,-3.200000001091219e-09,0.006300080645161025,-2.5600000008729752e-09,0.005040064516128821,0.06250000064,0.029989983870967796,ALIGNED
SCN_004,814,27.1,TRACKING,330.0,245.0,320.0,240.0,10.0,5.0,0.0625,0.03125,-6.399999974426862e-10,0.0012600161290322043,-5.11999997954149e-10,0.0010080129032257635,0.062500000128,0.03099799677419356,ALIGNED
SCN_004,815,27.1333,TRACKING,329.0,245.0,320.0,240.0,9.0,5.0,0.05625,0.03125,-0.006250000127999998,0.00025200322580644016,-0.005000000102399999,0.00020160258064515213,0.057500000025600004,0.031199599354838712,ALIGNED
SCN_004,816,27.1667,TRACKING,329.0,245.0,320.0,240.0,9.0,5.0,0.05625,0.03125,-0.0012500000256000024,5.040064516128803e-05,-0.001000000020480002,4.032051612903043e-05,0.05650000000512,0.031239919870967744,ALIGNED
SCN_004,817,27.2,TRACKING,329.0,246.0,320.0,240.0,9.0,6.0,0.05625,0.037500000000000006,-0.00025000000512000187,0.006260080129032262,-0.00020000000409600152,0.005008064103225809,0.056300000001024,0.03624798397419356,ALIGNED
SCN_004,818,27.2333,TRACKING,329.0,246.0,320.0,240.0,9.0,6.0,0.05625,0.037500000000000006,-5.000000102400176e-05,0.0012520160258064489,-4.000000081920141e-05,0.001001612820645159,0.0562600000002048,0.03724959679483872,ALIGNED
SCN_004,819,27.2667,TRACKING,329.0,246.0,320.0,240.0,9.0,6.0,0.05625,0.037500000000000006,-1.0000000204797577e-05,0.000250403205161287,-8.000000163838062e-06,0.0002003225641290296,0.056252000000040964,0.03744991935896775,ALIGNED
SCN_004,820,27.3,TRACKING,329.0,247.0,320.0,240.0,9.0,7.0,0.05625,0.04375,-2.000000040962291e-06,0.006300080641032248,-1.6000000327698327e-06,0.005040064512825799,0.056250400000008194,0.04248998387179355,ALIGNED
SCN_004,821,27.3333,TRACKING,328.0,247.0,320.0,240.0,8.0,7.0,0.05,0.04375,-0.006250400000008191,0.0012600161282064481,-0.005000320000006553,0.0010080129025651586,0.05125008000000164,0.043497996774358706,ALIGNED
SCN_004,822,27.3667,TRACKING,328.0,247.0,320.0,240.0,8.0,7.0,0.05,0.04375,-0.0012500800000016382,0.000252003225641291,-0.0010000640000013105,0.00020160258051303282,0.05025001600000033,0.04369959935487174,ALIGNED
SCN_004,823,27.4,TRACKING,328.0,247.0,320.0,240.0,8.0,7.0,0.05,0.04375,-0.00025001600000032487,5.040064512825543e-05,-0.0002000128000002599,4.0320516102604345e-05,0.05005000320000007,0.04373991987097434,ALIGNED
SCN_004,824,27.4333,TRACKING,328.0,247.0,320.0,240.0,8.0,7.0,0.05,0.04375,-5.0003200000064973e-05,1.0080129025653861e-05,-4.000256000005198e-05,8.06410322052309e-06,0.05001000064000002,0.04374798397419487,ALIGNED
SCN_004,825,27.4667,TRACKING,328.0,248.0,320.0,240.0,8.0,8.0,0.05,0.05,-1.0000640000014382e-05,0.006252016025805135,-8.000512000011506e-06,0.005001612820644108,0.050002000128000004,0.04874959679483898,ALIGNED
SCN_004,826,27.5,TRACKING,328.0,248.0,320.0,240.0,8.0,8.0,0.05,0.05,-2.0001280000014887e-06,0.0012504032051610242,-1.600102400001191e-06,0.0010003225641288195,0.0500004000256,0.0497499193589678,ALIGNED
SCN_004,827,27.5333,TRACKING,327.0,248.0,320.0,240.0,7.0,8.0,0.04375,0.05,-0.0062504000256000045,0.00025008064103220623,-0.005000320020480004,0.000200064512825765,0.04500008000512,0.049949983871793564,ALIGNED
SCN_004,828,27.5667,TRACKING,327.0,248.0,320.0,240.0,7.0,8.0,0.04375,0.05,-0.0012500800051200023,5.001612820643847e-05,-0.001000064004096002,4.001290256515078e-05,0.044000016001023996,0.04998999677435872,ALIGNED
SCN_004,829,27.6,TRACKING,327.0,248.0,320.0,240.0,7.0,8.0,0.04375,0.05,-0.00025001600102399907,1.0003225641284919e-05,-0.00020001280081919927,8.002580513027934e-06,0.043800003200204794,0.049997999354871744,ALIGNED
SCN_004,830,27.6333,TRACKING,327.0,249.0,320.0,240.0,7.0,9.0,0.04375,0.056249999999999994,-5.000320020479704e-05,0.00625200064512825,-4.000256016383763e-05,0.0050016005161026,0.04376000064004096,0.054999599870974344,ALIGNED
SCN_004,831,27.6667,TRACKING,327.0,249.0,320.0,240.0,7.0,9.0,0.04375,0.056249999999999994,-1.0000640040960795e-05,0.00125040012902565,-8.000512032768637e-06,0.00100032010322052,0.04375200012800819,0.055999919974194866,ALIGNED
SCN_004,832,27.7,TRACKING,327.0,249.0,320.0,240.0,7.0,9.0,0.04375,0.056249999999999994,-2.0001280081893835e-06,0.0002500800258051286,-1.600102406551507e-06,0.0002000640206441029,0.043750400025601634,0.05619998399483897,ALIGNED
SCN_004,833,27.7333,TRACKING,326.0,249.0,320.0,240.0,6.0,9.0,0.0375,0.056249999999999994,-0.006250400025601635,5.0016005161024335e-05,-0.005000320020481308,4.001280412881947e-05,0.03875008000512033,0.05623999679896779,ALIGNED
SCN_004,834,27.7667,TRACKING,326.0,249.0,320.0,240.0,6.0,9.0,0.0375,0.056249999999999994,-0.0012500800051203284,1.0003201032206255e-05,-0.0010000640040962628,8.002560825765005e-06,0.03775001600102407,0.056247999359793556,ALIGNED
SCN_004,835,27.8,TRACKING,326.0,249.0,320.0,240.0,6.0,9.0,0.0375,0.056249999999999994,-0.00025001600102406846,2.0006402064384754e-06,-0.00020001280081925478,1.6005121651507805e-06,0.03755000320020481,0.056249599871958704,ALIGNED
SCN_004,836,27.8333,TRACKING,326.0,249.0,320.0,240.0,6.0,9.0,0.0375,0.056249999999999994,-5.0003200204810916e-05,4.0012804129047064e-07,-4.000256016384874e-05,3.201024330323765e-07,0.03751000064004096,0.056249919974391736,ALIGNED
SCN_004,837,27.8667,TRACKING,326.0,249.0,320.0,240.0,6.0,9.0,0.0375,0.056249999999999994,-1.0000640040960795e-05,8.002560825809413e-08,-8.000512032768637e-06,6.40204866064753e-08,0.03750200012800819,0.05624998399487834,ALIGNED
SCN_004,838,27.9,TRACKING,325.0,250.0,320.0,240.0,5.0,10.0,0.03125,0.0625,-0.006252000128008188,0.006250016005121657,-0.00500160010240655,0.005000012804097326,0.03250040002560164,0.06124999679897567,ALIGNED
SCN_004,839,27.9333,TRACKING,325.0,250.0,320.0,240.0,5.0,10.0,0.03125,0.0625,-0.0012504000256016376,0.0012500032010243287,-0.00100032002048131,0.001000002560819463,0.03150008000512033,0.06224999935979513,ALIGNED
SCN_004,840,27.9667,TRACKING,325.0,250.0,320.0,240.0,5.0,10.0,0.03125,0.0625,-0.0002500800051203275,0.0002500006402048685,-0.00020006400409626203,0.00020000051216389483,0.03130001600102406,0.062449999871959025,ALIGNED
SCN_004,841,28.0,TRACKING,325.0,250.0,320.0,240.0,5.0,10.0,0.03125,0.0625,-5.001600102406273e-05,5.000012804097509e-05,-4.001280081925018e-05,4.0000102432780075e-05,0.03126000320020481,0.06248999997439181,ALIGNED
SCN_004,842,28.0333,TRACKING,324.0,250.0,320.0,240.0,4.0,10.0,0.025,0.0625,-0.006260003200204811,1.0000025608192242e-05,-0.0050080025601638494,8.000020486553795e-06,0.026252000640040962,0.06249799999487836,ALIGNED
SCN_004,843,28.0667,TRACKING,324.0,250.0,320.0,240.0,4.0,10.0,0.025,0.0625,-0.0012520006400409608,2.000005121641224e-06,-0.0010016005120327687,1.6000040973129794e-06,0.025250400128008194,0.06249959999897567,ALIGNED
SCN_004,844,28.1,TRACKING,324.0,250.0,320.0,240.0,4.0,10.0,0.025,0.0625,-0.00025040012800819217,4.0000102433102036e-07,-0.00020032010240655376,3.2000081946481633e-07,0.02505008002560164,0.06249991999979514,ALIGNED
SCN_004,845,28.1333,TRACKING,324.0,250.0,320.0,240.0,4.0,10.0,0.025,0.0625,-5.008002560163982e-05,8.000020486342851e-08,-4.006402048131186e-05,6.400016389074281e-08,0.02501001600512033,0.06249998399995903,ALIGNED
SCN_004,846,28.1667,TRACKING,324.0,250.0,320.0,240.0,4.0,10.0,0.025,0.0625,-1.0016005120329352e-05,1.6000040972685703e-08,-8.012804096263482e-06,1.2800032778148563e-08,0.025002003201024067,0.062499996799991804,ALIGNED
SCN_004,847,28.2,TRACKING,323.0,250.0,320.0,240.0,3.0,10.0,0.01875,0.0625,-0.006252003201024068,3.2000081959249194e-09,-0.005001602560819255,2.5600065567399357e-09,0.020000400640204814,0.06249999935999836,ALIGNED
SCN_004,848,28.2333,TRACKING,323.0,250.0,320.0,240.0,3.0,10.0,0.01875,0.0625,-0.001250400640204815,6.400016419605414e-10,-0.001000320512163852,5.120013135684332e-10,0.019000080128040962,0.062499999871999674,ALIGNED
SCN_004,849,28.2667,TRACKING,323.0,250.0,320.0,240.0,3.0,10.0,0.01875,0.0625,-0.000250080128040963,1.2800032561655073e-10,-0.0002000641024327704,1.0240026049324059e-10,0.018800016025608192,0.062499999974399936,ALIGNED
SCN_004,850,28.3,TRACKING,323.0,250.0,320.0,240.0,3.0,10.0,0.01875,0.0625,-5.00160256081926e-05,2.5600063735531364e-11,-4.001282048655408e-05,2.0480050988425094e-11,0.01876000320512164,0.062499999994879984,ALIGNED
SCN_004,851,28.3333,TRACKING,322.0,250.0,320.0,240.0,2.0,10.0,0.0125,0.0625,-0.0062600032051216385,5.1200155226638344e-12,-0.0050080025640973115,4.096012418131067e-12,0.013752000641024328,0.062499999998976,ALIGNED
SCN_004,852,28.3667,TRACKING,322.0,250.0,320.0,240.0,2.0,10.0,0.0125,0.0625,-0.001252000641024327,1.0240003289752053e-12,-0.0010016005128194617,8.192002631801643e-13,0.012750400128204865,0.0624999999997952,ALIGNED
SCN_004,853,28.4,TRACKING,322.0,250.0,320.0,240.0,2.0,10.0,0.0125,0.0625,-0.0002504001282048647,2.0480145357382185e-13,-0.00020032010256389177,1.6384116285905748e-13,0.012550080025640974,0.06249999999995904,ALIGNED
SCN_004,854,28.4333,TRACKING,322.0,250.0,320.0,240.0,2.0,10.0,0.0125,0.0625,-5.008002564097294e-05,4.096029071476437e-14,-4.006402051277835e-05,3.27682325718115e-14,0.012510016005128195,0.062499999999991805,ALIGNED
SCN_004,855,28.4667,TRACKING,321.0,250.0,320.0,240.0,1.0,10.0,0.00625,0.0625,-0.006260016005128195,8.194833700514437e-15,-0.005008012804102556,6.55586696041155e-15,0.007502003201025639,0.06249999999999836,ALIGNED
SCN_004,856,28.5,TRACKING,321.0,250.0,320.0,240.0,1.0,10.0,0.00625,0.0625,-0.0012520032010256386,1.6375789613221059e-15,-0.001001602560820511,1.3100631690576848e-15,0.006500400640205128,0.062499999999999674,ALIGNED
SCN_004,857,28.5333,TRACKING,321.0,250.0,320.0,240.0,1.0,10.0,0.00625,0.0625,-0.0002504006402051281,3.2612801348363973e-16,-0.00020032051216410248,2.609024107869118e-16,0.006300080128041026,0.06249999999999994,ALIGNED
SCN_004,858,28.5667,TRACKING,320.0,250.0,320.0,240.0,0.0,10.0,0.0,0.0625,-0.006300080128041026,6.245004513516506e-17,-0.005040064102432821,4.9960036108132046e-17,0.0012600160256082049,0.062499999999999986,ALIGNED
SCN_004,859,28.6,TRACKING,320.0,250.0,320.0,240.0,0.0,10.0,0.0,0.0625,-0.0012600160256082049,1.3877787807814457e-17,-0.0010080128204865639,1.1102230246251566e-17,0.000252003205121641,0.0625,ALIGNED
SCN_004,860,28.6333,TRACKING,320.0,250.0,320.0,240.0,0.0,10.0,0.0,0.0625,-0.000252003205121641,0.0,-0.00020160256409731283,0.0,5.040064102432819e-05,0.0625,ALIGNED
SCN_004,861,28.6667,TRACKING,319.0,250.0,320.0,240.0,-1.0,10.0,-0.00625,0.0625,-0.0063004006410243285,0.0,-0.005040320512819463,0.0,-0.004989919871795135,0.0625,ALIGNED
SCN_004,862,28.7,TRACKING,319.0,250.0,320.0,240.0,-1.0,10.0,-0.00625,0.0625,-0.0012600801282048654,0.0,-0.0010080641025638924,0.0,-0.005997983974359028,0.0625,ALIGNED
SCN_004,863,28.7333,TRACKING,319.0,250.0,320.0,240.0,-1.0,10.0,-0.00625,0.0625,-0.0002520160256409727,0.0,-0.00020161282051277818,0.0,-0.0061995967948718055,0.0625,ALIGNED
SCN_004,864,28.7667,TRACKING,318.0,250.0,320.0,240.0,-2.0,10.0,-0.0125,0.0625,-0.006300403205128195,0.0,-0.005040322564102556,0.0,-0.011239919358974362,0.0625,ALIGNED
SCN_004,865,28.8,TRACKING,318.0,249.0,320.0,240.0,-2.0,9.0,-0.0125,0.056249999999999994,-0.001260080641025639,-0.0062500000000000056,-0.0010080645128205112,-0.0050000000000000044,-0.012247983871794873,0.057499999999999996,ALIGNED
SCN_004,866,28.8333,TRACKING,318.0,249.0,320.0,240.0,-2.0,9.0,-0.0125,0.056249999999999994,-0.0002520161282051278,-0.0012500000000000011,-0.00020161290256410225,-0.0010000000000000009,-0.012449596774358975,0.056499999999999995,ALIGNED
SCN_004,867,28.8667,TRACKING,317.0,249.0,320.0,240.0,-3.0,9.0,-0.01875,0.056249999999999994,-0.0063004032256410245,-0.0002500000000000002,-0.00504032258051282,-0.0002000000000000002,-0.017489919354871795,0.056299999999999996,ALIGNED
SCN_004,868,28.9,TRACKING,317.0,249.0,320.0,240.0,-3.0,9.0,-0.01875,0.056249999999999994,-0.0012600806451282046,-5.000000000000143e-05,-0.0010080645161025636,-4.000000000000115e-05,-0.018497983870974358,0.05626,ALIGNED
SCN_004,869,28.9333,TRACKING,316.0,249.0,320.0,240.0,-4.0,9.0,-0.025,0.056249999999999994,-0.006502016129025644,-1.0000000000003062e-05,-0.005201612903220515,-8.00000000000245e-06,-0.02369959677419487,0.056251999999999996,ALIGNED
SCN_004,870,28.9667,TRACKING,316.0,249.0,320.0,240.0,-4.0,9.0,-0.025,0.056249999999999994,-0.0013004032258051301,-2.000000000002e-06,-0.0010403225806441042,-1.6000000000016002e-06,-0.024739919354838977,0.05625039999999999,ALIGNED
SCN_004,871,29.0,TRACKING,316.0,249.0,320.0,240.0,-4.0,9.0,-0.025,0.056249999999999994,-0.00026008064516102464,-3.999999999976245e-07,-0.00020806451612881972,-3.199999999980996e-07,-0.024947983870967798,0.056250079999999994,ALIGNED
SCN_004,872,29.0333,TRACKING,315.0,248.0,320.0,240.0,-5.0,8.0,-0.03125,0.05,-0.006302016129032202,-0.006250079999999991,-0.005041612903225762,-0.005000063999999993,-0.02998959677419356,0.051250016,ALIGNED
SCN_004,873,29.0667,TRACKING,315.0,248.0,320.0,240.0,-5.0,8.0,-0.03125,0.05,-0.0012604032258064397,-0.0012500159999999996,-0.0010083225806451518,-0.0010000127999999998,-0.030997919354838713,0.050250003200000004,ALIGNED
SCN_004,874,29.1,TRACKING,315.0,248.0,320.0,240.0,-5.0,8.0,-0.03125,0.05,-0.00025208064516128725,-0.0002500032000000013,-0.00020166451612902981,-0.00020000256000000106,-0.031199583870967742,0.05005000064,ALIGNED
SCN_004,875,29.1333,TRACKING,314.0,248.0,320.0,240.0,-6.0,8.0,-0.0375,0.05,-0.006300416129032257,-5.0000639999998875e-05,-0.005040332903225806,-4.00005119999991e-05,-0.03623991677419355,0.050010000128000005,ALIGNED
SCN_004,876,29.1667,TRACKING,314.0,248.0,320.0,240.0,-6.0,8.0,-0.0375,0.05,-0.001260083225806452,-1.000012800000255e-05,-0.0010080665806451617,-8.000102400002041e-06,-0.037247983354838705,0.050002000025600006,ALIGNED
SCN_004,877,29.2,TRACKING,314.0,248.0,320.0,240.0,-6.0,8.0,-0.0375,0.05,-0.0002520166451612932,-2.0000256000032857e-06,-0.00020161331612903455,-1.6000204800026287e-06,-0.03744959667096774,0.05000040000512,ALIGNED
SCN_004,878,29.2333,TRACKING,313.0,248.0,320.0,240.0,-7.0,8.0,-0.04375,0.05,-0.006300403329032256,-4.0000511999926935e-07,-0.005040322663225805,-3.200040959994155e-07,-0.04248991933419355,0.050000080001024,ALIGNED
SCN_004,879,29.2667,TRACKING,313.0,247.0,320.0,240.0,-7.0,7.0,-0.04375,0.04375,-0.0012600806658064484,-0.006250080001024005,-0.0010080645326451588,-0.005000064000819204,-0.04349798386683871,0.0450000160002048,ALIGNED
SCN_004,880,29.3,TRACKING,313.0,247.0,320.0,240.0,-7.0,7.0,-0.04375,0.04375,-0.0002520161331612883,-0.001250016000204801,-0.00020161290652903065,-0.001000012800163841,-0.04369959677336774,0.04400000320004096,ALIGNED
SCN_004,881,29.3333,TRACKING,312.0,247.0,320.0,240.0,-8.0,7.0,-0.05,0.04375,-0.006300403226632265,-0.0002500032000409616,-0.005040322581305812,-0.0002000025600327693,-0.04873991935467355,0.04380000064000819,ALIGNED
SCN_004,882,29.3667,TRACKING,312.0,247.0,320.0,240.0,-8.0,7.0,-0.05,0.04375,-0.0012600806453264557,-5.000064000819371e-05,-0.0010080645162611646,-4.000051200655497e-05,-0.04974798387093471,0.04376000012800164,ALIGNED
SCN_004,883,29.4,TRACKING,312.0,247.0,320.0,240.0,-8.0,7.0,-0.05,0.04375,-0.0002520161290652939,-1.000012800164013e-05,-0.00020161290325223515,-8.000102401312103e-06,-0.04994959677418694,0.04375200002560033,ALIGNED
SCN_004,884,29.4333,TRACKING,311.0,246.0,320.0,240.0,-9.0,6.0,-0.05625,0.037500000000000006,-0.006300403225813059,-0.006252000025600321,-0.005040322580650448,-0.005001600020480257,-0.054989919354837394,0.03875040000512007,ALIGNED
SCN_004,885,29.4667,TRACKING,311.0,246.0,320.0,240.0,-9.0,6.0,-0.05625,0.037500000000000006,-0.0012600806451626076,-0.0012504000051200628,-0.001008064516130086,-0.0010003200040960504,-0.05599798387096748,0.03775008000102402,ALIGNED
SCN_004,886,29.5,TRACKING,311.0,246.0,320.0,240.0,-9.0,6.0,-0.05625,0.037500000000000006,-0.0002520161290325215,-0.00025008000102401395,-0.00020161290322601722,-0.00020006400081921117,-0.0561995967741935,0.03755001600020481,ALIGNED
SCN_004,887,29.5333,TRACKING,310.0,246.0,320.0,240.0,-10.0,6.0,-0.0625,0.037500000000000006,-0.0063004032258065015,-5.00160002048014e-05,-0.005040322580645202,-4.0012800163841126e-05,-0.061239919354838704,0.03751000320004096,ALIGNED
SCN_004,888,29.5667,TRACKING,310.0,246.0,320.0,240.0,-10.0,6.0,-0.0625,0.037500000000000006,-0.0012600806451612961,-1.0003200040957505e-05,-0.001008064516129037,-8.002560032766005e-06,-0.06224798387096774,0.0375020006400082,ALIGNED
SCN_004,889,29.6,TRACKING,310.0,245.0,320.0,240.0,-10.0,5.0,-0.0625,0.03125,-0.00025201612903225784,-0.0062520006400082,-0.0002016129032258063,-0.0050016005120065606,-0.062449596774193546,0.032500400128001636,ALIGNED
SCN_004,890,29.6333,TRACKING,310.0,245.0,320.0,240.0,-10.0,5.0,-0.0625,0.03125,-5.0403225806454344e-05,-0.0012504001280016358,-4.032258064516348e-05,-0.0010003201024013086,-0.06248991935483871,0.03150008002560033,ALIGNED
SCN_004,891,29.6667,TRACKING,309.0,245.0,320.0,240.0,-11.0,5.0,-0.06875,0.03125,-0.006260080645161294,-0.00025008002560032716,-0.005008064516129035,-0.00020006402048026173,-0.06749798387096775,0.031300016005120064,ALIGNED
SCN_004,892,29.7,TRACKING,309.0,245.0,320.0,240.0,-11.0,5.0,-0.06875,0.03125,-0.0012520161290322518,-5.0016005120064044e-05,-0.0010016129032258015,-4.001280409605124e-05,-0.06849959677419355,0.03126000320102401,ALIGNED
SCN_004,893,29.7333,TRACKING,309.0,244.0,320.0,240.0,-11.0,4.0,-0.06875,0.025,-0.00025040322580645313,-0.00626000320102401,-0.00020032258064516252,-0.005008002560819208,-0.06869991935483871,0.026252000640204803,ALIGNED
SCN_004,894,29.7667,TRACKING,309.0,244.0,320.0,240.0,-11.0,4.0,-0.06875,0.025,-5.00806451612934e-05,-0.001252000640204802,-4.006451612903472e-05,-0.0010016005121638416,-0.06873998387096775,0.025250400128040962,ALIGNED
SCN_004,895,29.8,TRACKING,308.0,244.0,320.0,240.0,-12.0,4.0,-0.075,0.025,-0.00626001612903225,-0.0002504001280409611,-0.005008012903225801,-0.0002003201024327689,-0.07374799677419355,0.025050080025608195,ALIGNED
SCN_004,896,29.8333,TRACKING,308.0,243.0,320.0,240.0,-12.0,3.0,-0.075,0.018750000000000003,-0.0012520032258064445,-0.006300080025608192,-0.0010016025806451557,-0.005040064020486554,-0.07474959935483871,0.02001001600512164,ALIGNED
SCN_004,897,29.8667,TRACKING,308.0,243.0,320.0,240.0,-12.0,3.0,-0.075,0.018750000000000003,-0.00025040064516128335,-0.0012600160051216384,-0.0002003205161290267,-0.0010080128040973108,-0.07494991987096775,0.01900200320102433,ALIGNED
SCN_004,898,29.9,TRACKING,308.0,243.0,320.0,240.0,-12.0,3.0,-0.075,0.018750000000000003,-5.008012903225112e-05,-0.0002520032010243263,-4.00641032258009e-05,-0.00020160256081946105,-0.07498998397419354,0.018800400640204867,ALIGNED
SCN_004,899,29.9333,TRACKING,308.0,243.0,320.0,240.0,-12.0,3.0,-0.075,0.018750000000000003,-1.0016025806455775e-05,-5.040064020486387e-05,-8.01282064516462e-06,-4.03205121638911e-05,-0.0749979967948387,0.018760080128040976,ALIGNED
SCN_004,900,29.9667,TRACKING,308.0,242.0,320.0,240.0,-12.0,2.0,-0.075,0.0125,-2.003205161291155e-06,-0.006260080128040975,-1.602564129032924e-06,-0.005008064102432781,-0.07499959935896774,0.013752016025608195,ALIGNED
