scenario_id,frame_id,timestamp,tracking_status,tracked_x,tracked_y,image_center_x,image_center_y,pixel_error_x,pixel_error_y,target_angle_x,target_angle_y,remaining_error_x,remaining_error_y,pan_command,tilt_command,virtual_pan,virtual_tilt,alignment_status
SCN_005,1,0.0,ACQUIRING,521.0,111.0,320.0,240.0,201.0,-129.0,1.25625,-0.8062499999999999,1.25625,-0.8062499999999999,0.16666666666666666,-0.16666666666666666,0.16666666666666666,-0.16666666666666666,ALIGNING
SCN_005,2,0.0333,ACQUIRING,521.0,111.0,320.0,240.0,201.0,-129.0,1.25625,-0.8062499999999999,1.0895833333333333,-0.6395833333333333,0.16666666666666666,-0.16666666666666666,0.3333333333333333,-0.3333333333333333,ALIGNING
SCN_005,3,0.0667,TRACKING,520.0,112.0,320.0,240.0,200.0,-128.0,1.25,-0.8,0.9166666666666667,-0.46666666666666673,0.16666666666666666,-0.16666666666666666,0.5,-0.5,ALIGNING
SCN_005,4,0.1,TRACKING,520.0,112.0,320.0,240.0,200.0,-128.0,1.25,-0.8,0.75,-0.30000000000000004,0.16666666666666666,-0.16666666666666666,0.6666666666666666,-0.6666666666666666,ALIGNING
SCN_005,5,0.1333,TRACKING,519.0,112.0,320.0,240.0,199.0,-128.0,1.24375,-0.8,0.5770833333333333,-0.13333333333333341,0.16666666666666666,-0.10666666666666674,0.8333333333333333,-0.7733333333333334,ALIGNING
SCN_005,6,0.1667,TRACKING,519.0,112.0,320.0,240.0,199.0,-128.0,1.24375,-0.8,0.41041666666666665,-0.026666666666666616,0.16666666666666666,-0.021333333333333294,0.9999999999999999,-0.7946666666666667,ALIGNING
SCN_005,7,0.2,TRACKING,518.0,113.0,320.0,240.0,198.0,-127.0,1.2375,-0.79375,0.23750000000000016,0.0009166666666667878,0.16666666666666666,0.0007333333333334303,1.1666666666666665,-0.7939333333333333,ALIGNING
SCN_005,8,0.2333,TRACKING,518.0,113.0,320.0,240.0,198.0,-127.0,1.2375,-0.79375,0.07083333333333353,0.00018333333333331314,0.05666666666666682,0.00014666666666665054,1.2233333333333334,-0.7937866666666666,ALIGNING
SCN_005,9,0.2667,TRACKING,517.0,113.0,320.0,240.0,197.0,-127.0,1.23125,-0.79375,0.007916666666666572,3.666666666668483e-05,0.006333333333333258,2.9333333333347868e-05,1.2296666666666667,-0.7937573333333333,ALIGNED
SCN_005,10,0.3,TRACKING,517.0,114.0,320.0,240.0,197.0,-126.0,1.23125,-0.7875000000000001,0.00158333333333327,0.006257333333333226,0.001266666666666616,0.005005866666666581,1.2309333333333332,-0.7887514666666667,ALIGNED
SCN_005,11,0.3333,TRACKING,517.0,114.0,320.0,240.0,197.0,-126.0,1.23125,-0.7875000000000001,0.0003166666666667428,0.0012514666666666452,0.00025333333333339426,0.0010011733333333162,1.2311866666666667,-0.7877502933333335,ALIGNED
SCN_005,12,0.3667,TRACKING,516.0,114.0,320.0,240.0,196.0,-126.0,1.225,-0.7875000000000001,-0.006186666666666563,0.00025029333333337345,-0.00494933333333325,0.00020023466666669877,1.2262373333333334,-0.7875500586666667,ALIGNED
SCN_005,13,0.4,TRACKING,516.0,114.0,320.0,240.0,196.0,-126.0,1.225,-0.7875000000000001,-0.0012373333333333125,5.005866666663028e-05,-0.00098986666666665,4.004693333330423e-05,1.2252474666666668,-0.7875100117333335,ALIGNED
SCN_005,14,0.4333,TRACKING,515.0,115.0,320.0,240.0,195.0,-125.0,1.21875,-0.78125,-0.00649746666666684,0.006260011733333459,-0.005197973333333473,0.005008009386666768,1.2200494933333335,-0.7825020023466667,ALIGNED
SCN_005,15,0.4667,TRACKING,515.0,115.0,320.0,240.0,195.0,-125.0,1.21875,-0.78125,-0.0012994933333334568,0.0012520023466666697,-0.0010395946666667654,0.0010016018773333357,1.2190098986666666,-0.7815004004693333,ALIGNED
SCN_005,16,0.5,TRACKING,514.0,115.0,320.0,240.0,194.0,-125.0,1.2125,-0.78125,-0.006509898666666736,0.00025040046933333393,-0.005207918933333389,0.00020032037546666715,1.2138019797333333,-0.7813000800938666,ALIGNED
SCN_005,17,0.5333,TRACKING,514.0,116.0,320.0,240.0,194.0,-124.0,1.2125,-0.7750000000000001,-0.0013019797333333472,0.006300080093866511,-0.0010415837866666778,0.00504006407509321,1.2127603959466666,-0.7762600160187735,ALIGNED
SCN_005,18,0.5667,TRACKING,513.0,116.0,320.0,240.0,193.0,-124.0,1.20625,-0.7750000000000001,-0.006510395946666581,0.0012600160187733467,-0.005208316757333265,0.0010080128150186773,1.2075520791893333,-0.7752520032037548,ALIGNED
SCN_005,19,0.6,TRACKING,513.0,116.0,320.0,240.0,193.0,-124.0,1.20625,-0.7750000000000001,-0.0013020791893332273,0.0002520032037546249,-0.001041663351466582,0.00020160256300369995,1.2065104158378668,-0.775050400640751,ALIGNED
SCN_005,20,0.6333,TRACKING,513.0,116.0,320.0,240.0,193.0,-124.0,1.20625,-0.7750000000000001,-0.0002604158378667343,5.040064075090278e-05,-0.00020833267029338743,4.0320512600722225e-05,1.2063020831675735,-0.7750100801281503,ALIGNED
SCN_005,21,0.6667,TRACKING,512.0,117.0,320.0,240.0,192.0,-123.0,1.2,-0.7687499999999999,-0.0063020831675735245,0.00626008012815038,-0.00504166653405882,0.005008064102520304,1.2012604166335146,-0.77000201602563,ALIGNED
SCN_005,22,0.7,TRACKING,512.0,117.0,320.0,240.0,192.0,-123.0,1.2,-0.7687499999999999,-0.001260416633514616,0.001252016025630076,-0.001008333306811693,0.001001612820504061,1.200252083326703,-0.769000403205126,ALIGNED
SCN_005,23,0.7333,TRACKING,511.0,117.0,320.0,240.0,191.0,-123.0,1.19375,-0.7687499999999999,-0.006502083326702879,0.0002504032051260374,-0.005201666661362303,0.00020032256410082994,1.1950504166653406,-0.7688000806410251,ALIGNED
SCN_005,24,0.7667,TRACKING,511.0,118.0,320.0,240.0,191.0,-122.0,1.19375,-0.7625,-0.0013004166653405314,0.006300080641025163,-0.0010403333322724251,0.0050400645128201305,1.1940100833330682,-0.763760016128205,ALIGNED
SCN_005,25,0.8,TRACKING,510.0,118.0,320.0,240.0,190.0,-122.0,1.1875,-0.7625,-0.0065100833330682395,0.0012600161282050326,-0.005208066666454592,0.001008012902564026,1.1888020166666136,-0.762752003225641,ALIGNED
SCN_005,26,0.8333,TRACKING,510.0,118.0,320.0,240.0,190.0,-122.0,1.1875,-0.7625,-0.001302016666613559,0.0002520032256410065,-0.0010416133332908472,0.00020160258051280522,1.1877604033333227,-0.7625504006451281,ALIGNED
SCN_005,27,0.8667,TRACKING,509.0,119.0,320.0,240.0,189.0,-121.0,1.18125,-0.75625,-0.006510403333322756,0.006300400645128157,-0.005208322666658206,0.005040320516102526,1.1825520806666645,-0.7575100801290257,ALIGNED
SCN_005,28,0.9,TRACKING,509.0,119.0,320.0,240.0,189.0,-121.0,1.18125,-0.75625,-0.0013020806666645957,0.0012600801290256758,-0.0010416645333316767,0.0010080641032205408,1.1815104161333327,-0.7565020160258051,ALIGNED
SCN_005,29,0.9333,TRACKING,509.0,119.0,320.0,240.0,189.0,-121.0,1.18125,-0.75625,-0.0002604161333328303,0.00025201602580515736,-0.00020833290666626427,0.0002016128206441259,1.1813020832266665,-0.756300403205161,ALIGNED
SCN_005,30,0.9667,TRACKING,508.0,119.0,320.0,240.0,188.0,-121.0,1.175,-0.75625,-0.006302083226666477,5.040320516103147e-05,-0.005041666581333182,4.032256412882518e-05,1.1762604166453334,-0.7562600806410322,ALIGNED
SCN_005,31,1.0,TRACKING,508.0,120.0,320.0,240.0,188.0,-120.0,1.175,-0.75,-0.0012604166453333843,0.0062600806410322285,-0.0010083333162667074,0.005008064512825783,1.1752520833290667,-0.7512520161282065,ALIGNED
SCN_005,32,1.0333,TRACKING,507.0,120.0,320.0,240.0,187.0,-120.0,1.16875,-0.75,-0.006502083329066766,0.001252016128206468,-0.005201666663253413,0.0010016129025651743,1.1700504166658132,-0.7502504032256413,ALIGNED
SCN_005,33,1.0667,TRACKING,507.0,120.0,320.0,240.0,187.0,-120.0,1.16875,-0.75,-0.0013004166658132643,0.0002504032256412936,-0.0010403333326506115,0.00020032258051303487,1.1690100833331627,-0.7500500806451282,ALIGNED
SCN_005,34,1.1,TRACKING,506.0,121.0,320.0,240.0,186.0,-119.0,1.1625,-0.74375,-0.0065100833331626085,0.006300080645128214,-0.005208066666530087,0.005040064516102572,1.1638020166666325,-0.7450100161290256,ALIGNED
SCN_005,35,1.1333,TRACKING,506.0,121.0,320.0,240.0,186.0,-119.0,1.1625,-0.74375,-0.0013020166666324329,0.0012600161290255985,-0.0010416133333059463,0.0010080129032204788,1.1627604033333265,-0.7440020032258051,ALIGNED
SCN_005,36,1.1667,TRACKING,505.0,121.0,320.0,240.0,185.0,-119.0,1.15625,-0.74375,-0.006510403333326531,0.0002520032258050975,-0.005208322666661225,0.000201602580644078,1.1575520806666653,-0.7438004006451611,ALIGNED
SCN_005,37,1.2,TRACKING,505.0,121.0,320.0,240.0,185.0,-119.0,1.15625,-0.74375,-0.0013020806666652618,5.04006451610417e-05,-0.0010416645333322094,4.0320516128833364e-05,1.156510416133333,-0.7437600801290323,ALIGNED
SCN_005,38,1.2333,TRACKING,505.0,122.0,320.0,240.0,185.0,-118.0,1.15625,-0.7374999999999999,-0.00026041613333305236,0.006260080129032342,-0.00020833290666644189,0.005008064103225874,1.1563020832266666,-0.7387520160258064,ALIGNED
SCN_005,39,1.2667,TRACKING,504.0,122.0,320.0,240.0,184.0,-118.0,1.15,-0.7374999999999999,-0.006302083226666699,0.0012520160258064905,-0.00504166658133336,0.0010016128206451925,1.1512604166453333,-0.7377504032051613,ALIGNED
SCN_005,40,1.3,TRACKING,504.0,122.0,320.0,240.0,184.0,-118.0,1.15,-0.7374999999999999,-0.0012604166453333843,0.0002504032051613425,-0.0010083333162667074,0.00020032256412907403,1.1502520833290666,-0.7375500806410322,ALIGNED
SCN_005,41,1.3333,TRACKING,503.0,123.0,320.0,240.0,183.0,-117.0,1.14375,-0.73125,-0.006502083329066544,0.0063000806410322685,-0.005201666663253235,0.005040064512825815,1.1450504166658133,-0.7325100161282064,ALIGNED
SCN_005,42,1.3667,TRACKING,503.0,123.0,320.0,240.0,183.0,-117.0,1.14375,-0.73125,-0.0013004166658132643,0.001260016128206476,-0.0010403333326506115,0.0010080129025651808,1.1440100833331628,-0.7315020032256413,ALIGNED
SCN_005,43,1.4,TRACKING,502.0,123.0,320.0,240.0,182.0,-117.0,1.1375,-0.73125,-0.0065100833331628305,0.0002520032256413396,-0.005208066666530265,0.0002016025805130717,1.1388020166666326,-0.7313004006451282,ALIGNED
SCN_005,44,1.4333,TRACKING,502.0,123.0,320.0,240.0,182.0,-117.0,1.1375,-0.73125,-0.001302016666632655,5.040064512829012e-05,-0.001041613333306124,4.03205161026321e-05,1.1377604033333264,-0.7312600801290257,ALIGNED
SCN_005,45,1.4667,TRACKING,501.0,124.0,320.0,240.0,181.0,-116.0,1.13125,-0.725,-0.006510403333326309,0.00626008012902568,-0.005208322666661047,0.0050080641032205445,1.1325520806666654,-0.7262520160258051,ALIGNED
SCN_005,46,1.5,TRACKING,501.0,124.0,320.0,240.0,181.0,-116.0,1.13125,-0.725,-0.0013020806666652618,0.0012520160258051583,-0.0010416645333322094,0.0010016128206441267,1.1315104161333331,-0.725250403205161,ALIGNED
SCN_005,47,1.5333,TRACKING,501.0,124.0,320.0,240.0,181.0,-116.0,1.13125,-0.725,-0.00026041613333305236,0.00025040320516100945,-0.00020833290666644189,0.00020032256412880756,1.1313020832266667,-0.7250500806410322,ALIGNED
SCN_005,48,1.5667,TRACKING,500.0,125.0,320.0,240.0,180.0,-115.0,1.125,-0.71875,-0.006302083226666699,0.0063000806410321575,-0.00504166658133336,0.005040064512825727,1.1262604166453334,-0.7200100161282065,ALIGNED
SCN_005,49,1.6,TRACKING,500.0,125.0,320.0,240.0,180.0,-115.0,1.125,-0.71875,-0.0012604166453333843,0.001260016128206476,-0.0010083333162667074,0.0010080129025651808,1.1252520833290667,-0.7190020032256413,ALIGNED
SCN_005,50,1.6333,TRACKING,499.0,125.0,320.0,240.0,179.0,-115.0,1.11875,-0.71875,-0.006502083329066766,0.0002520032256413396,-0.005201666663253413,0.0002016025805130717,1.1200504166658132,-0.7188004006451283,ALIGNED
SCN_005,51,1.6667,TRACKING,499.0,125.0,320.0,240.0,179.0,-115.0,1.11875,-0.71875,-0.0013004166658132643,5.040064512829012e-05,-0.0010403333326506115,4.03205161026321e-05,1.1190100833331627,-0.7187600801290257,ALIGNED
SCN_005,52,1.7,TRACKING,498.0,126.0,320.0,240.0,178.0,-114.0,1.1125,-0.7124999999999999,-0.0065100833331626085,0.006260080129025791,-0.005208066666530087,0.005008064103220633,1.1138020166666325,-0.7137520160258051,ALIGNED
SCN_005,53,1.7333,TRACKING,498.0,126.0,320.0,240.0,178.0,-114.0,1.1125,-0.7124999999999999,-0.0013020166666324329,0.0012520160258051583,-0.0010416133333059463,0.0010016128206441267,1.1127604033333265,-0.7127504032051609,ALIGNED
SCN_005,54,1.7667,TRACKING,497.0,126.0,320.0,240.0,177.0,-114.0,1.10625,-0.7124999999999999,-0.006510403333326531,0.00025040320516100945,-0.005208322666661225,0.00020032256412880756,1.1075520806666652,-0.7125500806410321,ALIGNED
SCN_005,55,1.8,TRACKING,497.0,127.0,320.0,240.0,177.0,-113.0,1.10625,-0.70625,-0.0013020806666652618,0.0063000806410320465,-0.0010416645333322094,0.005040064512825637,1.106510416133333,-0.7075100161282064,ALIGNED
SCN_005,56,1.8333,TRACKING,497.0,127.0,320.0,240.0,177.0,-113.0,1.10625,-0.70625,-0.00026041613333305236,0.0012600161282063649,-0.00020833290666644189,0.0010080129025650919,1.1063020832266666,-0.7065020032256413,ALIGNED
SCN_005,57,1.8667,TRACKING,496.0,127.0,320.0,240.0,176.0,-113.0,1.1,-0.70625,-0.006302083226666477,0.00025200322564122857,-0.005041666581333182,0.00020160258051298287,1.1012604166453335,-0.7063004006451283,ALIGNED
SCN_005,58,1.9,TRACKING,496.0,127.0,320.0,240.0,176.0,-113.0,1.1,-0.70625,-0.0012604166453333843,5.040064512829012e-05,-0.0010083333162667074,4.03205161026321e-05,1.1002520833290668,-0.7062600801290257,ALIGNED
SCN_005,59,1.9333,TRACKING,495.0,128.0,320.0,240.0,175.0,-112.0,1.09375,-0.7,-0.006502083329066766,0.006260080129025791,-0.005201666663253413,0.005008064103220633,1.0950504166658133,-0.7012520160258051,ALIGNED
SCN_005,60,1.9667,TRACKING,495.0,128.0,320.0,240.0,175.0,-112.0,1.09375,-0.7,-0.0013004166658132643,0.0012520160258051583,-0.0010403333326506115,0.0010016128206441267,1.0940100833331627,-0.700250403205161,ALIGNED
SCN_005,61,2.0,TRACKING,494.0,128.0,320.0,240.0,174.0,-112.0,1.0875,-0.7,-0.0065100833331628305,0.00025040320516100945,-0.005208066666530265,0.00020032256412880756,1.0888020166666326,-0.7000500806410321,ALIGNED
SCN_005,62,2.0333,TRACKING,494.0,129.0,320.0,240.0,174.0,-111.0,1.0875,-0.6937500000000001,-0.001302016666632655,0.0063000806410320465,-0.001041613333306124,0.005040064512825637,1.0877604033333264,-0.6950100161282065,ALIGNED
SCN_005,63,2.0667,TRACKING,493.0,129.0,320.0,240.0,173.0,-111.0,1.08125,-0.6937500000000001,-0.006510403333326309,0.0012600161282063649,-0.005208322666661047,0.0010080129025650919,1.0825520806666653,-0.6940020032256413,ALIGNED
SCN_005,64,2.1,TRACKING,493.0,129.0,320.0,240.0,173.0,-111.0,1.08125,-0.6937500000000001,-0.0013020806666652618,0.00025200322564122857,-0.0010416645333322094,0.00020160258051298287,1.081510416133333,-0.6938004006451284,ALIGNED
SCN_005,65,2.1333,TRACKING,493.0,130.0,320.0,240.0,173.0,-110.0,1.08125,-0.6875,-0.00026041613333305236,0.006300400645128379,-0.00020833290666644189,0.005040320516102703,1.0813020832266667,-0.6887600801290257,ALIGNED
SCN_005,66,2.1667,TRACKING,492.0,130.0,320.0,240.0,172.0,-110.0,1.075,-0.6875,-0.006302083226666699,0.0012600801290256758,-0.00504166658133336,0.0010080641032205408,1.0762604166453333,-0.6877520160258052,ALIGNED
SCN_005,67,2.2,TRACKING,492.0,130.0,320.0,240.0,172.0,-110.0,1.075,-0.6875,-0.0012604166453333843,0.00025201602580515736,-0.0010083333162667074,0.0002016128206441259,1.0752520833290666,-0.687550403205161,ALIGNED
SCN_005,68,2.2333,TRACKING,491.0,130.0,320.0,240.0,171.0,-110.0,1.06875,-0.6875,-0.006502083329066544,5.040320516103147e-05,-0.005201666663253235,4.032256412882518e-05,1.0700504166658134,-0.6875100806410323,ALIGNED
SCN_005,69,2.2667,TRACKING,491.0,131.0,320.0,240.0,171.0,-109.0,1.06875,-0.68125,-0.0013004166658132643,0.0062600806410322285,-0.0010403333326506115,0.005008064512825783,1.0690100833331628,-0.6825020161282065,ALIGNED
SCN_005,70,2.3,TRACKING,490.0,131.0,320.0,240.0,170.0,-109.0,1.0625,-0.68125,-0.0065100833331628305,0.001252016128206468,-0.005208066666530265,0.0010016129025651743,1.0638020166666327,-0.6815004032256413,ALIGNED
SCN_005,71,2.3333,TRACKING,490.0,131.0,320.0,240.0,170.0,-109.0,1.0625,-0.68125,-0.001302016666632655,0.0002504032256412936,-0.001041613333306124,0.00020032258051303487,1.0627604033333264,-0.6813000806451283,ALIGNED
SCN_005,72,2.3667,TRACKING,489.0,132.0,320.0,240.0,169.0,-108.0,1.05625,-0.675,-0.006510403333326531,0.006300080645128214,-0.005208322666661225,0.005040064516102572,1.0575520806666652,-0.6762600161290256,ALIGNED
SCN_005,73,2.4,TRACKING,489.0,132.0,320.0,240.0,169.0,-108.0,1.05625,-0.675,-0.0013020806666652618,0.0012600161290255985,-0.0010416645333322094,0.0010080129032204788,1.056510416133333,-0.6752520032258051,ALIGNED
SCN_005,74,2.4333,TRACKING,489.0,132.0,320.0,240.0,169.0,-108.0,1.05625,-0.675,-0.00026041613333305236,0.0002520032258050975,-0.00020833290666644189,0.000201602580644078,1.0563020832266665,-0.6750504006451611,ALIGNED
SCN_005,75,2.4667,TRACKING,488.0,132.0,320.0,240.0,168.0,-108.0,1.05,-0.675,-0.006302083226666477,5.04006451610417e-05,-0.005041666581333182,4.0320516128833364e-05,1.0512604166453334,-0.6750100801290323,ALIGNED
SCN_005,76,2.5,TRACKING,488.0,133.0,320.0,240.0,168.0,-107.0,1.05,-0.6687500000000001,-0.0012604166453333843,0.0062600801290322305,-0.0010083333162667074,0.005008064103225785,1.0502520833290667,-0.6700020160258066,ALIGNED
SCN_005,77,2.5333,TRACKING,487.0,133.0,320.0,240.0,167.0,-107.0,1.04375,-0.6687500000000001,-0.006502083329066766,0.0012520160258064905,-0.005201666663253413,0.0010016128206451925,1.0450504166658132,-0.6690004032051614,ALIGNED
SCN_005,78,2.5667,TRACKING,487.0,133.0,320.0,240.0,167.0,-107.0,1.04375,-0.6687500000000001,-0.0013004166658132643,0.0002504032051613425,-0.0010403333326506115,0.00020032256412907403,1.0440100833331627,-0.6688000806410324,ALIGNED
SCN_005,79,2.6,TRACKING,486.0,134.0,320.0,240.0,166.0,-106.0,1.0375,-0.6625,-0.0065100833331626085,0.0063000806410323795,-0.005208066666530087,0.005040064512825904,1.0388020166666325,-0.6637600161282065,ALIGNED
SCN_005,80,2.6333,TRACKING,486.0,134.0,320.0,240.0,166.0,-106.0,1.0375,-0.6625,-0.0013020166666324329,0.001260016128206476,-0.0010416133333059463,0.0010080129025651808,1.0377604033333265,-0.6627520032256413,ALIGNED
SCN_005,81,2.6667,TRACKING,485.0,134.0,320.0,240.0,165.0,-106.0,1.03125,-0.6625,-0.006510403333326531,0.0002520032256413396,-0.005208322666661225,0.0002016025805130717,1.0325520806666653,-0.6625504006451283,ALIGNED
SCN_005,82,2.7,TRACKING,485.0,134.0,320.0,240.0,165.0,-106.0,1.03125,-0.6625,-0.0013020806666652618,5.040064512829012e-05,-0.0010416645333322094,4.03205161026321e-05,1.031510416133333,-0.6625100801290257,ALIGNED
SCN_005,83,2.7333,TRACKING,485.0,135.0,320.0,240.0,165.0,-105.0,1.03125,-0.65625,-0.00026041613333305236,0.00626008012902568,-0.00020833290666644189,0.0050080641032205445,1.0313020832266666,-0.6575020160258052,ALIGNED
SCN_005,84,2.7667,TRACKING,484.0,135.0,320.0,240.0,164.0,-105.0,1.025,-0.65625,-0.006302083226666699,0.0012520160258051583,-0.00504166658133336,0.0010016128206441267,1.0262604166453333,-0.656500403205161,ALIGNED
SCN_005,85,2.8,TRACKING,484.0,135.0,320.0,240.0,164.0,-105.0,1.025,-0.65625,-0.0012604166453333843,0.00025040320516100945,-0.0010083333162667074,0.00020032256412880756,1.0252520833290666,-0.6563000806410322,ALIGNED
SCN_005,86,2.8333,TRACKING,483.0,136.0,320.0,240.0,163.0,-104.0,1.01875,-0.65,-0.006502083329066544,0.0063000806410321575,-0.005201666663253235,0.005040064512825727,1.0200504166658133,-0.6512600161282065,ALIGNED
SCN_005,87,2.8667,TRACKING,483.0,136.0,320.0,240.0,163.0,-104.0,1.01875,-0.65,-0.0013004166658132643,0.001260016128206476,-0.0010403333326506115,0.0010080129025651808,1.0190100833331628,-0.6502520032256414,ALIGNED
SCN_005,88,2.9,TRACKING,482.0,136.0,320.0,240.0,162.0,-104.0,1.0125,-0.65,-0.0065100833331628305,0.0002520032256413396,-0.005208066666530265,0.0002016025805130717,1.0138020166666326,-0.6500504006451283,ALIGNED
SCN_005,89,2.9333,TRACKING,482.0,136.0,320.0,240.0,162.0,-104.0,1.0125,-0.65,-0.001302016666632655,5.040064512829012e-05,-0.001041613333306124,4.03205161026321e-05,1.0127604033333264,-0.6500100801290257,ALIGNED
SCN_005,90,2.9667,TRACKING,481.0,137.0,320.0,240.0,161.0,-103.0,1.00625,-0.6437499999999999,-0.006510403333326309,0.006260080129025791,-0.005208322666661047,0.005008064103220633,1.0075520806666654,-0.6450020160258051,ALIGNED
SCN_005,91,3.0,TRACKING,481.0,137.0,320.0,240.0,161.0,-103.0,1.00625,-0.6437499999999999,-0.0013020806666652618,0.0012520160258051583,-0.0010416645333322094,0.0010016128206441267,1.0065104161333331,-0.6440004032051609,ALIGNED
SCN_005,92,3.0333,TRACKING,481.0,137.0,320.0,240.0,161.0,-103.0,1.00625,-0.6437499999999999,-0.00026041613333305236,0.00025040320516100945,-0.00020833290666644189,0.00020032256412880756,1.0063020832266667,-0.6438000806410321,ALIGNED
SCN_005,93,3.0667,TRACKING,480.0,138.0,320.0,240.0,160.0,-102.0,1.0,-0.6375,-0.006302083226666699,0.0063000806410321575,-0.00504166658133336,0.005040064512825727,1.0012604166453334,-0.6387600161282064,ALIGNED
SCN_005,94,3.1,TRACKING,480.0,138.0,320.0,240.0,160.0,-102.0,1.0,-0.6375,-0.0012604166453333843,0.001260016128206476,-0.0010083333162667074,0.0010080129025651808,1.0002520833290667,-0.6377520032256413,ALIGNED
SCN_005,95,3.1333,TRACKING,479.0,138.0,320.0,240.0,159.0,-102.0,0.99375,-0.6375,-0.006502083329066655,0.0002520032256413396,-0.005201666663253324,0.0002016025805130717,0.9950504166658134,-0.6375504006451282,ALIGNED
SCN_005,96,3.1667,TRACKING,479.0,138.0,320.0,240.0,159.0,-102.0,0.99375,-0.6375,-0.0013004166658133753,5.040064512829012e-05,-0.0010403333326507002,4.03205161026321e-05,0.9940100833331627,-0.6375100801290257,ALIGNED
SCN_005,97,3.2,TRACKING,478.0,139.0,320.0,240.0,158.0,-101.0,0.9875,-0.63125,-0.0065100833331626085,0.00626008012902568,-0.005208066666530087,0.0050080641032205445,0.9888020166666326,-0.6325020160258051,ALIGNED
SCN_005,98,3.2333,TRACKING,478.0,139.0,320.0,240.0,158.0,-101.0,0.9875,-0.63125,-0.001302016666632544,0.0012520160258051583,-0.0010416133333060352,0.0010016128206441267,0.9877604033333266,-0.631500403205161,ALIGNED
SCN_005,99,3.2667,TRACKING,477.0,139.0,320.0,240.0,157.0,-101.0,0.98125,-0.63125,-0.006510403333326642,0.00025040320516100945,-0.005208322666661314,0.00020032256412880756,0.9825520806666653,-0.6313000806410322,ALIGNED
SCN_005,100,3.3,TRACKING,477.0,140.0,320.0,240.0,157.0,-100.0,0.98125,-0.625,-0.0013020806666653728,0.0063000806410321575,-0.0010416645333322983,0.005040064512825727,0.981510416133333,-0.6262600161282065,ALIGNED
SCN_005,101,3.3333,TRACKING,477.0,140.0,320.0,240.0,157.0,-100.0,0.98125,-0.625,-0.00026041613333305236,0.001260016128206476,-0.00020833290666644189,0.0010080129025651808,0.9813020832266666,-0.6252520032256413,ALIGNED
SCN_005,102,3.3667,TRACKING,476.0,140.0,320.0,240.0,156.0,-100.0,0.975,-0.625,-0.006302083226666588,0.0002520032256413396,-0.005041666581333271,0.0002016025805130717,0.9762604166453333,-0.6250504006451283,ALIGNED
SCN_005,103,3.4,TRACKING,476.0,140.0,320.0,240.0,156.0,-100.0,0.975,-0.625,-0.0012604166453332732,5.040064512829012e-05,-0.0010083333162666187,4.03205161026321e-05,0.9752520833290667,-0.6250100801290257,ALIGNED
SCN_005,104,3.4333,TRACKING,475.0,141.0,320.0,240.0,155.0,-99.0,0.96875,-0.6187499999999999,-0.006502083329066655,0.006260080129025791,-0.005201666663253324,0.005008064103220633,0.9700504166658134,-0.6200020160258051,ALIGNED
SCN_005,105,3.4667,TRACKING,475.0,141.0,320.0,240.0,155.0,-99.0,0.96875,-0.6187499999999999,-0.0013004166658133753,0.0012520160258051583,-0.0010403333326507002,0.0010016128206441267,0.9690100833331626,-0.6190004032051609,ALIGNED
SCN_005,106,3.5,TRACKING,474.0,141.0,320.0,240.0,154.0,-99.0,0.9625,-0.6187499999999999,-0.0065100833331626085,0.00025040320516100945,-0.005208066666530087,0.00020032256412880756,0.9638020166666326,-0.6188000806410321,ALIGNED
SCN_005,107,3.5333,TRACKING,474.0,142.0,320.0,240.0,154.0,-98.0,0.9625,-0.6125,-0.001302016666632544,0.0063000806410320465,-0.0010416133333060352,0.005040064512825637,0.9627604033333266,-0.6137600161282064,ALIGNED
SCN_005,108,3.5667,TRACKING,473.0,142.0,320.0,240.0,153.0,-98.0,0.95625,-0.6125,-0.006510403333326531,0.0012600161282063649,-0.005208322666661225,0.0010080129025650919,0.9575520806666653,-0.6127520032256413,ALIGNED
SCN_005,109,3.6,TRACKING,473.0,142.0,320.0,240.0,153.0,-98.0,0.95625,-0.6125,-0.0013020806666652618,0.00025200322564122857,-0.0010416645333322094,0.00020160258051298287,0.9565104161333331,-0.6125504006451283,ALIGNED
SCN_005,110,3.6333,TRACKING,473.0,143.0,320.0,240.0,153.0,-97.0,0.95625,-0.60625,-0.00026041613333305236,0.006300400645128379,-0.00020833290666644189,0.005040320516102703,0.9563020832266667,-0.6075100801290256,ALIGNED
SCN_005,111,3.6667,TRACKING,472.0,143.0,320.0,240.0,152.0,-97.0,0.95,-0.60625,-0.006302083226666699,0.0012600801290256758,-0.00504166658133336,0.0010080641032205408,0.9512604166453333,-0.6065020160258051,ALIGNED
SCN_005,112,3.7,TRACKING,472.0,143.0,320.0,240.0,152.0,-97.0,0.95,-0.60625,-0.0012604166453333843,0.00025201602580515736,-0.0010083333162667074,0.0002016128206441259,0.9502520833290666,-0.606300403205161,ALIGNED
SCN_005,113,3.7333,TRACKING,471.0,143.0,320.0,240.0,151.0,-97.0,0.94375,-0.60625,-0.006502083329066655,5.040320516103147e-05,-0.005201666663253324,4.032256412882518e-05,0.9450504166658134,-0.6062600806410322,ALIGNED
SCN_005,114,3.7667,TRACKING,471.0,144.0,320.0,240.0,151.0,-96.0,0.94375,-0.6000000000000001,-0.0013004166658133753,0.0062600806410321175,-0.0010403333326507002,0.005008064512825695,0.9440100833331626,-0.6012520161282066,ALIGNED
SCN_005,115,3.8,TRACKING,470.0,144.0,320.0,240.0,150.0,-96.0,0.9375,-0.6000000000000001,-0.0065100833331626085,0.001252016128206468,-0.005208066666530087,0.0010016129025651743,0.9388020166666325,-0.6002504032256414,ALIGNED
SCN_005,116,3.8333,TRACKING,470.0,144.0,320.0,240.0,150.0,-96.0,0.9375,-0.6000000000000001,-0.001302016666632544,0.0002504032256412936,-0.0010416133333060352,0.00020032258051303487,0.9377604033333266,-0.6000500806451283,ALIGNED
SCN_005,117,3.8667,TRACKING,469.0,145.0,320.0,240.0,149.0,-95.0,0.93125,-0.59375,-0.006510403333326531,0.006300080645128325,-0.005208322666661225,0.005040064516102661,0.9325520806666653,-0.5950100161290257,ALIGNED
SCN_005,118,3.9,TRACKING,469.0,145.0,320.0,240.0,149.0,-95.0,0.93125,-0.59375,-0.0013020806666652618,0.0012600161290257095,-0.0010416645333322094,0.0010080129032205675,0.9315104161333331,-0.5940020032258051,ALIGNED
SCN_005,119,3.9333,TRACKING,468.0,145.0,320.0,240.0,148.0,-95.0,0.925,-0.59375,-0.00651041613333303,0.0002520032258050975,-0.005208332906666425,0.000201602580644078,0.9263020832266666,-0.593800400645161,ALIGNED
SCN_005,120,3.9667,TRACKING,468.0,145.0,320.0,240.0,148.0,-95.0,0.925,-0.59375,-0.0013020832266665838,5.04006451610417e-05,-0.001041666581333267,4.0320516128833364e-05,0.9252604166453333,-0.5937600801290323,ALIGNED
SCN_005,121,4.0,TRACKING,468.0,146.0,320.0,240.0,148.0,-94.0,0.925,-0.5875,-0.00026041664533327236,0.0062600801290322305,-0.0002083333162666179,0.005008064103225785,0.9250520833290667,-0.5887520160258065,ALIGNED
SCN_005,122,4.0333,TRACKING,467.0,146.0,320.0,240.0,147.0,-94.0,0.91875,-0.5875,-0.006302083329066788,0.0012520160258064905,-0.005041666663253431,0.0010016128206451925,0.9200104166658133,-0.5877504032051614,ALIGNED
SCN_005,123,4.0667,TRACKING,467.0,146.0,320.0,240.0,147.0,-94.0,0.91875,-0.5875,-0.0012604166658133353,0.0002504032051613425,-0.0010083333326506682,0.00020032256412907403,0.9190020833331626,-0.5875500806410323,ALIGNED
SCN_005,124,4.1,TRACKING,466.0,147.0,320.0,240.0,146.0,-93.0,0.9125,-0.58125,-0.0065020833331626005,0.0063000806410322685,-0.005201666666530081,0.005040064512825815,0.9138004166666325,-0.5825100161282065,ALIGNED
SCN_005,125,4.1333,TRACKING,466.0,147.0,320.0,240.0,146.0,-93.0,0.9125,-0.58125,-0.0013004166666324979,0.001260016128206476,-0.0010403333333059983,0.0010080129025651808,0.9127600833333265,-0.5815020032256414,ALIGNED
SCN_005,126,4.1667,TRACKING,465.0,147.0,320.0,240.0,145.0,-93.0,0.90625,-0.58125,-0.006510083333326477,0.0002520032256413396,-0.005208066666661182,0.0002016025805130717,0.9075520166666653,-0.5813004006451283,ALIGNED
SCN_005,127,4.2,TRACKING,465.0,147.0,320.0,240.0,145.0,-93.0,0.90625,-0.58125,-0.0013020166666652955,5.040064512829012e-05,-0.0010416133333322364,4.03205161026321e-05,0.9065104033333331,-0.5812600801290257,ALIGNED
SCN_005,128,4.2333,TRACKING,464.0,148.0,320.0,240.0,144.0,-92.0,0.9,-0.5750000000000001,-0.006510403333333081,0.00626008012902568,-0.0052083226666664656,0.0050080641032205445,0.9013020806666666,-0.5762520160258052,ALIGNED
SCN_005,129,4.2667,TRACKING,464.0,148.0,320.0,240.0,144.0,-92.0,0.9,-0.5750000000000001,-0.001302080666666594,0.0012520160258051583,-0.0010416645333332752,0.0010016128206441267,0.9002604161333333,-0.5752504032051611,ALIGNED
SCN_005,130,4.3,TRACKING,464.0,148.0,320.0,240.0,144.0,-92.0,0.9,-0.5750000000000001,-0.0002604161333332744,0.00025040320516100945,-0.00020833290666661953,0.00020032256412880756,0.9000520832266666,-0.5750500806410322,ALIGNED
SCN_005,131,4.3333,TRACKING,463.0,149.0,320.0,240.0,143.0,-91.0,0.89375,-0.56875,-0.006302083226666588,0.0063000806410322685,-0.005041666581333271,0.005040064512825815,0.8950104166453333,-0.5700100161282065,ALIGNED
SCN_005,132,4.3667,TRACKING,463.0,149.0,320.0,240.0,143.0,-91.0,0.89375,-0.56875,-0.0012604166453332732,0.001260016128206476,-0.0010083333162666187,0.0010080129025651808,0.8940020833290667,-0.5690020032256413,ALIGNED
SCN_005,133,4.4,TRACKING,462.0,149.0,320.0,240.0,142.0,-91.0,0.8875,-0.56875,-0.006502083329066766,0.0002520032256413396,-0.005201666663253413,0.0002016025805130717,0.8888004166658133,-0.5688004006451283,ALIGNED
SCN_005,134,4.4333,TRACKING,462.0,149.0,320.0,240.0,142.0,-91.0,0.8875,-0.56875,-0.0013004166658133753,5.040064512829012e-05,-0.0010403333326507002,4.03205161026321e-05,0.8877600833331626,-0.5687600801290257,ALIGNED
SCN_005,135,4.4667,TRACKING,461.0,150.0,320.0,240.0,141.0,-90.0,0.88125,-0.5625,-0.0065100833331626085,0.00626008012902568,-0.005208066666530087,0.0050080641032205445,0.8825520166666325,-0.5637520160258052,ALIGNED
SCN_005,136,4.5,TRACKING,461.0,150.0,320.0,240.0,141.0,-90.0,0.88125,-0.5625,-0.001302016666632544,0.0012520160258051583,-0.0010416133333060352,0.0010016128206441267,0.8815104033333265,-0.562750403205161,ALIGNED
SCN_005,137,4.5333,TRACKING,460.0,150.0,320.0,240.0,140.0,-90.0,0.875,-0.5625,-0.006510403333326531,0.00025040320516100945,-0.005208322666661225,0.00020032256412880756,0.8763020806666653,-0.5625500806410322,ALIGNED
SCN_005,138,4.5667,TRACKING,460.0,151.0,320.0,240.0,140.0,-89.0,0.875,-0.55625,-0.0013020806666652618,0.0063000806410321575,-0.0010416645333322094,0.005040064512825727,0.875260416133333,-0.5575100161282065,ALIGNED
SCN_005,139,4.6,TRACKING,460.0,151.0,320.0,240.0,140.0,-89.0,0.875,-0.55625,-0.00026041613333305236,0.001260016128206476,-0.00020833290666644189,0.0010080129025651808,0.8750520832266666,-0.5565020032256414,ALIGNED
SCN_005,140,4.6333,TRACKING,459.0,151.0,320.0,240.0,139.0,-89.0,0.86875,-0.55625,-0.006302083226666588,0.0002520032256413396,-0.005041666581333271,0.0002016025805130717,0.8700104166453333,-0.5563004006451283,ALIGNED
SCN_005,141,4.6667,TRACKING,459.0,151.0,320.0,240.0,139.0,-89.0,0.86875,-0.55625,-0.0012604166453332732,5.040064512829012e-05,-0.0010083333162666187,4.03205161026321e-05,0.8690020833290667,-0.5562600801290257,ALIGNED
SCN_005,142,4.7,TRACKING,458.0,152.0,320.0,240.0,138.0,-88.0,0.8625,-0.5499999999999999,-0.006502083329066655,0.006260080129025791,-0.005201666663253324,0.005008064103220633,0.8638004166658134,-0.5512520160258051,ALIGNED
SCN_005,143,4.7333,TRACKING,458.0,152.0,320.0,240.0,138.0,-88.0,0.8625,-0.5499999999999999,-0.0013004166658133753,0.0012520160258051583,-0.0010403333326507002,0.0010016128206441267,0.8627600833331627,-0.5502504032051609,ALIGNED
SCN_005,144,4.7667,TRACKING,457.0,152.0,320.0,240.0,137.0,-88.0,0.85625,-0.5499999999999999,-0.0065100833331627195,0.00025040320516100945,-0.005208066666530176,0.00020032256412880756,0.8575520166666325,-0.5500500806410321,ALIGNED
SCN_005,145,4.8,TRACKING,457.0,153.0,320.0,240.0,137.0,-87.0,0.85625,-0.54375,-0.001302016666632544,0.0063000806410321575,-0.0010416133333060352,0.005040064512825727,0.8565104033333265,-0.5450100161282064,ALIGNED
SCN_005,146,4.8333,TRACKING,456.0,153.0,320.0,240.0,136.0,-87.0,0.85,-0.54375,-0.006510403333326531,0.001260016128206476,-0.005208322666661225,0.0010080129025651808,0.8513020806666652,-0.5440020032256413,ALIGNED
SCN_005,147,4.8667,TRACKING,456.0,153.0,320.0,240.0,136.0,-87.0,0.85,-0.54375,-0.0013020806666652618,0.0002520032256413396,-0.0010416645333322094,0.0002016025805130717,0.850260416133333,-0.5438004006451282,ALIGNED
SCN_005,148,4.9,TRACKING,456.0,154.0,320.0,240.0,136.0,-86.0,0.85,-0.5375,-0.00026041613333305236,0.006300400645128268,-0.00020833290666644189,0.005040320516102615,0.8500520832266666,-0.5387600801290257,ALIGNED
SCN_005,149,4.9333,TRACKING,455.0,154.0,320.0,240.0,135.0,-86.0,0.84375,-0.5375,-0.006302083226666588,0.0012600801290256758,-0.005041666581333271,0.0010080641032205408,0.8450104166453333,-0.5377520160258051,ALIGNED
SCN_005,150,4.9667,TRACKING,455.0,154.0,320.0,240.0,135.0,-86.0,0.84375,-0.5375,-0.0012604166453332732,0.00025201602580515736,-0.0010083333162666187,0.0002016128206441259,0.8440020833290667,-0.537550403205161,ALIGNED
SCN_005,151,5.0,TRACKING,454.0,154.0,320.0,240.0,134.0,-86.0,0.8375,-0.5375,-0.006502083329066655,5.040320516103147e-05,-0.005201666663253324,4.032256412882518e-05,0.8388004166658134,-0.5375100806410322,ALIGNED
SCN_005,152,5.0333,TRACKING,454.0,155.0,320.0,240.0,134.0,-85.0,0.8375,-0.53125,-0.0013004166658133753,0.0062600806410322285,-0.0010403333326507002,0.005008064512825783,0.8377600833331627,-0.5325020161282065,ALIGNED
SCN_005,153,5.0667,TRACKING,453.0,155.0,320.0,240.0,133.0,-85.0,0.83125,-0.53125,-0.0065100833331626085,0.001252016128206468,-0.005208066666530087,0.0010016129025651743,0.8325520166666326,-0.5315004032256413,ALIGNED
SCN_005,154,5.1,TRACKING,453.0,155.0,320.0,240.0,133.0,-85.0,0.83125,-0.53125,-0.001302016666632544,0.0002504032256412936,-0.0010416133333060352,0.00020032258051303487,0.8315104033333266,-0.5313000806451282,ALIGNED
SCN_005,155,5.1333,TRACKING,452.0,156.0,320.0,240.0,132.0,-84.0,0.825,-0.5249999999999999,-0.006510403333326642,0.006300080645128325,-0.005208322666661314,0.005040064516102661,0.8263020806666653,-0.5262600161290256,ALIGNED
SCN_005,156,5.1667,TRACKING,452.0,156.0,320.0,240.0,132.0,-84.0,0.825,-0.5249999999999999,-0.0013020806666653728,0.0012600161290257095,-0.0010416645333322983,0.0010080129032205675,0.825260416133333,-0.525252003225805,ALIGNED
SCN_005,157,5.2,TRACKING,452.0,156.0,320.0,240.0,132.0,-84.0,0.825,-0.5249999999999999,-0.00026041613333305236,0.0002520032258050975,-0.00020833290666644189,0.000201602580644078,0.8250520832266666,-0.525050400645161,ALIGNED
SCN_005,158,5.2333,TRACKING,451.0,156.0,320.0,240.0,131.0,-84.0,0.81875,-0.5249999999999999,-0.006302083226666588,5.04006451610417e-05,-0.005041666581333271,4.0320516128833364e-05,0.8200104166453333,-0.5250100801290322,ALIGNED
SCN_005,159,5.2667,TRACKING,451.0,157.0,320.0,240.0,131.0,-83.0,0.81875,-0.51875,-0.0012604166453332732,0.0062600801290321195,-0.0010083333162666187,0.005008064103225696,0.8190020833290667,-0.5200020160258064,ALIGNED
SCN_005,160,5.3,TRACKING,450.0,157.0,320.0,240.0,130.0,-83.0,0.8125,-0.51875,-0.006502083329066655,0.0012520160258063795,-0.005201666663253324,0.0010016128206451036,0.8138004166658134,-0.5190004032051613,ALIGNED
SCN_005,161,5.3333,TRACKING,450.0,157.0,320.0,240.0,130.0,-83.0,0.8125,-0.51875,-0.0013004166658133753,0.0002504032051612315,-0.0010403333326507002,0.0002003225641289852,0.8127600833331626,-0.5188000806410323,ALIGNED
SCN_005,162,5.3667,TRACKING,449.0,158.0,320.0,240.0,129.0,-82.0,0.80625,-0.5125,-0.0065100833331626085,0.0063000806410323795,-0.005208066666530087,0.005040064512825904,0.8075520166666326,-0.5137600161282064,ALIGNED
SCN_005,163,5.4,TRACKING,449.0,158.0,320.0,240.0,129.0,-82.0,0.80625,-0.5125,-0.001302016666632544,0.001260016128206476,-0.0010416133333060352,0.0010080129025651808,0.8065104033333266,-0.5127520032256413,ALIGNED
SCN_005,164,5.4333,TRACKING,448.0,158.0,320.0,240.0,128.0,-82.0,0.8,-0.5125,-0.006510403333326531,0.0002520032256413396,-0.005208322666661225,0.0002016025805130717,0.8013020806666653,-0.5125504006451282,ALIGNED
SCN_005,165,5.4667,TRACKING,448.0,158.0,320.0,240.0,128.0,-82.0,0.8,-0.5125,-0.0013020806666652618,5.040064512829012e-05,-0.0010416645333322094,4.03205161026321e-05,0.8002604161333331,-0.5125100801290257,ALIGNED
SCN_005,166,5.5,TRACKING,448.0,159.0,320.0,240.0,128.0,-81.0,0.8,-0.5062500000000001,-0.00026041613333305236,0.006260080129025569,-0.00020833290666644189,0.005008064103220456,0.8000520832266667,-0.5075020160258052,ALIGNED
SCN_005,167,5.5333,TRACKING,447.0,159.0,320.0,240.0,127.0,-81.0,0.79375,-0.5062500000000001,-0.006302083226666699,0.0012520160258051583,-0.00504166658133336,0.0010016128206441267,0.7950104166453333,-0.5065004032051611,ALIGNED
SCN_005,168,5.5667,TRACKING,447.0,159.0,320.0,240.0,127.0,-81.0,0.79375,-0.5062500000000001,-0.0012604166453333843,0.00025040320516100945,-0.0010083333162667074,0.00020032256412880756,0.7940020833290666,-0.5063000806410323,ALIGNED
SCN_005,169,5.6,TRACKING,446.0,160.0,320.0,240.0,126.0,-80.0,0.7875,-0.5,-0.006502083329066655,0.0063000806410322685,-0.005201666663253324,0.005040064512825815,0.7888004166658134,-0.5012600161282065,ALIGNED
SCN_005,170,5.6333,TRACKING,446.0,160.0,320.0,240.0,126.0,-80.0,0.7875,-0.5,-0.0013004166658133753,0.001260016128206476,-0.0010403333326507002,0.0010080129025651808,0.7877600833331626,-0.5002520032256413,ALIGNED
SCN_005,171,5.6667,TRACKING,445.0,160.0,320.0,240.0,125.0,-80.0,0.78125,-0.5,-0.0065100833331626085,0.0002520032256413396,-0.005208066666530087,0.0002016025805130717,0.7825520166666325,-0.5000504006451283,ALIGNED
SCN_005,172,5.7,TRACKING,445.0,160.0,320.0,240.0,125.0,-80.0,0.78125,-0.5,-0.001302016666632544,5.040064512829012e-05,-0.0010416133333060352,4.03205161026321e-05,0.7815104033333266,-0.5000100801290257,ALIGNED
SCN_005,173,5.7333,TRACKING,444.0,161.0,320.0,240.0,124.0,-79.0,0.775,-0.49375,-0.006510403333326531,0.00626008012902568,-0.005208322666661225,0.0050080641032205445,0.7763020806666653,-0.4950020160258052,ALIGNED
SCN_005,174,5.7667,TRACKING,444.0,161.0,320.0,240.0,124.0,-79.0,0.775,-0.49375,-0.0013020806666652618,0.0012520160258051583,-0.0010416645333322094,0.0010016128206441267,0.7752604161333331,-0.49400040320516103,ALIGNED
SCN_005,175,5.8,TRACKING,444.0,161.0,320.0,240.0,124.0,-79.0,0.775,-0.49375,-0.00026041613333305236,0.00025040320516100945,-0.00020833290666644189,0.00020032256412880756,0.7750520832266666,-0.4938000806410322,ALIGNED
SCN_005,176,5.8333,TRACKING,443.0,162.0,320.0,240.0,123.0,-78.0,0.76875,-0.48750000000000004,-0.006302083226666588,0.0063000806410321575,-0.005041666581333271,0.005040064512825727,0.7700104166453333,-0.48876001612820646,ALIGNED
SCN_005,177,5.8667,TRACKING,443.0,162.0,320.0,240.0,123.0,-78.0,0.76875,-0.48750000000000004,-0.0012604166453332732,0.0012600161282064204,-0.0010083333162666187,0.0010080129025651363,0.7690020833290667,-0.48775200322564133,ALIGNED
SCN_005,178,5.9,TRACKING,442.0,162.0,320.0,240.0,122.0,-78.0,0.7625,-0.48750000000000004,-0.006502083329066766,0.0002520032256412841,-0.005201666663253413,0.00020160258051302727,0.7638004166658133,-0.4875504006451283,ALIGNED
SCN_005,179,5.9333,TRACKING,442.0,162.0,320.0,240.0,122.0,-78.0,0.7625,-0.48750000000000004,-0.0013004166658133753,5.040064512823461e-05,-0.0010403333326507002,4.032051610258769e-05,0.7627600833331626,-0.4875100801290257,ALIGNED
SCN_005,180,5.9667,TRACKING,441.0,163.0,320.0,240.0,121.0,-77.0,0.75625,-0.48125000000000007,-0.0065100833331626085,0.006260080129025625,-0.005208066666530087,0.0050080641032205,0.7575520166666325,-0.48250201602580517,ALIGNED
SCN_005,181,6.0,TRACKING,441.0,163.0,320.0,240.0,121.0,-77.0,0.75625,-0.48125000000000007,-0.001302016666632544,0.0012520160258051027,-0.0010416133333060352,0.0010016128206440822,0.7565104033333265,-0.4815004032051611,ALIGNED
SCN_005,182,6.0333,TRACKING,440.0,163.0,320.0,240.0,120.0,-77.0,0.75,-0.48125000000000007,-0.006510403333326531,0.00025040320516100945,-0.005208322666661225,0.00020032256412880756,0.7513020806666653,-0.48130008064103225,ALIGNED
SCN_005,183,6.0667,TRACKING,440.0,164.0,320.0,240.0,120.0,-76.0,0.75,-0.475,-0.0013020806666652618,0.0063000806410322685,-0.0010416645333322094,0.005040064512825815,0.750260416133333,-0.47626001612820645,ALIGNED
SCN_005,184,6.1,TRACKING,440.0,164.0,320.0,240.0,120.0,-76.0,0.75,-0.475,-0.00026041613333305236,0.001260016128206476,-0.00020833290666644189,0.0010080129025651808,0.7500520832266666,-0.47525200322564126,ALIGNED
SCN_005,185,6.1333,TRACKING,439.0,164.0,320.0,240.0,119.0,-76.0,0.74375,-0.475,-0.006302083226666588,0.0002520032256412841,-0.005041666581333271,0.00020160258051302727,0.7450104166453333,-0.4750504006451282,ALIGNED
SCN_005,186,6.1667,TRACKING,439.0,165.0,320.0,240.0,119.0,-75.0,0.74375,-0.46875,-0.0012604166453332732,0.006300400645128212,-0.0010083333162666187,0.0050403205161025704,0.7440020833290667,-0.4700100801290256,ALIGNED
SCN_005,187,6.2,TRACKING,438.0,165.0,320.0,240.0,118.0,-75.0,0.7375,-0.46875,-0.006502083329066655,0.0012600801290256203,-0.005201666663253324,0.0010080641032204963,0.7388004166658134,-0.4690020160258051,ALIGNED
SCN_005,188,6.2333,TRACKING,438.0,165.0,320.0,240.0,118.0,-75.0,0.7375,-0.46875,-0.0013004166658133753,0.00025201602580510185,-0.0010403333326507002,0.0002016128206440815,0.7377600833331627,-0.46880040320516103,ALIGNED
SCN_005,189,6.2667,TRACKING,437.0,165.0,320.0,240.0,117.0,-75.0,0.73125,-0.46875,-0.0065100833331627195,5.040320516103147e-05,-0.005208066666530176,4.032256412882518e-05,0.7325520166666325,-0.4687600806410322,ALIGNED
SCN_005,190,6.3,TRACKING,437.0,166.0,320.0,240.0,117.0,-74.0,0.73125,-0.4625,-0.001302016666632544,0.006260080641032173,-0.0010416133333060352,0.005008064512825739,0.7315104033333265,-0.46375201612820643,ALIGNED
SCN_005,191,6.3333,TRACKING,436.0,166.0,320.0,240.0,116.0,-74.0,0.725,-0.4625,-0.006510403333326531,0.0012520161282064124,-0.005208322666661225,0.0010016129025651299,0.7263020806666652,-0.4627504032256413,ALIGNED
SCN_005,192,6.3667,TRACKING,436.0,166.0,320.0,240.0,116.0,-74.0,0.725,-0.4625,-0.0013020806666652618,0.0002504032256412936,-0.0010416645333322094,0.00020032258051303487,0.725260416133333,-0.46255008064512826,ALIGNED
SCN_005,193,6.4,TRACKING,436.0,167.0,320.0,240.0,116.0,-73.0,0.725,-0.45624999999999993,-0.00026041613333305236,0.006300080645128325,-0.00020833290666644189,0.005040064516102661,0.7250520832266666,-0.4575100161290256,ALIGNED
SCN_005,194,6.4333,TRACKING,435.0,167.0,320.0,240.0,115.0,-73.0,0.71875,-0.45624999999999993,-0.006302083226666588,0.001260016129025654,-0.005041666581333271,0.0010080129032205233,0.7200104166453333,-0.4565020032258051,ALIGNED
SCN_005,195,6.4667,TRACKING,435.0,167.0,320.0,240.0,115.0,-73.0,0.71875,-0.45624999999999993,-0.0012604166453332732,0.000252003225805153,-0.0010083333162666187,0.0002016025806441224,0.7190020833290667,-0.456300400645161,ALIGNED
SCN_005,196,6.5,TRACKING,434.0,167.0,320.0,240.0,114.0,-73.0,0.7125,-0.45624999999999993,-0.006502083329066655,5.04006451610417e-05,-0.005201666663253324,4.0320516128833364e-05,0.7138004166658134,-0.45626008012903213,ALIGNED
SCN_005,197,6.5333,TRACKING,434.0,168.0,320.0,240.0,114.0,-72.0,0.7125,-0.44999999999999996,-0.0013004166658133753,0.006260080129032175,-0.0010403333326507002,0.00500806410322574,0.7127600833331627,-0.4512520160258064,ALIGNED
SCN_005,198,6.5667,TRACKING,433.0,168.0,320.0,240.0,113.0,-72.0,0.70625,-0.44999999999999996,-0.0065100833331626085,0.001252016025806435,-0.005208066666530087,0.001001612820645148,0.7075520166666326,-0.45025040320516124,ALIGNED
SCN_005,199,6.6,TRACKING,433.0,168.0,320.0,240.0,113.0,-72.0,0.70625,-0.44999999999999996,-0.001302016666632544,0.000250403205161287,-0.0010416133333060352,0.0002003225641290296,0.7065104033333266,-0.4500500806410322,ALIGNED
SCN_005,200,6.6333,TRACKING,432.0,169.0,320.0,240.0,112.0,-71.0,0.7,-0.44375,-0.006510403333326642,0.006300080641032213,-0.005208322666661314,0.005040064512825771,0.7013020806666653,-0.4450100161282064,ALIGNED
SCN_005,201,6.6667,TRACKING,432.0,169.0,320.0,240.0,112.0,-71.0,0.7,-0.44375,-0.0013020806666653728,0.0012600161282064204,-0.0010416645333322983,0.0010080129025651363,0.700260416133333,-0.44400200322564126,ALIGNED
SCN_005,202,6.7,TRACKING,432.0,169.0,320.0,240.0,112.0,-71.0,0.7,-0.44375,-0.00026041613333305236,0.0002520032256412841,-0.00020833290666644189,0.00020160258051302727,0.7000520832266666,-0.4438004006451282,ALIGNED
SCN_005,203,6.7333,TRACKING,431.0,169.0,320.0,240.0,111.0,-71.0,0.69375,-0.44375,-0.006302083226666588,5.040064512823461e-05,-0.005041666581333271,4.032051610258769e-05,0.6950104166453333,-0.4437600801290256,ALIGNED
SCN_005,204,6.7667,TRACKING,431.0,170.0,320.0,240.0,111.0,-70.0,0.69375,-0.4375,-0.0012604166453332732,0.006260080129025625,-0.0010083333162666187,0.0050080641032205,0.6940020833290667,-0.4387520160258051,ALIGNED
SCN_005,205,6.8,TRACKING,430.0,170.0,320.0,240.0,110.0,-70.0,0.6875,-0.4375,-0.006502083329066655,0.0012520160258051027,-0.005201666663253324,0.0010016128206440822,0.6888004166658134,-0.437750403205161,ALIGNED
SCN_005,206,6.8333,TRACKING,430.0,170.0,320.0,240.0,110.0,-70.0,0.6875,-0.4375,-0.0013004166658133753,0.00025040320516100945,-0.0010403333326507002,0.00020032256412880756,0.6877600833331626,-0.4375500806410322,ALIGNED
SCN_005,207,6.8667,TRACKING,429.0,171.0,320.0,240.0,109.0,-69.0,0.68125,-0.43124999999999997,-0.0065100833331626085,0.006300080641032213,-0.005208066666530087,0.005040064512825771,0.6825520166666326,-0.4325100161282064,ALIGNED
SCN_005,208,6.9,TRACKING,429.0,171.0,320.0,240.0,109.0,-69.0,0.68125,-0.43124999999999997,-0.001302016666632544,0.0012600161282064204,-0.0010416133333060352,0.0010080129025651363,0.6815104033333266,-0.43150200322564125,ALIGNED
SCN_005,209,6.9333,TRACKING,428.0,171.0,320.0,240.0,108.0,-69.0,0.675,-0.43124999999999997,-0.006510403333326531,0.0002520032256412841,-0.005208322666661225,0.00020160258051302727,0.6763020806666653,-0.4313004006451282,ALIGNED
SCN_005,210,6.9667,TRACKING,428.0,171.0,320.0,240.0,108.0,-69.0,0.675,-0.43124999999999997,-0.0013020806666652618,5.040064512823461e-05,-0.0010416645333322094,4.032051610258769e-05,0.6752604161333331,-0.4312600801290256,ALIGNED
SCN_005,211,7.0,TRACKING,428.0,172.0,320.0,240.0,108.0,-68.0,0.675,-0.425,-0.00026041613333305236,0.006260080129025625,-0.00020833290666644189,0.0050080641032205,0.6750520832266667,-0.4262520160258051,ALIGNED
SCN_005,212,7.0333,TRACKING,427.0,172.0,320.0,240.0,107.0,-68.0,0.66875,-0.425,-0.006302083226666699,0.0012520160258051027,-0.00504166658133336,0.0010016128206440822,0.6700104166453333,-0.425250403205161,ALIGNED
SCN_005,213,7.0667,TRACKING,427.0,172.0,320.0,240.0,107.0,-68.0,0.66875,-0.425,-0.0012604166453333843,0.00025040320516100945,-0.0010083333162667074,0.00020032256412880756,0.6690020833290666,-0.42505008064103217,ALIGNED
SCN_005,214,7.1,TRACKING,426.0,173.0,320.0,240.0,106.0,-67.0,0.6625,-0.41875,-0.006502083329066655,0.0063000806410321575,-0.005201666663253324,0.005040064512825727,0.6638004166658134,-0.42001001612820643,ALIGNED
SCN_005,215,7.1333,TRACKING,426.0,173.0,320.0,240.0,106.0,-67.0,0.6625,-0.41875,-0.0013004166658133753,0.0012600161282064204,-0.0010403333326507002,0.0010080129025651363,0.6627600833331626,-0.4190020032256413,ALIGNED
SCN_005,216,7.1667,TRACKING,425.0,173.0,320.0,240.0,105.0,-67.0,0.65625,-0.41875,-0.0065100833331626085,0.0002520032256412841,-0.005208066666530087,0.00020160258051302727,0.6575520166666325,-0.41880040064512825,ALIGNED
SCN_005,217,7.2,TRACKING,425.0,173.0,320.0,240.0,105.0,-67.0,0.65625,-0.41875,-0.001302016666632544,5.040064512823461e-05,-0.0010416133333060352,4.032051610258769e-05,0.6565104033333266,-0.41876008012902566,ALIGNED
SCN_005,218,7.2333,TRACKING,424.0,174.0,320.0,240.0,104.0,-66.0,0.65,-0.41250000000000003,-0.006510403333326531,0.006260080129025625,-0.005208322666661225,0.0050080641032205,0.6513020806666653,-0.41375201602580514,ALIGNED
SCN_005,219,7.2667,TRACKING,424.0,174.0,320.0,240.0,104.0,-66.0,0.65,-0.41250000000000003,-0.0013020806666652618,0.0012520160258051027,-0.0010416645333322094,0.0010016128206440822,0.6502604161333331,-0.41275040320516104,ALIGNED
SCN_005,220,7.3,TRACKING,424.0,174.0,320.0,240.0,104.0,-66.0,0.65,-0.41250000000000003,-0.00026041613333305236,0.00025040320516100945,-0.00020833290666644189,0.00020032256412880756,0.6500520832266666,-0.4125500806410322,ALIGNED
SCN_005,221,7.3333,TRACKING,423.0,175.0,320.0,240.0,103.0,-65.0,0.64375,-0.40625,-0.006302083226666588,0.006300080641032213,-0.005041666581333271,0.005040064512825771,0.6450104166453333,-0.4075100161282064,ALIGNED
SCN_005,222,7.3667,TRACKING,423.0,175.0,320.0,240.0,103.0,-65.0,0.64375,-0.40625,-0.0012604166453332732,0.0012600161282064204,-0.0010083333162666187,0.0010080129025651363,0.6440020833290667,-0.4065020032256413,ALIGNED
SCN_005,223,7.4,TRACKING,422.0,175.0,320.0,240.0,102.0,-65.0,0.6375,-0.40625,-0.006502083329066766,0.0002520032256412841,-0.005201666663253413,0.00020160258051302727,0.6388004166658133,-0.40630040064512823,ALIGNED
SCN_005,224,7.4333,TRACKING,422.0,175.0,320.0,240.0,102.0,-65.0,0.6375,-0.40625,-0.0013004166658133753,5.040064512823461e-05,-0.0010403333326507002,4.032051610258769e-05,0.6377600833331626,-0.40626008012902565,ALIGNED
SCN_005,225,7.4667,TRACKING,421.0,176.0,320.0,240.0,101.0,-64.0,0.63125,-0.4,-0.0065100833331626085,0.006260080129025625,-0.005208066666530087,0.0050080641032205,0.6325520166666325,-0.4012520160258051,ALIGNED
SCN_005,226,7.5,TRACKING,421.0,176.0,320.0,240.0,101.0,-64.0,0.63125,-0.4,-0.001302016666632544,0.0012520160258051027,-0.0010416133333060352,0.0010016128206440822,0.6315104033333265,-0.40025040320516103,ALIGNED
SCN_005,227,7.5333,TRACKING,420.0,176.0,320.0,240.0,100.0,-64.0,0.625,-0.4,-0.006510403333326531,0.00025040320516100945,-0.005208322666661225,0.00020032256412880756,0.6263020806666653,-0.4000500806410322,ALIGNED
SCN_005,228,7.5667,TRACKING,420.0,177.0,320.0,240.0,100.0,-63.0,0.625,-0.39375000000000004,-0.0013020806666652618,0.0063000806410321575,-0.0010416645333322094,0.005040064512825727,0.625260416133333,-0.39501001612820646,ALIGNED
SCN_005,229,7.6,TRACKING,420.0,177.0,320.0,240.0,100.0,-63.0,0.625,-0.39375000000000004,-0.00026041613333305236,0.0012600161282064204,-0.00020833290666644189,0.0010080129025651363,0.6250520832266666,-0.39400200322564133,ALIGNED
SCN_005,230,7.6333,TRACKING,419.0,177.0,320.0,240.0,99.0,-63.0,0.61875,-0.39375000000000004,-0.006302083226666588,0.0002520032256412841,-0.005041666581333271,0.00020160258051302727,0.6200104166453333,-0.3938004006451283,ALIGNED
SCN_005,231,7.6667,TRACKING,419.0,178.0,320.0,240.0,99.0,-62.0,0.61875,-0.38750000000000007,-0.0012604166453332732,0.006300400645128212,-0.0010083333162666187,0.0050403205161025704,0.6190020833290667,-0.3887600801290257,ALIGNED
SCN_005,232,7.7,TRACKING,418.0,178.0,320.0,240.0,98.0,-62.0,0.6125,-0.38750000000000007,-0.006502083329066655,0.0012600801290256203,-0.005201666663253324,0.0010080641032204963,0.6138004166658134,-0.38775201602580517,ALIGNED
SCN_005,233,7.7333,TRACKING,418.0,178.0,320.0,240.0,98.0,-62.0,0.6125,-0.38750000000000007,-0.0013004166658133753,0.00025201602580510185,-0.0010403333326507002,0.0002016128206440815,0.6127600833331627,-0.3875504032051611,ALIGNED
SCN_005,234,7.7667,TRACKING,417.0,178.0,320.0,240.0,97.0,-62.0,0.60625,-0.38750000000000007,-0.0065100833331627195,5.040320516103147e-05,-0.005208066666530176,4.032256412882518e-05,0.6075520166666325,-0.38751008064103226,ALIGNED
SCN_005,235,7.8,TRACKING,417.0,179.0,320.0,240.0,97.0,-61.0,0.60625,-0.38125,-0.001302016666632544,0.006260080641032284,-0.0010416133333060352,0.005008064512825827,0.6065104033333265,-0.38250201612820645,ALIGNED
SCN_005,236,7.8333,TRACKING,416.0,179.0,320.0,240.0,96.0,-61.0,0.6,-0.38125,-0.006510403333326531,0.001252016128206468,-0.005208322666661225,0.0010016129025651743,0.6013020806666652,-0.38150040322564127,ALIGNED
SCN_005,237,7.8667,TRACKING,416.0,179.0,320.0,240.0,96.0,-61.0,0.6,-0.38125,-0.0013020806666652618,0.0002504032256412936,-0.0010416645333322094,0.00020032258051303487,0.600260416133333,-0.3813000806451282,ALIGNED
SCN_005,238,7.9,TRACKING,416.0,180.0,320.0,240.0,96.0,-60.0,0.6,-0.375,-0.00026041613333305236,0.006300080645128214,-0.00020833290666644189,0.005040064516102572,0.6000520832266666,-0.37626001612902565,ALIGNED
SCN_005,239,7.9333,TRACKING,415.0,180.0,320.0,240.0,95.0,-60.0,0.59375,-0.375,-0.006302083226666588,0.001260016129025654,-0.005041666581333271,0.0010080129032205233,0.5950104166453333,-0.37525200322580515,ALIGNED
SCN_005,240,7.9667,TRACKING,415.0,180.0,320.0,240.0,95.0,-60.0,0.59375,-0.375,-0.0012604166453332732,0.000252003225805153,-0.0010083333162666187,0.0002016025806441224,0.5940020833290667,-0.37505040064516104,ALIGNED
SCN_005,241,8.0,TRACKING,414.0,180.0,320.0,240.0,94.0,-60.0,0.5875,-0.375,-0.006502083329066655,5.04006451610417e-05,-0.005201666663253324,4.0320516128833364e-05,0.5888004166658134,-0.3750100801290322,ALIGNED
SCN_005,242,8.0333,TRACKING,414.0,181.0,320.0,240.0,94.0,-59.0,0.5875,-0.36874999999999997,-0.0013004166658133753,0.0062600801290322305,-0.0010403333326507002,0.005008064103225785,0.5877600833331627,-0.3700020160258064,ALIGNED
SCN_005,243,8.0667,TRACKING,413.0,181.0,320.0,240.0,93.0,-59.0,0.58125,-0.36874999999999997,-0.0065100833331626085,0.001252016025806435,-0.005208066666530087,0.001001612820645148,0.5825520166666326,-0.36900040320516125,ALIGNED
SCN_005,244,8.1,TRACKING,413.0,181.0,320.0,240.0,93.0,-59.0,0.58125,-0.36874999999999997,-0.001302016666632544,0.000250403205161287,-0.0010416133333060352,0.0002003225641290296,0.5815104033333266,-0.3688000806410322,ALIGNED
SCN_005,245,8.1333,TRACKING,412.0,182.0,320.0,240.0,92.0,-58.0,0.575,-0.3625,-0.006510403333326642,0.006300080641032213,-0.005208322666661314,0.005040064512825771,0.5763020806666653,-0.3637600161282064,ALIGNED
SCN_005,246,8.1667,TRACKING,412.0,182.0,320.0,240.0,92.0,-58.0,0.575,-0.3625,-0.0013020806666653728,0.0012600161282064204,-0.0010416645333322983,0.0010080129025651363,0.575260416133333,-0.3627520032256413,ALIGNED
SCN_005,247,8.2,TRACKING,412.0,182.0,320.0,240.0,92.0,-58.0,0.575,-0.3625,-0.00026041613333305236,0.0002520032256412841,-0.00020833290666644189,0.00020160258051302727,0.5750520832266666,-0.3625504006451282,ALIGNED
SCN_005,248,8.2333,TRACKING,411.0,182.0,320.0,240.0,91.0,-58.0,0.56875,-0.3625,-0.006302083226666588,5.040064512823461e-05,-0.005041666581333271,4.032051610258769e-05,0.5700104166453333,-0.36251008012902564,ALIGNED
SCN_005,249,8.2667,TRACKING,411.0,183.0,320.0,240.0,91.0,-57.0,0.56875,-0.35624999999999996,-0.0012604166453332732,0.00626008012902568,-0.0010083333162666187,0.0050080641032205445,0.5690020833290667,-0.3575020160258051,ALIGNED
SCN_005,250,8.3,TRACKING,410.0,183.0,320.0,240.0,90.0,-57.0,0.5625,-0.35624999999999996,-0.006502083329066655,0.0012520160258051583,-0.005201666663253324,0.0010016128206441267,0.5638004166658134,-0.35650040320516097,ALIGNED
SCN_005,251,8.3333,TRACKING,410.0,183.0,320.0,240.0,90.0,-57.0,0.5625,-0.35624999999999996,-0.0013004166658133753,0.00025040320516100945,-0.0010403333326507002,0.00020032256412880756,0.5627600833331626,-0.35630008064103214,ALIGNED
SCN_005,252,8.3667,TRACKING,409.0,184.0,320.0,240.0,89.0,-56.0,0.55625,-0.35,-0.0065100833331626085,0.0063000806410321575,-0.005208066666530087,0.005040064512825727,0.5575520166666326,-0.3512600161282064,ALIGNED
SCN_005,253,8.4,TRACKING,409.0,184.0,320.0,240.0,89.0,-56.0,0.55625,-0.35,-0.001302016666632544,0.0012600161282064204,-0.0010416133333060352,0.0010080129025651363,0.5565104033333266,-0.35025200322564126,ALIGNED
SCN_005,254,8.4333,TRACKING,408.0,184.0,320.0,240.0,88.0,-56.0,0.55,-0.35,-0.006510403333326531,0.0002520032256412841,-0.005208322666661225,0.00020160258051302727,0.5513020806666653,-0.3500504006451282,ALIGNED
SCN_005,255,8.4667,TRACKING,408.0,184.0,320.0,240.0,88.0,-56.0,0.55,-0.35,-0.0013020806666652618,5.040064512823461e-05,-0.0010416645333322094,4.032051610258769e-05,0.5502604161333331,-0.3500100801290256,ALIGNED
SCN_005,256,8.5,TRACKING,408.0,185.0,320.0,240.0,88.0,-55.0,0.55,-0.34375,-0.00026041613333305236,0.006260080129025625,-0.00020833290666644189,0.0050080641032205,0.5500520832266667,-0.3450020160258051,ALIGNED
SCN_005,257,8.5333,TRACKING,407.0,185.0,320.0,240.0,87.0,-55.0,0.54375,-0.34375,-0.006302083226666699,0.0012520160258051027,-0.00504166658133336,0.0010016128206440822,0.5450104166453333,-0.344000403205161,ALIGNED
SCN_005,258,8.5667,TRACKING,407.0,185.0,320.0,240.0,87.0,-55.0,0.54375,-0.34375,-0.0012604166453333843,0.00025040320516100945,-0.0010083333162667074,0.00020032256412880756,0.5440020833290666,-0.3438000806410322,ALIGNED
SCN_005,259,8.6,TRACKING,406.0,186.0,320.0,240.0,86.0,-54.0,0.5375,-0.3375,-0.006502083329066655,0.0063000806410321575,-0.005201666663253324,0.005040064512825727,0.5388004166658134,-0.33876001612820644,ALIGNED
SCN_005,260,8.6333,TRACKING,406.0,186.0,320.0,240.0,86.0,-54.0,0.5375,-0.3375,-0.0013004166658133753,0.0012600161282064204,-0.0010403333326507002,0.0010080129025651363,0.5377600833331626,-0.3377520032256413,ALIGNED
SCN_005,261,8.6667,TRACKING,405.0,186.0,320.0,240.0,85.0,-54.0,0.53125,-0.3375,-0.0065100833331626085,0.0002520032256412841,-0.005208066666530087,0.00020160258051302727,0.5325520166666325,-0.33755040064512826,ALIGNED
SCN_005,262,8.7,TRACKING,405.0,186.0,320.0,240.0,85.0,-54.0,0.53125,-0.3375,-0.001302016666632544,5.040064512823461e-05,-0.0010416133333060352,4.032051610258769e-05,0.5315104033333266,-0.33751008012902567,ALIGNED
SCN_005,263,8.7333,TRACKING,404.0,187.0,320.0,240.0,84.0,-53.0,0.525,-0.33125,-0.006510403333326531,0.00626008012902568,-0.005208322666661225,0.0050080641032205445,0.5263020806666653,-0.33250201602580515,ALIGNED
SCN_005,264,8.7667,TRACKING,404.0,187.0,320.0,240.0,84.0,-53.0,0.525,-0.33125,-0.0013020806666652618,0.0012520160258051583,-0.0010416645333322094,0.0010016128206441267,0.5252604161333331,-0.331500403205161,ALIGNED
SCN_005,265,8.8,TRACKING,404.0,187.0,320.0,240.0,84.0,-53.0,0.525,-0.33125,-0.00026041613333305236,0.00025040320516100945,-0.00020833290666644189,0.00020032256412880756,0.5250520832266666,-0.33130008064103217,ALIGNED
SCN_005,266,8.8333,TRACKING,403.0,188.0,320.0,240.0,83.0,-52.0,0.51875,-0.325,-0.006302083226666588,0.0063000806410321575,-0.005041666581333271,0.005040064512825727,0.5200104166453333,-0.32626001612820643,ALIGNED
SCN_005,267,8.8667,TRACKING,403.0,188.0,320.0,240.0,83.0,-52.0,0.51875,-0.325,-0.0012604166453332732,0.0012600161282064204,-0.0010083333162666187,0.0010080129025651363,0.5190020833290667,-0.3252520032256413,ALIGNED
SCN_005,268,8.9,TRACKING,402.0,188.0,320.0,240.0,82.0,-52.0,0.5125,-0.325,-0.006502083329066766,0.0002520032256412841,-0.005201666663253413,0.00020160258051302727,0.5138004166658133,-0.32505040064512825,ALIGNED
SCN_005,269,8.9333,TRACKING,402.0,189.0,320.0,240.0,82.0,-51.0,0.5125,-0.31875,-0.0013004166658133753,0.006300400645128268,-0.0010403333326507002,0.005040320516102615,0.5127600833331626,-0.32001008012902565,ALIGNED
SCN_005,270,8.9667,TRACKING,401.0,189.0,320.0,240.0,81.0,-51.0,0.50625,-0.31875,-0.0065100833331626085,0.0012600801290256758,-0.005208066666530087,0.0010080641032205408,0.5075520166666325,-0.31900201602580514,ALIGNED
SCN_005,271,9.0,TRACKING,401.0,189.0,320.0,240.0,81.0,-51.0,0.50625,-0.31875,-0.001302016666632544,0.00025201602580515736,-0.0010416133333060352,0.0002016128206441259,0.5065104033333265,-0.318800403205161,ALIGNED
SCN_005,272,9.0333,TRACKING,400.0,189.0,320.0,240.0,80.0,-51.0,0.5,-0.31875,-0.006510403333326531,5.040320516103147e-05,-0.005208322666661225,4.032256412882518e-05,0.5013020806666653,-0.3187600806410322,ALIGNED
SCN_005,273,9.0667,TRACKING,400.0,190.0,320.0,240.0,80.0,-50.0,0.5,-0.3125,-0.0013020806666652618,0.006260080641032173,-0.0010416645333322094,0.005008064512825739,0.500260416133333,-0.3137520161282064,ALIGNED
SCN_005,274,9.1,TRACKING,400.0,190.0,320.0,240.0,80.0,-50.0,0.5,-0.3125,-0.00026041613333305236,0.0012520161282064124,-0.00020833290666644189,0.0010016129025651299,0.5000520832266666,-0.3127504032256413,ALIGNED
SCN_005,275,9.1333,TRACKING,399.0,190.0,320.0,240.0,79.0,-50.0,0.49375,-0.3125,-0.006302083226666588,0.0002504032256412936,-0.005041666581333271,0.00020032258051303487,0.49501041664533335,-0.31255008064512824,ALIGNED
SCN_005,276,9.1667,TRACKING,399.0,191.0,320.0,240.0,79.0,-49.0,0.49375,-0.30625,-0.0012604166453333288,0.006300080645128214,-0.001008333316266663,0.005040064516102572,0.4940020833290667,-0.3075100161290257,ALIGNED
SCN_005,277,9.2,TRACKING,398.0,191.0,320.0,240.0,78.0,-49.0,0.4875,-0.30625,-0.00650208332906671,0.001260016129025654,-0.005201666663253369,0.0010080129032205233,0.4888004166658133,-0.3065020032258052,ALIGNED
SCN_005,278,9.2333,TRACKING,398.0,191.0,320.0,240.0,78.0,-49.0,0.4875,-0.30625,-0.0013004166658133198,0.000252003225805153,-0.001040333332650656,0.0002016025806441224,0.4877600833331627,-0.30630040064516106,ALIGNED
SCN_005,279,9.2667,TRACKING,397.0,191.0,320.0,240.0,77.0,-49.0,0.48125,-0.30625,-0.006510083333162664,5.04006451610417e-05,-0.005208066666530131,4.0320516128833364e-05,0.48255201666663255,-0.3062600801290322,ALIGNED
SCN_005,280,9.3,TRACKING,397.0,192.0,320.0,240.0,77.0,-48.0,0.48125,-0.30000000000000004,-0.001302016666632544,0.006260080129032175,-0.0010416133333060352,0.00500806410322574,0.4815104033333265,-0.3012520160258065,ALIGNED
SCN_005,281,9.3333,TRACKING,396.0,192.0,320.0,240.0,76.0,-48.0,0.475,-0.30000000000000004,-0.006510403333326531,0.001252016025806435,-0.005208322666661225,0.001001612820645148,0.4763020806666653,-0.30025040320516133,ALIGNED
SCN_005,282,9.3667,TRACKING,396.0,192.0,320.0,240.0,76.0,-48.0,0.475,-0.30000000000000004,-0.0013020806666653173,0.000250403205161287,-0.0010416645333322539,0.0002003225641290296,0.47526041613333303,-0.3000500806410323,ALIGNED
SCN_005,283,9.4,TRACKING,396.0,193.0,320.0,240.0,76.0,-47.0,0.475,-0.29375,-0.00026041613333305236,0.0063000806410322685,-0.00020833290666644189,0.005040064512825815,0.4750520832266666,-0.2950100161282065,ALIGNED
SCN_005,284,9.4333,TRACKING,395.0,193.0,320.0,240.0,75.0,-47.0,0.46875,-0.29375,-0.006302083226666588,0.001260016128206476,-0.005041666581333271,0.0010080129025651808,0.47001041664533333,-0.2940020032256413,ALIGNED
SCN_005,285,9.4667,TRACKING,395.0,193.0,320.0,240.0,75.0,-47.0,0.46875,-0.29375,-0.0012604166453333288,0.0002520032256412841,-0.001008333316266663,0.00020160258051302727,0.4690020833290667,-0.29380040064512825,ALIGNED
SCN_005,286,9.5,TRACKING,394.0,193.0,320.0,240.0,74.0,-47.0,0.4625,-0.29375,-0.006502083329066655,5.040064512823461e-05,-0.005201666663253324,4.032051610258769e-05,0.46380041666581334,-0.29376008012902566,ALIGNED
SCN_005,287,9.5333,TRACKING,394.0,194.0,320.0,240.0,74.0,-46.0,0.4625,-0.28750000000000003,-0.0013004166658133198,0.006260080129025625,-0.001040333332650656,0.0050080641032205,0.4627600833331627,-0.28875201602580514,ALIGNED
SCN_005,288,9.5667,TRACKING,393.0,194.0,320.0,240.0,73.0,-46.0,0.45625,-0.28750000000000003,-0.0065100833331627195,0.0012520160258051027,-0.005208066666530176,0.0010016128206440822,0.45755201666663253,-0.28775040320516104,ALIGNED
SCN_005,289,9.6,TRACKING,393.0,194.0,320.0,240.0,73.0,-46.0,0.45625,-0.28750000000000003,-0.001302016666632544,0.00025040320516100945,-0.0010416133333060352,0.00020032256412880756,0.4565104033333265,-0.2875500806410322,ALIGNED
SCN_005,290,9.6333,TRACKING,392.0,195.0,320.0,240.0,72.0,-45.0,0.45,-0.28125,-0.0065104033333264755,0.006300080641032213,-0.005208322666661181,0.005040064512825771,0.45130208066666533,-0.2825100161282064,ALIGNED
SCN_005,291,9.6667,TRACKING,392.0,195.0,320.0,240.0,72.0,-45.0,0.45,-0.28125,-0.0013020806666653173,0.0012600161282064204,-0.0010416645333322539,0.0010080129025651363,0.45026041613333306,-0.2815020032256413,ALIGNED
SCN_005,292,9.7,TRACKING,392.0,195.0,320.0,240.0,72.0,-45.0,0.45,-0.28125,-0.00026041613333305236,0.0002520032256412841,-0.00020833290666644189,0.00020160258051302727,0.4500520832266666,-0.28130040064512823,ALIGNED
SCN_005,293,9.7333,TRACKING,391.0,195.0,320.0,240.0,71.0,-45.0,0.44375,-0.28125,-0.006302083226666644,5.040064512823461e-05,-0.005041666581333315,4.032051610258769e-05,0.4450104166453333,-0.28126008012902565,ALIGNED
SCN_005,294,9.7667,TRACKING,391.0,196.0,320.0,240.0,71.0,-44.0,0.44375,-0.27499999999999997,-0.0012604166453333288,0.00626008012902568,-0.001008333316266663,0.0050080641032205445,0.44400208332906665,-0.2762520160258051,ALIGNED
SCN_005,295,9.8,TRACKING,390.0,196.0,320.0,240.0,70.0,-44.0,0.4375,-0.27499999999999997,-0.006502083329066655,0.0012520160258051583,-0.005201666663253324,0.0010016128206441267,0.4388004166658133,-0.275250403205161,ALIGNED
SCN_005,296,9.8333,TRACKING,390.0,196.0,320.0,240.0,70.0,-44.0,0.4375,-0.27499999999999997,-0.0013004166658133198,0.00025040320516100945,-0.001040333332650656,0.00020032256412880756,0.4377600833331627,-0.27505008064103215,ALIGNED
SCN_005,297,9.8667,TRACKING,389.0,197.0,320.0,240.0,69.0,-43.0,0.43125,-0.26875,-0.006510083333162664,0.0063000806410321575,-0.005208066666530131,0.005040064512825727,0.43255201666663257,-0.2700100161282064,ALIGNED
SCN_005,298,9.9,TRACKING,389.0,197.0,320.0,240.0,69.0,-43.0,0.43125,-0.26875,-0.001302016666632544,0.0012600161282064204,-0.0010416133333060352,0.0010080129025651363,0.4315104033333265,-0.2690020032256413,ALIGNED
SCN_005,299,9.9333,TRACKING,388.0,197.0,320.0,240.0,68.0,-43.0,0.425,-0.26875,-0.006510403333326531,0.0002520032256412841,-0.005208322666661225,0.00020160258051302727,0.4263020806666653,-0.2688004006451282,ALIGNED
SCN_005,300,9.9667,TRACKING,388.0,197.0,320.0,240.0,68.0,-43.0,0.425,-0.26875,-0.0013020806666653173,5.040064512823461e-05,-0.0010416645333322539,4.032051610258769e-05,0.42526041613333304,-0.26876008012902564,ALIGNED
SCN_005,301,10.0,TRACKING,388.0,198.0,320.0,240.0,68.0,-42.0,0.425,-0.26249999999999996,-0.00026041613333305236,0.00626008012902568,-0.00020833290666644189,0.0050080641032205445,0.4250520832266666,-0.2637520160258051,ALIGNED
SCN_005,302,10.0333,TRACKING,387.0,198.0,320.0,240.0,67.0,-42.0,0.41875,-0.26249999999999996,-0.006302083226666588,0.0012520160258051583,-0.005041666581333271,0.0010016128206441267,0.42001041664533334,-0.26275040320516097,ALIGNED
SCN_005,303,10.0667,TRACKING,387.0,198.0,320.0,240.0,67.0,-42.0,0.41875,-0.26249999999999996,-0.0012604166453333288,0.00025040320516100945,-0.001008333316266663,0.00020032256412880756,0.4190020833290667,-0.26255008064103214,ALIGNED
SCN_005,304,10.1,TRACKING,386.0,199.0,320.0,240.0,66.0,-41.0,0.4125,-0.25625,-0.00650208332906671,0.0063000806410321575,-0.005201666663253369,0.005040064512825727,0.4138004166658133,-0.2575100161282064,ALIGNED
SCN_005,305,10.1333,TRACKING,386.0,199.0,320.0,240.0,66.0,-41.0,0.4125,-0.25625,-0.0013004166658133198,0.0012600161282064204,-0.001040333332650656,0.0010080129025651363,0.41276008333316266,-0.25650200322564126,ALIGNED
SCN_005,306,10.1667,TRACKING,385.0,199.0,320.0,240.0,65.0,-41.0,0.40625,-0.25625,-0.006510083333162664,0.0002520032256412841,-0.005208066666530131,0.00020160258051302727,0.40755201666663254,-0.2563004006451282,ALIGNED
SCN_005,307,10.2,TRACKING,385.0,199.0,320.0,240.0,65.0,-41.0,0.40625,-0.25625,-0.001302016666632544,5.040064512823461e-05,-0.0010416133333060352,4.032051610258769e-05,0.4065104033333265,-0.2562600801290256,ALIGNED
SCN_005,308,10.2333,TRACKING,384.0,200.0,320.0,240.0,64.0,-40.0,0.4,-0.25,-0.0065104033333264755,0.006260080129025625,-0.005208322666661181,0.0050080641032205,0.40130208066666534,-0.2512520160258051,ALIGNED
SCN_005,309,10.2667,TRACKING,384.0,200.0,320.0,240.0,64.0,-40.0,0.4,-0.25,-0.0013020806666653173,0.0012520160258051027,-0.0010416645333322539,0.0010016128206440822,0.4002604161333331,-0.250250403205161,ALIGNED
SCN_005,310,10.3,TRACKING,384.0,200.0,320.0,240.0,64.0,-40.0,0.4,-0.25,-0.00026041613333305236,0.00025040320516100945,-0.00020833290666644189,0.00020032256412880756,0.40005208322666663,-0.2500500806410322,ALIGNED
SCN_005,311,10.3333,TRACKING,383.0,201.0,320.0,240.0,63.0,-39.0,0.39375,-0.24375000000000002,-0.006302083226666644,0.0063000806410321575,-0.005041666581333315,0.005040064512825727,0.3950104166453333,-0.24501001612820644,ALIGNED
SCN_005,312,10.3667,TRACKING,383.0,201.0,320.0,240.0,63.0,-39.0,0.39375,-0.24375000000000002,-0.0012604166453333288,0.0012600161282064204,-0.001008333316266663,0.0010080129025651363,0.39400208332906667,-0.2440020032256413,ALIGNED
SCN_005,313,10.4,TRACKING,382.0,201.0,320.0,240.0,62.0,-39.0,0.3875,-0.24375000000000002,-0.006502083329066655,0.0002520032256412841,-0.005201666663253324,0.00020160258051302727,0.38880041666581333,-0.24380040064512828,ALIGNED
SCN_005,314,10.4333,TRACKING,382.0,202.0,320.0,240.0,62.0,-38.0,0.3875,-0.2375,-0.0013004166658133198,0.006300400645128296,-0.001040333332650656,0.005040320516102637,0.3877600833331627,-0.23876008012902564,ALIGNED
SCN_005,315,10.4667,TRACKING,381.0,202.0,320.0,240.0,61.0,-38.0,0.38125,-0.2375,-0.0065100833331627195,0.001260080129025648,-0.005208066666530176,0.0010080641032205184,0.3825520166666325,-0.23775201602580512,ALIGNED
SCN_005,316,10.5,TRACKING,381.0,202.0,320.0,240.0,61.0,-38.0,0.38125,-0.2375,-0.001302016666632544,0.0002520160258051296,-0.0010416133333060352,0.0002016128206441037,0.3815104033333265,-0.23755040320516102,ALIGNED
SCN_005,317,10.5333,TRACKING,380.0,202.0,320.0,240.0,60.0,-38.0,0.375,-0.2375,-0.0065104033333264755,5.040320516103147e-05,-0.005208322666661181,4.032256412882518e-05,0.3763020806666653,-0.23751008064103218,ALIGNED
SCN_005,318,10.5667,TRACKING,380.0,203.0,320.0,240.0,60.0,-37.0,0.375,-0.23125,-0.0013020806666653173,0.006260080641032173,-0.0010416645333322539,0.005008064512825739,0.37526041613333305,-0.23250201612820645,ALIGNED
SCN_005,319,10.6,TRACKING,380.0,203.0,320.0,240.0,60.0,-37.0,0.375,-0.23125,-0.00026041613333305236,0.0012520161282064401,-0.00020833290666644189,0.0010016129025651522,0.3750520832266666,-0.2315004032256413,ALIGNED
SCN_005,320,10.6333,TRACKING,379.0,203.0,320.0,240.0,59.0,-37.0,0.36875,-0.23125,-0.006302083226666588,0.0002504032256412936,-0.005041666581333271,0.00020032258051303487,0.37001041664533335,-0.23130008064512828,ALIGNED
SCN_005,321,10.6667,TRACKING,379.0,204.0,320.0,240.0,59.0,-36.0,0.36875,-0.22499999999999998,-0.0012604166453333288,0.006300080645128298,-0.001008333316266663,0.005040064516102638,0.3690020833290667,-0.22626001612902563,ALIGNED
SCN_005,322,10.7,TRACKING,378.0,204.0,320.0,240.0,58.0,-36.0,0.3625,-0.22499999999999998,-0.00650208332906671,0.001260016129025654,-0.005201666663253369,0.0010080129032205233,0.3638004166658133,-0.2252520032258051,ALIGNED
SCN_005,323,10.7333,TRACKING,378.0,204.0,320.0,240.0,58.0,-36.0,0.3625,-0.22499999999999998,-0.0013004166658133198,0.00025200322580512524,-0.001040333332650656,0.0002016025806441002,0.3627600833331627,-0.225050400645161,ALIGNED
SCN_005,324,10.7667,TRACKING,377.0,204.0,320.0,240.0,57.0,-36.0,0.35625,-0.22499999999999998,-0.006510083333162664,5.0400645161013946e-05,-0.005208066666530131,4.032051612881116e-05,0.35755201666663255,-0.22501008012903218,ALIGNED
SCN_005,325,10.8,TRACKING,377.0,205.0,320.0,240.0,57.0,-35.0,0.35625,-0.21875,-0.001302016666632544,0.006260080129032175,-0.0010416133333060352,0.00500806410322574,0.3565104033333265,-0.22000201602580644,ALIGNED
SCN_005,326,10.8333,TRACKING,376.0,205.0,320.0,240.0,56.0,-35.0,0.35,-0.21875,-0.006510403333326531,0.001252016025806435,-0.005208322666661225,0.001001612820645148,0.3513020806666653,-0.2190004032051613,ALIGNED
SCN_005,327,10.8667,TRACKING,376.0,205.0,320.0,240.0,56.0,-35.0,0.35,-0.21875,-0.0013020806666653173,0.000250403205161287,-0.0010416645333322539,0.0002003225641290296,0.35026041613333303,-0.21880008064103226,ALIGNED
SCN_005,328,10.9,TRACKING,376.0,206.0,320.0,240.0,56.0,-34.0,0.35,-0.2125,-0.00026041613333305236,0.0063000806410322685,-0.00020833290666644189,0.005040064512825815,0.3500520832266666,-0.21376001612820644,ALIGNED
SCN_005,329,10.9333,TRACKING,375.0,206.0,320.0,240.0,55.0,-34.0,0.34375,-0.2125,-0.006302083226666588,0.0012600161282064481,-0.005041666581333271,0.0010080129025651586,0.34501041664533333,-0.21275200322564128,ALIGNED
SCN_005,330,10.9667,TRACKING,375.0,206.0,320.0,240.0,55.0,-34.0,0.34375,-0.2125,-0.0012604166453333288,0.0002520032256412841,-0.001008333316266663,0.00020160258051302727,0.3440020833290667,-0.21255040064512826,ALIGNED
SCN_005,331,11.0,TRACKING,374.0,206.0,320.0,240.0,54.0,-34.0,0.3375,-0.2125,-0.006502083329066655,5.040064512826237e-05,-0.005201666663253324,4.0320516102609895e-05,0.33880041666581334,-0.21251008012902564,ALIGNED
SCN_005,332,11.0333,TRACKING,374.0,207.0,320.0,240.0,54.0,-33.0,0.3375,-0.20625000000000002,-0.0013004166658133198,0.006260080129025625,-0.001040333332650656,0.0050080641032205,0.3377600833331627,-0.20750201602580515,ALIGNED
SCN_005,333,11.0667,TRACKING,373.0,207.0,320.0,240.0,53.0,-33.0,0.33125,-0.20625000000000002,-0.0065100833331627195,0.0012520160258051305,-0.005208066666530176,0.0010016128206441044,0.33255201666663253,-0.20650040320516105,ALIGNED
SCN_005,334,11.1,TRACKING,373.0,207.0,320.0,240.0,53.0,-33.0,0.33125,-0.20625000000000002,-0.001302016666632544,0.0002504032051610372,-0.0010416133333060352,0.00020032256412882976,0.3315104033333265,-0.20630008064103222,ALIGNED
SCN_005,335,11.1333,TRACKING,372.0,208.0,320.0,240.0,52.0,-32.0,0.325,-0.2,-0.0065104033333264755,0.006300080641032213,-0.005208322666661181,0.005040064512825771,0.32630208066666533,-0.20126001612820646,ALIGNED
SCN_005,336,11.1667,TRACKING,372.0,208.0,320.0,240.0,52.0,-32.0,0.325,-0.2,-0.0013020806666653173,0.0012600161282064481,-0.0010416645333322539,0.0010080129025651586,0.32526041613333306,-0.2002520032256413,ALIGNED
SCN_005,337,11.2,TRACKING,372.0,208.0,320.0,240.0,52.0,-32.0,0.325,-0.2,-0.00026041613333305236,0.0002520032256412841,-0.00020833290666644189,0.00020160258051302727,0.3250520832266666,-0.20005040064512827,ALIGNED
SCN_005,338,11.2333,TRACKING,371.0,208.0,320.0,240.0,51.0,-32.0,0.31875,-0.2,-0.006302083226666644,5.040064512826237e-05,-0.005041666581333315,4.0320516102609895e-05,0.3200104166453333,-0.20001008012902566,ALIGNED
SCN_005,339,11.2667,TRACKING,371.0,209.0,320.0,240.0,51.0,-31.0,0.31875,-0.19375000000000003,-0.0012604166453333288,0.006260080129025625,-0.001008333316266663,0.0050080641032205,0.31900208332906665,-0.19500201602580516,ALIGNED
SCN_005,340,11.3,TRACKING,370.0,209.0,320.0,240.0,50.0,-31.0,0.3125,-0.19375000000000003,-0.006502083329066655,0.0012520160258051305,-0.005201666663253324,0.0010016128206441044,0.3138004166658133,-0.19400040320516107,ALIGNED
SCN_005,341,11.3333,TRACKING,370.0,209.0,320.0,240.0,50.0,-31.0,0.3125,-0.19375000000000003,-0.0013004166658133198,0.0002504032051610372,-0.001040333332650656,0.00020032256412882976,0.3127600833331627,-0.19380008064103224,ALIGNED
SCN_005,342,11.3667,TRACKING,369.0,210.0,320.0,240.0,49.0,-30.0,0.30625,-0.1875,-0.006510083333162664,0.006300080641032241,-0.005208066666530131,0.005040064512825793,0.30755201666663257,-0.18876001612820645,ALIGNED
SCN_005,343,11.4,TRACKING,369.0,210.0,320.0,240.0,49.0,-30.0,0.30625,-0.1875,-0.001302016666632544,0.0012600161282064481,-0.0010416133333060352,0.0010080129025651586,0.3065104033333265,-0.18775200322564128,ALIGNED
SCN_005,344,11.4333,TRACKING,368.0,210.0,320.0,240.0,48.0,-30.0,0.3,-0.1875,-0.006510403333326531,0.0002520032256412841,-0.005208322666661225,0.00020160258051302727,0.3013020806666653,-0.18755040064512826,ALIGNED
SCN_005,345,11.4667,TRACKING,368.0,210.0,320.0,240.0,48.0,-30.0,0.3,-0.1875,-0.0013020806666653173,5.040064512826237e-05,-0.0010416645333322539,4.0320516102609895e-05,0.30026041613333304,-0.18751008012902565,ALIGNED
SCN_005,346,11.5,TRACKING,367.0,211.0,320.0,240.0,47.0,-29.0,0.29375,-0.18125,-0.00651041613333303,0.0062600801290256525,-0.005208332906666425,0.005008064103220522,0.2950520832266666,-0.18250201602580512,ALIGNED
SCN_005,347,11.5333,TRACKING,367.0,211.0,320.0,240.0,47.0,-29.0,0.29375,-0.18125,-0.0013020832266665838,0.0012520160258051305,-0.001041666581333267,0.0010016128206441044,0.29401041664533334,-0.18150040320516103,ALIGNED
SCN_005,348,11.5667,TRACKING,367.0,211.0,320.0,240.0,47.0,-29.0,0.29375,-0.18125,-0.00026041664533332787,0.0002504032051610372,-0.0002083333162666623,0.00020032256412882976,0.29380208332906665,-0.1813000806410322,ALIGNED
SCN_005,349,11.6,TRACKING,366.0,212.0,320.0,240.0,46.0,-28.0,0.2875,-0.175,-0.006302083329066677,0.006300080641032213,-0.005041666663253341,0.005040064512825771,0.2887604166658133,-0.17626001612820644,ALIGNED
SCN_005,350,11.6333,TRACKING,366.0,212.0,320.0,240.0,46.0,-28.0,0.2875,-0.175,-0.0012604166658133353,0.0012600161282064481,-0.0010083333326506682,0.0010080129025651586,0.28775208333316266,-0.17525200322564127,ALIGNED
SCN_005,351,11.6667,TRACKING,365.0,212.0,320.0,240.0,45.0,-28.0,0.28125,-0.175,-0.006502083333162656,0.0002520032256412841,-0.005201666666530125,0.00020160258051302727,0.28255041666663255,-0.17505040064512825,ALIGNED
SCN_005,352,11.7,TRACKING,365.0,213.0,320.0,240.0,45.0,-27.0,0.28125,-0.16875,-0.0013004166666325534,0.00630040064512824,-0.0010403333333060428,0.005040320516102592,0.2815100833333265,-0.17001008012902566,ALIGNED
SCN_005,353,11.7333,TRACKING,364.0,213.0,320.0,240.0,44.0,-27.0,0.275,-0.16875,-0.006510083333326477,0.001260080129025648,-0.005208066666661182,0.0010080641032205184,0.2763020166666653,-0.16900201602580514,ALIGNED
SCN_005,354,11.7667,TRACKING,364.0,213.0,320.0,240.0,44.0,-27.0,0.275,-0.16875,-0.0013020166666652955,0.0002520160258051296,-0.0010416133333322364,0.0002016128206441037,0.27526040333333307,-0.16880040320516104,ALIGNED
SCN_005,355,11.8,TRACKING,363.0,213.0,320.0,240.0,43.0,-27.0,0.26875,-0.16875,-0.006510403333333081,5.040320516103147e-05,-0.0052083226666664656,4.032256412882518e-05,0.2700520806666666,-0.1687600806410322,ALIGNED
SCN_005,356,11.8333,TRACKING,363.0,214.0,320.0,240.0,43.0,-26.0,0.26875,-0.1625,-0.001302080666666594,0.006260080641032201,-0.0010416645333332752,0.005008064512825761,0.2690104161333333,-0.16375201612820645,ALIGNED
SCN_005,357,11.8667,TRACKING,363.0,214.0,320.0,240.0,43.0,-26.0,0.26875,-0.1625,-0.0002604161333333299,0.0012520161282064401,-0.00020833290666666393,0.0010016129025651522,0.26880208322666665,-0.1627504032256413,ALIGNED
SCN_005,358,11.9,TRACKING,362.0,214.0,320.0,240.0,42.0,-26.0,0.2625,-0.1625,-0.006302083226666644,0.0002504032256412936,-0.005041666581333315,0.00020032258051303487,0.26376041664533334,-0.16255008064512827,ALIGNED
SCN_005,359,11.9333,TRACKING,362.0,215.0,320.0,240.0,42.0,-25.0,0.2625,-0.15625,-0.0012604166453333288,0.00630008064512827,-0.001008333316266663,0.005040064516102616,0.2627520833290667,-0.15751001612902565,ALIGNED
SCN_005,360,11.9667,TRACKING,361.0,215.0,320.0,240.0,41.0,-25.0,0.25625,-0.15625,-0.00650208332906671,0.001260016129025654,-0.005201666663253369,0.0010080129032205233,0.2575504166658133,-0.15650200322580513,ALIGNED
SCN_005,361,12.0,TRACKING,361.0,215.0,320.0,240.0,41.0,-25.0,0.25625,-0.15625,-0.0013004166658133198,0.00025200322580512524,-0.001040333332650656,0.0002016025806441002,0.25651008333316266,-0.15630040064516101,ALIGNED
SCN_005,362,12.0333,TRACKING,360.0,215.0,320.0,240.0,40.0,-25.0,0.25,-0.15625,-0.006510083333162664,5.0400645161013946e-05,-0.005208066666530131,4.032051612881116e-05,0.25130201666663254,-0.1562600801290322,ALIGNED
SCN_005,363,12.0667,TRACKING,360.0,216.0,320.0,240.0,40.0,-24.0,0.25,-0.15000000000000002,-0.001302016666632544,0.006260080129032175,-0.0010416133333060352,0.00500806410322574,0.2502604033333265,-0.15125201602580646,ALIGNED
SCN_005,364,12.1,TRACKING,359.0,216.0,320.0,240.0,39.0,-24.0,0.24375,-0.15000000000000002,-0.006510403333326503,0.001252016025806435,-0.005208322666661203,0.001001612820645148,0.24505208066666528,-0.1502504032051613,ALIGNED
SCN_005,365,12.1333,TRACKING,359.0,216.0,320.0,240.0,39.0,-24.0,0.24375,-0.15000000000000002,-0.0013020806666652895,0.000250403205161287,-0.0010416645333322318,0.0002003225641290296,0.24401041613333305,-0.15005008064103229,ALIGNED
SCN_005,366,12.1667,TRACKING,359.0,217.0,320.0,240.0,39.0,-23.0,0.24375,-0.14375000000000002,-0.00026041613333305236,0.0063000806410322685,-0.00020833290666644189,0.005040064512825815,0.2438020832266666,-0.14501001612820646,ALIGNED
SCN_005,367,12.2,TRACKING,358.0,217.0,320.0,240.0,38.0,-23.0,0.2375,-0.14375000000000002,-0.006302083226666616,0.0012600161282064481,-0.005041666581333293,0.0010080129025651586,0.23876041664533332,-0.1440020032256413,ALIGNED
SCN_005,368,12.2333,TRACKING,358.0,217.0,320.0,240.0,38.0,-23.0,0.2375,-0.14375000000000002,-0.0012604166453333288,0.0002520032256412841,-0.001008333316266663,0.00020160258051302727,0.23775208332906667,-0.14380040064512828,ALIGNED
SCN_005,369,12.2667,TRACKING,357.0,217.0,320.0,240.0,37.0,-23.0,0.23125,-0.14375000000000002,-0.006502083329066655,5.040064512826237e-05,-0.005201666663253324,4.0320516102609895e-05,0.23255041666581333,-0.14376008012902566,ALIGNED
SCN_005,370,12.3,TRACKING,357.0,218.0,320.0,240.0,37.0,-22.0,0.23125,-0.13749999999999998,-0.0013004166658133198,0.00626008012902568,-0.001040333332650656,0.0050080641032205445,0.23151008333316267,-0.1387520160258051,ALIGNED
SCN_005,371,12.3333,TRACKING,356.0,218.0,320.0,240.0,36.0,-22.0,0.225,-0.13749999999999998,-0.006510083333162664,0.0012520160258051305,-0.005208066666530131,0.0010016128206441044,0.22630201666663255,-0.13775040320516102,ALIGNED
SCN_005,372,12.3667,TRACKING,356.0,218.0,320.0,240.0,36.0,-22.0,0.225,-0.13749999999999998,-0.001302016666632544,0.0002504032051610372,-0.0010416133333060352,0.00020032256412882976,0.2252604033333265,-0.1375500806410322,ALIGNED
SCN_005,373,12.4,TRACKING,355.0,219.0,320.0,240.0,35.0,-21.0,0.21875,-0.13124999999999998,-0.006510403333326503,0.006300080641032213,-0.005208322666661203,0.005040064512825771,0.2200520806666653,-0.13251001612820643,ALIGNED
SCN_005,374,12.4333,TRACKING,355.0,219.0,320.0,240.0,35.0,-21.0,0.21875,-0.13124999999999998,-0.0013020806666652895,0.0012600161282064481,-0.0010416645333322318,0.0010080129025651586,0.21901041613333305,-0.13150200322564126,ALIGNED
SCN_005,375,12.4667,TRACKING,355.0,219.0,320.0,240.0,35.0,-21.0,0.21875,-0.13124999999999998,-0.00026041613333305236,0.0002520032256412841,-0.00020833290666644189,0.00020160258051302727,0.2188020832266666,-0.13130040064512824,ALIGNED
SCN_005,376,12.5,TRACKING,354.0,219.0,320.0,240.0,34.0,-21.0,0.2125,-0.13124999999999998,-0.006302083226666616,5.040064512826237e-05,-0.005041666581333293,4.0320516102609895e-05,0.21376041664533332,-0.13126008012902562,ALIGNED
SCN_005,377,12.5333,TRACKING,354.0,220.0,320.0,240.0,34.0,-20.0,0.2125,-0.125,-0.0012604166453333288,0.006260080129025625,-0.001008333316266663,0.0050080641032205,0.21275208332906667,-0.12625201602580513,ALIGNED
SCN_005,378,12.5667,TRACKING,353.0,220.0,320.0,240.0,33.0,-20.0,0.20625,-0.125,-0.006502083329066682,0.0012520160258051305,-0.005201666663253346,0.0010016128206441044,0.20755041666581334,-0.12525040320516104,ALIGNED
SCN_005,379,12.6,TRACKING,353.0,220.0,320.0,240.0,33.0,-20.0,0.20625,-0.125,-0.0013004166658133476,0.0002504032051610372,-0.0010403333326506781,0.00020032256412882976,0.20651008333316265,-0.1250500806410322,ALIGNED
SCN_005,380,12.6333,TRACKING,352.0,221.0,320.0,240.0,32.0,-19.0,0.2,-0.11875,-0.006510083333162636,0.006300080641032213,-0.00520806666653011,0.005040064512825771,0.20130201666663253,-0.12001001612820644,ALIGNED
SCN_005,381,12.6667,TRACKING,352.0,221.0,320.0,240.0,32.0,-19.0,0.2,-0.11875,-0.0013020166666325161,0.0012600161282064481,-0.001041613333306013,0.0010080129025651586,0.2002604033333265,-0.11900200322564128,ALIGNED
SCN_005,382,12.7,TRACKING,351.0,221.0,320.0,240.0,31.0,-19.0,0.19375,-0.11875,-0.006510403333326503,0.0002520032256412841,-0.005208322666661203,0.00020160258051302727,0.1950520806666653,-0.11880040064512826,ALIGNED
SCN_005,383,12.7333,TRACKING,351.0,221.0,320.0,240.0,31.0,-19.0,0.19375,-0.11875,-0.0013020806666652895,5.040064512826237e-05,-0.0010416645333322318,4.0320516102609895e-05,0.19401041613333306,-0.11876008012902564,ALIGNED
SCN_005,384,12.7667,TRACKING,351.0,222.0,320.0,240.0,31.0,-18.0,0.19375,-0.11249999999999999,-0.00026041613333305236,0.0062600801290256525,-0.00020833290666644189,0.005008064103220522,0.19380208322666662,-0.11375201602580512,ALIGNED
SCN_005,385,12.8,TRACKING,350.0,222.0,320.0,240.0,30.0,-18.0,0.1875,-0.11249999999999999,-0.006302083226666616,0.0012520160258051305,-0.005041666581333293,0.0010016128206441044,0.18876041664533333,-0.11275040320516101,ALIGNED
SCN_005,386,12.8333,TRACKING,350.0,222.0,320.0,240.0,30.0,-18.0,0.1875,-0.11249999999999999,-0.0012604166453333288,0.0002504032051610233,-0.001008333316266663,0.00020032256412881867,0.18775208332906668,-0.1125500806410322,ALIGNED
SCN_005,387,12.8667,TRACKING,349.0,223.0,320.0,240.0,29.0,-17.0,0.18125,-0.10625,-0.006502083329066682,0.006300080641032199,-0.005201666663253346,0.00504006451282576,0.18255041666581334,-0.10751001612820643,ALIGNED
SCN_005,388,12.9,TRACKING,349.0,223.0,320.0,240.0,29.0,-17.0,0.18125,-0.10625,-0.0013004166658133476,0.0012600161282064343,-0.0010403333326506781,0.0010080129025651474,0.18151008333316265,-0.10650200322564128,ALIGNED
SCN_005,389,12.9333,TRACKING,348.0,223.0,320.0,240.0,28.0,-17.0,0.175,-0.10625,-0.006510083333162664,0.0002520032256412841,-0.005208066666530131,0.00020160258051302727,0.17630201666663253,-0.10630040064512826,ALIGNED
SCN_005,390,12.9667,TRACKING,348.0,224.0,320.0,240.0,28.0,-16.0,0.175,-0.1,-0.001302016666632544,0.006300400645128254,-0.0010416133333060352,0.005040320516102603,0.1752604033333265,-0.10126008012902565,ALIGNED
SCN_005,391,13.0,TRACKING,347.0,224.0,320.0,240.0,27.0,-16.0,0.16875,-0.1,-0.0065104033333264755,0.001260080129025648,-0.005208322666661181,0.0010080641032205184,0.1700520806666653,-0.10025201602580514,ALIGNED
SCN_005,392,13.0333,TRACKING,347.0,224.0,320.0,240.0,27.0,-16.0,0.16875,-0.1,-0.0013020806666652895,0.0002520160258051296,-0.0010416645333322318,0.0002016128206441037,0.16901041613333306,-0.10005040320516104,ALIGNED
SCN_005,393,13.0667,TRACKING,347.0,224.0,320.0,240.0,27.0,-16.0,0.16875,-0.1,-0.00026041613333305236,5.040320516103147e-05,-0.00020833290666644189,4.032256412882518e-05,0.16880208322666662,-0.10001008064103221,ALIGNED
SCN_005,394,13.1,TRACKING,346.0,225.0,320.0,240.0,26.0,-15.0,0.1625,-0.09375,-0.006302083226666616,0.006260080641032215,-0.005041666581333293,0.005008064512825772,0.16376041664533333,-0.09500201612820644,ALIGNED
SCN_005,395,13.1333,TRACKING,346.0,225.0,320.0,240.0,26.0,-15.0,0.1625,-0.09375,-0.0012604166453333288,0.0012520161282064401,-0.001008333316266663,0.0010016129025651522,0.16275208332906668,-0.0940004032256413,ALIGNED
SCN_005,396,13.1667,TRACKING,345.0,225.0,320.0,240.0,25.0,-15.0,0.15625,-0.09375,-0.006502083329066682,0.0002504032256412936,-0.005201666663253346,0.00020032258051303487,0.15755041666581335,-0.09380008064512826,ALIGNED
SCN_005,397,13.2,TRACKING,345.0,226.0,320.0,240.0,25.0,-14.0,0.15625,-0.0875,-0.0013004166658133476,0.00630008064512827,-0.0010403333326506781,0.005040064516102616,0.15651008333316266,-0.08876001612902565,ALIGNED
SCN_005,398,13.2333,TRACKING,344.0,226.0,320.0,240.0,24.0,-14.0,0.15,-0.0875,-0.006510083333162664,0.001260016129025654,-0.005208066666530131,0.0010080129032205233,0.15130201666663254,-0.08775200322580512,ALIGNED
SCN_005,399,13.2667,TRACKING,344.0,226.0,320.0,240.0,24.0,-14.0,0.15,-0.0875,-0.001302016666632544,0.00025200322580512524,-0.0010416133333060352,0.0002016025806441002,0.1502604033333265,-0.08755040064516102,ALIGNED
SCN_005,400,13.3,TRACKING,343.0,226.0,320.0,240.0,23.0,-14.0,0.14375,-0.0875,-0.006510403333326503,5.0400645161027824e-05,-0.005208322666661203,4.0320516128822265e-05,0.14505208066666528,-0.0875100801290322,ALIGNED
SCN_005,401,13.3333,TRACKING,343.0,227.0,320.0,240.0,23.0,-13.0,0.14375,-0.08125,-0.0013020806666652895,0.006260080129032203,-0.0010416645333322318,0.005008064103225763,0.14401041613333304,-0.08250201602580644,ALIGNED
SCN_005,402,13.3667,TRACKING,343.0,227.0,320.0,240.0,23.0,-13.0,0.14375,-0.08125,-0.00026041613333305236,0.001252016025806435,-0.00020833290666644189,0.001001612820645148,0.1438020832266666,-0.08150040320516129,ALIGNED
SCN_005,403,13.4,TRACKING,342.0,227.0,320.0,240.0,22.0,-13.0,0.1375,-0.08125,-0.006302083226666588,0.000250403205161287,-0.005041666581333271,0.0002003225641290296,0.13876041664533334,-0.08130008064103227,ALIGNED
SCN_005,404,13.4333,TRACKING,342.0,228.0,320.0,240.0,22.0,-12.0,0.1375,-0.07500000000000001,-0.0012604166453333288,0.006300080641032255,-0.001008333316266663,0.005040064512825804,0.1377520833290667,-0.07626001612820646,ALIGNED
SCN_005,405,13.4667,TRACKING,341.0,228.0,320.0,240.0,21.0,-12.0,0.13125,-0.07500000000000001,-0.006502083329066682,0.0012600161282064481,-0.005201666663253346,0.0010080129025651586,0.13255041666581335,-0.0752520032256413,ALIGNED
SCN_005,406,13.5,TRACKING,341.0,228.0,320.0,240.0,21.0,-12.0,0.13125,-0.07500000000000001,-0.0013004166658133476,0.0002520032256412841,-0.0010403333326506781,0.00020160258051302727,0.13151008333316266,-0.07505040064512827,ALIGNED
SCN_005,407,13.5333,TRACKING,340.0,228.0,320.0,240.0,20.0,-12.0,0.125,-0.07500000000000001,-0.006510083333162664,5.040064512826237e-05,-0.005208066666530131,4.0320516102609895e-05,0.12630201666663254,-0.07501008012902566,ALIGNED
SCN_005,408,13.5667,TRACKING,340.0,229.0,320.0,240.0,20.0,-11.0,0.125,-0.06874999999999999,-0.001302016666632544,0.006260080129025666,-0.0010416133333060352,0.005008064103220533,0.1252604033333265,-0.07000201602580512,ALIGNED
SCN_005,409,13.6,TRACKING,339.0,229.0,320.0,240.0,19.0,-11.0,0.11875,-0.06874999999999999,-0.006510403333326503,0.0012520160258051305,-0.005208322666661203,0.0010016128206441044,0.1200520806666653,-0.06900040320516101,ALIGNED
SCN_005,410,13.6333,TRACKING,339.0,229.0,320.0,240.0,19.0,-11.0,0.11875,-0.06874999999999999,-0.0013020806666653034,0.0002504032051610233,-0.0010416645333322428,0.00020032256412881867,0.11901041613333306,-0.0688000806410322,ALIGNED
SCN_005,411,13.6667,TRACKING,339.0,230.0,320.0,240.0,19.0,-10.0,0.11875,-0.0625,-0.00026041613333306624,0.006300080641032199,-0.000208332906666453,0.00504006451282576,0.1188020832266666,-0.06376001612820643,ALIGNED
SCN_005,412,13.7,TRACKING,338.0,230.0,320.0,240.0,18.0,-10.0,0.1125,-0.0625,-0.006302083226666602,0.0012600161282064343,-0.005041666581333282,0.0010080129025651474,0.11376041664533332,-0.06275200322564128,ALIGNED
SCN_005,413,13.7333,TRACKING,338.0,230.0,320.0,240.0,18.0,-10.0,0.1125,-0.0625,-0.0012604166453333149,0.0002520032256412841,-0.001008333316266652,0.00020160258051302727,0.11275208332906667,-0.06255040064512826,ALIGNED
SCN_005,414,13.7667,TRACKING,337.0,230.0,320.0,240.0,17.0,-10.0,0.10625,-0.0625,-0.0065020833290666685,5.040064512826237e-05,-0.005201666663253335,4.0320516102609895e-05,0.10755041666581333,-0.06251008012902565,ALIGNED
SCN_005,415,13.8,TRACKING,337.0,231.0,320.0,240.0,17.0,-9.0,0.10625,-0.056249999999999994,-0.0013004166658133337,0.0062600801290256525,-0.001040333332650667,0.005008064103220522,0.10651008333316267,-0.057502016025805125,ALIGNED
SCN_005,416,13.8333,TRACKING,336.0,231.0,320.0,240.0,16.0,-9.0,0.1,-0.056249999999999994,-0.006510083333162664,0.0012520160258051305,-0.005208066666530131,0.0010016128206441044,0.10130201666663254,-0.05650040320516102,ALIGNED
SCN_005,417,13.8667,TRACKING,336.0,231.0,320.0,240.0,16.0,-9.0,0.1,-0.056249999999999994,-0.00130201666663253,0.0002504032051610233,-0.001041613333306024,0.00020032256412881867,0.10026040333332652,-0.0563000806410322,ALIGNED
SCN_005,418,13.9,TRACKING,335.0,232.0,320.0,240.0,15.0,-8.0,0.09375,-0.05,-0.006510403333326517,0.006300080641032199,-0.005208322666661214,0.00504006451282576,0.0950520806666653,-0.051260016128206444,ALIGNED
SCN_005,419,13.9333,TRACKING,335.0,232.0,320.0,240.0,15.0,-8.0,0.09375,-0.05,-0.0013020806666653034,0.0012600161282064412,-0.0010416645333322428,0.001008012902565153,0.09401041613333307,-0.050252003225641294,ALIGNED
SCN_005,420,13.9667,TRACKING,335.0,232.0,320.0,240.0,15.0,-8.0,0.09375,-0.05,-0.00026041613333306624,0.000252003225641291,-0.000208332906666453,0.00020160258051303282,0.09380208322666661,-0.05005040064512826,ALIGNED
SCN_005,421,14.0,TRACKING,334.0,232.0,320.0,240.0,14.0,-8.0,0.0875,-0.05,-0.006302083226666616,5.040064512825543e-05,-0.005041666581333293,4.0320516102604345e-05,0.08876041664533332,-0.05001008012902566,ALIGNED
SCN_005,422,14.0333,TRACKING,334.0,233.0,320.0,240.0,14.0,-7.0,0.0875,-0.04375,-0.0012604166453333288,0.006260080129025659,-0.001008333316266663,0.005008064103220528,0.08775208332906666,-0.04500201602580513,ALIGNED
SCN_005,423,14.0667,TRACKING,333.0,233.0,320.0,240.0,13.0,-7.0,0.08125,-0.04375,-0.006502083329066655,0.0012520160258051305,-0.005201666663253324,0.0010016128206441044,0.08255041666581334,-0.04400040320516102,ALIGNED
SCN_005,424,14.1,TRACKING,333.0,233.0,320.0,240.0,13.0,-7.0,0.08125,-0.04375,-0.0013004166658133337,0.0002504032051610233,-0.001040333332650667,0.00020032256412881867,0.08151008333316268,-0.043800080641032205,ALIGNED
SCN_005,425,14.1333,TRACKING,332.0,234.0,320.0,240.0,12.0,-6.0,0.075,-0.037500000000000006,-0.006510083333162678,0.006300080641032199,-0.005208066666530143,0.00504006451282576,0.07630201666663253,-0.03876001612820645,ALIGNED
SCN_005,426,14.1667,TRACKING,332.0,234.0,320.0,240.0,12.0,-6.0,0.075,-0.037500000000000006,-0.00130201666663253,0.0012600161282064412,-0.001041613333306024,0.001008012902565153,0.07526040333332651,-0.0377520032256413,ALIGNED
SCN_005,427,14.2,TRACKING,331.0,234.0,320.0,240.0,11.0,-6.0,0.06875,-0.037500000000000006,-0.006510403333326503,0.000252003225641291,-0.005208322666661203,0.00020160258051303282,0.07005208066666531,-0.03755040064512826,ALIGNED
SCN_005,428,14.2333,TRACKING,331.0,234.0,320.0,240.0,11.0,-6.0,0.06875,-0.037500000000000006,-0.0013020806666653034,5.040064512825543e-05,-0.0010416645333322428,4.0320516102604345e-05,0.06901041613333307,-0.03751008012902566,ALIGNED
SCN_005,429,14.2667,TRACKING,331.0,235.0,320.0,240.0,11.0,-5.0,0.06875,-0.03125,-0.00026041613333306624,0.006260080129025659,-0.000208332906666453,0.005008064103220528,0.06880208322666662,-0.03250201602580513,ALIGNED
SCN_005,430,14.3,TRACKING,330.0,235.0,320.0,240.0,10.0,-5.0,0.0625,-0.03125,-0.006302083226666616,0.0012520160258051305,-0.005041666581333293,0.0010016128206441044,0.06376041664533333,-0.03150040320516102,ALIGNED
SCN_005,431,14.3333,TRACKING,330.0,235.0,320.0,240.0,10.0,-5.0,0.0625,-0.03125,-0.0012604166453333288,0.0002504032051610233,-0.001008333316266663,0.00020032256412881867,0.06275208332906666,-0.03130008064103221,ALIGNED
SCN_005,432,14.3667,TRACKING,329.0,236.0,320.0,240.0,9.0,-4.0,0.05625,-0.025,-0.006502083329066662,0.006300080641032206,-0.00520166666325333,0.005040064512825765,0.057550416665813335,-0.026260016128206443,ALIGNED
SCN_005,433,14.4,TRACKING,329.0,236.0,320.0,240.0,9.0,-4.0,0.05625,-0.025,-0.0013004166658133337,0.0012600161282064412,-0.001040333332650667,0.001008012902565153,0.05651008333316267,-0.02525200322564129,ALIGNED
SCN_005,434,14.4333,TRACKING,328.0,236.0,320.0,240.0,8.0,-4.0,0.05,-0.025,-0.006510083333162664,0.00025200322564128755,-0.005208066666530131,0.00020160258051303006,0.05130201666663253,-0.02505040064512826,ALIGNED
SCN_005,435,14.4667,TRACKING,328.0,237.0,320.0,240.0,8.0,-3.0,0.05,-0.018750000000000003,-0.00130201666663253,0.0063004006451282575,-0.001041613333306024,0.005040320516102606,0.05026040333332651,-0.020010080129025654,ALIGNED
SCN_005,436,14.5,TRACKING,327.0,237.0,320.0,240.0,7.0,-3.0,0.04375,-0.018750000000000003,-0.00651040333332651,0.0012600801290256515,-0.0052083226666612085,0.0010080641032205212,0.0450520806666653,-0.019002016025805132,ALIGNED
SCN_005,437,14.5333,TRACKING,327.0,237.0,320.0,240.0,7.0,-3.0,0.04375,-0.018750000000000003,-0.0013020806666653034,0.0002520160258051296,-0.0010416645333322428,0.0002016128206441037,0.044010416133333057,-0.018800403205161027,ALIGNED
SCN_005,438,14.5667,TRACKING,327.0,237.0,320.0,240.0,7.0,-3.0,0.04375,-0.018750000000000003,-0.0002604161333330593,5.0403205161024534e-05,-0.00020833290666644744,4.032256412881963e-05,0.04380208322666661,-0.01876008064103221,ALIGNED
SCN_005,439,14.6,TRACKING,326.0,238.0,320.0,240.0,6.0,-2.0,0.0375,-0.0125,-0.006302083226666609,0.006260080641032208,-0.005041666581333287,0.005008064512825767,0.03876041664533332,-0.01375201612820644,ALIGNED
SCN_005,440,14.6333,TRACKING,326.0,238.0,320.0,240.0,6.0,-2.0,0.0375,-0.0125,-0.0012604166453333218,0.0012520161282064401,-0.0010083333162666575,0.0010016129025651522,0.03775208332906666,-0.012750403225641289,ALIGNED
SCN_005,441,14.6667,TRACKING,325.0,238.0,320.0,240.0,5.0,-2.0,0.03125,-0.0125,-0.006502083329066662,0.0002504032256412884,-0.00520166666325333,0.00020032258051303072,0.032550416665813334,-0.012550080645128258,ALIGNED
SCN_005,442,14.7,TRACKING,325.0,239.0,320.0,240.0,5.0,-1.0,0.03125,-0.00625,-0.0013004166658133337,0.006300080645128258,-0.001040333332650667,0.005040064516102606,0.031510083333162665,-0.007510016129025652,ALIGNED
SCN_005,443,14.7333,TRACKING,324.0,239.0,320.0,240.0,4.0,-1.0,0.025,-0.00625,-0.006510083333162664,0.0012600161290256514,-0.005208066666530131,0.0010080129032205211,0.026302016666632535,-0.006502003225805131,ALIGNED
SCN_005,444,14.7667,TRACKING,324.0,239.0,320.0,240.0,4.0,-1.0,0.025,-0.00625,-0.0013020166666325335,0.00025200322580513045,-0.001041613333306027,0.00020160258064410436,0.02526040333332651,-0.0063004006451610264,ALIGNED
SCN_005,445,14.8,TRACKING,323.0,239.0,320.0,240.0,3.0,-1.0,0.01875,-0.00625,-0.00651040333332651,5.040064516102609e-05,-0.0052083226666612085,4.0320516128820875e-05,0.0200520806666653,-0.006260080129032205,ALIGNED
SCN_005,446,14.8333,TRACKING,323.0,240.0,320.0,240.0,3.0,0.0,0.01875,0.0,-0.0013020806666653,0.006260080129032205,-0.00104166453333224,0.005008064103225764,0.01901041613333306,-0.001252016025806441,ALIGNED
SCN_005,447,14.8667,TRACKING,323.0,240.0,320.0,240.0,3.0,0.0,0.01875,0.0,-0.0002604161333330593,0.001252016025806441,-0.00020833290666644744,0.001001612820645153,0.01880208322666661,-0.0002504032051612881,ALIGNED
SCN_005,448,14.9,TRACKING,322.0,240.0,320.0,240.0,2.0,0.0,0.0125,0.0,-0.006302083226666609,0.0002504032051612881,-0.005041666581333287,0.00020032256412903047,0.013760416645333323,-5.008064103225761e-05,ALIGNED
SCN_005,449,14.9333,TRACKING,322.0,241.0,320.0,240.0,2.0,1.0,0.0125,0.00625,-0.0012604166453333218,0.006300080641032258,-0.0010083333162666575,0.0050400645128258065,0.012752083329066665,0.004989983871793549,ALIGNED
SCN_005,450,14.9667,TRACKING,321.0,241.0,320.0,240.0,1.0,1.0,0.00625,0.00625,-0.006502083329066665,0.0012600161282064516,-0.005201666663253332,0.0010080129025651613,0.007550416665813333,0.00599799677435871,ALIGNED
SCN_005,451,15.0,TRACKING,321.0,241.0,320.0,240.0,1.0,1.0,0.00625,0.00625,-0.0013004166658133328,0.00025200322564129015,-0.0010403333326506664,0.00020160258051303212,0.006510083333162667,0.006199599354871742,ALIGNED
SCN_005,452,15.0333,TRACKING,320.0,241.0,320.0,240.0,0.0,1.0,0.0,0.00625,-0.006510083333162667,5.040064512825803e-05,-0.005208066666530134,4.0320516102606425e-05,0.0013020166666325326,0.006239919870974349,ALIGNED
SCN_005,453,15.0667,TRACKING,320.0,242.0,320.0,240.0,0.0,2.0,0.0,0.0125,-0.0013020166666325326,0.006260080129025652,-0.001041613333306026,0.005008064103220522,0.00026040333332650657,0.01124798397419487,ALIGNED
SCN_005,454,15.1,TRACKING,319.0,242.0,320.0,240.0,-1.0,2.0,-0.00625,0.0125,-0.006510403333326507,0.0012520160258051305,-0.005208322666661206,0.0010016128206441044,-0.0049479193333346995,0.012249596794838974,ALIGNED
SCN_005,455,15.1333,TRACKING,319.0,242.0,320.0,240.0,-1.0,2.0,-0.00625,0.0125,-0.0013020806666653008,0.0002504032051610268,-0.0010416645333322407,0.00020032256412882144,-0.00598958386666694,0.012449919358967795,ALIGNED
SCN_005,456,15.1667,TRACKING,319.0,243.0,320.0,240.0,-1.0,3.0,-0.00625,0.018750000000000003,-0.00026041613333306016,0.006300080641032208,-0.00020833290666644815,0.005040064512825767,-0.006197916773333388,0.01748998387179356,ALIGNED
SCN_005,457,15.2,TRACKING,318.0,243.0,320.0,240.0,-2.0,3.0,-0.0125,0.018750000000000003,-0.0063020832266666126,0.0012600161282064412,-0.005041666581333291,0.001008012902565153,-0.011239583354666679,0.018497996774358715,ALIGNED
SCN_005,458,15.2333,TRACKING,318.0,243.0,320.0,240.0,-2.0,3.0,-0.0125,0.018750000000000003,-0.0012604166453333218,0.00025200322564128755,-0.0010083333162666575,0.00020160258051303006,-0.012247916670933336,0.018699599354871744,ALIGNED
SCN_005,459,15.2667,TRACKING,317.0,243.0,320.0,240.0,-3.0,3.0,-0.01875,0.018750000000000003,-0.006502083329066663,5.04006451282589e-05,-0.005201666663253331,4.032051610260712e-05,-0.01744958333418667,0.018739919870974352,ALIGNED
SCN_005,460,15.3,TRACKING,317.0,244.0,320.0,240.0,-3.0,4.0,-0.01875,0.025,-0.0013004166658133302,0.006260080129025649,-0.0010403333326506642,0.005008064103220519,-0.018489916666837334,0.02374798397419487,ALIGNED
SCN_005,461,15.3333,TRACKING,316.0,244.0,320.0,240.0,-4.0,4.0,-0.025,0.025,-0.0065100833331626674,0.0012520160258051305,-0.005208066666530134,0.0010016128206441044,-0.023697983333367468,0.024749596794838975,ALIGNED
SCN_005,462,15.3667,TRACKING,316.0,244.0,320.0,240.0,-4.0,4.0,-0.025,0.025,-0.0013020166666325335,0.0002504032051610268,-0.001041613333306027,0.00020032256412882144,-0.024739596666673493,0.024949919358967797,ALIGNED
SCN_005,463,15.4,TRACKING,315.0,245.0,320.0,240.0,-5.0,5.0,-0.03125,0.03125,-0.006510403333326507,0.006300080641032203,-0.005208322666661206,0.005040064512825762,-0.0299479193333347,0.02998998387179356,ALIGNED
SCN_005,464,15.4333,TRACKING,315.0,245.0,320.0,240.0,-5.0,5.0,-0.03125,0.03125,-0.0013020806666653,0.0012600161282064412,-0.00104166453333224,0.001008012902565153,-0.03098958386666694,0.030997996774358712,ALIGNED
SCN_005,465,15.4667,TRACKING,315.0,245.0,320.0,240.0,-5.0,5.0,-0.03125,0.03125,-0.0002604161333330593,0.00025200322564128755,-0.00020833290666644744,0.00020160258051303006,-0.03119791677333339,0.03119959935487174,ALIGNED
SCN_005,466,15.5,TRACKING,314.0,245.0,320.0,240.0,-6.0,5.0,-0.0375,0.03125,-0.006302083226666609,5.04006451282589e-05,-0.005041666581333287,4.032051610260712e-05,-0.03623958335466668,0.03123991987097435,ALIGNED
SCN_005,467,15.5333,TRACKING,314.0,246.0,320.0,240.0,-6.0,6.0,-0.0375,0.037500000000000006,-0.0012604166453333218,0.006260080129025656,-0.0010083333162666575,0.0050080641032205254,-0.037247916670933336,0.036247983974194875,ALIGNED
SCN_005,468,15.5667,TRACKING,313.0,246.0,320.0,240.0,-7.0,6.0,-0.04375,0.037500000000000006,-0.006502083329066662,0.0012520160258051305,-0.00520166666325333,0.0010016128206441044,-0.042449583334186664,0.03724959679483898,ALIGNED
SCN_005,469,15.6,TRACKING,313.0,246.0,320.0,240.0,-7.0,6.0,-0.04375,0.037500000000000006,-0.0013004166658133337,0.0002504032051610233,-0.001040333332650667,0.00020032256412881867,-0.04348991666683733,0.0374499193589678,ALIGNED
SCN_005,470,15.6333,TRACKING,312.0,247.0,320.0,240.0,-8.0,7.0,-0.05,0.04375,-0.006510083333162671,0.006300080641032199,-0.005208066666530137,0.00504006451282576,-0.04869798333336747,0.042489983871793556,ALIGNED
SCN_005,471,15.6667,TRACKING,312.0,247.0,320.0,240.0,-8.0,7.0,-0.05,0.04375,-0.00130201666663253,0.0012600161282064412,-0.001041613333306024,0.001008012902565153,-0.0497395966666735,0.043497996774358706,ALIGNED
SCN_005,472,15.7,TRACKING,311.0,247.0,320.0,240.0,-9.0,7.0,-0.05625,0.04375,-0.006510403333326503,0.000252003225641291,-0.005208322666661203,0.00020160258051303282,-0.054947919333334705,0.04369959935487174,ALIGNED
SCN_005,473,15.7333,TRACKING,311.0,248.0,320.0,240.0,-9.0,8.0,-0.05625,0.05,-0.0013020806666652965,0.006300400645128261,-0.0010416645333322372,0.0050403205161026095,-0.05598958386666694,0.048739919870974355,ALIGNED
SCN_005,474,15.7667,TRACKING,311.0,248.0,320.0,240.0,-9.0,8.0,-0.05625,0.05,-0.0002604161333330593,0.001260080129025648,-0.00020833290666644744,0.0010080641032205184,-0.05619791677333339,0.04974798397419487,ALIGNED
SCN_005,475,15.8,TRACKING,310.0,248.0,320.0,240.0,-10.0,8.0,-0.0625,0.05,-0.006302083226666609,0.0002520160258051296,-0.005041666581333287,0.0002016128206441037,-0.06123958335466668,0.04994959679483898,ALIGNED
SCN_005,476,15.8333,TRACKING,310.0,248.0,320.0,240.0,-10.0,8.0,-0.0625,0.05,-0.0012604166453333218,5.0403205161024534e-05,-0.0010083333162666575,4.032256412881963e-05,-0.06224791667093334,0.0499899193589678,ALIGNED
SCN_005,477,15.8667,TRACKING,309.0,249.0,320.0,240.0,-11.0,9.0,-0.06875,0.056249999999999994,-0.0065020833290666685,0.006260080641032194,-0.005201666663253335,0.005008064512825755,-0.06744958333418667,0.054997983871793554,ALIGNED
SCN_005,478,15.9,TRACKING,309.0,249.0,320.0,240.0,-11.0,9.0,-0.06875,0.056249999999999994,-0.0013004166658133337,0.0012520161282064401,-0.001040333332650667,0.0010016129025651522,-0.06848991666683733,0.05599959677435871,ALIGNED
SCN_005,479,15.9333,TRACKING,308.0,249.0,320.0,240.0,-12.0,9.0,-0.075,0.056249999999999994,-0.006510083333162664,0.00025040322564128664,-0.005208066666530131,0.00020032258051302931,-0.07369798333336747,0.05619991935487174,ALIGNED
SCN_005,480,15.9667,TRACKING,308.0,250.0,320.0,240.0,-12.0,10.0,-0.075,0.0625,-0.00130201666663253,0.006300080645128263,-0.001041613333306024,0.005040064516102611,-0.07473959666667349,0.061239983870974346,ALIGNED
SCN_005,481,16.0,TRACKING,307.0,250.0,320.0,240.0,-13.0,10.0,-0.08125,0.0625,-0.006510403333326517,0.001260016129025654,-0.005208322666661214,0.0010080129032205233,-0.0799479193333347,0.06224799677419487,ALIGNED
SCN_005,482,16.0333,TRACKING,307.0,250.0,320.0,240.0,-13.0,10.0,-0.08125,0.0625,-0.0013020806666653034,0.0002520032258051322,-0.0010416645333322428,0.00020160258064410577,-0.08098958386666694,0.06244959935483897,ALIGNED
SCN_005,483,16.0667,TRACKING,307.0,250.0,320.0,240.0,-13.0,10.0,-0.08125,0.0625,-0.00026041613333306624,5.0400645161027824e-05,-0.000208332906666453,4.0320516128822265e-05,-0.08119791677333339,0.062489919870967796,ALIGNED
SCN_005,484,16.1,TRACKING,306.0,251.0,320.0,240.0,-14.0,11.0,-0.0875,0.06874999999999999,-0.006302083226666602,0.006260080129032196,-0.005041666581333282,0.005008064103225757,-0.08623958335466668,0.06749798397419356,ALIGNED
SCN_005,485,16.1333,TRACKING,306.0,251.0,320.0,240.0,-14.0,11.0,-0.0875,0.06874999999999999,-0.0012604166453333149,0.001252016025806435,-0.001008333316266652,0.001001612820645148,-0.08724791667093333,0.0684995967948387,ALIGNED
SCN_005,486,16.1667,TRACKING,305.0,251.0,320.0,240.0,-15.0,11.0,-0.09375,0.06874999999999999,-0.0065020833290666685,0.000250403205161287,-0.005201666663253335,0.0002003225641290296,-0.09244958333418667,0.06869991935896773,ALIGNED
SCN_005,487,16.2,TRACKING,305.0,252.0,320.0,240.0,-15.0,12.0,-0.09375,0.07500000000000001,-0.0013004166658133337,0.006300080641032282,-0.001040333332650667,0.005040064512825826,-0.09348991666683733,0.07373998387179355,ALIGNED
SCN_005,488,16.2333,TRACKING,304.0,252.0,320.0,240.0,-16.0,12.0,-0.1,0.07500000000000001,-0.006510083333162678,0.001260016128206462,-0.005208066666530143,0.0010080129025651697,-0.09869798333336748,0.07474799677435871,ALIGNED
SCN_005,489,16.2667,TRACKING,304.0,252.0,320.0,240.0,-16.0,12.0,-0.1,0.07500000000000001,-0.00130201666663253,0.00025200322564129796,-0.001041613333306024,0.00020160258051303838,-0.0997395966666735,0.07494959935487175,ALIGNED
SCN_005,490,16.3,TRACKING,303.0,252.0,320.0,240.0,-17.0,12.0,-0.10625,0.07500000000000001,-0.006510403333326503,5.040064512826237e-05,-0.005208322666661203,4.0320516102609895e-05,-0.1049479193333347,0.07498991987097436,ALIGNED
SCN_005,491,16.3333,TRACKING,303.0,253.0,320.0,240.0,-17.0,13.0,-0.10625,0.08125,-0.0013020806666653034,0.006260080129025639,-0.0010416645333322428,0.005008064103220512,-0.10598958386666693,0.07999798397419487,ALIGNED
SCN_005,492,16.3667,TRACKING,303.0,253.0,320.0,240.0,-17.0,13.0,-0.10625,0.08125,-0.00026041613333306624,0.0012520160258051305,-0.000208332906666453,0.0010016128206441044,-0.10619791677333339,0.08099959679483898,ALIGNED
SCN_005,493,16.4,TRACKING,302.0,253.0,320.0,240.0,-18.0,13.0,-0.1125,0.08125,-0.006302083226666616,0.0002504032051610233,-0.005041666581333293,0.00020032256412881867,-0.11123958335466667,0.0811999193589678,ALIGNED
SCN_005,494,16.4333,TRACKING,302.0,254.0,320.0,240.0,-18.0,14.0,-0.1125,0.0875,-0.0012604166453333288,0.006300080641032199,-0.001008333316266663,0.00504006451282576,-0.11224791667093334,0.08623998387179356,ALIGNED
SCN_005,495,16.4667,TRACKING,301.0,254.0,320.0,240.0,-19.0,14.0,-0.11875,0.0875,-0.006502083329066655,0.0012600161282064343,-0.005201666663253324,0.0010080129025651474,-0.11744958333418666,0.08724799677435871,ALIGNED
SCN_005,496,16.5,TRACKING,301.0,254.0,320.0,240.0,-19.0,14.0,-0.11875,0.0875,-0.0013004166658133337,0.0002520032256412841,-0.001040333332650667,0.00020160258051302727,-0.11848991666683732,0.08744959935487173,ALIGNED
SCN_005,497,16.5333,TRACKING,300.0,254.0,320.0,240.0,-20.0,14.0,-0.125,0.0875,-0.006510083333162678,5.040064512826237e-05,-0.005208066666530143,4.0320516102609895e-05,-0.12369798333336747,0.08748991987097435,ALIGNED
SCN_005,498,16.5667,TRACKING,300.0,255.0,320.0,240.0,-20.0,15.0,-0.125,0.09375,-0.00130201666663253,0.0062600801290256525,-0.001041613333306024,0.005008064103220522,-0.12473959666667349,0.09249798397419487,ALIGNED
SCN_005,499,16.6,TRACKING,299.0,255.0,320.0,240.0,-21.0,15.0,-0.13125,0.09375,-0.006510403333326517,0.0012520160258051305,-0.005208322666661214,0.0010016128206441044,-0.12994791933333472,0.09349959679483898,ALIGNED
SCN_005,500,16.6333,TRACKING,299.0,255.0,320.0,240.0,-21.0,15.0,-0.13125,0.09375,-0.0013020806666652895,0.0002504032051610233,-0.0010416645333322318,0.00020032256412881867,-0.13098958386666695,0.09369991935896779,ALIGNED
SCN_005,501,16.6667,TRACKING,299.0,256.0,320.0,240.0,-21.0,16.0,-0.13125,0.1,-0.00026041613333305236,0.006300080641032213,-0.00020833290666644189,0.005040064512825771,-0.1311979167733334,0.09873998387179356,ALIGNED
SCN_005,502,16.7,TRACKING,298.0,256.0,320.0,240.0,-22.0,16.0,-0.1375,0.1,-0.006302083226666616,0.0012600161282064481,-0.005041666581333293,0.0010080129025651586,-0.13623958335466668,0.09974799677435872,ALIGNED
SCN_005,503,16.7333,TRACKING,298.0,256.0,320.0,240.0,-22.0,16.0,-0.1375,0.1,-0.0012604166453333288,0.0002520032256412841,-0.001008333316266663,0.00020160258051302727,-0.13724791667093333,0.09994959935487174,ALIGNED
SCN_005,504,16.7667,TRACKING,297.0,256.0,320.0,240.0,-23.0,16.0,-0.14375,0.1,-0.006502083329066655,5.040064512826237e-05,-0.005201666663253324,4.0320516102609895e-05,-0.14244958333418667,0.09998991987097436,ALIGNED
SCN_005,505,16.8,TRACKING,297.0,257.0,320.0,240.0,-23.0,17.0,-0.14375,0.10625,-0.0013004166658133198,0.006260080129025639,-0.001040333332650656,0.005008064103220512,-0.14348991666683733,0.10499798397419487,ALIGNED
SCN_005,506,16.8333,TRACKING,296.0,257.0,320.0,240.0,-24.0,17.0,-0.15,0.10625,-0.006510083333162664,0.0012520160258051305,-0.005208066666530131,0.0010016128206441044,-0.14869798333336745,0.10599959679483897,ALIGNED
SCN_005,507,16.8667,TRACKING,296.0,257.0,320.0,240.0,-24.0,17.0,-0.15,0.10625,-0.001302016666632544,0.0002504032051610233,-0.0010416133333060352,0.00020032256412881867,-0.1497395966666735,0.10619991935896779,ALIGNED
SCN_005,508,16.9,TRACKING,295.0,258.0,320.0,240.0,-25.0,18.0,-0.15625,0.11249999999999999,-0.006510403333326503,0.006300080641032199,-0.005208322666661203,0.00504006451282576,-0.1549479193333347,0.11123998387179355,ALIGNED
SCN_005,509,16.9333,TRACKING,295.0,258.0,320.0,240.0,-25.0,18.0,-0.15625,0.11249999999999999,-0.0013020806666652895,0.0012600161282064343,-0.0010416645333322318,0.0010080129025651474,-0.15598958386666695,0.1122479967743587,ALIGNED
SCN_005,510,16.9667,TRACKING,295.0,258.0,320.0,240.0,-25.0,18.0,-0.15625,0.11249999999999999,-0.00026041613333305236,0.0002520032256412841,-0.00020833290666644189,0.00020160258051302727,-0.1561979167733334,0.11244959935487173,ALIGNED
SCN_005,511,17.0,TRACKING,294.0,258.0,320.0,240.0,-26.0,18.0,-0.1625,0.11249999999999999,-0.006302083226666616,5.040064512826237e-05,-0.005041666581333293,4.0320516102609895e-05,-0.16123958335466668,0.11248991987097434,ALIGNED
SCN_005,512,17.0333,TRACKING,294.0,259.0,320.0,240.0,-26.0,19.0,-0.1625,0.11875,-0.0012604166453333288,0.0062600801290256525,-0.001008333316266663,0.005008064103220522,-0.16224791667093333,0.11749798397419486,ALIGNED
SCN_005,513,17.0667,TRACKING,293.0,259.0,320.0,240.0,-27.0,19.0,-0.16875,0.11875,-0.006502083329066682,0.0012520160258051305,-0.005201666663253346,0.0010016128206441044,-0.16744958333418666,0.11849959679483897,ALIGNED
SCN_005,514,17.1,TRACKING,293.0,259.0,320.0,240.0,-27.0,19.0,-0.16875,0.11875,-0.0013004166658133476,0.0002504032051610233,-0.0010403333326506781,0.00020032256412881867,-0.16848991666683735,0.11869991935896779,ALIGNED
SCN_005,515,17.1333,TRACKING,292.0,260.0,320.0,240.0,-28.0,20.0,-0.175,0.125,-0.006510083333162636,0.006300080641032213,-0.00520806666653011,0.005040064512825771,-0.17369798333336747,0.12373998387179355,ALIGNED
SCN_005,516,17.1667,TRACKING,292.0,260.0,320.0,240.0,-28.0,20.0,-0.175,0.125,-0.0013020166666325161,0.0012600161282064481,-0.001041613333306013,0.0010080129025651586,-0.1747395966666735,0.12474799677435872,ALIGNED
SCN_005,517,17.2,TRACKING,291.0,260.0,320.0,240.0,-29.0,20.0,-0.18125,0.125,-0.006510403333326503,0.0002520032256412841,-0.005208322666661203,0.00020160258051302727,-0.1799479193333347,0.12494959935487174,ALIGNED
SCN_005,518,17.2333,TRACKING,291.0,261.0,320.0,240.0,-29.0,21.0,-0.18125,0.13124999999999998,-0.0013020806666652895,0.00630040064512824,-0.0010416645333322318,0.005040320516102592,-0.18098958386666694,0.12998991987097433,ALIGNED
SCN_005,519,17.2667,TRACKING,291.0,261.0,320.0,240.0,-29.0,21.0,-0.18125,0.13124999999999998,-0.00026041613333305236,0.001260080129025648,-0.00020833290666644189,0.0010080641032205184,-0.18119791677333338,0.13099798397419485,ALIGNED
SCN_005,520,17.3,TRACKING,290.0,261.0,320.0,240.0,-30.0,21.0,-0.1875,0.13124999999999998,-0.006302083226666616,0.0002520160258051296,-0.005041666581333293,0.0002016128206441037,-0.18623958335466667,0.13119959679483895,ALIGNED
SCN_005,521,17.3333,TRACKING,290.0,261.0,320.0,240.0,-30.0,21.0,-0.1875,0.13124999999999998,-0.0012604166453333288,5.040320516103147e-05,-0.001008333316266663,4.032256412882518e-05,-0.18724791667093332,0.13123991935896778,ALIGNED
SCN_005,522,17.3667,TRACKING,289.0,262.0,320.0,240.0,-31.0,22.0,-0.19375,0.13749999999999998,-0.006502083329066682,0.006260080641032201,-0.005201666663253346,0.005008064512825761,-0.19244958333418666,0.13624798387179354,ALIGNED
SCN_005,523,17.4,TRACKING,289.0,262.0,320.0,240.0,-31.0,22.0,-0.19375,0.13749999999999998,-0.0013004166658133476,0.0012520161282064401,-0.0010403333326506781,0.0010016129025651522,-0.19348991666683735,0.1372495967743587,ALIGNED
SCN_005,524,17.4333,TRACKING,288.0,262.0,320.0,240.0,-32.0,22.0,-0.2,0.13749999999999998,-0.006510083333162664,0.0002504032256412936,-0.005208066666530131,0.00020032258051303487,-0.19869798333336747,0.13744991935487172,ALIGNED
SCN_005,525,17.4667,TRACKING,288.0,263.0,320.0,240.0,-32.0,23.0,-0.2,0.14375000000000002,-0.001302016666632544,0.006300080645128298,-0.0010416133333060352,0.005040064516102638,-0.1997395966666735,0.14248998387097436,ALIGNED
SCN_005,526,17.5,TRACKING,287.0,263.0,320.0,240.0,-33.0,23.0,-0.20625,0.14375000000000002,-0.0065104033333264755,0.001260016129025654,-0.005208322666661181,0.0010080129032205233,-0.2049479193333347,0.1434979967741949,ALIGNED
SCN_005,527,17.5333,TRACKING,287.0,263.0,320.0,240.0,-33.0,23.0,-0.20625,0.14375000000000002,-0.0013020806666652895,0.00025200322580512524,-0.0010416645333322318,0.0002016025806441002,-0.20598958386666694,0.143699599354839,ALIGNED
SCN_005,528,17.5667,TRACKING,287.0,263.0,320.0,240.0,-33.0,23.0,-0.20625,0.14375000000000002,-0.00026041613333305236,5.0400645161013946e-05,-0.00020833290666644189,4.032051612881116e-05,-0.20619791677333338,0.14373991987096782,ALIGNED
SCN_005,529,17.6,TRACKING,286.0,264.0,320.0,240.0,-34.0,24.0,-0.2125,0.15000000000000002,-0.006302083226666616,0.006260080129032203,-0.005041666581333293,0.005008064103225763,-0.21123958335466667,0.1487479839741936,ALIGNED
SCN_005,530,17.6333,TRACKING,286.0,264.0,320.0,240.0,-34.0,24.0,-0.2125,0.15000000000000002,-0.0012604166453333288,0.001252016025806435,-0.001008333316266663,0.001001612820645148,-0.21224791667093332,0.14974959679483874,ALIGNED
SCN_005,531,17.6667,TRACKING,285.0,264.0,320.0,240.0,-35.0,24.0,-0.21875,0.15000000000000002,-0.006502083329066682,0.000250403205161287,-0.005201666663253346,0.0002003225641290296,-0.21744958333418665,0.14994991935896776,ALIGNED
SCN_005,532,17.7,TRACKING,285.0,265.0,320.0,240.0,-35.0,25.0,-0.21875,0.15625,-0.0013004166658133476,0.006300080641032241,-0.0010403333326506781,0.005040064512825793,-0.21848991666683734,0.15498998387179355,ALIGNED
SCN_005,533,17.7333,TRACKING,284.0,265.0,320.0,240.0,-36.0,25.0,-0.225,0.15625,-0.006510083333162664,0.0012600161282064481,-0.005208066666530131,0.0010080129025651586,-0.22369798333336746,0.15599799677435872,ALIGNED
SCN_005,534,17.7667,TRACKING,284.0,265.0,320.0,240.0,-36.0,25.0,-0.225,0.15625,-0.001302016666632544,0.0002520032256412841,-0.0010416133333060352,0.00020160258051302727,-0.2247395966666735,0.15619959935487174,ALIGNED
SCN_005,535,17.8,TRACKING,283.0,265.0,320.0,240.0,-37.0,25.0,-0.23125,0.15625,-0.006510403333326503,5.040064512826237e-05,-0.005208322666661203,4.0320516102609895e-05,-0.22994791933333472,0.15623991987097435,ALIGNED
SCN_005,536,17.8333,TRACKING,283.0,266.0,320.0,240.0,-37.0,26.0,-0.23125,0.1625,-0.0013020806666652895,0.0062600801290256525,-0.0010416645333322318,0.005008064103220522,-0.23098958386666696,0.16124798397419488,ALIGNED
SCN_005,537,17.8667,TRACKING,283.0,266.0,320.0,240.0,-37.0,26.0,-0.23125,0.1625,-0.00026041613333305236,0.0012520160258051305,-0.00020833290666644189,0.0010016128206441044,-0.2311979167733334,0.16224959679483897,ALIGNED
SCN_005,538,17.9,TRACKING,282.0,266.0,320.0,240.0,-38.0,26.0,-0.2375,0.1625,-0.006302083226666588,0.0002504032051610372,-0.005041666581333271,0.00020032256412882976,-0.23623958335466666,0.1624499193589678,ALIGNED
SCN_005,539,17.9333,TRACKING,282.0,267.0,320.0,240.0,-38.0,27.0,-0.2375,0.16875,-0.0012604166453333288,0.006300080641032213,-0.001008333316266663,0.005040064512825771,-0.2372479166709333,0.16748998387179356,ALIGNED
SCN_005,540,17.9667,TRACKING,281.0,267.0,320.0,240.0,-39.0,27.0,-0.24375,0.16875,-0.006502083329066682,0.0012600161282064481,-0.005201666663253346,0.0010080129025651586,-0.24244958333418665,0.16849799677435873,ALIGNED
SCN_005,541,18.0,TRACKING,281.0,267.0,320.0,240.0,-39.0,27.0,-0.24375,0.16875,-0.0013004166658133476,0.0002520032256412841,-0.0010403333326506781,0.00020160258051302727,-0.24348991666683734,0.16869959935487175,ALIGNED
SCN_005,542,18.0333,TRACKING,280.0,267.0,320.0,240.0,-40.0,27.0,-0.25,0.16875,-0.006510083333162664,5.040064512826237e-05,-0.005208066666530131,4.0320516102609895e-05,-0.24869798333336746,0.16873991987097436,ALIGNED
SCN_005,543,18.0667,TRACKING,280.0,268.0,320.0,240.0,-40.0,28.0,-0.25,0.175,-0.001302016666632544,0.006260080129025625,-0.0010416133333060352,0.0050080641032205,-0.2497395966666735,0.17374798397419486,ALIGNED
SCN_005,544,18.1,TRACKING,279.0,268.0,320.0,240.0,-41.0,28.0,-0.25625,0.175,-0.0065104033333264755,0.0012520160258051305,-0.005208322666661181,0.0010016128206441044,-0.25494791933333466,0.17474959679483895,ALIGNED
SCN_005,545,18.1333,TRACKING,279.0,268.0,320.0,240.0,-41.0,28.0,-0.25625,0.175,-0.0013020806666653173,0.0002504032051610372,-0.0010416645333322539,0.00020032256412882976,-0.2559895838666669,0.17494991935896778,ALIGNED
SCN_005,546,18.1667,TRACKING,279.0,269.0,320.0,240.0,-41.0,29.0,-0.25625,0.18125,-0.00026041613333305236,0.006300080641032213,-0.00020833290666644189,0.005040064512825771,-0.25619791677333337,0.17998998387179355,ALIGNED
SCN_005,547,18.2,TRACKING,278.0,269.0,320.0,240.0,-42.0,29.0,-0.2625,0.18125,-0.006302083226666644,0.0012600161282064481,-0.005041666581333315,0.0010080129025651586,-0.2612395833546667,0.1809979967743587,ALIGNED
SCN_005,548,18.2333,TRACKING,278.0,269.0,320.0,240.0,-42.0,29.0,-0.2625,0.18125,-0.0012604166453333288,0.0002520032256412841,-0.001008333316266663,0.00020160258051302727,-0.26224791667093333,0.18119959935487173,ALIGNED
SCN_005,549,18.2667,TRACKING,277.0,269.0,320.0,240.0,-43.0,29.0,-0.26875,0.18125,-0.006502083329066655,5.040064512826237e-05,-0.005201666663253324,4.0320516102609895e-05,-0.26744958333418667,0.18123991987097435,ALIGNED
SCN_005,550,18.3,TRACKING,277.0,270.0,320.0,240.0,-43.0,30.0,-0.26875,0.1875,-0.0013004166658133198,0.0062600801290256525,-0.001040333332650656,0.005008064103220522,-0.2684899166668373,0.18624798397419487,ALIGNED
SCN_005,551,18.3333,TRACKING,276.0,270.0,320.0,240.0,-44.0,30.0,-0.275,0.1875,-0.0065100833331627195,0.0012520160258051305,-0.005208066666530176,0.0010016128206441044,-0.2736979833333675,0.18724959679483896,ALIGNED
SCN_005,552,18.3667,TRACKING,276.0,270.0,320.0,240.0,-44.0,30.0,-0.275,0.1875,-0.001302016666632544,0.0002504032051610372,-0.0010416133333060352,0.00020032256412882976,-0.2747395966666735,0.1874499193589678,ALIGNED
SCN_005,553,18.4,TRACKING,275.0,271.0,320.0,240.0,-45.0,31.0,-0.28125,0.19375000000000003,-0.0065104033333264755,0.006300080641032241,-0.005208322666661181,0.005040064512825793,-0.2799479193333347,0.19248998387179359,ALIGNED
SCN_005,554,18.4333,TRACKING,275.0,271.0,320.0,240.0,-45.0,31.0,-0.28125,0.19375000000000003,-0.0013020806666653173,0.0012600161282064481,-0.0010416645333322539,0.0010080129025651586,-0.28098958386666695,0.19349799677435875,ALIGNED
SCN_005,555,18.4667,TRACKING,275.0,271.0,320.0,240.0,-45.0,31.0,-0.28125,0.19375000000000003,-0.00026041613333305236,0.0002520032256412841,-0.00020833290666644189,0.00020160258051302727,-0.2811979167733334,0.19369959935487177,ALIGNED
SCN_005,556,18.5,TRACKING,274.0,272.0,320.0,240.0,-46.0,32.0,-0.2875,0.2,-0.006302083226666588,0.00630040064512824,-0.005041666581333271,0.005040320516102592,-0.28623958335466665,0.19873991987097436,ALIGNED
SCN_005,557,18.5333,TRACKING,274.0,272.0,320.0,240.0,-46.0,32.0,-0.2875,0.2,-0.0012604166453333288,0.001260080129025648,-0.001008333316266663,0.0010080641032205184,-0.2872479166709333,0.19974798397419488,ALIGNED
SCN_005,558,18.5667,TRACKING,273.0,272.0,320.0,240.0,-47.0,32.0,-0.29375,0.2,-0.00650208332906671,0.0002520160258051296,-0.005201666663253369,0.0002016128206441037,-0.2924495833341867,0.19994959679483898,ALIGNED
SCN_005,559,18.6,TRACKING,273.0,272.0,320.0,240.0,-47.0,32.0,-0.29375,0.2,-0.0013004166658133198,5.040320516103147e-05,-0.001040333332650656,4.032256412882518e-05,-0.2934899166668373,0.19998991935896782,ALIGNED
SCN_005,560,18.6333,TRACKING,272.0,273.0,320.0,240.0,-48.0,33.0,-0.3,0.20625000000000002,-0.006510083333162664,0.006260080641032201,-0.005208066666530131,0.005008064512825761,-0.29869798333336745,0.20499798387179358,ALIGNED
SCN_005,561,18.6667,TRACKING,272.0,273.0,320.0,240.0,-48.0,33.0,-0.3,0.20625000000000002,-0.001302016666632544,0.0012520161282064401,-0.0010416133333060352,0.0010016129025651522,-0.2997395966666735,0.20599959677435872,ALIGNED
SCN_005,562,18.7,TRACKING,271.0,273.0,320.0,240.0,-49.0,33.0,-0.30625,0.20625000000000002,-0.006510403333326531,0.0002504032256412936,-0.005208322666661225,0.00020032258051303487,-0.3049479193333347,0.20619991935487175,ALIGNED
SCN_005,563,18.7333,TRACKING,271.0,274.0,320.0,240.0,-49.0,34.0,-0.30625,0.2125,-0.0013020806666653173,0.006300080645128242,-0.0010416645333322539,0.005040064516102594,-0.30598958386666697,0.21123998387097434,ALIGNED
SCN_005,564,18.7667,TRACKING,271.0,274.0,320.0,240.0,-49.0,34.0,-0.30625,0.2125,-0.00026041613333305236,0.001260016129025654,-0.00020833290666644189,0.0010080129032205233,-0.3061979167733334,0.21224799677419487,ALIGNED
SCN_005,565,18.8,TRACKING,270.0,274.0,320.0,240.0,-50.0,34.0,-0.3125,0.2125,-0.006302083226666588,0.00025200322580512524,-0.005041666581333271,0.0002016025806441002,-0.31123958335466667,0.21244959935483898,ALIGNED
SCN_005,566,18.8333,TRACKING,270.0,274.0,320.0,240.0,-50.0,34.0,-0.3125,0.2125,-0.0012604166453333288,5.0400645161013946e-05,-0.001008333316266663,4.032051612881116e-05,-0.3122479166709333,0.2124899198709678,ALIGNED
SCN_005,567,18.8667,TRACKING,269.0,275.0,320.0,240.0,-51.0,35.0,-0.31875,0.21875,-0.006502083329066655,0.006260080129032203,-0.005201666663253324,0.005008064103225763,-0.31744958333418666,0.21749798397419356,ALIGNED
SCN_005,568,18.9,TRACKING,269.0,275.0,320.0,240.0,-51.0,35.0,-0.31875,0.21875,-0.0013004166658133198,0.001252016025806435,-0.001040333332650656,0.001001612820645148,-0.3184899166668373,0.2184995967948387,ALIGNED
SCN_005,569,18.9333,TRACKING,268.0,275.0,320.0,240.0,-52.0,35.0,-0.325,0.21875,-0.0065100833331627195,0.000250403205161287,-0.005208066666530176,0.0002003225641290296,-0.32369798333336747,0.21869991935896774,ALIGNED
SCN_005,570,18.9667,TRACKING,268.0,276.0,320.0,240.0,-52.0,36.0,-0.325,0.22499999999999998,-0.001302016666632544,0.006300080641032241,-0.0010416133333060352,0.005040064512825793,-0.3247395966666735,0.22373998387179353,ALIGNED
SCN_005,571,19.0,TRACKING,267.0,276.0,320.0,240.0,-53.0,36.0,-0.33125,0.22499999999999998,-0.0065104033333264755,0.0012600161282064481,-0.005208322666661181,0.0010080129025651586,-0.32994791933333467,0.2247479967743587,ALIGNED
SCN_005,572,19.0333,TRACKING,267.0,276.0,320.0,240.0,-53.0,36.0,-0.33125,0.22499999999999998,-0.0013020806666653173,0.0002520032256412841,-0.0010416645333322539,0.00020160258051302727,-0.33098958386666694,0.22494959935487172,ALIGNED
SCN_005,573,19.0667,TRACKING,266.0,276.0,320.0,240.0,-54.0,36.0,-0.3375,0.22499999999999998,-0.006510416133333086,5.040064512826237e-05,-0.005208332906666469,4.0320516102609895e-05,-0.3361979167733334,0.22498991987097433,ALIGNED
SCN_005,574,19.1,TRACKING,266.0,277.0,320.0,240.0,-54.0,37.0,-0.3375,0.23125,-0.0013020832266666393,0.00626008012902568,-0.0010416665813333115,0.0050080641032205445,-0.3372395833546667,0.22999798397419488,ALIGNED
SCN_005,575,19.1333,TRACKING,266.0,277.0,320.0,240.0,-54.0,37.0,-0.3375,0.23125,-0.00026041664533332787,0.0012520160258051305,-0.0002083333162666623,0.0010016128206441044,-0.3374479166709334,0.23099959679483897,ALIGNED
SCN_005,576,19.1667,TRACKING,265.0,277.0,320.0,240.0,-55.0,37.0,-0.34375,0.23125,-0.006302083329066621,0.0002504032051610372,-0.005041666663253297,0.00020032256412882976,-0.34248958333418666,0.2311999193589678,ALIGNED
SCN_005,577,19.2,TRACKING,265.0,278.0,320.0,240.0,-55.0,38.0,-0.34375,0.2375,-0.0012604166658133353,0.006300080641032185,-0.0010083333326506682,0.005040064512825748,-0.3434979166668373,0.23623998387179354,ALIGNED
SCN_005,578,19.2333,TRACKING,264.0,278.0,320.0,240.0,-56.0,38.0,-0.35,0.2375,-0.006502083333162656,0.0012600161282064481,-0.005201666666530125,0.0010080129025651586,-0.3486995833333674,0.2372479967743587,ALIGNED
SCN_005,579,19.2667,TRACKING,264.0,278.0,320.0,240.0,-56.0,38.0,-0.35,0.2375,-0.0013004166666325534,0.0002520032256412841,-0.0010403333333060428,0.00020160258051302727,-0.3497399166666735,0.23744959935487173,ALIGNED
SCN_005,580,19.3,TRACKING,263.0,278.0,320.0,240.0,-57.0,38.0,-0.35625,0.2375,-0.006510083333326533,5.040064512826237e-05,-0.005208066666661227,4.0320516102609895e-05,-0.3549479833333347,0.23748991987097434,ALIGNED
SCN_005,581,19.3333,TRACKING,263.0,279.0,320.0,240.0,-57.0,39.0,-0.35625,0.24375000000000002,-0.0013020166666652955,0.00626008012902568,-0.0010416133333322364,0.0050080641032205445,-0.35598959666666696,0.2424979839741949,ALIGNED
SCN_005,582,19.3667,TRACKING,262.0,279.0,320.0,240.0,-58.0,39.0,-0.3625,0.24375000000000002,-0.006510403333333026,0.0012520160258051305,-0.005208322666666421,0.0010016128206441044,-0.3611979193333334,0.24349959679483899,ALIGNED
SCN_005,583,19.4,TRACKING,262.0,279.0,320.0,240.0,-58.0,39.0,-0.3625,0.24375000000000002,-0.001302080666666594,0.0002504032051610372,-0.0010416645333332752,0.00020032256412882976,-0.36223958386666666,0.24369991935896781,ALIGNED
SCN_005,584,19.4333,TRACKING,262.0,280.0,320.0,240.0,-58.0,40.0,-0.3625,0.25,-0.0002604161333333299,0.006300080641032185,-0.00020833290666666393,0.005040064512825748,-0.3624479167733333,0.24873998387179355,ALIGNED
SCN_005,585,19.4667,TRACKING,261.0,280.0,320.0,240.0,-59.0,40.0,-0.36875,0.25,-0.006302083226666699,0.0012600161282064481,-0.00504166658133336,0.0010080129025651586,-0.3674895833546667,0.24974799677435872,ALIGNED
SCN_005,586,19.5,TRACKING,261.0,280.0,320.0,240.0,-59.0,40.0,-0.36875,0.25,-0.0012604166453333288,0.0002520032256412841,-0.001008333316266663,0.00020160258051302727,-0.36849791667093335,0.24994959935487174,ALIGNED
SCN_005,587,19.5333,TRACKING,260.0,280.0,320.0,240.0,-60.0,40.0,-0.375,0.25,-0.006502083329066655,5.040064512826237e-05,-0.005201666663253324,4.0320516102609895e-05,-0.3736995833341867,0.24998991987097435,ALIGNED
SCN_005,588,19.5667,TRACKING,260.0,281.0,320.0,240.0,-60.0,41.0,-0.375,0.25625,-0.0013004166658133198,0.006260080129025625,-0.001040333332650656,0.0050080641032205,-0.3747399166668373,0.2549979839741949,ALIGNED
SCN_005,589,19.6,TRACKING,259.0,281.0,320.0,240.0,-61.0,41.0,-0.38125,0.25625,-0.006510083333162664,0.0012520160258051027,-0.005208066666530131,0.0010016128206440822,-0.37994798333336743,0.25599959679483897,ALIGNED
SCN_005,590,19.6333,TRACKING,259.0,281.0,320.0,240.0,-61.0,41.0,-0.38125,0.25625,-0.001302016666632544,0.00025040320516100945,-0.0010416133333060352,0.00020032256412880756,-0.3809895966666735,0.2561999193589678,ALIGNED
SCN_005,591,19.6667,TRACKING,258.0,282.0,320.0,240.0,-62.0,42.0,-0.3875,0.26249999999999996,-0.006510403333326531,0.0063000806410321575,-0.005208322666661225,0.005040064512825727,-0.3861979193333347,0.26123998387179354,ALIGNED
SCN_005,592,19.7,TRACKING,258.0,282.0,320.0,240.0,-62.0,42.0,-0.3875,0.26249999999999996,-0.0013020806666653173,0.0012600161282064204,-0.0010416645333322539,0.0010080129025651363,-0.38723958386666696,0.26224799677435867,ALIGNED
SCN_005,593,19.7333,TRACKING,258.0,282.0,320.0,240.0,-62.0,42.0,-0.3875,0.26249999999999996,-0.00026041613333305236,0.0002520032256412841,-0.00020833290666644189,0.00020160258051302727,-0.3874479167733334,0.2624495993548717,ALIGNED
SCN_005,594,19.7667,TRACKING,257.0,282.0,320.0,240.0,-63.0,42.0,-0.39375,0.26249999999999996,-0.006302083226666588,5.040064512823461e-05,-0.005041666581333271,4.032051610258769e-05,-0.39248958335466666,0.2624899198709743,ALIGNED
SCN_005,595,19.8,TRACKING,257.0,283.0,320.0,240.0,-63.0,43.0,-0.39375,0.26875,-0.0012604166453333288,0.00626008012902568,-0.001008333316266663,0.0050080641032205445,-0.3934979166709333,0.26749798397419483,ALIGNED
SCN_005,596,19.8333,TRACKING,256.0,283.0,320.0,240.0,-64.0,43.0,-0.4,0.26875,-0.00650208332906671,0.0012520160258051583,-0.005201666663253369,0.0010016128206441267,-0.3986995833341867,0.268499596794839,ALIGNED
SCN_005,597,19.8667,TRACKING,256.0,283.0,320.0,240.0,-64.0,43.0,-0.4,0.26875,-0.0013004166658133198,0.00025040320516100945,-0.001040333332650656,0.00020032256412880756,-0.39973991666683734,0.2686999193589678,ALIGNED
SCN_005,598,19.9,TRACKING,255.0,284.0,320.0,240.0,-65.0,44.0,-0.40625,0.27499999999999997,-0.006510083333162664,0.0063000806410321575,-0.005208066666530131,0.005040064512825727,-0.40494798333336746,0.27373998387179355,ALIGNED
SCN_005,599,19.9333,TRACKING,255.0,284.0,320.0,240.0,-65.0,44.0,-0.40625,0.27499999999999997,-0.001302016666632544,0.0012600161282064204,-0.0010416133333060352,0.0010080129025651363,-0.4059895966666735,0.2747479967743587,ALIGNED
SCN_005,600,19.9667,TRACKING,254.0,284.0,320.0,240.0,-66.0,44.0,-0.4125,0.27499999999999997,-0.0065104033333264755,0.0002520032256412841,-0.005208322666661181,0.00020160258051302727,-0.41119791933333466,0.27494959935487173,ALIGNED
SCN_005,601,20.0,TRACKING,254.0,285.0,320.0,240.0,-66.0,45.0,-0.4125,0.28125,-0.0013020806666653173,0.006300400645128268,-0.0010416645333322539,0.005040320516102615,-0.4122395838666669,0.2799899198709743,ALIGNED
SCN_005,602,20.0333,TRACKING,254.0,285.0,320.0,240.0,-66.0,45.0,-0.4125,0.28125,-0.00026041613333305236,0.0012600801290256758,-0.00020833290666644189,0.0010080641032205408,-0.41244791677333337,0.28099798397419484,ALIGNED
SCN_005,603,20.0667,TRACKING,253.0,285.0,320.0,240.0,-67.0,45.0,-0.41875,0.28125,-0.006302083226666644,0.00025201602580515736,-0.005041666581333315,0.0002016128206441259,-0.4174895833546667,0.28119959679483897,ALIGNED
SCN_005,604,20.1,TRACKING,253.0,285.0,320.0,240.0,-67.0,45.0,-0.41875,0.28125,-0.0012604166453333288,5.040320516103147e-05,-0.001008333316266663,4.032256412882518e-05,-0.41849791667093333,0.2812399193589678,ALIGNED
SCN_005,605,20.1333,TRACKING,252.0,286.0,320.0,240.0,-68.0,46.0,-0.425,0.28750000000000003,-0.006502083329066655,0.0062600806410322285,-0.005201666663253324,0.005008064512825783,-0.42369958333418667,0.28624798387179357,ALIGNED
SCN_005,606,20.1667,TRACKING,252.0,286.0,320.0,240.0,-68.0,46.0,-0.425,0.28750000000000003,-0.0013004166658133198,0.001252016128206468,-0.001040333332650656,0.0010016129025651743,-0.4247399166668373,0.28724959677435874,ALIGNED
SCN_005,607,20.2,TRACKING,251.0,286.0,320.0,240.0,-69.0,46.0,-0.43125,0.28750000000000003,-0.0065100833331627195,0.0002504032256412936,-0.005208066666530176,0.00020032258051303487,-0.4299479833333675,0.2874499193548718,ALIGNED
SCN_005,608,20.2333,TRACKING,251.0,287.0,320.0,240.0,-69.0,47.0,-0.43125,0.29375,-0.001302016666632544,0.006300080645128214,-0.0010416133333060352,0.005040064516102572,-0.4309895966666735,0.29248998387097436,ALIGNED
SCN_005,609,20.2667,TRACKING,250.0,287.0,320.0,240.0,-70.0,47.0,-0.4375,0.29375,-0.0065104033333264755,0.001260016129025654,-0.005208322666661181,0.0010080129032205233,-0.4361979193333347,0.29349799677419486,ALIGNED
SCN_005,610,20.3,TRACKING,250.0,287.0,320.0,240.0,-70.0,47.0,-0.4375,0.29375,-0.0013020806666653173,0.000252003225805153,-0.0010416645333322539,0.0002016025806441224,-0.43723958386666695,0.29369959935483897,ALIGNED
SCN_005,611,20.3333,TRACKING,250.0,287.0,320.0,240.0,-70.0,47.0,-0.4375,0.29375,-0.00026041613333305236,5.04006451610417e-05,-0.00020833290666644189,4.0320516128833364e-05,-0.4374479167733334,0.2937399198709678,ALIGNED
SCN_005,612,20.3667,TRACKING,249.0,288.0,320.0,240.0,-71.0,48.0,-0.44375,0.30000000000000004,-0.006302083226666588,0.0062600801290322305,-0.005041666581333271,0.005008064103225785,-0.44248958335466665,0.2987479839741936,ALIGNED
SCN_005,613,20.4,TRACKING,249.0,288.0,320.0,240.0,-71.0,48.0,-0.44375,0.30000000000000004,-0.0012604166453333288,0.001252016025806435,-0.001008333316266663,0.001001612820645148,-0.4434979166709333,0.29974959679483876,ALIGNED
SCN_005,614,20.4333,TRACKING,248.0,288.0,320.0,240.0,-72.0,48.0,-0.45,0.30000000000000004,-0.00650208332906671,0.000250403205161287,-0.005201666663253369,0.0002003225641290296,-0.4486995833341867,0.2999499193589678,ALIGNED
SCN_005,615,20.4667,TRACKING,248.0,289.0,320.0,240.0,-72.0,49.0,-0.45,0.30625,-0.0013004166658133198,0.006300080641032213,-0.001040333332650656,0.005040064512825771,-0.4497399166668373,0.3049899838717936,ALIGNED
SCN_005,616,20.5,TRACKING,247.0,289.0,320.0,240.0,-73.0,49.0,-0.45625,0.30625,-0.006510083333162664,0.0012600161282064204,-0.005208066666530131,0.0010080129025651363,-0.45494798333336745,0.30599799677435874,ALIGNED
SCN_005,617,20.5333,TRACKING,247.0,289.0,320.0,240.0,-73.0,49.0,-0.45625,0.30625,-0.001302016666632544,0.0002520032256412841,-0.0010416133333060352,0.00020160258051302727,-0.4559895966666735,0.3061995993548718,ALIGNED
SCN_005,618,20.5667,TRACKING,246.0,289.0,320.0,240.0,-74.0,49.0,-0.4625,0.30625,-0.006510403333326531,5.040064512823461e-05,-0.005208322666661225,4.032051610258769e-05,-0.4611979193333347,0.3062399198709744,ALIGNED
SCN_005,619,20.6,TRACKING,246.0,290.0,320.0,240.0,-74.0,50.0,-0.4625,0.3125,-0.0013020806666653173,0.006260080129025625,-0.0010416645333322539,0.0050080641032205,-0.46223958386666697,0.3112479839741949,ALIGNED
SCN_005,620,20.6333,TRACKING,246.0,290.0,320.0,240.0,-74.0,50.0,-0.4625,0.3125,-0.00026041613333305236,0.0012520160258051027,-0.00020833290666644189,0.0010016128206440822,-0.4624479167733334,0.312249596794839,ALIGNED
SCN_005,621,20.6667,TRACKING,245.0,290.0,320.0,240.0,-75.0,50.0,-0.46875,0.3125,-0.006302083226666588,0.00025040320516100945,-0.005041666581333271,0.00020032256412880756,-0.46748958335466667,0.3124499193589678,ALIGNED
SCN_005,622,20.7,TRACKING,245.0,291.0,320.0,240.0,-75.0,51.0,-0.46875,0.31875,-0.0012604166453333288,0.0063000806410321575,-0.001008333316266663,0.005040064512825727,-0.4684979166709333,0.31748998387179356,ALIGNED
SCN_005,623,20.7333,TRACKING,244.0,291.0,320.0,240.0,-76.0,51.0,-0.475,0.31875,-0.006502083329066655,0.0012600161282064204,-0.005201666663253324,0.0010080129025651363,-0.47369958333418666,0.3184979967743587,ALIGNED
SCN_005,624,20.7667,TRACKING,244.0,291.0,320.0,240.0,-76.0,51.0,-0.475,0.31875,-0.0013004166658133198,0.0002520032256412841,-0.001040333332650656,0.00020160258051302727,-0.4747399166668373,0.31869959935487174,ALIGNED
SCN_005,625,20.8,TRACKING,243.0,291.0,320.0,240.0,-77.0,51.0,-0.48125,0.31875,-0.0065100833331627195,5.040064512823461e-05,-0.005208066666530176,4.032051610258769e-05,-0.47994798333336747,0.31873991987097433,ALIGNED
SCN_005,626,20.8333,TRACKING,243.0,292.0,320.0,240.0,-77.0,52.0,-0.48125,0.325,-0.001302016666632544,0.00626008012902568,-0.0010416133333060352,0.0050080641032205445,-0.4809895966666735,0.32374798397419485,ALIGNED
SCN_005,627,20.8667,TRACKING,242.0,292.0,320.0,240.0,-78.0,52.0,-0.4875,0.325,-0.0065104033333264755,0.0012520160258051583,-0.005208322666661181,0.0010016128206441267,-0.48619791933333467,0.324749596794839,ALIGNED
SCN_005,628,20.9,TRACKING,242.0,292.0,320.0,240.0,-78.0,52.0,-0.4875,0.325,-0.0013020806666653173,0.00025040320516100945,-0.0010416645333322539,0.00020032256412880756,-0.48723958386666694,0.32494991935896783,ALIGNED
SCN_005,629,20.9333,TRACKING,242.0,293.0,320.0,240.0,-78.0,53.0,-0.4875,0.33125,-0.00026041613333305236,0.0063000806410321575,-0.00020833290666644189,0.005040064512825727,-0.4874479167733334,0.32998998387179357,ALIGNED
SCN_005,630,20.9667,TRACKING,241.0,293.0,320.0,240.0,-79.0,53.0,-0.49375,0.33125,-0.006302083226666644,0.0012600161282064204,-0.005041666581333315,0.0010080129025651363,-0.4924895833546667,0.3309979967743587,ALIGNED
SCN_005,631,21.0,TRACKING,241.0,293.0,320.0,240.0,-79.0,53.0,-0.49375,0.33125,-0.0012604166453333288,0.0002520032256412841,-0.001008333316266663,0.00020160258051302727,-0.49349791667093335,0.33119959935487175,ALIGNED
SCN_005,632,21.0333,TRACKING,240.0,293.0,320.0,240.0,-80.0,53.0,-0.5,0.33125,-0.006502083329066655,5.040064512823461e-05,-0.005201666663253324,4.032051610258769e-05,-0.4986995833341867,0.33123991987097434,ALIGNED
SCN_005,633,21.0667,TRACKING,240.0,294.0,320.0,240.0,-80.0,54.0,-0.5,0.3375,-0.0013004166658133198,0.00626008012902568,-0.001040333332650656,0.0050080641032205445,-0.4997399166668373,0.33624798397419486,ALIGNED
SCN_005,634,21.1,TRACKING,239.0,294.0,320.0,240.0,-81.0,54.0,-0.50625,0.3375,-0.006510083333162664,0.0012520160258051583,-0.005208066666530131,0.0010016128206441267,-0.5049479833333674,0.337249596794839,ALIGNED
SCN_005,635,21.1333,TRACKING,239.0,294.0,320.0,240.0,-81.0,54.0,-0.50625,0.3375,-0.001302016666632544,0.00025040320516100945,-0.0010416133333060352,0.00020032256412880756,-0.5059895966666734,0.33744991935896784,ALIGNED
SCN_005,636,21.1667,TRACKING,238.0,295.0,320.0,240.0,-82.0,55.0,-0.5125,0.34375,-0.006510403333326531,0.0063000806410321575,-0.005208322666661225,0.005040064512825727,-0.5111979193333347,0.3424899838717936,ALIGNED
SCN_005,637,21.2,TRACKING,238.0,295.0,320.0,240.0,-82.0,55.0,-0.5125,0.34375,-0.0013020806666652618,0.0012600161282064204,-0.0010416645333322094,0.0010080129025651363,-0.5122395838666669,0.3434979967743587,ALIGNED
SCN_005,638,21.2333,TRACKING,238.0,295.0,320.0,240.0,-82.0,55.0,-0.5125,0.34375,-0.00026041613333305236,0.0002520032256412841,-0.00020833290666644189,0.00020160258051302727,-0.5124479167733333,0.34369959935487177,ALIGNED
SCN_005,639,21.2667,TRACKING,237.0,296.0,320.0,240.0,-83.0,56.0,-0.51875,0.35,-0.006302083226666699,0.006300400645128212,-0.00504166658133336,0.0050403205161025704,-0.5174895833546667,0.34873991987097436,ALIGNED
SCN_005,640,21.3,TRACKING,237.0,296.0,320.0,240.0,-83.0,56.0,-0.51875,0.35,-0.0012604166453333843,0.0012600801290256203,-0.0010083333162667074,0.0010080641032204963,-0.5184979166709334,0.3497479839741949,ALIGNED
SCN_005,641,21.3333,TRACKING,236.0,296.0,320.0,240.0,-84.0,56.0,-0.525,0.35,-0.006502083329066655,0.00025201602580510185,-0.005201666663253324,0.0002016128206440815,-0.5236995833341866,0.34994959679483895,ALIGNED
SCN_005,642,21.3667,TRACKING,236.0,296.0,320.0,240.0,-84.0,56.0,-0.525,0.35,-0.0013004166658133753,5.040320516103147e-05,-0.0010403333326507002,4.032256412882518e-05,-0.5247399166668374,0.3499899193589678,ALIGNED
SCN_005,643,21.4,TRACKING,235.0,297.0,320.0,240.0,-85.0,57.0,-0.53125,0.35624999999999996,-0.0065100833331626085,0.006260080641032173,-0.005208066666530087,0.005008064512825739,-0.5299479833333675,0.35499798387179354,ALIGNED
SCN_005,644,21.4333,TRACKING,235.0,297.0,320.0,240.0,-85.0,57.0,-0.53125,0.35624999999999996,-0.001302016666632544,0.0012520161282064124,-0.0010416133333060352,0.0010016129025651299,-0.5309895966666734,0.35599959677435866,ALIGNED
SCN_005,645,21.4667,TRACKING,234.0,297.0,320.0,240.0,-86.0,57.0,-0.5375,0.35624999999999996,-0.006510403333326531,0.0002504032256412936,-0.005208322666661225,0.00020032258051303487,-0.5361979193333347,0.3561999193548717,ALIGNED
SCN_005,646,21.5,TRACKING,234.0,298.0,320.0,240.0,-86.0,58.0,-0.5375,0.3625,-0.0013020806666652618,0.00630008064512827,-0.0010416645333322094,0.005040064516102616,-0.5372395838666669,0.36123998387097433,ALIGNED
SCN_005,647,21.5333,TRACKING,234.0,298.0,320.0,240.0,-86.0,58.0,-0.5375,0.3625,-0.00026041613333305236,0.001260016129025654,-0.00020833290666644189,0.0010080129032205233,-0.5374479167733334,0.36224799677419484,ALIGNED
SCN_005,648,21.5667,TRACKING,233.0,298.0,320.0,240.0,-87.0,58.0,-0.54375,0.3625,-0.006302083226666588,0.000252003225805153,-0.005041666581333271,0.0002016025806441224,-0.5424895833546667,0.36244959935483895,ALIGNED
SCN_005,649,21.6,TRACKING,233.0,298.0,320.0,240.0,-87.0,58.0,-0.54375,0.3625,-0.0012604166453332732,5.04006451610417e-05,-0.0010083333162666187,4.0320516128833364e-05,-0.5434979166709333,0.3624899198709678,ALIGNED
SCN_005,650,21.6333,TRACKING,232.0,299.0,320.0,240.0,-88.0,59.0,-0.55,0.36874999999999997,-0.006502083329066766,0.006260080129032175,-0.005201666663253413,0.00500806410322574,-0.5486995833341867,0.36749798397419353,ALIGNED
SCN_005,651,21.6667,TRACKING,232.0,299.0,320.0,240.0,-88.0,59.0,-0.55,0.36874999999999997,-0.0013004166658133753,0.001252016025806435,-0.0010403333326507002,0.001001612820645148,-0.5497399166668374,0.3684995967948387,ALIGNED
SCN_005,652,21.7,TRACKING,231.0,299.0,320.0,240.0,-89.0,59.0,-0.55625,0.36874999999999997,-0.0065100833331626085,0.000250403205161287,-0.005208066666530087,0.0002003225641290296,-0.5549479833333675,0.36869991935896773,ALIGNED
SCN_005,653,21.7333,TRACKING,231.0,300.0,320.0,240.0,-89.0,60.0,-0.55625,0.375,-0.001302016666632544,0.0063000806410322685,-0.0010416133333060352,0.005040064512825815,-0.5559895966666735,0.3737399838717935,ALIGNED
SCN_005,654,21.7667,TRACKING,230.0,300.0,320.0,240.0,-90.0,60.0,-0.5625,0.375,-0.006510403333326531,0.001260016128206476,-0.005208322666661225,0.0010080129025651808,-0.5611979193333347,0.3747479967743587,ALIGNED
SCN_005,655,21.8,TRACKING,230.0,300.0,320.0,240.0,-90.0,60.0,-0.5625,0.375,-0.0013020806666652618,0.0002520032256412841,-0.0010416645333322094,0.00020160258051302727,-0.562239583866667,0.37494959935487177,ALIGNED
SCN_005,656,21.8333,TRACKING,230.0,300.0,320.0,240.0,-90.0,60.0,-0.5625,0.375,-0.00026041613333305236,5.040064512823461e-05,-0.00020833290666644189,4.032051610258769e-05,-0.5624479167733334,0.37498991987097435,ALIGNED
SCN_005,657,21.8667,TRACKING,229.0,301.0,320.0,240.0,-91.0,61.0,-0.56875,0.38125,-0.006302083226666588,0.006260080129025625,-0.005041666581333271,0.0050080641032205,-0.5674895833546667,0.3799979839741949,ALIGNED
SCN_005,658,21.9,TRACKING,229.0,301.0,320.0,240.0,-91.0,61.0,-0.56875,0.38125,-0.0012604166453332732,0.0012520160258051027,-0.0010083333162666187,0.0010016128206440822,-0.5684979166709333,0.38099959679483897,ALIGNED
SCN_005,659,21.9333,TRACKING,228.0,301.0,320.0,240.0,-92.0,61.0,-0.575,0.38125,-0.006502083329066655,0.00025040320516100945,-0.005201666663253324,0.00020032256412880756,-0.5736995833341866,0.3811999193589678,ALIGNED
SCN_005,660,21.9667,TRACKING,228.0,302.0,320.0,240.0,-92.0,62.0,-0.575,0.38750000000000007,-0.0013004166658133753,0.0063000806410322685,-0.0010403333326507002,0.005040064512825815,-0.5747399166668373,0.3862399838717936,ALIGNED
SCN_005,661,22.0,TRACKING,227.0,302.0,320.0,240.0,-93.0,62.0,-0.58125,0.38750000000000007,-0.0065100833331627195,0.001260016128206476,-0.005208066666530176,0.0010080129025651808,-0.5799479833333675,0.3872479967743588,ALIGNED
SCN_005,662,22.0333,TRACKING,227.0,302.0,320.0,240.0,-93.0,62.0,-0.58125,0.38750000000000007,-0.001302016666632544,0.0002520032256412841,-0.0010416133333060352,0.00020160258051302727,-0.5809895966666735,0.38744959935487183,ALIGNED
SCN_005,663,22.0667,TRACKING,226.0,302.0,320.0,240.0,-94.0,62.0,-0.5875,0.38750000000000007,-0.006510403333326531,5.040064512823461e-05,-0.005208322666661225,4.032051610258769e-05,-0.5861979193333348,0.3874899198709744,ALIGNED
SCN_005,664,22.1,TRACKING,226.0,303.0,320.0,240.0,-94.0,63.0,-0.5875,0.39375000000000004,-0.0013020806666652618,0.006260080129025625,-0.0010416645333322094,0.0050080641032205,-0.587239583866667,0.39249798397419494,ALIGNED
SCN_005,665,22.1333,TRACKING,226.0,303.0,320.0,240.0,-94.0,63.0,-0.5875,0.39375000000000004,-0.00026041613333305236,0.0012520160258051027,-0.00020833290666644189,0.0010016128206440822,-0.5874479167733334,0.39349959679483903,ALIGNED
SCN_005,666,22.1667,TRACKING,225.0,303.0,320.0,240.0,-95.0,63.0,-0.59375,0.39375000000000004,-0.006302083226666588,0.00025040320516100945,-0.005041666581333271,0.00020032256412880756,-0.5924895833546667,0.39369991935896786,ALIGNED
SCN_005,667,22.2,TRACKING,225.0,304.0,320.0,240.0,-95.0,64.0,-0.59375,0.4,-0.0012604166453332732,0.0063000806410321575,-0.0010083333162666187,0.005040064512825727,-0.5934979166709333,0.3987399838717936,ALIGNED
SCN_005,668,22.2333,TRACKING,224.0,304.0,320.0,240.0,-96.0,64.0,-0.6,0.4,-0.006502083329066655,0.0012600161282064204,-0.005201666663253324,0.0010080129025651363,-0.5986995833341866,0.39974799677435874,ALIGNED
SCN_005,669,22.2667,TRACKING,224.0,304.0,320.0,240.0,-96.0,64.0,-0.6,0.4,-0.0013004166658133753,0.0002520032256412841,-0.0010403333326507002,0.00020160258051302727,-0.5997399166668373,0.3999495993548718,ALIGNED
SCN_005,670,22.3,TRACKING,223.0,304.0,320.0,240.0,-97.0,64.0,-0.60625,0.4,-0.0065100833331626085,5.040064512823461e-05,-0.005208066666530087,4.032051610258769e-05,-0.6049479833333674,0.3999899198709744,ALIGNED
SCN_005,671,22.3333,TRACKING,223.0,305.0,320.0,240.0,-97.0,65.0,-0.60625,0.40625,-0.001302016666632544,0.006260080129025625,-0.0010416133333060352,0.0050080641032205,-0.6059895966666734,0.4049979839741949,ALIGNED
SCN_005,672,22.3667,TRACKING,222.0,305.0,320.0,240.0,-98.0,65.0,-0.6125,0.40625,-0.006510403333326642,0.0012520160258051027,-0.005208322666661314,0.0010016128206440822,-0.6111979193333347,0.405999596794839,ALIGNED
SCN_005,673,22.4,TRACKING,222.0,305.0,320.0,240.0,-98.0,65.0,-0.6125,0.40625,-0.0013020806666653728,0.00025040320516100945,-0.0010416645333322983,0.00020032256412880756,-0.612239583866667,0.4061999193589678,ALIGNED
SCN_005,674,22.4333,TRACKING,222.0,306.0,320.0,240.0,-98.0,66.0,-0.6125,0.41250000000000003,-0.00026041613333305236,0.006300080641032213,-0.00020833290666644189,0.005040064512825771,-0.6124479167733334,0.4112399838717936,ALIGNED
SCN_005,675,22.4667,TRACKING,221.0,306.0,320.0,240.0,-99.0,66.0,-0.61875,0.41250000000000003,-0.006302083226666588,0.0012600161282064204,-0.005041666581333271,0.0010080129025651363,-0.6174895833546667,0.41224799677435875,ALIGNED
SCN_005,676,22.5,TRACKING,221.0,306.0,320.0,240.0,-99.0,66.0,-0.61875,0.41250000000000003,-0.0012604166453332732,0.0002520032256412841,-0.0010083333162666187,0.00020160258051302727,-0.6184979166709333,0.4124495993548718,ALIGNED
SCN_005,677,22.5333,TRACKING,220.0,307.0,320.0,240.0,-100.0,67.0,-0.625,0.41875,-0.006502083329066655,0.006300400645128212,-0.005201666663253324,0.0050403205161025704,-0.6236995833341866,0.4174899198709744,ALIGNED
SCN_005,678,22.5667,TRACKING,220.0,307.0,320.0,240.0,-100.0,67.0,-0.625,0.41875,-0.0013004166658133753,0.0012600801290256203,-0.0010403333326507002,0.0010080641032204963,-0.6247399166668374,0.4184979839741949,ALIGNED
SCN_005,679,22.6,TRACKING,219.0,307.0,320.0,240.0,-101.0,67.0,-0.63125,0.41875,-0.0065100833331626085,0.00025201602580510185,-0.005208066666530087,0.0002016128206440815,-0.6299479833333674,0.418699596794839,ALIGNED
SCN_005,680,22.6333,TRACKING,219.0,307.0,320.0,240.0,-101.0,67.0,-0.63125,0.41875,-0.001302016666632544,5.040320516103147e-05,-0.0010416133333060352,4.032256412882518e-05,-0.6309895966666734,0.4187399193589678,ALIGNED
SCN_005,681,22.6667,TRACKING,218.0,308.0,320.0,240.0,-102.0,68.0,-0.6375,0.425,-0.006510403333326531,0.006260080641032173,-0.005208322666661225,0.005008064512825739,-0.6361979193333347,0.4237479838717936,ALIGNED
SCN_005,682,22.7,TRACKING,218.0,308.0,320.0,240.0,-102.0,68.0,-0.6375,0.425,-0.0013020806666652618,0.0012520161282064124,-0.0010416645333322094,0.0010016129025651299,-0.6372395838666669,0.4247495967743587,ALIGNED
SCN_005,683,22.7333,TRACKING,218.0,308.0,320.0,240.0,-102.0,68.0,-0.6375,0.425,-0.00026041613333305236,0.0002504032256412936,-0.00020833290666644189,0.00020032258051303487,-0.6374479167733333,0.42494991935487175,ALIGNED
SCN_005,684,22.7667,TRACKING,217.0,309.0,320.0,240.0,-103.0,69.0,-0.64375,0.43124999999999997,-0.006302083226666699,0.006300080645128214,-0.00504166658133336,0.005040064516102572,-0.6424895833546667,0.4299899838709743,ALIGNED
SCN_005,685,22.8,TRACKING,217.0,309.0,320.0,240.0,-103.0,69.0,-0.64375,0.43124999999999997,-0.0012604166453333843,0.001260016129025654,-0.0010083333162667074,0.0010080129032205233,-0.6434979166709334,0.4309979967741948,ALIGNED
SCN_005,686,22.8333,TRACKING,216.0,309.0,320.0,240.0,-104.0,69.0,-0.65,0.43124999999999997,-0.006502083329066655,0.000252003225805153,-0.005201666663253324,0.0002016025806441224,-0.6486995833341866,0.4311995993548389,ALIGNED
SCN_005,687,22.8667,TRACKING,216.0,309.0,320.0,240.0,-104.0,69.0,-0.65,0.43124999999999997,-0.0013004166658133753,5.04006451610417e-05,-0.0010403333326507002,4.0320516128833364e-05,-0.6497399166668374,0.43123991987096777,ALIGNED
SCN_005,688,22.9,TRACKING,215.0,310.0,320.0,240.0,-105.0,70.0,-0.65625,0.4375,-0.0065100833331626085,0.0062600801290322305,-0.005208066666530087,0.005008064103225785,-0.6549479833333675,0.43624798397419356,ALIGNED
SCN_005,689,22.9333,TRACKING,215.0,310.0,320.0,240.0,-105.0,70.0,-0.65625,0.4375,-0.001302016666632544,0.001252016025806435,-0.0010416133333060352,0.001001612820645148,-0.6559895966666734,0.4372495967948387,ALIGNED
SCN_005,690,22.9667,TRACKING,214.0,310.0,320.0,240.0,-106.0,70.0,-0.6625,0.4375,-0.006510403333326531,0.000250403205161287,-0.005208322666661225,0.0002003225641290296,-0.6611979193333347,0.43744991935896776,ALIGNED
SCN_005,691,23.0,TRACKING,214.0,311.0,320.0,240.0,-106.0,71.0,-0.6625,0.44375,-0.0013020806666652618,0.006300080641032213,-0.0010416645333322094,0.005040064512825771,-0.6622395838666669,0.44248998387179356,ALIGNED
SCN_005,692,23.0333,TRACKING,214.0,311.0,320.0,240.0,-106.0,71.0,-0.6625,0.44375,-0.00026041613333305236,0.0012600161282064204,-0.00020833290666644189,0.0010080129025651363,-0.6624479167733334,0.4434979967743587,ALIGNED
SCN_005,693,23.0667,TRACKING,213.0,311.0,320.0,240.0,-107.0,71.0,-0.66875,0.44375,-0.006302083226666588,0.0002520032256412841,-0.005041666581333271,0.00020160258051302727,-0.6674895833546667,0.44369959935487174,ALIGNED
SCN_005,694,23.1,TRACKING,213.0,311.0,320.0,240.0,-107.0,71.0,-0.66875,0.44375,-0.0012604166453332732,5.040064512823461e-05,-0.0010083333162666187,4.032051610258769e-05,-0.6684979166709333,0.44373991987097433,ALIGNED
SCN_005,695,23.1333,TRACKING,212.0,312.0,320.0,240.0,-108.0,72.0,-0.675,0.44999999999999996,-0.006502083329066766,0.006260080129025625,-0.005201666663253413,0.0050080641032205,-0.6736995833341867,0.44874798397419485,ALIGNED
SCN_005,696,23.1667,TRACKING,212.0,312.0,320.0,240.0,-108.0,72.0,-0.675,0.44999999999999996,-0.0013004166658133753,0.0012520160258051027,-0.0010403333326507002,0.0010016128206440822,-0.6747399166668374,0.44974959679483895,ALIGNED
SCN_005,697,23.2,TRACKING,211.0,312.0,320.0,240.0,-109.0,72.0,-0.68125,0.44999999999999996,-0.0065100833331626085,0.00025040320516100945,-0.005208066666530087,0.00020032256412880756,-0.6799479833333675,0.4499499193589678,ALIGNED
SCN_005,698,23.2333,TRACKING,211.0,313.0,320.0,240.0,-109.0,73.0,-0.68125,0.45624999999999993,-0.001302016666632544,0.0063000806410321575,-0.0010416133333060352,0.005040064512825727,-0.6809895966666735,0.4549899838717935,ALIGNED
SCN_005,699,23.2667,TRACKING,210.0,313.0,320.0,240.0,-110.0,73.0,-0.6875,0.45624999999999993,-0.006510403333326531,0.0012600161282064204,-0.005208322666661225,0.0010080129025651363,-0.6861979193333347,0.45599799677435865,ALIGNED
SCN_005,700,23.3,TRACKING,210.0,313.0,320.0,240.0,-110.0,73.0,-0.6875,0.45624999999999993,-0.0013020806666652618,0.0002520032256412841,-0.0010416645333322094,0.00020160258051302727,-0.687239583866667,0.4561995993548717,ALIGNED
SCN_005,701,23.3333,TRACKING,210.0,313.0,320.0,240.0,-110.0,73.0,-0.6875,0.45624999999999993,-0.00026041613333305236,5.040064512823461e-05,-0.00020833290666644189,4.032051610258769e-05,-0.6874479167733334,0.4562399198709743,ALIGNED
SCN_005,702,23.3667,TRACKING,209.0,314.0,320.0,240.0,-111.0,74.0,-0.69375,0.4625,-0.006302083226666588,0.006260080129025736,-0.005041666581333271,0.005008064103220589,-0.6924895833546667,0.46124798397419486,ALIGNED
SCN_005,703,23.4,TRACKING,209.0,314.0,320.0,240.0,-111.0,74.0,-0.69375,0.4625,-0.0012604166453332732,0.0012520160258051583,-0.0010083333162666187,0.0010016128206441267,-0.6934979166709333,0.462249596794839,ALIGNED
SCN_005,704,23.4333,TRACKING,208.0,314.0,320.0,240.0,-112.0,74.0,-0.7,0.4625,-0.006502083329066655,0.00025040320516100945,-0.005201666663253324,0.00020032256412880756,-0.6986995833341866,0.46244991935896784,ALIGNED
SCN_005,705,23.4667,TRACKING,208.0,315.0,320.0,240.0,-112.0,75.0,-0.7,0.46875,-0.0013004166658133753,0.0063000806410321575,-0.0010403333326507002,0.005040064512825727,-0.6997399166668373,0.4674899838717936,ALIGNED
SCN_005,706,23.5,TRACKING,207.0,315.0,320.0,240.0,-113.0,75.0,-0.70625,0.46875,-0.0065100833331627195,0.0012600161282064204,-0.005208066666530176,0.0010080129025651363,-0.7049479833333675,0.4684979967743587,ALIGNED
SCN_005,707,23.5333,TRACKING,207.0,315.0,320.0,240.0,-113.0,75.0,-0.70625,0.46875,-0.001302016666632544,0.0002520032256412841,-0.0010416133333060352,0.00020160258051302727,-0.7059895966666735,0.46869959935487177,ALIGNED
SCN_005,708,23.5667,TRACKING,206.0,315.0,320.0,240.0,-114.0,75.0,-0.7125,0.46875,-0.006510403333326531,5.040064512823461e-05,-0.005208322666661225,4.032051610258769e-05,-0.7111979193333348,0.46873991987097435,ALIGNED
SCN_005,709,23.6,TRACKING,206.0,316.0,320.0,240.0,-114.0,76.0,-0.7125,0.475,-0.0013020806666652618,0.006260080129025625,-0.0010416645333322094,0.0050080641032205,-0.712239583866667,0.4737479839741949,ALIGNED
SCN_005,710,23.6333,TRACKING,206.0,316.0,320.0,240.0,-114.0,76.0,-0.7125,0.475,-0.00026041613333305236,0.0012520160258051027,-0.00020833290666644189,0.0010016128206440822,-0.7124479167733334,0.47474959679483897,ALIGNED
SCN_005,711,23.6667,TRACKING,205.0,316.0,320.0,240.0,-115.0,76.0,-0.71875,0.475,-0.006302083226666588,0.00025040320516100945,-0.005041666581333271,0.00020032256412880756,-0.7174895833546667,0.4749499193589678,ALIGNED
SCN_005,712,23.7,TRACKING,205.0,317.0,320.0,240.0,-115.0,77.0,-0.71875,0.48125000000000007,-0.0012604166453332732,0.0063000806410322685,-0.0010083333162666187,0.005040064512825815,-0.7184979166709333,0.4799899838717936,ALIGNED
SCN_005,713,23.7333,TRACKING,204.0,317.0,320.0,240.0,-116.0,77.0,-0.725,0.48125000000000007,-0.006502083329066655,0.001260016128206476,-0.005201666663253324,0.0010080129025651808,-0.7236995833341866,0.4809979967743588,ALIGNED
SCN_005,714,23.7667,TRACKING,204.0,317.0,320.0,240.0,-116.0,77.0,-0.725,0.48125000000000007,-0.0013004166658133753,0.0002520032256412841,-0.0010403333326507002,0.00020160258051302727,-0.7247399166668373,0.48119959935487183,ALIGNED
SCN_005,715,23.8,TRACKING,203.0,317.0,320.0,240.0,-117.0,77.0,-0.73125,0.48125000000000007,-0.0065100833331626085,5.040064512823461e-05,-0.005208066666530087,4.032051610258769e-05,-0.7299479833333674,0.4812399198709744,ALIGNED
SCN_005,716,23.8333,TRACKING,203.0,318.0,320.0,240.0,-117.0,78.0,-0.73125,0.48750000000000004,-0.001302016666632544,0.006260080129025625,-0.0010416133333060352,0.0050080641032205,-0.7309895966666734,0.48624798397419494,ALIGNED
SCN_005,717,23.8667,TRACKING,202.0,318.0,320.0,240.0,-118.0,78.0,-0.7375,0.48750000000000004,-0.006510403333326642,0.0012520160258051027,-0.005208322666661314,0.0010016128206440822,-0.7361979193333347,0.48724959679483903,ALIGNED
SCN_005,718,23.9,TRACKING,202.0,318.0,320.0,240.0,-118.0,78.0,-0.7375,0.48750000000000004,-0.0013020806666653728,0.00025040320516100945,-0.0010416645333322983,0.00020032256412880756,-0.737239583866667,0.48744991935896786,ALIGNED
SCN_005,719,23.9333,TRACKING,202.0,319.0,320.0,240.0,-118.0,79.0,-0.7375,0.49375,-0.00026041613333305236,0.0063000806410321575,-0.00020833290666644189,0.005040064512825727,-0.7374479167733334,0.4924899838717936,ALIGNED
SCN_005,720,23.9667,TRACKING,201.0,319.0,320.0,240.0,-119.0,79.0,-0.74375,0.49375,-0.006302083226666588,0.0012600161282064204,-0.005041666581333271,0.0010080129025651363,-0.7424895833546667,0.49349799677435874,ALIGNED
SCN_005,721,24.0,TRACKING,201.0,319.0,320.0,240.0,-119.0,79.0,-0.74375,0.49375,-0.0012604166453332732,0.0002520032256412841,-0.0010083333162666187,0.00020160258051302727,-0.7434979166709333,0.4936995993548718,ALIGNED
SCN_005,722,24.0333,TRACKING,200.0,320.0,320.0,240.0,-120.0,80.0,-0.75,0.5,-0.006502083329066655,0.006300400645128212,-0.005201666663253324,0.0050403205161025704,-0.7486995833341866,0.4987399198709744,ALIGNED
SCN_005,723,24.0667,TRACKING,200.0,320.0,320.0,240.0,-120.0,80.0,-0.75,0.5,-0.0013004166658133753,0.0012600801290256203,-0.0010403333326507002,0.0010080641032204963,-0.7497399166668374,0.4997479839741949,ALIGNED
SCN_005,724,24.1,TRACKING,199.0,320.0,320.0,240.0,-121.0,80.0,-0.75625,0.5,-0.0065100833331626085,0.00025201602580510185,-0.005208066666530087,0.0002016128206440815,-0.7549479833333674,0.49994959679483897,ALIGNED
SCN_005,725,24.1333,TRACKING,199.0,320.0,320.0,240.0,-121.0,80.0,-0.75625,0.5,-0.001302016666632544,5.040320516103147e-05,-0.0010416133333060352,4.032256412882518e-05,-0.7559895966666734,0.4999899193589678,ALIGNED
SCN_005,726,24.1667,TRACKING,198.0,321.0,320.0,240.0,-122.0,81.0,-0.7625,0.5062500000000001,-0.006510403333326531,0.006260080641032284,-0.005208322666661225,0.005008064512825827,-0.7611979193333347,0.5049979838717936,ALIGNED
SCN_005,727,24.2,TRACKING,198.0,321.0,320.0,240.0,-122.0,81.0,-0.7625,0.5062500000000001,-0.0013020806666652618,0.001252016128206468,-0.0010416645333322094,0.0010016129025651743,-0.7622395838666669,0.5059995967743588,ALIGNED
SCN_005,728,24.2333,TRACKING,198.0,321.0,320.0,240.0,-122.0,81.0,-0.7625,0.5062500000000001,-0.00026041613333305236,0.0002504032256412936,-0.00020833290666644189,0.00020032258051303487,-0.7624479167733333,0.5061999193548719,ALIGNED
SCN_005,729,24.2667,TRACKING,197.0,322.0,320.0,240.0,-123.0,82.0,-0.76875,0.5125,-0.006302083226666699,0.006300080645128103,-0.00504166658133336,0.005040064516102483,-0.7674895833546667,0.5112399838709744,ALIGNED
SCN_005,730,24.3,TRACKING,197.0,322.0,320.0,240.0,-123.0,82.0,-0.76875,0.5125,-0.0012604166453333843,0.0012600161290255985,-0.0010083333162667074,0.0010080129032204788,-0.7684979166709334,0.5122479967741949,ALIGNED
SCN_005,731,24.3333,TRACKING,196.0,322.0,320.0,240.0,-124.0,82.0,-0.775,0.5125,-0.006502083329066655,0.0002520032258050975,-0.005201666663253324,0.000201602580644078,-0.7736995833341866,0.5124495993548389,ALIGNED
SCN_005,732,24.3667,TRACKING,196.0,322.0,320.0,240.0,-124.0,82.0,-0.775,0.5125,-0.0013004166658133753,5.04006451610417e-05,-0.0010403333326507002,4.0320516128833364e-05,-0.7747399166668374,0.5124899198709677,ALIGNED
SCN_005,733,24.4,TRACKING,195.0,323.0,320.0,240.0,-125.0,83.0,-0.78125,0.51875,-0.0065100833331626085,0.006260080129032342,-0.005208066666530087,0.005008064103225874,-0.7799479833333675,0.5174979839741936,ALIGNED
SCN_005,734,24.4333,TRACKING,195.0,323.0,320.0,240.0,-125.0,83.0,-0.78125,0.51875,-0.001302016666632544,0.0012520160258064905,-0.0010416133333060352,0.0010016128206451925,-0.7809895966666734,0.5184995967948387,ALIGNED
SCN_005,735,24.4667,TRACKING,194.0,323.0,320.0,240.0,-126.0,83.0,-0.7875,0.51875,-0.006510403333326531,0.0002504032051613425,-0.005208322666661225,0.00020032256412907403,-0.7861979193333347,0.5186999193589678,ALIGNED
SCN_005,736,24.5,TRACKING,194.0,324.0,320.0,240.0,-126.0,84.0,-0.7875,0.5249999999999999,-0.0013020806666652618,0.0063000806410321575,-0.0010416645333322094,0.005040064512825727,-0.7872395838666669,0.5237399838717934,ALIGNED
SCN_005,737,24.5333,TRACKING,194.0,324.0,320.0,240.0,-126.0,84.0,-0.7875,0.5249999999999999,-0.00026041613333305236,0.001260016128206476,-0.00020833290666644189,0.0010080129025651808,-0.7874479167733334,0.5247479967743586,ALIGNED
SCN_005,738,24.5667,TRACKING,193.0,324.0,320.0,240.0,-127.0,84.0,-0.79375,0.5249999999999999,-0.006302083226666588,0.0002520032256413396,-0.005041666581333271,0.0002016025805130717,-0.7924895833546667,0.5249495993548716,ALIGNED
SCN_005,739,24.6,TRACKING,193.0,324.0,320.0,240.0,-127.0,84.0,-0.79375,0.5249999999999999,-0.0012604166453332732,5.040064512829012e-05,-0.0010083333162666187,4.03205161026321e-05,-0.7934979166709333,0.5249899198709742,ALIGNED
SCN_005,740,24.6333,TRACKING,192.0,325.0,320.0,240.0,-128.0,85.0,-0.8,0.53125,-0.006502083329066766,0.006260080129025791,-0.005201666663253413,0.005008064103220633,-0.7986995833341867,0.5299979839741948,ALIGNED
SCN_005,741,24.6667,TRACKING,192.0,325.0,320.0,240.0,-128.0,85.0,-0.8,0.53125,-0.0013004166658133753,0.0012520160258051583,-0.0010403333326507002,0.0010016128206441267,-0.7997399166668374,0.530999596794839,ALIGNED
SCN_005,742,24.7,TRACKING,191.0,325.0,320.0,240.0,-129.0,85.0,-0.80625,0.53125,-0.0065100833331626085,0.00025040320516100945,-0.005208066666530087,0.00020032256412880756,-0.8049479833333675,0.5311999193589678,ALIGNED
SCN_005,743,24.7333,TRACKING,191.0,326.0,320.0,240.0,-129.0,86.0,-0.80625,0.5375,-0.001302016666632544,0.0063000806410321575,-0.0010416133333060352,0.005040064512825727,-0.8059895966666735,0.5362399838717935,ALIGNED
SCN_005,744,24.7667,TRACKING,190.0,326.0,320.0,240.0,-130.0,86.0,-0.8125,0.5375,-0.006510403333326531,0.001260016128206476,-0.005208322666661225,0.0010080129025651808,-0.8111979193333347,0.5372479967743586,ALIGNED
SCN_005,745,24.8,TRACKING,190.0,326.0,320.0,240.0,-130.0,86.0,-0.8125,0.5375,-0.0013020806666652618,0.0002520032256413396,-0.0010416645333322094,0.0002016025805130717,-0.812239583866667,0.5374495993548717,ALIGNED
SCN_005,746,24.8333,TRACKING,190.0,326.0,320.0,240.0,-130.0,86.0,-0.8125,0.5375,-0.00026041613333305236,5.040064512829012e-05,-0.00020833290666644189,4.03205161026321e-05,-0.8124479167733334,0.5374899198709743,ALIGNED
SCN_005,747,24.8667,TRACKING,189.0,327.0,320.0,240.0,-131.0,87.0,-0.81875,0.54375,-0.006302083226666588,0.00626008012902568,-0.005041666581333271,0.0050080641032205445,-0.8174895833546667,0.5424979839741948,ALIGNED
SCN_005,748,24.9,TRACKING,189.0,327.0,320.0,240.0,-131.0,87.0,-0.81875,0.54375,-0.0012604166453332732,0.0012520160258051583,-0.0010083333162666187,0.0010016128206441267,-0.8184979166709333,0.543499596794839,ALIGNED
SCN_005,749,24.9333,TRACKING,188.0,327.0,320.0,240.0,-132.0,87.0,-0.825,0.54375,-0.006502083329066655,0.00025040320516100945,-0.005201666663253324,0.00020032256412880756,-0.8236995833341866,0.5436999193589678,ALIGNED
SCN_005,750,24.9667,TRACKING,188.0,328.0,320.0,240.0,-132.0,88.0,-0.825,0.5499999999999999,-0.0013004166658133753,0.0063000806410321575,-0.0010403333326507002,0.005040064512825727,-0.8247399166668373,0.5487399838717935,ALIGNED
SCN_005,751,25.0,TRACKING,187.0,328.0,320.0,240.0,-133.0,88.0,-0.83125,0.5499999999999999,-0.0065100833331627195,0.001260016128206476,-0.005208066666530176,0.0010080129025651808,-0.8299479833333675,0.5497479967743586,ALIGNED
SCN_005,752,25.0333,TRACKING,187.0,328.0,320.0,240.0,-133.0,88.0,-0.83125,0.5499999999999999,-0.001302016666632544,0.0002520032256413396,-0.0010416133333060352,0.0002016025805130717,-0.8309895966666735,0.5499495993548716,ALIGNED
SCN_005,753,25.0667,TRACKING,186.0,328.0,320.0,240.0,-134.0,88.0,-0.8375,0.5499999999999999,-0.006510403333326531,5.040064512829012e-05,-0.005208322666661225,4.03205161026321e-05,-0.8361979193333348,0.5499899198709742,ALIGNED
SCN_005,754,25.1,TRACKING,186.0,329.0,320.0,240.0,-134.0,89.0,-0.8375,0.55625,-0.0013020806666652618,0.006260080129025791,-0.0010416645333322094,0.005008064103220633,-0.837239583866667,0.5549979839741949,ALIGNED
SCN_005,755,25.1333,TRACKING,186.0,329.0,320.0,240.0,-134.0,89.0,-0.8375,0.55625,-0.00026041613333305236,0.0012520160258051583,-0.00020833290666644189,0.0010016128206441267,-0.8374479167733334,0.555999596794839,ALIGNED
SCN_005,756,25.1667,TRACKING,185.0,329.0,320.0,240.0,-135.0,89.0,-0.84375,0.55625,-0.006302083226666588,0.00025040320516100945,-0.005041666581333271,0.00020032256412880756,-0.8424895833546667,0.5561999193589678,ALIGNED
SCN_005,757,25.2,TRACKING,185.0,330.0,320.0,240.0,-135.0,90.0,-0.84375,0.5625,-0.0012604166453332732,0.0063000806410321575,-0.0010083333162666187,0.005040064512825727,-0.8434979166709333,0.5612399838717935,ALIGNED
SCN_005,758,25.2333,TRACKING,184.0,330.0,320.0,240.0,-136.0,90.0,-0.85,0.5625,-0.006502083329066655,0.001260016128206476,-0.005201666663253324,0.0010080129025651808,-0.8486995833341866,0.5622479967743587,ALIGNED
SCN_005,759,25.2667,TRACKING,184.0,330.0,320.0,240.0,-136.0,90.0,-0.85,0.5625,-0.0013004166658133753,0.0002520032256413396,-0.0010403333326507002,0.0002016025805130717,-0.8497399166668373,0.5624495993548717,ALIGNED
SCN_005,760,25.3,TRACKING,183.0,331.0,320.0,240.0,-137.0,91.0,-0.85625,0.56875,-0.0065100833331626085,0.006300400645128268,-0.005208066666530087,0.005040320516102615,-0.8549479833333674,0.5674899198709743,ALIGNED
SCN_005,761,25.3333,TRACKING,183.0,331.0,320.0,240.0,-137.0,91.0,-0.85625,0.56875,-0.001302016666632544,0.0012600801290256758,-0.0010416133333060352,0.0010080641032205408,-0.8559895966666734,0.5684979839741948,ALIGNED
SCN_005,762,25.3667,TRACKING,182.0,331.0,320.0,240.0,-138.0,91.0,-0.8625,0.56875,-0.006510403333326642,0.00025201602580515736,-0.005208322666661314,0.0002016128206441259,-0.8611979193333347,0.568699596794839,ALIGNED
SCN_005,763,25.4,TRACKING,182.0,331.0,320.0,240.0,-138.0,91.0,-0.8625,0.56875,-0.0013020806666653728,5.040320516103147e-05,-0.0010416645333322983,4.032256412882518e-05,-0.862239583866667,0.5687399193589677,ALIGNED
SCN_005,764,25.4333,TRACKING,182.0,332.0,320.0,240.0,-138.0,92.0,-0.8625,0.5750000000000001,-0.00026041613333305236,0.0062600806410323395,-0.00020833290666644189,0.005008064512825872,-0.8624479167733334,0.5737479838717936,ALIGNED
SCN_005,765,25.4667,TRACKING,181.0,332.0,320.0,240.0,-139.0,92.0,-0.86875,0.5750000000000001,-0.006302083226666588,0.001252016128206468,-0.005041666581333271,0.0010016129025651743,-0.8674895833546667,0.5747495967743588,ALIGNED
SCN_005,766,25.5,TRACKING,181.0,332.0,320.0,240.0,-139.0,92.0,-0.86875,0.5750000000000001,-0.0012604166453332732,0.0002504032256412936,-0.0010083333162666187,0.00020032258051303487,-0.8684979166709333,0.5749499193548718,ALIGNED
SCN_005,767,25.5333,TRACKING,180.0,333.0,320.0,240.0,-140.0,93.0,-0.875,0.58125,-0.006502083329066655,0.006300080645128214,-0.005201666663253324,0.005040064516102572,-0.8736995833341866,0.5799899838709744,ALIGNED
SCN_005,768,25.5667,TRACKING,180.0,333.0,320.0,240.0,-140.0,93.0,-0.875,0.58125,-0.0013004166658133753,0.0012600161290255985,-0.0010403333326507002,0.0010080129032204788,-0.8747399166668374,0.580997996774195,ALIGNED
SCN_005,769,25.6,TRACKING,179.0,333.0,320.0,240.0,-141.0,93.0,-0.88125,0.58125,-0.0065100833331626085,0.0002520032258050975,-0.005208066666530087,0.000201602580644078,-0.8799479833333674,0.581199599354839,ALIGNED
SCN_005,770,25.6333,TRACKING,179.0,333.0,320.0,240.0,-141.0,93.0,-0.88125,0.58125,-0.001302016666632544,5.04006451610417e-05,-0.0010416133333060352,4.0320516128833364e-05,-0.8809895966666734,0.5812399198709678,ALIGNED
SCN_005,771,25.6667,TRACKING,178.0,334.0,320.0,240.0,-142.0,94.0,-0.8875,0.5875,-0.006510403333326531,0.0062600801290322305,-0.005208322666661225,0.005008064103225785,-0.8861979193333347,0.5862479839741935,ALIGNED
SCN_005,772,25.7,TRACKING,178.0,334.0,320.0,240.0,-142.0,94.0,-0.8875,0.5875,-0.0013020806666652618,0.0012520160258064905,-0.0010416645333322094,0.0010016128206451925,-0.8872395838666669,0.5872495967948387,ALIGNED
SCN_005,773,25.7333,TRACKING,178.0,334.0,320.0,240.0,-142.0,94.0,-0.8875,0.5875,-0.00026041613333305236,0.0002504032051613425,-0.00020833290666644189,0.00020032256412907403,-0.8874479167733333,0.5874499193589677,ALIGNED
SCN_005,774,25.7667,TRACKING,177.0,335.0,320.0,240.0,-143.0,95.0,-0.89375,0.59375,-0.006302083226666699,0.0063000806410322685,-0.00504166658133336,0.005040064512825815,-0.8924895833546667,0.5924899838717935,ALIGNED
SCN_005,775,25.8,TRACKING,177.0,335.0,320.0,240.0,-143.0,95.0,-0.89375,0.59375,-0.0012604166453333843,0.001260016128206476,-0.0010083333162667074,0.0010080129025651808,-0.8934979166709334,0.5934979967743587,ALIGNED
SCN_005,776,25.8333,TRACKING,176.0,335.0,320.0,240.0,-144.0,95.0,-0.9,0.59375,-0.006502083329066655,0.0002520032256413396,-0.005201666663253324,0.0002016025805130717,-0.8986995833341866,0.5936995993548717,ALIGNED
SCN_005,777,25.8667,TRACKING,176.0,335.0,320.0,240.0,-144.0,95.0,-0.9,0.59375,-0.0013004166658133753,5.040064512829012e-05,-0.0010403333326507002,4.03205161026321e-05,-0.8997399166668374,0.5937399198709743,ALIGNED
SCN_005,778,25.9,TRACKING,175.0,336.0,320.0,240.0,-145.0,96.0,-0.90625,0.6000000000000001,-0.0065100833331626085,0.006260080129025791,-0.005208066666530087,0.005008064103220633,-0.9049479833333675,0.5987479839741949,ALIGNED
SCN_005,779,25.9333,TRACKING,175.0,336.0,320.0,240.0,-145.0,96.0,-0.90625,0.6000000000000001,-0.001302016666632544,0.0012520160258051583,-0.0010416133333060352,0.0010016128206441267,-0.9059895966666734,0.5997495967948391,ALIGNED
SCN_005,780,25.9667,TRACKING,174.0,336.0,320.0,240.0,-146.0,96.0,-0.9125,0.6000000000000001,-0.006510403333326531,0.00025040320516100945,-0.005208322666661225,0.00020032256412880756,-0.9111979193333347,0.5999499193589679,ALIGNED
SCN_005,781,26.0,TRACKING,174.0,337.0,320.0,240.0,-146.0,97.0,-0.9125,0.60625,-0.0013020806666652618,0.0063000806410320465,-0.0010416645333322094,0.005040064512825637,-0.9122395838666669,0.6049899838717936,ALIGNED
SCN_005,782,26.0333,TRACKING,174.0,337.0,320.0,240.0,-146.0,97.0,-0.9125,0.60625,-0.00026041613333305236,0.0012600161282063649,-0.00020833290666644189,0.0010080129025650919,-0.9124479167733334,0.6059979967743587,ALIGNED
SCN_005,783,26.0667,TRACKING,173.0,337.0,320.0,240.0,-147.0,97.0,-0.91875,0.60625,-0.006302083226666588,0.00025200322564122857,-0.005041666581333271,0.00020160258051298287,-0.9174895833546667,0.6061995993548717,ALIGNED
SCN_005,784,26.1,TRACKING,173.0,337.0,320.0,240.0,-147.0,97.0,-0.91875,0.60625,-0.0012604166453332732,5.040064512829012e-05,-0.0010083333162666187,4.03205161026321e-05,-0.9184979166709333,0.6062399198709743,ALIGNED
SCN_005,785,26.1333,TRACKING,172.0,338.0,320.0,240.0,-148.0,98.0,-0.925,0.6125,-0.006502083329066766,0.006260080129025791,-0.005201666663253413,0.005008064103220633,-0.9236995833341867,0.6112479839741949,ALIGNED
SCN_005,786,26.1667,TRACKING,172.0,338.0,320.0,240.0,-148.0,98.0,-0.925,0.6125,-0.0013004166658133753,0.0012520160258051583,-0.0010403333326507002,0.0010016128206441267,-0.9247399166668374,0.612249596794839,ALIGNED
SCN_005,787,26.2,TRACKING,171.0,338.0,320.0,240.0,-149.0,98.0,-0.93125,0.6125,-0.0065100833331626085,0.00025040320516100945,-0.005208066666530087,0.00020032256412880756,-0.9299479833333675,0.6124499193589679,ALIGNED
SCN_005,788,26.2333,TRACKING,171.0,339.0,320.0,240.0,-149.0,99.0,-0.93125,0.6187499999999999,-0.001302016666632544,0.0063000806410320465,-0.0010416133333060352,0.005040064512825637,-0.9309895966666735,0.6174899838717935,ALIGNED
SCN_005,789,26.2667,TRACKING,170.0,339.0,320.0,240.0,-150.0,99.0,-0.9375,0.6187499999999999,-0.006510403333326531,0.0012600161282063649,-0.005208322666661225,0.0010080129025650919,-0.9361979193333347,0.6184979967743587,ALIGNED
SCN_005,790,26.3,TRACKING,170.0,339.0,320.0,240.0,-150.0,99.0,-0.9375,0.6187499999999999,-0.0013020806666652618,0.00025200322564122857,-0.0010416645333322094,0.00020160258051298287,-0.937239583866667,0.6186995993548716,ALIGNED
SCN_005,791,26.3333,TRACKING,170.0,339.0,320.0,240.0,-150.0,99.0,-0.9375,0.6187499999999999,-0.00026041613333305236,5.040064512829012e-05,-0.00020833290666644189,4.03205161026321e-05,-0.9374479167733334,0.6187399198709742,ALIGNED
SCN_005,792,26.3667,TRACKING,169.0,340.0,320.0,240.0,-151.0,100.0,-0.94375,0.625,-0.006302083226666588,0.006260080129025791,-0.005041666581333271,0.005008064103220633,-0.9424895833546667,0.6237479839741948,ALIGNED
SCN_005,793,26.4,TRACKING,169.0,340.0,320.0,240.0,-151.0,100.0,-0.94375,0.625,-0.0012604166453332732,0.0012520160258051583,-0.0010083333162666187,0.0010016128206441267,-0.9434979166709333,0.624749596794839,ALIGNED
SCN_005,794,26.4333,TRACKING,168.0,340.0,320.0,240.0,-152.0,100.0,-0.95,0.625,-0.006502083329066655,0.00025040320516100945,-0.005201666663253324,0.00020032256412880756,-0.9486995833341866,0.6249499193589678,ALIGNED
SCN_005,795,26.4667,TRACKING,168.0,341.0,320.0,240.0,-152.0,101.0,-0.95,0.63125,-0.0013004166658133753,0.0063000806410321575,-0.0010403333326507002,0.005040064512825727,-0.9497399166668373,0.6299899838717935,ALIGNED
SCN_005,796,26.5,TRACKING,167.0,341.0,320.0,240.0,-153.0,101.0,-0.95625,0.63125,-0.0065100833331627195,0.001260016128206476,-0.005208066666530176,0.0010080129025651808,-0.9549479833333675,0.6309979967743586,ALIGNED
SCN_005,797,26.5333,TRACKING,167.0,341.0,320.0,240.0,-153.0,101.0,-0.95625,0.63125,-0.001302016666632544,0.0002520032256413396,-0.0010416133333060352,0.0002016025805130717,-0.9559895966666735,0.6311995993548717,ALIGNED
SCN_005,798,26.5667,TRACKING,166.0,341.0,320.0,240.0,-154.0,101.0,-0.9625,0.63125,-0.006510403333326531,5.040064512829012e-05,-0.005208322666661225,4.03205161026321e-05,-0.9611979193333348,0.6312399198709743,ALIGNED
SCN_005,799,26.6,TRACKING,166.0,342.0,320.0,240.0,-154.0,102.0,-0.9625,0.6375,-0.0013020806666652618,0.00626008012902568,-0.0010416645333322094,0.0050080641032205445,-0.962239583866667,0.6362479839741948,ALIGNED
SCN_005,800,26.6333,TRACKING,165.0,342.0,320.0,240.0,-155.0,102.0,-0.96875,0.6375,-0.00651041613333303,0.0012520160258051583,-0.005208332906666425,0.0010016128206441267,-0.9674479167733334,0.637249596794839,ALIGNED
SCN_005,801,26.6667,TRACKING,165.0,342.0,320.0,240.0,-155.0,102.0,-0.96875,0.6375,-0.0013020832266665838,0.00025040320516100945,-0.001041666581333267,0.00020032256412880756,-0.9684895833546667,0.6374499193589678,ALIGNED
SCN_005,802,26.7,TRACKING,165.0,343.0,320.0,240.0,-155.0,103.0,-0.96875,0.6437499999999999,-0.00026041664533327236,0.0063000806410321575,-0.0002083333162666179,0.005040064512825727,-0.9686979166709333,0.6424899838717935,ALIGNED
SCN_005,803,26.7333,TRACKING,164.0,343.0,320.0,240.0,-156.0,103.0,-0.975,0.6437499999999999,-0.006302083329066677,0.001260016128206476,-0.005041666663253341,0.0010080129025651808,-0.9737395833341866,0.6434979967743586,ALIGNED
SCN_005,804,26.7667,TRACKING,164.0,343.0,320.0,240.0,-156.0,103.0,-0.975,0.6437499999999999,-0.0012604166658133353,0.0002520032256413396,-0.0010083333326506682,0.0002016025805130717,-0.9747479166668374,0.6436995993548716,ALIGNED
SCN_005,805,26.8,TRACKING,163.0,344.0,320.0,240.0,-157.0,104.0,-0.98125,0.65,-0.0065020833331626005,0.006300400645128379,-0.005201666666530081,0.005040320516102703,-0.9799495833333675,0.6487399198709743,ALIGNED
SCN_005,806,26.8333,TRACKING,163.0,344.0,320.0,240.0,-157.0,104.0,-0.98125,0.65,-0.0013004166666324979,0.0012600801290256758,-0.0010403333333059983,0.0010080641032205408,-0.9809899166666735,0.6497479839741949,ALIGNED
SCN_005,807,26.8667,TRACKING,162.0,344.0,320.0,240.0,-158.0,104.0,-0.9875,0.65,-0.006510083333326588,0.00025201602580515736,-0.005208066666661271,0.0002016128206441259,-0.9861979833333347,0.649949596794839,ALIGNED
SCN_005,808,26.9,TRACKING,162.0,344.0,320.0,240.0,-158.0,104.0,-0.9875,0.65,-0.0013020166666652955,5.040320516103147e-05,-0.0010416133333322364,4.032256412882518e-05,-0.9872395966666669,0.6499899193589678,ALIGNED
SCN_005,809,26.9333,TRACKING,161.0,345.0,320.0,240.0,-159.0,105.0,-0.99375,0.65625,-0.006510403333333081,0.0062600806410322285,-0.0052083226666664656,0.005008064512825783,-0.9924479193333334,0.6549979838717935,ALIGNED
SCN_005,810,26.9667,TRACKING,161.0,345.0,320.0,240.0,-159.0,105.0,-0.99375,0.65625,-0.001302080666666594,0.001252016128206468,-0.0010416645333332752,0.0010016129025651743,-0.9934895838666667,0.6559995967743587,ALIGNED
SCN_005,811,27.0,TRACKING,161.0,345.0,320.0,240.0,-159.0,105.0,-0.99375,0.65625,-0.0002604161333332744,0.0002504032256412936,-0.00020833290666661953,0.00020032258051303487,-0.9936979167733334,0.6561999193548718,ALIGNED
SCN_005,812,27.0333,TRACKING,160.0,346.0,320.0,240.0,-160.0,106.0,-1.0,0.6625,-0.006302083226666588,0.006300080645128214,-0.005041666581333271,0.005040064516102572,-0.9987395833546667,0.6612399838709744,ALIGNED
SCN_005,813,27.0667,TRACKING,160.0,346.0,320.0,240.0,-160.0,106.0,-1.0,0.6625,-0.0012604166453332732,0.0012600161290255985,-0.0010083333162666187,0.0010080129032204788,-0.9997479166709333,0.6622479967741949,ALIGNED
SCN_005,814,27.1,TRACKING,159.0,346.0,320.0,240.0,-161.0,106.0,-1.00625,0.6625,-0.006502083329066766,0.0002520032258050975,-0.005201666663253413,0.000201602580644078,-1.0049495833341868,0.6624495993548389,ALIGNED
SCN_005,815,27.1333,TRACKING,159.0,346.0,320.0,240.0,-161.0,106.0,-1.00625,0.6625,-0.0013004166658132643,5.04006451610417e-05,-0.0010403333326506115,4.0320516128833364e-05,-1.0059899166668373,0.6624899198709677,ALIGNED
SCN_005,816,27.1667,TRACKING,158.0,347.0,320.0,240.0,-162.0,107.0,-1.0125,0.6687500000000001,-0.0065100833331626085,0.006260080129032342,-0.005208066666530087,0.005008064103225874,-1.0111979833333675,0.6674979839741936,ALIGNED
SCN_005,817,27.2,TRACKING,158.0,347.0,320.0,240.0,-162.0,107.0,-1.0125,0.6687500000000001,-0.0013020166666324329,0.0012520160258064905,-0.0010416133333059463,0.0010016128206451925,-1.0122395966666735,0.6684995967948387,ALIGNED
SCN_005,818,27.2333,TRACKING,157.0,347.0,320.0,240.0,-163.0,107.0,-1.01875,0.6687500000000001,-0.006510403333326531,0.0002504032051613425,-0.005208322666661225,0.00020032256412907403,-1.0174479193333348,0.6686999193589678,ALIGNED
SCN_005,819,27.2667,TRACKING,157.0,348.0,320.0,240.0,-163.0,108.0,-1.01875,0.675,-0.0013020806666652618,0.0063000806410322685,-0.0010416645333322094,0.005040064512825815,-1.018489583866667,0.6737399838717936,ALIGNED
SCN_005,820,27.3,TRACKING,157.0,348.0,320.0,240.0,-163.0,108.0,-1.01875,0.675,-0.00026041613333305236,0.001260016128206476,-0.00020833290666644189,0.0010080129025651808,-1.0186979167733334,0.6747479967743587,ALIGNED
SCN_005,821,27.3333,TRACKING,156.0,348.0,320.0,240.0,-164.0,108.0,-1.025,0.675,-0.006302083226666477,0.0002520032256413396,-0.005041666581333182,0.0002016025805130717,-1.0237395833546665,0.6749495993548718,ALIGNED
SCN_005,822,27.3667,TRACKING,156.0,348.0,320.0,240.0,-164.0,108.0,-1.025,0.675,-0.0012604166453333843,5.040064512829012e-05,-0.0010083333162667074,4.03205161026321e-05,-1.0247479166709332,0.6749899198709743,ALIGNED
SCN_005,823,27.4,TRACKING,155.0,349.0,320.0,240.0,-165.0,109.0,-1.03125,0.68125,-0.006502083329066766,0.00626008012902568,-0.005201666663253413,0.0050080641032205445,-1.0299495833341867,0.6799979839741949,ALIGNED
SCN_005,824,27.4333,TRACKING,155.0,349.0,320.0,240.0,-165.0,109.0,-1.03125,0.68125,-0.0013004166658132643,0.0012520160258051583,-0.0010403333326506115,0.0010016128206441267,-1.0309899166668373,0.680999596794839,ALIGNED
SCN_005,825,27.4667,TRACKING,154.0,349.0,320.0,240.0,-166.0,109.0,-1.0375,0.68125,-0.0065100833331628305,0.00025040320516100945,-0.005208066666530265,0.00020032256412880756,-1.0361979833333674,0.6811999193589678,ALIGNED
SCN_005,826,27.5,TRACKING,154.0,350.0,320.0,240.0,-166.0,110.0,-1.0375,0.6875,-0.001302016666632655,0.0063000806410321575,-0.001041613333306124,0.005040064512825727,-1.0372395966666736,0.6862399838717935,ALIGNED
SCN_005,827,27.5333,TRACKING,153.0,350.0,320.0,240.0,-167.0,110.0,-1.04375,0.6875,-0.006510403333326309,0.001260016128206476,-0.005208322666661047,0.0010080129025651808,-1.0424479193333347,0.6872479967743587,ALIGNED
SCN_005,828,27.5667,TRACKING,153.0,350.0,320.0,240.0,-167.0,110.0,-1.04375,0.6875,-0.0013020806666652618,0.0002520032256413396,-0.0010416645333322094,0.0002016025805130717,-1.043489583866667,0.6874495993548717,ALIGNED
SCN_005,829,27.6,TRACKING,153.0,350.0,320.0,240.0,-167.0,110.0,-1.04375,0.6875,-0.00026041613333305236,5.040064512829012e-05,-0.00020833290666644189,4.03205161026321e-05,-1.0436979167733333,0.6874899198709743,ALIGNED
SCN_005,830,27.6333,TRACKING,152.0,351.0,320.0,240.0,-168.0,111.0,-1.05,0.6937500000000001,-0.006302083226666699,0.006260080129025791,-0.00504166658133336,0.005008064103220633,-1.0487395833546667,0.6924979839741949,ALIGNED
SCN_005,831,27.6667,TRACKING,152.0,351.0,320.0,240.0,-168.0,111.0,-1.05,0.6937500000000001,-0.0012604166453333843,0.0012520160258051583,-0.0010083333162667074,0.0010016128206441267,-1.0497479166709334,0.6934995967948391,ALIGNED
SCN_005,832,27.7,TRACKING,151.0,351.0,320.0,240.0,-169.0,111.0,-1.05625,0.6937500000000001,-0.006502083329066544,0.00025040320516100945,-0.005201666663253235,0.00020032256412880756,-1.0549495833341866,0.6936999193589679,ALIGNED
SCN_005,833,27.7333,TRACKING,151.0,352.0,320.0,240.0,-169.0,112.0,-1.05625,0.7,-0.0013004166658132643,0.0063000806410320465,-0.0010403333326506115,0.005040064512825637,-1.0559899166668372,0.6987399838717936,ALIGNED
SCN_005,834,27.7667,TRACKING,150.0,352.0,320.0,240.0,-170.0,112.0,-1.0625,0.7,-0.0065100833331628305,0.0012600161282063649,-0.005208066666530265,0.0010080129025650919,-1.0611979833333673,0.6997479967743587,ALIGNED
SCN_005,835,27.8,TRACKING,150.0,352.0,320.0,240.0,-170.0,112.0,-1.0625,0.7,-0.001302016666632655,0.00025200322564122857,-0.001041613333306124,0.00020160258051298287,-1.0622395966666736,0.6999495993548717,ALIGNED
SCN_005,836,27.8333,TRACKING,149.0,352.0,320.0,240.0,-171.0,112.0,-1.06875,0.7,-0.006510403333326531,5.040064512829012e-05,-0.005208322666661225,4.03205161026321e-05,-1.0674479193333348,0.6999899198709743,ALIGNED
SCN_005,837,27.8667,TRACKING,149.0,353.0,320.0,240.0,-171.0,113.0,-1.06875,0.70625,-0.0013020806666652618,0.006260080129025791,-0.0010416645333322094,0.005008064103220633,-1.068489583866667,0.7049979839741949,ALIGNED
SCN_005,838,27.9,TRACKING,149.0,353.0,320.0,240.0,-171.0,113.0,-1.06875,0.70625,-0.00026041613333305236,0.0012520160258051583,-0.00020833290666644189,0.0010016128206441267,-1.0686979167733335,0.705999596794839,ALIGNED
SCN_005,839,27.9333,TRACKING,148.0,353.0,320.0,240.0,-172.0,113.0,-1.075,0.70625,-0.006302083226666477,0.00025040320516100945,-0.005041666581333182,0.00020032256412880756,-1.0737395833546666,0.7061999193589679,ALIGNED
SCN_005,840,27.9667,TRACKING,148.0,354.0,320.0,240.0,-172.0,114.0,-1.075,0.7124999999999999,-0.0012604166453333843,0.0063000806410320465,-0.0010083333162667074,0.005040064512825637,-1.0747479166709333,0.7112399838717935,ALIGNED
SCN_005,841,28.0,TRACKING,147.0,354.0,320.0,240.0,-173.0,114.0,-1.08125,0.7124999999999999,-0.006502083329066766,0.0012600161282063649,-0.005201666663253413,0.0010080129025650919,-1.0799495833341868,0.7122479967743587,ALIGNED
SCN_005,842,28.0333,TRACKING,147.0,354.0,320.0,240.0,-173.0,114.0,-1.08125,0.7124999999999999,-0.0013004166658132643,0.00025200322564122857,-0.0010403333326506115,0.00020160258051298287,-1.0809899166668373,0.7124495993548716,ALIGNED
SCN_005,843,28.0667,TRACKING,146.0,355.0,320.0,240.0,-174.0,115.0,-1.0875,0.71875,-0.0065100833331626085,0.006300400645128379,-0.005208066666530087,0.005040320516102703,-1.0861979833333675,0.7174899198709743,ALIGNED
SCN_005,844,28.1,TRACKING,146.0,355.0,320.0,240.0,-174.0,115.0,-1.0875,0.71875,-0.0013020166666324329,0.0012600801290256758,-0.0010416133333059463,0.0010080641032205408,-1.0872395966666735,0.7184979839741948,ALIGNED
SCN_005,845,28.1333,TRACKING,145.0,355.0,320.0,240.0,-175.0,115.0,-1.09375,0.71875,-0.006510403333326531,0.00025201602580515736,-0.005208322666661225,0.0002016128206441259,-1.0924479193333347,0.718699596794839,ALIGNED
SCN_005,846,28.1667,TRACKING,145.0,355.0,320.0,240.0,-175.0,115.0,-1.09375,0.71875,-0.0013020806666652618,5.040320516103147e-05,-0.0010416645333322094,4.032256412882518e-05,-1.093489583866667,0.7187399193589677,ALIGNED
SCN_005,847,28.2,TRACKING,145.0,356.0,320.0,240.0,-175.0,116.0,-1.09375,0.725,-0.00026041613333305236,0.0062600806410322285,-0.00020833290666644189,0.005008064512825783,-1.0936979167733334,0.7237479838717935,ALIGNED
SCN_005,848,28.2333,TRACKING,144.0,356.0,320.0,240.0,-176.0,116.0,-1.1,0.725,-0.006302083226666699,0.001252016128206468,-0.00504166658133336,0.0010016129025651743,-1.0987395833546667,0.7247495967743587,ALIGNED
SCN_005,849,28.2667,TRACKING,144.0,356.0,320.0,240.0,-176.0,116.0,-1.1,0.725,-0.0012604166453333843,0.0002504032256412936,-0.0010083333162667074,0.00020032258051303487,-1.0997479166709334,0.7249499193548717,ALIGNED
SCN_005,850,28.3,TRACKING,143.0,357.0,320.0,240.0,-177.0,117.0,-1.10625,0.73125,-0.006502083329066544,0.006300080645128214,-0.005201666663253235,0.005040064516102572,-1.1049495833341867,0.7299899838709744,ALIGNED
SCN_005,851,28.3333,TRACKING,143.0,357.0,320.0,240.0,-177.0,117.0,-1.10625,0.73125,-0.0013004166658132643,0.0012600161290255985,-0.0010403333326506115,0.0010080129032204788,-1.1059899166668372,0.7309979967741949,ALIGNED
SCN_005,852,28.3667,TRACKING,142.0,357.0,320.0,240.0,-178.0,117.0,-1.1125,0.73125,-0.0065100833331628305,0.0002520032258050975,-0.005208066666530265,0.000201602580644078,-1.1111979833333674,0.7311995993548389,ALIGNED
SCN_005,853,28.4,TRACKING,142.0,357.0,320.0,240.0,-178.0,117.0,-1.1125,0.73125,-0.001302016666632655,5.04006451610417e-05,-0.001041613333306124,4.0320516128833364e-05,-1.1122395966666736,0.7312399198709677,ALIGNED
SCN_005,854,28.4333,TRACKING,141.0,358.0,320.0,240.0,-179.0,118.0,-1.11875,0.7374999999999999,-0.006510403333326309,0.0062600801290322305,-0.005208322666661047,0.005008064103225785,-1.1174479193333346,0.7362479839741934,ALIGNED
SCN_005,855,28.4667,TRACKING,141.0,358.0,320.0,240.0,-179.0,118.0,-1.11875,0.7374999999999999,-0.0013020806666652618,0.0012520160258064905,-0.0010416645333322094,0.0010016128206451925,-1.1184895838666669,0.7372495967948386,ALIGNED
SCN_005,856,28.5,TRACKING,141.0,358.0,320.0,240.0,-179.0,118.0,-1.11875,0.7374999999999999,-0.00026041613333305236,0.0002504032051613425,-0.00020833290666644189,0.00020032256412907403,-1.1186979167733333,0.7374499193589676,ALIGNED
SCN_005,857,28.5333,TRACKING,140.0,359.0,320.0,240.0,-180.0,119.0,-1.125,0.74375,-0.006302083226666699,0.0063000806410323795,-0.00504166658133336,0.005040064512825904,-1.1237395833546666,0.7424899838717935,ALIGNED
SCN_005,858,28.5667,TRACKING,140.0,359.0,320.0,240.0,-180.0,119.0,-1.125,0.74375,-0.0012604166453333843,0.001260016128206476,-0.0010083333162667074,0.0010080129025651808,-1.1247479166709333,0.7434979967743587,ALIGNED
SCN_005,859,28.6,TRACKING,139.0,359.0,320.0,240.0,-181.0,119.0,-1.13125,0.74375,-0.006502083329066766,0.0002520032256413396,-0.005201666663253413,0.0002016025805130717,-1.1299495833341868,0.7436995993548717,ALIGNED
SCN_005,860,28.6333,TRACKING,139.0,359.0,320.0,240.0,-181.0,119.0,-1.13125,0.74375,-0.0013004166658132643,5.040064512829012e-05,-0.0010403333326506115,4.03205161026321e-05,-1.1309899166668373,0.7437399198709743,ALIGNED
SCN_005,861,28.6667,TRACKING,138.0,360.0,320.0,240.0,-182.0,120.0,-1.1375,0.75,-0.0065100833331626085,0.00626008012902568,-0.005208066666530087,0.0050080641032205445,-1.1361979833333675,0.7487479839741948,ALIGNED
SCN_005,862,28.7,TRACKING,138.0,360.0,320.0,240.0,-182.0,120.0,-1.1375,0.75,-0.0013020166666324329,0.0012520160258051583,-0.0010416133333059463,0.0010016128206441267,-1.1372395966666735,0.749749596794839,ALIGNED
SCN_005,863,28.7333,TRACKING,137.0,360.0,320.0,240.0,-183.0,120.0,-1.14375,0.75,-0.006510403333326531,0.00025040320516100945,-0.005208322666661225,0.00020032256412880756,-1.1424479193333348,0.7499499193589678,ALIGNED
SCN_005,864,28.7667,TRACKING,137.0,361.0,320.0,240.0,-183.0,121.0,-1.14375,0.75625,-0.0013020806666652618,0.0063000806410321575,-0.0010416645333322094,0.005040064512825727,-1.143489583866667,0.7549899838717935,ALIGNED
SCN_005,865,28.8,TRACKING,137.0,361.0,320.0,240.0,-183.0,121.0,-1.14375,0.75625,-0.00026041613333305236,0.001260016128206476,-0.00020833290666644189,0.0010080129025651808,-1.1436979167733334,0.7559979967743586,ALIGNED
SCN_005,866,28.8333,TRACKING,136.0,361.0,320.0,240.0,-184.0,121.0,-1.15,0.75625,-0.006302083226666477,0.0002520032256413396,-0.005041666581333182,0.0002016025805130717,-1.1487395833546665,0.7561995993548717,ALIGNED
SCN_005,867,28.8667,TRACKING,136.0,361.0,320.0,240.0,-184.0,121.0,-1.15,0.75625,-0.0012604166453333843,5.040064512829012e-05,-0.0010083333162667074,4.03205161026321e-05,-1.1497479166709332,0.7562399198709743,ALIGNED
SCN_005,868,28.9,TRACKING,135.0,362.0,320.0,240.0,-185.0,122.0,-1.15625,0.7625,-0.006502083329066766,0.00626008012902568,-0.005201666663253413,0.0050080641032205445,-1.1549495833341867,0.7612479839741948,ALIGNED
SCN_005,869,28.9333,TRACKING,135.0,362.0,320.0,240.0,-185.0,122.0,-1.15625,0.7625,-0.0013004166658132643,0.0012520160258051583,-0.0010403333326506115,0.0010016128206441267,-1.1559899166668373,0.762249596794839,ALIGNED
SCN_005,870,28.9667,TRACKING,134.0,362.0,320.0,240.0,-186.0,122.0,-1.1625,0.7625,-0.0065100833331628305,0.00025040320516100945,-0.005208066666530265,0.00020032256412880756,-1.1611979833333674,0.7624499193589678,ALIGNED
SCN_005,871,29.0,TRACKING,134.0,363.0,320.0,240.0,-186.0,123.0,-1.1625,0.7687499999999999,-0.001302016666632655,0.0063000806410321575,-0.001041613333306124,0.005040064512825727,-1.1622395966666736,0.7674899838717935,ALIGNED
SCN_005,872,29.0333,TRACKING,133.0,363.0,320.0,240.0,-187.0,123.0,-1.16875,0.7687499999999999,-0.006510403333326309,0.001260016128206476,-0.005208322666661047,0.0010080129025651808,-1.1674479193333347,0.7684979967743586,ALIGNED
SCN_005,873,29.0667,TRACKING,133.0,363.0,320.0,240.0,-187.0,123.0,-1.16875,0.7687499999999999,-0.0013020806666652618,0.0002520032256413396,-0.0010416645333322094,0.0002016025805130717,-1.168489583866667,0.7686995993548716,ALIGNED
SCN_005,874,29.1,TRACKING,133.0,363.0,320.0,240.0,-187.0,123.0,-1.16875,0.7687499999999999,-0.00026041613333305236,5.040064512829012e-05,-0.00020833290666644189,4.03205161026321e-05,-1.1686979167733333,0.7687399198709742,ALIGNED
SCN_005,875,29.1333,TRACKING,132.0,364.0,320.0,240.0,-188.0,124.0,-1.175,0.7750000000000001,-0.006302083226666699,0.006260080129025902,-0.00504166658133336,0.005008064103220722,-1.1737395833546667,0.773747983974195,ALIGNED
SCN_005,876,29.1667,TRACKING,132.0,364.0,320.0,240.0,-188.0,124.0,-1.175,0.7750000000000001,-0.0012604166453333843,0.0012520160258051583,-0.0010083333162667074,0.0010016128206441267,-1.1747479166709334,0.7747495967948391,ALIGNED
SCN_005,877,29.2,TRACKING,131.0,364.0,320.0,240.0,-189.0,124.0,-1.18125,0.7750000000000001,-0.006502083329066544,0.00025040320516100945,-0.005201666663253235,0.00020032256412880756,-1.1799495833341866,0.774949919358968,ALIGNED
SCN_005,878,29.2333,TRACKING,131.0,365.0,320.0,240.0,-189.0,125.0,-1.18125,0.78125,-0.0013004166658132643,0.0063000806410320465,-0.0010403333326506115,0.005040064512825637,-1.1809899166668372,0.7799899838717936,ALIGNED
SCN_005,879,29.2667,TRACKING,130.0,365.0,320.0,240.0,-190.0,125.0,-1.1875,0.78125,-0.0065100833331628305,0.0012600161282063649,-0.005208066666530265,0.0010080129025650919,-1.1861979833333673,0.7809979967743588,ALIGNED
SCN_005,880,29.3,TRACKING,130.0,365.0,320.0,240.0,-190.0,125.0,-1.1875,0.78125,-0.001302016666632655,0.00025200322564122857,-0.001041613333306124,0.00020160258051298287,-1.1872395966666736,0.7811995993548717,ALIGNED
SCN_005,881,29.3333,TRACKING,129.0,366.0,320.0,240.0,-191.0,126.0,-1.19375,0.7875000000000001,-0.006510403333326531,0.006300400645128379,-0.005208322666661225,0.005040320516102703,-1.1924479193333348,0.7862399198709744,ALIGNED
SCN_005,882,29.3667,TRACKING,129.0,366.0,320.0,240.0,-191.0,126.0,-1.19375,0.7875000000000001,-0.0013020806666652618,0.0012600801290256758,-0.0010416645333322094,0.0010080641032205408,-1.193489583866667,0.7872479839741949,ALIGNED
SCN_005,883,29.4,TRACKING,129.0,366.0,320.0,240.0,-191.0,126.0,-1.19375,0.7875000000000001,-0.00026041613333305236,0.00025201602580515736,-0.00020833290666644189,0.0002016128206441259,-1.1936979167733335,0.7874495967948391,ALIGNED
SCN_005,884,29.4333,TRACKING,128.0,366.0,320.0,240.0,-192.0,126.0,-1.2,0.7875000000000001,-0.006302083226666477,5.040320516103147e-05,-0.005041666581333182,4.032256412882518e-05,-1.1987395833546666,0.7874899193589678,ALIGNED
SCN_005,885,29.4667,TRACKING,128.0,367.0,320.0,240.0,-192.0,127.0,-1.2,0.79375,-0.0012604166453333843,0.0062600806410321175,-0.0010083333162667074,0.005008064512825695,-1.1997479166709333,0.7924979838717935,ALIGNED
SCN_005,886,29.5,TRACKING,127.0,367.0,320.0,240.0,-193.0,127.0,-1.20625,0.79375,-0.006502083329066766,0.001252016128206468,-0.005201666663253413,0.0010016129025651743,-1.2049495833341868,0.7934995967743587,ALIGNED
SCN_005,887,29.5333,TRACKING,127.0,367.0,320.0,240.0,-193.0,127.0,-1.20625,0.79375,-0.0013004166658132643,0.0002504032256412936,-0.0010403333326506115,0.00020032258051303487,-1.2059899166668373,0.7936999193548717,ALIGNED
SCN_005,888,29.5667,TRACKING,126.0,368.0,320.0,240.0,-194.0,128.0,-1.2125,0.8,-0.0065100833331626085,0.006300080645128325,-0.005208066666530087,0.005040064516102661,-1.2111979833333675,0.7987399838709743,ALIGNED
SCN_005,889,29.6,TRACKING,126.0,368.0,320.0,240.0,-194.0,128.0,-1.2125,0.8,-0.0013020166666324329,0.0012600161290257095,-0.0010416133333059463,0.0010080129032205675,-1.2122395966666735,0.799747996774195,ALIGNED
SCN_005,890,29.6333,TRACKING,125.0,368.0,320.0,240.0,-195.0,128.0,-1.21875,0.8,-0.006510403333326531,0.0002520032258050975,-0.005208322666661225,0.000201602580644078,-1.2174479193333347,0.799949599354839,ALIGNED
SCN_005,891,29.6667,TRACKING,125.0,368.0,320.0,240.0,-195.0,128.0,-1.21875,0.8,-0.0013020806666652618,5.04006451610417e-05,-0.0010416645333322094,4.0320516128833364e-05,-1.218489583866667,0.7999899198709678,ALIGNED
SCN_005,892,29.7,TRACKING,125.0,369.0,320.0,240.0,-195.0,129.0,-1.21875,0.8062499999999999,-0.00026041613333305236,0.0062600801290321195,-0.00020833290666644189,0.005008064103225696,-1.2186979167733334,0.8049979839741935,ALIGNED
SCN_005,893,29.7333,TRACKING,124.0,369.0,320.0,240.0,-196.0,129.0,-1.225,0.8062499999999999,-0.006302083226666699,0.0012520160258063795,-0.00504166658133336,0.0010016128206451036,-1.2237395833546667,0.8059995967948387,ALIGNED
SCN_005,894,29.7667,TRACKING,124.0,369.0,320.0,240.0,-196.0,129.0,-1.225,0.8062499999999999,-0.0012604166453333843,0.0002504032051612315,-0.0010083333162667074,0.0002003225641289852,-1.2247479166709334,0.8061999193589676,ALIGNED
SCN_005,895,29.8,TRACKING,123.0,370.0,320.0,240.0,-197.0,130.0,-1.23125,0.8125,-0.006502083329066544,0.0063000806410323795,-0.005201666663253235,0.005040064512825904,-1.2299495833341867,0.8112399838717935,ALIGNED
SCN_005,896,29.8333,TRACKING,123.0,370.0,320.0,240.0,-197.0,130.0,-1.23125,0.8125,-0.0013004166658132643,0.001260016128206476,-0.0010403333326506115,0.0010080129025651808,-1.2309899166668372,0.8122479967743587,ALIGNED
SCN_005,897,29.8667,TRACKING,122.0,370.0,320.0,240.0,-198.0,130.0,-1.2375,0.8125,-0.0065100833331628305,0.0002520032256413396,-0.005208066666530265,0.0002016025805130717,-1.2361979833333674,0.8124495993548717,ALIGNED
SCN_005,898,29.9,TRACKING,122.0,370.0,320.0,240.0,-198.0,130.0,-1.2375,0.8125,-0.001302016666632655,5.040064512829012e-05,-0.001041613333306124,4.03205161026321e-05,-1.2372395966666736,0.8124899198709743,ALIGNED
SCN_005,899,29.9333,TRACKING,121.0,371.0,320.0,240.0,-199.0,131.0,-1.24375,0.8187499999999999,-0.006510403333326309,0.006260080129025569,-0.005208322666661047,0.005008064103220456,-1.2424479193333346,0.8174979839741947,ALIGNED
SCN_005,900,29.9667,TRACKING,121.0,371.0,320.0,240.0,-199.0,131.0,-1.24375,0.8187499999999999,-0.0013020806666652618,0.0012520160258051583,-0.0010416645333322094,0.0010016128206441267,-1.2434895838666669,0.8184995967948389,ALIGNED
