scenario_id,frame_id,timestamp,tracking_status,tracked_x,tracked_y,image_center_x,image_center_y,pixel_error_x,pixel_error_y,target_angle_x,target_angle_y,remaining_error_x,remaining_error_y,pan_command,tilt_command,virtual_pan,virtual_tilt,alignment_status
SCN_006,1,0.0,ACQUIRING,420.0,340.0,320.0,240.0,100.0,100.0,0.625,0.625,0.625,0.625,0.16666666666666666,0.16666666666666666,0.16666666666666666,0.16666666666666666,ALIGNING
SCN_006,2,0.0333,ACQUIRING,419.0,340.5,320.0,240.0,99.0,100.5,0.61875,0.628125,0.4520833333333334,0.4614583333333334,0.16666666666666666,0.16666666666666666,0.3333333333333333,0.3333333333333333,ALIGNING
SCN_006,3,0.0667,TRACKING,418.5,340.5,320.0,240.0,98.5,100.5,0.615625,0.628125,0.28229166666666666,0.29479166666666673,0.16666666666666666,0.16666666666666666,0.5,0.5,ALIGNING
SCN_006,4,0.1,TRACKING,417.5,342.5,320.0,240.0,97.5,102.5,0.609375,0.640625,0.109375,0.140625,0.08750000000000001,0.1125,0.5875,0.6125,ALIGNING
SCN_006,5,0.1333,TRACKING,416.0,344.0,320.0,240.0,96.0,104.0,0.6,0.65,0.012499999999999956,0.03749999999999998,0.009999999999999966,0.029999999999999985,0.5975,0.6425000000000001,ALIGNED
SCN_006,6,0.1667,TRACKING,414.5,345.0,320.0,240.0,94.5,105.0,0.590625,0.65625,-0.0068750000000000755,0.013749999999999929,-0.00550000000000006,0.010999999999999944,0.592,0.6535,ALIGNED
SCN_006,7,0.2,TRACKING,414.0,346.0,320.0,240.0,94.0,106.0,0.5875,0.6625,-0.0044999999999999485,0.009000000000000008,-0.003599999999999959,0.007200000000000007,0.5884,0.6607,ALIGNED
SCN_006,8,0.2333,TRACKING,412.0,347.5,320.0,240.0,92.0,107.5,0.575,0.671875,-0.013400000000000079,0.011175000000000046,-0.010720000000000063,0.008940000000000036,0.57768,0.66964,ALIGNED
SCN_006,9,0.2667,TRACKING,411.5,350.0,320.0,240.0,91.5,110.0,0.571875,0.6875,-0.005804999999999949,0.017859999999999987,-0.00464399999999996,0.01428799999999999,0.573036,0.683928,ALIGNED
SCN_006,10,0.3,TRACKING,410.0,349.0,320.0,240.0,90.0,109.0,0.5625,0.68125,-0.01053599999999999,-0.002677999999999958,-0.008428799999999992,-0.0021423999999999666,0.5646072,0.6817856,ALIGNED
SCN_006,11,0.3333,TRACKING,409.0,350.0,320.0,240.0,89.0,110.0,0.55625,0.6875,-0.008357199999999954,0.005714400000000008,-0.006685759999999963,0.004571520000000007,0.55792144,0.68635712,ALIGNED
SCN_006,12,0.3667,TRACKING,407.5,351.0,320.0,240.0,87.5,111.0,0.546875,0.6937500000000001,-0.01104643999999999,0.007392880000000046,-0.008837151999999992,0.005914304000000037,0.549084288,0.6922714240000001,ALIGNED
SCN_006,13,0.4,TRACKING,407.0,352.5,320.0,240.0,87.0,112.5,0.54375,0.703125,-0.00533428800000002,0.01085357599999992,-0.004267430400000017,0.008682860799999937,0.5448168576,0.7009542848,ALIGNED
SCN_006,14,0.4333,TRACKING,405.5,353.0,320.0,240.0,85.5,113.0,0.534375,0.70625,-0.010441857599999937,0.005295715200000051,-0.00835348607999995,0.004236572160000041,0.53646337152,0.7051908569600001,ALIGNED
SCN_006,15,0.4667,TRACKING,404.0,353.0,320.0,240.0,84.0,113.0,0.525,0.70625,-0.011463371519999987,0.001059143039999988,-0.00917069721599999,0.0008473144319999904,0.5272926743040001,0.7060381713920001,ALIGNED
SCN_006,16,0.5,TRACKING,404.5,353.5,320.0,240.0,84.5,113.5,0.528125,0.709375,0.0008323256959998915,0.0033368286079998866,0.0006658605567999132,0.0026694628863999093,0.5279585348608,0.7087076342784,ALIGNED
SCN_006,17,0.5333,TRACKING,402.0,355.0,320.0,240.0,82.0,115.0,0.5125,0.71875,-0.015458534860800066,0.0100423657216,-0.012366827888640054,0.00803389257728,0.51559170697216,0.71674152685568,ALIGNED
SCN_006,18,0.5667,TRACKING,400.5,355.5,320.0,240.0,80.5,115.5,0.503125,0.721875,-0.012466706972159902,0.00513347314432,-0.009973365577727922,0.004106778515456,0.5056183413944321,0.7208483053711361,ALIGNED
SCN_006,19,0.6,TRACKING,399.5,356.0,320.0,240.0,79.5,116.0,0.496875,0.725,-0.008743341394432058,0.004151694628863889,-0.006994673115545647,0.003321355703091111,0.49862366827888643,0.7241696610742272,ALIGNED
SCN_006,20,0.6333,TRACKING,398.0,358.0,320.0,240.0,78.0,118.0,0.4875,0.7374999999999999,-0.011123668278886445,0.013330338925772733,-0.008898934623109157,0.010664271140618187,0.4897247336557773,0.7348339322148454,ALIGNED
SCN_006,21,0.6667,TRACKING,396.5,358.0,320.0,240.0,76.5,118.0,0.478125,0.7374999999999999,-0.011599733655777267,0.0026660677851545467,-0.009279786924621813,0.0021328542281236376,0.48044494673115545,0.736966786442969,ALIGNED
SCN_006,22,0.7,TRACKING,396.0,359.5,320.0,240.0,76.0,119.5,0.475,0.746875,-0.0054449467311554756,0.009908213557030976,-0.00435595738492438,0.007926570845624781,0.47608898934623106,0.7448933572885937,ALIGNED
SCN_006,23,0.7333,TRACKING,395.5,360.0,320.0,240.0,75.5,120.0,0.471875,0.75,-0.004213989346231073,0.005106642711406262,-0.0033711914769848587,0.00408531416912501,0.4727177978692462,0.7489786714577188,ALIGNED
SCN_006,24,0.7667,TRACKING,395.0,361.0,320.0,240.0,75.0,121.0,0.46875,0.75625,-0.003967797869246226,0.007271328542281186,-0.0031742382953969805,0.005817062833824949,0.46954355957384925,0.7547957342915438,ALIGNED
SCN_006,25,0.8,TRACKING,392.0,362.0,320.0,240.0,72.0,122.0,0.45,0.7625,-0.019543559573849234,0.0077042657084561705,-0.01563484765907939,0.006163412566764937,0.45390871191476984,0.7609591468583087,ALIGNED
SCN_006,26,0.8333,TRACKING,391.0,362.0,320.0,240.0,71.0,122.0,0.44375,0.7625,-0.010158711914769858,0.0015408531416912785,-0.008126969531815886,0.001232682513353023,0.4457817423829539,0.7621918293716617,ALIGNED
SCN_006,27,0.8667,TRACKING,390.5,363.5,320.0,240.0,70.5,123.5,0.440625,0.7718749999999999,-0.005156742382953938,0.009683170628338122,-0.004125393906363151,0.007746536502670498,0.4416563484765908,0.7699383658743323,ALIGNED
SCN_006,28,0.9,TRACKING,387.5,363.0,320.0,240.0,67.5,123.0,0.421875,0.7687499999999999,-0.0197813484765908,-0.0011883658743323533,-0.01582507878127264,-0.0009506926994658827,0.42583126969531815,0.7689876731748664,ALIGNED
SCN_006,29,0.9333,TRACKING,387.0,364.0,320.0,240.0,67.0,124.0,0.41875,0.7750000000000001,-0.0070812696953181375,0.006012326825133751,-0.00566501575625451,0.0048098614601070015,0.42016625393906365,0.7737975346349734,ALIGNED
SCN_006,30,0.9667,TRACKING,386.0,367.0,320.0,240.0,66.0,127.0,0.4125,0.79375,-0.007666253939063672,0.019952465365026595,-0.006133003151250938,0.015961972292021277,0.4140332507878127,0.7897595069269946,ALIGNED
SCN_006,31,1.0,TRACKING,384.5,366.0,320.0,240.0,64.5,126.0,0.403125,0.7875000000000001,-0.010908250787812712,-0.0022595069269945034,-0.00872660063025017,-0.0018076055415956029,0.40530665015756256,0.787951901385399,ALIGNED
SCN_006,32,1.0333,TRACKING,383.0,366.0,320.0,240.0,63.0,126.0,0.39375,0.7875000000000001,-0.011556650157562576,-0.00045190138539885627,-0.00924532012605006,-0.00036152110831908505,0.3960613300315125,0.7875903802770798,ALIGNED
SCN_006,33,1.0667,TRACKING,382.0,367.0,320.0,240.0,62.0,127.0,0.3875,0.79375,-0.008561330031512493,0.006159619722920118,-0.006849064025209995,0.0049276957783360945,0.3892122660063025,0.7925180760554159,ALIGNED
SCN_006,34,1.1,TRACKING,381.0,368.0,320.0,240.0,61.0,128.0,0.38125,0.8,-0.00796226600630251,0.007481923944584135,-0.006369812805042008,0.005985539155667308,0.3828424532012605,0.7985036152110833,ALIGNED
SCN_006,35,1.1333,TRACKING,378.0,368.0,320.0,240.0,58.0,128.0,0.3625,0.8,-0.02034245320126049,0.0014963847889167825,-0.016273962561008392,0.0011971078311334262,0.3665684906402521,0.7997007230422167,ALIGNED
SCN_006,36,1.1667,TRACKING,378.0,369.0,320.0,240.0,58.0,129.0,0.3625,0.8062499999999999,-0.004068490640252109,0.006549276957783179,-0.0032547925122016876,0.005239421566226543,0.3633136981280504,0.8049401446084433,ALIGNED
SCN_006,37,1.2,TRACKING,376.5,369.0,320.0,240.0,56.5,129.0,0.353125,0.8062499999999999,-0.0101886981280504,0.0013098553915565914,-0.00815095850244032,0.001047884313245273,0.3551627396256101,0.8059880289216886,ALIGNED
SCN_006,38,1.2333,TRACKING,375.0,369.5,320.0,240.0,55.0,129.5,0.34375,0.809375,-0.011412739625610124,0.0033869710783113183,-0.009130191700488099,0.0027095768626490546,0.346032547925122,0.8086976057843377,ALIGNED
SCN_006,39,1.2667,TRACKING,376.0,372.0,320.0,240.0,56.0,132.0,0.35,0.8250000000000001,0.003967452074877975,0.016302394215662375,0.0031739616599023805,0.0130419153725299,0.34920650958502436,0.8217395211568675,ALIGNED
SCN_006,40,1.3,TRACKING,372.0,371.0,320.0,240.0,52.0,131.0,0.325,0.8187499999999999,-0.02420650958502435,-0.0029895211568676805,-0.019365207668019482,-0.0023916169254941445,0.3298413019170049,0.8193479042313734,ALIGNED
SCN_006,41,1.3333,TRACKING,371.0,372.5,320.0,240.0,51.0,132.5,0.31875,0.828125,-0.011091301917004914,0.00877709576862662,-0.008873041533603932,0.007021676614901296,0.320968260383401,0.8263695808462747,ALIGNED
SCN_006,42,1.3667,TRACKING,369.5,372.0,320.0,240.0,49.5,132.0,0.309375,0.8250000000000001,-0.011593260383400972,-0.0013695808462745873,-0.009274608306720777,-0.0010956646770196698,0.3116936520766802,0.8252739161692549,ALIGNED
SCN_006,43,1.4,TRACKING,368.0,373.0,320.0,240.0,48.0,133.0,0.3,0.83125,-0.011693652076680217,0.005976083830745105,-0.009354921661344174,0.004780867064596084,0.30233873041533604,0.8300547832338511,ALIGNED
SCN_006,44,1.4333,TRACKING,367.0,373.0,320.0,240.0,47.0,133.0,0.29375,0.83125,-0.008588730415336032,0.0011952167661489765,-0.006870984332268826,0.0009561734129191813,0.2954677460830672,0.8310109566467703,ALIGNED
SCN_006,45,1.4667,TRACKING,367.5,374.0,320.0,240.0,47.5,134.0,0.296875,0.8375,0.0014072539169328047,0.006489043353229751,0.0011258031335462438,0.005191234682583801,0.29659354921661346,0.836202191329354,ALIGNED
SCN_006,46,1.5,TRACKING,363.5,374.0,320.0,240.0,43.5,134.0,0.271875,0.8375,-0.024718549216613483,0.0012978086706459946,-0.01977483937329079,0.0010382469365167958,0.2768187098433227,0.8372404382658708,ALIGNED
SCN_006,47,1.5333,TRACKING,362.0,375.0,320.0,240.0,42.0,135.0,0.2625,0.84375,-0.014318709843322674,0.006509561734129199,-0.011454967874658141,0.0052076493873033595,0.2653637419686645,0.8424480876531741,ALIGNED
SCN_006,48,1.5667,TRACKING,361.0,375.0,320.0,240.0,41.0,135.0,0.25625,0.84375,-0.009113741968664546,0.001301912346825862,-0.007290993574931637,0.0010415298774606896,0.2580727483937329,0.8434896175306348,ALIGNED
SCN_006,49,1.6,TRACKING,359.5,375.0,320.0,240.0,39.5,135.0,0.246875,0.84375,-0.011197748393732887,0.0002603824693652168,-0.00895819871498631,0.00020830597549217347,0.24911454967874658,0.8436979235061269,ALIGNED
SCN_006,50,1.6333,TRACKING,360.0,376.0,320.0,240.0,40.0,136.0,0.25,0.85,0.0008854503212534226,0.006302076493873043,0.0007083602570027381,0.005041661195098435,0.24982290993574932,0.8487395847012253,ALIGNED
SCN_006,51,1.6667,TRACKING,357.0,375.5,320.0,240.0,37.0,135.5,0.23125,0.846875,-0.01857290993574931,-0.0018645847012253025,-0.014858327948599448,-0.001491667760980242,0.23496458198714987,0.8472479169402451,ALIGNED
SCN_006,52,1.7,TRACKING,355.5,377.5,320.0,240.0,35.5,137.5,0.221875,0.859375,-0.013089581987149879,0.01212708305975485,-0.010471665589719903,0.009701666447803882,0.22449291639742996,0.856949583388049,ALIGNED
SCN_006,53,1.7333,TRACKING,354.0,377.0,320.0,240.0,34.0,137.0,0.2125,0.85625,-0.01199291639742997,-0.0006995833880490965,-0.009594333117943978,-0.0005596667104392772,0.214898583279486,0.8563899166776098,ALIGNED
SCN_006,54,1.7667,TRACKING,353.0,377.5,320.0,240.0,33.0,137.5,0.20625,0.859375,-0.008648583279486005,0.002985083322390225,-0.006918866623588805,0.0023880666579121804,0.20797971665589718,0.8587779833355219,ALIGNED
SCN_006,55,1.8,TRACKING,352.0,376.0,320.0,240.0,32.0,136.0,0.2,0.85,-0.007979716655897168,-0.008777983335521933,-0.006383773324717734,-0.007022386668417546,0.20159594333117944,0.8517555966671043,ALIGNED
SCN_006,56,1.8333,TRACKING,350.0,378.0,320.0,240.0,30.0,138.0,0.1875,0.8624999999999999,-0.014095943331179445,0.010744403332895613,-0.011276754664943557,0.008595522666316491,0.1903191886662359,0.8603511193334208,ALIGNED
SCN_006,57,1.8667,TRACKING,349.0,379.0,320.0,240.0,29.0,139.0,0.18125,0.8687500000000001,-0.009069188666235906,0.008398880666579345,-0.007255350932988725,0.006719104533263476,0.18306383773324716,0.8670702238666843,ALIGNED
SCN_006,58,1.9,TRACKING,347.0,378.5,320.0,240.0,27.0,138.5,0.16875,0.8656249999999999,-0.014313837733247153,-0.001445223866684442,-0.011451070186597724,-0.0011561790933475537,0.17161276754664945,0.8659140447733368,ALIGNED
SCN_006,59,1.9333,TRACKING,345.0,379.0,320.0,240.0,25.0,139.0,0.15625,0.8687500000000001,-0.015362767546649447,0.002835955226663356,-0.012290214037319558,0.0022687641813306848,0.1593225535093299,0.8681828089546675,ALIGNED
SCN_006,60,1.9667,TRACKING,344.5,380.0,320.0,240.0,24.5,140.0,0.153125,0.875,-0.006197553509329878,0.006817191045332516,-0.004958042807463903,0.005453752836266013,0.154364510701866,0.8736365617909335,ALIGNED
SCN_006,61,2.0,TRACKING,343.0,379.0,320.0,240.0,23.0,139.0,0.14375,0.8687500000000001,-0.010614510701866003,-0.004886561790933386,-0.008491608561492803,-0.003909249432746709,0.14587290214037318,0.8697273123581868,ALIGNED
SCN_006,62,2.0333,TRACKING,341.0,380.0,320.0,240.0,21.0,140.0,0.13125,0.875,-0.014622902140373178,0.005272687641813212,-0.011698321712298544,0.00421815011345057,0.13417458042807465,0.8739454624716374,ALIGNED
SCN_006,63,2.0667,TRACKING,341.0,380.0,320.0,240.0,21.0,140.0,0.13125,0.875,-0.0029245804280746412,0.001054537528362598,-0.002339664342459713,0.0008436300226900784,0.13183491608561493,0.8747890924943275,ALIGNED
SCN_006,64,2.1,TRACKING,339.0,380.0,320.0,240.0,19.0,140.0,0.11875,0.875,-0.013084916085614934,0.0002109075056725418,-0.010467932868491948,0.00016872600453803345,0.12136698321712298,0.8749578184988654,ALIGNED
SCN_006,65,2.1333,TRACKING,337.0,380.0,320.0,240.0,17.0,140.0,0.10625,0.875,-0.015116983217122987,4.218150113455277e-05,-0.01209358657369839,3.374520090764222e-05,0.10927339664342459,0.874991563699773,ALIGNED
SCN_006,66,2.1667,TRACKING,336.0,380.0,320.0,240.0,16.0,140.0,0.1,0.875,-0.00927339664342458,8.436300226954963e-06,-0.007418717314739665,6.749040181563971e-06,0.10185467932868492,0.8749983127399547,ALIGNED
SCN_006,67,2.2,TRACKING,333.5,380.0,320.0,240.0,13.5,140.0,0.084375,0.875,-0.01747967932868491,1.6872600453465836e-06,-0.01398374346294793,1.349808036277267e-06,0.087870935865737,0.8749996625479909,ALIGNED
SCN_006,68,2.2333,TEMPORARILY_LOST,333.5,380.0,320.0,240.0,13.5,140.0,0.084375,0.875,-0.0034959358657369877,3.3745200911372564e-07,-0.0027967486925895902,2.699616072909805e-07,0.08507418717314741,0.8749999325095982,ALIGNED
SCN_006,69,2.2667,REACQUIRED,331.0,381.5,320.0,240.0,11.0,141.5,0.06875,0.884375,-0.016324187173147403,0.009375067490401845,-0.013059349738517924,0.007500053992321476,0.07201483743462948,0.8824999865019196,ALIGNED
SCN_006,70,2.3,TRACKING,330.5,381.0,320.0,240.0,10.5,141.0,0.065625,0.8812500000000001,-0.006389837434629481,-0.0012499865019195422,-0.005111869947703585,-0.0009999892015356338,0.0669029674869259,0.881499997300384,ALIGNED
SCN_006,71,2.3333,TRACKING,327.5,379.5,320.0,240.0,7.5,139.5,0.046875,0.8718750000000001,-0.020027967486925896,-0.009624997300383908,-0.016022373989540716,-0.007699997840307127,0.050880593497385176,0.8737999994600768,ALIGNED
SCN_006,72,2.3667,TRACKING,327.5,380.0,320.0,240.0,7.5,140.0,0.046875,0.875,-0.0040055934973851764,0.001200000539923196,-0.003204474797908141,0.0009600004319385569,0.047676118699477035,0.8747599998920154,ALIGNED
SCN_006,73,2.4,TRACKING,325.0,381.0,320.0,240.0,5.0,141.0,0.03125,0.8812500000000001,-0.016426118699477035,0.006490000107984728,-0.01314089495958163,0.005192000086387783,0.034535223739895406,0.8799519999784031,ALIGNED
SCN_006,74,2.4333,TRACKING,324.5,381.0,320.0,240.0,4.5,141.0,0.028125,0.8812500000000001,-0.006410223739895405,0.0012980000215969678,-0.005128178991916324,0.0010384000172775742,0.02940704474797908,0.8809903999956807,ALIGNED
SCN_006,75,2.4667,TRACKING,322.0,383.0,320.0,240.0,2.0,143.0,0.0125,0.89375,-0.01690704474797908,0.012759600004319305,-0.013525635798383265,0.010207680003455444,0.01588140894959582,0.8911980799991361,ALIGNED
SCN_006,76,2.5,TRACKING,321.0,381.0,320.0,240.0,1.0,141.0,0.00625,0.8812500000000001,-0.009631408949595818,-0.00994807999913605,-0.007705127159676655,-0.007958463999308841,0.008176281789919164,0.8832396159998273,ALIGNED
SCN_006,77,2.5333,TRACKING,320.5,381.0,320.0,240.0,0.5,141.0,0.003125,0.8812500000000001,-0.005051281789919163,-0.0019896159998271656,-0.0040410254319353306,-0.0015916927998617326,0.004135256357983833,0.8816479231999655,ALIGNED
SCN_006,78,2.5667,TRACKING,317.5,381.0,320.0,240.0,-2.5,141.0,-0.015625,0.8812500000000001,-0.019760256357983834,-0.00039792319996545533,-0.015808205086387066,-0.0003183385599723643,-0.011672948728403233,0.8813295846399932,ALIGNED
SCN_006,79,2.6,TRACKING,316.5,381.0,320.0,240.0,-3.5,141.0,-0.021875,0.8812500000000001,-0.010202051271596766,-7.958463999313548e-05,-0.008161641017277413,-6.366771199450838e-05,-0.019834589745680645,0.8812659169279987,ALIGNED
SCN_006,80,2.6333,TRACKING,315.0,380.5,320.0,240.0,-5.0,140.5,-0.03125,0.878125,-0.011415410254319355,-0.0031409169279986715,-0.009132328203455484,-0.0025127335423989375,-0.02896691794913613,0.8787531833855998,ALIGNED
SCN_006,81,2.6667,TRACKING,314.0,381.5,320.0,240.0,-6.0,141.5,-0.0375,0.884375,-0.00853308205086387,0.005621816614400199,-0.006826465640691096,0.00449745329152016,-0.03579338358982723,0.88325063667712,ALIGNED
SCN_006,82,2.7,TRACKING,312.0,379.0,320.0,240.0,-8.0,139.0,-0.05,0.8687500000000001,-0.014206616410172776,-0.014500636677119871,-0.01136529312813822,-0.011600509341695897,-0.04715867671796545,0.8716501273354241,ALIGNED
SCN_006,83,2.7333,TRACKING,311.5,381.0,320.0,240.0,-8.5,141.0,-0.053125,0.8812500000000001,-0.005966323282034551,0.009599872664575959,-0.004773058625627641,0.0076798981316607675,-0.05193173534359309,0.8793300254670849,ALIGNED
SCN_006,84,2.7667,TRACKING,309.0,381.0,320.0,240.0,-11.0,141.0,-0.06875,0.8812500000000001,-0.016818264656406914,0.0019199745329151474,-0.013454611725125533,0.001535979626332118,-0.06538634706871863,0.8808660050934171,ALIGNED
SCN_006,85,2.8,TRACKING,308.5,379.5,320.0,240.0,-11.5,139.5,-0.071875,0.8718750000000001,-0.006488652931281369,-0.008991005093416993,-0.005190922345025096,-0.007192804074733595,-0.07057726941374372,0.8736732010186835,ALIGNED
SCN_006,86,2.8333,TRACKING,305.0,382.0,320.0,240.0,-15.0,142.0,-0.09375,0.8875,-0.023172730586256282,0.013826798981316446,-0.018538184469005025,0.011061439185053158,-0.08911545388274875,0.8847346402037367,ALIGNED
SCN_006,87,2.8667,TRACKING,305.0,380.0,320.0,240.0,-15.0,140.0,-0.09375,0.875,-0.004634546117251254,-0.00973464020373671,-0.003707636893801003,-0.007787712162989369,-0.09282309077654975,0.8769469280407474,ALIGNED
SCN_006,88,2.9,TRACKING,303.0,380.5,320.0,240.0,-17.0,140.5,-0.10625,0.878125,-0.013426909223450245,0.00117807195925268,-0.010741527378760198,0.0009424575674021441,-0.10356461815530996,0.8778893856081496,ALIGNED
SCN_006,89,2.9333,TRACKING,302.0,380.5,320.0,240.0,-18.0,140.5,-0.1125,0.878125,-0.008935381844690046,0.0002356143918504916,-0.007148305475752037,0.0001884915134803933,-0.110712923631062,0.87807787712163,ALIGNED
SCN_006,90,2.9667,TRACKING,301.0,379.0,320.0,240.0,-19.0,139.0,-0.11875,0.8687500000000001,-0.008037076368937995,-0.009327877121629857,-0.006429661095150397,-0.007462301697303886,-0.11714258472621239,0.8706155754243261,ALIGNED
SCN_006,91,3.0,TRACKING,299.0,378.5,320.0,240.0,-21.0,138.5,-0.13125,0.8656249999999999,-0.014107415273787616,-0.004990575424326238,-0.011285932219030093,-0.00399246033946099,-0.1284285169452425,0.8666231150848651,ALIGNED
SCN_006,92,3.0333,TRACKING,299.0,379.0,320.0,240.0,-21.0,139.0,-0.13125,0.8687500000000001,-0.0028214830547575176,0.002126884915135019,-0.002257186443806014,0.0017015079321080152,-0.1306857033890485,0.8683246230169731,ALIGNED
SCN_006,93,3.0667,TRACKING,296.0,379.0,320.0,240.0,-24.0,139.0,-0.15,0.8687500000000001,-0.019314296610951492,0.000425376983027026,-0.015451437288761194,0.0003403015864216208,-0.1461371406778097,0.8686649246033947,ALIGNED
SCN_006,94,3.1,TRACKING,294.5,379.5,320.0,240.0,-25.5,139.5,-0.159375,0.8718750000000001,-0.013237859322190293,0.0032100753966053386,-0.010590287457752236,0.002568060317284271,-0.15672742813556192,0.871232984920679,ALIGNED
SCN_006,95,3.1333,TRACKING,293.5,379.0,320.0,240.0,-26.5,139.0,-0.165625,0.8687500000000001,-0.00889757186443807,-0.002482984920678888,-0.007118057491550456,-0.0019863879365431105,-0.16384548562711237,0.8692465969841359,ALIGNED
SCN_006,96,3.1667,TRACKING,292.0,378.5,320.0,240.0,-28.0,138.5,-0.175,0.8656249999999999,-0.011154514372887614,-0.0036215969841359996,-0.00892361149831009,-0.0028972775873088,-0.17276909712542246,0.866349319396827,ALIGNED
SCN_006,97,3.2,TRACKING,290.0,378.0,320.0,240.0,-30.0,138.0,-0.1875,0.8624999999999999,-0.01473090287457754,-0.003849319396827089,-0.011784722299662032,-0.003079455517461671,-0.1845538194250845,0.8632698638793653,ALIGNED
SCN_006,98,3.2333,TRACKING,289.0,377.0,320.0,240.0,-31.0,137.0,-0.19375,0.85625,-0.009196180574915502,-0.007019863879365373,-0.007356944459932402,-0.005615891103492299,-0.1919107638850169,0.8576539727758731,ALIGNED
SCN_006,99,3.2667,TRACKING,288.0,377.0,320.0,240.0,-32.0,137.0,-0.2,0.85625,-0.008089236114983106,-0.001403972775873119,-0.006471388891986485,-0.0011231782206984954,-0.19838215277700338,0.8565307945551746,ALIGNED
SCN_006,100,3.3,TRACKING,286.0,377.0,320.0,240.0,-34.0,137.0,-0.2125,0.85625,-0.01411784722299661,-0.0002807945551746016,-0.01129427777839729,-0.0002246356441396813,-0.20967643055540067,0.8563061589110349,ALIGNED
SCN_006,101,3.3333,TRACKING,285.0,376.0,320.0,240.0,-35.0,136.0,-0.21875,0.85,-0.009073569444599333,-0.00630615891103492,-0.007258855555679467,-0.005044927128827936,-0.21693528611108012,0.8512612317822069,ALIGNED
SCN_006,102,3.3667,TRACKING,283.0,376.0,320.0,240.0,-37.0,136.0,-0.23125,0.85,-0.014314713888919889,-0.0012612317822069397,-0.011451771111135912,-0.0010089854257655517,-0.22838705722221603,0.8502522463564414,ALIGNED
SCN_006,103,3.4,TRACKING,282.0,375.0,320.0,240.0,-38.0,135.0,-0.2375,0.84375,-0.009112942777783961,-0.006502246356441366,-0.00729035422222717,-0.005201797085153093,-0.2356774114444432,0.8450504492712883,ALIGNED
SCN_006,104,3.4333,TRACKING,282.0,375.0,320.0,240.0,-38.0,135.0,-0.2375,0.84375,-0.0018225885555567811,-0.001300449271288251,-0.001458070844445425,-0.0010403594170306008,-0.23713548228888864,0.8440100898542576,ALIGNED
SCN_006,105,3.4667,TRACKING,279.0,375.0,320.0,240.0,-41.0,135.0,-0.25625,0.84375,-0.019114517711111334,-0.000260089854257628,-0.015291614168889068,-0.0002080718834061024,-0.2524270964577777,0.8438020179708515,ALIGNED
SCN_006,106,3.5,TEMPORARILY_LOST,279.0,375.0,320.0,240.0,-41.0,135.0,-0.25625,0.84375,-0.0038229035422222557,-5.20179708515256e-05,-0.0030583228337778046,-4.161437668122048e-05,-0.25548541929155555,0.8437604035941703,ALIGNED
SCN_006,107,3.5333,REACQUIRED,276.0,374.0,320.0,240.0,-44.0,134.0,-0.275,0.8375,-0.019514580708444473,-0.0062604035941702385,-0.015611664566755579,-0.0050083228753361915,-0.2710970838583111,0.8387520807188341,ALIGNED
SCN_006,108,3.5667,TRACKING,274.5,372.5,320.0,240.0,-45.5,132.5,-0.284375,0.828125,-0.013277916141688884,-0.010627080718834114,-0.010622332913351108,-0.008501664575067291,-0.28171941677166223,0.8302504161437668,ALIGNED
SCN_006,109,3.6,TRACKING,274.0,373.0,320.0,240.0,-46.0,133.0,-0.2875,0.83125,-0.005780583228337743,0.0009995838562332215,-0.004624466582670195,0.0007996670849865772,-0.2863438833543324,0.8310500832287534,ALIGNED
SCN_006,110,3.6333,TRACKING,272.0,372.0,320.0,240.0,-48.0,132.0,-0.3,0.8250000000000001,-0.013656116645667571,-0.0060500832287533335,-0.010924893316534057,-0.0048400665830026675,-0.2972687766708665,0.8262100166457508,ALIGNED
SCN_006,111,3.6667,TRACKING,271.0,372.0,320.0,240.0,-49.0,132.0,-0.30625,0.8250000000000001,-0.008981223329133536,-0.001210016645750711,-0.0071849786633068295,-0.0009680133166005689,-0.3044537553341733,0.8252420033291502,ALIGNED
SCN_006,112,3.7,TRACKING,269.0,371.5,320.0,240.0,-51.0,131.5,-0.31875,0.8218750000000001,-0.014296244665826685,-0.0033670033291500756,-0.011436995732661348,-0.0026936026633200606,-0.3158907510668346,0.8225484006658301,ALIGNED
SCN_006,113,3.7333,TRACKING,267.5,371.5,320.0,240.0,-52.5,131.5,-0.328125,0.8218750000000001,-0.012234248933165381,-0.0006734006658299929,-0.009787399146532306,-0.0005387205326639943,-0.32567815021336693,0.8220096801331661,ALIGNED
SCN_006,114,3.7667,TRACKING,266.5,370.0,320.0,240.0,-53.5,130.0,-0.334375,0.8125,-0.008696849786633043,-0.00950968013316611,-0.006957479829306435,-0.007607744106532888,-0.3326356300426734,0.8144019360266332,ALIGNED
SCN_006,115,3.8,TRACKING,265.5,369.5,320.0,240.0,-54.5,129.5,-0.340625,0.809375,-0.00798936995732663,-0.0050269360266332885,-0.006391495965861305,-0.004021548821306631,-0.3390271260085347,0.8103803872053266,ALIGNED
SCN_006,116,3.8333,TRACKING,264.0,368.5,320.0,240.0,-56.0,128.5,-0.35,0.803125,-0.010972873991465293,-0.007255387205326591,-0.008778299193172235,-0.005804309764261273,-0.34780542520170693,0.8045760774410653,ALIGNED
SCN_006,117,3.8667,TRACKING,263.5,367.5,320.0,240.0,-56.5,127.5,-0.353125,0.796875,-0.005319574798293092,-0.007701077441065296,-0.004255659838634474,-0.006160861952852237,-0.3520610850403414,0.798415215488213,ALIGNED
SCN_006,118,3.9,TRACKING,261.0,368.5,320.0,240.0,-59.0,128.5,-0.36875,0.803125,-0.01668891495965863,0.004709784511786941,-0.013351131967726904,0.003767827609429553,-0.3654122170080683,0.8021830430976425,ALIGNED
SCN_006,119,3.9333,TRACKING,260.0,367.0,320.0,240.0,-60.0,127.0,-0.375,0.79375,-0.009587782991931693,-0.00843304309764259,-0.007670226393545355,-0.006746434478114072,-0.3730824434016137,0.7954366086195285,ALIGNED
SCN_006,120,3.9667,TRACKING,259.0,366.0,320.0,240.0,-61.0,126.0,-0.38125,0.7875000000000001,-0.008167556598386305,-0.007936608619528385,-0.006534045278709044,-0.006349286895622708,-0.3796164886803227,0.7890873217239057,ALIGNED
SCN_006,121,4.0,TRACKING,257.0,366.0,320.0,240.0,-63.0,126.0,-0.39375,0.7875000000000001,-0.014133511319677272,-0.0015873217239056325,-0.011306809055741818,-0.0012698573791245062,-0.39092329773606455,0.7878174643447812,ALIGNED
SCN_006,122,4.0333,TRACKING,256.0,365.0,320.0,240.0,-64.0,125.0,-0.4,0.78125,-0.009076702263935477,-0.006567464344781171,-0.007261361811148382,-0.005253971475824937,-0.39818465954721294,0.7825634928689562,ALIGNED
SCN_006,123,4.0667,TRACKING,255.0,364.0,320.0,240.0,-65.0,124.0,-0.40625,0.7750000000000001,-0.008065340452787062,-0.007563492868956079,-0.00645227236222965,-0.006050794295164863,-0.4046369319094426,0.7765126985737913,ALIGNED
SCN_006,124,4.1,TRACKING,254.5,363.5,320.0,240.0,-65.5,123.5,-0.409375,0.7718749999999999,-0.004738068090557379,-0.004637698573791482,-0.0037904544724459035,-0.003710158859033186,-0.4084273863818885,0.7728025397147582,ALIGNED
SCN_006,125,4.1333,TRACKING,249.0,362.0,320.0,240.0,-71.0,122.0,-0.44375,0.7625,-0.035322613618111454,-0.010302539714758252,-0.028258090894489163,-0.008242031771806602,-0.4366854772763777,0.7645605079429516,ALIGNED
SCN_006,126,4.1667,TRACKING,251.0,362.5,320.0,240.0,-69.0,122.5,-0.43125,0.765625,0.005435477276377665,0.001064492057048394,0.004348381821102132,0.0008515936456387152,-0.43233709545527554,0.7654121015885903,ALIGNED
SCN_006,127,4.2,TRACKING,250.0,362.0,320.0,240.0,-70.0,122.0,-0.4375,0.7625,-0.005162904544724456,-0.0029121015885903434,-0.004130323635779565,-0.002329681270872275,-0.43646741909105513,0.763082420317718,ALIGNED
SCN_006,128,4.2333,TRACKING,248.0,361.0,320.0,240.0,-72.0,121.0,-0.45,0.75625,-0.01353258090894488,-0.006832420317718024,-0.010826064727155905,-0.00546593625417442,-0.44729348381821105,0.7576164840635435,ALIGNED
SCN_006,129,4.2667,TRACKING,246.5,359.5,320.0,240.0,-73.5,119.5,-0.459375,0.746875,-0.012081516181788932,-0.010741484063543583,-0.009665212945431146,-0.008593187250834867,-0.4569586967636422,0.7490232968127086,ALIGNED
SCN_006,130,4.3,TRACKING,246.0,359.0,320.0,240.0,-74.0,119.0,-0.4625,0.74375,-0.00554130323635782,-0.0052732968127086055,-0.004433042589086256,-0.004218637450166885,-0.4613917393527285,0.7448046593625417,ALIGNED
SCN_006,131,4.3333,TRACKING,245.0,358.0,320.0,240.0,-75.0,118.0,-0.46875,0.7374999999999999,-0.0073582606472715195,-0.0073046593625417655,-0.005886608517817216,-0.005843727490033413,-0.4672783478705457,0.7389609318725083,ALIGNED
SCN_006,132,4.3667,TRACKING,244.5,358.0,320.0,240.0,-75.5,118.0,-0.471875,0.7374999999999999,-0.004596652129454315,-0.0014609318725083975,-0.003677321703563452,-0.001168745498006718,-0.4709556695741091,0.7377921863745016,ALIGNED
SCN_006,133,4.4,TRACKING,242.0,357.0,320.0,240.0,-78.0,117.0,-0.4875,0.73125,-0.016544330425890874,-0.006542186374501657,-0.0132354643407127,-0.0052337490996013265,-0.4841911339148218,0.7325584372749003,ALIGNED
SCN_006,134,4.4333,TRACKING,241.0,356.0,320.0,240.0,-79.0,116.0,-0.49375,0.725,-0.009558866085178197,-0.007558437274900354,-0.007647092868142558,-0.006046749819920283,-0.4918382267829644,0.7265116874549801,ALIGNED
SCN_006,135,4.4667,TRACKING,241.0,355.5,320.0,240.0,-79.0,115.5,-0.49375,0.721875,-0.0019117732170356172,-0.004636687454980026,-0.001529418573628494,-0.0037093499639840213,-0.4933676453565929,0.7228023374909961,ALIGNED
SCN_006,136,4.5,TRACKING,238.5,353.5,320.0,240.0,-81.5,113.5,-0.509375,0.709375,-0.016007354643407135,-0.013427337490996116,-0.012805883714725708,-0.010741869992796894,-0.5061735290713186,0.7120604674981992,ALIGNED
SCN_006,137,4.5333,TRACKING,237.5,353.0,320.0,240.0,-82.5,113.0,-0.515625,0.70625,-0.009451470928681371,-0.0058104674981991344,-0.007561176742945097,-0.004648373998559308,-0.5137347058142637,0.7074120934996398,ALIGNED
SCN_006,138,4.5667,TRACKING,235.5,353.0,320.0,240.0,-84.5,113.0,-0.528125,0.70625,-0.01439029418573623,-0.0011620934996398047,-0.011512235348588985,-0.0009296747997118437,-0.5252469411628528,0.706482418699928,ALIGNED
SCN_006,139,4.6,TEMPORARILY_LOST,235.5,353.0,320.0,240.0,-84.5,113.0,-0.528125,0.70625,-0.0028780588371472016,-0.00023241869992796094,-0.0023024470697177615,-0.00018593495994236877,-0.5275493882325705,0.7062964837399857,ALIGNED
SCN_006,140,4.6333,REACQUIRED,233.5,350.5,320.0,240.0,-86.5,110.5,-0.540625,0.6906249999999999,-0.013075611767429551,-0.015671483739985725,-0.010460489413943641,-0.01253718699198858,-0.5380098776465141,0.6937592967479971,ALIGNED
SCN_006,141,4.6667,TRACKING,233.0,350.0,320.0,240.0,-87.0,110.0,-0.54375,0.6875,-0.005740122353485866,-0.0062592967479970785,-0.004592097882788693,-0.005007437398397663,-0.5426019755293028,0.6887518593495994,ALIGNED
SCN_006,142,4.7,TRACKING,232.0,349.0,320.0,240.0,-88.0,109.0,-0.55,0.68125,-0.007398024470697262,-0.007501859349599349,-0.00591841957655781,-0.00600148747967948,-0.5485203951058606,0.6827503718699199,ALIGNED
SCN_006,143,4.7333,TRACKING,232.0,348.5,320.0,240.0,-88.0,108.5,-0.55,0.678125,-0.0014796048941394524,-0.004625371869919959,-0.001183683915311562,-0.003700297495935967,-0.5497040790211721,0.679050074373984,ALIGNED
SCN_006,144,4.7667,TRACKING,229.0,346.0,320.0,240.0,-91.0,106.0,-0.56875,0.6625,-0.019045920978827846,-0.016550074373984036,-0.015236736783062277,-0.01324005949918723,-0.5649408158042344,0.6658100148747967,ALIGNED
SCN_006,145,4.8,TRACKING,228.0,346.0,320.0,240.0,-92.0,106.0,-0.575,0.6625,-0.01005918419576557,-0.003310014874796763,-0.008047347356612456,-0.0026480118998374103,-0.5729881631608469,0.6631620029749593,ALIGNED
SCN_006,146,4.8333,TRACKING,227.5,345.0,320.0,240.0,-92.5,105.0,-0.578125,0.65625,-0.005136836839153114,-0.006912002974959308,-0.004109469471322492,-0.005529602379967447,-0.5770976326321694,0.6576324005949918,ALIGNED
SCN_006,147,4.8667,TRACKING,226.0,343.5,320.0,240.0,-94.0,103.5,-0.5875,0.6468750000000001,-0.010402367367830623,-0.01075740059499175,-0.008321893894264498,-0.0086059204759934,-0.5854195265264339,0.6490264801189984,ALIGNED
SCN_006,148,4.9,TRACKING,225.5,343.0,320.0,240.0,-94.5,103.0,-0.590625,0.6437499999999999,-0.005205473473566036,-0.0052764801189985056,-0.004164378778852828,-0.004221184095198805,-0.5895839053052867,0.6448052960237997,ALIGNED
SCN_006,149,4.9333,TRACKING,225.0,340.0,320.0,240.0,-95.0,100.0,-0.59375,0.625,-0.004166094694713296,-0.019805296023799657,-0.003332875755770637,-0.015844236819039726,-0.5929167810610574,0.62896105920476,ALIGNED
SCN_006,150,4.9667,TRACKING,222.5,342.0,320.0,240.0,-97.5,102.0,-0.609375,0.6375,-0.016458218938942615,0.00853894079523998,-0.013166575151154093,0.006831152636191985,-0.6060833562122114,0.6357922118409519,ALIGNED
SCN_006,151,5.0,TRACKING,221.5,340.0,320.0,240.0,-98.5,100.0,-0.615625,0.625,-0.009541643787788545,-0.010792211840951915,-0.007633315030230837,-0.008633769472761533,-0.6137166712424422,0.6271584423681904,ALIGNED
SCN_006,152,5.0333,TRACKING,221.0,339.0,320.0,240.0,-99.0,99.0,-0.61875,0.6187499999999999,-0.005033328757557798,-0.008408442368190494,-0.004026663006046239,-0.006726753894552396,-0.6177433342484885,0.620431688473638,ALIGNED
SCN_006,153,5.0667,TRACKING,220.5,338.0,320.0,240.0,-99.5,98.0,-0.621875,0.6125,-0.004131665751511471,-0.00793168847363801,-0.003305332601209177,-0.006345350778910408,-0.6210486668496976,0.6140863376947276,ALIGNED
SCN_006,154,5.1,TRACKING,219.5,336.5,320.0,240.0,-100.5,96.5,-0.628125,0.603125,-0.007076333150302427,-0.010961337694727624,-0.005661066520241943,-0.0087690701557821,-0.6267097333699395,0.6053172675389455,ALIGNED
SCN_006,155,5.1333,TRACKING,218.0,336.5,320.0,240.0,-102.0,96.5,-0.6375,0.603125,-0.010790266630060441,-0.002192267538945525,-0.008632213304048354,-0.00175381403115642,-0.6353419466739879,0.6035634535077892,ALIGNED
SCN_006,156,5.1667,TRACKING,218.0,335.0,320.0,240.0,-102.0,95.0,-0.6375,0.59375,-0.002158053326012044,-0.009813453507789172,-0.0017264426608096352,-0.007850762806231338,-0.6370683893347976,0.5957126907015579,ALIGNED
SCN_006,157,5.2,TRACKING,26.5,180.0,320.0,240.0,-293.5,-60.0,-1.834375,-0.375,-1.1973066106652026,-0.9707126907015579,-0.16666666666666666,-0.16666666666666666,-0.8037350560014642,0.4290460240348912,ALIGNING
SCN_006,158,5.2333,TRACKING,217.0,332.0,320.0,240.0,-103.0,92.0,-0.64375,0.5750000000000001,0.15998505600146418,0.14595397596510884,0.12798804480117135,0.11676318077208708,-0.6757470112002929,0.5458092048069783,ALIGNING
SCN_006,159,5.2667,TRACKING,214.0,332.0,320.0,240.0,-106.0,92.0,-0.6625,0.5750000000000001,0.013247011200292924,0.029190795193021812,0.01059760896023434,0.02335263615441745,-0.6651494022400586,0.5691618409613957,ALIGNED
SCN_006,160,5.3,TRACKING,213.0,330.5,320.0,240.0,-107.0,90.5,-0.66875,0.565625,-0.0036005977599413708,-0.0035368409613956153,-0.0028804782079530967,-0.0028294727691164923,-0.6680298804480117,0.5663323681922792,ALIGNED
SCN_006,161,5.3333,TRACKING,212.0,329.0,320.0,240.0,-108.0,89.0,-0.675,0.55625,-0.006970119551988341,-0.010082368192279145,-0.005576095641590673,-0.008065894553823316,-0.6736059760896024,0.5582664736384558,ALIGNED
SCN_006,162,5.3667,TRACKING,211.0,328.0,320.0,240.0,-109.0,88.0,-0.68125,0.5499999999999999,-0.007644023910397646,-0.008266473638455896,-0.006115219128318117,-0.006613178910764717,-0.6797211952179205,0.5516532947276911,ALIGNED
SCN_006,163,5.4,TRACKING,210.0,327.5,320.0,240.0,-110.0,87.5,-0.6875,0.546875,-0.007778804782079485,-0.00477829472769109,-0.006223043825663588,-0.0038226357821528724,-0.6859442390435841,0.5478306589455382,ALIGNED
SCN_006,164,5.4333,TRACKING,208.5,324.5,320.0,240.0,-111.5,84.5,-0.696875,0.5281250000000001,-0.010930760956415875,-0.019705658945538107,-0.0087446087651327,-0.015764527156430487,-0.6946888478087169,0.5320661317891077,ALIGNED
SCN_006,165,5.4667,TRACKING,209.0,323.5,320.0,240.0,-111.0,83.5,-0.69375,0.521875,0.0009388478087168917,-0.010191131789107688,0.0007510782469735133,-0.008152905431286151,-0.6939377695617434,0.5239132263578216,ALIGNED
SCN_006,166,5.5,TRACKING,208.0,323.0,320.0,240.0,-112.0,83.0,-0.7,0.51875,-0.0060622304382565995,-0.005163226357821515,-0.00484978435060528,-0.004130581086257213,-0.6987875539123486,0.5197826452715644,ALIGNED
SCN_006,167,5.5333,TRACKING,207.0,322.0,320.0,240.0,-113.0,82.0,-0.70625,0.5125,-0.007462446087651453,-0.007282645271564414,-0.005969956870121163,-0.005826116217251532,-0.7047575107824697,0.5139565290543129,ALIGNED
SCN_006,168,5.5667,TRACKING,206.5,320.5,320.0,240.0,-113.5,80.5,-0.709375,0.5031249999999999,-0.004617489217530246,-0.01083152905431295,-0.0036939913740241972,-0.00866522324345036,-0.7084515021564939,0.5052913058108626,ALIGNED
SCN_006,169,5.6,TRACKING,206.0,319.0,320.0,240.0,-114.0,79.0,-0.7125,0.49375,-0.004048497843506138,-0.011541305810862545,-0.003238798274804911,-0.009233044648690037,-0.7116903004312988,0.49605826116217255,ALIGNED
SCN_006,170,5.6333,TRACKING,206.5,318.0,320.0,240.0,-113.5,78.0,-0.709375,0.48750000000000004,0.0023153004312987946,-0.008558261162172509,0.0018522403450390358,-0.006846608929738008,-0.7098380600862597,0.48921165223243457,ALIGNED
SCN_006,171,5.6667,TRACKING,204.0,317.0,320.0,240.0,-116.0,77.0,-0.725,0.48125000000000007,-0.015161939913740263,-0.007961652232434502,-0.012129551930992211,-0.006369321785947602,-0.7219676120172519,0.48284233044648694,ALIGNED
SCN_006,172,5.7,TRACKING,203.5,316.5,320.0,240.0,-116.5,76.5,-0.728125,0.47812499999999997,-0.006157387982748119,-0.004717330446486978,-0.004925910386198495,-0.0037738643571895826,-0.7268935224034504,0.4790684660892974,ALIGNED
SCN_006,173,5.7333,TRACKING,201.5,315.0,320.0,240.0,-118.5,75.0,-0.740625,0.46875,-0.01373147759654958,-0.010318466089297373,-0.010985182077239664,-0.0082547728714379,-0.73787870448069,0.4708136932178595,ALIGNED
SCN_006,174,5.7667,TRACKING,201.0,314.0,320.0,240.0,-119.0,74.0,-0.74375,0.4625,-0.0058712955193099825,-0.008313693217859464,-0.004697036415447987,-0.006650954574287571,-0.742575740896138,0.46416273864357194,ALIGNED
SCN_006,175,5.8,TRACKING,201.0,312.0,320.0,240.0,-119.0,72.0,-0.74375,0.44999999999999996,-0.001174259103862041,-0.014162738643571982,-0.0009394072830896327,-0.011330190914857586,-0.7435151481792276,0.45283254772871434,ALIGNED
SCN_006,176,5.8333,TRACKING,199.5,311.5,320.0,240.0,-120.5,71.5,-0.753125,0.446875,-0.009609851820772453,-0.005957547728714319,-0.007687881456617963,-0.004766038182971455,-0.7512030296358455,0.4480665095457429,ALIGNED
SCN_006,177,5.8667,TRACKING,199.0,310.0,320.0,240.0,-121.0,70.0,-0.75625,0.4375,-0.005046970364154468,-0.010566509545742897,-0.004037576291323575,-0.008453207636594318,-0.7552406059271691,0.4396133019091486,ALIGNED
SCN_006,178,5.9,TRACKING,198.0,308.0,320.0,240.0,-122.0,68.0,-0.7625,0.425,-0.007259394072830827,-0.014613301909148613,-0.005807515258264662,-0.011690641527318892,-0.7610481211854337,0.4279226603818297,ALIGNED
SCN_006,179,5.9333,TRACKING,200.5,307.0,320.0,240.0,-119.5,67.0,-0.746875,0.41875,0.01417312118543379,-0.009172660381829678,0.011338496948347033,-0.007338128305463743,-0.7497096242370868,0.4205845320763659,ALIGNED
SCN_006,180,5.9667,TRACKING,196.5,306.5,320.0,240.0,-123.5,66.5,-0.771875,0.415625,-0.02216537576291322,-0.004959532076365902,-0.017732300610330577,-0.003967625661092722,-0.7674419248474174,0.4166169064152732,ALIGNED
SCN_006,181,6.0,TRACKING,197.5,305.0,320.0,240.0,-122.5,65.0,-0.765625,0.40625,0.001816924847417356,-0.010366906415273214,0.0014535398779338849,-0.00829352513221857,-0.7659883849694835,0.4083233812830546,ALIGNED
SCN_006,182,6.0333,TRACKING,196.0,303.0,320.0,240.0,-124.0,63.0,-0.775,0.39375000000000004,-0.009011615030516507,-0.014573381283054576,-0.007209292024413206,-0.011658705026443662,-0.7731976769938967,0.39666467625661095,ALIGNED
SCN_006,183,6.0667,TRACKING,195.0,302.0,320.0,240.0,-125.0,62.0,-0.78125,0.38750000000000007,-0.008052323006103257,-0.009164676256610882,-0.006441858404882606,-0.007331741005288706,-0.7796395353987794,0.38933293525132223,ALIGNED
SCN_006,184,6.1,TRACKING,194.0,301.0,320.0,240.0,-126.0,61.0,-0.7875,0.38125,-0.007860464601220585,-0.008082935251322254,-0.006288371680976468,-0.0064663482010578035,-0.7859279070797559,0.38286658705026444,ALIGNED
SCN_006,185,6.1333,TRACKING,195.5,301.0,320.0,240.0,-124.5,61.0,-0.778125,0.38125,0.00780290707975595,-0.001616587050264462,0.00624232566380476,-0.0012932696402115696,-0.7796855814159511,0.38157331741005285,ALIGNED
SCN_006,186,6.1667,TRACKING,193.0,298.0,320.0,240.0,-127.0,58.0,-0.79375,0.3625,-0.014064418584048832,-0.01907331741005286,-0.011251534867239066,-0.015258653928042288,-0.7909371162831902,0.3663146634820106,ALIGNED
SCN_006,187,6.2,TRACKING,193.0,296.5,320.0,240.0,-127.0,56.5,-0.79375,0.353125,-0.0028128837168097665,-0.01318966348201056,-0.0022503069734478133,-0.010551730785608449,-0.793187423256638,0.35576293269640213,ALIGNED
SCN_006,188,6.2333,TRACKING,193.0,295.0,320.0,240.0,-127.0,55.0,-0.79375,0.34375,-0.0005625767433619089,-0.012012932696402134,-0.00045006139468952713,-0.009610346157121709,-0.7936374846513276,0.34615258653928044,ALIGNED
SCN_006,189,6.2667,TRACKING,191.0,294.0,320.0,240.0,-129.0,54.0,-0.80625,0.3375,-0.01261251534867247,-0.008652586539280416,-0.010090012278937978,-0.006922069231424333,-0.8037274969302656,0.3392305173078561,ALIGNED
SCN_006,190,6.3,TRACKING,191.0,293.5,320.0,240.0,-129.0,53.5,-0.80625,0.33437500000000003,-0.0025225030697344497,-0.00485551730785605,-0.0020180024557875597,-0.00388441384628484,-0.8057454993860531,0.33534610346157123,ALIGNED
SCN_006,191,6.3333,TRACKING,190.0,291.0,320.0,240.0,-130.0,51.0,-0.8125,0.31875,-0.00675450061394689,-0.016596103461571254,-0.005403600491157512,-0.013276882769257004,-0.8111490998772106,0.32206922069231425,ALIGNED
SCN_006,192,6.3667,TRACKING,189.0,291.0,320.0,240.0,-131.0,51.0,-0.81875,0.31875,-0.007600900122789356,-0.003319220692314273,-0.006080720098231485,-0.002655376553851419,-0.8172298199754421,0.31941384413846285,ALIGNED
SCN_006,193,6.4,TRACKING,187.0,287.0,320.0,240.0,-133.0,47.0,-0.83125,0.29375,-0.01402018002455796,-0.025663844138462844,-0.011216144019646369,-0.020531075310770277,-0.8284459639950884,0.2988827688276926,ALIGNED
SCN_006,194,6.4333,TRACKING,188.5,286.5,320.0,240.0,-131.5,46.5,-0.821875,0.290625,0.006570963995088386,-0.00825776882769258,0.005256771196070709,-0.006606215062154064,-0.8231891927990177,0.2922765537655385,ALIGNED
SCN_006,195,6.4667,TRACKING,188.0,285.5,320.0,240.0,-132.0,45.5,-0.825,0.284375,-0.0018108072009822562,-0.007901553765538527,-0.0014486457607858052,-0.006321243012430822,-0.8246378385598035,0.2859553107531077,ALIGNED
SCN_006,196,6.5,TRACKING,188.0,284.0,320.0,240.0,-132.0,44.0,-0.825,0.27499999999999997,-0.00036216144019640684,-0.010955310753107739,-0.00028972915215712546,-0.008764248602486192,-0.8249275677119606,0.2771910621506215,ALIGNED
SCN_006,197,6.5333,TRACKING,187.0,283.5,320.0,240.0,-133.0,43.5,-0.83125,0.271875,-0.006322432288039415,-0.0053160621506215255,-0.005057945830431532,-0.00425284972049722,-0.8299855135423921,0.2729382124301243,ALIGNED
SCN_006,198,6.5667,TRACKING,187.0,281.0,320.0,240.0,-133.0,41.0,-0.83125,0.25625,-0.0012644864576079051,-0.016688212430124305,-0.0010115891660863242,-0.013350569944099444,-0.8309971027084785,0.25958764248602484,ALIGNED
SCN_006,199,6.6,TRACKING,186.5,280.0,320.0,240.0,-133.5,40.0,-0.834375,0.25,-0.003377897291521492,-0.009587642486024839,-0.002702317833217194,-0.007670113988819872,-0.8336994205416957,0.25191752849720495,ALIGNED
SCN_006,200,6.6333,TRACKING,186.0,279.0,320.0,240.0,-134.0,39.0,-0.8375,0.24375000000000002,-0.003800579458304365,-0.008167528497204923,-0.0030404635666434923,-0.006534022797763939,-0.8367398841083391,0.245383505699441,ALIGNED
SCN_006,201,6.6667,TRACKING,186.5,277.0,320.0,240.0,-133.5,37.0,-0.834375,0.23125,0.002364884108339127,-0.014133505699440996,0.0018919072866713017,-0.011306804559552797,-0.8348479768216678,0.2340767011398882,ALIGNED
SCN_006,202,6.7,TRACKING,185.0,275.5,320.0,240.0,-135.0,35.5,-0.84375,0.221875,-0.008902023178332219,-0.012201701139888221,-0.007121618542665776,-0.009761360911910578,-0.8419695953643336,0.22431534022797764,ALIGNED
SCN_006,203,6.7333,TRACKING,185.0,274.0,320.0,240.0,-135.0,34.0,-0.84375,0.2125,-0.0017804046356664216,-0.011815340227977644,-0.0014243237085331375,-0.009452272182382116,-0.8433939190728668,0.21486306804559552,ALIGNED
SCN_006,204,6.7667,TRACKING,185.0,273.0,320.0,240.0,-135.0,33.0,-0.84375,0.20625000000000002,-0.0003560809271332399,-0.008613068045595501,-0.00028486474170659194,-0.006890454436476401,-0.8436787838145734,0.20797261360911912,ALIGNED
SCN_006,205,6.8,TRACKING,184.0,270.5,320.0,240.0,-136.0,30.5,-0.85,0.190625,-0.006321216185426581,-0.017347613609119128,-0.005056972948341266,-0.013878090887295302,-0.8487357567629147,0.19409452272182381,ALIGNED
SCN_006,206,6.8333,TRACKING,184.5,270.0,320.0,240.0,-135.5,30.0,-0.846875,0.1875,0.0018607567629146393,-0.0065945227218238145,0.0014886054103317116,-0.005275618177459052,-0.847247151352583,0.18881890454436476,ALIGNED
SCN_006,207,6.8667,TRACKING,184.0,269.0,320.0,240.0,-136.0,29.0,-0.85,0.18125,-0.0027528486474169833,-0.007568904544364763,-0.0022022789179335866,-0.006055123635491811,-0.8494494302705166,0.18276378090887294,ALIGNED
SCN_006,208,6.9,TRACKING,182.5,267.0,320.0,240.0,-137.5,27.0,-0.859375,0.16875,-0.009925569729483441,-0.014013780908872925,-0.007940455783586754,-0.01121102472709834,-0.8573898860541033,0.1715527561817746,ALIGNED
SCN_006,209,6.9333,TRACKING,183.5,266.0,320.0,240.0,-136.5,26.0,-0.853125,0.1625,0.004264886054103245,-0.00905275618177459,0.0034119088432825965,-0.007242204945419673,-0.8539779772108207,0.16431055123635493,ALIGNED
SCN_006,210,6.9667,TRACKING,183.5,263.5,320.0,240.0,-136.5,23.5,-0.853125,0.146875,0.0008529772108206712,-0.01743555123635493,0.000682381768656537,-0.013948440989083944,-0.8532955954421642,0.150362110247271,ALIGNED
SCN_006,211,7.0,TRACKING,183.0,263.0,320.0,240.0,-137.0,23.0,-0.85625,0.14375000000000002,-0.002954404557835799,-0.006612110247270986,-0.0023635236462686395,-0.005289688197816789,-0.8556591190884328,0.14507242204945422,ALIGNED
SCN_006,212,7.0333,TRACKING,183.5,261.0,320.0,240.0,-136.5,21.0,-0.853125,0.13124999999999998,0.002534119088432818,-0.013822422049454247,0.0020272952707462545,-0.011057937639563399,-0.8536318238176865,0.13401448440989083,ALIGNED
SCN_006,213,7.0667,TRACKING,182.5,261.0,320.0,240.0,-137.5,21.0,-0.859375,0.13124999999999998,-0.005743176182313459,-0.002764484409890855,-0.004594540945850767,-0.002211587527912684,-0.8582263647635373,0.13180289688197816,ALIGNED
SCN_006,214,7.1,TRACKING,182.0,258.5,320.0,240.0,-138.0,18.5,-0.8625,0.115625,-0.004273635236462736,-0.016177896881978154,-0.003418908189170189,-0.012942317505582524,-0.8616452729527075,0.11886057937639563,ALIGNED
SCN_006,215,7.1333,TRACKING,182.5,257.0,320.0,240.0,-137.5,17.0,-0.859375,0.10625,0.0022702729527075416,-0.012610579376395634,0.0018162183621660334,-0.010088463501116508,-0.8598290545905415,0.10877211587527913,ALIGNED
SCN_006,216,7.1667,TRACKING,181.0,257.5,320.0,240.0,-139.0,17.5,-0.86875,0.109375,-0.008920945409458536,0.0006028841247208705,-0.007136756327566829,0.00048230729977669643,-0.8669658109181083,0.10925442317505582,ALIGNED
SCN_006,217,7.2,TRACKING,182.0,253.5,320.0,240.0,-138.0,13.5,-0.8625,0.084375,0.004465810918108271,-0.024879423175055815,0.003572648734486617,-0.019903538540044653,-0.8633931621836217,0.08935088463501117,ALIGNED
SCN_006,218,7.2333,TRACKING,180.5,253.0,320.0,240.0,-139.5,13.0,-0.871875,0.08125,-0.008481837816378235,-0.008100884635011171,-0.006785470253102588,-0.0064807077080089375,-0.8701786324367243,0.08287017692700224,ALIGNED
SCN_006,219,7.2667,TRACKING,182.5,251.0,320.0,240.0,-137.5,11.0,-0.859375,0.06874999999999999,0.01080363243672433,-0.014120176927002251,0.008642905949379465,-0.0112961415416018,-0.8615357264873449,0.07157403538540044,ALIGNED
SCN_006,220,7.3,TRACKING,180.5,249.5,320.0,240.0,-139.5,9.5,-0.871875,0.059375,-0.010339273512655067,-0.012199035385400445,-0.008271418810124054,-0.009759228308320357,-0.8698071452974689,0.061814807077080085,ALIGNED
SCN_006,221,7.3333,TRACKING,181.5,248.0,320.0,240.0,-138.5,8.0,-0.865625,0.05,0.004182145297468964,-0.011814807077080082,0.0033457162379751716,-0.009451845661664066,-0.8664614290594937,0.05236296141541602,ALIGNED
SCN_006,222,7.3667,TRACKING,181.0,247.0,320.0,240.0,-139.0,7.0,-0.86875,0.04375,-0.0022885709405062737,-0.008612961415416023,-0.001830856752405019,-0.006890369132332819,-0.8682922858118988,0.0454725922830832,ALIGNED
SCN_006,223,7.4,TRACKING,180.5,245.0,320.0,240.0,-139.5,5.0,-0.871875,0.03125,-0.003582714188101188,-0.014222592283083202,-0.0028661713504809505,-0.011378073826466563,-0.8711584571623797,0.03409451845661664,ALIGNED
SCN_006,224,7.4333,TRACKING,181.0,244.0,320.0,240.0,-139.0,4.0,-0.86875,0.025,0.0024084571623796958,-0.009094518456616636,0.0019267657299037568,-0.007275614765293309,-0.8692316914324759,0.02681890369132333,ALIGNED
SCN_006,225,7.4667,TRACKING,181.0,242.0,320.0,240.0,-139.0,2.0,-0.86875,0.0125,0.00048169143247589474,-0.01431890369132333,0.0003853531459807158,-0.011455122953058665,-0.8688463382864952,0.015363780738264665,ALIGNED
SCN_006,226,7.5,TRACKING,181.0,240.0,320.0,240.0,-139.0,0.0,-0.86875,0.0,9.633828649513454e-05,-0.015363780738264665,7.707062919610764e-05,-0.012291024590611732,-0.868769267657299,0.0030727561476529327,ALIGNED
SCN_006,227,7.5333,TRACKING,181.0,240.0,320.0,240.0,-139.0,0.0,-0.86875,0.0,1.92676572989825e-05,-0.0030727561476529327,1.5414125839186e-05,-0.0024582049181223462,-0.8687538535314598,0.0006145512295305865,ALIGNED
SCN_006,228,7.5667,TRACKING,180.5,238.0,320.0,240.0,-139.5,-2.0,-0.871875,-0.0125,-0.0031211464685401147,-0.013114551229530588,-0.002496917174832092,-0.01049164098362447,-0.871250770706292,-0.009877089754093883,ALIGNED
SCN_006,229,7.6,TRACKING,179.0,237.0,320.0,240.0,-141.0,-3.0,-0.88125,-0.018750000000000003,-0.009999229293708,-0.00887291024590612,-0.0079993834349664,-0.007098328196724896,-0.8792501541412584,-0.016975417950818777,ALIGNED
SCN_006,230,7.6333,TEMPORARILY_LOST,179.0,237.0,320.0,240.0,-141.0,-3.0,-0.88125,-0.018750000000000003,-0.001999845858741578,-0.0017745820491812253,-0.0015998766869932625,-0.0014196656393449802,-0.8808500308282516,-0.018395083590163758,ALIGNED
SCN_006,231,7.6667,REACQUIRED,180.5,233.5,320.0,240.0,-139.5,-6.5,-0.871875,-0.040625,0.008975030828251684,-0.022229916409836244,0.007180024662601348,-0.017783933127868995,-0.8736700061656503,-0.03617901671803275,ALIGNED
SCN_006,232,7.7,TEMPORARILY_LOST,180.5,233.5,320.0,240.0,-139.5,-6.5,-0.871875,-0.040625,0.0017950061656503147,-0.004445983281967249,0.0014360049325202518,-0.003556786625573799,-0.87223400123313,-0.03973580334360655,ALIGNED
SCN_006,233,7.7333,REACQUIRED,180.5,230.5,320.0,240.0,-139.5,-9.5,-0.871875,-0.059375,0.00035900123313004073,-0.019639196656393444,0.0002872009865040326,-0.015711357325114757,-0.871946800246626,-0.05544716066872131,ALIGNED
SCN_006,234,7.7667,TRACKING,180.5,229.0,320.0,240.0,-139.5,-11.0,-0.871875,-0.06874999999999999,7.180024662600815e-05,-0.013302839331278682,5.744019730080652e-05,-0.010642271465022946,-0.8718893600493252,-0.06608943213374426,ALIGNED
SCN_006,235,7.8,TRACKING,182.0,229.0,320.0,240.0,-138.0,-11.0,-0.8625,-0.06874999999999999,0.009389360049325113,-0.0026605678662557364,0.007511488039460091,-0.002128454293004589,-0.864377872009865,-0.06821788642674885,ALIGNED
SCN_006,236,7.8333,TRACKING,181.5,226.0,320.0,240.0,-138.5,-14.0,-0.865625,-0.0875,-0.001247127990134933,-0.019282113573251145,-0.0009977023921079464,-0.015425690858600917,-0.865375574401973,-0.08364357728534977,ALIGNED
SCN_006,237,7.8667,TRACKING,182.5,226.0,320.0,240.0,-137.5,-14.0,-0.859375,-0.0875,0.006000574401972991,-0.003856422714650226,0.004800459521578393,-0.003085138171720181,-0.8605751148803946,-0.08672871545706995,ALIGNED
SCN_006,238,7.9,TRACKING,182.0,222.5,320.0,240.0,-138.0,-17.5,-0.8625,-0.109375,-0.001924885119605424,-0.02264628454293005,-0.0015399080956843393,-0.01811702763434404,-0.862115022976079,-0.10484574309141399,ALIGNED
SCN_006,239,7.9333,TRACKING,182.5,221.5,320.0,240.0,-137.5,-18.5,-0.859375,-0.115625,0.002740022976079004,-0.010779256908586013,0.0021920183808632034,-0.008623405526868811,-0.8599230045952158,-0.1134691486182828,ALIGNED
SCN_006,240,7.9667,TRACKING,182.5,221.0,320.0,240.0,-137.5,-19.0,-0.859375,-0.11875,0.0005480045952157564,-0.005280851381717189,0.00043840367617260513,-0.0042246811053737515,-0.8594846009190431,-0.11769382972365655,ALIGNED
SCN_006,241,8.0,TRACKING,183.0,219.0,320.0,240.0,-137.0,-21.0,-0.85625,-0.13124999999999998,0.0032346009190431513,-0.013556170276343427,0.002587680735234521,-0.010844936221074741,-0.8568969201838086,-0.1285387659447313,ALIGNED
SCN_006,242,8.0333,TRACKING,183.0,218.0,320.0,240.0,-137.0,-22.0,-0.85625,-0.13749999999999998,0.0006469201838086303,-0.008961234055268691,0.0005175361470469042,-0.007168987244214953,-0.8563793840367617,-0.13570775318894623,ALIGNED
SCN_006,243,8.0667,TRACKING,183.0,216.5,320.0,240.0,-137.0,-23.5,-0.85625,-0.146875,0.00012938403676177046,-0.011167246811053771,0.00010350722940941637,-0.008933797448843017,-0.8562758768073523,-0.14464155063778925,ALIGNED
SCN_006,244,8.1,TRACKING,184.0,215.0,320.0,240.0,-136.0,-25.0,-0.85,-0.15625,0.00627587680735231,-0.011608449362210754,0.005020701445881848,-0.009286759489768604,-0.8512551753614704,-0.15392831012755784,ALIGNED
SCN_006,245,8.1333,TRACKING,184.0,212.0,320.0,240.0,-136.0,-28.0,-0.85,-0.175,0.001255175361470462,-0.02107168987244215,0.0010041402891763696,-0.01685735189795372,-0.850251035072294,-0.17078566202551157,ALIGNED
SCN_006,246,8.1667,TEMPORARILY_LOST,184.0,212.0,320.0,240.0,-136.0,-28.0,-0.85,-0.175,0.0002510350722940702,-0.004214337974488419,0.00020082805783525615,-0.0033714703795907353,-0.8500502070144588,-0.1741571324051023,ALIGNED
SCN_006,247,8.2,REACQUIRED,184.0,210.0,320.0,240.0,-136.0,-30.0,-0.85,-0.1875,5.020701445879183e-05,-0.013342867594897695,4.016561156703347e-05,-0.010674294075918156,-0.8500100414028917,-0.18483142648102047,ALIGNED
SCN_006,248,8.2333,TRACKING,184.5,209.5,320.0,240.0,-135.5,-30.5,-0.846875,-0.190625,0.0031350414028916695,-0.005793573518979522,0.002508033122313336,-0.004634858815183618,-0.8475020082805784,-0.18946628529620407,ALIGNED
SCN_006,249,8.2667,TRACKING,184.0,208.5,320.0,240.0,-136.0,-31.5,-0.85,-0.19687500000000002,-0.002497991719421555,-0.007408714703795949,-0.0019983933755372443,-0.005926971763036759,-0.8495004016561156,-0.19539325705924082,ALIGNED
SCN_006,250,8.3,TRACKING,185.0,206.0,320.0,240.0,-135.0,-34.0,-0.84375,-0.2125,0.005750401656115622,-0.017106742940759173,0.004600321324892498,-0.01368539435260734,-0.8449000803312231,-0.20907865141184817,ALIGNED
SCN_006,251,8.3333,TRACKING,186.0,205.5,320.0,240.0,-134.0,-34.5,-0.8375,-0.21562499999999998,0.00740008033122308,-0.006546348588151812,0.005920064264978465,-0.00523707887052145,-0.8389800160662446,-0.2143157302823696,ALIGNED
SCN_006,252,8.3667,TRACKING,186.0,202.0,320.0,240.0,-134.0,-38.0,-0.8375,-0.2375,0.0014800160662445938,-0.02318426971763038,0.001184012852995675,-0.018547415774104303,-0.837796003213249,-0.2328631460564739,ALIGNED
SCN_006,253,8.4,TRACKING,187.0,202.0,320.0,240.0,-133.0,-38.0,-0.83125,-0.2375,0.006546003213248941,-0.004636853943526087,0.0052368025705991535,-0.0037094831548208696,-0.8325592006426499,-0.23657262921129477,ALIGNED
SCN_006,254,8.4333,TRACKING,187.0,201.5,320.0,240.0,-133.0,-38.5,-0.83125,-0.24062500000000003,0.0013092006426498326,-0.004052370788705267,0.001047360514119866,-0.0032418966309642142,-0.83151184012853,-0.23981452584225899,ALIGNED
SCN_006,255,8.4667,TEMPORARILY_LOST,187.0,201.5,320.0,240.0,-133.0,-38.5,-0.83125,-0.24062500000000003,0.0002618401285299221,-0.0008104741577410479,0.0002094721028239377,-0.0006483793261928384,-0.831302368025706,-0.2404629051684518,ALIGNED
SCN_006,256,8.5,REACQUIRED,188.0,198.0,320.0,240.0,-132.0,-42.0,-0.825,-0.26249999999999996,0.006302368025706051,-0.022037094831548143,0.0050418944205648415,-0.017629675865238514,-0.8262604736051412,-0.2580925810336903,ALIGNED
SCN_006,257,8.5333,TRACKING,187.5,196.0,320.0,240.0,-132.5,-44.0,-0.828125,-0.27499999999999997,-0.0018645263948587898,-0.01690741896630965,-0.001491621115887032,-0.013525935173047721,-0.8277520947210283,-0.27161851620673805,ALIGNED
SCN_006,258,8.5667,TRACKING,189.5,195.5,320.0,240.0,-130.5,-44.5,-0.815625,-0.278125,0.012127094721028242,-0.0065064837932619635,0.009701675776822594,-0.005205187034609571,-0.8180504189442057,-0.27682370324134764,ALIGNED
SCN_006,259,8.6,TRACKING,189.0,194.0,320.0,240.0,-131.0,-46.0,-0.81875,-0.28750000000000003,-0.0006995810557942628,-0.010676296758652393,-0.0005596648446354102,-0.008541037406921914,-0.8186100837888411,-0.28536474064826955,ALIGNED
SCN_006,260,8.6333,TRACKING,190.5,192.0,320.0,240.0,-129.5,-48.0,-0.809375,-0.30000000000000004,0.009235083788841192,-0.01463525935173049,0.007388067031072954,-0.011708207481384392,-0.8112220167577682,-0.29707294812965396,ALIGNED
SCN_006,261,8.6667,TRACKING,190.0,190.0,320.0,240.0,-130.0,-50.0,-0.8125,-0.3125,-0.0012779832422318282,-0.015427051870346042,-0.0010223865937854626,-0.012341641496276834,-0.8122444033515537,-0.30941458962593077,ALIGNED
SCN_006,262,8.7,TRACKING,192.0,189.5,320.0,240.0,-128.0,-50.5,-0.8,-0.315625,0.012244403351553634,-0.00621041037406922,0.009795522681242909,-0.004968328299255376,-0.8024488806703107,-0.31438291792518613,ALIGNED
SCN_006,263,8.7333,TRACKING,190.0,189.0,320.0,240.0,-130.0,-51.0,-0.8125,-0.31875,-0.010051119329689273,-0.004367082074813844,-0.008040895463751419,-0.0034936656598510752,-0.8104897761340621,-0.31787658358503723,ALIGNED
SCN_006,264,8.7667,TRACKING,194.5,186.0,320.0,240.0,-125.5,-54.0,-0.784375,-0.3375,0.0261147761340621,-0.01962341641496279,0.020891820907249684,-0.015698733131970233,-0.7895979552268124,-0.33357531671700746,ALIGNED
SCN_006,265,8.8,TRACKING,193.0,185.0,320.0,240.0,-127.0,-55.0,-0.79375,-0.34375,-0.004152044773187535,-0.010174683282992536,-0.0033216358185500284,-0.008139746626394028,-0.7929195910453625,-0.3417150633434015,ALIGNED
SCN_006,266,8.8333,TRACKING,193.5,184.0,320.0,240.0,-126.5,-56.0,-0.790625,-0.35,0.0022945910453624485,-0.008284936656598463,0.001835672836289959,-0.00662794932527877,-0.7910839182090725,-0.3483430126686803,ALIGNED
SCN_006,267,8.8667,TEMPORARILY_LOST,193.5,184.0,320.0,240.0,-126.5,-56.0,-0.790625,-0.35,0.0004589182090725119,-0.0016569873313196926,0.0003671345672580095,-0.001325589865055754,-0.7907167836418145,-0.34966860253373605,ALIGNED
SCN_006,268,8.9,REACQUIRED,194.0,181.0,320.0,240.0,-126.0,-59.0,-0.7875,-0.36874999999999997,0.003216783641814547,-0.019081397466263916,0.0025734269134516374,-0.015265117973011133,-0.7881433567283629,-0.36493372050674716,ALIGNED
SCN_006,269,8.9333,TRACKING,195.0,179.5,320.0,240.0,-125.0,-60.5,-0.78125,-0.378125,0.006893356728362887,-0.013191279493252828,0.00551468538269031,-0.010553023594602263,-0.7826286713456726,-0.3754867441013494,ALIGNED
SCN_006,270,8.9667,TRACKING,196.5,178.0,320.0,240.0,-123.5,-62.0,-0.771875,-0.38750000000000007,0.010753671345672622,-0.012013255898650654,0.008602937076538099,-0.009610604718920524,-0.7740257342691345,-0.3850973488202699,ALIGNED
SCN_006,271,9.0,TRACKING,196.0,177.5,320.0,240.0,-124.0,-62.5,-0.775,-0.390625,-0.0009742657308655644,-0.0055276511797300865,-0.0007794125846924516,-0.004422120943784069,-0.774805146853827,-0.389519469764054,ALIGNED
SCN_006,272,9.0333,TRACKING,196.5,176.0,320.0,240.0,-123.5,-64.0,-0.771875,-0.4,0.002930146853826976,-0.010480530235946028,0.002344117483061581,-0.008384424188756822,-0.7724610293707653,-0.39790389395281084,ALIGNED
SCN_006,273,9.0667,TRACKING,198.0,174.0,320.0,240.0,-122.0,-66.0,-0.7625,-0.41250000000000003,0.009961029370765373,-0.014596106047189195,0.007968823496612298,-0.011676884837751356,-0.764492205874153,-0.4095807787905622,ALIGNED
SCN_006,274,9.1,TRACKING,198.0,174.0,320.0,240.0,-122.0,-66.0,-0.7625,-0.41250000000000003,0.0019922058741530524,-0.002919221209437828,0.001593764699322442,-0.0023353769675502623,-0.7628984411748305,-0.41191615575811247,ALIGNED
SCN_006,275,9.1333,TRACKING,199.0,171.5,320.0,240.0,-121.0,-68.5,-0.75625,-0.428125,0.006648441174830544,-0.01620884424188751,0.005318752939864436,-0.012967075393510009,-0.7575796882349661,-0.42488323115162246,ALIGNED
SCN_006,276,9.1667,TRACKING,200.0,171.0,320.0,240.0,-120.0,-69.0,-0.75,-0.43124999999999997,0.007579688234966131,-0.006366768848377502,0.006063750587972905,-0.005093415078702002,-0.7515159376469932,-0.42997664623032444,ALIGNED
SCN_006,277,9.2,TRACKING,200.0,169.5,320.0,240.0,-120.0,-70.5,-0.75,-0.44062500000000004,0.001515937646993204,-0.0106483537696756,0.0012127501175945633,-0.008518683015740481,-0.7503031875293986,-0.43849532924606494,ALIGNED
SCN_006,278,9.2333,TRACKING,201.0,168.0,320.0,240.0,-119.0,-72.0,-0.74375,-0.44999999999999996,0.006553187529398596,-0.01150467075393502,0.005242550023518877,-0.009203736603148016,-0.7450606375058797,-0.44769906584921293,ALIGNED
SCN_006,279,9.2667,TRACKING,202.5,167.5,320.0,240.0,-117.5,-72.5,-0.734375,-0.453125,0.010685637505879697,-0.005425934150787071,0.008548510004703759,-0.004340747320629656,-0.7365121275011759,-0.4520398131698426,ALIGNED
SCN_006,280,9.3,TRACKING,203.0,165.5,320.0,240.0,-117.0,-74.5,-0.73125,-0.465625,0.005262127501175939,-0.013585186830157414,0.004209702000940752,-0.010868149464125933,-0.7323024255002352,-0.46290796263396855,ALIGNED
SCN_006,281,9.3333,TRACKING,85.0,452.5,320.0,240.0,-235.0,212.5,-1.46875,1.328125,-0.7364475744997648,1.7910329626339685,-0.16666666666666666,0.16666666666666666,-0.8989690921669018,-0.29624129596730187,ALIGNING
SCN_006,282,9.3667,TRACKING,204.5,162.5,320.0,240.0,-115.5,-77.5,-0.721875,-0.484375,0.17709409216690175,-0.18813370403269813,0.1416752737335214,-0.15050696322615853,-0.7572938184333804,-0.4467482591934604,ALIGNING
SCN_006,283,9.4,TRACKING,206.5,162.0,320.0,240.0,-113.5,-78.0,-0.709375,-0.48750000000000004,0.04791881843338042,-0.04075174080653965,0.03833505474670434,-0.03260139264523172,-0.7189587636866761,-0.4793496518386921,ALIGNED
SCN_006,284,9.4333,TRACKING,206.5,161.0,320.0,240.0,-113.5,-79.0,-0.709375,-0.49375,0.009583763686676128,-0.014400348161307919,0.007667010949340903,-0.011520278529046336,-0.7112917527373352,-0.49086993036773846,ALIGNED
SCN_006,285,9.4667,TRACKING,207.0,158.0,320.0,240.0,-113.0,-82.0,-0.70625,-0.5125,0.005041752737335203,-0.021630069632261495,0.004033402189868163,-0.017304055705809198,-0.7072583505474671,-0.5081739860735477,ALIGNED
SCN_006,286,9.5,TRACKING,208.0,159.0,320.0,240.0,-112.0,-81.0,-0.7,-0.5062500000000001,0.007258350547467152,0.001923986073547601,0.005806680437973721,0.0015391888588380809,-0.7014516701094934,-0.5066347972147096,ALIGNED
SCN_006,287,9.5333,TRACKING,208.5,158.0,320.0,240.0,-111.5,-82.0,-0.696875,-0.5125,0.004576670109493364,-0.0058652027852903466,0.0036613360875946913,-0.004692162228232277,-0.6977903340218987,-0.5113269594429419,ALIGNED
SCN_006,288,9.5667,TRACKING,209.0,155.5,320.0,240.0,-111.0,-84.5,-0.69375,-0.5281250000000001,0.004040334021898739,-0.016798040557058136,0.0032322672175189916,-0.01343843244564651,-0.6945580668043797,-0.5247653918885884,ALIGNED
SCN_006,289,9.6,TRACKING,210.0,154.5,320.0,240.0,-110.0,-85.5,-0.6875,-0.534375,0.0070580668043797035,-0.00960960811141165,0.005646453443503763,-0.0076876864891293195,-0.6889116133608759,-0.5324530783777177,ALIGNED
SCN_006,290,9.6333,TRACKING,211.0,154.0,320.0,240.0,-109.0,-86.0,-0.68125,-0.5375,0.007661613360875896,-0.005046921622282263,0.006129290688700717,-0.004037537297825811,-0.6827823226721752,-0.5364906156755436,ALIGNED
SCN_006,291,9.6667,TRACKING,213.0,153.5,320.0,240.0,-107.0,-86.5,-0.66875,-0.540625,0.014032322672175246,-0.004134384324456453,0.011225858137740198,-0.0033075074595651623,-0.671556464534435,-0.5397981231351088,ALIGNED
SCN_006,292,9.7,TRACKING,213.0,152.0,320.0,240.0,-107.0,-88.0,-0.66875,-0.5499999999999999,0.0028064645344350048,-0.010201876864891157,0.002245171627548004,-0.008161501491912927,-0.669311292906887,-0.5479596246270217,ALIGNED
SCN_006,293,9.7333,TRACKING,214.0,150.5,320.0,240.0,-106.0,-89.5,-0.6625,-0.559375,0.006811292906886979,-0.01141537537297821,0.005449034325509583,-0.009132300298382568,-0.6638622585813774,-0.5570919249254043,ALIGNED
SCN_006,294,9.7667,TRACKING,215.0,150.0,320.0,240.0,-105.0,-90.0,-0.65625,-0.5625,0.0076122585813773735,-0.005408075074595731,0.0060898068651018995,-0.004326460059676585,-0.6577724517162755,-0.5614183849850809,ALIGNED
SCN_006,295,9.8,TRACKING,216.0,148.5,320.0,240.0,-104.0,-91.5,-0.65,-0.5718749999999999,0.007772451716275497,-0.010456615014919013,0.006217961373020398,-0.008365292011935211,-0.6515544903432551,-0.5697836769970162,ALIGNED
SCN_006,296,9.8333,TRACKING,219.0,147.5,320.0,240.0,-101.0,-92.5,-0.63125,-0.578125,0.0203044903432551,-0.008341323002983847,0.01624359227460408,-0.006673058402387078,-0.635310898068651,-0.5764567353994032,ALIGNED
SCN_006,297,9.8667,TRACKING,216.5,146.5,320.0,240.0,-103.5,-93.5,-0.646875,-0.584375,-0.011564101931348936,-0.007918264600596747,-0.009251281545079149,-0.006334611680477398,-0.6445621796137302,-0.5827913470798807,ALIGNED
SCN_006,298,9.9,TRACKING,218.0,144.5,320.0,240.0,-102.0,-95.5,-0.6375,-0.5968749999999999,0.007062179613730235,-0.01408365292011926,0.005649743690984189,-0.011266922336095409,-0.638912435922746,-0.5940582694159761,ALIGNED
SCN_006,299,9.9333,TRACKING,219.0,144.0,320.0,240.0,-101.0,-96.0,-0.63125,-0.6000000000000001,0.007662435922746069,-0.00594173058402403,0.006129948738196856,-0.0047533844672192245,-0.6327824871845492,-0.5988116538831952,ALIGNED
SCN_006,300,9.9667,TRACKING,223.0,143.0,320.0,240.0,-97.0,-97.0,-0.60625,-0.60625,0.026532487184549258,-0.007438346116804717,0.02122598974763941,-0.005950676893443774,-0.6115564974369098,-0.604762330776639,ALIGNED
SCN_006,301,10.0,TRACKING,222.0,142.0,320.0,240.0,-98.0,-98.0,-0.6125,-0.6125,-0.0009435025630902816,-0.0077376692233610544,-0.0007548020504722253,-0.0061901353786888436,-0.6123112994873819,-0.6109524661553278,ALIGNED
SCN_006,302,10.0333,TRACKING,223.0,141.0,320.0,240.0,-97.0,-99.0,-0.60625,-0.6187499999999999,0.006061299487381988,-0.007797533844672078,0.004849039589905591,-0.006238027075737663,-0.6074622598974764,-0.6171904932310655,ALIGNED
SCN_006,303,10.0667,TRACKING,224.0,140.0,320.0,240.0,-96.0,-100.0,-0.6,-0.625,0.007462259897476398,-0.007809506768934549,0.005969807917981119,-0.006247605415147639,-0.6014924519794953,-0.6234380986462131,ALIGNED
SCN_006,304,10.1,TRACKING,226.0,139.0,320.0,240.0,-94.0,-101.0,-0.5875,-0.63125,0.01399245197949528,-0.007811901353786843,0.011193961583596224,-0.006249521083029475,-0.5902984903958991,-0.6296876197292426,ALIGNED
SCN_006,305,10.1333,TRACKING,226.0,137.5,320.0,240.0,-94.0,-102.5,-0.5875,-0.640625,0.002798490395899078,-0.010937380270757413,0.0022387923167192627,-0.00874990421660593,-0.5880596980791798,-0.6384375239458485,ALIGNED
SCN_006,306,10.1667,TRACKING,227.0,136.5,320.0,240.0,-93.0,-103.5,-0.58125,-0.6468750000000001,0.006809698079179749,-0.008437476054151571,0.0054477584633437996,-0.0067499808433212575,-0.582611939615836,-0.6451875047891698,ALIGNED
SCN_006,307,10.2,TRACKING,228.0,136.0,320.0,240.0,-92.0,-104.0,-0.575,-0.65,0.007611939615836061,-0.00481249521083027,0.006089551692668849,-0.003849996168664216,-0.5765223879231671,-0.649037500957834,ALIGNED
SCN_006,308,10.2333,TRACKING,230.0,135.0,320.0,240.0,-90.0,-105.0,-0.5625,-0.65625,0.014022387923167123,-0.007212499042166032,0.011217910338533699,-0.005769999233732826,-0.5653044775846334,-0.6548075001915667,ALIGNED
SCN_006,309,10.2667,TRACKING,231.5,134.5,320.0,240.0,-88.5,-105.5,-0.553125,-0.659375,0.012179477584633447,-0.004567499808433295,0.009743582067706757,-0.003653999846746636,-0.5555608955169267,-0.6584615000383134,ALIGNED
SCN_006,310,10.3,TRACKING,232.0,134.5,320.0,240.0,-88.0,-105.5,-0.55,-0.659375,0.005560895516926623,-0.000913499961686659,0.0044487164135412986,-0.0007307999693493272,-0.5511121791033854,-0.6591923000076627,ALIGNED
SCN_006,311,10.3333,TRACKING,233.0,132.0,320.0,240.0,-87.0,-108.0,-0.54375,-0.675,0.007362179103385436,-0.015807699992337332,0.005889743282708349,-0.012646159993869865,-0.5452224358206771,-0.6718384600015326,ALIGNED
SCN_006,312,10.3667,TRACKING,235.5,131.0,320.0,240.0,-84.5,-109.0,-0.528125,-0.68125,0.01709743582067713,-0.009411539998467444,0.013677948656541705,-0.007529231998773956,-0.5315444871641354,-0.6793676920003066,ALIGNED
SCN_006,313,10.4,TRACKING,234.5,129.5,320.0,240.0,-85.5,-110.5,-0.534375,-0.6906249999999999,-0.0028305128358646625,-0.011257307999693378,-0.00226441026869173,-0.009005846399754703,-0.5338088974328271,-0.6883735384000612,ALIGNED
SCN_006,314,10.4333,TRACKING,235.5,130.5,320.0,240.0,-84.5,-109.5,-0.528125,-0.684375,0.005683897432827156,0.003998538400061258,0.004547117946261725,0.0031988307200490063,-0.5292617794865654,-0.6851747076800122,ALIGNED
SCN_006,315,10.4667,TRACKING,238.0,128.5,320.0,240.0,-82.0,-111.5,-0.5125,-0.696875,0.01676177948656543,-0.011700292319987815,0.013409423589252345,-0.009360233855990252,-0.515852355897313,-0.6945349415360025,ALIGNED
SCN_006,316,10.5,TRACKING,239.0,127.5,320.0,240.0,-81.0,-112.5,-0.50625,-0.703125,0.009602355897313064,-0.008590058463997519,0.007681884717850452,-0.006872046771198015,-0.5081704711794626,-0.7014069883072005,ALIGNED
SCN_006,317,10.5333,TRACKING,604.0,390.5,320.0,240.0,284.0,150.5,1.775,0.940625,2.2831704711794627,1.6420319883072005,0.16666666666666666,0.16666666666666666,-0.34150380451279594,-0.5347403216405339,ALIGNING
SCN_006,318,10.5667,TRACKING,241.0,126.5,320.0,240.0,-79.0,-113.5,-0.49375,-0.709375,-0.15224619548720408,-0.1746346783594661,-0.12179695638976328,-0.13970774268757288,-0.4633007609025592,-0.6744480643281068,ALIGNING
SCN_006,319,10.6,TRACKING,242.0,125.0,320.0,240.0,-78.0,-115.0,-0.4875,-0.71875,-0.02419923909744076,-0.04430193567189322,-0.01935939127795261,-0.03544154853751458,-0.48266015218051184,-0.7098896128656214,ALIGNED
SCN_006,320,10.6333,TRACKING,244.0,125.0,320.0,240.0,-76.0,-115.0,-0.475,-0.71875,0.007660152180511859,-0.008860387134378644,0.0061281217444094874,-0.007088309707502916,-0.47653203043610237,-0.7169779225731243,ALIGNED
SCN_006,321,10.6667,TRACKING,245.0,124.0,320.0,240.0,-75.0,-116.0,-0.46875,-0.725,0.007782030436102372,-0.008022077426875662,0.006225624348881898,-0.00641766194150053,-0.47030640608722046,-0.7233955845146248,ALIGNED
SCN_006,322,10.7,TRACKING,246.5,123.5,320.0,240.0,-73.5,-116.5,-0.459375,-0.728125,0.010931406087220485,-0.004729415485375199,0.008745124869776388,-0.0037835323883001594,-0.46156128121744405,-0.727179116902925,ALIGNED
SCN_006,323,10.7333,TRACKING,247.0,122.0,320.0,240.0,-73.0,-118.0,-0.45625,-0.7374999999999999,0.005311281217444064,-0.010320883097074907,0.004249024973955251,-0.008256706477659926,-0.4573122562434888,-0.735435823380585,ALIGNED
SCN_006,324,10.7667,TEMPORARILY_LOST,247.0,122.0,320.0,240.0,-73.0,-118.0,-0.45625,-0.7374999999999999,0.0010622562434888239,-0.002064176619414937,0.0008498049947910591,-0.0016513412955319496,-0.4564624512486978,-0.7370871646761169,ALIGNED
SCN_006,325,10.8,REACQUIRED,249.5,121.0,320.0,240.0,-70.5,-119.0,-0.440625,-0.74375,0.015837451248697787,-0.006662835323883121,0.01266996099895823,-0.005330268259106497,-0.44379249024973955,-0.7424174329352234,ALIGNED
SCN_006,326,10.8333,TRACKING,251.0,120.0,320.0,240.0,-69.0,-120.0,-0.43125,-0.75,0.012542490249739524,-0.0075825670647765575,0.01003399219979162,-0.006066053651821246,-0.4337584980499479,-0.7484834865870447,ALIGNED
SCN_006,327,10.8667,TRACKING,252.0,119.5,320.0,240.0,-68.0,-120.5,-0.425,-0.753125,0.008758498049947938,-0.004641513412955378,0.007006798439958351,-0.0037132107303643027,-0.4267516996099896,-0.752196697317409,ALIGNED
SCN_006,328,10.9,TRACKING,254.5,117.5,320.0,240.0,-65.5,-122.5,-0.409375,-0.765625,0.01737669960998961,-0.013428302682590987,0.013901359687991688,-0.01074264214607279,-0.41285033992199793,-0.7629393394634818,ALIGNED
SCN_006,329,10.9333,TRACKING,255.0,118.0,320.0,240.0,-65.0,-122.0,-0.40625,-0.7625,0.006600339921997933,0.00043933946348184705,0.005280271937598347,0.00035147157078547765,-0.4075700679843996,-0.7625878678926963,ALIGNED
SCN_006,330,10.9667,TRACKING,256.5,117.0,320.0,240.0,-63.5,-123.0,-0.396875,-0.7687499999999999,0.01069506798439962,-0.006162132107303653,0.008556054387519696,-0.004929705685842923,-0.3990140135968799,-0.7675175735785392,ALIGNED
SCN_006,331,11.0,TRACKING,257.5,115.5,320.0,240.0,-62.5,-124.5,-0.390625,-0.7781250000000001,0.00838901359687988,-0.010607426421460842,0.006711210877503904,-0.008485941137168674,-0.39230280271937595,-0.7760035147157079,ALIGNED
SCN_006,332,11.0333,TRACKING,259.0,116.5,320.0,240.0,-61.0,-123.5,-0.38125,-0.7718749999999999,0.011052802719375976,0.004128514715708076,0.00884224217550078,0.003302811772566461,-0.3834605605438752,-0.7727007029431415,ALIGNED
SCN_006,333,11.0667,TRACKING,260.0,114.5,320.0,240.0,-60.0,-125.5,-0.375,-0.784375,0.008460560543875173,-0.011674297056858518,0.006768448435100139,-0.009339437645486814,-0.376692112108775,-0.7820401405886284,ALIGNED
SCN_006,334,11.1,TRACKING,261.0,114.0,320.0,240.0,-59.0,-126.0,-0.36875,-0.7875000000000001,0.00794211210877499,-0.005459859411371726,0.006353689687019992,-0.0043678875290973805,-0.370338422421755,-0.7864080281177257,ALIGNED
SCN_006,335,11.1333,TRACKING,263.5,113.5,320.0,240.0,-56.5,-126.5,-0.353125,-0.790625,0.017213422421754998,-0.004216971882274323,0.013770737937404,-0.0033735775058194584,-0.356567684484351,-0.7897816056235452,ALIGNED
SCN_006,336,11.1667,TRACKING,266.0,113.0,320.0,240.0,-54.0,-127.0,-0.3375,-0.79375,0.019067684484350977,-0.003968394376454798,0.015254147587480782,-0.0031747155011638386,-0.3413135368968702,-0.792956321124709,ALIGNED
SCN_006,337,11.2,TEMPORARILY_LOST,266.0,113.0,320.0,240.0,-54.0,-127.0,-0.3375,-0.79375,0.0038135368968701955,-0.0007936788752909152,0.0030508295174961567,-0.0006349431002327322,-0.3382627073793741,-0.7935912642249418,ALIGNED
SCN_006,338,11.2333,REACQUIRED,267.0,112.0,320.0,240.0,-53.0,-128.0,-0.33125,-0.8,0.007012707379374095,-0.006408735775058294,0.005610165903499276,-0.005126988620046635,-0.3326525414758748,-0.7987182528449884,ALIGNED
SCN_006,339,11.2667,TRACKING,268.0,111.0,320.0,240.0,-52.0,-129.0,-0.325,-0.8062499999999999,0.007652541475874797,-0.007531747155011481,0.006122033180699838,-0.006025397724009185,-0.326530508295175,-0.8047436505689977,ALIGNED
SCN_006,340,11.3,TRACKING,269.0,110.5,320.0,240.0,-51.0,-129.5,-0.31875,-0.809375,0.007780508295175015,-0.004631349431002296,0.006224406636140012,-0.0037050795448018373,-0.320306101659035,-0.8084487301137995,ALIGNED
SCN_006,341,11.3333,TRACKING,271.0,110.0,320.0,240.0,-49.0,-130.0,-0.30625,-0.8125,0.01405610165903498,-0.004051269886200526,0.011244881327227986,-0.0032410159089604207,-0.309061220331807,-0.8116897460227599,ALIGNED
SCN_006,342,11.3667,TRACKING,274.0,109.5,320.0,240.0,-46.0,-130.5,-0.2875,-0.8156249999999999,0.02156122033180702,-0.0039352539772400386,0.017248976265445616,-0.003148203181792031,-0.29181224406636136,-0.8148379492045519,ALIGNED
SCN_006,343,11.4,TRACKING,273.5,109.0,320.0,240.0,-46.5,-131.0,-0.290625,-0.8187499999999999,0.001187244066361337,-0.0039120507954479855,0.0009497952530890697,-0.0031296406363583887,-0.2908624488132723,-0.8179675898409102,ALIGNED
SCN_006,344,11.4333,TRACKING,275.0,109.0,320.0,240.0,-45.0,-131.0,-0.28125,-0.8187499999999999,0.009612448813272279,-0.0007824101590896415,0.007689959050617823,-0.0006259281272717132,-0.28317248976265447,-0.8185935179681819,ALIGNED
SCN_006,345,11.4667,TRACKING,276.0,107.5,320.0,240.0,-44.0,-132.5,-0.275,-0.828125,0.008172489762654445,-0.009531482031818084,0.006537991810123556,-0.007625185625454467,-0.2766344979525309,-0.8262187035936364,ALIGNED
SCN_006,346,11.5,TRACKING,277.0,107.5,320.0,240.0,-43.0,-132.5,-0.26875,-0.828125,0.007884497952530933,-0.001906296406363639,0.006307598362024747,-0.0015250371250909113,-0.27032689959050615,-0.8277437407187273,ALIGNED
SCN_006,347,11.5333,TRACKING,278.5,107.0,320.0,240.0,-41.5,-133.0,-0.259375,-0.83125,0.010951899590506131,-0.0035062592812727944,0.008761519672404905,-0.002805007425018236,-0.26156537991810125,-0.8305487481437455,ALIGNED
SCN_006,348,11.5667,TRACKING,281.5,107.0,320.0,240.0,-38.5,-133.0,-0.240625,-0.83125,0.020940379918101243,-0.0007012518562545811,0.016752303934480996,-0.0005610014850036649,-0.24481307598362026,-0.8311097496287492,ALIGNED
SCN_006,349,11.6,TRACKING,282.0,107.0,320.0,240.0,-38.0,-133.0,-0.2375,-0.83125,0.007313075983620271,-0.0001402503712508718,0.005850460786896217,-0.00011220029700069745,-0.23896261519672404,-0.8312219499257498,ALIGNED
SCN_006,350,11.6333,TRACKING,283.5,105.5,320.0,240.0,-36.5,-134.5,-0.228125,-0.840625,0.010837615196724049,-0.00940305007425013,0.008670092157379239,-0.007522440059400105,-0.2302925230393448,-0.8387443899851499,ALIGNED
SCN_006,351,11.6667,TRACKING,284.5,106.0,320.0,240.0,-35.5,-134.0,-0.221875,-0.8375,0.008417523039344815,0.001244389985149863,0.006734018431475853,0.0009955119881198905,-0.22355850460786894,-0.83774887799703,ALIGNED
SCN_006,352,11.7,TRACKING,286.0,104.5,320.0,240.0,-34.0,-135.5,-0.2125,-0.846875,0.011058504607868946,-0.009126122002970027,0.008846803686295158,-0.007300897602376022,-0.2147117009215738,-0.8450497755994061,ALIGNED
SCN_006,353,11.7333,TRACKING,288.0,105.0,320.0,240.0,-32.0,-135.0,-0.2,-0.84375,0.014711700921573784,0.0012997755994060833,0.011769360737259028,0.0010398204795248668,-0.20294234018431476,-0.8440099551198812,ALIGNED
SCN_006,354,11.7667,TRACKING,289.0,105.0,320.0,240.0,-31.0,-135.0,-0.19375,-0.84375,0.009192340184314751,0.00025995511988119446,0.007353872147451802,0.00020796409590495557,-0.19558846803686294,-0.8438019910239762,ALIGNED
SCN_006,355,11.8,TRACKING,289.0,104.5,320.0,240.0,-31.0,-135.5,-0.19375,-0.846875,0.0018384680368629391,-0.0030730089760238055,0.0014707744294903515,-0.0024584071808190448,-0.1941176936073726,-0.8462603982047953,ALIGNED
SCN_006,356,11.8333,TRACKING,291.5,104.5,320.0,240.0,-28.5,-135.5,-0.178125,-0.846875,0.0159926936073726,-0.0006146017952047833,0.01279415488589808,-0.0004916814361638266,-0.18132353872147453,-0.8467520796409591,ALIGNED
SCN_006,357,11.8667,TRACKING,293.5,104.0,320.0,240.0,-26.5,-136.0,-0.165625,-0.85,0.01569853872147453,-0.003247920359040868,0.012558830977179625,-0.0025983362872326944,-0.1687647077442949,-0.8493504159281918,ALIGNED
SCN_006,358,11.9,TRACKING,295.0,103.0,320.0,240.0,-25.0,-137.0,-0.15625,-0.85625,0.01251470774429489,-0.006899584071808129,0.010011766195435912,-0.005519667257446504,-0.15875294154885897,-0.8548700831856383,ALIGNED
SCN_006,359,11.9333,TRACKING,296.0,103.5,320.0,240.0,-24.0,-136.5,-0.15,-0.8531249999999999,0.008752941548858972,0.0017450831856383742,0.007002353239087178,0.0013960665485106994,-0.15175058830977178,-0.8534740166371276,ALIGNED
SCN_006,360,11.9667,TRACKING,298.0,102.5,320.0,240.0,-22.0,-137.5,-0.1375,-0.859375,0.014250588309771772,-0.00590098336287237,0.011400470647817419,-0.004720786690297896,-0.14035011766195438,-0.8581948033274255,ALIGNED
SCN_006,361,12.0,TRACKING,298.0,103.0,320.0,240.0,-22.0,-137.0,-0.1375,-0.85625,0.0028501176619543656,0.001944803327425526,0.0022800941295634926,0.0015558426619404209,-0.1380700235323909,-0.8566389606654851,ALIGNED
SCN_006,362,12.0333,TRACKING,300.5,103.5,320.0,240.0,-19.5,-136.5,-0.121875,-0.8531249999999999,0.016195023532390898,0.0035139606654851496,0.01295601882591272,0.00281116853238812,-0.12511400470647818,-0.8538277921330969,ALIGNED
SCN_006,363,12.0667,TRACKING,302.0,102.5,320.0,240.0,-18.0,-137.5,-0.1125,-0.859375,0.01261400470647818,-0.005547207866903103,0.010091203765182544,-0.0044377662935224825,-0.11502280094129563,-0.8582655584266193,ALIGNED
SCN_006,364,12.1,TRACKING,303.5,102.5,320.0,240.0,-16.5,-137.5,-0.103125,-0.859375,0.011897800941295639,-0.001109441573380665,0.009518240753036512,-0.0008875532587045321,-0.10550456018825913,-0.8591531116853238,ALIGNED
SCN_006,365,12.1333,TRACKING,304.5,102.0,320.0,240.0,-15.5,-138.0,-0.096875,-0.8624999999999999,0.008629560188259125,-0.003346888314676111,0.0069036481506073,-0.002677510651740889,-0.09860091203765182,-0.8618306223370648,ALIGNED
SCN_006,366,12.1667,TRACKING,306.0,103.0,320.0,240.0,-14.0,-137.0,-0.0875,-0.85625,0.01110091203765183,0.0055806223370648,0.008880729630121464,0.0044644978696518406,-0.08972018240753037,-0.8573661244674129,ALIGNED
SCN_006,367,12.2,TRACKING,308.0,101.5,320.0,240.0,-12.0,-138.5,-0.075,-0.8656249999999999,0.014720182407530369,-0.008258875532586973,0.011776145926024295,-0.006607100426069579,-0.07794403648150607,-0.8639732248934825,ALIGNED
SCN_006,368,12.2333,TRACKING,309.5,100.5,320.0,240.0,-10.5,-139.5,-0.065625,-0.8718750000000001,0.012319036481506063,-0.007901775106517572,0.009855229185204852,-0.006321420085214058,-0.06808880729630121,-0.8702946449786966,ALIGNED
SCN_006,369,12.2667,TRACKING,311.0,102.0,320.0,240.0,-9.0,-138.0,-0.05625,-0.8624999999999999,0.011838807296301206,0.007794644978696641,0.009471045837040965,0.006235715982957313,-0.058617761459260245,-0.8640589289957392,ALIGNED
SCN_006,370,12.3,TRACKING,313.0,101.5,320.0,240.0,-7.0,-138.5,-0.04375,-0.8656249999999999,0.014867761459260248,-0.0015660710042606496,0.0118942091674082,-0.0012528568034085197,-0.046723552291852044,-0.8653117857991477,ALIGNED
SCN_006,371,12.3333,TRACKING,314.0,101.0,320.0,240.0,-6.0,-139.0,-0.0375,-0.8687500000000001,0.009223552291852045,-0.0034382142008524408,0.007378841833481637,-0.002750571360681953,-0.03934471045837041,-0.8680623571598296,ALIGNED
SCN_006,372,12.3667,TRACKING,315.5,101.0,320.0,240.0,-4.5,-139.0,-0.028125,-0.8687500000000001,0.011219710458370408,-0.0006876428401705326,0.008975768366696326,-0.0005501142721364261,-0.03036894209167408,-0.8686124714319661,ALIGNED
SCN_006,373,12.4,TRACKING,317.0,101.0,320.0,240.0,-3.0,-139.0,-0.01875,-0.8687500000000001,0.011618942091674082,-0.0001375285680340621,0.009295153673339265,-0.0001100228544272497,-0.021073788418334814,-0.8687224942863934,ALIGNED
SCN_006,374,12.4333,TRACKING,317.5,101.0,320.0,240.0,-2.5,-139.0,-0.015625,-0.8687500000000001,0.005448788418334814,-2.7505713606768012e-05,0.004359030734667852,-2.200457088541441e-05,-0.016714757683666964,-0.8687444988572788,ALIGNED
SCN_006,375,12.4667,TRACKING,320.0,101.0,320.0,240.0,0.0,-139.0,0.0,-0.8687500000000001,0.016714757683666964,-5.501142721353602e-06,0.013371806146933571,-4.400914177082882e-06,-0.0033429515367333924,-0.8687488997714559,ALIGNED
SCN_006,376,12.5,TRACKING,321.0,101.5,320.0,240.0,1.0,-138.5,0.00625,-0.8656249999999999,0.009592951536733393,0.0031238997714559957,0.007674361229386715,0.002499119817164797,0.004331409692653322,-0.8662497799542911,ALIGNED
SCN_006,377,12.5333,TRACKING,323.5,101.0,320.0,240.0,3.5,-139.0,0.021875,-0.8687500000000001,0.017543590307346677,-0.002500220045709045,0.014034872245877343,-0.002000176036567236,0.018366281938530665,-0.8682499559908583,ALIGNED
SCN_006,378,12.5667,TRACKING,324.0,101.0,320.0,240.0,4.0,-139.0,0.025,-0.8687500000000001,0.006633718061469337,-0.0005000440091418312,0.00530697444917547,-0.000400035207313465,0.023673256387706135,-0.8686499911981718,ALIGNED
SCN_006,379,12.6,TRACKING,325.0,101.0,320.0,240.0,5.0,-139.0,0.03125,-0.8687500000000001,0.007576743612293865,-0.00010000880182836624,0.006061394889835092,-8.0007041462693e-05,0.029734651277541227,-0.8687299982396345,ALIGNED
SCN_006,380,12.6333,TEMPORARILY_LOST,325.0,101.0,320.0,240.0,5.0,-139.0,0.03125,-0.8687500000000001,0.001515348722458773,-2.0001760365651045e-05,0.0012122789779670186,-1.6001408292520837e-05,0.030946930255508244,-0.868745999647927,ALIGNED
SCN_006,381,12.6667,REACQUIRED,326.5,101.0,320.0,240.0,6.5,-139.0,0.040625,-0.8687500000000001,0.009678069744491757,-4.000352073152413e-06,0.007742455795593406,-3.200281658521931e-06,0.03868938605110165,-0.8687491999295855,ALIGNED
SCN_006,382,12.7,TRACKING,329.5,101.0,320.0,240.0,9.5,-139.0,0.059375,-0.8687500000000001,0.020685613948898347,-8.000704145860738e-07,0.01654849115911868,-6.40056331668859e-07,0.05523787721022033,-0.8687498399859173,ALIGNED
SCN_006,383,12.7333,TRACKING,331.0,101.5,320.0,240.0,11.0,-138.5,0.06875,-0.8656249999999999,0.013512122789779674,0.0031248399859173936,0.01080969823182374,0.002499871988733915,0.06604757544204407,-0.8662499679971833,ALIGNED
SCN_006,384,12.7667,TRACKING,333.0,101.0,320.0,240.0,13.0,-139.0,0.08125,-0.8687500000000001,0.015202424557955938,-0.0025000320028167877,0.01216193964636475,-0.00200002560225343,0.07820951508840882,-0.8682499935994368,ALIGNED
SCN_006,385,12.8,TRACKING,334.5,102.5,320.0,240.0,14.5,-137.5,0.090625,-0.859375,0.012415484911591182,0.008874993599436776,0.009932387929272946,0.007099994879549421,0.08814190301768177,-0.8611499987198874,ALIGNED
SCN_006,386,12.8333,TRACKING,335.0,102.0,320.0,240.0,15.0,-138.0,0.09375,-0.8624999999999999,0.005608096982318234,-0.0013500012801125338,0.004486477585854587,-0.0010800010240900272,0.09262838060353636,-0.8622299997439774,ALIGNED
SCN_006,387,12.8667,TRACKING,337.0,102.5,320.0,240.0,17.0,-137.5,0.10625,-0.859375,0.013621619396463641,0.0028549997439774044,0.010897295517170913,0.0022839997951819234,0.10352567612070727,-0.8599459999487955,ALIGNED
SCN_006,388,12.9,TRACKING,339.0,102.0,320.0,240.0,19.0,-138.0,0.11875,-0.8624999999999999,0.01522432387929272,-0.0025540000512044303,0.012179459103434176,-0.0020432000409635444,0.11570513522414146,-0.8619891999897591,ALIGNED
SCN_006,389,12.9333,TRACKING,340.0,102.0,320.0,240.0,20.0,-138.0,0.125,-0.8624999999999999,0.009294864775858544,-0.0005108000102408417,0.007435891820686835,-0.00040864000819267336,0.1231410270448283,-0.8623978399979517,ALIGNED
SCN_006,390,12.9667,TRACKING,341.0,102.5,320.0,240.0,21.0,-137.5,0.13125,-0.859375,0.008108972955171712,0.0030228399979517206,0.006487178364137369,0.0024182719983613767,0.12962820540896566,-0.8599795679995903,ALIGNED
SCN_006,391,13.0,TRACKING,343.0,103.5,320.0,240.0,23.0,-136.5,0.14375,-0.8531249999999999,0.014121794591034326,0.0068545679995903885,0.011297435672827462,0.005483654399672311,0.14092564108179312,-0.8544959135999179,ALIGNED
SCN_006,392,13.0333,TRACKING,344.0,103.0,320.0,240.0,24.0,-137.0,0.15,-0.85625,0.009074358918206876,-0.0017540864000820111,0.007259487134565501,-0.0014032691200656089,0.14818512821635862,-0.8558991827199836,ALIGNED
SCN_006,393,13.0667,TRACKING,345.5,103.5,320.0,240.0,25.5,-136.5,0.159375,-0.8531249999999999,0.011189871783641364,0.002774182719983642,0.008951897426913092,0.002219346175986914,0.15713702564327173,-0.8536798365439966,ALIGNED
SCN_006,394,13.1,TRACKING,347.5,103.5,320.0,240.0,27.5,-136.5,0.171875,-0.8531249999999999,0.014737974356728273,0.000554836543996684,0.01179037948538262,0.0004438692351973472,0.16892740512865434,-0.8532359673087992,ALIGNED
SCN_006,395,13.1333,TRACKING,348.5,104.5,320.0,240.0,28.5,-135.5,0.178125,-0.846875,0.009197594871345666,0.006360967308799204,0.007358075897076533,0.0050887738470393636,0.17628548102573088,-0.8481471934617599,ALIGNED
SCN_006,396,13.1667,TRACKING,349.5,104.0,320.0,240.0,29.5,-136.0,0.184375,-0.85,0.008089518974269128,-0.0018528065382400483,0.006471615179415302,-0.0014822452305920386,0.18275709620514619,-0.849629438692352,ALIGNED
SCN_006,397,13.2,TRACKING,352.5,104.0,320.0,240.0,32.5,-136.0,0.203125,-0.85,0.020367903794853814,-0.00037056130764800965,0.016294323035883053,-0.00029644904611840777,0.19905141924102923,-0.8499258877384703,ALIGNED
SCN_006,398,13.2333,TRACKING,352.5,104.5,320.0,240.0,32.5,-135.5,0.203125,-0.846875,0.0040735807589707684,0.003050887738470287,0.0032588646071766147,0.00244071019077623,0.20231028384820585,-0.8474851775476941,ALIGNED
SCN_006,399,13.2667,TRACKING,355.5,105.5,320.0,240.0,35.5,-134.5,0.221875,-0.840625,0.019564716151794143,0.006860177547694191,0.015651772921435315,0.005488142038155353,0.21796205676964117,-0.8419970355095387,ALIGNED
SCN_006,400,13.3,TRACKING,358.0,105.0,320.0,240.0,38.0,-135.0,0.2375,-0.84375,0.019537943230358817,-0.0017529644904612507,0.015630354584287055,-0.0014023715923690006,0.23359241135392822,-0.8433994071019077,ALIGNED
SCN_006,401,13.3333,TRACKING,358.0,106.5,320.0,240.0,38.0,-133.5,0.2375,-0.8343750000000001,0.003907588646071769,0.009024407101907661,0.0031260709168574154,0.007219525681526129,0.23671848227078562,-0.8361798814203816,ALIGNED
SCN_006,402,13.3667,TRACKING,359.5,106.5,320.0,240.0,39.5,-133.5,0.246875,-0.8343750000000001,0.010156517729214387,0.0018048814203814878,0.00812521418337151,0.0014439051363051903,0.24484369645415713,-0.8347359762840764,ALIGNED
SCN_006,403,13.4,TRACKING,359.0,106.5,320.0,240.0,39.0,-133.5,0.24375,-0.8343750000000001,-0.0010936964541571337,0.00036097628407627536,-0.000874957163325707,0.0002887810272610203,0.24396873929083143,-0.8344471952568153,ALIGNED
SCN_006,404,13.4333,TRACKING,360.5,107.0,320.0,240.0,40.5,-133.0,0.253125,-0.83125,0.009156260709168557,0.0031971952568152773,0.007325008567334846,0.002557756205452222,0.25129374785816627,-0.8318894390513631,ALIGNED
SCN_006,405,13.4667,TRACKING,361.0,106.5,320.0,240.0,41.0,-133.5,0.25625,-0.8343750000000001,0.004956252141833706,-0.0024855609486369445,0.0039650017134669644,-0.0019884487589095557,0.25525874957163325,-0.8338778878102727,ALIGNED
SCN_006,406,13.5,TRACKING,364.0,108.0,320.0,240.0,44.0,-132.0,0.275,-0.8250000000000001,0.019741250428366774,0.008877887810272655,0.01579300034269342,0.007102310248218125,0.2710517499143267,-0.8267755775620546,ALIGNED
SCN_006,407,13.5333,TRACKING,366.0,108.0,320.0,240.0,46.0,-132.0,0.2875,-0.8250000000000001,0.0164482500856733,0.0017755775620544867,0.01315860006853864,0.0014204620496435895,0.2842103499828653,-0.8253551155124109,ALIGNED
SCN_006,408,13.5667,TRACKING,367.0,109.0,320.0,240.0,47.0,-131.0,0.29375,-0.8187499999999999,0.009539650017134693,0.006605115512411053,0.007631720013707755,0.005284092409928842,0.2918420699965731,-0.820071023102482,ALIGNED
SCN_006,409,13.6,TRACKING,368.0,108.0,320.0,240.0,48.0,-132.0,0.3,-0.8250000000000001,0.008157930003426905,-0.004928976897518034,0.006526344002741525,-0.003943181518014427,0.29836841399931463,-0.8240142046204965,ALIGNED
SCN_006,410,13.6333,TRACKING,370.0,110.5,320.0,240.0,50.0,-129.5,0.3125,-0.809375,0.01413158600068537,0.014639204620496504,0.011305268800548296,0.011711363696397204,0.3096736827998629,-0.8123028409240992,ALIGNED
SCN_006,411,13.6667,TRACKING,371.0,110.0,320.0,240.0,51.0,-130.0,0.31875,-0.8125,0.009076317200137074,-0.00019715907590078796,0.007261053760109659,-0.0001577272607206304,0.31693473655997256,-0.8124605681848198,ALIGNED
SCN_006,412,13.7,TRACKING,373.0,111.0,320.0,240.0,53.0,-129.0,0.33125,-0.8062499999999999,0.014315263440027426,0.006210568184819909,0.011452210752021942,0.004968454547855928,0.3283869473119945,-0.8074921136369639,ALIGNED
SCN_006,413,13.7333,TRACKING,374.0,111.0,320.0,240.0,54.0,-129.0,0.3375,-0.8062499999999999,0.009113052688005496,0.0012421136369640262,0.0072904421504043975,0.000993690909571221,0.33567738946239895,-0.8064984227273927,ALIGNED
SCN_006,414,13.7667,TRACKING,373.5,112.0,320.0,240.0,53.5,-128.0,0.334375,-0.8,-0.0013023894623989674,0.00649842272739265,-0.0010419115699191739,0.0051987381819141205,0.33463547789247977,-0.8012996845454786,ALIGNED
SCN_006,415,13.8,TRACKING,379.0,112.5,320.0,240.0,59.0,-127.5,0.36875,-0.796875,0.03411452210752025,0.004424684545478619,0.027291617686016203,0.0035397476363828954,0.36192709557849595,-0.7977599369090957,ALIGNED
SCN_006,416,13.8333,TRACKING,377.5,113.0,320.0,240.0,57.5,-127.0,0.359375,-0.79375,-0.00255209557849595,0.00400993690909579,-0.0020416764627967598,0.0032079495272766324,0.3598854191156992,-0.7945519873818191,ALIGNED
SCN_006,417,13.8667,TRACKING,379.5,114.0,320.0,240.0,59.5,-126.0,0.371875,-0.7875000000000001,0.011989580884300799,0.007051987381819003,0.00959166470744064,0.005641589905455203,0.3694770838231399,-0.7889103974763639,ALIGNED
SCN_006,418,13.9,TRACKING,381.0,114.0,320.0,240.0,61.0,-126.0,0.38125,-0.7875000000000001,0.011772916176860104,0.001410397476363845,0.009418332941488083,0.001128317981091076,0.37889541676462796,-0.7877820794952729,ALIGNED
SCN_006,419,13.9333,TRACKING,382.5,115.0,320.0,240.0,62.5,-125.0,0.390625,-0.78125,0.011729583235372043,0.006532079495272902,0.009383666588297635,0.005225663596218322,0.3882790833529256,-0.7825564158990546,ALIGNED
SCN_006,420,13.9667,TRACKING,385.0,116.0,320.0,240.0,65.0,-124.0,0.40625,-0.7750000000000001,0.017970916647074398,0.007556415899054425,0.01437673331765952,0.0060451327192435405,0.40265581667058514,-0.776511283179811,ALIGNED
SCN_006,421,14.0,TRACKING,385.0,116.5,320.0,240.0,65.0,-123.5,0.40625,-0.7718749999999999,0.0035941833294148573,0.004636283179811129,0.002875346663531886,0.0037090265438489037,0.40553116333411704,-0.7728022566359621,ALIGNED
SCN_006,422,14.0333,TRACKING,386.0,117.0,320.0,240.0,66.0,-123.0,0.4125,-0.7687499999999999,0.006968836665882938,0.004052256635962204,0.0055750693327063505,0.003241805308769763,0.4111062326668234,-0.7695604513271924,ALIGNED
SCN_006,423,14.0667,TRACKING,385.5,118.5,320.0,240.0,65.5,-121.5,0.409375,-0.7593749999999999,-0.0017312326668234013,0.010185451327192507,-0.001384986133458721,0.008148361061754006,0.40972124653336467,-0.7614120902654384,ALIGNED
SCN_006,424,14.1,TRACKING,388.0,118.0,320.0,240.0,68.0,-122.0,0.425,-0.7625,0.01527875346663532,-0.0010879097345615207,0.012223002773308256,-0.0008703277876492166,0.4219442493066729,-0.7622824180530876,ALIGNED
SCN_006,425,14.1333,TRACKING,389.5,119.0,320.0,240.0,69.5,-121.0,0.434375,-0.75625,0.012430750693327108,0.006032418053087629,0.009944600554661688,0.0048259344424701036,0.4318888498613346,-0.7574564836106175,ALIGNED
SCN_006,426,14.1667,TRACKING,391.0,120.0,320.0,240.0,71.0,-120.0,0.44375,-0.75,0.0118611501386654,0.007456483610617459,0.00948892011093232,0.0059651868884939676,0.4413777699722669,-0.7514912967221234,ALIGNED
SCN_006,427,14.2,TRACKING,392.5,120.0,320.0,240.0,72.5,-120.0,0.453125,-0.75,0.011747230027733091,0.0014912967221234474,0.009397784022186474,0.001193037377698758,0.4507755539944534,-0.7502982593444247,ALIGNED
SCN_006,428,14.2333,TRACKING,393.0,121.5,320.0,240.0,73.0,-118.5,0.45625,-0.7406250000000001,0.005474446005546585,0.009673259344424645,0.004379556804437268,0.007738607475539717,0.45515511079889065,-0.7425596518688851,ALIGNED
SCN_006,429,14.2667,TRACKING,395.0,122.0,320.0,240.0,75.0,-118.0,0.46875,-0.7374999999999999,0.01359488920110935,0.005059651868885129,0.010875911360887482,0.004047721495108104,0.46603102215977815,-0.7385119303737769,ALIGNED
SCN_006,430,14.3,TRACKING,397.0,123.5,320.0,240.0,77.0,-116.5,0.48125,-0.728125,0.015218977840221859,0.010386930373776915,0.012175182272177489,0.008309544299021532,0.47820620443195566,-0.7302023860747554,ALIGNED
SCN_006,431,14.3333,TRACKING,397.0,123.0,320.0,240.0,77.0,-117.0,0.48125,-0.73125,0.0030437955680443496,-0.0010476139252445504,0.00243503645443548,-0.0008380911401956404,0.48064124088639115,-0.731040477214951,ALIGNED
SCN_006,432,14.3667,TRACKING,398.0,124.0,320.0,240.0,78.0,-116.0,0.4875,-0.725,0.006858759113608837,0.0060404772149510455,0.00548700729088707,0.004832381771960837,0.48612824817727823,-0.7262080954429901,ALIGNED
SCN_006,433,14.4,TRACKING,400.0,125.0,320.0,240.0,80.0,-115.0,0.5,-0.71875,0.013871751822721767,0.0074580954429901425,0.011097401458177414,0.005966476354392115,0.4972256496354556,-0.7202416190885981,ALIGNED
SCN_006,434,14.4333,TRACKING,401.5,127.0,320.0,240.0,81.5,-113.0,0.509375,-0.70625,0.012149350364544398,0.013991619088598028,0.009719480291635519,0.011193295270878423,0.5069451299270912,-0.7090483238177197,ALIGNED
SCN_006,435,14.4667,TRACKING,402.0,127.5,320.0,240.0,82.0,-112.5,0.5125,-0.703125,0.00555487007290878,0.00592332381771965,0.004443896058327024,0.00473865905417572,0.5113890259854182,-0.704309664763544,ALIGNED
SCN_006,436,14.5,TRACKING,405.0,128.5,320.0,240.0,85.0,-111.5,0.53125,-0.696875,0.019860974014581756,0.00743466476354393,0.015888779211665406,0.005947731810835144,0.5272778051970837,-0.6983619329527088,ALIGNED
SCN_006,437,14.5333,TRACKING,404.0,128.5,320.0,240.0,84.0,-111.5,0.525,-0.696875,-0.002277805197083649,0.0014869329527087416,-0.0018222441576669192,0.0011895463621669933,0.5254555610394167,-0.6971723865905418,ALIGNED
SCN_006,438,14.5667,TRACKING,406.0,129.0,320.0,240.0,86.0,-111.0,0.5375,-0.6937500000000001,0.01204443896058327,0.003422386590541726,0.009635551168466617,0.002737909272433381,0.5350911122078833,-0.6944344773181085,ALIGNED
SCN_006,439,14.6,TRACKING,401.5,1.5,320.0,240.0,81.5,-238.5,0.509375,-1.490625,-0.02571611220788328,-0.7961905226818916,-0.020572889766306626,-0.16666666666666666,0.5145182224415766,-0.8611011439847751,ALIGNING
SCN_006,440,14.6333,TRACKING,408.0,130.0,320.0,240.0,88.0,-110.0,0.55,-0.6875,0.03548177755842341,0.1736011439847751,0.02838542204673873,0.1388809151878201,0.5429036444883154,-0.722220228796955,ALIGNING
SCN_006,441,14.6667,TRACKING,409.0,133.0,320.0,240.0,89.0,-107.0,0.55625,-0.6687500000000001,0.013346355511684616,0.053470228796954955,0.010677084409347693,0.04277618303756397,0.5535807288976631,-0.6794440457593911,ALIGNING
SCN_006,442,14.7,TRACKING,412.0,132.5,320.0,240.0,92.0,-107.5,0.575,-0.671875,0.02141927110233688,0.007569045759391102,0.017135416881869505,0.006055236607512882,0.5707161457795326,-0.6733888091518783,ALIGNED
SCN_006,443,14.7333,TRACKING,411.0,134.0,320.0,240.0,91.0,-106.0,0.56875,-0.6625,-0.00196614577953258,0.010888809151878287,-0.001572916623626064,0.00871104732150263,0.5691432291559065,-0.6646777618303756,ALIGNED
SCN_006,444,14.7667,TRACKING,411.5,135.0,320.0,240.0,91.5,-105.0,0.571875,-0.65625,0.002731770844093484,0.008427761830375635,0.0021854166752747874,0.0067422094643005085,0.5713286458311814,-0.6579355523660751,ALIGNED
SCN_006,445,14.8,TRACKING,413.5,136.5,320.0,240.0,93.5,-103.5,0.584375,-0.6468750000000001,0.013046354168818608,0.01106055236607506,0.010437083335054886,0.008848441892860048,0.5817657291662363,-0.6490871104732151,ALIGNED
SCN_006,446,14.8333,TRACKING,415.0,137.0,320.0,240.0,95.0,-103.0,0.59375,-0.6437499999999999,0.011984270833763744,0.0053371104732151675,0.009587416667010996,0.004269688378572134,0.5913531458332473,-0.644817422094643,ALIGNED
SCN_006,447,14.8667,TRACKING,416.0,138.0,320.0,240.0,96.0,-102.0,0.6,-0.6375,0.008646854166752704,0.0073174220946430335,0.006917483333402164,0.005853937675714427,0.5982706291666494,-0.6389634844189286,ALIGNED
SCN_006,448,14.9,TRACKING,417.0,139.0,320.0,240.0,97.0,-101.0,0.60625,-0.63125,0.007979370833350541,0.007713484418928607,0.006383496666680433,0.006170787535142885,0.6046541258333299,-0.6327926968837857,ALIGNED
SCN_006,449,14.9333,TRACKING,418.0,140.0,320.0,240.0,98.0,-100.0,0.6125,-0.625,0.007845874166670153,0.007792696883785699,0.006276699333336123,0.0062341575070285595,0.610930825166666,-0.6265585393767571,ALIGNED
SCN_006,450,14.9667,TRACKING,420.5,142.5,320.0,240.0,100.5,-97.5,0.628125,-0.609375,0.017194174833334075,0.017183539376757095,0.01375533986666726,0.013746831501405677,0.6246861650333332,-0.6128117078753514,ALIGNED
SCN_006,451,15.0,TRACKING,420.5,141.5,320.0,240.0,100.5,-98.5,0.628125,-0.615625,0.0034388349666668594,-0.0028132921246485365,0.002751067973333488,-0.0022506336997188295,0.6274372330066667,-0.6150623415750702,ALIGNED
SCN_006,452,15.0333,TRACKING,420.5,143.0,320.0,240.0,100.5,-97.0,0.628125,-0.60625,0.0006877669933333941,0.00881234157507027,0.0005502135946667153,0.007049873260056217,0.6279874466013333,-0.608012468315014,ALIGNED
SCN_006,453,15.0667,TRACKING,421.5,144.0,320.0,240.0,101.5,-96.0,0.634375,-0.6000000000000001,0.006387553398666701,0.008012468315013899,0.005110042718933361,0.006409974652011119,0.6330974893202667,-0.6016024936630029,ALIGNED
SCN_006,454,15.1,TRACKING,423.5,145.0,320.0,240.0,103.5,-95.0,0.646875,-0.59375,0.013777510679733318,0.00785249366300289,0.011022008543786654,0.006281994930402313,0.6441194978640533,-0.5953204987326006,ALIGNED
SCN_006,455,15.1333,TRACKING,424.0,146.5,320.0,240.0,104.0,-93.5,0.65,-0.584375,0.005880502135946708,0.010945498732600645,0.004704401708757367,0.008756398986080516,0.6488238995728107,-0.5865640997465201,ALIGNED
SCN_006,456,15.1667,TRACKING,425.0,147.0,320.0,240.0,105.0,-93.0,0.65625,-0.58125,0.007426100427189275,0.0053140997465200845,0.0059408803417514205,0.004251279797216068,0.6547647799145622,-0.5823128199493041,ALIGNED
SCN_006,457,15.2,TRACKING,426.5,148.0,320.0,240.0,106.5,-92.0,0.665625,-0.5750000000000001,0.010860220085437855,0.007312819949303995,0.008688176068350284,0.005850255959443196,0.6634529559829124,-0.5764625639898608,ALIGNED
SCN_006,458,15.2333,TRACKING,426.5,148.5,320.0,240.0,106.5,-91.5,0.665625,-0.5718749999999999,0.002172044017087593,0.004587563989860932,0.0017376352136700746,0.003670051191888746,0.6651905911965825,-0.572792512797972,ALIGNED
SCN_006,459,15.2667,TRACKING,428.0,151.0,320.0,240.0,108.0,-89.0,0.675,-0.55625,0.009809408803417519,0.01654251279797203,0.007847527042734016,0.013234010238377626,0.6730381182393166,-0.5595585025595944,ALIGNED
SCN_006,460,15.3,TRACKING,430.5,152.0,320.0,240.0,110.5,-88.0,0.690625,-0.5499999999999999,0.01758688176068346,0.00955850255959445,0.014069505408546769,0.007646802047675561,0.6871076236478634,-0.5519117005119188,ALIGNED
SCN_006,461,15.3333,TRACKING,430.5,153.0,320.0,240.0,110.5,-87.0,0.690625,-0.54375,0.0035173763521366697,0.00816170051191889,0.002813901081709336,0.006529360409535112,0.6899215247295727,-0.5453823401023837,ALIGNED
SCN_006,462,15.3667,TRACKING,430.0,155.0,320.0,240.0,110.0,-85.0,0.6875,-0.53125,-0.0024215247295726883,0.014132340102383734,-0.0019372197836581507,0.011305872081906988,0.6879843049459146,-0.5340764680204767,ALIGNED
SCN_006,463,15.4,TRACKING,431.5,156.5,320.0,240.0,111.5,-83.5,0.696875,-0.521875,0.008890695054085462,0.012201468020476725,0.007112556043268371,0.00976117441638138,0.6950968609891829,-0.5243152936040953,ALIGNED
SCN_006,464,15.4333,TRACKING,432.5,156.5,320.0,240.0,112.5,-83.5,0.703125,-0.521875,0.008028139010817115,0.002440293604095367,0.006422511208653692,0.0019522348832762939,0.7015193721978366,-0.522363058720819,ALIGNED
SCN_006,465,15.4667,TRACKING,433.0,157.0,320.0,240.0,113.0,-83.0,0.70625,-0.51875,0.0047306278021634895,0.0036130587208189624,0.003784502241730792,0.00289044697665517,0.7053038744395673,-0.5194726117441638,ALIGNED
SCN_006,466,15.5,TRACKING,434.0,159.0,320.0,240.0,114.0,-81.0,0.7125,-0.5062500000000001,0.007196125560432698,0.013222611744163726,0.0057569004483461585,0.010578089395330982,0.7110607748879135,-0.5088945223488328,ALIGNED
SCN_006,467,15.5333,TRACKING,435.0,160.0,320.0,240.0,115.0,-80.0,0.71875,-0.5,0.007689225112086473,0.008894522348832812,0.006151380089669179,0.00711561787906625,0.7172121549775827,-0.5017789044697666,ALIGNED
SCN_006,468,15.5667,TRACKING,436.0,161.0,320.0,240.0,116.0,-79.0,0.725,-0.49375,0.00778784502241725,0.008028904469766562,0.0062302760179338,0.006423123575813251,0.7234424309955165,-0.4953557808939533,ALIGNED
SCN_006,469,15.6,TRACKING,437.0,162.5,320.0,240.0,117.0,-77.5,0.73125,-0.484375,0.007807569004483428,0.010980780893953324,0.0062460552035867424,0.00878462471516266,0.7296884861991033,-0.48657115617879065,ALIGNED
SCN_006,470,15.6333,TRACKING,438.5,163.0,320.0,240.0,118.5,-77.0,0.740625,-0.48125000000000007,0.010936513800896663,0.005321156178790587,0.00874921104071733,0.004256924943032469,0.7384376972398207,-0.4823142312357582,ALIGNED
SCN_006,471,15.6667,TRACKING,437.5,165.0,320.0,240.0,117.5,-75.0,0.734375,-0.46875,-0.004062697239820667,0.013564231235758173,-0.003250157791856534,0.010851384988606539,0.7351875394479641,-0.4714628462471516,ALIGNED
SCN_006,472,15.7,TRACKING,439.5,166.0,320.0,240.0,119.5,-74.0,0.746875,-0.4625,0.011687460552035844,0.008962846247151601,0.009349968441628677,0.007170276997721281,0.7445375078895928,-0.46429256924943035,ALIGNED
SCN_006,473,15.7333,TRACKING,440.5,168.0,320.0,240.0,120.5,-72.0,0.753125,-0.44999999999999996,0.008587492110407213,0.014292569249430398,0.006869993688325771,0.01143405539954432,0.7514075015779186,-0.452858513849886,ALIGNED
SCN_006,474,15.7667,TRACKING,441.0,168.0,320.0,240.0,121.0,-72.0,0.75625,-0.44999999999999996,0.004842498422081398,0.0028585138498860574,0.0038739987376651187,0.002286811079908846,0.7552815003155837,-0.45057170276997716,ALIGNED
SCN_006,475,15.8,TRACKING,441.5,170.5,320.0,240.0,121.5,-69.5,0.759375,-0.43437500000000007,0.004093499684416302,0.01619670276997709,0.0032747997475330417,0.012957362215981672,0.7585563000631168,-0.4376143405539955,ALIGNED
SCN_006,476,15.8333,TRACKING,442.0,171.0,320.0,240.0,122.0,-69.0,0.7625,-0.43124999999999997,0.003943699936883149,0.00636434055399554,0.0031549599495065196,0.005091472443196432,0.7617112600126233,-0.4325228681107991,ALIGNED
SCN_006,477,15.8667,TRACKING,442.5,172.0,320.0,240.0,122.5,-68.0,0.765625,-0.425,0.003913739987376652,0.007522868110799108,0.003130991989901322,0.006018294488639287,0.7648422520025246,-0.4265045736221598,ALIGNED
SCN_006,478,15.9,TRACKING,444.5,174.0,320.0,240.0,124.5,-66.0,0.778125,-0.41250000000000003,0.013282747997475308,0.014004573622159788,0.010626198397980248,0.011203658897727831,0.7754684504005049,-0.415300914724432,ALIGNED
SCN_006,479,15.9333,TRACKING,445.0,177.0,320.0,240.0,125.0,-63.0,0.78125,-0.39375000000000004,0.005781549599495062,0.021550914724431935,0.004625239679596049,0.01724073177954555,0.780093690080101,-0.39806018294488643,ALIGNED
SCN_006,480,15.9667,TRACKING,445.5,176.5,320.0,240.0,125.5,-63.5,0.784375,-0.396875,0.004281309919899057,0.0011851829448864537,0.0034250479359192454,0.000948146355909163,0.7835187380160202,-0.39711203658897726,ALIGNED
SCN_006,481,16.0,TRACKING,446.0,177.0,320.0,240.0,126.0,-63.0,0.7875,-0.39375000000000004,0.003981261983979745,0.003362036588977213,0.003185009587183796,0.0026896292711817704,0.786703747603204,-0.3944224073177955,ALIGNED
SCN_006,482,16.0333,TRACKING,447.0,178.0,320.0,240.0,127.0,-62.0,0.79375,-0.38750000000000007,0.0070462523967959045,0.00692240731779542,0.005637001917436724,0.005537925854236337,0.7923407495206408,-0.38888448146355914,ALIGNED
SCN_006,483,16.0667,TRACKING,445.5,180.5,320.0,240.0,125.5,-59.5,0.784375,-0.371875,-0.007965749520640775,0.01700948146355913,-0.00637259961651262,0.013607585170847303,0.7859681499041282,-0.3752768962927118,ALIGNED
SCN_006,484,16.1,TRACKING,448.0,181.0,320.0,240.0,128.0,-59.0,0.8,-0.36874999999999997,0.014031850095871823,0.006526896292711859,0.011225480076697459,0.005221517034169488,0.7971936299808257,-0.3700553792585423,ALIGNED
SCN_006,485,16.1333,TRACKING,449.0,182.0,320.0,240.0,129.0,-58.0,0.80625,-0.3625,0.009056370019174365,0.007555379258542327,0.007245096015339492,0.006044303406833863,0.8044387259961652,-0.36401107585170844,ALIGNED
SCN_006,486,16.1667,TRACKING,451.5,184.0,320.0,240.0,131.5,-56.0,0.821875,-0.35,0.01743627400383485,0.014011075851708465,0.013949019203067882,0.011208860681366773,0.8183877451992331,-0.35280221517034166,ALIGNED
SCN_006,487,16.2,TRACKING,449.0,185.0,320.0,240.0,129.0,-55.0,0.80625,-0.34375,-0.012137745199233052,0.00905221517034166,-0.009710196159386442,0.007241772136273328,0.8086775490398467,-0.34556044303406835,ALIGNED
SCN_006,488,16.2333,TRACKING,450.5,189.5,320.0,240.0,130.5,-50.5,0.815625,-0.315625,0.006947450960153367,0.029935443034068365,0.005557960768122695,0.023948354427254695,0.8142355098079693,-0.3216120886068137,ALIGNED
SCN_006,489,16.2667,TRACKING,451.0,188.5,320.0,240.0,131.0,-51.5,0.81875,-0.32187499999999997,0.004514490192030651,-0.00026291139318629364,0.0036115921536245214,-0.00021032911454903493,0.8178471019615938,-0.3218224177213627,ALIGNED
SCN_006,490,16.3,TRACKING,451.0,189.0,320.0,240.0,131.0,-51.0,0.81875,-0.31875,0.0009028980384061525,0.0030724177213627413,0.000722318430724922,0.0024579341770901934,0.8185694203923187,-0.31936448354427255,ALIGNED
SCN_006,491,16.3333,TRACKING,452.0,191.5,320.0,240.0,132.0,-48.5,0.825,-0.303125,0.0064305796076812305,0.01623948354427257,0.005144463686144985,0.012991586835418057,0.8237138840784637,-0.3063728967088545,ALIGNED
SCN_006,492,16.3667,TRACKING,452.0,192.0,320.0,240.0,132.0,-48.0,0.825,-0.30000000000000004,0.0012861159215362683,0.006372896708854436,0.0010288927372290146,0.005098317367083549,0.8247427768156927,-0.30127457934177093,ALIGNED
SCN_006,493,16.4,TRACKING,453.0,195.0,320.0,240.0,133.0,-45.0,0.83125,-0.28125,0.006507223184307298,0.02002457934177093,0.005205778547445839,0.016019663473416747,0.8299485553631386,-0.28525491586835416,ALIGNED
SCN_006,494,16.4333,TRACKING,453.5,195.5,320.0,240.0,133.5,-44.5,0.834375,-0.278125,0.004426444636861371,0.007129915868354153,0.0035411557094890966,0.005703932694683323,0.8334897110726277,-0.27955098317367083,ALIGNED
SCN_006,495,16.4667,TRACKING,454.0,196.0,320.0,240.0,134.0,-44.0,0.8375,-0.27499999999999997,0.004010288927372319,0.004550983173670864,0.003208231141897855,0.0036407865389366913,0.8366979422145255,-0.27591019663473415,ALIGNED
SCN_006,496,16.5,TRACKING,454.5,198.0,320.0,240.0,134.5,-42.0,0.840625,-0.26249999999999996,0.003927057785474419,0.013410196634734195,0.0031416462283795354,0.010728157307787357,0.8398395884429051,-0.2651820393269468,ALIGNED
SCN_006,497,16.5333,TRACKING,455.0,199.0,320.0,240.0,135.0,-41.0,0.84375,-0.25625,0.003910411557094928,0.008932039326946806,0.0031283292456759427,0.0071456314615574446,0.842967917688581,-0.25803640786538934,ALIGNED
SCN_006,498,16.5667,TRACKING,454.5,200.0,320.0,240.0,134.5,-40.0,0.840625,-0.25,-0.002342917688581081,0.008036407865389339,-0.001874334150864865,0.006429126292311471,0.8410935835377161,-0.2516072815730779,ALIGNED
SCN_006,499,16.6,TRACKING,455.0,202.5,320.0,240.0,135.0,-37.5,0.84375,-0.234375,0.0026564164622838726,0.01723228157307788,0.002125133169827098,0.013785825258462303,0.8432187167075432,-0.23782145631461557,ALIGNED
SCN_006,500,16.6333,TRACKING,456.0,203.0,320.0,240.0,136.0,-37.0,0.85,-0.23125,0.006781283292456752,0.006571456314615559,0.005425026633965402,0.0052571650516924475,0.8486437433415086,-0.23256429126292313,ALIGNED
SCN_006,501,16.6667,TRACKING,455.0,203.5,320.0,240.0,135.0,-36.5,0.84375,-0.22812499999999997,-0.004893743341508605,0.004439291262923167,-0.003914994673206884,0.003551433010338534,0.8447287486683017,-0.2290128582525846,ALIGNED
SCN_006,502,16.7,TRACKING,457.5,206.0,320.0,240.0,137.5,-34.0,0.859375,-0.2125,0.014646251331698279,0.01651285825258461,0.011717001065358624,0.013210286602067689,0.8564457497336604,-0.21580257165051692,ALIGNED
SCN_006,503,16.7333,TRACKING,457.5,209.0,320.0,240.0,137.5,-31.0,0.859375,-0.19375000000000003,0.0029292502663396114,0.022052571650516883,0.002343400213071689,0.017642057320413507,0.8587891499467321,-0.1981605143301034,ALIGNED
SCN_006,504,16.7667,TRACKING,457.0,208.5,320.0,240.0,137.0,-31.5,0.85625,-0.19687500000000002,-0.0025391499467321,0.0012855143301033767,-0.00203131995738568,0.0010284114640827014,0.8567578299893464,-0.1971321028660207,ALIGNED
SCN_006,505,16.8,TRACKING,457.5,210.5,320.0,240.0,137.5,-29.5,0.859375,-0.18437499999999998,0.0026171700106536466,0.01275710286602072,0.0020937360085229173,0.010205682292816577,0.8588515659978693,-0.18692642057320413,ALIGNED
SCN_006,506,16.8333,TRACKING,457.5,211.5,320.0,240.0,137.5,-28.5,0.859375,-0.17812499999999998,0.0005234340021307293,0.008801420573204155,0.0004187472017045835,0.007041136458563324,0.8592703131995738,-0.1798852841146408,ALIGNED
SCN_006,507,16.8667,TRACKING,460.5,215.0,320.0,240.0,140.5,-25.0,0.878125,-0.15625,0.018854686800426235,0.023635284114640803,0.015083749440340988,0.018908227291712643,0.8743540626399148,-0.16097705682292815,ALIGNED
SCN_006,508,16.9,TRACKING,459.0,217.0,320.0,240.0,139.0,-23.0,0.86875,-0.14375000000000002,-0.005604062639914753,0.017227056822928133,-0.004483250111931803,0.013781645458342507,0.8698708125279829,-0.14719541136458564,ALIGNED
SCN_006,509,16.9333,TRACKING,459.0,216.0,320.0,240.0,139.0,-24.0,0.86875,-0.15000000000000002,-0.0011208125279829062,-0.0028045886354143845,-0.000896650022386325,-0.002243670908331508,0.8689741625055966,-0.14943908227291713,ALIGNED
SCN_006,510,16.9667,TRACKING,459.0,218.0,320.0,240.0,139.0,-22.0,0.86875,-0.13749999999999998,-0.00022416250559653683,0.01193908227291715,-0.00017933000447722947,0.009551265818333722,0.8687948325011193,-0.13988781645458342,ALIGNED
SCN_006,511,17.0,TRACKING,458.5,219.0,320.0,240.0,138.5,-21.0,0.865625,-0.13124999999999998,-0.0031698325011193518,0.008637816454583447,-0.0025358660008954815,0.006910253163666758,0.8662589665002238,-0.13297756329091667,ALIGNED
SCN_006,512,17.0333,TRACKING,459.0,221.0,320.0,240.0,139.0,-19.0,0.86875,-0.11875,0.0024910334997761963,0.014227563290916678,0.001992826799820957,0.011382050632733343,0.8682517933000448,-0.12159551265818333,ALIGNED
SCN_006,513,17.0667,TRACKING,460.0,221.5,320.0,240.0,140.0,-18.5,0.875,-0.115625,0.006748206699955239,0.0059705126581833246,0.005398565359964191,0.00477641012654666,0.873650358660009,-0.11681910253163667,ALIGNED
SCN_006,514,17.1,TRACKING,459.5,223.5,320.0,240.0,139.5,-16.5,0.871875,-0.10312500000000001,-0.0017753586600089966,0.013694102531636665,-0.0014202869280071973,0.010955282025309333,0.8722300717320017,-0.10586382050632734,ALIGNED
SCN_006,515,17.1333,TRACKING,460.0,225.0,320.0,240.0,140.0,-15.0,0.875,-0.09375,0.0027699282679982673,0.012113820506327339,0.002215942614398614,0.009691056405061871,0.8744460143464003,-0.09617276410126546,ALIGNED
SCN_006,516,17.1667,TRACKING,459.5,226.5,320.0,240.0,139.5,-13.5,0.871875,-0.084375,-0.002571014346400391,0.011797764101265457,-0.002056811477120313,0.009438211281012366,0.87238920286928,-0.0867345528202531,ALIGNED
SCN_006,517,17.2,TRACKING,460.0,228.0,320.0,240.0,140.0,-12.0,0.875,-0.07500000000000001,0.0026107971307199884,0.011734552820253083,0.002088637704575991,0.009387642256202467,0.874477840573856,-0.07734691056405063,ALIGNED
SCN_006,518,17.2333,TRACKING,460.5,229.0,320.0,240.0,140.5,-11.0,0.878125,-0.06874999999999999,0.00364715942614402,0.008596910564050639,0.002917727540915216,0.006877528451240511,0.8773955681147713,-0.07046938211281012,ALIGNED
SCN_006,519,17.2667,TRACKING,460.5,230.5,320.0,240.0,140.5,-9.5,0.878125,-0.059375,0.0007294318852287818,0.011094382112810122,0.0005835455081830255,0.008875505690248099,0.8779791136229543,-0.06159387642256202,ALIGNED
SCN_006,520,17.3,TRACKING,460.5,232.0,320.0,240.0,140.5,-8.0,0.878125,-0.05,0.00014588637704571195,0.011593876422562016,0.00011670910163656956,0.009275101138049613,0.8780958227245909,-0.052318775284512405,ALIGNED
SCN_006,521,17.3333,TRACKING,461.0,234.0,320.0,240.0,141.0,-6.0,0.88125,-0.037500000000000006,0.00315417727540912,0.014818775284512399,0.0025233418203272962,0.01185502022760992,0.8806191645449182,-0.04046375505690249,ALIGNED
SCN_006,522,17.3667,TRACKING,461.0,235.0,320.0,240.0,141.0,-5.0,0.88125,-0.03125,0.0006308354550818018,0.009213755056902487,0.0005046683640654415,0.007371004045521989,0.8811238329089837,-0.0330927510113805,ALIGNED
SCN_006,523,17.4,TRACKING,462.0,236.5,320.0,240.0,142.0,-3.5,0.8875,-0.021875,0.006376167091016294,0.011217751011380499,0.0051009336728130355,0.0089742008091044,0.8862247665817967,-0.024118550202276098,ALIGNED
SCN_006,524,17.4333,TRACKING,461.0,238.0,320.0,240.0,141.0,-2.0,0.88125,-0.0125,-0.004974766581796741,0.011618550202276097,-0.003979813265437393,0.009294840161820878,0.8822449533163593,-0.01482371004045522,ALIGNED
SCN_006,525,17.4667,TRACKING,461.0,238.0,320.0,240.0,141.0,-2.0,0.88125,-0.0125,-0.0009949533163593482,0.0023237100404552187,-0.0007959626530874786,0.001858968032364175,0.8814489906632719,-0.012964742008091045,ALIGNED
SCN_006,526,17.5,TRACKING,461.5,241.0,320.0,240.0,141.5,1.0,0.884375,0.00625,0.0029260093367281526,0.019214742008091045,0.0023408074693825223,0.015371793606472837,0.8837897981326543,0.0024070515983817924,ALIGNED
SCN_006,527,17.5333,TRACKING,461.0,242.0,320.0,240.0,141.0,2.0,0.88125,0.0125,-0.0025397981326543695,0.010092948401618208,-0.0020318385061234958,0.008074358721294568,0.8817579596265308,0.01048141031967636,ALIGNED
SCN_006,528,17.5667,TRACKING,460.5,244.0,320.0,240.0,140.5,4.0,0.878125,0.025,-0.003632959626530763,0.014518589680323641,-0.0029063677012246105,0.011614871744258914,0.8788515919253062,0.022096282063935276,ALIGNED
SCN_006,529,17.6,TRACKING,460.0,245.5,320.0,240.0,140.0,5.5,0.875,0.034374999999999996,-0.0038515919253061526,0.01227871793606472,-0.0030812735402449224,0.009822974348851777,0.8757703183850613,0.031919256412787055,ALIGNED
SCN_006,530,17.6333,TRACKING,461.0,247.0,320.0,240.0,141.0,7.0,0.88125,0.04375,0.005479681614938725,0.011830743587212943,0.00438374529195098,0.009464594869770354,0.8801540636770122,0.04138385128255741,ALIGNED
SCN_006,531,17.6667,TRACKING,462.0,248.0,320.0,240.0,142.0,8.0,0.8875,0.05,0.007345936322987745,0.008616148717442595,0.005876749058390196,0.006892918973954077,0.8860308127354024,0.04827677025651148,ALIGNED
SCN_006,532,17.7,TRACKING,461.5,250.5,320.0,240.0,141.5,10.5,0.884375,0.06562499999999999,-0.0016558127354023844,0.017348229743488507,-0.0013246501883219077,0.013878583794790806,0.8847061625470805,0.06215535405130229,ALIGNED
SCN_006,533,17.7333,TRACKING,461.0,251.0,320.0,240.0,141.0,11.0,0.88125,0.06874999999999999,-0.003456162547080477,0.0065946459486977,-0.0027649300376643817,0.00527571675895816,0.881941232509416,0.06743107081026045,ALIGNED
SCN_006,534,17.7667,TRACKING,462.0,253.0,320.0,240.0,142.0,13.0,0.8875,0.08125,0.005558767490583927,0.013818929189739551,0.004447013992467142,0.011055143351791641,0.8863882465018832,0.07848621416205209,ALIGNED
SCN_006,535,17.8,TRACKING,460.0,254.0,320.0,240.0,140.0,14.0,0.875,0.0875,-0.011388246501883192,0.009013785837947902,-0.009110597201506554,0.007211028670358322,0.8772776493003767,0.08569724283241041,ALIGNED
SCN_006,536,17.8333,TRACKING,460.0,256.0,320.0,240.0,140.0,16.0,0.875,0.1,-0.0022776493003766607,0.014302757167589594,-0.0018221194403013287,0.011442205734071675,0.8754555298600754,0.09713944856648209,ALIGNED
SCN_006,537,17.8667,TRACKING,460.5,257.0,320.0,240.0,140.5,17.0,0.878125,0.10625,0.00266947013992469,0.00911055143351791,0.0021355761119397523,0.007288441146814329,0.8775911059720151,0.10442788971329642,ALIGNED
SCN_006,538,17.9,TRACKING,460.0,259.0,320.0,240.0,140.0,19.0,0.875,0.11875,-0.002591105972015062,0.014322110286703577,-0.0020728847776120495,0.011457688229362863,0.875518221194403,0.11588557794265927,ALIGNED
SCN_006,539,17.9333,TRACKING,458.5,260.0,320.0,240.0,138.5,20.0,0.865625,0.125,-0.009893221194403057,0.009114422057340726,-0.007914576955522445,0.007291537645872582,0.8676036442388806,0.12317711558853185,ALIGNED
SCN_006,540,17.9667,TRACKING,460.0,261.0,320.0,240.0,140.0,21.0,0.875,0.13124999999999998,0.007396355761119411,0.008072884411468126,0.005917084608895529,0.006458307529174501,0.8735207288477761,0.12963542311770634,ALIGNED
SCN_006,541,18.0,TRACKING,459.5,263.0,320.0,240.0,139.5,23.0,0.871875,0.14375000000000002,-0.00164572884777614,0.014114576882293672,-0.001316583078220912,0.011291661505834938,0.8722041457695552,0.14092708462354128,ALIGNED
SCN_006,542,18.0333,TRACKING,457.5,265.0,320.0,240.0,137.5,25.0,0.859375,0.15625,-0.012829145769555184,0.015322915376458718,-0.010263316615644148,0.012258332301166975,0.861940829153911,0.15318541692470825,ALIGNED
SCN_006,543,18.0667,TRACKING,459.5,266.0,320.0,240.0,139.5,26.0,0.871875,0.1625,0.009934170846088941,0.00931458307529176,0.007947336676871154,0.007451666460233409,0.8698881658307822,0.16063708338494165,ALIGNED
SCN_006,544,18.1,TRACKING,458.5,268.0,320.0,240.0,138.5,28.0,0.865625,0.175,-0.004263165830782234,0.014362916615058341,-0.0034105326646257875,0.011490333292046673,0.8664776331661564,0.17212741667698833,ALIGNED
SCN_006,545,18.1333,TRACKING,458.0,269.5,320.0,240.0,138.0,29.5,0.8625,0.18437499999999998,-0.003977633166156402,0.012247583323011652,-0.003182106532925122,0.009798066658409321,0.8632955266332313,0.18192548333539765,ALIGNED
SCN_006,546,18.1667,TRACKING,458.0,270.5,320.0,240.0,138.0,30.5,0.8625,0.190625,-0.0007955266332312361,0.008699516664602336,-0.0006364213065849889,0.006959613331681869,0.8626591053266462,0.18888509666707953,ALIGNED
SCN_006,547,18.2,TRACKING,458.0,271.0,320.0,240.0,138.0,31.0,0.8625,0.19375000000000003,-0.0001591053266462028,0.0048649033329205005,-0.00012728426131696226,0.0038919226663364005,0.8625318210653293,0.19277701933341593,ALIGNED
SCN_006,548,18.2333,TRACKING,456.0,273.0,320.0,240.0,136.0,33.0,0.85,0.20625000000000002,-0.012531821065329352,0.013472980666584089,-0.010025456852263482,0.010778384533267273,0.8525063642130658,0.2035554038666832,ALIGNED
SCN_006,549,18.2667,TRACKING,460.0,274.5,320.0,240.0,140.0,34.5,0.875,0.21562499999999998,0.022493635786934196,0.01206959613331679,0.01799490862954736,0.009655676906653433,0.8705012728426131,0.21321108077333661,ALIGNED
SCN_006,550,18.3,TRACKING,457.0,276.0,320.0,240.0,137.0,36.0,0.85625,0.22499999999999998,-0.014251272842613183,0.011788919226663364,-0.011401018274090548,0.009431135381330691,0.8591002545685226,0.2226422161546673,ALIGNED
SCN_006,551,18.3333,TRACKING,456.0,277.5,320.0,240.0,136.0,37.5,0.85,0.234375,-0.009100254568522592,0.01173278384533269,-0.007280203654818074,0.009386227076266152,0.8518200509137045,0.23202844323093347,ALIGNED
SCN_006,552,18.3667,TRACKING,456.0,278.5,320.0,240.0,136.0,38.5,0.85,0.24062500000000003,-0.0018200509137045184,0.008596556769066566,-0.0014560407309636147,0.0068772454152532525,0.8503640101827409,0.23890568864618672,ALIGNED
SCN_006,553,18.4,TRACKING,455.0,279.5,320.0,240.0,135.0,39.5,0.84375,0.246875,-0.0066140101827408815,0.007969311353813291,-0.005291208146192706,0.006375449083050633,0.8450728020365482,0.24528113772923735,ALIGNED
SCN_006,554,18.4333,TRACKING,455.5,281.0,320.0,240.0,135.5,41.0,0.846875,0.25625,0.0018021979634518237,0.01096886227076263,0.001441758370761459,0.008775089816610104,0.8465145604073097,0.25405622754584745,ALIGNED
SCN_006,555,18.4667,TRACKING,454.0,283.0,320.0,240.0,134.0,43.0,0.8375,0.26875,-0.009014560407309635,0.014693772454152543,-0.007211648325847708,0.011755017963322035,0.8393029120814619,0.26581124550916946,ALIGNED
SCN_006,556,18.5,TRACKING,454.0,284.0,320.0,240.0,134.0,44.0,0.8375,0.27499999999999997,-0.0018029120814618826,0.009188754490830509,-0.0014423296651695063,0.007351003592664407,0.8378605824162924,0.27316224910183384,ALIGNED
SCN_006,557,18.5333,TRACKING,454.0,286.5,320.0,240.0,134.0,46.5,0.8375,0.290625,-0.0003605824162923321,0.01746275089816618,-0.00028846593303386573,0.013970200718532944,0.8375721164832585,0.2871324498203668,ALIGNED
SCN_006,558,18.5667,TRACKING,453.0,286.5,320.0,240.0,133.0,46.5,0.83125,0.290625,-0.006322116483258422,0.003492550179633236,-0.005057693186606738,0.002794040143706589,0.8325144232966517,0.2899264899640734,ALIGNED
SCN_006,559,18.6,TRACKING,453.0,288.5,320.0,240.0,133.0,48.5,0.83125,0.303125,-0.0012644232966516622,0.013198510035926592,-0.0010115386373213298,0.010558808028741274,0.8315028846593304,0.30048529799281465,ALIGNED
SCN_006,560,18.6333,TRACKING,452.0,290.0,320.0,240.0,132.0,50.0,0.825,0.3125,-0.006502884659330466,0.012014702007185352,-0.005202307727464373,0.009611761605748281,0.8263005769318661,0.31009705959856293,ALIGNED
SCN_006,561,18.6667,TRACKING,453.0,291.0,320.0,240.0,133.0,51.0,0.83125,0.31875,0.004949423068133951,0.008652940401437048,0.003959538454507161,0.006922352321149639,0.8302601153863732,0.31701941191971256,ALIGNED
SCN_006,562,18.7,TRACKING,451.5,292.0,320.0,240.0,131.5,52.0,0.821875,0.325,-0.00838511538637321,0.007980588080287454,-0.0067080923090985685,0.006384470464229963,0.8235520230772747,0.3234038823839425,ALIGNED
SCN_006,563,18.7333,TEMPORARILY_LOST,451.5,292.0,320.0,240.0,131.5,52.0,0.821875,0.325,-0.0016770230772746864,0.0015961176160574908,-0.0013416184618197493,0.0012768940928459928,0.8222104046154549,0.3246807764767885,ALIGNED
SCN_006,564,18.7667,REACQUIRED,450.0,294.0,320.0,240.0,130.0,54.0,0.8125,0.3375,-0.009710404615454915,0.01281922352321152,-0.007768323692363932,0.010255378818569217,0.814442080923091,0.3349361552953577,ALIGNED
SCN_006,565,18.8,TRACKING,450.0,297.0,320.0,240.0,130.0,57.0,0.8125,0.35624999999999996,-0.0019420809230910052,0.02131384470464226,-0.0015536647384728043,0.01705107576371381,0.8128884161846182,0.3519872310590715,ALIGNED
SCN_006,566,18.8333,TRACKING,449.0,298.0,320.0,240.0,129.0,58.0,0.80625,0.3625,-0.006638416184618134,0.010512768940928507,-0.005310732947694508,0.008410215152742807,0.8075776832369237,0.3603974462118143,ALIGNED
SCN_006,567,18.8667,TRACKING,448.0,300.0,320.0,240.0,128.0,60.0,0.8,0.375,-0.007577683236923649,0.014602553788185701,-0.0060621465895389194,0.011682043030548562,0.8015155366473847,0.37207948924236284,ALIGNED
SCN_006,568,18.9,TRACKING,448.5,301.0,320.0,240.0,128.5,61.0,0.803125,0.38125,0.001609463352615248,0.00917051075763714,0.0012875706820921985,0.007336408606109713,0.8028031073294769,0.37941589784847257,ALIGNED
SCN_006,569,18.9333,TRACKING,447.0,302.5,320.0,240.0,127.0,62.5,0.79375,0.390625,-0.00905310732947695,0.011209102151527428,-0.00724248586358156,0.008967281721221942,0.7955606214658953,0.38838317956969454,ALIGNED
SCN_006,570,18.9667,TRACKING,446.0,303.0,320.0,240.0,126.0,63.0,0.7875,0.39375000000000004,-0.008060621465895368,0.005366820430305508,-0.0064484971727162945,0.004293456344244407,0.789112124293179,0.3926766359139389,ALIGNED
SCN_006,571,19.0,TRACKING,445.5,306.0,320.0,240.0,125.5,66.0,0.784375,0.41250000000000003,-0.0047371242931789626,0.019823364086061113,-0.00378969943454317,0.015858691268848892,0.7853224248586358,0.4085353271827878,ALIGNED
SCN_006,572,19.0333,TRACKING,445.5,306.0,320.0,240.0,125.5,66.0,0.784375,0.41250000000000003,-0.0009474248586357481,0.003964672817212245,-0.0007579398869085985,0.003171738253769796,0.7845644849717271,0.4117070654365576,ALIGNED
SCN_006,573,19.0667,TRACKING,444.0,307.5,320.0,240.0,124.0,67.5,0.775,0.421875,-0.009564484971727127,0.010167934563442393,-0.007651587977381702,0.008134347650753914,0.7769128969943454,0.41984141308731154,ALIGNED
SCN_006,574,19.1,TRACKING,443.0,308.0,320.0,240.0,123.0,68.0,0.76875,0.425,-0.008162896994345359,0.005158586912688445,-0.006530317595476287,0.004126869530150757,0.7703825793988691,0.4239682826174623,ALIGNED
SCN_006,575,19.1333,TRACKING,443.0,310.0,320.0,240.0,123.0,70.0,0.76875,0.4375,-0.0016325793988690718,0.013531717382537722,-0.0013060635190952575,0.010825373906030179,0.7690765158797739,0.43479365652349244,ALIGNED
SCN_006,576,19.1667,TRACKING,442.5,310.5,320.0,240.0,122.5,70.5,0.765625,0.44062500000000004,-0.003451515879773881,0.0058313434765076,-0.002761212703819105,0.00466507478120608,0.7663153031759548,0.43945873130469854,ALIGNED
SCN_006,577,19.2,TRACKING,442.0,312.0,320.0,240.0,122.0,72.0,0.7625,0.44999999999999996,-0.0038153031759547984,0.01054126869530142,-0.003052242540763839,0.008433014956241136,0.7632630606351909,0.4478917462609397,ALIGNED
SCN_006,578,19.2333,TRACKING,441.5,312.5,320.0,240.0,121.5,72.5,0.759375,0.453125,-0.003888060635190871,0.005233253739060306,-0.003110448508152697,0.004186602991248245,0.7601526121270382,0.4520783492521879,ALIGNED
SCN_006,579,19.2667,TRACKING,439.5,315.0,320.0,240.0,119.5,75.0,0.746875,0.46875,-0.013277612127038263,0.016671650747812072,-0.01062208970163061,0.013337320598249658,0.7495305224254076,0.4654156698504376,ALIGNED
SCN_006,580,19.3,TRACKING,438.5,316.0,320.0,240.0,118.5,76.0,0.740625,0.475,-0.008905522425407653,0.009584330149562392,-0.007124417940326123,0.007667464119649914,0.7424061044850815,0.4730831339700875,ALIGNED
SCN_006,581,19.3333,TRACKING,438.0,316.5,320.0,240.0,118.0,76.5,0.7375,0.47812499999999997,-0.004906104485081442,0.005041866029912467,-0.0039248835880651535,0.004033492823929974,0.7384812208970163,0.47711662679401745,ALIGNED
SCN_006,582,19.3667,TRACKING,438.5,317.5,320.0,240.0,118.5,77.5,0.740625,0.484375,0.0021437791029836895,0.007258373205982549,0.0017150232823869517,0.00580669856478604,0.7401962441794032,0.4829233253588035,ALIGNED
SCN_006,583,19.4,TRACKING,436.5,320.0,320.0,240.0,116.5,80.0,0.728125,0.5,-0.012071244179403195,0.0170766746411965,-0.009656995343522557,0.0136613397129572,0.7305392488358806,0.4965846650717607,ALIGNED
SCN_006,584,19.4333,TRACKING,436.5,321.0,320.0,240.0,116.5,81.0,0.728125,0.5062500000000001,-0.0024142488358805947,0.0096653349282394,-0.0019313990687044758,0.00773226794259152,0.7286078497671762,0.5043169330143522,ALIGNED
SCN_006,585,19.4667,TEMPORARILY_LOST,436.5,321.0,320.0,240.0,116.5,81.0,0.728125,0.5062500000000001,-0.00048284976717616335,0.00193306698564788,-0.0003862798137409307,0.0015464535885183041,0.7282215699534352,0.5058633866028706,ALIGNED
SCN_006,586,19.5,REACQUIRED,431.5,322.5,320.0,240.0,111.5,82.5,0.696875,0.515625,-0.03134656995343521,0.009761613397129443,-0.02507725596274817,0.0078092907177035546,0.7031443139906871,0.5136726773205741,ALIGNED
SCN_006,587,19.5333,TRACKING,433.0,324.0,320.0,240.0,113.0,84.0,0.70625,0.5249999999999999,0.0031056860093129357,0.011327322679425822,0.002484548807450349,0.009061858143540658,0.7056288627981374,0.5227345354641147,ALIGNED
SCN_006,588,19.5667,TRACKING,433.5,326.0,320.0,240.0,113.5,86.0,0.709375,0.5375,0.003746137201862565,0.014765464535885231,0.0029969097614900523,0.011812371628708185,0.7086257725596274,0.5345469070928229,ALIGNED
SCN_006,589,19.6,TRACKING,432.0,327.0,320.0,240.0,112.0,87.0,0.7,0.54375,-0.008625772559627487,0.009203092907177024,-0.00690061804770199,0.007362474325741619,0.7017251545119254,0.5419093814185646,ALIGNED
SCN_006,590,19.6333,TRACKING,432.0,328.0,320.0,240.0,112.0,88.0,0.7,0.5499999999999999,-0.001725154511925453,0.008090618581435338,-0.0013801236095403624,0.006472494865148271,0.7003450309023851,0.5483818762837128,ALIGNED
SCN_006,591,19.6667,TRACKING,430.0,329.0,320.0,240.0,110.0,89.0,0.6875,0.55625,-0.01284503090238509,0.0078681237162872,-0.010276024721908073,0.006294498973029761,0.6900690061804771,0.5546763752567426,ALIGNED
SCN_006,592,19.7,TRACKING,428.5,331.0,320.0,240.0,108.5,91.0,0.678125,0.56875,-0.011944006180477085,0.014073624743257351,-0.009555204944381668,0.011258899794605882,0.6805138012360954,0.5659352750513486,ALIGNED
SCN_006,593,19.7333,TRACKING,428.0,330.5,320.0,240.0,108.0,90.5,0.675,0.565625,-0.00551380123609535,-0.0003102750513485075,-0.00441104098887628,-0.00024822004107880605,0.6761027602472192,0.5656870550102697,ALIGNED
SCN_006,594,19.7667,TRACKING,427.0,332.0,320.0,240.0,107.0,92.0,0.66875,0.5750000000000001,-0.007352760247219203,0.009312944989730343,-0.005882208197775363,0.007450355991784275,0.6702205520494438,0.573137411002054,ALIGNED
SCN_006,595,19.8,TRACKING,426.5,334.5,320.0,240.0,106.5,94.5,0.665625,0.590625,-0.00459555204944373,0.017487588997946002,-0.003676441639554984,0.013990071198356803,0.6665441104098888,0.5871274822004108,ALIGNED
SCN_006,596,19.8333,TRACKING,425.0,335.0,320.0,240.0,105.0,95.0,0.65625,0.59375,-0.010294110409888813,0.006622517799589223,-0.008235288327911051,0.005298014239671378,0.6583088220819777,0.5924254964400821,ALIGNED
SCN_006,597,19.8667,TRACKING,424.0,335.0,320.0,240.0,104.0,95.0,0.65,0.59375,-0.008308822081977696,0.0013245035599178667,-0.006647057665582157,0.0010596028479342935,0.6516617644163956,0.5934850992880164,ALIGNED
SCN_006,598,19.9,TRACKING,422.5,337.0,320.0,240.0,102.5,97.0,0.640625,0.60625,-0.011036764416395561,0.012764900711983551,-0.008829411533116449,0.010211920569586842,0.6428323528832791,0.6036970198576033,ALIGNED
SCN_006,599,19.9333,TRACKING,422.0,338.0,320.0,240.0,102.0,98.0,0.6375,0.6125,-0.005332352883279157,0.008802980142396777,-0.004265882306623325,0.007042384113917422,0.6385664705766558,0.6107394039715207,ALIGNED
SCN_006,600,19.9667,TRACKING,421.0,339.0,320.0,240.0,101.0,99.0,0.63125,0.6187499999999999,-0.0073164705766558535,0.0080105960284792,-0.005853176461324683,0.00640847682278336,0.6327132941153312,0.617147880794304,ALIGNED
SCN_006,601,20.0,TRACKING,420.0,340.0,320.0,240.0,100.0,100.0,0.625,0.625,-0.007713294115331171,0.007852119205695951,-0.006170635292264937,0.006281695364556761,0.6265426588230663,0.6234295761588609,ALIGNED
SCN_006,602,20.0333,TEMPORARILY_LOST,420.0,340.0,320.0,240.0,100.0,100.0,0.625,0.625,-0.0015426588230662563,0.0015704238411391458,-0.0012341270584530053,0.0012563390729113167,0.6253085317646132,0.6246859152317722,ALIGNED
SCN_006,603,20.0667,REACQUIRED,418.0,342.0,320.0,240.0,98.0,102.0,0.6125,0.6375,-0.012808531764613162,0.012814084768227763,-0.01024682541169053,0.01025126781458221,0.6150617063529227,0.6349371830463544,ALIGNED
SCN_006,604,20.1,TRACKING,417.0,343.0,320.0,240.0,97.0,103.0,0.60625,0.6437499999999999,-0.008811706352922721,0.008812816953645553,-0.007049365082338177,0.007050253562916442,0.6080123412705845,0.6419874366092708,ALIGNED
SCN_006,605,20.1333,TRACKING,416.0,344.0,320.0,240.0,96.0,104.0,0.6,0.65,-0.008012341270584478,0.0080125633907292,-0.0064098730164675825,0.00641005071258336,0.6016024682541169,0.6483974873218542,ALIGNED
SCN_006,606,20.1667,TRACKING,416.0,345.0,320.0,240.0,96.0,105.0,0.6,0.65625,-0.0016024682541169177,0.007852512678145795,-0.0012819746032935342,0.006282010142516637,0.6003204936508234,0.6546794974643708,ALIGNED
SCN_006,607,20.2,TRACKING,414.0,346.0,320.0,240.0,94.0,106.0,0.5875,0.6625,-0.012820493650823384,0.007820502535629159,-0.010256394920658708,0.006256402028503328,0.5900640987301647,0.6609358994928741,ALIGNED
SCN_006,608,20.2333,TRACKING,413.0,347.0,320.0,240.0,93.0,107.0,0.58125,0.6687500000000001,-0.008814098730164699,0.007814100507125943,-0.00705127898413176,0.006251280405700755,0.583012819746033,0.6671871798985749,ALIGNED
SCN_006,609,20.2667,TRACKING,411.0,348.0,320.0,240.0,91.0,108.0,0.56875,0.675,-0.01426281974603305,0.007812820101425144,-0.011410255796826441,0.0062502560811401155,0.5716025639492066,0.6734374359797151,ALIGNED
SCN_006,610,20.3,TRACKING,410.0,349.0,320.0,240.0,90.0,109.0,0.5625,0.68125,-0.00910256394920661,0.007812564020284962,-0.007282051159365289,0.00625005121622797,0.5643205127898413,0.6796874871959431,ALIGNED
SCN_006,611,20.3333,TRACKING,409.0,350.0,320.0,240.0,89.0,110.0,0.55625,0.6875,-0.008070512789841278,0.007812512804056926,-0.006456410231873023,0.006250010243245541,0.5578641025579683,0.6859374974391886,ALIGNED
SCN_006,612,20.3667,TRACKING,408.0,350.5,320.0,240.0,88.0,110.5,0.55,0.6906249999999999,-0.007864102557968211,0.004687502560811296,-0.00629128204637457,0.003750002048649037,0.5515728205115937,0.6896874994878377,ALIGNED
SCN_006,613,20.4,TRACKING,407.0,351.0,320.0,240.0,87.0,111.0,0.54375,0.6937500000000001,-0.007822820511593775,0.0040625005121623925,-0.00625825640927502,0.0032500004097299143,0.5453145641023187,0.6929374998975676,ALIGNED
SCN_006,614,20.4333,TRACKING,405.5,350.5,320.0,240.0,85.5,110.5,0.534375,0.6906249999999999,-0.010939564102318666,-0.0023124998975676547,-0.008751651281854933,-0.0018499999180541238,0.5365629128204638,0.6910874999795135,ALIGNED
SCN_006,615,20.4667,TRACKING,406.0,353.0,320.0,240.0,86.0,113.0,0.5375,0.70625,0.0009370871795362223,0.01516250002048658,0.000749669743628978,0.012130000016389265,0.5373125825640928,0.7032174999959028,ALIGNED
SCN_006,616,20.5,TRACKING,403.0,354.0,320.0,240.0,83.0,114.0,0.51875,0.7124999999999999,-0.01856258256409271,0.009282500004097138,-0.01485006605127417,0.007426000003277711,0.5224625165128186,0.7106434999991805,ALIGNED
SCN_006,617,20.5333,TRACKING,402.0,354.5,320.0,240.0,82.0,114.5,0.5125,0.7156250000000001,-0.009962516512818653,0.004981500000819539,-0.007970013210254923,0.003985200000655631,0.5144925033025637,0.7146286999998361,ALIGNED
SCN_006,618,20.5667,TRACKING,401.0,356.0,320.0,240.0,81.0,116.0,0.50625,0.725,-0.008242503302563708,0.010371300000163841,-0.006594002642050967,0.008297040000131073,0.5078985006605127,0.7229257399999672,ALIGNED
SCN_006,619,20.6,TRACKING,400.0,357.5,320.0,240.0,80.0,117.5,0.5,0.734375,-0.007898500660512675,0.011449260000032768,-0.006318800528410141,0.009159408000026214,0.5015797001321025,0.7320851479999935,ALIGNED
SCN_006,620,20.6333,TRACKING,399.0,358.0,320.0,240.0,79.0,118.0,0.49375,0.7374999999999999,-0.00782970013210249,0.005414852000006465,-0.006263760105681993,0.004331881600005172,0.49531594002642054,0.7364170295999987,ALIGNED
SCN_006,621,20.6667,TRACKING,396.5,358.0,320.0,240.0,76.5,118.0,0.478125,0.7374999999999999,-0.01719094002642052,0.0010829704000012708,-0.013752752021136417,0.0008663763200010167,0.48156318800528414,0.7372834059199996,ALIGNED
SCN_006,622,20.7,TRACKING,396.5,358.5,320.0,240.0,76.5,118.5,0.478125,0.7406250000000001,-0.003438188005284115,0.003341594080000454,-0.0027505504042272923,0.0026732752640003634,0.47881263760105686,0.739956681184,ALIGNED
SCN_006,623,20.7333,TRACKING,395.0,360.0,320.0,240.0,75.0,120.0,0.46875,0.75,-0.010062637601056856,0.010043318815999958,-0.008050110080845486,0.008034655052799966,0.47076252752021136,0.7479913362368,ALIGNED
SCN_006,624,20.7667,TRACKING,393.0,360.5,320.0,240.0,73.0,120.5,0.45625,0.753125,-0.014512527520211371,0.005133663763200014,-0.011610022016169098,0.0041069310105600115,0.45915250550404224,0.7520982672473601,ALIGNED
SCN_006,625,20.8,TRACKING,392.0,360.5,320.0,240.0,72.0,120.5,0.45,0.753125,-0.00915250550404223,0.0010267327526399805,-0.007322004403233784,0.0008213862021119845,0.45183050110080847,0.7529196534494721,ALIGNED
SCN_006,626,20.8333,TRACKING,391.0,362.0,320.0,240.0,71.0,122.0,0.44375,0.7625,-0.00808050110080849,0.009580346550527863,-0.006464400880646793,0.00766427724042229,0.44536610022016165,0.7605839306898944,ALIGNED
SCN_006,627,20.8667,TRACKING,390.0,363.5,320.0,240.0,70.0,123.5,0.4375,0.7718749999999999,-0.007866100220161654,0.011291069310105484,-0.006292880176129324,0.009032855448084387,0.4390732200440323,0.7696167861379788,ALIGNED
SCN_006,628,20.9,TRACKING,388.5,364.0,320.0,240.0,68.5,124.0,0.428125,0.7750000000000001,-0.010948220044032342,0.005383213862021341,-0.008758576035225873,0.004306571089617073,0.4303146440088064,0.7739233572275959,ALIGNED
SCN_006,629,20.9333,TRACKING,387.5,364.0,320.0,240.0,67.5,124.0,0.421875,0.7750000000000001,-0.008439644008806424,0.0010766427724042682,-0.00675171520704514,0.0008613142179234146,0.4235629288017613,0.7747846714455193,ALIGNED
SCN_006,630,20.9667,TRACKING,386.0,365.0,320.0,240.0,66.0,125.0,0.4125,0.78125,-0.011062928801761296,0.006465328554480676,-0.008850343041409038,0.005172262843584541,0.41471258576035225,0.7799569342891038,ALIGNED
SCN_006,631,21.0,TRACKING,385.0,367.0,320.0,240.0,65.0,127.0,0.40625,0.79375,-0.008462585760352248,0.013793065710896113,-0.006770068608281799,0.011034452568716891,0.40794251715207047,0.7909913868578208,ALIGNED
SCN_006,632,21.0333,TRACKING,383.0,366.0,320.0,240.0,63.0,126.0,0.39375,0.7875000000000001,-0.014192517152070483,-0.0034913868578206886,-0.011354013721656387,-0.002793109486256551,0.3965885034304141,0.7881982773715642,ALIGNED
SCN_006,633,21.0667,TRACKING,383.0,369.5,320.0,240.0,63.0,129.5,0.39375,0.809375,-0.0028385034304140855,0.02117672262843573,-0.0022708027443312686,0.016941378102748584,0.3943177006860828,0.8051396554743128,ALIGNED
SCN_006,634,21.1,TRACKING,381.0,368.0,320.0,240.0,61.0,128.0,0.38125,0.8,-0.013067700686082817,-0.005139655474312721,-0.010454160548866255,-0.004111724379450177,0.3838635401372165,0.8010279310948626,ALIGNED
SCN_006,635,21.1333,TEMPORARILY_LOST,381.0,368.0,320.0,240.0,61.0,128.0,0.38125,0.8,-0.002613540137216541,-0.0010279310948625442,-0.002090832109773233,-0.0008223448758900354,0.3817727080274433,0.8002055862189725,ALIGNED
SCN_006,636,21.1667,REACQUIRED,378.0,369.0,320.0,240.0,58.0,129.0,0.3625,0.8062499999999999,-0.019272708027443297,0.00604441378102738,-0.015418166421954638,0.004835531024821905,0.36635454160548864,0.8050411172437945,ALIGNED
SCN_006,637,21.2,TRACKING,377.5,368.0,320.0,240.0,57.5,128.0,0.359375,0.8,-0.006979541605488637,-0.005041117243794413,-0.00558363328439091,-0.0040328937950355305,0.3607709083210977,0.8010082234487589,ALIGNED
SCN_006,638,21.2333,TRACKING,374.5,370.5,320.0,240.0,54.5,130.5,0.340625,0.8156249999999999,-0.020145908321097694,0.01461677655124105,-0.016116726656878157,0.011693421240992841,0.34465418166421957,0.8127016446897517,ALIGNED
SCN_006,639,21.2667,TRACKING,373.0,371.0,320.0,240.0,53.0,131.0,0.33125,0.8187499999999999,-0.013404181664219583,0.006048355310248166,-0.010723345331375667,0.004838684248198533,0.3339308363328439,0.8175403289379503,ALIGNED
SCN_006,640,21.3,TRACKING,373.0,371.5,320.0,240.0,53.0,131.5,0.33125,0.8218750000000001,-0.002680836332843939,0.004334671062049877,-0.0021446690662751513,0.003467736849639902,0.3317861672665688,0.8210080657875901,ALIGNED
SCN_006,641,21.3333,TRACKING,371.0,372.0,320.0,240.0,51.0,132.0,0.31875,0.8250000000000001,-0.01303616726656881,0.003991934212409953,-0.010428933813255048,0.003193547369927963,0.32135723345331374,0.824201613157518,ALIGNED
SCN_006,642,21.3667,TRACKING,370.0,372.0,320.0,240.0,50.0,132.0,0.3125,0.8250000000000001,-0.00885723345331374,0.0007983868424820129,-0.007085786762650992,0.0006387094739856103,0.31427144669066276,0.8248403226315036,ALIGNED
SCN_006,643,21.4,TRACKING,368.0,373.0,320.0,240.0,48.0,133.0,0.3,0.83125,-0.01427144669066277,0.006409677368496403,-0.011417157352530218,0.005127741894797123,0.3028542893381325,0.8299680645263008,ALIGNED
SCN_006,644,21.4333,TRACKING,367.0,373.0,320.0,240.0,47.0,133.0,0.29375,0.83125,-0.00910428933813251,0.0012819354736992583,-0.007283431470506008,0.0010255483789594066,0.2955708578676265,0.8309936129052602,ALIGNED
SCN_006,645,21.4667,TRACKING,366.5,374.0,320.0,240.0,46.5,134.0,0.290625,0.8375,-0.004945857867626469,0.0065063870947398295,-0.003956686294101175,0.005205109675791864,0.2916141715735253,0.8361987225810521,ALIGNED
SCN_006,646,21.5,TRACKING,581.0,246.5,320.0,240.0,261.0,6.5,1.63125,0.040625,1.3396358284264749,-0.7955737225810521,0.16666666666666666,-0.16666666666666666,0.45828083824019195,0.6695320559143855,ALIGNING
SCN_006,647,21.5333,TRACKING,1.5,112.0,320.0,240.0,-318.5,-128.0,-1.990625,-0.8,-2.448905838240192,-1.4695320559143856,-0.16666666666666666,-0.16666666666666666,0.2916141715735253,0.5028653892477188,ALIGNING
SCN_006,648,21.5667,TRACKING,361.5,375.5,320.0,240.0,41.5,135.5,0.259375,0.846875,-0.032239171573525294,0.3440096107522812,-0.025791337258820237,0.16666666666666666,0.2658228343147051,0.6695320559143855,ALIGNING
SCN_006,649,21.6,TRACKING,359.5,375.0,320.0,240.0,39.5,135.0,0.246875,0.84375,-0.018947834314705092,0.17421794408561453,-0.015158267451764074,0.13937435526849162,0.25066456686294103,0.8089064111828771,ALIGNING
SCN_006,650,21.6333,TRACKING,359.0,375.5,320.0,240.0,39.0,135.5,0.24375,0.846875,-0.006914566862941035,0.03796858881712295,-0.005531653490352829,0.030374871053698363,0.2451329133725882,0.8392812822365755,ALIGNED
SCN_006,651,21.6667,TRACKING,357.5,376.5,320.0,240.0,37.5,136.5,0.234375,0.8531249999999999,-0.01075791337258819,0.013843717763424412,-0.008606330698070553,0.011074974210739531,0.23652658267451765,0.850356256447315,ALIGNED
SCN_006,652,21.7,TRACKING,356.0,378.0,320.0,240.0,36.0,138.0,0.225,0.8624999999999999,-0.011526582674517644,0.012143743552684882,-0.009221266139614116,0.009714994842147906,0.22730531653490355,0.8600712512894629,ALIGNED
SCN_006,653,21.7333,TRACKING,354.0,377.0,320.0,240.0,34.0,137.0,0.2125,0.85625,-0.014805316534903551,-0.003821251289462979,-0.011844253227922841,-0.0030570010315703836,0.2154610633069807,0.8570142502578926,ALIGNED
SCN_006,654,21.7667,TRACKING,353.0,377.5,320.0,240.0,33.0,137.5,0.20625,0.859375,-0.00921106330698071,0.0023607497421074264,-0.007368850645584568,0.001888599793685941,0.20809221266139613,0.8589028500515785,ALIGNED
SCN_006,655,21.8,TRACKING,352.0,378.0,320.0,240.0,32.0,138.0,0.2,0.8624999999999999,-0.00809221266139612,0.0035971499484214187,-0.006473770129116896,0.002877719958737135,0.20161844253227923,0.8617805700103156,ALIGNED
SCN_006,656,21.8333,TRACKING,349.5,378.0,320.0,240.0,29.5,138.0,0.184375,0.8624999999999999,-0.01724344253227922,0.0007194299896843281,-0.013794754025823376,0.0005755439917474626,0.18782368850645587,0.862356114002063,ALIGNED
SCN_006,657,21.8667,TRACKING,350.5,377.5,320.0,240.0,30.5,137.5,0.190625,0.859375,0.002801311493544123,-0.0029811140020630233,0.0022410491948352987,-0.0023848912016504187,0.19006473770129118,0.8599712228004126,ALIGNED
SCN_006,658,21.9,TRACKING,347.0,378.5,320.0,240.0,27.0,138.5,0.16875,0.8656249999999999,-0.021314737701291164,0.005653777199587262,-0.01705179016103293,0.00452302175966981,0.17301294754025826,0.8644942445600824,ALIGNED
SCN_006,659,21.9333,TRACKING,345.5,379.0,320.0,240.0,25.5,139.0,0.159375,0.8687500000000001,-0.013637947540258266,0.004255755439917741,-0.010910358032206614,0.003404604351934193,0.16210258950805165,0.8678988489120166,ALIGNED
SCN_006,660,21.9667,TRACKING,344.5,378.5,320.0,240.0,24.5,138.5,0.153125,0.8656249999999999,-0.008977589508051637,-0.0022738489120167626,-0.0071820716064413094,-0.0018190791296134102,0.15492051790161035,0.8660797697824032,ALIGNED
SCN_006,661,22.0,TRACKING,343.0,378.5,320.0,240.0,23.0,138.5,0.14375,0.8656249999999999,-0.01117051790161036,-0.0004547697824033303,-0.00893641432128829,-0.00036381582592266427,0.14598410358032207,0.8657159539564805,ALIGNED
SCN_006,662,22.0333,TRACKING,342.0,379.0,320.0,240.0,22.0,139.0,0.1375,0.8687500000000001,-0.008484103580322061,0.003034046043519645,-0.006787282864257649,0.002427236834815716,0.13919682071606443,0.8681431907912962,ALIGNED
SCN_006,663,22.0667,TRACKING,339.5,380.0,320.0,240.0,19.5,140.0,0.121875,0.875,-0.01732182071606443,0.006856809208703796,-0.013857456572851546,0.005485447366963037,0.1253393641432129,0.8736286381582592,ALIGNED
SCN_006,664,22.1,TRACKING,339.5,380.0,320.0,240.0,19.5,140.0,0.121875,0.875,-0.0034643641432128974,0.0013713618417408036,-0.002771491314570318,0.0010970894733926429,0.12256787282864258,0.8747257276316518,ALIGNED
SCN_006,665,22.1333,TRACKING,337.0,380.0,320.0,240.0,17.0,140.0,0.10625,0.875,-0.016317872828642582,0.0002742723683482051,-0.013054298262914066,0.0002194178946785641,0.10951357456572851,0.8749451455263304,ALIGNED
SCN_006,666,22.1667,TRACKING,335.5,380.0,320.0,240.0,15.5,140.0,0.096875,0.875,-0.012638574565728505,5.4854473669596615e-05,-0.010110859652582805,4.38835789356773e-05,0.0994027149131457,0.8749890291052661,ALIGNED
SCN_006,667,22.2,TRACKING,335.0,379.0,320.0,240.0,15.0,139.0,0.09375,0.8687500000000001,-0.005652714913145701,-0.00623902910526597,-0.004522171930516561,-0.004991223284212776,0.09488054298262914,0.8699978058210533,ALIGNED
SCN_006,668,22.2333,TRACKING,333.5,381.0,320.0,240.0,13.5,141.0,0.084375,0.8812500000000001,-0.010505542982629137,0.01125219417894674,-0.00840443438610331,0.009001755343157392,0.08647610859652584,0.8789995611642107,ALIGNED
SCN_006,669,22.2667,TRACKING,471.5,1.5,320.0,240.0,151.5,-238.5,0.946875,-1.490625,0.8603988914034741,-2.369624561164211,0.16666666666666666,-0.16666666666666666,0.2531427752631925,0.7123328944975441,ALIGNING
SCN_006,670,22.3,TRACKING,330.0,383.0,320.0,240.0,10.0,143.0,0.0625,0.89375,-0.1906427752631925,0.18141710550245593,-0.15251422021055402,0.14513368440196475,0.10062855505263849,0.8574665788995088,ALIGNING
SCN_006,671,22.3333,TRACKING,327.5,381.0,320.0,240.0,7.5,141.0,0.046875,0.8812500000000001,-0.053753555052638485,0.023783421100491253,-0.04300284404211079,0.019026736880393004,0.05762571101052769,0.8764933157799019,ALIGNING
SCN_006,672,22.3667,TRACKING,327.0,382.0,320.0,240.0,7.0,142.0,0.04375,0.8875,-0.013875711010527696,0.011006684220098095,-0.011100568808422157,0.008805347376078477,0.04652514220210553,0.8852986631559804,ALIGNED
SCN_006,673,22.4,TRACKING,325.0,381.0,320.0,240.0,5.0,141.0,0.03125,0.8812500000000001,-0.015275142202105532,-0.004048663155980292,-0.012220113761684427,-0.003238930524784234,0.034305028440421104,0.8820597326311962,ALIGNED
SCN_006,674,22.4333,TRACKING,324.0,381.0,320.0,240.0,4.0,141.0,0.025,0.8812500000000001,-0.009305028440421102,-0.0008097326311961028,-0.007444022752336882,-0.0006477861049568823,0.026861005688084222,0.8814119465262393,ALIGNED
SCN_006,675,22.4667,TRACKING,321.5,381.0,320.0,240.0,1.5,141.0,0.009375,0.8812500000000001,-0.01748600568808422,-0.00016194652623924277,-0.013988804550467377,-0.00012955722099139422,0.012872201137616845,0.8812823893052479,ALIGNED
SCN_006,676,22.5,TRACKING,320.5,380.5,320.0,240.0,0.5,140.5,0.003125,0.878125,-0.009747201137616845,-0.003157389305247893,-0.007797760910093477,-0.0025259114441983145,0.005074440227523368,0.8787564778610496,ALIGNED
SCN_006,677,22.5333,TRACKING,319.5,381.5,320.0,240.0,-0.5,141.5,-0.003125,0.884375,-0.008199440227523367,0.005618522138950421,-0.006559552182018694,0.004494817711160337,-0.0014851119544953264,0.8832512955722099,ALIGNED
SCN_006,678,22.5667,TRACKING,318.5,381.5,320.0,240.0,-1.5,141.5,-0.009375,0.884375,-0.007889888045504674,0.0011237044277900843,-0.00631191043640374,0.0008989635422320674,-0.007797022390899066,0.884150259114442,ALIGNED
SCN_006,679,22.6,TRACKING,316.5,381.0,320.0,240.0,-3.5,141.0,-0.021875,0.8812500000000001,-0.014077977609100931,-0.0029002591144419165,-0.011262382087280746,-0.0023202072915535334,-0.019059404478179814,0.8818300518228884,ALIGNED
SCN_006,680,22.6333,TRACKING,315.0,381.0,320.0,240.0,-5.0,141.0,-0.03125,0.8812500000000001,-0.012190595521820186,-0.0005800518228883389,-0.009752476417456149,-0.00046404145831067115,-0.028811880895635963,0.8813660103645777,ALIGNED
SCN_006,681,22.6667,TRACKING,314.0,381.0,320.0,240.0,-6.0,141.0,-0.0375,0.8812500000000001,-0.008688119104364036,-0.00011601036457764557,-0.006950495283491229,-9.280829166211647e-05,-0.03576237617912719,0.8812732020729156,ALIGNED
SCN_006,682,22.7,TRACKING,312.0,381.5,320.0,240.0,-8.0,141.5,-0.05,0.884375,-0.014237623820872812,0.0031017979270844265,-0.011390099056698251,0.0024814383416675414,-0.04715247523582544,0.8837546404145832,ALIGNED
SCN_006,683,22.7333,TRACKING,311.0,381.0,320.0,240.0,-9.0,141.0,-0.05625,0.8812500000000001,-0.00909752476417456,-0.0025046404145830925,-0.007278019811339648,-0.002003712331666474,-0.05443049504716509,0.8817509280829167,ALIGNED
SCN_006,684,22.7667,TRACKING,309.5,381.0,320.0,240.0,-10.5,141.0,-0.065625,0.8812500000000001,-0.011194504952834916,-0.0005009280829165741,-0.008955603962267933,-0.0004007424663332593,-0.06338609900943303,0.8813501856165834,ALIGNED
SCN_006,685,22.8,TRACKING,307.5,380.0,320.0,240.0,-12.5,140.0,-0.078125,0.875,-0.014738900990566975,-0.006350185616583404,-0.01179112079245358,-0.005080148493266723,-0.0751772198018866,0.8762700371233166,ALIGNED
SCN_006,686,22.8333,TRACKING,306.5,381.0,320.0,240.0,-13.5,141.0,-0.084375,0.8812500000000001,-0.009197780198113403,0.0049799628766834525,-0.007358224158490723,0.0039839703013467625,-0.08253544396037732,0.8802540074246634,ALIGNED
SCN_006,687,22.8667,TRACKING,305.5,379.5,320.0,240.0,-14.5,139.5,-0.090625,0.8718750000000001,-0.008089556039622678,-0.008379007424663354,-0.006471644831698143,-0.006703205939730683,-0.08900708879207546,0.8735508014849327,ALIGNED
SCN_006,688,22.9,TRACKING,304.0,380.0,320.0,240.0,-16.0,140.0,-0.1,0.875,-0.010992911207924547,0.001449198515067307,-0.008794328966339637,0.0011593588120538457,-0.0978014177584151,0.8747101602969866,ALIGNED
SCN_006,689,22.9333,TRACKING,302.0,380.0,320.0,240.0,-18.0,140.0,-0.1125,0.875,-0.014698582241584907,0.0002898397030134392,-0.011758865793267926,0.00023187176241075137,-0.10956028355168303,0.8749420320593974,ALIGNED
SCN_006,690,22.9667,TRACKING,300.5,381.0,320.0,240.0,-19.5,141.0,-0.121875,0.8812500000000001,-0.01231471644831697,0.006307967940602732,-0.009851773158653578,0.005046374352482186,-0.11941205671033661,0.8799884064118796,ALIGNED
SCN_006,691,23.0,TRACKING,299.0,379.0,320.0,240.0,-21.0,139.0,-0.13125,0.8687500000000001,-0.011837943289663394,-0.011238406411879454,-0.009470354631730717,-0.008990725129503564,-0.12888241134206732,0.870997681282376,ALIGNED
SCN_006,692,23.0333,TRACKING,298.5,378.5,320.0,240.0,-21.5,138.5,-0.134375,0.8656249999999999,-0.005492588657932673,-0.005372681282376113,-0.004394070926346139,-0.0042981450259008906,-0.13327648226841346,0.8666995362564751,ALIGNED
SCN_006,693,23.0667,TRACKING,296.0,379.0,320.0,240.0,-24.0,139.0,-0.15,0.8687500000000001,-0.016723517731586535,0.0020504637435250217,-0.013378814185269228,0.0016403709948200175,-0.1466552964536827,0.8683399072512952,ALIGNED
SCN_006,694,23.1,TRACKING,295.0,380.5,320.0,240.0,-25.0,140.5,-0.15625,0.878125,-0.009594703546317307,0.009785092748704871,-0.0076757628370538455,0.007828074198963897,-0.15433105929073654,0.8761679814502591,ALIGNED
SCN_006,695,23.1333,TRACKING,292.0,378.5,320.0,240.0,-28.0,138.5,-0.175,0.8656249999999999,-0.02066894070926345,-0.010542981450259226,-0.01653515256741076,-0.008434385160207381,-0.1708662118581473,0.8677335962900518,ALIGNED
SCN_006,696,23.1667,TRACKING,292.0,378.5,320.0,240.0,-28.0,138.5,-0.175,0.8656249999999999,-0.004133788141852696,-0.0021085962900518895,-0.003307030513482157,-0.0016868770320415116,-0.17417324237162946,0.8660467192580102,ALIGNED
SCN_006,697,23.2,TRACKING,290.5,378.0,320.0,240.0,-29.5,138.0,-0.184375,0.8624999999999999,-0.010201757628370556,-0.0035467192580103113,-0.008161406102696445,-0.002837375406408249,-0.1823346484743259,0.863209343851602,ALIGNED
SCN_006,698,23.2333,TRACKING,289.0,376.5,320.0,240.0,-31.0,136.5,-0.19375,0.8531249999999999,-0.011415351525674106,-0.010084343851602062,-0.009132281220539286,-0.00806747508128165,-0.19146692969486517,0.8551418687703203,ALIGNED
SCN_006,699,23.2667,TRACKING,288.0,376.5,320.0,240.0,-32.0,136.5,-0.2,0.8531249999999999,-0.008533070305134838,-0.002016868770320368,-0.006826456244107871,-0.0016134950162562944,-0.19829338593897305,0.853528373754064,ALIGNED
SCN_006,700,23.3,TRACKING,286.0,377.5,320.0,240.0,-34.0,137.5,-0.2125,0.859375,-0.01420661406102694,0.005846626245936015,-0.011365291248821553,0.0046773009967488125,-0.2096586771877946,0.8582056747508128,ALIGNED
SCN_006,701,23.3333,TRACKING,285.0,375.5,320.0,240.0,-35.0,135.5,-0.21875,0.846875,-0.009091322812205399,-0.01133067475081273,-0.007273058249764319,-0.009064539800650185,-0.21693173543755892,0.8491411349501626,ALIGNED
SCN_006,702,23.3667,TRACKING,282.5,375.5,320.0,240.0,-37.5,135.5,-0.234375,0.846875,-0.01744326456244108,-0.0022661349501625905,-0.013954611649952865,-0.0018129079601300726,-0.2308863470875118,0.8473282269900325,ALIGNED
SCN_006,703,23.4,TRACKING,283.5,373.0,320.0,240.0,-36.5,133.0,-0.228125,0.83125,0.0027613470875118007,-0.016078226990032474,0.0022090776700094406,-0.01286258159202598,-0.22867726941750235,0.8344656453980065,ALIGNED
SCN_006,704,23.4333,TRACKING,281.5,375.0,320.0,240.0,-38.5,135.0,-0.240625,0.84375,-0.011947730582497651,0.009284354601993505,-0.009558184465998121,0.007427483681594804,-0.23823545388350048,0.8418931290796013,ALIGNED
SCN_006,705,23.4667,TRACKING,279.0,375.0,320.0,240.0,-41.0,135.0,-0.25625,0.84375,-0.018014546116499497,0.0018568709203986566,-0.014411636893199598,0.0014854967363189253,-0.25264709077670006,0.8433786258159203,ALIGNED
SCN_006,706,23.5,TRACKING,277.5,374.0,320.0,240.0,-42.5,134.0,-0.265625,0.8375,-0.012977909223299944,-0.0058786258159202465,-0.010382327378639956,-0.004702900652736198,-0.26302941815534003,0.8386757251631841,ALIGNED
SCN_006,707,23.5333,TRACKING,276.0,373.5,320.0,240.0,-44.0,133.5,-0.275,0.8343750000000001,-0.011970581844659989,-0.004300725163184027,-0.009576465475727991,-0.003440580130547222,-0.272605883631068,0.8352351450326368,ALIGNED
SCN_006,708,23.5667,TRACKING,275.0,373.5,320.0,240.0,-45.0,133.5,-0.28125,0.8343750000000001,-0.008644116368931976,-0.000860145032636761,-0.006915293095145581,-0.0006881160261094088,-0.2795211767262136,0.8345470290065274,ALIGNED
SCN_006,709,23.6,TRACKING,274.0,373.5,320.0,240.0,-46.0,133.5,-0.2875,0.8343750000000001,-0.00797882327378635,-0.0001720290065273522,-0.006383058619029081,-0.00013762320522188177,-0.28590423534524273,0.8344094058013055,ALIGNED
SCN_006,710,23.6333,TRACKING,271.5,372.0,320.0,240.0,-48.5,132.0,-0.303125,0.8250000000000001,-0.017220764654757248,-0.009409405801305448,-0.0137766117238058,-0.007527524641044359,-0.2996808470690485,0.8268818811602612,ALIGNED
SCN_006,711,23.6667,TRACKING,270.5,372.0,320.0,240.0,-49.5,132.0,-0.309375,0.8250000000000001,-0.009694152930951494,-0.0018818811602611119,-0.0077553223447611955,-0.0015055049282088895,-0.3074361694138097,0.8253763762320523,ALIGNED
SCN_006,712,23.7,TRACKING,270.0,370.5,320.0,240.0,-50.0,130.5,-0.3125,0.8156249999999999,-0.00506383058619031,-0.009751376232052356,-0.004051064468952248,-0.007801100985641885,-0.31148723388276195,0.8175752752464104,ALIGNED
SCN_006,713,23.7333,TRACKING,267.0,371.0,320.0,240.0,-53.0,131.0,-0.33125,0.8187499999999999,-0.01976276611723804,0.0011747247535894845,-0.01581021289379043,0.0009397798028715876,-0.32729744677655237,0.818515055049282,ALIGNED
SCN_006,714,23.7667,TRACKING,266.0,370.0,320.0,240.0,-54.0,130.0,-0.3375,0.8125,-0.010202553223447652,-0.006015055049282014,-0.008162042578758123,-0.004812044039425612,-0.3354594893553105,0.8137030110098564,ALIGNED
SCN_006,715,23.8,TRACKING,265.5,369.5,320.0,240.0,-54.5,129.5,-0.340625,0.809375,-0.005165510644689508,-0.0043280110098564695,-0.004132408515751607,-0.0034624088078851756,-0.3395918978710621,0.8102406022019712,ALIGNED
SCN_006,716,23.8333,TRACKING,264.0,369.0,320.0,240.0,-56.0,129.0,-0.35,0.8062499999999999,-0.01040810212893789,-0.003990602201971338,-0.008326481703150312,-0.003192481761577071,-0.3479183795742124,0.8070481204403942,ALIGNED
SCN_006,717,23.8667,TRACKING,263.0,368.0,320.0,240.0,-57.0,128.0,-0.35625,0.8,-0.008331620425787611,-0.007048120440394157,-0.0066652963406300895,-0.005638496352315326,-0.35458367591484247,0.8014096240880789,ALIGNED
SCN_006,718,23.9,TRACKING,261.0,368.0,320.0,240.0,-59.0,128.0,-0.36875,0.8,-0.014166324085157556,-0.0014096240880788757,-0.011333059268126045,-0.0011276992704631007,-0.3659167351829685,0.8002819248176158,ALIGNED
SCN_006,719,23.9333,TRACKING,260.5,366.5,320.0,240.0,-59.5,126.5,-0.371875,0.790625,-0.005958264817031489,-0.00965692481761582,-0.004766611853625192,-0.007725539854092656,-0.3706833470365937,0.7925563849635232,ALIGNED
SCN_006,720,23.9667,TRACKING,259.0,366.0,320.0,240.0,-61.0,126.0,-0.38125,0.7875000000000001,-0.010566652963406253,-0.0050563849635231195,-0.008453322370725004,-0.004045107970818496,-0.3791366694073187,0.7885112769927047,ALIGNED
SCN_006,721,24.0,TRACKING,257.0,366.5,320.0,240.0,-63.0,126.5,-0.39375,0.790625,-0.014613330592681273,0.0021137230072952873,-0.011690664474145018,0.00169097840583623,-0.39082733388146373,0.7902022553985409,ALIGNED
SCN_006,722,24.0333,TRACKING,255.5,365.0,320.0,240.0,-64.5,125.0,-0.403125,0.78125,-0.012297666118536277,-0.008952255398540943,-0.009838132894829023,-0.007161804318832754,-0.4006654667762928,0.7830404510797082,ALIGNED
SCN_006,723,24.0667,TRACKING,255.0,363.5,320.0,240.0,-65.0,123.5,-0.40625,0.7718749999999999,-0.005584533223707222,-0.011165451079708344,-0.004467626578965778,-0.008932360863766675,-0.40513309335525854,0.7741080902159415,ALIGNED
SCN_006,724,24.1,TRACKING,254.5,364.0,320.0,240.0,-65.5,124.0,-0.409375,0.7750000000000001,-0.004241906644741444,0.0008919097840586199,-0.0033935253157931556,0.0007135278272468959,-0.4085266186710517,0.7748216180431884,ALIGNED
SCN_006,725,24.1333,TRACKING,251.5,362.5,320.0,240.0,-68.5,122.5,-0.428125,0.765625,-0.019598381328948256,-0.009196618043188387,-0.015678705063158604,-0.00735729443455071,-0.4242053237342103,0.7674643236086377,ALIGNED
SCN_006,726,24.1667,TRACKING,251.0,362.0,320.0,240.0,-69.0,122.0,-0.43125,0.7625,-0.0070446762657896955,-0.004964323608637744,-0.005635741012631756,-0.003971458886910195,-0.4298410647468421,0.7634928647217275,ALIGNED
SCN_006,727,24.2,TRACKING,250.0,361.5,320.0,240.0,-70.0,121.5,-0.4375,0.7593749999999999,-0.007658935253157917,-0.004117864721727593,-0.006127148202526334,-0.003294291777382075,-0.43596821294936844,0.7601985729443455,ALIGNED
SCN_006,728,24.2333,TRACKING,251.5,359.0,320.0,240.0,-68.5,119.0,-0.428125,0.74375,0.007843212949368461,-0.01644857294434543,0.006274570359494769,-0.013158858355476345,-0.4296936425898737,0.7470397145888691,ALIGNED
SCN_006,729,24.2667,TRACKING,246.5,360.0,320.0,240.0,-73.5,120.0,-0.459375,0.75,-0.029681357410126286,0.002960285411130914,-0.02374508592810103,0.0023682283289047316,-0.45343872851797473,0.7494079429177738,ALIGNED
SCN_006,730,24.3,TRACKING,245.5,359.5,320.0,240.0,-74.5,119.5,-0.465625,0.746875,-0.01218627148202528,-0.0025329429177738394,-0.009749017185620224,-0.0020263543342190714,-0.46318774570359494,0.7473815885835547,ALIGNED
SCN_006,731,24.3333,TRACKING,245.0,358.0,320.0,240.0,-75.0,118.0,-0.46875,0.7374999999999999,-0.005562254296405056,-0.009881588583554812,-0.004449803437124045,-0.007905270866843851,-0.467637549140719,0.7394763177167109,ALIGNED
SCN_006,732,24.3667,TRACKING,244.0,357.0,320.0,240.0,-76.0,117.0,-0.475,0.73125,-0.007362450859281,-0.008226317716710896,-0.005889960687424801,-0.006581054173368717,-0.4735275098281438,0.7328952635433421,ALIGNED
SCN_006,733,24.4,TRACKING,242.0,356.5,320.0,240.0,-78.0,116.5,-0.4875,0.728125,-0.0139724901718562,-0.00477026354334209,-0.01117799213748496,-0.0038162108346736726,-0.4847055019656287,0.7290790527086685,ALIGNED
SCN_006,734,24.4333,TRACKING,241.0,356.0,320.0,240.0,-79.0,116.0,-0.49375,0.725,-0.009044498034371296,-0.004079052708668485,-0.007235598427497037,-0.003263242166934788,-0.4919411003931258,0.7258158105417337,ALIGNED
SCN_006,735,24.4667,TRACKING,240.0,355.0,320.0,240.0,-80.0,115.0,-0.5,0.71875,-0.008058899606874226,-0.007065810541733719,-0.006447119685499381,-0.005652648433386975,-0.49838822007862515,0.7201631621083467,ALIGNED
SCN_006,736,24.5,TRACKING,239.0,354.0,320.0,240.0,-81.0,114.0,-0.50625,0.7124999999999999,-0.007861779921374823,-0.007663162108346833,-0.006289423937099858,-0.006130529686677467,-0.504677644015725,0.7140326324216693,ALIGNED
SCN_006,737,24.5333,TRACKING,237.5,352.5,320.0,240.0,-82.5,112.5,-0.515625,0.703125,-0.010947355984274987,-0.010907632421669256,-0.008757884787419989,-0.008726105937335405,-0.513435528803145,0.7053065264843339,ALIGNED
SCN_006,738,24.5667,TRACKING,236.5,352.5,320.0,240.0,-83.5,112.5,-0.521875,0.703125,-0.008439471196854953,-0.0021815264843338955,-0.006751576957483962,-0.0017452211874671164,-0.520187105760629,0.7035613052968668,ALIGNED
SCN_006,739,24.6,TRACKING,235.0,352.5,320.0,240.0,-85.0,112.5,-0.53125,0.703125,-0.011062894239371013,-0.0004363052968667791,-0.00885031539149681,-0.0003490442374934233,-0.5290374211521258,0.7032122610593734,ALIGNED
SCN_006,740,24.6333,TRACKING,234.0,351.0,320.0,240.0,-86.0,111.0,-0.5375,0.6937500000000001,-0.008462578847874158,-0.009462261059373311,-0.006770063078299327,-0.007569808847498649,-0.5358074842304251,0.6956424522118747,ALIGNED
SCN_006,741,24.6667,TRACKING,233.5,350.0,320.0,240.0,-86.5,110.0,-0.540625,0.6875,-0.004817515769574898,-0.008142452211874707,-0.003854012615659919,-0.0065139617694997655,-0.539661496846085,0.6891284904423749,ALIGNED
SCN_006,742,24.7,TRACKING,232.5,349.0,320.0,240.0,-87.5,109.0,-0.546875,0.68125,-0.007213503153915002,-0.007878490442374875,-0.0057708025231320015,-0.0063027923538999005,-0.545432299369217,0.682825698088475,ALIGNED
SCN_006,743,24.7333,TRACKING,231.0,348.0,320.0,240.0,-89.0,108.0,-0.55625,0.675,-0.010817700630783023,-0.007825698088474997,-0.008654160504626418,-0.006260558470779998,-0.5540864598738434,0.676565139617695,ALIGNED
SCN_006,744,24.7667,TRACKING,229.0,347.0,320.0,240.0,-91.0,107.0,-0.56875,0.6687500000000001,-0.01466354012615656,-0.007815139617694977,-0.011730832100925249,-0.006252111694155982,-0.5658172919747687,0.6703130279235391,ALIGNED
SCN_006,745,24.8,TRACKING,228.0,346.0,320.0,240.0,-92.0,106.0,-0.575,0.6625,-0.009182708025231245,-0.007813027923539106,-0.0073461664201849965,-0.006250422338831285,-0.5731634583949538,0.6640626055847078,ALIGNED
SCN_006,746,24.8333,TRACKING,227.0,345.0,320.0,240.0,-93.0,105.0,-0.58125,0.65625,-0.008086541605046293,-0.007812605584707755,-0.006469233284037035,-0.006250084467766204,-0.5796326916789908,0.6578125211169416,ALIGNED
SCN_006,747,24.8667,TRACKING,226.0,344.5,320.0,240.0,-94.0,104.5,-0.5875,0.653125,-0.007867308321009236,-0.004687521116941595,-0.006293846656807389,-0.0037500168935532766,-0.5859265383357982,0.6540625042233883,ALIGNED
SCN_006,748,24.9,TRACKING,224.5,342.0,320.0,240.0,-95.5,102.0,-0.596875,0.6375,-0.010948461664201825,-0.01656250422338834,-0.00875876933136146,-0.013250003378710674,-0.5946853076671597,0.6408125008446777,ALIGNED
SCN_006,749,24.9333,TRACKING,224.5,342.0,320.0,240.0,-95.5,102.0,-0.596875,0.6375,-0.0021896923328403872,-0.0033125008446777127,-0.00175175386627231,-0.00265000067574217,-0.596437061533432,0.6381625001689355,ALIGNED
SCN_006,750,24.9667,TRACKING,223.0,341.0,320.0,240.0,-97.0,101.0,-0.60625,0.63125,-0.009812938466567944,-0.00691250016893552,-0.007850350773254355,-0.005530000135148417,-0.6042874123066864,0.6326325000337871,ALIGNED
SCN_006,751,25.0,TRACKING,222.0,340.0,320.0,240.0,-98.0,100.0,-0.6125,0.625,-0.008212587693313678,-0.007632500033787126,-0.006570070154650942,-0.006106000027029702,-0.6108574824613373,0.6265265000067575,ALIGNED
SCN_006,752,25.0333,TRACKING,221.0,339.0,320.0,240.0,-99.0,99.0,-0.61875,0.6187499999999999,-0.007892517538662713,-0.0077765000067575585,-0.006314014030930171,-0.006221200005406047,-0.6171714964922674,0.6203053000013514,ALIGNED
SCN_006,753,25.0667,TRACKING,220.5,338.0,320.0,240.0,-99.5,98.0,-0.621875,0.6125,-0.0047035035077325205,-0.0078053000013513785,-0.0037628028061860164,-0.006244240001081103,-0.6209342992984535,0.6140610600002703,ALIGNED
SCN_006,754,25.1,TRACKING,218.5,337.0,320.0,240.0,-101.5,97.0,-0.634375,0.60625,-0.01344070070154657,-0.00781106000027032,-0.010752560561237258,-0.006248848000216256,-0.6316868598596908,0.607812212000054,ALIGNED
SCN_006,755,25.1333,TRACKING,391.0,1.5,320.0,240.0,71.0,-238.5,0.44375,-1.490625,1.0754368598596908,-2.098437212000054,0.16666666666666666,-0.16666666666666666,-0.4650201931930241,0.44114554533338735,ALIGNING
SCN_006,756,25.1667,TRACKING,217.0,334.0,320.0,240.0,-103.0,94.0,-0.64375,0.5875,-0.17872980680697592,0.14635445466661268,-0.14298384544558074,0.11708356373329015,-0.6080040386386049,0.5582291090666776,ALIGNING
SCN_006,757,25.2,TRACKING,216.0,333.5,320.0,240.0,-104.0,93.5,-0.65,0.584375,-0.04199596136139516,0.026145890933322424,-0.03359676908911613,0.02091671274665794,-0.641600807727721,0.5791458218133355,ALIGNED
SCN_006,758,25.2333,TRACKING,214.5,333.0,320.0,240.0,-105.5,93.0,-0.659375,0.58125,-0.017774192272279055,0.0021041781866645293,-0.014219353817823244,0.0016833425493316236,-0.6558201615455442,0.5808291643626672,ALIGNED
SCN_006,759,25.2667,TRACKING,214.0,331.0,320.0,240.0,-106.0,91.0,-0.6625,0.56875,-0.006679838454455744,-0.012079164362667205,-0.005343870763564596,-0.009663331490133764,-0.6611640323091088,0.5711658328725334,ALIGNED
SCN_006,760,25.3,TRACKING,212.5,330.0,320.0,240.0,-107.5,90.0,-0.671875,0.5625,-0.010710967690891193,-0.008665832872533419,-0.008568774152712955,-0.006932666298026736,-0.6697328064618218,0.5642331665745067,ALIGNED
SCN_006,761,25.3333,TRACKING,212.0,329.0,320.0,240.0,-108.0,89.0,-0.675,0.55625,-0.005267193538178283,-0.007983166574506706,-0.004213754830542627,-0.006386533259605365,-0.6739465612923644,0.5578466333149014,ALIGNED
SCN_006,762,25.3667,TRACKING,210.0,329.0,320.0,240.0,-110.0,89.0,-0.6875,0.55625,-0.01355343870763559,-0.0015966333149013412,-0.010842750966108473,-0.001277306651921073,-0.6847893122584728,0.5565693266629803,ALIGNED
SCN_006,763,25.4,TRACKING,210.0,326.5,320.0,240.0,-110.0,86.5,-0.6875,0.540625,-0.0027106877415271624,-0.01594432666298029,-0.00216855019322173,-0.012755461330384233,-0.6869578624516945,0.5438138653325961,ALIGNED
SCN_006,764,25.4333,TRACKING,211.0,324.5,320.0,240.0,-109.0,84.5,-0.68125,0.5281250000000001,0.005707862451694523,-0.015688865332596058,0.004566289961355619,-0.012551092266076848,-0.6823915724903389,0.5312627730665193,ALIGNED
SCN_006,765,25.4667,TRACKING,208.5,325.0,320.0,240.0,-111.5,85.0,-0.696875,0.53125,-0.01448342750966114,-1.2773066519256027e-05,-0.011586742007728912,-1.0218453215404822e-05,-0.6939783144980678,0.5312525546133039,ALIGNED
SCN_006,766,25.5,TRACKING,208.0,323.5,320.0,240.0,-112.0,83.5,-0.7,0.521875,-0.006021685501932161,-0.009377554613303918,-0.00481734840154573,-0.007502043690643135,-0.6987956628996135,0.5237505109226608,ALIGNED
SCN_006,767,25.5333,TRACKING,207.0,322.0,320.0,240.0,-113.0,82.0,-0.70625,0.5125,-0.0074543371003865655,-0.011250510922660828,-0.005963469680309252,-0.009000408738128662,-0.7047591325799227,0.5147501021845321,ALIGNED
SCN_006,768,25.5667,TRACKING,206.0,320.5,320.0,240.0,-114.0,80.5,-0.7125,0.5031249999999999,-0.007740867420077291,-0.011625102184532166,-0.006192693936061833,-0.009300081747625732,-0.7109518265159845,0.5054500204369063,ALIGNED
SCN_006,769,25.6,TRACKING,204.0,317.0,320.0,240.0,-116.0,77.0,-0.725,0.48125000000000007,-0.014048173484015436,-0.024200020436906278,-0.01123853878721235,-0.019360016349525024,-0.7221903653031969,0.48609000408738134,ALIGNED
SCN_006,770,25.6333,TRACKING,204.0,318.5,320.0,240.0,-116.0,78.5,-0.725,0.490625,-0.002809634696803065,0.0045349959126186334,-0.002247707757442452,0.003627996730094907,-0.7244380730606393,0.48971800081747624,ALIGNED
SCN_006,771,25.6667,TRACKING,204.0,317.0,320.0,240.0,-116.0,77.0,-0.725,0.48125000000000007,-0.0005619269393606352,-0.008468000817476173,-0.0004495415514885082,-0.006774400653980939,-0.7248876146121278,0.4829436001634953,ALIGNED
SCN_006,772,25.7,TRACKING,203.0,316.5,320.0,240.0,-117.0,76.5,-0.73125,0.47812499999999997,-0.006362385387872149,-0.004818600163495335,-0.00508990831029772,-0.0038548801307962677,-0.7299775229224256,0.47908872003269903,ALIGNED
SCN_006,773,25.7333,TRACKING,201.5,315.5,320.0,240.0,-118.5,75.5,-0.740625,0.471875,-0.010647477077574408,-0.007213720032699045,-0.008517981662059526,-0.005770976026159236,-0.7384955045844851,0.4733177440065398,ALIGNED
SCN_006,774,25.7667,TRACKING,200.0,314.0,320.0,240.0,-120.0,74.0,-0.75,0.4625,-0.011504495415514904,-0.010817744006539787,-0.009203596332411924,-0.00865419520523183,-0.7476991009168971,0.464663548801308,ALIGNED
SCN_006,775,25.8,TRACKING,201.0,312.5,320.0,240.0,-119.0,72.5,-0.74375,0.453125,0.0039491009168970415,-0.011538548801308002,0.0031592807335176333,-0.009230839041046402,-0.7445398201833794,0.4554327097602616,ALIGNED
SCN_006,776,25.8333,TRACKING,200.0,311.0,320.0,240.0,-120.0,71.0,-0.75,0.44375,-0.005460179816620614,-0.011682709760261645,-0.004368143853296491,-0.009346167808209316,-0.7489079640366759,0.44608654195205233,ALIGNED
SCN_006,777,25.8667,TRACKING,199.0,310.5,320.0,240.0,-121.0,70.5,-0.75625,0.44062500000000004,-0.007342035963324056,-0.0054615419520522845,-0.005873628770659245,-0.004369233561641828,-0.7547815928073351,0.4417173083904105,ALIGNED
SCN_006,778,25.9,TRACKING,198.0,308.0,320.0,240.0,-122.0,68.0,-0.7625,0.425,-0.007718407192664811,-0.016717308390410524,-0.00617472575413185,-0.01337384671232842,-0.760956318561467,0.42834346167808207,ALIGNED
SCN_006,779,25.9333,TRACKING,603.0,389.0,320.0,240.0,283.0,149.0,1.76875,0.93125,2.529706318561467,0.502906538321918,0.16666666666666666,0.16666666666666666,-0.5942896518948003,0.5950101283447488,ALIGNING
SCN_006,780,25.9667,TRACKING,197.5,306.5,320.0,240.0,-122.5,66.5,-0.765625,0.415625,-0.17133534810519968,-0.17938512834474873,-0.13706827848415976,-0.143508102675799,-0.7313579303789601,0.45150202566894976,ALIGNING
SCN_006,781,26.0,TRACKING,195.5,304.0,320.0,240.0,-124.5,64.0,-0.778125,0.4,-0.046767069621039825,-0.051502025668949736,-0.03741365569683186,-0.04120162053515979,-0.768771586075792,0.41030040513378996,ALIGNING
SCN_006,782,26.0333,TRACKING,196.5,303.0,320.0,240.0,-123.5,63.0,-0.771875,0.39375000000000004,-0.0031034139242079872,-0.016550405133789914,-0.00248273113936639,-0.013240324107031931,-0.7712543172151584,0.39706008102675805,ALIGNED
SCN_006,783,26.0667,TRACKING,196.0,302.5,320.0,240.0,-124.0,62.5,-0.775,0.390625,-0.003745682784841664,-0.006435081026758049,-0.0029965462278733314,-0.00514806482140644,-0.7742508634430317,0.3919120162053516,ALIGNED
SCN_006,784,26.1,TRACKING,194.0,300.0,320.0,240.0,-126.0,60.0,-0.7875,0.375,-0.013249136556968244,-0.0169120162053516,-0.010599309245574597,-0.01352961296428128,-0.7848501726886064,0.3783824032410703,ALIGNED
SCN_006,785,26.1333,TRACKING,194.0,299.0,320.0,240.0,-126.0,59.0,-0.7875,0.36874999999999997,-0.0026498273113936266,-0.009632403241070342,-0.0021198618491149014,-0.007705922592856274,-0.7869700345377213,0.370676480648214,ALIGNED
SCN_006,786,26.1667,TRACKING,193.0,298.0,320.0,240.0,-127.0,58.0,-0.79375,0.3625,-0.006779965462278659,-0.008176480648214024,-0.0054239723698229275,-0.006541184518571219,-0.7923940069075442,0.3641352961296428,ALIGNED
SCN_006,787,26.2,TRACKING,193.0,297.0,320.0,240.0,-127.0,57.0,-0.79375,0.35624999999999996,-0.0013559930924557095,-0.007885296129642838,-0.0010847944739645677,-0.006308236903714271,-0.7934788013815088,0.3578270592259285,ALIGNED
SCN_006,788,26.2333,TRACKING,191.5,295.5,320.0,240.0,-128.5,55.5,-0.803125,0.34687500000000004,-0.009646198618491142,-0.010952059225928457,-0.007716958894792914,-0.008761647380742766,-0.8011957602763018,0.34906541184518575,ALIGNED
SCN_006,789,26.2667,TRACKING,191.0,293.5,320.0,240.0,-129.0,53.5,-0.80625,0.33437500000000003,-0.005054239723698228,-0.014690411845185714,-0.004043391778958583,-0.01175232947614857,-0.8052391520552604,0.3373130823690372,ALIGNED
SCN_006,790,26.3,TRACKING,190.5,293.0,320.0,240.0,-129.5,53.0,-0.809375,0.33125,-0.004135847944739535,-0.006063082369037187,-0.0033086783557916277,-0.00485046589522975,-0.808547830411052,0.3324626164738074,ALIGNED
SCN_006,791,26.3333,TRACKING,190.0,291.0,320.0,240.0,-130.0,51.0,-0.8125,0.31875,-0.003952169588947951,-0.013712616473807449,-0.0031617356711583612,-0.010970093179045959,-0.8117095660822105,0.32149252329476147,ALIGNED
SCN_006,792,26.3667,TRACKING,190.0,289.5,320.0,240.0,-130.0,49.5,-0.8125,0.30937499999999996,-0.0007904339177895459,-0.012117523294761512,-0.0006323471342316368,-0.00969401863580921,-0.8123419132164421,0.31179850465895226,ALIGNED
SCN_006,793,26.4,TRACKING,189.0,287.5,320.0,240.0,-131.0,47.5,-0.81875,0.296875,-0.006408086783557865,-0.014923504658952258,-0.0051264694268462925,-0.011938803727161808,-0.8174683826432884,0.29985970093179043,ALIGNED
SCN_006,794,26.4333,TRACKING,189.5,287.0,320.0,240.0,-130.5,47.0,-0.815625,0.29375,0.001843382643288316,-0.006109700931790418,0.001474706114630653,-0.004887760745432335,-0.8159936765286577,0.2949719401863581,ALIGNED
SCN_006,795,26.4667,TRACKING,189.0,286.0,320.0,240.0,-131.0,46.0,-0.81875,0.28750000000000003,-0.002756323471342248,-0.00747194018635805,-0.0022050587770737983,-0.005977552149086441,-0.8181987353057315,0.2889943880372716,ALIGNED
SCN_006,796,26.5,TRACKING,188.0,284.0,320.0,240.0,-132.0,44.0,-0.825,0.27499999999999997,-0.00680126469426845,-0.013994388037271654,-0.00544101175541476,-0.011195510429817325,-0.8236397470611463,0.2777988776074543,ALIGNED
SCN_006,797,26.5333,TRACKING,186.5,283.5,320.0,240.0,-133.5,43.5,-0.834375,0.271875,-0.01073525293885369,-0.005923877607454331,-0.008588202351082952,-0.004739102085963465,-0.8322279494122292,0.27305977552149086,ALIGNED
SCN_006,798,26.5667,TRACKING,186.5,282.5,320.0,240.0,-133.5,42.5,-0.834375,0.265625,-0.00214705058777076,-0.007434775521490855,-0.0017176404702166082,-0.005947820417192684,-0.8339455898824458,0.2671119551042982,ALIGNED
SCN_006,799,26.6,TRACKING,187.0,280.0,320.0,240.0,-133.0,40.0,-0.83125,0.25,0.0026955898824457813,-0.017111955104298193,0.0021564719059566253,-0.013689564083438556,-0.8317891179764892,0.2534223910208596,ALIGNED
SCN_006,800,26.6333,TRACKING,186.0,279.0,320.0,240.0,-134.0,39.0,-0.8375,0.24375000000000002,-0.005710882023510777,-0.009672391020859594,-0.004568705618808622,-0.007737912816687675,-0.8363578235952979,0.24568447820417194,ALIGNED
SCN_006,801,26.6667,TRACKING,186.0,278.0,320.0,240.0,-134.0,38.0,-0.8375,0.2375,-0.0011421764047021554,-0.008184478204171952,-0.0009137411237617244,-0.006547582563337562,-0.8372715647190596,0.23913689564083437,ALIGNED
SCN_006,802,26.7,TRACKING,186.0,275.5,320.0,240.0,-134.0,35.5,-0.8375,0.221875,-0.00022843528094040888,-0.017261895640834385,-0.00018274822475232712,-0.013809516512667508,-0.8374543129438119,0.22532737912816686,ALIGNED
SCN_006,803,26.7333,TRACKING,185.0,274.5,320.0,240.0,-135.0,34.5,-0.84375,0.21562499999999998,-0.006295687056188104,-0.009702379128166877,-0.005036549644950483,-0.007761903302533502,-0.8424908625887624,0.21756547582563335,ALIGNED
SCN_006,804,26.7667,TRACKING,185.0,273.0,320.0,240.0,-135.0,33.0,-0.84375,0.20625000000000002,-0.0012591374112376208,-0.011315475825633331,-0.0010073099289900967,-0.009052380660506665,-0.8434981725177525,0.20851309516512667,ALIGNED
SCN_006,805,26.8,TRACKING,184.0,272.0,320.0,240.0,-136.0,32.0,-0.85,0.2,-0.00650182748224748,-0.00851309516512666,-0.005201461985797984,-0.006810476132101329,-0.8486996345035505,0.20170261903302533,ALIGNED
SCN_006,806,26.8333,TRACKING,184.0,270.0,320.0,240.0,-136.0,30.0,-0.85,0.1875,-0.0013003654964495182,-0.014202619033025332,-0.0010402923971596146,-0.011362095226420267,-0.8497399269007101,0.19034052380660507,ALIGNED
SCN_006,807,26.8667,TRACKING,184.5,269.0,320.0,240.0,-135.5,29.0,-0.846875,0.18125,0.002864926900710052,-0.009090523806605078,0.002291941520568042,-0.0072724190452840625,-0.8474479853801421,0.18306810476132102,ALIGNED
SCN_006,808,26.9,TRACKING,183.5,267.0,320.0,240.0,-136.5,27.0,-0.853125,0.16875,-0.005677014619857923,-0.014318104761321004,-0.004541611695886338,-0.011454483809056804,-0.8519895970760284,0.1716136209522642,ALIGNED
SCN_006,809,26.9333,TRACKING,181.0,265.5,320.0,240.0,-139.0,25.5,-0.86875,0.159375,-0.01676040292397163,-0.012238620952264218,-0.013408322339177305,-0.009790896761811375,-0.8653979194152057,0.16182272419045282,ALIGNED
SCN_006,810,26.9667,TRACKING,182.5,264.5,320.0,240.0,-137.5,24.5,-0.859375,0.153125,0.006022919415205719,-0.00869772419045281,0.004818335532164575,-0.006958179352362249,-0.8605795838830411,0.15486454483809056,ALIGNED
SCN_006,811,27.0,TRACKING,183.0,263.0,320.0,240.0,-137.0,23.0,-0.85625,0.14375000000000002,0.004329583883041166,-0.011114544838090545,0.003463667106432933,-0.008891635870472437,-0.8571159167766081,0.14597290896761814,ALIGNED
SCN_006,812,27.0333,TRACKING,183.5,262.0,320.0,240.0,-136.5,22.0,-0.853125,0.13749999999999998,0.003990916776608122,-0.008472908967618153,0.003192733421286498,-0.006778327174094523,-0.8539231833553217,0.13919458179352362,ALIGNED
SCN_006,813,27.0667,TRACKING,182.0,260.5,320.0,240.0,-138.0,20.5,-0.8625,0.128125,-0.008576816644678353,-0.01106958179352363,-0.006861453315742683,-0.008855665434818905,-0.8607846366710644,0.1303389163587047,ALIGNED
SCN_006,814,27.1,TRACKING,182.0,259.0,320.0,240.0,-138.0,19.0,-0.8625,0.11875,-0.0017153633289356263,-0.01158891635870471,-0.0013722906631485011,-0.009271133086963769,-0.8621569273342129,0.12106778327174093,ALIGNED
SCN_006,815,27.1333,TRACKING,182.0,257.0,320.0,240.0,-138.0,17.0,-0.8625,0.10625,-0.00034307266578714746,-0.014817783271740936,-0.00027445813262971797,-0.01185422661739275,-0.8624313854668426,0.10921355665434818,ALIGNED
SCN_006,816,27.1667,TRACKING,183.0,256.0,320.0,240.0,-137.0,16.0,-0.85625,0.1,0.006181385466842659,-0.00921355665434817,0.004945108373474128,-0.0073708453234785365,-0.8574862770933684,0.10184271133086964,ALIGNED
SCN_006,817,27.2,TRACKING,182.5,254.0,320.0,240.0,-137.5,14.0,-0.859375,0.0875,-0.001888722906631557,-0.014342711330869645,-0.0015109783253052457,-0.011474169064695717,-0.8589972554186737,0.09036854226617393,ALIGNED
SCN_006,818,27.2333,TRACKING,180.0,253.5,320.0,240.0,-140.0,13.5,-0.875,0.084375,-0.016002744581326334,-0.005993542266173921,-0.012802195665061068,-0.004794833812939137,-0.8717994510837347,0.0855737084532348,ALIGNED
SCN_006,819,27.2667,TRACKING,181.5,250.5,320.0,240.0,-138.5,10.5,-0.865625,0.06562499999999999,0.006174451083734711,-0.019948708453234806,0.004939560866987769,-0.015958966762587845,-0.8668598902167469,0.06961474169064695,ALIGNED
SCN_006,820,27.3,TRACKING,181.0,250.0,320.0,240.0,-139.0,10.0,-0.86875,0.0625,-0.0018901097832531022,-0.00711474169064695,-0.0015120878266024818,-0.005691793352517561,-0.8683719780433494,0.06392294833812939,ALIGNED
SCN_006,821,27.3333,TRACKING,181.5,248.0,320.0,240.0,-138.5,8.0,-0.865625,0.05,0.002746978043349446,-0.01392294833812939,0.002197582434679557,-0.011138358670503513,-0.8661743956086698,0.05278458966762588,ALIGNED
SCN_006,822,27.3667,TRACKING,181.0,247.0,320.0,240.0,-139.0,7.0,-0.86875,0.04375,-0.0025756043913301996,-0.00903458966762588,-0.00206048351306416,-0.007227671734100705,-0.868234879121734,0.045556917933525176,ALIGNED
SCN_006,823,27.4,TRACKING,181.0,245.0,320.0,240.0,-139.0,5.0,-0.86875,0.03125,-0.0005151208782659955,-0.014306917933525176,-0.00041209670261279643,-0.011445534346820142,-0.8686469758243468,0.034111383586705034,ALIGNED
SCN_006,824,27.4333,TRACKING,181.0,243.5,320.0,240.0,-139.0,3.5,-0.86875,0.021875,-0.0001030241756532213,-0.012236383586705035,-8.241934052257705e-05,-0.00978910686936403,-0.8687293951648694,0.024322276717341003,ALIGNED
SCN_006,825,27.4667,TRACKING,181.0,243.0,320.0,240.0,-139.0,3.0,-0.86875,0.018750000000000003,-2.0604835130666466e-05,-0.005572276717341,-1.6483868104533172e-05,-0.004457821373872801,-0.8687458790329738,0.0198644553434682,ALIGNED
SCN_006,826,27.5,TRACKING,182.5,241.0,320.0,240.0,-137.5,1.0,-0.859375,0.00625,0.009370879032973845,-0.013614455343468201,0.007496703226379076,-0.010891564274774562,-0.8612491758065948,0.00897289106869364,ALIGNED
SCN_006,827,27.5333,TRACKING,181.0,240.0,320.0,240.0,-139.0,0.0,-0.86875,0.0,-0.007500824193405253,-0.00897289106869364,-0.006000659354724203,-0.007178312854954912,-0.8672498351613189,0.001794578213738728,ALIGNED
SCN_006,828,27.5667,TRACKING,180.0,238.0,320.0,240.0,-140.0,-2.0,-0.875,-0.0125,-0.007750164838681073,-0.014294578213738729,-0.006200131870944859,-0.011435662570990983,-0.8734499670322637,-0.009641084357252255,ALIGNED
SCN_006,829,27.6,TRACKING,181.0,237.0,320.0,240.0,-139.0,-3.0,-0.86875,-0.018750000000000003,0.004699967032263719,-0.009108915642747748,0.0037599736258109753,-0.007287132514198199,-0.8696899934064528,-0.016928216871450453,ALIGNED
SCN_006,830,27.6333,TRACKING,181.0,235.0,320.0,240.0,-139.0,-5.0,-0.86875,-0.03125,0.0009399934064527882,-0.014321783128549547,0.0007519947251622306,-0.011457426502839638,-0.8689379986812906,-0.02838564337429009,ALIGNED
SCN_006,831,27.6667,TRACKING,181.0,234.0,320.0,240.0,-139.0,-6.0,-0.86875,-0.037500000000000006,0.00018799868129060204,-0.009114356625709915,0.00015039894503248165,-0.007291485300567932,-0.8687875997362582,-0.03567712867485802,ALIGNED
SCN_006,832,27.7,TRACKING,181.0,232.5,320.0,240.0,-139.0,-7.5,-0.86875,-0.046875,3.759973625816482e-05,-0.011197871325141981,3.0079789006531857e-05,-0.008958297060113585,-0.8687575199472517,-0.044635425734971604,ALIGNED
SCN_006,833,27.7333,TRACKING,181.0,230.5,320.0,240.0,-139.0,-9.5,-0.86875,-0.059375,7.5199472516773724e-06,-0.014739574265028393,6.015957801341898e-06,-0.011791659412022716,-0.8687515039894503,-0.05642708514699432,ALIGNED
SCN_006,834,27.7667,TRACKING,181.0,229.5,320.0,240.0,-139.0,-10.5,-0.86875,-0.06562499999999999,1.50398945031327e-06,-0.009197914853005668,1.2031915602506161e-06,-0.007358331882404534,-0.8687503007978901,-0.06378541702939886,ALIGNED
SCN_006,835,27.8,TRACKING,182.5,228.0,320.0,240.0,-137.5,-12.0,-0.859375,-0.07500000000000001,0.009375300797890063,-0.011214582970601156,0.007500240638312051,-0.008971666376480924,-0.8612500601595781,-0.07275708340587977,ALIGNED
SCN_006,836,27.8333,TRACKING,182.0,226.0,320.0,240.0,-138.0,-14.0,-0.8625,-0.0875,-0.0012499398404219875,-0.01474291659412022,-0.00099995187233759,-0.011794333275296177,-0.8622500120319156,-0.08455141668117595,ALIGNED
SCN_006,837,27.8667,TRACKING,182.0,225.0,320.0,240.0,-138.0,-15.0,-0.8625,-0.09375,-0.0002499879680843975,-0.009198583318824047,-0.00019999037446751802,-0.007358866655059238,-0.8624500024063831,-0.09191028333623519,ALIGNED
SCN_006,838,27.9,TRACKING,183.5,223.5,320.0,240.0,-136.5,-16.5,-0.853125,-0.10312500000000001,0.00932500240638312,-0.01121471666376482,0.007460001925106497,-0.008971773331011857,-0.8549900004812766,-0.10088205666724705,ALIGNED
SCN_006,839,27.9333,TRACKING,181.5,222.5,320.0,240.0,-138.5,-17.5,-0.865625,-0.109375,-0.010634999518723376,-0.008492943332752953,-0.0085079996149787,-0.006794354666202363,-0.8634980000962553,-0.1076764113334494,ALIGNED
SCN_006,840,27.9667,TRACKING,182.5,221.0,320.0,240.0,-137.5,-19.0,-0.859375,-0.11875,0.004123000096255325,-0.011073588666550588,0.00329840007700426,-0.00885887093324047,-0.8601996000192511,-0.11653528226668988,ALIGNED
SCN_006,841,28.0,TRACKING,183.0,218.5,320.0,240.0,-137.0,-21.5,-0.85625,-0.134375,0.003949600019251154,-0.017839717733310112,0.0031596800154009234,-0.01427177418664809,-0.8570399200038502,-0.13080705645333798,ALIGNED
SCN_006,842,28.0333,TRACKING,184.0,217.0,320.0,240.0,-136.0,-23.0,-0.85,-0.14375000000000002,0.007039920003850231,-0.012942943546662034,0.005631936003080185,-0.010354354837329627,-0.85140798400077,-0.14116141129066762,ALIGNED
SCN_006,843,28.0667,TRACKING,183.0,216.5,320.0,240.0,-137.0,-23.5,-0.85625,-0.146875,-0.004842015999229954,-0.00571358870933239,-0.0038736127993839633,-0.004570870967465912,-0.8552815968001539,-0.14573228225813353,ALIGNED
SCN_006,844,28.1,TRACKING,183.0,215.0,320.0,240.0,-137.0,-25.0,-0.85625,-0.15625,-0.0009684031998460352,-0.010517717741866467,-0.0007747225598768282,-0.008414174193493175,-0.8560563193600308,-0.1541464564516267,ALIGNED
SCN_006,845,28.1333,TRACKING,184.0,213.0,320.0,240.0,-136.0,-27.0,-0.85,-0.16875,0.006056319360030815,-0.014603543548373316,0.004845055488024653,-0.011682834838698654,-0.8512112638720062,-0.16582929129032534,ALIGNED
SCN_006,846,28.1667,TRACKING,183.0,212.0,320.0,240.0,-137.0,-28.0,-0.85625,-0.175,-0.00503873612799377,-0.009170708709674652,-0.0040309889023950165,-0.007336566967739722,-0.8552422527744012,-0.17316585825806505,ALIGNED
SCN_006,847,28.2,TRACKING,184.0,211.0,320.0,240.0,-136.0,-29.0,-0.85,-0.18125,0.005242252774401268,-0.008084141741934947,0.004193802219521015,-0.006467313393547958,-0.8510484505548802,-0.179633171651613,ALIGNED
SCN_006,848,28.2333,TRACKING,185.0,208.5,320.0,240.0,-135.0,-31.5,-0.84375,-0.19687500000000002,0.007298450554880209,-0.01724182834838703,0.005838760443904168,-0.013793462678709623,-0.845209690110976,-0.19342663433032262,ALIGNED
SCN_006,849,28.2667,TRACKING,185.5,208.5,320.0,240.0,-134.5,-31.5,-0.840625,-0.19687500000000002,0.004584690110976064,-0.0034483656696774057,0.0036677520887808514,-0.002758692535741925,-0.8415419380221951,-0.19618532686606455,ALIGNED
SCN_006,850,28.3,TRACKING,186.5,206.0,320.0,240.0,-133.5,-34.0,-0.834375,-0.2125,0.007166938022195146,-0.016314673133935448,0.0057335504177561175,-0.013051738507148358,-0.835808387604439,-0.2092370653732129,ALIGNED
SCN_006,851,28.3333,TRACKING,185.5,204.5,320.0,240.0,-134.5,-35.5,-0.840625,-0.221875,-0.004816612395560971,-0.012637934626787084,-0.003853289916448777,-0.010110347701429668,-0.8396616775208877,-0.21934741307464256,ALIGNED
SCN_006,852,28.3667,TRACKING,186.0,203.0,320.0,240.0,-134.0,-37.0,-0.8375,-0.23125,0.002161677520887695,-0.01190258692535745,0.0017293420167101559,-0.009522069540285961,-0.8379323355041776,-0.2288694826149285,ALIGNED
SCN_006,853,28.4,TRACKING,187.0,202.5,320.0,240.0,-133.0,-37.5,-0.83125,-0.234375,0.006682335504177517,-0.00550551738507149,0.005345868403342014,-0.004404413908057192,-0.8325864671008355,-0.2332738965229857,ALIGNED
SCN_006,854,28.4333,TRACKING,188.5,200.5,320.0,240.0,-131.5,-39.5,-0.821875,-0.246875,0.010711467100835481,-0.01360110347701432,0.008569173680668386,-0.010880882781611458,-0.8240172934201672,-0.24415477930459714,ALIGNED
SCN_006,855,28.4667,TRACKING,187.5,199.0,320.0,240.0,-132.5,-41.0,-0.828125,-0.25625,-0.004107706579832837,-0.012095220695402836,-0.0032861652638662697,-0.00967617655632227,-0.8273034586840334,-0.2538309558609194,ALIGNED
SCN_006,856,28.5,TRACKING,188.0,198.0,320.0,240.0,-132.0,-42.0,-0.825,-0.26249999999999996,0.002303458684033477,-0.00866904413908054,0.0018427669472267816,-0.006935235311264432,-0.8254606917368067,-0.26076619117218386,ALIGNED
SCN_006,857,28.5333,TRACKING,188.0,195.5,320.0,240.0,-132.0,-44.5,-0.825,-0.278125,0.0004606917368067398,-0.017358808827816152,0.0003685533894453919,-0.013887047062252923,-0.8250921383473613,-0.27465323823443677,ALIGNED
SCN_006,858,28.5667,TRACKING,189.0,195.0,320.0,240.0,-131.0,-45.0,-0.81875,-0.28125,0.0063421383473613036,-0.0065967617655632305,0.005073710677889043,-0.005277409412450584,-0.8200184276694722,-0.27993064764688735,ALIGNED
SCN_006,859,28.6,TRACKING,189.0,194.0,320.0,240.0,-131.0,-46.0,-0.81875,-0.28750000000000003,0.0012684276694722163,-0.007569352353112679,0.001014742135577773,-0.006055481882490144,-0.8190036855338945,-0.2859861295293775,ALIGNED
SCN_006,860,28.6333,TRACKING,189.5,192.0,320.0,240.0,-130.5,-48.0,-0.815625,-0.30000000000000004,0.003378685533894421,-0.014013870470622525,0.002702948427115537,-0.01121109637649802,-0.816300737106779,-0.29719722590587555,ALIGNED
SCN_006,861,28.6667,TEMPORARILY_LOST,189.5,192.0,320.0,240.0,-130.5,-48.0,-0.815625,-0.30000000000000004,0.0006757371067789286,-0.002802774094124494,0.0005405896854231429,-0.0022422192752995953,-0.8157601474213558,-0.29943944518117516,ALIGNED
SCN_006,862,28.7,REACQUIRED,191.5,191.0,320.0,240.0,-128.5,-49.0,-0.803125,-0.30625,0.012635147421355852,-0.0068105548188248655,0.010108117937084682,-0.0054484438550598925,-0.8056520294842712,-0.30488788903623504,ALIGNED
SCN_006,863,28.7333,TRACKING,192.0,190.5,320.0,240.0,-128.0,-49.5,-0.8,-0.30937499999999996,0.005652029484271126,-0.004487110963764918,0.004521623587416901,-0.003589688771011934,-0.8011304058968542,-0.308477577807247,ALIGNED
SCN_006,864,28.7667,TRACKING,192.5,187.0,320.0,240.0,-127.5,-53.0,-0.796875,-0.33125,0.004255405896854247,-0.022772422192752995,0.003404324717483398,-0.018217937754202395,-0.7977260811793708,-0.3266955155614494,ALIGNED
SCN_006,865,28.8,TRACKING,192.0,185.5,320.0,240.0,-128.0,-54.5,-0.8,-0.340625,-0.002273918820629217,-0.013929484438550632,-0.0018191350565033737,-0.011143587550840507,-0.7995452162358742,-0.3378391031122899,ALIGNED
SCN_006,866,28.8333,TRACKING,193.0,184.0,320.0,240.0,-127.0,-56.0,-0.79375,-0.35,0.005795216235874201,-0.012160896887710104,0.004636172988699361,-0.009728717510168084,-0.7949090432471748,-0.34756782062245795,ALIGNED
SCN_006,867,28.8667,TRACKING,194.0,183.5,320.0,240.0,-126.0,-56.5,-0.7875,-0.353125,0.00740904324717484,-0.005557179377542076,0.005927234597739872,-0.0044457435020336614,-0.7889818086494349,-0.3520135641244916,ALIGNED
SCN_006,868,28.9,TRACKING,194.0,181.0,320.0,240.0,-126.0,-59.0,-0.7875,-0.36874999999999997,0.0014818086494349236,-0.016736435875508382,0.001185446919547939,-0.013389148700406707,-0.787796361729887,-0.3654027128248983,ALIGNED
SCN_006,869,28.9333,TRACKING,194.5,180.0,320.0,240.0,-125.5,-60.0,-0.784375,-0.375,0.0034213617298869403,-0.00959728717510172,0.0027370893839095524,-0.007677829740081377,-0.7850592723459774,-0.37308054256497963,ALIGNED
SCN_006,870,28.9667,TRACKING,197.0,180.0,320.0,240.0,-123.0,-60.0,-0.76875,-0.375,0.016309272345977344,-0.0019194574350203664,0.013047417876781875,-0.001535565948016293,-0.7720118544691955,-0.3746161085129959,ALIGNED
SCN_006,871,29.0,TRACKING,196.0,177.5,320.0,240.0,-124.0,-62.5,-0.775,-0.390625,-0.002988145530804509,-0.016008891487004073,-0.0023905164246436073,-0.012807113189603259,-0.7744023708938391,-0.3874232217025992,ALIGNED
SCN_006,872,29.0333,TRACKING,197.0,176.0,320.0,240.0,-123.0,-64.0,-0.76875,-0.4,0.005652370893839076,-0.012576778297400837,0.004521896715071261,-0.01006142263792067,-0.7698804741787678,-0.39748464434051983,ALIGNED
SCN_006,873,29.0667,TRACKING,198.0,174.5,320.0,240.0,-122.0,-65.5,-0.7625,-0.40937499999999993,0.00738047417876786,-0.0118903556594801,0.005904379343014288,-0.009512284527584082,-0.7639760948357536,-0.4069969288681039,ALIGNED
SCN_006,874,29.1,TRACKING,196.5,175.5,320.0,240.0,-123.5,-64.5,-0.771875,-0.40312499999999996,-0.007898905164246406,0.0038719288681039465,-0.006319124131397125,0.0030975430944831573,-0.7702952189671507,-0.4038993857736207,ALIGNED
SCN_006,875,29.1333,TRACKING,199.0,171.5,320.0,240.0,-121.0,-68.5,-0.75625,-0.428125,0.014045218967150719,-0.024225614226379255,0.011236175173720575,-0.019380491381103405,-0.7590590437934301,-0.42327987715472415,ALIGNED
SCN_006,876,29.1667,TRACKING,200.0,171.0,320.0,240.0,-120.0,-69.0,-0.75,-0.43124999999999997,0.009059043793430144,-0.007970122845275818,0.007247235034744115,-0.006376098276220654,-0.751811808758686,-0.4296559754309448,ALIGNED
SCN_006,877,29.2,TRACKING,199.0,170.0,320.0,240.0,-121.0,-70.0,-0.75625,-0.4375,-0.004438191241313949,-0.007844024569055197,-0.0035505529930511593,-0.006275219655244158,-0.7553623617517372,-0.43593119508618894,ALIGNED
SCN_006,878,29.2333,TRACKING,201.0,169.0,320.0,240.0,-119.0,-71.0,-0.74375,-0.44375,0.011612361751737188,-0.00781880491381104,0.00928988940138975,-0.006255043931048832,-0.7460724723503475,-0.44218623901723775,ALIGNED
SCN_006,879,29.2667,TRACKING,201.5,167.5,320.0,240.0,-118.5,-72.5,-0.740625,-0.453125,0.005447472350347482,-0.010938760982762252,0.004357977880277986,-0.008751008786209801,-0.7417144944700694,-0.45093724780344757,ALIGNED
SCN_006,880,29.3,TRACKING,581.0,245.5,320.0,240.0,261.0,5.5,1.63125,0.034374999999999996,2.3729644944700694,0.48531224780344756,0.16666666666666666,0.16666666666666666,-0.5750478278034028,-0.28427058113678094,ALIGNING
SCN_006,881,29.3333,TRACKING,204.0,165.0,320.0,240.0,-116.0,-75.0,-0.725,-0.46875,-0.14995217219659718,-0.18447941886321906,-0.11996173775727775,-0.14758353509057526,-0.6950095655606805,-0.4318541162273562,ALIGNING
SCN_006,882,29.3667,TRACKING,204.0,164.0,320.0,240.0,-116.0,-76.0,-0.725,-0.475,-0.02999043443931948,-0.04314588377264378,-0.023992347551455587,-0.034516707018115024,-0.7190019131121361,-0.46637082324547124,ALIGNED
SCN_006,883,29.4,TRACKING,204.5,162.0,320.0,240.0,-115.5,-78.0,-0.721875,-0.48750000000000004,-0.002873086887863918,-0.0211291767545288,-0.0022984695102911345,-0.01690334140362304,-0.7213003826224272,-0.4832741646490943,ALIGNED
SCN_006,884,29.4333,TRACKING,206.0,161.5,320.0,240.0,-114.0,-78.5,-0.7125,-0.490625,0.008800382622427216,-0.007350835350905693,0.007040306097941773,-0.005880668280724555,-0.7142600765244854,-0.4891548329298188,ALIGNED
SCN_006,885,29.4667,TRACKING,207.5,160.0,320.0,240.0,-112.5,-80.0,-0.703125,-0.5,0.011135076524485421,-0.010845167070181183,0.008908061219588337,-0.008676133656144946,-0.7053520153048971,-0.49783096658596376,ALIGNED
SCN_006,886,29.5,TRACKING,207.5,158.5,320.0,240.0,-112.5,-81.5,-0.703125,-0.509375,0.0022270153048971064,-0.011544033414036259,0.0017816122439176852,-0.009235226731229007,-0.7035704030609794,-0.5070661933171927,ALIGNED
SCN_006,887,29.5333,TRACKING,209.0,158.5,320.0,240.0,-111.0,-81.5,-0.69375,-0.509375,0.009820403060979421,-0.0023088066828073073,0.007856322448783537,-0.0018470453462458459,-0.6957140806121959,-0.5089132386634385,ALIGNED
SCN_006,888,29.5667,TRACKING,210.5,155.5,320.0,240.0,-109.5,-84.5,-0.684375,-0.5281250000000001,0.011339080612195906,-0.01921176133656155,0.009071264489756726,-0.01536940906924924,-0.6866428161224392,-0.5242826477326877,ALIGNED
SCN_006,889,29.6,TRACKING,211.0,153.5,320.0,240.0,-109.0,-86.5,-0.68125,-0.540625,0.005392816122439137,-0.016342352267312288,0.00431425289795131,-0.01307388181384983,-0.6823285632244879,-0.5373565295465376,ALIGNED
SCN_006,890,29.6333,TRACKING,211.0,153.5,320.0,240.0,-109.0,-86.5,-0.68125,-0.540625,0.0010785632244878496,-0.0032684704534624576,0.0008628505795902797,-0.002614776362769966,-0.6814657126448976,-0.5399713059093075,ALIGNED
SCN_006,891,29.6667,TRACKING,212.0,153.0,320.0,240.0,-108.0,-87.0,-0.675,-0.54375,0.006465712644897592,-0.003778694090692425,0.005172570115918074,-0.0030229552725539403,-0.6762931425289795,-0.5429942611818614,ALIGNED
SCN_006,892,29.7,TRACKING,213.0,152.0,320.0,240.0,-107.0,-88.0,-0.66875,-0.5499999999999999,0.007543142528979585,-0.007005738818138485,0.006034514023183668,-0.005604591054510788,-0.6702586285057959,-0.5485988522363723,ALIGNED
SCN_006,893,29.7333,TRACKING,213.5,151.0,320.0,240.0,-106.5,-89.0,-0.665625,-0.55625,0.00463362850579585,-0.007651147763627741,0.0037069028046366804,-0.006120918210902194,-0.6665517257011592,-0.5547197704472745,ALIGNED
SCN_006,894,29.7667,TRACKING,216.0,150.5,320.0,240.0,-104.0,-89.5,-0.65,-0.559375,0.016551725701159148,-0.0046552295527254595,0.013241380560927319,-0.0037241836421803677,-0.6533103451402319,-0.5584439540894549,ALIGNED
SCN_006,895,29.8,TRACKING,216.0,148.0,320.0,240.0,-104.0,-92.0,-0.65,-0.5750000000000001,0.003310345140231874,-0.01655604591054516,0.0026482761121854994,-0.013244836728436127,-0.6506620690280464,-0.571688790817891,ALIGNED
SCN_006,896,29.8333,TRACKING,217.0,146.5,320.0,240.0,-103.0,-93.5,-0.64375,-0.584375,0.006912069028046308,-0.012686209182108943,0.005529655222437047,-0.010148967345687154,-0.6451324138056093,-0.5818377581635782,ALIGNED
SCN_006,897,29.8667,TRACKING,218.5,146.0,320.0,240.0,-101.5,-94.0,-0.634375,-0.5875,0.01075741380560924,-0.005662241836421833,0.008605931044487392,-0.0045297934691374666,-0.6365264827611219,-0.5863675516327157,ALIGNED
SCN_006,898,29.9,TRACKING,219.0,145.0,320.0,240.0,-101.0,-95.0,-0.63125,-0.59375,0.0052764827611219145,-0.0073824483672843,0.004221186208897532,-0.00590595869382744,-0.6323052965522243,-0.5922735103265432,ALIGNED
SCN_006,899,29.9333,TRACKING,220.0,144.5,320.0,240.0,-100.0,-95.5,-0.625,-0.5968749999999999,0.0073052965522243385,-0.004601489673456749,0.005844237241779471,-0.0036811917387653994,-0.6264610593104448,-0.5959547020653085,ALIGNED
SCN_006,900,29.9667,TRACKING,219.0,142.0,320.0,240.0,-101.0,-98.0,-0.63125,-0.6125,-0.0047889406895551545,-0.016545297934691505,-0.0038311525516441236,-0.013236238347753206,-0.630292211862089,-0.6091909404130618,ALIGNED
