scenario_id,frame_id,timestamp,tracking_status,tracked_x,tracked_y,image_center_x,image_center_y,pixel_error_x,pixel_error_y,target_angle_x,target_angle_y,remaining_error_x,remaining_error_y,pan_command,tilt_command,virtual_pan,virtual_tilt,alignment_status
SCN_001,1,0.0,ACQUIRING,101.0,91.0,320.0,240.0,-219.0,-149.0,-1.36875,-0.93125,-1.36875,-0.93125,-0.16666666666666666,-0.16666666666666666,-0.16666666666666666,-0.16666666666666666,ALIGNING
SCN_001,2,0.0333,ACQUIRING,101.0,91.0,320.0,240.0,-219.0,-149.0,-1.36875,-0.93125,-1.2020833333333332,-0.7645833333333334,-0.16666666666666666,-0.16666666666666666,-0.3333333333333333,-0.3333333333333333,ALIGNING
SCN_001,3,0.0667,TRACKING,102.0,92.0,320.0,240.0,-218.0,-148.0,-1.3625,-0.925,-1.0291666666666668,-0.5916666666666668,-0.16666666666666666,-0.16666666666666666,-0.5,-0.5,ALIGNING
SCN_001,4,0.1,TRACKING,102.0,92.0,320.0,240.0,-218.0,-148.0,-1.3625,-0.925,-0.8625,-0.42500000000000004,-0.16666666666666666,-0.16666666666666666,-0.6666666666666666,-0.6666666666666666,ALIGNING
SCN_001,5,0.1333,TRACKING,103.0,92.0,320.0,240.0,-217.0,-148.0,-1.35625,-0.925,-0.6895833333333333,-0.2583333333333334,-0.16666666666666666,-0.16666666666666666,-0.8333333333333333,-0.8333333333333333,ALIGNING
SCN_001,6,0.1667,TRACKING,103.0,93.0,320.0,240.0,-217.0,-147.0,-1.35625,-0.9187500000000001,-0.5229166666666667,-0.08541666666666681,-0.16666666666666666,-0.06833333333333345,-0.9999999999999999,-0.9016666666666667,ALIGNING
SCN_001,7,0.2,TRACKING,104.0,93.0,320.0,240.0,-216.0,-147.0,-1.35,-0.9187500000000001,-0.3500000000000002,-0.01708333333333334,-0.16666666666666666,-0.013666666666666672,-1.1666666666666665,-0.9153333333333334,ALIGNING
SCN_001,8,0.2333,TRACKING,104.0,93.0,320.0,240.0,-216.0,-147.0,-1.35,-0.9187500000000001,-0.18333333333333357,-0.0034166666666666234,-0.14666666666666686,-0.002733333333333299,-1.3133333333333335,-0.9180666666666667,ALIGNING
SCN_001,9,0.2667,TRACKING,105.0,94.0,320.0,240.0,-215.0,-146.0,-1.34375,-0.9124999999999999,-0.030416666666666536,0.005566666666666831,-0.02433333333333323,0.004453333333333464,-1.3376666666666668,-0.9136133333333333,ALIGNED
SCN_001,10,0.3,TRACKING,105.0,94.0,320.0,240.0,-215.0,-146.0,-1.34375,-0.9124999999999999,-0.0060833333333332185,0.0011133333333334106,-0.004866666666666575,0.0008906666666667285,-1.3425333333333334,-0.9127226666666666,ALIGNED
SCN_001,11,0.3333,TRACKING,106.0,94.0,320.0,240.0,-214.0,-146.0,-1.3375,-0.9124999999999999,0.005033333333333445,0.00022266666666670432,0.0040266666666667564,0.00017813333333336346,-1.3385066666666665,-0.9125445333333332,ALIGNED
SCN_001,12,0.3667,TRACKING,106.0,95.0,320.0,240.0,-214.0,-145.0,-1.3375,-0.90625,0.0010066666666666002,0.006294533333333185,0.0008053333333332802,0.005035626666666549,-1.3377013333333332,-0.9075089066666666,ALIGNED
SCN_001,13,0.4,TRACKING,107.0,95.0,320.0,240.0,-213.0,-145.0,-1.33125,-0.90625,0.006451333333333142,0.0012589066666666149,0.005161066666666514,0.001007125333333292,-1.3325402666666666,-0.9065017813333334,ALIGNED
SCN_001,14,0.4333,TRACKING,107.0,95.0,320.0,240.0,-213.0,-145.0,-1.33125,-0.90625,0.0012902666666665397,0.0002517813333333674,0.0010322133333332318,0.00020142506666669392,-1.3315080533333334,-0.9063003562666667,ALIGNED
SCN_001,15,0.4667,TRACKING,108.0,96.0,320.0,240.0,-212.0,-144.0,-1.325,-0.8999999999999999,0.006508053333333486,0.006300356266666807,0.005206442666666789,0.005040285013333446,-1.3263016106666667,-0.9012600712533333,ALIGNED
SCN_001,16,0.5,TRACKING,108.0,96.0,320.0,240.0,-212.0,-144.0,-1.325,-0.8999999999999999,0.001301610666666786,0.0012600712533333835,0.0010412885333334289,0.0010080570026667068,-1.3252603221333332,-0.9002520142506666,ALIGNED
SCN_001,17,0.5333,TRACKING,109.0,96.0,320.0,240.0,-211.0,-144.0,-1.31875,-0.8999999999999999,0.006510322133333135,0.0002520142506666767,0.005208257706666508,0.0002016114005333414,-1.3200520644266667,-0.9000504028501333,ALIGNED
SCN_001,18,0.5667,TRACKING,109.0,97.0,320.0,240.0,-211.0,-143.0,-1.31875,-0.89375,0.0013020644266665826,0.006300402850133224,0.0010416515413332662,0.00504032228010658,-1.3190104128853335,-0.8950100805700267,ALIGNED
SCN_001,19,0.6,TRACKING,110.0,97.0,320.0,240.0,-210.0,-143.0,-1.3125,-0.89375,0.006510412885333494,0.0012600805700266893,0.0052083303082667955,0.0010080644560213515,-1.3138020825770667,-0.8940020161140054,ALIGNED
SCN_001,20,0.6333,TRACKING,110.0,97.0,320.0,240.0,-210.0,-143.0,-1.3125,-0.89375,0.0013020825770666544,0.00025201611400538226,0.0010416660616533236,0.00020161289120430582,-1.3127604165154134,-0.8938004032228011,ALIGNED
SCN_001,21,0.6667,TRACKING,111.0,98.0,320.0,240.0,-209.0,-142.0,-1.30625,-0.8875,0.0065104165154135085,0.006300403222801121,0.005208333212330807,0.005040322578240897,-1.3075520833030827,-0.8887600806445601,ALIGNED
SCN_001,22,0.7,TRACKING,111.0,98.0,320.0,240.0,-209.0,-142.0,-1.30625,-0.8875,0.0013020833030827905,0.0012600806445601798,0.0010416666424662325,0.001008064515648144,-1.3065104166606165,-0.887752016128912,ALIGNED
SCN_001,23,0.7333,TRACKING,112.0,98.0,320.0,240.0,-208.0,-142.0,-1.3,-0.8875,0.006510416660616469,0.00025201612891201375,0.005208333328493176,0.00020161290312961102,-1.3013020833321234,-0.8875504032257824,ALIGNED
SCN_001,24,0.7667,TRACKING,112.0,99.0,320.0,240.0,-208.0,-141.0,-1.3,-0.8812500000000001,0.0013020833321233383,0.006300403225782292,0.0010416666656986706,0.005040322580625834,-1.3002604166664247,-0.8825100806451566,ALIGNED
SCN_001,25,0.8,TRACKING,113.0,99.0,320.0,240.0,-207.0,-141.0,-1.29375,-0.8812500000000001,0.006510416666424712,0.0012600806451564805,0.00520833333313977,0.0010080645161251844,-1.2950520833332848,-0.8815020161290313,ALIGNED
SCN_001,26,0.8333,TRACKING,113.0,99.0,320.0,240.0,-207.0,-141.0,-1.29375,-0.8812500000000001,0.0013020833332848536,0.0002520161290312517,0.001041666666627883,0.00020161290322500138,-1.2940104166666568,-0.8813004032258064,ALIGNED
SCN_001,27,0.8667,TRACKING,114.0,100.0,320.0,240.0,-206.0,-140.0,-1.2875,-0.875,0.006510416666656749,0.006300403225806384,0.005208333333325399,0.005040322580645107,-1.2888020833333313,-0.8762600806451613,ALIGNED
SCN_001,28,0.9,TRACKING,114.0,100.0,320.0,240.0,-206.0,-140.0,-1.2875,-0.875,0.001302083333331261,0.0012600806451612545,0.0010416666666650087,0.0010080645161290036,-1.2877604166666663,-0.8752520161290323,ALIGNED
SCN_001,29,0.9333,TRACKING,115.0,100.0,320.0,240.0,-205.0,-140.0,-1.28125,-0.875,0.006510416666666297,0.0002520161290322509,0.005208333333333037,0.00020161290322580073,-1.2825520833333333,-0.8750504032258064,ALIGNED
SCN_001,30,0.9667,TRACKING,115.0,101.0,320.0,240.0,-205.0,-139.0,-1.28125,-0.8687500000000001,0.0013020833333332593,0.0063004032258062725,0.0010416666666666075,0.005040322580645018,-1.2815104166666667,-0.8700100806451614,ALIGNED
SCN_001,31,1.0,TRACKING,116.0,101.0,320.0,240.0,-204.0,-139.0,-1.275,-0.8687500000000001,0.006510416666666741,0.0012600806451612545,0.005208333333333393,0.0010080645161290036,-1.2763020833333332,-0.8690020161290324,ALIGNED
SCN_001,32,1.0333,TRACKING,116.0,101.0,320.0,240.0,-204.0,-139.0,-1.275,-0.8687500000000001,0.0013020833333332593,0.0002520161290322509,0.0010416666666666075,0.00020161290322580073,-1.2752604166666666,-0.8688004032258065,ALIGNED
SCN_001,33,1.0667,TRACKING,117.0,102.0,320.0,240.0,-203.0,-138.0,-1.26875,-0.8624999999999999,0.006510416666666519,0.006300403225806606,0.005208333333333215,0.005040322580645285,-1.2700520833333333,-0.8637600806451613,ALIGNED
SCN_001,34,1.1,TRACKING,117.0,102.0,320.0,240.0,-203.0,-138.0,-1.26875,-0.8624999999999999,0.0013020833333332593,0.0012600806451613655,0.0010416666666666075,0.0010080645161290925,-1.2690104166666667,-0.8627520161290322,ALIGNED
SCN_001,35,1.1333,TRACKING,118.0,102.0,320.0,240.0,-202.0,-138.0,-1.2625,-0.8624999999999999,0.006510416666666741,0.0002520161290322509,0.005208333333333393,0.00020161290322580073,-1.2638020833333332,-0.8625504032258063,ALIGNED
SCN_001,36,1.1667,TRACKING,118.0,103.0,320.0,240.0,-202.0,-137.0,-1.2625,-0.85625,0.0013020833333332593,0.006300403225806384,0.0010416666666666075,0.005040322580645107,-1.2627604166666666,-0.8575100806451612,ALIGNED
SCN_001,37,1.2,TRACKING,119.0,103.0,320.0,240.0,-201.0,-137.0,-1.25625,-0.85625,0.006510416666666519,0.0012600806451612545,0.005208333333333215,0.0010080645161290036,-1.2575520833333333,-0.8565020161290322,ALIGNED
SCN_001,38,1.2333,TRACKING,119.0,103.0,320.0,240.0,-201.0,-137.0,-1.25625,-0.85625,0.0013020833333332593,0.0002520161290322509,0.0010416666666666075,0.00020161290322580073,-1.2565104166666667,-0.8563004032258064,ALIGNED
SCN_001,39,1.2667,TRACKING,120.0,104.0,320.0,240.0,-200.0,-136.0,-1.25,-0.85,0.006510416666666741,0.006300403225806384,0.005208333333333393,0.005040322580645107,-1.2513020833333333,-0.8512600806451612,ALIGNED
SCN_001,40,1.3,TRACKING,120.0,104.0,320.0,240.0,-200.0,-136.0,-1.25,-0.85,0.0013020833333332593,0.0012600806451612545,0.0010416666666666075,0.0010080645161290036,-1.2502604166666667,-0.8502520161290322,ALIGNED
SCN_001,41,1.3333,TRACKING,121.0,104.0,320.0,240.0,-199.0,-136.0,-1.24375,-0.85,0.006510416666666741,0.0002520161290322509,0.005208333333333393,0.00020161290322580073,-1.2450520833333332,-0.8500504032258064,ALIGNED
SCN_001,42,1.3667,TRACKING,121.0,105.0,320.0,240.0,-199.0,-135.0,-1.24375,-0.84375,0.0013020833333332593,0.006300403225806384,0.0010416666666666075,0.005040322580645107,-1.2440104166666666,-0.8450100806451613,ALIGNED
SCN_001,43,1.4,TRACKING,122.0,105.0,320.0,240.0,-198.0,-135.0,-1.2375,-0.84375,0.006510416666666519,0.0012600806451612545,0.005208333333333215,0.0010080645161290036,-1.2388020833333333,-0.8440020161290323,ALIGNED
SCN_001,44,1.4333,TRACKING,122.0,105.0,320.0,240.0,-198.0,-135.0,-1.2375,-0.84375,0.0013020833333332593,0.0002520161290322509,0.0010416666666666075,0.00020161290322580073,-1.2377604166666667,-0.8438004032258064,ALIGNED
SCN_001,45,1.4667,TRACKING,123.0,106.0,320.0,240.0,-197.0,-134.0,-1.23125,-0.8375,0.006510416666666741,0.006300403225806384,0.005208333333333393,0.005040322580645107,-1.2325520833333332,-0.8387600806451613,ALIGNED
SCN_001,46,1.5,TRACKING,123.0,106.0,320.0,240.0,-197.0,-134.0,-1.23125,-0.8375,0.0013020833333332593,0.0012600806451612545,0.0010416666666666075,0.0010080645161290036,-1.2315104166666666,-0.8377520161290323,ALIGNED
SCN_001,47,1.5333,TRACKING,124.0,106.0,320.0,240.0,-196.0,-134.0,-1.225,-0.8375,0.006510416666666519,0.0002520161290322509,0.005208333333333215,0.00020161290322580073,-1.2263020833333333,-0.8375504032258064,ALIGNED
SCN_001,48,1.5667,TRACKING,124.0,107.0,320.0,240.0,-196.0,-133.0,-1.225,-0.83125,0.0013020833333332593,0.006300403225806384,0.0010416666666666075,0.005040322580645107,-1.2252604166666667,-0.8325100806451613,ALIGNED
SCN_001,49,1.6,TRACKING,124.0,107.0,320.0,240.0,-196.0,-133.0,-1.225,-0.83125,0.00026041666666665186,0.0012600806451612545,0.0002083333333333215,0.0010080645161290036,-1.2250520833333334,-0.8315020161290323,ALIGNED
SCN_001,50,1.6333,TRACKING,125.0,107.0,320.0,240.0,-195.0,-133.0,-1.21875,-0.83125,0.006302083333333375,0.0002520161290322509,0.0050416666666667,0.00020161290322580073,-1.2200104166666668,-0.8313004032258065,ALIGNED
SCN_001,51,1.6667,TRACKING,125.0,108.0,320.0,240.0,-195.0,-132.0,-1.21875,-0.8250000000000001,0.0012604166666667638,0.006300403225806384,0.0010083333333334111,0.005040322580645107,-1.2190020833333333,-0.8262600806451613,ALIGNED
SCN_001,52,1.7,TRACKING,126.0,108.0,320.0,240.0,-194.0,-132.0,-1.2125,-0.8250000000000001,0.006502083333333353,0.0012600806451612545,0.0052016666666666826,0.0010080645161290036,-1.2138004166666665,-0.8252520161290323,ALIGNED
SCN_001,53,1.7333,TRACKING,126.0,108.0,320.0,240.0,-194.0,-132.0,-1.2125,-0.8250000000000001,0.0013004166666665817,0.0002520161290322509,0.0010403333333332653,0.00020161290322580073,-1.2127600833333332,-0.8250504032258065,ALIGNED
SCN_001,54,1.7667,TRACKING,127.0,109.0,320.0,240.0,-193.0,-131.0,-1.20625,-0.8187499999999999,0.006510083333333139,0.006300403225806606,0.005208066666666511,0.005040322580645285,-1.2075520166666667,-0.8200100806451612,ALIGNED
SCN_001,55,1.8,TRACKING,127.0,109.0,320.0,240.0,-193.0,-131.0,-1.20625,-0.8187499999999999,0.0013020166666666277,0.0012600806451613655,0.0010416133333333022,0.0010080645161290925,-1.2065104033333334,-0.8190020161290321,ALIGNED
SCN_001,56,1.8333,TRACKING,128.0,109.0,320.0,240.0,-192.0,-131.0,-1.2,-0.8187499999999999,0.006510403333333414,0.0002520161290322509,0.005208322666666732,0.00020161290322580073,-1.2013020806666665,-0.8188004032258063,ALIGNED
SCN_001,57,1.8667,TRACKING,128.0,110.0,320.0,240.0,-192.0,-130.0,-1.2,-0.8125,0.001302080666666594,0.0063004032258062725,0.0010416645333332752,0.005040322580645018,-1.2002604161333332,-0.8137600806451613,ALIGNED
SCN_001,58,1.9,TRACKING,129.0,110.0,320.0,240.0,-191.0,-130.0,-1.19375,-0.8125,0.006510416133333141,0.0012600806451612545,0.005208332906666513,0.0010080645161290036,-1.1950520832266667,-0.8127520161290323,ALIGNED
SCN_001,59,1.9333,TRACKING,129.0,110.0,320.0,240.0,-191.0,-130.0,-1.19375,-0.8125,0.0013020832266665838,0.0002520161290322509,0.001041666581333267,0.00020161290322580073,-1.1940104166453334,-0.8125504032258064,ALIGNED
SCN_001,60,1.9667,TRACKING,130.0,111.0,320.0,240.0,-190.0,-129.0,-1.1875,-0.8062499999999999,0.006510416645333361,0.006300403225806495,0.005208333316266689,0.005040322580645196,-1.1888020833290667,-0.8075100806451612,ALIGNED
SCN_001,61,2.0,TRACKING,130.0,111.0,320.0,240.0,-190.0,-129.0,-1.1875,-0.8062499999999999,0.0013020833290666722,0.0012600806451612545,0.0010416666632533378,0.0010080645161290036,-1.1877604166658133,-0.8065020161290322,ALIGNED
SCN_001,62,2.0333,TRACKING,131.0,111.0,320.0,240.0,-189.0,-129.0,-1.18125,-0.8062499999999999,0.006510416665813423,0.0002520161290322509,0.005208333332650739,0.00020161290322580073,-1.1825520833331626,-0.8063004032258063,ALIGNED
SCN_001,63,2.0667,TRACKING,131.0,112.0,320.0,240.0,-189.0,-128.0,-1.18125,-0.8,0.001302083333162729,0.0063004032258062725,0.0010416666665301834,0.005040322580645018,-1.1815104166666324,-0.8012600806451613,ALIGNED
SCN_001,64,2.1,TRACKING,132.0,112.0,320.0,240.0,-188.0,-128.0,-1.175,-0.8,0.006510416666632324,0.0012600806451612545,0.005208333333305859,0.0010080645161290036,-1.1763020833333264,-0.8002520161290323,ALIGNED
SCN_001,65,2.1333,TRACKING,132.0,112.0,320.0,240.0,-188.0,-128.0,-1.175,-0.8,0.001302083333326376,0.0002520161290322509,0.0010416666666611008,0.00020161290322580073,-1.1752604166666654,-0.8000504032258065,ALIGNED
SCN_001,66,2.1667,TRACKING,133.0,113.0,320.0,240.0,-187.0,-127.0,-1.16875,-0.79375,0.006510416666665408,0.006300403225806495,0.005208333333332327,0.005040322580645196,-1.170052083333333,-0.7950100806451612,ALIGNED
SCN_001,67,2.2,TRACKING,133.0,113.0,320.0,240.0,-187.0,-127.0,-1.16875,-0.79375,0.0013020833333330373,0.0012600806451612545,0.0010416666666664299,0.0010080645161290036,-1.1690104166666666,-0.7940020161290322,ALIGNED
SCN_001,68,2.2333,TRACKING,134.0,113.0,320.0,240.0,-186.0,-127.0,-1.1625,-0.79375,0.006510416666666519,0.0002520161290322509,0.005208333333333215,0.00020161290322580073,-1.1638020833333333,-0.7938004032258064,ALIGNED
SCN_001,69,2.2667,TRACKING,134.0,114.0,320.0,240.0,-186.0,-126.0,-1.1625,-0.7875000000000001,0.0013020833333332593,0.0063004032258062725,0.0010416666666666075,0.005040322580645018,-1.1627604166666667,-0.7887600806451613,ALIGNED
SCN_001,70,2.3,TRACKING,135.0,114.0,320.0,240.0,-185.0,-126.0,-1.15625,-0.7875000000000001,0.006510416666666741,0.0012600806451612545,0.005208333333333393,0.0010080645161290036,-1.1575520833333333,-0.7877520161290323,ALIGNED
SCN_001,71,2.3333,TRACKING,135.0,114.0,320.0,240.0,-185.0,-126.0,-1.15625,-0.7875000000000001,0.0013020833333332593,0.0002520161290322509,0.0010416666666666075,0.00020161290322580073,-1.1565104166666667,-0.7875504032258065,ALIGNED
SCN_001,72,2.3667,TRACKING,136.0,115.0,320.0,240.0,-184.0,-125.0,-1.15,-0.78125,0.006510416666666741,0.006300403225806495,0.005208333333333393,0.005040322580645196,-1.1513020833333332,-0.7825100806451613,ALIGNED
SCN_001,73,2.4,TRACKING,136.0,115.0,320.0,240.0,-184.0,-125.0,-1.15,-0.78125,0.0013020833333332593,0.0012600806451612545,0.0010416666666666075,0.0010080645161290036,-1.1502604166666666,-0.7815020161290323,ALIGNED
SCN_001,74,2.4333,TRACKING,137.0,115.0,320.0,240.0,-183.0,-125.0,-1.14375,-0.78125,0.006510416666666519,0.0002520161290322509,0.005208333333333215,0.00020161290322580073,-1.1450520833333333,-0.7813004032258064,ALIGNED
SCN_001,75,2.4667,TRACKING,137.0,116.0,320.0,240.0,-183.0,-124.0,-1.14375,-0.7750000000000001,0.0013020833333332593,0.0063004032258062725,0.0010416666666666075,0.005040322580645018,-1.1440104166666667,-0.7762600806451614,ALIGNED
SCN_001,76,2.5,TRACKING,138.0,116.0,320.0,240.0,-182.0,-124.0,-1.1375,-0.7750000000000001,0.006510416666666741,0.0012600806451612545,0.005208333333333393,0.0010080645161290036,-1.1388020833333332,-0.7752520161290324,ALIGNED
SCN_001,77,2.5333,TRACKING,138.0,116.0,320.0,240.0,-182.0,-124.0,-1.1375,-0.7750000000000001,0.0013020833333332593,0.0002520161290322509,0.0010416666666666075,0.00020161290322580073,-1.1377604166666666,-0.7750504032258065,ALIGNED
SCN_001,78,2.5667,TRACKING,139.0,117.0,320.0,240.0,-181.0,-123.0,-1.13125,-0.7687499999999999,0.006510416666666519,0.006300403225806606,0.005208333333333215,0.005040322580645285,-1.1325520833333333,-0.7700100806451613,ALIGNED
SCN_001,79,2.6,TRACKING,139.0,117.0,320.0,240.0,-181.0,-123.0,-1.13125,-0.7687499999999999,0.0013020833333332593,0.0012600806451613655,0.0010416666666666075,0.0010080645161290925,-1.1315104166666667,-0.7690020161290322,ALIGNED
SCN_001,80,2.6333,TRACKING,140.0,117.0,320.0,240.0,-180.0,-123.0,-1.125,-0.7687499999999999,0.006510416666666741,0.0002520161290322509,0.005208333333333393,0.00020161290322580073,-1.1263020833333333,-0.7688004032258063,ALIGNED
SCN_001,81,2.6667,TRACKING,140.0,118.0,320.0,240.0,-180.0,-122.0,-1.125,-0.7625,0.0013020833333332593,0.006300403225806384,0.0010416666666666075,0.005040322580645107,-1.1252604166666667,-0.7637600806451612,ALIGNED
SCN_001,82,2.7,TRACKING,141.0,118.0,320.0,240.0,-179.0,-122.0,-1.11875,-0.7625,0.006510416666666741,0.0012600806451612545,0.005208333333333393,0.0010080645161290036,-1.1200520833333332,-0.7627520161290322,ALIGNED
SCN_001,83,2.7333,TRACKING,141.0,118.0,320.0,240.0,-179.0,-122.0,-1.11875,-0.7625,0.0013020833333332593,0.0002520161290322509,0.0010416666666666075,0.00020161290322580073,-1.1190104166666666,-0.7625504032258064,ALIGNED
SCN_001,84,2.7667,TRACKING,142.0,119.0,320.0,240.0,-178.0,-121.0,-1.1125,-0.75625,0.006510416666666519,0.006300403225806384,0.005208333333333215,0.005040322580645107,-1.1138020833333333,-0.7575100806451612,ALIGNED
SCN_001,85,2.8,TRACKING,142.0,119.0,320.0,240.0,-178.0,-121.0,-1.1125,-0.75625,0.0013020833333332593,0.0012600806451612545,0.0010416666666666075,0.0010080645161290036,-1.1127604166666667,-0.7565020161290322,ALIGNED
SCN_001,86,2.8333,TRACKING,143.0,119.0,320.0,240.0,-177.0,-121.0,-1.10625,-0.75625,0.006510416666666741,0.0002520161290322509,0.005208333333333393,0.00020161290322580073,-1.1075520833333332,-0.7563004032258064,ALIGNED
SCN_001,87,2.8667,TRACKING,143.0,120.0,320.0,240.0,-177.0,-120.0,-1.10625,-0.75,0.0013020833333332593,0.006300403225806384,0.0010416666666666075,0.005040322580645107,-1.1065104166666666,-0.7512600806451613,ALIGNED
SCN_001,88,2.9,TRACKING,144.0,120.0,320.0,240.0,-176.0,-120.0,-1.1,-0.75,0.006510416666666519,0.0012600806451612545,0.005208333333333215,0.0010080645161290036,-1.1013020833333333,-0.7502520161290323,ALIGNED
SCN_001,89,2.9333,TRACKING,144.0,120.0,320.0,240.0,-176.0,-120.0,-1.1,-0.75,0.0013020833333332593,0.0002520161290322509,0.0010416666666666075,0.00020161290322580073,-1.1002604166666667,-0.7500504032258064,ALIGNED
SCN_001,90,2.9667,TRACKING,145.0,121.0,320.0,240.0,-175.0,-119.0,-1.09375,-0.74375,0.006510416666666741,0.006300403225806384,0.005208333333333393,0.005040322580645107,-1.0950520833333333,-0.7450100806451613,ALIGNED
SCN_001,91,3.0,TRACKING,145.0,121.0,320.0,240.0,-175.0,-119.0,-1.09375,-0.74375,0.0013020833333332593,0.0012600806451612545,0.0010416666666666075,0.0010080645161290036,-1.0940104166666667,-0.7440020161290323,ALIGNED
SCN_001,92,3.0333,TRACKING,146.0,121.0,320.0,240.0,-174.0,-119.0,-1.0875,-0.74375,0.006510416666666741,0.0002520161290322509,0.005208333333333393,0.00020161290322580073,-1.0888020833333332,-0.7438004032258064,ALIGNED
SCN_001,93,3.0667,TRACKING,146.0,122.0,320.0,240.0,-174.0,-118.0,-1.0875,-0.7374999999999999,0.0013020833333332593,0.006300403225806495,0.0010416666666666075,0.005040322580645196,-1.0877604166666666,-0.7387600806451612,ALIGNED
SCN_001,94,3.1,TRACKING,147.0,122.0,320.0,240.0,-173.0,-118.0,-1.08125,-0.7374999999999999,0.006510416666666519,0.0012600806451612545,0.005208333333333215,0.0010080645161290036,-1.0825520833333333,-0.7377520161290322,ALIGNED
SCN_001,95,3.1333,TRACKING,147.0,122.0,320.0,240.0,-173.0,-118.0,-1.08125,-0.7374999999999999,0.0013020833333332593,0.0002520161290322509,0.0010416666666666075,0.00020161290322580073,-1.0815104166666667,-0.7375504032258063,ALIGNED
SCN_001,96,3.1667,TRACKING,147.0,123.0,320.0,240.0,-173.0,-117.0,-1.08125,-0.73125,0.00026041666666665186,0.006300403225806384,0.0002083333333333215,0.005040322580645107,-1.0813020833333333,-0.7325100806451612,ALIGNED
SCN_001,97,3.2,TRACKING,148.0,123.0,320.0,240.0,-172.0,-117.0,-1.075,-0.73125,0.006302083333333375,0.0012600806451612545,0.0050416666666667,0.0010080645161290036,-1.0762604166666667,-0.7315020161290322,ALIGNED
SCN_001,98,3.2333,TRACKING,148.0,123.0,320.0,240.0,-172.0,-117.0,-1.075,-0.73125,0.0012604166666667638,0.0002520161290322509,0.0010083333333334111,0.00020161290322580073,-1.0752520833333332,-0.7313004032258064,ALIGNED
SCN_001,99,3.2667,TRACKING,149.0,124.0,320.0,240.0,-171.0,-116.0,-1.06875,-0.725,0.006502083333333131,0.006300403225806384,0.005201666666666505,0.005040322580645107,-1.0700504166666667,-0.7262600806451612,ALIGNED
SCN_001,100,3.3,TRACKING,149.0,124.0,320.0,240.0,-171.0,-116.0,-1.06875,-0.725,0.0013004166666665817,0.0012600806451612545,0.0010403333333332653,0.0010080645161290036,-1.0690100833333334,-0.7252520161290322,ALIGNED
SCN_001,101,3.3333,TRACKING,150.0,124.0,320.0,240.0,-170.0,-116.0,-1.0625,-0.725,0.006510083333333361,0.0002520161290322509,0.005208066666666689,0.00020161290322580073,-1.0638020166666666,-0.7250504032258064,ALIGNED
SCN_001,102,3.3667,TRACKING,150.0,125.0,320.0,240.0,-170.0,-115.0,-1.0625,-0.71875,0.0013020166666666277,0.006300403225806384,0.0010416133333333022,0.005040322580645107,-1.0627604033333333,-0.7200100806451613,ALIGNED
SCN_001,103,3.4,TRACKING,151.0,125.0,320.0,240.0,-169.0,-115.0,-1.05625,-0.71875,0.006510403333333414,0.0012600806451612545,0.005208322666666732,0.0010080645161290036,-1.0575520806666665,-0.7190020161290323,ALIGNED
SCN_001,104,3.4333,TRACKING,151.0,125.0,320.0,240.0,-169.0,-115.0,-1.05625,-0.71875,0.001302080666666594,0.0002520161290322509,0.0010416645333332752,0.00020161290322580073,-1.0565104161333332,-0.7188004032258064,ALIGNED
SCN_001,105,3.4667,TRACKING,152.0,126.0,320.0,240.0,-168.0,-114.0,-1.05,-0.7124999999999999,0.006510416133333141,0.006300403225806495,0.005208332906666513,0.005040322580645196,-1.0513020832266666,-0.7137600806451612,ALIGNED
SCN_001,106,3.5,TRACKING,152.0,126.0,320.0,240.0,-168.0,-114.0,-1.05,-0.7124999999999999,0.0013020832266665838,0.0012600806451612545,0.001041666581333267,0.0010080645161290036,-1.0502604166453333,-0.7127520161290322,ALIGNED
SCN_001,107,3.5333,TRACKING,153.0,126.0,320.0,240.0,-167.0,-114.0,-1.04375,-0.7124999999999999,0.006510416645333361,0.0002520161290322509,0.005208333316266689,0.00020161290322580073,-1.0450520833290666,-0.7125504032258063,ALIGNED
SCN_001,108,3.5667,TRACKING,153.0,127.0,320.0,240.0,-167.0,-113.0,-1.04375,-0.70625,0.0013020833290666722,0.0063004032258062725,0.0010416666632533378,0.005040322580645018,-1.0440104166658133,-0.7075100806451613,ALIGNED
SCN_001,109,3.6,TRACKING,154.0,127.0,320.0,240.0,-166.0,-113.0,-1.0375,-0.70625,0.006510416665813201,0.0012600806451612545,0.0052083333326505615,0.0010080645161290036,-1.0388020833331628,-0.7065020161290323,ALIGNED
SCN_001,110,3.6333,TRACKING,154.0,127.0,320.0,240.0,-166.0,-113.0,-1.0375,-0.70625,0.001302083333162729,0.0002520161290322509,0.0010416666665301834,0.00020161290322580073,-1.0377604166666325,-0.7063004032258065,ALIGNED
SCN_001,111,3.6667,TRACKING,155.0,128.0,320.0,240.0,-165.0,-112.0,-1.03125,-0.7,0.006510416666632546,0.006300403225806495,0.005208333333306037,0.005040322580645196,-1.0325520833333266,-0.7012600806451612,ALIGNED
SCN_001,112,3.7,TRACKING,155.0,128.0,320.0,240.0,-165.0,-112.0,-1.03125,-0.7,0.001302083333326598,0.0012600806451612545,0.0010416666666612784,0.0010080645161290036,-1.0315104166666653,-0.7002520161290322,ALIGNED
SCN_001,113,3.7333,TRACKING,156.0,128.0,320.0,240.0,-164.0,-112.0,-1.025,-0.7,0.006510416666665408,0.0002520161290322509,0.005208333333332327,0.00020161290322580073,-1.026302083333333,-0.7000504032258064,ALIGNED
SCN_001,114,3.7667,TRACKING,156.0,129.0,320.0,240.0,-164.0,-111.0,-1.025,-0.6937500000000001,0.0013020833333330373,0.0063004032258062725,0.0010416666666664299,0.005040322580645018,-1.0252604166666666,-0.6950100806451613,ALIGNED
SCN_001,115,3.8,TRACKING,157.0,129.0,320.0,240.0,-163.0,-111.0,-1.01875,-0.6937500000000001,0.006510416666666519,0.0012600806451612545,0.005208333333333215,0.0010080645161290036,-1.0200520833333333,-0.6940020161290323,ALIGNED
SCN_001,116,3.8333,TRACKING,157.0,129.0,320.0,240.0,-163.0,-111.0,-1.01875,-0.6937500000000001,0.0013020833333332593,0.0002520161290322509,0.0010416666666666075,0.00020161290322580073,-1.0190104166666667,-0.6938004032258065,ALIGNED
SCN_001,117,3.8667,TRACKING,158.0,130.0,320.0,240.0,-162.0,-110.0,-1.0125,-0.6875,0.006510416666666741,0.006300403225806495,0.005208333333333393,0.005040322580645196,-1.0138020833333332,-0.6887600806451613,ALIGNED
SCN_001,118,3.9,TRACKING,158.0,130.0,320.0,240.0,-162.0,-110.0,-1.0125,-0.6875,0.0013020833333332593,0.0012600806451612545,0.0010416666666666075,0.0010080645161290036,-1.0127604166666666,-0.6877520161290323,ALIGNED
SCN_001,119,3.9333,TRACKING,159.0,130.0,320.0,240.0,-161.0,-110.0,-1.00625,-0.6875,0.006510416666666519,0.0002520161290322509,0.005208333333333215,0.00020161290322580073,-1.0075520833333333,-0.6875504032258064,ALIGNED
SCN_001,120,3.9667,TRACKING,159.0,131.0,320.0,240.0,-161.0,-109.0,-1.00625,-0.68125,0.0013020833333332593,0.006300403225806384,0.0010416666666666075,0.005040322580645107,-1.0065104166666667,-0.6825100806451613,ALIGNED
SCN_001,121,4.0,TRACKING,160.0,131.0,320.0,240.0,-160.0,-109.0,-1.0,-0.68125,0.006510416666666741,0.0012600806451612545,0.005208333333333393,0.0010080645161290036,-1.0013020833333333,-0.6815020161290323,ALIGNED
SCN_001,122,4.0333,TRACKING,160.0,131.0,320.0,240.0,-160.0,-109.0,-1.0,-0.68125,0.0013020833333332593,0.0002520161290322509,0.0010416666666666075,0.00020161290322580073,-1.0002604166666667,-0.6813004032258064,ALIGNED
SCN_001,123,4.0667,TRACKING,161.0,132.0,320.0,240.0,-159.0,-108.0,-0.99375,-0.675,0.00651041666666663,0.006300403225806384,0.005208333333333304,0.005040322580645107,-0.9950520833333334,-0.6762600806451613,ALIGNED
SCN_001,124,4.1,TRACKING,161.0,132.0,320.0,240.0,-159.0,-108.0,-0.99375,-0.675,0.0013020833333333703,0.0012600806451612545,0.0010416666666666964,0.0010080645161290036,-0.9940104166666667,-0.6752520161290323,ALIGNED
SCN_001,125,4.1333,TRACKING,162.0,132.0,320.0,240.0,-158.0,-108.0,-0.9875,-0.675,0.00651041666666663,0.0002520161290322509,0.005208333333333304,0.00020161290322580073,-0.9888020833333334,-0.6750504032258065,ALIGNED
SCN_001,126,4.1667,TRACKING,162.0,133.0,320.0,240.0,-158.0,-107.0,-0.9875,-0.6687500000000001,0.0013020833333333703,0.006300403225806384,0.0010416666666666964,0.005040322580645107,-0.9877604166666667,-0.6700100806451613,ALIGNED
SCN_001,127,4.2,TRACKING,163.0,133.0,320.0,240.0,-157.0,-107.0,-0.98125,-0.6687500000000001,0.006510416666666741,0.0012600806451612545,0.005208333333333393,0.0010080645161290036,-0.9825520833333333,-0.6690020161290323,ALIGNED
SCN_001,128,4.2333,TRACKING,163.0,133.0,320.0,240.0,-157.0,-107.0,-0.98125,-0.6687500000000001,0.0013020833333333703,0.0002520161290322509,0.0010416666666666964,0.00020161290322580073,-0.9815104166666666,-0.6688004032258065,ALIGNED
SCN_001,129,4.2667,TRACKING,164.0,134.0,320.0,240.0,-156.0,-106.0,-0.975,-0.6625,0.00651041666666663,0.006300403225806495,0.005208333333333304,0.005040322580645196,-0.9763020833333333,-0.6637600806451612,ALIGNED
SCN_001,130,4.3,TRACKING,164.0,134.0,320.0,240.0,-156.0,-106.0,-0.975,-0.6625,0.0013020833333333703,0.0012600806451612545,0.0010416666666666964,0.0010080645161290036,-0.9752604166666666,-0.6627520161290322,ALIGNED
SCN_001,131,4.3333,TRACKING,165.0,134.0,320.0,240.0,-155.0,-106.0,-0.96875,-0.6625,0.00651041666666663,0.0002520161290322509,0.005208333333333304,0.00020161290322580073,-0.9700520833333334,-0.6625504032258064,ALIGNED
SCN_001,132,4.3667,TRACKING,165.0,135.0,320.0,240.0,-155.0,-105.0,-0.96875,-0.65625,0.0013020833333333703,0.006300403225806384,0.0010416666666666964,0.005040322580645107,-0.9690104166666667,-0.6575100806451613,ALIGNED
SCN_001,133,4.4,TRACKING,166.0,135.0,320.0,240.0,-154.0,-105.0,-0.9625,-0.65625,0.00651041666666663,0.0012600806451612545,0.005208333333333304,0.0010080645161290036,-0.9638020833333334,-0.6565020161290323,ALIGNED
SCN_001,134,4.4333,TRACKING,166.0,135.0,320.0,240.0,-154.0,-105.0,-0.9625,-0.65625,0.0013020833333333703,0.0002520161290322509,0.0010416666666666964,0.00020161290322580073,-0.9627604166666667,-0.6563004032258064,ALIGNED
SCN_001,135,4.4667,TRACKING,167.0,136.0,320.0,240.0,-153.0,-104.0,-0.95625,-0.65,0.00651041666666663,0.006300403225806384,0.005208333333333304,0.005040322580645107,-0.9575520833333334,-0.6512600806451613,ALIGNED
SCN_001,136,4.5,TRACKING,167.0,136.0,320.0,240.0,-153.0,-104.0,-0.95625,-0.65,0.0013020833333333703,0.0012600806451612545,0.0010416666666666964,0.0010080645161290036,-0.9565104166666667,-0.6502520161290323,ALIGNED
SCN_001,137,4.5333,TRACKING,168.0,136.0,320.0,240.0,-152.0,-104.0,-0.95,-0.65,0.006510416666666741,0.0002520161290322509,0.005208333333333393,0.00020161290322580073,-0.9513020833333333,-0.6500504032258064,ALIGNED
SCN_001,138,4.5667,TRACKING,168.0,137.0,320.0,240.0,-152.0,-103.0,-0.95,-0.6437499999999999,0.0013020833333333703,0.006300403225806495,0.0010416666666666964,0.005040322580645196,-0.9502604166666666,-0.6450100806451612,ALIGNED
SCN_001,139,4.6,TRACKING,169.0,137.0,320.0,240.0,-151.0,-103.0,-0.94375,-0.6437499999999999,0.00651041666666663,0.0012600806451612545,0.005208333333333304,0.0010080645161290036,-0.9450520833333333,-0.6440020161290322,ALIGNED
SCN_001,140,4.6333,TRACKING,169.0,137.0,320.0,240.0,-151.0,-103.0,-0.94375,-0.6437499999999999,0.0013020833333333703,0.0002520161290322509,0.0010416666666666964,0.00020161290322580073,-0.9440104166666666,-0.6438004032258063,ALIGNED
SCN_001,141,4.6667,TRACKING,170.0,138.0,320.0,240.0,-150.0,-102.0,-0.9375,-0.6375,0.00651041666666663,0.006300403225806384,0.005208333333333304,0.005040322580645107,-0.9388020833333334,-0.6387600806451612,ALIGNED
SCN_001,142,4.7,TRACKING,170.0,138.0,320.0,240.0,-150.0,-102.0,-0.9375,-0.6375,0.0013020833333333703,0.0012600806451612545,0.0010416666666666964,0.0010080645161290036,-0.9377604166666667,-0.6377520161290322,ALIGNED
SCN_001,143,4.7333,TRACKING,170.0,138.0,320.0,240.0,-150.0,-102.0,-0.9375,-0.6375,0.00026041666666665186,0.0002520161290322509,0.0002083333333333215,0.00020161290322580073,-0.9375520833333333,-0.6375504032258064,ALIGNED
SCN_001,144,4.7667,TRACKING,171.0,139.0,320.0,240.0,-149.0,-101.0,-0.93125,-0.63125,0.006302083333333264,0.006300403225806384,0.005041666666666611,0.005040322580645107,-0.9325104166666667,-0.6325100806451612,ALIGNED
SCN_001,145,4.8,TRACKING,171.0,139.0,320.0,240.0,-149.0,-101.0,-0.93125,-0.63125,0.0012604166666666528,0.0012600806451612545,0.0010083333333333222,0.0010080645161290036,-0.9315020833333334,-0.6315020161290322,ALIGNED
SCN_001,146,4.8333,TRACKING,172.0,139.0,320.0,240.0,-148.0,-101.0,-0.925,-0.63125,0.006502083333333353,0.0002520161290322509,0.0052016666666666826,0.00020161290322580073,-0.9263004166666667,-0.6313004032258064,ALIGNED
SCN_001,147,4.8667,TRACKING,172.0,140.0,320.0,240.0,-148.0,-100.0,-0.925,-0.625,0.0013004166666666928,0.006300403225806384,0.0010403333333333542,0.005040322580645107,-0.9252600833333334,-0.6262600806451613,ALIGNED
SCN_001,148,4.9,TRACKING,173.0,140.0,320.0,240.0,-147.0,-100.0,-0.91875,-0.625,0.006510083333333472,0.0012600806451612545,0.005208066666666778,0.0010080645161290036,-0.9200520166666667,-0.6252520161290323,ALIGNED
SCN_001,149,4.9333,TRACKING,173.0,140.0,320.0,240.0,-147.0,-100.0,-0.91875,-0.625,0.0013020166666667388,0.0002520161290322509,0.001041613333333391,0.00020161290322580073,-0.9190104033333333,-0.6250504032258064,ALIGNED
SCN_001,150,4.9667,TRACKING,174.0,141.0,320.0,240.0,-146.0,-99.0,-0.9125,-0.6187499999999999,0.006510403333333303,0.006300403225806495,0.005208322666666643,0.005040322580645196,-0.9138020806666667,-0.6200100806451612,ALIGNED
SCN_001,151,5.0,TRACKING,174.0,141.0,320.0,240.0,-146.0,-99.0,-0.9125,-0.6187499999999999,0.001302080666666705,0.0012600806451612545,0.001041664533333364,0.0010080645161290036,-0.9127604161333334,-0.6190020161290322,ALIGNED
SCN_001,152,5.0333,TRACKING,175.0,141.0,320.0,240.0,-145.0,-99.0,-0.90625,-0.6187499999999999,0.006510416133333363,0.0002520161290322509,0.005208332906666691,0.00020161290322580073,-0.9075520832266667,-0.6188004032258063,ALIGNED
SCN_001,153,5.0667,TRACKING,175.0,142.0,320.0,240.0,-145.0,-98.0,-0.90625,-0.6125,0.0013020832266666948,0.0063004032258062725,0.001041666581333356,0.005040322580645018,-0.9065104166453334,-0.6137600806451613,ALIGNED
SCN_001,154,5.1,TRACKING,176.0,142.0,320.0,240.0,-144.0,-98.0,-0.9,-0.6125,0.006510416645333361,0.0012600806451612545,0.005208333316266689,0.0010080645161290036,-0.9013020833290667,-0.6127520161290323,ALIGNED
SCN_001,155,5.1333,TRACKING,176.0,142.0,320.0,240.0,-144.0,-98.0,-0.9,-0.6125,0.0013020833290666722,0.0002520161290322509,0.0010416666632533378,0.00020161290322580073,-0.9002604166658134,-0.6125504032258065,ALIGNED
SCN_001,156,5.1667,TRACKING,177.0,143.0,320.0,240.0,-143.0,-97.0,-0.89375,-0.60625,0.006510416665813312,0.006300403225806495,0.00520833333265065,0.005040322580645196,-0.8950520833331627,-0.6075100806451612,ALIGNED
SCN_001,157,5.2,TRACKING,177.0,143.0,320.0,240.0,-143.0,-97.0,-0.89375,-0.60625,0.001302083333162618,0.0012600806451612545,0.0010416666665300945,0.0010080645161290036,-0.8940104166666326,-0.6065020161290322,ALIGNED
SCN_001,158,5.2333,TRACKING,178.0,143.0,320.0,240.0,-142.0,-97.0,-0.8875,-0.60625,0.006510416666632657,0.0002520161290322509,0.005208333333306126,0.00020161290322580073,-0.8888020833333264,-0.6063004032258064,ALIGNED
SCN_001,159,5.2667,TRACKING,178.0,144.0,320.0,240.0,-142.0,-96.0,-0.8875,-0.6000000000000001,0.001302083333326487,0.0063004032258062725,0.0010416666666611897,0.005040322580645018,-0.8877604166666653,-0.6012600806451613,ALIGNED
SCN_001,160,5.3,TRACKING,179.0,144.0,320.0,240.0,-141.0,-96.0,-0.88125,-0.6000000000000001,0.006510416666665297,0.0012600806451612545,0.0052083333333322384,0.0010080645161290036,-0.882552083333333,-0.6002520161290323,ALIGNED
SCN_001,161,5.3333,TRACKING,179.0,144.0,320.0,240.0,-141.0,-96.0,-0.88125,-0.6000000000000001,0.0013020833333330373,0.0002520161290322509,0.0010416666666664299,0.00020161290322580073,-0.8815104166666666,-0.6000504032258065,ALIGNED
SCN_001,162,5.3667,TRACKING,180.0,145.0,320.0,240.0,-140.0,-95.0,-0.875,-0.59375,0.00651041666666663,0.006300403225806495,0.005208333333333304,0.005040322580645196,-0.8763020833333334,-0.5950100806451613,ALIGNED
SCN_001,163,5.4,TRACKING,180.0,145.0,320.0,240.0,-140.0,-95.0,-0.875,-0.59375,0.0013020833333333703,0.0012600806451612545,0.0010416666666666964,0.0010080645161290036,-0.8752604166666667,-0.5940020161290323,ALIGNED
SCN_001,164,5.4333,TRACKING,181.0,145.0,320.0,240.0,-139.0,-95.0,-0.86875,-0.59375,0.00651041666666663,0.0002520161290322509,0.005208333333333304,0.00020161290322580073,-0.8700520833333334,-0.5938004032258064,ALIGNED
SCN_001,165,5.4667,TRACKING,181.0,146.0,320.0,240.0,-139.0,-94.0,-0.86875,-0.5875,0.0013020833333333703,0.006300403225806384,0.0010416666666666964,0.005040322580645107,-0.8690104166666667,-0.5887600806451613,ALIGNED
SCN_001,166,5.5,TRACKING,182.0,146.0,320.0,240.0,-138.0,-94.0,-0.8625,-0.5875,0.00651041666666663,0.0012600806451612545,0.005208333333333304,0.0010080645161290036,-0.8638020833333334,-0.5877520161290323,ALIGNED
SCN_001,167,5.5333,TRACKING,182.0,146.0,320.0,240.0,-138.0,-94.0,-0.8625,-0.5875,0.0013020833333333703,0.0002520161290322509,0.0010416666666666964,0.00020161290322580073,-0.8627604166666667,-0.5875504032258064,ALIGNED
SCN_001,168,5.5667,TRACKING,183.0,147.0,320.0,240.0,-137.0,-93.0,-0.85625,-0.58125,0.006510416666666741,0.006300403225806384,0.005208333333333393,0.005040322580645107,-0.8575520833333333,-0.5825100806451613,ALIGNED
SCN_001,169,5.6,TRACKING,183.0,147.0,320.0,240.0,-137.0,-93.0,-0.85625,-0.58125,0.0013020833333333703,0.0012600806451612545,0.0010416666666666964,0.0010080645161290036,-0.8565104166666666,-0.5815020161290323,ALIGNED
SCN_001,170,5.6333,TRACKING,184.0,147.0,320.0,240.0,-136.0,-93.0,-0.85,-0.58125,0.00651041666666663,0.0002520161290322509,0.005208333333333304,0.00020161290322580073,-0.8513020833333333,-0.5813004032258065,ALIGNED
SCN_001,171,5.6667,TRACKING,184.0,148.0,320.0,240.0,-136.0,-92.0,-0.85,-0.5750000000000001,0.0013020833333333703,0.006300403225806384,0.0010416666666666964,0.005040322580645107,-0.8502604166666666,-0.5762600806451613,ALIGNED
SCN_001,172,5.7,TRACKING,185.0,148.0,320.0,240.0,-135.0,-92.0,-0.84375,-0.5750000000000001,0.00651041666666663,0.0012600806451612545,0.005208333333333304,0.0010080645161290036,-0.8450520833333334,-0.5752520161290323,ALIGNED
SCN_001,173,5.7333,TRACKING,185.0,148.0,320.0,240.0,-135.0,-92.0,-0.84375,-0.5750000000000001,0.0013020833333333703,0.0002520161290322509,0.0010416666666666964,0.00020161290322580073,-0.8440104166666667,-0.5750504032258065,ALIGNED
SCN_001,174,5.7667,TRACKING,186.0,149.0,320.0,240.0,-134.0,-91.0,-0.8375,-0.56875,0.00651041666666663,0.006300403225806495,0.005208333333333304,0.005040322580645196,-0.8388020833333334,-0.5700100806451612,ALIGNED
SCN_001,175,5.8,TRACKING,186.0,149.0,320.0,240.0,-134.0,-91.0,-0.8375,-0.56875,0.0013020833333333703,0.0012600806451612545,0.0010416666666666964,0.0010080645161290036,-0.8377604166666667,-0.5690020161290322,ALIGNED
SCN_001,176,5.8333,TRACKING,187.0,149.0,320.0,240.0,-133.0,-91.0,-0.83125,-0.56875,0.00651041666666663,0.0002520161290322509,0.005208333333333304,0.00020161290322580073,-0.8325520833333334,-0.5688004032258064,ALIGNED
SCN_001,177,5.8667,TRACKING,187.0,150.0,320.0,240.0,-133.0,-90.0,-0.83125,-0.5625,0.0013020833333333703,0.006300403225806384,0.0010416666666666964,0.005040322580645107,-0.8315104166666667,-0.5637600806451613,ALIGNED
SCN_001,178,5.9,TRACKING,188.0,150.0,320.0,240.0,-132.0,-90.0,-0.825,-0.5625,0.006510416666666741,0.0012600806451612545,0.005208333333333393,0.0010080645161290036,-0.8263020833333333,-0.5627520161290323,ALIGNED
SCN_001,179,5.9333,TRACKING,188.0,150.0,320.0,240.0,-132.0,-90.0,-0.825,-0.5625,0.0013020833333333703,0.0002520161290322509,0.0010416666666666964,0.00020161290322580073,-0.8252604166666666,-0.5625504032258064,ALIGNED
SCN_001,180,5.9667,TRACKING,189.0,151.0,320.0,240.0,-131.0,-89.0,-0.81875,-0.55625,0.00651041666666663,0.006300403225806384,0.005208333333333304,0.005040322580645107,-0.8200520833333333,-0.5575100806451613,ALIGNED
SCN_001,181,6.0,TRACKING,189.0,151.0,320.0,240.0,-131.0,-89.0,-0.81875,-0.55625,0.0013020833333333703,0.0012600806451612545,0.0010416666666666964,0.0010080645161290036,-0.8190104166666666,-0.5565020161290323,ALIGNED
SCN_001,182,6.0333,TRACKING,190.0,151.0,320.0,240.0,-130.0,-89.0,-0.8125,-0.55625,0.00651041666666663,0.0002520161290322509,0.005208333333333304,0.00020161290322580073,-0.8138020833333334,-0.5563004032258064,ALIGNED
SCN_001,183,6.0667,TRACKING,190.0,152.0,320.0,240.0,-130.0,-88.0,-0.8125,-0.5499999999999999,0.0013020833333333703,0.006300403225806495,0.0010416666666666964,0.005040322580645196,-0.8127604166666667,-0.5512600806451612,ALIGNED
SCN_001,184,6.1,TRACKING,191.0,152.0,320.0,240.0,-129.0,-88.0,-0.80625,-0.5499999999999999,0.00651041666666663,0.0012600806451612545,0.005208333333333304,0.0010080645161290036,-0.8075520833333334,-0.5502520161290322,ALIGNED
SCN_001,185,6.1333,TRACKING,191.0,152.0,320.0,240.0,-129.0,-88.0,-0.80625,-0.5499999999999999,0.0013020833333333703,0.0002520161290322509,0.0010416666666666964,0.00020161290322580073,-0.8065104166666667,-0.5500504032258063,ALIGNED
SCN_001,186,6.1667,TRACKING,192.0,153.0,320.0,240.0,-128.0,-87.0,-0.8,-0.54375,0.00651041666666663,0.006300403225806384,0.005208333333333304,0.005040322580645107,-0.8013020833333334,-0.5450100806451612,ALIGNED
SCN_001,187,6.2,TRACKING,192.0,153.0,320.0,240.0,-128.0,-87.0,-0.8,-0.54375,0.0013020833333333703,0.0012600806451612545,0.0010416666666666964,0.0010080645161290036,-0.8002604166666667,-0.5440020161290322,ALIGNED
SCN_001,188,6.2333,TRACKING,193.0,153.0,320.0,240.0,-127.0,-87.0,-0.79375,-0.54375,0.006510416666666741,0.0002520161290322509,0.005208333333333393,0.00020161290322580073,-0.7950520833333333,-0.5438004032258064,ALIGNED
SCN_001,189,6.2667,TRACKING,193.0,154.0,320.0,240.0,-127.0,-86.0,-0.79375,-0.5375,0.0013020833333333703,0.006300403225806384,0.0010416666666666964,0.005040322580645107,-0.7940104166666666,-0.5387600806451612,ALIGNED
SCN_001,190,6.3,TRACKING,193.0,154.0,320.0,240.0,-127.0,-86.0,-0.79375,-0.5375,0.00026041666666665186,0.0012600806451612545,0.0002083333333333215,0.0010080645161290036,-0.7938020833333332,-0.5377520161290322,ALIGNED
SCN_001,191,6.3333,TRACKING,194.0,154.0,320.0,240.0,-126.0,-86.0,-0.7875,-0.5375,0.006302083333333264,0.0002520161290322509,0.005041666666666611,0.00020161290322580073,-0.7887604166666666,-0.5375504032258064,ALIGNED
SCN_001,192,6.3667,TRACKING,194.0,155.0,320.0,240.0,-126.0,-85.0,-0.7875,-0.53125,0.0012604166666666528,0.006300403225806384,0.0010083333333333222,0.005040322580645107,-0.7877520833333334,-0.5325100806451613,ALIGNED
SCN_001,193,6.4,TRACKING,195.0,155.0,320.0,240.0,-125.0,-85.0,-0.78125,-0.53125,0.006502083333333353,0.0012600806451612545,0.0052016666666666826,0.0010080645161290036,-0.7825504166666667,-0.5315020161290323,ALIGNED
SCN_001,194,6.4333,TRACKING,195.0,155.0,320.0,240.0,-125.0,-85.0,-0.78125,-0.53125,0.0013004166666666928,0.0002520161290322509,0.0010403333333333542,0.00020161290322580073,-0.7815100833333334,-0.5313004032258064,ALIGNED
SCN_001,195,6.4667,TRACKING,196.0,156.0,320.0,240.0,-124.0,-84.0,-0.775,-0.5249999999999999,0.006510083333333361,0.006300403225806495,0.005208066666666689,0.005040322580645196,-0.7763020166666666,-0.5262600806451612,ALIGNED
SCN_001,196,6.5,TRACKING,196.0,156.0,320.0,240.0,-124.0,-84.0,-0.775,-0.5249999999999999,0.0013020166666666277,0.0012600806451612545,0.0010416133333333022,0.0010080645161290036,-0.7752604033333333,-0.5252520161290322,ALIGNED
SCN_001,197,6.5333,TRACKING,197.0,156.0,320.0,240.0,-123.0,-84.0,-0.76875,-0.5249999999999999,0.006510403333333303,0.0002520161290322509,0.005208322666666643,0.00020161290322580073,-0.7700520806666667,-0.5250504032258063,ALIGNED
SCN_001,198,6.5667,TRACKING,197.0,157.0,320.0,240.0,-123.0,-83.0,-0.76875,-0.51875,0.001302080666666705,0.0063004032258062725,0.001041664533333364,0.005040322580645018,-0.7690104161333334,-0.5200100806451613,ALIGNED
SCN_001,199,6.6,TRACKING,198.0,157.0,320.0,240.0,-122.0,-83.0,-0.7625,-0.51875,0.006510416133333474,0.0012600806451612545,0.005208332906666779,0.0010080645161290036,-0.7638020832266667,-0.5190020161290323,ALIGNED
SCN_001,200,6.6333,TRACKING,198.0,157.0,320.0,240.0,-122.0,-83.0,-0.7625,-0.51875,0.0013020832266666948,0.0002520161290322509,0.001041666581333356,0.00020161290322580073,-0.7627604166453333,-0.5188004032258065,ALIGNED
SCN_001,201,6.6667,TRACKING,199.0,158.0,320.0,240.0,-121.0,-82.0,-0.75625,-0.5125,0.006510416645333361,0.006300403225806495,0.005208333316266689,0.005040322580645196,-0.7575520833290667,-0.5137600806451612,ALIGNED
SCN_001,202,6.7,TRACKING,199.0,158.0,320.0,240.0,-121.0,-82.0,-0.75625,-0.5125,0.0013020833290666722,0.0012600806451612545,0.0010416666632533378,0.0010080645161290036,-0.7565104166658133,-0.5127520161290322,ALIGNED
SCN_001,203,6.7333,TRACKING,200.0,158.0,320.0,240.0,-120.0,-82.0,-0.75,-0.5125,0.006510416665813312,0.0002520161290322509,0.00520833333265065,0.00020161290322580073,-0.7513020833331626,-0.5125504032258064,ALIGNED
SCN_001,204,6.7667,TRACKING,200.0,159.0,320.0,240.0,-120.0,-81.0,-0.75,-0.5062500000000001,0.001302083333162618,0.0063004032258062725,0.0010416666665300945,0.005040322580645018,-0.7502604166666326,-0.5075100806451613,ALIGNED
SCN_001,205,6.8,TRACKING,201.0,159.0,320.0,240.0,-119.0,-81.0,-0.74375,-0.5062500000000001,0.006510416666632546,0.0012600806451612545,0.005208333333306037,0.0010080645161290036,-0.7450520833333265,-0.5065020161290323,ALIGNED
SCN_001,206,6.8333,TRACKING,201.0,159.0,320.0,240.0,-119.0,-81.0,-0.74375,-0.5062500000000001,0.001302083333326487,0.0002520161290322509,0.0010416666666611897,0.00020161290322580073,-0.7440104166666653,-0.5063004032258065,ALIGNED
SCN_001,207,6.8667,TRACKING,202.0,160.0,320.0,240.0,-118.0,-80.0,-0.7375,-0.5,0.006510416666665297,0.006300403225806495,0.0052083333333322384,0.005040322580645196,-0.7388020833333331,-0.5012600806451613,ALIGNED
SCN_001,208,6.9,TRACKING,202.0,160.0,320.0,240.0,-118.0,-80.0,-0.7375,-0.5,0.0013020833333330373,0.0012600806451612545,0.0010416666666664299,0.0010080645161290036,-0.7377604166666667,-0.5002520161290323,ALIGNED
SCN_001,209,6.9333,TRACKING,203.0,160.0,320.0,240.0,-117.0,-80.0,-0.73125,-0.5,0.006510416666666741,0.0002520161290322509,0.005208333333333393,0.00020161290322580073,-0.7325520833333333,-0.5000504032258064,ALIGNED
SCN_001,210,6.9667,TRACKING,203.0,161.0,320.0,240.0,-117.0,-79.0,-0.73125,-0.49375,0.0013020833333333703,0.006300403225806384,0.0010416666666666964,0.005040322580645107,-0.7315104166666666,-0.4950100806451613,ALIGNED
SCN_001,211,7.0,TRACKING,204.0,161.0,320.0,240.0,-116.0,-79.0,-0.725,-0.49375,0.00651041666666663,0.0012600806451612545,0.005208333333333304,0.0010080645161290036,-0.7263020833333333,-0.4940020161290323,ALIGNED
SCN_001,212,7.0333,TRACKING,204.0,161.0,320.0,240.0,-116.0,-79.0,-0.725,-0.49375,0.0013020833333333703,0.0002520161290322509,0.0010416666666666964,0.00020161290322580073,-0.7252604166666666,-0.4938004032258065,ALIGNED
SCN_001,213,7.0667,TRACKING,205.0,162.0,320.0,240.0,-115.0,-78.0,-0.71875,-0.48750000000000004,0.00651041666666663,0.006300403225806439,0.005208333333333304,0.005040322580645152,-0.7200520833333334,-0.48876008064516135,ALIGNED
SCN_001,214,7.1,TRACKING,205.0,162.0,320.0,240.0,-115.0,-78.0,-0.71875,-0.48750000000000004,0.0013020833333333703,0.00126008064516131,0.0010416666666666964,0.001008064516129048,-0.7190104166666667,-0.4877520161290323,ALIGNED
SCN_001,215,7.1333,TRACKING,206.0,162.0,320.0,240.0,-114.0,-78.0,-0.7125,-0.48750000000000004,0.00651041666666663,0.0002520161290322509,0.005208333333333304,0.00020161290322580073,-0.7138020833333334,-0.4875504032258065,ALIGNED
SCN_001,216,7.1667,TRACKING,206.0,163.0,320.0,240.0,-114.0,-77.0,-0.7125,-0.48125000000000007,0.0013020833333333703,0.006300403225806439,0.0010416666666666964,0.005040322580645152,-0.7127604166666667,-0.4825100806451614,ALIGNED
SCN_001,217,7.2,TRACKING,207.0,163.0,320.0,240.0,-113.0,-77.0,-0.70625,-0.48125000000000007,0.00651041666666663,0.00126008064516131,0.005208333333333304,0.001008064516129048,-0.7075520833333334,-0.4815020161290323,ALIGNED
SCN_001,218,7.2333,TRACKING,207.0,163.0,320.0,240.0,-113.0,-77.0,-0.70625,-0.48125000000000007,0.0013020833333333703,0.0002520161290322509,0.0010416666666666964,0.00020161290322580073,-0.7065104166666667,-0.48130040322580653,ALIGNED
SCN_001,219,7.2667,TRACKING,208.0,164.0,320.0,240.0,-112.0,-76.0,-0.7,-0.475,0.006510416666666741,0.00630040322580655,0.005208333333333393,0.00504032258064524,-0.7013020833333333,-0.4762600806451613,ALIGNED
SCN_001,220,7.3,TRACKING,208.0,164.0,320.0,240.0,-112.0,-76.0,-0.7,-0.475,0.0013020833333333703,0.00126008064516131,0.0010416666666666964,0.001008064516129048,-0.7002604166666666,-0.47525201612903223,ALIGNED
SCN_001,221,7.3333,TRACKING,209.0,164.0,320.0,240.0,-111.0,-76.0,-0.69375,-0.475,0.00651041666666663,0.0002520161290322509,0.005208333333333304,0.00020161290322580073,-0.6950520833333333,-0.47505040322580644,ALIGNED
SCN_001,222,7.3667,TRACKING,209.0,165.0,320.0,240.0,-111.0,-75.0,-0.69375,-0.46875,0.0013020833333333703,0.006300403225806439,0.0010416666666666964,0.005040322580645152,-0.6940104166666666,-0.4700100806451613,ALIGNED
SCN_001,223,7.4,TRACKING,210.0,165.0,320.0,240.0,-110.0,-75.0,-0.6875,-0.46875,0.00651041666666663,0.00126008064516131,0.005208333333333304,0.001008064516129048,-0.6888020833333334,-0.46900201612903225,ALIGNED
SCN_001,224,7.4333,TRACKING,210.0,165.0,320.0,240.0,-110.0,-75.0,-0.6875,-0.46875,0.0013020833333333703,0.0002520161290322509,0.0010416666666666964,0.00020161290322580073,-0.6877604166666667,-0.46880040322580646,ALIGNED
SCN_001,225,7.4667,TRACKING,211.0,166.0,320.0,240.0,-109.0,-74.0,-0.68125,-0.4625,0.00651041666666663,0.006300403225806439,0.005208333333333304,0.005040322580645152,-0.6825520833333334,-0.46376008064516133,ALIGNED
SCN_001,226,7.5,TRACKING,211.0,166.0,320.0,240.0,-109.0,-74.0,-0.68125,-0.4625,0.0013020833333333703,0.00126008064516131,0.0010416666666666964,0.001008064516129048,-0.6815104166666667,-0.4627520161290323,ALIGNED
SCN_001,227,7.5333,TRACKING,212.0,166.0,320.0,240.0,-108.0,-74.0,-0.675,-0.4625,0.00651041666666663,0.0002520161290322509,0.005208333333333304,0.00020161290322580073,-0.6763020833333334,-0.4625504032258065,ALIGNED
SCN_001,228,7.5667,TRACKING,212.0,167.0,320.0,240.0,-108.0,-73.0,-0.675,-0.45624999999999993,0.0013020833333333703,0.00630040322580655,0.0010416666666666964,0.00504032258064524,-0.6752604166666667,-0.45751008064516124,ALIGNED
SCN_001,229,7.6,TRACKING,213.0,167.0,320.0,240.0,-107.0,-73.0,-0.66875,-0.45624999999999993,0.006510416666666741,0.00126008064516131,0.005208333333333393,0.001008064516129048,-0.6700520833333333,-0.4565020161290322,ALIGNED
SCN_001,230,7.6333,TRACKING,213.0,167.0,320.0,240.0,-107.0,-73.0,-0.66875,-0.45624999999999993,0.0013020833333333703,0.0002520161290322509,0.0010416666666666964,0.00020161290322580073,-0.6690104166666666,-0.4563004032258064,ALIGNED
SCN_001,231,7.6667,TRACKING,214.0,168.0,320.0,240.0,-106.0,-72.0,-0.6625,-0.44999999999999996,0.00651041666666663,0.006300403225806439,0.005208333333333304,0.005040322580645152,-0.6638020833333333,-0.45126008064516127,ALIGNED
SCN_001,232,7.7,TRACKING,214.0,168.0,320.0,240.0,-106.0,-72.0,-0.6625,-0.44999999999999996,0.0013020833333333703,0.00126008064516131,0.0010416666666666964,0.001008064516129048,-0.6627604166666666,-0.4502520161290322,ALIGNED
SCN_001,233,7.7333,TRACKING,215.0,168.0,320.0,240.0,-105.0,-72.0,-0.65625,-0.44999999999999996,0.00651041666666663,0.0002520161290322509,0.005208333333333304,0.00020161290322580073,-0.6575520833333334,-0.4500504032258064,ALIGNED
SCN_001,234,7.7667,TRACKING,215.0,169.0,320.0,240.0,-105.0,-71.0,-0.65625,-0.44375,0.0013020833333333703,0.006300403225806439,0.0010416666666666964,0.005040322580645152,-0.6565104166666667,-0.4450100806451613,ALIGNED
SCN_001,235,7.8,TRACKING,216.0,169.0,320.0,240.0,-104.0,-71.0,-0.65,-0.44375,0.00651041666666663,0.00126008064516131,0.005208333333333304,0.001008064516129048,-0.6513020833333334,-0.44400201612903223,ALIGNED
SCN_001,236,7.8333,TRACKING,216.0,169.0,320.0,240.0,-104.0,-71.0,-0.65,-0.44375,0.0013020833333333703,0.0002520161290322509,0.0010416666666666964,0.00020161290322580073,-0.6502604166666667,-0.44380040322580644,ALIGNED
SCN_001,237,7.8667,TRACKING,216.0,170.0,320.0,240.0,-104.0,-70.0,-0.65,-0.4375,0.00026041666666665186,0.006300403225806439,0.0002083333333333215,0.005040322580645152,-0.6500520833333333,-0.4387600806451613,ALIGNED
SCN_001,238,7.9,TRACKING,217.0,170.0,320.0,240.0,-103.0,-70.0,-0.64375,-0.4375,0.006302083333333264,0.00126008064516131,0.005041666666666611,0.001008064516129048,-0.6450104166666667,-0.43775201612903225,ALIGNED
SCN_001,239,7.9333,TRACKING,217.0,170.0,320.0,240.0,-103.0,-70.0,-0.64375,-0.4375,0.0012604166666666528,0.0002520161290322509,0.0010083333333333222,0.00020161290322580073,-0.6440020833333334,-0.43755040322580646,ALIGNED
SCN_001,240,7.9667,TRACKING,218.0,171.0,320.0,240.0,-102.0,-69.0,-0.6375,-0.43124999999999997,0.006502083333333464,0.006300403225806495,0.005201666666666771,0.005040322580645196,-0.6388004166666666,-0.4325100806451613,ALIGNED
SCN_001,241,8.0,TRACKING,218.0,171.0,320.0,240.0,-102.0,-69.0,-0.6375,-0.43124999999999997,0.0013004166666666928,0.00126008064516131,0.0010403333333333542,0.001008064516129048,-0.6377600833333333,-0.4315020161290322,ALIGNED
SCN_001,242,8.0333,TRACKING,219.0,171.0,320.0,240.0,-101.0,-69.0,-0.63125,-0.43124999999999997,0.006510083333333361,0.0002520161290322509,0.005208066666666689,0.00020161290322580073,-0.6325520166666666,-0.43130040322580643,ALIGNED
SCN_001,243,8.0667,TRACKING,219.0,172.0,320.0,240.0,-101.0,-68.0,-0.63125,-0.425,0.0013020166666666277,0.006300403225806439,0.0010416133333333022,0.005040322580645152,-0.6315104033333333,-0.4262600806451613,ALIGNED
SCN_001,244,8.1,TRACKING,220.0,172.0,320.0,240.0,-100.0,-68.0,-0.625,-0.425,0.006510403333333303,0.00126008064516131,0.005208322666666643,0.001008064516129048,-0.6263020806666667,-0.42525201612903224,ALIGNED
SCN_001,245,8.1333,TRACKING,220.0,172.0,320.0,240.0,-100.0,-68.0,-0.625,-0.425,0.001302080666666705,0.0002520161290322509,0.001041664533333364,0.00020161290322580073,-0.6252604161333334,-0.42505040322580645,ALIGNED
SCN_001,246,8.1667,TRACKING,221.0,173.0,320.0,240.0,-99.0,-67.0,-0.61875,-0.41875,0.006510416133333363,0.006300403225806439,0.005208332906666691,0.005040322580645152,-0.6200520832266667,-0.4200100806451613,ALIGNED
SCN_001,247,8.2,TRACKING,221.0,173.0,320.0,240.0,-99.0,-67.0,-0.61875,-0.41875,0.0013020832266666948,0.00126008064516131,0.001041666581333356,0.001008064516129048,-0.6190104166453334,-0.41900201612903226,ALIGNED
SCN_001,248,8.2333,TRACKING,222.0,173.0,320.0,240.0,-98.0,-67.0,-0.6125,-0.41875,0.006510416645333361,0.0002520161290322509,0.005208333316266689,0.00020161290322580073,-0.6138020833290667,-0.4188004032258065,ALIGNED
SCN_001,249,8.2667,TRACKING,222.0,174.0,320.0,240.0,-98.0,-66.0,-0.6125,-0.41250000000000003,0.0013020833290666722,0.006300403225806439,0.0010416666632533378,0.005040322580645152,-0.6127604166658134,-0.41376008064516134,ALIGNED
SCN_001,250,8.3,TRACKING,223.0,174.0,320.0,240.0,-97.0,-66.0,-0.60625,-0.41250000000000003,0.006510416665813423,0.00126008064516131,0.005208333332650739,0.001008064516129048,-0.6075520833331627,-0.4127520161290323,ALIGNED
SCN_001,251,8.3333,TRACKING,223.0,174.0,320.0,240.0,-97.0,-66.0,-0.60625,-0.41250000000000003,0.001302083333162729,0.0002520161290322509,0.0010416666665301834,0.00020161290322580073,-0.6065104166666325,-0.4125504032258065,ALIGNED
SCN_001,252,8.3667,TRACKING,224.0,175.0,320.0,240.0,-96.0,-65.0,-0.6,-0.40625,0.006510416666632546,0.006300403225806495,0.005208333333306037,0.005040322580645196,-0.6013020833333265,-0.4075100806451613,ALIGNED
SCN_001,253,8.4,TRACKING,224.0,175.0,320.0,240.0,-96.0,-65.0,-0.6,-0.40625,0.001302083333326487,0.00126008064516131,0.0010416666666611897,0.001008064516129048,-0.6002604166666653,-0.40650201612903225,ALIGNED
SCN_001,254,8.4333,TRACKING,225.0,175.0,320.0,240.0,-95.0,-65.0,-0.59375,-0.40625,0.006510416666665297,0.0002520161290322509,0.0052083333333322384,0.00020161290322580073,-0.595052083333333,-0.40630040322580646,ALIGNED
SCN_001,255,8.4667,TRACKING,225.0,176.0,320.0,240.0,-95.0,-64.0,-0.59375,-0.4,0.0013020833333330373,0.006300403225806439,0.0010416666666664299,0.005040322580645152,-0.5940104166666667,-0.40126008064516133,ALIGNED
SCN_001,256,8.5,TRACKING,226.0,176.0,320.0,240.0,-94.0,-64.0,-0.5875,-0.4,0.00651041666666663,0.00126008064516131,0.005208333333333304,0.001008064516129048,-0.5888020833333334,-0.4002520161290323,ALIGNED
SCN_001,257,8.5333,TRACKING,226.0,176.0,320.0,240.0,-94.0,-64.0,-0.5875,-0.4,0.0013020833333333703,0.0002520161290322509,0.0010416666666666964,0.00020161290322580073,-0.5877604166666667,-0.4000504032258065,ALIGNED
SCN_001,258,8.5667,TRACKING,227.0,177.0,320.0,240.0,-93.0,-63.0,-0.58125,-0.39375000000000004,0.00651041666666663,0.006300403225806439,0.005208333333333304,0.005040322580645152,-0.5825520833333334,-0.39501008064516135,ALIGNED
SCN_001,259,8.6,TRACKING,227.0,177.0,320.0,240.0,-93.0,-63.0,-0.58125,-0.39375000000000004,0.0013020833333333703,0.00126008064516131,0.0010416666666666964,0.001008064516129048,-0.5815104166666667,-0.3940020161290323,ALIGNED
SCN_001,260,8.6333,TRACKING,228.0,177.0,320.0,240.0,-92.0,-63.0,-0.575,-0.39375000000000004,0.006510416666666741,0.0002520161290322509,0.005208333333333393,0.00020161290322580073,-0.5763020833333333,-0.3938004032258065,ALIGNED
SCN_001,261,8.6667,TRACKING,228.0,178.0,320.0,240.0,-92.0,-62.0,-0.575,-0.38750000000000007,0.0013020833333333703,0.006300403225806439,0.0010416666666666964,0.005040322580645152,-0.5752604166666666,-0.3887600806451614,ALIGNED
SCN_001,262,8.7,TRACKING,229.0,178.0,320.0,240.0,-91.0,-62.0,-0.56875,-0.38750000000000007,0.00651041666666663,0.00126008064516131,0.005208333333333304,0.001008064516129048,-0.5700520833333333,-0.3877520161290323,ALIGNED
SCN_001,263,8.7333,TRACKING,229.0,178.0,320.0,240.0,-91.0,-62.0,-0.56875,-0.38750000000000007,0.0013020833333333703,0.0002520161290322509,0.0010416666666666964,0.00020161290322580073,-0.5690104166666666,-0.38755040322580653,ALIGNED
SCN_001,264,8.7667,TRACKING,230.0,179.0,320.0,240.0,-90.0,-61.0,-0.5625,-0.38125,0.00651041666666663,0.00630040322580655,0.005208333333333304,0.00504032258064524,-0.5638020833333334,-0.3825100806451613,ALIGNED
SCN_001,265,8.8,TRACKING,230.0,179.0,320.0,240.0,-90.0,-61.0,-0.5625,-0.38125,0.0013020833333333703,0.00126008064516131,0.0010416666666666964,0.001008064516129048,-0.5627604166666667,-0.38150201612903223,ALIGNED
SCN_001,266,8.8333,TRACKING,231.0,179.0,320.0,240.0,-89.0,-61.0,-0.55625,-0.38125,0.00651041666666663,0.0002520161290322509,0.005208333333333304,0.00020161290322580073,-0.5575520833333334,-0.38130040322580644,ALIGNED
SCN_001,267,8.8667,TRACKING,231.0,180.0,320.0,240.0,-89.0,-60.0,-0.55625,-0.375,0.0013020833333333703,0.006300403225806439,0.0010416666666666964,0.005040322580645152,-0.5565104166666667,-0.3762600806451613,ALIGNED
SCN_001,268,8.9,TRACKING,232.0,180.0,320.0,240.0,-88.0,-60.0,-0.55,-0.375,0.00651041666666663,0.00126008064516131,0.005208333333333304,0.001008064516129048,-0.5513020833333334,-0.37525201612903225,ALIGNED
SCN_001,269,8.9333,TRACKING,232.0,180.0,320.0,240.0,-88.0,-60.0,-0.55,-0.375,0.0013020833333333703,0.0002520161290322509,0.0010416666666666964,0.00020161290322580073,-0.5502604166666667,-0.37505040322580646,ALIGNED
SCN_001,270,8.9667,TRACKING,233.0,181.0,320.0,240.0,-87.0,-59.0,-0.54375,-0.36874999999999997,0.006510416666666741,0.006300403225806495,0.005208333333333393,0.005040322580645196,-0.5450520833333333,-0.3700100806451613,ALIGNED
SCN_001,271,9.0,TRACKING,233.0,181.0,320.0,240.0,-87.0,-59.0,-0.54375,-0.36874999999999997,0.0013020833333333703,0.00126008064516131,0.0010416666666666964,0.001008064516129048,-0.5440104166666666,-0.3690020161290322,ALIGNED
SCN_001,272,9.0333,TRACKING,234.0,181.0,320.0,240.0,-86.0,-59.0,-0.5375,-0.36874999999999997,0.00651041666666663,0.0002520161290322509,0.005208333333333304,0.00020161290322580073,-0.5388020833333333,-0.36880040322580643,ALIGNED
SCN_001,273,9.0667,TRACKING,234.0,182.0,320.0,240.0,-86.0,-58.0,-0.5375,-0.3625,0.0013020833333333703,0.006300403225806439,0.0010416666666666964,0.005040322580645152,-0.5377604166666666,-0.3637600806451613,ALIGNED
SCN_001,274,9.1,TRACKING,235.0,182.0,320.0,240.0,-85.0,-58.0,-0.53125,-0.3625,0.00651041666666663,0.00126008064516131,0.005208333333333304,0.001008064516129048,-0.5325520833333334,-0.36275201612903224,ALIGNED
SCN_001,275,9.1333,TRACKING,235.0,182.0,320.0,240.0,-85.0,-58.0,-0.53125,-0.3625,0.0013020833333333703,0.0002520161290322509,0.0010416666666666964,0.00020161290322580073,-0.5315104166666667,-0.36255040322580645,ALIGNED
SCN_001,276,9.1667,TRACKING,236.0,183.0,320.0,240.0,-84.0,-57.0,-0.525,-0.35624999999999996,0.00651041666666663,0.006300403225806495,0.005208333333333304,0.005040322580645196,-0.5263020833333334,-0.35751008064516127,ALIGNED
SCN_001,277,9.2,TRACKING,236.0,183.0,320.0,240.0,-84.0,-57.0,-0.525,-0.35624999999999996,0.0013020833333333703,0.00126008064516131,0.0010416666666666964,0.001008064516129048,-0.5252604166666667,-0.3565020161290322,ALIGNED
SCN_001,278,9.2333,TRACKING,237.0,183.0,320.0,240.0,-83.0,-57.0,-0.51875,-0.35624999999999996,0.00651041666666663,0.0002520161290322509,0.005208333333333304,0.00020161290322580073,-0.5200520833333334,-0.3563004032258064,ALIGNED
SCN_001,279,9.2667,TRACKING,237.0,184.0,320.0,240.0,-83.0,-56.0,-0.51875,-0.35,0.0013020833333333703,0.006300403225806439,0.0010416666666666964,0.005040322580645152,-0.5190104166666667,-0.3512600806451613,ALIGNED
SCN_001,280,9.3,TRACKING,238.0,184.0,320.0,240.0,-82.0,-56.0,-0.5125,-0.35,0.006510416666666741,0.00126008064516131,0.005208333333333393,0.001008064516129048,-0.5138020833333333,-0.35025201612903223,ALIGNED
SCN_001,281,9.3333,TRACKING,238.0,184.0,320.0,240.0,-82.0,-56.0,-0.5125,-0.35,0.0013020833333333703,0.0002520161290322509,0.0010416666666666964,0.00020161290322580073,-0.5127604166666666,-0.35005040322580644,ALIGNED
SCN_001,282,9.3667,TRACKING,239.0,185.0,320.0,240.0,-81.0,-55.0,-0.50625,-0.34375,0.00651041666666663,0.006300403225806439,0.005208333333333304,0.005040322580645152,-0.5075520833333333,-0.3450100806451613,ALIGNED
SCN_001,283,9.4,TRACKING,239.0,185.0,320.0,240.0,-81.0,-55.0,-0.50625,-0.34375,0.0013020833333333703,0.00126008064516131,0.0010416666666666964,0.001008064516129048,-0.5065104166666666,-0.34400201612903225,ALIGNED
SCN_001,284,9.4333,TRACKING,240.0,185.0,320.0,240.0,-80.0,-55.0,-0.5,-0.34375,0.00651041666666663,0.0002520161290322509,0.005208333333333304,0.00020161290322580073,-0.5013020833333334,-0.34380040322580646,ALIGNED
SCN_001,285,9.4667,TRACKING,240.0,186.0,320.0,240.0,-80.0,-54.0,-0.5,-0.3375,0.0013020833333333703,0.006300403225806439,0.0010416666666666964,0.005040322580645152,-0.5002604166666667,-0.33876008064516133,ALIGNED
SCN_001,286,9.5,TRACKING,240.0,186.0,320.0,240.0,-80.0,-54.0,-0.5,-0.3375,0.00026041666666665186,0.00126008064516131,0.0002083333333333215,0.001008064516129048,-0.5000520833333333,-0.3377520161290323,ALIGNED
SCN_001,287,9.5333,TRACKING,241.0,186.0,320.0,240.0,-79.0,-54.0,-0.49375,-0.3375,0.006302083333333264,0.0002520161290322509,0.005041666666666611,0.00020161290322580073,-0.4950104166666667,-0.3375504032258065,ALIGNED
SCN_001,288,9.5667,TRACKING,241.0,187.0,320.0,240.0,-79.0,-53.0,-0.49375,-0.33125,0.0012604166666666528,0.006300403225806495,0.0010083333333333222,0.005040322580645196,-0.49400208333333334,-0.3325100806451613,ALIGNED
SCN_001,289,9.6,TRACKING,242.0,187.0,320.0,240.0,-78.0,-53.0,-0.4875,-0.33125,0.006502083333333353,0.00126008064516131,0.0052016666666666826,0.001008064516129048,-0.4888004166666667,-0.33150201612903224,ALIGNED
SCN_001,290,9.6333,TRACKING,242.0,187.0,320.0,240.0,-78.0,-53.0,-0.4875,-0.33125,0.0013004166666666928,0.0002520161290322509,0.0010403333333333542,0.00020161290322580073,-0.4877600833333333,-0.33130040322580645,ALIGNED
SCN_001,291,9.6667,TRACKING,243.0,188.0,320.0,240.0,-77.0,-52.0,-0.48125,-0.325,0.006510083333333305,0.006300403225806439,0.0052080666666666445,0.005040322580645152,-0.4825520166666667,-0.3262600806451613,ALIGNED
SCN_001,292,9.7,TRACKING,243.0,188.0,320.0,240.0,-77.0,-52.0,-0.48125,-0.325,0.0013020166666666833,0.00126008064516131,0.0010416133333333466,0.001008064516129048,-0.48151040333333334,-0.32525201612903226,ALIGNED
SCN_001,293,9.7333,TRACKING,244.0,188.0,320.0,240.0,-76.0,-52.0,-0.475,-0.325,0.006510403333333359,0.0002520161290322509,0.005208322666666688,0.00020161290322580073,-0.4763020806666666,-0.3250504032258065,ALIGNED
SCN_001,294,9.7667,TRACKING,244.0,189.0,320.0,240.0,-76.0,-51.0,-0.475,-0.31875,0.0013020806666666496,0.006300403225806495,0.0010416645333333197,0.005040322580645196,-0.4752604161333333,-0.3200100806451613,ALIGNED
SCN_001,295,9.8,TRACKING,245.0,189.0,320.0,240.0,-75.0,-51.0,-0.46875,-0.31875,0.006510416133333308,0.00126008064516131,0.005208332906666647,0.001008064516129048,-0.47005208322666664,-0.31900201612903223,ALIGNED
SCN_001,296,9.8333,TRACKING,245.0,189.0,320.0,240.0,-75.0,-51.0,-0.46875,-0.31875,0.0013020832266666393,0.0002520161290322509,0.0010416665813333115,0.00020161290322580073,-0.46901041664533333,-0.31880040322580644,ALIGNED
SCN_001,297,9.8667,TRACKING,246.0,190.0,320.0,240.0,-74.0,-50.0,-0.4625,-0.3125,0.006510416645333306,0.006300403225806439,0.005208333316266645,0.005040322580645152,-0.4638020833290667,-0.3137600806451613,ALIGNED
SCN_001,298,9.9,TRACKING,246.0,190.0,320.0,240.0,-74.0,-50.0,-0.4625,-0.3125,0.0013020833290666722,0.00126008064516131,0.0010416666632533378,0.001008064516129048,-0.46276041666581336,-0.31275201612903225,ALIGNED
SCN_001,299,9.9333,TRACKING,247.0,190.0,320.0,240.0,-73.0,-50.0,-0.45625,-0.3125,0.006510416665813368,0.0002520161290322509,0.005208333332650694,0.00020161290322580073,-0.45755208333316266,-0.31255040322580646,ALIGNED
SCN_001,300,9.9667,TRACKING,247.0,191.0,320.0,240.0,-73.0,-49.0,-0.45625,-0.30625,0.0013020833331626736,0.006300403225806439,0.001041666666530139,0.005040322580645152,-0.4565104166666325,-0.30751008064516133,ALIGNED
SCN_001,301,10.0,TRACKING,248.0,191.0,320.0,240.0,-72.0,-49.0,-0.45,-0.30625,0.00651041666663249,0.00126008064516131,0.005208333333305993,0.001008064516129048,-0.4513020833333265,-0.3065020161290323,ALIGNED
SCN_001,302,10.0333,TRACKING,248.0,191.0,320.0,240.0,-72.0,-49.0,-0.45,-0.30625,0.001302083333326487,0.0002520161290322509,0.0010416666666611897,0.00020161290322580073,-0.45026041666666533,-0.3063004032258065,ALIGNED
SCN_001,303,10.0667,TRACKING,249.0,192.0,320.0,240.0,-71.0,-48.0,-0.44375,-0.30000000000000004,0.006510416666665353,0.006300403225806439,0.005208333333332283,0.005040322580645152,-0.44505208333333307,-0.30126008064516135,ALIGNED
SCN_001,304,10.1,TRACKING,249.0,192.0,320.0,240.0,-71.0,-48.0,-0.44375,-0.30000000000000004,0.0013020833333330928,0.00126008064516131,0.0010416666666664743,0.001008064516129048,-0.4440104166666666,-0.3002520161290323,ALIGNED
SCN_001,305,10.1333,TRACKING,250.0,192.0,320.0,240.0,-70.0,-48.0,-0.4375,-0.30000000000000004,0.006510416666666574,0.0002520161290322509,0.005208333333333259,0.00020161290322580073,-0.4388020833333333,-0.3000504032258065,ALIGNED
SCN_001,306,10.1667,TRACKING,250.0,193.0,320.0,240.0,-70.0,-47.0,-0.4375,-0.29375,0.0013020833333333148,0.006300403225806495,0.001041666666666652,0.005040322580645196,-0.43776041666666665,-0.2950100806451613,ALIGNED
SCN_001,307,10.2,TRACKING,251.0,193.0,320.0,240.0,-69.0,-47.0,-0.43125,-0.29375,0.00651041666666663,0.00126008064516131,0.005208333333333304,0.001008064516129048,-0.43255208333333334,-0.29400201612903226,ALIGNED
SCN_001,308,10.2333,TRACKING,251.0,193.0,320.0,240.0,-69.0,-47.0,-0.43125,-0.29375,0.0013020833333333148,0.0002520161290322509,0.001041666666666652,0.00020161290322580073,-0.4315104166666667,-0.2938004032258065,ALIGNED
SCN_001,309,10.2667,TRACKING,252.0,194.0,320.0,240.0,-68.0,-46.0,-0.425,-0.28750000000000003,0.006510416666666685,0.006300403225806439,0.005208333333333349,0.005040322580645152,-0.4263020833333333,-0.28876008064516134,ALIGNED
SCN_001,310,10.3,TRACKING,252.0,194.0,320.0,240.0,-68.0,-46.0,-0.425,-0.28750000000000003,0.0013020833333333148,0.00126008064516131,0.001041666666666652,0.001008064516129048,-0.42526041666666664,-0.2877520161290323,ALIGNED
SCN_001,311,10.3333,TRACKING,253.0,194.0,320.0,240.0,-67.0,-46.0,-0.41875,-0.28750000000000003,0.00651041666666663,0.0002520161290322509,0.005208333333333304,0.00020161290322580073,-0.4200520833333333,-0.2875504032258065,ALIGNED
SCN_001,312,10.3667,TRACKING,253.0,195.0,320.0,240.0,-67.0,-45.0,-0.41875,-0.28125,0.0013020833333333148,0.006300403225806495,0.001041666666666652,0.005040322580645196,-0.41901041666666666,-0.2825100806451613,ALIGNED
SCN_001,313,10.4,TRACKING,254.0,195.0,320.0,240.0,-66.0,-45.0,-0.4125,-0.28125,0.006510416666666685,0.00126008064516131,0.005208333333333349,0.001008064516129048,-0.4138020833333333,-0.28150201612903225,ALIGNED
SCN_001,314,10.4333,TRACKING,254.0,195.0,320.0,240.0,-66.0,-45.0,-0.4125,-0.28125,0.0013020833333333148,0.0002520161290322509,0.001041666666666652,0.00020161290322580073,-0.41276041666666663,-0.28130040322580646,ALIGNED
SCN_001,315,10.4667,TRACKING,255.0,196.0,320.0,240.0,-65.0,-44.0,-0.40625,-0.27499999999999997,0.00651041666666663,0.006300403225806495,0.005208333333333304,0.005040322580645196,-0.4075520833333333,-0.2762600806451613,ALIGNED
SCN_001,316,10.5,TRACKING,255.0,196.0,320.0,240.0,-65.0,-44.0,-0.40625,-0.27499999999999997,0.0013020833333333148,0.00126008064516131,0.001041666666666652,0.001008064516129048,-0.40651041666666665,-0.2752520161290322,ALIGNED
SCN_001,317,10.5333,TRACKING,256.0,196.0,320.0,240.0,-64.0,-44.0,-0.4,-0.27499999999999997,0.00651041666666663,0.0002520161290322509,0.005208333333333304,0.00020161290322580073,-0.40130208333333334,-0.27505040322580643,ALIGNED
SCN_001,318,10.5667,TRACKING,256.0,197.0,320.0,240.0,-64.0,-43.0,-0.4,-0.26875,0.0013020833333333148,0.006300403225806439,0.001041666666666652,0.005040322580645152,-0.4002604166666667,-0.2700100806451613,ALIGNED
SCN_001,319,10.6,TRACKING,257.0,197.0,320.0,240.0,-63.0,-43.0,-0.39375,-0.26875,0.006510416666666685,0.00126008064516131,0.005208333333333349,0.001008064516129048,-0.3950520833333333,-0.26900201612903224,ALIGNED
SCN_001,320,10.6333,TRACKING,257.0,197.0,320.0,240.0,-63.0,-43.0,-0.39375,-0.26875,0.0013020833333333148,0.0002520161290322509,0.001041666666666652,0.00020161290322580073,-0.39401041666666664,-0.26880040322580645,ALIGNED
SCN_001,321,10.6667,TRACKING,258.0,198.0,320.0,240.0,-62.0,-42.0,-0.3875,-0.26249999999999996,0.00651041666666663,0.006300403225806495,0.005208333333333304,0.005040322580645196,-0.3888020833333333,-0.26376008064516127,ALIGNED
SCN_001,322,10.7,TRACKING,258.0,198.0,320.0,240.0,-62.0,-42.0,-0.3875,-0.26249999999999996,0.0013020833333333148,0.00126008064516131,0.001041666666666652,0.001008064516129048,-0.38776041666666666,-0.2627520161290322,ALIGNED
SCN_001,323,10.7333,TRACKING,259.0,198.0,320.0,240.0,-61.0,-42.0,-0.38125,-0.26249999999999996,0.006510416666666685,0.0002520161290322509,0.005208333333333349,0.00020161290322580073,-0.3825520833333333,-0.2625504032258064,ALIGNED
SCN_001,324,10.7667,TRACKING,259.0,199.0,320.0,240.0,-61.0,-41.0,-0.38125,-0.25625,0.0013020833333333148,0.006300403225806439,0.001041666666666652,0.005040322580645152,-0.38151041666666663,-0.2575100806451613,ALIGNED
SCN_001,325,10.8,TRACKING,260.0,199.0,320.0,240.0,-60.0,-41.0,-0.375,-0.25625,0.00651041666666663,0.00126008064516131,0.005208333333333304,0.001008064516129048,-0.3763020833333333,-0.25650201612903223,ALIGNED
SCN_001,326,10.8333,TRACKING,260.0,199.0,320.0,240.0,-60.0,-41.0,-0.375,-0.25625,0.0013020833333333148,0.0002520161290322509,0.001041666666666652,0.00020161290322580073,-0.37526041666666665,-0.25630040322580644,ALIGNED
SCN_001,327,10.8667,TRACKING,261.0,200.0,320.0,240.0,-59.0,-40.0,-0.36875,-0.25,0.00651041666666663,0.006300403225806439,0.005208333333333304,0.005040322580645152,-0.37005208333333334,-0.2512600806451613,ALIGNED
SCN_001,328,10.9,TRACKING,261.0,200.0,320.0,240.0,-59.0,-40.0,-0.36875,-0.25,0.0013020833333333148,0.00126008064516131,0.001041666666666652,0.001008064516129048,-0.3690104166666667,-0.25025201612903225,ALIGNED
SCN_001,329,10.9333,TRACKING,262.0,200.0,320.0,240.0,-58.0,-40.0,-0.3625,-0.25,0.006510416666666685,0.0002520161290322509,0.005208333333333349,0.00020161290322580073,-0.3638020833333333,-0.25005040322580646,ALIGNED
SCN_001,330,10.9667,TRACKING,262.0,201.0,320.0,240.0,-58.0,-39.0,-0.3625,-0.24375000000000002,0.0013020833333333148,0.006300403225806439,0.001041666666666652,0.005040322580645152,-0.36276041666666664,-0.2450100806451613,ALIGNED
SCN_001,331,11.0,TRACKING,263.0,201.0,320.0,240.0,-57.0,-39.0,-0.35625,-0.24375000000000002,0.00651041666666663,0.0012600806451612823,0.005208333333333304,0.001008064516129026,-0.3575520833333333,-0.24400201612903227,ALIGNED
SCN_001,332,11.0333,TRACKING,263.0,201.0,320.0,240.0,-57.0,-39.0,-0.35625,-0.24375000000000002,0.0013020833333333148,0.0002520161290322509,0.001041666666666652,0.00020161290322580073,-0.35651041666666666,-0.24380040322580648,ALIGNED
SCN_001,333,11.0667,TRACKING,263.0,202.0,320.0,240.0,-57.0,-38.0,-0.35625,-0.2375,0.00026041666666665186,0.006300403225806495,0.0002083333333333215,0.005040322580645196,-0.35630208333333335,-0.2387600806451613,ALIGNED
SCN_001,334,11.1,TRACKING,264.0,202.0,320.0,240.0,-56.0,-38.0,-0.35,-0.2375,0.006302083333333375,0.00126008064516131,0.0050416666666667,0.001008064516129048,-0.35126041666666663,-0.23775201612903224,ALIGNED
SCN_001,335,11.1333,TRACKING,264.0,202.0,320.0,240.0,-56.0,-38.0,-0.35,-0.2375,0.0012604166666666528,0.0002520161290322509,0.0010083333333333222,0.00020161290322580073,-0.3502520833333333,-0.23755040322580645,ALIGNED
SCN_001,336,11.1667,TRACKING,265.0,203.0,320.0,240.0,-55.0,-37.0,-0.34375,-0.23125,0.006502083333333297,0.006300403225806439,0.005201666666666638,0.005040322580645152,-0.34505041666666664,-0.2325100806451613,ALIGNED
SCN_001,337,11.2,TRACKING,265.0,203.0,320.0,240.0,-55.0,-37.0,-0.34375,-0.23125,0.0013004166666666372,0.0012600806451612823,0.0010403333333333098,0.001008064516129026,-0.3440100833333333,-0.23150201612903226,ALIGNED
SCN_001,338,11.2333,TRACKING,266.0,203.0,320.0,240.0,-54.0,-37.0,-0.3375,-0.23125,0.006510083333333305,0.0002520161290322509,0.0052080666666666445,0.00020161290322580073,-0.3388020166666667,-0.23130040322580647,ALIGNED
SCN_001,339,11.2667,TRACKING,266.0,204.0,320.0,240.0,-54.0,-36.0,-0.3375,-0.22499999999999998,0.0013020166666666833,0.006300403225806495,0.0010416133333333466,0.005040322580645196,-0.33776040333333335,-0.2262600806451613,ALIGNED
SCN_001,340,11.3,TRACKING,267.0,204.0,320.0,240.0,-53.0,-36.0,-0.33125,-0.22499999999999998,0.006510403333333359,0.00126008064516131,0.005208322666666688,0.001008064516129048,-0.33255208066666664,-0.22525201612903223,ALIGNED
SCN_001,341,11.3333,TRACKING,267.0,204.0,320.0,240.0,-53.0,-36.0,-0.33125,-0.22499999999999998,0.0013020806666666496,0.0002520161290322509,0.0010416645333333197,0.00020161290322580073,-0.3315104161333333,-0.22505040322580644,ALIGNED
SCN_001,342,11.3667,TRACKING,268.0,205.0,320.0,240.0,-52.0,-35.0,-0.325,-0.21875,0.006510416133333308,0.006300403225806439,0.005208332906666647,0.005040322580645152,-0.32630208322666665,-0.22001008064516128,ALIGNED
SCN_001,343,11.4,TRACKING,268.0,205.0,320.0,240.0,-52.0,-35.0,-0.325,-0.21875,0.0013020832266666393,0.0012600806451612823,0.0010416665813333115,0.001008064516129026,-0.32526041664533334,-0.21900201612903225,ALIGNED
SCN_001,344,11.4333,TRACKING,269.0,205.0,320.0,240.0,-51.0,-35.0,-0.31875,-0.21875,0.006510416645333361,0.0002520161290322509,0.005208333316266689,0.00020161290322580073,-0.32005208332906665,-0.21880040322580646,ALIGNED
SCN_001,345,11.4667,TRACKING,269.0,206.0,320.0,240.0,-51.0,-34.0,-0.31875,-0.2125,0.0013020833290666722,0.006300403225806467,0.0010416666632533378,0.005040322580645174,-0.3190104166658133,-0.21376008064516128,ALIGNED
SCN_001,346,11.5,TRACKING,270.0,206.0,320.0,240.0,-50.0,-34.0,-0.3125,-0.2125,0.006510416665813312,0.0012600806451612823,0.00520833333265065,0.001008064516129026,-0.3138020833331627,-0.21275201612903225,ALIGNED
SCN_001,347,11.5333,TRACKING,270.0,206.0,320.0,240.0,-50.0,-34.0,-0.3125,-0.2125,0.0013020833331626736,0.0002520161290322509,0.001041666666530139,0.00020161290322580073,-0.3127604166666325,-0.21255040322580646,ALIGNED
SCN_001,348,11.5667,TRACKING,271.0,207.0,320.0,240.0,-49.0,-33.0,-0.30625,-0.20625000000000002,0.00651041666663249,0.006300403225806439,0.005208333333305993,0.005040322580645152,-0.3075520833333265,-0.2075100806451613,ALIGNED
SCN_001,349,11.6,TRACKING,271.0,207.0,320.0,240.0,-49.0,-33.0,-0.30625,-0.20625000000000002,0.001302083333326487,0.0012600806451612823,0.0010416666666611897,0.001008064516129026,-0.30651041666666534,-0.20650201612903227,ALIGNED
SCN_001,350,11.6333,TRACKING,272.0,207.0,320.0,240.0,-48.0,-33.0,-0.3,-0.20625000000000002,0.006510416666665353,0.0002520161290322509,0.005208333333332283,0.00020161290322580073,-0.3013020833333331,-0.20630040322580648,ALIGNED
SCN_001,351,11.6667,TRACKING,272.0,208.0,320.0,240.0,-48.0,-32.0,-0.3,-0.2,0.0013020833333330928,0.006300403225806467,0.0010416666666664743,0.005040322580645174,-0.3002604166666666,-0.2012600806451613,ALIGNED
SCN_001,352,11.7,TRACKING,273.0,208.0,320.0,240.0,-47.0,-32.0,-0.29375,-0.2,0.006510416666666574,0.0012600806451612823,0.005208333333333259,0.001008064516129026,-0.2950520833333333,-0.20025201612903226,ALIGNED
SCN_001,353,11.7333,TRACKING,273.0,208.0,320.0,240.0,-47.0,-32.0,-0.29375,-0.2,0.0013020833333333148,0.0002520161290322509,0.001041666666666652,0.00020161290322580073,-0.29401041666666666,-0.20005040322580647,ALIGNED
SCN_001,354,11.7667,TRACKING,274.0,209.0,320.0,240.0,-46.0,-31.0,-0.2875,-0.19375000000000003,0.006510416666666685,0.006300403225806439,0.005208333333333349,0.005040322580645152,-0.2888020833333333,-0.19501008064516132,ALIGNED
SCN_001,355,11.8,TRACKING,274.0,209.0,320.0,240.0,-46.0,-31.0,-0.2875,-0.19375000000000003,0.0013020833333333148,0.0012600806451612823,0.001041666666666652,0.001008064516129026,-0.28776041666666663,-0.19400201612903228,ALIGNED
SCN_001,356,11.8333,TRACKING,275.0,209.0,320.0,240.0,-45.0,-31.0,-0.28125,-0.19375000000000003,0.00651041666666663,0.0002520161290322509,0.005208333333333304,0.00020161290322580073,-0.2825520833333333,-0.1938004032258065,ALIGNED
SCN_001,357,11.8667,TRACKING,275.0,210.0,320.0,240.0,-45.0,-30.0,-0.28125,-0.1875,0.0013020833333333148,0.006300403225806495,0.001041666666666652,0.005040322580645196,-0.28151041666666665,-0.1887600806451613,ALIGNED
SCN_001,358,11.9,TRACKING,276.0,210.0,320.0,240.0,-44.0,-30.0,-0.275,-0.1875,0.00651041666666663,0.00126008064516131,0.005208333333333304,0.001008064516129048,-0.27630208333333334,-0.18775201612903225,ALIGNED
SCN_001,359,11.9333,TRACKING,276.0,210.0,320.0,240.0,-44.0,-30.0,-0.275,-0.1875,0.0013020833333333148,0.0002520161290322509,0.001041666666666652,0.00020161290322580073,-0.2752604166666667,-0.18755040322580646,ALIGNED
SCN_001,360,11.9667,TRACKING,277.0,211.0,320.0,240.0,-43.0,-29.0,-0.26875,-0.18125,0.006510416666666685,0.006300403225806467,0.005208333333333349,0.005040322580645174,-0.2700520833333333,-0.18251008064516128,ALIGNED
SCN_001,361,12.0,TRACKING,277.0,211.0,320.0,240.0,-43.0,-29.0,-0.26875,-0.18125,0.0013020833333333148,0.0012600806451612823,0.001041666666666652,0.001008064516129026,-0.26901041666666664,-0.18150201612903225,ALIGNED
SCN_001,362,12.0333,TRACKING,278.0,211.0,320.0,240.0,-42.0,-29.0,-0.2625,-0.18125,0.00651041666666663,0.0002520161290322509,0.005208333333333304,0.00020161290322580073,-0.2638020833333333,-0.18130040322580646,ALIGNED
SCN_001,363,12.0667,TRACKING,278.0,212.0,320.0,240.0,-42.0,-28.0,-0.2625,-0.175,0.0013020833333333148,0.006300403225806467,0.001041666666666652,0.005040322580645174,-0.26276041666666666,-0.17626008064516127,ALIGNED
SCN_001,364,12.1,TRACKING,279.0,212.0,320.0,240.0,-41.0,-28.0,-0.25625,-0.175,0.006510416666666685,0.0012600806451612823,0.005208333333333349,0.001008064516129026,-0.2575520833333333,-0.17525201612903224,ALIGNED
SCN_001,365,12.1333,TRACKING,279.0,212.0,320.0,240.0,-41.0,-28.0,-0.25625,-0.175,0.0013020833333333148,0.0002520161290322509,0.001041666666666652,0.00020161290322580073,-0.25651041666666663,-0.17505040322580645,ALIGNED
SCN_001,366,12.1667,TRACKING,280.0,213.0,320.0,240.0,-40.0,-27.0,-0.25,-0.16875,0.00651041666666663,0.006300403225806439,0.005208333333333304,0.005040322580645152,-0.2513020833333333,-0.1700100806451613,ALIGNED
SCN_001,367,12.2,TRACKING,280.0,213.0,320.0,240.0,-40.0,-27.0,-0.25,-0.16875,0.0013020833333333148,0.0012600806451612823,0.001041666666666652,0.001008064516129026,-0.25026041666666665,-0.16900201612903226,ALIGNED
SCN_001,368,12.2333,TRACKING,281.0,213.0,320.0,240.0,-39.0,-27.0,-0.24375,-0.16875,0.006510416666666657,0.0002520161290322509,0.005208333333333326,0.00020161290322580073,-0.24505208333333334,-0.16880040322580647,ALIGNED
SCN_001,369,12.2667,TRACKING,281.0,214.0,320.0,240.0,-39.0,-26.0,-0.24375,-0.1625,0.0013020833333333426,0.006300403225806467,0.001041666666666674,0.005040322580645174,-0.24401041666666667,-0.1637600806451613,ALIGNED
SCN_001,370,12.3,TRACKING,282.0,214.0,320.0,240.0,-38.0,-26.0,-0.2375,-0.1625,0.006510416666666685,0.0012600806451612823,0.005208333333333349,0.001008064516129026,-0.23880208333333333,-0.16275201612903226,ALIGNED
SCN_001,371,12.3333,TRACKING,282.0,214.0,320.0,240.0,-38.0,-26.0,-0.2375,-0.1625,0.0013020833333333426,0.0002520161290322509,0.001041666666666674,0.00020161290322580073,-0.23776041666666667,-0.16255040322580647,ALIGNED
SCN_001,372,12.3667,TRACKING,283.0,215.0,320.0,240.0,-37.0,-25.0,-0.23125,-0.15625,0.006510416666666657,0.006300403225806467,0.005208333333333326,0.005040322580645174,-0.23255208333333335,-0.15751008064516128,ALIGNED
SCN_001,373,12.4,TRACKING,283.0,215.0,320.0,240.0,-37.0,-25.0,-0.23125,-0.15625,0.0013020833333333426,0.0012600806451612823,0.001041666666666674,0.001008064516129026,-0.2315104166666667,-0.15650201612903225,ALIGNED
SCN_001,374,12.4333,TRACKING,284.0,215.0,320.0,240.0,-36.0,-25.0,-0.225,-0.15625,0.006510416666666685,0.0002520161290322509,0.005208333333333349,0.00020161290322580073,-0.22630208333333335,-0.15630040322580646,ALIGNED
SCN_001,375,12.4667,TRACKING,284.0,216.0,320.0,240.0,-36.0,-24.0,-0.225,-0.15000000000000002,0.0013020833333333426,0.006300403225806439,0.001041666666666674,0.005040322580645152,-0.22526041666666669,-0.1512600806451613,ALIGNED
SCN_001,376,12.5,TRACKING,285.0,216.0,320.0,240.0,-35.0,-24.0,-0.21875,-0.15000000000000002,0.006510416666666685,0.0012600806451612823,0.005208333333333349,0.001008064516129026,-0.22005208333333334,-0.15025201612903227,ALIGNED
SCN_001,377,12.5333,TRACKING,285.0,216.0,320.0,240.0,-35.0,-24.0,-0.21875,-0.15000000000000002,0.0013020833333333426,0.0002520161290322509,0.001041666666666674,0.00020161290322580073,-0.21901041666666668,-0.15005040322580648,ALIGNED
SCN_001,378,12.5667,TRACKING,286.0,217.0,320.0,240.0,-34.0,-23.0,-0.2125,-0.14375000000000002,0.006510416666666685,0.006300403225806467,0.005208333333333349,0.005040322580645174,-0.21380208333333334,-0.1450100806451613,ALIGNED
SCN_001,379,12.6,TRACKING,286.0,217.0,320.0,240.0,-34.0,-23.0,-0.2125,-0.14375000000000002,0.0013020833333333426,0.0012600806451612823,0.001041666666666674,0.001008064516129026,-0.21276041666666667,-0.14400201612903227,ALIGNED
SCN_001,380,12.6333,TRACKING,286.0,217.0,320.0,240.0,-34.0,-23.0,-0.2125,-0.14375000000000002,0.0002604166666666796,0.0002520161290322509,0.0002083333333333437,0.00020161290322580073,-0.21255208333333334,-0.14380040322580648,ALIGNED
SCN_001,381,12.6667,TRACKING,287.0,218.0,320.0,240.0,-33.0,-22.0,-0.20625,-0.13749999999999998,0.006302083333333347,0.006300403225806495,0.005041666666666678,0.005040322580645196,-0.20751041666666667,-0.1387600806451613,ALIGNED
SCN_001,382,12.7,TRACKING,287.0,218.0,320.0,240.0,-33.0,-22.0,-0.20625,-0.13749999999999998,0.0012604166666666805,0.00126008064516131,0.0010083333333333444,0.001008064516129048,-0.20650208333333334,-0.13775201612903223,ALIGNED
SCN_001,383,12.7333,TRACKING,288.0,218.0,320.0,240.0,-32.0,-22.0,-0.2,-0.13749999999999998,0.006502083333333325,0.0002520161290322509,0.00520166666666666,0.00020161290322580073,-0.20130041666666668,-0.13755040322580644,ALIGNED
SCN_001,384,12.7667,TRACKING,288.0,219.0,320.0,240.0,-32.0,-21.0,-0.2,-0.13124999999999998,0.001300416666666665,0.006300403225806467,0.0010403333333333321,0.005040322580645174,-0.20026008333333334,-0.13251008064516126,ALIGNED
SCN_001,385,12.8,TRACKING,289.0,219.0,320.0,240.0,-31.0,-21.0,-0.19375,-0.13124999999999998,0.006510083333333333,0.0012600806451612823,0.005208066666666667,0.001008064516129026,-0.19505201666666666,-0.13150201612903223,ALIGNED
SCN_001,386,12.8333,TRACKING,289.0,219.0,320.0,240.0,-31.0,-21.0,-0.19375,-0.13124999999999998,0.0013020166666666555,0.0002520161290322509,0.0010416133333333245,0.00020161290322580073,-0.19401040333333333,-0.13130040322580644,ALIGNED
SCN_001,387,12.8667,TRACKING,290.0,220.0,320.0,240.0,-30.0,-20.0,-0.1875,-0.125,0.006510403333333331,0.006300403225806439,0.005208322666666665,0.005040322580645152,-0.18880208066666668,-0.12626008064516128,ALIGNED
SCN_001,388,12.9,TRACKING,290.0,220.0,320.0,240.0,-30.0,-20.0,-0.1875,-0.125,0.0013020806666666773,0.0012600806451612823,0.001041664533333342,0.001008064516129026,-0.18776041613333333,-0.12525201612903225,ALIGNED
SCN_001,389,12.9333,TRACKING,291.0,220.0,320.0,240.0,-29.0,-20.0,-0.18125,-0.125,0.0065104161333333355,0.0002520161290322509,0.005208332906666668,0.00020161290322580073,-0.18255208322666666,-0.12505040322580646,ALIGNED
SCN_001,390,12.9667,TRACKING,291.0,221.0,320.0,240.0,-29.0,-19.0,-0.18125,-0.11875,0.001302083226666667,0.006300403225806467,0.0010416665813333338,0.005040322580645174,-0.18151041664533332,-0.12001008064516129,ALIGNED
SCN_001,391,13.0,TRACKING,292.0,221.0,320.0,240.0,-28.0,-19.0,-0.175,-0.11875,0.006510416645333333,0.0012600806451612961,0.005208333316266667,0.001008064516129037,-0.17630208332906666,-0.11900201612903226,ALIGNED
SCN_001,392,13.0333,TRACKING,292.0,221.0,320.0,240.0,-28.0,-19.0,-0.175,-0.11875,0.0013020833290666722,0.0002520161290322648,0.0010416666632533378,0.00020161290322581185,-0.17526041666581332,-0.11880040322580644,ALIGNED
SCN_001,393,13.0667,TRACKING,293.0,222.0,320.0,240.0,-27.0,-18.0,-0.16875,-0.11249999999999999,0.006510416665813312,0.006300403225806453,0.00520833333265065,0.005040322580645163,-0.17005208333316268,-0.11376008064516129,ALIGNED
SCN_001,394,13.1,TRACKING,293.0,222.0,320.0,240.0,-27.0,-18.0,-0.16875,-0.11249999999999999,0.0013020833331626736,0.0012600806451612961,0.001041666666530139,0.001008064516129037,-0.16901041666663255,-0.11275201612903225,ALIGNED
SCN_001,395,13.1333,TRACKING,294.0,222.0,320.0,240.0,-26.0,-18.0,-0.1625,-0.11249999999999999,0.006510416666632546,0.0002520161290322648,0.005208333333306037,0.00020161290322581185,-0.16380208333332652,-0.11255040322580644,ALIGNED
SCN_001,396,13.1667,TRACKING,294.0,223.0,320.0,240.0,-26.0,-17.0,-0.1625,-0.10625,0.0013020833333265147,0.006300403225806439,0.0010416666666612118,0.005040322580645152,-0.1627604166666653,-0.10751008064516128,ALIGNED
SCN_001,397,13.2,TRACKING,295.0,223.0,320.0,240.0,-25.0,-17.0,-0.15625,-0.10625,0.006510416666665297,0.0012600806451612823,0.0052083333333322384,0.001008064516129026,-0.15755208333333307,-0.10650201612903225,ALIGNED
SCN_001,398,13.2333,TRACKING,295.0,223.0,320.0,240.0,-25.0,-17.0,-0.15625,-0.10625,0.001302083333333065,0.0002520161290322509,0.001041666666666452,0.00020161290322580073,-0.15651041666666662,-0.10630040322580644,ALIGNED
SCN_001,399,13.2667,TRACKING,296.0,224.0,320.0,240.0,-24.0,-16.0,-0.15,-0.1,0.00651041666666663,0.006300403225806439,0.005208333333333304,0.005040322580645152,-0.1513020833333333,-0.10126008064516129,ALIGNED
SCN_001,400,13.3,TRACKING,296.0,224.0,320.0,240.0,-24.0,-16.0,-0.15,-0.1,0.0013020833333333148,0.0012600806451612823,0.001041666666666652,0.001008064516129026,-0.15026041666666665,-0.10025201612903226,ALIGNED
SCN_001,401,13.3333,TRACKING,297.0,224.0,320.0,240.0,-23.0,-16.0,-0.14375,-0.1,0.006510416666666657,0.0002520161290322509,0.005208333333333326,0.00020161290322580073,-0.14505208333333333,-0.10005040322580645,ALIGNED
SCN_001,402,13.3667,TRACKING,297.0,225.0,320.0,240.0,-23.0,-15.0,-0.14375,-0.09375,0.0013020833333333426,0.006300403225806453,0.001041666666666674,0.005040322580645163,-0.14401041666666667,-0.0950100806451613,ALIGNED
SCN_001,403,13.4,TRACKING,298.0,225.0,320.0,240.0,-22.0,-15.0,-0.1375,-0.09375,0.006510416666666657,0.0012600806451612961,0.005208333333333326,0.001008064516129037,-0.13880208333333335,-0.09400201612903226,ALIGNED
SCN_001,404,13.4333,TRACKING,298.0,225.0,320.0,240.0,-22.0,-15.0,-0.1375,-0.09375,0.0013020833333333426,0.0002520161290322648,0.001041666666666674,0.00020161290322581185,-0.1377604166666667,-0.09380040322580645,ALIGNED
SCN_001,405,13.4667,TRACKING,299.0,226.0,320.0,240.0,-21.0,-14.0,-0.13125,-0.0875,0.006510416666666685,0.006300403225806453,0.005208333333333349,0.005040322580645163,-0.13255208333333335,-0.08876008064516129,ALIGNED
SCN_001,406,13.5,TRACKING,299.0,226.0,320.0,240.0,-21.0,-14.0,-0.13125,-0.0875,0.0013020833333333426,0.0012600806451612961,0.001041666666666674,0.001008064516129037,-0.13151041666666669,-0.08775201612903226,ALIGNED
SCN_001,407,13.5333,TRACKING,300.0,226.0,320.0,240.0,-20.0,-14.0,-0.125,-0.0875,0.006510416666666685,0.0002520161290322648,0.005208333333333349,0.00020161290322581185,-0.12630208333333334,-0.08755040322580644,ALIGNED
SCN_001,408,13.5667,TRACKING,300.0,227.0,320.0,240.0,-20.0,-13.0,-0.125,-0.08125,0.0013020833333333426,0.006300403225806439,0.001041666666666674,0.005040322580645152,-0.12526041666666668,-0.08251008064516129,ALIGNED
SCN_001,409,13.6,TRACKING,301.0,227.0,320.0,240.0,-19.0,-13.0,-0.11875,-0.08125,0.006510416666666685,0.0012600806451612823,0.005208333333333349,0.001008064516129026,-0.12005208333333334,-0.08150201612903225,ALIGNED
SCN_001,410,13.6333,TRACKING,301.0,227.0,320.0,240.0,-19.0,-13.0,-0.11875,-0.08125,0.0013020833333333426,0.0002520161290322509,0.001041666666666674,0.00020161290322580073,-0.11901041666666666,-0.08130040322580645,ALIGNED
SCN_001,411,13.6667,TRACKING,302.0,228.0,320.0,240.0,-18.0,-12.0,-0.1125,-0.07500000000000001,0.006510416666666657,0.006300403225806439,0.005208333333333326,0.005040322580645152,-0.11380208333333333,-0.0762600806451613,ALIGNED
SCN_001,412,13.7,TRACKING,302.0,228.0,320.0,240.0,-18.0,-12.0,-0.1125,-0.07500000000000001,0.0013020833333333287,0.0012600806451612823,0.001041666666666663,0.001008064516129026,-0.11276041666666667,-0.07525201612903226,ALIGNED
SCN_001,413,13.7333,TRACKING,303.0,228.0,320.0,240.0,-17.0,-12.0,-0.10625,-0.07500000000000001,0.006510416666666671,0.0002520161290322509,0.005208333333333337,0.00020161290322580073,-0.10755208333333333,-0.07505040322580646,ALIGNED
SCN_001,414,13.7667,TRACKING,303.0,229.0,320.0,240.0,-17.0,-11.0,-0.10625,-0.06874999999999999,0.0013020833333333287,0.006300403225806467,0.001041666666666663,0.005040322580645174,-0.10651041666666666,-0.07001008064516129,ALIGNED
SCN_001,415,13.8,TRACKING,304.0,229.0,320.0,240.0,-16.0,-11.0,-0.1,-0.06874999999999999,0.006510416666666657,0.0012600806451612961,0.005208333333333326,0.001008064516129037,-0.10130208333333333,-0.06900201612903226,ALIGNED
SCN_001,416,13.8333,TRACKING,304.0,229.0,320.0,240.0,-16.0,-11.0,-0.1,-0.06874999999999999,0.0013020833333333287,0.0002520161290322648,0.001041666666666663,0.00020161290322581185,-0.10026041666666667,-0.06880040322580644,ALIGNED
SCN_001,417,13.8667,TRACKING,305.0,230.0,320.0,240.0,-15.0,-10.0,-0.09375,-0.0625,0.006510416666666671,0.006300403225806439,0.005208333333333337,0.005040322580645152,-0.09505208333333333,-0.06376008064516128,ALIGNED
SCN_001,418,13.9,TRACKING,305.0,230.0,320.0,240.0,-15.0,-10.0,-0.09375,-0.0625,0.0013020833333333287,0.0012600806451612823,0.001041666666666663,0.001008064516129026,-0.09401041666666667,-0.06275201612903225,ALIGNED
SCN_001,419,13.9333,TRACKING,306.0,230.0,320.0,240.0,-14.0,-10.0,-0.0875,-0.0625,0.006510416666666671,0.0002520161290322509,0.005208333333333337,0.00020161290322580073,-0.08880208333333332,-0.06255040322580645,ALIGNED
SCN_001,420,13.9667,TRACKING,306.0,231.0,320.0,240.0,-14.0,-9.0,-0.0875,-0.056249999999999994,0.0013020833333333287,0.006300403225806453,0.001041666666666663,0.005040322580645163,-0.08776041666666666,-0.057510080645161284,ALIGNED
SCN_001,421,14.0,TRACKING,307.0,231.0,320.0,240.0,-13.0,-9.0,-0.08125,-0.056249999999999994,0.006510416666666657,0.0012600806451612892,0.005208333333333326,0.0010080645161290314,-0.08255208333333333,-0.05650201612903225,ALIGNED
SCN_001,422,14.0333,TRACKING,307.0,231.0,320.0,240.0,-13.0,-9.0,-0.08125,-0.056249999999999994,0.0013020833333333287,0.00025201612903225784,0.001041666666666663,0.0002016129032258063,-0.08151041666666667,-0.05630040322580645,ALIGNED
SCN_001,423,14.0667,TRACKING,308.0,232.0,320.0,240.0,-12.0,-8.0,-0.075,-0.05,0.006510416666666671,0.006300403225806446,0.005208333333333337,0.005040322580645157,-0.07630208333333333,-0.05126008064516129,ALIGNED
SCN_001,424,14.1,TRACKING,308.0,232.0,320.0,240.0,-12.0,-8.0,-0.075,-0.05,0.0013020833333333287,0.0012600806451612892,0.001041666666666663,0.0010080645161290314,-0.07526041666666666,-0.05025201612903226,ALIGNED
SCN_001,425,14.1333,TRACKING,309.0,232.0,320.0,240.0,-11.0,-8.0,-0.06875,-0.05,0.006510416666666657,0.00025201612903225784,0.005208333333333326,0.0002016129032258063,-0.07005208333333333,-0.05005040322580646,ALIGNED
SCN_001,426,14.1667,TRACKING,309.0,233.0,320.0,240.0,-11.0,-7.0,-0.06875,-0.04375,0.0013020833333333287,0.00630040322580646,0.001041666666666663,0.005040322580645168,-0.06901041666666667,-0.045010080645161286,ALIGNED
SCN_001,427,14.2,TRACKING,309.0,233.0,320.0,240.0,-11.0,-7.0,-0.06875,-0.04375,0.00026041666666666574,0.0012600806451612892,0.00020833333333333261,0.0010080645161290314,-0.06880208333333333,-0.044002016129032255,ALIGNED
SCN_001,428,14.2333,TRACKING,310.0,233.0,320.0,240.0,-10.0,-7.0,-0.0625,-0.04375,0.006302083333333333,0.00025201612903225784,0.0050416666666666665,0.0002016129032258063,-0.06376041666666667,-0.04380040322580645,ALIGNED
SCN_001,429,14.2667,TRACKING,310.0,234.0,320.0,240.0,-10.0,-6.0,-0.0625,-0.037500000000000006,0.0012604166666666666,0.006300403225806446,0.0010083333333333333,0.005040322580645157,-0.06275208333333333,-0.038760080645161295,ALIGNED
SCN_001,430,14.3,TRACKING,311.0,234.0,320.0,240.0,-9.0,-6.0,-0.05625,-0.037500000000000006,0.006502083333333332,0.0012600806451612892,0.005201666666666666,0.0010080645161290314,-0.057550416666666666,-0.03775201612903226,ALIGNED
SCN_001,431,14.3333,TRACKING,311.0,234.0,320.0,240.0,-9.0,-6.0,-0.05625,-0.037500000000000006,0.001300416666666665,0.00025201612903225784,0.0010403333333333321,0.0002016129032258063,-0.056510083333333336,-0.03755040322580646,ALIGNED
SCN_001,432,14.3667,TRACKING,312.0,235.0,320.0,240.0,-8.0,-5.0,-0.05,-0.03125,0.006510083333333333,0.00630040322580646,0.005208066666666667,0.005040322580645168,-0.05130201666666667,-0.03251008064516129,ALIGNED
SCN_001,433,14.4,TRACKING,312.0,235.0,320.0,240.0,-8.0,-5.0,-0.05,-0.03125,0.0013020166666666694,0.0012600806451612892,0.0010416133333333356,0.0010080645161290314,-0.050260403333333335,-0.03150201612903226,ALIGNED
SCN_001,434,14.4333,TRACKING,313.0,235.0,320.0,240.0,-7.0,-5.0,-0.04375,-0.03125,0.006510403333333338,0.00025201612903225784,0.005208322666666671,0.0002016129032258063,-0.04505208066666666,-0.031300403225806454,ALIGNED
SCN_001,435,14.4667,TRACKING,313.0,236.0,320.0,240.0,-7.0,-4.0,-0.04375,-0.025,0.0013020806666666634,0.006300403225806453,0.0010416645333333307,0.005040322580645163,-0.04401041613333333,-0.02626008064516129,ALIGNED
SCN_001,436,14.5,TRACKING,314.0,236.0,320.0,240.0,-6.0,-4.0,-0.0375,-0.025,0.0065104161333333285,0.0012600806451612892,0.005208332906666663,0.0010080645161290314,-0.038802083226666666,-0.02525201612903226,ALIGNED
SCN_001,437,14.5333,TRACKING,314.0,236.0,320.0,240.0,-6.0,-4.0,-0.0375,-0.025,0.001302083226666667,0.00025201612903225784,0.0010416665813333338,0.0002016129032258063,-0.03776041664533333,-0.025050403225806452,ALIGNED
SCN_001,438,14.5667,TRACKING,315.0,237.0,320.0,240.0,-5.0,-3.0,-0.03125,-0.018750000000000003,0.006510416645333333,0.0063004032258064495,0.005208333316266667,0.00504032258064516,-0.032552083329066665,-0.020010080645161292,ALIGNED
SCN_001,439,14.6,TRACKING,315.0,237.0,320.0,240.0,-5.0,-3.0,-0.03125,-0.018750000000000003,0.0013020833290666653,0.0012600806451612892,0.0010416666632533324,0.0010080645161290314,-0.031510416665813334,-0.01900201612903226,ALIGNED
SCN_001,440,14.6333,TRACKING,316.0,237.0,320.0,240.0,-4.0,-3.0,-0.025,-0.018750000000000003,0.006510416665813333,0.00025201612903225784,0.0052083333326506664,0.0002016129032258063,-0.026302083333162668,-0.018800403225806454,ALIGNED
SCN_001,441,14.6667,TRACKING,316.0,238.0,320.0,240.0,-4.0,-2.0,-0.025,-0.0125,0.0013020833331626666,0.006300403225806453,0.0010416666665301333,0.005040322580645163,-0.025260416666632535,-0.01376008064516129,ALIGNED
SCN_001,442,14.7,TRACKING,317.0,238.0,320.0,240.0,-3.0,-2.0,-0.01875,-0.0125,0.006510416666632535,0.0012600806451612892,0.0052083333333060285,0.0010080645161290314,-0.020052083333326507,-0.012752016129032259,ALIGNED
SCN_001,443,14.7333,TRACKING,317.0,238.0,320.0,240.0,-3.0,-2.0,-0.01875,-0.0125,0.0013020833333265078,0.00025201612903225784,0.0010416666666612062,0.0002016129032258063,-0.0190104166666653,-0.012550403225806452,ALIGNED
SCN_001,444,14.7667,TRACKING,318.0,239.0,320.0,240.0,-2.0,-1.0,-0.0125,-0.00625,0.006510416666665301,0.006300403225806451,0.005208333333332241,0.005040322580645161,-0.01380208333333306,-0.00751008064516129,ALIGNED
SCN_001,445,14.8,TRACKING,318.0,239.0,320.0,240.0,-2.0,-1.0,-0.0125,-0.00625,0.0013020833333330598,0.00126008064516129,0.0010416666666664479,0.001008064516129032,-0.012760416666666613,-0.006502016129032258,ALIGNED
SCN_001,446,14.8333,TRACKING,319.0,239.0,320.0,240.0,-1.0,-1.0,-0.00625,-0.00625,0.006510416666666612,0.00025201612903225784,0.0052083333333332905,0.0002016129032258063,-0.007552083333333322,-0.006300403225806452,ALIGNED
SCN_001,447,14.8667,TRACKING,319.0,240.0,320.0,240.0,-1.0,0.0,-0.00625,0.0,0.0013020833333333218,0.006300403225806452,0.0010416666666666575,0.005040322580645162,-0.006510416666666664,-0.00126008064516129,ALIGNED
SCN_001,448,14.9,TRACKING,320.0,240.0,320.0,240.0,0.0,0.0,0.0,0.0,0.006510416666666664,0.00126008064516129,0.005208333333333332,0.001008064516129032,-0.0013020833333333322,-0.00025201612903225806,ALIGNED
SCN_001,449,14.9333,TRACKING,320.0,240.0,320.0,240.0,0.0,0.0,0.0,0.0,0.0013020833333333322,0.00025201612903225806,0.0010416666666666658,0.00020161290322580645,-0.0002604166666666664,-5.0403225806451606e-05,ALIGNED
SCN_001,450,14.9667,TRACKING,321.0,241.0,320.0,240.0,1.0,1.0,0.00625,0.00625,0.006510416666666667,0.006300403225806452,0.005208333333333334,0.005040322580645162,0.004947916666666667,0.00498991935483871,ALIGNED
SCN_001,451,15.0,TRACKING,321.0,241.0,320.0,240.0,1.0,1.0,0.00625,0.00625,0.001302083333333333,0.00126008064516129,0.0010416666666666664,0.001008064516129032,0.005989583333333334,0.0059979838709677425,ALIGNED
SCN_001,452,15.0333,TRACKING,322.0,241.0,320.0,240.0,2.0,1.0,0.0125,0.00625,0.006510416666666667,0.00025201612903225784,0.005208333333333334,0.0002016129032258063,0.011197916666666669,0.006199596774193549,ALIGNED
SCN_001,453,15.0667,TRACKING,322.0,242.0,320.0,240.0,2.0,2.0,0.0125,0.0125,0.0013020833333333322,0.006300403225806452,0.0010416666666666658,0.005040322580645162,0.012239583333333335,0.011239919354838711,ALIGNED
SCN_001,454,15.1,TRACKING,323.0,242.0,320.0,240.0,3.0,2.0,0.01875,0.0125,0.006510416666666664,0.0012600806451612892,0.005208333333333332,0.0010080645161290314,0.017447916666666667,0.012247983870967743,ALIGNED
SCN_001,455,15.1333,TRACKING,323.0,242.0,320.0,240.0,3.0,2.0,0.01875,0.0125,0.0013020833333333322,0.00025201612903225784,0.0010416666666666658,0.0002016129032258063,0.018489583333333334,0.01244959677419355,ALIGNED
SCN_001,456,15.1667,TRACKING,324.0,243.0,320.0,240.0,4.0,3.0,0.025,0.018750000000000003,0.006510416666666668,0.006300403225806453,0.005208333333333335,0.005040322580645163,0.02369791666666667,0.017489919354838714,ALIGNED
SCN_001,457,15.2,TRACKING,324.0,243.0,320.0,240.0,4.0,3.0,0.025,0.018750000000000003,0.0013020833333333322,0.0012600806451612892,0.0010416666666666658,0.0010080645161290314,0.024739583333333336,0.018497983870967745,ALIGNED
SCN_001,458,15.2333,TRACKING,325.0,243.0,320.0,240.0,5.0,3.0,0.03125,0.018750000000000003,0.006510416666666664,0.00025201612903225784,0.005208333333333332,0.0002016129032258063,0.029947916666666668,0.018699596774193552,ALIGNED
SCN_001,459,15.2667,TRACKING,325.0,244.0,320.0,240.0,5.0,4.0,0.03125,0.025,0.0013020833333333322,0.0063004032258064495,0.0010416666666666658,0.00504032258064516,0.030989583333333334,0.023739919354838712,ALIGNED
SCN_001,460,15.3,TRACKING,326.0,244.0,320.0,240.0,6.0,4.0,0.0375,0.025,0.006510416666666664,0.0012600806451612892,0.005208333333333332,0.0010080645161290314,0.03619791666666666,0.024747983870967744,ALIGNED
SCN_001,461,15.3333,TRACKING,326.0,244.0,320.0,240.0,6.0,4.0,0.0375,0.025,0.0013020833333333356,0.00025201612903225784,0.0010416666666666686,0.0002016129032258063,0.03723958333333333,0.02494959677419355,ALIGNED
SCN_001,462,15.3667,TRACKING,327.0,245.0,320.0,240.0,7.0,5.0,0.04375,0.03125,0.006510416666666664,0.0063004032258064495,0.005208333333333332,0.00504032258064516,0.04244791666666667,0.02998991935483871,ALIGNED
SCN_001,463,15.4,TRACKING,327.0,245.0,320.0,240.0,7.0,5.0,0.04375,0.03125,0.0013020833333333287,0.0012600806451612892,0.001041666666666663,0.0010080645161290314,0.04348958333333333,0.030997983870967742,ALIGNED
SCN_001,464,15.4333,TRACKING,328.0,245.0,320.0,240.0,8.0,5.0,0.05,0.03125,0.006510416666666671,0.00025201612903225784,0.005208333333333337,0.0002016129032258063,0.04869791666666667,0.03119959677419355,ALIGNED
SCN_001,465,15.4667,TRACKING,328.0,246.0,320.0,240.0,8.0,6.0,0.05,0.037500000000000006,0.0013020833333333356,0.006300403225806456,0.0010416666666666686,0.0050403225806451655,0.04973958333333334,0.036239919354838716,ALIGNED
SCN_001,466,15.5,TRACKING,329.0,246.0,320.0,240.0,9.0,6.0,0.05625,0.037500000000000006,0.006510416666666664,0.0012600806451612892,0.005208333333333332,0.0010080645161290314,0.054947916666666666,0.03724798387096775,ALIGNED
SCN_001,467,15.5333,TRACKING,329.0,246.0,320.0,240.0,9.0,6.0,0.05625,0.037500000000000006,0.0013020833333333356,0.00025201612903225784,0.0010416666666666686,0.0002016129032258063,0.055989583333333336,0.03744959677419355,ALIGNED
SCN_001,468,15.5667,TRACKING,330.0,247.0,320.0,240.0,10.0,7.0,0.0625,0.04375,0.006510416666666664,0.006300403225806446,0.005208333333333332,0.005040322580645157,0.06119791666666667,0.04248991935483871,ALIGNED
SCN_001,469,15.6,TRACKING,330.0,247.0,320.0,240.0,10.0,7.0,0.0625,0.04375,0.0013020833333333287,0.0012600806451612892,0.001041666666666663,0.0010080645161290314,0.062239583333333334,0.04349798387096774,ALIGNED
SCN_001,470,15.6333,TRACKING,331.0,247.0,320.0,240.0,11.0,7.0,0.06875,0.04375,0.006510416666666671,0.00025201612903225784,0.005208333333333337,0.0002016129032258063,0.06744791666666668,0.04369959677419354,ALIGNED
SCN_001,471,15.6667,TRACKING,331.0,248.0,320.0,240.0,11.0,8.0,0.06875,0.05,0.0013020833333333287,0.00630040322580646,0.001041666666666663,0.005040322580645168,0.06848958333333334,0.048739919354838714,ALIGNED
SCN_001,472,15.7,TRACKING,332.0,248.0,320.0,240.0,12.0,8.0,0.075,0.05,0.006510416666666657,0.0012600806451612892,0.005208333333333326,0.0010080645161290314,0.07369791666666667,0.049747983870967745,ALIGNED
SCN_001,473,15.7333,TRACKING,332.0,248.0,320.0,240.0,12.0,8.0,0.075,0.05,0.0013020833333333287,0.00025201612903225784,0.001041666666666663,0.0002016129032258063,0.07473958333333333,0.04994959677419355,ALIGNED
SCN_001,474,15.7667,TRACKING,332.0,249.0,320.0,240.0,12.0,9.0,0.075,0.056249999999999994,0.00026041666666666574,0.006300403225806446,0.00020833333333333261,0.005040322580645157,0.07494791666666667,0.054989919354838705,ALIGNED
SCN_001,475,15.8,TRACKING,333.0,249.0,320.0,240.0,13.0,9.0,0.08125,0.056249999999999994,0.006302083333333333,0.0012600806451612892,0.0050416666666666665,0.0010080645161290314,0.07998958333333334,0.05599798387096774,ALIGNED
SCN_001,476,15.8333,TRACKING,333.0,249.0,320.0,240.0,13.0,9.0,0.08125,0.056249999999999994,0.0012604166666666666,0.00025201612903225784,0.0010083333333333333,0.0002016129032258063,0.08099791666666667,0.05619959677419354,ALIGNED
SCN_001,477,15.8667,TRACKING,334.0,250.0,320.0,240.0,14.0,10.0,0.0875,0.0625,0.006502083333333325,0.00630040322580646,0.00520166666666666,0.005040322580645168,0.08619958333333333,0.06123991935483871,ALIGNED
SCN_001,478,15.9,TRACKING,334.0,250.0,320.0,240.0,14.0,10.0,0.0875,0.0625,0.001300416666666665,0.0012600806451612892,0.0010403333333333321,0.0010080645161290314,0.08723991666666667,0.06224798387096774,ALIGNED
SCN_001,479,15.9333,TRACKING,335.0,251.0,320.0,240.0,15.0,11.0,0.09375,0.06874999999999999,0.006510083333333333,0.0065020161290322495,0.005208066666666667,0.0052016129032258,0.09244798333333333,0.06744959677419354,ALIGNED
SCN_001,480,15.9667,TRACKING,335.0,251.0,320.0,240.0,15.0,11.0,0.09375,0.06874999999999999,0.0013020166666666694,0.0013004032258064485,0.0010416133333333356,0.001040322580645159,0.09348959666666666,0.0684899193548387,ALIGNED
SCN_001,481,16.0,TRACKING,336.0,251.0,320.0,240.0,16.0,11.0,0.1,0.06874999999999999,0.006510403333333345,0.00026008064516129525,0.005208322666666676,0.0002080645161290362,0.09869791933333334,0.06869798387096773,ALIGNED
SCN_001,482,16.0333,TRACKING,336.0,252.0,320.0,240.0,16.0,12.0,0.1,0.07500000000000001,0.0013020806666666634,0.0063020161290322785,0.0010416645333333307,0.005041612903225823,0.09973958386666668,0.07373959677419356,ALIGNED
SCN_001,483,16.0667,TRACKING,337.0,252.0,320.0,240.0,17.0,12.0,0.10625,0.07500000000000001,0.006510416133333322,0.0012604032258064501,0.005208332906666658,0.00100832258064516,0.10494791677333333,0.07474791935483872,ALIGNED
SCN_001,484,16.1,TRACKING,337.0,252.0,320.0,240.0,17.0,12.0,0.10625,0.07500000000000001,0.001302083226666667,0.00025208064516128725,0.0010416665813333338,0.00020166451612902981,0.10598958335466667,0.07494958387096776,ALIGNED
SCN_001,485,16.1333,TRACKING,338.0,253.0,320.0,240.0,18.0,13.0,0.1125,0.08125,0.006510416645333333,0.006300416129032246,0.005208333316266667,0.005040332903225798,0.11119791667093333,0.07998991677419355,ALIGNED
SCN_001,486,16.1667,TRACKING,338.0,253.0,320.0,240.0,18.0,13.0,0.1125,0.08125,0.0013020833290666722,0.001260083225806452,0.0010416666632533378,0.0010080665806451617,0.11223958333418667,0.08099798335483871,ALIGNED
SCN_001,487,16.2,TRACKING,339.0,253.0,320.0,240.0,19.0,13.0,0.11875,0.08125,0.006510416665813326,0.0002520166451612932,0.005208333332650661,0.00020161331612903455,0.11744791666683733,0.08119959667096774,ALIGNED
SCN_001,488,16.2333,TRACKING,339.0,254.0,320.0,240.0,19.0,14.0,0.11875,0.0875,0.0013020833331626597,0.006300403329032256,0.0010416666665301279,0.005040322663225805,0.11848958333336747,0.08623991933419355,ALIGNED
SCN_001,489,16.2667,TRACKING,340.0,254.0,320.0,240.0,20.0,14.0,0.125,0.0875,0.006510416666632532,0.0012600806658064484,0.005208333333306026,0.0010080645326451588,0.1236979166666735,0.0872479838668387,ALIGNED
SCN_001,490,16.3,TRACKING,340.0,254.0,320.0,240.0,20.0,14.0,0.125,0.0875,0.0013020833333265008,0.00025201613316129523,0.0010416666666612008,0.00020161290652903618,0.1247395833333347,0.08744959677336774,ALIGNED
SCN_001,491,16.3333,TRACKING,341.0,255.0,320.0,240.0,21.0,15.0,0.13125,0.09375,0.006510416666665311,0.006300403226632265,0.00520833333333225,0.005040322581305812,0.12994791666666694,0.09248991935467354,ALIGNED
SCN_001,492,16.3667,TRACKING,341.0,255.0,320.0,240.0,21.0,15.0,0.13125,0.09375,0.001302083333333065,0.0012600806453264557,0.001041666666666452,0.0010080645162611646,0.13098958333333338,0.0934979838709347,ALIGNED
SCN_001,493,16.4,TRACKING,342.0,255.0,320.0,240.0,22.0,15.0,0.1375,0.09375,0.00651041666666663,0.0002520161290652939,0.005208333333333304,0.00020161290325223515,0.1361979166666667,0.09369959677418695,ALIGNED
SCN_001,494,16.4333,TRACKING,342.0,256.0,320.0,240.0,22.0,16.0,0.1375,0.1,0.0013020833333333148,0.006300403225813059,0.001041666666666652,0.005040322580650448,0.13723958333333336,0.09873991935483739,ALIGNED
SCN_001,495,16.4667,TRACKING,343.0,256.0,320.0,240.0,23.0,16.0,0.14375,0.1,0.00651041666666663,0.0012600806451626145,0.005208333333333304,0.0010080645161300917,0.14244791666666667,0.09974798387096748,ALIGNED
SCN_001,496,16.5,TRACKING,343.0,256.0,320.0,240.0,23.0,16.0,0.14375,0.1,0.0013020833333333148,0.00025201612903252846,0.001041666666666652,0.00020161290322602278,0.14348958333333334,0.0999495967741935,ALIGNED
SCN_001,497,16.5333,TRACKING,344.0,257.0,320.0,240.0,24.0,17.0,0.15,0.10625,0.006510416666666657,0.006300403225806495,0.005208333333333326,0.005040322580645196,0.14869791666666665,0.1049899193548387,ALIGNED
SCN_001,498,16.5667,TRACKING,344.0,257.0,320.0,240.0,24.0,17.0,0.15,0.10625,0.0013020833333333426,0.0012600806451612961,0.001041666666666674,0.001008064516129037,0.14973958333333331,0.10599798387096773,ALIGNED
SCN_001,499,16.6,TRACKING,345.0,257.0,320.0,240.0,25.0,17.0,0.15625,0.10625,0.006510416666666685,0.0002520161290322648,0.005208333333333349,0.00020161290322581185,0.15494791666666666,0.10619959677419355,ALIGNED
SCN_001,500,16.6333,TRACKING,345.0,258.0,320.0,240.0,25.0,18.0,0.15625,0.11249999999999999,0.0013020833333333426,0.006300403225806439,0.001041666666666674,0.005040322580645152,0.15598958333333332,0.1112399193548387,ALIGNED
SCN_001,501,16.6667,TRACKING,346.0,258.0,320.0,240.0,26.0,18.0,0.1625,0.11249999999999999,0.006510416666666685,0.0012600806451612823,0.005208333333333349,0.001008064516129026,0.16119791666666666,0.11224798387096774,ALIGNED
SCN_001,502,16.7,TRACKING,346.0,258.0,320.0,240.0,26.0,18.0,0.1625,0.11249999999999999,0.0013020833333333426,0.0002520161290322509,0.001041666666666674,0.00020161290322580073,0.16223958333333333,0.11244959677419354,ALIGNED
SCN_001,503,16.7333,TRACKING,347.0,259.0,320.0,240.0,27.0,19.0,0.16875,0.11875,0.006510416666666685,0.006300403225806453,0.005208333333333349,0.005040322580645163,0.16744791666666667,0.1174899193548387,ALIGNED
SCN_001,504,16.7667,TRACKING,347.0,259.0,320.0,240.0,27.0,19.0,0.16875,0.11875,0.0013020833333333426,0.0012600806451612961,0.001041666666666674,0.001008064516129037,0.16848958333333333,0.11849798387096773,ALIGNED
SCN_001,505,16.8,TRACKING,348.0,259.0,320.0,240.0,28.0,19.0,0.175,0.11875,0.006510416666666657,0.0002520161290322648,0.005208333333333326,0.00020161290322581185,0.17369791666666665,0.11869959677419355,ALIGNED
SCN_001,506,16.8333,TRACKING,348.0,260.0,320.0,240.0,28.0,20.0,0.175,0.125,0.0013020833333333426,0.006300403225806453,0.001041666666666674,0.005040322580645163,0.1747395833333333,0.1237399193548387,ALIGNED
SCN_001,507,16.8667,TRACKING,349.0,260.0,320.0,240.0,29.0,20.0,0.18125,0.125,0.006510416666666685,0.0012600806451612961,0.005208333333333349,0.001008064516129037,0.17994791666666665,0.12474798387096774,ALIGNED
SCN_001,508,16.9,TRACKING,349.0,260.0,320.0,240.0,29.0,20.0,0.18125,0.125,0.0013020833333333426,0.0002520161290322648,0.001041666666666674,0.00020161290322581185,0.18098958333333331,0.12494959677419355,ALIGNED
SCN_001,509,16.9333,TRACKING,350.0,261.0,320.0,240.0,30.0,21.0,0.1875,0.13124999999999998,0.006510416666666685,0.006300403225806425,0.005208333333333349,0.00504032258064514,0.18619791666666666,0.1299899193548387,ALIGNED
SCN_001,510,16.9667,TRACKING,350.0,261.0,320.0,240.0,30.0,21.0,0.1875,0.13124999999999998,0.0013020833333333426,0.0012600806451612823,0.001041666666666674,0.001008064516129026,0.18723958333333332,0.13099798387096773,ALIGNED
SCN_001,511,17.0,TRACKING,351.0,261.0,320.0,240.0,31.0,21.0,0.19375,0.13124999999999998,0.006510416666666685,0.0002520161290322509,0.005208333333333349,0.00020161290322580073,0.19244791666666666,0.13119959677419352,ALIGNED
SCN_001,512,17.0333,TRACKING,351.0,262.0,320.0,240.0,31.0,22.0,0.19375,0.13749999999999998,0.0013020833333333426,0.006300403225806467,0.001041666666666674,0.005040322580645174,0.19348958333333333,0.1362399193548387,ALIGNED
SCN_001,513,17.0667,TRACKING,352.0,262.0,320.0,240.0,32.0,22.0,0.2,0.13749999999999998,0.006510416666666685,0.0012600806451612823,0.005208333333333349,0.001008064516129026,0.19869791666666667,0.13724798387096773,ALIGNED
SCN_001,514,17.1,TRACKING,352.0,262.0,320.0,240.0,32.0,22.0,0.2,0.13749999999999998,0.0013020833333333426,0.0002520161290322509,0.001041666666666674,0.00020161290322580073,0.19973958333333333,0.13744959677419352,ALIGNED
SCN_001,515,17.1333,TRACKING,353.0,263.0,320.0,240.0,33.0,23.0,0.20625,0.14375000000000002,0.006510416666666657,0.006300403225806495,0.005208333333333326,0.005040322580645196,0.20494791666666665,0.1424899193548387,ALIGNED
SCN_001,516,17.1667,TRACKING,353.0,263.0,320.0,240.0,33.0,23.0,0.20625,0.14375000000000002,0.0013020833333333426,0.00126008064516131,0.001041666666666674,0.001008064516129048,0.2059895833333333,0.14349798387096777,ALIGNED
SCN_001,517,17.2,TRACKING,354.0,263.0,320.0,240.0,34.0,23.0,0.2125,0.14375000000000002,0.006510416666666685,0.0002520161290322509,0.005208333333333349,0.00020161290322580073,0.21119791666666665,0.14369959677419356,ALIGNED
SCN_001,518,17.2333,TRACKING,354.0,264.0,320.0,240.0,34.0,24.0,0.2125,0.15000000000000002,0.0013020833333333426,0.006300403225806467,0.001041666666666674,0.005040322580645174,0.21223958333333331,0.14873991935483874,ALIGNED
SCN_001,519,17.2667,TRACKING,355.0,264.0,320.0,240.0,35.0,24.0,0.21875,0.15000000000000002,0.006510416666666685,0.0012600806451612823,0.005208333333333349,0.001008064516129026,0.21744791666666666,0.14974798387096777,ALIGNED
SCN_001,520,17.3,TRACKING,355.0,264.0,320.0,240.0,35.0,24.0,0.21875,0.15000000000000002,0.0013020833333333426,0.0002520161290322509,0.001041666666666674,0.00020161290322580073,0.21848958333333332,0.14994959677419356,ALIGNED
SCN_001,521,17.3333,TRACKING,355.0,265.0,320.0,240.0,35.0,25.0,0.21875,0.15625,0.0002604166666666796,0.006300403225806439,0.0002083333333333437,0.005040322580645152,0.21869791666666666,0.15498991935483872,ALIGNED
SCN_001,522,17.3667,TRACKING,356.0,265.0,320.0,240.0,36.0,25.0,0.225,0.15625,0.006302083333333347,0.0012600806451612823,0.005041666666666678,0.001008064516129026,0.22373958333333333,0.15599798387096775,ALIGNED
SCN_001,523,17.4,TRACKING,356.0,265.0,320.0,240.0,36.0,25.0,0.225,0.15625,0.0012604166666666805,0.0002520161290322509,0.0010083333333333444,0.00020161290322580073,0.22474791666666666,0.15619959677419354,ALIGNED
SCN_001,524,17.4333,TRACKING,357.0,266.0,320.0,240.0,37.0,26.0,0.23125,0.1625,0.006502083333333353,0.006300403225806467,0.0052016666666666826,0.005040322580645174,0.22994958333333335,0.16123991935483872,ALIGNED
SCN_001,525,17.4667,TRACKING,357.0,266.0,320.0,240.0,37.0,26.0,0.23125,0.1625,0.001300416666666665,0.0012600806451612823,0.0010403333333333321,0.001008064516129026,0.23098991666666668,0.16224798387096775,ALIGNED
SCN_001,526,17.5,TRACKING,358.0,266.0,320.0,240.0,38.0,26.0,0.2375,0.1625,0.006510083333333305,0.0002520161290322509,0.0052080666666666445,0.00020161290322580073,0.23619798333333333,0.16244959677419354,ALIGNED
SCN_001,527,17.5333,TRACKING,358.0,267.0,320.0,240.0,38.0,27.0,0.2375,0.16875,0.0013020166666666555,0.006300403225806467,0.0010416133333333245,0.005040322580645174,0.23723959666666666,0.16748991935483873,ALIGNED
SCN_001,528,17.5667,TRACKING,359.0,267.0,320.0,240.0,39.0,27.0,0.24375,0.16875,0.006510403333333331,0.0012600806451612823,0.005208322666666665,0.001008064516129026,0.24244791933333332,0.16849798387096776,ALIGNED
SCN_001,529,17.6,TRACKING,359.0,267.0,320.0,240.0,39.0,27.0,0.24375,0.16875,0.0013020806666666773,0.0002520161290322509,0.001041664533333342,0.00020161290322580073,0.24348958386666666,0.16869959677419355,ALIGNED
SCN_001,530,17.6333,TRACKING,360.0,268.0,320.0,240.0,40.0,28.0,0.25,0.175,0.0065104161333333355,0.006300403225806439,0.005208332906666668,0.005040322580645152,0.24869791677333333,0.1737399193548387,ALIGNED
SCN_001,531,17.6667,TRACKING,360.0,268.0,320.0,240.0,40.0,28.0,0.25,0.175,0.001302083226666667,0.0012600806451612823,0.0010416665813333338,0.001008064516129026,0.24973958335466667,0.17474798387096774,ALIGNED
SCN_001,532,17.7,TRACKING,361.0,268.0,320.0,240.0,41.0,28.0,0.25625,0.175,0.006510416645333306,0.0002520161290322509,0.005208333316266645,0.00020161290322580073,0.2549479166709333,0.17494959677419353,ALIGNED
SCN_001,533,17.7333,TRACKING,361.0,269.0,320.0,240.0,41.0,29.0,0.25625,0.18125,0.0013020833290666722,0.006300403225806467,0.0010416666632533378,0.005040322580645174,0.25598958333418664,0.1799899193548387,ALIGNED
SCN_001,534,17.7667,TRACKING,362.0,269.0,320.0,240.0,42.0,29.0,0.2625,0.18125,0.006510416665813368,0.0012600806451612823,0.005208333332650694,0.001008064516129026,0.26119791666683734,0.18099798387096774,ALIGNED
SCN_001,535,17.8,TRACKING,362.0,269.0,320.0,240.0,42.0,29.0,0.2625,0.18125,0.0013020833331626736,0.0002520161290322509,0.001041666666530139,0.00020161290322580073,0.2622395833333675,0.18119959677419353,ALIGNED
SCN_001,536,17.8333,TRACKING,363.0,270.0,320.0,240.0,43.0,30.0,0.26875,0.1875,0.00651041666663249,0.006300403225806467,0.005208333333305993,0.005040322580645174,0.2674479166666735,0.18623991935483872,ALIGNED
SCN_001,537,17.8667,TRACKING,363.0,270.0,320.0,240.0,43.0,30.0,0.26875,0.1875,0.001302083333326487,0.0012600806451612823,0.0010416666666611897,0.001008064516129026,0.26848958333333467,0.18724798387096775,ALIGNED
SCN_001,538,17.9,TRACKING,364.0,270.0,320.0,240.0,44.0,30.0,0.275,0.1875,0.006510416666665353,0.0002520161290322509,0.005208333333332283,0.00020161290322580073,0.27369791666666693,0.18744959677419354,ALIGNED
SCN_001,539,17.9333,TRACKING,364.0,271.0,320.0,240.0,44.0,31.0,0.275,0.19375000000000003,0.0013020833333330928,0.006300403225806495,0.0010416666666664743,0.005040322580645196,0.2747395833333334,0.19248991935483872,ALIGNED
SCN_001,540,17.9667,TRACKING,365.0,271.0,320.0,240.0,45.0,31.0,0.28125,0.19375000000000003,0.006510416666666574,0.00126008064516131,0.005208333333333259,0.001008064516129048,0.2799479166666667,0.19349798387096778,ALIGNED
SCN_001,541,18.0,TRACKING,365.0,271.0,320.0,240.0,45.0,31.0,0.28125,0.19375000000000003,0.0013020833333333148,0.0002520161290322509,0.001041666666666652,0.00020161290322580073,0.28098958333333335,0.19369959677419357,ALIGNED
SCN_001,542,18.0333,TRACKING,366.0,272.0,320.0,240.0,46.0,32.0,0.2875,0.2,0.00651041666666663,0.006300403225806439,0.005208333333333304,0.005040322580645152,0.28619791666666666,0.19873991935483873,ALIGNED
SCN_001,543,18.0667,TRACKING,366.0,272.0,320.0,240.0,46.0,32.0,0.2875,0.2,0.0013020833333333148,0.0012600806451612823,0.001041666666666652,0.001008064516129026,0.2872395833333333,0.19974798387096776,ALIGNED
SCN_001,544,18.1,TRACKING,367.0,272.0,320.0,240.0,47.0,32.0,0.29375,0.2,0.006510416666666685,0.0002520161290322509,0.005208333333333349,0.00020161290322580073,0.2924479166666667,0.19994959677419355,ALIGNED
SCN_001,545,18.1333,TRACKING,367.0,273.0,320.0,240.0,47.0,33.0,0.29375,0.20625000000000002,0.0013020833333333148,0.006300403225806467,0.001041666666666652,0.005040322580645174,0.29348958333333336,0.20498991935483873,ALIGNED
SCN_001,546,18.1667,TRACKING,368.0,273.0,320.0,240.0,48.0,33.0,0.3,0.20625000000000002,0.00651041666666663,0.0012600806451612823,0.005208333333333304,0.001008064516129026,0.2986979166666667,0.20599798387096777,ALIGNED
SCN_001,547,18.2,TRACKING,368.0,273.0,320.0,240.0,48.0,33.0,0.3,0.20625000000000002,0.0013020833333333148,0.0002520161290322509,0.001041666666666652,0.00020161290322580073,0.29973958333333334,0.20619959677419356,ALIGNED
SCN_001,548,18.2333,TRACKING,369.0,274.0,320.0,240.0,49.0,34.0,0.30625,0.2125,0.006510416666666685,0.006300403225806439,0.005208333333333349,0.005040322580645152,0.3049479166666667,0.2112399193548387,ALIGNED
SCN_001,549,18.2667,TRACKING,369.0,274.0,320.0,240.0,49.0,34.0,0.30625,0.2125,0.0013020833333333148,0.0012600806451612823,0.001041666666666652,0.001008064516129026,0.30598958333333337,0.21224798387096774,ALIGNED
SCN_001,550,18.3,TRACKING,370.0,274.0,320.0,240.0,50.0,34.0,0.3125,0.2125,0.00651041666666663,0.0002520161290322509,0.005208333333333304,0.00020161290322580073,0.3111979166666667,0.21244959677419353,ALIGNED
SCN_001,551,18.3333,TRACKING,370.0,275.0,320.0,240.0,50.0,35.0,0.3125,0.21875,0.0013020833333333148,0.006300403225806467,0.001041666666666652,0.005040322580645174,0.31223958333333335,0.21748991935483872,ALIGNED
SCN_001,552,18.3667,TRACKING,371.0,275.0,320.0,240.0,51.0,35.0,0.31875,0.21875,0.00651041666666663,0.0012600806451612823,0.005208333333333304,0.001008064516129026,0.31744791666666666,0.21849798387096775,ALIGNED
SCN_001,553,18.4,TRACKING,371.0,275.0,320.0,240.0,51.0,35.0,0.31875,0.21875,0.0013020833333333148,0.0002520161290322509,0.001041666666666652,0.00020161290322580073,0.3184895833333333,0.21869959677419354,ALIGNED
SCN_001,554,18.4333,TRACKING,372.0,276.0,320.0,240.0,52.0,36.0,0.325,0.22499999999999998,0.006510416666666685,0.006300403225806439,0.005208333333333349,0.005040322580645152,0.3236979166666667,0.2237399193548387,ALIGNED
SCN_001,555,18.4667,TRACKING,372.0,276.0,320.0,240.0,52.0,36.0,0.325,0.22499999999999998,0.0013020833333333148,0.0012600806451612823,0.001041666666666652,0.001008064516129026,0.32473958333333336,0.22474798387096773,ALIGNED
SCN_001,556,18.5,TRACKING,373.0,276.0,320.0,240.0,53.0,36.0,0.33125,0.22499999999999998,0.00651041666666663,0.0002520161290322509,0.005208333333333304,0.00020161290322580073,0.3299479166666667,0.22494959677419352,ALIGNED
SCN_001,557,18.5333,TRACKING,373.0,277.0,320.0,240.0,53.0,37.0,0.33125,0.23125,0.0013020833333333148,0.006300403225806495,0.001041666666666652,0.005040322580645196,0.33098958333333334,0.2299899193548387,ALIGNED
SCN_001,558,18.5667,TRACKING,374.0,277.0,320.0,240.0,54.0,37.0,0.3375,0.23125,0.006510416666666685,0.00126008064516131,0.005208333333333349,0.001008064516129048,0.3361979166666667,0.23099798387096776,ALIGNED
SCN_001,559,18.6,TRACKING,374.0,277.0,320.0,240.0,54.0,37.0,0.3375,0.23125,0.0013020833333333148,0.0002520161290322509,0.001041666666666652,0.00020161290322580073,0.33723958333333337,0.23119959677419355,ALIGNED
SCN_001,560,18.6333,TRACKING,375.0,278.0,320.0,240.0,55.0,38.0,0.34375,0.2375,0.00651041666666663,0.006300403225806439,0.005208333333333304,0.005040322580645152,0.3424479166666667,0.2362399193548387,ALIGNED
SCN_001,561,18.6667,TRACKING,375.0,278.0,320.0,240.0,55.0,38.0,0.34375,0.2375,0.0013020833333333148,0.0012600806451612823,0.001041666666666652,0.001008064516129026,0.34348958333333335,0.23724798387096774,ALIGNED
SCN_001,562,18.7,TRACKING,376.0,278.0,320.0,240.0,56.0,38.0,0.35,0.2375,0.00651041666666663,0.0002520161290322509,0.005208333333333304,0.00020161290322580073,0.34869791666666666,0.23744959677419353,ALIGNED
SCN_001,563,18.7333,TRACKING,376.0,279.0,320.0,240.0,56.0,39.0,0.35,0.24375000000000002,0.0013020833333333148,0.006300403225806495,0.001041666666666652,0.005040322580645196,0.3497395833333333,0.2424899193548387,ALIGNED
SCN_001,564,18.7667,TRACKING,377.0,279.0,320.0,240.0,57.0,39.0,0.35625,0.24375000000000002,0.006510416666666685,0.00126008064516131,0.005208333333333349,0.001008064516129048,0.3549479166666667,0.24349798387096777,ALIGNED
SCN_001,565,18.8,TRACKING,377.0,279.0,320.0,240.0,57.0,39.0,0.35625,0.24375000000000002,0.0013020833333333148,0.0002520161290322509,0.001041666666666652,0.00020161290322580073,0.35598958333333336,0.24369959677419356,ALIGNED
SCN_001,566,18.8333,TRACKING,378.0,280.0,320.0,240.0,58.0,40.0,0.3625,0.25,0.00651041666666663,0.006300403225806439,0.005208333333333304,0.005040322580645152,0.3611979166666667,0.24873991935483872,ALIGNED
SCN_001,567,18.8667,TRACKING,378.0,280.0,320.0,240.0,58.0,40.0,0.3625,0.25,0.0013020833333333148,0.0012600806451612823,0.001041666666666652,0.001008064516129026,0.36223958333333334,0.24974798387096775,ALIGNED
SCN_001,568,18.9,TRACKING,378.0,280.0,320.0,240.0,58.0,40.0,0.3625,0.25,0.00026041666666665186,0.0002520161290322509,0.0002083333333333215,0.00020161290322580073,0.36244791666666665,0.24994959677419354,ALIGNED
SCN_001,569,18.9333,TRACKING,379.0,281.0,320.0,240.0,59.0,41.0,0.36875,0.25625,0.006302083333333375,0.006300403225806439,0.0050416666666667,0.005040322580645152,0.36748958333333337,0.25498991935483867,ALIGNED
SCN_001,570,18.9667,TRACKING,379.0,281.0,320.0,240.0,59.0,41.0,0.36875,0.25625,0.0012604166666666528,0.00126008064516131,0.0010083333333333222,0.001008064516129048,0.3684979166666667,0.2559979838709677,ALIGNED
SCN_001,571,19.0,TRACKING,380.0,281.0,320.0,240.0,60.0,41.0,0.375,0.25625,0.006502083333333297,0.0002520161290322509,0.005201666666666638,0.00020161290322580073,0.37369958333333336,0.2561995967741935,ALIGNED
SCN_001,572,19.0333,TRACKING,380.0,282.0,320.0,240.0,60.0,42.0,0.375,0.26249999999999996,0.0013004166666666372,0.006300403225806439,0.0010403333333333098,0.005040322580645152,0.3747399166666667,0.26123991935483865,ALIGNED
SCN_001,573,19.0667,TRACKING,381.0,282.0,320.0,240.0,61.0,42.0,0.38125,0.26249999999999996,0.006510083333333305,0.00126008064516131,0.0052080666666666445,0.001008064516129048,0.3799479833333333,0.2622479838709677,ALIGNED
SCN_001,574,19.1,TRACKING,381.0,282.0,320.0,240.0,61.0,42.0,0.38125,0.26249999999999996,0.0013020166666666833,0.0002520161290322509,0.0010416133333333466,0.00020161290322580073,0.38098959666666665,0.2624495967741935,ALIGNED
SCN_001,575,19.1333,TRACKING,382.0,283.0,320.0,240.0,62.0,43.0,0.3875,0.26875,0.006510403333333359,0.006300403225806495,0.005208322666666688,0.005040322580645196,0.38619791933333336,0.2674899193548387,ALIGNED
SCN_001,576,19.1667,TRACKING,382.0,283.0,320.0,240.0,62.0,43.0,0.3875,0.26875,0.0013020806666666496,0.00126008064516131,0.0010416645333333197,0.001008064516129048,0.3872395838666667,0.26849798387096774,ALIGNED
SCN_001,577,19.2,TRACKING,383.0,283.0,320.0,240.0,63.0,43.0,0.39375,0.26875,0.006510416133333308,0.0002520161290322509,0.005208332906666647,0.00020161290322580073,0.39244791677333335,0.2686995967741935,ALIGNED
SCN_001,578,19.2333,TRACKING,383.0,284.0,320.0,240.0,63.0,44.0,0.39375,0.27499999999999997,0.0013020832266666393,0.006300403225806439,0.0010416665813333115,0.005040322580645152,0.39348958335466666,0.27373991935483866,ALIGNED
SCN_001,579,19.2667,TRACKING,384.0,284.0,320.0,240.0,64.0,44.0,0.4,0.27499999999999997,0.006510416645333361,0.00126008064516131,0.005208333316266689,0.001008064516129048,0.39869791667093335,0.2747479838709677,ALIGNED
SCN_001,580,19.3,TRACKING,384.0,284.0,320.0,240.0,64.0,44.0,0.4,0.27499999999999997,0.0013020833290666722,0.0002520161290322509,0.0010416666632533378,0.00020161290322580073,0.3997395833341867,0.2749495967741935,ALIGNED
SCN_001,581,19.3333,TRACKING,385.0,285.0,320.0,240.0,65.0,45.0,0.40625,0.28125,0.006510416665813312,0.006300403225806495,0.00520833333265065,0.005040322580645196,0.4049479166668373,0.2799899193548387,ALIGNED
SCN_001,582,19.3667,TRACKING,385.0,285.0,320.0,240.0,65.0,45.0,0.40625,0.28125,0.0013020833331626736,0.00126008064516131,0.001041666666530139,0.001008064516129048,0.4059895833333675,0.28099798387096775,ALIGNED
SCN_001,583,19.4,TRACKING,386.0,285.0,320.0,240.0,66.0,45.0,0.4125,0.28125,0.00651041666663249,0.0002520161290322509,0.005208333333305993,0.00020161290322580073,0.4111979166666735,0.28119959677419354,ALIGNED
SCN_001,584,19.4333,TRACKING,386.0,286.0,320.0,240.0,66.0,46.0,0.4125,0.28750000000000003,0.001302083333326487,0.006300403225806495,0.0010416666666611897,0.005040322580645196,0.41223958333333466,0.2862399193548387,ALIGNED
SCN_001,585,19.4667,TRACKING,387.0,286.0,320.0,240.0,67.0,46.0,0.41875,0.28750000000000003,0.006510416666665353,0.00126008064516131,0.005208333333332283,0.001008064516129048,0.4174479166666669,0.2872479838709678,ALIGNED
SCN_001,586,19.5,TRACKING,387.0,286.0,320.0,240.0,67.0,46.0,0.41875,0.28750000000000003,0.0013020833333330928,0.0002520161290322509,0.0010416666666664743,0.00020161290322580073,0.4184895833333334,0.28744959677419357,ALIGNED
SCN_001,587,19.5333,TRACKING,388.0,287.0,320.0,240.0,68.0,47.0,0.425,0.29375,0.006510416666666574,0.006300403225806439,0.005208333333333259,0.005040322580645152,0.4236979166666667,0.2924899193548387,ALIGNED
SCN_001,588,19.5667,TRACKING,388.0,287.0,320.0,240.0,68.0,47.0,0.425,0.29375,0.0013020833333333148,0.00126008064516131,0.001041666666666652,0.001008064516129048,0.42473958333333334,0.29349798387096776,ALIGNED
SCN_001,589,19.6,TRACKING,389.0,287.0,320.0,240.0,69.0,47.0,0.43125,0.29375,0.006510416666666685,0.0002520161290322509,0.005208333333333349,0.00020161290322580073,0.4299479166666667,0.29369959677419355,ALIGNED
SCN_001,590,19.6333,TRACKING,389.0,288.0,320.0,240.0,69.0,48.0,0.43125,0.30000000000000004,0.0013020833333333148,0.006300403225806495,0.001041666666666652,0.005040322580645196,0.43098958333333337,0.29873991935483873,ALIGNED
SCN_001,591,19.6667,TRACKING,390.0,288.0,320.0,240.0,70.0,48.0,0.4375,0.30000000000000004,0.00651041666666663,0.00126008064516131,0.005208333333333304,0.001008064516129048,0.4361979166666667,0.2997479838709678,ALIGNED
SCN_001,592,19.7,TRACKING,390.0,288.0,320.0,240.0,70.0,48.0,0.4375,0.30000000000000004,0.0013020833333333148,0.0002520161290322509,0.001041666666666652,0.00020161290322580073,0.43723958333333335,0.2999495967741936,ALIGNED
SCN_001,593,19.7333,TRACKING,391.0,289.0,320.0,240.0,71.0,49.0,0.44375,0.30625,0.00651041666666663,0.006300403225806439,0.005208333333333304,0.005040322580645152,0.44244791666666666,0.3049899193548387,ALIGNED
SCN_001,594,19.7667,TRACKING,391.0,289.0,320.0,240.0,71.0,49.0,0.44375,0.30625,0.0013020833333333148,0.00126008064516131,0.001041666666666652,0.001008064516129048,0.4434895833333333,0.30599798387096777,ALIGNED
SCN_001,595,19.8,TRACKING,392.0,289.0,320.0,240.0,72.0,49.0,0.45,0.30625,0.006510416666666685,0.0002520161290322509,0.005208333333333349,0.00020161290322580073,0.4486979166666667,0.30619959677419356,ALIGNED
SCN_001,596,19.8333,TRACKING,392.0,290.0,320.0,240.0,72.0,50.0,0.45,0.3125,0.0013020833333333148,0.006300403225806439,0.001041666666666652,0.005040322580645152,0.44973958333333336,0.3112399193548387,ALIGNED
SCN_001,597,19.8667,TRACKING,393.0,290.0,320.0,240.0,73.0,50.0,0.45625,0.3125,0.00651041666666663,0.00126008064516131,0.005208333333333304,0.001008064516129048,0.4549479166666667,0.31224798387096775,ALIGNED
SCN_001,598,19.9,TRACKING,393.0,290.0,320.0,240.0,73.0,50.0,0.45625,0.3125,0.0013020833333333148,0.0002520161290322509,0.001041666666666652,0.00020161290322580073,0.45598958333333334,0.31244959677419354,ALIGNED
SCN_001,599,19.9333,TRACKING,394.0,291.0,320.0,240.0,74.0,51.0,0.4625,0.31875,0.006510416666666685,0.006300403225806439,0.005208333333333349,0.005040322580645152,0.4611979166666667,0.31748991935483867,ALIGNED
SCN_001,600,19.9667,TRACKING,394.0,291.0,320.0,240.0,74.0,51.0,0.4625,0.31875,0.0013020833333333148,0.00126008064516131,0.001041666666666652,0.001008064516129048,0.46223958333333337,0.3184979838709677,ALIGNED
SCN_001,601,20.0,TRACKING,395.0,291.0,320.0,240.0,75.0,51.0,0.46875,0.31875,0.00651041666666663,0.0002520161290322509,0.005208333333333304,0.00020161290322580073,0.4674479166666667,0.3186995967741935,ALIGNED
SCN_001,602,20.0333,TRACKING,395.0,292.0,320.0,240.0,75.0,52.0,0.46875,0.325,0.0013020833333333148,0.006300403225806495,0.001041666666666652,0.005040322580645196,0.46848958333333335,0.3237399193548387,ALIGNED
SCN_001,603,20.0667,TRACKING,396.0,292.0,320.0,240.0,76.0,52.0,0.475,0.325,0.00651041666666663,0.00126008064516131,0.005208333333333304,0.001008064516129048,0.47369791666666666,0.32474798387096776,ALIGNED
SCN_001,604,20.1,TRACKING,396.0,292.0,320.0,240.0,76.0,52.0,0.475,0.325,0.0013020833333333148,0.0002520161290322509,0.001041666666666652,0.00020161290322580073,0.4747395833333333,0.32494959677419355,ALIGNED
SCN_001,605,20.1333,TRACKING,397.0,293.0,320.0,240.0,77.0,53.0,0.48125,0.33125,0.006510416666666685,0.006300403225806439,0.005208333333333349,0.005040322580645152,0.4799479166666667,0.3299899193548387,ALIGNED
SCN_001,606,20.1667,TRACKING,397.0,293.0,320.0,240.0,77.0,53.0,0.48125,0.33125,0.0013020833333333148,0.00126008064516131,0.001041666666666652,0.001008064516129048,0.48098958333333336,0.33099798387096774,ALIGNED
SCN_001,607,20.2,TRACKING,398.0,293.0,320.0,240.0,78.0,53.0,0.4875,0.33125,0.00651041666666663,0.0002520161290322509,0.005208333333333304,0.00020161290322580073,0.4861979166666667,0.3311995967741935,ALIGNED
SCN_001,608,20.2333,TRACKING,398.0,294.0,320.0,240.0,78.0,54.0,0.4875,0.3375,0.0013020833333333148,0.006300403225806495,0.001041666666666652,0.005040322580645196,0.48723958333333334,0.3362399193548387,ALIGNED
SCN_001,609,20.2667,TRACKING,399.0,294.0,320.0,240.0,79.0,54.0,0.49375,0.3375,0.006510416666666685,0.00126008064516131,0.005208333333333349,0.001008064516129048,0.4924479166666667,0.33724798387096777,ALIGNED
SCN_001,610,20.3,TRACKING,399.0,294.0,320.0,240.0,79.0,54.0,0.49375,0.3375,0.0013020833333333148,0.0002520161290322509,0.001041666666666652,0.00020161290322580073,0.49348958333333337,0.33744959677419356,ALIGNED
SCN_001,611,20.3333,TRACKING,400.0,295.0,320.0,240.0,80.0,55.0,0.5,0.34375,0.00651041666666663,0.006300403225806439,0.005208333333333304,0.005040322580645152,0.4986979166666667,0.3424899193548387,ALIGNED
SCN_001,612,20.3667,TRACKING,400.0,295.0,320.0,240.0,80.0,55.0,0.5,0.34375,0.0013020833333333148,0.00126008064516131,0.001041666666666652,0.001008064516129048,0.49973958333333335,0.34349798387096775,ALIGNED
SCN_001,613,20.4,TRACKING,401.0,295.0,320.0,240.0,81.0,55.0,0.50625,0.34375,0.00651041666666663,0.0002520161290322509,0.005208333333333304,0.00020161290322580073,0.5049479166666666,0.34369959677419354,ALIGNED
SCN_001,614,20.4333,TRACKING,401.0,296.0,320.0,240.0,81.0,56.0,0.50625,0.35,0.0013020833333333703,0.006300403225806439,0.0010416666666666964,0.005040322580645152,0.5059895833333333,0.34873991935483867,ALIGNED
SCN_001,615,20.4667,TRACKING,401.0,296.0,320.0,240.0,81.0,56.0,0.50625,0.35,0.00026041666666665186,0.00126008064516131,0.0002083333333333215,0.001008064516129048,0.5061979166666667,0.3497479838709677,ALIGNED
SCN_001,616,20.5,TRACKING,402.0,296.0,320.0,240.0,82.0,56.0,0.5125,0.35,0.006302083333333264,0.0002520161290322509,0.005041666666666611,0.00020161290322580073,0.5112395833333333,0.3499495967741935,ALIGNED
SCN_001,617,20.5333,TRACKING,402.0,297.0,320.0,240.0,82.0,57.0,0.5125,0.35624999999999996,0.0012604166666666528,0.006300403225806439,0.0010083333333333222,0.005040322580645152,0.5122479166666666,0.35498991935483865,ALIGNED
SCN_001,618,20.5667,TRACKING,403.0,297.0,320.0,240.0,83.0,57.0,0.51875,0.35624999999999996,0.006502083333333464,0.00126008064516131,0.005201666666666771,0.001008064516129048,0.5174495833333334,0.3559979838709677,ALIGNED
SCN_001,619,20.6,TRACKING,403.0,297.0,320.0,240.0,83.0,57.0,0.51875,0.35624999999999996,0.0013004166666666928,0.0002520161290322509,0.0010403333333333542,0.00020161290322580073,0.5184899166666667,0.3561995967741935,ALIGNED
SCN_001,620,20.6333,TRACKING,404.0,298.0,320.0,240.0,84.0,58.0,0.525,0.3625,0.006510083333333361,0.006300403225806495,0.005208066666666689,0.005040322580645196,0.5236979833333334,0.3612399193548387,ALIGNED
SCN_001,621,20.6667,TRACKING,404.0,298.0,320.0,240.0,84.0,58.0,0.525,0.3625,0.0013020166666666277,0.00126008064516131,0.0010416133333333022,0.001008064516129048,0.5247395966666667,0.36224798387096774,ALIGNED
SCN_001,622,20.7,TRACKING,405.0,298.0,320.0,240.0,85.0,58.0,0.53125,0.3625,0.006510403333333303,0.0002520161290322509,0.005208322666666643,0.00020161290322580073,0.5299479193333333,0.3624495967741935,ALIGNED
SCN_001,623,20.7333,TRACKING,405.0,299.0,320.0,240.0,85.0,59.0,0.53125,0.36874999999999997,0.001302080666666705,0.006300403225806439,0.001041664533333364,0.005040322580645152,0.5309895838666666,0.36748991935483866,ALIGNED
SCN_001,624,20.7667,TRACKING,406.0,299.0,320.0,240.0,86.0,59.0,0.5375,0.36874999999999997,0.006510416133333363,0.00126008064516131,0.005208332906666691,0.001008064516129048,0.5361979167733333,0.3684979838709677,ALIGNED
SCN_001,625,20.8,TRACKING,406.0,299.0,320.0,240.0,86.0,59.0,0.5375,0.36874999999999997,0.0013020832266666948,0.0002520161290322509,0.001041666581333356,0.00020161290322580073,0.5372395833546666,0.3686995967741935,ALIGNED
SCN_001,626,20.8333,TRACKING,407.0,300.0,320.0,240.0,87.0,60.0,0.54375,0.375,0.006510416645333361,0.006300403225806495,0.005208333316266689,0.005040322580645196,0.5424479166709333,0.3737399193548387,ALIGNED
SCN_001,627,20.8667,TRACKING,407.0,300.0,320.0,240.0,87.0,60.0,0.54375,0.375,0.0013020833290666722,0.00126008064516131,0.0010416666632533378,0.001008064516129048,0.5434895833341866,0.37474798387096775,ALIGNED
SCN_001,628,20.9,TRACKING,408.0,300.0,320.0,240.0,88.0,60.0,0.55,0.375,0.006510416665813423,0.0002520161290322509,0.005208333332650739,0.00020161290322580073,0.5486979166668373,0.37494959677419354,ALIGNED
SCN_001,629,20.9333,TRACKING,408.0,301.0,320.0,240.0,88.0,61.0,0.55,0.38125,0.001302083333162729,0.006300403225806439,0.0010416666665301834,0.005040322580645152,0.5497395833333675,0.37998991935483867,ALIGNED
SCN_001,630,20.9667,TRACKING,409.0,301.0,320.0,240.0,89.0,61.0,0.55625,0.38125,0.006510416666632546,0.00126008064516131,0.005208333333306037,0.001008064516129048,0.5549479166666735,0.3809979838709677,ALIGNED
SCN_001,631,21.0,TRACKING,409.0,301.0,320.0,240.0,89.0,61.0,0.55625,0.38125,0.001302083333326487,0.0002520161290322509,0.0010416666666611897,0.00020161290322580073,0.5559895833333347,0.3811995967741935,ALIGNED
SCN_001,632,21.0333,TRACKING,410.0,302.0,320.0,240.0,90.0,62.0,0.5625,0.38750000000000007,0.006510416666665297,0.00630040322580655,0.0052083333333322384,0.00504032258064524,0.561197916666667,0.38623991935483876,ALIGNED
SCN_001,633,21.0667,TRACKING,410.0,302.0,320.0,240.0,90.0,62.0,0.5625,0.38750000000000007,0.0013020833333330373,0.00126008064516131,0.0010416666666664299,0.001008064516129048,0.5622395833333333,0.3872479838709678,ALIGNED
SCN_001,634,21.1,TRACKING,411.0,302.0,320.0,240.0,91.0,62.0,0.56875,0.38750000000000007,0.00651041666666663,0.0002520161290322509,0.005208333333333304,0.00020161290322580073,0.5674479166666666,0.3874495967741936,ALIGNED
SCN_001,635,21.1333,TRACKING,411.0,303.0,320.0,240.0,91.0,63.0,0.56875,0.39375000000000004,0.0013020833333333703,0.006300403225806439,0.0010416666666666964,0.005040322580645152,0.5684895833333333,0.39248991935483873,ALIGNED
SCN_001,636,21.1667,TRACKING,412.0,303.0,320.0,240.0,92.0,63.0,0.575,0.39375000000000004,0.00651041666666663,0.00126008064516131,0.005208333333333304,0.001008064516129048,0.5736979166666666,0.3934979838709678,ALIGNED
SCN_001,637,21.2,TRACKING,412.0,303.0,320.0,240.0,92.0,63.0,0.575,0.39375000000000004,0.0013020833333333703,0.0002520161290322509,0.0010416666666666964,0.00020161290322580073,0.5747395833333333,0.3936995967741936,ALIGNED
SCN_001,638,21.2333,TRACKING,413.0,304.0,320.0,240.0,93.0,64.0,0.58125,0.4,0.006510416666666741,0.006300403225806439,0.005208333333333393,0.005040322580645152,0.5799479166666667,0.3987399193548387,ALIGNED
SCN_001,639,21.2667,TRACKING,413.0,304.0,320.0,240.0,93.0,64.0,0.58125,0.4,0.0013020833333333703,0.00126008064516131,0.0010416666666666964,0.001008064516129048,0.5809895833333334,0.39974798387096777,ALIGNED
SCN_001,640,21.3,TRACKING,414.0,304.0,320.0,240.0,94.0,64.0,0.5875,0.4,0.00651041666666663,0.0002520161290322509,0.005208333333333304,0.00020161290322580073,0.5861979166666667,0.39994959677419356,ALIGNED
SCN_001,641,21.3333,TRACKING,414.0,305.0,320.0,240.0,94.0,65.0,0.5875,0.40625,0.0013020833333333703,0.006300403225806439,0.0010416666666666964,0.005040322580645152,0.5872395833333334,0.4049899193548387,ALIGNED
SCN_001,642,21.3667,TRACKING,415.0,305.0,320.0,240.0,95.0,65.0,0.59375,0.40625,0.00651041666666663,0.00126008064516131,0.005208333333333304,0.001008064516129048,0.5924479166666666,0.40599798387096775,ALIGNED
SCN_001,643,21.4,TRACKING,415.0,305.0,320.0,240.0,95.0,65.0,0.59375,0.40625,0.0013020833333333703,0.0002520161290322509,0.0010416666666666964,0.00020161290322580073,0.5934895833333333,0.40619959677419354,ALIGNED
SCN_001,644,21.4333,TRACKING,416.0,306.0,320.0,240.0,96.0,66.0,0.6,0.41250000000000003,0.00651041666666663,0.006300403225806495,0.005208333333333304,0.005040322580645196,0.5986979166666666,0.4112399193548387,ALIGNED
SCN_001,645,21.4667,TRACKING,416.0,306.0,320.0,240.0,96.0,66.0,0.6,0.41250000000000003,0.0013020833333333703,0.00126008064516131,0.0010416666666666964,0.001008064516129048,0.5997395833333333,0.4122479838709678,ALIGNED
SCN_001,646,21.5,TRACKING,417.0,306.0,320.0,240.0,97.0,66.0,0.60625,0.41250000000000003,0.00651041666666663,0.0002520161290322509,0.005208333333333304,0.00020161290322580073,0.6049479166666666,0.41244959677419357,ALIGNED
SCN_001,647,21.5333,TRACKING,417.0,307.0,320.0,240.0,97.0,67.0,0.60625,0.41875,0.0013020833333333703,0.006300403225806439,0.0010416666666666964,0.005040322580645152,0.6059895833333333,0.4174899193548387,ALIGNED
SCN_001,648,21.5667,TRACKING,418.0,307.0,320.0,240.0,98.0,67.0,0.6125,0.41875,0.006510416666666741,0.00126008064516131,0.005208333333333393,0.001008064516129048,0.6111979166666667,0.41849798387096776,ALIGNED
SCN_001,649,21.6,TRACKING,418.0,307.0,320.0,240.0,98.0,67.0,0.6125,0.41875,0.0013020833333333703,0.0002520161290322509,0.0010416666666666964,0.00020161290322580073,0.6122395833333334,0.41869959677419355,ALIGNED
SCN_001,650,21.6333,TRACKING,419.0,308.0,320.0,240.0,99.0,68.0,0.61875,0.425,0.00651041666666663,0.006300403225806439,0.005208333333333304,0.005040322580645152,0.6174479166666667,0.4237399193548387,ALIGNED
SCN_001,651,21.6667,TRACKING,419.0,308.0,320.0,240.0,99.0,68.0,0.61875,0.425,0.0013020833333333703,0.00126008064516131,0.0010416666666666964,0.001008064516129048,0.6184895833333334,0.42474798387096774,ALIGNED
SCN_001,652,21.7,TRACKING,420.0,308.0,320.0,240.0,100.0,68.0,0.625,0.425,0.00651041666666663,0.0002520161290322509,0.005208333333333304,0.00020161290322580073,0.6236979166666666,0.4249495967741935,ALIGNED
SCN_001,653,21.7333,TRACKING,420.0,309.0,320.0,240.0,100.0,69.0,0.625,0.43124999999999997,0.0013020833333333703,0.006300403225806439,0.0010416666666666964,0.005040322580645152,0.6247395833333333,0.42998991935483866,ALIGNED
SCN_001,654,21.7667,TRACKING,421.0,309.0,320.0,240.0,101.0,69.0,0.63125,0.43124999999999997,0.00651041666666663,0.00126008064516131,0.005208333333333304,0.001008064516129048,0.6299479166666666,0.4309979838709677,ALIGNED
SCN_001,655,21.8,TRACKING,421.0,309.0,320.0,240.0,101.0,69.0,0.63125,0.43124999999999997,0.0013020833333333703,0.0002520161290322509,0.0010416666666666964,0.00020161290322580073,0.6309895833333333,0.4311995967741935,ALIGNED
SCN_001,656,21.8333,TRACKING,422.0,310.0,320.0,240.0,102.0,70.0,0.6375,0.4375,0.00651041666666663,0.006300403225806495,0.005208333333333304,0.005040322580645196,0.6361979166666666,0.4362399193548387,ALIGNED
SCN_001,657,21.8667,TRACKING,422.0,310.0,320.0,240.0,102.0,70.0,0.6375,0.4375,0.0013020833333333703,0.00126008064516131,0.0010416666666666964,0.001008064516129048,0.6372395833333333,0.43724798387096775,ALIGNED
SCN_001,658,21.9,TRACKING,423.0,310.0,320.0,240.0,103.0,70.0,0.64375,0.4375,0.006510416666666741,0.0002520161290322509,0.005208333333333393,0.00020161290322580073,0.6424479166666667,0.43744959677419354,ALIGNED
SCN_001,659,21.9333,TRACKING,423.0,311.0,320.0,240.0,103.0,71.0,0.64375,0.44375,0.0013020833333333703,0.006300403225806439,0.0010416666666666964,0.005040322580645152,0.6434895833333334,0.44248991935483867,ALIGNED
SCN_001,660,21.9667,TRACKING,424.0,311.0,320.0,240.0,104.0,71.0,0.65,0.44375,0.00651041666666663,0.00126008064516131,0.005208333333333304,0.001008064516129048,0.6486979166666667,0.4434979838709677,ALIGNED
SCN_001,661,22.0,TRACKING,424.0,311.0,320.0,240.0,104.0,71.0,0.65,0.44375,0.0013020833333333703,0.0002520161290322509,0.0010416666666666964,0.00020161290322580073,0.6497395833333334,0.4436995967741935,ALIGNED
SCN_001,662,22.0333,TRACKING,424.0,312.0,320.0,240.0,104.0,72.0,0.65,0.44999999999999996,0.00026041666666665186,0.006300403225806439,0.0002083333333333215,0.005040322580645152,0.6499479166666667,0.44873991935483865,ALIGNED
SCN_001,663,22.0667,TRACKING,425.0,312.0,320.0,240.0,105.0,72.0,0.65625,0.44999999999999996,0.006302083333333264,0.00126008064516131,0.005041666666666611,0.001008064516129048,0.6549895833333333,0.4497479838709677,ALIGNED
SCN_001,664,22.1,TRACKING,425.0,312.0,320.0,240.0,105.0,72.0,0.65625,0.44999999999999996,0.0012604166666666528,0.0002520161290322509,0.0010083333333333222,0.00020161290322580073,0.6559979166666666,0.4499495967741935,ALIGNED
SCN_001,665,22.1333,TRACKING,426.0,313.0,320.0,240.0,106.0,73.0,0.6625,0.45624999999999993,0.006502083333333353,0.006300403225806439,0.0052016666666666826,0.005040322580645152,0.6611995833333333,0.4549899193548386,ALIGNED
SCN_001,666,22.1667,TRACKING,426.0,313.0,320.0,240.0,106.0,73.0,0.6625,0.45624999999999993,0.0013004166666666928,0.00126008064516131,0.0010403333333333542,0.001008064516129048,0.6622399166666666,0.4559979838709677,ALIGNED
SCN_001,667,22.2,TRACKING,427.0,313.0,320.0,240.0,107.0,73.0,0.66875,0.45624999999999993,0.006510083333333361,0.0002520161290322509,0.005208066666666689,0.00020161290322580073,0.6674479833333333,0.45619959677419347,ALIGNED
SCN_001,668,22.2333,TRACKING,427.0,314.0,320.0,240.0,107.0,74.0,0.66875,0.4625,0.0013020166666666277,0.00630040322580655,0.0010416133333333022,0.00504032258064524,0.6684895966666666,0.4612399193548387,ALIGNED
SCN_001,669,22.2667,TRACKING,428.0,314.0,320.0,240.0,108.0,74.0,0.675,0.4625,0.006510403333333414,0.00126008064516131,0.005208322666666732,0.001008064516129048,0.6736979193333333,0.46224798387096777,ALIGNED
SCN_001,670,22.3,TRACKING,428.0,314.0,320.0,240.0,108.0,74.0,0.675,0.4625,0.001302080666666705,0.0002520161290322509,0.001041664533333364,0.00020161290322580073,0.6747395838666667,0.46244959677419356,ALIGNED
SCN_001,671,22.3333,TRACKING,429.0,315.0,320.0,240.0,109.0,75.0,0.68125,0.46875,0.006510416133333363,0.006300403225806439,0.005208332906666691,0.005040322580645152,0.6799479167733333,0.4674899193548387,ALIGNED
SCN_001,672,22.3667,TRACKING,429.0,315.0,320.0,240.0,109.0,75.0,0.68125,0.46875,0.0013020832266666948,0.00126008064516131,0.001041666581333356,0.001008064516129048,0.6809895833546666,0.46849798387096775,ALIGNED
SCN_001,673,22.4,TRACKING,430.0,315.0,320.0,240.0,110.0,75.0,0.6875,0.46875,0.006510416645333361,0.0002520161290322509,0.005208333316266689,0.00020161290322580073,0.6861979166709333,0.46869959677419354,ALIGNED
SCN_001,674,22.4333,TRACKING,430.0,316.0,320.0,240.0,110.0,76.0,0.6875,0.475,0.0013020833290666722,0.006300403225806439,0.0010416666632533378,0.005040322580645152,0.6872395833341867,0.47373991935483867,ALIGNED
SCN_001,675,22.4667,TRACKING,431.0,316.0,320.0,240.0,111.0,76.0,0.69375,0.475,0.006510416665813312,0.00126008064516131,0.00520833333265065,0.001008064516129048,0.6924479166668374,0.4747479838709677,ALIGNED
SCN_001,676,22.5,TRACKING,431.0,316.0,320.0,240.0,111.0,76.0,0.69375,0.475,0.001302083333162618,0.0002520161290322509,0.0010416666665300945,0.00020161290322580073,0.6934895833333674,0.4749495967741935,ALIGNED
SCN_001,677,22.5333,TRACKING,432.0,317.0,320.0,240.0,112.0,77.0,0.7,0.48125000000000007,0.006510416666632546,0.00630040322580655,0.005208333333306037,0.00504032258064524,0.6986979166666735,0.47998991935483876,ALIGNED
SCN_001,678,22.5667,TRACKING,432.0,317.0,320.0,240.0,112.0,77.0,0.7,0.48125000000000007,0.001302083333326487,0.00126008064516131,0.0010416666666611897,0.001008064516129048,0.6997395833333346,0.4809979838709678,ALIGNED
SCN_001,679,22.6,TRACKING,433.0,317.0,320.0,240.0,113.0,77.0,0.70625,0.48125000000000007,0.006510416666665408,0.0002520161290322509,0.005208333333332327,0.00020161290322580073,0.704947916666667,0.4811995967741936,ALIGNED
SCN_001,680,22.6333,TRACKING,433.0,318.0,320.0,240.0,113.0,78.0,0.70625,0.48750000000000004,0.0013020833333330373,0.006300403225806439,0.0010416666666664299,0.005040322580645152,0.7059895833333334,0.48623991935483873,ALIGNED
SCN_001,681,22.6667,TRACKING,434.0,318.0,320.0,240.0,114.0,78.0,0.7125,0.48750000000000004,0.00651041666666663,0.00126008064516131,0.005208333333333304,0.001008064516129048,0.7111979166666667,0.4872479838709678,ALIGNED
SCN_001,682,22.7,TRACKING,434.0,318.0,320.0,240.0,114.0,78.0,0.7125,0.48750000000000004,0.0013020833333333703,0.0002520161290322509,0.0010416666666666964,0.00020161290322580073,0.7122395833333334,0.4874495967741936,ALIGNED
SCN_001,683,22.7333,TRACKING,435.0,319.0,320.0,240.0,115.0,79.0,0.71875,0.49375,0.00651041666666663,0.006300403225806439,0.005208333333333304,0.005040322580645152,0.7174479166666666,0.4924899193548387,ALIGNED
SCN_001,684,22.7667,TRACKING,435.0,319.0,320.0,240.0,115.0,79.0,0.71875,0.49375,0.0013020833333333703,0.00126008064516131,0.0010416666666666964,0.001008064516129048,0.7184895833333333,0.49349798387096777,ALIGNED
SCN_001,685,22.8,TRACKING,436.0,319.0,320.0,240.0,116.0,79.0,0.725,0.49375,0.00651041666666663,0.0002520161290322509,0.005208333333333304,0.00020161290322580073,0.7236979166666666,0.49369959677419356,ALIGNED
SCN_001,686,22.8333,TRACKING,436.0,320.0,320.0,240.0,116.0,80.0,0.725,0.5,0.0013020833333333703,0.006300403225806439,0.0010416666666666964,0.005040322580645152,0.7247395833333333,0.4987399193548387,ALIGNED
SCN_001,687,22.8667,TRACKING,437.0,320.0,320.0,240.0,117.0,80.0,0.73125,0.5,0.00651041666666663,0.00126008064516131,0.005208333333333304,0.001008064516129048,0.7299479166666666,0.49974798387096775,ALIGNED
SCN_001,688,22.9,TRACKING,437.0,320.0,320.0,240.0,117.0,80.0,0.73125,0.5,0.0013020833333333703,0.0002520161290322509,0.0010416666666666964,0.00020161290322580073,0.7309895833333333,0.49994959677419354,ALIGNED
SCN_001,689,22.9333,TRACKING,438.0,321.0,320.0,240.0,118.0,81.0,0.7375,0.5062500000000001,0.006510416666666741,0.00630040322580655,0.005208333333333393,0.00504032258064524,0.7361979166666667,0.5049899193548388,ALIGNED
SCN_001,690,22.9667,TRACKING,438.0,321.0,320.0,240.0,118.0,81.0,0.7375,0.5062500000000001,0.0013020833333333703,0.0012600806451612545,0.0010416666666666964,0.0010080645161290036,0.7372395833333334,0.5059979838709678,ALIGNED
SCN_001,691,23.0,TRACKING,439.0,321.0,320.0,240.0,119.0,81.0,0.74375,0.5062500000000001,0.00651041666666663,0.0002520161290322509,0.005208333333333304,0.00020161290322580073,0.7424479166666667,0.5061995967741937,ALIGNED
SCN_001,692,23.0333,TRACKING,439.0,322.0,320.0,240.0,119.0,82.0,0.74375,0.5125,0.0013020833333333703,0.0063004032258062725,0.0010416666666666964,0.005040322580645018,0.7434895833333334,0.5112399193548387,ALIGNED
SCN_001,693,23.0667,TRACKING,440.0,322.0,320.0,240.0,120.0,82.0,0.75,0.5125,0.00651041666666663,0.0012600806451612545,0.005208333333333304,0.0010080645161290036,0.7486979166666666,0.5122479838709677,ALIGNED
SCN_001,694,23.1,TRACKING,440.0,322.0,320.0,240.0,120.0,82.0,0.75,0.5125,0.0013020833333333703,0.0002520161290322509,0.0010416666666666964,0.00020161290322580073,0.7497395833333333,0.5124495967741935,ALIGNED
SCN_001,695,23.1333,TRACKING,441.0,323.0,320.0,240.0,121.0,83.0,0.75625,0.51875,0.00651041666666663,0.006300403225806495,0.005208333333333304,0.005040322580645196,0.7549479166666666,0.5174899193548388,ALIGNED
SCN_001,696,23.1667,TRACKING,441.0,323.0,320.0,240.0,121.0,83.0,0.75625,0.51875,0.0013020833333333703,0.0012600806451612545,0.0010416666666666964,0.0010080645161290036,0.7559895833333333,0.5184979838709678,ALIGNED
SCN_001,697,23.2,TRACKING,442.0,323.0,320.0,240.0,122.0,83.0,0.7625,0.51875,0.00651041666666663,0.0002520161290322509,0.005208333333333304,0.00020161290322580073,0.7611979166666666,0.5186995967741936,ALIGNED
SCN_001,698,23.2333,TRACKING,442.0,324.0,320.0,240.0,122.0,84.0,0.7625,0.5249999999999999,0.0013020833333333703,0.0063004032258062725,0.0010416666666666964,0.005040322580645018,0.7622395833333333,0.5237399193548387,ALIGNED
SCN_001,699,23.2667,TRACKING,443.0,324.0,320.0,240.0,123.0,84.0,0.76875,0.5249999999999999,0.006510416666666741,0.0012600806451612545,0.005208333333333393,0.0010080645161290036,0.7674479166666667,0.5247479838709677,ALIGNED
SCN_001,700,23.3,TRACKING,443.0,324.0,320.0,240.0,123.0,84.0,0.76875,0.5249999999999999,0.0013020833333333703,0.0002520161290322509,0.0010416666666666964,0.00020161290322580073,0.7684895833333334,0.5249495967741935,ALIGNED
SCN_001,701,23.3333,TRACKING,444.0,325.0,320.0,240.0,124.0,85.0,0.775,0.53125,0.00651041666666663,0.006300403225806495,0.005208333333333304,0.005040322580645196,0.7736979166666667,0.5299899193548387,ALIGNED
SCN_001,702,23.3667,TRACKING,444.0,325.0,320.0,240.0,124.0,85.0,0.775,0.53125,0.0013020833333333703,0.0012600806451612545,0.0010416666666666964,0.0010080645161290036,0.7747395833333334,0.5309979838709677,ALIGNED
SCN_001,703,23.4,TRACKING,445.0,325.0,320.0,240.0,125.0,85.0,0.78125,0.53125,0.00651041666666663,0.0002520161290322509,0.005208333333333304,0.00020161290322580073,0.7799479166666666,0.5311995967741936,ALIGNED
SCN_001,704,23.4333,TRACKING,445.0,326.0,320.0,240.0,125.0,86.0,0.78125,0.5375,0.0013020833333333703,0.006300403225806384,0.0010416666666666964,0.005040322580645107,0.7809895833333333,0.5362399193548387,ALIGNED
SCN_001,705,23.4667,TRACKING,446.0,326.0,320.0,240.0,126.0,86.0,0.7875,0.5375,0.00651041666666663,0.0012600806451612545,0.005208333333333304,0.0010080645161290036,0.7861979166666666,0.5372479838709677,ALIGNED
SCN_001,706,23.5,TRACKING,446.0,326.0,320.0,240.0,126.0,86.0,0.7875,0.5375,0.0013020833333333703,0.0002520161290322509,0.0010416666666666964,0.00020161290322580073,0.7872395833333333,0.5374495967741936,ALIGNED
SCN_001,707,23.5333,TRACKING,447.0,327.0,320.0,240.0,127.0,87.0,0.79375,0.54375,0.00651041666666663,0.006300403225806384,0.005208333333333304,0.005040322580645107,0.7924479166666666,0.5424899193548387,ALIGNED
SCN_001,708,23.5667,TRACKING,447.0,327.0,320.0,240.0,127.0,87.0,0.79375,0.54375,0.0013020833333333703,0.0012600806451612545,0.0010416666666666964,0.0010080645161290036,0.7934895833333333,0.5434979838709677,ALIGNED
SCN_001,709,23.6,TRACKING,447.0,327.0,320.0,240.0,127.0,87.0,0.79375,0.54375,0.00026041666666665186,0.0002520161290322509,0.0002083333333333215,0.00020161290322580073,0.7936979166666667,0.5436995967741935,ALIGNED
SCN_001,710,23.6333,TRACKING,448.0,328.0,320.0,240.0,128.0,88.0,0.8,0.5499999999999999,0.006302083333333375,0.006300403225806384,0.0050416666666667,0.005040322580645107,0.7987395833333334,0.5487399193548387,ALIGNED
SCN_001,711,23.6667,TRACKING,448.0,328.0,320.0,240.0,128.0,88.0,0.8,0.5499999999999999,0.0012604166666666528,0.0012600806451612545,0.0010083333333333222,0.0010080645161290036,0.7997479166666667,0.5497479838709677,ALIGNED
SCN_001,712,23.7,TRACKING,449.0,328.0,320.0,240.0,129.0,88.0,0.80625,0.5499999999999999,0.006502083333333353,0.0002520161290322509,0.0052016666666666826,0.00020161290322580073,0.8049495833333333,0.5499495967741935,ALIGNED
SCN_001,713,23.7333,TRACKING,449.0,329.0,320.0,240.0,129.0,89.0,0.80625,0.55625,0.0013004166666666928,0.006300403225806495,0.0010403333333333542,0.005040322580645196,0.8059899166666666,0.5549899193548388,ALIGNED
SCN_001,714,23.7667,TRACKING,450.0,329.0,320.0,240.0,130.0,89.0,0.8125,0.55625,0.006510083333333361,0.0012600806451612545,0.005208066666666689,0.0010080645161290036,0.8111979833333334,0.5559979838709678,ALIGNED
SCN_001,715,23.8,TRACKING,450.0,329.0,320.0,240.0,130.0,89.0,0.8125,0.55625,0.0013020166666666277,0.0002520161290322509,0.0010416133333333022,0.00020161290322580073,0.8122395966666667,0.5561995967741936,ALIGNED
SCN_001,716,23.8333,TRACKING,451.0,330.0,320.0,240.0,131.0,90.0,0.81875,0.5625,0.006510403333333303,0.006300403225806384,0.005208322666666643,0.005040322580645107,0.8174479193333333,0.5612399193548387,ALIGNED
SCN_001,717,23.8667,TRACKING,451.0,330.0,320.0,240.0,131.0,90.0,0.81875,0.5625,0.001302080666666705,0.0012600806451612545,0.001041664533333364,0.0010080645161290036,0.8184895838666666,0.5622479838709677,ALIGNED
SCN_001,718,23.9,TRACKING,452.0,330.0,320.0,240.0,132.0,90.0,0.825,0.5625,0.006510416133333363,0.0002520161290322509,0.005208332906666691,0.00020161290322580073,0.8236979167733333,0.5624495967741936,ALIGNED
SCN_001,719,23.9333,TRACKING,452.0,331.0,320.0,240.0,132.0,91.0,0.825,0.56875,0.0013020832266666948,0.006300403225806384,0.001041666581333356,0.005040322580645107,0.8247395833546666,0.5674899193548387,ALIGNED
SCN_001,720,23.9667,TRACKING,453.0,331.0,320.0,240.0,133.0,91.0,0.83125,0.56875,0.006510416645333472,0.0012600806451612545,0.005208333316266778,0.0010080645161290036,0.8299479166709334,0.5684979838709677,ALIGNED
SCN_001,721,24.0,TRACKING,453.0,331.0,320.0,240.0,133.0,91.0,0.83125,0.56875,0.0013020833290666722,0.0002520161290322509,0.0010416666632533378,0.00020161290322580073,0.8309895833341867,0.5686995967741936,ALIGNED
SCN_001,722,24.0333,TRACKING,454.0,332.0,320.0,240.0,134.0,92.0,0.8375,0.5750000000000001,0.006510416665813312,0.006300403225806495,0.00520833333265065,0.005040322580645196,0.8361979166668374,0.5737399193548388,ALIGNED
SCN_001,723,24.0667,TRACKING,454.0,332.0,320.0,240.0,134.0,92.0,0.8375,0.5750000000000001,0.001302083333162618,0.0012600806451612545,0.0010416666665300945,0.0010080645161290036,0.8372395833333675,0.5747479838709678,ALIGNED
SCN_001,724,24.1,TRACKING,455.0,332.0,320.0,240.0,135.0,92.0,0.84375,0.5750000000000001,0.006510416666632546,0.0002520161290322509,0.005208333333306037,0.00020161290322580073,0.8424479166666735,0.5749495967741937,ALIGNED
SCN_001,725,24.1333,TRACKING,455.0,333.0,320.0,240.0,135.0,93.0,0.84375,0.58125,0.001302083333326487,0.006300403225806384,0.0010416666666611897,0.005040322580645107,0.8434895833333347,0.5799899193548388,ALIGNED
SCN_001,726,24.1667,TRACKING,456.0,333.0,320.0,240.0,136.0,93.0,0.85,0.58125,0.006510416666665297,0.0012600806451612545,0.0052083333333322384,0.0010080645161290036,0.8486979166666669,0.5809979838709678,ALIGNED
SCN_001,727,24.2,TRACKING,456.0,333.0,320.0,240.0,136.0,93.0,0.85,0.58125,0.0013020833333330373,0.0002520161290322509,0.0010416666666664299,0.00020161290322580073,0.8497395833333333,0.5811995967741936,ALIGNED
SCN_001,728,24.2333,TRACKING,457.0,334.0,320.0,240.0,137.0,94.0,0.85625,0.5875,0.00651041666666663,0.006300403225806384,0.005208333333333304,0.005040322580645107,0.8549479166666666,0.5862399193548388,ALIGNED
SCN_001,729,24.2667,TRACKING,457.0,334.0,320.0,240.0,137.0,94.0,0.85625,0.5875,0.0013020833333333703,0.0012600806451612545,0.0010416666666666964,0.0010080645161290036,0.8559895833333333,0.5872479838709678,ALIGNED
SCN_001,730,24.3,TRACKING,458.0,334.0,320.0,240.0,138.0,94.0,0.8625,0.5875,0.006510416666666741,0.0002520161290322509,0.005208333333333393,0.00020161290322580073,0.8611979166666667,0.5874495967741936,ALIGNED
SCN_001,731,24.3333,TRACKING,458.0,335.0,320.0,240.0,138.0,95.0,0.8625,0.59375,0.0013020833333333703,0.006300403225806384,0.0010416666666666964,0.005040322580645107,0.8622395833333334,0.5924899193548387,ALIGNED
SCN_001,732,24.3667,TRACKING,459.0,335.0,320.0,240.0,139.0,95.0,0.86875,0.59375,0.00651041666666663,0.0012600806451612545,0.005208333333333304,0.0010080645161290036,0.8674479166666667,0.5934979838709677,ALIGNED
SCN_001,733,24.4,TRACKING,459.0,335.0,320.0,240.0,139.0,95.0,0.86875,0.59375,0.0013020833333333703,0.0002520161290322509,0.0010416666666666964,0.00020161290322580073,0.8684895833333334,0.5936995967741936,ALIGNED
SCN_001,734,24.4333,TRACKING,460.0,336.0,320.0,240.0,140.0,96.0,0.875,0.6000000000000001,0.00651041666666663,0.006300403225806495,0.005208333333333304,0.005040322580645196,0.8736979166666666,0.5987399193548388,ALIGNED
SCN_001,735,24.4667,TRACKING,460.0,336.0,320.0,240.0,140.0,96.0,0.875,0.6000000000000001,0.0013020833333333703,0.0012600806451612545,0.0010416666666666964,0.0010080645161290036,0.8747395833333333,0.5997479838709678,ALIGNED
SCN_001,736,24.5,TRACKING,461.0,336.0,320.0,240.0,141.0,96.0,0.88125,0.6000000000000001,0.00651041666666663,0.0002520161290322509,0.005208333333333304,0.00020161290322580073,0.8799479166666666,0.5999495967741937,ALIGNED
SCN_001,737,24.5333,TRACKING,461.0,337.0,320.0,240.0,141.0,97.0,0.88125,0.60625,0.0013020833333333703,0.0063004032258062725,0.0010416666666666964,0.005040322580645018,0.8809895833333333,0.6049899193548387,ALIGNED
SCN_001,738,24.5667,TRACKING,462.0,337.0,320.0,240.0,142.0,97.0,0.8875,0.60625,0.00651041666666663,0.0012600806451612545,0.005208333333333304,0.0010080645161290036,0.8861979166666666,0.6059979838709677,ALIGNED
SCN_001,739,24.6,TRACKING,462.0,337.0,320.0,240.0,142.0,97.0,0.8875,0.60625,0.0013020833333333703,0.0002520161290322509,0.0010416666666666964,0.00020161290322580073,0.8872395833333333,0.6061995967741935,ALIGNED
SCN_001,740,24.6333,TRACKING,463.0,338.0,320.0,240.0,143.0,98.0,0.89375,0.6125,0.006510416666666741,0.006300403225806495,0.005208333333333393,0.005040322580645196,0.8924479166666667,0.6112399193548388,ALIGNED
SCN_001,741,24.6667,TRACKING,463.0,338.0,320.0,240.0,143.0,98.0,0.89375,0.6125,0.0013020833333333703,0.0012600806451612545,0.0010416666666666964,0.0010080645161290036,0.8934895833333334,0.6122479838709678,ALIGNED
SCN_001,742,24.7,TRACKING,464.0,338.0,320.0,240.0,144.0,98.0,0.9,0.6125,0.00651041666666663,0.0002520161290322509,0.005208333333333304,0.00020161290322580073,0.8986979166666667,0.6124495967741936,ALIGNED
SCN_001,743,24.7333,TRACKING,464.0,339.0,320.0,240.0,144.0,99.0,0.9,0.6187499999999999,0.0013020833333333703,0.0063004032258062725,0.0010416666666666964,0.005040322580645018,0.8997395833333334,0.6174899193548387,ALIGNED
SCN_001,744,24.7667,TRACKING,465.0,339.0,320.0,240.0,145.0,99.0,0.90625,0.6187499999999999,0.00651041666666663,0.0012600806451612545,0.005208333333333304,0.0010080645161290036,0.9049479166666666,0.6184979838709677,ALIGNED
SCN_001,745,24.8,TRACKING,465.0,339.0,320.0,240.0,145.0,99.0,0.90625,0.6187499999999999,0.0013020833333333703,0.0002520161290322509,0.0010416666666666964,0.00020161290322580073,0.9059895833333333,0.6186995967741935,ALIGNED
SCN_001,746,24.8333,TRACKING,466.0,340.0,320.0,240.0,146.0,100.0,0.9125,0.625,0.00651041666666663,0.006300403225806495,0.005208333333333304,0.005040322580645196,0.9111979166666666,0.6237399193548387,ALIGNED
SCN_001,747,24.8667,TRACKING,466.0,340.0,320.0,240.0,146.0,100.0,0.9125,0.625,0.0013020833333333703,0.0012600806451612545,0.0010416666666666964,0.0010080645161290036,0.9122395833333333,0.6247479838709677,ALIGNED
SCN_001,748,24.9,TRACKING,467.0,340.0,320.0,240.0,147.0,100.0,0.91875,0.625,0.00651041666666663,0.0002520161290322509,0.005208333333333304,0.00020161290322580073,0.9174479166666666,0.6249495967741936,ALIGNED
SCN_001,749,24.9333,TRACKING,467.0,341.0,320.0,240.0,147.0,101.0,0.91875,0.63125,0.0013020833333333703,0.006300403225806384,0.0010416666666666964,0.005040322580645107,0.9184895833333333,0.6299899193548387,ALIGNED
SCN_001,750,24.9667,TRACKING,468.0,341.0,320.0,240.0,148.0,101.0,0.925,0.63125,0.006510416666666741,0.0012600806451612545,0.005208333333333393,0.0010080645161290036,0.9236979166666667,0.6309979838709677,ALIGNED
SCN_001,751,25.0,TRACKING,468.0,341.0,320.0,240.0,148.0,101.0,0.925,0.63125,0.0013020833333333703,0.0002520161290322509,0.0010416666666666964,0.00020161290322580073,0.9247395833333334,0.6311995967741936,ALIGNED
SCN_001,752,25.0333,TRACKING,469.0,342.0,320.0,240.0,149.0,102.0,0.93125,0.6375,0.00651041666666663,0.006300403225806384,0.005208333333333304,0.005040322580645107,0.9299479166666667,0.6362399193548387,ALIGNED
SCN_001,753,25.0667,TRACKING,469.0,342.0,320.0,240.0,149.0,102.0,0.93125,0.6375,0.0013020833333333703,0.0012600806451612545,0.0010416666666666964,0.0010080645161290036,0.9309895833333334,0.6372479838709677,ALIGNED
SCN_001,754,25.1,TRACKING,470.0,342.0,320.0,240.0,150.0,102.0,0.9375,0.6375,0.00651041666666663,0.0002520161290322509,0.005208333333333304,0.00020161290322580073,0.9361979166666666,0.6374495967741935,ALIGNED
SCN_001,755,25.1333,TRACKING,470.0,343.0,320.0,240.0,150.0,103.0,0.9375,0.6437499999999999,0.0013020833333333703,0.006300403225806384,0.0010416666666666964,0.005040322580645107,0.9372395833333333,0.6424899193548387,ALIGNED
SCN_001,756,25.1667,TRACKING,470.0,343.0,320.0,240.0,150.0,103.0,0.9375,0.6437499999999999,0.00026041666666665186,0.0012600806451612545,0.0002083333333333215,0.0010080645161290036,0.9374479166666667,0.6434979838709677,ALIGNED
SCN_001,757,25.2,TRACKING,471.0,343.0,320.0,240.0,151.0,103.0,0.94375,0.6437499999999999,0.006302083333333264,0.0002520161290322509,0.005041666666666611,0.00020161290322580073,0.9424895833333333,0.6436995967741935,ALIGNED
SCN_001,758,25.2333,TRACKING,471.0,344.0,320.0,240.0,151.0,104.0,0.94375,0.65,0.0012604166666666528,0.006300403225806495,0.0010083333333333222,0.005040322580645196,0.9434979166666666,0.6487399193548388,ALIGNED
SCN_001,759,25.2667,TRACKING,472.0,344.0,320.0,240.0,152.0,104.0,0.95,0.65,0.006502083333333353,0.0012600806451612545,0.0052016666666666826,0.0010080645161290036,0.9486995833333333,0.6497479838709678,ALIGNED
SCN_001,760,25.3,TRACKING,472.0,344.0,320.0,240.0,152.0,104.0,0.95,0.65,0.0013004166666666928,0.0002520161290322509,0.0010403333333333542,0.00020161290322580073,0.9497399166666666,0.6499495967741936,ALIGNED
SCN_001,761,25.3333,TRACKING,473.0,345.0,320.0,240.0,153.0,105.0,0.95625,0.65625,0.006510083333333472,0.006300403225806384,0.005208066666666778,0.005040322580645107,0.9549479833333333,0.6549899193548387,ALIGNED
SCN_001,762,25.3667,TRACKING,473.0,345.0,320.0,240.0,153.0,105.0,0.95625,0.65625,0.0013020166666667388,0.0012600806451612545,0.001041613333333391,0.0010080645161290036,0.9559895966666667,0.6559979838709677,ALIGNED
SCN_001,763,25.4,TRACKING,474.0,345.0,320.0,240.0,154.0,105.0,0.9625,0.65625,0.006510403333333303,0.0002520161290322509,0.005208322666666643,0.00020161290322580073,0.9611979193333333,0.6561995967741936,ALIGNED
SCN_001,764,25.4333,TRACKING,474.0,346.0,320.0,240.0,154.0,106.0,0.9625,0.6625,0.001302080666666705,0.006300403225806384,0.001041664533333364,0.005040322580645107,0.9622395838666666,0.6612399193548387,ALIGNED
SCN_001,765,25.4667,TRACKING,475.0,346.0,320.0,240.0,155.0,106.0,0.96875,0.6625,0.006510416133333363,0.0012600806451612545,0.005208332906666691,0.0010080645161290036,0.9674479167733333,0.6622479838709677,ALIGNED
SCN_001,766,25.5,TRACKING,475.0,346.0,320.0,240.0,155.0,106.0,0.96875,0.6625,0.0013020832266666948,0.0002520161290322509,0.001041666581333356,0.00020161290322580073,0.9684895833546666,0.6624495967741936,ALIGNED
SCN_001,767,25.5333,TRACKING,476.0,347.0,320.0,240.0,156.0,107.0,0.975,0.6687500000000001,0.006510416645333361,0.006300403225806495,0.005208333316266689,0.005040322580645196,0.9736979166709333,0.6674899193548388,ALIGNED
SCN_001,768,25.5667,TRACKING,476.0,347.0,320.0,240.0,156.0,107.0,0.975,0.6687500000000001,0.0013020833290666722,0.0012600806451612545,0.0010416666632533378,0.0010080645161290036,0.9747395833341866,0.6684979838709678,ALIGNED
SCN_001,769,25.6,TRACKING,477.0,347.0,320.0,240.0,157.0,107.0,0.98125,0.6687500000000001,0.006510416665813312,0.0002520161290322509,0.00520833333265065,0.00020161290322580073,0.9799479166668373,0.6686995967741937,ALIGNED
SCN_001,770,25.6333,TRACKING,477.0,348.0,320.0,240.0,157.0,108.0,0.98125,0.675,0.001302083333162618,0.006300403225806384,0.0010416666665300945,0.005040322580645107,0.9809895833333674,0.6737399193548388,ALIGNED
SCN_001,771,25.6667,TRACKING,478.0,348.0,320.0,240.0,158.0,108.0,0.9875,0.675,0.006510416666632657,0.0012600806451612545,0.005208333333306126,0.0010080645161290036,0.9861979166666736,0.6747479838709678,ALIGNED
SCN_001,772,25.7,TRACKING,478.0,348.0,320.0,240.0,158.0,108.0,0.9875,0.675,0.001302083333326487,0.0002520161290322509,0.0010416666666611897,0.00020161290322580073,0.9872395833333347,0.6749495967741936,ALIGNED
SCN_001,773,25.7333,TRACKING,479.0,349.0,320.0,240.0,159.0,109.0,0.99375,0.68125,0.006510416666665297,0.006300403225806384,0.0052083333333322384,0.005040322580645107,0.992447916666667,0.6799899193548388,ALIGNED
SCN_001,774,25.7667,TRACKING,479.0,349.0,320.0,240.0,159.0,109.0,0.99375,0.68125,0.0013020833333330373,0.0012600806451612545,0.0010416666666664299,0.0010080645161290036,0.9934895833333334,0.6809979838709678,ALIGNED
SCN_001,775,25.8,TRACKING,480.0,349.0,320.0,240.0,160.0,109.0,1.0,0.68125,0.00651041666666663,0.0002520161290322509,0.005208333333333304,0.00020161290322580073,0.9986979166666666,0.6811995967741936,ALIGNED
SCN_001,776,25.8333,TRACKING,480.0,350.0,320.0,240.0,160.0,110.0,1.0,0.6875,0.0013020833333333703,0.006300403225806384,0.0010416666666666964,0.005040322580645107,0.9997395833333333,0.6862399193548387,ALIGNED
SCN_001,777,25.8667,TRACKING,481.0,350.0,320.0,240.0,161.0,110.0,1.00625,0.6875,0.006510416666666741,0.0012600806451612545,0.005208333333333393,0.0010080645161290036,1.0049479166666668,0.6872479838709677,ALIGNED
SCN_001,778,25.9,TRACKING,481.0,350.0,320.0,240.0,161.0,110.0,1.00625,0.6875,0.0013020833333332593,0.0002520161290322509,0.0010416666666666075,0.00020161290322580073,1.0059895833333334,0.6874495967741936,ALIGNED
SCN_001,779,25.9333,TRACKING,482.0,351.0,320.0,240.0,162.0,111.0,1.0125,0.6937500000000001,0.006510416666666519,0.006300403225806495,0.005208333333333215,0.005040322580645196,1.0111979166666667,0.6924899193548388,ALIGNED
SCN_001,780,25.9667,TRACKING,482.0,351.0,320.0,240.0,162.0,111.0,1.0125,0.6937500000000001,0.0013020833333332593,0.0012600806451612545,0.0010416666666666075,0.0010080645161290036,1.0122395833333333,0.6934979838709678,ALIGNED
SCN_001,781,26.0,TRACKING,483.0,351.0,320.0,240.0,163.0,111.0,1.01875,0.6937500000000001,0.006510416666666741,0.0002520161290322509,0.005208333333333393,0.00020161290322580073,1.0174479166666668,0.6936995967741937,ALIGNED
SCN_001,782,26.0333,TRACKING,483.0,352.0,320.0,240.0,163.0,112.0,1.01875,0.7,0.0013020833333332593,0.0063004032258062725,0.0010416666666666075,0.005040322580645018,1.0184895833333334,0.6987399193548387,ALIGNED
SCN_001,783,26.0667,TRACKING,484.0,352.0,320.0,240.0,164.0,112.0,1.025,0.7,0.006510416666666519,0.0012600806451612545,0.005208333333333215,0.0010080645161290036,1.0236979166666667,0.6997479838709677,ALIGNED
SCN_001,784,26.1,TRACKING,484.0,352.0,320.0,240.0,164.0,112.0,1.025,0.7,0.0013020833333332593,0.0002520161290322509,0.0010416666666666075,0.00020161290322580073,1.0247395833333333,0.6999495967741935,ALIGNED
SCN_001,785,26.1333,TRACKING,485.0,353.0,320.0,240.0,165.0,113.0,1.03125,0.70625,0.006510416666666741,0.006300403225806495,0.005208333333333393,0.005040322580645196,1.0299479166666667,0.7049899193548388,ALIGNED
SCN_001,786,26.1667,TRACKING,485.0,353.0,320.0,240.0,165.0,113.0,1.03125,0.70625,0.0013020833333332593,0.0012600806451612545,0.0010416666666666075,0.0010080645161290036,1.0309895833333333,0.7059979838709678,ALIGNED
SCN_001,787,26.2,TRACKING,486.0,353.0,320.0,240.0,166.0,113.0,1.0375,0.70625,0.006510416666666741,0.0002520161290322509,0.005208333333333393,0.00020161290322580073,1.0361979166666668,0.7061995967741936,ALIGNED
SCN_001,788,26.2333,TRACKING,486.0,354.0,320.0,240.0,166.0,114.0,1.0375,0.7124999999999999,0.0013020833333332593,0.0063004032258062725,0.0010416666666666075,0.005040322580645018,1.0372395833333334,0.7112399193548387,ALIGNED
SCN_001,789,26.2667,TRACKING,487.0,354.0,320.0,240.0,167.0,114.0,1.04375,0.7124999999999999,0.006510416666666519,0.0012600806451612545,0.005208333333333215,0.0010080645161290036,1.0424479166666667,0.7122479838709677,ALIGNED
SCN_001,790,26.3,TRACKING,487.0,354.0,320.0,240.0,167.0,114.0,1.04375,0.7124999999999999,0.0013020833333332593,0.0002520161290322509,0.0010416666666666075,0.00020161290322580073,1.0434895833333333,0.7124495967741935,ALIGNED
SCN_001,791,26.3333,TRACKING,488.0,355.0,320.0,240.0,168.0,115.0,1.05,0.71875,0.006510416666666741,0.006300403225806495,0.005208333333333393,0.005040322580645196,1.0486979166666668,0.7174899193548387,ALIGNED
SCN_001,792,26.3667,TRACKING,488.0,355.0,320.0,240.0,168.0,115.0,1.05,0.71875,0.0013020833333332593,0.0012600806451612545,0.0010416666666666075,0.0010080645161290036,1.0497395833333334,0.7184979838709677,ALIGNED
SCN_001,793,26.4,TRACKING,489.0,355.0,320.0,240.0,169.0,115.0,1.05625,0.71875,0.006510416666666519,0.0002520161290322509,0.005208333333333215,0.00020161290322580073,1.0549479166666667,0.7186995967741936,ALIGNED
SCN_001,794,26.4333,TRACKING,489.0,356.0,320.0,240.0,169.0,116.0,1.05625,0.725,0.0013020833333332593,0.006300403225806384,0.0010416666666666075,0.005040322580645107,1.0559895833333333,0.7237399193548387,ALIGNED
SCN_001,795,26.4667,TRACKING,490.0,356.0,320.0,240.0,170.0,116.0,1.0625,0.725,0.006510416666666741,0.0012600806451612545,0.005208333333333393,0.0010080645161290036,1.0611979166666667,0.7247479838709677,ALIGNED
SCN_001,796,26.5,TRACKING,490.0,356.0,320.0,240.0,170.0,116.0,1.0625,0.725,0.0013020833333332593,0.0002520161290322509,0.0010416666666666075,0.00020161290322580073,1.0622395833333333,0.7249495967741936,ALIGNED
SCN_001,797,26.5333,TRACKING,491.0,357.0,320.0,240.0,171.0,117.0,1.06875,0.73125,0.006510416666666741,0.006300403225806384,0.005208333333333393,0.005040322580645107,1.0674479166666668,0.7299899193548387,ALIGNED
SCN_001,798,26.5667,TRACKING,491.0,357.0,320.0,240.0,171.0,117.0,1.06875,0.73125,0.0013020833333332593,0.0012600806451612545,0.0010416666666666075,0.0010080645161290036,1.0684895833333334,0.7309979838709677,ALIGNED
SCN_001,799,26.6,TRACKING,492.0,357.0,320.0,240.0,172.0,117.0,1.075,0.73125,0.006510416666666519,0.0002520161290322509,0.005208333333333215,0.00020161290322580073,1.0736979166666667,0.7311995967741935,ALIGNED
SCN_001,800,26.6333,TRACKING,492.0,358.0,320.0,240.0,172.0,118.0,1.075,0.7374999999999999,0.0013020833333332593,0.006300403225806384,0.0010416666666666075,0.005040322580645107,1.0747395833333333,0.7362399193548387,ALIGNED
SCN_001,801,26.6667,TRACKING,493.0,358.0,320.0,240.0,173.0,118.0,1.08125,0.7374999999999999,0.006510416666666741,0.0012600806451612545,0.005208333333333393,0.0010080645161290036,1.0799479166666668,0.7372479838709677,ALIGNED
SCN_001,802,26.7,TRACKING,493.0,358.0,320.0,240.0,173.0,118.0,1.08125,0.7374999999999999,0.0013020833333332593,0.0002520161290322509,0.0010416666666666075,0.00020161290322580073,1.0809895833333334,0.7374495967741935,ALIGNED
SCN_001,803,26.7333,TRACKING,494.0,359.0,320.0,240.0,174.0,119.0,1.0875,0.74375,0.006510416666666519,0.006300403225806495,0.005208333333333215,0.005040322580645196,1.0861979166666667,0.7424899193548388,ALIGNED
SCN_001,804,26.7667,TRACKING,494.0,359.0,320.0,240.0,174.0,119.0,1.0875,0.74375,0.0013020833333332593,0.0012600806451612545,0.0010416666666666075,0.0010080645161290036,1.0872395833333333,0.7434979838709678,ALIGNED
SCN_001,805,26.8,TRACKING,494.0,359.0,320.0,240.0,174.0,119.0,1.0875,0.74375,0.00026041666666665186,0.0002520161290322509,0.0002083333333333215,0.00020161290322580073,1.0874479166666666,0.7436995967741936,ALIGNED
SCN_001,806,26.8333,TRACKING,495.0,360.0,320.0,240.0,175.0,120.0,1.09375,0.75,0.006302083333333375,0.006300403225806384,0.0050416666666667,0.005040322580645107,1.0924895833333332,0.7487399193548387,ALIGNED
SCN_001,807,26.8667,TRACKING,495.0,360.0,320.0,240.0,175.0,120.0,1.09375,0.75,0.0012604166666667638,0.0012600806451612545,0.0010083333333334111,0.0010080645161290036,1.0934979166666667,0.7497479838709677,ALIGNED
SCN_001,808,26.9,TRACKING,496.0,360.0,320.0,240.0,176.0,120.0,1.1,0.75,0.006502083333333353,0.0002520161290322509,0.0052016666666666826,0.00020161290322580073,1.0986995833333335,0.7499495967741936,ALIGNED
SCN_001,809,26.9333,TRACKING,496.0,361.0,320.0,240.0,176.0,121.0,1.1,0.75625,0.0013004166666665817,0.006300403225806384,0.0010403333333332653,0.005040322580645107,1.0997399166666668,0.7549899193548387,ALIGNED
SCN_001,810,26.9667,TRACKING,497.0,361.0,320.0,240.0,177.0,121.0,1.10625,0.75625,0.006510083333333139,0.0012600806451612545,0.005208066666666511,0.0010080645161290036,1.1049479833333333,0.7559979838709677,ALIGNED
SCN_001,811,27.0,TRACKING,497.0,361.0,320.0,240.0,177.0,121.0,1.10625,0.75625,0.0013020166666666277,0.0002520161290322509,0.0010416133333333022,0.00020161290322580073,1.1059895966666666,0.7561995967741936,ALIGNED
SCN_001,812,27.0333,TRACKING,498.0,362.0,320.0,240.0,178.0,122.0,1.1125,0.7625,0.006510403333333414,0.006300403225806384,0.005208322666666732,0.005040322580645107,1.1111979193333335,0.7612399193548387,ALIGNED
SCN_001,813,27.0667,TRACKING,498.0,362.0,320.0,240.0,178.0,122.0,1.1125,0.7625,0.001302080666666594,0.0012600806451612545,0.0010416645333332752,0.0010080645161290036,1.1122395838666668,0.7622479838709677,ALIGNED
SCN_001,814,27.1,TRACKING,499.0,362.0,320.0,240.0,179.0,122.0,1.11875,0.7625,0.006510416133333141,0.0002520161290322509,0.005208332906666513,0.00020161290322580073,1.1174479167733333,0.7624495967741935,ALIGNED
SCN_001,815,27.1333,TRACKING,499.0,363.0,320.0,240.0,179.0,123.0,1.11875,0.7687499999999999,0.0013020832266665838,0.006300403225806384,0.001041666581333267,0.005040322580645107,1.1184895833546666,0.7674899193548387,ALIGNED
SCN_001,816,27.1667,TRACKING,500.0,363.0,320.0,240.0,180.0,123.0,1.125,0.7687499999999999,0.006510416645333361,0.0012600806451612545,0.005208333316266689,0.0010080645161290036,1.1236979166709333,0.7684979838709677,ALIGNED
SCN_001,817,27.2,TRACKING,500.0,363.0,320.0,240.0,180.0,123.0,1.125,0.7687499999999999,0.0013020833290666722,0.0002520161290322509,0.0010416666632533378,0.00020161290322580073,1.1247395833341867,0.7686995967741935,ALIGNED
SCN_001,818,27.2333,TRACKING,501.0,364.0,320.0,240.0,181.0,124.0,1.13125,0.7750000000000001,0.006510416665813423,0.006300403225806606,0.005208333332650739,0.005040322580645285,1.1299479166668374,0.7737399193548388,ALIGNED
SCN_001,819,27.2667,TRACKING,501.0,364.0,320.0,240.0,181.0,124.0,1.13125,0.7750000000000001,0.001302083333162729,0.0012600806451613655,0.0010416666665301834,0.0010080645161290925,1.1309895833333676,0.7747479838709679,ALIGNED
SCN_001,820,27.3,TRACKING,502.0,364.0,320.0,240.0,182.0,124.0,1.1375,0.7750000000000001,0.006510416666632324,0.0002520161290322509,0.005208333333305859,0.00020161290322580073,1.1361979166666736,0.7749495967741937,ALIGNED
SCN_001,821,27.3333,TRACKING,502.0,365.0,320.0,240.0,182.0,125.0,1.1375,0.78125,0.001302083333326376,0.0063004032258062725,0.0010416666666611008,0.005040322580645018,1.1372395833333346,0.7799899193548387,ALIGNED
SCN_001,822,27.3667,TRACKING,503.0,365.0,320.0,240.0,183.0,125.0,1.14375,0.78125,0.006510416666665408,0.0012600806451612545,0.005208333333332327,0.0010080645161290036,1.142447916666667,0.7809979838709677,ALIGNED
SCN_001,823,27.4,TRACKING,503.0,365.0,320.0,240.0,183.0,125.0,1.14375,0.78125,0.0013020833333330373,0.0002520161290322509,0.0010416666666664299,0.00020161290322580073,1.1434895833333334,0.7811995967741936,ALIGNED
SCN_001,824,27.4333,TRACKING,504.0,366.0,320.0,240.0,184.0,126.0,1.15,0.7875000000000001,0.006510416666666519,0.006300403225806495,0.005208333333333215,0.005040322580645196,1.1486979166666667,0.7862399193548388,ALIGNED
SCN_001,825,27.4667,TRACKING,504.0,366.0,320.0,240.0,184.0,126.0,1.15,0.7875000000000001,0.0013020833333332593,0.0012600806451612545,0.0010416666666666075,0.0010080645161290036,1.1497395833333333,0.7872479838709678,ALIGNED
SCN_001,826,27.5,TRACKING,505.0,366.0,320.0,240.0,185.0,126.0,1.15625,0.7875000000000001,0.006510416666666741,0.0002520161290322509,0.005208333333333393,0.00020161290322580073,1.1549479166666667,0.7874495967741937,ALIGNED
SCN_001,827,27.5333,TRACKING,505.0,367.0,320.0,240.0,185.0,127.0,1.15625,0.79375,0.0013020833333332593,0.0063004032258062725,0.0010416666666666075,0.005040322580645018,1.1559895833333333,0.7924899193548387,ALIGNED
SCN_001,828,27.5667,TRACKING,506.0,367.0,320.0,240.0,186.0,127.0,1.1625,0.79375,0.006510416666666741,0.0012600806451612545,0.005208333333333393,0.0010080645161290036,1.1611979166666668,0.7934979838709677,ALIGNED
SCN_001,829,27.6,TRACKING,506.0,367.0,320.0,240.0,186.0,127.0,1.1625,0.79375,0.0013020833333332593,0.0002520161290322509,0.0010416666666666075,0.00020161290322580073,1.1622395833333334,0.7936995967741935,ALIGNED
SCN_001,830,27.6333,TRACKING,507.0,368.0,320.0,240.0,187.0,128.0,1.16875,0.8,0.006510416666666519,0.006300403225806495,0.005208333333333215,0.005040322580645196,1.1674479166666667,0.7987399193548388,ALIGNED
SCN_001,831,27.6667,TRACKING,507.0,368.0,320.0,240.0,187.0,128.0,1.16875,0.8,0.0013020833333332593,0.0012600806451612545,0.0010416666666666075,0.0010080645161290036,1.1684895833333333,0.7997479838709678,ALIGNED
SCN_001,832,27.7,TRACKING,508.0,368.0,320.0,240.0,188.0,128.0,1.175,0.8,0.006510416666666741,0.0002520161290322509,0.005208333333333393,0.00020161290322580073,1.1736979166666668,0.7999495967741936,ALIGNED
SCN_001,833,27.7333,TRACKING,508.0,369.0,320.0,240.0,188.0,129.0,1.175,0.8062499999999999,0.0013020833333332593,0.0063004032258062725,0.0010416666666666075,0.005040322580645018,1.1747395833333334,0.8049899193548387,ALIGNED
SCN_001,834,27.7667,TRACKING,509.0,369.0,320.0,240.0,189.0,129.0,1.18125,0.8062499999999999,0.006510416666666519,0.0012600806451612545,0.005208333333333215,0.0010080645161290036,1.1799479166666667,0.8059979838709677,ALIGNED
SCN_001,835,27.8,TRACKING,509.0,369.0,320.0,240.0,189.0,129.0,1.18125,0.8062499999999999,0.0013020833333332593,0.0002520161290322509,0.0010416666666666075,0.00020161290322580073,1.1809895833333333,0.8061995967741935,ALIGNED
SCN_001,836,27.8333,TRACKING,510.0,370.0,320.0,240.0,190.0,130.0,1.1875,0.8125,0.006510416666666741,0.006300403225806495,0.005208333333333393,0.005040322580645196,1.1861979166666667,0.8112399193548387,ALIGNED
SCN_001,837,27.8667,TRACKING,510.0,370.0,320.0,240.0,190.0,130.0,1.1875,0.8125,0.0013020833333332593,0.0012600806451612545,0.0010416666666666075,0.0010080645161290036,1.1872395833333333,0.8122479838709677,ALIGNED
SCN_001,838,27.9,TRACKING,511.0,370.0,320.0,240.0,191.0,130.0,1.19375,0.8125,0.006510416666666741,0.0002520161290322509,0.005208333333333393,0.00020161290322580073,1.1924479166666668,0.8124495967741936,ALIGNED
SCN_001,839,27.9333,TRACKING,511.0,371.0,320.0,240.0,191.0,131.0,1.19375,0.8187499999999999,0.0013020833333332593,0.0063004032258062725,0.0010416666666666075,0.005040322580645018,1.1934895833333334,0.8174899193548386,ALIGNED
SCN_001,840,27.9667,TRACKING,512.0,371.0,320.0,240.0,192.0,131.0,1.2,0.8187499999999999,0.006510416666666519,0.0012600806451612545,0.005208333333333215,0.0010080645161290036,1.1986979166666667,0.8184979838709676,ALIGNED
SCN_001,841,28.0,TRACKING,512.0,371.0,320.0,240.0,192.0,131.0,1.2,0.8187499999999999,0.0013020833333332593,0.0002520161290322509,0.0010416666666666075,0.00020161290322580073,1.1997395833333333,0.8186995967741935,ALIGNED
SCN_001,842,28.0333,TRACKING,513.0,372.0,320.0,240.0,193.0,132.0,1.20625,0.8250000000000001,0.006510416666666741,0.006300403225806606,0.005208333333333393,0.005040322580645285,1.2049479166666668,0.8237399193548387,ALIGNED
SCN_001,843,28.0667,TRACKING,513.0,372.0,320.0,240.0,193.0,132.0,1.20625,0.8250000000000001,0.0013020833333332593,0.0012600806451613655,0.0010416666666666075,0.0010080645161290925,1.2059895833333334,0.8247479838709678,ALIGNED
SCN_001,844,28.1,TRACKING,514.0,372.0,320.0,240.0,194.0,132.0,1.2125,0.8250000000000001,0.006510416666666519,0.0002520161290322509,0.005208333333333215,0.00020161290322580073,1.2111979166666667,0.8249495967741937,ALIGNED
SCN_001,845,28.1333,TRACKING,514.0,373.0,320.0,240.0,194.0,133.0,1.2125,0.83125,0.0013020833333332593,0.006300403225806384,0.0010416666666666075,0.005040322580645107,1.2122395833333333,0.8299899193548388,ALIGNED
SCN_001,846,28.1667,TRACKING,515.0,373.0,320.0,240.0,195.0,133.0,1.21875,0.83125,0.006510416666666741,0.0012600806451612545,0.005208333333333393,0.0010080645161290036,1.2174479166666667,0.8309979838709678,ALIGNED
SCN_001,847,28.2,TRACKING,515.0,373.0,320.0,240.0,195.0,133.0,1.21875,0.83125,0.0013020833333332593,0.0002520161290322509,0.0010416666666666075,0.00020161290322580073,1.2184895833333333,0.8311995967741936,ALIGNED
SCN_001,848,28.2333,TRACKING,516.0,374.0,320.0,240.0,196.0,134.0,1.225,0.8375,0.006510416666666741,0.006300403225806384,0.005208333333333393,0.005040322580645107,1.2236979166666668,0.8362399193548388,ALIGNED
SCN_001,849,28.2667,TRACKING,516.0,374.0,320.0,240.0,196.0,134.0,1.225,0.8375,0.0013020833333332593,0.0012600806451612545,0.0010416666666666075,0.0010080645161290036,1.2247395833333334,0.8372479838709678,ALIGNED
SCN_001,850,28.3,TRACKING,517.0,374.0,320.0,240.0,197.0,134.0,1.23125,0.8375,0.006510416666666519,0.0002520161290322509,0.005208333333333215,0.00020161290322580073,1.2299479166666667,0.8374495967741936,ALIGNED
SCN_001,851,28.3333,TRACKING,517.0,375.0,320.0,240.0,197.0,135.0,1.23125,0.84375,0.0013020833333332593,0.006300403225806384,0.0010416666666666075,0.005040322580645107,1.2309895833333333,0.8424899193548387,ALIGNED
SCN_001,852,28.3667,TRACKING,517.0,375.0,320.0,240.0,197.0,135.0,1.23125,0.84375,0.00026041666666665186,0.0012600806451612545,0.0002083333333333215,0.0010080645161290036,1.2311979166666667,0.8434979838709677,ALIGNED
SCN_001,853,28.4,TRACKING,518.0,375.0,320.0,240.0,198.0,135.0,1.2375,0.84375,0.006302083333333375,0.0002520161290322509,0.0050416666666667,0.00020161290322580073,1.2362395833333333,0.8436995967741936,ALIGNED
SCN_001,854,28.4333,TRACKING,518.0,376.0,320.0,240.0,198.0,136.0,1.2375,0.85,0.0012604166666667638,0.006300403225806384,0.0010083333333334111,0.005040322580645107,1.2372479166666668,0.8487399193548387,ALIGNED
SCN_001,855,28.4667,TRACKING,519.0,376.0,320.0,240.0,199.0,136.0,1.24375,0.85,0.006502083333333131,0.0012600806451612545,0.005201666666666505,0.0010080645161290036,1.2424495833333333,0.8497479838709677,ALIGNED
SCN_001,856,28.5,TRACKING,519.0,376.0,320.0,240.0,199.0,136.0,1.24375,0.85,0.0013004166666665817,0.0002520161290322509,0.0010403333333332653,0.00020161290322580073,1.2434899166666666,0.8499495967741936,ALIGNED
SCN_001,857,28.5333,TRACKING,520.0,377.0,320.0,240.0,200.0,137.0,1.25,0.85625,0.006510083333333361,0.006300403225806384,0.005208066666666689,0.005040322580645107,1.2486979833333334,0.8549899193548387,ALIGNED
SCN_001,858,28.5667,TRACKING,520.0,377.0,320.0,240.0,200.0,137.0,1.25,0.85625,0.0013020166666666277,0.0012600806451612545,0.0010416133333333022,0.0010080645161290036,1.2497395966666667,0.8559979838709677,ALIGNED
SCN_001,859,28.6,TRACKING,521.0,377.0,320.0,240.0,201.0,137.0,1.25625,0.85625,0.006510403333333414,0.0002520161290322509,0.005208322666666732,0.00020161290322580073,1.2549479193333335,0.8561995967741935,ALIGNED
SCN_001,860,28.6333,TRACKING,521.0,378.0,320.0,240.0,201.0,138.0,1.25625,0.8624999999999999,0.001302080666666594,0.006300403225806384,0.0010416645333332752,0.005040322580645107,1.2559895838666668,0.8612399193548387,ALIGNED
SCN_001,861,28.6667,TRACKING,522.0,378.0,320.0,240.0,202.0,138.0,1.2625,0.8624999999999999,0.006510416133333141,0.0012600806451612545,0.005208332906666513,0.0010080645161290036,1.2611979167733334,0.8622479838709677,ALIGNED
SCN_001,862,28.7,TRACKING,522.0,378.0,320.0,240.0,202.0,138.0,1.2625,0.8624999999999999,0.0013020832266665838,0.0002520161290322509,0.001041666581333267,0.00020161290322580073,1.2622395833546667,0.8624495967741935,ALIGNED
SCN_001,863,28.7333,TRACKING,523.0,379.0,320.0,240.0,203.0,139.0,1.26875,0.8687500000000001,0.006510416645333361,0.006300403225806606,0.005208333316266689,0.005040322580645285,1.2674479166709334,0.8674899193548388,ALIGNED
SCN_001,864,28.7667,TRACKING,523.0,379.0,320.0,240.0,203.0,139.0,1.26875,0.8687500000000001,0.0013020833290666722,0.0012600806451613655,0.0010416666632533378,0.0010080645161290925,1.2684895833341867,0.8684979838709679,ALIGNED
SCN_001,865,28.8,TRACKING,524.0,379.0,320.0,240.0,204.0,139.0,1.275,0.8687500000000001,0.006510416665813201,0.0002520161290322509,0.0052083333326505615,0.00020161290322580073,1.2736979166668372,0.8686995967741937,ALIGNED
SCN_001,866,28.8333,TRACKING,524.0,380.0,320.0,240.0,204.0,140.0,1.275,0.875,0.001302083333162729,0.0063004032258062725,0.0010416666665301834,0.005040322580645018,1.2747395833333675,0.8737399193548387,ALIGNED
SCN_001,867,28.8667,TRACKING,525.0,380.0,320.0,240.0,205.0,140.0,1.28125,0.875,0.006510416666632546,0.0012600806451612545,0.005208333333306037,0.0010080645161290036,1.2799479166666734,0.8747479838709677,ALIGNED
SCN_001,868,28.9,TRACKING,525.0,380.0,320.0,240.0,205.0,140.0,1.28125,0.875,0.001302083333326598,0.0002520161290322509,0.0010416666666612784,0.00020161290322580073,1.2809895833333347,0.8749495967741936,ALIGNED
SCN_001,869,28.9333,TRACKING,526.0,381.0,320.0,240.0,206.0,141.0,1.2875,0.8812500000000001,0.006510416666665408,0.006300403225806495,0.005208333333332327,0.005040322580645196,1.286197916666667,0.8799899193548388,ALIGNED
SCN_001,870,28.9667,TRACKING,526.0,381.0,320.0,240.0,206.0,141.0,1.2875,0.8812500000000001,0.0013020833333330373,0.0012600806451612545,0.0010416666666664299,0.0010080645161290036,1.2872395833333334,0.8809979838709678,ALIGNED
SCN_001,871,29.0,TRACKING,527.0,381.0,320.0,240.0,207.0,141.0,1.29375,0.8812500000000001,0.006510416666666519,0.0002520161290322509,0.005208333333333215,0.00020161290322580073,1.2924479166666667,0.8811995967741937,ALIGNED
SCN_001,872,29.0333,TRACKING,527.0,382.0,320.0,240.0,207.0,142.0,1.29375,0.8875,0.0013020833333332593,0.0063004032258062725,0.0010416666666666075,0.005040322580645018,1.2934895833333333,0.8862399193548387,ALIGNED
SCN_001,873,29.0667,TRACKING,528.0,382.0,320.0,240.0,208.0,142.0,1.3,0.8875,0.006510416666666741,0.0012600806451612545,0.005208333333333393,0.0010080645161290036,1.2986979166666668,0.8872479838709677,ALIGNED
SCN_001,874,29.1,TRACKING,528.0,382.0,320.0,240.0,208.0,142.0,1.3,0.8875,0.0013020833333332593,0.0002520161290322509,0.0010416666666666075,0.00020161290322580073,1.2997395833333334,0.8874495967741935,ALIGNED
SCN_001,875,29.1333,TRACKING,529.0,383.0,320.0,240.0,209.0,143.0,1.30625,0.89375,0.006510416666666519,0.006300403225806495,0.005208333333333215,0.005040322580645196,1.3049479166666667,0.8924899193548388,ALIGNED
SCN_001,876,29.1667,TRACKING,529.0,383.0,320.0,240.0,209.0,143.0,1.30625,0.89375,0.0013020833333332593,0.0012600806451612545,0.0010416666666666075,0.0010080645161290036,1.3059895833333333,0.8934979838709678,ALIGNED
SCN_001,877,29.2,TRACKING,530.0,383.0,320.0,240.0,210.0,143.0,1.3125,0.89375,0.006510416666666741,0.0002520161290322509,0.005208333333333393,0.00020161290322580073,1.3111979166666667,0.8936995967741936,ALIGNED
SCN_001,878,29.2333,TRACKING,530.0,384.0,320.0,240.0,210.0,144.0,1.3125,0.8999999999999999,0.0013020833333332593,0.0063004032258062725,0.0010416666666666075,0.005040322580645018,1.3122395833333333,0.8987399193548387,ALIGNED
SCN_001,879,29.2667,TRACKING,531.0,384.0,320.0,240.0,211.0,144.0,1.31875,0.8999999999999999,0.006510416666666741,0.0012600806451612545,0.005208333333333393,0.0010080645161290036,1.3174479166666668,0.8997479838709677,ALIGNED
SCN_001,880,29.3,TRACKING,531.0,384.0,320.0,240.0,211.0,144.0,1.31875,0.8999999999999999,0.0013020833333332593,0.0002520161290322509,0.0010416666666666075,0.00020161290322580073,1.3184895833333334,0.8999495967741935,ALIGNED
SCN_001,881,29.3333,TRACKING,532.0,385.0,320.0,240.0,212.0,145.0,1.325,0.90625,0.006510416666666519,0.006300403225806495,0.005208333333333215,0.005040322580645196,1.3236979166666667,0.9049899193548387,ALIGNED
SCN_001,882,29.3667,TRACKING,532.0,385.0,320.0,240.0,212.0,145.0,1.325,0.90625,0.0013020833333332593,0.0012600806451612545,0.0010416666666666075,0.0010080645161290036,1.3247395833333333,0.9059979838709677,ALIGNED
SCN_001,883,29.4,TRACKING,533.0,385.0,320.0,240.0,213.0,145.0,1.33125,0.90625,0.006510416666666741,0.0002520161290322509,0.005208333333333393,0.00020161290322580073,1.3299479166666668,0.9061995967741936,ALIGNED
SCN_001,884,29.4333,TRACKING,533.0,386.0,320.0,240.0,213.0,146.0,1.33125,0.9124999999999999,0.0013020833333332593,0.0063004032258062725,0.0010416666666666075,0.005040322580645018,1.3309895833333334,0.9112399193548386,ALIGNED
SCN_001,885,29.4667,TRACKING,534.0,386.0,320.0,240.0,214.0,146.0,1.3375,0.9124999999999999,0.006510416666666519,0.0012600806451612545,0.005208333333333215,0.0010080645161290036,1.3361979166666667,0.9122479838709676,ALIGNED
SCN_001,886,29.5,TRACKING,534.0,386.0,320.0,240.0,214.0,146.0,1.3375,0.9124999999999999,0.0013020833333332593,0.0002520161290322509,0.0010416666666666075,0.00020161290322580073,1.3372395833333333,0.9124495967741935,ALIGNED
SCN_001,887,29.5333,TRACKING,535.0,387.0,320.0,240.0,215.0,147.0,1.34375,0.9187500000000001,0.006510416666666741,0.006300403225806606,0.005208333333333393,0.005040322580645285,1.3424479166666667,0.9174899193548387,ALIGNED
SCN_001,888,29.5667,TRACKING,535.0,387.0,320.0,240.0,215.0,147.0,1.34375,0.9187500000000001,0.0013020833333332593,0.0012600806451613655,0.0010416666666666075,0.0010080645161290925,1.3434895833333333,0.9184979838709678,ALIGNED
SCN_001,889,29.6,TRACKING,536.0,387.0,320.0,240.0,216.0,147.0,1.35,0.9187500000000001,0.006510416666666741,0.0002520161290322509,0.005208333333333393,0.00020161290322580073,1.3486979166666668,0.9186995967741937,ALIGNED
SCN_001,890,29.6333,TRACKING,536.0,388.0,320.0,240.0,216.0,148.0,1.35,0.925,0.0013020833333332593,0.006300403225806384,0.0010416666666666075,0.005040322580645107,1.3497395833333334,0.9237399193548388,ALIGNED
SCN_001,891,29.6667,TRACKING,537.0,388.0,320.0,240.0,217.0,148.0,1.35625,0.925,0.006510416666666519,0.0012600806451612545,0.005208333333333215,0.0010080645161290036,1.3549479166666667,0.9247479838709678,ALIGNED
SCN_001,892,29.7,TRACKING,537.0,388.0,320.0,240.0,217.0,148.0,1.35625,0.925,0.0013020833333332593,0.0002520161290322509,0.0010416666666666075,0.00020161290322580073,1.3559895833333333,0.9249495967741936,ALIGNED
SCN_001,893,29.7333,TRACKING,538.0,389.0,320.0,240.0,218.0,149.0,1.3625,0.93125,0.006510416666666741,0.006300403225806384,0.005208333333333393,0.005040322580645107,1.3611979166666668,0.9299899193548388,ALIGNED
SCN_001,894,29.7667,TRACKING,538.0,389.0,320.0,240.0,218.0,149.0,1.3625,0.93125,0.0013020833333332593,0.0012600806451612545,0.0010416666666666075,0.0010080645161290036,1.3622395833333334,0.9309979838709678,ALIGNED
SCN_001,895,29.8,TRACKING,539.0,389.0,320.0,240.0,219.0,149.0,1.36875,0.93125,0.006510416666666519,0.0002520161290322509,0.005208333333333215,0.00020161290322580073,1.3674479166666667,0.9311995967741936,ALIGNED
SCN_001,896,29.8333,TRACKING,539.0,390.0,320.0,240.0,219.0,150.0,1.36875,0.9375,0.0013020833333332593,0.006300403225806384,0.0010416666666666075,0.005040322580645107,1.3684895833333333,0.9362399193548387,ALIGNED
SCN_001,897,29.8667,TRACKING,540.0,390.0,320.0,240.0,220.0,150.0,1.375,0.9375,0.006510416666666741,0.0012600806451612545,0.005208333333333393,0.0010080645161290036,1.3736979166666667,0.9372479838709677,ALIGNED
SCN_001,898,29.9,TRACKING,540.0,390.0,320.0,240.0,220.0,150.0,1.375,0.9375,0.0013020833333332593,0.0002520161290322509,0.0010416666666666075,0.00020161290322580073,1.3747395833333333,0.9374495967741936,ALIGNED
SCN_001,899,29.9333,TRACKING,540.0,391.0,320.0,240.0,220.0,151.0,1.375,0.94375,0.00026041666666665186,0.006300403225806384,0.0002083333333333215,0.005040322580645107,1.3749479166666667,0.9424899193548387,ALIGNED
SCN_001,900,29.9667,TRACKING,541.0,391.0,320.0,240.0,221.0,151.0,1.38125,0.94375,0.006302083333333375,0.0012600806451612545,0.0050416666666667,0.0010080645161290036,1.3799895833333333,0.9434979838709677,ALIGNED
