scenario_id,frame_id,timestamp,tracking_status,tracked_x,tracked_y,image_center_x,image_center_y,pixel_error_x,pixel_error_y,target_angle_x,target_angle_y,remaining_error_x,remaining_error_y,pan_command,tilt_command,virtual_pan,virtual_tilt,alignment_status
SCN_007,1,0.0,ACQUIRING,325.5,258.5,320.0,240.0,5.5,18.5,0.034375,0.115625,0.034375,0.115625,0.027500000000000004,0.09250000000000001,0.027500000000000004,0.09250000000000001,ALIGNING
SCN_007,2,0.0333,ACQUIRING,328.5,261.5,320.0,240.0,8.5,21.5,0.053125,0.134375,0.025624999999999995,0.04187499999999998,0.020499999999999997,0.03349999999999999,0.048,0.126,ALIGNED
SCN_007,3,0.0667,TRACKING,329.5,252.5,320.0,240.0,9.5,12.5,0.059375,0.078125,0.011374999999999996,-0.047875,0.009099999999999997,-0.0383,0.0571,0.0877,ALIGNED
SCN_007,4,0.1,TRACKING,332.5,244.5,320.0,240.0,12.5,4.5,0.078125,0.028124999999999997,0.021025000000000002,-0.059575,0.01682,-0.04766000000000001,0.07392,0.04003999999999999,ALIGNING
SCN_007,5,0.1333,TRACKING,329.5,246.5,320.0,240.0,9.5,6.5,0.059375,0.040625,-0.014545000000000002,0.0005850000000000091,-0.011636000000000002,0.0004680000000000073,0.062284,0.040508,ALIGNED
SCN_007,6,0.1667,TRACKING,323.5,257.5,320.0,240.0,3.5,17.5,0.021875,0.109375,-0.040409,0.068867,-0.0323272,0.0550936,0.0299568,0.09560160000000001,ALIGNING
SCN_007,7,0.2,TRACKING,324.5,270.5,320.0,240.0,4.5,30.5,0.028125,0.190625,-0.001831799999999998,0.09502339999999998,-0.0014654399999999984,0.07601871999999998,0.02849136,0.17162032,ALIGNING
SCN_007,8,0.2333,TRACKING,341.5,274.5,320.0,240.0,21.5,34.5,0.134375,0.21562499999999998,0.10588364,0.04400467999999999,0.08470691200000001,0.035203743999999995,0.11319827200000002,0.20682406399999997,ALIGNING
SCN_007,9,0.2667,TRACKING,354.5,273.5,320.0,240.0,34.5,33.5,0.215625,0.209375,0.102426728,0.0025509360000000314,0.0819413824,0.002040748800000025,0.19513965440000003,0.2088648128,ALIGNING
SCN_007,10,0.3,TRACKING,351.5,275.5,320.0,240.0,31.5,35.5,0.196875,0.221875,0.0017353455999999656,0.013010187199999995,0.0013882764799999726,0.010408149759999997,0.19652793088,0.21927296255999998,ALIGNED
SCN_007,11,0.3333,TRACKING,339.5,277.5,320.0,240.0,19.5,37.5,0.121875,0.234375,-0.07465293088000001,0.015102037440000021,-0.05972234470400001,0.012081629952000017,0.136805586176,0.231354592512,ALIGNING
SCN_007,12,0.3667,TRACKING,336.5,274.5,320.0,240.0,16.5,34.5,0.103125,0.21562499999999998,-0.033680586176000005,-0.015729592512000012,-0.026944468940800007,-0.012583674009600011,0.10986111723519999,0.2187709185024,ALIGNED
SCN_007,13,0.4,TRACKING,343.5,268.5,320.0,240.0,23.5,28.5,0.146875,0.17812499999999998,0.03701388276480001,-0.040645918502400014,0.029611106211840012,-0.032516734801920015,0.13947222344704,0.18625418370047997,ALIGNED
SCN_007,14,0.4333,TRACKING,352.5,271.5,320.0,240.0,32.5,31.5,0.203125,0.19687500000000002,0.06365277655296,0.010620816299520053,0.050922221242368004,0.008496653039616043,0.190394444689408,0.19475083674009602,ALIGNING
SCN_007,15,0.4667,TRACKING,355.5,283.5,320.0,240.0,35.5,43.5,0.221875,0.271875,0.03148055531059199,0.07712416325990396,0.025184444248473593,0.06169933060792317,0.2155788889378816,0.2564501673480192,ALIGNING
SCN_007,16,0.5,TRACKING,362.5,298.5,320.0,240.0,42.5,58.5,0.265625,0.365625,0.0500461110621184,0.1091748326519808,0.040036888849694724,0.08733986612158465,0.2556157777875763,0.3437900334696038,ALIGNING
SCN_007,17,0.5333,TRACKING,367.5,301.5,320.0,240.0,47.5,61.5,0.296875,0.38437499999999997,0.041259222212423674,0.04058496653039617,0.03300737776993894,0.03246797322431694,0.2886231555575153,0.37625800669392073,ALIGNED
SCN_007,18,0.5667,TRACKING,363.5,297.5,320.0,240.0,43.5,57.5,0.271875,0.359375,-0.0167481555575153,-0.016883006693920732,-0.01339852444601224,-0.013506405355136586,0.275224631111503,0.36275160133878415,ALIGNED
SCN_007,19,0.6,TRACKING,352.5,288.5,320.0,240.0,32.5,48.5,0.203125,0.303125,-0.07209963111150303,-0.05962660133878417,-0.057679704889202425,-0.047701281071027335,0.2175449262223006,0.3150503202677568,ALIGNING
SCN_007,20,0.6333,TRACKING,354.5,290.5,320.0,240.0,34.5,50.5,0.215625,0.315625,-0.001919926222300583,0.0005746797322431774,-0.0015359409778404665,0.00045974378579454194,0.21600898524446013,0.31551006405355136,ALIGNED
SCN_007,21,0.6667,TRACKING,368.5,294.5,320.0,240.0,48.5,54.5,0.303125,0.340625,0.08711601475553984,0.025114935946448647,0.06969281180443188,0.020091948757158917,0.285701797048892,0.3356020128107103,ALIGNING
SCN_007,22,0.7,TRACKING,383.5,298.5,320.0,240.0,63.5,58.5,0.396875,0.365625,0.111173202951108,0.030022987189289696,0.0889385623608864,0.024018389751431758,0.37464035940977836,0.35962040256214206,ALIGNING
SCN_007,23,0.7333,TRACKING,381.5,300.5,320.0,240.0,61.5,60.5,0.384375,0.378125,0.009734640590221666,0.018504597437857928,0.007787712472177333,0.014803677950286344,0.3824280718819557,0.3744240805124284,ALIGNED
SCN_007,24,0.7667,TRACKING,372.5,308.5,320.0,240.0,52.5,68.5,0.328125,0.428125,-0.05430307188195571,0.05370091948757155,-0.04344245750556457,0.042960735590057246,0.33898561437639113,0.4173848161024857,ALIGNING
SCN_007,25,0.8,TRACKING,372.5,317.5,320.0,240.0,52.5,77.5,0.328125,0.484375,-0.010860614376391131,0.06699018389751432,-0.008688491501112906,0.05359214711801146,0.33029712287527824,0.47097696322049715,ALIGNING
SCN_007,26,0.8333,TRACKING,375.5,319.5,320.0,240.0,55.5,79.5,0.346875,0.49687499999999996,0.01657787712472175,0.02589803677950281,0.013262301699777402,0.020718429423602247,0.3435594245750556,0.4916953926440994,ALIGNED
SCN_007,27,0.8667,TRACKING,377.5,310.5,320.0,240.0,57.5,70.5,0.359375,0.44062500000000004,0.015815575424944384,-0.05107039264409935,0.012652460339955507,-0.040856314115279485,0.3562118849150111,0.4508390785288199,ALIGNING
SCN_007,28,0.9,TRACKING,382.5,301.5,320.0,240.0,62.5,61.5,0.390625,0.38437499999999997,0.0344131150849889,-0.06646407852881991,0.02753049206799112,-0.05317126282305593,0.38374237698300223,0.3976678157057639,ALIGNING
SCN_007,29,0.9333,TRACKING,394.5,303.5,320.0,240.0,74.5,63.5,0.465625,0.396875,0.08188262301699778,-0.0007928157057639496,0.06550609841359822,-0.0006342525646111597,0.44924847539660046,0.3970335631411528,ALIGNING
SCN_007,30,0.9667,TRACKING,401.5,314.5,320.0,240.0,81.5,74.5,0.509375,0.465625,0.06012652460339957,0.06859143685884722,0.04810121968271966,0.05487314948707778,0.49734969507932014,0.45190671262823057,ALIGNING
SCN_007,31,1.0,TRACKING,392.5,325.5,320.0,240.0,72.5,85.5,0.453125,0.534375,-0.04422469507932014,0.08246828737176948,-0.035379756063456114,0.06597462989741558,0.46196993901586403,0.5178813425256461,ALIGNING
SCN_007,32,1.0333,TRACKING,379.5,325.5,320.0,240.0,59.5,85.5,0.371875,0.534375,-0.09009493901586402,0.01649365747435394,-0.07207595121269121,0.013194925979483152,0.3898939878031728,0.5310762685051292,ALIGNING
SCN_007,33,1.0667,TRACKING,383.5,324.5,320.0,240.0,63.5,84.5,0.396875,0.5281250000000001,0.006981012196827174,-0.0029512685051291676,0.00558480975746174,-0.002361014804103334,0.39547879756063453,0.5287152537010259,ALIGNED
SCN_007,34,1.1,TRACKING,398.5,327.5,320.0,240.0,78.5,87.5,0.490625,0.546875,0.09514620243936545,0.0181597462989741,0.07611696195149237,0.01452779703917928,0.4715957595121269,0.5432430507402052,ALIGNING
SCN_007,35,1.1333,TRACKING,408.5,328.5,320.0,240.0,88.5,88.5,0.553125,0.5531250000000001,0.08152924048787308,0.009881949259794909,0.06522339239029847,0.007905559407835928,0.5368191519024254,0.5511486101480411,ALIGNING
SCN_007,36,1.1667,TRACKING,405.5,321.5,320.0,240.0,85.5,81.5,0.534375,0.509375,-0.0024441519024253067,-0.04177361014804104,-0.0019553215219402452,-0.033418888118432834,0.5348638303804851,0.5177297220296082,ALIGNED
SCN_007,37,1.2,TRACKING,405.5,315.5,320.0,240.0,85.5,75.5,0.534375,0.471875,-0.0004888303804850835,-0.04585472202960822,-0.00039106430438806683,-0.036683777623686575,0.5344727660760971,0.48104594440592163,ALIGNED
SCN_007,38,1.2333,TRACKING,405.5,319.5,320.0,240.0,85.5,79.5,0.534375,0.49687499999999996,-9.776607609701671e-05,0.015829055594078323,-7.821286087761337e-05,0.01266324447526266,0.5343945532152194,0.4937091888811843,ALIGNED
SCN_007,39,1.2667,TRACKING,401.5,332.5,320.0,240.0,81.5,92.5,0.509375,0.578125,-0.025019553215219426,0.08441581111881569,-0.020015642572175543,0.06753264889505255,0.5143789106430439,0.5612418377762368,ALIGNING
SCN_007,40,1.3,TRACKING,398.5,344.5,320.0,240.0,78.5,104.5,0.490625,0.653125,-0.023753910643043885,0.09188316222376314,-0.01900312851443511,0.07350652977901051,0.4953757821286088,0.6347483675552473,ALIGNING
SCN_007,41,1.3333,TRACKING,406.5,341.5,320.0,240.0,86.5,101.5,0.540625,0.634375,0.045249217871391245,-0.0003733675552473059,0.036199374297113,-0.0002986940441978448,0.5315751564257217,0.6344496735110495,ALIGNED
SCN_007,42,1.3667,TRACKING,420.5,333.5,320.0,240.0,100.5,93.5,0.628125,0.584375,0.09654984357427832,-0.05007467351104955,0.07723987485942266,-0.040059738808839646,0.6088150312851444,0.5943899347022099,ALIGNING
SCN_007,43,1.4,TRACKING,428.5,326.5,320.0,240.0,108.5,86.5,0.678125,0.540625,0.06930996871485562,-0.05376493470220989,0.0554479749718845,-0.043011947761767914,0.6642630062570288,0.551377986940442,ALIGNING
SCN_007,44,1.4333,TRACKING,419.5,328.5,320.0,240.0,99.5,88.5,0.621875,0.5531250000000001,-0.042388006257028876,0.0017470130595580446,-0.033910405005623104,0.0013976104476464358,0.6303526012514057,0.5527755973880885,ALIGNED
SCN_007,45,1.4667,TRACKING,407.5,331.5,320.0,240.0,87.5,91.5,0.546875,0.5718749999999999,-0.08347760125140569,0.019099402611911453,-0.06678208100112455,0.015279522089529164,0.5635705202502811,0.5680551194776177,ALIGNING
SCN_007,46,1.5,TRACKING,411.5,332.5,320.0,240.0,91.5,92.5,0.571875,0.578125,0.00830447974971893,0.010069880522382335,0.0066435837997751435,0.008055904417905869,0.5702141040500562,0.5761110238955235,ALIGNED
SCN_007,47,1.5333,TRACKING,421.5,333.5,320.0,240.0,101.5,93.5,0.634375,0.584375,0.06416089594994379,0.00826397610447649,0.05132871675995503,0.006611180883581192,0.6215428208100112,0.5827222047791046,ALIGNING
SCN_007,48,1.5667,TRACKING,428.5,340.5,320.0,240.0,108.5,100.5,0.678125,0.628125,0.05658217918998876,0.04540279522089541,0.04526574335199101,0.03632223617671633,0.6668085641620022,0.619044440955821,ALIGNING
SCN_007,49,1.6,TRACKING,429.5,347.5,320.0,240.0,109.5,107.5,0.684375,0.671875,0.017566435837997774,0.05283055904417899,0.01405314867039822,0.0422644472353432,0.6808617128324004,0.6613088881911642,ALIGNING
SCN_007,50,1.6333,TRACKING,432.5,345.5,320.0,240.0,112.5,105.5,0.703125,0.659375,0.02226328716759962,-0.0019338881911641348,0.017810629734079698,-0.001547110552931308,0.69867234256648,0.6597617776382328,ALIGNED
SCN_007,51,1.6667,TRACKING,434.5,334.5,320.0,240.0,114.5,94.5,0.715625,0.590625,0.016952657433519924,-0.0691367776382329,0.01356212594681594,-0.055309422110586315,0.712234468513296,0.6044523555276465,ALIGNING
SCN_007,52,1.7,TRACKING,426.5,323.5,320.0,240.0,106.5,83.5,0.665625,0.521875,-0.04660946851329595,-0.08257735552764656,-0.03728757481063676,-0.06606188442211725,0.6749468937026593,0.5383904711055293,ALIGNING
SCN_007,53,1.7333,TRACKING,419.5,327.5,320.0,240.0,99.5,87.5,0.621875,0.546875,-0.0530718937026593,0.008484528894470711,-0.04245751496212744,0.006787623115576569,0.6324893787405318,0.5451780942211059,ALIGNING
SCN_007,54,1.7667,TRACKING,427.5,337.5,320.0,240.0,107.5,97.5,0.671875,0.609375,0.039385621259468206,0.06419690577889414,0.03150849700757457,0.05135752462311532,0.6639978757481063,0.5965356188442211,ALIGNING
SCN_007,55,1.8,TRACKING,444.5,344.5,320.0,240.0,124.5,104.5,0.778125,0.653125,0.11412712425189364,0.05658938115577883,0.09130169940151492,0.04527150492462306,0.7552995751496212,0.6418071237688442,ALIGNING
SCN_007,56,1.8333,TRACKING,451.5,343.5,320.0,240.0,131.5,103.5,0.821875,0.6468750000000001,0.06657542485037882,0.005067876231155899,0.053260339880303056,0.004054300984924719,0.8085599150299243,0.645861424753769,ALIGNING
SCN_007,57,1.8667,TRACKING,442.5,341.5,320.0,240.0,122.5,101.5,0.765625,0.634375,-0.0429349150299243,-0.011486424753768931,-0.034347932023939445,-0.009189139803015145,0.7742119830059848,0.6366722849507538,ALIGNED
SCN_007,58,1.9,TRACKING,430.5,340.5,320.0,240.0,110.5,100.5,0.690625,0.628125,-0.08358698300598477,-0.008547284950753742,-0.06686958640478782,-0.006837827960602994,0.707342396601197,0.6298344569901508,ALIGNING
SCN_007,59,1.9333,TRACKING,433.5,336.5,320.0,240.0,113.5,96.5,0.709375,0.603125,0.002032603398802957,-0.026709456990150815,0.0016260827190423656,-0.021367565592120653,0.7089684793202394,0.6084668913980302,ALIGNED
SCN_007,60,1.9667,TRACKING,441.5,331.5,320.0,240.0,121.5,91.5,0.759375,0.5718749999999999,0.05040652067976059,-0.03659189139803032,0.040325216543808474,-0.029273513118424258,0.7492936958640479,0.5791933782796059,ALIGNING
SCN_007,61,2.0,TRACKING,444.5,323.5,320.0,240.0,124.5,83.5,0.778125,0.521875,0.02883130413595203,-0.05731837827960595,0.023065043308761624,-0.04585470262368477,0.7723587391728095,0.5333386756559212,ALIGNING
SCN_007,62,2.0333,TRACKING,447.5,327.5,320.0,240.0,127.5,87.5,0.796875,0.546875,0.024516260827190495,0.01353632434407881,0.019613008661752397,0.010829059475263048,0.7919717478345619,0.5441677351311842,ALIGNED
SCN_007,63,2.0667,TRACKING,457.5,337.5,320.0,240.0,137.5,97.5,0.859375,0.609375,0.06740325216543808,0.06520726486881578,0.053922601732350466,0.05216581189505263,0.8458943495669123,0.5963335470262369,ALIGNING
SCN_007,64,2.1,TRACKING,457.5,345.5,320.0,240.0,137.5,105.5,0.859375,0.659375,0.01348065043308766,0.06304145297376318,0.01078452034647013,0.05043316237901055,0.8566788699133825,0.6467667094052474,ALIGNING
SCN_007,65,2.1333,TRACKING,445.5,340.5,320.0,240.0,125.5,100.5,0.784375,0.628125,-0.07230386991338245,-0.018641709405247342,-0.05784309593070596,-0.014913367524197875,0.7988357739826766,0.6318533418810495,ALIGNING
SCN_007,66,2.1667,TRACKING,437.5,328.5,320.0,240.0,117.5,88.5,0.734375,0.5531250000000001,-0.06446077398267658,-0.07872834188104938,-0.051568619186141265,-0.0629826735048395,0.7472671547965353,0.5688706683762099,ALIGNING
SCN_007,67,2.2,TRACKING,444.5,323.5,320.0,240.0,124.5,83.5,0.778125,0.521875,0.030857845203464684,-0.04699566837620994,0.024686276162771748,-0.03759653470096796,0.771953430959307,0.531274133675242,ALIGNED
SCN_007,68,2.2333,TRACKING,464.5,322.5,320.0,240.0,144.5,82.5,0.903125,0.515625,0.13117156904069294,-0.01564913367524201,0.10493725523255436,-0.01251930694019361,0.8768906861918614,0.5187548267350484,ALIGNING
SCN_007,69,2.2667,TRACKING,466.5,323.5,320.0,240.0,146.5,83.5,0.915625,0.521875,0.03873431380813863,0.00312017326495162,0.030987451046510905,0.002496138611961296,0.9078781372383723,0.5212509653470097,ALIGNED
SCN_007,70,2.3,TRACKING,458.5,322.5,320.0,240.0,138.5,82.5,0.865625,0.515625,-0.04225313723837232,-0.005625965347009654,-0.033802509790697856,-0.004500772277607723,0.8740756274476744,0.516750193069402,ALIGNED
SCN_007,71,2.3333,TRACKING,453.5,322.5,320.0,240.0,133.5,82.5,0.834375,0.515625,-0.03970062744767444,-0.001125193069401953,-0.03176050195813956,-0.0009001544555215624,0.8423151254895349,0.5158500386138803,ALIGNED
SCN_007,72,2.3667,TRACKING,453.5,329.5,320.0,240.0,133.5,89.5,0.834375,0.559375,-0.007940125489534933,0.04352496138611961,-0.0063521003916279465,0.03481996910889569,0.835963025097907,0.5506700077227761,ALIGNED
SCN_007,73,2.4,TRACKING,453.5,333.5,320.0,240.0,133.5,93.5,0.834375,0.584375,-0.0015880250979070087,0.0337049922772239,-0.001270420078325607,0.026963993821779123,0.8346926050195814,0.5776340015445552,ALIGNED
SCN_007,74,2.4333,TRACKING,454.5,326.5,320.0,240.0,134.5,86.5,0.840625,0.540625,0.005932394980418532,-0.03700900154455522,0.004745915984334825,-0.029607201235644177,0.8394385210039162,0.548026800308911,ALIGNED
SCN_007,75,2.4667,TRACKING,462.5,312.5,320.0,240.0,142.5,72.5,0.890625,0.453125,0.05118647899608375,-0.09490180030891104,0.040949183196867,-0.07592144024712884,0.8803877042007833,0.4721053600617822,ALIGNING
SCN_007,76,2.5,TRACKING,475.5,303.5,320.0,240.0,155.5,63.5,0.971875,0.396875,0.09148729579921677,-0.07523036006178224,0.07318983663937342,-0.0601842880494258,0.9535775408401567,0.4119210720123564,ALIGNING
SCN_007,77,2.5333,TRACKING,474.5,304.5,320.0,240.0,154.5,64.5,0.965625,0.40312499999999996,0.012047459159843288,-0.008796072012356437,0.009637967327874631,-0.00703685760988515,0.9632155081680313,0.40488421440247124,ALIGNED
SCN_007,78,2.5667,TRACKING,460.5,314.5,320.0,240.0,140.5,74.5,0.878125,0.465625,-0.08509050816803121,0.06074078559752877,-0.06807240653442496,0.048592628478023016,0.8951431016336063,0.4534768428804943,ALIGNING
SCN_007,79,2.6,TRACKING,450.5,318.5,320.0,240.0,130.5,78.5,0.815625,0.490625,-0.07951810163360629,0.0371481571195057,-0.06361448130688503,0.02971852569560456,0.8315286203267213,0.48319536857609885,ALIGNING
SCN_007,80,2.6333,TRACKING,458.5,313.5,320.0,240.0,138.5,73.5,0.865625,0.45937500000000003,0.03409637967327872,-0.023820368576098816,0.02727710373862298,-0.019056294860879053,0.8588057240653443,0.4641390737152198,ALIGNED
SCN_007,81,2.6667,TRACKING,471.5,309.5,320.0,240.0,151.5,69.5,0.946875,0.43437500000000007,0.08806927593465574,-0.02976407371521972,0.0704554207477246,-0.023811258972175776,0.9292611448130689,0.440327814743044,ALIGNING
SCN_007,82,2.7,TRACKING,474.5,311.5,320.0,240.0,154.5,71.5,0.965625,0.446875,0.03636385518693108,0.006547185256956023,0.029091084149544866,0.005237748205564819,0.9583522289626137,0.44556556294860883,ALIGNED
SCN_007,83,2.7333,TRACKING,472.5,303.5,320.0,240.0,152.5,63.5,0.953125,0.396875,-0.005227228962613739,-0.04869056294860885,-0.004181783170090991,-0.038952450358887086,0.9541704457925227,0.40661311258972177,ALIGNED
SCN_007,84,2.7667,TRACKING,472.5,293.5,320.0,240.0,152.5,53.5,0.953125,0.33437500000000003,-0.0010454457925227478,-0.07223811258972174,-0.0008363566340181983,-0.05779049007177739,0.9533340891585046,0.3488226225179444,ALIGNING
SCN_007,85,2.8,TRACKING,469.5,286.5,320.0,240.0,149.5,46.5,0.934375,0.290625,-0.01895908915850464,-0.05819762251794436,-0.015167271326803712,-0.04655809801435549,0.9381668178317009,0.30226452450358887,ALIGNING
SCN_007,86,2.8333,TRACKING,461.5,290.5,320.0,240.0,141.5,50.5,0.884375,0.315625,-0.05379181783170084,0.013360475496411117,-0.04303345426536068,0.010688380397128895,0.8951333635663402,0.31295290490071775,ALIGNING
SCN_007,87,2.8667,TRACKING,459.5,301.5,320.0,240.0,139.5,61.5,0.871875,0.38437499999999997,-0.023258363566340257,0.07142209509928221,-0.018606690853072205,0.05713767607942577,0.876526672713268,0.3700905809801435,ALIGNING
SCN_007,88,2.9,TRACKING,472.5,303.5,320.0,240.0,152.5,63.5,0.953125,0.396875,0.076598327286732,0.026784419019856454,0.0612786618293856,0.021427535215885165,0.9378053345426536,0.39151811619602866,ALIGNING
SCN_007,89,2.9333,TRACKING,485.5,295.5,320.0,240.0,165.5,55.5,1.034375,0.34687500000000004,0.09656966545734647,-0.04464311619602862,0.07725573236587718,-0.0357144929568229,1.0150610669085307,0.3558036232392058,ALIGNING
SCN_007,90,2.9667,TRACKING,484.5,283.5,320.0,240.0,164.5,43.5,1.028125,0.271875,0.013063933091469249,-0.0839286232392058,0.0104511464731754,-0.06714289859136464,1.025512213381706,0.28866072464784115,ALIGNING
SCN_007,91,3.0,TRACKING,467.5,277.5,320.0,240.0,147.5,37.5,0.921875,0.234375,-0.10363721338170606,-0.05428572464784115,-0.08290977070536486,-0.04342857971827292,0.9426024426763412,0.24523214492956824,ALIGNING
SCN_007,92,3.0333,TRACKING,460.5,276.5,320.0,240.0,140.5,36.5,0.878125,0.22812499999999997,-0.06447744267634115,-0.017107144929568274,-0.05158195414107292,-0.01368571594365462,0.8910204885352683,0.23154642898591363,ALIGNING
SCN_007,93,3.0667,TRACKING,466.5,275.5,320.0,240.0,146.5,35.5,0.915625,0.221875,0.02460451146473175,-0.009671428985913638,0.0196836091717854,-0.007737143188730911,0.9107040977070536,0.2238092857971827,ALIGNED
SCN_007,94,3.1,TRACKING,474.5,271.5,320.0,240.0,154.5,31.5,0.965625,0.19687500000000002,0.05492090229294633,-0.026934285797182683,0.04393672183435707,-0.021547428637746148,0.9546408195414107,0.20226185715943656,ALIGNING
SCN_007,95,3.1333,TRACKING,476.5,273.5,320.0,240.0,156.5,33.5,0.978125,0.209375,0.023484180458589354,0.007113142840563441,0.018787344366871486,0.005690514272450754,0.9734281639082821,0.20795237143188733,ALIGNED
SCN_007,96,3.1667,TRACKING,479.5,279.5,320.0,240.0,159.5,39.5,0.996875,0.246875,0.023446836091717826,0.03892262856811268,0.01875746887337426,0.031138102854490146,0.9921856327816564,0.23909047428637747,ALIGNED
SCN_007,97,3.2,TRACKING,482.5,279.5,320.0,240.0,162.5,39.5,1.015625,0.246875,0.02343936721834361,0.0077845257136225365,0.018751493774674888,0.00622762057089803,1.0109371265563314,0.24531809485727551,ALIGNED
SCN_007,98,3.2333,TRACKING,476.5,269.5,320.0,240.0,156.5,29.5,0.978125,0.18437499999999998,-0.03281212655633137,-0.06094309485727553,-0.026249701245065094,-0.04875447588582043,0.9846874253112663,0.19656361897145508,ALIGNING
SCN_007,99,3.2667,TRACKING,463.5,253.5,320.0,240.0,143.5,13.5,0.896875,0.084375,-0.08781242531126632,-0.11218861897145507,-0.07024994024901306,-0.08975089517716406,0.9144374850622532,0.10681272379429102,ALIGNING
SCN_007,100,3.3,TRACKING,461.5,245.5,320.0,240.0,141.5,5.5,0.884375,0.034374999999999996,-0.030062485062253175,-0.07243772379429103,-0.024049988049802542,-0.05795017903543283,0.8903874970124507,0.04886254475885819,ALIGNING
SCN_007,101,3.3333,TRACKING,473.5,250.5,320.0,240.0,153.5,10.5,0.959375,0.06562499999999999,0.0689875029875493,0.016762455241141797,0.05519000239003944,0.013409964192913439,0.9455774994024901,0.06227250895177163,ALIGNING
SCN_007,102,3.3667,TRACKING,490.5,256.5,320.0,240.0,170.5,16.5,1.065625,0.10312500000000001,0.1200475005975099,0.04085249104822838,0.09603800047800792,0.0326819928385827,1.041615499880498,0.09495450179035433,ALIGNING
SCN_007,103,3.4,TRACKING,485.5,256.5,320.0,240.0,165.5,16.5,1.034375,0.10312500000000001,-0.007240499880498019,0.008170498209645674,-0.005792399904398416,0.006536398567716539,1.0358230999760996,0.10149090035807087,ALIGNED
SCN_007,104,3.4333,TRACKING,473.5,252.5,320.0,240.0,153.5,12.5,0.959375,0.078125,-0.07644809997609958,-0.023365900358070874,-0.06115847998087967,-0.018692720286456698,0.9746646199952199,0.08279818007161417,ALIGNING
SCN_007,105,3.4667,TRACKING,466.5,248.5,320.0,240.0,146.5,8.5,0.915625,0.053125,-0.059039619995219894,-0.029673180071614173,-0.04723169599617592,-0.02373854405729134,0.927432923999044,0.05905963601432283,ALIGNING
SCN_007,106,3.5,TRACKING,468.5,246.5,320.0,240.0,148.5,6.5,0.928125,0.040625,0.000692076000955999,-0.018434636014322832,0.0005536608007647992,-0.014747708811458267,0.9279865847998088,0.044311927202864566,ALIGNED
SCN_007,107,3.5333,TRACKING,470.5,239.5,320.0,240.0,150.5,-0.5,0.940625,-0.003125,0.012638415200191266,-0.04743692720286457,0.010110732160153013,-0.03794954176229166,0.9380973169599618,0.00636238544057291,ALIGNED
SCN_007,108,3.5667,TRACKING,471.5,228.5,320.0,240.0,151.5,-11.5,0.946875,-0.07187500000000001,0.008777683040038231,-0.07823738544057292,0.007022146432030585,-0.06258990835245834,0.9451194633919924,-0.05622752291188543,ALIGNING
SCN_007,109,3.6,TRACKING,481.5,222.5,320.0,240.0,161.5,-17.5,1.009375,-0.109375,0.06425553660800754,-0.05314747708811457,0.05140442928640603,-0.04251798167049166,0.9965238926783984,-0.09874550458237709,ALIGNING
SCN_007,110,3.6333,TRACKING,485.5,228.5,320.0,240.0,165.5,-11.5,1.034375,-0.07187500000000001,0.037851107321601685,0.02687050458237708,0.03028088585728135,0.021496403665901664,1.0268047785356798,-0.07724910091647542,ALIGNED
SCN_007,111,3.6667,TRACKING,478.5,237.5,320.0,240.0,158.5,-2.5,0.990625,-0.015625,-0.036179778535679774,0.061624100916475424,-0.02894382282854382,0.049299280733180344,0.997860955707136,-0.02794982018329508,ALIGNING
SCN_007,112,3.7,TRACKING,463.5,238.5,320.0,240.0,143.5,-1.5,0.896875,-0.009375000000000001,-0.10098595570713598,0.01857482018329508,-0.08078876456570878,0.014859856146636064,0.9170721911414271,-0.013089964036659017,ALIGNING
SCN_007,113,3.7333,TRACKING,458.5,228.5,320.0,240.0,138.5,-11.5,0.865625,-0.07187500000000001,-0.05144719114142715,-0.05878503596334099,-0.04115775291314172,-0.047028028770672796,0.8759144382282854,-0.060117992807331815,ALIGNING
SCN_007,114,3.7667,TRACKING,474.5,215.5,320.0,240.0,154.5,-24.5,0.965625,-0.153125,0.08971056177171455,-0.09300700719266819,0.07176844941737164,-0.07440560575413456,0.947682887645657,-0.13452359856146637,ALIGNING
SCN_007,115,3.8,TRACKING,483.5,210.5,320.0,240.0,163.5,-29.5,1.021875,-0.18437499999999998,0.07419211235434309,-0.049851401438533616,0.059353689883474475,-0.0398811211508269,1.0070365775291314,-0.17440471971229327,ALIGNING
SCN_007,116,3.8333,TRACKING,480.5,209.5,320.0,240.0,160.5,-30.5,1.003125,-0.190625,-0.003911577529131405,-0.016220280287706723,-0.003129262023305124,-0.01297622423016538,1.0039073155058262,-0.18738094394245863,ALIGNED
SCN_007,117,3.8667,TRACKING,470.5,207.5,320.0,240.0,150.5,-32.5,0.940625,-0.203125,-0.06328231550582619,-0.015744056057541367,-0.050625852404660956,-0.012595244846033095,0.9532814631011652,-0.19997618878849172,ALIGNING
SCN_007,118,3.9,TRACKING,469.5,205.5,320.0,240.0,149.5,-34.5,0.934375,-0.21562499999999998,-0.018906463101165283,-0.015648811211508268,-0.015125170480932227,-0.012519048969206616,0.938156292620233,-0.21249523775769832,ALIGNED
SCN_007,119,3.9333,TRACKING,467.5,207.5,320.0,240.0,147.5,-32.5,0.921875,-0.203125,-0.016281292620233034,0.009370237757698324,-0.013025034096186428,0.007496190206158659,0.9251312585240467,-0.20499904755153966,ALIGNED
SCN_007,120,3.9667,TRACKING,462.5,212.5,320.0,240.0,142.5,-27.5,0.890625,-0.171875,-0.03450625852404665,0.033124047551539665,-0.02760500681923732,0.026499238041231735,0.8975262517048094,-0.17849980951030792,ALIGNED
SCN_007,121,4.0,TRACKING,464.5,212.5,320.0,240.0,144.5,-27.5,0.903125,-0.171875,0.005598748295190581,0.006624809510307916,0.004478998636152465,0.005299847608246333,0.9020052503409618,-0.17319996190206158,ALIGNED
SCN_007,122,4.0333,TRACKING,476.5,199.5,320.0,240.0,156.5,-40.5,0.978125,-0.25312500000000004,0.07611974965903823,-0.07992503809793847,0.06089579972723058,-0.06394003047835077,0.9629010500681924,-0.23713999238041233,ALIGNING
SCN_007,123,4.0667,TRACKING,482.5,186.5,320.0,240.0,162.5,-53.5,1.015625,-0.33437500000000003,0.05272394993180762,-0.0972350076195877,0.042179159945446104,-0.07778800609567016,1.0050802100136385,-0.3149279984760825,ALIGNING
SCN_007,124,4.1,TRACKING,472.5,180.5,320.0,240.0,152.5,-59.5,0.953125,-0.371875,-0.05195521001363845,-0.05694700152391752,-0.041564168010910764,-0.04555760121913402,0.9635160420027277,-0.36048559969521654,ALIGNING
SCN_007,125,4.1333,TRACKING,456.5,188.5,320.0,240.0,136.5,-51.5,0.853125,-0.32187499999999997,-0.11039104200272765,0.038610599695216574,-0.08831283360218212,0.03088847975617326,0.8752032084005456,-0.3295971199390433,ALIGNING
SCN_007,126,4.1667,TRACKING,454.5,193.5,320.0,240.0,134.5,-46.5,0.840625,-0.290625,-0.034578208400545596,0.03897211993904326,-0.027662566720436477,0.03117769595123461,0.8475406416801091,-0.2984194239878087,ALIGNED
SCN_007,127,4.2,TRACKING,464.5,192.5,320.0,240.0,144.5,-47.5,0.903125,-0.296875,0.055584358319890836,0.0015444239878086852,0.04446748665591267,0.0012355391902469483,0.8920081283360218,-0.29718388479756175,ALIGNING
SCN_007,128,4.2333,TRACKING,470.5,186.5,320.0,240.0,150.5,-53.5,0.940625,-0.33437500000000003,0.04861687166397821,-0.037191115202438285,0.038893497331182574,-0.02975289216195063,0.9309016256672044,-0.3269367769595124,ALIGNED
SCN_007,129,4.2667,TRACKING,467.5,185.5,320.0,240.0,147.5,-54.5,0.921875,-0.340625,-0.009026625667204358,-0.013688223040487613,-0.0072213005337634865,-0.010950578432390091,0.9236803251334409,-0.3378873553919025,ALIGNED
SCN_007,130,4.3,TRACKING,465.5,182.5,320.0,240.0,145.5,-57.5,0.909375,-0.359375,-0.01430532513344085,-0.02148764460809749,-0.01144426010675268,-0.01719011568647799,0.9122360650266882,-0.3550774710783805,ALIGNED
SCN_007,131,4.3333,TRACKING,465.5,174.5,320.0,240.0,145.5,-65.5,0.909375,-0.40937499999999993,-0.0028610650266881477,-0.05429752892161943,-0.002288852021350518,-0.04343802313729555,0.9099472130053377,-0.39851549421567606,ALIGNING
SCN_007,132,4.3667,TRACKING,457.5,162.5,320.0,240.0,137.5,-77.5,0.859375,-0.484375,-0.05057221300533765,-0.08585950578432394,-0.04045777040427012,-0.06868760462745915,0.8694894426010675,-0.4672030988431352,ALIGNING
SCN_007,133,4.4,TRACKING,448.5,160.5,320.0,240.0,128.5,-79.5,0.803125,-0.49687499999999996,-0.06636444260106755,-0.029671901156864744,-0.053091554080854045,-0.023737520925491796,0.8163978885202134,-0.490940619768627,ALIGNING
SCN_007,134,4.4333,TRACKING,451.5,169.5,320.0,240.0,131.5,-70.5,0.821875,-0.44062500000000004,0.005477111479786578,0.050315619768626973,0.004381689183829263,0.04025249581490158,0.8207795777040428,-0.45068812395372543,ALIGNING
SCN_007,135,4.4667,TRACKING,465.5,179.5,320.0,240.0,145.5,-60.5,0.909375,-0.378125,0.0885954222959573,0.07256312395372544,0.07087633783676583,0.05805049916298036,0.8916559155408086,-0.39263762479074504,ALIGNING
SCN_007,136,4.5,TRACKING,471.5,179.5,320.0,240.0,151.5,-60.5,0.946875,-0.378125,0.055219084459191436,0.014512624790745055,0.044175267567353155,0.011610099832596045,0.9358311831081617,-0.381027524958149,ALIGNING
SCN_007,137,4.5333,TRACKING,459.5,167.5,320.0,240.0,139.5,-72.5,0.871875,-0.453125,-0.06395618310816176,-0.07209747504185099,-0.05116494648652941,-0.05767798003348079,0.8846662366216324,-0.4387055049916298,ALIGNING
SCN_007,138,4.5667,TRACKING,446.5,157.5,320.0,240.0,126.5,-82.5,0.790625,-0.515625,-0.09404123662163233,-0.0769194950083702,-0.07523298929730587,-0.06153559600669616,0.8094332473243264,-0.500241100998326,ALIGNING
SCN_007,139,4.6,TRACKING,445.5,154.5,320.0,240.0,125.5,-85.5,0.784375,-0.534375,-0.025058247324326377,-0.03413389900167407,-0.020046597859461102,-0.02730711920133926,0.7893866494648654,-0.5275482201996652,ALIGNED
SCN_007,140,4.6333,TRACKING,449.5,155.5,320.0,240.0,129.5,-84.5,0.809375,-0.5281250000000001,0.01998835053513459,-0.0005767798003348812,0.015990680428107674,-0.000461423840267905,0.8053773298929731,-0.5280096440399331,ALIGNED
SCN_007,141,4.6667,TRACKING,452.5,154.5,320.0,240.0,132.5,-85.5,0.828125,-0.534375,0.02274767010702694,-0.006365355960066932,0.01819813608562155,-0.005092284768053546,0.8235754659785947,-0.5331019288079867,ALIGNED
SCN_007,142,4.7,TRACKING,452.5,152.5,320.0,240.0,132.5,-87.5,0.828125,-0.546875,0.004549534021405344,-0.01377307119201332,0.003639627217124275,-0.011018456953610657,0.827215093195719,-0.5441203857615974,ALIGNED
SCN_007,143,4.7333,TRACKING,457.5,158.5,320.0,240.0,137.5,-81.5,0.859375,-0.509375,0.03215990680428105,0.03474538576159736,0.025727925443424837,0.027796308609277887,0.8529430186391438,-0.5163240771523195,ALIGNED
SCN_007,144,4.7667,TRACKING,455.5,164.5,320.0,240.0,135.5,-75.5,0.846875,-0.471875,-0.006068018639143746,0.04444907715231955,-0.004854414911314997,0.03555926172185564,0.8480886037278288,-0.4807648154304639,ALIGNED
SCN_007,145,4.8,TRACKING,442.5,163.5,320.0,240.0,122.5,-76.5,0.765625,-0.47812499999999997,-0.0824636037278288,0.002639815430463932,-0.06597088298226304,0.0021118523443711457,0.7821177207455657,-0.47865296308609273,ALIGNING
SCN_007,146,4.8333,TRACKING,429.5,150.5,320.0,240.0,109.5,-89.5,0.684375,-0.559375,-0.09774272074556578,-0.08072203691390722,-0.07819417659645263,-0.06457762953112578,0.7039235441491131,-0.5432305926172185,ALIGNING
SCN_007,147,4.8667,TRACKING,436.5,137.5,320.0,240.0,116.5,-102.5,0.728125,-0.640625,0.024201455850886955,-0.09739440738278149,0.019361164680709565,-0.07791552590622519,0.7232847088298227,-0.6211461185234437,ALIGNING
SCN_007,148,4.9,TRACKING,450.5,136.5,320.0,240.0,130.5,-103.5,0.815625,-0.6468750000000001,0.09234029117017739,-0.025728881476556387,0.07387223293614191,-0.02058310518124511,0.7971569417659645,-0.6417292237046888,ALIGNING
SCN_007,149,4.9333,TRACKING,453.5,146.5,320.0,240.0,133.5,-93.5,0.834375,-0.584375,0.037218058234035456,0.05735422370468879,0.029774446587228366,0.04588337896375103,0.8269313883531929,-0.5958458447409377,ALIGNING
SCN_007,150,4.9667,TRACKING,443.5,153.5,320.0,240.0,123.5,-86.5,0.771875,-0.540625,-0.05505638835319293,0.05522084474093769,-0.044045110682554345,0.044176675792750156,0.7828862776706386,-0.5516691689481875,ALIGNING
SCN_007,151,5.0,TRACKING,433.5,151.5,320.0,240.0,113.5,-88.5,0.709375,-0.5531250000000001,-0.07351127767063859,-0.0014558310518125728,-0.058809022136510875,-0.0011646648414500582,0.7240772555341277,-0.5528338337896376,ALIGNING
SCN_007,152,5.0333,TRACKING,432.5,148.5,320.0,240.0,112.5,-91.5,0.703125,-0.5718749999999999,-0.020952255534127717,-0.019041166210362337,-0.016761804427302174,-0.01523293296828987,0.7073154511068256,-0.5680667667579274,ALIGNED
SCN_007,153,5.0667,TRACKING,429.5,147.5,320.0,240.0,109.5,-92.5,0.684375,-0.578125,-0.022940451106825632,-0.010058233242072556,-0.018352360885460505,-0.008046586593658046,0.688963090221365,-0.5761133533515855,ALIGNED
SCN_007,154,5.1,TRACKING,429.5,147.5,320.0,240.0,109.5,-92.5,0.684375,-0.578125,-0.004588090221365082,-0.002011646648414467,-0.003670472177092066,-0.0016093173187315736,0.685292618044273,-0.5777226706703171,ALIGNED
SCN_007,155,5.1333,TRACKING,432.5,139.5,320.0,240.0,112.5,-100.5,0.703125,-0.628125,0.017832381955727006,-0.050402329329682916,0.014265905564581606,-0.04032186346374633,0.6995585236088546,-0.6180445341340635,ALIGNING
SCN_007,156,5.1667,TRACKING,441.5,130.5,320.0,240.0,121.5,-109.5,0.759375,-0.684375,0.0598164763911454,-0.0663304658659365,0.047853181112916324,-0.0530643726927492,0.747411704721771,-0.6711089068268127,ALIGNING
SCN_007,157,5.2,TRACKING,440.5,131.5,320.0,240.0,120.5,-108.5,0.753125,-0.678125,0.005713295278229058,-0.007016093173187299,0.004570636222583246,-0.00561287453854984,0.7519823409443542,-0.6767217813653625,ALIGNED
SCN_007,158,5.2333,TRACKING,424.5,143.5,320.0,240.0,104.5,-96.5,0.653125,-0.603125,-0.09885734094435428,0.07359678136536252,-0.07908587275548343,0.05887742509229002,0.6728964681888708,-0.6178443562730725,ALIGNING
SCN_007,159,5.2667,TRACKING,410.5,154.5,320.0,240.0,90.5,-85.5,0.565625,-0.534375,-0.10727146818887079,0.0834693562730725,-0.08581717455109664,0.06677548501845801,0.5870792936377742,-0.5510688712546146,ALIGNING
SCN_007,160,5.3,TRACKING,415.5,153.5,320.0,240.0,95.5,-86.5,0.596875,-0.540625,0.00979570636222582,0.010443871254614545,0.007836565089780657,0.008355097003691636,0.5949158587275549,-0.5427137742509229,ALIGNED
SCN_007,161,5.3333,TRACKING,428.5,142.5,320.0,240.0,108.5,-97.5,0.678125,-0.609375,0.08320914127244505,-0.06666122574907707,0.06656731301795604,-0.05332898059926166,0.661483171745511,-0.5960427548501845,ALIGNING
SCN_007,162,5.3667,TRACKING,429.5,135.5,320.0,240.0,109.5,-104.5,0.684375,-0.653125,0.02289182825448899,-0.057082245149815414,0.01831346260359119,-0.04566579611985233,0.6797966343491022,-0.6417085509700369,ALIGNING
SCN_007,163,5.4,TRACKING,424.5,136.5,320.0,240.0,104.5,-103.5,0.653125,-0.6468750000000001,-0.026671634349102247,-0.005166449029963216,-0.021337307479281798,-0.004133159223970573,0.6584593268698204,-0.6458417101940075,ALIGNED
SCN_007,164,5.4333,TRACKING,417.5,138.5,320.0,240.0,97.5,-101.5,0.609375,-0.634375,-0.04908432686982045,0.011466710194007468,-0.03926746149585636,0.009173368155205974,0.6191918653739641,-0.6366683420388015,ALIGNED
SCN_007,165,5.4667,TRACKING,414.5,138.5,320.0,240.0,94.5,-101.5,0.590625,-0.634375,-0.028566865373964134,0.0022933420388014936,-0.02285349229917131,0.001834673631041195,0.5963383730747928,-0.6348336684077603,ALIGNED
SCN_007,166,5.5,TRACKING,407.5,139.5,320.0,240.0,87.5,-100.5,0.546875,-0.628125,-0.04946337307479276,0.006708668407760299,-0.039570698459834214,0.00536693472620824,0.5567676746149586,-0.6294667336815521,ALIGNED
SCN_007,167,5.5333,TRACKING,403.5,147.5,320.0,240.0,83.5,-92.5,0.521875,-0.578125,-0.034892674614958596,0.05134173368155215,-0.027914139691966877,0.04107338694524172,0.5288535349229917,-0.5883933467363104,ALIGNING
SCN_007,168,5.5667,TRACKING,409.5,155.5,320.0,240.0,89.5,-84.5,0.559375,-0.5281250000000001,0.03052146507700826,0.06026834673631032,0.02441717206160661,0.048214677389048256,0.5532707069845983,-0.5401786693472621,ALIGNING
SCN_007,169,5.6,TRACKING,421.5,154.5,320.0,240.0,101.5,-85.5,0.634375,-0.534375,0.08110429301540167,0.005803669347262064,0.06488343441232135,0.004642935477809651,0.6181541413969197,-0.5355357338694524,ALIGNING
SCN_007,170,5.6333,TRACKING,418.5,142.5,320.0,240.0,98.5,-97.5,0.615625,-0.609375,-0.002529141396919732,-0.07383926613054759,-0.0020233131175357855,-0.05907141290443807,0.6161308282793839,-0.5946071467738905,ALIGNING
SCN_007,171,5.6667,TRACKING,401.5,135.5,320.0,240.0,81.5,-104.5,0.509375,-0.653125,-0.1067558282793839,-0.05851785322610947,-0.08540466262350713,-0.04681428258088758,0.5307261656558768,-0.6414214293547781,ALIGNING
SCN_007,172,5.7,TRACKING,388.5,136.5,320.0,240.0,68.5,-103.5,0.428125,-0.6468750000000001,-0.10260116565587685,-0.005453570645222006,-0.08208093252470149,-0.004362856516177605,0.4486452331311753,-0.6457842858709557,ALIGNING
SCN_007,173,5.7333,TRACKING,395.5,148.5,320.0,240.0,75.5,-91.5,0.471875,-0.5718749999999999,0.023229766868824664,0.0739092858709558,0.01858381349505973,0.05912742869676464,0.46722904662623505,-0.586656857174191,ALIGNING
SCN_007,174,5.7667,TRACKING,402.5,155.5,320.0,240.0,82.5,-84.5,0.515625,-0.5281250000000001,0.048395953373764955,0.05853185717419096,0.03871676269901197,0.046825485739352773,0.505945809325247,-0.5398313714348383,ALIGNING
SCN_007,175,5.8,TRACKING,402.5,155.5,320.0,240.0,82.5,-84.5,0.515625,-0.5281250000000001,0.00967919067475298,0.011706371434838214,0.0077433525398023844,0.009365097147870571,0.5136891618650494,-0.5304662742869677,ALIGNED
SCN_007,176,5.8333,TRACKING,400.5,155.5,320.0,240.0,80.5,-84.5,0.503125,-0.5281250000000001,-0.010564161865049382,0.0023412742869676206,-0.008451329492039505,0.0018730194295740966,0.5052378323730099,-0.5285932548573936,ALIGNED
SCN_007,177,5.8667,TRACKING,398.5,157.5,320.0,240.0,78.5,-82.5,0.490625,-0.515625,-0.01461283237300992,0.012968254857393613,-0.011690265898407937,0.010374603885914891,0.49354756647460196,-0.5182186509714787,ALIGNED
SCN_007,178,5.9,TRACKING,394.5,156.5,320.0,240.0,74.5,-83.5,0.465625,-0.521875,-0.02792256647460195,-0.0036563490285212996,-0.02233805317968156,-0.0029250792228170397,0.4712095132949204,-0.5211437301942957,ALIGNED
SCN_007,179,5.9333,TRACKING,380.5,149.5,320.0,240.0,60.5,-90.5,0.378125,-0.565625,-0.0930845132949204,-0.04448126980570433,-0.07446761063593632,-0.035585015844563465,0.39674190265898407,-0.5567287460388591,ALIGNING
SCN_007,180,5.9667,TRACKING,373.5,144.5,320.0,240.0,53.5,-95.5,0.334375,-0.5968749999999999,-0.06236690265898409,-0.0401462539611408,-0.04989352212718728,-0.03211700316891264,0.3468483805317968,-0.5888457492077718,ALIGNING
SCN_007,181,6.0,TRACKING,386.5,149.5,320.0,240.0,66.5,-90.5,0.415625,-0.565625,0.06877661946820324,0.02322074920777173,0.05502129557456259,0.018576599366217385,0.4018696761063594,-0.5702691498415544,ALIGNING
SCN_007,182,6.0333,TRACKING,395.5,164.5,320.0,240.0,75.5,-75.5,0.471875,-0.471875,0.07000532389364061,0.09839414984155442,0.0560042591149125,0.07871531987324354,0.45787393522127184,-0.4915538299683109,ALIGNING
SCN_007,183,6.0667,TRACKING,392.5,175.5,320.0,240.0,72.5,-64.5,0.453125,-0.40312499999999996,-0.004748935221271844,0.08842882996831092,-0.0037991481770174754,0.07074306397464873,0.45407478704425436,-0.42081076599366213,ALIGNING
SCN_007,184,6.1,TRACKING,379.5,172.5,320.0,240.0,59.5,-67.5,0.371875,-0.421875,-0.08219978704425435,-0.001064234006337872,-0.06575982963540349,-0.0008513872050702975,0.38831495740885086,-0.4216621531987324,ALIGNING
SCN_007,185,6.1333,TRACKING,369.5,163.5,320.0,240.0,49.5,-76.5,0.309375,-0.47812499999999997,-0.07893995740885085,-0.05646284680126756,-0.06315196592708068,-0.04517027744101405,0.3251629914817702,-0.46683243063974644,ALIGNING
SCN_007,186,6.1667,TRACKING,371.5,161.5,320.0,240.0,51.5,-78.5,0.321875,-0.490625,-0.0032879914817701694,-0.023792569360253535,-0.0026303931854161355,-0.01903405548820283,0.32253259829635406,-0.48586648612794925,ALIGNED
SCN_007,187,6.2,TRACKING,370.5,164.5,320.0,240.0,50.5,-75.5,0.315625,-0.471875,-0.006907598296354067,0.01399148612794926,-0.0055260786370832544,0.01119318890235941,0.3170065196592708,-0.4746732972255898,ALIGNED
SCN_007,188,6.2333,TRACKING,372.5,169.5,320.0,240.0,52.5,-70.5,0.328125,-0.44062500000000004,0.011118480340729209,0.034048297225589774,0.008894784272583367,0.027238637780471822,0.3259013039318542,-0.447434659445118,ALIGNED
SCN_007,189,6.2667,TRACKING,376.5,170.5,320.0,240.0,56.5,-69.5,0.353125,-0.43437500000000007,0.027223696068145842,0.013059659445117944,0.021778956854516675,0.010447727556094355,0.3476802607863709,-0.43698693188902366,ALIGNED
SCN_007,190,6.3,TRACKING,379.5,175.5,320.0,240.0,59.5,-64.5,0.371875,-0.40312499999999996,0.024194739213629135,0.0338619318890237,0.01935579137090331,0.027089545511218963,0.3670360521572742,-0.4098973863778047,ALIGNED
SCN_007,191,6.3333,TRACKING,369.5,184.5,320.0,240.0,49.5,-55.5,0.309375,-0.34687500000000004,-0.057661052157274184,0.06302238637780466,-0.04612884172581935,0.05041790910224373,0.32090721043145487,-0.35947947727556095,ALIGNING
SCN_007,192,6.3667,TRACKING,352.5,192.5,320.0,240.0,32.5,-47.5,0.203125,-0.296875,-0.11778221043145487,0.06260447727556095,-0.0942257683451639,0.050083581820448766,0.22668144208629099,-0.3093958954551122,ALIGNING
SCN_007,193,6.4,TRACKING,347.5,191.5,320.0,240.0,27.5,-48.5,0.171875,-0.303125,-0.054806442086290985,0.006270895455112224,-0.04384515366903279,0.00501671636408978,0.18283628841725819,-0.3043791790910224,ALIGNING
SCN_007,194,6.4333,TRACKING,359.5,179.5,320.0,240.0,39.5,-60.5,0.246875,-0.378125,0.06403871158274183,-0.07374582090897758,0.051230969266193464,-0.058996656727182066,0.23406725768345166,-0.3633758358182045,ALIGNING
SCN_007,195,6.4667,TRACKING,369.5,174.5,320.0,240.0,49.5,-65.5,0.309375,-0.40937499999999993,0.07530774231654835,-0.04599916418179545,0.060246193853238685,-0.03679933134543636,0.29431345153669036,-0.4001751671636408,ALIGNING
SCN_007,196,6.5,TRACKING,364.5,181.5,320.0,240.0,44.5,-58.5,0.278125,-0.365625,-0.01618845153669035,0.034550167163640844,-0.012950761229352282,0.027640133730912675,0.28136269030733807,-0.37253503343272815,ALIGNED
SCN_007,197,6.5333,TRACKING,353.5,194.5,320.0,240.0,33.5,-45.5,0.209375,-0.284375,-0.07198769030733806,0.08816003343272816,-0.057590152245870455,0.07052802674618253,0.22377253806146763,-0.3020070066865456,ALIGNING
SCN_007,198,6.5667,TRACKING,347.5,201.5,320.0,240.0,27.5,-38.5,0.171875,-0.24062500000000003,-0.05189753806146763,0.06138200668654559,-0.041518030449174105,0.04910560534923647,0.18225450761229353,-0.25290140133730915,ALIGNING
SCN_007,199,6.6,TRACKING,344.5,202.5,320.0,240.0,24.5,-37.5,0.153125,-0.234375,-0.02912950761229352,0.01852640133730915,-0.023303606089834818,0.014821121069847322,0.15895090152245872,-0.23808028026746184,ALIGNED
SCN_007,200,6.6333,TRACKING,340.5,203.5,320.0,240.0,20.5,-36.5,0.128125,-0.22812499999999997,-0.030825901522458732,0.009955280267461869,-0.024660721217966988,0.007964224213969496,0.13429018030449175,-0.23011605605349233,ALIGNED
SCN_007,201,6.6667,TRACKING,339.5,206.5,320.0,240.0,19.5,-33.5,0.121875,-0.209375,-0.01241518030449175,0.02074105605349233,-0.0099321442435934,0.016592844842793865,0.12435803606089835,-0.21352321121069848,ALIGNED
SCN_007,202,6.7,TRACKING,349.5,205.5,320.0,240.0,29.5,-34.5,0.184375,-0.21562499999999998,0.060016963939101664,-0.0021017887893015064,0.04801357115128133,-0.0016814310314412053,0.17237160721217967,-0.21520464224213967,ALIGNING
SCN_007,203,6.7333,TRACKING,354.5,199.5,320.0,240.0,34.5,-40.5,0.215625,-0.25312500000000004,0.04325339278782034,-0.03792035775786037,0.03460271423025627,-0.0303362862062883,0.20697432144243594,-0.24554092844842798,ALIGNED
SCN_007,204,6.7667,TRACKING,344.5,199.5,320.0,240.0,24.5,-40.5,0.153125,-0.25312500000000004,-0.05384932144243593,-0.007584071551572064,-0.043079457153948744,-0.006067257241257651,0.1638948642884872,-0.2516081856896856,ALIGNING
SCN_007,205,6.8,TRACKING,327.5,206.5,320.0,240.0,7.5,-33.5,0.046875,-0.209375,-0.11701986428848721,0.04223318568968562,-0.09361589143078977,0.0337865485517485,0.07027897285769744,-0.21782163713793712,ALIGNING
SCN_007,206,6.8333,TRACKING,322.5,222.5,320.0,240.0,2.5,-17.5,0.015625,-0.109375,-0.054653972857697436,0.10844663713793712,-0.04372317828615795,0.0867573097103497,0.026555794571539483,-0.13106432742758742,ALIGNING
SCN_007,207,6.8667,TRACKING,331.5,233.5,320.0,240.0,11.5,-6.5,0.071875,-0.040625,0.04531920542846051,0.09043932742758742,0.03625536434276841,0.07235146194206994,0.06281115891430789,-0.058712865485517476,ALIGNING
SCN_007,208,6.9,TRACKING,337.5,229.5,320.0,240.0,17.5,-10.5,0.109375,-0.06562499999999999,0.046563841085692115,-0.0069121345144825125,0.03725107286855369,-0.00552970761158601,0.10006223178286158,-0.06424257309710349,ALIGNED
SCN_007,209,6.9333,TRACKING,334.5,221.5,320.0,240.0,14.5,-18.5,0.090625,-0.115625,-0.009437231782861585,-0.051382426902896516,-0.0075497854262892685,-0.04110594152231722,0.09251244635657231,-0.10534851461942071,ALIGNING
SCN_007,210,6.9667,TRACKING,329.5,221.5,320.0,240.0,9.5,-18.5,0.059375,-0.115625,-0.033137446356572314,-0.010276485380579292,-0.026509957085257854,-0.008221188304463434,0.06600248927131445,-0.11356970292388414,ALIGNED
SCN_007,211,7.0,TRACKING,327.5,225.5,320.0,240.0,7.5,-14.5,0.046875,-0.090625,-0.019127489271314455,0.022944702923884147,-0.015301991417051564,0.01835576233910732,0.050700497854262894,-0.09521394058477682,ALIGNED
SCN_007,212,7.0333,TRACKING,319.5,230.5,320.0,240.0,-0.5,-9.5,-0.003125,-0.059375,-0.053825497854262896,0.035838940584776824,-0.04306039828341032,0.02867115246782146,0.007640099570852571,-0.06654278811695535,ALIGNING
SCN_007,213,7.0667,TRACKING,309.5,231.5,320.0,240.0,-10.5,-8.5,-0.065625,-0.053125,-0.07326509957085257,0.013417788116955355,-0.05861207965668206,0.010734230493564284,-0.05097198008582949,-0.05580855762339107,ALIGNING
SCN_007,214,7.1,TRACKING,312.5,237.5,320.0,240.0,-7.5,-2.5,-0.046875,-0.015625,0.004096980085829489,0.04018355762339107,0.003277584068663592,0.03214684609871286,-0.0476943960171659,-0.023661711524678213,ALIGNED
SCN_007,215,7.1333,TRACKING,323.5,250.5,320.0,240.0,3.5,10.5,0.021875,0.06562499999999999,0.0695693960171659,0.08928671152467821,0.05565551681373272,0.07142936921974256,0.007961120796566822,0.04776765769506435,ALIGNING
SCN_007,216,7.1667,TRACKING,328.5,258.5,320.0,240.0,8.5,18.5,0.053125,0.115625,0.04516387920343318,0.06785734230493565,0.036131103362746546,0.05428587384394852,0.04409222415931337,0.10205353153901287,ALIGNING
SCN_007,217,7.2,TRACKING,317.5,253.5,320.0,240.0,-2.5,13.5,-0.015625,0.084375,-0.05971722415931337,-0.01767853153901286,-0.047773779327450694,-0.014142825231210288,-0.0036815551681373265,0.08791070630780258,ALIGNING
SCN_007,218,7.2333,TRACKING,300.5,244.5,320.0,240.0,-19.5,4.5,-0.121875,0.028124999999999997,-0.11819344483186267,-0.05978570630780258,-0.09455475586549014,-0.04782856504624207,-0.09823631103362747,0.04008214126156051,ALIGNING
SCN_007,219,7.2667,TRACKING,298.5,241.5,320.0,240.0,-21.5,1.5,-0.134375,0.009375000000000001,-0.036138688966372526,-0.03070714126156051,-0.028910951173098023,-0.02456571300924841,-0.12714726220672548,0.0155164282523121,ALIGNED
SCN_007,220,7.3,TRACKING,303.5,247.5,320.0,240.0,-16.5,7.5,-0.103125,0.046875,0.024022262206725487,0.0313585717476879,0.01921780976538039,0.025086857398150322,-0.1079294524413451,0.04060328565046242,ALIGNED
SCN_007,221,7.3333,TRACKING,304.5,263.5,320.0,240.0,-15.5,23.5,-0.096875,0.146875,0.011054452441345092,0.10627171434953758,0.008843561953076074,0.08501737147963007,-0.09908589048826902,0.1256206571300925,ALIGNING
SCN_007,222,7.3667,TRACKING,303.5,269.5,320.0,240.0,-16.5,29.5,-0.103125,0.18437499999999998,-0.004039109511730976,0.058754342869907494,-0.003231287609384781,0.047003474295925995,-0.1023171780976538,0.17262413142601848,ALIGNING
SCN_007,223,7.4,TRACKING,307.5,269.5,320.0,240.0,-12.5,29.5,-0.078125,0.18437499999999998,0.024192178097653796,0.011750868573981499,0.019353742478123038,0.0094006948591852,-0.08296343561953076,0.1820248262852037,ALIGNED
SCN_007,224,7.4333,TRACKING,306.5,269.5,320.0,240.0,-13.5,29.5,-0.084375,0.18437499999999998,-0.0014115643804692435,0.0023501737147962887,-0.001129251504375395,0.001880138971837031,-0.08409268712390616,0.18390496525704073,ALIGNED
SCN_007,225,7.4667,TRACKING,293.5,274.5,320.0,240.0,-26.5,34.5,-0.165625,0.21562499999999998,-0.08153231287609383,0.03172003474295926,-0.06522585030087506,0.025376027794367408,-0.14931853742478124,0.20928099305140813,ALIGNING
SCN_007,226,7.5,TRACKING,281.5,273.5,320.0,240.0,-38.5,33.5,-0.240625,0.209375,-0.09130646257521877,9.40069485918793e-05,-0.07304517006017501,7.520555887350345e-05,-0.22236370748495626,0.20935619861028162,ALIGNING
SCN_007,227,7.5333,TRACKING,283.5,268.5,320.0,240.0,-36.5,28.5,-0.228125,0.17812499999999998,-0.005761292515043731,-0.031231198610281646,-0.004609034012034985,-0.024984958888225318,-0.22697274149699126,0.1843712397220563,ALIGNED
SCN_007,228,7.5667,TRACKING,295.5,266.5,320.0,240.0,-24.5,26.5,-0.153125,0.165625,0.07384774149699125,-0.0187462397220563,0.059078193197593,-0.014996991777645042,-0.16789454829939826,0.16937424794441125,ALIGNING
SCN_007,229,7.6,TRACKING,302.5,278.5,320.0,240.0,-17.5,38.5,-0.109375,0.24062500000000003,0.05851954829939826,0.07125075205558878,0.04681563863951861,0.05700060164447103,-0.12107890965987965,0.22637484958888227,ALIGNING
SCN_007,230,7.6333,TRACKING,290.5,293.5,320.0,240.0,-29.5,53.5,-0.184375,0.33437500000000003,-0.06329609034012036,0.10800015041111777,-0.05063687227209629,0.08640012032889421,-0.17171578193197595,0.3127749699177765,ALIGNING
SCN_007,231,7.6667,TRACKING,278.5,300.5,320.0,240.0,-41.5,60.5,-0.259375,0.378125,-0.08765921806802407,0.06535003008222351,-0.07012737445441926,0.05228002406577881,-0.2418431563863952,0.3650549939835553,ALIGNING
SCN_007,232,7.7,TRACKING,276.5,294.5,320.0,240.0,-43.5,54.5,-0.271875,0.340625,-0.03003184361360478,-0.024429993983555276,-0.024025474890883827,-0.019543995186844222,-0.265868631277279,0.34551099879671104,ALIGNED
SCN_007,233,7.7333,TRACKING,275.5,288.5,320.0,240.0,-44.5,48.5,-0.278125,0.303125,-0.012256368722721012,-0.042385998796711066,-0.00980509497817681,-0.033908799037368854,-0.27567372625545583,0.31160219975934217,ALIGNED
SCN_007,234,7.7667,TRACKING,274.5,287.5,320.0,240.0,-45.5,47.5,-0.284375,0.296875,-0.008701273744544158,-0.014727199759342169,-0.006961018995635327,-0.011781759807473736,-0.28263474525109117,0.2998204399518684,ALIGNED
SCN_007,235,7.8,TRACKING,277.5,293.5,320.0,240.0,-42.5,53.5,-0.265625,0.33437500000000003,0.01700974525109117,0.03455456004813162,0.013607796200872935,0.0276436480385053,-0.26902694905021823,0.3274640879903737,ALIGNED
SCN_007,236,7.8333,TRACKING,284.5,296.5,320.0,240.0,-35.5,56.5,-0.221875,0.353125,0.047151949050218245,0.025660912009626335,0.0377215592401746,0.02052872960770107,-0.23130538981004364,0.34799281759807477,ALIGNED
SCN_007,237,7.8667,TRACKING,282.5,298.5,320.0,240.0,-37.5,58.5,-0.234375,0.365625,-0.0030696101899563566,0.01763218240192521,-0.0024556881519650856,0.01410574592154017,-0.23376107796200873,0.36209856351961495,ALIGNED
SCN_007,238,7.9,TRACKING,268.5,304.5,320.0,240.0,-51.5,64.5,-0.321875,0.40312499999999996,-0.08811392203799129,0.04102643648038501,-0.07049113763039304,0.03282114918430801,-0.3042522155924018,0.39491971270392295,ALIGNING
SCN_007,239,7.9333,TRACKING,254.5,316.5,320.0,240.0,-65.5,76.5,-0.409375,0.47812499999999997,-0.1051227844075982,0.08320528729607701,-0.08409822752607857,0.06656422983686161,-0.3883504431184803,0.46148394254078456,ALIGNING
SCN_007,240,7.9667,TRACKING,257.5,321.5,320.0,240.0,-62.5,81.5,-0.390625,0.509375,-0.0022745568815196737,0.04789105745921546,-0.001819645505215739,0.03831284596737237,-0.39017008862369607,0.49979678850815695,ALIGNED
SCN_007,241,8.0,TRACKING,270.5,314.5,320.0,240.0,-49.5,74.5,-0.309375,0.465625,0.08079508862369605,-0.03417178850815694,0.06463607089895684,-0.027337430806525554,-0.3255340177247392,0.4724593577016314,ALIGNING
SCN_007,242,8.0333,TRACKING,273.5,304.5,320.0,240.0,-46.5,64.5,-0.290625,0.40312499999999996,0.0349090177247392,-0.06933435770163143,0.02792721417979136,-0.055467486161305146,-0.29760680354494784,0.41699187154032624,ALIGNING
SCN_007,243,8.0667,TRACKING,266.5,300.5,320.0,240.0,-53.5,60.5,-0.334375,0.378125,-0.03676819645505214,-0.03886687154032625,-0.02941455716404171,-0.031093497232261003,-0.3270213607089896,0.38589837430806523,ALIGNED
SCN_007,244,8.1,TRACKING,260.5,312.5,320.0,240.0,-59.5,72.5,-0.371875,0.453125,-0.04485363929101044,0.06722662569193477,-0.035882911432808355,0.05378130055354782,-0.36290427214179793,0.4396796748616131,ALIGNING
SCN_007,245,8.1333,TRACKING,256.5,324.5,320.0,240.0,-63.5,84.5,-0.396875,0.5281250000000001,-0.03397072785820204,0.08844532513838699,-0.027176582286561637,0.0707562601107096,-0.39008085442835955,0.5104359349723226,ALIGNING
SCN_007,246,8.1667,TRACKING,250.5,327.5,320.0,240.0,-69.5,87.5,-0.434375,0.546875,-0.044294145571640464,0.03643906502767735,-0.03543531645731237,0.029151252022141885,-0.4255161708856719,0.5395871869944645,ALIGNED
SCN_007,247,8.2,TRACKING,244.5,325.5,320.0,240.0,-75.5,85.5,-0.471875,0.534375,-0.04635882911432809,-0.005212186994464463,-0.037087063291462476,-0.004169749595571571,-0.4626032341771344,0.5354174373988929,ALIGNED
SCN_007,248,8.2333,TRACKING,250.5,327.5,320.0,240.0,-69.5,87.5,-0.434375,0.546875,0.02822823417713438,0.011457562601107085,0.022582587341707507,0.009166050080885668,-0.4400206468354269,0.5445834874797786,ALIGNED
SCN_007,249,8.2667,TRACKING,262.5,328.5,320.0,240.0,-57.5,88.5,-0.359375,0.5531250000000001,0.08064564683542691,0.008541512520221506,0.06451651746834153,0.006833210016177205,-0.3755041293670854,0.5514166974959558,ALIGNING
SCN_007,250,8.3,TRACKING,260.5,326.5,320.0,240.0,-59.5,86.5,-0.371875,0.540625,0.003629129367085371,-0.010791697495955765,0.0029033034936682967,-0.008633357996764613,-0.3726008258734171,0.5427833394991912,ALIGNED
SCN_007,251,8.3333,TRACKING,245.5,318.5,320.0,240.0,-74.5,78.5,-0.465625,0.490625,-0.09302417412658293,-0.05215833949919124,-0.07441933930126635,-0.041726671599353,-0.44702016517468346,0.5010566678998383,ALIGNING
SCN_007,252,8.3667,TRACKING,233.5,317.5,320.0,240.0,-86.5,77.5,-0.540625,0.484375,-0.09360483482531656,-0.01668166789983827,-0.07488386786025325,-0.013345334319870616,-0.5219040330349367,0.48771133357996765,ALIGNING
SCN_007,253,8.4,TRACKING,235.5,331.5,320.0,240.0,-84.5,91.5,-0.528125,0.5718749999999999,-0.006220966965063246,0.08416366642003226,-0.004976773572050597,0.06733093313602581,-0.5268808066069873,0.5550422667159934,ALIGNING
SCN_007,254,8.4333,TRACKING,243.5,343.5,320.0,240.0,-76.5,103.5,-0.478125,0.6468750000000001,0.048755806606987306,0.09183273328400665,0.03900464528558985,0.07346618662720532,-0.4878761613213975,0.6285084533431987,ALIGNING
SCN_007,255,8.4667,TRACKING,244.5,346.5,320.0,240.0,-75.5,106.5,-0.471875,0.6656249999999999,0.016001161321397506,0.0371165466568012,0.012800929057118006,0.02969323732544096,-0.4750752322642795,0.6582016906686396,ALIGNED
SCN_007,256,8.5,TRACKING,243.5,339.5,320.0,240.0,-76.5,99.5,-0.478125,0.6218750000000001,-0.003049767735720521,-0.03632669066863958,-0.002439814188576417,-0.02906135253491167,-0.4775150464528559,0.6291403381337279,ALIGNED
SCN_007,257,8.5333,TRACKING,242.5,330.5,320.0,240.0,-77.5,90.5,-0.484375,0.565625,-0.006859953547144082,-0.0635153381337279,-0.005487962837715266,-0.05081227050698232,-0.48300300929057116,0.5783280676267456,ALIGNING
SCN_007,258,8.5667,TRACKING,238.5,329.5,320.0,240.0,-81.5,89.5,-0.509375,0.559375,-0.02637199070942886,-0.018953067626745645,-0.02109759256754309,-0.015162454101396517,-0.5041006018581142,0.5631656135253491,ALIGNED
SCN_007,259,8.6,TRACKING,225.5,334.5,320.0,240.0,-94.5,94.5,-0.590625,0.590625,-0.08652439814188573,0.02745938647465085,-0.06921951851350859,0.02196750917972068,-0.5733201203716228,0.5851331227050698,ALIGNING
SCN_007,260,8.6333,TRACKING,219.5,334.5,320.0,240.0,-100.5,94.5,-0.628125,0.590625,-0.05480487962837721,0.00549187729493017,-0.043843903702701775,0.004393501835944136,-0.6171640240743246,0.5895266245410139,ALIGNING
SCN_007,261,8.6667,TRACKING,229.5,335.5,320.0,240.0,-90.5,95.5,-0.565625,0.5968749999999999,0.051539024074324535,0.007348375458986034,0.041231219259459634,0.005878700367188828,-0.575932804814865,0.5954053249082027,ALIGNING
SCN_007,262,8.7,TRACKING,242.5,341.5,320.0,240.0,-77.5,101.5,-0.484375,0.634375,0.09155780481486497,0.03896967509179727,0.07324624385189198,0.03117574007343782,-0.502686560962973,0.6265810649816406,ALIGNING
SCN_007,263,8.7333,TRACKING,240.5,351.5,320.0,240.0,-79.5,111.5,-0.496875,0.696875,0.005811560962973028,0.07029393501835945,0.0046492487703784224,0.05623514801468757,-0.4980373121925946,0.6828162129963281,ALIGNING
SCN_007,264,8.7667,TRACKING,225.5,353.5,320.0,240.0,-94.5,113.5,-0.590625,0.709375,-0.09258768780740534,0.02655878700367187,-0.07407015024592427,0.021247029602937496,-0.5721074624385188,0.7040632425992656,ALIGNING
SCN_007,265,8.8,TRACKING,215.5,341.5,320.0,240.0,-104.5,101.5,-0.653125,0.634375,-0.08101753756148111,-0.06968824259926554,-0.06481403004918489,-0.055750594079412435,-0.6369214924877037,0.6483126485198532,ALIGNING
SCN_007,266,8.8333,TRACKING,215.5,329.5,320.0,240.0,-104.5,89.5,-0.653125,0.559375,-0.016203507512296267,-0.0889376485198532,-0.012962806009837013,-0.07115011881588255,-0.6498842984975407,0.5771625297039706,ALIGNING
SCN_007,267,8.8667,TRACKING,219.5,329.5,320.0,240.0,-100.5,89.5,-0.628125,0.559375,0.021759298497540658,-0.017787529703970684,0.017407438798032526,-0.014230023763176548,-0.6324768596995082,0.5629325059407941,ALIGNED
SCN_007,268,8.9,TRACKING,221.5,338.5,320.0,240.0,-98.5,98.5,-0.615625,0.615625,0.016851859699508198,0.05269249405920584,0.013481487759606559,0.04215399524736468,-0.6189953719399016,0.6050865011881588,ALIGNING
SCN_007,269,8.9333,TRACKING,224.5,347.5,320.0,240.0,-95.5,107.5,-0.596875,0.671875,0.022120371939901573,0.06678849881184123,0.01769629755192126,0.05343079904947299,-0.6012990743879804,0.6585173002376318,ALIGNING
SCN_007,270,8.9667,TRACKING,229.5,348.5,320.0,240.0,-90.5,108.5,-0.565625,0.678125,0.035674074387980315,0.019607699762368203,0.028539259510384253,0.015686159809894563,-0.5727598148775961,0.6742034600475263,ALIGNED
SCN_007,271,9.0,TRACKING,223.5,347.5,320.0,240.0,-96.5,107.5,-0.603125,0.671875,-0.030365185122403937,-0.002328460047526293,-0.024292148097923152,-0.0018627680380210343,-0.5970519629755192,0.6723406920095053,ALIGNED
SCN_007,272,9.0333,TRACKING,206.5,344.5,320.0,240.0,-113.5,104.5,-0.709375,0.653125,-0.11232303702448077,-0.019215692009505347,-0.08985842961958462,-0.015372553607604278,-0.6869103925951039,0.656968138401901,ALIGNING
SCN_007,273,9.0667,TRACKING,200.5,343.5,320.0,240.0,-119.5,103.5,-0.746875,0.6468750000000001,-0.059964607404896064,-0.010093138401900958,-0.04797168592391685,-0.008074510721520767,-0.7348820785190208,0.6488936276803803,ALIGNING
SCN_007,274,9.1,TRACKING,210.5,336.5,320.0,240.0,-109.5,96.5,-0.684375,0.603125,0.05050707851902081,-0.04576862768038026,0.04040566281521665,-0.036614902144304205,-0.6944764157038041,0.6122787255360761,ALIGNING
SCN_007,275,9.1333,TRACKING,222.5,329.5,320.0,240.0,-97.5,89.5,-0.609375,0.559375,0.08510141570380414,-0.05290372553607614,0.06808113256304331,-0.042322980428860915,-0.6263952831407609,0.5699557451072151,ALIGNING
SCN_007,276,9.1667,TRACKING,220.5,328.5,320.0,240.0,-99.5,88.5,-0.621875,0.5531250000000001,0.004520283140760917,-0.01683074510721505,0.0036162265126087334,-0.013464596085772041,-0.6227790566281521,0.5564911490214431,ALIGNED
SCN_007,277,9.2,TRACKING,209.5,340.5,320.0,240.0,-110.5,100.5,-0.690625,0.628125,-0.0678459433718479,0.0716338509785569,-0.05427675469747833,0.05730708078284552,-0.6770558113256304,0.6137982298042887,ALIGNING
SCN_007,278,9.2333,TRACKING,203.5,349.5,320.0,240.0,-116.5,109.5,-0.728125,0.684375,-0.0510691886743696,0.07057677019571129,-0.04085535093949569,0.056461416156569036,-0.7179111622651261,0.6702596459608577,ALIGNING
SCN_007,279,9.2667,TRACKING,202.5,347.5,320.0,240.0,-117.5,107.5,-0.734375,0.671875,-0.01646383773487392,0.0016153540391422583,-0.013171070187899137,0.0012922832313138066,-0.7310822324530252,0.6715519291921715,ALIGNED
SCN_007,280,9.3,TRACKING,200.5,337.5,320.0,240.0,-119.5,97.5,-0.746875,0.609375,-0.015792767546974784,-0.06217692919217155,-0.012634214037579828,-0.04974154335373724,-0.743716446490605,0.6218103858384343,ALIGNING
SCN_007,281,9.3333,TRACKING,199.5,329.5,320.0,240.0,-120.5,89.5,-0.753125,0.559375,-0.009408553509395068,-0.06243538583843433,-0.007526842807516055,-0.04994830867074747,-0.751243289298121,0.5718620771676868,ALIGNING
SCN_007,282,9.3667,TRACKING,208.5,329.5,320.0,240.0,-111.5,89.5,-0.696875,0.559375,0.054368289298120986,-0.012487077167686822,0.04349463143849679,-0.009989661734149459,-0.7077486578596243,0.5618724154335373,ALIGNING
SCN_007,283,9.4,TRACKING,216.5,330.5,320.0,240.0,-103.5,90.5,-0.646875,0.565625,0.060873657859624286,0.003752584566462769,0.04869892628769943,0.003002067653170215,-0.6590497315719248,0.5648744830867075,ALIGNING
SCN_007,284,9.4333,TRACKING,207.5,328.5,320.0,240.0,-112.5,88.5,-0.703125,0.5531250000000001,-0.04407526842807519,-0.011749483086707424,-0.035260214742460154,-0.00939958646936594,-0.6943099463143849,0.5554748966173416,ALIGNED
SCN_007,285,9.4667,TRACKING,191.5,326.5,320.0,240.0,-128.5,86.5,-0.803125,0.540625,-0.10881505368561506,-0.014849896617341596,-0.08705204294849206,-0.011879917293873277,-0.7813619892628769,0.5435949793234683,ALIGNING
SCN_007,286,9.5,TRACKING,185.5,333.5,320.0,240.0,-134.5,93.5,-0.840625,0.584375,-0.059263010737123034,0.040780020676531636,-0.04741040858969843,0.03262401654122531,-0.8287723978525754,0.5762189958646936,ALIGNING
SCN_007,287,9.5333,TRACKING,195.5,339.5,320.0,240.0,-124.5,99.5,-0.778125,0.6218750000000001,0.05064739785257544,0.04565600413530646,0.040517918282060354,0.03652480330824517,-0.7882544795705151,0.6127437991729388,ALIGNING
SCN_007,288,9.5667,TRACKING,204.5,335.5,320.0,240.0,-115.5,95.5,-0.721875,0.5968749999999999,0.06637947957051504,-0.01586879917293882,0.05310358365641204,-0.012695039338351055,-0.7351508959141031,0.6000487598345877,ALIGNING
SCN_007,289,9.6,TRACKING,202.5,321.5,320.0,240.0,-117.5,81.5,-0.734375,0.509375,0.0007758959141030974,-0.0906737598345877,0.000620716731282478,-0.07253900786767016,-0.7345301791828206,0.5275097519669175,ALIGNING
SCN_007,290,9.6333,TRACKING,199.5,311.5,320.0,240.0,-120.5,71.5,-0.753125,0.446875,-0.018594820817179447,-0.0806347519669175,-0.014875856653743559,-0.064507801573534,-0.7494060358365642,0.46300195039338354,ALIGNING
SCN_007,291,9.6667,TRACKING,197.5,310.5,320.0,240.0,-122.5,70.5,-0.765625,0.44062500000000004,-0.016218964163435823,-0.0223769503933835,-0.012975171330748658,-0.0179015603147068,-0.7623812071673128,0.44510039007867674,ALIGNED
SCN_007,292,9.7,TRACKING,191.5,318.5,320.0,240.0,-128.5,78.5,-0.803125,0.490625,-0.04074379283268714,0.045524609921323234,-0.032595034266149715,0.03641968793705859,-0.7949762414334626,0.4815200780157353,ALIGNED
SCN_007,293,9.7333,TRACKING,182.5,324.5,320.0,240.0,-137.5,84.5,-0.859375,0.5281250000000001,-0.06439875856653743,0.04660492198426475,-0.051519006853229944,0.037283937587411796,-0.8464952482866925,0.5188040156031472,ALIGNING
SCN_007,294,9.7667,TRACKING,183.5,321.5,320.0,240.0,-136.5,81.5,-0.853125,0.509375,-0.006629751713307486,-0.009429015603147128,-0.005303801370645989,-0.007543212482517703,-0.8517990496573385,0.5112608031206295,ALIGNED
SCN_007,295,9.8,TRACKING,196.5,317.5,320.0,240.0,-123.5,77.5,-0.771875,0.484375,0.07992404965733857,-0.026885803120629492,0.06393923972587086,-0.021508642496503597,-0.7878598099314676,0.4897521606241259,ALIGNING
SCN_007,296,9.8333,TRACKING,205.5,315.5,320.0,240.0,-114.5,75.5,-0.715625,0.471875,0.07223480993146769,-0.01787716062412592,0.05778784794517416,-0.014301728499300738,-0.7300719619862935,0.4754504321248252,ALIGNING
SCN_007,297,9.8667,TRACKING,196.5,310.5,320.0,240.0,-123.5,70.5,-0.771875,0.44062500000000004,-0.04180303801370644,-0.03482543212482514,-0.03344243041096515,-0.027860345699860112,-0.7635143923972587,0.44759008642496506,ALIGNED
SCN_007,298,9.9,TRACKING,181.5,302.5,320.0,240.0,-138.5,62.5,-0.865625,0.390625,-0.10211060760274127,-0.05696508642496506,-0.08168848608219302,-0.045572069139972055,-0.8452028784794517,0.402018017284993,ALIGNING
SCN_007,299,9.9333,TRACKING,175.5,293.5,320.0,240.0,-144.5,53.5,-0.903125,0.33437500000000003,-0.05792212152054821,-0.06764301728499295,-0.04633769721643857,-0.05411441382799436,-0.8915405756958903,0.3479036034569986,ALIGNING
SCN_007,300,9.9667,TRACKING,184.5,294.5,320.0,240.0,-135.5,54.5,-0.846875,0.340625,0.04466557569589025,-0.0072786034569986,0.0357324605567122,-0.005822882765598881,-0.8558081151391781,0.3420807206913997,ALIGNED
SCN_007,301,10.0,TRACKING,189.5,304.5,320.0,240.0,-130.5,64.5,-0.815625,0.40312499999999996,0.04018311513917805,0.061044279308600236,0.03214649211134244,0.04883542344688019,-0.8236616230278356,0.3909161441382799,ALIGNING
SCN_007,302,10.0333,TRACKING,191.5,311.5,320.0,240.0,-128.5,71.5,-0.803125,0.446875,0.020536623027835654,0.055958855861720114,0.016429298422268524,0.044767084689376097,-0.8072323246055672,0.435683228827656,ALIGNING
SCN_007,303,10.0667,TRACKING,192.5,305.5,320.0,240.0,-127.5,65.5,-0.796875,0.40937499999999993,0.010357324605567153,-0.026308228827656044,0.008285859684453722,-0.021046583062124837,-0.7989464649211134,0.41463664576553116,ALIGNED
SCN_007,304,10.1,TRACKING,191.5,293.5,320.0,240.0,-128.5,53.5,-0.803125,0.33437500000000003,-0.004178535078886547,-0.08026164576553113,-0.003342828063109238,-0.0642093166124249,-0.8022892929842227,0.35042732915310626,ALIGNING
SCN_007,305,10.1333,TRACKING,185.5,283.5,320.0,240.0,-134.5,43.5,-0.840625,0.271875,-0.038335707015777265,-0.07855232915310628,-0.030668565612621813,-0.06284186332248502,-0.8329578585968445,0.2875854658306212,ALIGNING
SCN_007,306,10.1667,TRACKING,171.5,282.5,320.0,240.0,-148.5,42.5,-0.928125,0.265625,-0.09516714140315552,-0.021960465830621223,-0.07613371312252443,-0.01756837266449698,-0.9090915717193688,0.27001709316612427,ALIGNING
SCN_007,307,10.2,TRACKING,173.5,281.5,320.0,240.0,-146.5,41.5,-0.915625,0.259375,-0.006533428280631193,-0.010642093166124245,-0.005226742624504954,-0.008513674532899395,-0.9143183143438738,0.26150341863322485,ALIGNED
SCN_007,308,10.2333,TRACKING,189.5,280.5,320.0,240.0,-130.5,40.5,-0.815625,0.25312500000000004,0.09869331434387374,-0.008378418633224805,0.078954651475099,-0.006702734906579844,-0.8353636628687748,0.254800683726645,ALIGNING
SCN_007,309,10.2667,TRACKING,196.5,278.5,320.0,240.0,-123.5,38.5,-0.771875,0.24062500000000003,0.06348866286877486,-0.014175683726644961,0.05079093029501989,-0.01134054698131597,-0.7845727325737549,0.24346013674532901,ALIGNING
SCN_007,310,10.3,TRACKING,188.5,282.5,320.0,240.0,-131.5,42.5,-0.821875,0.265625,-0.037302267426245095,0.022164863254670986,-0.029841813940996078,0.01773189060373679,-0.814414546514751,0.2611920273490658,ALIGNED
SCN_007,311,10.3333,TRACKING,176.5,288.5,320.0,240.0,-143.5,48.5,-0.896875,0.303125,-0.082460453485249,0.04193297265093415,-0.0659683627881992,0.033546378120747324,-0.8803829093029502,0.29473840546981317,ALIGNING
SCN_007,312,10.3667,TRACKING,174.5,280.5,320.0,240.0,-145.5,40.5,-0.909375,0.25312500000000004,-0.028992090697049888,-0.041613405469813125,-0.023193672557639912,-0.033290724375850504,-0.9035765818605901,0.26144768109396266,ALIGNED
SCN_007,313,10.4,TRACKING,176.5,263.5,320.0,240.0,-143.5,23.5,-0.896875,0.146875,0.006701581860590111,-0.11457268109396265,0.00536126548847209,-0.09165814487517013,-0.898215316372118,0.16978953621879253,ALIGNING
SCN_007,314,10.4333,TRACKING,177.5,252.5,320.0,240.0,-142.5,12.5,-0.890625,0.078125,0.0075903163721180444,-0.09166453621879253,0.0060722530976944356,-0.07333162897503402,-0.8921430632744236,0.09645790724375851,ALIGNING
SCN_007,315,10.4667,TRACKING,182.5,254.5,320.0,240.0,-137.5,14.5,-0.859375,0.090625,0.03276806327442361,-0.005832907243758512,0.02621445061953889,-0.004666325795006809,-0.8659286126548847,0.0917915814487517,ALIGNED
SCN_007,316,10.5,TRACKING,188.5,263.5,320.0,240.0,-131.5,23.5,-0.821875,0.146875,0.04405361265488472,0.055083418551248306,0.03524289012390778,0.04406673484099865,-0.8306857225309769,0.13585831628975034,ALIGNING
SCN_007,317,10.5333,TRACKING,191.5,264.5,320.0,240.0,-128.5,24.5,-0.803125,0.153125,0.027560722530976967,0.01726668371024967,0.022048578024781575,0.013813346968199736,-0.8086371445061954,0.1496716632579501,ALIGNED
SCN_007,318,10.5667,TRACKING,177.5,260.5,320.0,240.0,-142.5,20.5,-0.890625,0.128125,-0.0819878554938046,-0.0215466632579501,-0.06559028439504369,-0.01723733060636008,-0.8742274289012391,0.13243433265159002,ALIGNING
SCN_007,319,10.6,TRACKING,165.5,255.5,320.0,240.0,-154.5,15.5,-0.965625,0.09687500000000002,-0.0913975710987609,-0.03555933265159,-0.07311805687900873,-0.028447466121272004,-0.9473454857802478,0.10398686653031802,ALIGNING
SCN_007,320,10.6333,TRACKING,168.5,253.5,320.0,240.0,-151.5,13.5,-0.946875,0.084375,0.00047048578024777576,-0.019611866530318017,0.00037638862419822063,-0.015689493224254416,-0.9469690971560496,0.0882973733060636,ALIGNED
SCN_007,321,10.6667,TRACKING,184.5,249.5,320.0,240.0,-135.5,9.5,-0.846875,0.059375,0.10009409715604956,-0.028922373306063606,0.08007527772483965,-0.023137898644850885,-0.8668938194312099,0.06515947466121272,ALIGNING
SCN_007,322,10.7,TRACKING,191.5,236.5,320.0,240.0,-128.5,-3.5,-0.803125,-0.021875,0.06376881943120993,-0.08703447466121272,0.05101505554496795,-0.06962757972897018,-0.8158787638862419,-0.004468105067757466,ALIGNING
SCN_007,323,10.7333,TRACKING,184.5,228.5,320.0,240.0,-135.5,-11.5,-0.846875,-0.07187500000000001,-0.030996236113758124,-0.06740689493224254,-0.0247969888910065,-0.053925515945794034,-0.8406757527772484,-0.0583936210135515,ALIGNING
SCN_007,324,10.7667,TRACKING,178.5,230.5,320.0,240.0,-141.5,-9.5,-0.884375,-0.059375,-0.04369924722275165,-0.0009813789864484973,-0.03495939777820132,-0.0007851031891587979,-0.8756351505554497,-0.059178724202710295,ALIGNED
SCN_007,325,10.8,TRACKING,175.5,241.5,320.0,240.0,-144.5,1.5,-0.903125,0.009375000000000001,-0.02748984944455024,0.0685537242027103,-0.021991879555640192,0.05484297936216825,-0.8976270301110899,-0.004335744840542048,ALIGNING
SCN_007,326,10.8333,TRACKING,174.5,246.5,320.0,240.0,-145.5,6.5,-0.909375,0.040625,-0.011747969888910137,0.04496074484054205,-0.009398375911128111,0.03596859587243364,-0.907025406022218,0.03163285103189159,ALIGNED
SCN_007,327,10.8667,TRACKING,171.5,235.5,320.0,240.0,-148.5,-4.5,-0.928125,-0.028124999999999997,-0.02109959397778194,-0.05975785103189159,-0.01687967518222555,-0.047806280825513275,-0.9239050812044436,-0.016173429793621685,ALIGNING
SCN_007,328,10.9,TRACKING,176.5,222.5,320.0,240.0,-143.5,-17.5,-0.896875,-0.109375,0.027030081204443612,-0.09320157020637831,0.02162406496355489,-0.07456125616510266,-0.9022810162408887,-0.09073468595872435,ALIGNING
SCN_007,329,10.9333,TRACKING,189.5,216.5,320.0,240.0,-130.5,-23.5,-0.815625,-0.146875,0.0866560162408887,-0.05614031404127566,0.06932481299271097,-0.044912251233020534,-0.8329562032481778,-0.13564693719174487,ALIGNING
SCN_007,330,10.9667,TRACKING,192.5,216.5,320.0,240.0,-127.5,-23.5,-0.796875,-0.146875,0.03608120324817776,-0.01122806280825514,0.02886496259854221,-0.008982450246604113,-0.8040912406496356,-0.14462938743834897,ALIGNED
SCN_007,331,11.0,TRACKING,178.5,214.5,320.0,240.0,-141.5,-25.5,-0.884375,-0.159375,-0.08028375935036447,-0.014745612561651023,-0.06422700748029157,-0.011796490049320818,-0.8683182481299271,-0.15642587748766978,ALIGNING
SCN_007,332,11.0333,TRACKING,165.5,211.5,320.0,240.0,-154.5,-28.5,-0.965625,-0.17812499999999998,-0.09730675187007287,-0.021699122512330193,-0.0778454014960583,-0.017359298009864157,-0.9461636496259854,-0.17378517549753394,ALIGNING
SCN_007,333,11.0667,TRACKING,170.5,211.5,320.0,240.0,-149.5,-28.5,-0.934375,-0.17812499999999998,0.01178864962598547,-0.004339824502466033,0.009430919700788376,-0.0034718596019728265,-0.9367327299251971,-0.17725703509950677,ALIGNED
SCN_007,334,11.1,TRACKING,182.5,216.5,320.0,240.0,-137.5,-23.5,-0.859375,-0.146875,0.07735772992519707,0.030382035099506766,0.06188618394015766,0.024305628079605415,-0.8748465459850394,-0.15295140701990134,ALIGNING
SCN_007,335,11.1333,TRACKING,188.5,219.5,320.0,240.0,-131.5,-20.5,-0.821875,-0.128125,0.05297154598503939,0.024826407019901353,0.042377236788031514,0.019861125615921085,-0.8324693091970079,-0.13309028140398027,ALIGNING
SCN_007,336,11.1667,TRACKING,185.5,208.5,320.0,240.0,-134.5,-31.5,-0.840625,-0.19687500000000002,-0.008155690802992055,-0.06378471859601975,-0.006524552642393645,-0.051027774876815805,-0.8389938618394015,-0.18411805628079608,ALIGNING
SCN_007,337,11.2,TRACKING,184.5,193.5,320.0,240.0,-135.5,-46.5,-0.846875,-0.290625,-0.007881138160598544,-0.10650694371920394,-0.006304910528478836,-0.08520555497536315,-0.8452987723678803,-0.2693236112561592,ALIGNING
SCN_007,338,11.2333,TRACKING,183.5,184.5,320.0,240.0,-136.5,-55.5,-0.853125,-0.34687500000000004,-0.007826227632119709,-0.07755138874384082,-0.006260982105695767,-0.06204111099507266,-0.8515597544735761,-0.33136472225123187,ALIGNING
SCN_007,339,11.2667,TRACKING,174.5,187.5,320.0,240.0,-145.5,-52.5,-0.909375,-0.328125,-0.05781524552642392,0.003239722251231869,-0.04625219642113914,0.0025917778009854953,-0.8978119508947152,-0.32877294445024635,ALIGNING
SCN_007,340,11.3,TRACKING,169.5,194.5,320.0,240.0,-150.5,-45.5,-0.940625,-0.284375,-0.04281304910528483,0.04439794445024636,-0.034250439284227864,0.03551835556019709,-0.9320623901789431,-0.29325458889004924,ALIGNED
SCN_007,341,11.3333,TRACKING,178.5,197.5,320.0,240.0,-141.5,-42.5,-0.884375,-0.265625,0.04768739017894308,0.02762958889004924,0.03814991214315447,0.022103671112039393,-0.8939124780357887,-0.27115091777800987,ALIGNED
SCN_007,342,11.3667,TRACKING,194.5,192.5,320.0,240.0,-125.5,-47.5,-0.784375,-0.296875,0.10953747803578862,-0.02572408222199013,0.0876299824286309,-0.020579265777592105,-0.8062824956071577,-0.291730183555602,ALIGNING
SCN_007,343,11.4,TRACKING,197.5,188.5,320.0,240.0,-122.5,-51.5,-0.765625,-0.32187499999999997,0.0406574956071577,-0.03014481644439798,0.03252599648572616,-0.024115853155518386,-0.7737564991214315,-0.3158460367111204,ALIGNED
SCN_007,344,11.4333,TRACKING,183.5,186.5,320.0,240.0,-136.5,-53.5,-0.853125,-0.33437500000000003,-0.0793685008785685,-0.018528963288879652,-0.0634948007028548,-0.014823170631103721,-0.8372512998242864,-0.3306692073422241,ALIGNING
SCN_007,345,11.4667,TRACKING,175.5,181.5,320.0,240.0,-144.5,-58.5,-0.903125,-0.365625,-0.06587370017571359,-0.034955792657775875,-0.05269896014057088,-0.027964634126220703,-0.8899502599648572,-0.3586338414684448,ALIGNING
SCN_007,346,11.5,TRACKING,177.5,170.5,320.0,240.0,-142.5,-69.5,-0.890625,-0.43437500000000007,-0.0006747400351427846,-0.07574115853155527,-0.0005397920281142277,-0.060592926825244225,-0.8904900519929715,-0.419226768293689,ALIGNING
SCN_007,347,11.5333,TRACKING,184.5,163.5,320.0,240.0,-135.5,-76.5,-0.846875,-0.47812499999999997,0.04361505199297144,-0.05889823170631098,0.03489204159437716,-0.04711858536504879,-0.8555980103985943,-0.46634535365873775,ALIGNING
SCN_007,348,11.5667,TRACKING,186.5,168.5,320.0,240.0,-133.5,-71.5,-0.834375,-0.446875,0.02122301039859431,0.019470353658737727,0.01697840831887545,0.015576282926990183,-0.8386196020797189,-0.45076907073174755,ALIGNED
SCN_007,349,11.6,TRACKING,190.5,179.5,320.0,240.0,-129.5,-60.5,-0.809375,-0.378125,0.029244602079718907,0.07264407073174756,0.023395681663775127,0.05811525658539805,-0.8152239204159437,-0.3926538141463495,ALIGNING
SCN_007,350,11.6333,TRACKING,196.5,182.5,320.0,240.0,-123.5,-57.5,-0.771875,-0.359375,0.04334892041594374,0.03327881414634948,0.03467913633275499,0.026623051317079583,-0.7805447840831887,-0.3660307628292699,ALIGNED
SCN_007,351,11.6667,TRACKING,192.5,173.5,320.0,240.0,-127.5,-66.5,-0.796875,-0.415625,-0.016330215916811275,-0.04959423717073014,-0.013064172733449021,-0.03967538973658411,-0.7936089568166378,-0.405706152565854,ALIGNED
SCN_007,352,11.7,TRACKING,180.5,160.5,320.0,240.0,-139.5,-79.5,-0.871875,-0.49687499999999996,-0.07826604318336217,-0.09116884743414594,-0.06261283454668974,-0.07293507794731675,-0.8562217913633275,-0.47864123051317076,ALIGNING
SCN_007,353,11.7333,TRACKING,174.5,155.5,320.0,240.0,-145.5,-84.5,-0.909375,-0.5281250000000001,-0.0531532086366725,-0.04948376948682931,-0.042522566909338005,-0.03958701558946345,-0.8987443582726655,-0.5182282461026342,ALIGNING
SCN_007,354,11.7667,TRACKING,185.5,155.5,320.0,240.0,-134.5,-84.5,-0.840625,-0.5281250000000001,0.05811935827266557,-0.009896753897365884,0.04649548661813246,-0.007917403117892708,-0.8522488716545331,-0.5261456492205269,ALIGNING
SCN_007,355,11.8,TRACKING,200.5,155.5,320.0,240.0,-119.5,-84.5,-0.746875,-0.5281250000000001,0.10537387165453316,-0.001979350779473199,0.08429909732362653,-0.0015834806235785594,-0.7679497743309066,-0.5277291298441055,ALIGNING
SCN_007,356,11.8333,TRACKING,203.5,153.5,320.0,240.0,-116.5,-86.5,-0.728125,-0.540625,0.03982477433090659,-0.012895870155894551,0.03185981946472527,-0.01031669612471564,-0.7360899548661813,-0.5380458259688211,ALIGNED
SCN_007,357,11.8667,TRACKING,193.5,155.5,320.0,240.0,-126.5,-84.5,-0.790625,-0.5281250000000001,-0.05453504513381868,0.009920825968821045,-0.04362803610705495,0.007936660775056836,-0.7797179909732362,-0.5301091651937643,ALIGNING
SCN_007,358,11.9,TRACKING,186.5,162.5,320.0,240.0,-133.5,-77.5,-0.834375,-0.484375,-0.054657009026763737,0.045734165193764276,-0.04372560722141099,0.03658733215501142,-0.8234435981946472,-0.49352183303875286,ALIGNING
SCN_007,359,11.9333,TRACKING,190.5,165.5,320.0,240.0,-129.5,-74.5,-0.809375,-0.465625,0.01406859819464723,0.027896833038752844,0.011254878555717785,0.022317466431002277,-0.8121887196389294,-0.47120436660775056,ALIGNED
SCN_007,360,11.9667,TRACKING,190.5,155.5,320.0,240.0,-129.5,-84.5,-0.809375,-0.5281250000000001,0.0028137196389294017,-0.05692063339224951,0.0022509757111435214,-0.04553650671379961,-0.8099377439277858,-0.5167408733215502,ALIGNING
SCN_007,361,12.0,TRACKING,193.5,139.5,320.0,240.0,-126.5,-100.5,-0.790625,-0.628125,0.019312743927785814,-0.11138412667844988,0.015450195142228652,-0.0891073013427599,-0.7944875487855572,-0.6058481746643101,ALIGNING
SCN_007,362,12.0333,TRACKING,200.5,134.5,320.0,240.0,-119.5,-105.5,-0.746875,-0.659375,0.04761254878555721,-0.053526825335689976,0.038090039028445766,-0.042821460268551985,-0.7563975097571114,-0.648669634932862,ALIGNING
SCN_007,363,12.0667,TRACKING,211.5,142.5,320.0,240.0,-108.5,-97.5,-0.678125,-0.609375,0.07827250975711142,0.039294634932862005,0.06261800780568914,0.0314357079462896,-0.6937795019514222,-0.6172339269865724,ALIGNING
SCN_007,364,12.1,TRACKING,205.5,151.5,320.0,240.0,-114.5,-88.5,-0.715625,-0.5531250000000001,-0.021845498048577716,0.06410892698657233,-0.017476398438862173,0.05128714158925787,-0.7112559003902844,-0.5659467853973146,ALIGNING
SCN_007,365,12.1333,TRACKING,192.5,152.5,320.0,240.0,-127.5,-87.5,-0.796875,-0.546875,-0.08561909960971559,0.019071785397314578,-0.06849527968777247,0.015257428317851663,-0.7797511800780569,-0.5506893570794629,ALIGNING
SCN_007,366,12.1667,TRACKING,186.5,148.5,320.0,240.0,-133.5,-91.5,-0.834375,-0.5718749999999999,-0.054623819921943095,-0.02118564292053704,-0.04369905593755448,-0.016948514336429632,-0.8234502360156114,-0.5676378714158925,ALIGNING
SCN_007,367,12.2,TRACKING,198.5,146.5,320.0,240.0,-121.5,-93.5,-0.759375,-0.584375,0.06407523601561138,-0.016737128584107475,0.05126018881248911,-0.01338970286728598,-0.7721900472031223,-0.5810275742831785,ALIGNING
SCN_007,368,12.2333,TRACKING,211.5,146.5,320.0,240.0,-108.5,-93.5,-0.678125,-0.584375,0.09406504720312237,-0.0033474257168214505,0.07525203776249789,-0.0026779405734571604,-0.6969380094406245,-0.5837055148566357,ALIGNING
SCN_007,369,12.2667,TRACKING,212.5,140.5,320.0,240.0,-107.5,-99.5,-0.671875,-0.6218750000000001,0.02506300944062445,-0.03816948514336438,0.020050407552499563,-0.030535588114691505,-0.6768876018881249,-0.6142411029713272,ALIGNED
SCN_007,370,12.3,TRACKING,209.5,131.5,320.0,240.0,-110.5,-108.5,-0.690625,-0.678125,-0.013737398111875132,-0.06388389702867281,-0.010989918489500107,-0.05110711762293825,-0.6878775203776251,-0.6653482205942655,ALIGNING
SCN_007,371,12.3333,TRACKING,206.5,128.5,320.0,240.0,-113.5,-111.5,-0.709375,-0.696875,-0.021497479622374915,-0.03152677940573456,-0.017197983697899932,-0.02522142352458765,-0.705075504075525,-0.6905696441188531,ALIGNED
SCN_007,372,12.3667,TRACKING,205.5,139.5,320.0,240.0,-114.5,-100.5,-0.715625,-0.628125,-0.010549495924474961,0.06244464411885309,-0.008439596739579969,0.04995571529508247,-0.7135151008151049,-0.6406139288237707,ALIGNING
SCN_007,373,12.4,TRACKING,201.5,151.5,320.0,240.0,-118.5,-88.5,-0.740625,-0.5531250000000001,-0.027109899184895037,0.08748892882377057,-0.02168791934791603,0.06999114305901646,-0.735203020163021,-0.5706227857647542,ALIGNING
SCN_007,374,12.4333,TRACKING,200.5,152.5,320.0,240.0,-119.5,-87.5,-0.746875,-0.546875,-0.011671979836978985,0.023747785764754226,-0.009337583869583188,0.01899822861180338,-0.7445406040326041,-0.5516245571529509,ALIGNED
SCN_007,375,12.4667,TRACKING,215.5,143.5,320.0,240.0,-104.5,-96.5,-0.653125,-0.603125,0.09141560403260418,-0.05150044284704913,0.07313248322608334,-0.04120035427763931,-0.6714081208065208,-0.5928249114305902,ALIGNING
SCN_007,376,12.5,TRACKING,227.5,134.5,320.0,240.0,-92.5,-105.5,-0.578125,-0.659375,0.09328312080652079,-0.0665500885694098,0.07462649664521663,-0.05324007085552784,-0.5967816241613042,-0.6460649822861181,ALIGNING
SCN_007,377,12.5333,TRACKING,223.5,131.5,320.0,240.0,-96.5,-108.5,-0.603125,-0.678125,-0.0063433758386958194,-0.032060017713881894,-0.005074700670956656,-0.025648014171105515,-0.6018563248322608,-0.6717129964572236,ALIGNED
SCN_007,378,12.5667,TRACKING,208.5,135.5,320.0,240.0,-111.5,-104.5,-0.696875,-0.653125,-0.09501867516773921,0.018587996457223643,-0.07601494013419137,0.014870397165778915,-0.6778712649664522,-0.6568425992914447,ALIGNING
SCN_007,379,12.6,TRACKING,205.5,135.5,320.0,240.0,-114.5,-104.5,-0.715625,-0.653125,-0.03775373503354773,0.003717599291444773,-0.030202988026838185,0.0029740794331558186,-0.7080742529932904,-0.6538685198582889,ALIGNED
SCN_007,380,12.6333,TRACKING,214.5,136.5,320.0,240.0,-105.5,-103.5,-0.659375,-0.6468750000000001,0.048699252993290365,0.006993519858288777,0.038959402394632296,0.005594815886631022,-0.6691148505986582,-0.6482737039716578,ALIGNED
SCN_007,381,12.6667,TRACKING,223.5,142.5,320.0,240.0,-96.5,-97.5,-0.603125,-0.609375,0.06598985059865814,0.038898703971657844,0.052791880478926516,0.031118963177326278,-0.6163229701197317,-0.6171547407943315,ALIGNING
SCN_007,382,12.7,TRACKING,226.5,150.5,320.0,240.0,-93.5,-89.5,-0.584375,-0.559375,0.03194797011973172,0.05777974079433157,0.025558376095785373,0.046223792635465256,-0.5907645940239463,-0.5709309481588662,ALIGNING
SCN_007,383,12.7333,TRACKING,228.5,153.5,320.0,240.0,-91.5,-86.5,-0.571875,-0.540625,0.0188895940239463,0.030305948158866225,0.01511167521915704,0.024244758527092982,-0.5756529188047893,-0.5466861896317733,ALIGNED
SCN_007,384,12.7667,TRACKING,230.5,142.5,320.0,240.0,-89.5,-97.5,-0.559375,-0.609375,0.01627791880478935,-0.06268881036822671,0.01302233504383148,-0.05015104829458137,-0.5626305837609579,-0.5968372379263547,ALIGNING
SCN_007,385,12.8,TRACKING,224.5,129.5,320.0,240.0,-95.5,-110.5,-0.596875,-0.6906249999999999,-0.034244416239042175,-0.09378776207364525,-0.02739553299123374,-0.07503020965891621,-0.5900261167521916,-0.6718674475852708,ALIGNING
SCN_007,386,12.8333,TRACKING,217.5,131.5,320.0,240.0,-102.5,-108.5,-0.640625,-0.678125,-0.05059888324780837,-0.0062575524147291395,-0.040479106598246696,-0.005006041931783312,-0.6305052233504383,-0.6768734895170542,ALIGNING
SCN_007,387,12.8667,TRACKING,218.5,141.5,320.0,240.0,-101.5,-98.5,-0.634375,-0.615625,-0.0038697766495616737,0.061248489517054194,-0.003095821319649339,0.04899879161364336,-0.6336010446700877,-0.6278746979034108,ALIGNING
SCN_007,388,12.9,TRACKING,234.5,149.5,320.0,240.0,-85.5,-90.5,-0.534375,-0.565625,0.09922604467008767,0.06224969790341073,0.07938083573607013,0.049799758322728586,-0.5542202089340176,-0.5780749395806822,ALIGNING
SCN_007,389,12.9333,TRACKING,246.5,152.5,320.0,240.0,-73.5,-87.5,-0.459375,-0.546875,0.0948452089340176,0.031199939580682234,0.07587616714721408,0.024959951664545788,-0.4783440417868035,-0.5531149879161364,ALIGNING
SCN_007,390,12.9667,TRACKING,241.5,151.5,320.0,240.0,-78.5,-88.5,-0.490625,-0.5531250000000001,-0.012280958213196469,-1.001208386364194e-05,-0.009824766570557177,-8.009667090913553e-06,-0.4881688083573607,-0.5531229975832274,ALIGNED
SCN_007,391,13.0,TRACKING,229.5,150.5,320.0,240.0,-90.5,-89.5,-0.565625,-0.559375,-0.07745619164263934,-0.006252002416772595,-0.061964953314111476,-0.005001601933418077,-0.5501337616714722,-0.5581245995166454,ALIGNING
SCN_007,392,13.0333,TRACKING,229.5,151.5,320.0,240.0,-90.5,-88.5,-0.565625,-0.5531250000000001,-0.015491238328527834,0.004999599516645303,-0.012392990662822269,0.003999679613316243,-0.5625267523342945,-0.5541249199033291,ALIGNED
SCN_007,393,13.0667,TRACKING,234.5,148.5,320.0,240.0,-85.5,-91.5,-0.534375,-0.5718749999999999,0.028151752334294455,-0.017750080096670784,0.022521401867435564,-0.014200064077336629,-0.5400053504668589,-0.5683249839806658,ALIGNED
SCN_007,394,13.1,TRACKING,238.5,140.5,320.0,240.0,-81.5,-99.5,-0.509375,-0.6218750000000001,0.030630350466858913,-0.05355001601933429,0.024504280373487133,-0.04284001281546743,-0.5155010700933718,-0.6111649967961332,ALIGNING
SCN_007,395,13.1333,TRACKING,242.5,141.5,320.0,240.0,-77.5,-98.5,-0.484375,-0.615625,0.03112607009337176,-0.004460003203866747,0.02490085607469741,-0.0035680025630933977,-0.4906002140186744,-0.6147329993592267,ALIGNED
SCN_007,396,13.1667,TRACKING,250.5,155.5,320.0,240.0,-69.5,-84.5,-0.434375,-0.5281250000000001,0.05622521401867436,0.08660799935922658,0.044980171214939496,0.06928639948738127,-0.4456200428037349,-0.5454465998718454,ALIGNING
SCN_007,397,13.2,TRACKING,255.5,167.5,320.0,240.0,-64.5,-72.5,-0.403125,-0.453125,0.042495042803734895,0.0923215998718454,0.033996034242987916,0.07385727989747633,-0.411624008560747,-0.4715893199743691,ALIGNING
SCN_007,398,13.2333,TRACKING,246.5,170.5,320.0,240.0,-73.5,-69.5,-0.459375,-0.43437500000000007,-0.04775099143925299,0.037214319974369026,-0.038200793151402394,0.029771455979495223,-0.4498248017121494,-0.4418178639948739,ALIGNED
SCN_007,399,13.2667,TRACKING,235.5,160.5,320.0,240.0,-84.5,-79.5,-0.528125,-0.49687499999999996,-0.07830019828785056,-0.05505713600512607,-0.06264015863028045,-0.04404570880410086,-0.5124649603424298,-0.48586357279897474,ALIGNING
SCN_007,400,13.3,TRACKING,239.5,155.5,320.0,240.0,-80.5,-84.5,-0.503125,-0.5281250000000001,0.009339960342429787,-0.042261427201025326,0.00747196827394383,-0.03380914176082026,-0.504992992068486,-0.519672714559795,ALIGNED
SCN_007,401,13.3333,TRACKING,254.5,157.5,320.0,240.0,-65.5,-82.5,-0.409375,-0.515625,0.09561799206848604,0.004047714559795024,0.07649439365478883,0.003238171647836019,-0.4284985984136972,-0.516434542911959,ALIGNING
SCN_007,402,13.3667,TRACKING,265.5,160.5,320.0,240.0,-54.5,-79.5,-0.340625,-0.49687499999999996,0.08787359841369718,0.01955954291195905,0.07029887873095775,0.01564763432956724,-0.35819971968273945,-0.5007869085823917,ALIGNING
SCN_007,403,13.4,TRACKING,262.5,162.5,320.0,240.0,-57.5,-77.5,-0.359375,-0.484375,-0.001175280317260552,0.01641190858239172,-0.0009402242538084416,0.013129526865913378,-0.3591399439365479,-0.4876573817164783,ALIGNED
SCN_007,404,13.4333,TRACKING,255.5,165.5,320.0,240.0,-64.5,-74.5,-0.403125,-0.465625,-0.0439850560634521,0.02203238171647831,-0.03518804485076168,0.01762590537318265,-0.39432798878730957,-0.4700314763432957,ALIGNED
SCN_007,405,13.4667,TRACKING,257.5,175.5,320.0,240.0,-62.5,-64.5,-0.390625,-0.40312499999999996,0.003702988787309569,0.06690647634329572,0.0029623910298476556,0.05352518107463658,-0.39136559775746194,-0.4165062952686591,ALIGNING
SCN_007,406,13.5,TRACKING,257.5,183.5,320.0,240.0,-62.5,-56.5,-0.390625,-0.353125,0.000740597757461936,0.0633812952686591,0.0005924782059695488,0.05070503621492728,-0.3907731195514924,-0.36580125905373184,ALIGNING
SCN_007,407,13.5333,TRACKING,255.5,185.5,320.0,240.0,-64.5,-54.5,-0.403125,-0.340625,-0.012351880448507602,0.02517625905373183,-0.009881504358806081,0.020141007242985468,-0.4006546239102985,-0.3456602518107464,ALIGNED
SCN_007,408,13.5667,TRACKING,263.5,177.5,320.0,240.0,-56.5,-62.5,-0.353125,-0.390625,0.04752962391029847,-0.04496474818925361,0.038023699128238775,-0.03597179855140289,-0.3626309247820597,-0.38163205036214926,ALIGNED
SCN_007,409,13.6,TRACKING,275.5,167.5,320.0,240.0,-44.5,-72.5,-0.278125,-0.453125,0.0845059247820597,-0.07149294963785074,0.06760473982564777,-0.0571943597102806,-0.295026184956412,-0.43882641007242984,ALIGNING
SCN_007,410,13.6333,TRACKING,282.5,170.5,320.0,240.0,-37.5,-69.5,-0.234375,-0.43437500000000007,0.060651184956411974,0.004451410072429773,0.04852094796512958,0.003561128057943819,-0.2465052369912824,-0.435265282014486,ALIGNING
SCN_007,411,13.6667,TRACKING,273.5,183.5,320.0,240.0,-46.5,-56.5,-0.290625,-0.353125,-0.044119763008717616,0.08214028201448598,-0.0352958104069741,0.06571222561158878,-0.2818010473982565,-0.3695530564028972,ALIGNING
SCN_007,412,13.7,TRACKING,260.5,193.5,320.0,240.0,-59.5,-46.5,-0.371875,-0.290625,-0.0900739526017435,0.07892805640289718,-0.0720591620813948,0.06314244512231774,-0.3538602094796513,-0.30641061128057945,ALIGNING
SCN_007,413,13.7333,TRACKING,265.5,196.5,320.0,240.0,-54.5,-43.5,-0.340625,-0.271875,0.013235209479651289,0.03453561128057947,0.010588167583721032,0.027628489024463576,-0.34327204189593025,-0.27878212225611587,ALIGNED
SCN_007,414,13.7667,TRACKING,279.5,195.5,320.0,240.0,-40.5,-44.5,-0.253125,-0.278125,0.09014704189593026,0.0006571222561158607,0.0721176335167442,0.0005256978048926886,-0.27115440837918603,-0.27825642445122317,ALIGNING
SCN_007,415,13.8,TRACKING,287.5,197.5,320.0,240.0,-32.5,-42.5,-0.203125,-0.265625,0.06802940837918603,0.012631424451223172,0.054423526703348823,0.010105139560978539,-0.2167308816758372,-0.26815128489024465,ALIGNING
SCN_007,416,13.8333,TRACKING,286.5,200.5,320.0,240.0,-33.5,-39.5,-0.209375,-0.246875,0.0073558816758372,0.021276284890244634,0.00588470534066976,0.01702102791219571,-0.21084617633516745,-0.2511302569780489,ALIGNED
SCN_007,417,13.8667,TRACKING,286.5,195.5,320.0,240.0,-33.5,-44.5,-0.209375,-0.278125,0.00147117633516744,-0.026994743021951095,0.0011769410681339522,-0.021595794417560876,-0.2096692352670335,-0.2727260513956098,ALIGNED
SCN_007,418,13.9,TRACKING,286.5,191.5,320.0,240.0,-33.5,-48.5,-0.209375,-0.303125,0.00029423526703348246,-0.030398948604390186,0.00023538821362678597,-0.02431915888351215,-0.2094338470534067,-0.29704521027912195,ALIGNED
SCN_007,419,13.9333,TRACKING,282.5,195.5,320.0,240.0,-37.5,-44.5,-0.234375,-0.278125,-0.024941152946593298,0.01892021027912194,-0.01995292235727464,0.015136168223297553,-0.22938676941068134,-0.2819090420558244,ALIGNED
SCN_007,420,13.9667,TRACKING,278.5,212.5,320.0,240.0,-41.5,-27.5,-0.259375,-0.171875,-0.029988230589318682,0.1100340420558244,-0.023990584471454947,0.08802723364465953,-0.2533773538821363,-0.19388180841116487,ALIGNING
SCN_007,421,14.0,TRACKING,288.5,224.5,320.0,240.0,-31.5,-15.5,-0.196875,-0.09687500000000002,0.056502353882136286,0.09700680841116485,0.04520188310570903,0.07760544672893188,-0.20817547077642726,-0.11627636168223299,ALIGNING
SCN_007,422,14.0333,TRACKING,305.5,223.5,320.0,240.0,-14.5,-16.5,-0.090625,-0.10312500000000001,0.11755047077642726,0.013151361682232979,0.09404037662114181,0.010521089345786383,-0.11413509415528544,-0.1057552723364466,ALIGNING
SCN_007,423,14.0667,TRACKING,309.5,216.5,320.0,240.0,-10.5,-23.5,-0.065625,-0.146875,0.04851009415528544,-0.0411197276635534,0.03880807532422836,-0.032895782130842724,-0.07532701883105708,-0.13865105446728931,ALIGNED
SCN_007,424,14.1,TRACKING,298.5,214.5,320.0,240.0,-21.5,-25.5,-0.134375,-0.159375,-0.059047981168942915,-0.020723945532710675,-0.04723838493515434,-0.01657915642616854,-0.12256540376621142,-0.15523021089345784,ALIGNING
SCN_007,425,14.1333,TRACKING,288.5,216.5,320.0,240.0,-31.5,-23.5,-0.196875,-0.146875,-0.07430959623378858,0.008355210893457837,-0.059447676987030865,0.00668416871476627,-0.1820130807532423,-0.14854604217869158,ALIGNING
SCN_007,426,14.1667,TRACKING,292.5,222.5,320.0,240.0,-27.5,-17.5,-0.171875,-0.109375,0.010138080753242296,0.03917104217869158,0.008110464602593837,0.03133683374295326,-0.17390261615064845,-0.11720920843573832,ALIGNED
SCN_007,427,14.2,TRACKING,303.5,225.5,320.0,240.0,-16.5,-14.5,-0.103125,-0.090625,0.07077761615064845,0.02658420843573832,0.056622092920518764,0.021267366748590658,-0.11728052323012969,-0.09594184168714766,ALIGNING
SCN_007,428,14.2333,TRACKING,308.5,229.5,320.0,240.0,-11.5,-10.5,-0.071875,-0.06562499999999999,0.045405523230129696,0.03031684168714767,0.036324418584103756,0.024253473349718137,-0.08095610464602593,-0.07168836833742952,ALIGNED
SCN_007,429,14.2667,TRACKING,313.5,239.5,320.0,240.0,-6.5,-0.5,-0.040625,-0.003125,0.04033110464602593,0.06856336833742951,0.03226488371682074,0.05485069466994361,-0.048691220929205185,-0.016837673667485904,ALIGNING
SCN_007,430,14.3,TRACKING,318.5,248.5,320.0,240.0,-1.5,8.5,-0.009375,0.053125,0.039316220929205184,0.0699626736674859,0.03145297674336415,0.05597013893398872,-0.017238244185841037,0.03913246526650282,ALIGNING
SCN_007,431,14.3333,TRACKING,318.5,249.5,320.0,240.0,-1.5,9.5,-0.009375,0.059375,0.007863244185841037,0.02024253473349718,0.00629059534867283,0.016194027786797745,-0.010947648837168207,0.05532649305330056,ALIGNED
SCN_007,432,14.3667,TRACKING,309.5,239.5,320.0,240.0,-10.5,-0.5,-0.065625,-0.003125,-0.054677351162831796,-0.058451493053300566,-0.04374188093026544,-0.04676119444264046,-0.054689529767433645,0.008565298610660105,ALIGNING
SCN_007,433,14.4,TRACKING,302.5,232.5,320.0,240.0,-17.5,-7.5,-0.109375,-0.046875,-0.054685470232566355,-0.055440298610660105,-0.04374837618605309,-0.04435223888852809,-0.09843790595348673,-0.03578694027786798,ALIGNING
SCN_007,434,14.4333,TRACKING,314.5,240.5,320.0,240.0,-5.5,0.5,-0.034375,0.003125,0.06406290595348672,0.038911940277867985,0.05125032476278938,0.03112955222229439,-0.047187581190697346,-0.004657388055573593,ALIGNING
SCN_007,435,14.4667,TRACKING,331.5,251.5,320.0,240.0,11.5,11.5,0.071875,0.07187500000000001,0.11906258119069735,0.07653238805557361,0.09525006495255789,0.06122591044445889,0.04806248376186054,0.056568522388885295,ALIGNING
SCN_007,436,14.5,TRACKING,338.5,262.5,320.0,240.0,18.5,22.5,0.115625,0.140625,0.06756251623813947,0.0840564776111147,0.05405001299051158,0.06724518208889177,0.10211249675237212,0.12381370447777706,ALIGNING
SCN_007,437,14.5333,TRACKING,328.5,262.5,320.0,240.0,8.5,22.5,0.053125,0.140625,-0.04898749675237212,0.016811295522222935,-0.0391899974018977,0.01344903641777835,0.06292249935047442,0.1372627408955554,ALIGNED
SCN_007,438,14.5667,TRACKING,321.5,263.5,320.0,240.0,1.5,23.5,0.009375,0.146875,-0.05354749935047442,0.009612259104444604,-0.042837999480379536,0.007689807283555683,0.020084499870094884,0.14495254817911107,ALIGNING
SCN_007,439,14.6,TRACKING,324.5,266.5,320.0,240.0,4.5,26.5,0.028125,0.165625,0.008040500129905117,0.02067245182088892,0.006432400103924094,0.016537961456711138,0.026516899974018977,0.1614905096358222,ALIGNED
SCN_007,440,14.6333,TRACKING,328.5,268.5,320.0,240.0,8.5,28.5,0.053125,0.17812499999999998,0.026608100025981022,0.016634490364177773,0.02128648002078482,0.01330759229134222,0.047803379994803795,0.1747981019271644,ALIGNED
SCN_007,441,14.6667,TRACKING,332.5,263.5,320.0,240.0,12.5,23.5,0.078125,0.146875,0.030321620005196205,-0.027923101927164407,0.024257296004156964,-0.022338481541731528,0.07206067599896077,0.15245962038543287,ALIGNED
SCN_007,442,14.7,TRACKING,340.5,259.5,320.0,240.0,20.5,19.5,0.128125,0.12187500000000001,0.05606432400103922,-0.03058462038543286,0.04485145920083138,-0.02446769630834629,0.11691213519979216,0.1279919240770866,ALIGNING
SCN_007,443,14.7333,TRACKING,351.5,268.5,320.0,240.0,31.5,28.5,0.196875,0.17812499999999998,0.07996286480020784,0.050133075922913384,0.06397029184016627,0.04010646073833071,0.18088242703995844,0.1680983848154173,ALIGNING
SCN_007,444,14.7667,TRACKING,348.5,282.5,320.0,240.0,28.5,42.5,0.178125,0.265625,-0.002757427039958432,0.0975266151845827,-0.0022059416319667458,0.07802129214766616,0.1786764854079917,0.24611967696308346,ALIGNING
SCN_007,445,14.8,TRACKING,335.5,293.5,320.0,240.0,15.5,53.5,0.096875,0.33437500000000003,-0.08180148540799169,0.08825532303691658,-0.06544118832639335,0.07060425842953326,0.11323529708159834,0.31672393539261673,ALIGNING
SCN_007,446,14.8333,TRACKING,331.5,289.5,320.0,240.0,11.5,49.5,0.071875,0.30937499999999996,-0.04136029708159834,-0.007348935392616773,-0.03308823766527868,-0.005879148314093419,0.08014705941631967,0.3108447870785233,ALIGNED
SCN_007,447,14.8667,TRACKING,341.5,283.5,320.0,240.0,21.5,43.5,0.134375,0.271875,0.05422794058368033,-0.03896978707852333,0.04338235246694427,-0.031175829662818667,0.12352941188326394,0.27966895741570463,ALIGNING
SCN_007,448,14.9,TRACKING,358.5,282.5,320.0,240.0,38.5,42.5,0.240625,0.265625,0.11709558811673607,-0.014043957415704633,0.09367647049338886,-0.011235165932563707,0.21720588237665278,0.26843379148314095,ALIGNING
SCN_007,449,14.9333,TRACKING,362.5,284.5,320.0,240.0,42.5,44.5,0.265625,0.278125,0.04841911762334722,0.009691208516859062,0.03873529409867778,0.00775296681348725,0.25594117647533055,0.2761867582966282,ALIGNED
SCN_007,450,14.9667,TRACKING,356.5,289.5,320.0,240.0,36.5,49.5,0.228125,0.30937499999999996,-0.02781617647533055,0.03318824170337176,-0.02225294118026444,0.026550593362697408,0.2336882352950661,0.3027373516593256,ALIGNED
SCN_007,451,15.0,TRACKING,353.5,291.5,320.0,240.0,33.5,51.5,0.209375,0.32187499999999997,-0.0243132352950661,0.019137648340674385,-0.01945058823605288,0.015310118672539508,0.21423764705901321,0.3180474703318651,ALIGNED
SCN_007,452,15.0333,TRACKING,355.5,297.5,320.0,240.0,35.5,57.5,0.221875,0.359375,0.007637352940986775,0.04132752966813491,0.00610988235278942,0.03306202373450793,0.22034752941180263,0.35110949406637304,ALIGNED
SCN_007,453,15.0667,TRACKING,352.5,308.5,320.0,240.0,32.5,68.5,0.203125,0.428125,-0.017222529411802634,0.07701550593362694,-0.013778023529442109,0.06161240474690155,0.20656950588236053,0.4127218988132746,ALIGNING
SCN_007,454,15.1,TRACKING,354.5,315.5,320.0,240.0,34.5,75.5,0.215625,0.471875,0.009055494117639479,0.0591531011867254,0.007244395294111583,0.047322480949380324,0.21381390117647212,0.4600443797626549,ALIGNING
SCN_007,455,15.1333,TRACKING,367.5,313.5,320.0,240.0,47.5,73.5,0.296875,0.45937500000000003,0.08306109882352788,-0.0006693797626548537,0.06644887905882231,-0.0005355038101238829,0.28026278023529444,0.459508875952531,ALIGNING
SCN_007,456,15.1667,TRACKING,381.5,300.5,320.0,240.0,61.5,60.5,0.384375,0.378125,0.10411221976470558,-0.08138387595253099,0.08328977581176447,-0.06510710076202479,0.36355255604705894,0.3944017751905062,ALIGNING
SCN_007,457,15.2,TRACKING,377.5,296.5,320.0,240.0,57.5,56.5,0.359375,0.353125,-0.004177556047058939,-0.041276775190506154,-0.0033420448376471515,-0.033021420152404925,0.3602105112094118,0.36138035503810123,ALIGNED
SCN_007,458,15.2333,TRACKING,364.5,304.5,320.0,240.0,44.5,64.5,0.278125,0.40312499999999996,-0.08208551120941177,0.041744644961898725,-0.06566840896752942,0.03339571596951898,0.2945421022418824,0.3947760710076202,ALIGNING
SCN_007,459,15.2667,TRACKING,360.5,318.5,320.0,240.0,40.5,78.5,0.253125,0.490625,-0.041417102241882386,0.09584892899237979,-0.03313368179350591,0.07667914319390384,0.2614084204483765,0.47145521420152403,ALIGNING
SCN_007,460,15.3,TRACKING,369.5,321.5,320.0,240.0,49.5,81.5,0.309375,0.509375,0.047966579551623534,0.03791978579847599,0.03837326364129883,0.030335828638780794,0.2997816840896753,0.5017910428403048,ALIGNED
SCN_007,461,15.3333,TRACKING,381.5,322.5,320.0,240.0,61.5,82.5,0.384375,0.515625,0.0845933159103247,0.013833957159695154,0.06767465272825977,0.011067165727756123,0.3674563368179351,0.512858208568061,ALIGNING
SCN_007,462,15.3667,TRACKING,384.5,322.5,320.0,240.0,64.5,82.5,0.403125,0.515625,0.03566866318206491,0.0027667914319390308,0.028534930545651926,0.0022134331455512246,0.39599126736358703,0.5150716417136122,ALIGNED
SCN_007,463,15.4,TRACKING,386.5,323.5,320.0,240.0,66.5,83.5,0.415625,0.521875,0.019633732636412993,0.006803358286387784,0.015706986109130395,0.005442686629110228,0.41169825347271743,0.5205143283427224,ALIGNED
SCN_007,464,15.4333,TRACKING,386.5,322.5,320.0,240.0,66.5,82.5,0.415625,0.515625,0.0039267465272825874,-0.004889328342722377,0.0031413972218260703,-0.003911462674177901,0.4148396506945435,0.5166028656685445,ALIGNED
SCN_007,465,15.4667,TRACKING,384.5,318.5,320.0,240.0,64.5,78.5,0.403125,0.490625,-0.011714650694543471,-0.025977865668544542,-0.009371720555634778,-0.020782292534835635,0.4054679301389087,0.49582057313370886,ALIGNED
SCN_007,466,15.5,TRACKING,377.5,314.5,320.0,240.0,57.5,74.5,0.359375,0.465625,-0.046092930138908694,-0.030195573133708853,-0.03687434411112696,-0.024156458506967085,0.36859358602778175,0.4716641146267418,ALIGNED
SCN_007,467,15.5333,TRACKING,380.5,322.5,320.0,240.0,60.5,82.5,0.378125,0.515625,0.009531413972218239,0.04396088537325821,0.007625131177774591,0.03516870829860657,0.37621871720555633,0.5068328229253484,ALIGNED
SCN_007,468,15.5667,TRACKING,395.5,337.5,320.0,240.0,75.5,97.5,0.471875,0.609375,0.09565628279444366,0.10254217707465163,0.07652502623555493,0.08203374165972131,0.45274374344111123,0.5888665645850697,ALIGNING
SCN_007,469,15.6,TRACKING,408.5,345.5,320.0,240.0,88.5,105.5,0.553125,0.659375,0.10038125655888874,0.07050843541493035,0.080305005247111,0.056406748331944284,0.5330487486882223,0.645273312917014,ALIGNING
SCN_007,470,15.6333,TRACKING,405.5,339.5,320.0,240.0,85.5,99.5,0.534375,0.6218750000000001,0.0013262513117777708,-0.023398312917013886,0.0010610010494222168,-0.01871865033361111,0.5341097497376445,0.6265546625834029,ALIGNED
SCN_007,471,15.6667,TRACKING,392.5,328.5,320.0,240.0,72.5,88.5,0.453125,0.5531250000000001,-0.08098474973764447,-0.07342966258340278,-0.06478779979011558,-0.058743730066722226,0.4693219499475289,0.5678109325166807,ALIGNING
SCN_007,472,15.7,TRACKING,389.5,328.5,320.0,240.0,69.5,88.5,0.434375,0.5531250000000001,-0.034946949947528894,-0.0146859325166806,-0.027957559958023116,-0.011748746013344481,0.4413643899895058,0.5560621865033362,ALIGNED
SCN_007,473,15.7333,TRACKING,397.5,331.5,320.0,240.0,77.5,91.5,0.484375,0.5718749999999999,0.04301061001049422,0.015812813496663747,0.034408488008395376,0.012650250797330998,0.47577287799790113,0.5687124373006671,ALIGNED
SCN_007,474,15.7667,TRACKING,402.5,333.5,320.0,240.0,82.5,93.5,0.515625,0.584375,0.039852122002098866,0.01566256269933286,0.031881697601679096,0.012530050159466288,0.5076545755995803,0.5812424874601334,ALIGNED
SCN_007,475,15.8,TRACKING,407.5,332.5,320.0,240.0,87.5,92.5,0.546875,0.578125,0.03922042440041973,-0.0031174874601334057,0.031376339520335784,-0.002493989968106725,0.5390309151199161,0.5787484974920267,ALIGNED
SCN_007,476,15.8333,TRACKING,413.5,339.5,320.0,240.0,93.5,99.5,0.584375,0.6218750000000001,0.0453440848800839,0.04312650250797334,0.03627526790406712,0.03450120200637868,0.5753061830239832,0.6132496994984054,ALIGNED
SCN_007,477,15.8667,TRACKING,418.5,347.5,320.0,240.0,98.5,107.5,0.615625,0.671875,0.0403188169760168,0.058625300501594646,0.032255053580813445,0.04690024040127572,0.6075612366047967,0.6601499398996811,ALIGNING
SCN_007,478,15.9,TRACKING,411.5,351.5,320.0,240.0,91.5,111.5,0.571875,0.696875,-0.03568623660479664,0.03672506010031895,-0.02854898928383731,0.029380048080255163,0.5790122473209594,0.6895299879799363,ALIGNED
SCN_007,479,15.9333,TRACKING,400.5,344.5,320.0,240.0,80.5,104.5,0.503125,0.653125,-0.0758872473209593,-0.0364049879799363,-0.060709797856767445,-0.02912399038394904,0.5183024494641919,0.6604059975959872,ALIGNING
SCN_007,480,15.9667,TRACKING,402.5,331.5,320.0,240.0,82.5,91.5,0.515625,0.5718749999999999,-0.0026774494641919055,-0.08853099759598726,-0.0021419595713535245,-0.0708247980767898,0.5161604898928384,0.5895811995191974,ALIGNING
SCN_007,481,16.0,TRACKING,419.5,328.5,320.0,240.0,99.5,88.5,0.621875,0.5531250000000001,0.1057145101071616,-0.03645619951919732,0.08457160808572928,-0.029164959615357856,0.6007320979785676,0.5604162399038396,ALIGNING
SCN_007,482,16.0333,TRACKING,431.5,335.5,320.0,240.0,111.5,95.5,0.696875,0.5968749999999999,0.09614290202143239,0.036458760096160336,0.07691432161714591,0.02916700807692827,0.6776464195957136,0.5895832479807679,ALIGNING
SCN_007,483,16.0667,TRACKING,428.5,343.5,320.0,240.0,108.5,103.5,0.678125,0.6468750000000001,0.00047858040428638837,0.0572917520192322,0.0003828643234291107,0.045833401615385766,0.6780292839191427,0.6354166495961536,ALIGNING
SCN_007,484,16.1,TRACKING,421.5,349.5,320.0,240.0,101.5,109.5,0.634375,0.684375,-0.04365428391914272,0.04895835040384633,-0.034923427135314176,0.03916668032307707,0.6431058567838286,0.6745833299192306,ALIGNED
SCN_007,485,16.1333,TRACKING,419.5,346.5,320.0,240.0,99.5,106.5,0.621875,0.6656249999999999,-0.021230856783828633,-0.008958329919230734,-0.01698468542706291,-0.007166663935384588,0.6261211713567657,0.6674166659838461,ALIGNED
SCN_007,486,16.1667,TRACKING,421.5,345.5,320.0,240.0,101.5,105.5,0.634375,0.659375,0.008253828643234318,-0.008041665983846036,0.006603062914587454,-0.006433332787076829,0.6327242342713532,0.6609833331967693,ALIGNED
SCN_007,487,16.2,TRACKING,422.5,345.5,320.0,240.0,102.5,105.5,0.640625,0.659375,0.007900765728646841,-0.0016083331967692294,0.006320612582917474,-0.0012866665574153835,0.6390448468542707,0.6596966666393539,ALIGNED
SCN_007,488,16.2333,TRACKING,425.5,339.5,320.0,240.0,105.5,99.5,0.659375,0.6218750000000001,0.02033015314572939,-0.037821666639353824,0.016264122516583514,-0.03025733331148306,0.6553089693708541,0.6294393333278708,ALIGNED
SCN_007,489,16.2667,TRACKING,439.5,332.5,320.0,240.0,119.5,92.5,0.746875,0.578125,0.09156603062914581,-0.05131433332787083,0.07325282450331665,-0.04105146666229667,0.7285617938741707,0.5883878666655742,ALIGNING
SCN_007,490,16.3,TRACKING,445.5,331.5,320.0,240.0,125.5,91.5,0.784375,0.5718749999999999,0.055813206125829296,-0.016512866665574277,0.044650564900663436,-0.013210293332459423,0.7732123587748342,0.5751775733331148,ALIGNING
SCN_007,491,16.3333,TRACKING,436.5,338.5,320.0,240.0,116.5,98.5,0.728125,0.615625,-0.04508735877483416,0.04044742666688517,-0.03606988701986733,0.03235794133350813,0.7371424717549668,0.6075355146666229,ALIGNED
SCN_007,492,16.3667,TRACKING,424.5,351.5,320.0,240.0,104.5,111.5,0.653125,0.696875,-0.08401747175496688,0.0893394853333771,-0.0672139774039735,0.07147158826670168,0.6699284943509933,0.6790071029333246,ALIGNING
SCN_007,493,16.4,TRACKING,426.5,353.5,320.0,240.0,106.5,113.5,0.665625,0.709375,-0.004303494350993309,0.03036789706667542,-0.0034427954807946474,0.024294317653340336,0.6664856988701987,0.7033014205866649,ALIGNED
SCN_007,494,16.4333,TRACKING,440.5,343.5,320.0,240.0,120.5,103.5,0.753125,0.6468750000000001,0.08663930112980134,-0.056426420586664805,0.06931144090384107,-0.04514113646933185,0.7357971397740398,0.6581602841173331,ALIGNING
SCN_007,495,16.4667,TRACKING,449.5,333.5,320.0,240.0,129.5,93.5,0.809375,0.584375,0.07357786022596013,-0.0737852841173331,0.05886228818076811,-0.059028227293866475,0.7946594279548079,0.5991320568234666,ALIGNING
SCN_007,496,16.5,TRACKING,447.5,330.5,320.0,240.0,127.5,90.5,0.796875,0.565625,0.0022155720451920713,-0.03350705682346655,0.0017724576361536572,-0.026805645458773245,0.7964318855909616,0.5723264113646933,ALIGNED
SCN_007,497,16.5333,TRACKING,445.5,330.5,320.0,240.0,125.5,90.5,0.784375,0.565625,-0.012056885590961519,-0.006701411364693266,-0.009645508472769217,-0.0053611290917546135,0.7867863771181923,0.5669652822729387,ALIGNED
SCN_007,498,16.5667,TRACKING,444.5,330.5,320.0,240.0,124.5,90.5,0.778125,0.565625,-0.00866137711819237,-0.0013402822729386976,-0.006929101694553897,-0.0010722258183509582,0.7798572754236385,0.5658930564545878,ALIGNED
SCN_007,499,16.6,TRACKING,441.5,331.5,320.0,240.0,121.5,91.5,0.759375,0.5718749999999999,-0.020482275423638452,0.0059819435454121495,-0.016385820338910763,0.00478555483632972,0.7634714550847277,0.5706786112909175,ALIGNED
SCN_007,500,16.6333,TRACKING,437.5,335.5,320.0,240.0,117.5,95.5,0.734375,0.5968749999999999,-0.02909645508472769,0.026196388709082474,-0.023277164067782154,0.02095711096726598,0.7401942910169456,0.5916357222581834,ALIGNED
SCN_007,501,16.6667,TRACKING,444.5,340.5,320.0,240.0,124.5,100.5,0.778125,0.628125,0.037930708983054395,0.03648927774181665,0.030344567186443516,0.02919142219345332,0.7705388582033891,0.6208271444516367,ALIGNED
SCN_007,502,16.7,TRACKING,460.5,342.5,320.0,240.0,140.5,102.5,0.878125,0.640625,0.10758614179661097,0.01979785554836333,0.08606891343728879,0.015838284438690665,0.8566077716406779,0.6366654288903273,ALIGNING
SCN_007,503,16.7333,TRACKING,465.5,329.5,320.0,240.0,145.5,89.5,0.909375,0.559375,0.05276722835932213,-0.07729042889032733,0.04221378268745771,-0.06183234311226187,0.8988215543281356,0.5748330857780655,ALIGNING
SCN_007,504,16.7667,TRACKING,455.5,316.5,320.0,240.0,135.5,76.5,0.846875,0.47812499999999997,-0.05194655432813555,-0.0967080857780655,-0.04155724346250844,-0.0773664686224524,0.8572643108656272,0.4974666171556131,ALIGNING
SCN_007,505,16.8,TRACKING,443.5,314.5,320.0,240.0,123.5,74.5,0.771875,0.465625,-0.08538931086562718,-0.03184161715561307,-0.06831144869250175,-0.025473293724490455,0.7889528621731254,0.4719933234311226,ALIGNING
SCN_007,506,16.8333,TRACKING,445.5,320.5,320.0,240.0,125.5,80.5,0.784375,0.5031249999999999,-0.004577862173125391,0.03113167656887733,-0.003662289738500313,0.024905341255101868,0.7852905724346251,0.49689866468622446,ALIGNED
SCN_007,507,16.8667,TRACKING,456.5,328.5,320.0,240.0,136.5,88.5,0.853125,0.5531250000000001,0.06783442756537494,0.05622633531377563,0.05426754205229996,0.04498106825102051,0.8395581144869251,0.541879732937245,ALIGNING
SCN_007,508,16.9,TRACKING,461.5,326.5,320.0,240.0,141.5,86.5,0.884375,0.540625,0.044816885513074944,-0.0012547329372449845,0.03585350841045996,-0.0010037863497959875,0.8754116228973851,0.540875946587449,ALIGNED
SCN_007,509,16.9333,TRACKING,464.5,323.5,320.0,240.0,144.5,83.5,0.903125,0.521875,0.0277133771026149,-0.019000946587448997,0.022170701682091922,-0.015200757269959198,0.897582324579477,0.5256751893174898,ALIGNED
SCN_007,510,16.9667,TRACKING,465.5,321.5,320.0,240.0,145.5,81.5,0.909375,0.509375,0.011792675420523091,-0.016300189317489777,0.009434140336418474,-0.013040151453991823,0.9070164649158954,0.512635037863498,ALIGNED
SCN_007,511,17.0,TRACKING,466.5,318.5,320.0,240.0,146.5,78.5,0.915625,0.490625,0.00860853508410464,-0.022010037863497978,0.006886828067283713,-0.017608030290798382,0.9139032929831791,0.4950270075726996,ALIGNED
SCN_007,512,17.0333,TRACKING,457.5,311.5,320.0,240.0,137.5,71.5,0.859375,0.446875,-0.05452829298317907,-0.04815200757269955,-0.04362263438654326,-0.038521606058159644,0.8702806585966358,0.45650540151453994,ALIGNING
SCN_007,513,17.0667,TRACKING,450.5,301.5,320.0,240.0,130.5,61.5,0.815625,0.38437499999999997,-0.05465565859663579,-0.07213040151453998,-0.043724526877308635,-0.057704321211631986,0.8265561317193272,0.39880108030290795,ALIGNING
SCN_007,514,17.1,TRACKING,457.5,297.5,320.0,240.0,137.5,57.5,0.859375,0.359375,0.03281886828067282,-0.03942608030290795,0.026255094624538258,-0.03154086424232636,0.8528112263438654,0.36726021606058157,ALIGNED
SCN_007,515,17.1333,TRACKING,474.5,306.5,320.0,240.0,154.5,66.5,0.965625,0.415625,0.11281377365613454,0.048364783939418454,0.09025101892490764,0.03869182715153477,0.943062245268773,0.4059520432121163,ALIGNING
SCN_007,516,17.1667,TRACKING,478.5,316.5,320.0,240.0,158.5,76.5,0.990625,0.47812499999999997,0.04756275473122695,0.07217295678788366,0.038050203784981564,0.05773836543030693,0.9811124490537546,0.4636904086424232,ALIGNING
SCN_007,517,17.2,TRACKING,468.5,315.5,320.0,240.0,148.5,75.5,0.928125,0.471875,-0.05298744905375463,0.008184591357576765,-0.042389959243003705,0.006547673086061412,0.9387224898107509,0.47023808172848464,ALIGNING
SCN_007,518,17.2333,TRACKING,460.5,302.5,320.0,240.0,140.5,62.5,0.878125,0.390625,-0.06059748981075086,-0.07961308172848464,-0.04847799184860069,-0.0636904653827877,0.8902444979621502,0.4065476163456969,ALIGNING
SCN_007,519,17.2667,TRACKING,462.5,292.5,320.0,240.0,142.5,52.5,0.890625,0.328125,0.00038050203784978365,-0.07842261634569692,0.00030440163027982696,-0.06273809307655753,0.89054889959243,0.3438095232691394,ALIGNING
SCN_007,520,17.3,TRACKING,467.5,288.5,320.0,240.0,147.5,48.5,0.921875,0.303125,0.03132610040757,-0.040684523269139405,0.025060880326056002,-0.032547618615311524,0.915609779918486,0.31126190465382786,ALIGNED
SCN_007,521,17.3333,TRACKING,468.5,289.5,320.0,240.0,148.5,49.5,0.928125,0.30937499999999996,0.012515220081513956,-0.0018869046538279033,0.010012176065211166,-0.0015095237230623227,0.9256219559836972,0.3097523809307655,ALIGNED
SCN_007,522,17.3667,TRACKING,474.5,285.5,320.0,240.0,154.5,45.5,0.965625,0.284375,0.040003044016302725,-0.025377380930765525,0.032002435213042184,-0.020301904744612423,0.9576243911967394,0.2894504761861531,ALIGNED
SCN_007,523,17.4,TRACKING,481.5,285.5,320.0,240.0,161.5,45.5,1.009375,0.284375,0.051750608803260545,-0.005075476186153116,0.04140048704260844,-0.004060380948922493,0.9990248782393478,0.28539009523723063,ALIGNING
SCN_007,524,17.4333,TRACKING,481.5,288.5,320.0,240.0,161.5,48.5,1.009375,0.303125,0.010350121760652087,0.017734904762769343,0.00828009740852167,0.014187923810215476,1.0073049756478696,0.29957801904744613,ALIGNED
SCN_007,525,17.4667,TRACKING,467.5,294.5,320.0,240.0,147.5,54.5,0.921875,0.340625,-0.08542997564786958,0.04104698095255388,-0.06834398051829567,0.032837584762043105,0.9389609951295739,0.33241560380948926,ALIGNING
SCN_007,526,17.5,TRACKING,459.5,290.5,320.0,240.0,139.5,50.5,0.871875,0.315625,-0.06708599512957392,-0.01679060380948927,-0.053668796103659135,-0.013432483047591415,0.8852921990259147,0.31898312076189783,ALIGNING
SCN_007,527,17.5333,TRACKING,467.5,276.5,320.0,240.0,147.5,36.5,0.921875,0.22812499999999997,0.03658280097408528,-0.09085812076189786,0.02926624077926823,-0.0726864966095183,0.9145584398051829,0.24629662415237952,ALIGNING
SCN_007,528,17.5667,TRACKING,482.5,261.5,320.0,240.0,162.5,21.5,1.015625,0.134375,0.10106656019481708,-0.11192162415237952,0.08085324815585367,-0.08953729932190363,0.9954116879610366,0.1567593248304759,ALIGNING
SCN_007,529,17.6,TRACKING,485.5,259.5,320.0,240.0,165.5,19.5,1.034375,0.12187500000000001,0.038963312038963416,-0.03488432483047588,0.031170649631170735,-0.0279074598643807,1.0265823375922074,0.1288518649660952,ALIGNED
SCN_007,530,17.6333,TRACKING,478.5,267.5,320.0,240.0,158.5,27.5,0.990625,0.171875,-0.03595733759220743,0.043023135033904814,-0.028765870073765944,0.03441850802712385,0.9978164675184414,0.16327037299321903,ALIGNED
SCN_007,531,17.6667,TRACKING,474.5,272.5,320.0,240.0,154.5,32.5,0.965625,0.203125,-0.032191467518441486,0.03985462700678097,-0.02575317401475319,0.03188370160542477,0.9720632935036883,0.1951540745986438,ALIGNED
SCN_007,532,17.7,TRACKING,472.5,268.5,320.0,240.0,152.5,28.5,0.953125,0.17812499999999998,-0.018938293503688253,-0.017029074598643834,-0.015150634802950603,-0.013623259678915069,0.9569126587007376,0.18153081491972875,ALIGNED
SCN_007,533,17.7333,TRACKING,470.5,263.5,320.0,240.0,150.5,23.5,0.940625,0.146875,-0.01628765870073756,-0.034655814919728745,-0.01303012696059005,-0.027724651935782996,0.9438825317401476,0.15380616298394575,ALIGNED
SCN_007,534,17.7667,TRACKING,469.5,260.5,320.0,240.0,149.5,20.5,0.934375,0.128125,-0.009507531740147623,-0.025681162983945766,-0.007606025392118099,-0.020544930387156615,0.9362765063480295,0.13326123259678913,ALIGNED
SCN_007,535,17.8,TRACKING,479.5,255.5,320.0,240.0,159.5,15.5,0.996875,0.09687500000000002,0.06059849365197045,-0.03638623259678911,0.04847879492157636,-0.029108986077431287,0.9847553012696059,0.10415224651935784,ALIGNING
SCN_007,536,17.8333,TRACKING,490.5,248.5,320.0,240.0,170.5,8.5,1.065625,0.053125,0.08086969873039418,-0.05102724651935784,0.06469575898431534,-0.040821797215486275,1.0494510602539213,0.06333044930387156,ALIGNING
SCN_007,537,17.8667,TRACKING,489.5,237.5,320.0,240.0,169.5,-2.5,1.059375,-0.015625,0.009923939746078636,-0.07895544930387156,0.00793915179686291,-0.06316435944309726,1.0573902120507843,0.0001660898607743072,ALIGNING
SCN_007,538,17.9,TRACKING,471.5,235.5,320.0,240.0,151.5,-4.5,0.946875,-0.028124999999999997,-0.1105152120507843,-0.028291089860774304,-0.08841216964062744,-0.022632871888619444,0.9689780424101568,-0.022466782027845137,ALIGNING
SCN_007,539,17.9333,TRACKING,463.5,245.5,320.0,240.0,143.5,5.5,0.896875,0.034374999999999996,-0.07210304241015686,0.056841782027845136,-0.05768243392812549,0.04547342562227611,0.9112956084820314,0.023006643594430973,ALIGNING
SCN_007,540,17.9667,TRACKING,473.5,254.5,320.0,240.0,153.5,14.5,0.959375,0.090625,0.048079391517968584,0.06761835640556903,0.03846351321437487,0.05409468512445523,0.9497591216964063,0.0771013287188862,ALIGNING
SCN_007,541,18.0,TRACKING,484.5,247.5,320.0,240.0,164.5,7.5,1.028125,0.046875,0.07836587830359365,-0.030226328718886197,0.06269270264287492,-0.02418106297510896,1.0124518243392813,0.05292026574377724,ALIGNING
SCN_007,542,18.0333,TRACKING,485.5,234.5,320.0,240.0,165.5,-5.5,1.034375,-0.034374999999999996,0.021923175660718774,-0.08729526574377725,0.01753854052857502,-0.0698362125950218,1.0299903648678563,-0.016915946851244562,ALIGNING
SCN_007,543,18.0667,TRACKING,481.5,224.5,320.0,240.0,161.5,-15.5,1.009375,-0.09687500000000002,-0.020615364867856423,-0.07995905314875545,-0.016492291894285138,-0.06396724251900436,1.0134980729735712,-0.08088318937024892,ALIGNING
SCN_007,544,18.1,TRACKING,482.5,223.5,320.0,240.0,162.5,-16.5,1.015625,-0.10312500000000001,0.0021269270264288043,-0.022241810629751085,0.0017015416211430435,-0.01779344850380087,1.0151996145947142,-0.09867663787404979,ALIGNED
SCN_007,545,18.1333,TRACKING,476.5,221.5,320.0,240.0,156.5,-18.5,0.978125,-0.115625,-0.03707461459471417,-0.016948362125950217,-0.02965969167577134,-0.013558689700760174,0.9855399229189429,-0.11223532757480996,ALIGNED
SCN_007,546,18.1667,TRACKING,468.5,218.5,320.0,240.0,148.5,-21.5,0.928125,-0.134375,-0.0574149229189429,-0.022139672425190035,-0.045931938335154326,-0.017711737940152027,0.9396079845837886,-0.129947065514962,ALIGNING
SCN_007,547,18.2,TRACKING,466.5,217.5,320.0,240.0,146.5,-22.5,0.915625,-0.140625,-0.023982984583788558,-0.01067793448503801,-0.019186387667030846,-0.008542347588030408,0.9204215969167577,-0.1384894131029924,ALIGNED
SCN_007,548,18.2333,TRACKING,478.5,223.5,320.0,240.0,158.5,-16.5,0.990625,-0.10312500000000001,0.07020340308324224,0.03536441310299239,0.0561627224665938,0.028291530482393912,0.9765843193833516,-0.11019788262059849,ALIGNING
SCN_007,549,18.2667,TRACKING,491.5,225.5,320.0,240.0,171.5,-14.5,1.071875,-0.090625,0.09529068061664836,0.01957288262059849,0.07623254449331869,0.01565830609647879,1.0528168638766702,-0.09453957652411969,ALIGNING
SCN_007,550,18.3,TRACKING,487.5,220.5,320.0,240.0,167.5,-19.5,1.046875,-0.12187500000000001,-0.005941863876670173,-0.02733542347588032,-0.004753491101336139,-0.021868338780704256,1.0480633727753341,-0.11640791530482394,ALIGNED
SCN_007,551,18.3333,TRACKING,471.5,204.5,320.0,240.0,151.5,-35.5,0.946875,-0.221875,-0.1011883727753341,-0.10546708469517604,-0.08095069822026729,-0.08437366775614084,0.9671126745550669,-0.20078158306096477,ALIGNING
SCN_007,552,18.3667,TRACKING,464.5,193.5,320.0,240.0,144.5,-46.5,0.903125,-0.290625,-0.06398767455506693,-0.08984341693903525,-0.05119013964405355,-0.0718747335512282,0.9159225349110134,-0.272656316612193,ALIGNING
SCN_007,553,18.4,TRACKING,469.5,192.5,320.0,240.0,149.5,-47.5,0.934375,-0.296875,0.01845246508898657,-0.024218683387807027,0.014761972071189256,-0.019374946710245623,0.9306845069822026,-0.2920312633224386,ALIGNED
SCN_007,554,18.4333,TRACKING,476.5,200.5,320.0,240.0,156.5,-39.5,0.978125,-0.246875,0.0474404930177974,0.045156263322438606,0.03795239441423792,0.03612501065795089,0.9686369013964405,-0.25590625266448774,ALIGNED
SCN_007,555,18.4667,TRACKING,476.5,204.5,320.0,240.0,156.5,-35.5,0.978125,-0.221875,0.00948809860355948,0.034031252664487754,0.007590478882847584,0.027225002131590206,0.9762273802792881,-0.22868125053289753,ALIGNED
SCN_007,556,18.5,TRACKING,478.5,201.5,320.0,240.0,158.5,-38.5,0.990625,-0.24062500000000003,0.014397619720711852,-0.011943749467102499,0.011518095776569481,-0.009554999573682,0.9877454760558576,-0.23823625010657953,ALIGNED
SCN_007,557,18.5333,TRACKING,481.5,193.5,320.0,240.0,161.5,-46.5,1.009375,-0.290625,0.021629523944142304,-0.05238874989342049,0.017303619155313844,-0.041910999914736395,1.0050490952111715,-0.2801472500213159,ALIGNING
SCN_007,558,18.5667,TRACKING,474.5,194.5,320.0,240.0,154.5,-45.5,0.965625,-0.284375,-0.03942409521117152,-0.004227749978684081,-0.031539276168937216,-0.003382199982947265,0.9735098190422342,-0.28352945000426316,ALIGNED
SCN_007,559,18.6,TRACKING,460.5,189.5,320.0,240.0,140.5,-50.5,0.878125,-0.315625,-0.09538481904223417,-0.03209554999573683,-0.07630785523378734,-0.025676439996589463,0.8972019638084469,-0.30920589000085263,ALIGNING
SCN_007,560,18.6333,TRACKING,458.5,179.5,320.0,240.0,138.5,-60.5,0.865625,-0.378125,-0.03157696380844688,-0.06891910999914735,-0.025261571046757504,-0.055135287999317883,0.8719403927616893,-0.3643411780001705,ALIGNING
SCN_007,561,18.6667,TRACKING,472.5,171.5,320.0,240.0,152.5,-68.5,0.953125,-0.428125,0.08118460723831067,-0.06378382199982946,0.06494768579064854,-0.05102705759986357,0.9368880785523379,-0.4153682356000341,ALIGNING
SCN_007,562,18.7,TRACKING,485.5,172.5,320.0,240.0,165.5,-67.5,1.034375,-0.421875,0.09748692144766213,-0.006506764399965892,0.07798953715812972,-0.005205411519972714,1.0148776157104675,-0.42057364712000683,ALIGNING
SCN_007,563,18.7333,TRACKING,477.5,184.5,320.0,240.0,157.5,-55.5,0.984375,-0.34687500000000004,-0.03050261571046753,0.07369864712000679,-0.024402092568374025,0.05895891769600543,0.9904755231420935,-0.3616147294240014,ALIGNING
SCN_007,564,18.7667,TRACKING,466.5,190.5,320.0,240.0,146.5,-49.5,0.915625,-0.30937499999999996,-0.0748505231420935,0.05223972942400146,-0.05988041851367481,0.04179178353920117,0.9305951046284188,-0.31982294588480026,ALIGNING
SCN_007,565,18.8,TRACKING,461.5,184.5,320.0,240.0,141.5,-55.5,0.884375,-0.34687500000000004,-0.046220104628418746,-0.027052054115199786,-0.036976083702734995,-0.02164164329215983,0.8936190209256838,-0.3414645891769601,ALIGNED
SCN_007,566,18.8333,TRACKING,463.5,171.5,320.0,240.0,143.5,-68.5,0.896875,-0.428125,0.0032559790743161843,-0.08666041082303988,0.0026047832594529477,-0.0693283286584319,0.8962238041851367,-0.410792917835392,ALIGNING
SCN_007,567,18.8667,TRACKING,463.5,162.5,320.0,240.0,143.5,-77.5,0.896875,-0.484375,0.0006511958148632813,-0.07358208216460799,0.0005209566518906251,-0.05886566573168639,0.8967447608370274,-0.4696585835670784,ALIGNING
SCN_007,568,18.9,TRACKING,464.5,162.5,320.0,240.0,144.5,-77.5,0.903125,-0.484375,0.00638023916297259,-0.014716416432921597,0.005104191330378072,-0.011773133146337279,0.9018489521674055,-0.48143171671341567,ALIGNED
SCN_007,569,18.9333,TRACKING,472.5,161.5,320.0,240.0,152.5,-78.5,0.953125,-0.490625,0.05127604783259454,-0.009193283286584308,0.04102083826607564,-0.007354626629267447,0.9428697904334811,-0.4887863433426831,ALIGNING
SCN_007,570,18.9667,TRACKING,475.5,160.5,320.0,240.0,155.5,-79.5,0.971875,-0.49687499999999996,0.029005209566518975,-0.00808865665731684,0.02320416765321518,-0.006470925325853472,0.9660739580866963,-0.4952572686685366,ALIGNED
SCN_007,571,19.0,TRACKING,466.5,160.5,320.0,240.0,146.5,-79.5,0.915625,-0.49687499999999996,-0.05044895808669625,-0.001617731331463368,-0.040359166469357,-0.0012941850651706944,0.9257147916173393,-0.4965514537337073,ALIGNING
SCN_007,572,19.0333,TRACKING,448.5,167.5,320.0,240.0,128.5,-72.5,0.803125,-0.453125,-0.1225897916173393,0.04342645373370729,-0.09807183329387144,0.034741162986965834,0.8276429583234678,-0.46181029074674146,ALIGNING
SCN_007,573,19.0667,TRACKING,448.5,171.5,320.0,240.0,128.5,-68.5,0.803125,-0.428125,-0.024517958323467814,0.03368529074674148,-0.01961436665877425,0.026948232597393186,0.8080285916646935,-0.43486205814934825,ALIGNED
SCN_007,574,19.1,TRACKING,458.5,164.5,320.0,240.0,138.5,-75.5,0.865625,-0.471875,0.05759640833530644,-0.03701294185065174,0.04607712666824515,-0.029610353480521392,0.8541057183329387,-0.46447241162986963,ALIGNING
SCN_007,575,19.1333,TRACKING,467.5,150.5,320.0,240.0,147.5,-89.5,0.921875,-0.559375,0.06776928166706131,-0.09490258837013033,0.05421542533364905,-0.07592207069610427,0.9083211436665878,-0.5403944823259739,ALIGNING
SCN_007,576,19.1667,TRACKING,464.5,140.5,320.0,240.0,144.5,-99.5,0.903125,-0.6218750000000001,-0.005196143666587827,-0.0814805176740262,-0.004156914933270262,-0.06518441413922096,0.9041642287333175,-0.6055788964651948,ALIGNING
SCN_007,577,19.2,TRACKING,456.5,145.5,320.0,240.0,136.5,-94.5,0.853125,-0.590625,-0.051039228733317454,0.01495389646519485,-0.040831382986653966,0.01196311717215588,0.8633328457466635,-0.5936157792930389,ALIGNING
SCN_007,578,19.2333,TRACKING,454.5,154.5,320.0,240.0,134.5,-85.5,0.840625,-0.534375,-0.022707845746663513,0.05924077929303884,-0.018166276597330812,0.04739262343443107,0.8451665691493326,-0.5462231558586078,ALIGNING
SCN_007,579,19.2667,TRACKING,448.5,156.5,320.0,240.0,128.5,-83.5,0.803125,-0.521875,-0.04204156914933266,0.024348155858607834,-0.03363325531946613,0.019478524686886267,0.8115333138298665,-0.5267446311717215,ALIGNED
SCN_007,580,19.3,TRACKING,442.5,153.5,320.0,240.0,122.5,-86.5,0.765625,-0.540625,-0.04590831382986649,-0.013880368828278478,-0.03672665106389319,-0.011104295062622782,0.7748066627659733,-0.5378489262343443,ALIGNED
SCN_007,581,19.3333,TRACKING,444.5,150.5,320.0,240.0,124.5,-89.5,0.778125,-0.559375,0.003318337234026636,-0.02152607376565563,0.002654669787221309,-0.017220859012524504,0.7774613325531946,-0.5550697852468688,ALIGNED
SCN_007,582,19.3667,TRACKING,456.5,151.5,320.0,240.0,136.5,-88.5,0.853125,-0.5531250000000001,0.07566366744680542,0.0019447852468686966,0.060530933957444334,0.0015558281974949574,0.837992266510639,-0.5535139570493738,ALIGNING
SCN_007,583,19.4,TRACKING,461.5,148.5,320.0,240.0,141.5,-91.5,0.884375,-0.5718749999999999,0.04638273348936106,-0.018361042950626127,0.03710618679148885,-0.014688834360500903,0.8750984533021278,-0.5682027914098747,ALIGNED
SCN_007,584,19.4333,TRACKING,449.5,138.5,320.0,240.0,129.5,-101.5,0.809375,-0.634375,-0.06572345330212781,-0.06617220859012529,-0.05257876264170225,-0.052937766872100236,0.8225196906604255,-0.621140558281975,ALIGNING
SCN_007,585,19.4667,TRACKING,435.5,133.5,320.0,240.0,115.5,-106.5,0.721875,-0.6656249999999999,-0.10064469066042547,-0.0444844417180249,-0.08051575252834038,-0.03558755337441993,0.7420039381320851,-0.6567281116563949,ALIGNING
SCN_007,586,19.5,TRACKING,431.5,137.5,320.0,240.0,111.5,-102.5,0.696875,-0.640625,-0.04512893813208507,0.016103111656394886,-0.03610315050566806,0.01288248932511591,0.7059007876264171,-0.643845622331279,ALIGNED
SCN_007,587,19.5333,TRACKING,441.5,151.5,320.0,240.0,121.5,-88.5,0.759375,-0.5531250000000001,0.05347421237358296,0.09072062233127887,0.042779369898866375,0.0725764978650231,0.7486801575252834,-0.5712691244662559,ALIGNING
SCN_007,588,19.5667,TRACKING,443.5,156.5,320.0,240.0,123.5,-83.5,0.771875,-0.521875,0.023194842474716593,0.049394124466255906,0.018555873979773273,0.03951529957300473,0.7672360315050567,-0.5317538248932512,ALIGNED
SCN_007,589,19.6,TRACKING,443.5,150.5,320.0,240.0,123.5,-89.5,0.771875,-0.559375,0.004638968494943274,-0.027621175106748774,0.0037111747959546193,-0.02209694008539902,0.7709472063010113,-0.5538507649786502,ALIGNED
SCN_007,590,19.6333,TRACKING,441.5,139.5,320.0,240.0,121.5,-100.5,0.759375,-0.628125,-0.0115722063010113,-0.07427423502134989,-0.009257765040809041,-0.05941938801707991,0.7616894412602023,-0.6132701529957301,ALIGNING
SCN_007,591,19.6667,TRACKING,439.5,134.5,320.0,240.0,119.5,-105.5,0.746875,-0.659375,-0.014814441260202371,-0.04610484700426998,-0.011851553008161897,-0.036883877603415986,0.7498378882520405,-0.650154030599146,ALIGNED
SCN_007,592,19.7,TRACKING,429.5,137.5,320.0,240.0,109.5,-102.5,0.684375,-0.640625,-0.0654628882520405,0.009529030599146004,-0.0523703106016324,0.007623224479316804,0.697467577650408,-0.6425308061198292,ALIGNING
SCN_007,593,19.7333,TRACKING,418.5,139.5,320.0,240.0,98.5,-100.5,0.615625,-0.628125,-0.08184257765040803,0.014405806119829112,-0.06547406212032643,0.01152464489586329,0.6319935155300815,-0.6310061612239659,ALIGNING
SCN_007,594,19.7667,TRACKING,424.5,138.5,320.0,240.0,104.5,-101.5,0.653125,-0.634375,0.021131484469918416,-0.003368838776034111,0.016905187575934733,-0.002695071020827289,0.6488987031060163,-0.6337012322447932,ALIGNED
SCN_007,595,19.8,TRACKING,436.5,142.5,320.0,240.0,116.5,-97.5,0.728125,-0.609375,0.07922629689398375,0.024326232244793244,0.063381037515187,0.019460985795834596,0.7122797406212033,-0.6142402464489587,ALIGNING
SCN_007,596,19.8333,TRACKING,441.5,150.5,320.0,240.0,121.5,-89.5,0.759375,-0.559375,0.04709525937879677,0.05486524644895874,0.03767620750303742,0.04389219715916699,0.7499559481242407,-0.5703480492897917,ALIGNING
SCN_007,597,19.8667,TRACKING,427.5,154.5,320.0,240.0,107.5,-85.5,0.671875,-0.534375,-0.07808094812424071,0.035973049289791614,-0.06246475849939257,0.028778439431833294,0.6874911896248481,-0.5415696098579583,ALIGNING
SCN_007,598,19.9,TRACKING,414.5,147.5,320.0,240.0,94.5,-92.5,0.590625,-0.578125,-0.09686618962484816,-0.03655539014204168,-0.07749295169987853,-0.029244312113633344,0.6099982379249695,-0.5708139219715916,ALIGNING
SCN_007,599,19.9333,TRACKING,413.5,135.5,320.0,240.0,93.5,-104.5,0.584375,-0.653125,-0.025623237924969566,-0.08231107802840831,-0.020498590339975656,-0.06584886242272665,0.5894996475849938,-0.6366627843943183,ALIGNING
SCN_007,600,19.9667,TRACKING,416.5,129.5,320.0,240.0,96.5,-110.5,0.603125,-0.6906249999999999,0.013625352415006176,-0.053962215605681596,0.010900281932004941,-0.04316977248454528,0.6003999295169988,-0.6798325568788636,ALIGNING
SCN_007,601,20.0,TRACKING,416.5,138.5,320.0,240.0,96.5,-101.5,0.603125,-0.634375,0.0027250704830011907,0.04545755687886355,0.0021800563864009526,0.03636604550309084,0.6025799859033998,-0.6434665113757727,ALIGNED
SCN_007,602,20.0333,TRACKING,419.5,148.5,320.0,240.0,99.5,-91.5,0.621875,-0.5718749999999999,0.01929501409660017,0.0715915113757728,0.015436011277280138,0.05727320910061824,0.6180159971806799,-0.5861933022751544,ALIGNING
SCN_007,603,20.0667,TRACKING,422.5,152.5,320.0,240.0,102.5,-87.5,0.640625,-0.546875,0.0226090028193201,0.039318302275154426,0.01808720225545608,0.031454641820123544,0.636103199436136,-0.5547386604550308,ALIGNED
SCN_007,604,20.1,TRACKING,420.5,152.5,320.0,240.0,100.5,-87.5,0.628125,-0.546875,-0.00797819943613598,0.007863660455030841,-0.006382559548908784,0.006290928364024673,0.6297206398872273,-0.5484477320910062,ALIGNED
SCN_007,605,20.1333,TRACKING,404.5,150.5,320.0,240.0,84.5,-89.5,0.528125,-0.559375,-0.10159563988722731,-0.010927267908993787,-0.08127651190978186,-0.00874181432719503,0.5484441279774455,-0.5571895464182012,ALIGNING
SCN_007,606,20.1667,TRACKING,392.5,151.5,320.0,240.0,72.5,-88.5,0.453125,-0.5531250000000001,-0.09531912797744546,0.004064546418201087,-0.07625530238195638,0.0032516371345608698,0.4721888255954891,-0.5539379092836403,ALIGNING
SCN_007,607,20.2,TRACKING,397.5,148.5,320.0,240.0,77.5,-91.5,0.484375,-0.5718749999999999,0.012186174404510919,-0.017937090716359627,0.009748939523608736,-0.014349672573087703,0.4819377651190978,-0.568287581856728,ALIGNED
SCN_007,608,20.2333,TRACKING,411.5,139.5,320.0,240.0,91.5,-100.5,0.571875,-0.628125,0.08993723488090222,-0.059837418143272036,0.07194978790472177,-0.04786993451461763,0.5538875530238195,-0.6161575163713456,ALIGNING
SCN_007,609,20.2667,TRACKING,413.5,139.5,320.0,240.0,93.5,-100.5,0.584375,-0.628125,0.030487446976180443,-0.011967483628654407,0.024389957580944355,-0.009573986902923527,0.5782775106047638,-0.6257315032742692,ALIGNED
SCN_007,610,20.3,TRACKING,403.5,150.5,320.0,240.0,83.5,-89.5,0.521875,-0.559375,-0.05640251060476387,0.06635650327426923,-0.045122008483811094,0.053085202619415385,0.5331555021209528,-0.5726463006548538,ALIGNING
SCN_007,611,20.3333,TRACKING,393.5,164.5,320.0,240.0,73.5,-75.5,0.459375,-0.471875,-0.07378050212095277,0.10077130065485379,-0.05902440169676222,0.08061704052388304,0.47413110042419054,-0.49202926013097076,ALIGNING
SCN_007,612,20.3667,TRACKING,392.5,169.5,320.0,240.0,72.5,-70.5,0.453125,-0.44062500000000004,-0.021006100424190544,0.051404260130970714,-0.016804880339352436,0.041123408104776576,0.4573262200848381,-0.45090585202619415,ALIGNING
SCN_007,613,20.4,TRACKING,387.5,162.5,320.0,240.0,67.5,-77.5,0.421875,-0.484375,-0.035451220084838087,-0.033469147973805846,-0.02836097606787047,-0.026775318379044677,0.4289652440169676,-0.47768117040523883,ALIGNED
SCN_007,614,20.4333,TRACKING,384.5,153.5,320.0,240.0,64.5,-86.5,0.403125,-0.540625,-0.025840244016967606,-0.06294382959476119,-0.020672195213574086,-0.050355063675808956,0.4082930488033935,-0.5280362340810478,ALIGNING
SCN_007,615,20.4667,TRACKING,390.5,153.5,320.0,240.0,70.5,-86.5,0.440625,-0.540625,0.03233195119660648,-0.012588765918952194,0.025865560957285184,-0.010071012735161755,0.4341586097606787,-0.5381072468162096,ALIGNED
SCN_007,616,20.5,TRACKING,398.5,157.5,320.0,240.0,78.5,-82.5,0.490625,-0.515625,0.05646639023932126,0.022482246816209583,0.04517311219145701,0.017985797452967668,0.47933172195213575,-0.5201214493632419,ALIGNING
SCN_007,617,20.5333,TRACKING,393.5,159.5,320.0,240.0,73.5,-80.5,0.459375,-0.5031249999999999,-0.01995672195213577,0.01699644936324196,-0.015965377561708616,0.01359715949059357,0.4633663443904271,-0.5065242898726483,ALIGNED
SCN_007,618,20.5667,TRACKING,378.5,163.5,320.0,240.0,58.5,-76.5,0.365625,-0.47812499999999997,-0.09774134439042714,0.028399289872648337,-0.07819307551234173,0.02271943189811867,0.3851732688780854,-0.48380485797452966,ALIGNING
SCN_007,619,20.6,TRACKING,364.5,169.5,320.0,240.0,44.5,-70.5,0.278125,-0.44062500000000004,-0.10704826887808538,0.04317985797452961,-0.08563861510246831,0.03454388637962369,0.29953465377561705,-0.44926097159490597,ALIGNING
SCN_007,620,20.6333,TRACKING,369.5,179.5,320.0,240.0,49.5,-60.5,0.309375,-0.378125,0.009840346224382956,0.07113597159490598,0.007872276979506366,0.056908777275924784,0.30740693075512343,-0.39235219431898116,ALIGNING
SCN_007,621,20.6667,TRACKING,380.5,183.5,320.0,240.0,60.5,-56.5,0.378125,-0.353125,0.07071806924487656,0.03922719431898114,0.05657445539590125,0.031381755455184915,0.3639813861510247,-0.36097043886379626,ALIGNING
SCN_007,622,20.7,TRACKING,381.5,175.5,320.0,240.0,61.5,-64.5,0.384375,-0.40312499999999996,0.02039361384897531,-0.042154561136203694,0.01631489107918025,-0.033723648908962955,0.380296277230205,-0.3946940877727592,ALIGNED
SCN_007,623,20.7333,TRACKING,375.5,164.5,320.0,240.0,55.5,-75.5,0.346875,-0.471875,-0.03342127723020499,-0.07718091222724077,-0.026737021784163997,-0.06174472978179262,0.353559255446041,-0.45643881755455185,ALIGNING
SCN_007,624,20.7667,TRACKING,370.5,165.5,320.0,240.0,50.5,-74.5,0.315625,-0.465625,-0.03793425544604101,-0.009186182445448166,-0.030347404356832808,-0.007348945956358533,0.3232118510892082,-0.4637877635109104,ALIGNED
SCN_007,625,20.8,TRACKING,365.5,175.5,320.0,240.0,45.5,-64.5,0.284375,-0.40312499999999996,-0.0388368510892082,0.060662763510910434,-0.031069480871366562,0.04853021080872835,0.2921423702178416,-0.415257552702182,ALIGNING
SCN_007,626,20.8333,TRACKING,354.5,187.5,320.0,240.0,34.5,-52.5,0.215625,-0.328125,-0.07651737021784161,0.08713255270218201,-0.06121389617427329,0.06970604216174561,0.23092847404356834,-0.3455515105404364,ALIGNING
SCN_007,627,20.8667,TRACKING,351.5,190.5,320.0,240.0,31.5,-49.5,0.196875,-0.30937499999999996,-0.034053474043568344,0.03617651054043647,-0.027242779234854676,0.028941208432349177,0.20368569480871365,-0.31661030210808727,ALIGNED
SCN_007,628,20.9,TRACKING,360.5,191.5,320.0,240.0,40.5,-48.5,0.253125,-0.303125,0.04943930519128634,0.013485302108087294,0.039551444153029074,0.010788241686469836,0.24323713896174273,-0.3058220604216174,ALIGNED
SCN_007,629,20.9333,TRACKING,370.5,192.5,320.0,240.0,50.5,-47.5,0.315625,-0.296875,0.07238786103825726,0.008947060421617414,0.05791028883060581,0.0071576483372939315,0.30114742779234854,-0.2986644120843235,ALIGNING
SCN_007,630,20.9667,TRACKING,365.5,195.5,320.0,240.0,45.5,-44.5,0.284375,-0.278125,-0.016772427792348554,0.020539412084323472,-0.013417942233878844,0.01643152966745878,0.2877294855584697,-0.2822328824168647,ALIGNED
SCN_007,631,21.0,TRACKING,348.5,191.5,320.0,240.0,28.5,-48.5,0.178125,-0.303125,-0.10960448555846972,-0.02089211758313525,-0.08768358844677578,-0.0167136940665082,0.20004589711169396,-0.2989465764833729,ALIGNING
SCN_007,632,21.0333,TRACKING,338.5,186.5,320.0,240.0,18.5,-53.5,0.115625,-0.33437500000000003,-0.08442089711169395,-0.03542842351662712,-0.06753671768935517,-0.028342738813301696,0.1325091794223388,-0.3272893152966746,ALIGNING
SCN_007,633,21.0667,TRACKING,341.5,188.5,320.0,240.0,21.5,-51.5,0.134375,-0.32187499999999997,0.001865820577661187,0.005414315296674632,0.0014926564621289497,0.004331452237339706,0.13400183588446776,-0.3229578630593349,ALIGNED
SCN_007,634,21.1,TRACKING,346.5,201.5,320.0,240.0,26.5,-38.5,0.165625,-0.24062500000000003,0.03162316411553223,0.08233286305933485,0.025298531292425788,0.06586629044746788,0.15930036717689355,-0.257091572611867,ALIGNING
SCN_007,635,21.1333,TRACKING,345.5,216.5,320.0,240.0,25.5,-23.5,0.159375,-0.146875,7.463282310643526e-05,0.11021657261186699,5.970625848514822e-05,0.0881732580894936,0.1593600734353787,-0.16891831452237338,ALIGNING
SCN_007,636,21.1667,TRACKING,346.5,219.5,320.0,240.0,26.5,-20.5,0.165625,-0.128125,0.006264926564621298,0.04079331452237339,0.005011941251697039,0.03263465161789871,0.16437201468707574,-0.13628366290447466,ALIGNED
SCN_007,637,21.2,TRACKING,345.5,213.5,320.0,240.0,25.5,-26.5,0.159375,-0.165625,-0.0049970146870757515,-0.029341337095525333,-0.003997611749660602,-0.023473069676420266,0.16037440293741514,-0.15975673258089493,ALIGNED
SCN_007,638,21.2333,TRACKING,339.5,206.5,320.0,240.0,19.5,-33.5,0.121875,-0.209375,-0.03849940293741515,-0.04961826741910508,-0.03079952234993212,-0.03969461393528406,0.129574880587483,-0.199451346516179,ALIGNED
SCN_007,639,21.2667,TRACKING,323.5,210.5,320.0,240.0,3.5,-29.5,0.021875,-0.18437499999999998,-0.107699880587483,0.015076346516179007,-0.0861599044699864,0.012061077212943206,0.043414976117496604,-0.1873902693032358,ALIGNING
SCN_007,640,21.3,TRACKING,319.5,216.5,320.0,240.0,-0.5,-23.5,-0.003125,-0.146875,-0.046539976117496606,0.04051526930323579,-0.037231980893997284,0.032412215442588634,0.00618299522349932,-0.15497805386064717,ALIGNED
SCN_007,641,21.3333,TRACKING,327.5,219.5,320.0,240.0,7.5,-20.5,0.046875,-0.128125,0.04069200477650068,0.02685305386064718,0.032553603821200545,0.021482443088517746,0.038736599044699865,-0.13349561077212943,ALIGNED
SCN_007,642,21.3667,TRACKING,338.5,221.5,320.0,240.0,18.5,-18.5,0.115625,-0.115625,0.07688840095530014,0.017870610772129425,0.061510720764240114,0.01429648861770354,0.10024731980893997,-0.1191991221544259,ALIGNING
SCN_007,643,21.4,TRACKING,333.5,229.5,320.0,240.0,13.5,-10.5,0.084375,-0.06562499999999999,-0.015872319808939966,0.053574122154425904,-0.012697855847151975,0.042859297723540725,0.087549463961788,-0.07633982443088516,ALIGNING
SCN_007,644,21.4333,TRACKING,318.5,240.5,320.0,240.0,-1.5,0.5,-0.009375,0.003125,-0.096924463961788,0.07946482443088516,-0.0775395711694304,0.06357185954470813,0.010009892792357603,-0.012767964886177027,ALIGNING
SCN_007,645,21.4667,TRACKING,310.5,244.5,320.0,240.0,-9.5,4.5,-0.059375,0.028124999999999997,-0.0693848927923576,0.040892964886177025,-0.05550791423388608,0.03271437190894162,-0.04549802144152848,0.019946407022764595,ALIGNING
SCN_007,646,21.5,TRACKING,311.5,233.5,320.0,240.0,-8.5,-6.5,-0.053125,-0.040625,-0.0076269785584715186,-0.060571407022764596,-0.0061015828467772155,-0.04845712561821168,-0.05159960428830569,-0.028510718595447085,ALIGNING
SCN_007,647,21.5333,TRACKING,311.5,225.5,320.0,240.0,-8.5,-14.5,-0.053125,-0.090625,-0.0015253957116943065,-0.06211428140455291,-0.0012203165693554453,-0.04969142512364233,-0.052819920857661136,-0.07820214371908941,ALIGNING
SCN_007,648,21.5667,TRACKING,310.5,230.5,320.0,240.0,-9.5,-9.5,-0.059375,-0.059375,-0.006555079142338861,0.018827143719089418,-0.005244063313871089,0.015061714975271534,-0.058063984171532225,-0.06314042874381788,ALIGNED
SCN_007,649,21.6,TRACKING,315.5,242.5,320.0,240.0,-4.5,2.5,-0.028125,0.015625,0.029938984171532224,0.07876542874381788,0.02395118733722578,0.0630123429950543,-0.034112796834306444,-0.00012808574876357892,ALIGNING
SCN_007,650,21.6333,TRACKING,318.5,252.5,320.0,240.0,-1.5,12.5,-0.009375,0.078125,0.024737796834306443,0.07825308574876358,0.019790237467445154,0.06260246859901086,-0.01432255936686129,0.062474382850247284,ALIGNING
SCN_007,651,21.6667,TRACKING,309.5,257.5,320.0,240.0,-10.5,17.5,-0.065625,0.109375,-0.05130244063313871,0.046900617149752716,-0.04104195250651097,0.03752049371980218,-0.05536451187337226,0.09999487657004946,ALIGNING
SCN_007,652,21.7,TRACKING,291.5,256.5,320.0,240.0,-28.5,16.5,-0.178125,0.10312500000000001,-0.12276048812662774,0.003130123429950546,-0.0982083905013022,0.002504098743960437,-0.15357290237467447,0.1024989753140099,ALIGNING
SCN_007,653,21.7333,TRACKING,285.5,259.5,320.0,240.0,-34.5,19.5,-0.215625,0.12187500000000001,-0.06205209762532554,0.019376024685990118,-0.049641678100260433,0.015500819748792095,-0.2032145804749349,0.11799979506280199,ALIGNING
SCN_007,654,21.7667,TRACKING,296.5,262.5,320.0,240.0,-23.5,22.5,-0.146875,0.140625,0.0563395804749349,0.02262520493719801,0.04507166437994792,0.01810016394975841,-0.15814291609498698,0.1360999590125604,ALIGNING
SCN_007,655,21.8,TRACKING,306.5,257.5,320.0,240.0,-13.5,17.5,-0.084375,0.109375,0.07376791609498698,-0.02672495901256039,0.05901433287598959,-0.021379967210048312,-0.0991285832189974,0.11471999180251208,ALIGNING
SCN_007,656,21.8333,TRACKING,301.5,252.5,320.0,240.0,-18.5,12.5,-0.115625,0.078125,-0.01649641678100261,-0.03659499180251208,-0.013197133424802089,-0.029275993442009665,-0.11232571664379948,0.08544399836050241,ALIGNED
SCN_007,657,21.8667,TRACKING,291.5,255.5,320.0,240.0,-28.5,15.5,-0.178125,0.09687500000000002,-0.06579928335620053,0.011431001639497604,-0.052639426684960425,0.009144801311598083,-0.1649651433287599,0.0945887996721005,ALIGNING
SCN_007,658,21.9,TRACKING,287.5,269.5,320.0,240.0,-32.5,29.5,-0.203125,0.18437499999999998,-0.03815985667124011,0.08978620032789948,-0.03052788533699209,0.0718289602623196,-0.19549302866575197,0.1664177599344201,ALIGNING
SCN_007,659,21.9333,TRACKING,282.5,285.5,320.0,240.0,-37.5,45.5,-0.234375,0.284375,-0.03888197133424803,0.1179572400655799,-0.03110557706739843,0.09436579205246393,-0.22659860573315038,0.260783551986884,ALIGNING
SCN_007,660,21.9667,TRACKING,277.5,286.5,320.0,240.0,-42.5,46.5,-0.265625,0.290625,-0.03902639426684962,0.029841448013116,-0.031221115413479696,0.0238731584104928,-0.2578197211466301,0.28465671039737683,ALIGNED
SCN_007,661,22.0,TRACKING,275.5,280.5,320.0,240.0,-44.5,40.5,-0.278125,0.25312500000000004,-0.020305278853369912,-0.03153171039737679,-0.016244223082695932,-0.025225368317901432,-0.274063944229326,0.2594313420794754,ALIGNED
SCN_007,662,22.0333,TRACKING,286.5,273.5,320.0,240.0,-33.5,33.5,-0.209375,0.209375,0.064688944229326,-0.050056342079475374,0.051751155383460805,-0.0400450736635803,-0.2223127888458652,0.2193862684158951,ALIGNING
SCN_007,663,22.0667,TRACKING,291.5,274.5,320.0,240.0,-28.5,34.5,-0.178125,0.21562499999999998,0.04418778884586519,-0.003761268415895108,0.035350231076692155,-0.0030090147327160865,-0.18696255776917303,0.216377253683179,ALIGNED
SCN_007,664,22.1,TRACKING,278.5,282.5,320.0,240.0,-41.5,42.5,-0.259375,0.265625,-0.07241244223082699,0.049247746316820995,-0.05792995378466159,0.0393981970534568,-0.24489251155383462,0.2557754507366358,ALIGNING
SCN_007,665,22.1333,TRACKING,263.5,284.5,320.0,240.0,-56.5,44.5,-0.353125,0.278125,-0.1082324884461654,0.022349549263364188,-0.08658599075693232,0.01787963941069135,-0.3314785023107669,0.2736550901473272,ALIGNING
SCN_007,666,22.1667,TRACKING,257.5,288.5,320.0,240.0,-62.5,48.5,-0.390625,0.303125,-0.05914649768923308,0.029469909852672782,-0.047317198151386464,0.023575927882138227,-0.3787957004621534,0.29723101802946544,ALIGNING
SCN_007,667,22.2,TRACKING,266.5,296.5,320.0,240.0,-53.5,56.5,-0.334375,0.353125,0.044420700462153406,0.05589398197053458,0.035536560369722726,0.04471518557642767,-0.34325914009243064,0.3419462036058931,ALIGNING
SCN_007,668,22.2333,TRACKING,273.5,305.5,320.0,240.0,-46.5,65.5,-0.290625,0.40937499999999993,0.052634140092430615,0.06742879639410682,0.0421073120739445,0.053943037115285454,-0.30115182801848617,0.3958892407211786,ALIGNING
SCN_007,669,22.2667,TRACKING,270.5,305.5,320.0,240.0,-49.5,65.5,-0.309375,0.40937499999999993,-0.008223171981513844,0.013485759278821341,-0.0065785375852110755,0.010788607423057074,-0.30773036560369726,0.4066778481442357,ALIGNED
SCN_007,670,22.3,TRACKING,265.5,297.5,320.0,240.0,-54.5,57.5,-0.340625,0.359375,-0.03289463439630275,-0.04730284814423569,-0.026315707517042198,-0.03784227851538855,-0.3340460731207395,0.3688355696288471,ALIGNED
SCN_007,671,22.3333,TRACKING,262.5,288.5,320.0,240.0,-57.5,48.5,-0.359375,0.303125,-0.025328926879260527,-0.06571056962884714,-0.020263141503408424,-0.052568455703077714,-0.3543092146241479,0.3162671139257694,ALIGNING
SCN_007,672,22.3667,TRACKING,254.5,293.5,320.0,240.0,-65.5,53.5,-0.409375,0.33437500000000003,-0.055065785375852105,0.01810788607423064,-0.044052628300681684,0.014486308859384511,-0.39836184292482957,0.3307534227851539,ALIGNING
SCN_007,673,22.4,TRACKING,243.5,306.5,320.0,240.0,-76.5,66.5,-0.478125,0.415625,-0.07976315707517045,0.08487157721484612,-0.06381052566013637,0.0678972617718769,-0.4621723685849659,0.3986506845570308,ALIGNING
SCN_007,674,22.4333,TRACKING,245.5,315.5,320.0,240.0,-74.5,75.5,-0.465625,0.471875,-0.003452631415034102,0.0732243154429692,-0.002762105132027282,0.058579452354375366,-0.4649344737169932,0.4572301369114061,ALIGNING
SCN_007,675,22.4667,TRACKING,259.5,315.5,320.0,240.0,-60.5,75.5,-0.378125,0.471875,0.08680947371699321,0.014644863088593862,0.06944757897359458,0.01171589047087509,-0.3954868947433986,0.4689460273822812,ALIGNING
SCN_007,676,22.5,TRACKING,263.5,314.5,320.0,240.0,-56.5,74.5,-0.353125,0.465625,0.042361894743398576,-0.003321027382281183,0.03388951579471886,-0.0026568219058249465,-0.3615973789486797,0.46628920547645625,ALIGNED
SCN_007,677,22.5333,TRACKING,251.5,317.5,320.0,240.0,-68.5,77.5,-0.428125,0.484375,-0.06652762105132026,0.018085794523543752,-0.053222096841056214,0.014468635618835003,-0.41481947578973594,0.48075784109529124,ALIGNING
SCN_007,678,22.5667,TRACKING,236.5,318.5,320.0,240.0,-83.5,78.5,-0.521875,0.490625,-0.10705552421026404,0.00986715890470874,-0.08564441936821124,0.007893727123766991,-0.5004638951579472,0.48865156821905825,ALIGNING
SCN_007,679,22.6,TRACKING,233.5,311.5,320.0,240.0,-86.5,71.5,-0.540625,0.446875,-0.04016110484205282,-0.04177656821905823,-0.03212888387364226,-0.033421254575246584,-0.5325927790315894,0.45523031364381167,ALIGNED
SCN_007,680,22.6333,TRACKING,239.5,307.5,320.0,240.0,-80.5,67.5,-0.503125,0.421875,0.02946777903158937,-0.03335531364381167,0.023574223225271498,-0.026684250915049335,-0.5090185558063179,0.42854606272876233,ALIGNED
SCN_007,681,22.6667,TRACKING,240.5,311.5,320.0,240.0,-79.5,71.5,-0.496875,0.446875,0.01214355580631793,0.01832893727123769,0.009714844645054344,0.014663149816990151,-0.4993037111612636,0.44320921254575246,ALIGNED
SCN_007,682,22.7,TRACKING,239.5,326.5,320.0,240.0,-80.5,86.5,-0.503125,0.540625,-0.0038212888387364474,0.09741578745424756,-0.003057031070989158,0.07793262996339806,-0.5023607422322528,0.5211418425091505,ALIGNING
SCN_007,683,22.7333,TRACKING,242.5,338.5,320.0,240.0,-77.5,98.5,-0.484375,0.615625,0.0179857422322528,0.09448315749084946,0.01438859378580224,0.07558652599267957,-0.48797214844645054,0.5967283685018301,ALIGNING
SCN_007,684,22.7667,TRACKING,240.5,335.5,320.0,240.0,-79.5,95.5,-0.496875,0.5968749999999999,-0.008902851553549473,0.00014663149816984689,-0.0071222812428395794,0.00011730519853587752,-0.4950944296892901,0.596845673700366,ALIGNED
SCN_007,685,22.8,TRACKING,229.5,325.5,320.0,240.0,-90.5,85.5,-0.565625,0.534375,-0.07053057031070992,-0.062470673700365964,-0.056424456248567935,-0.04997653896029278,-0.551518885937858,0.5468691347400733,ALIGNING
SCN_007,686,22.8333,TRACKING,214.5,321.5,320.0,240.0,-105.5,81.5,-0.659375,0.509375,-0.10785611406214202,-0.03749413474007324,-0.08628489124971361,-0.02999530779205859,-0.6378037771875716,0.5168738269480146,ALIGNING
SCN_007,687,22.8667,TRACKING,219.5,322.5,320.0,240.0,-100.5,82.5,-0.628125,0.515625,0.009678777187571597,-0.0012488269480146474,0.007743021750057278,-0.000999061558411718,-0.6300607554375144,0.515874765389603,ALIGNED
SCN_007,688,22.9,TRACKING,231.5,326.5,320.0,240.0,-88.5,86.5,-0.553125,0.540625,0.07693575543751441,0.02475023461039705,0.061548604350011527,0.01980018768831764,-0.5685121510875029,0.5356749530779206,ALIGNING
SCN_007,689,22.9333,TRACKING,237.5,328.5,320.0,240.0,-82.5,88.5,-0.515625,0.5531250000000001,0.05288715108750286,0.01745004692207952,0.04230972087000229,0.013960037537663617,-0.5262024302175006,0.5496349906155842,ALIGNING
SCN_007,690,22.9667,TRACKING,226.5,330.5,320.0,240.0,-93.5,90.5,-0.584375,0.565625,-0.058172569782499406,0.01599000938441586,-0.04653805582599953,0.012792007507532689,-0.5727404860435001,0.5624269981231169,ALIGNING
SCN_007,691,23.0,TRACKING,215.5,339.5,320.0,240.0,-104.5,99.5,-0.653125,0.6218750000000001,-0.08038451395649981,0.05944800187688315,-0.06430761116519985,0.047558401501506524,-0.6370480972087,0.6099853996246234,ALIGNING
SCN_007,692,23.0333,TRACKING,213.5,346.5,320.0,240.0,-106.5,106.5,-0.665625,0.6656249999999999,-0.028576902791299985,0.05563960037537652,-0.02286152223303999,0.04451168030030122,-0.65990961944174,0.6544970799249246,ALIGNING
SCN_007,693,23.0667,TRACKING,212.5,343.5,320.0,240.0,-107.5,103.5,-0.671875,0.6468750000000001,-0.01196538055826002,-0.007622079924924474,-0.009572304446608016,-0.00609766393993958,-0.669481923888348,0.648399415984985,ALIGNED
SCN_007,694,23.1,TRACKING,210.5,329.5,320.0,240.0,-109.5,89.5,-0.684375,0.559375,-0.014893076111651915,-0.089024415984985,-0.011914460889321533,-0.07121953278798801,-0.6813963847776696,0.577179883196997,ALIGNING
SCN_007,695,23.1333,TRACKING,214.5,323.5,320.0,240.0,-105.5,83.5,-0.659375,0.521875,0.022021384777669573,-0.055304883196997,0.017617107822135658,-0.044243906557597606,-0.663779276955534,0.5329359766393994,ALIGNING
SCN_007,696,23.1667,TRACKING,223.5,326.5,320.0,240.0,-96.5,86.5,-0.603125,0.540625,0.06065427695553394,0.007689023360600622,0.048523421564427155,0.006151218688480498,-0.6152558553911068,0.5390871953278799,ALIGNING
SCN_007,697,23.2,TRACKING,221.5,340.5,320.0,240.0,-98.5,100.5,-0.615625,0.628125,-0.00036914460889314604,0.08903780467212019,-0.00029531568711451686,0.07123024373769615,-0.6155511710782213,0.610317439065576,ALIGNING
SCN_007,698,23.2333,TRACKING,205.5,344.5,320.0,240.0,-114.5,104.5,-0.715625,0.653125,-0.10007382892177863,0.04280756093442395,-0.0800590631374229,0.034246048747539164,-0.6956102342156443,0.6445634878131151,ALIGNING
SCN_007,699,23.2667,TRACKING,194.5,343.5,320.0,240.0,-125.5,103.5,-0.784375,0.6468750000000001,-0.08876476578435577,0.0023115121868849675,-0.07101181262748461,0.001849209749507974,-0.7666220468431288,0.6464126975626231,ALIGNING
SCN_007,700,23.3,TRACKING,196.5,341.5,320.0,240.0,-123.5,101.5,-0.771875,0.634375,-0.005252953156871132,-0.012037697562623073,-0.004202362525496906,-0.00963015805009846,-0.7708244093686257,0.6367825395125246,ALIGNED
SCN_007,701,23.3333,TRACKING,211.5,341.5,320.0,240.0,-108.5,101.5,-0.678125,0.634375,0.09269940936862575,-0.0024075395125245924,0.07415952749490061,-0.001926031610019674,-0.6966648818737251,0.6348565079025049,ALIGNING
SCN_007,702,23.3667,TRACKING,212.5,339.5,320.0,240.0,-107.5,99.5,-0.671875,0.6218750000000001,0.024789881873725106,-0.012981507902504852,0.019831905498980087,-0.010385206322003883,-0.676832976374745,0.624471301580501,ALIGNED
SCN_007,703,23.4,TRACKING,205.5,330.5,320.0,240.0,-114.5,90.5,-0.715625,0.565625,-0.03879202362525491,-0.05884630158050097,-0.03103361890020393,-0.04707704126440078,-0.707866595274949,0.5773942603161002,ALIGNING
SCN_007,704,23.4333,TRACKING,200.5,325.5,320.0,240.0,-119.5,85.5,-0.746875,0.534375,-0.03900840472505096,-0.04301926031610015,-0.03120672378004077,-0.03441540825288012,-0.7390733190549897,0.54297885206322,ALIGNED
SCN_007,705,23.4667,TRACKING,197.5,330.5,320.0,240.0,-122.5,90.5,-0.765625,0.565625,-0.02655168094501026,0.022646147936779992,-0.02124134475600821,0.018116918349423996,-0.760314663810998,0.561095770412644,ALIGNED
SCN_007,706,23.5,TRACKING,190.5,344.5,320.0,240.0,-129.5,104.5,-0.809375,0.653125,-0.04906033618900196,0.09202922958735593,-0.03924826895120157,0.07362338366988475,-0.7995629327621996,0.6347191540825288,ALIGNING
SCN_007,707,23.5333,TRACKING,187.5,350.5,320.0,240.0,-132.5,110.5,-0.828125,0.6906249999999999,-0.028562067237800415,0.055905845917471164,-0.022849653790240333,0.04472467673397693,-0.8224125865524399,0.6794438308165057,ALIGNING
SCN_007,708,23.5667,TRACKING,195.5,343.5,320.0,240.0,-124.5,103.5,-0.778125,0.6468750000000001,0.04428758655243992,-0.032568830816505634,0.03543006924195193,-0.026055064653204507,-0.786982517310488,0.6533887661633012,ALIGNED
SCN_007,709,23.6,TRACKING,206.5,333.5,320.0,240.0,-113.5,93.5,-0.709375,0.584375,0.07760751731048798,-0.06901376616330124,0.06208601384839039,-0.05521101293064099,-0.7248965034620976,0.5981777532326602,ALIGNING
SCN_007,710,23.6333,TRACKING,203.5,328.5,320.0,240.0,-116.5,88.5,-0.728125,0.5531250000000001,-0.00322849653790247,-0.045052753232660114,-0.0025827972303219763,-0.03604220258612809,-0.7274793006924195,0.5621355506465321,ALIGNED
SCN_007,711,23.6667,TRACKING,187.5,328.5,320.0,240.0,-132.5,88.5,-0.828125,0.5531250000000001,-0.1006456993075805,-0.009010550646532,-0.0805165594460644,-0.007208440517225601,-0.8079958601384839,0.5549271101293065,ALIGNING
SCN_007,712,23.7,TRACKING,177.5,330.5,320.0,240.0,-142.5,90.5,-0.890625,0.565625,-0.0826291398615161,0.010697889870693533,-0.06610331188921288,0.008558311896554828,-0.8740991720276968,0.5634854220258614,ALIGNING
SCN_007,713,23.7333,TRACKING,182.5,328.5,320.0,240.0,-137.5,88.5,-0.859375,0.5531250000000001,0.014724172027696825,-0.010360422025861293,0.01177933762215746,-0.008288337620689035,-0.8623198344055394,0.5551970844051723,ALIGNED
SCN_007,714,23.7667,TRACKING,190.5,331.5,320.0,240.0,-129.5,91.5,-0.809375,0.5718749999999999,0.05294483440553943,0.016677915594827564,0.042355867524431545,0.013342332475862051,-0.8199639668811078,0.5685394168810344,ALIGNING
SCN_007,715,23.8,TRACKING,191.5,339.5,320.0,240.0,-128.5,99.5,-0.803125,0.6218750000000001,0.016838966881107864,0.05333558311896569,0.013471173504886292,0.04266846649517256,-0.8064927933762216,0.6112078833762069,ALIGNING
SCN_007,716,23.8333,TRACKING,190.5,340.5,320.0,240.0,-129.5,100.5,-0.809375,0.628125,-0.0028822066237783606,0.016917116623793138,-0.0023057652990226885,0.013533693299034512,-0.8087985586752443,0.6247415766752414,ALIGNED
SCN_007,717,23.8667,TRACKING,190.5,332.5,320.0,240.0,-129.5,92.5,-0.809375,0.578125,-0.0005764413247556499,-0.04661657667524144,-0.00046115305980451996,-0.03729326134019315,-0.8092597117350488,0.5874483153350483,ALIGNED
SCN_007,718,23.9,TRACKING,185.5,317.5,320.0,240.0,-134.5,77.5,-0.840625,0.484375,-0.03136528826495111,-0.10307331533504827,-0.02509223061196089,-0.08245865226803861,-0.8343519423470097,0.5049896630670097,ALIGNING
SCN_007,719,23.9333,TRACKING,175.5,312.5,320.0,240.0,-144.5,72.5,-0.903125,0.453125,-0.06877305765299024,-0.05186466306700965,-0.0550184461223922,-0.041491730453607725,-0.8893703884694019,0.46349793261340194,ALIGNING
SCN_007,720,23.9667,TRACKING,170.5,317.5,320.0,240.0,-149.5,77.5,-0.934375,0.484375,-0.04500461153059809,0.02087706738659806,-0.036003689224478476,0.016701653909278448,-0.9253740776938804,0.4801995865226804,ALIGNED
SCN_007,721,24.0,TRACKING,179.5,326.5,320.0,240.0,-140.5,86.5,-0.878125,0.540625,0.047249077693880315,0.06042541347731961,0.037799262155104256,0.04834033078185569,-0.8875748155387762,0.5285399173045361,ALIGNING
SCN_007,722,24.0333,TRACKING,192.5,329.5,320.0,240.0,-127.5,89.5,-0.796875,0.559375,0.09069981553877615,0.030835082695463867,0.07255985243102092,0.024668066156371096,-0.8150149631077552,0.5532079834609072,ALIGNING
SCN_007,723,24.0667,TRACKING,191.5,324.5,320.0,240.0,-128.5,84.5,-0.803125,0.5281250000000001,0.011889963107755253,-0.025082983460907093,0.009511970486204203,-0.020066386768725675,-0.805502992621551,0.5331415966921815,ALIGNED
SCN_007,724,24.1,TRACKING,178.5,320.5,320.0,240.0,-141.5,80.5,-0.884375,0.5031249999999999,-0.07887200737844902,-0.030016596692181596,-0.06309760590275922,-0.02401327735374528,-0.8686005985243103,0.5091283193384363,ALIGNING
SCN_007,725,24.1333,TRACKING,169.5,320.5,320.0,240.0,-150.5,80.5,-0.940625,0.5031249999999999,-0.07202440147568978,-0.0060033193384363415,-0.05761952118055183,-0.004802655470749074,-0.9262201197048621,0.5043256638676872,ALIGNING
SCN_007,726,24.1667,TRACKING,173.5,313.5,320.0,240.0,-146.5,73.5,-0.915625,0.45937500000000003,0.010595119704862044,-0.044950663867687146,0.008476095763889635,-0.03596053109414972,-0.9177440239409724,0.4683651327735375,ALIGNED
SCN_007,727,24.2,TRACKING,175.5,303.5,320.0,240.0,-144.5,63.5,-0.903125,0.396875,0.014619023940972475,-0.0714901327735375,0.011695219152777981,-0.05719210621883,-0.9060488047881945,0.41117302655470744,ALIGNING
SCN_007,728,24.2333,TRACKING,176.5,297.5,320.0,240.0,-143.5,57.5,-0.896875,0.359375,0.009173804788194517,-0.051798026554707444,0.007339043830555614,-0.041438421243765955,-0.8987097609576389,0.3697346053109415,ALIGNING
SCN_007,729,24.2667,TRACKING,181.5,304.5,320.0,240.0,-138.5,64.5,-0.865625,0.40312499999999996,0.0330847609576389,0.03339039468905847,0.026467808766111125,0.026712315751246773,-0.8722419521915278,0.39644692106218826,ALIGNED
SCN_007,730,24.3,TRACKING,187.5,314.5,320.0,240.0,-132.5,74.5,-0.828125,0.465625,0.04411695219152778,0.06917807893781175,0.03529356175322223,0.055342463150249405,-0.8369483904383056,0.45178938421243764,ALIGNING
SCN_007,731,24.3333,TRACKING,180.5,317.5,320.0,240.0,-139.5,77.5,-0.871875,0.484375,-0.034926609561694355,0.03258561578756236,-0.027941287649355485,0.02606849263004989,-0.864889678087661,0.47785787684248754,ALIGNED
SCN_007,732,24.3667,TRACKING,165.5,306.5,320.0,240.0,-154.5,66.5,-0.965625,0.415625,-0.10073532191233892,-0.06223287684248752,-0.08058825752987114,-0.04978630147399002,-0.9454779356175322,0.4280715753684975,ALIGNING
SCN_007,733,24.4,TRACKING,159.5,295.5,320.0,240.0,-160.5,55.5,-1.003125,0.34687500000000004,-0.057647064382467805,-0.08119657536849745,-0.046117651505974244,-0.06495726029479797,-0.9915955871235065,0.3631143150736995,ALIGNING
SCN_007,734,24.4333,TRACKING,170.5,290.5,320.0,240.0,-149.5,50.5,-0.934375,0.315625,0.05722058712350653,-0.04748931507369952,0.04577646969880522,-0.037991452058959624,-0.9458191174247013,0.3251228630147399,ALIGNING
SCN_007,735,24.4667,TRACKING,182.5,291.5,320.0,240.0,-137.5,51.5,-0.859375,0.32187499999999997,0.08644411742470126,-0.003247863014739949,0.06915529393976101,-0.0025982904117919595,-0.8766638234849402,0.322524572602948,ALIGNING
SCN_007,736,24.5,TRACKING,181.5,289.5,320.0,240.0,-138.5,49.5,-0.865625,0.30937499999999996,0.01103882348494023,-0.013149572602948023,0.008831058787952184,-0.01051965808235842,-0.867832764696988,0.31200491452058954,ALIGNED
SCN_007,737,24.5333,TRACKING,172.5,287.5,320.0,240.0,-147.5,47.5,-0.921875,0.296875,-0.054042235303012,-0.015129914520589538,-0.0432337882424096,-0.01210393161647163,-0.9110665529393976,0.29990098290411793,ALIGNING
SCN_007,738,24.5667,TRACKING,168.5,288.5,320.0,240.0,-151.5,48.5,-0.946875,0.303125,-0.03580844706060238,0.003224017095882048,-0.028646757648481902,0.0025792136767056385,-0.9397133105878795,0.3024801965808236,ALIGNED
SCN_007,739,24.6,TRACKING,167.5,295.5,320.0,240.0,-152.5,55.5,-0.953125,0.34687500000000004,-0.013411689412120453,0.044394803419176454,-0.010729351529696363,0.03551584273534116,-0.9504426621175759,0.33799603931616473,ALIGNED
SCN_007,740,24.6333,TRACKING,165.5,295.5,320.0,240.0,-154.5,55.5,-0.965625,0.34687500000000004,-0.015182337882424068,0.008878960683835313,-0.012145870305939256,0.007103168547068251,-0.9625885324235152,0.345099207863233,ALIGNED
SCN_007,741,24.6667,TRACKING,168.5,284.5,320.0,240.0,-151.5,44.5,-0.946875,0.278125,0.015713532423515142,-0.06697420786323299,0.012570825938812114,-0.0535793662905864,-0.9500177064847031,0.2915198415726466,ALIGNING
SCN_007,742,24.7,TRACKING,178.5,266.5,320.0,240.0,-141.5,26.5,-0.884375,0.165625,0.06564270648470305,-0.1258948415726466,0.052514165187762446,-0.10071587325811729,-0.8975035412969407,0.1908039683145293,ALIGNING
SCN_007,743,24.7333,TRACKING,185.5,262.5,320.0,240.0,-134.5,22.5,-0.840625,0.140625,0.0568785412969407,-0.05017896831452931,0.045502833037552565,-0.04014317465162345,-0.8520007082593881,0.15066079366290586,ALIGNING
SCN_007,744,24.7667,TRACKING,176.5,267.5,320.0,240.0,-143.5,27.5,-0.896875,0.171875,-0.04487429174061186,0.021214206337094144,-0.03589943339248949,0.016971365069675316,-0.8879001416518776,0.16763215873258117,ALIGNED
SCN_007,745,24.8,TRACKING,161.5,274.5,320.0,240.0,-158.5,34.5,-0.990625,0.21562499999999998,-0.1027248583481224,0.04799284126741882,-0.08217988667849792,0.038394273013935054,-0.9700800283303755,0.20602643174651622,ALIGNING
SCN_007,746,24.8333,TRACKING,156.5,275.5,320.0,240.0,-163.5,35.5,-1.021875,0.221875,-0.051794971669624545,0.01584856825348377,-0.04143597733569964,0.012678854602787016,-1.0115160056660752,0.21870528634930322,ALIGNING
SCN_007,747,24.8667,TRACKING,169.5,269.5,320.0,240.0,-150.5,29.5,-0.940625,0.18437499999999998,0.0708910056660752,-0.03433028634930324,0.056712804532860164,-0.027464229079442595,-0.954803201133215,0.19124105726986063,ALIGNING
SCN_007,748,24.9,TRACKING,176.5,266.5,320.0,240.0,-143.5,26.5,-0.896875,0.165625,0.05792820113321506,-0.02561605726986063,0.04634256090657205,-0.020492845815888505,-0.908460640226643,0.17074821145397212,ALIGNING
SCN_007,749,24.9333,TRACKING,176.5,263.5,320.0,240.0,-143.5,23.5,-0.896875,0.146875,0.01158564022664299,-0.023873211453972115,0.009268512181314392,-0.019098569163177693,-0.8991921280453286,0.15164964229079442,ALIGNED
SCN_007,750,24.9667,TRACKING,173.5,255.5,320.0,240.0,-146.5,15.5,-0.915625,0.09687500000000002,-0.01643287195467147,-0.0547746422907944,-0.013146297563737176,-0.043819713832635526,-0.9123384256090658,0.10782992845815889,ALIGNING
SCN_007,751,25.0,TRACKING,172.5,245.5,320.0,240.0,-147.5,5.5,-0.921875,0.034374999999999996,-0.00953657439093425,-0.0734549284581589,-0.0076292595127473994,-0.058763942766527126,-0.9199676851218132,0.049065985691631765,ALIGNING
SCN_007,752,25.0333,TRACKING,167.5,239.5,320.0,240.0,-152.5,-0.5,-0.953125,-0.003125,-0.03315731487818685,-0.05219098569163177,-0.026525851902549483,-0.041752788553305414,-0.9464935370243627,0.007313197138326351,ALIGNING
SCN_007,753,25.0667,TRACKING,160.5,246.5,320.0,240.0,-159.5,6.5,-0.996875,0.040625,-0.05038146297563728,0.03331180286167365,-0.040305170380509826,0.026649442289338923,-0.9867987074048725,0.033962639427665274,ALIGNING
SCN_007,754,25.1,TRACKING,162.5,255.5,320.0,240.0,-157.5,15.5,-0.984375,0.09687500000000002,0.0024237074048725216,0.06291236057233474,0.0019389659238980173,0.05032988845786779,-0.9848597414809745,0.08429252788553307,ALIGNING
SCN_007,755,25.1333,TRACKING,177.5,256.5,320.0,240.0,-142.5,16.5,-0.890625,0.10312500000000001,0.09423474148097455,0.01883247211446694,0.07538779318477964,0.015065977691573551,-0.9094719482961949,0.09935850557710663,ALIGNING
SCN_007,756,25.1667,TRACKING,186.5,244.5,320.0,240.0,-133.5,4.5,-0.834375,0.028124999999999997,0.07509694829619495,-0.07123350557710663,0.06007755863695596,-0.0569868044616853,-0.849394389659239,0.04237170111542132,ALIGNING
SCN_007,757,25.2,TRACKING,179.5,233.5,320.0,240.0,-140.5,-6.5,-0.878125,-0.040625,-0.028730610340761076,-0.08299670111542132,-0.022984488272608863,-0.06639736089233705,-0.8723788779318479,-0.02402565977691573,ALIGNING
SCN_007,758,25.2333,TRACKING,164.5,228.5,320.0,240.0,-155.5,-11.5,-0.971875,-0.07187500000000001,-0.09949612206815217,-0.04784934022308428,-0.07959689765452174,-0.03827947217846742,-0.9519757755863696,-0.062305131955383154,ALIGNING
SCN_007,759,25.2667,TRACKING,161.5,226.5,320.0,240.0,-158.5,-13.5,-0.990625,-0.084375,-0.03864922441363039,-0.02206986804461685,-0.030919379530904314,-0.017655894435693483,-0.9828951551172739,-0.07996102639107663,ALIGNED
SCN_007,760,25.3,TRACKING,171.5,225.5,320.0,240.0,-148.5,-14.5,-0.928125,-0.090625,0.0547701551172739,-0.010663973608923363,0.043816124093819124,-0.008531178887138691,-0.9390790310234548,-0.08849220527821533,ALIGNING
SCN_007,761,25.3333,TRACKING,175.5,223.5,320.0,240.0,-144.5,-16.5,-0.903125,-0.10312500000000001,0.03595403102345485,-0.014632794721784678,0.02876322481876388,-0.011706235777427743,-0.9103158062046909,-0.10019844105564307,ALIGNED
SCN_007,762,25.3667,TRACKING,177.5,226.5,320.0,240.0,-142.5,-13.5,-0.890625,-0.084375,0.01969080620469088,0.015823441055643067,0.015752644963752706,0.012658752844514454,-0.8945631612409382,-0.08753968821112862,ALIGNED
SCN_007,763,25.4,TRACKING,181.5,231.5,320.0,240.0,-138.5,-8.5,-0.865625,-0.053125,0.028938161240938176,0.03441468821112862,0.02315052899275054,0.027531750568902898,-0.8714126322481877,-0.06000793764222572,ALIGNED
SCN_007,764,25.4333,TRACKING,184.5,230.5,320.0,240.0,-135.5,-9.5,-0.846875,-0.059375,0.024537632248187613,0.0006329376422257241,0.019630105798550092,0.0005063501137805793,-0.8517825264496376,-0.05950158752844514,ALIGNED
SCN_007,765,25.4667,TRACKING,173.5,214.5,320.0,240.0,-146.5,-25.5,-0.915625,-0.159375,-0.06384247355036243,-0.09987341247155485,-0.05107397884028995,-0.07989872997724388,-0.9028565052899276,-0.13940031750568904,ALIGNING
SCN_007,766,25.5,TRACKING,163.5,200.5,320.0,240.0,-156.5,-39.5,-0.978125,-0.246875,-0.07526849471007246,-0.10747468249431097,-0.06021479576805797,-0.08597974599544878,-0.9630713010579856,-0.22538006350113782,ALIGNING
SCN_007,767,25.5333,TRACKING,168.5,198.5,320.0,240.0,-151.5,-41.5,-0.946875,-0.259375,0.01619630105798553,-0.033994936498862205,0.012957040846388424,-0.027195949199089766,-0.9501142602115972,-0.25257601270022756,ALIGNED
SCN_007,768,25.5667,TRACKING,184.5,204.5,320.0,240.0,-135.5,-35.5,-0.846875,-0.221875,0.10323926021159713,0.03070101270022757,0.08259140816927771,0.024560810160182057,-0.8675228520423195,-0.2280152025400455,ALIGNING
SCN_007,769,25.6,TRACKING,191.5,209.5,320.0,240.0,-128.5,-30.5,-0.803125,-0.190625,0.06439785204231951,0.03739020254004552,0.05151828163385561,0.029912162032036418,-0.8160045704084639,-0.1981030405080091,ALIGNING
SCN_007,770,25.6333,TRACKING,186.5,208.5,320.0,240.0,-133.5,-31.5,-0.834375,-0.19687500000000002,-0.01837042959153612,0.001228040508009065,-0.014696343673228897,0.0009824324064072521,-0.8307009140816928,-0.19712060810160184,ALIGNED
SCN_007,771,25.6667,TRACKING,174.5,203.5,320.0,240.0,-145.5,-36.5,-0.909375,-0.22812499999999997,-0.07867408591830727,-0.031004391898398126,-0.06293926873464582,-0.0248035135187185,-0.8936401828163386,-0.22192412162032035,ALIGNING
SCN_007,772,25.7,TRACKING,172.5,200.5,320.0,240.0,-147.5,-39.5,-0.921875,-0.246875,-0.028234817183661387,-0.02495087837967966,-0.02258785374692911,-0.019960702703743727,-0.9162280365632677,-0.24188482432406408,ALIGNED
SCN_007,773,25.7333,TRACKING,177.5,198.5,320.0,240.0,-142.5,-41.5,-0.890625,-0.259375,0.025603036563267678,-0.017490175675935943,0.020482429250614144,-0.013992140540748755,-0.8957456073126535,-0.2558769648648128,ALIGNED
SCN_007,774,25.7667,TRACKING,178.5,188.5,320.0,240.0,-141.5,-51.5,-0.884375,-0.32187499999999997,0.011370607312653491,-0.06599803513518715,0.009096485850122793,-0.05279842810814972,-0.8866491214625307,-0.30867539297296254,ALIGNING
SCN_007,775,25.8,TRACKING,183.5,179.5,320.0,240.0,-136.5,-60.5,-0.853125,-0.378125,0.0335241214625307,-0.06944960702703745,0.02681929717002456,-0.05555968562162997,-0.8598298242925062,-0.3642350785945925,ALIGNING
SCN_007,776,25.8333,TRACKING,193.5,177.5,320.0,240.0,-126.5,-62.5,-0.790625,-0.390625,0.06920482429250618,-0.026389921405407524,0.05536385943400495,-0.02111193712432602,-0.8044659648585013,-0.3853470157189185,ALIGNING
SCN_007,777,25.8667,TRACKING,195.5,186.5,320.0,240.0,-124.5,-53.5,-0.778125,-0.33437500000000003,0.026340964858501348,0.05097201571891846,0.02107277188680108,0.04077761257513477,-0.7833931929717002,-0.3445694031437837,ALIGNING
SCN_007,778,25.9,TRACKING,184.5,195.5,320.0,240.0,-135.5,-44.5,-0.846875,-0.278125,-0.06348180702829986,0.06644440314378369,-0.050785445622639896,0.053155522515026955,-0.83417863859434,-0.2914138806287567,ALIGNING
SCN_007,779,25.9333,TRACKING,171.5,191.5,320.0,240.0,-148.5,-48.5,-0.928125,-0.303125,-0.09394636140565993,-0.01171111937124325,-0.07515708912452795,-0.0093688954969946,-0.9093357277188681,-0.3007827761257513,ALIGNING
SCN_007,780,25.9667,TRACKING,179.5,181.5,320.0,240.0,-140.5,-58.5,-0.878125,-0.365625,0.031210727718868014,-0.06484222387424865,0.024968582175094414,-0.05187377909939892,-0.8843671455437736,-0.35265655522515027,ALIGNING
SCN_007,781,26.0,TRACKING,192.5,171.5,320.0,240.0,-127.5,-68.5,-0.796875,-0.428125,0.0874921455437736,-0.07546844477484971,0.06999371643501888,-0.06037475581987977,-0.8143734291087548,-0.41303131104503005,ALIGNING
SCN_007,782,26.0333,TRACKING,199.5,170.5,320.0,240.0,-120.5,-69.5,-0.753125,-0.43437500000000007,0.06124842910875472,-0.02134368895497002,0.04899874328700378,-0.017074951163976015,-0.7653746858217509,-0.43010626220900605,ALIGNING
SCN_007,783,26.0667,TRACKING,195.5,169.5,320.0,240.0,-124.5,-70.5,-0.778125,-0.44062500000000004,-0.012750314178249011,-0.010518737790993993,-0.01020025134259921,-0.008414990232795195,-0.7755749371643501,-0.43852125244180123,ALIGNED
SCN_007,784,26.1,TRACKING,192.5,167.5,320.0,240.0,-127.5,-72.5,-0.796875,-0.453125,-0.02130006283564989,-0.014603747558198765,-0.017040050268519912,-0.011682998046559014,-0.7926149874328701,-0.45020425048836027,ALIGNED
SCN_007,785,26.1333,TRACKING,190.5,167.5,320.0,240.0,-129.5,-72.5,-0.809375,-0.453125,-0.01676001256712989,-0.002920749511639731,-0.013408010053703913,-0.0023365996093117846,-0.806022997486574,-0.45254085009767203,ALIGNED
SCN_007,786,26.1667,TRACKING,188.5,172.5,320.0,240.0,-131.5,-67.5,-0.821875,-0.421875,-0.015852002513426,0.03066585009767203,-0.0126816020107408,0.024532680078137626,-0.8187045994973148,-0.4280081700195344,ALIGNED
SCN_007,787,26.2,TRACKING,187.5,178.5,320.0,240.0,-132.5,-61.5,-0.828125,-0.38437499999999997,-0.009420400502685222,0.04363317001953443,-0.0075363204021481785,0.03490653601562754,-0.8262409198994629,-0.39310163400390685,ALIGNED
SCN_007,788,26.2333,TRACKING,195.5,173.5,320.0,240.0,-124.5,-66.5,-0.778125,-0.415625,0.048115919899462956,-0.02252336599609317,0.038492735919570364,-0.018018692796874538,-0.7877481839798925,-0.41112032680078137,ALIGNED
SCN_007,789,26.2667,TRACKING,208.5,160.5,320.0,240.0,-111.5,-79.5,-0.696875,-0.49687499999999996,0.09087318397989252,-0.08575467319921859,0.07269854718391403,-0.06860373855937488,-0.7150496367959785,-0.4797240653601562,ALIGNING
SCN_007,790,26.3,TRACKING,211.5,148.5,320.0,240.0,-108.5,-91.5,-0.678125,-0.5718749999999999,0.03692463679597857,-0.0921509346398437,0.029539709436782857,-0.07372074771187496,-0.6855099273591957,-0.5534448130720312,ALIGNING
SCN_007,791,26.3333,TRACKING,200.5,149.5,320.0,240.0,-119.5,-90.5,-0.746875,-0.565625,-0.061365072640804263,-0.01218018692796885,-0.049092058112643416,-0.009744149542375081,-0.7346019854718391,-0.5631889626144063,ALIGNING
SCN_007,792,26.3667,TRACKING,188.5,158.5,320.0,240.0,-131.5,-81.5,-0.821875,-0.509375,-0.08727301452816094,0.0538139626144063,-0.06981841162252876,0.04305117009152504,-0.8044203970943679,-0.5201377925228813,ALIGNING
SCN_007,793,26.4,TRACKING,194.5,162.5,320.0,240.0,-125.5,-77.5,-0.784375,-0.484375,0.02004539709436781,0.03576279252288128,0.01603631767549425,0.028610234018305026,-0.7883840794188736,-0.49152755850457625,ALIGNED
SCN_007,794,26.4333,TRACKING,206.5,161.5,320.0,240.0,-113.5,-78.5,-0.709375,-0.490625,0.07900907941887358,0.0009025585045762674,0.06320726353509887,0.000722046803661014,-0.7251768158837747,-0.49080551170091524,ALIGNING
SCN_007,795,26.4667,TRACKING,211.5,158.5,320.0,240.0,-108.5,-81.5,-0.678125,-0.509375,0.04705181588377472,-0.01856948829908478,0.037641452707019775,-0.014855590639267825,-0.6875353631767549,-0.505661102340183,ALIGNED
SCN_007,796,26.5,TRACKING,209.5,158.5,320.0,240.0,-110.5,-81.5,-0.690625,-0.509375,-0.0030896368232451454,-0.0037138976598170004,-0.0024717094585961167,-0.0029711181278536006,-0.690007072635351,-0.5086322204680366,ALIGNED
SCN_007,797,26.5333,TRACKING,212.5,155.5,320.0,240.0,-107.5,-84.5,-0.671875,-0.5281250000000001,0.018132072635350993,-0.01949277953196349,0.014505658108280795,-0.015594223625570792,-0.6755014145270702,-0.5242264440936074,ALIGNED
SCN_007,798,26.5667,TRACKING,211.5,147.5,320.0,240.0,-108.5,-92.5,-0.678125,-0.578125,-0.0026235854729297348,-0.05389855590639259,-0.002098868378343788,-0.04311884472511407,-0.6776002829054141,-0.5673452888187215,ALIGNING
SCN_007,799,26.6,TRACKING,204.5,138.5,320.0,240.0,-115.5,-101.5,-0.721875,-0.634375,-0.04427471709458597,-0.06702971118127854,-0.03541977367566878,-0.05362376894502283,-0.7130200565810828,-0.6209690577637443,ALIGNING
SCN_007,800,26.6333,TRACKING,198.5,140.5,320.0,240.0,-121.5,-99.5,-0.759375,-0.6218750000000001,-0.046354943418917216,-0.0009059422362557301,-0.037083954735133776,-0.0007247537890045842,-0.7501040113162166,-0.6216938115527489,ALIGNED
SCN_007,801,26.6667,TRACKING,211.5,152.5,320.0,240.0,-108.5,-87.5,-0.678125,-0.546875,0.07197901131621665,0.07481881155274894,0.057583209052973316,0.05985504924219916,-0.6925208022632433,-0.5618387623105497,ALIGNING
SCN_007,802,26.7,TRACKING,229.5,162.5,320.0,240.0,-90.5,-77.5,-0.565625,-0.484375,0.12689580226324326,0.07746376231054974,0.10151664181059461,0.0619710098484398,-0.5910041604526487,-0.49986775246210996,ALIGNING
SCN_007,803,26.7333,TRACKING,228.5,157.5,320.0,240.0,-91.5,-82.5,-0.571875,-0.515625,0.019129160452648675,-0.01575724753789004,0.01530332836211894,-0.012605798030312032,-0.5757008320905298,-0.512473550492422,ALIGNED
SCN_007,804,26.7667,TRACKING,217.5,147.5,320.0,240.0,-102.5,-92.5,-0.640625,-0.578125,-0.0649241679094702,-0.06565144950757795,-0.051939334327576164,-0.052521159606062365,-0.6276401664181059,-0.5649947100984845,ALIGNING
SCN_007,805,26.8,TRACKING,210.5,140.5,320.0,240.0,-109.5,-99.5,-0.684375,-0.6218750000000001,-0.05673483358189402,-0.05688028990151561,-0.045387866865515214,-0.045504231921212494,-0.6730280332836212,-0.6104989420196969,ALIGNING
SCN_007,806,26.8333,TRACKING,215.5,143.5,320.0,240.0,-104.5,-96.5,-0.653125,-0.603125,0.019903033283621197,0.0073739420196968775,0.015922426626896958,0.005899153615757502,-0.6571056066567242,-0.6045997884039394,ALIGNED
SCN_007,807,26.8667,TRACKING,223.5,144.5,320.0,240.0,-96.5,-95.5,-0.603125,-0.5968749999999999,0.05398060665672422,0.00772478840393942,0.04318448532537938,0.006179830723151536,-0.6139211213313449,-0.5984199576807878,ALIGNING
SCN_007,808,26.9,TRACKING,225.5,142.5,320.0,240.0,-94.5,-97.5,-0.590625,-0.609375,0.023296121331344954,-0.010955042319212183,0.018636897065075965,-0.008764033855369746,-0.5952842242662689,-0.6071839915361575,ALIGNED
SCN_007,809,26.9333,TRACKING,230.5,144.5,320.0,240.0,-89.5,-95.5,-0.559375,-0.5968749999999999,0.03590922426626897,0.010308991536157608,0.028727379413015175,0.008247193228926086,-0.5665568448532537,-0.5989367983072315,ALIGNED
SCN_007,810,26.9667,TRACKING,237.5,152.5,320.0,240.0,-82.5,-87.5,-0.515625,-0.546875,0.05093184485325375,0.052061798307231455,0.040745475882603,0.041649438645785165,-0.5258113689706507,-0.5572873596614463,ALIGNING
SCN_007,811,27.0,TRACKING,236.5,158.5,320.0,240.0,-83.5,-81.5,-0.521875,-0.509375,0.00393636897065075,0.04791235966144625,0.0031490951765206,0.038329887729157,-0.5226622737941301,-0.5189574719322892,ALIGNED
SCN_007,812,27.0333,TRACKING,223.5,154.5,320.0,240.0,-96.5,-85.5,-0.603125,-0.534375,-0.08046272620586992,-0.015417528067710795,-0.06437018096469593,-0.012334022454168637,-0.587032454758826,-0.5312914943864578,ALIGNING
SCN_007,813,27.0667,TRACKING,218.5,142.5,320.0,240.0,-101.5,-97.5,-0.634375,-0.609375,-0.04734254524117398,-0.07808350561354216,-0.03787403619293919,-0.06246680449083373,-0.6249064909517652,-0.5937582988772916,ALIGNING
SCN_007,814,27.1,TRACKING,230.5,133.5,320.0,240.0,-89.5,-106.5,-0.559375,-0.6656249999999999,0.06553149095176525,-0.07186670112270832,0.0524251927614122,-0.05749336089816666,-0.572481298190353,-0.6512516597754583,ALIGNING
SCN_007,815,27.1333,TRACKING,247.5,138.5,320.0,240.0,-72.5,-101.5,-0.453125,-0.634375,0.11935629819035298,0.01687665977545827,0.0954850385522824,0.013501327820366615,-0.4769962596380706,-0.6377503319550917,ALIGNING
SCN_007,816,27.1667,TRACKING,248.5,149.5,320.0,240.0,-71.5,-90.5,-0.446875,-0.565625,0.030121259638070552,0.07212533195509163,0.024097007710456444,0.05770026556407331,-0.45289925192761415,-0.5800500663910184,ALIGNING
SCN_007,817,27.2,TRACKING,240.5,155.5,320.0,240.0,-79.5,-84.5,-0.496875,-0.5281250000000001,-0.043975748072385856,0.05192506639101835,-0.035180598457908684,0.04154005311281468,-0.4880798503855228,-0.5385100132782037,ALIGNING
SCN_007,818,27.2333,TRACKING,236.5,154.5,320.0,240.0,-83.5,-85.5,-0.521875,-0.534375,-0.03379514961447716,0.0041350132782036475,-0.02703611969158173,0.003308010622562918,-0.5151159700771045,-0.5352020026556408,ALIGNED
SCN_007,819,27.2667,TRACKING,239.5,154.5,320.0,240.0,-80.5,-85.5,-0.503125,-0.534375,0.01199097007710448,0.0008270026556407295,0.009592776061683584,0.0006616021245125837,-0.5055231940154209,-0.5345404005311282,ALIGNED
SCN_007,820,27.3,TRACKING,240.5,155.5,320.0,240.0,-79.5,-84.5,-0.496875,-0.5281250000000001,0.008648194015420885,0.0064154005311281015,0.006918555212336708,0.005132320424902481,-0.4986046388030842,-0.5294080801062256,ALIGNED
SCN_007,821,27.3333,TRACKING,241.5,154.5,320.0,240.0,-78.5,-85.5,-0.490625,-0.534375,0.007979638803084221,-0.004966919893774402,0.006383711042467377,-0.003973535915019521,-0.4922209277606168,-0.5333816160212451,ALIGNED
SCN_007,822,27.3667,TRACKING,254.5,145.5,320.0,240.0,-65.5,-94.5,-0.409375,-0.590625,0.08284592776061683,-0.057243383978754836,0.06627674220849347,-0.04579470718300387,-0.4259441855521233,-0.5791763232042489,ALIGNING
SCN_007,823,27.4,TRACKING,263.5,141.5,320.0,240.0,-56.5,-98.5,-0.353125,-0.615625,0.0728191855521233,-0.036448676795751034,0.05825534844169864,-0.02915894143660083,-0.36768883711042466,-0.6083352646408497,ALIGNING
SCN_007,824,27.4333,TRACKING,260.5,147.5,320.0,240.0,-59.5,-92.5,-0.371875,-0.578125,-0.004186162889575351,0.03021026464084975,-0.003348930311660281,0.0241682117126798,-0.37103776742208494,-0.58416705292817,ALIGNED
SCN_007,825,27.4667,TRACKING,244.5,164.5,320.0,240.0,-75.5,-75.5,-0.471875,-0.471875,-0.10083723257791505,0.11229205292816996,-0.08066978606233205,0.08983364234253598,-0.451707553484417,-0.49433341058563396,ALIGNING
SCN_007,826,27.5,TRACKING,241.5,172.5,320.0,240.0,-78.5,-67.5,-0.490625,-0.421875,-0.03891744651558299,0.07245841058563396,-0.031133957212466392,0.05796672846850717,-0.48284151069688336,-0.4363666821171268,ALIGNING
SCN_007,827,27.5333,TRACKING,254.5,166.5,320.0,240.0,-65.5,-73.5,-0.409375,-0.45937500000000003,0.07346651069688337,-0.02300831788287322,0.0587732085575067,-0.018406654306298575,-0.42406830213937663,-0.4547733364234254,ALIGNING
SCN_007,828,27.5667,TRACKING,267.5,157.5,320.0,240.0,-52.5,-82.5,-0.328125,-0.515625,0.09594330213937663,-0.06085166357657462,0.07675464171150131,-0.0486813308612597,-0.3473136604278753,-0.5034546672846851,ALIGNING
SCN_007,829,27.6,TRACKING,269.5,156.5,320.0,240.0,-50.5,-83.5,-0.315625,-0.521875,0.031688660427875326,-0.018420332715314847,0.025350928342300263,-0.014736266172251877,-0.3219627320855751,-0.518190933456937,ALIGNED
SCN_007,830,27.6333,TRACKING,266.5,158.5,320.0,240.0,-53.5,-81.5,-0.334375,-0.509375,-0.012412267914424902,0.008815933456936986,-0.009929814331539923,0.007052746765549589,-0.331892546417115,-0.5111381866913874,ALIGNED
SCN_007,831,27.6667,TRACKING,265.5,161.5,320.0,240.0,-54.5,-78.5,-0.340625,-0.490625,-0.008732453582884991,0.020513186691387464,-0.006985962866307993,0.016410549353109972,-0.338878509283423,-0.49472763733827746,ALIGNED
SCN_007,832,27.7,TRACKING,263.5,163.5,320.0,240.0,-56.5,-76.5,-0.353125,-0.47812499999999997,-0.01424649071657702,0.016602637338277493,-0.011397192573261617,0.013282109870621995,-0.3502757018566846,-0.48144552746765545,ALIGNED
SCN_007,833,27.7333,TRACKING,260.5,167.5,320.0,240.0,-59.5,-72.5,-0.371875,-0.453125,-0.021599298143315404,0.028320527467655454,-0.017279438514652325,0.022656421974124364,-0.3675551403713369,-0.4587891054935311,ALIGNED
SCN_007,834,27.7667,TRACKING,263.5,177.5,320.0,240.0,-56.5,-62.5,-0.353125,-0.390625,0.014430140371336886,0.06816410549353108,0.01154411229706951,0.05453128439482487,-0.3560110280742674,-0.4042578210987062,ALIGNING
SCN_007,835,27.8,TRACKING,276.5,185.5,320.0,240.0,-43.5,-54.5,-0.271875,-0.340625,0.0841360280742674,0.06363282109870622,0.06730882245941393,0.050906256878964974,-0.28870220561485344,-0.35335156421974123,ALIGNING
SCN_007,836,27.8333,TRACKING,289.5,180.5,320.0,240.0,-30.5,-59.5,-0.190625,-0.371875,0.09807720561485345,-0.01852343578025878,0.07846176449188276,-0.014818748624207024,-0.2102404411229707,-0.36817031284394824,ALIGNING
SCN_007,837,27.8667,TRACKING,285.5,168.5,320.0,240.0,-34.5,-71.5,-0.215625,-0.446875,-0.005384558877029322,-0.07870468715605178,-0.004307647101623457,-0.06296374972484142,-0.21454808822459415,-0.43113406256878967,ALIGNING
SCN_007,838,27.9,TRACKING,270.5,165.5,320.0,240.0,-49.5,-74.5,-0.309375,-0.465625,-0.09482691177540586,-0.034490937431210344,-0.0758615294203247,-0.027592749944968277,-0.29040961764491885,-0.45872681251375796,ALIGNING
SCN_007,839,27.9333,TRACKING,269.5,173.5,320.0,240.0,-50.5,-66.5,-0.315625,-0.415625,-0.02521538235508114,0.04310181251375794,-0.020172305884064913,0.03448145001100635,-0.3105819235289838,-0.42424536250275163,ALIGNED
SCN_007,840,27.9667,TRACKING,278.5,186.5,320.0,240.0,-41.5,-53.5,-0.259375,-0.33437500000000003,0.05120692352898376,0.0898703625027516,0.040965538823187014,0.07189629000220128,-0.26961638470579674,-0.35234907250055036,ALIGNING
SCN_007,841,28.0,TRACKING,287.5,192.5,320.0,240.0,-32.5,-47.5,-0.203125,-0.296875,0.06649138470579674,0.055474072500550364,0.0531931077646374,0.04437925800044029,-0.21642327694115934,-0.3079698145001101,ALIGNING
SCN_007,842,28.0333,TRACKING,291.5,191.5,320.0,240.0,-28.5,-48.5,-0.178125,-0.303125,0.03829827694115934,0.004844814500110095,0.030638621552927472,0.003875851600088076,-0.18578465538823186,-0.304093962900022,ALIGNED
SCN_007,843,28.0667,TRACKING,294.5,192.5,320.0,240.0,-25.5,-47.5,-0.159375,-0.296875,0.026409655388231867,0.007218962900021997,0.021127724310585495,0.005775170320017598,-0.16465693107764637,-0.2983187925800044,ALIGNED
SCN_007,844,28.1,TRACKING,297.5,195.5,320.0,240.0,-22.5,-44.5,-0.140625,-0.278125,0.024031931077646368,0.020193792580004366,0.019225544862117097,0.016155034064003492,-0.14543138621552926,-0.2821637585160009,ALIGNED
SCN_007,845,28.1333,TRACKING,290.5,194.5,320.0,240.0,-29.5,-45.5,-0.184375,-0.284375,-0.038943613784470754,-0.0022112414839990935,-0.031154891027576605,-0.001768993187199275,-0.17658627724310585,-0.28393275170320015,ALIGNED
SCN_007,846,28.1667,TRACKING,283.5,187.5,320.0,240.0,-36.5,-52.5,-0.228125,-0.328125,-0.05153872275689414,-0.04419224829679985,-0.041230978205515315,-0.035353798637439884,-0.21781725544862118,-0.31928655034064,ALIGNING
SCN_007,847,28.2,TRACKING,285.5,185.5,320.0,240.0,-34.5,-54.5,-0.215625,-0.340625,0.002192255448621172,-0.021338449659359993,0.0017538043588969376,-0.017070759727487995,-0.21606345108972425,-0.336357310068128,ALIGNED
SCN_007,848,28.2333,TRACKING,302.5,197.5,320.0,240.0,-17.5,-42.5,-0.109375,-0.265625,0.10668845108972425,0.07073231006812802,0.0853507608717794,0.056585848054502424,-0.13071269021794485,-0.27977146201362557,ALIGNING
SCN_007,849,28.2667,TRACKING,315.5,212.5,320.0,240.0,-4.5,-27.5,-0.028125,-0.171875,0.10258769021794485,0.10789646201362557,0.08207015217435588,0.08631716961090047,-0.048642538043588965,-0.1934542924027251,ALIGNING
SCN_007,850,28.3,TRACKING,308.5,219.5,320.0,240.0,-11.5,-20.5,-0.071875,-0.128125,-0.02323246195641103,0.06532929240272511,-0.018585969565128823,0.052263433922180094,-0.06722850760871779,-0.14119085848054502,ALIGNING
SCN_007,851,28.3333,TRACKING,300.5,214.5,320.0,240.0,-19.5,-25.5,-0.121875,-0.159375,-0.054646492391282206,-0.018184141519454966,-0.04371719391302577,-0.014547313215563974,-0.11094570152174356,-0.15573817169610898,ALIGNING
SCN_007,852,28.3667,TRACKING,299.5,206.5,320.0,240.0,-20.5,-33.5,-0.128125,-0.209375,-0.01717929847825643,-0.05363682830389102,-0.013743438782605144,-0.04290946264311282,-0.1246891403043487,-0.1986476343392218,ALIGNING
SCN_007,853,28.4,TRACKING,304.5,208.5,320.0,240.0,-15.5,-31.5,-0.096875,-0.19687500000000002,0.0278141403043487,0.0017726343392217847,0.02225131224347896,0.0014181074713774278,-0.10243782806086973,-0.19722952686784437,ALIGNED
SCN_007,854,28.4333,TRACKING,308.5,212.5,320.0,240.0,-11.5,-27.5,-0.071875,-0.171875,0.03056282806086974,0.025354526867844368,0.024450262448695793,0.020283621494275497,-0.07798756561217395,-0.17694590537356886,ALIGNED
SCN_007,855,28.4667,TRACKING,313.5,215.5,320.0,240.0,-6.5,-24.5,-0.040625,-0.153125,0.037362565612173944,0.023820905373568846,0.029890052489739156,0.019056724298855077,-0.04809751312243479,-0.15788918107471378,ALIGNED
SCN_007,856,28.5,TRACKING,321.5,217.5,320.0,240.0,1.5,-22.5,0.009375,-0.140625,0.057472513122434794,0.01726418107471378,0.045978010497947835,0.013811344859771025,-0.0021195026244869575,-0.14407783621494274,ALIGNING
SCN_007,857,28.5333,TRACKING,327.5,225.5,320.0,240.0,7.5,-14.5,0.046875,-0.090625,0.04899450262448696,0.05345283621494275,0.03919560209958957,0.042762268971954204,0.03707609947510261,-0.10131556724298854,ALIGNING
SCN_007,858,28.5667,TRACKING,318.5,235.5,320.0,240.0,-1.5,-4.5,-0.009375,-0.028124999999999997,-0.04645109947510261,0.07319056724298854,-0.037160879580082094,0.058552453794390835,-8.478010497948302e-05,-0.042763113448597706,ALIGNING
SCN_007,859,28.6,TRACKING,306.5,241.5,320.0,240.0,-13.5,1.5,-0.084375,0.009375000000000001,-0.08429021989502053,0.05213811344859771,-0.06743217591601643,0.04171049075887817,-0.06751695602099592,-0.0010526226897195345,ALIGNING
SCN_007,860,28.6333,TRACKING,311.5,236.5,320.0,240.0,-8.5,-3.5,-0.053125,-0.021875,0.014391956020995918,-0.020822377310280464,0.011513564816796735,-0.016657901848224372,-0.056003391204199185,-0.017710524537943906,ALIGNED
SCN_007,861,28.6667,TRACKING,331.5,226.5,320.0,240.0,11.5,-13.5,0.071875,-0.084375,0.1278783912041992,-0.0666644754620561,0.10230271296335935,-0.05333158036964489,0.04629932175916017,-0.07104210490758879,ALIGNING
SCN_007,862,28.7,TRACKING,338.5,225.5,320.0,240.0,18.5,-14.5,0.115625,-0.090625,0.06932567824083984,-0.019582895092411207,0.05546054259267187,-0.015666316073928967,0.10175986435183204,-0.08670842098151776,ALIGNING
SCN_007,863,28.7333,TRACKING,334.5,234.5,320.0,240.0,14.5,-5.5,0.090625,-0.034374999999999996,-0.011134864351832044,0.05233342098151777,-0.008907891481465636,0.041866736785214215,0.09285197287036641,-0.04484168419630355,ALIGNING
SCN_007,864,28.7667,TRACKING,328.5,247.5,320.0,240.0,8.5,7.5,0.053125,0.046875,-0.03972697287036641,0.09171668419630355,-0.03178157829629313,0.07337334735704285,0.06107039457407328,0.028531663160739296,ALIGNING
SCN_007,865,28.8,TRACKING,329.5,253.5,320.0,240.0,9.5,13.5,0.059375,0.084375,-0.0016953945740732848,0.05584333683926071,-0.001356315659258628,0.04467466947140857,0.05971407891481465,0.07320633263214787,ALIGNING
SCN_007,866,28.8333,TRACKING,329.5,253.5,320.0,240.0,9.5,13.5,0.059375,0.084375,-0.0003390789148146542,0.011168667367852131,-0.0002712631318517234,0.008934933894281705,0.05944281578296293,0.08214126652642958,ALIGNED
SCN_007,867,28.8667,TRACKING,328.5,255.5,320.0,240.0,8.5,15.5,0.053125,0.09687500000000002,-0.006317815782962928,0.014733733473570432,-0.005054252626370343,0.011786986778856347,0.05438856315659259,0.09392825330528592,ALIGNED
SCN_007,868,28.9,TRACKING,335.5,257.5,320.0,240.0,15.5,17.5,0.096875,0.109375,0.042486436843407416,0.015446746694714075,0.033989149474725935,0.01235739735577126,0.08837771263131852,0.10628565066105719,ALIGNED
SCN_007,869,28.9333,TRACKING,351.5,256.5,320.0,240.0,31.5,16.5,0.196875,0.10312500000000001,0.10849728736868147,-0.003160650661057182,0.08679782989494518,-0.002528520528845746,0.17517554252626372,0.10375713013221144,ALIGNING
SCN_007,870,28.9667,TRACKING,356.5,249.5,320.0,240.0,36.5,9.5,0.228125,0.059375,0.05294945747373628,-0.04438213013221144,0.042359565978989024,-0.035505704105769156,0.21753510850525273,0.06825142602644228,ALIGNING
SCN_007,871,29.0,TRACKING,342.5,250.5,320.0,240.0,22.5,10.5,0.140625,0.06562499999999999,-0.07691010850525273,-0.002626426026442294,-0.06152808680420219,-0.002101140821153835,0.15600702170105055,0.06615028520528844,ALIGNING
SCN_007,872,29.0333,TRACKING,334.5,262.5,320.0,240.0,14.5,22.5,0.090625,0.140625,-0.06538202170105055,0.07447471479471156,-0.05230561736084044,0.05957977183576925,0.10370140434021011,0.1257300570410577,ALIGNING
SCN_007,873,29.0667,TRACKING,338.5,280.5,320.0,240.0,18.5,40.5,0.115625,0.25312500000000004,0.011923595659789898,0.12739494295894235,0.009538876527831919,0.1019159543671539,0.11324028086804203,0.22764601140821158,ALIGNING
SCN_007,874,29.1,TRACKING,351.5,281.5,320.0,240.0,31.5,41.5,0.196875,0.259375,0.08363471913195797,0.03172898859178844,0.06690777530556638,0.02538319087343075,0.1801480561736084,0.25302920228164233,ALIGNING
SCN_007,875,29.1333,TRACKING,359.5,276.5,320.0,240.0,39.5,36.5,0.246875,0.22812499999999997,0.0667269438263916,-0.024904202281642362,0.053381555061113285,-0.01992336182531389,0.23352961123472168,0.23310584045632843,ALIGNING
SCN_007,876,29.1667,TRACKING,358.5,270.5,320.0,240.0,38.5,30.5,0.240625,0.190625,0.007095388765278321,-0.04248084045632844,0.005676311012222657,-0.03398467236506275,0.23920592224694434,0.19912116809126568,ALIGNED
SCN_007,877,29.2,TRACKING,359.5,271.5,320.0,240.0,39.5,31.5,0.246875,0.19687500000000002,0.00766907775305567,-0.0022461680912656545,0.006135262202444536,-0.0017969344730125237,0.24534118444938888,0.19732423361825316,ALIGNED
SCN_007,878,29.2333,TRACKING,359.5,277.5,320.0,240.0,39.5,37.5,0.246875,0.234375,0.001533815550611134,0.03705076638174684,0.0012270524404889072,0.029640613105397475,0.24656823688987778,0.22696484672365064,ALIGNED
SCN_007,879,29.2667,TRACKING,354.5,279.5,320.0,240.0,34.5,39.5,0.215625,0.246875,-0.030943236889877768,0.019910153276349374,-0.024754589511902216,0.0159281226210795,0.22181364737797557,0.24289296934473015,ALIGNED
SCN_007,880,29.3,TRACKING,349.5,282.5,320.0,240.0,29.5,42.5,0.184375,0.265625,-0.03743864737797556,0.022732030655269853,-0.02995091790238045,0.018185624524215883,0.19186272947559513,0.26107859386894605,ALIGNED
SCN_007,881,29.3333,TRACKING,360.5,288.5,320.0,240.0,40.5,48.5,0.253125,0.303125,0.06126227052440486,0.042046406131053926,0.04900981641952389,0.03363712490484314,0.24087254589511903,0.2947157187737892,ALIGNING
SCN_007,882,29.3667,TRACKING,376.5,299.5,320.0,240.0,56.5,59.5,0.353125,0.371875,0.112252454104881,0.0771592812262108,0.0898019632839048,0.06172742498096864,0.33067450917902386,0.35644314375475783,ALIGNING
SCN_007,883,29.4,TRACKING,382.5,303.5,320.0,240.0,62.5,63.5,0.390625,0.396875,0.05995049082097614,0.04043185624524215,0.04796039265678092,0.03234548499619372,0.3786349018358048,0.38878862875095155,ALIGNING
SCN_007,884,29.4333,TRACKING,368.5,295.5,320.0,240.0,48.5,55.5,0.303125,0.34687500000000004,-0.0755099018358048,-0.041913628750951504,-0.06040792146864385,-0.033530903000761204,0.3182269803671609,0.3552577257501903,ALIGNING
SCN_007,885,29.4667,TRACKING,362.5,285.5,320.0,240.0,42.5,45.5,0.265625,0.284375,-0.052601980367160905,-0.07088272575019033,-0.04208158429372873,-0.05670618060015227,0.2761453960734322,0.29855154515003807,ALIGNING
SCN_007,886,29.5,TRACKING,364.5,287.5,320.0,240.0,44.5,47.5,0.278125,0.296875,0.001979603926567819,-0.0016765451500380668,0.0015836831412542553,-0.0013412361200304534,0.2777290792146864,0.2972103090300076,ALIGNED
SCN_007,887,29.5333,TRACKING,374.5,295.5,320.0,240.0,54.5,55.5,0.340625,0.34687500000000004,0.06289592078531359,0.04966469096999243,0.05031673662825087,0.039731752775993945,0.3280458158429373,0.33694206180600156,ALIGNING
SCN_007,888,29.5667,TRACKING,378.5,308.5,320.0,240.0,58.5,68.5,0.365625,0.428125,0.037579184157062684,0.09118293819399842,0.03006334732565015,0.07294635055519874,0.35810916316858743,0.4098884123612003,ALIGNING
SCN_007,889,29.6,TRACKING,381.5,310.5,320.0,240.0,61.5,70.5,0.384375,0.44062500000000004,0.026265836831412592,0.030736587638799717,0.021012669465130075,0.024589270111039774,0.3791218326337175,0.4344776824722401,ALIGNED
SCN_007,890,29.6333,TRACKING,387.5,310.5,320.0,240.0,67.5,70.5,0.421875,0.44062500000000004,0.042753167366282485,0.006147317527759932,0.03420253389302599,0.004917854022207947,0.4133243665267435,0.43939553649444807,ALIGNED
SCN_007,891,29.6667,TRACKING,387.5,311.5,320.0,240.0,67.5,71.5,0.421875,0.446875,0.00855063347325652,0.007479463505551953,0.0068405067786052156,0.0059835708044415625,0.4201648733053487,0.44537910729888963,ALIGNED
SCN_007,892,29.7,TRACKING,376.5,313.5,320.0,240.0,56.5,73.5,0.353125,0.45937500000000003,-0.06703987330534866,0.013995892701110402,-0.05363189864427893,0.011196714160888322,0.36653297466106977,0.45657582145977793,ALIGNING
SCN_007,893,29.7333,TRACKING,371.5,307.5,320.0,240.0,51.5,67.5,0.321875,0.421875,-0.044657974661069744,-0.03470082145977793,-0.0357263797288558,-0.027760657167822347,0.330806594932214,0.4288151642919556,ALIGNED
SCN_007,894,29.7667,TRACKING,382.5,302.5,320.0,240.0,62.5,62.5,0.390625,0.390625,0.05981840506778602,-0.0381901642919556,0.04785472405422882,-0.03055213143356448,0.3786613189864428,0.3982630328583911,ALIGNING
SCN_007,895,29.8,TRACKING,399.5,303.5,320.0,240.0,79.5,63.5,0.496875,0.396875,0.11821368101355723,-0.0013880328583911195,0.09457094481084578,-0.0011104262867128957,0.47323226379728855,0.3971526065716782,ALIGNING
SCN_007,896,29.8333,TRACKING,403.5,317.5,320.0,240.0,83.5,77.5,0.521875,0.484375,0.04864273620271142,0.08722239342832178,0.03891418896216914,0.06977791474265742,0.5121464527594577,0.46693052131433566,ALIGNING
SCN_007,897,29.8667,TRACKING,395.5,329.5,320.0,240.0,75.5,89.5,0.471875,0.559375,-0.040271452759457704,0.0924444786856643,-0.032217162207566166,0.07395558294853144,0.47992929055189154,0.5408861042628671,ALIGNING
SCN_007,898,29.9,TRACKING,386.5,331.5,320.0,240.0,66.5,91.5,0.415625,0.5718749999999999,-0.06430429055189152,0.030988895737132816,-0.05144343244151322,0.024791116589706255,0.4284858581103783,0.5656772208525733,ALIGNING
SCN_007,899,29.9333,TRACKING,390.5,323.5,320.0,240.0,70.5,83.5,0.440625,0.521875,0.012139141889621674,-0.04380222085257335,0.00971131351169734,-0.03504177668205868,0.43819717162207567,0.5306354441705147,ALIGNED
SCN_007,900,29.9667,TRACKING,392.5,315.5,320.0,240.0,72.5,75.5,0.453125,0.471875,0.014927828377924335,-0.05876044417051468,0.011942262702339468,-0.04700835533641175,0.4501394343244151,0.48362708883410294,ALIGNING
