scenario_id,frame_id,timestamp,tracking_status,tracked_x,tracked_y,image_center_x,image_center_y,pixel_error_x,pixel_error_y,target_angle_x,target_angle_y,remaining_error_x,remaining_error_y,pan_command,tilt_command,virtual_pan,virtual_tilt,alignment_status
SCN_002,1,0.0,ACQUIRING,481.0,241.0,320.0,240.0,161.0,1.0,1.00625,0.00625,1.00625,0.00625,0.16666666666666666,0.005000000000000001,0.16666666666666666,0.005000000000000001,ALIGNING
SCN_002,2,0.0333,ACQUIRING,481.0,243.0,320.0,240.0,161.0,3.0,1.00625,0.018750000000000003,0.8395833333333335,0.013750000000000002,0.16666666666666666,0.011000000000000003,0.3333333333333333,0.016000000000000004,ALIGNING
SCN_002,3,0.0667,TRACKING,481.0,245.0,320.0,240.0,161.0,5.0,1.00625,0.03125,0.6729166666666668,0.015249999999999996,0.16666666666666666,0.012199999999999997,0.5,0.028200000000000003,ALIGNING
SCN_002,4,0.1,TRACKING,481.0,248.0,320.0,240.0,161.0,8.0,1.00625,0.05,0.5062500000000001,0.0218,0.16666666666666666,0.01744,0.6666666666666666,0.04564,ALIGNING
SCN_002,5,0.1333,TRACKING,481.0,250.0,320.0,240.0,161.0,10.0,1.00625,0.0625,0.33958333333333346,0.01686,0.16666666666666666,0.013488,0.8333333333333333,0.059128,ALIGNING
SCN_002,6,0.1667,TRACKING,481.0,252.0,320.0,240.0,161.0,12.0,1.00625,0.07500000000000001,0.17291666666666683,0.01587200000000001,0.13833333333333347,0.01269760000000001,0.9716666666666667,0.07182560000000002,ALIGNING
SCN_002,7,0.2,TRACKING,480.0,254.0,320.0,240.0,160.0,14.0,1.0,0.0875,0.02833333333333332,0.015674399999999977,0.022666666666666658,0.012539519999999983,0.9943333333333333,0.08436512,ALIGNED
SCN_002,8,0.2333,TRACKING,480.0,257.0,320.0,240.0,160.0,17.0,1.0,0.10625,0.005666666666666709,0.021884879999999995,0.0045333333333333675,0.017507903999999998,0.9988666666666667,0.101873024,ALIGNED
SCN_002,9,0.2667,TRACKING,480.0,259.0,320.0,240.0,160.0,19.0,1.0,0.11875,0.0011333333333333195,0.016876975999999988,0.0009066666666666557,0.01350158079999999,0.9997733333333333,0.1153746048,ALIGNED
SCN_002,10,0.3,TRACKING,480.0,261.0,320.0,240.0,160.0,21.0,1.0,0.13124999999999998,0.00022666666666670832,0.015875395199999975,0.00018133333333336665,0.012700316159999982,0.9999546666666667,0.12807492095999998,ALIGNED
SCN_002,11,0.3333,TRACKING,479.0,263.0,320.0,240.0,159.0,23.0,0.99375,0.14375000000000002,-0.006204666666666636,0.01567507904000004,-0.004963733333333309,0.012540063232000033,0.9949909333333333,0.140614984192,ALIGNED
SCN_002,12,0.3667,TRACKING,479.0,265.0,320.0,240.0,159.0,25.0,0.99375,0.15625,-0.001240933333333305,0.015635015808000002,-0.000992746666666644,0.012508012646400002,0.9939981866666667,0.1531229968384,ALIGNED
SCN_002,13,0.4,TRACKING,479.0,268.0,320.0,240.0,159.0,28.0,0.99375,0.175,-0.0002481866666667054,0.02187700316159999,-0.00019854933333336434,0.017501602529279993,0.9937996373333333,0.17062459936767999,ALIGNED
SCN_002,14,0.4333,TRACKING,478.0,270.0,320.0,240.0,158.0,30.0,0.9875,0.1875,-0.0062996373333332745,0.016875400632320015,-0.00503970986666662,0.013500320505856013,0.9887599274666667,0.184124919873536,ALIGNED
SCN_002,15,0.4667,TRACKING,478.0,272.0,320.0,240.0,158.0,32.0,0.9875,0.2,-0.0012599274666666993,0.01587508012646402,-0.0010079419733333595,0.012700064101171216,0.9877519854933334,0.1968249839747072,ALIGNED
SCN_002,16,0.5,TRACKING,478.0,274.0,320.0,240.0,158.0,34.0,0.9875,0.2125,-0.00025198549333338427,0.01567501602529278,-0.00020158839466670743,0.012540012820234226,0.9875503970986668,0.20936499679494144,ALIGNED
SCN_002,17,0.5333,TRACKING,477.0,276.0,320.0,240.0,157.0,36.0,0.98125,0.22499999999999998,-0.00630039709866681,0.015635003205058534,-0.005040317678933448,0.012508002564046827,0.9825100794197333,0.22187299935898827,ALIGNED
SCN_002,18,0.5667,TRACKING,477.0,279.0,320.0,240.0,157.0,39.0,0.98125,0.24375000000000002,-0.0012600794197333842,0.02187700064101175,-0.0010080635357867073,0.0175016005128094,0.9815020158839466,0.23937459987179768,ALIGNED
SCN_002,19,0.6,TRACKING,476.0,281.0,320.0,240.0,156.0,41.0,0.975,0.25625,-0.00650201588394661,0.016875400128202295,-0.005201612707157289,0.013500320102561837,0.9763004031767893,0.2528749199743595,ALIGNED
SCN_002,20,0.6333,TRACKING,475.0,283.0,320.0,240.0,155.0,43.0,0.96875,0.26875,-0.007550403176789344,0.015875080025640476,-0.006040322541431476,0.01270006402051238,0.9702600806353578,0.2655749839948719,ALIGNED
SCN_002,21,0.6667,TRACKING,475.0,285.0,320.0,240.0,155.0,45.0,0.96875,0.28125,-0.0015100806353578466,0.015675016005128106,-0.0012080645082862774,0.012540012804102486,0.9690520161270716,0.2781149967989744,ALIGNED
SCN_002,22,0.7,TRACKING,474.0,287.0,320.0,240.0,154.0,47.0,0.9625,0.29375,-0.006552016127071569,0.01563500320102562,-0.0052416129016572555,0.012508002560820498,0.9638104032254143,0.2906229993597949,ALIGNED
SCN_002,23,0.7333,TRACKING,474.0,289.0,320.0,240.0,154.0,49.0,0.9625,0.30625,-0.0013104032254143139,0.015627000640205113,-0.001048322580331451,0.01250160051216409,0.9627620806450828,0.303124599871959,ALIGNED
SCN_002,24,0.7667,TRACKING,473.0,292.0,320.0,240.0,153.0,52.0,0.95625,0.325,-0.006512080645082796,0.02187540012804101,-0.005209664516066238,0.01750032010243281,0.9575524161290166,0.3206249199743918,ALIGNED
SCN_002,25,0.8,TRACKING,472.0,294.0,320.0,240.0,152.0,54.0,0.95,0.3375,-0.0075524161290166925,0.016875080025608225,-0.006041932903213355,0.01350006402048658,0.9515104832258033,0.3341249839948784,ALIGNED
SCN_002,26,0.8333,TRACKING,471.0,296.0,320.0,240.0,151.0,56.0,0.94375,0.35,-0.007760483225803361,0.01587501600512159,-0.006208386580642689,0.012700012804097272,0.9453020966451606,0.34682499679897566,ALIGNED
SCN_002,27,0.8667,TRACKING,471.0,298.0,320.0,240.0,151.0,58.0,0.94375,0.3625,-0.00155209664516065,0.01567500320102433,-0.0012416773161285201,0.012540002560819464,0.9440604193290321,0.3593649993597951,ALIGNED
SCN_002,28,0.9,TRACKING,470.0,300.0,320.0,240.0,150.0,60.0,0.9375,0.375,-0.006560419329032063,0.0156350006402049,-0.005248335463225651,0.01250800051216392,0.9388120838658064,0.37187299987195904,ALIGNED
SCN_002,29,0.9333,TRACKING,469.0,302.0,320.0,240.0,149.0,62.0,0.93125,0.38750000000000007,-0.007562083865806368,0.015627000128041024,-0.006049667092645095,0.01250160010243282,0.9327624167731613,0.3843745999743919,ALIGNED
SCN_002,30,0.9667,TRACKING,468.0,304.0,320.0,240.0,148.0,64.0,0.925,0.4,-0.0077624167731612514,0.015625400025608138,-0.006209933418529001,0.01250032002048651,0.9265524833546323,0.3968749199948784,ALIGNED
SCN_002,31,1.0,TRACKING,467.0,306.0,320.0,240.0,147.0,66.0,0.91875,0.41250000000000003,-0.007802483354632295,0.01562508000512164,-0.0062419866837058365,0.012500064004097311,0.9203104966709265,0.4093749839989757,ALIGNED
SCN_002,32,1.0333,TRACKING,466.0,308.0,320.0,240.0,146.0,68.0,0.9125,0.425,-0.007810496670926481,0.015625016001024283,-0.0062483973367411854,0.012500012800819428,0.9140620993341853,0.4218749967997951,ALIGNED
SCN_002,33,1.0667,TRACKING,465.0,310.0,320.0,240.0,145.0,70.0,0.90625,0.4375,-0.007812099334185252,0.01562500320020488,-0.006249679467348202,0.012500002560163904,0.907812419866837,0.43437499935995905,ALIGNED
SCN_002,34,1.1,TRACKING,464.0,312.0,320.0,240.0,144.0,72.0,0.9,0.44999999999999996,-0.007812419866837006,0.01562500064004091,-0.0062499358934696055,0.012500000512032728,0.9015624839733675,0.44687499987199175,ALIGNED
SCN_002,35,1.1333,TRACKING,463.0,314.0,320.0,240.0,143.0,74.0,0.89375,0.4625,-0.007812483973367423,0.01562500012800827,-0.006249987178693939,0.012500000102406617,0.8953124967946735,0.45937499997439835,ALIGNED
SCN_002,36,1.1667,TRACKING,462.0,316.0,320.0,240.0,142.0,76.0,0.8875,0.475,-0.007812496794673551,0.015625000025601632,-0.006249997435738841,0.012500000020481307,0.8890624993589347,0.47187499999487964,ALIGNED
SCN_002,37,1.2,TRACKING,461.0,318.0,320.0,240.0,141.0,78.0,0.88125,0.48750000000000004,-0.007812499358934688,0.015625000005120404,-0.006249999487147751,0.012500000004096325,0.8828124998717869,0.484374999998976,ALIGNED
SCN_002,38,1.2333,TRACKING,460.0,320.0,320.0,240.0,140.0,80.0,0.875,0.5,-0.007812499871786893,0.015625000001024014,-0.006249999897429515,0.012500000000819212,0.8765624999743574,0.4968749999997952,ALIGNED
SCN_002,39,1.2667,TRACKING,459.0,322.0,320.0,240.0,139.0,82.0,0.86875,0.5125,-0.007812499974357401,0.01562500000020478,-0.006249999979485921,0.012500000000163825,0.8703124999948715,0.509374999999959,ALIGNED
SCN_002,40,1.3,TRACKING,458.0,324.0,320.0,240.0,138.0,84.0,0.8625,0.5249999999999999,-0.007812499994871436,0.015625000000040856,-0.006249999995897149,0.012500000000032686,0.8640624999989743,0.5218749999999918,ALIGNED
SCN_002,41,1.3333,TRACKING,457.0,326.0,320.0,240.0,137.0,86.0,0.85625,0.5375,-0.007812499998974376,0.015625000000008216,-0.006249999999179501,0.012500000000006574,0.8578124999997948,0.5343749999999984,ALIGNED
SCN_002,42,1.3667,TRACKING,455.0,328.0,320.0,240.0,135.0,88.0,0.84375,0.5499999999999999,-0.014062499999794809,0.015625000000001554,-0.011249999999835848,0.012500000000001244,0.8465624999999589,0.5468749999999997,ALIGNED
SCN_002,43,1.4,TRACKING,454.0,330.0,320.0,240.0,134.0,90.0,0.8375,0.5625,-0.009062499999958895,0.015625000000000333,-0.007249999999967116,0.012500000000000268,0.8393124999999918,0.559375,ALIGNED
SCN_002,44,1.4333,TRACKING,453.0,331.0,320.0,240.0,133.0,91.0,0.83125,0.56875,-0.008062499999991757,0.009375000000000022,-0.0064499999999934055,0.007500000000000018,0.8328624999999984,0.566875,ALIGNED
SCN_002,45,1.4667,TRACKING,452.0,333.0,320.0,240.0,132.0,93.0,0.825,0.58125,-0.00786249999999844,0.014375000000000027,-0.006289999999998752,0.011500000000000022,0.8265724999999996,0.5783750000000001,ALIGNED
SCN_002,46,1.5,TRACKING,450.0,335.0,320.0,240.0,130.0,95.0,0.8125,0.59375,-0.0140724999999996,0.015374999999999917,-0.01125799999999968,0.012299999999999934,0.8153144999999999,0.5906750000000001,ALIGNED
SCN_002,47,1.5333,TRACKING,449.0,337.0,320.0,240.0,129.0,97.0,0.80625,0.60625,-0.00906449999999992,0.015574999999999894,-0.007251599999999936,0.012459999999999916,0.8080629,0.603135,ALIGNED
SCN_002,48,1.5667,TRACKING,448.0,339.0,320.0,240.0,128.0,99.0,0.8,0.6187499999999999,-0.008062899999999984,0.015614999999999934,-0.006450319999999988,0.012491999999999948,0.80161258,0.6156269999999999,ALIGNED
SCN_002,49,1.6,TRACKING,446.0,340.0,320.0,240.0,126.0,100.0,0.7875,0.625,-0.014112580000000041,0.009373000000000076,-0.011290064000000034,0.007498400000000061,0.790322516,0.6231253999999999,ALIGNED
SCN_002,50,1.6333,TRACKING,445.0,342.0,320.0,240.0,125.0,102.0,0.78125,0.6375,-0.00907251600000003,0.014374600000000015,-0.007258012800000025,0.011499680000000012,0.7830645032,0.63462508,ALIGNED
SCN_002,51,1.6667,TRACKING,444.0,344.0,320.0,240.0,124.0,104.0,0.775,0.65,-0.008064503199999962,0.01537492000000007,-0.00645160255999997,0.012299936000000056,0.77661290064,0.646925016,ALIGNED
SCN_002,52,1.7,TRACKING,442.0,346.0,320.0,240.0,122.0,106.0,0.7625,0.6625,-0.014112900640000037,0.015574984000000014,-0.01129032051200003,0.012459987200000012,0.7653225801279999,0.6593850031999999,ALIGNED
SCN_002,53,1.7333,TRACKING,441.0,347.0,320.0,240.0,121.0,107.0,0.75625,0.6687500000000001,-0.00907258012799994,0.009364996800000136,-0.007258064102399953,0.0074919974400001095,0.7580645160256,0.66687700064,ALIGNED
SCN_002,54,1.7667,TRACKING,439.0,349.0,320.0,240.0,119.0,109.0,0.74375,0.68125,-0.014314516025599966,0.014372999360000027,-0.011451612820479974,0.011498399488000022,0.74661290320512,0.678375400128,ALIGNED
SCN_002,55,1.8,TRACKING,438.0,351.0,320.0,240.0,118.0,111.0,0.7375,0.6937500000000001,-0.009112903205119927,0.015374599872000072,-0.007290322564095942,0.012299679897600058,0.7393225806410241,0.6906750800256001,ALIGNED
SCN_002,56,1.8333,TRACKING,436.0,352.0,320.0,240.0,116.0,112.0,0.725,0.7,-0.014322580641024096,0.009324919974399881,-0.011458064512819277,0.007459935979519905,0.7278645161282048,0.69813501600512,ALIGNED
SCN_002,57,1.8667,TRACKING,435.0,354.0,320.0,240.0,115.0,114.0,0.71875,0.7124999999999999,-0.009114516128204797,0.014364983994879954,-0.007291612902563838,0.011491987195903964,0.7205729032256409,0.7096270032010239,ALIGNED
SCN_002,58,1.9,TRACKING,433.0,355.0,320.0,240.0,113.0,115.0,0.70625,0.71875,-0.014322903225640893,0.009122996798976102,-0.011458322580512714,0.007298397439180882,0.7091145806451282,0.7169254006402048,ALIGNED
SCN_002,59,1.9333,TRACKING,431.0,357.0,320.0,240.0,111.0,117.0,0.69375,0.73125,-0.015364580645128245,0.014324599359795132,-0.012291664516102597,0.011459679487836105,0.6968229161290256,0.7283850801280409,ALIGNED
SCN_002,60,1.9667,TRACKING,430.0,358.0,320.0,240.0,110.0,118.0,0.6875,0.7374999999999999,-0.009322916129025582,0.009114919871959004,-0.007458332903220466,0.007291935897567204,0.6893645832258051,0.7356770160256081,ALIGNED
SCN_002,61,2.0,TRACKING,428.0,360.0,320.0,240.0,108.0,120.0,0.675,0.75,-0.014364583225805028,0.014322983974391912,-0.011491666580644024,0.01145838717951353,0.677872916645161,0.7471354032051216,ALIGNED
SCN_002,62,2.0333,TRACKING,426.0,361.0,320.0,240.0,106.0,121.0,0.6625,0.75625,-0.01537291664516105,0.00911459679487836,-0.01229833331612884,0.007291677435902689,0.6655745833290322,0.7544270806410243,ALIGNED
SCN_002,63,2.0667,TRACKING,425.0,363.0,320.0,240.0,105.0,123.0,0.65625,0.7687499999999999,-0.009324583329032188,0.014322919358975672,-0.007459666663225751,0.011458335487180539,0.6581149166658065,0.7658854161282048,ALIGNED
SCN_002,64,2.1,TRACKING,423.0,364.0,320.0,240.0,103.0,124.0,0.64375,0.7750000000000001,-0.014364916665806415,0.009114583871795312,-0.011491933332645133,0.00729166709743625,0.6466229833331614,0.773177083225641,ALIGNED
SCN_002,65,2.1333,TRACKING,421.0,366.0,320.0,240.0,101.0,126.0,0.63125,0.7875000000000001,-0.015372983333161394,0.01432291677435904,-0.012298386666529116,0.011458333419487233,0.6343245966666322,0.7846354166451283,ALIGNED
SCN_002,66,2.1667,TRACKING,420.0,367.0,320.0,240.0,100.0,127.0,0.625,0.79375,-0.009324596666632212,0.009114583354871697,-0.00745967733330577,0.007291666683897358,0.6268649193333264,0.7919270833290256,ALIGNED
SCN_002,67,2.2,TRACKING,418.0,368.0,320.0,240.0,98.0,128.0,0.6125,0.8,-0.014364919333326398,0.008072916670974428,-0.01149193546666112,0.006458333336779543,0.6153729838666653,0.7983854166658052,ALIGNED
SCN_002,68,2.2333,TRACKING,416.0,370.0,320.0,240.0,96.0,130.0,0.6,0.8125,-0.015372983866665302,0.014114583334194797,-0.012298387093332242,0.011291666667355838,0.6030745967733331,0.809677083333161,ALIGNED
SCN_002,69,2.2667,TRACKING,414.0,371.0,320.0,240.0,94.0,131.0,0.5875,0.8187499999999999,-0.01557459677333306,0.009072916666838848,-0.01245967741866645,0.007258333333471079,0.5906149193546666,0.816935416666632,ALIGNED
SCN_002,70,2.3,TRACKING,412.0,372.0,320.0,240.0,92.0,132.0,0.575,0.8250000000000001,-0.015614919354666634,0.008064583333368014,-0.012491935483733308,0.0064516666666944115,0.5781229838709333,0.8233870833333264,ALIGNED
SCN_002,71,2.3333,TRACKING,410.0,374.0,320.0,240.0,90.0,134.0,0.5625,0.8375,-0.015622983870933305,0.01411291666667358,-0.012498387096746645,0.011290333333338865,0.5656245967741866,0.8346774166666653,ALIGNED
SCN_002,72,2.3667,TRACKING,409.0,375.0,320.0,240.0,89.0,135.0,0.55625,0.84375,-0.009374596774186617,0.009072583333334716,-0.007499677419349294,0.007258066666667774,0.5581249193548373,0.841935483333333,ALIGNED
SCN_002,73,2.4,TRACKING,407.0,376.0,320.0,240.0,87.0,136.0,0.54375,0.85,-0.014374919354837368,0.008064516666666965,-0.011499935483869895,0.006451613333333573,0.5466249838709675,0.8483870966666666,ALIGNED
SCN_002,74,2.4333,TRACKING,405.0,377.0,320.0,240.0,85.0,137.0,0.53125,0.85625,-0.015374983870967474,0.007862903333333393,-0.01229998709677398,0.006290322666666715,0.5343249967741935,0.8546774193333333,ALIGNED
SCN_002,75,2.4667,TRACKING,403.0,378.0,320.0,240.0,83.0,138.0,0.51875,0.8624999999999999,-0.015574996774193495,0.007822580666666634,-0.012459997419354796,0.006258064533333308,0.5218649993548388,0.8609354838666666,ALIGNED
SCN_002,76,2.5,TRACKING,401.0,380.0,320.0,240.0,81.0,140.0,0.50625,0.875,-0.015614999354838788,0.014064516133333371,-0.01249199948387103,0.011251612906666698,0.5093729998709677,0.8721870967733333,ALIGNED
SCN_002,77,2.5333,TRACKING,399.0,381.0,320.0,240.0,79.0,141.0,0.49375,0.8812500000000001,-0.015622999870967713,0.009062903226666807,-0.01249839989677417,0.007250322581333447,0.4968745999741936,0.8794374193546667,ALIGNED
SCN_002,78,2.5667,TRACKING,397.0,382.0,320.0,240.0,77.0,142.0,0.48125,0.8875,-0.015624599974193576,0.008062580645333273,-0.01249967997935486,0.006450064516266618,0.4843749199948387,0.8858874838709333,ALIGNED
SCN_002,79,2.6,TRACKING,395.0,383.0,320.0,240.0,75.0,143.0,0.46875,0.89375,-0.015624919994838726,0.007862516129066743,-0.012499935995870981,0.006290012903253395,0.47187498399896777,0.8921774967741867,ALIGNED
SCN_002,80,2.6333,TRACKING,393.0,384.0,320.0,240.0,73.0,144.0,0.45625,0.8999999999999999,-0.015624983998967779,0.007822503225813238,-0.012499987199174223,0.0062580025806505905,0.45937499679979354,0.8984354993548372,ALIGNED
SCN_002,81,2.6667,TRACKING,391.0,385.0,320.0,240.0,71.0,145.0,0.44375,0.90625,-0.015624996799793567,0.007814500645162759,-0.012499997439834855,0.0062516005161302075,0.44687499935995867,0.9046870998709674,ALIGNED
SCN_002,82,2.7,TRACKING,389.0,386.0,320.0,240.0,69.0,146.0,0.43125,0.9124999999999999,-0.015624999359958647,0.007812900129032463,-0.012499999487966918,0.0062503201032259705,0.43437499987199174,0.9109374199741934,ALIGNED
SCN_002,83,2.7333,TRACKING,387.0,387.0,320.0,240.0,67.0,147.0,0.41875,0.9187500000000001,-0.01562499987199173,0.007812580025806648,-0.012499999897593385,0.006250064020645318,0.42187499997439837,0.9171874839948387,ALIGNED
SCN_002,84,2.7667,TRACKING,385.0,388.0,320.0,240.0,65.0,148.0,0.40625,0.925,-0.015624999974398368,0.007812516005161307,-0.012499999979518695,0.0062500128041290464,0.4093749999948797,0.9234374967989678,ALIGNED
SCN_002,85,2.8,TRACKING,383.0,388.0,320.0,240.0,63.0,148.0,0.39375,0.925,-0.015624999994879707,0.0015625032010322393,-0.012499999995903767,0.0012500025608257915,0.3968749999989759,0.9246874993597936,ALIGNED
SCN_002,86,2.8333,TRACKING,381.0,389.0,320.0,240.0,61.0,149.0,0.38125,0.93125,-0.01562499999897593,0.00656250064020647,-0.012499999999180745,0.005250000512165176,0.3843749999997952,0.9299374998719587,ALIGNED
SCN_002,87,2.8667,TRACKING,379.0,390.0,320.0,240.0,59.0,150.0,0.36875,0.9375,-0.015624999999795164,0.007562500128041272,-0.012499999999836132,0.006050000102433018,0.37187499999995904,0.9359874999743918,ALIGNED
SCN_002,88,2.9,TRACKING,377.0,391.0,320.0,240.0,57.0,151.0,0.35625,0.94375,-0.015624999999959033,0.007762500025608188,-0.012499999999967227,0.00621000002048655,0.35937499999999184,0.9421974999948783,ALIGNED
SCN_002,89,2.9333,TRACKING,375.0,392.0,320.0,240.0,55.0,152.0,0.34375,0.95,-0.01562499999999184,0.007802500005121615,-0.012499999999993473,0.006242000004097293,0.3468749999999984,0.9484394999989756,ALIGNED
SCN_002,90,2.9667,TRACKING,373.0,392.0,320.0,240.0,53.0,152.0,0.33125,0.95,-0.01562499999999839,0.0015605000010243675,-0.012499999999998714,0.001248400000819494,0.33437499999999964,0.9496878999997951,ALIGNED
SCN_002,91,3.0,TRACKING,370.0,393.0,320.0,240.0,50.0,153.0,0.3125,0.9562499999999999,-0.021874999999999645,0.006562100000204851,-0.017499999999999717,0.0052496800001638816,0.3168749999999999,0.954937579999959,ALIGNED
SCN_002,92,3.0333,TRACKING,368.0,394.0,320.0,240.0,48.0,154.0,0.3,0.9625000000000001,-0.016874999999999918,0.007562420000041148,-0.013499999999999936,0.006049936000032919,0.30337499999999995,0.9609875159999919,ALIGNED
SCN_002,93,3.0667,TRACKING,366.0,394.0,320.0,240.0,46.0,154.0,0.2875,0.9625000000000001,-0.015874999999999972,0.0015124840000082518,-0.012699999999999979,0.0012099872000066016,0.29067499999999996,0.9621975031999985,ALIGNED
SCN_002,94,3.1,TRACKING,364.0,395.0,320.0,240.0,44.0,155.0,0.275,0.96875,-0.01567499999999994,0.006552496800001473,-0.012539999999999952,0.005241997440001179,0.278135,0.9674395006399997,ALIGNED
SCN_002,95,3.1333,TRACKING,362.0,396.0,320.0,240.0,42.0,156.0,0.2625,0.9750000000000001,-0.01563500000000001,0.007560499360000361,-0.012508000000000009,0.006048399488000289,0.265627,0.973487900128,ALIGNED
SCN_002,96,3.1667,TRACKING,360.0,396.0,320.0,240.0,40.0,156.0,0.25,0.9750000000000001,-0.015627000000000002,0.0015120998720000722,-0.012501600000000002,0.0012096798976000578,0.2531254,0.9746975800256,ALIGNED
SCN_002,97,3.2,TRACKING,358.0,397.0,320.0,240.0,38.0,157.0,0.2375,0.98125,-0.01562540000000001,0.006552419974399926,-0.01250032000000001,0.0052419359795199405,0.24062508,0.97993951600512,ALIGNED
SCN_002,98,3.2333,TRACKING,355.0,397.0,320.0,240.0,35.0,157.0,0.21875,0.98125,-0.02187507999999999,0.0013104839948799851,-0.017500063999999992,0.0010483871959039881,0.223125016,0.9809879032010239,ALIGNED
SCN_002,99,3.2667,TRACKING,353.0,398.0,320.0,240.0,33.0,158.0,0.20625,0.9875,-0.01687501600000002,0.00651209679897613,-0.013500012800000016,0.0052096774391809045,0.2096250032,0.9861975806402048,ALIGNED
SCN_002,100,3.3,TRACKING,351.0,398.0,320.0,240.0,31.0,158.0,0.19375,0.9875,-0.015875003199999987,0.0013024193597952483,-0.012700002559999991,0.0010419354878361986,0.19692500064000001,0.987239516128041,ALIGNED
SCN_002,101,3.3333,TRACKING,349.0,399.0,320.0,240.0,29.0,159.0,0.18125,0.9937499999999999,-0.01567500064000002,0.006510483871958961,-0.012540000512000016,0.005208387097567169,0.184385000128,0.9924479032256082,ALIGNED
SCN_002,102,3.3667,TRACKING,347.0,399.0,320.0,240.0,27.0,159.0,0.16875,0.9937499999999999,-0.01563500012799998,0.0013020967743917478,-0.012508000102399986,0.0010416774195133982,0.1718770000256,0.9934895806451216,ALIGNED
SCN_002,103,3.4,TRACKING,344.0,399.0,320.0,240.0,24.0,159.0,0.15,0.9937499999999999,-0.021877000025600002,0.00026041935487830514,-0.017501600020480002,0.00020833548390264411,0.15437540000511998,0.9936979161290243,ALIGNED
SCN_002,104,3.4333,TRACKING,342.0,400.0,320.0,240.0,22.0,160.0,0.1375,1.0,-0.016875400005119973,0.00630208387097575,-0.013500320004095978,0.005041667096780601,0.140875080001024,0.9987395832258048,ALIGNED
SCN_002,105,3.4667,TRACKING,340.0,400.0,320.0,240.0,20.0,160.0,0.125,1.0,-0.015875080001024,0.0012604167741951944,-0.012700064000819201,0.0010083334193561556,0.1281750160002048,0.9997479166451609,ALIGNED
SCN_002,106,3.5,TRACKING,338.0,400.0,320.0,240.0,18.0,160.0,0.1125,1.0,-0.01567501600020481,0.0002520833548390611,-0.012540012800163848,0.00020166668387124889,0.11563500320004097,0.9999495833290322,ALIGNED
SCN_002,107,3.5333,TRACKING,336.0,400.0,320.0,240.0,16.0,160.0,0.1,1.0,-0.015635003200040964,5.041667096783442e-05,-0.012508002560032773,4.033333677426754e-05,0.1031270006400082,0.9999899166658064,ALIGNED
SCN_002,108,3.5667,TRACKING,333.0,401.0,320.0,240.0,13.0,161.0,0.08125,1.0062499999999999,-0.021877000640008193,0.006260083334193478,-0.017501600512006554,0.005008066667354783,0.08562540012800164,1.0049979833331613,ALIGNED
SCN_002,109,3.6,TRACKING,331.0,401.0,320.0,240.0,11.0,161.0,0.06875,1.0062499999999999,-0.016875400128001636,0.0012520166668386068,-0.01350032010240131,0.0010016133334708854,0.07212508002560034,1.0059995966666322,ALIGNED
SCN_002,110,3.6333,TRACKING,329.0,401.0,320.0,240.0,9.0,161.0,0.05625,1.0062499999999999,-0.015875080025600334,0.00025040333336767695,-0.012700064020480267,0.00020032266669414158,0.05942501600512007,1.0061999193333264,ALIGNED
SCN_002,111,3.6667,TRACKING,327.0,401.0,320.0,240.0,7.0,161.0,0.04375,1.0062499999999999,-0.01567501600512007,5.008066667344657e-05,-0.012540012804096057,4.006453333875726e-05,0.04688500320102401,1.0062399838666651,ALIGNED
SCN_002,112,3.7,TRACKING,324.0,401.0,320.0,240.0,4.0,161.0,0.025,1.0062499999999999,-0.02188500320102401,1.0016133334733723e-05,-0.01750800256081921,8.01290666778698e-06,0.029377000640204803,1.0062479967733329,ALIGNED
SCN_002,113,3.7333,TRACKING,322.0,401.0,320.0,240.0,2.0,161.0,0.0125,1.0062499999999999,-0.016877000640204802,2.0032266669911536e-06,-0.013501600512163842,1.602581333592923e-06,0.01587540012804096,1.0062495993546665,ALIGNED
SCN_002,114,3.7667,TRACKING,320.0,401.0,320.0,240.0,0.0,161.0,0.0,1.0062499999999999,-0.01587540012804096,4.006453333538218e-07,-0.01270032010243277,3.2051626668305745e-07,0.003175080025608191,1.0062499198709332,ALIGNED
SCN_002,115,3.8,TRACKING,318.0,401.0,320.0,240.0,-2.0,161.0,-0.0125,1.0062499999999999,-0.01567508002560819,8.012906671517328e-08,-0.012540064020486553,6.410325337213862e-08,-0.009364983994878362,1.0062499839741865,ALIGNED
SCN_002,116,3.8333,TRACKING,315.0,401.0,320.0,240.0,-5.0,161.0,-0.03125,1.0062499999999999,-0.02188501600512164,1.6025813343034656e-08,-0.017508012804097313,1.2820650674427725e-08,-0.026872996798975674,1.0062499967948373,ALIGNED
SCN_002,117,3.8667,TRACKING,313.0,401.0,320.0,240.0,-7.0,161.0,-0.04375,1.0062499999999999,-0.016877003201024324,3.2051625797890892e-09,-0.01350160256081946,2.5641300638312716e-09,-0.040374599359795135,1.0062499993589673,ALIGNED
SCN_002,118,3.9,TRACKING,311.0,401.0,320.0,240.0,-9.0,161.0,-0.05625,1.0062499999999999,-0.015875400640204866,6.410325603667388e-10,-0.012700320512163894,5.128260482933911e-10,-0.05307491987195903,1.0062499998717933,ALIGNED
SCN_002,119,3.9333,TRACKING,309.0,401.0,320.0,240.0,-11.0,161.0,-0.06875,1.0062499999999999,-0.015675080128040975,1.2820655648226875e-10,-0.012540064102432781,1.0256524518581501e-10,-0.0656149839743918,1.0062499999743586,ALIGNED
SCN_002,120,3.9667,TRACKING,307.0,400.0,320.0,240.0,-13.0,160.0,-0.08125,1.0,-0.015635016025608198,-0.0062499999743586,-0.01250801282048656,-0.00499999997948688,-0.07812299679487836,1.0012499999948716,ALIGNED
SCN_002,121,4.0,TRACKING,304.0,400.0,320.0,240.0,-16.0,160.0,-0.1,1.0,-0.021877003205121648,-0.0012499999948716312,-0.01750160256409732,-0.000999999995897305,-0.09562459935897567,1.0002499999989742,ALIGNED
SCN_002,122,4.0333,TRACKING,302.0,400.0,320.0,240.0,-18.0,160.0,-0.1125,1.0,-0.01687540064102433,-0.0002499999989742374,-0.013500320512819464,-0.00019999999917938994,-0.10912491987179514,1.000049999999795,ALIGNED
SCN_002,123,4.0667,TRACKING,300.0,400.0,320.0,240.0,-20.0,160.0,-0.125,1.0,-0.015875080128204863,-4.99999997949363e-05,-0.012700064102563892,-3.999999983594904e-05,-0.12182498397435904,1.000009999999959,ALIGNED
SCN_002,124,4.1,TRACKING,298.0,399.0,320.0,240.0,-22.0,159.0,-0.1375,0.9937499999999999,-0.015675016025640975,-0.006259999999959076,-0.01254001282051278,-0.005007999999967261,-0.13436499679487182,0.9950019999999917,ALIGNED
SCN_002,125,4.1333,TRACKING,295.0,399.0,320.0,240.0,-25.0,159.0,-0.15625,0.9937499999999999,-0.02188500320512818,-0.0012519999999918152,-0.017508002564102544,-0.0010015999999934521,-0.15187299935897436,0.9940003999999982,ALIGNED
SCN_002,126,4.1667,TRACKING,293.0,399.0,320.0,240.0,-27.0,159.0,-0.16875,0.9937499999999999,-0.016877000641025652,-0.00025039999999831863,-0.013501600512820523,-0.00020031999999865492,-0.16537459987179487,0.9938000799999995,ALIGNED
SCN_002,127,4.2,TRACKING,291.0,398.0,320.0,240.0,-29.0,158.0,-0.18125,0.9875,-0.015875400128205125,-0.006300079999999486,-0.0127003201025641,-0.005040063999999589,-0.17807491997435898,0.988760016,ALIGNED
SCN_002,128,4.2333,TRACKING,289.0,398.0,320.0,240.0,-31.0,158.0,-0.19375,0.9875,-0.015675080025641025,-0.0012600159999999194,-0.01254006402051282,-0.0010080127999999356,-0.1906149839948718,0.9877520032,ALIGNED
SCN_002,129,4.2667,TRACKING,287.0,397.0,320.0,240.0,-33.0,157.0,-0.20625,0.98125,-0.015635016005128177,-0.0065020032000000505,-0.012508012804102542,-0.005201602560000041,-0.20312299679897436,0.98255040064,ALIGNED
SCN_002,130,4.3,TRACKING,284.0,397.0,320.0,240.0,-36.0,157.0,-0.225,0.98125,-0.021877003201025647,-0.0013004006400000323,-0.017501602560820517,-0.0010403205120000259,-0.22062459935979487,0.981510080128,ALIGNED
SCN_002,131,4.3333,TRACKING,282.0,396.0,320.0,240.0,-38.0,156.0,-0.2375,0.9750000000000001,-0.016875400640205124,-0.006510080127999918,-0.013500320512164099,-0.005208064102399934,-0.23412491987195896,0.9763020160256001,ALIGNED
SCN_002,132,4.3667,TRACKING,280.0,396.0,320.0,240.0,-40.0,156.0,-0.25,0.9750000000000001,-0.015875080128041036,-0.0013020160255999835,-0.01270006410243283,-0.0010416128204799868,-0.2468249839743918,0.9752604032051201,ALIGNED
SCN_002,133,4.4,TRACKING,278.0,395.0,320.0,240.0,-42.0,155.0,-0.2625,0.96875,-0.015675016025608224,-0.0065104032051200855,-0.01254001282048658,-0.005208322564096069,-0.25936499679487834,0.970052080641024,ALIGNED
SCN_002,134,4.4333,TRACKING,276.0,394.0,320.0,240.0,-44.0,154.0,-0.275,0.9625000000000001,-0.015635003205121678,-0.007552080641023862,-0.012508002564097342,-0.00604166451281909,-0.2718729993589757,0.9640104161282049,ALIGNED
SCN_002,135,4.4667,TRACKING,274.0,394.0,320.0,240.0,-46.0,154.0,-0.2875,0.9625000000000001,-0.01562700064102429,-0.0015104161282047945,-0.012501600512819434,-0.0012083329025638356,-0.28437459987179514,0.9628020832256411,ALIGNED
SCN_002,136,4.5,TRACKING,272.0,393.0,320.0,240.0,-48.0,153.0,-0.3,0.9562499999999999,-0.015625400128204847,-0.006552083225641159,-0.012500320102563878,-0.0052416665805129275,-0.296874919974359,0.9575604166451281,ALIGNED
SCN_002,137,4.5333,TRACKING,269.0,392.0,320.0,240.0,-51.0,152.0,-0.31875,0.95,-0.02187508002564098,-0.007560416645128187,-0.017500064020512785,-0.00604833331610255,-0.3143749839948718,0.9515120833290256,ALIGNED
SCN_002,138,4.5667,TRACKING,267.0,392.0,320.0,240.0,-53.0,152.0,-0.33125,0.95,-0.016875016005128196,-0.0015120833290256375,-0.013500012804102558,-0.00120966666322051,-0.32787499679897436,0.9503024166658051,ALIGNED
SCN_002,139,4.6,TRACKING,265.0,391.0,320.0,240.0,-55.0,151.0,-0.34375,0.94375,-0.01587500320102564,-0.006552416665805083,-0.012700002560820512,-0.005241933332644067,-0.34057499935979485,0.945060483333161,ALIGNED
SCN_002,140,4.6333,TRACKING,263.0,390.0,320.0,240.0,-57.0,150.0,-0.35625,0.9375,-0.01567500064020516,-0.00756048333316095,-0.01254000051216413,-0.00604838666652876,-0.353114999871959,0.9390120966666322,ALIGNED
SCN_002,141,4.6667,TRACKING,261.0,389.0,320.0,240.0,-59.0,149.0,-0.36875,0.93125,-0.015635000128041032,-0.00776209666663219,-0.012508000102432826,-0.006209677333305752,-0.3656229999743918,0.9328024193333264,ALIGNED
SCN_002,142,4.7,TRACKING,259.0,388.0,320.0,240.0,-61.0,148.0,-0.38125,0.925,-0.015627000025608184,-0.007802419333326371,-0.012501600020486548,-0.0062419354666610975,-0.37812459999487835,0.9265604838666653,ALIGNED
SCN_002,143,4.7333,TRACKING,257.0,388.0,320.0,240.0,-63.0,148.0,-0.39375,0.925,-0.015625400005121637,-0.0015604838666652965,-0.01250032000409731,-0.0012483870933322372,-0.39062491999897564,0.9253120967733331,ALIGNED
SCN_002,144,4.7667,TRACKING,255.0,387.0,320.0,240.0,-65.0,147.0,-0.40625,0.9187500000000001,-0.01562508000102436,-0.0065620967733330815,-0.012500064000819489,-0.0052496774186664655,-0.40312498399979513,0.9200624193546667,ALIGNED
SCN_002,145,4.8,TRACKING,253.0,386.0,320.0,240.0,-67.0,146.0,-0.41875,0.9124999999999999,-0.015625016000204883,-0.007562419354666838,-0.012500012800163907,-0.006049935483733471,-0.415624996799959,0.9140124838709333,ALIGNED
SCN_002,146,4.8333,TRACKING,251.0,385.0,320.0,240.0,-69.0,145.0,-0.43125,0.90625,-0.01562500320004101,-0.007762483870933257,-0.012500002560032808,-0.006209987096746606,-0.4281249993599918,0.9078024967741867,ALIGNED
SCN_002,147,4.8667,TRACKING,249.0,384.0,320.0,240.0,-71.0,144.0,-0.44375,0.8999999999999999,-0.015625000640008158,-0.007802496774186762,-0.012500000512006526,-0.00624199741934941,-0.4406249998719983,0.9015604993548373,ALIGNED
SCN_002,148,4.9,TRACKING,247.0,383.0,320.0,240.0,-73.0,143.0,-0.45625,0.89375,-0.015625000128001665,-0.0078104993548372414,-0.012500000102401333,-0.006248399483869793,-0.45312499997439964,0.8953120998709675,ALIGNED
SCN_002,149,4.9333,TRACKING,245.0,382.0,320.0,240.0,-75.0,142.0,-0.46875,0.8875,-0.015625000025600355,-0.007812099870967537,-0.012500000020480285,-0.00624967989677403,-0.46562499999487994,0.8890624199741934,ALIGNED
SCN_002,150,4.9667,TRACKING,243.0,381.0,320.0,240.0,-77.0,141.0,-0.48125,0.8812500000000001,-0.01562500000512007,-0.007812419974193352,-0.012500000004096058,-0.006249935979354682,-0.478124999998976,0.8828124839948388,ALIGNED
SCN_002,151,5.0,TRACKING,241.0,380.0,320.0,240.0,-79.0,140.0,-0.49375,0.875,-0.015625000001024014,-0.007812483994838804,-0.012500000000819212,-0.006249987195871044,-0.4906249999997952,0.8765624967989678,ALIGNED
SCN_002,152,5.0333,TRACKING,239.0,378.0,320.0,240.0,-81.0,138.0,-0.50625,0.8624999999999999,-0.01562500000020478,-0.014062496798967872,-0.012500000000163825,-0.011249997439174299,-0.503124999999959,0.8653124993597935,ALIGNED
SCN_002,153,5.0667,TRACKING,237.0,377.0,320.0,240.0,-83.0,137.0,-0.51875,0.85625,-0.015625000000041078,-0.00906249935979353,-0.012500000000032863,-0.007249999487834825,-0.5156249999999918,0.8580624998719587,ALIGNED
SCN_002,154,5.1,TRACKING,235.0,376.0,320.0,240.0,-85.0,136.0,-0.53125,0.85,-0.015625000000008216,-0.008062499871958728,-0.012500000000006574,-0.006449999897566983,-0.5281249999999984,0.8516124999743917,ALIGNED
SCN_002,155,5.1333,TRACKING,233.0,375.0,320.0,240.0,-87.0,135.0,-0.54375,0.84375,-0.015625000000001554,-0.007862499974391701,-0.012500000000001244,-0.006289999979513361,-0.5406249999999997,0.8453224999948783,ALIGNED
SCN_002,156,5.1667,TRACKING,232.0,374.0,320.0,240.0,-88.0,134.0,-0.55,0.8375,-0.009375000000000355,-0.007822499994878274,-0.007500000000000284,-0.006257999995902619,-0.548125,0.8390644999989757,ALIGNED
SCN_002,157,5.2,TRACKING,230.0,372.0,320.0,240.0,-90.0,132.0,-0.5625,0.8250000000000001,-0.014375000000000027,-0.014064499998975633,-0.011500000000000022,-0.011251599999180507,-0.559625,0.8278128999997952,ALIGNED
SCN_002,158,5.2333,TRACKING,228.0,371.0,320.0,240.0,-92.0,131.0,-0.575,0.8187499999999999,-0.015374999999999917,-0.00906289999979537,-0.012299999999999934,-0.007250319999836297,-0.571925,0.820562579999959,ALIGNED
SCN_002,159,5.2667,TRACKING,226.0,370.0,320.0,240.0,-94.0,130.0,-0.5875,0.8125,-0.015575000000000006,-0.008062579999958963,-0.012460000000000006,-0.0064500639999671705,-0.584385,0.8141125159999918,ALIGNED
SCN_002,160,5.3,TRACKING,224.0,368.0,320.0,240.0,-96.0,128.0,-0.6,0.8,-0.015614999999999934,-0.014112515999991748,-0.012491999999999948,-0.0112900127999934,-0.596877,0.8028225031999984,ALIGNED
SCN_002,161,5.3333,TRACKING,222.0,367.0,320.0,240.0,-98.0,127.0,-0.6125,0.79375,-0.015623000000000054,-0.009072503199998416,-0.012498400000000043,-0.0072580025599987335,-0.6093754,0.7955645006399996,ALIGNED
SCN_002,162,5.3667,TRACKING,221.0,366.0,320.0,240.0,-99.0,126.0,-0.61875,0.7875000000000001,-0.00937460000000001,-0.008064500639999528,-0.0074996800000000086,-0.006451600511999622,-0.61687508,0.789112900128,ALIGNED
SCN_002,163,5.4,TRACKING,219.0,364.0,320.0,240.0,-101.0,124.0,-0.63125,0.7750000000000001,-0.014374919999999958,-0.014112900127999817,-0.011499935999999968,-0.011290320102399854,-0.628375016,0.7778225800256001,ALIGNED
SCN_002,164,5.4333,TRACKING,217.0,363.0,320.0,240.0,-103.0,123.0,-0.64375,0.7687499999999999,-0.015374984000000036,-0.009072580025600185,-0.012299987200000029,-0.007258064020480149,-0.6406750032,0.77056451600512,ALIGNED
SCN_002,165,5.4667,TRACKING,216.0,361.0,320.0,240.0,-104.0,121.0,-0.65,0.75625,-0.009324996799999985,-0.014314516005120015,-0.007459997439999988,-0.011451612804096012,-0.6481350006400001,0.759112903201024,ALIGNED
SCN_002,166,5.5,TRACKING,214.0,360.0,320.0,240.0,-106.0,120.0,-0.6625,0.75,-0.014364999359999908,-0.00911290320102398,-0.011491999487999928,-0.007290322560819185,-0.659627000128,0.7518225806402048,ALIGNED
SCN_002,167,5.5333,TRACKING,212.0,358.0,320.0,240.0,-108.0,118.0,-0.675,0.7374999999999999,-0.015372999872000026,-0.014322580640204863,-0.012298399897600022,-0.011458064512163892,-0.6719254000256001,0.7403645161280409,ALIGNED
SCN_002,168,5.5667,TRACKING,211.0,357.0,320.0,240.0,-109.0,117.0,-0.68125,0.73125,-0.009324599974399939,-0.009114516128040928,-0.007459679979519952,-0.0072916129024327425,-0.67938508000512,0.7330729032256081,ALIGNED
SCN_002,169,5.6,TRACKING,209.0,355.0,320.0,240.0,-111.0,115.0,-0.69375,0.71875,-0.014364919994879988,-0.014322903225608141,-0.011491935995903991,-0.011458322580486513,-0.690877016001024,0.7216145806451216,ALIGNED
SCN_002,170,5.6333,TRACKING,207.0,354.0,320.0,240.0,-113.0,114.0,-0.70625,0.7124999999999999,-0.01537298399897602,-0.009114580645121717,-0.012298387199180817,-0.007291664516097374,-0.7031754032002049,0.7143229161290242,ALIGNED
SCN_002,171,5.6667,TRACKING,206.0,352.0,320.0,240.0,-114.0,112.0,-0.7125,0.7,-0.009324596799795137,-0.014322916129024255,-0.00745967743983611,-0.011458332903219404,-0.710635080640041,0.7028645832258048,ALIGNED
SCN_002,172,5.7,TRACKING,204.0,351.0,320.0,240.0,-116.0,111.0,-0.725,0.6937500000000001,-0.014364919359958983,-0.009114583225804718,-0.011491935487967187,-0.007291666580643775,-0.7221270161280082,0.6955729166451611,ALIGNED
SCN_002,173,5.7333,TRACKING,203.0,349.0,320.0,240.0,-117.0,109.0,-0.73125,0.68125,-0.00912298387199173,-0.014322916645161055,-0.007298387097593385,-0.011458333316128845,-0.7294254032256016,0.6841145833290322,ALIGNED
SCN_002,174,5.7667,TRACKING,201.0,347.0,320.0,240.0,-119.0,107.0,-0.74375,0.6687500000000001,-0.014324596774398457,-0.015364583329032122,-0.011459677419518767,-0.012291666663225698,-0.7408850806451204,0.6718229166658065,ALIGNED
SCN_002,175,5.8,TRACKING,200.0,346.0,320.0,240.0,-120.0,106.0,-0.75,0.6625,-0.009114919354879625,-0.009322916665806535,-0.0072919354839037,-0.007458333332645228,-0.7481770161290241,0.6643645833331613,ALIGNED
SCN_002,176,5.8333,TRACKING,198.0,344.0,320.0,240.0,-122.0,104.0,-0.7625,0.65,-0.014322983870975858,-0.014364583333161263,-0.011458387096780688,-0.01149166666652901,-0.7596354032258048,0.6528729166666323,ALIGNED
SCN_002,177,5.8667,TRACKING,197.0,342.0,320.0,240.0,-123.0,102.0,-0.76875,0.6375,-0.009114596774195238,-0.01537291666663232,-0.007291677419356191,-0.012298333333305857,-0.766927080645161,0.6405745833333264,ALIGNED
SCN_002,178,5.9,TRACKING,196.0,340.0,320.0,240.0,-124.0,100.0,-0.775,0.625,-0.008072919354839003,-0.015574583333326397,-0.006458335483871203,-0.012459666666661118,-0.7733854161290322,0.6281149166666653,ALIGNED
SCN_002,179,5.9333,TRACKING,194.0,339.0,320.0,240.0,-126.0,99.0,-0.7875,0.6187499999999999,-0.014114583870967756,-0.00936491666666539,-0.011291667096774205,-0.007491933333332312,-0.7846770832258064,0.620622983333333,ALIGNED
SCN_002,180,5.9667,TRACKING,193.0,337.0,320.0,240.0,-127.0,97.0,-0.79375,0.60625,-0.009072916774193529,-0.014372983333333034,-0.007258333419354824,-0.011498386666666428,-0.7919354166451612,0.6091245966666665,ALIGNED
SCN_002,181,6.0,TRACKING,192.0,335.0,320.0,240.0,-128.0,95.0,-0.8,0.59375,-0.008064583354838839,-0.015374596666666518,-0.006451666683871072,-0.012299677333333215,-0.7983870833290323,0.5968249193333333,ALIGNED
SCN_002,182,6.0333,TRACKING,190.0,333.0,320.0,240.0,-130.0,93.0,-0.8125,0.58125,-0.014112916670967701,-0.015574919333333215,-0.011290333336774162,-0.012459935466666572,-0.8096774166658065,0.5843649838666667,ALIGNED
SCN_002,183,6.0667,TRACKING,189.0,331.0,320.0,240.0,-131.0,91.0,-0.81875,0.56875,-0.009072583334193474,-0.01561498386666671,-0.00725806666735478,-0.012491987093333368,-0.8169354833331612,0.5718729967733334,ALIGNED
SCN_002,184,6.1,TRACKING,188.0,330.0,320.0,240.0,-132.0,90.0,-0.825,0.5625,-0.008064516666838717,-0.009372996773333364,-0.006451613333470974,-0.007498397418666692,-0.8233870966666322,0.5643745993546667,ALIGNED
SCN_002,185,6.1333,TRACKING,187.0,328.0,320.0,240.0,-133.0,88.0,-0.83125,0.5499999999999999,-0.00786290333336781,-0.014374599354666784,-0.0062903226666942485,-0.011499679483733427,-0.8296774193333265,0.5528749198709333,ALIGNED
SCN_002,186,6.1667,TRACKING,185.0,326.0,320.0,240.0,-135.0,86.0,-0.84375,0.5375,-0.014072580666673495,-0.015374919870933312,-0.011258064533338797,-0.01229993589674665,-0.8409354838666653,0.5405749839741867,ALIGNED
SCN_002,187,6.2,TRACKING,184.0,324.0,320.0,240.0,-136.0,84.0,-0.85,0.5249999999999999,-0.009064516133334699,-0.015574983974186773,-0.007251612906667759,-0.01245998717934942,-0.848187096773333,0.5281149967948373,ALIGNED
SCN_002,188,6.2333,TRACKING,183.0,322.0,320.0,240.0,-137.0,82.0,-0.85625,0.5125,-0.008062903226666918,-0.015614996794837355,-0.006450322581333535,-0.012491997435869885,-0.8546374193546665,0.5156229993589674,ALIGNED
SCN_002,189,6.2667,TRACKING,182.0,320.0,320.0,240.0,-138.0,80.0,-0.8625,0.5,-0.007862580645333517,-0.015622999358967382,-0.006290064516266814,-0.012498399487173906,-0.8609274838709333,0.5031245998717935,ALIGNED
SCN_002,190,6.3,TRACKING,181.0,318.0,320.0,240.0,-139.0,78.0,-0.86875,0.48750000000000004,-0.007822516129066703,-0.015624599871793432,-0.006258012903253363,-0.012499679897434746,-0.8671854967741867,0.49062491997435875,ALIGNED
SCN_002,191,6.3333,TRACKING,180.0,316.0,320.0,240.0,-140.0,76.0,-0.875,0.475,-0.00781450322581334,-0.015624919974358775,-0.006251602580650673,-0.012499935979487021,-0.8734370993548374,0.47812498399487174,ALIGNED
SCN_002,192,6.3667,TRACKING,179.0,314.0,320.0,240.0,-141.0,74.0,-0.88125,0.4625,-0.007812900645162602,-0.015624983994871722,-0.0062503205161300816,-0.012499987195897379,-0.8796874198709674,0.46562499679897434,ALIGNED
SCN_002,193,6.4,TRACKING,178.0,312.0,320.0,240.0,-142.0,72.0,-0.8875,0.44999999999999996,-0.00781258012903252,-0.015624996798974389,-0.006250064103226017,-0.012499997439179511,-0.8859374839741935,0.45312499935979483,ALIGNED
SCN_002,194,6.4333,TRACKING,177.0,310.0,320.0,240.0,-143.0,70.0,-0.89375,0.4375,-0.00781251602580657,-0.015624999359794833,-0.006250012820645257,-0.012499999487835867,-0.8921874967948388,0.44062499987195897,ALIGNED
SCN_002,195,6.4667,TRACKING,176.0,308.0,320.0,240.0,-144.0,68.0,-0.9,0.425,-0.007812503205161248,-0.015624999871958978,-0.006250002564128998,-0.012499999897567183,-0.8984374993589678,0.4281249999743918,ALIGNED
SCN_002,196,6.5,TRACKING,175.0,306.0,320.0,240.0,-145.0,66.0,-0.90625,0.41250000000000003,-0.007812500641032227,-0.015624999974391762,-0.006250000512825782,-0.01249999997951341,-0.9046874998717935,0.4156249999948784,ALIGNED
SCN_002,197,6.5333,TRACKING,174.0,304.0,320.0,240.0,-146.0,64.0,-0.9125,0.4,-0.007812500128206445,-0.015624999994878375,-0.006250000102565156,-0.0124999999959027,-0.9109374999743587,0.4031249999989757,ALIGNED
SCN_002,198,6.5667,TRACKING,173.0,302.0,320.0,240.0,-147.0,62.0,-0.91875,0.38750000000000007,-0.007812500025641267,-0.015624999998975653,-0.0062500000205130135,-0.012499999999180523,-0.9171874999948717,0.3906249999997952,ALIGNED
SCN_002,199,6.6,TRACKING,172.0,300.0,320.0,240.0,-148.0,60.0,-0.925,0.375,-0.007812500005128342,-0.01562499999979522,-0.006250000004102674,-0.012499999999836177,-0.9234374999989744,0.378124999999959,ALIGNED
SCN_002,200,6.6333,TRACKING,171.0,298.0,320.0,240.0,-149.0,58.0,-0.93125,0.3625,-0.007812500001025624,-0.015624999999959033,-0.006250000000820499,-0.012499999999967227,-0.9296874999997949,0.3656249999999918,ALIGNED
SCN_002,201,6.6667,TRACKING,171.0,296.0,320.0,240.0,-149.0,56.0,-0.93125,0.35,-0.0015625000002050804,-0.01562499999999184,-0.0012500000001640643,-0.012499999999993473,-0.930937499999959,0.35312499999999836,ALIGNED
SCN_002,202,6.7,TRACKING,170.0,294.0,320.0,240.0,-150.0,54.0,-0.9375,0.3375,-0.006562500000040994,-0.015624999999998335,-0.005250000000032795,-0.012499999999998668,-0.9361874999999918,0.3406249999999997,ALIGNED
SCN_002,203,6.7333,TRACKING,169.0,292.0,320.0,240.0,-151.0,52.0,-0.94375,0.325,-0.007562500000008132,-0.015624999999999667,-0.006050000000006506,-0.012499999999999734,-0.9422374999999984,0.32812499999999994,ALIGNED
SCN_002,204,6.7667,TRACKING,168.0,289.0,320.0,240.0,-152.0,49.0,-0.95,0.30625,-0.00776250000000156,-0.021874999999999922,-0.006210000000001248,-0.01749999999999994,-0.9484474999999997,0.310625,ALIGNED
SCN_002,205,6.8,TRACKING,168.0,287.0,320.0,240.0,-152.0,47.0,-0.95,0.29375,-0.0015525000000002898,-0.016874999999999973,-0.0012420000000002319,-0.013499999999999979,-0.9496894999999999,0.29712500000000003,ALIGNED
SCN_002,206,6.8333,TRACKING,167.0,285.0,320.0,240.0,-153.0,45.0,-0.95625,0.28125,-0.006560500000000191,-0.015875000000000028,-0.005248400000000153,-0.012700000000000024,-0.9549379,0.284425,ALIGNED
SCN_002,207,6.8667,TRACKING,167.0,283.0,320.0,240.0,-153.0,43.0,-0.95625,0.26875,-0.0013121000000000382,-0.015674999999999994,-0.0010496800000000307,-0.012539999999999996,-0.9559875800000001,0.271885,ALIGNED
SCN_002,208,6.9,TRACKING,166.0,281.0,320.0,240.0,-154.0,41.0,-0.9625,0.25625,-0.006512419999999963,-0.01563500000000001,-0.005209935999999971,-0.012508000000000009,-0.961197516,0.25937699999999997,ALIGNED
SCN_002,209,6.9333,TRACKING,165.0,279.0,320.0,240.0,-155.0,39.0,-0.96875,0.24375000000000002,-0.0075524839999999704,-0.015626999999999946,-0.006041987199999977,-0.012501599999999958,-0.9672395032,0.24687540000000002,ALIGNED
SCN_002,210,6.9667,TRACKING,165.0,276.0,320.0,240.0,-155.0,36.0,-0.96875,0.22499999999999998,-0.0015104968000000385,-0.021875400000000045,-0.001208397440000031,-0.017500320000000038,-0.96844790064,0.22937507999999998,ALIGNED
SCN_002,211,7.0,TRACKING,164.0,274.0,320.0,240.0,-156.0,34.0,-0.975,0.2125,-0.006552099360000008,-0.016875079999999987,-0.005241679488000007,-0.01350006399999999,-0.973689580128,0.215875016,ALIGNED
SCN_002,212,7.0333,TRACKING,164.0,272.0,320.0,240.0,-156.0,32.0,-0.975,0.2,-0.0013104198719999793,-0.015875015999999992,-0.0010483358975999836,-0.012700012799999993,-0.9747379160256,0.2031750032,ALIGNED
SCN_002,213,7.0667,TRACKING,164.0,270.0,320.0,240.0,-156.0,30.0,-0.975,0.1875,-0.00026208397439997366,-0.01567500320000001,-0.00020966717951997893,-0.012540002560000008,-0.97494758320512,0.19063500064,ALIGNED
SCN_002,214,7.1,TRACKING,163.0,268.0,320.0,240.0,-157.0,28.0,-0.98125,0.175,-0.0063024167948799725,-0.015635000640000007,-0.005041933435903978,-0.012508000512000007,-0.979989516641024,0.17812700012799998,ALIGNED
SCN_002,215,7.1333,TRACKING,163.0,265.0,320.0,240.0,-157.0,25.0,-0.98125,0.15625,-0.0012604833589759945,-0.02187700012799998,-0.0010083866871807956,-0.017501600102399983,-0.9809979033282048,0.1606254000256,ALIGNED
SCN_002,216,7.1667,TRACKING,163.0,263.0,320.0,240.0,-157.0,23.0,-0.98125,0.14375000000000002,-0.0002520966717951545,-0.01687540002559998,-0.0002016773374361236,-0.013500320020479984,-0.981199580665641,0.14712508000512,ALIGNED
SCN_002,217,7.2,TRACKING,162.0,261.0,320.0,240.0,-158.0,21.0,-0.9875,0.13124999999999998,-0.0063004193343590975,-0.01587508000512003,-0.005040335467487278,-0.012700064004096024,-0.9862399161331282,0.134425016001024,ALIGNED
SCN_002,218,7.2333,TRACKING,162.0,259.0,320.0,240.0,-158.0,19.0,-0.9875,0.11875,-0.0012600838668718195,-0.015675016001024,-0.0010080670934974557,-0.0125400128008192,-0.9872479832266257,0.12188500320020479,ALIGNED
SCN_002,219,7.2667,TRACKING,162.0,257.0,320.0,240.0,-158.0,17.0,-0.9875,0.10625,-0.0002520167733743861,-0.01563500320020479,-0.00020161341869950888,-0.012508002560163834,-0.9874495966453252,0.10937700064004095,ALIGNED
SCN_002,220,7.3,TRACKING,162.0,254.0,320.0,240.0,-158.0,14.0,-0.9875,0.0875,-5.040335467487722e-05,-0.02187700064004096,-4.032268373990178e-05,-0.017501600512032766,-0.987489919329065,0.09187540012800818,ALIGNED
SCN_002,221,7.3333,TRACKING,161.0,252.0,320.0,240.0,-159.0,12.0,-0.99375,0.07500000000000001,-0.0062600806709349754,-0.016875400128008172,-0.005008064536747981,-0.013500320102406538,-0.992497983865813,0.07837508002560165,ALIGNED
SCN_002,222,7.3667,TRACKING,161.0,250.0,320.0,240.0,-159.0,10.0,-0.99375,0.0625,-0.0012520161341870173,-0.015875080025601646,-0.0010016129073496139,-0.012700064020481317,-0.9934995967731626,0.06567501600512032,ALIGNED
SCN_002,223,7.4,TRACKING,161.0,248.0,320.0,240.0,-159.0,8.0,-0.99375,0.05,-0.00025040322683744787,-0.01567501600512032,-0.0002003225814699583,-0.012540012804096258,-0.9936999193546325,0.053135003201024066,ALIGNED
SCN_002,224,7.4333,TRACKING,161.0,245.0,320.0,240.0,-159.0,5.0,-0.99375,0.03125,-5.0080645367489574e-05,-0.021885003201024066,-4.0064516293991664e-05,-0.017508002560819254,-0.9937399838709265,0.03562700064020481,ALIGNED
SCN_002,225,7.4667,TRACKING,161.0,243.0,320.0,240.0,-159.0,3.0,-0.99375,0.018750000000000003,-1.001612907347571e-05,-0.01687700064020481,-8.012903258780569e-06,-0.013501600512163849,-0.9937479967741853,0.022125400128040963,ALIGNED
SCN_002,226,7.5,TRACKING,161.0,241.0,320.0,240.0,-159.0,1.0,-0.99375,0.00625,-2.0032258146729376e-06,-0.015875400128040965,-1.60258065173835e-06,-0.012700320102432772,-0.9937495993548371,0.009425080025608192,ALIGNED
SCN_002,227,7.5333,TRACKING,161.0,239.0,320.0,240.0,-159.0,-1.0,-0.99375,-0.00625,-4.006451629345875e-07,-0.01567508002560819,-3.2051613034767e-07,-0.012540064020486553,-0.9937499198709674,-0.003114983994878362,ALIGNED
SCN_002,228,7.5667,TRACKING,161.0,237.0,320.0,240.0,-159.0,-3.0,-0.99375,-0.018750000000000003,-8.012903263132642e-08,-0.01563501600512164,-6.410322610506114e-08,-0.012508012804097314,-0.9937499839741935,-0.015622996798975676,ALIGNED
SCN_002,229,7.6,TRACKING,161.0,234.0,320.0,240.0,-159.0,-6.0,-0.99375,-0.037500000000000006,-1.6025806570674206e-08,-0.021877003201024328,-1.2820645256539365e-08,-0.017501602560819462,-0.9937499967948387,-0.033124599359795136,ALIGNED
SCN_002,230,7.6333,TRACKING,161.0,232.0,320.0,240.0,-159.0,-8.0,-0.99375,-0.05,-3.205161358543762e-09,-0.016875400640204867,-2.56412908683501e-09,-0.013500320512163894,-0.9937499993589678,-0.046624919871959034,ALIGNED
SCN_002,231,7.6667,TRACKING,161.0,230.0,320.0,240.0,-159.0,-10.0,-0.99375,-0.0625,-6.410322272998314e-10,-0.015875080128040966,-5.128257818398652e-10,-0.012700064102432775,-0.9937499998717936,-0.05932498397439181,ALIGNED
SCN_002,232,7.7,TRACKING,162.0,228.0,320.0,240.0,-158.0,-12.0,-0.9875,-0.07500000000000001,0.006249999871793532,-0.015675016025608203,0.004999999897434826,-0.012540012820486564,-0.9887499999743588,-0.07186499679487837,ALIGNED
SCN_002,233,7.7333,TRACKING,162.0,225.0,320.0,240.0,-158.0,-15.0,-0.9875,-0.09375,0.0012499999743587065,-0.021885003205121628,0.0009999999794869652,-0.017508002564097302,-0.9877499999948718,-0.08937299935897568,ALIGNED
SCN_002,234,7.7667,TRACKING,162.0,223.0,320.0,240.0,-158.0,-17.0,-0.9875,-0.10625,0.0002499999948717413,-0.01687700064102432,0.00019999999589739306,-0.013501600512819456,-0.9875499999989744,-0.10287459987179513,ALIGNED
SCN_002,235,7.8,TRACKING,162.0,221.0,320.0,240.0,-158.0,-19.0,-0.9875,-0.11875,4.999999897437046e-05,-0.01587540012820486,3.999999917949637e-05,-0.012700320102563889,-0.9875099999997949,-0.11557491997435902,ALIGNED
SCN_002,236,7.8333,TRACKING,163.0,219.0,320.0,240.0,-157.0,-21.0,-0.98125,-0.13124999999999998,0.006259999999794985,-0.015675080025640956,0.005007999999835988,-0.012540064020512765,-0.9825019999999589,-0.12811498399487178,ALIGNED
SCN_002,237,7.8667,TRACKING,163.0,217.0,320.0,240.0,-157.0,-23.0,-0.98125,-0.14375000000000002,0.0012519999999589526,-0.015635016005128233,0.0010015999999671622,-0.012508012804102587,-0.9815003999999917,-0.14062299679897436,ALIGNED
SCN_002,238,7.9,TRACKING,163.0,214.0,320.0,240.0,-157.0,-26.0,-0.98125,-0.1625,0.0002503999999917683,-0.021877003201025647,0.00020031999999341467,-0.017501602560820517,-0.9813000799999984,-0.15812459935979487,ALIGNED
SCN_002,239,7.9333,TRACKING,164.0,212.0,320.0,240.0,-156.0,-28.0,-0.975,-0.175,0.006300079999998376,-0.016875400640205124,0.005040063999998701,-0.013500320512164099,-0.9762600159999997,-0.17162491987195896,ALIGNED
SCN_002,240,7.9667,TRACKING,164.0,210.0,320.0,240.0,-156.0,-30.0,-0.975,-0.1875,0.0012600159999996974,-0.015875080128041036,0.001008012799999758,-0.01270006410243283,-0.9752520031999999,-0.1843249839743918,ALIGNED
SCN_002,241,8.0,TRACKING,164.0,208.0,320.0,240.0,-156.0,-32.0,-0.975,-0.2,0.0002520031999999617,-0.015675016025608224,0.00020160255999996935,-0.01254001282048658,-0.9750504006399999,-0.19686499679487837,ALIGNED
SCN_002,242,8.0333,TRACKING,165.0,206.0,320.0,240.0,-155.0,-34.0,-0.96875,-0.2125,0.006300400639999926,-0.015635003205121623,0.005040320511999941,-0.012508002564097299,-0.9700100801279999,-0.20937299935897566,ALIGNED
SCN_002,243,8.0667,TRACKING,165.0,203.0,320.0,240.0,-155.0,-37.0,-0.96875,-0.23125,0.0012600801279999407,-0.021877000641024352,0.0010080641023999526,-0.017501600512819484,-0.9690020160256,-0.22687459987179515,ALIGNED
SCN_002,244,8.1,TRACKING,166.0,201.0,320.0,240.0,-154.0,-39.0,-0.9625,-0.24375000000000002,0.006502016025599966,-0.016875400128204876,0.0052016128204799734,-0.013500320102563901,-0.9638004032051201,-0.24037491997435906,ALIGNED
SCN_002,245,8.1333,TRACKING,167.0,199.0,320.0,240.0,-153.0,-41.0,-0.95625,-0.25625,0.007550403205120015,-0.01587508002564092,0.006040322564096013,-0.012700064020512736,-0.957760080641024,-0.25307498399487177,ALIGNED
SCN_002,246,8.1667,TRACKING,167.0,197.0,320.0,240.0,-153.0,-43.0,-0.95625,-0.26875,0.0015100806410239809,-0.015675016005128217,0.0012080645128191847,-0.012540012804102574,-0.9565520161282048,-0.2656149967989743,ALIGNED
SCN_002,247,8.2,TRACKING,168.0,195.0,320.0,240.0,-152.0,-45.0,-0.95,-0.28125,0.006552016128204885,-0.015635003201025677,0.005241612902563909,-0.012508002560820542,-0.951310403225641,-0.27812299935979484,ALIGNED
SCN_002,248,8.2333,TRACKING,168.0,193.0,320.0,240.0,-152.0,-47.0,-0.95,-0.29375,0.0013104032256410214,-0.01562700064020517,0.0010483225805128173,-0.012501600512164136,-0.9502620806451282,-0.290624599871959,ALIGNED
SCN_002,249,8.2667,TRACKING,169.0,191.0,320.0,240.0,-151.0,-49.0,-0.94375,-0.30625,0.006512080645128204,-0.015625400128041034,0.005209664516102564,-0.012500320102432828,-0.9450524161290256,-0.30312491997439184,ALIGNED
SCN_002,250,8.3,TRACKING,170.0,188.0,320.0,240.0,-150.0,-52.0,-0.9375,-0.325,0.007552416129025574,-0.021875080025608173,0.00604193290322046,-0.01750006402048654,-0.9390104832258052,-0.3206249839948784,ALIGNED
SCN_002,251,8.3333,TRACKING,171.0,186.0,320.0,240.0,-149.0,-54.0,-0.93125,-0.3375,0.007760483225805137,-0.016875016005121646,0.00620838658064411,-0.013500012804097317,-0.932802096645161,-0.33412499679897567,ALIGNED
SCN_002,252,8.3667,TRACKING,171.0,184.0,320.0,240.0,-149.0,-56.0,-0.93125,-0.35,0.001552096645160983,-0.015875003201024307,0.0012416773161287864,-0.012700002560819447,-0.9315604193290322,-0.3468249993597951,ALIGNED
SCN_002,253,8.4,TRACKING,172.0,182.0,320.0,240.0,-148.0,-58.0,-0.925,-0.3625,0.006560419329032174,-0.015675000640204884,0.00524833546322574,-0.012540000512163908,-0.9263120838658064,-0.359364999871959,ALIGNED
SCN_002,254,8.4333,TRACKING,173.0,180.0,320.0,240.0,-147.0,-60.0,-0.91875,-0.375,0.007562083865806479,-0.015635000128040977,0.006049667092645184,-0.012508000102432783,-0.9202624167731612,-0.3718729999743918,ALIGNED
SCN_002,255,8.4667,TRACKING,174.0,178.0,320.0,240.0,-146.0,-62.0,-0.9125,-0.38750000000000007,0.0077624167731612514,-0.01562700002560824,0.006209933418529001,-0.012501600020486593,-0.9140524833546322,-0.38437459999487844,ALIGNED
SCN_002,256,8.5,TRACKING,175.0,176.0,320.0,240.0,-145.0,-64.0,-0.90625,-0.4,0.007802483354632184,-0.01562540000512158,0.006241986683705747,-0.012500320004097266,-0.9078104966709264,-0.39687491999897573,ALIGNED
SCN_002,257,8.5333,TRACKING,176.0,174.0,320.0,240.0,-144.0,-66.0,-0.9,-0.41250000000000003,0.00781049667092637,-0.015625080001024305,0.006248397336741096,-0.012500064000819445,-0.9015620993341853,-0.40937498399979516,ALIGNED
SCN_002,258,8.5667,TRACKING,177.0,172.0,320.0,240.0,-143.0,-68.0,-0.89375,-0.425,0.007812099334185252,-0.015625016000204828,0.006249679467348202,-0.012500012800163864,-0.8953124198668371,-0.42187499679995905,ALIGNED
SCN_002,259,8.6,TRACKING,178.0,170.0,320.0,240.0,-142.0,-70.0,-0.8875,-0.4375,0.007812419866837117,-0.015625003200040954,0.006249935893469694,-0.012500002560032765,-0.8890624839733674,-0.4343749993599918,ALIGNED
SCN_002,260,8.6333,TRACKING,179.0,168.0,320.0,240.0,-141.0,-72.0,-0.88125,-0.44999999999999996,0.007812483973367423,-0.015625000640008158,0.006249987178693939,-0.012500000512006526,-0.8828124967946734,-0.4468749998719983,ALIGNED
SCN_002,261,8.6667,TRACKING,180.0,166.0,320.0,240.0,-140.0,-74.0,-0.875,-0.4625,0.00781249679467344,-0.01562500012800172,0.0062499974357387526,-0.012500000102401376,-0.8765624993589347,-0.4593749999743997,ALIGNED
SCN_002,262,8.7,TRACKING,181.0,164.0,320.0,240.0,-139.0,-76.0,-0.86875,-0.475,0.007812499358934688,-0.0156250000256003,0.006249999487147751,-0.01250000002048024,-0.8703124998717869,-0.4718749999948799,ALIGNED
SCN_002,263,8.7333,TRACKING,182.0,162.0,320.0,240.0,-138.0,-78.0,-0.8625,-0.48750000000000004,0.007812499871786893,-0.015625000005120127,0.006249999897429515,-0.012500000004096103,-0.8640624999743575,-0.48437499999897604,ALIGNED
SCN_002,264,8.7667,TRACKING,183.0,160.0,320.0,240.0,-137.0,-80.0,-0.85625,-0.5,0.007812499974357512,-0.01562500000102396,0.00624999997948601,-0.012500000000819168,-0.8578124999948714,-0.49687499999979523,ALIGNED
SCN_002,265,8.8,TRACKING,184.0,158.0,320.0,240.0,-136.0,-82.0,-0.85,-0.5125,0.007812499994871436,-0.015625000000204725,0.006249999995897149,-0.012500000000163781,-0.8515624999989743,-0.509374999999959,ALIGNED
SCN_002,266,8.8333,TRACKING,185.0,156.0,320.0,240.0,-135.0,-84.0,-0.84375,-0.5249999999999999,0.007812499998974265,-0.015625000000040856,0.006249999999179412,-0.012500000000032686,-0.8453124999997949,-0.5218749999999918,ALIGNED
SCN_002,267,8.8667,TRACKING,187.0,154.0,320.0,240.0,-133.0,-86.0,-0.83125,-0.5375,0.014062499999794809,-0.015625000000008216,0.011249999999835848,-0.012500000000006574,-0.834062499999959,-0.5343749999999984,ALIGNED
SCN_002,268,8.9,TRACKING,188.0,152.0,320.0,240.0,-132.0,-88.0,-0.825,-0.5499999999999999,0.009062499999959006,-0.015625000000001554,0.007249999999967205,-0.012500000000001244,-0.8268124999999917,-0.5468749999999997,ALIGNED
SCN_002,269,8.9333,TRACKING,189.0,151.0,320.0,240.0,-131.0,-89.0,-0.81875,-0.55625,0.008062499999991757,-0.009375000000000355,0.0064499999999934055,-0.007500000000000284,-0.8203624999999983,-0.554375,ALIGNED
SCN_002,270,8.9667,TRACKING,190.0,149.0,320.0,240.0,-130.0,-91.0,-0.8125,-0.56875,0.00786249999999833,-0.014375000000000027,0.006289999999998664,-0.011500000000000022,-0.8140724999999996,-0.565875,ALIGNED
SCN_002,271,9.0,TRACKING,192.0,147.0,320.0,240.0,-128.0,-93.0,-0.8,-0.58125,0.0140724999999996,-0.015375000000000028,0.01125799999999968,-0.012300000000000023,-0.8028145,-0.578175,ALIGNED
SCN_002,272,9.0333,TRACKING,193.0,145.0,320.0,240.0,-127.0,-95.0,-0.79375,-0.59375,0.00906450000000003,-0.015575000000000006,0.007251600000000025,-0.012460000000000006,-0.7955629,-0.590635,ALIGNED
SCN_002,273,9.0667,TRACKING,194.0,143.0,320.0,240.0,-126.0,-97.0,-0.7875,-0.60625,0.008062899999999984,-0.015614999999999934,0.006450319999999988,-0.012491999999999948,-0.78911258,-0.603127,ALIGNED
SCN_002,274,9.1,TRACKING,196.0,142.0,320.0,240.0,-124.0,-98.0,-0.775,-0.6125,0.01411257999999993,-0.009373000000000076,0.011290063999999945,-0.007498400000000061,-0.777822516,-0.6106254,ALIGNED
SCN_002,275,9.1333,TRACKING,197.0,140.0,320.0,240.0,-123.0,-100.0,-0.76875,-0.625,0.00907251599999992,-0.014374600000000015,0.0072580127999999355,-0.011499680000000012,-0.7705645032,-0.62212508,ALIGNED
SCN_002,276,9.1667,TRACKING,198.0,138.0,320.0,240.0,-122.0,-102.0,-0.7625,-0.6375,0.008064503200000073,-0.015374919999999959,0.006451602560000058,-0.012299935999999968,-0.7641129006399999,-0.634425016,ALIGNED
SCN_002,277,9.2,TRACKING,200.0,136.0,320.0,240.0,-120.0,-104.0,-0.75,-0.65,0.014112900639999926,-0.015574984000000014,0.011290320511999942,-0.012459987200000012,-0.752822580128,-0.6468850032,ALIGNED
SCN_002,278,9.2333,TRACKING,201.0,135.0,320.0,240.0,-119.0,-105.0,-0.74375,-0.65625,0.00907258012799994,-0.009364996800000025,0.007258064102399953,-0.00749199744000002,-0.7455645160256,-0.65437700064,ALIGNED
SCN_002,279,9.2667,TRACKING,203.0,133.0,320.0,240.0,-117.0,-107.0,-0.73125,-0.6687500000000001,0.014314516025600077,-0.014372999360000027,0.011451612820480062,-0.011498399488000022,-0.73411290320512,-0.6658754001280001,ALIGNED
SCN_002,280,9.3,TRACKING,204.0,131.0,320.0,240.0,-116.0,-109.0,-0.725,-0.68125,0.009112903205120038,-0.015374599871999961,0.00729032256409603,-0.01229967989759997,-0.726822580641024,-0.6781750800256,ALIGNED
SCN_002,281,9.3333,TRACKING,206.0,130.0,320.0,240.0,-114.0,-110.0,-0.7125,-0.6875,0.014322580641023985,-0.009324919974399992,0.011458064512819189,-0.007459935979519994,-0.7153645161282048,-0.68563501600512,ALIGNED
SCN_002,282,9.3667,TRACKING,207.0,128.0,320.0,240.0,-113.0,-112.0,-0.70625,-0.7,0.009114516128204797,-0.014364983994879954,0.007291612902563838,-0.011491987195903964,-0.708072903225641,-0.6971270032010239,ALIGNED
SCN_002,283,9.4,TRACKING,209.0,127.0,320.0,240.0,-111.0,-113.0,-0.69375,-0.70625,0.014322903225641004,-0.009122996798976102,0.011458322580512804,-0.007298397439180882,-0.6966145806451282,-0.7044254006402049,ALIGNED
SCN_002,284,9.4333,TRACKING,211.0,125.0,320.0,240.0,-109.0,-115.0,-0.68125,-0.71875,0.015364580645128134,-0.014324599359795132,0.012291664516102509,-0.011459679487836105,-0.6843229161290256,-0.715885080128041,ALIGNED
SCN_002,285,9.4667,TRACKING,212.0,124.0,320.0,240.0,-108.0,-116.0,-0.675,-0.725,0.009322916129025582,-0.009114919871959004,0.007458332903220466,-0.007291935897567204,-0.6768645832258051,-0.7231770160256081,ALIGNED
SCN_002,286,9.5,TRACKING,214.0,122.0,320.0,240.0,-106.0,-118.0,-0.6625,-0.7374999999999999,0.014364583225805139,-0.0143229839743918,0.011491666580644112,-0.011458387179513441,-0.665372916645161,-0.7346354032051216,ALIGNED
SCN_002,287,9.5333,TRACKING,216.0,121.0,320.0,240.0,-104.0,-119.0,-0.65,-0.74375,0.015372916645160939,-0.009114596794878471,0.012298333316128751,-0.007291677435902777,-0.6530745833290322,-0.7419270806410243,ALIGNED
SCN_002,288,9.5667,TRACKING,217.0,119.0,320.0,240.0,-103.0,-121.0,-0.64375,-0.75625,0.009324583329032188,-0.014322919358975672,0.007459666663225751,-0.011458335487180539,-0.6456149166658065,-0.7533854161282049,ALIGNED
SCN_002,289,9.6,TRACKING,219.0,118.0,320.0,240.0,-101.0,-122.0,-0.63125,-0.7625,0.014364916665806526,-0.00911458387179509,0.011491933332645221,-0.007291667097436072,-0.6341229833331613,-0.760677083225641,ALIGNED
SCN_002,290,9.6333,TRACKING,221.0,116.0,320.0,240.0,-99.0,-124.0,-0.61875,-0.7750000000000001,0.015372983333161283,-0.014322916774359151,0.012298386666529028,-0.011458333419487321,-0.6218245966666323,-0.7721354166451283,ALIGNED
SCN_002,291,9.6667,TRACKING,222.0,115.0,320.0,240.0,-98.0,-125.0,-0.6125,-0.78125,0.009324596666632212,-0.009114583354871697,0.00745967733330577,-0.007291666683897358,-0.6143649193333265,-0.7794270833290257,ALIGNED
SCN_002,292,9.7,TRACKING,224.0,114.0,320.0,240.0,-96.0,-126.0,-0.6,-0.7875000000000001,0.014364919333326509,-0.008072916670974428,0.011491935466661208,-0.006458333336779543,-0.6028729838666653,-0.7858854166658052,ALIGNED
SCN_002,293,9.7333,TRACKING,226.0,112.0,320.0,240.0,-94.0,-128.0,-0.5875,-0.8,0.015372983866665302,-0.014114583334194797,0.012298387093332242,-0.011291666667355838,-0.5905745967733331,-0.7971770833331611,ALIGNED
SCN_002,294,9.7667,TRACKING,228.0,111.0,320.0,240.0,-92.0,-129.0,-0.575,-0.8062499999999999,0.015574596773333171,-0.009072916666838848,0.012459677418666538,-0.007258333333471079,-0.5781149193546666,-0.8044354166666321,ALIGNED
SCN_002,295,9.8,TRACKING,230.0,110.0,320.0,240.0,-90.0,-130.0,-0.5625,-0.8125,0.015614919354666634,-0.008064583333367903,0.012491935483733308,-0.006451666666694323,-0.5656229838709333,-0.8108870833333264,ALIGNED
SCN_002,296,9.8333,TRACKING,232.0,108.0,320.0,240.0,-88.0,-132.0,-0.55,-0.8250000000000001,0.015622983870933305,-0.014112916666673692,0.012498387096746645,-0.011290333333338953,-0.5531245967741867,-0.8221774166666653,ALIGNED
SCN_002,297,9.8667,TRACKING,233.0,107.0,320.0,240.0,-87.0,-133.0,-0.54375,-0.83125,0.009374596774186728,-0.009072583333334716,0.007499677419349382,-0.007258066666667774,-0.5456249193548373,-0.8294354833333331,ALIGNED
SCN_002,298,9.9,TRACKING,235.0,106.0,320.0,240.0,-85.0,-134.0,-0.53125,-0.8375,0.014374919354837257,-0.008064516666666965,0.011499935483869806,-0.006451613333333573,-0.5341249838709674,-0.8358870966666666,ALIGNED
SCN_002,299,9.9333,TRACKING,237.0,105.0,320.0,240.0,-83.0,-135.0,-0.51875,-0.84375,0.015374983870967363,-0.007862903333333393,0.012299987096773891,-0.006290322666666715,-0.5218249967741935,-0.8421774193333333,ALIGNED
SCN_002,300,9.9667,TRACKING,239.0,104.0,320.0,240.0,-81.0,-136.0,-0.50625,-0.85,0.015574996774193495,-0.007822580666666634,0.012459997419354796,-0.006258064533333308,-0.5093649993548387,-0.8484354838666667,ALIGNED
SCN_002,301,10.0,TRACKING,241.0,102.0,320.0,240.0,-79.0,-138.0,-0.49375,-0.8624999999999999,0.015614999354838677,-0.01406451613333326,0.012491999483870942,-0.01125161290666661,-0.4968729998709678,-0.8596870967733333,ALIGNED
SCN_002,302,10.0333,TRACKING,243.0,101.0,320.0,240.0,-77.0,-139.0,-0.48125,-0.8687500000000001,0.015622999870967769,-0.009062903226666807,0.012498399896774216,-0.007250322581333447,-0.4843745999741936,-0.8669374193546667,ALIGNED
SCN_002,303,10.0667,TRACKING,245.0,100.0,320.0,240.0,-75.0,-140.0,-0.46875,-0.875,0.015624599974193576,-0.008062580645333273,0.01249967997935486,-0.006450064516266618,-0.4718749199948387,-0.8733874838709333,ALIGNED
SCN_002,304,10.1,TRACKING,247.0,99.0,320.0,240.0,-73.0,-141.0,-0.45625,-0.8812500000000001,0.015624919994838726,-0.007862516129066743,0.012499935995870981,-0.006290012903253395,-0.45937498399896776,-0.8796774967741867,ALIGNED
SCN_002,305,10.1333,TRACKING,249.0,98.0,320.0,240.0,-71.0,-142.0,-0.44375,-0.8875,0.015624983998967779,-0.007822503225813238,0.012499987199174223,-0.0062580025806505905,-0.44687499679979353,-0.8859354993548373,ALIGNED
SCN_002,306,10.1667,TRACKING,251.0,97.0,320.0,240.0,-69.0,-143.0,-0.43125,-0.89375,0.015624996799793511,-0.007814500645162759,0.01249999743983481,-0.0062516005161302075,-0.4343749993599587,-0.8921870998709674,ALIGNED
SCN_002,307,10.2,TRACKING,253.0,96.0,320.0,240.0,-67.0,-144.0,-0.41875,-0.8999999999999999,0.015624999359958702,-0.007812900129032463,0.012499999487966963,-0.0062503201032259705,-0.42187499987199173,-0.8984374199741935,ALIGNED
SCN_002,308,10.2333,TRACKING,255.0,95.0,320.0,240.0,-65.0,-145.0,-0.40625,-0.90625,0.01562499987199173,-0.007812580025806537,0.012499999897593385,-0.00625006402064523,-0.40937499997439836,-0.9046874839948387,ALIGNED
SCN_002,309,10.2667,TRACKING,257.0,94.0,320.0,240.0,-63.0,-146.0,-0.39375,-0.9124999999999999,0.015624999974398368,-0.007812516005161196,0.012499999979518695,-0.006250012804128957,-0.3968749999948797,-0.9109374967989676,ALIGNED
SCN_002,310,10.3,TRACKING,259.0,94.0,320.0,240.0,-61.0,-146.0,-0.38125,-0.9124999999999999,0.015624999994879707,-0.0015625032010322393,0.012499999995903767,-0.0012500025608257915,-0.3843749999989759,-0.9121874993597934,ALIGNED
SCN_002,311,10.3333,TRACKING,261.0,93.0,320.0,240.0,-59.0,-147.0,-0.36875,-0.9187500000000001,0.015624999998975875,-0.006562500640206692,0.012499999999180701,-0.005250000512165354,-0.3718749999997952,-0.9174374998719588,ALIGNED
SCN_002,312,10.3667,TRACKING,263.0,92.0,320.0,240.0,-57.0,-148.0,-0.35625,-0.925,0.015624999999795164,-0.007562500128041272,0.012499999999836132,-0.006050000102433018,-0.35937499999995903,-0.9234874999743918,ALIGNED
SCN_002,313,10.4,TRACKING,265.0,91.0,320.0,240.0,-55.0,-149.0,-0.34375,-0.93125,0.015624999999959033,-0.007762500025608188,0.012499999999967227,-0.00621000002048655,-0.34687499999999183,-0.9296974999948784,ALIGNED
SCN_002,314,10.4333,TRACKING,267.0,90.0,320.0,240.0,-53.0,-150.0,-0.33125,-0.9375,0.01562499999999184,-0.007802500005121615,0.012499999999993473,-0.006242000004097293,-0.33437499999999837,-0.9359394999989756,ALIGNED
SCN_002,315,10.4667,TRACKING,269.0,90.0,320.0,240.0,-51.0,-150.0,-0.31875,-0.9375,0.01562499999999839,-0.0015605000010243675,0.012499999999998714,-0.001248400000819494,-0.32187499999999963,-0.9371878999997951,ALIGNED
SCN_002,316,10.5,TRACKING,272.0,89.0,320.0,240.0,-48.0,-151.0,-0.3,-0.94375,0.021874999999999645,-0.006562100000204851,0.017499999999999717,-0.0052496800001638816,-0.3043749999999999,-0.942437579999959,ALIGNED
SCN_002,317,10.5333,TRACKING,274.0,88.0,320.0,240.0,-46.0,-152.0,-0.2875,-0.95,0.016874999999999918,-0.007562420000040926,0.013499999999999936,-0.006049936000032741,-0.29087499999999994,-0.9484875159999918,ALIGNED
SCN_002,318,10.5667,TRACKING,276.0,88.0,320.0,240.0,-44.0,-152.0,-0.275,-0.95,0.015874999999999917,-0.0015124840000081408,0.012699999999999934,-0.0012099872000065127,-0.278175,-0.9496975031999983,ALIGNED
SCN_002,319,10.6,TRACKING,278.0,87.0,320.0,240.0,-42.0,-153.0,-0.2625,-0.9562499999999999,0.015674999999999994,-0.006552496800001584,0.012539999999999996,-0.005241997440001267,-0.265635,-0.9549395006399997,ALIGNED
SCN_002,320,10.6333,TRACKING,280.0,86.0,320.0,240.0,-40.0,-154.0,-0.25,-0.9625000000000001,0.01563500000000001,-0.007560499360000472,0.012508000000000009,-0.006048399488000378,-0.253127,-0.9609879001280001,ALIGNED
SCN_002,321,10.6667,TRACKING,282.0,86.0,320.0,240.0,-38.0,-154.0,-0.2375,-0.9625000000000001,0.015627000000000002,-0.0015120998720000722,0.012501600000000002,-0.0012096798976000578,-0.2406254,-0.9621975800256001,ALIGNED
SCN_002,322,10.7,TRACKING,284.0,85.0,320.0,240.0,-36.0,-155.0,-0.225,-0.96875,0.015625399999999984,-0.006552419974399926,0.012500319999999988,-0.0052419359795199405,-0.22812508,-0.96743951600512,ALIGNED
SCN_002,323,10.7333,TRACKING,287.0,85.0,320.0,240.0,-33.0,-155.0,-0.20625,-0.96875,0.02187508000000002,-0.0013104839948799851,0.017500064000000017,-0.0010483871959039881,-0.210625016,-0.968487903201024,ALIGNED
SCN_002,324,10.7667,TRACKING,289.0,84.0,320.0,240.0,-31.0,-156.0,-0.19375,-0.9750000000000001,0.016875015999999993,-0.00651209679897613,0.013500012799999996,-0.0052096774391809045,-0.1971250032,-0.9736975806402048,ALIGNED
SCN_002,325,10.8,TRACKING,291.0,84.0,320.0,240.0,-29.0,-156.0,-0.18125,-0.9750000000000001,0.015875003200000015,-0.0013024193597952483,0.012700002560000014,-0.0010419354878361986,-0.18442500064,-0.974739516128041,ALIGNED
SCN_002,326,10.8333,TRACKING,293.0,83.0,320.0,240.0,-27.0,-157.0,-0.16875,-0.98125,0.015675000639999992,-0.006510483871958961,0.012540000511999994,-0.005208387097567169,-0.171885000128,-0.9799479032256082,ALIGNED
SCN_002,327,10.8667,TRACKING,295.0,83.0,320.0,240.0,-25.0,-157.0,-0.15625,-0.98125,0.01563500012800001,-0.0013020967743917478,0.012508000102400009,-0.0010416774195133982,-0.1593770000256,-0.9809895806451217,ALIGNED
SCN_002,328,10.9,TRACKING,298.0,83.0,320.0,240.0,-22.0,-157.0,-0.1375,-0.98125,0.021877000025600002,-0.00026041935487830514,0.017501600020480002,-0.00020833548390264411,-0.14187540000512,-0.9811979161290243,ALIGNED
SCN_002,329,10.9333,TRACKING,300.0,82.0,320.0,240.0,-20.0,-158.0,-0.125,-0.9875,0.01687540000512,-0.00630208387097575,0.013500320004096001,-0.005041667096780601,-0.128375080001024,-0.9862395832258049,ALIGNED
SCN_002,330,10.9667,TRACKING,302.0,82.0,320.0,240.0,-18.0,-158.0,-0.1125,-0.9875,0.015875080001023986,-0.0012604167741951944,0.012700064000819189,-0.0010083334193561556,-0.1156750160002048,-0.987247916645161,ALIGNED
SCN_002,331,11.0,TRACKING,304.0,82.0,320.0,240.0,-16.0,-158.0,-0.1,-0.9875,0.015675016000204794,-0.0002520833548390611,0.012540012800163836,-0.00020166668387124889,-0.10313500320004096,-0.9874495833290322,ALIGNED
SCN_002,332,11.0333,TRACKING,306.0,82.0,320.0,240.0,-14.0,-158.0,-0.0875,-0.9875,0.015635003200040964,-5.041667096783442e-05,0.012508002560032773,-4.033333677426754e-05,-0.09062700064000818,-0.9874899166658064,ALIGNED
SCN_002,333,11.0667,TRACKING,309.0,81.0,320.0,240.0,-11.0,-159.0,-0.06875,-0.9937499999999999,0.02187700064000818,-0.006260083334193478,0.017501600512006544,-0.005008066667354783,-0.07312540012800164,-0.9924979833331612,ALIGNED
SCN_002,334,11.1,TRACKING,311.0,81.0,320.0,240.0,-9.0,-159.0,-0.05625,-0.9937499999999999,0.016875400128001643,-0.0012520166668387178,0.013500320102401315,-0.0010016133334709743,-0.05962508002560033,-0.9934995966666321,ALIGNED
SCN_002,335,11.1333,TRACKING,313.0,81.0,320.0,240.0,-7.0,-159.0,-0.04375,-0.9937499999999999,0.015875080025600334,-0.00025040333336778797,0.012700064020480267,-0.00020032266669423038,-0.046925016005120064,-0.9936999193333264,ALIGNED
SCN_002,336,11.1667,TRACKING,315.0,81.0,320.0,240.0,-5.0,-159.0,-0.03125,-0.9937499999999999,0.015675016005120064,-5.0080666673557594e-05,0.012540012804096052,-4.006453333884608e-05,-0.034385003201024014,-0.9937399838666652,ALIGNED
SCN_002,337,11.2,TRACKING,318.0,81.0,320.0,240.0,-2.0,-159.0,-0.0125,-0.9937499999999999,0.021885003201024014,-1.0016133334733723e-05,0.017508002560819212,-8.01290666778698e-06,-0.016877000640204802,-0.9937479967733329,ALIGNED
SCN_002,338,11.2333,TRACKING,320.0,81.0,320.0,240.0,0.0,-159.0,0.0,-0.9937499999999999,0.016877000640204802,-2.0032266669911536e-06,0.013501600512163842,-1.602581333592923e-06,-0.0033754001280409604,-0.9937495993546666,ALIGNED
SCN_002,339,11.2667,TRACKING,322.0,81.0,320.0,240.0,2.0,-159.0,0.0125,-0.9937499999999999,0.01587540012804096,-4.006453333538218e-07,0.01270032010243277,-3.2051626668305745e-07,0.00932491997439181,-0.9937499198709332,ALIGNED
SCN_002,340,11.3,TRACKING,324.0,81.0,320.0,240.0,4.0,-159.0,0.025,-0.9937499999999999,0.01567508002560819,-8.012906671517328e-08,0.012540064020486553,-6.410325337213862e-08,0.021864983994878365,-0.9937499839741866,ALIGNED
SCN_002,341,11.3333,TRACKING,327.0,81.0,320.0,240.0,7.0,-159.0,0.04375,-0.9937499999999999,0.021885016005121632,-1.6025813343034656e-08,0.017508012804097306,-1.2820650674427725e-08,0.03937299679897567,-0.9937499967948372,ALIGNED
SCN_002,342,11.3667,TRACKING,329.0,81.0,320.0,240.0,9.0,-159.0,0.05625,-0.9937499999999999,0.01687700320102433,-3.2051626908113917e-09,0.013501602560819465,-2.5641301526491137e-09,0.05287459935979513,-0.9937499993589674,ALIGNED
SCN_002,343,11.4,TRACKING,331.0,81.0,320.0,240.0,11.0,-159.0,0.06875,-0.9937499999999999,0.015875400640204873,-6.410325603667388e-10,0.0127003205121639,-5.128260482933911e-10,0.06557491987195903,-0.9937499998717934,ALIGNED
SCN_002,344,11.4333,TRACKING,333.0,81.0,320.0,240.0,13.0,-159.0,0.08125,-0.9937499999999999,0.015675080128040975,-1.2820655648226875e-10,0.012540064102432781,-1.0256524518581501e-10,0.07811498397439182,-0.9937499999743586,ALIGNED
SCN_002,345,11.4667,TRACKING,335.0,82.0,320.0,240.0,15.0,-158.0,0.09375,-0.9875,0.015635016025608184,0.0062499999743586,0.012508012820486547,0.00499999997948688,0.09062299679487837,-0.9887499999948718,ALIGNED
SCN_002,346,11.5,TRACKING,338.0,82.0,320.0,240.0,18.0,-158.0,0.1125,-0.9875,0.021877003205121634,0.0012499999948717422,0.01750160256409731,0.0009999999958973937,0.10812459935897567,-0.9877499999989744,ALIGNED
SCN_002,347,11.5333,TRACKING,340.0,82.0,320.0,240.0,20.0,-158.0,0.125,-0.9875,0.01687540064102433,0.00024999999897434844,0.013500320512819464,0.00019999999917947876,0.12162491987179513,-0.9875499999997949,ALIGNED
SCN_002,348,11.5667,TRACKING,342.0,82.0,320.0,240.0,22.0,-158.0,0.1375,-0.9875,0.015875080128204877,4.999999979482528e-05,0.012700064102563902,3.9999999835860224e-05,0.13432498397435905,-0.987509999999959,ALIGNED
SCN_002,349,11.6,TRACKING,344.0,83.0,320.0,240.0,24.0,-157.0,0.15,-0.98125,0.015675016025640948,0.006259999999959076,0.012540012820512758,0.005007999999967261,0.1468649967948718,-0.9825019999999918,ALIGNED
SCN_002,350,11.6333,TRACKING,347.0,83.0,320.0,240.0,27.0,-157.0,0.16875,-0.98125,0.021885003205128206,0.0012519999999918152,0.017508002564102565,0.0010015999999934521,0.16437299935897437,-0.9815003999999983,ALIGNED
SCN_002,351,11.6667,TRACKING,349.0,83.0,320.0,240.0,29.0,-157.0,0.18125,-0.98125,0.016877000641025625,0.00025039999999831863,0.0135016005128205,0.00020031999999865492,0.17787459987179488,-0.9813000799999996,ALIGNED
SCN_002,352,11.7,TRACKING,351.0,84.0,320.0,240.0,31.0,-156.0,0.19375,-0.9750000000000001,0.015875400128205125,0.006300079999999486,0.0127003201025641,0.005040063999999589,0.190574919974359,-0.976260016,ALIGNED
SCN_002,353,11.7333,TRACKING,353.0,84.0,320.0,240.0,33.0,-156.0,0.20625,-0.9750000000000001,0.015675080025640997,0.0012600159999999194,0.012540064020512798,0.0010080127999999356,0.2031149839948718,-0.9752520032,ALIGNED
SCN_002,354,11.7667,TRACKING,355.0,85.0,320.0,240.0,35.0,-155.0,0.21875,-0.96875,0.015635016005128205,0.0065020032000000505,0.012508012804102565,0.005201602560000041,0.21562299679897437,-0.97005040064,ALIGNED
SCN_002,355,11.8,TRACKING,358.0,85.0,320.0,240.0,38.0,-155.0,0.2375,-0.96875,0.02187700320102562,0.0013004006400000323,0.017501602560820496,0.0010403205120000259,0.23312459935979488,-0.969010080128,ALIGNED
SCN_002,356,11.8333,TRACKING,360.0,86.0,320.0,240.0,40.0,-154.0,0.25,-0.9625000000000001,0.016875400640205124,0.006510080127999918,0.013500320512164099,0.005208064102399934,0.24662491987195898,-0.9638020160256001,ALIGNED
SCN_002,357,11.8667,TRACKING,362.0,86.0,320.0,240.0,42.0,-154.0,0.2625,-0.9625000000000001,0.015875080128041036,0.0013020160255999835,0.01270006410243283,0.0010416128204799868,0.2593249839743918,-0.9627604032051201,ALIGNED
SCN_002,358,11.9,TRACKING,364.0,87.0,320.0,240.0,44.0,-153.0,0.275,-0.9562499999999999,0.015675016025608224,0.0065104032051201965,0.01254001282048658,0.005208322564096157,0.27186499679487836,-0.9575520806410239,ALIGNED
SCN_002,359,11.9333,TRACKING,366.0,88.0,320.0,240.0,46.0,-152.0,0.2875,-0.95,0.015635003205121623,0.007552080641023973,0.012508002564097299,0.006041664512819178,0.28437299935897564,-0.9515104161282048,ALIGNED
SCN_002,360,11.9667,TRACKING,368.0,88.0,320.0,240.0,48.0,-152.0,0.3,-0.95,0.015627000641024347,0.0015104161282047945,0.012501600512819478,0.0012083329025638356,0.2968745998717951,-0.9503020832256409,ALIGNED
SCN_002,361,12.0,TRACKING,370.0,89.0,320.0,240.0,50.0,-151.0,0.3125,-0.94375,0.015625400128204903,0.006552083225640937,0.012500320102563923,0.00524166658051275,0.309374919974359,-0.9450604166451282,ALIGNED
SCN_002,362,12.0333,TRACKING,373.0,90.0,320.0,240.0,53.0,-150.0,0.33125,-0.9375,0.02187508002564098,0.007560416645128187,0.017500064020512785,0.00604833331610255,0.3268749839948718,-0.9390120833290256,ALIGNED
SCN_002,363,12.0667,TRACKING,375.0,90.0,320.0,240.0,55.0,-150.0,0.34375,-0.9375,0.016875016005128196,0.0015120833290256375,0.013500012804102558,0.00120966666322051,0.34037499679897437,-0.9378024166658051,ALIGNED
SCN_002,364,12.1,TRACKING,377.0,91.0,320.0,240.0,57.0,-149.0,0.35625,-0.93125,0.01587500320102564,0.006552416665805083,0.012700002560820512,0.005241933332644067,0.35307499935979486,-0.932560483333161,ALIGNED
SCN_002,365,12.1333,TRACKING,379.0,92.0,320.0,240.0,59.0,-148.0,0.36875,-0.925,0.01567500064020516,0.00756048333316095,0.01254000051216413,0.00604838666652876,0.365614999871959,-0.9265120966666323,ALIGNED
SCN_002,366,12.1667,TRACKING,381.0,93.0,320.0,240.0,61.0,-147.0,0.38125,-0.9187500000000001,0.015635000128040977,0.00776209666663219,0.012508000102432783,0.006209677333305752,0.3781229999743918,-0.9203024193333265,ALIGNED
SCN_002,367,12.2,TRACKING,383.0,93.0,320.0,240.0,63.0,-147.0,0.39375,-0.9187500000000001,0.015627000025608184,0.0015524193333263936,0.012501600020486548,0.001241935466661115,0.39062459999487836,-0.9190604838666654,ALIGNED
SCN_002,368,12.2333,TRACKING,385.0,94.0,320.0,240.0,65.0,-146.0,0.40625,-0.9124999999999999,0.015625400005121637,0.006560483866665523,0.01250032000409731,0.005248387093332418,0.40312491999897565,-0.913812096773333,ALIGNED
SCN_002,369,12.2667,TRACKING,387.0,95.0,320.0,240.0,67.0,-145.0,0.41875,-0.90625,0.01562508000102436,0.007562096773332971,0.012500064000819489,0.0060496774186663774,0.41562498399979514,-0.9077624193546666,ALIGNED
SCN_002,370,12.3,TRACKING,389.0,96.0,320.0,240.0,69.0,-144.0,0.43125,-0.8999999999999999,0.015625016000204883,0.007762419354666705,0.012500012800163907,0.006209935483733365,0.428124996799959,-0.9015524838709332,ALIGNED
SCN_002,371,12.3333,TRACKING,391.0,97.0,320.0,240.0,71.0,-143.0,0.44375,-0.89375,0.015625003200040954,0.007802483870933186,0.012500002560032765,0.006241987096746549,0.4406249993599918,-0.8953104967741867,ALIGNED
SCN_002,372,12.3667,TRACKING,393.0,98.0,320.0,240.0,73.0,-142.0,0.45625,-0.8875,0.015625000640008213,0.00781049677418677,0.012500000512006572,0.0062483974193494165,0.45312499987199834,-0.8890620993548373,ALIGNED
SCN_002,373,12.4,TRACKING,395.0,99.0,320.0,240.0,75.0,-141.0,0.46875,-0.8812500000000001,0.015625000128001665,0.0078120993548371764,0.012500000102401333,0.006249679483869741,0.46562499997439966,-0.8828124198709675,ALIGNED
SCN_002,374,12.4333,TRACKING,397.0,100.0,320.0,240.0,77.0,-140.0,0.48125,-0.875,0.015625000025600355,0.00781241987096748,0.012500000020480285,0.006249935896773984,0.47812499999487995,-0.8765624839741935,ALIGNED
SCN_002,375,12.4667,TRACKING,399.0,101.0,320.0,240.0,79.0,-139.0,0.49375,-0.8687500000000001,0.01562500000512007,0.007812483974193318,0.012500000004096058,0.006249987179354655,0.490624999998976,-0.8703124967948388,ALIGNED
SCN_002,376,12.5,TRACKING,401.0,102.0,320.0,240.0,81.0,-138.0,0.50625,-0.8624999999999999,0.01562500000102396,0.0078124967948388635,0.012500000000819168,0.006249997435871091,0.5031249999997952,-0.8640624993589677,ALIGNED
SCN_002,377,12.5333,TRACKING,403.0,104.0,320.0,240.0,83.0,-136.0,0.51875,-0.85,0.015625000000204836,0.01406249935896775,0.01250000000016387,0.0112499994871742,0.515624999999959,-0.8528124998717935,ALIGNED
SCN_002,378,12.5667,TRACKING,405.0,105.0,320.0,240.0,85.0,-135.0,0.53125,-0.84375,0.015625000000040967,0.009062499871793528,0.012500000000032775,0.007249999897434823,0.5281249999999919,-0.8455624999743587,ALIGNED
SCN_002,379,12.6,TRACKING,407.0,106.0,320.0,240.0,87.0,-134.0,0.54375,-0.8375,0.015625000000008105,0.008062499974358706,0.012500000000006485,0.006449999979486965,0.5406249999999984,-0.8391124999948718,ALIGNED
SCN_002,380,12.6333,TRACKING,409.0,107.0,320.0,240.0,89.0,-133.0,0.55625,-0.83125,0.015625000000001665,0.007862499994871763,0.012500000000001333,0.006289999995897411,0.5531249999999996,-0.8328224999989744,ALIGNED
SCN_002,381,12.6667,TRACKING,410.0,108.0,320.0,240.0,90.0,-132.0,0.5625,-0.8250000000000001,0.009375000000000355,0.00782249999897433,0.007500000000000284,0.006257999999179465,0.5606249999999999,-0.826564499999795,ALIGNED
SCN_002,382,12.7,TRACKING,412.0,110.0,320.0,240.0,92.0,-130.0,0.575,-0.8125,0.014375000000000027,0.014064499999794977,0.011500000000000022,0.011251599999835982,0.572125,-0.815312899999959,ALIGNED
SCN_002,383,12.7333,TRACKING,414.0,111.0,320.0,240.0,94.0,-129.0,0.5875,-0.8062499999999999,0.015375000000000028,0.009062899999959129,0.012300000000000023,0.007250319999967303,0.584425,-0.8080625799999918,ALIGNED
SCN_002,384,12.7667,TRACKING,416.0,112.0,320.0,240.0,96.0,-128.0,0.6,-0.8,0.015575000000000006,0.008062579999991715,0.012460000000000006,0.006450063999993372,0.596885,-0.8016125159999984,ALIGNED
SCN_002,385,12.8,TRACKING,418.0,114.0,320.0,240.0,98.0,-126.0,0.6125,-0.7875000000000001,0.015615000000000046,0.014112515999998299,0.012492000000000038,0.011290012799998639,0.6093770000000001,-0.7903225031999997,ALIGNED
SCN_002,386,12.8333,TRACKING,419.0,115.0,320.0,240.0,99.0,-125.0,0.61875,-0.78125,0.009372999999999965,0.009072503199999749,0.007498399999999972,0.0072580025599997995,0.6168754000000001,-0.78306450064,ALIGNED
SCN_002,387,12.8667,TRACKING,421.0,116.0,320.0,240.0,101.0,-124.0,0.63125,-0.7750000000000001,0.014374599999999904,0.008064500639999861,0.011499679999999924,0.006451600511999889,0.62837508,-0.7766129001280001,ALIGNED
SCN_002,388,12.9,TRACKING,423.0,118.0,320.0,240.0,103.0,-122.0,0.64375,-0.7625,0.01537492000000007,0.01411290012800015,0.012299936000000056,0.011290320102400121,0.640675016,-0.7653225800255999,ALIGNED
SCN_002,389,12.9333,TRACKING,425.0,119.0,320.0,240.0,105.0,-121.0,0.65625,-0.75625,0.015574984000000014,0.009072580025599963,0.012459987200000012,0.007258064020479971,0.6531350032,-0.7580645160051199,ALIGNED
SCN_002,390,12.9667,TRACKING,426.0,121.0,320.0,240.0,106.0,-119.0,0.6625,-0.74375,0.009364996800000025,0.014314516005119904,0.00749199744000002,0.011451612804095923,0.66062700064,-0.746612903201024,ALIGNED
SCN_002,391,13.0,TRACKING,428.0,122.0,320.0,240.0,108.0,-118.0,0.675,-0.7374999999999999,0.014372999360000027,0.009112903201024092,0.011498399488000022,0.007290322560819274,0.672125400128,-0.7393225806402047,ALIGNED
SCN_002,392,13.0333,TRACKING,430.0,124.0,320.0,240.0,110.0,-116.0,0.6875,-0.725,0.015374599871999961,0.014322580640204752,0.01229967989759997,0.011458064512163801,0.6844250800256,-0.7278645161280409,ALIGNED
SCN_002,393,13.0667,TRACKING,431.0,125.0,320.0,240.0,111.0,-115.0,0.69375,-0.71875,0.009324919974399992,0.009114516128040928,0.007459935979519994,0.0072916129024327425,0.69188501600512,-0.7205729032256082,ALIGNED
SCN_002,394,13.1,TRACKING,433.0,127.0,320.0,240.0,113.0,-113.0,0.70625,-0.70625,0.014364983994880065,0.014322903225608141,0.011491987195904052,0.011458322580486513,0.703377003201024,-0.7091145806451217,ALIGNED
SCN_002,395,13.1333,TRACKING,435.0,128.0,320.0,240.0,115.0,-112.0,0.71875,-0.7,0.015372996798975969,0.009114580645121717,0.012298397439180776,0.007291664516097374,0.7156754006402049,-0.7018229161290243,ALIGNED
SCN_002,396,13.1667,TRACKING,436.0,130.0,320.0,240.0,116.0,-110.0,0.725,-0.6875,0.009324599359795127,0.014322916129024255,0.007459679487836102,0.011458332903219404,0.723135080128041,-0.6903645832258049,ALIGNED
SCN_002,397,13.2,TRACKING,438.0,131.0,320.0,240.0,118.0,-109.0,0.7375,-0.68125,0.014364919871959092,0.009114583225804829,0.011491935897567274,0.007291666580643863,0.7346270160256082,-0.683072916645161,ALIGNED
SCN_002,398,13.2333,TRACKING,439.0,133.0,320.0,240.0,119.0,-107.0,0.74375,-0.6687500000000001,0.009122983974391818,0.014322916645160944,0.007298387179513455,0.011458333316128756,0.7419254032051217,-0.6716145833290322,ALIGNED
SCN_002,399,13.2667,TRACKING,441.0,135.0,320.0,240.0,121.0,-105.0,0.75625,-0.65625,0.014324596794878297,0.015364583329032233,0.011459677435902638,0.012291666663225786,0.7533850806410243,-0.6593229166658064,ALIGNED
SCN_002,400,13.3,TRACKING,442.0,136.0,320.0,240.0,122.0,-104.0,0.7625,-0.65,0.009114919358975682,0.009322916665806424,0.007291935487180545,0.00745833333264514,0.7606770161282048,-0.6518645833331613,ALIGNED
SCN_002,401,13.3333,TRACKING,444.0,138.0,320.0,240.0,124.0,-102.0,0.775,-0.6375,0.014322983871795203,0.014364583333161374,0.011458387097436164,0.0114916666665291,0.772135403225641,-0.6403729166666322,ALIGNED
SCN_002,402,13.3667,TRACKING,445.0,140.0,320.0,240.0,125.0,-100.0,0.78125,-0.625,0.009114596774358996,0.015372916666632208,0.0072916774194871975,0.012298333333305767,0.7794270806451282,-0.6280745833333264,ALIGNED
SCN_002,403,13.4,TRACKING,446.0,142.0,320.0,240.0,126.0,-98.0,0.7875,-0.6125,0.008072919354871755,0.015574583333326397,0.006458335483897404,0.012459666666661118,0.7858854161290256,-0.6156149166666653,ALIGNED
SCN_002,404,13.4333,TRACKING,448.0,143.0,320.0,240.0,128.0,-97.0,0.8,-0.60625,0.014114583870974418,0.00936491666666539,0.011291667096779534,0.007491933333332312,0.7971770832258052,-0.608122983333333,ALIGNED
SCN_002,405,13.4667,TRACKING,449.0,145.0,320.0,240.0,129.0,-95.0,0.80625,-0.59375,0.009072916774194861,0.014372983333333034,0.007258333419355889,0.011498386666666428,0.804435416645161,-0.5966245966666666,ALIGNED
SCN_002,406,13.5,TRACKING,450.0,147.0,320.0,240.0,130.0,-93.0,0.8125,-0.58125,0.00806458335483895,0.015374596666666518,0.00645166668387116,0.012299677333333215,0.8108870833290323,-0.5843249193333333,ALIGNED
SCN_002,407,13.5333,TRACKING,452.0,149.0,320.0,240.0,132.0,-91.0,0.825,-0.56875,0.014112916670967701,0.015574919333333326,0.011290333336774162,0.012459935466666662,0.8221774166658065,-0.5718649838666666,ALIGNED
SCN_002,408,13.5667,TRACKING,453.0,151.0,320.0,240.0,133.0,-89.0,0.83125,-0.55625,0.009072583334193585,0.015614983866666599,0.007258066667354868,0.01249198709333328,0.8294354833331613,-0.5593729967733333,ALIGNED
SCN_002,409,13.6,TRACKING,454.0,152.0,320.0,240.0,134.0,-88.0,0.8375,-0.5499999999999999,0.008064516666838717,0.009372996773333364,0.006451613333470974,0.007498397418666692,0.8358870966666323,-0.5518745993546667,ALIGNED
SCN_002,410,13.6333,TRACKING,455.0,154.0,320.0,240.0,135.0,-86.0,0.84375,-0.5375,0.007862903333367699,0.014374599354666673,0.006290322666694159,0.011499679483733339,0.8421774193333265,-0.5403749198709333,ALIGNED
SCN_002,411,13.6667,TRACKING,457.0,156.0,320.0,240.0,137.0,-84.0,0.85625,-0.5249999999999999,0.014072580666673495,0.015374919870933423,0.011258064533338797,0.012299935896746739,0.8534354838666652,-0.5280749839741866,ALIGNED
SCN_002,412,13.7,TRACKING,458.0,158.0,320.0,240.0,138.0,-82.0,0.8625,-0.5125,0.00906451613333481,0.015574983974186662,0.007251612906667849,0.012459987179349331,0.8606870967733331,-0.5156149967948372,ALIGNED
SCN_002,413,13.7333,TRACKING,459.0,160.0,320.0,240.0,139.0,-80.0,0.86875,-0.5,0.008062903226666918,0.015614996794837244,0.006450322581333535,0.012491997435869796,0.8671374193546666,-0.5031229993589674,ALIGNED
SCN_002,414,13.7667,TRACKING,460.0,162.0,320.0,240.0,140.0,-78.0,0.875,-0.48750000000000004,0.007862580645333406,0.015622999358967382,0.006290064516266725,0.012498399487173906,0.8734274838709333,-0.4906245998717935,ALIGNED
SCN_002,415,13.8,TRACKING,461.0,164.0,320.0,240.0,141.0,-76.0,0.88125,-0.475,0.007822516129066703,0.015624599871793543,0.006258012903253363,0.012499679897434834,0.8796854967741866,-0.4781249199743587,ALIGNED
SCN_002,416,13.8333,TRACKING,462.0,166.0,320.0,240.0,142.0,-74.0,0.8875,-0.4625,0.00781450322581334,0.015624919974358664,0.006251602580650673,0.012499935979486933,0.8859370993548373,-0.46562498399487173,ALIGNED
SCN_002,417,13.8667,TRACKING,463.0,168.0,320.0,240.0,143.0,-72.0,0.89375,-0.44999999999999996,0.007812900645162713,0.015624983994871777,0.00625032051613017,0.012499987195897422,0.8921874198709675,-0.45312499679897433,ALIGNED
SCN_002,418,13.9,TRACKING,464.0,170.0,320.0,240.0,144.0,-70.0,0.9,-0.4375,0.00781258012903252,0.015624996798974333,0.006250064103226017,0.012499997439179468,0.8984374839741935,-0.4406249993597949,ALIGNED
SCN_002,419,13.9333,TRACKING,465.0,172.0,320.0,240.0,145.0,-68.0,0.90625,-0.425,0.00781251602580646,0.015624999359794889,0.006250012820645168,0.012499999487835912,0.9046874967948387,-0.42812499987195896,ALIGNED
SCN_002,420,13.9667,TRACKING,466.0,174.0,320.0,240.0,146.0,-66.0,0.9125,-0.41250000000000003,0.007812503205161248,0.015624999871958922,0.006250002564128998,0.012499999897567138,0.9109374993589677,-0.41562499997439184,ALIGNED
SCN_002,421,14.0,TRACKING,467.0,176.0,320.0,240.0,147.0,-64.0,0.91875,-0.4,0.007812500641032227,0.015624999974391818,0.006250000512825782,0.012499999979513454,0.9171874998717935,-0.4031249999948784,ALIGNED
SCN_002,422,14.0333,TRACKING,468.0,178.0,320.0,240.0,148.0,-62.0,0.925,-0.38750000000000007,0.007812500128206556,0.01562499999487832,0.006250000102565246,0.012499999995902657,0.9234374999743588,-0.3906249999989757,ALIGNED
SCN_002,423,14.0667,TRACKING,469.0,180.0,320.0,240.0,149.0,-60.0,0.93125,-0.375,0.007812500025641267,0.015624999998975708,0.0062500000205130135,0.012499999999180568,0.9296874999948718,-0.37812499999979515,ALIGNED
SCN_002,424,14.1,TRACKING,470.0,182.0,320.0,240.0,150.0,-58.0,0.9375,-0.3625,0.007812500005128231,0.015624999999795164,0.006250000004102585,0.012499999999836132,0.9359374999989744,-0.365624999999959,ALIGNED
SCN_002,425,14.1333,TRACKING,471.0,184.0,320.0,240.0,151.0,-56.0,0.94375,-0.35,0.007812500001025624,0.015624999999959033,0.006250000000820499,0.012499999999967227,0.9421874999997949,-0.3531249999999918,ALIGNED
SCN_002,426,14.1667,TRACKING,471.0,186.0,320.0,240.0,151.0,-54.0,0.94375,-0.3375,0.0015625000002050804,0.015624999999991784,0.0012500000001640643,0.012499999999993428,0.943437499999959,-0.3406249999999984,ALIGNED
SCN_002,427,14.2,TRACKING,472.0,188.0,320.0,240.0,152.0,-52.0,0.95,-0.325,0.006562500000040994,0.01562499999999839,0.005250000000032795,0.012499999999998714,0.9486874999999918,-0.32812499999999967,ALIGNED
SCN_002,428,14.2333,TRACKING,473.0,190.0,320.0,240.0,153.0,-50.0,0.95625,-0.3125,0.007562500000008243,0.015624999999999667,0.006050000000006595,0.012499999999999734,0.9547374999999984,-0.31562499999999993,ALIGNED
SCN_002,429,14.2667,TRACKING,474.0,193.0,320.0,240.0,154.0,-47.0,0.9625,-0.29375,0.007762500000001671,0.021874999999999922,0.006210000000001337,0.01749999999999994,0.9609474999999997,-0.298125,ALIGNED
SCN_002,430,14.3,TRACKING,474.0,195.0,320.0,240.0,154.0,-45.0,0.9625,-0.28125,0.0015525000000002898,0.016874999999999973,0.0012420000000002319,0.013499999999999979,0.9621894999999999,-0.284625,ALIGNED
SCN_002,431,14.3333,TRACKING,475.0,197.0,320.0,240.0,155.0,-43.0,0.96875,-0.26875,0.00656050000000008,0.015875000000000028,0.0052484000000000645,0.012700000000000024,0.9674379,-0.271925,ALIGNED
SCN_002,432,14.3667,TRACKING,475.0,199.0,320.0,240.0,155.0,-41.0,0.96875,-0.25625,0.0013121000000000382,0.015674999999999994,0.0010496800000000307,0.012539999999999996,0.96848758,-0.259385,ALIGNED
SCN_002,433,14.4,TRACKING,476.0,201.0,320.0,240.0,156.0,-39.0,0.975,-0.24375000000000002,0.006512419999999963,0.015634999999999954,0.005209935999999971,0.012507999999999964,0.973697516,-0.246877,ALIGNED
SCN_002,434,14.4333,TRACKING,477.0,203.0,320.0,240.0,157.0,-37.0,0.98125,-0.23125,0.0075524839999999704,0.015627000000000002,0.006041987199999977,0.012501600000000002,0.9797395031999999,-0.2343754,ALIGNED
SCN_002,435,14.4667,TRACKING,477.0,206.0,320.0,240.0,157.0,-34.0,0.98125,-0.2125,0.0015104968000000385,0.021875400000000017,0.001208397440000031,0.017500320000000014,0.9809479006399999,-0.21687508,ALIGNED
SCN_002,436,14.5,TRACKING,478.0,208.0,320.0,240.0,158.0,-32.0,0.9875,-0.2,0.006552099360000119,0.016875079999999987,0.005241679488000095,0.01350006399999999,0.9861895801280001,-0.20337501600000002,ALIGNED
SCN_002,437,14.5333,TRACKING,478.0,210.0,320.0,240.0,158.0,-30.0,0.9875,-0.1875,0.0013104198719999793,0.01587501600000002,0.0010483358975999836,0.012700012800000016,0.9872379160256001,-0.1906750032,ALIGNED
SCN_002,438,14.5667,TRACKING,478.0,212.0,320.0,240.0,158.0,-28.0,0.9875,-0.175,0.00026208397439997366,0.01567500320000001,0.00020966717951997893,0.012540002560000008,0.98744758320512,-0.17813500063999999,ALIGNED
SCN_002,439,14.6,TRACKING,479.0,214.0,320.0,240.0,159.0,-26.0,0.99375,-0.1625,0.0063024167948799725,0.01563500063999998,0.005041933435903978,0.012508000511999984,0.992489516641024,-0.165627000128,ALIGNED
SCN_002,440,14.6333,TRACKING,479.0,217.0,320.0,240.0,159.0,-23.0,0.99375,-0.14375000000000002,0.0012604833589759945,0.02187700012799998,0.0010083866871807956,0.017501600102399983,0.9934979033282049,-0.1481254000256,ALIGNED
SCN_002,441,14.6667,TRACKING,479.0,219.0,320.0,240.0,159.0,-21.0,0.99375,-0.13124999999999998,0.0002520966717951545,0.016875400025600035,0.0002016773374361236,0.013500320020480029,0.993699580665641,-0.13462508000512,ALIGNED
SCN_002,442,14.7,TRACKING,480.0,221.0,320.0,240.0,160.0,-19.0,1.0,-0.11875,0.0063004193343589865,0.01587508000512,0.0050403354674871895,0.012700064004096002,0.9987399161331282,-0.121925016001024,ALIGNED
SCN_002,443,14.7333,TRACKING,480.0,223.0,320.0,240.0,160.0,-17.0,1.0,-0.10625,0.0012600838668718195,0.015675016001024,0.0010080670934974557,0.0125400128008192,0.9997479832266256,-0.10938500320020479,ALIGNED
SCN_002,444,14.7667,TRACKING,480.0,225.0,320.0,240.0,160.0,-15.0,1.0,-0.09375,0.0002520167733743861,0.01563500320020479,0.00020161341869950888,0.012508002560163834,0.9999495966453251,-0.09687700064004096,ALIGNED
SCN_002,445,14.8,TRACKING,480.0,228.0,320.0,240.0,160.0,-12.0,1.0,-0.07500000000000001,5.040335467487722e-05,0.021877000640040944,4.032268373990178e-05,0.017501600512032756,0.999989919329065,-0.0793754001280082,ALIGNED
SCN_002,446,14.8333,TRACKING,481.0,230.0,320.0,240.0,161.0,-10.0,1.00625,-0.0625,0.0062600806709350865,0.0168754001280082,0.005008064536748069,0.01350032010240656,1.0049979838658132,-0.06587508002560163,ALIGNED
SCN_002,447,14.8667,TRACKING,481.0,232.0,320.0,240.0,161.0,-8.0,1.00625,-0.05,0.0012520161341869063,0.01587508002560163,0.001001612907349525,0.012700064020481306,1.0059995967731628,-0.053175016005120326,ALIGNED
SCN_002,448,14.9,TRACKING,481.0,234.0,320.0,240.0,161.0,-6.0,1.00625,-0.037500000000000006,0.00025040322683733685,0.01567501600512032,0.0002003225814698695,0.012540012804096258,1.0061999193546327,-0.04063500320102407,ALIGNED
SCN_002,449,14.9333,TRACKING,481.0,237.0,320.0,240.0,161.0,-3.0,1.00625,-0.018750000000000003,5.008064536737855e-05,0.021885003201024066,4.006451629390284e-05,0.017508002560819254,1.0062399838709266,-0.023127000640204814,ALIGNED
SCN_002,450,14.9667,TRACKING,481.0,239.0,320.0,240.0,161.0,-1.0,1.00625,-0.00625,1.001612907347571e-05,0.016877000640204816,8.012903258780569e-06,0.013501600512163854,1.0062479967741853,-0.00962540012804096,ALIGNED
SCN_002,451,15.0,TRACKING,481.0,241.0,320.0,240.0,161.0,1.0,1.00625,0.00625,2.00322581478396e-06,0.01587540012804096,1.602580651827168e-06,0.01270032010243277,1.006249599354837,0.003074919974391809,ALIGNED
SCN_002,452,15.0333,TRACKING,481.0,243.0,320.0,240.0,161.0,3.0,1.00625,0.018750000000000003,4.006451630456098e-07,0.015675080025608194,3.205161304364879e-07,0.012540064020486555,1.0062499198709676,0.015614983994878364,ALIGNED
SCN_002,453,15.0667,TRACKING,481.0,245.0,320.0,240.0,161.0,5.0,1.00625,0.03125,8.012903252030412e-08,0.015635016005121634,6.41032260162433e-08,0.012508012804097308,1.0062499839741936,0.028122996798975675,ALIGNED
SCN_002,454,15.1,TRACKING,481.0,248.0,320.0,240.0,161.0,8.0,1.00625,0.05,1.6025806459651903e-08,0.021877003201024328,1.2820645167721524e-08,0.017501602560819462,1.0062499967948388,0.04562459935979514,ALIGNED
SCN_002,455,15.1333,TRACKING,481.0,250.0,320.0,240.0,161.0,10.0,1.00625,0.0625,3.2051612475214597e-09,0.01687540064020486,2.564128998017168e-09,0.013500320512163889,1.0062499993589678,0.05912491987195903,ALIGNED
SCN_002,456,15.1667,TRACKING,481.0,252.0,320.0,240.0,161.0,12.0,1.00625,0.07500000000000001,6.410323383221339e-10,0.01587508012804098,5.128258706577071e-10,0.012700064102432785,1.0062499998717935,0.07182498397439181,ALIGNED
SCN_002,457,15.2,TRACKING,480.0,254.0,320.0,240.0,160.0,14.0,1.0,0.0875,-0.006249999871793532,0.015675016025608182,-0.004999999897434826,0.012540012820486546,1.0012499999743587,0.08436499679487836,ALIGNED
SCN_002,458,15.2333,TRACKING,480.0,257.0,320.0,240.0,160.0,17.0,1.0,0.10625,-0.0012499999743587065,0.021885003205121642,-0.0009999999794869652,0.017508002564097316,1.0002499999948717,0.10187299935897567,ALIGNED
SCN_002,459,15.2667,TRACKING,480.0,259.0,320.0,240.0,160.0,19.0,1.0,0.11875,-0.0002499999948717413,0.01687700064102432,-0.00019999999589739306,0.013501600512819456,1.0000499999989743,0.11537459987179513,ALIGNED
SCN_002,460,15.3,TRACKING,480.0,261.0,320.0,240.0,160.0,21.0,1.0,0.13124999999999998,-4.999999897425944e-05,0.015875400128204847,-3.9999999179407555e-05,0.012700320102563879,1.000009999999795,0.12807491997435902,ALIGNED
SCN_002,461,15.3333,TRACKING,479.0,263.0,320.0,240.0,159.0,23.0,0.99375,0.14375000000000002,-0.006259999999794874,0.015675080025640997,-0.0050079999998359,0.012540064020512798,0.995001999999959,0.14061498399487182,ALIGNED
SCN_002,462,15.3667,TRACKING,479.0,265.0,320.0,240.0,159.0,25.0,0.99375,0.15625,-0.0012519999999589526,0.015635016005128177,-0.0010015999999671622,0.012508012804102542,0.9940003999999918,0.15312299679897437,ALIGNED
SCN_002,463,15.4,TRACKING,479.0,268.0,320.0,240.0,159.0,28.0,0.99375,0.175,-0.0002503999999917683,0.02187700320102562,-0.00020031999999341467,0.017501602560820496,0.9938000799999984,0.17062459935979488,ALIGNED
SCN_002,464,15.4333,TRACKING,478.0,270.0,320.0,240.0,158.0,30.0,0.9875,0.1875,-0.006300079999998376,0.016875400640205124,-0.005040063999998701,0.013500320512164099,0.9887600159999997,0.18412491987195898,ALIGNED
SCN_002,465,15.4667,TRACKING,478.0,272.0,320.0,240.0,158.0,32.0,0.9875,0.2,-0.0012600159999996974,0.015875080128041036,-0.001008012799999758,0.01270006410243283,0.9877520032,0.1968249839743918,ALIGNED
SCN_002,466,15.5,TRACKING,478.0,274.0,320.0,240.0,158.0,34.0,0.9875,0.2125,-0.0002520031999999617,0.015675016025608196,-0.00020160255999996935,0.012540012820486557,0.98755040064,0.20936499679487836,ALIGNED
SCN_002,467,15.5333,TRACKING,477.0,276.0,320.0,240.0,157.0,36.0,0.98125,0.22499999999999998,-0.006300400640000037,0.015635003205121623,-0.00504032051200003,0.012508002564097299,0.982510080128,0.22187299935897564,ALIGNED
SCN_002,468,15.5667,TRACKING,477.0,279.0,320.0,240.0,157.0,39.0,0.98125,0.24375000000000002,-0.0012600801280000518,0.02187700064102438,-0.0010080641024000415,0.017501600512819505,0.9815020160255999,0.23937459987179516,ALIGNED
SCN_002,469,15.6,TRACKING,476.0,281.0,320.0,240.0,156.0,41.0,0.975,0.25625,-0.006502016025599966,0.01687540012820482,-0.0052016128204799734,0.013500320102563856,0.97630040320512,0.252874919974359,ALIGNED
SCN_002,470,15.6333,TRACKING,475.0,283.0,320.0,240.0,155.0,43.0,0.96875,0.26875,-0.007550403205120015,0.015875080025640975,-0.006040322564096013,0.012700064020512781,0.970260080641024,0.2655749839948718,ALIGNED
SCN_002,471,15.6667,TRACKING,475.0,285.0,320.0,240.0,155.0,45.0,0.96875,0.28125,-0.0015100806410239809,0.015675016005128217,-0.0012080645128191847,0.012540012804102574,0.9690520161282048,0.27811499679897433,ALIGNED
SCN_002,472,15.7,TRACKING,474.0,287.0,320.0,240.0,154.0,47.0,0.9625,0.29375,-0.006552016128204774,0.015635003201025677,-0.005241612902563819,0.012508002560820542,0.9638104032256409,0.29062299935979485,ALIGNED
SCN_002,473,15.7333,TRACKING,474.0,289.0,320.0,240.0,154.0,49.0,0.9625,0.30625,-0.0013104032256409104,0.01562700064020517,-0.0010483225805127284,0.012501600512164136,0.9627620806451282,0.303124599871959,ALIGNED
SCN_002,474,15.7667,TRACKING,473.0,291.0,320.0,240.0,153.0,51.0,0.95625,0.31875,-0.006512080645128204,0.015625400128040978,-0.005209664516102564,0.012500320102432783,0.9575524161290256,0.3156249199743918,ALIGNED
SCN_002,475,15.8,TRACKING,472.0,294.0,320.0,240.0,152.0,54.0,0.95,0.3375,-0.007552416129025685,0.02187508002560823,-0.0060419329032205486,0.017500064020486584,0.9515104832258051,0.3331249839948784,ALIGNED
SCN_002,476,15.8333,TRACKING,471.0,296.0,320.0,240.0,151.0,56.0,0.94375,0.35,-0.007760483225805137,0.01687501600512159,-0.00620838658064411,0.013500012804097274,0.945302096645161,0.3466249967989757,ALIGNED
SCN_002,477,15.8667,TRACKING,471.0,298.0,320.0,240.0,151.0,58.0,0.94375,0.3625,-0.001552096645160983,0.015875003201024307,-0.0012416773161287864,0.012700002560819447,0.9440604193290322,0.3593249993597951,ALIGNED
SCN_002,478,15.9,TRACKING,470.0,300.0,320.0,240.0,150.0,60.0,0.9375,0.375,-0.006560419329032174,0.015675000640204884,-0.00524833546322574,0.012540000512163908,0.9388120838658064,0.37186499987195903,ALIGNED
SCN_002,479,15.9333,TRACKING,469.0,302.0,320.0,240.0,149.0,62.0,0.93125,0.38750000000000007,-0.007562083865806368,0.015635000128041032,-0.006049667092645095,0.012508000102432826,0.9327624167731613,0.38437299997439184,ALIGNED
SCN_002,480,15.9667,TRACKING,468.0,304.0,320.0,240.0,148.0,64.0,0.925,0.4,-0.0077624167731612514,0.015627000025608184,-0.006209933418529001,0.012501600020486548,0.9265524833546323,0.3968745999948784,ALIGNED
SCN_002,481,16.0,TRACKING,467.0,306.0,320.0,240.0,147.0,66.0,0.91875,0.41250000000000003,-0.007802483354632295,0.015625400005121637,-0.0062419866837058365,0.01250032000409731,0.9203104966709265,0.4093749199989757,ALIGNED
SCN_002,482,16.0333,TRACKING,466.0,308.0,320.0,240.0,146.0,68.0,0.9125,0.425,-0.007810496670926481,0.015625080001024305,-0.0062483973367411854,0.012500064000819445,0.9140620993341853,0.4218749839997951,ALIGNED
SCN_002,483,16.0667,TRACKING,465.0,310.0,320.0,240.0,145.0,70.0,0.90625,0.4375,-0.007812099334185252,0.015625016000204883,-0.006249679467348202,0.012500012800163907,0.907812419866837,0.434374996799959,ALIGNED
SCN_002,484,16.1,TRACKING,464.0,312.0,320.0,240.0,144.0,72.0,0.9,0.44999999999999996,-0.007812419866837006,0.015625003200040954,-0.0062499358934696055,0.012500002560032765,0.9015624839733675,0.44687499935999175,ALIGNED
SCN_002,485,16.1333,TRACKING,463.0,314.0,320.0,240.0,143.0,74.0,0.89375,0.4625,-0.007812483973367423,0.01562500064000827,-0.006249987178693939,0.012500000512006615,0.8953124967946735,0.45937499987199837,ALIGNED
SCN_002,486,16.1667,TRACKING,462.0,316.0,320.0,240.0,142.0,76.0,0.8875,0.475,-0.007812496794673551,0.01562500012800161,-0.006249997435738841,0.012500000102401288,0.8890624993589347,0.47187499997439963,ALIGNED
SCN_002,487,16.2,TRACKING,461.0,318.0,320.0,240.0,141.0,78.0,0.88125,0.48750000000000004,-0.007812499358934688,0.01562500002560041,-0.006249999487147751,0.01250000002048033,0.8828124998717869,0.48437499999488,ALIGNED
SCN_002,488,16.2333,TRACKING,460.0,320.0,320.0,240.0,140.0,80.0,0.875,0.5,-0.007812499871786893,0.015625000005120016,-0.006249999897429515,0.012500000004096012,0.8765624999743574,0.496874999998976,ALIGNED
SCN_002,489,16.2667,TRACKING,459.0,322.0,320.0,240.0,139.0,82.0,0.86875,0.5125,-0.007812499974357401,0.01562500000102396,-0.006249999979485921,0.012500000000819168,0.8703124999948715,0.5093749999997952,ALIGNED
SCN_002,490,16.3,TRACKING,458.0,324.0,320.0,240.0,138.0,84.0,0.8625,0.5249999999999999,-0.007812499994871436,0.015625000000204725,-0.006249999995897149,0.012500000000163781,0.8640624999989743,0.521874999999959,ALIGNED
SCN_002,491,16.3333,TRACKING,457.0,326.0,320.0,240.0,137.0,86.0,0.85625,0.5375,-0.007812499998974376,0.015625000000040967,-0.006249999999179501,0.012500000000032775,0.8578124999997948,0.5343749999999918,ALIGNED
SCN_002,492,16.3667,TRACKING,455.0,328.0,320.0,240.0,135.0,88.0,0.84375,0.5499999999999999,-0.014062499999794809,0.015625000000008105,-0.011249999999835848,0.012500000000006485,0.8465624999999589,0.5468749999999983,ALIGNED
SCN_002,493,16.4,TRACKING,454.0,330.0,320.0,240.0,134.0,90.0,0.8375,0.5625,-0.009062499999958895,0.015625000000001665,-0.007249999999967116,0.012500000000001333,0.8393124999999918,0.5593749999999996,ALIGNED
SCN_002,494,16.4333,TRACKING,453.0,331.0,320.0,240.0,133.0,91.0,0.83125,0.56875,-0.008062499999991757,0.009375000000000355,-0.0064499999999934055,0.007500000000000284,0.8328624999999984,0.5668749999999999,ALIGNED
SCN_002,495,16.4667,TRACKING,452.0,333.0,320.0,240.0,132.0,93.0,0.825,0.58125,-0.00786249999999844,0.014375000000000138,-0.006289999999998752,0.01150000000000011,0.8265724999999996,0.578375,ALIGNED
SCN_002,496,16.5,TRACKING,450.0,335.0,320.0,240.0,130.0,95.0,0.8125,0.59375,-0.0140724999999996,0.015375000000000028,-0.01125799999999968,0.012300000000000023,0.8153144999999999,0.590675,ALIGNED
SCN_002,497,16.5333,TRACKING,449.0,337.0,320.0,240.0,129.0,97.0,0.80625,0.60625,-0.00906449999999992,0.015575000000000006,-0.007251599999999936,0.012460000000000006,0.8080629,0.603135,ALIGNED
SCN_002,498,16.5667,TRACKING,448.0,339.0,320.0,240.0,128.0,99.0,0.8,0.6187499999999999,-0.008062899999999984,0.015614999999999934,-0.006450319999999988,0.012491999999999948,0.80161258,0.6156269999999999,ALIGNED
SCN_002,499,16.6,TRACKING,446.0,340.0,320.0,240.0,126.0,100.0,0.7875,0.625,-0.014112580000000041,0.009373000000000076,-0.011290064000000034,0.007498400000000061,0.790322516,0.6231253999999999,ALIGNED
SCN_002,500,16.6333,TRACKING,445.0,342.0,320.0,240.0,125.0,102.0,0.78125,0.6375,-0.00907251600000003,0.014374600000000015,-0.007258012800000025,0.011499680000000012,0.7830645032,0.63462508,ALIGNED
SCN_002,501,16.6667,TRACKING,444.0,344.0,320.0,240.0,124.0,104.0,0.775,0.65,-0.008064503199999962,0.01537492000000007,-0.00645160255999997,0.012299936000000056,0.77661290064,0.646925016,ALIGNED
SCN_002,502,16.7,TRACKING,442.0,346.0,320.0,240.0,122.0,106.0,0.7625,0.6625,-0.014112900640000037,0.015574984000000014,-0.01129032051200003,0.012459987200000012,0.7653225801279999,0.6593850031999999,ALIGNED
SCN_002,503,16.7333,TRACKING,441.0,347.0,320.0,240.0,121.0,107.0,0.75625,0.6687500000000001,-0.00907258012799994,0.009364996800000136,-0.007258064102399953,0.0074919974400001095,0.7580645160256,0.66687700064,ALIGNED
SCN_002,504,16.7667,TRACKING,439.0,349.0,320.0,240.0,119.0,109.0,0.74375,0.68125,-0.014314516025599966,0.014372999360000027,-0.011451612820479974,0.011498399488000022,0.74661290320512,0.678375400128,ALIGNED
SCN_002,505,16.8,TRACKING,438.0,351.0,320.0,240.0,118.0,111.0,0.7375,0.6937500000000001,-0.009112903205119927,0.015374599872000072,-0.007290322564095942,0.012299679897600058,0.7393225806410241,0.6906750800256001,ALIGNED
SCN_002,506,16.8333,TRACKING,436.0,352.0,320.0,240.0,116.0,112.0,0.725,0.7,-0.014322580641024096,0.009324919974399881,-0.011458064512819277,0.007459935979519905,0.7278645161282048,0.69813501600512,ALIGNED
SCN_002,507,16.8667,TRACKING,435.0,354.0,320.0,240.0,115.0,114.0,0.71875,0.7124999999999999,-0.009114516128204797,0.014364983994879954,-0.007291612902563838,0.011491987195903964,0.7205729032256409,0.7096270032010239,ALIGNED
SCN_002,508,16.9,TRACKING,433.0,355.0,320.0,240.0,113.0,115.0,0.70625,0.71875,-0.014322903225640893,0.009122996798976102,-0.011458322580512714,0.007298397439180882,0.7091145806451282,0.7169254006402048,ALIGNED
SCN_002,509,16.9333,TRACKING,431.0,357.0,320.0,240.0,111.0,117.0,0.69375,0.73125,-0.015364580645128245,0.014324599359795132,-0.012291664516102597,0.011459679487836105,0.6968229161290256,0.7283850801280409,ALIGNED
SCN_002,510,16.9667,TRACKING,430.0,358.0,320.0,240.0,110.0,118.0,0.6875,0.7374999999999999,-0.009322916129025582,0.009114919871959004,-0.007458332903220466,0.007291935897567204,0.6893645832258051,0.7356770160256081,ALIGNED
SCN_002,511,17.0,TRACKING,428.0,360.0,320.0,240.0,108.0,120.0,0.675,0.75,-0.014364583225805028,0.014322983974391912,-0.011491666580644024,0.01145838717951353,0.677872916645161,0.7471354032051216,ALIGNED
SCN_002,512,17.0333,TRACKING,426.0,361.0,320.0,240.0,106.0,121.0,0.6625,0.75625,-0.01537291664516105,0.00911459679487836,-0.01229833331612884,0.007291677435902689,0.6655745833290322,0.7544270806410243,ALIGNED
SCN_002,513,17.0667,TRACKING,425.0,363.0,320.0,240.0,105.0,123.0,0.65625,0.7687499999999999,-0.009324583329032188,0.014322919358975672,-0.007459666663225751,0.011458335487180539,0.6581149166658065,0.7658854161282048,ALIGNED
SCN_002,514,17.1,TRACKING,423.0,364.0,320.0,240.0,103.0,124.0,0.64375,0.7750000000000001,-0.014364916665806415,0.009114583871795312,-0.011491933332645133,0.00729166709743625,0.6466229833331614,0.773177083225641,ALIGNED
SCN_002,515,17.1333,TRACKING,421.0,366.0,320.0,240.0,101.0,126.0,0.63125,0.7875000000000001,-0.015372983333161394,0.01432291677435904,-0.012298386666529116,0.011458333419487233,0.6343245966666322,0.7846354166451283,ALIGNED
SCN_002,516,17.1667,TRACKING,420.0,367.0,320.0,240.0,100.0,127.0,0.625,0.79375,-0.009324596666632212,0.009114583354871697,-0.00745967733330577,0.007291666683897358,0.6268649193333264,0.7919270833290256,ALIGNED
SCN_002,517,17.2,TRACKING,418.0,368.0,320.0,240.0,98.0,128.0,0.6125,0.8,-0.014364919333326398,0.008072916670974428,-0.01149193546666112,0.006458333336779543,0.6153729838666653,0.7983854166658052,ALIGNED
SCN_002,518,17.2333,TRACKING,416.0,370.0,320.0,240.0,96.0,130.0,0.6,0.8125,-0.015372983866665302,0.014114583334194797,-0.012298387093332242,0.011291666667355838,0.6030745967733331,0.809677083333161,ALIGNED
SCN_002,519,17.2667,TRACKING,414.0,371.0,320.0,240.0,94.0,131.0,0.5875,0.8187499999999999,-0.01557459677333306,0.009072916666838848,-0.01245967741866645,0.007258333333471079,0.5906149193546666,0.816935416666632,ALIGNED
SCN_002,520,17.3,TRACKING,412.0,372.0,320.0,240.0,92.0,132.0,0.575,0.8250000000000001,-0.015614919354666634,0.008064583333368014,-0.012491935483733308,0.0064516666666944115,0.5781229838709333,0.8233870833333264,ALIGNED
SCN_002,521,17.3333,TRACKING,410.0,374.0,320.0,240.0,90.0,134.0,0.5625,0.8375,-0.015622983870933305,0.01411291666667358,-0.012498387096746645,0.011290333333338865,0.5656245967741866,0.8346774166666653,ALIGNED
SCN_002,522,17.3667,TRACKING,409.0,375.0,320.0,240.0,89.0,135.0,0.55625,0.84375,-0.009374596774186617,0.009072583333334716,-0.007499677419349294,0.007258066666667774,0.5581249193548373,0.841935483333333,ALIGNED
SCN_002,523,17.4,TRACKING,407.0,376.0,320.0,240.0,87.0,136.0,0.54375,0.85,-0.014374919354837368,0.008064516666666965,-0.011499935483869895,0.006451613333333573,0.5466249838709675,0.8483870966666666,ALIGNED
SCN_002,524,17.4333,TRACKING,405.0,377.0,320.0,240.0,85.0,137.0,0.53125,0.85625,-0.015374983870967474,0.007862903333333393,-0.01229998709677398,0.006290322666666715,0.5343249967741935,0.8546774193333333,ALIGNED
SCN_002,525,17.4667,TRACKING,403.0,378.0,320.0,240.0,83.0,138.0,0.51875,0.8624999999999999,-0.015574996774193495,0.007822580666666634,-0.012459997419354796,0.006258064533333308,0.5218649993548388,0.8609354838666666,ALIGNED
SCN_002,526,17.5,TRACKING,401.0,380.0,320.0,240.0,81.0,140.0,0.50625,0.875,-0.015614999354838788,0.014064516133333371,-0.01249199948387103,0.011251612906666698,0.5093729998709677,0.8721870967733333,ALIGNED
SCN_002,527,17.5333,TRACKING,399.0,381.0,320.0,240.0,79.0,141.0,0.49375,0.8812500000000001,-0.015622999870967713,0.009062903226666807,-0.01249839989677417,0.007250322581333447,0.4968745999741936,0.8794374193546667,ALIGNED
SCN_002,528,17.5667,TRACKING,397.0,382.0,320.0,240.0,77.0,142.0,0.48125,0.8875,-0.015624599974193576,0.008062580645333273,-0.01249967997935486,0.006450064516266618,0.4843749199948387,0.8858874838709333,ALIGNED
SCN_002,529,17.6,TRACKING,395.0,383.0,320.0,240.0,75.0,143.0,0.46875,0.89375,-0.015624919994838726,0.007862516129066743,-0.012499935995870981,0.006290012903253395,0.47187498399896777,0.8921774967741867,ALIGNED
SCN_002,530,17.6333,TRACKING,393.0,384.0,320.0,240.0,73.0,144.0,0.45625,0.8999999999999999,-0.015624983998967779,0.007822503225813238,-0.012499987199174223,0.0062580025806505905,0.45937499679979354,0.8984354993548372,ALIGNED
SCN_002,531,17.6667,TRACKING,391.0,385.0,320.0,240.0,71.0,145.0,0.44375,0.90625,-0.015624996799793567,0.007814500645162759,-0.012499997439834855,0.0062516005161302075,0.44687499935995867,0.9046870998709674,ALIGNED
SCN_002,532,17.7,TRACKING,389.0,386.0,320.0,240.0,69.0,146.0,0.43125,0.9124999999999999,-0.015624999359958647,0.007812900129032463,-0.012499999487966918,0.0062503201032259705,0.43437499987199174,0.9109374199741934,ALIGNED
SCN_002,533,17.7333,TRACKING,387.0,387.0,320.0,240.0,67.0,147.0,0.41875,0.9187500000000001,-0.01562499987199173,0.007812580025806648,-0.012499999897593385,0.006250064020645318,0.42187499997439837,0.9171874839948387,ALIGNED
SCN_002,534,17.7667,TRACKING,385.0,388.0,320.0,240.0,65.0,148.0,0.40625,0.925,-0.015624999974398368,0.007812516005161307,-0.012499999979518695,0.0062500128041290464,0.4093749999948797,0.9234374967989678,ALIGNED
SCN_002,535,17.8,TRACKING,383.0,388.0,320.0,240.0,63.0,148.0,0.39375,0.925,-0.015624999994879707,0.0015625032010322393,-0.012499999995903767,0.0012500025608257915,0.3968749999989759,0.9246874993597936,ALIGNED
SCN_002,536,17.8333,TRACKING,381.0,389.0,320.0,240.0,61.0,149.0,0.38125,0.93125,-0.01562499999897593,0.00656250064020647,-0.012499999999180745,0.005250000512165176,0.3843749999997952,0.9299374998719587,ALIGNED
SCN_002,537,17.8667,TRACKING,379.0,390.0,320.0,240.0,59.0,150.0,0.36875,0.9375,-0.015624999999795164,0.007562500128041272,-0.012499999999836132,0.006050000102433018,0.37187499999995904,0.9359874999743918,ALIGNED
SCN_002,538,17.9,TRACKING,377.0,391.0,320.0,240.0,57.0,151.0,0.35625,0.94375,-0.015624999999959033,0.007762500025608188,-0.012499999999967227,0.00621000002048655,0.35937499999999184,0.9421974999948783,ALIGNED
SCN_002,539,17.9333,TRACKING,375.0,392.0,320.0,240.0,55.0,152.0,0.34375,0.95,-0.01562499999999184,0.007802500005121615,-0.012499999999993473,0.006242000004097293,0.3468749999999984,0.9484394999989756,ALIGNED
SCN_002,540,17.9667,TRACKING,373.0,392.0,320.0,240.0,53.0,152.0,0.33125,0.95,-0.01562499999999839,0.0015605000010243675,-0.012499999999998714,0.001248400000819494,0.33437499999999964,0.9496878999997951,ALIGNED
SCN_002,541,18.0,TRACKING,370.0,393.0,320.0,240.0,50.0,153.0,0.3125,0.9562499999999999,-0.021874999999999645,0.006562100000204851,-0.017499999999999717,0.0052496800001638816,0.3168749999999999,0.954937579999959,ALIGNED
SCN_002,542,18.0333,TRACKING,368.0,394.0,320.0,240.0,48.0,154.0,0.3,0.9625000000000001,-0.016874999999999918,0.007562420000041148,-0.013499999999999936,0.006049936000032919,0.30337499999999995,0.9609875159999919,ALIGNED
SCN_002,543,18.0667,TRACKING,366.0,394.0,320.0,240.0,46.0,154.0,0.2875,0.9625000000000001,-0.015874999999999972,0.0015124840000082518,-0.012699999999999979,0.0012099872000066016,0.29067499999999996,0.9621975031999985,ALIGNED
SCN_002,544,18.1,TRACKING,364.0,395.0,320.0,240.0,44.0,155.0,0.275,0.96875,-0.01567499999999994,0.006552496800001473,-0.012539999999999952,0.005241997440001179,0.278135,0.9674395006399997,ALIGNED
SCN_002,545,18.1333,TRACKING,362.0,396.0,320.0,240.0,42.0,156.0,0.2625,0.9750000000000001,-0.01563500000000001,0.007560499360000361,-0.012508000000000009,0.006048399488000289,0.265627,0.973487900128,ALIGNED
SCN_002,546,18.1667,TRACKING,360.0,396.0,320.0,240.0,40.0,156.0,0.25,0.9750000000000001,-0.015627000000000002,0.0015120998720000722,-0.012501600000000002,0.0012096798976000578,0.2531254,0.9746975800256,ALIGNED
SCN_002,547,18.2,TRACKING,358.0,397.0,320.0,240.0,38.0,157.0,0.2375,0.98125,-0.01562540000000001,0.006552419974399926,-0.01250032000000001,0.0052419359795199405,0.24062508,0.97993951600512,ALIGNED
SCN_002,548,18.2333,TRACKING,355.0,397.0,320.0,240.0,35.0,157.0,0.21875,0.98125,-0.02187507999999999,0.0013104839948799851,-0.017500063999999992,0.0010483871959039881,0.223125016,0.9809879032010239,ALIGNED
SCN_002,549,18.2667,TRACKING,353.0,398.0,320.0,240.0,33.0,158.0,0.20625,0.9875,-0.01687501600000002,0.00651209679897613,-0.013500012800000016,0.0052096774391809045,0.2096250032,0.9861975806402048,ALIGNED
SCN_002,550,18.3,TRACKING,351.0,398.0,320.0,240.0,31.0,158.0,0.19375,0.9875,-0.015875003199999987,0.0013024193597952483,-0.012700002559999991,0.0010419354878361986,0.19692500064000001,0.987239516128041,ALIGNED
SCN_002,551,18.3333,TRACKING,349.0,399.0,320.0,240.0,29.0,159.0,0.18125,0.9937499999999999,-0.01567500064000002,0.006510483871958961,-0.012540000512000016,0.005208387097567169,0.184385000128,0.9924479032256082,ALIGNED
SCN_002,552,18.3667,TRACKING,347.0,399.0,320.0,240.0,27.0,159.0,0.16875,0.9937499999999999,-0.01563500012799998,0.0013020967743917478,-0.012508000102399986,0.0010416774195133982,0.1718770000256,0.9934895806451216,ALIGNED
SCN_002,553,18.4,TRACKING,344.0,399.0,320.0,240.0,24.0,159.0,0.15,0.9937499999999999,-0.021877000025600002,0.00026041935487830514,-0.017501600020480002,0.00020833548390264411,0.15437540000511998,0.9936979161290243,ALIGNED
SCN_002,554,18.4333,TRACKING,342.0,400.0,320.0,240.0,22.0,160.0,0.1375,1.0,-0.016875400005119973,0.00630208387097575,-0.013500320004095978,0.005041667096780601,0.140875080001024,0.9987395832258048,ALIGNED
SCN_002,555,18.4667,TRACKING,340.0,400.0,320.0,240.0,20.0,160.0,0.125,1.0,-0.015875080001024,0.0012604167741951944,-0.012700064000819201,0.0010083334193561556,0.1281750160002048,0.9997479166451609,ALIGNED
SCN_002,556,18.5,TRACKING,338.0,400.0,320.0,240.0,18.0,160.0,0.1125,1.0,-0.01567501600020481,0.0002520833548390611,-0.012540012800163848,0.00020166668387124889,0.11563500320004097,0.9999495833290322,ALIGNED
SCN_002,557,18.5333,TRACKING,336.0,400.0,320.0,240.0,16.0,160.0,0.1,1.0,-0.015635003200040964,5.041667096783442e-05,-0.012508002560032773,4.033333677426754e-05,0.1031270006400082,0.9999899166658064,ALIGNED
SCN_002,558,18.5667,TRACKING,333.0,401.0,320.0,240.0,13.0,161.0,0.08125,1.0062499999999999,-0.021877000640008193,0.006260083334193478,-0.017501600512006554,0.005008066667354783,0.08562540012800164,1.0049979833331613,ALIGNED
SCN_002,559,18.6,TRACKING,331.0,401.0,320.0,240.0,11.0,161.0,0.06875,1.0062499999999999,-0.016875400128001636,0.0012520166668386068,-0.01350032010240131,0.0010016133334708854,0.07212508002560034,1.0059995966666322,ALIGNED
SCN_002,560,18.6333,TRACKING,329.0,401.0,320.0,240.0,9.0,161.0,0.05625,1.0062499999999999,-0.015875080025600334,0.00025040333336767695,-0.012700064020480267,0.00020032266669414158,0.05942501600512007,1.0061999193333264,ALIGNED
SCN_002,561,18.6667,TRACKING,327.0,401.0,320.0,240.0,7.0,161.0,0.04375,1.0062499999999999,-0.01567501600512007,5.008066667344657e-05,-0.012540012804096057,4.006453333875726e-05,0.04688500320102401,1.0062399838666651,ALIGNED
SCN_002,562,18.7,TRACKING,324.0,401.0,320.0,240.0,4.0,161.0,0.025,1.0062499999999999,-0.02188500320102401,1.0016133334733723e-05,-0.01750800256081921,8.01290666778698e-06,0.029377000640204803,1.0062479967733329,ALIGNED
SCN_002,563,18.7333,TRACKING,322.0,401.0,320.0,240.0,2.0,161.0,0.0125,1.0062499999999999,-0.016877000640204802,2.0032266669911536e-06,-0.013501600512163842,1.602581333592923e-06,0.01587540012804096,1.0062495993546665,ALIGNED
SCN_002,564,18.7667,TRACKING,320.0,401.0,320.0,240.0,0.0,161.0,0.0,1.0062499999999999,-0.01587540012804096,4.006453333538218e-07,-0.01270032010243277,3.2051626668305745e-07,0.003175080025608191,1.0062499198709332,ALIGNED
SCN_002,565,18.8,TRACKING,318.0,401.0,320.0,240.0,-2.0,161.0,-0.0125,1.0062499999999999,-0.01567508002560819,8.012906671517328e-08,-0.012540064020486553,6.410325337213862e-08,-0.009364983994878362,1.0062499839741865,ALIGNED
SCN_002,566,18.8333,TRACKING,315.0,401.0,320.0,240.0,-5.0,161.0,-0.03125,1.0062499999999999,-0.02188501600512164,1.6025813343034656e-08,-0.017508012804097313,1.2820650674427725e-08,-0.026872996798975674,1.0062499967948373,ALIGNED
SCN_002,567,18.8667,TRACKING,313.0,401.0,320.0,240.0,-7.0,161.0,-0.04375,1.0062499999999999,-0.016877003201024324,3.2051625797890892e-09,-0.01350160256081946,2.5641300638312716e-09,-0.040374599359795135,1.0062499993589673,ALIGNED
SCN_002,568,18.9,TRACKING,311.0,401.0,320.0,240.0,-9.0,161.0,-0.05625,1.0062499999999999,-0.015875400640204866,6.410325603667388e-10,-0.012700320512163894,5.128260482933911e-10,-0.05307491987195903,1.0062499998717933,ALIGNED
SCN_002,569,18.9333,TRACKING,309.0,401.0,320.0,240.0,-11.0,161.0,-0.06875,1.0062499999999999,-0.015675080128040975,1.2820655648226875e-10,-0.012540064102432781,1.0256524518581501e-10,-0.0656149839743918,1.0062499999743586,ALIGNED
SCN_002,570,18.9667,TRACKING,307.0,400.0,320.0,240.0,-13.0,160.0,-0.08125,1.0,-0.015635016025608198,-0.0062499999743586,-0.01250801282048656,-0.00499999997948688,-0.07812299679487836,1.0012499999948716,ALIGNED
SCN_002,571,19.0,TRACKING,304.0,400.0,320.0,240.0,-16.0,160.0,-0.1,1.0,-0.021877003205121648,-0.0012499999948716312,-0.01750160256409732,-0.000999999995897305,-0.09562459935897567,1.0002499999989742,ALIGNED
SCN_002,572,19.0333,TRACKING,302.0,400.0,320.0,240.0,-18.0,160.0,-0.1125,1.0,-0.01687540064102433,-0.0002499999989742374,-0.013500320512819464,-0.00019999999917938994,-0.10912491987179514,1.000049999999795,ALIGNED
SCN_002,573,19.0667,TRACKING,300.0,400.0,320.0,240.0,-20.0,160.0,-0.125,1.0,-0.015875080128204863,-4.99999997949363e-05,-0.012700064102563892,-3.999999983594904e-05,-0.12182498397435904,1.000009999999959,ALIGNED
SCN_002,574,19.1,TRACKING,298.0,399.0,320.0,240.0,-22.0,159.0,-0.1375,0.9937499999999999,-0.015675016025640975,-0.006259999999959076,-0.01254001282051278,-0.005007999999967261,-0.13436499679487182,0.9950019999999917,ALIGNED
SCN_002,575,19.1333,TRACKING,295.0,399.0,320.0,240.0,-25.0,159.0,-0.15625,0.9937499999999999,-0.02188500320512818,-0.0012519999999918152,-0.017508002564102544,-0.0010015999999934521,-0.15187299935897436,0.9940003999999982,ALIGNED
SCN_002,576,19.1667,TRACKING,293.0,399.0,320.0,240.0,-27.0,159.0,-0.16875,0.9937499999999999,-0.016877000641025652,-0.00025039999999831863,-0.013501600512820523,-0.00020031999999865492,-0.16537459987179487,0.9938000799999995,ALIGNED
SCN_002,577,19.2,TRACKING,291.0,398.0,320.0,240.0,-29.0,158.0,-0.18125,0.9875,-0.015875400128205125,-0.006300079999999486,-0.0127003201025641,-0.005040063999999589,-0.17807491997435898,0.988760016,ALIGNED
SCN_002,578,19.2333,TRACKING,289.0,398.0,320.0,240.0,-31.0,158.0,-0.19375,0.9875,-0.015675080025641025,-0.0012600159999999194,-0.01254006402051282,-0.0010080127999999356,-0.1906149839948718,0.9877520032,ALIGNED
SCN_002,579,19.2667,TRACKING,287.0,397.0,320.0,240.0,-33.0,157.0,-0.20625,0.98125,-0.015635016005128177,-0.0065020032000000505,-0.012508012804102542,-0.005201602560000041,-0.20312299679897436,0.98255040064,ALIGNED
SCN_002,580,19.3,TRACKING,284.0,397.0,320.0,240.0,-36.0,157.0,-0.225,0.98125,-0.021877003201025647,-0.0013004006400000323,-0.017501602560820517,-0.0010403205120000259,-0.22062459935979487,0.981510080128,ALIGNED
SCN_002,581,19.3333,TRACKING,282.0,396.0,320.0,240.0,-38.0,156.0,-0.2375,0.9750000000000001,-0.016875400640205124,-0.006510080127999918,-0.013500320512164099,-0.005208064102399934,-0.23412491987195896,0.9763020160256001,ALIGNED
SCN_002,582,19.3667,TRACKING,280.0,396.0,320.0,240.0,-40.0,156.0,-0.25,0.9750000000000001,-0.015875080128041036,-0.0013020160255999835,-0.01270006410243283,-0.0010416128204799868,-0.2468249839743918,0.9752604032051201,ALIGNED
SCN_002,583,19.4,TRACKING,278.0,395.0,320.0,240.0,-42.0,155.0,-0.2625,0.96875,-0.015675016025608224,-0.0065104032051200855,-0.01254001282048658,-0.005208322564096069,-0.25936499679487834,0.970052080641024,ALIGNED
SCN_002,584,19.4333,TRACKING,276.0,394.0,320.0,240.0,-44.0,154.0,-0.275,0.9625000000000001,-0.015635003205121678,-0.007552080641023862,-0.012508002564097342,-0.00604166451281909,-0.2718729993589757,0.9640104161282049,ALIGNED
SCN_002,585,19.4667,TRACKING,274.0,394.0,320.0,240.0,-46.0,154.0,-0.2875,0.9625000000000001,-0.01562700064102429,-0.0015104161282047945,-0.012501600512819434,-0.0012083329025638356,-0.28437459987179514,0.9628020832256411,ALIGNED
SCN_002,586,19.5,TRACKING,272.0,393.0,320.0,240.0,-48.0,153.0,-0.3,0.9562499999999999,-0.015625400128204847,-0.006552083225641159,-0.012500320102563878,-0.0052416665805129275,-0.296874919974359,0.9575604166451281,ALIGNED
SCN_002,587,19.5333,TRACKING,269.0,392.0,320.0,240.0,-51.0,152.0,-0.31875,0.95,-0.02187508002564098,-0.007560416645128187,-0.017500064020512785,-0.00604833331610255,-0.3143749839948718,0.9515120833290256,ALIGNED
SCN_002,588,19.5667,TRACKING,267.0,392.0,320.0,240.0,-53.0,152.0,-0.33125,0.95,-0.016875016005128196,-0.0015120833290256375,-0.013500012804102558,-0.00120966666322051,-0.32787499679897436,0.9503024166658051,ALIGNED
SCN_002,589,19.6,TRACKING,265.0,391.0,320.0,240.0,-55.0,151.0,-0.34375,0.94375,-0.01587500320102564,-0.006552416665805083,-0.012700002560820512,-0.005241933332644067,-0.34057499935979485,0.945060483333161,ALIGNED
SCN_002,590,19.6333,TRACKING,263.0,390.0,320.0,240.0,-57.0,150.0,-0.35625,0.9375,-0.01567500064020516,-0.00756048333316095,-0.01254000051216413,-0.00604838666652876,-0.353114999871959,0.9390120966666322,ALIGNED
SCN_002,591,19.6667,TRACKING,261.0,389.0,320.0,240.0,-59.0,149.0,-0.36875,0.93125,-0.015635000128041032,-0.00776209666663219,-0.012508000102432826,-0.006209677333305752,-0.3656229999743918,0.9328024193333264,ALIGNED
SCN_002,592,19.7,TRACKING,259.0,389.0,320.0,240.0,-61.0,149.0,-0.38125,0.93125,-0.015627000025608184,-0.0015524193333263936,-0.012501600020486548,-0.001241935466661115,-0.37812459999487835,0.9315604838666653,ALIGNED
SCN_002,593,19.7333,TRACKING,257.0,388.0,320.0,240.0,-63.0,148.0,-0.39375,0.925,-0.015625400005121637,-0.006560483866665301,-0.01250032000409731,-0.005248387093332241,-0.39062491999897564,0.9263120967733331,ALIGNED
SCN_002,594,19.7667,TRACKING,255.0,387.0,320.0,240.0,-65.0,147.0,-0.40625,0.9187500000000001,-0.01562508000102436,-0.007562096773333082,-0.012500064000819489,-0.006049677418666466,-0.40312498399979513,0.9202624193546667,ALIGNED
SCN_002,595,19.8,TRACKING,253.0,386.0,320.0,240.0,-67.0,146.0,-0.41875,0.9124999999999999,-0.015625016000204883,-0.007762419354666816,-0.012500012800163907,-0.006209935483733453,-0.415624996799959,0.9140524838709332,ALIGNED
SCN_002,596,19.8333,TRACKING,251.0,385.0,320.0,240.0,-69.0,145.0,-0.43125,0.90625,-0.01562500320004101,-0.007802483870933186,-0.012500002560032808,-0.006241987096746549,-0.4281249993599918,0.9078104967741867,ALIGNED
SCN_002,597,19.8667,TRACKING,249.0,384.0,320.0,240.0,-71.0,144.0,-0.44375,0.8999999999999999,-0.015625000640008158,-0.00781049677418677,-0.012500000512006526,-0.0062483974193494165,-0.4406249998719983,0.9015620993548372,ALIGNED
SCN_002,598,19.9,TRACKING,247.0,383.0,320.0,240.0,-73.0,143.0,-0.45625,0.89375,-0.015625000128001665,-0.0078120993548371764,-0.012500000102401333,-0.006249679483869741,-0.45312499997439964,0.8953124198709674,ALIGNED
SCN_002,599,19.9333,TRACKING,245.0,382.0,320.0,240.0,-75.0,142.0,-0.46875,0.8875,-0.015625000025600355,-0.00781241987096748,-0.012500000020480285,-0.006249935896773984,-0.46562499999487994,0.8890624839741934,ALIGNED
SCN_002,600,19.9667,TRACKING,243.0,381.0,320.0,240.0,-77.0,141.0,-0.48125,0.8812500000000001,-0.01562500000512007,-0.007812483974193318,-0.012500000004096058,-0.006249987179354655,-0.478124999998976,0.8828124967948388,ALIGNED
SCN_002,601,20.0,TRACKING,241.0,380.0,320.0,240.0,-79.0,140.0,-0.49375,0.875,-0.015625000001024014,-0.0078124967948387525,-0.012500000000819212,-0.006249997435871003,-0.4906249999997952,0.8765624993589678,ALIGNED
SCN_002,602,20.0333,TRACKING,239.0,378.0,320.0,240.0,-81.0,138.0,-0.50625,0.8624999999999999,-0.01562500000020478,-0.014062499358967862,-0.012500000000163825,-0.01124999948717429,-0.503124999999959,0.8653124998717935,ALIGNED
SCN_002,603,20.0667,TRACKING,237.0,377.0,320.0,240.0,-83.0,137.0,-0.51875,0.85625,-0.015625000000041078,-0.009062499871793528,-0.012500000000032863,-0.007249999897434823,-0.5156249999999918,0.8580624999743587,ALIGNED
SCN_002,604,20.1,TRACKING,235.0,376.0,320.0,240.0,-85.0,136.0,-0.53125,0.85,-0.015625000000008216,-0.008062499974358706,-0.012500000000006574,-0.006449999979486965,-0.5281249999999984,0.8516124999948718,ALIGNED
SCN_002,605,20.1333,TRACKING,233.0,375.0,320.0,240.0,-87.0,135.0,-0.54375,0.84375,-0.015625000000001554,-0.007862499994871763,-0.012500000000001244,-0.006289999995897411,-0.5406249999999997,0.8453224999989744,ALIGNED
SCN_002,606,20.1667,TRACKING,232.0,374.0,320.0,240.0,-88.0,134.0,-0.55,0.8375,-0.009375000000000355,-0.00782249999897433,-0.007500000000000284,-0.006257999999179465,-0.548125,0.8390644999997949,ALIGNED
SCN_002,607,20.2,TRACKING,230.0,372.0,320.0,240.0,-90.0,132.0,-0.5625,0.8250000000000001,-0.014375000000000027,-0.014064499999794866,-0.011500000000000022,-0.011251599999835894,-0.559625,0.827812899999959,ALIGNED
SCN_002,608,20.2333,TRACKING,228.0,371.0,320.0,240.0,-92.0,131.0,-0.575,0.8187499999999999,-0.015374999999999917,-0.009062899999959129,-0.012299999999999934,-0.007250319999967303,-0.571925,0.8205625799999917,ALIGNED
SCN_002,609,20.2667,TRACKING,226.0,370.0,320.0,240.0,-94.0,130.0,-0.5875,0.8125,-0.015575000000000006,-0.008062579999991715,-0.012460000000000006,-0.006450063999993372,-0.584385,0.8141125159999983,ALIGNED
SCN_002,610,20.3,TRACKING,224.0,368.0,320.0,240.0,-96.0,128.0,-0.6,0.8,-0.015614999999999934,-0.014112515999998299,-0.012491999999999948,-0.011290012799998639,-0.596877,0.8028225031999997,ALIGNED
SCN_002,611,20.3333,TRACKING,223.0,367.0,320.0,240.0,-97.0,127.0,-0.60625,0.79375,-0.009372999999999965,-0.009072503199999749,-0.007498399999999972,-0.0072580025599997995,-0.6043754,0.79556450064,ALIGNED
SCN_002,612,20.3667,TRACKING,221.0,366.0,320.0,240.0,-99.0,126.0,-0.61875,0.7875000000000001,-0.014374600000000015,-0.008064500639999861,-0.011499680000000012,-0.006451600511999889,-0.61587508,0.7891129001280001,ALIGNED
SCN_002,613,20.4,TRACKING,219.0,364.0,320.0,240.0,-101.0,124.0,-0.63125,0.7750000000000001,-0.015374919999999959,-0.014112900127999928,-0.012299935999999968,-0.011290320102399942,-0.628175016,0.7778225800256001,ALIGNED
SCN_002,614,20.4333,TRACKING,217.0,363.0,320.0,240.0,-103.0,123.0,-0.64375,0.7687499999999999,-0.015574984000000014,-0.009072580025600185,-0.012459987200000012,-0.007258064020480149,-0.6406350032,0.77056451600512,ALIGNED
SCN_002,615,20.4667,TRACKING,216.0,361.0,320.0,240.0,-104.0,121.0,-0.65,0.75625,-0.009364996800000025,-0.014314516005120015,-0.00749199744000002,-0.011451612804096012,-0.6481270006400001,0.759112903201024,ALIGNED
SCN_002,616,20.5,TRACKING,214.0,360.0,320.0,240.0,-106.0,120.0,-0.6625,0.75,-0.014372999359999916,-0.00911290320102398,-0.011498399487999933,-0.007290322560819185,-0.659625400128,0.7518225806402048,ALIGNED
SCN_002,617,20.5333,TRACKING,212.0,358.0,320.0,240.0,-108.0,118.0,-0.675,0.7374999999999999,-0.015374599872000072,-0.014322580640204863,-0.012299679897600058,-0.011458064512163892,-0.6719250800256,0.7403645161280409,ALIGNED
SCN_002,618,20.5667,TRACKING,211.0,357.0,320.0,240.0,-109.0,117.0,-0.68125,0.73125,-0.009324919974399992,-0.009114516128040928,-0.007459935979519994,-0.0072916129024327425,-0.67938501600512,0.7330729032256081,ALIGNED
SCN_002,619,20.6,TRACKING,209.0,355.0,320.0,240.0,-111.0,115.0,-0.69375,0.71875,-0.014364983994879954,-0.014322903225608141,-0.011491987195903964,-0.011458322580486513,-0.690877003201024,0.7216145806451216,ALIGNED
SCN_002,620,20.6333,TRACKING,207.0,354.0,320.0,240.0,-113.0,114.0,-0.70625,0.7124999999999999,-0.01537299679897608,-0.009114580645121717,-0.012298397439180864,-0.007291664516097374,-0.7031754006402048,0.7143229161290242,ALIGNED
SCN_002,621,20.6667,TRACKING,206.0,352.0,320.0,240.0,-114.0,112.0,-0.7125,0.7,-0.009324599359795238,-0.014322916129024255,-0.007459679487836191,-0.011458332903219404,-0.710635080128041,0.7028645832258048,ALIGNED
SCN_002,622,20.7,TRACKING,204.0,351.0,320.0,240.0,-116.0,111.0,-0.725,0.6937500000000001,-0.014364919871958981,-0.009114583225804718,-0.011491935897567186,-0.007291666580643775,-0.7221270160256081,0.6955729166451611,ALIGNED
SCN_002,623,20.7333,TRACKING,203.0,349.0,320.0,240.0,-117.0,109.0,-0.73125,0.68125,-0.009122983974391818,-0.014322916645161055,-0.007298387179513455,-0.011458333316128845,-0.7294254032051216,0.6841145833290322,ALIGNED
SCN_002,624,20.7667,TRACKING,201.0,347.0,320.0,240.0,-119.0,107.0,-0.74375,0.6687500000000001,-0.014324596794878408,-0.015364583329032122,-0.011459677435902727,-0.012291666663225698,-0.7408850806410243,0.6718229166658065,ALIGNED
SCN_002,625,20.8,TRACKING,200.0,346.0,320.0,240.0,-120.0,106.0,-0.75,0.6625,-0.009114919358975682,-0.009322916665806535,-0.007291935487180545,-0.007458333332645228,-0.7481770161282049,0.6643645833331613,ALIGNED
SCN_002,626,20.8333,TRACKING,198.0,344.0,320.0,240.0,-122.0,104.0,-0.7625,0.65,-0.014322983871795092,-0.014364583333161263,-0.011458387097436074,-0.01149166666652901,-0.7596354032256409,0.6528729166666323,ALIGNED
SCN_002,627,20.8667,TRACKING,197.0,342.0,320.0,240.0,-123.0,102.0,-0.76875,0.6375,-0.009114596774359107,-0.01537291666663232,-0.007291677419487286,-0.012298333333305857,-0.7669270806451283,0.6405745833333264,ALIGNED
SCN_002,628,20.9,TRACKING,196.0,340.0,320.0,240.0,-124.0,100.0,-0.775,0.625,-0.008072919354871755,-0.015574583333326397,-0.006458335483897404,-0.012459666666661118,-0.7733854161290257,0.6281149166666653,ALIGNED
SCN_002,629,20.9333,TRACKING,194.0,339.0,320.0,240.0,-126.0,99.0,-0.7875,0.6187499999999999,-0.014114583870974307,-0.00936491666666539,-0.011291667096779446,-0.007491933333332312,-0.7846770832258051,0.620622983333333,ALIGNED
SCN_002,630,20.9667,TRACKING,193.0,337.0,320.0,240.0,-127.0,97.0,-0.79375,0.60625,-0.009072916774194861,-0.014372983333333034,-0.007258333419355889,-0.011498386666666428,-0.791935416645161,0.6091245966666665,ALIGNED
SCN_002,631,21.0,TRACKING,192.0,335.0,320.0,240.0,-128.0,95.0,-0.8,0.59375,-0.008064583354839061,-0.015374596666666518,-0.0064516666838712496,-0.012299677333333215,-0.7983870833290322,0.5968249193333333,ALIGNED
SCN_002,632,21.0333,TRACKING,190.0,333.0,320.0,240.0,-130.0,93.0,-0.8125,0.58125,-0.014112916670967812,-0.015574919333333215,-0.01129033333677425,-0.012459935466666572,-0.8096774166658064,0.5843649838666667,ALIGNED
SCN_002,633,21.0667,TRACKING,189.0,331.0,320.0,240.0,-131.0,91.0,-0.81875,0.56875,-0.009072583334193585,-0.01561498386666671,-0.007258066667354868,-0.012491987093333368,-0.8169354833331612,0.5718729967733334,ALIGNED
SCN_002,634,21.1,TRACKING,188.0,330.0,320.0,240.0,-132.0,90.0,-0.825,0.5625,-0.008064516666838717,-0.009372996773333364,-0.006451613333470974,-0.007498397418666692,-0.8233870966666322,0.5643745993546667,ALIGNED
SCN_002,635,21.1333,TRACKING,187.0,328.0,320.0,240.0,-133.0,88.0,-0.83125,0.5499999999999999,-0.00786290333336781,-0.014374599354666784,-0.0062903226666942485,-0.011499679483733427,-0.8296774193333265,0.5528749198709333,ALIGNED
SCN_002,636,21.1667,TRACKING,185.0,326.0,320.0,240.0,-135.0,86.0,-0.84375,0.5375,-0.014072580666673495,-0.015374919870933312,-0.011258064533338797,-0.01229993589674665,-0.8409354838666653,0.5405749839741867,ALIGNED
SCN_002,637,21.2,TRACKING,184.0,324.0,320.0,240.0,-136.0,84.0,-0.85,0.5249999999999999,-0.009064516133334699,-0.015574983974186773,-0.007251612906667759,-0.01245998717934942,-0.848187096773333,0.5281149967948373,ALIGNED
SCN_002,638,21.2333,TRACKING,183.0,322.0,320.0,240.0,-137.0,82.0,-0.85625,0.5125,-0.008062903226666918,-0.015614996794837355,-0.006450322581333535,-0.012491997435869885,-0.8546374193546665,0.5156229993589674,ALIGNED
SCN_002,639,21.2667,TRACKING,182.0,320.0,320.0,240.0,-138.0,80.0,-0.8625,0.5,-0.007862580645333517,-0.015622999358967382,-0.006290064516266814,-0.012498399487173906,-0.8609274838709333,0.5031245998717935,ALIGNED
SCN_002,640,21.3,TRACKING,181.0,318.0,320.0,240.0,-139.0,78.0,-0.86875,0.48750000000000004,-0.007822516129066703,-0.015624599871793432,-0.006258012903253363,-0.012499679897434746,-0.8671854967741867,0.49062491997435875,ALIGNED
SCN_002,641,21.3333,TRACKING,180.0,316.0,320.0,240.0,-140.0,76.0,-0.875,0.475,-0.00781450322581334,-0.015624919974358775,-0.006251602580650673,-0.012499935979487021,-0.8734370993548374,0.47812498399487174,ALIGNED
SCN_002,642,21.3667,TRACKING,179.0,314.0,320.0,240.0,-141.0,74.0,-0.88125,0.4625,-0.007812900645162602,-0.015624983994871722,-0.0062503205161300816,-0.012499987195897379,-0.8796874198709674,0.46562499679897434,ALIGNED
SCN_002,643,21.4,TRACKING,178.0,312.0,320.0,240.0,-142.0,72.0,-0.8875,0.44999999999999996,-0.00781258012903252,-0.015624996798974389,-0.006250064103226017,-0.012499997439179511,-0.8859374839741935,0.45312499935979483,ALIGNED
SCN_002,644,21.4333,TRACKING,177.0,310.0,320.0,240.0,-143.0,70.0,-0.89375,0.4375,-0.00781251602580657,-0.015624999359794833,-0.006250012820645257,-0.012499999487835867,-0.8921874967948388,0.44062499987195897,ALIGNED
SCN_002,645,21.4667,TRACKING,176.0,308.0,320.0,240.0,-144.0,68.0,-0.9,0.425,-0.007812503205161248,-0.015624999871958978,-0.006250002564128998,-0.012499999897567183,-0.8984374993589678,0.4281249999743918,ALIGNED
SCN_002,646,21.5,TRACKING,175.0,306.0,320.0,240.0,-145.0,66.0,-0.90625,0.41250000000000003,-0.007812500641032227,-0.015624999974391762,-0.006250000512825782,-0.01249999997951341,-0.9046874998717935,0.4156249999948784,ALIGNED
SCN_002,647,21.5333,TRACKING,174.0,304.0,320.0,240.0,-146.0,64.0,-0.9125,0.4,-0.007812500128206445,-0.015624999994878375,-0.006250000102565156,-0.0124999999959027,-0.9109374999743587,0.4031249999989757,ALIGNED
SCN_002,648,21.5667,TRACKING,173.0,302.0,320.0,240.0,-147.0,62.0,-0.91875,0.38750000000000007,-0.007812500025641267,-0.015624999998975653,-0.0062500000205130135,-0.012499999999180523,-0.9171874999948717,0.3906249999997952,ALIGNED
SCN_002,649,21.6,TRACKING,172.0,300.0,320.0,240.0,-148.0,60.0,-0.925,0.375,-0.007812500005128342,-0.01562499999979522,-0.006250000004102674,-0.012499999999836177,-0.9234374999989744,0.378124999999959,ALIGNED
SCN_002,650,21.6333,TRACKING,171.0,298.0,320.0,240.0,-149.0,58.0,-0.93125,0.3625,-0.007812500001025624,-0.015624999999959033,-0.006250000000820499,-0.012499999999967227,-0.9296874999997949,0.3656249999999918,ALIGNED
SCN_002,651,21.6667,TRACKING,171.0,296.0,320.0,240.0,-149.0,56.0,-0.93125,0.35,-0.0015625000002050804,-0.01562499999999184,-0.0012500000001640643,-0.012499999999993473,-0.930937499999959,0.35312499999999836,ALIGNED
SCN_002,652,21.7,TRACKING,170.0,294.0,320.0,240.0,-150.0,54.0,-0.9375,0.3375,-0.006562500000040994,-0.015624999999998335,-0.005250000000032795,-0.012499999999998668,-0.9361874999999918,0.3406249999999997,ALIGNED
SCN_002,653,21.7333,TRACKING,169.0,292.0,320.0,240.0,-151.0,52.0,-0.94375,0.325,-0.007562500000008132,-0.015624999999999667,-0.006050000000006506,-0.012499999999999734,-0.9422374999999984,0.32812499999999994,ALIGNED
SCN_002,654,21.7667,TRACKING,168.0,289.0,320.0,240.0,-152.0,49.0,-0.95,0.30625,-0.00776250000000156,-0.021874999999999922,-0.006210000000001248,-0.01749999999999994,-0.9484474999999997,0.310625,ALIGNED
SCN_002,655,21.8,TRACKING,168.0,287.0,320.0,240.0,-152.0,47.0,-0.95,0.29375,-0.0015525000000002898,-0.016874999999999973,-0.0012420000000002319,-0.013499999999999979,-0.9496894999999999,0.29712500000000003,ALIGNED
SCN_002,656,21.8333,TRACKING,167.0,285.0,320.0,240.0,-153.0,45.0,-0.95625,0.28125,-0.006560500000000191,-0.015875000000000028,-0.005248400000000153,-0.012700000000000024,-0.9549379,0.284425,ALIGNED
SCN_002,657,21.8667,TRACKING,167.0,283.0,320.0,240.0,-153.0,43.0,-0.95625,0.26875,-0.0013121000000000382,-0.015674999999999994,-0.0010496800000000307,-0.012539999999999996,-0.9559875800000001,0.271885,ALIGNED
SCN_002,658,21.9,TRACKING,166.0,281.0,320.0,240.0,-154.0,41.0,-0.9625,0.25625,-0.006512419999999963,-0.01563500000000001,-0.005209935999999971,-0.012508000000000009,-0.961197516,0.25937699999999997,ALIGNED
SCN_002,659,21.9333,TRACKING,165.0,279.0,320.0,240.0,-155.0,39.0,-0.96875,0.24375000000000002,-0.0075524839999999704,-0.015626999999999946,-0.006041987199999977,-0.012501599999999958,-0.9672395032,0.24687540000000002,ALIGNED
SCN_002,660,21.9667,TRACKING,165.0,276.0,320.0,240.0,-155.0,36.0,-0.96875,0.22499999999999998,-0.0015104968000000385,-0.021875400000000045,-0.001208397440000031,-0.017500320000000038,-0.96844790064,0.22937507999999998,ALIGNED
SCN_002,661,22.0,TRACKING,164.0,274.0,320.0,240.0,-156.0,34.0,-0.975,0.2125,-0.006552099360000008,-0.016875079999999987,-0.005241679488000007,-0.01350006399999999,-0.973689580128,0.215875016,ALIGNED
SCN_002,662,22.0333,TRACKING,164.0,272.0,320.0,240.0,-156.0,32.0,-0.975,0.2,-0.0013104198719999793,-0.015875015999999992,-0.0010483358975999836,-0.012700012799999993,-0.9747379160256,0.2031750032,ALIGNED
SCN_002,663,22.0667,TRACKING,164.0,270.0,320.0,240.0,-156.0,30.0,-0.975,0.1875,-0.00026208397439997366,-0.01567500320000001,-0.00020966717951997893,-0.012540002560000008,-0.97494758320512,0.19063500064,ALIGNED
SCN_002,664,22.1,TRACKING,163.0,268.0,320.0,240.0,-157.0,28.0,-0.98125,0.175,-0.0063024167948799725,-0.015635000640000007,-0.005041933435903978,-0.012508000512000007,-0.979989516641024,0.17812700012799998,ALIGNED
SCN_002,665,22.1333,TRACKING,163.0,265.0,320.0,240.0,-157.0,25.0,-0.98125,0.15625,-0.0012604833589759945,-0.02187700012799998,-0.0010083866871807956,-0.017501600102399983,-0.9809979033282048,0.1606254000256,ALIGNED
SCN_002,666,22.1667,TRACKING,163.0,263.0,320.0,240.0,-157.0,23.0,-0.98125,0.14375000000000002,-0.0002520966717951545,-0.01687540002559998,-0.0002016773374361236,-0.013500320020479984,-0.981199580665641,0.14712508000512,ALIGNED
SCN_002,667,22.2,TRACKING,162.0,261.0,320.0,240.0,-158.0,21.0,-0.9875,0.13124999999999998,-0.0063004193343590975,-0.01587508000512003,-0.005040335467487278,-0.012700064004096024,-0.9862399161331282,0.134425016001024,ALIGNED
SCN_002,668,22.2333,TRACKING,162.0,259.0,320.0,240.0,-158.0,19.0,-0.9875,0.11875,-0.0012600838668718195,-0.015675016001024,-0.0010080670934974557,-0.0125400128008192,-0.9872479832266257,0.12188500320020479,ALIGNED
SCN_002,669,22.2667,TRACKING,162.0,257.0,320.0,240.0,-158.0,17.0,-0.9875,0.10625,-0.0002520167733743861,-0.01563500320020479,-0.00020161341869950888,-0.012508002560163834,-0.9874495966453252,0.10937700064004095,ALIGNED
SCN_002,670,22.3,TRACKING,162.0,254.0,320.0,240.0,-158.0,14.0,-0.9875,0.0875,-5.040335467487722e-05,-0.02187700064004096,-4.032268373990178e-05,-0.017501600512032766,-0.987489919329065,0.09187540012800818,ALIGNED
SCN_002,671,22.3333,TRACKING,161.0,252.0,320.0,240.0,-159.0,12.0,-0.99375,0.07500000000000001,-0.0062600806709349754,-0.016875400128008172,-0.005008064536747981,-0.013500320102406538,-0.992497983865813,0.07837508002560165,ALIGNED
SCN_002,672,22.3667,TRACKING,161.0,250.0,320.0,240.0,-159.0,10.0,-0.99375,0.0625,-0.0012520161341870173,-0.015875080025601646,-0.0010016129073496139,-0.012700064020481317,-0.9934995967731626,0.06567501600512032,ALIGNED
SCN_002,673,22.4,TRACKING,161.0,248.0,320.0,240.0,-159.0,8.0,-0.99375,0.05,-0.00025040322683744787,-0.01567501600512032,-0.0002003225814699583,-0.012540012804096258,-0.9936999193546325,0.053135003201024066,ALIGNED
SCN_002,674,22.4333,TRACKING,161.0,245.0,320.0,240.0,-159.0,5.0,-0.99375,0.03125,-5.0080645367489574e-05,-0.021885003201024066,-4.0064516293991664e-05,-0.017508002560819254,-0.9937399838709265,0.03562700064020481,ALIGNED
SCN_002,675,22.4667,TRACKING,161.0,243.0,320.0,240.0,-159.0,3.0,-0.99375,0.018750000000000003,-1.001612907347571e-05,-0.01687700064020481,-8.012903258780569e-06,-0.013501600512163849,-0.9937479967741853,0.022125400128040963,ALIGNED
SCN_002,676,22.5,TRACKING,161.0,241.0,320.0,240.0,-159.0,1.0,-0.99375,0.00625,-2.0032258146729376e-06,-0.015875400128040965,-1.60258065173835e-06,-0.012700320102432772,-0.9937495993548371,0.009425080025608192,ALIGNED
SCN_002,677,22.5333,TRACKING,161.0,239.0,320.0,240.0,-159.0,-1.0,-0.99375,-0.00625,-4.006451629345875e-07,-0.01567508002560819,-3.2051613034767e-07,-0.012540064020486553,-0.9937499198709674,-0.003114983994878362,ALIGNED
SCN_002,678,22.5667,TRACKING,161.0,237.0,320.0,240.0,-159.0,-3.0,-0.99375,-0.018750000000000003,-8.012903263132642e-08,-0.01563501600512164,-6.410322610506114e-08,-0.012508012804097314,-0.9937499839741935,-0.015622996798975676,ALIGNED
SCN_002,679,22.6,TRACKING,161.0,234.0,320.0,240.0,-159.0,-6.0,-0.99375,-0.037500000000000006,-1.6025806570674206e-08,-0.021877003201024328,-1.2820645256539365e-08,-0.017501602560819462,-0.9937499967948387,-0.033124599359795136,ALIGNED
SCN_002,680,22.6333,TRACKING,161.0,232.0,320.0,240.0,-159.0,-8.0,-0.99375,-0.05,-3.205161358543762e-09,-0.016875400640204867,-2.56412908683501e-09,-0.013500320512163894,-0.9937499993589678,-0.046624919871959034,ALIGNED
SCN_002,681,22.6667,TRACKING,161.0,230.0,320.0,240.0,-159.0,-10.0,-0.99375,-0.0625,-6.410322272998314e-10,-0.015875080128040966,-5.128257818398652e-10,-0.012700064102432775,-0.9937499998717936,-0.05932498397439181,ALIGNED
SCN_002,682,22.7,TRACKING,162.0,228.0,320.0,240.0,-158.0,-12.0,-0.9875,-0.07500000000000001,0.006249999871793532,-0.015675016025608203,0.004999999897434826,-0.012540012820486564,-0.9887499999743588,-0.07186499679487837,ALIGNED
SCN_002,683,22.7333,TRACKING,162.0,225.0,320.0,240.0,-158.0,-15.0,-0.9875,-0.09375,0.0012499999743587065,-0.021885003205121628,0.0009999999794869652,-0.017508002564097302,-0.9877499999948718,-0.08937299935897568,ALIGNED
SCN_002,684,22.7667,TRACKING,162.0,223.0,320.0,240.0,-158.0,-17.0,-0.9875,-0.10625,0.0002499999948717413,-0.01687700064102432,0.00019999999589739306,-0.013501600512819456,-0.9875499999989744,-0.10287459987179513,ALIGNED
SCN_002,685,22.8,TRACKING,162.0,221.0,320.0,240.0,-158.0,-19.0,-0.9875,-0.11875,4.999999897437046e-05,-0.01587540012820486,3.999999917949637e-05,-0.012700320102563889,-0.9875099999997949,-0.11557491997435902,ALIGNED
SCN_002,686,22.8333,TRACKING,163.0,219.0,320.0,240.0,-157.0,-21.0,-0.98125,-0.13124999999999998,0.006259999999794985,-0.015675080025640956,0.005007999999835988,-0.012540064020512765,-0.9825019999999589,-0.12811498399487178,ALIGNED
SCN_002,687,22.8667,TRACKING,163.0,217.0,320.0,240.0,-157.0,-23.0,-0.98125,-0.14375000000000002,0.0012519999999589526,-0.015635016005128233,0.0010015999999671622,-0.012508012804102587,-0.9815003999999917,-0.14062299679897436,ALIGNED
SCN_002,688,22.9,TRACKING,163.0,214.0,320.0,240.0,-157.0,-26.0,-0.98125,-0.1625,0.0002503999999917683,-0.021877003201025647,0.00020031999999341467,-0.017501602560820517,-0.9813000799999984,-0.15812459935979487,ALIGNED
SCN_002,689,22.9333,TRACKING,164.0,212.0,320.0,240.0,-156.0,-28.0,-0.975,-0.175,0.006300079999998376,-0.016875400640205124,0.005040063999998701,-0.013500320512164099,-0.9762600159999997,-0.17162491987195896,ALIGNED
SCN_002,690,22.9667,TRACKING,164.0,210.0,320.0,240.0,-156.0,-30.0,-0.975,-0.1875,0.0012600159999996974,-0.015875080128041036,0.001008012799999758,-0.01270006410243283,-0.9752520031999999,-0.1843249839743918,ALIGNED
SCN_002,691,23.0,TRACKING,164.0,208.0,320.0,240.0,-156.0,-32.0,-0.975,-0.2,0.0002520031999999617,-0.015675016025608224,0.00020160255999996935,-0.01254001282048658,-0.9750504006399999,-0.19686499679487837,ALIGNED
SCN_002,692,23.0333,TRACKING,165.0,206.0,320.0,240.0,-155.0,-34.0,-0.96875,-0.2125,0.006300400639999926,-0.015635003205121623,0.005040320511999941,-0.012508002564097299,-0.9700100801279999,-0.20937299935897566,ALIGNED
SCN_002,693,23.0667,TRACKING,165.0,203.0,320.0,240.0,-155.0,-37.0,-0.96875,-0.23125,0.0012600801279999407,-0.021877000641024352,0.0010080641023999526,-0.017501600512819484,-0.9690020160256,-0.22687459987179515,ALIGNED
SCN_002,694,23.1,TRACKING,166.0,201.0,320.0,240.0,-154.0,-39.0,-0.9625,-0.24375000000000002,0.006502016025599966,-0.016875400128204876,0.0052016128204799734,-0.013500320102563901,-0.9638004032051201,-0.24037491997435906,ALIGNED
SCN_002,695,23.1333,TRACKING,167.0,199.0,320.0,240.0,-153.0,-41.0,-0.95625,-0.25625,0.007550403205120015,-0.01587508002564092,0.006040322564096013,-0.012700064020512736,-0.957760080641024,-0.25307498399487177,ALIGNED
SCN_002,696,23.1667,TRACKING,167.0,197.0,320.0,240.0,-153.0,-43.0,-0.95625,-0.26875,0.0015100806410239809,-0.015675016005128217,0.0012080645128191847,-0.012540012804102574,-0.9565520161282048,-0.2656149967989743,ALIGNED
SCN_002,697,23.2,TRACKING,168.0,195.0,320.0,240.0,-152.0,-45.0,-0.95,-0.28125,0.006552016128204885,-0.015635003201025677,0.005241612902563909,-0.012508002560820542,-0.951310403225641,-0.27812299935979484,ALIGNED
SCN_002,698,23.2333,TRACKING,168.0,193.0,320.0,240.0,-152.0,-47.0,-0.95,-0.29375,0.0013104032256410214,-0.01562700064020517,0.0010483225805128173,-0.012501600512164136,-0.9502620806451282,-0.290624599871959,ALIGNED
SCN_002,699,23.2667,TRACKING,169.0,191.0,320.0,240.0,-151.0,-49.0,-0.94375,-0.30625,0.006512080645128204,-0.015625400128041034,0.005209664516102564,-0.012500320102432828,-0.9450524161290256,-0.30312491997439184,ALIGNED
SCN_002,700,23.3,TRACKING,170.0,188.0,320.0,240.0,-150.0,-52.0,-0.9375,-0.325,0.007552416129025574,-0.021875080025608173,0.00604193290322046,-0.01750006402048654,-0.9390104832258052,-0.3206249839948784,ALIGNED
SCN_002,701,23.3333,TRACKING,171.0,186.0,320.0,240.0,-149.0,-54.0,-0.93125,-0.3375,0.007760483225805137,-0.016875016005121646,0.00620838658064411,-0.013500012804097317,-0.932802096645161,-0.33412499679897567,ALIGNED
SCN_002,702,23.3667,TRACKING,171.0,184.0,320.0,240.0,-149.0,-56.0,-0.93125,-0.35,0.001552096645160983,-0.015875003201024307,0.0012416773161287864,-0.012700002560819447,-0.9315604193290322,-0.3468249993597951,ALIGNED
SCN_002,703,23.4,TRACKING,172.0,182.0,320.0,240.0,-148.0,-58.0,-0.925,-0.3625,0.006560419329032174,-0.015675000640204884,0.00524833546322574,-0.012540000512163908,-0.9263120838658064,-0.359364999871959,ALIGNED
SCN_002,704,23.4333,TRACKING,173.0,180.0,320.0,240.0,-147.0,-60.0,-0.91875,-0.375,0.007562083865806479,-0.015635000128040977,0.006049667092645184,-0.012508000102432783,-0.9202624167731612,-0.3718729999743918,ALIGNED
SCN_002,705,23.4667,TRACKING,174.0,178.0,320.0,240.0,-146.0,-62.0,-0.9125,-0.38750000000000007,0.0077624167731612514,-0.01562700002560824,0.006209933418529001,-0.012501600020486593,-0.9140524833546322,-0.38437459999487844,ALIGNED
SCN_002,706,23.5,TRACKING,175.0,176.0,320.0,240.0,-145.0,-64.0,-0.90625,-0.4,0.007802483354632184,-0.01562540000512158,0.006241986683705747,-0.012500320004097266,-0.9078104966709264,-0.39687491999897573,ALIGNED
SCN_002,707,23.5333,TRACKING,176.0,174.0,320.0,240.0,-144.0,-66.0,-0.9,-0.41250000000000003,0.00781049667092637,-0.015625080001024305,0.006248397336741096,-0.012500064000819445,-0.9015620993341853,-0.40937498399979516,ALIGNED
SCN_002,708,23.5667,TRACKING,177.0,172.0,320.0,240.0,-143.0,-68.0,-0.89375,-0.425,0.007812099334185252,-0.015625016000204828,0.006249679467348202,-0.012500012800163864,-0.8953124198668371,-0.42187499679995905,ALIGNED
SCN_002,709,23.6,TRACKING,178.0,170.0,320.0,240.0,-142.0,-70.0,-0.8875,-0.4375,0.007812419866837117,-0.015625003200040954,0.006249935893469694,-0.012500002560032765,-0.8890624839733674,-0.4343749993599918,ALIGNED
SCN_002,710,23.6333,TRACKING,179.0,168.0,320.0,240.0,-141.0,-72.0,-0.88125,-0.44999999999999996,0.007812483973367423,-0.015625000640008158,0.006249987178693939,-0.012500000512006526,-0.8828124967946734,-0.4468749998719983,ALIGNED
SCN_002,711,23.6667,TRACKING,180.0,166.0,320.0,240.0,-140.0,-74.0,-0.875,-0.4625,0.00781249679467344,-0.01562500012800172,0.0062499974357387526,-0.012500000102401376,-0.8765624993589347,-0.4593749999743997,ALIGNED
SCN_002,712,23.7,TRACKING,181.0,164.0,320.0,240.0,-139.0,-76.0,-0.86875,-0.475,0.007812499358934688,-0.0156250000256003,0.006249999487147751,-0.01250000002048024,-0.8703124998717869,-0.4718749999948799,ALIGNED
SCN_002,713,23.7333,TRACKING,182.0,162.0,320.0,240.0,-138.0,-78.0,-0.8625,-0.48750000000000004,0.007812499871786893,-0.015625000005120127,0.006249999897429515,-0.012500000004096103,-0.8640624999743575,-0.48437499999897604,ALIGNED
SCN_002,714,23.7667,TRACKING,183.0,160.0,320.0,240.0,-137.0,-80.0,-0.85625,-0.5,0.007812499974357512,-0.01562500000102396,0.00624999997948601,-0.012500000000819168,-0.8578124999948714,-0.49687499999979523,ALIGNED
SCN_002,715,23.8,TRACKING,184.0,158.0,320.0,240.0,-136.0,-82.0,-0.85,-0.5125,0.007812499994871436,-0.015625000000204725,0.006249999995897149,-0.012500000000163781,-0.8515624999989743,-0.509374999999959,ALIGNED
SCN_002,716,23.8333,TRACKING,185.0,156.0,320.0,240.0,-135.0,-84.0,-0.84375,-0.5249999999999999,0.007812499998974265,-0.015625000000040856,0.006249999999179412,-0.012500000000032686,-0.8453124999997949,-0.5218749999999918,ALIGNED
SCN_002,717,23.8667,TRACKING,187.0,154.0,320.0,240.0,-133.0,-86.0,-0.83125,-0.5375,0.014062499999794809,-0.015625000000008216,0.011249999999835848,-0.012500000000006574,-0.834062499999959,-0.5343749999999984,ALIGNED
SCN_002,718,23.9,TRACKING,188.0,152.0,320.0,240.0,-132.0,-88.0,-0.825,-0.5499999999999999,0.009062499999959006,-0.015625000000001554,0.007249999999967205,-0.012500000000001244,-0.8268124999999917,-0.5468749999999997,ALIGNED
SCN_002,719,23.9333,TRACKING,189.0,151.0,320.0,240.0,-131.0,-89.0,-0.81875,-0.55625,0.008062499999991757,-0.009375000000000355,0.0064499999999934055,-0.007500000000000284,-0.8203624999999983,-0.554375,ALIGNED
SCN_002,720,23.9667,TRACKING,190.0,149.0,320.0,240.0,-130.0,-91.0,-0.8125,-0.56875,0.00786249999999833,-0.014375000000000027,0.006289999999998664,-0.011500000000000022,-0.8140724999999996,-0.565875,ALIGNED
SCN_002,721,24.0,TRACKING,192.0,147.0,320.0,240.0,-128.0,-93.0,-0.8,-0.58125,0.0140724999999996,-0.015375000000000028,0.01125799999999968,-0.012300000000000023,-0.8028145,-0.578175,ALIGNED
SCN_002,722,24.0333,TRACKING,193.0,145.0,320.0,240.0,-127.0,-95.0,-0.79375,-0.59375,0.00906450000000003,-0.015575000000000006,0.007251600000000025,-0.012460000000000006,-0.7955629,-0.590635,ALIGNED
SCN_002,723,24.0667,TRACKING,194.0,143.0,320.0,240.0,-126.0,-97.0,-0.7875,-0.60625,0.008062899999999984,-0.015614999999999934,0.006450319999999988,-0.012491999999999948,-0.78911258,-0.603127,ALIGNED
SCN_002,724,24.1,TRACKING,196.0,142.0,320.0,240.0,-124.0,-98.0,-0.775,-0.6125,0.01411257999999993,-0.009373000000000076,0.011290063999999945,-0.007498400000000061,-0.777822516,-0.6106254,ALIGNED
SCN_002,725,24.1333,TRACKING,197.0,140.0,320.0,240.0,-123.0,-100.0,-0.76875,-0.625,0.00907251599999992,-0.014374600000000015,0.0072580127999999355,-0.011499680000000012,-0.7705645032,-0.62212508,ALIGNED
SCN_002,726,24.1667,TRACKING,198.0,138.0,320.0,240.0,-122.0,-102.0,-0.7625,-0.6375,0.008064503200000073,-0.015374919999999959,0.006451602560000058,-0.012299935999999968,-0.7641129006399999,-0.634425016,ALIGNED
SCN_002,727,24.2,TRACKING,200.0,136.0,320.0,240.0,-120.0,-104.0,-0.75,-0.65,0.014112900639999926,-0.015574984000000014,0.011290320511999942,-0.012459987200000012,-0.752822580128,-0.6468850032,ALIGNED
SCN_002,728,24.2333,TRACKING,201.0,135.0,320.0,240.0,-119.0,-105.0,-0.74375,-0.65625,0.00907258012799994,-0.009364996800000025,0.007258064102399953,-0.00749199744000002,-0.7455645160256,-0.65437700064,ALIGNED
SCN_002,729,24.2667,TRACKING,203.0,133.0,320.0,240.0,-117.0,-107.0,-0.73125,-0.6687500000000001,0.014314516025600077,-0.014372999360000027,0.011451612820480062,-0.011498399488000022,-0.73411290320512,-0.6658754001280001,ALIGNED
SCN_002,730,24.3,TRACKING,204.0,131.0,320.0,240.0,-116.0,-109.0,-0.725,-0.68125,0.009112903205120038,-0.015374599871999961,0.00729032256409603,-0.01229967989759997,-0.726822580641024,-0.6781750800256,ALIGNED
SCN_002,731,24.3333,TRACKING,206.0,130.0,320.0,240.0,-114.0,-110.0,-0.7125,-0.6875,0.014322580641023985,-0.009324919974399992,0.011458064512819189,-0.007459935979519994,-0.7153645161282048,-0.68563501600512,ALIGNED
SCN_002,732,24.3667,TRACKING,207.0,128.0,320.0,240.0,-113.0,-112.0,-0.70625,-0.7,0.009114516128204797,-0.014364983994879954,0.007291612902563838,-0.011491987195903964,-0.708072903225641,-0.6971270032010239,ALIGNED
SCN_002,733,24.4,TRACKING,209.0,127.0,320.0,240.0,-111.0,-113.0,-0.69375,-0.70625,0.014322903225641004,-0.009122996798976102,0.011458322580512804,-0.007298397439180882,-0.6966145806451282,-0.7044254006402049,ALIGNED
SCN_002,734,24.4333,TRACKING,211.0,125.0,320.0,240.0,-109.0,-115.0,-0.68125,-0.71875,0.015364580645128134,-0.014324599359795132,0.012291664516102509,-0.011459679487836105,-0.6843229161290256,-0.715885080128041,ALIGNED
SCN_002,735,24.4667,TRACKING,212.0,124.0,320.0,240.0,-108.0,-116.0,-0.675,-0.725,0.009322916129025582,-0.009114919871959004,0.007458332903220466,-0.007291935897567204,-0.6768645832258051,-0.7231770160256081,ALIGNED
SCN_002,736,24.5,TRACKING,214.0,122.0,320.0,240.0,-106.0,-118.0,-0.6625,-0.7374999999999999,0.014364583225805139,-0.0143229839743918,0.011491666580644112,-0.011458387179513441,-0.665372916645161,-0.7346354032051216,ALIGNED
SCN_002,737,24.5333,TRACKING,216.0,121.0,320.0,240.0,-104.0,-119.0,-0.65,-0.74375,0.015372916645160939,-0.009114596794878471,0.012298333316128751,-0.007291677435902777,-0.6530745833290322,-0.7419270806410243,ALIGNED
SCN_002,738,24.5667,TRACKING,217.0,119.0,320.0,240.0,-103.0,-121.0,-0.64375,-0.75625,0.009324583329032188,-0.014322919358975672,0.007459666663225751,-0.011458335487180539,-0.6456149166658065,-0.7533854161282049,ALIGNED
SCN_002,739,24.6,TRACKING,219.0,118.0,320.0,240.0,-101.0,-122.0,-0.63125,-0.7625,0.014364916665806526,-0.00911458387179509,0.011491933332645221,-0.007291667097436072,-0.6341229833331613,-0.760677083225641,ALIGNED
SCN_002,740,24.6333,TRACKING,221.0,116.0,320.0,240.0,-99.0,-124.0,-0.61875,-0.7750000000000001,0.015372983333161283,-0.014322916774359151,0.012298386666529028,-0.011458333419487321,-0.6218245966666323,-0.7721354166451283,ALIGNED
SCN_002,741,24.6667,TRACKING,222.0,115.0,320.0,240.0,-98.0,-125.0,-0.6125,-0.78125,0.009324596666632212,-0.009114583354871697,0.00745967733330577,-0.007291666683897358,-0.6143649193333265,-0.7794270833290257,ALIGNED
SCN_002,742,24.7,TRACKING,224.0,114.0,320.0,240.0,-96.0,-126.0,-0.6,-0.7875000000000001,0.014364919333326509,-0.008072916670974428,0.011491935466661208,-0.006458333336779543,-0.6028729838666653,-0.7858854166658052,ALIGNED
SCN_002,743,24.7333,TRACKING,226.0,112.0,320.0,240.0,-94.0,-128.0,-0.5875,-0.8,0.015372983866665302,-0.014114583334194797,0.012298387093332242,-0.011291666667355838,-0.5905745967733331,-0.7971770833331611,ALIGNED
SCN_002,744,24.7667,TRACKING,228.0,111.0,320.0,240.0,-92.0,-129.0,-0.575,-0.8062499999999999,0.015574596773333171,-0.009072916666838848,0.012459677418666538,-0.007258333333471079,-0.5781149193546666,-0.8044354166666321,ALIGNED
SCN_002,745,24.8,TRACKING,230.0,110.0,320.0,240.0,-90.0,-130.0,-0.5625,-0.8125,0.015614919354666634,-0.008064583333367903,0.012491935483733308,-0.006451666666694323,-0.5656229838709333,-0.8108870833333264,ALIGNED
SCN_002,746,24.8333,TRACKING,232.0,108.0,320.0,240.0,-88.0,-132.0,-0.55,-0.8250000000000001,0.015622983870933305,-0.014112916666673692,0.012498387096746645,-0.011290333333338953,-0.5531245967741867,-0.8221774166666653,ALIGNED
SCN_002,747,24.8667,TRACKING,233.0,107.0,320.0,240.0,-87.0,-133.0,-0.54375,-0.83125,0.009374596774186728,-0.009072583333334716,0.007499677419349382,-0.007258066666667774,-0.5456249193548373,-0.8294354833333331,ALIGNED
SCN_002,748,24.9,TRACKING,235.0,106.0,320.0,240.0,-85.0,-134.0,-0.53125,-0.8375,0.014374919354837257,-0.008064516666666965,0.011499935483869806,-0.006451613333333573,-0.5341249838709674,-0.8358870966666666,ALIGNED
SCN_002,749,24.9333,TRACKING,237.0,105.0,320.0,240.0,-83.0,-135.0,-0.51875,-0.84375,0.015374983870967363,-0.007862903333333393,0.012299987096773891,-0.006290322666666715,-0.5218249967741935,-0.8421774193333333,ALIGNED
SCN_002,750,24.9667,TRACKING,239.0,104.0,320.0,240.0,-81.0,-136.0,-0.50625,-0.85,0.015574996774193495,-0.007822580666666634,0.012459997419354796,-0.006258064533333308,-0.5093649993548387,-0.8484354838666667,ALIGNED
SCN_002,751,25.0,TRACKING,241.0,102.0,320.0,240.0,-79.0,-138.0,-0.49375,-0.8624999999999999,0.015614999354838677,-0.01406451613333326,0.012491999483870942,-0.01125161290666661,-0.4968729998709678,-0.8596870967733333,ALIGNED
SCN_002,752,25.0333,TRACKING,243.0,101.0,320.0,240.0,-77.0,-139.0,-0.48125,-0.8687500000000001,0.015622999870967769,-0.009062903226666807,0.012498399896774216,-0.007250322581333447,-0.4843745999741936,-0.8669374193546667,ALIGNED
SCN_002,753,25.0667,TRACKING,245.0,100.0,320.0,240.0,-75.0,-140.0,-0.46875,-0.875,0.015624599974193576,-0.008062580645333273,0.01249967997935486,-0.006450064516266618,-0.4718749199948387,-0.8733874838709333,ALIGNED
SCN_002,754,25.1,TRACKING,247.0,99.0,320.0,240.0,-73.0,-141.0,-0.45625,-0.8812500000000001,0.015624919994838726,-0.007862516129066743,0.012499935995870981,-0.006290012903253395,-0.45937498399896776,-0.8796774967741867,ALIGNED
SCN_002,755,25.1333,TRACKING,249.0,98.0,320.0,240.0,-71.0,-142.0,-0.44375,-0.8875,0.015624983998967779,-0.007822503225813238,0.012499987199174223,-0.0062580025806505905,-0.44687499679979353,-0.8859354993548373,ALIGNED
SCN_002,756,25.1667,TRACKING,251.0,97.0,320.0,240.0,-69.0,-143.0,-0.43125,-0.89375,0.015624996799793511,-0.007814500645162759,0.01249999743983481,-0.0062516005161302075,-0.4343749993599587,-0.8921870998709674,ALIGNED
SCN_002,757,25.2,TRACKING,253.0,96.0,320.0,240.0,-67.0,-144.0,-0.41875,-0.8999999999999999,0.015624999359958702,-0.007812900129032463,0.012499999487966963,-0.0062503201032259705,-0.42187499987199173,-0.8984374199741935,ALIGNED
SCN_002,758,25.2333,TRACKING,255.0,95.0,320.0,240.0,-65.0,-145.0,-0.40625,-0.90625,0.01562499987199173,-0.007812580025806537,0.012499999897593385,-0.00625006402064523,-0.40937499997439836,-0.9046874839948387,ALIGNED
SCN_002,759,25.2667,TRACKING,257.0,94.0,320.0,240.0,-63.0,-146.0,-0.39375,-0.9124999999999999,0.015624999974398368,-0.007812516005161196,0.012499999979518695,-0.006250012804128957,-0.3968749999948797,-0.9109374967989676,ALIGNED
SCN_002,760,25.3,TRACKING,259.0,94.0,320.0,240.0,-61.0,-146.0,-0.38125,-0.9124999999999999,0.015624999994879707,-0.0015625032010322393,0.012499999995903767,-0.0012500025608257915,-0.3843749999989759,-0.9121874993597934,ALIGNED
SCN_002,761,25.3333,TRACKING,261.0,93.0,320.0,240.0,-59.0,-147.0,-0.36875,-0.9187500000000001,0.015624999998975875,-0.006562500640206692,0.012499999999180701,-0.005250000512165354,-0.3718749999997952,-0.9174374998719588,ALIGNED
SCN_002,762,25.3667,TRACKING,263.0,92.0,320.0,240.0,-57.0,-148.0,-0.35625,-0.925,0.015624999999795164,-0.007562500128041272,0.012499999999836132,-0.006050000102433018,-0.35937499999995903,-0.9234874999743918,ALIGNED
SCN_002,763,25.4,TRACKING,265.0,91.0,320.0,240.0,-55.0,-149.0,-0.34375,-0.93125,0.015624999999959033,-0.007762500025608188,0.012499999999967227,-0.00621000002048655,-0.34687499999999183,-0.9296974999948784,ALIGNED
SCN_002,764,25.4333,TRACKING,267.0,90.0,320.0,240.0,-53.0,-150.0,-0.33125,-0.9375,0.01562499999999184,-0.007802500005121615,0.012499999999993473,-0.006242000004097293,-0.33437499999999837,-0.9359394999989756,ALIGNED
SCN_002,765,25.4667,TRACKING,269.0,90.0,320.0,240.0,-51.0,-150.0,-0.31875,-0.9375,0.01562499999999839,-0.0015605000010243675,0.012499999999998714,-0.001248400000819494,-0.32187499999999963,-0.9371878999997951,ALIGNED
SCN_002,766,25.5,TRACKING,272.0,89.0,320.0,240.0,-48.0,-151.0,-0.3,-0.94375,0.021874999999999645,-0.006562100000204851,0.017499999999999717,-0.0052496800001638816,-0.3043749999999999,-0.942437579999959,ALIGNED
SCN_002,767,25.5333,TRACKING,274.0,88.0,320.0,240.0,-46.0,-152.0,-0.2875,-0.95,0.016874999999999918,-0.007562420000040926,0.013499999999999936,-0.006049936000032741,-0.29087499999999994,-0.9484875159999918,ALIGNED
SCN_002,768,25.5667,TRACKING,276.0,88.0,320.0,240.0,-44.0,-152.0,-0.275,-0.95,0.015874999999999917,-0.0015124840000081408,0.012699999999999934,-0.0012099872000065127,-0.278175,-0.9496975031999983,ALIGNED
SCN_002,769,25.6,TRACKING,278.0,87.0,320.0,240.0,-42.0,-153.0,-0.2625,-0.9562499999999999,0.015674999999999994,-0.006552496800001584,0.012539999999999996,-0.005241997440001267,-0.265635,-0.9549395006399997,ALIGNED
SCN_002,770,25.6333,TRACKING,280.0,86.0,320.0,240.0,-40.0,-154.0,-0.25,-0.9625000000000001,0.01563500000000001,-0.007560499360000472,0.012508000000000009,-0.006048399488000378,-0.253127,-0.9609879001280001,ALIGNED
SCN_002,771,25.6667,TRACKING,282.0,86.0,320.0,240.0,-38.0,-154.0,-0.2375,-0.9625000000000001,0.015627000000000002,-0.0015120998720000722,0.012501600000000002,-0.0012096798976000578,-0.2406254,-0.9621975800256001,ALIGNED
SCN_002,772,25.7,TRACKING,284.0,85.0,320.0,240.0,-36.0,-155.0,-0.225,-0.96875,0.015625399999999984,-0.006552419974399926,0.012500319999999988,-0.0052419359795199405,-0.22812508,-0.96743951600512,ALIGNED
SCN_002,773,25.7333,TRACKING,287.0,85.0,320.0,240.0,-33.0,-155.0,-0.20625,-0.96875,0.02187508000000002,-0.0013104839948799851,0.017500064000000017,-0.0010483871959039881,-0.210625016,-0.968487903201024,ALIGNED
SCN_002,774,25.7667,TRACKING,289.0,84.0,320.0,240.0,-31.0,-156.0,-0.19375,-0.9750000000000001,0.016875015999999993,-0.00651209679897613,0.013500012799999996,-0.0052096774391809045,-0.1971250032,-0.9736975806402048,ALIGNED
SCN_002,775,25.8,TRACKING,291.0,84.0,320.0,240.0,-29.0,-156.0,-0.18125,-0.9750000000000001,0.015875003200000015,-0.0013024193597952483,0.012700002560000014,-0.0010419354878361986,-0.18442500064,-0.974739516128041,ALIGNED
SCN_002,776,25.8333,TRACKING,293.0,83.0,320.0,240.0,-27.0,-157.0,-0.16875,-0.98125,0.015675000639999992,-0.006510483871958961,0.012540000511999994,-0.005208387097567169,-0.171885000128,-0.9799479032256082,ALIGNED
SCN_002,777,25.8667,TRACKING,295.0,83.0,320.0,240.0,-25.0,-157.0,-0.15625,-0.98125,0.01563500012800001,-0.0013020967743917478,0.012508000102400009,-0.0010416774195133982,-0.1593770000256,-0.9809895806451217,ALIGNED
SCN_002,778,25.9,TRACKING,298.0,83.0,320.0,240.0,-22.0,-157.0,-0.1375,-0.98125,0.021877000025600002,-0.00026041935487830514,0.017501600020480002,-0.00020833548390264411,-0.14187540000512,-0.9811979161290243,ALIGNED
SCN_002,779,25.9333,TRACKING,300.0,82.0,320.0,240.0,-20.0,-158.0,-0.125,-0.9875,0.01687540000512,-0.00630208387097575,0.013500320004096001,-0.005041667096780601,-0.128375080001024,-0.9862395832258049,ALIGNED
SCN_002,780,25.9667,TRACKING,302.0,82.0,320.0,240.0,-18.0,-158.0,-0.1125,-0.9875,0.015875080001023986,-0.0012604167741951944,0.012700064000819189,-0.0010083334193561556,-0.1156750160002048,-0.987247916645161,ALIGNED
SCN_002,781,26.0,TRACKING,304.0,82.0,320.0,240.0,-16.0,-158.0,-0.1,-0.9875,0.015675016000204794,-0.0002520833548390611,0.012540012800163836,-0.00020166668387124889,-0.10313500320004096,-0.9874495833290322,ALIGNED
SCN_002,782,26.0333,TRACKING,306.0,82.0,320.0,240.0,-14.0,-158.0,-0.0875,-0.9875,0.015635003200040964,-5.041667096783442e-05,0.012508002560032773,-4.033333677426754e-05,-0.09062700064000818,-0.9874899166658064,ALIGNED
SCN_002,783,26.0667,TRACKING,309.0,81.0,320.0,240.0,-11.0,-159.0,-0.06875,-0.9937499999999999,0.02187700064000818,-0.006260083334193478,0.017501600512006544,-0.005008066667354783,-0.07312540012800164,-0.9924979833331612,ALIGNED
SCN_002,784,26.1,TRACKING,311.0,81.0,320.0,240.0,-9.0,-159.0,-0.05625,-0.9937499999999999,0.016875400128001643,-0.0012520166668387178,0.013500320102401315,-0.0010016133334709743,-0.05962508002560033,-0.9934995966666321,ALIGNED
SCN_002,785,26.1333,TRACKING,313.0,81.0,320.0,240.0,-7.0,-159.0,-0.04375,-0.9937499999999999,0.015875080025600334,-0.00025040333336778797,0.012700064020480267,-0.00020032266669423038,-0.046925016005120064,-0.9936999193333264,ALIGNED
SCN_002,786,26.1667,TRACKING,315.0,81.0,320.0,240.0,-5.0,-159.0,-0.03125,-0.9937499999999999,0.015675016005120064,-5.0080666673557594e-05,0.012540012804096052,-4.006453333884608e-05,-0.034385003201024014,-0.9937399838666652,ALIGNED
SCN_002,787,26.2,TRACKING,318.0,81.0,320.0,240.0,-2.0,-159.0,-0.0125,-0.9937499999999999,0.021885003201024014,-1.0016133334733723e-05,0.017508002560819212,-8.01290666778698e-06,-0.016877000640204802,-0.9937479967733329,ALIGNED
SCN_002,788,26.2333,TRACKING,320.0,81.0,320.0,240.0,0.0,-159.0,0.0,-0.9937499999999999,0.016877000640204802,-2.0032266669911536e-06,0.013501600512163842,-1.602581333592923e-06,-0.0033754001280409604,-0.9937495993546666,ALIGNED
SCN_002,789,26.2667,TRACKING,322.0,81.0,320.0,240.0,2.0,-159.0,0.0125,-0.9937499999999999,0.01587540012804096,-4.006453333538218e-07,0.01270032010243277,-3.2051626668305745e-07,0.00932491997439181,-0.9937499198709332,ALIGNED
SCN_002,790,26.3,TRACKING,324.0,81.0,320.0,240.0,4.0,-159.0,0.025,-0.9937499999999999,0.01567508002560819,-8.012906671517328e-08,0.012540064020486553,-6.410325337213862e-08,0.021864983994878365,-0.9937499839741866,ALIGNED
SCN_002,791,26.3333,TRACKING,327.0,81.0,320.0,240.0,7.0,-159.0,0.04375,-0.9937499999999999,0.021885016005121632,-1.6025813343034656e-08,0.017508012804097306,-1.2820650674427725e-08,0.03937299679897567,-0.9937499967948372,ALIGNED
SCN_002,792,26.3667,TRACKING,329.0,81.0,320.0,240.0,9.0,-159.0,0.05625,-0.9937499999999999,0.01687700320102433,-3.2051626908113917e-09,0.013501602560819465,-2.5641301526491137e-09,0.05287459935979513,-0.9937499993589674,ALIGNED
SCN_002,793,26.4,TRACKING,331.0,81.0,320.0,240.0,11.0,-159.0,0.06875,-0.9937499999999999,0.015875400640204873,-6.410325603667388e-10,0.0127003205121639,-5.128260482933911e-10,0.06557491987195903,-0.9937499998717934,ALIGNED
SCN_002,794,26.4333,TRACKING,333.0,81.0,320.0,240.0,13.0,-159.0,0.08125,-0.9937499999999999,0.015675080128040975,-1.2820655648226875e-10,0.012540064102432781,-1.0256524518581501e-10,0.07811498397439182,-0.9937499999743586,ALIGNED
SCN_002,795,26.4667,TRACKING,335.0,82.0,320.0,240.0,15.0,-158.0,0.09375,-0.9875,0.015635016025608184,0.0062499999743586,0.012508012820486547,0.00499999997948688,0.09062299679487837,-0.9887499999948718,ALIGNED
SCN_002,796,26.5,TRACKING,338.0,82.0,320.0,240.0,18.0,-158.0,0.1125,-0.9875,0.021877003205121634,0.0012499999948717422,0.01750160256409731,0.0009999999958973937,0.10812459935897567,-0.9877499999989744,ALIGNED
SCN_002,797,26.5333,TRACKING,340.0,82.0,320.0,240.0,20.0,-158.0,0.125,-0.9875,0.01687540064102433,0.00024999999897434844,0.013500320512819464,0.00019999999917947876,0.12162491987179513,-0.9875499999997949,ALIGNED
SCN_002,798,26.5667,TRACKING,342.0,82.0,320.0,240.0,22.0,-158.0,0.1375,-0.9875,0.015875080128204877,4.999999979482528e-05,0.012700064102563902,3.9999999835860224e-05,0.13432498397435905,-0.987509999999959,ALIGNED
SCN_002,799,26.6,TRACKING,344.0,83.0,320.0,240.0,24.0,-157.0,0.15,-0.98125,0.015675016025640948,0.006259999999959076,0.012540012820512758,0.005007999999967261,0.1468649967948718,-0.9825019999999918,ALIGNED
SCN_002,800,26.6333,TRACKING,347.0,83.0,320.0,240.0,27.0,-157.0,0.16875,-0.98125,0.021885003205128206,0.0012519999999918152,0.017508002564102565,0.0010015999999934521,0.16437299935897437,-0.9815003999999983,ALIGNED
SCN_002,801,26.6667,TRACKING,349.0,83.0,320.0,240.0,29.0,-157.0,0.18125,-0.98125,0.016877000641025625,0.00025039999999831863,0.0135016005128205,0.00020031999999865492,0.17787459987179488,-0.9813000799999996,ALIGNED
SCN_002,802,26.7,TRACKING,351.0,84.0,320.0,240.0,31.0,-156.0,0.19375,-0.9750000000000001,0.015875400128205125,0.006300079999999486,0.0127003201025641,0.005040063999999589,0.190574919974359,-0.976260016,ALIGNED
SCN_002,803,26.7333,TRACKING,353.0,84.0,320.0,240.0,33.0,-156.0,0.20625,-0.9750000000000001,0.015675080025640997,0.0012600159999999194,0.012540064020512798,0.0010080127999999356,0.2031149839948718,-0.9752520032,ALIGNED
SCN_002,804,26.7667,TRACKING,355.0,85.0,320.0,240.0,35.0,-155.0,0.21875,-0.96875,0.015635016005128205,0.0065020032000000505,0.012508012804102565,0.005201602560000041,0.21562299679897437,-0.97005040064,ALIGNED
SCN_002,805,26.8,TRACKING,358.0,85.0,320.0,240.0,38.0,-155.0,0.2375,-0.96875,0.02187700320102562,0.0013004006400000323,0.017501602560820496,0.0010403205120000259,0.23312459935979488,-0.969010080128,ALIGNED
SCN_002,806,26.8333,TRACKING,360.0,86.0,320.0,240.0,40.0,-154.0,0.25,-0.9625000000000001,0.016875400640205124,0.006510080127999918,0.013500320512164099,0.005208064102399934,0.24662491987195898,-0.9638020160256001,ALIGNED
SCN_002,807,26.8667,TRACKING,362.0,86.0,320.0,240.0,42.0,-154.0,0.2625,-0.9625000000000001,0.015875080128041036,0.0013020160255999835,0.01270006410243283,0.0010416128204799868,0.2593249839743918,-0.9627604032051201,ALIGNED
SCN_002,808,26.9,TRACKING,364.0,87.0,320.0,240.0,44.0,-153.0,0.275,-0.9562499999999999,0.015675016025608224,0.0065104032051201965,0.01254001282048658,0.005208322564096157,0.27186499679487836,-0.9575520806410239,ALIGNED
SCN_002,809,26.9333,TRACKING,366.0,88.0,320.0,240.0,46.0,-152.0,0.2875,-0.95,0.015635003205121623,0.007552080641023973,0.012508002564097299,0.006041664512819178,0.28437299935897564,-0.9515104161282048,ALIGNED
SCN_002,810,26.9667,TRACKING,368.0,88.0,320.0,240.0,48.0,-152.0,0.3,-0.95,0.015627000641024347,0.0015104161282047945,0.012501600512819478,0.0012083329025638356,0.2968745998717951,-0.9503020832256409,ALIGNED
SCN_002,811,27.0,TRACKING,370.0,89.0,320.0,240.0,50.0,-151.0,0.3125,-0.94375,0.015625400128204903,0.006552083225640937,0.012500320102563923,0.00524166658051275,0.309374919974359,-0.9450604166451282,ALIGNED
SCN_002,812,27.0333,TRACKING,373.0,90.0,320.0,240.0,53.0,-150.0,0.33125,-0.9375,0.02187508002564098,0.007560416645128187,0.017500064020512785,0.00604833331610255,0.3268749839948718,-0.9390120833290256,ALIGNED
SCN_002,813,27.0667,TRACKING,375.0,90.0,320.0,240.0,55.0,-150.0,0.34375,-0.9375,0.016875016005128196,0.0015120833290256375,0.013500012804102558,0.00120966666322051,0.34037499679897437,-0.9378024166658051,ALIGNED
SCN_002,814,27.1,TRACKING,377.0,91.0,320.0,240.0,57.0,-149.0,0.35625,-0.93125,0.01587500320102564,0.006552416665805083,0.012700002560820512,0.005241933332644067,0.35307499935979486,-0.932560483333161,ALIGNED
SCN_002,815,27.1333,TRACKING,379.0,92.0,320.0,240.0,59.0,-148.0,0.36875,-0.925,0.01567500064020516,0.00756048333316095,0.01254000051216413,0.00604838666652876,0.365614999871959,-0.9265120966666323,ALIGNED
SCN_002,816,27.1667,TRACKING,381.0,93.0,320.0,240.0,61.0,-147.0,0.38125,-0.9187500000000001,0.015635000128040977,0.00776209666663219,0.012508000102432783,0.006209677333305752,0.3781229999743918,-0.9203024193333265,ALIGNED
SCN_002,817,27.2,TRACKING,383.0,93.0,320.0,240.0,63.0,-147.0,0.39375,-0.9187500000000001,0.015627000025608184,0.0015524193333263936,0.012501600020486548,0.001241935466661115,0.39062459999487836,-0.9190604838666654,ALIGNED
SCN_002,818,27.2333,TRACKING,385.0,94.0,320.0,240.0,65.0,-146.0,0.40625,-0.9124999999999999,0.015625400005121637,0.006560483866665523,0.01250032000409731,0.005248387093332418,0.40312491999897565,-0.913812096773333,ALIGNED
SCN_002,819,27.2667,TRACKING,387.0,95.0,320.0,240.0,67.0,-145.0,0.41875,-0.90625,0.01562508000102436,0.007562096773332971,0.012500064000819489,0.0060496774186663774,0.41562498399979514,-0.9077624193546666,ALIGNED
SCN_002,820,27.3,TRACKING,389.0,96.0,320.0,240.0,69.0,-144.0,0.43125,-0.8999999999999999,0.015625016000204883,0.007762419354666705,0.012500012800163907,0.006209935483733365,0.428124996799959,-0.9015524838709332,ALIGNED
SCN_002,821,27.3333,TRACKING,391.0,97.0,320.0,240.0,71.0,-143.0,0.44375,-0.89375,0.015625003200040954,0.007802483870933186,0.012500002560032765,0.006241987096746549,0.4406249993599918,-0.8953104967741867,ALIGNED
SCN_002,822,27.3667,TRACKING,393.0,98.0,320.0,240.0,73.0,-142.0,0.45625,-0.8875,0.015625000640008213,0.00781049677418677,0.012500000512006572,0.0062483974193494165,0.45312499987199834,-0.8890620993548373,ALIGNED
SCN_002,823,27.4,TRACKING,395.0,99.0,320.0,240.0,75.0,-141.0,0.46875,-0.8812500000000001,0.015625000128001665,0.0078120993548371764,0.012500000102401333,0.006249679483869741,0.46562499997439966,-0.8828124198709675,ALIGNED
SCN_002,824,27.4333,TRACKING,397.0,100.0,320.0,240.0,77.0,-140.0,0.48125,-0.875,0.015625000025600355,0.00781241987096748,0.012500000020480285,0.006249935896773984,0.47812499999487995,-0.8765624839741935,ALIGNED
SCN_002,825,27.4667,TRACKING,399.0,101.0,320.0,240.0,79.0,-139.0,0.49375,-0.8687500000000001,0.01562500000512007,0.007812483974193318,0.012500000004096058,0.006249987179354655,0.490624999998976,-0.8703124967948388,ALIGNED
SCN_002,826,27.5,TRACKING,401.0,102.0,320.0,240.0,81.0,-138.0,0.50625,-0.8624999999999999,0.01562500000102396,0.0078124967948388635,0.012500000000819168,0.006249997435871091,0.5031249999997952,-0.8640624993589677,ALIGNED
SCN_002,827,27.5333,TRACKING,403.0,104.0,320.0,240.0,83.0,-136.0,0.51875,-0.85,0.015625000000204836,0.01406249935896775,0.01250000000016387,0.0112499994871742,0.515624999999959,-0.8528124998717935,ALIGNED
SCN_002,828,27.5667,TRACKING,405.0,105.0,320.0,240.0,85.0,-135.0,0.53125,-0.84375,0.015625000000040967,0.009062499871793528,0.012500000000032775,0.007249999897434823,0.5281249999999919,-0.8455624999743587,ALIGNED
SCN_002,829,27.6,TRACKING,407.0,106.0,320.0,240.0,87.0,-134.0,0.54375,-0.8375,0.015625000000008105,0.008062499974358706,0.012500000000006485,0.006449999979486965,0.5406249999999984,-0.8391124999948718,ALIGNED
SCN_002,830,27.6333,TRACKING,409.0,107.0,320.0,240.0,89.0,-133.0,0.55625,-0.83125,0.015625000000001665,0.007862499994871763,0.012500000000001333,0.006289999995897411,0.5531249999999996,-0.8328224999989744,ALIGNED
SCN_002,831,27.6667,TRACKING,410.0,108.0,320.0,240.0,90.0,-132.0,0.5625,-0.8250000000000001,0.009375000000000355,0.00782249999897433,0.007500000000000284,0.006257999999179465,0.5606249999999999,-0.826564499999795,ALIGNED
SCN_002,832,27.7,TRACKING,412.0,110.0,320.0,240.0,92.0,-130.0,0.575,-0.8125,0.014375000000000027,0.014064499999794977,0.011500000000000022,0.011251599999835982,0.572125,-0.815312899999959,ALIGNED
SCN_002,833,27.7333,TRACKING,414.0,111.0,320.0,240.0,94.0,-129.0,0.5875,-0.8062499999999999,0.015375000000000028,0.009062899999959129,0.012300000000000023,0.007250319999967303,0.584425,-0.8080625799999918,ALIGNED
SCN_002,834,27.7667,TRACKING,416.0,112.0,320.0,240.0,96.0,-128.0,0.6,-0.8,0.015575000000000006,0.008062579999991715,0.012460000000000006,0.006450063999993372,0.596885,-0.8016125159999984,ALIGNED
SCN_002,835,27.8,TRACKING,418.0,114.0,320.0,240.0,98.0,-126.0,0.6125,-0.7875000000000001,0.015615000000000046,0.014112515999998299,0.012492000000000038,0.011290012799998639,0.6093770000000001,-0.7903225031999997,ALIGNED
SCN_002,836,27.8333,TRACKING,419.0,115.0,320.0,240.0,99.0,-125.0,0.61875,-0.78125,0.009372999999999965,0.009072503199999749,0.007498399999999972,0.0072580025599997995,0.6168754000000001,-0.78306450064,ALIGNED
SCN_002,837,27.8667,TRACKING,421.0,116.0,320.0,240.0,101.0,-124.0,0.63125,-0.7750000000000001,0.014374599999999904,0.008064500639999861,0.011499679999999924,0.006451600511999889,0.62837508,-0.7766129001280001,ALIGNED
SCN_002,838,27.9,TRACKING,423.0,118.0,320.0,240.0,103.0,-122.0,0.64375,-0.7625,0.01537492000000007,0.01411290012800015,0.012299936000000056,0.011290320102400121,0.640675016,-0.7653225800255999,ALIGNED
SCN_002,839,27.9333,TRACKING,425.0,119.0,320.0,240.0,105.0,-121.0,0.65625,-0.75625,0.015574984000000014,0.009072580025599963,0.012459987200000012,0.007258064020479971,0.6531350032,-0.7580645160051199,ALIGNED
SCN_002,840,27.9667,TRACKING,426.0,121.0,320.0,240.0,106.0,-119.0,0.6625,-0.74375,0.009364996800000025,0.014314516005119904,0.00749199744000002,0.011451612804095923,0.66062700064,-0.746612903201024,ALIGNED
SCN_002,841,28.0,TRACKING,428.0,122.0,320.0,240.0,108.0,-118.0,0.675,-0.7374999999999999,0.014372999360000027,0.009112903201024092,0.011498399488000022,0.007290322560819274,0.672125400128,-0.7393225806402047,ALIGNED
SCN_002,842,28.0333,TRACKING,430.0,124.0,320.0,240.0,110.0,-116.0,0.6875,-0.725,0.015374599871999961,0.014322580640204752,0.01229967989759997,0.011458064512163801,0.6844250800256,-0.7278645161280409,ALIGNED
SCN_002,843,28.0667,TRACKING,431.0,125.0,320.0,240.0,111.0,-115.0,0.69375,-0.71875,0.009324919974399992,0.009114516128040928,0.007459935979519994,0.0072916129024327425,0.69188501600512,-0.7205729032256082,ALIGNED
SCN_002,844,28.1,TRACKING,433.0,127.0,320.0,240.0,113.0,-113.0,0.70625,-0.70625,0.014364983994880065,0.014322903225608141,0.011491987195904052,0.011458322580486513,0.703377003201024,-0.7091145806451217,ALIGNED
SCN_002,845,28.1333,TRACKING,435.0,128.0,320.0,240.0,115.0,-112.0,0.71875,-0.7,0.015372996798975969,0.009114580645121717,0.012298397439180776,0.007291664516097374,0.7156754006402049,-0.7018229161290243,ALIGNED
SCN_002,846,28.1667,TRACKING,436.0,130.0,320.0,240.0,116.0,-110.0,0.725,-0.6875,0.009324599359795127,0.014322916129024255,0.007459679487836102,0.011458332903219404,0.723135080128041,-0.6903645832258049,ALIGNED
SCN_002,847,28.2,TRACKING,438.0,131.0,320.0,240.0,118.0,-109.0,0.7375,-0.68125,0.014364919871959092,0.009114583225804829,0.011491935897567274,0.007291666580643863,0.7346270160256082,-0.683072916645161,ALIGNED
SCN_002,848,28.2333,TRACKING,439.0,133.0,320.0,240.0,119.0,-107.0,0.74375,-0.6687500000000001,0.009122983974391818,0.014322916645160944,0.007298387179513455,0.011458333316128756,0.7419254032051217,-0.6716145833290322,ALIGNED
SCN_002,849,28.2667,TRACKING,441.0,135.0,320.0,240.0,121.0,-105.0,0.75625,-0.65625,0.014324596794878297,0.015364583329032233,0.011459677435902638,0.012291666663225786,0.7533850806410243,-0.6593229166658064,ALIGNED
SCN_002,850,28.3,TRACKING,442.0,136.0,320.0,240.0,122.0,-104.0,0.7625,-0.65,0.009114919358975682,0.009322916665806424,0.007291935487180545,0.00745833333264514,0.7606770161282048,-0.6518645833331613,ALIGNED
SCN_002,851,28.3333,TRACKING,444.0,138.0,320.0,240.0,124.0,-102.0,0.775,-0.6375,0.014322983871795203,0.014364583333161374,0.011458387097436164,0.0114916666665291,0.772135403225641,-0.6403729166666322,ALIGNED
SCN_002,852,28.3667,TRACKING,445.0,140.0,320.0,240.0,125.0,-100.0,0.78125,-0.625,0.009114596774358996,0.015372916666632208,0.0072916774194871975,0.012298333333305767,0.7794270806451282,-0.6280745833333264,ALIGNED
SCN_002,853,28.4,TRACKING,446.0,142.0,320.0,240.0,126.0,-98.0,0.7875,-0.6125,0.008072919354871755,0.015574583333326397,0.006458335483897404,0.012459666666661118,0.7858854161290256,-0.6156149166666653,ALIGNED
SCN_002,854,28.4333,TRACKING,448.0,143.0,320.0,240.0,128.0,-97.0,0.8,-0.60625,0.014114583870974418,0.00936491666666539,0.011291667096779534,0.007491933333332312,0.7971770832258052,-0.608122983333333,ALIGNED
SCN_002,855,28.4667,TRACKING,449.0,145.0,320.0,240.0,129.0,-95.0,0.80625,-0.59375,0.009072916774194861,0.014372983333333034,0.007258333419355889,0.011498386666666428,0.804435416645161,-0.5966245966666666,ALIGNED
SCN_002,856,28.5,TRACKING,450.0,147.0,320.0,240.0,130.0,-93.0,0.8125,-0.58125,0.00806458335483895,0.015374596666666518,0.00645166668387116,0.012299677333333215,0.8108870833290323,-0.5843249193333333,ALIGNED
SCN_002,857,28.5333,TRACKING,452.0,149.0,320.0,240.0,132.0,-91.0,0.825,-0.56875,0.014112916670967701,0.015574919333333326,0.011290333336774162,0.012459935466666662,0.8221774166658065,-0.5718649838666666,ALIGNED
SCN_002,858,28.5667,TRACKING,453.0,151.0,320.0,240.0,133.0,-89.0,0.83125,-0.55625,0.009072583334193585,0.015614983866666599,0.007258066667354868,0.01249198709333328,0.8294354833331613,-0.5593729967733333,ALIGNED
SCN_002,859,28.6,TRACKING,454.0,152.0,320.0,240.0,134.0,-88.0,0.8375,-0.5499999999999999,0.008064516666838717,0.009372996773333364,0.006451613333470974,0.007498397418666692,0.8358870966666323,-0.5518745993546667,ALIGNED
SCN_002,860,28.6333,TRACKING,455.0,154.0,320.0,240.0,135.0,-86.0,0.84375,-0.5375,0.007862903333367699,0.014374599354666673,0.006290322666694159,0.011499679483733339,0.8421774193333265,-0.5403749198709333,ALIGNED
SCN_002,861,28.6667,TRACKING,457.0,156.0,320.0,240.0,137.0,-84.0,0.85625,-0.5249999999999999,0.014072580666673495,0.015374919870933423,0.011258064533338797,0.012299935896746739,0.8534354838666652,-0.5280749839741866,ALIGNED
SCN_002,862,28.7,TRACKING,458.0,158.0,320.0,240.0,138.0,-82.0,0.8625,-0.5125,0.00906451613333481,0.015574983974186662,0.007251612906667849,0.012459987179349331,0.8606870967733331,-0.5156149967948372,ALIGNED
SCN_002,863,28.7333,TRACKING,459.0,160.0,320.0,240.0,139.0,-80.0,0.86875,-0.5,0.008062903226666918,0.015614996794837244,0.006450322581333535,0.012491997435869796,0.8671374193546666,-0.5031229993589674,ALIGNED
SCN_002,864,28.7667,TRACKING,460.0,162.0,320.0,240.0,140.0,-78.0,0.875,-0.48750000000000004,0.007862580645333406,0.015622999358967382,0.006290064516266725,0.012498399487173906,0.8734274838709333,-0.4906245998717935,ALIGNED
SCN_002,865,28.8,TRACKING,461.0,164.0,320.0,240.0,141.0,-76.0,0.88125,-0.475,0.007822516129066703,0.015624599871793543,0.006258012903253363,0.012499679897434834,0.8796854967741866,-0.4781249199743587,ALIGNED
SCN_002,866,28.8333,TRACKING,462.0,166.0,320.0,240.0,142.0,-74.0,0.8875,-0.4625,0.00781450322581334,0.015624919974358664,0.006251602580650673,0.012499935979486933,0.8859370993548373,-0.46562498399487173,ALIGNED
SCN_002,867,28.8667,TRACKING,463.0,168.0,320.0,240.0,143.0,-72.0,0.89375,-0.44999999999999996,0.007812900645162713,0.015624983994871777,0.00625032051613017,0.012499987195897422,0.8921874198709675,-0.45312499679897433,ALIGNED
SCN_002,868,28.9,TRACKING,464.0,170.0,320.0,240.0,144.0,-70.0,0.9,-0.4375,0.00781258012903252,0.015624996798974333,0.006250064103226017,0.012499997439179468,0.8984374839741935,-0.4406249993597949,ALIGNED
SCN_002,869,28.9333,TRACKING,465.0,172.0,320.0,240.0,145.0,-68.0,0.90625,-0.425,0.00781251602580646,0.015624999359794889,0.006250012820645168,0.012499999487835912,0.9046874967948387,-0.42812499987195896,ALIGNED
SCN_002,870,28.9667,TRACKING,466.0,174.0,320.0,240.0,146.0,-66.0,0.9125,-0.41250000000000003,0.007812503205161248,0.015624999871958922,0.006250002564128998,0.012499999897567138,0.9109374993589677,-0.41562499997439184,ALIGNED
SCN_002,871,29.0,TRACKING,467.0,176.0,320.0,240.0,147.0,-64.0,0.91875,-0.4,0.007812500641032227,0.015624999974391818,0.006250000512825782,0.012499999979513454,0.9171874998717935,-0.4031249999948784,ALIGNED
SCN_002,872,29.0333,TRACKING,468.0,178.0,320.0,240.0,148.0,-62.0,0.925,-0.38750000000000007,0.007812500128206556,0.01562499999487832,0.006250000102565246,0.012499999995902657,0.9234374999743588,-0.3906249999989757,ALIGNED
SCN_002,873,29.0667,TRACKING,469.0,180.0,320.0,240.0,149.0,-60.0,0.93125,-0.375,0.007812500025641267,0.015624999998975708,0.0062500000205130135,0.012499999999180568,0.9296874999948718,-0.37812499999979515,ALIGNED
SCN_002,874,29.1,TRACKING,470.0,182.0,320.0,240.0,150.0,-58.0,0.9375,-0.3625,0.007812500005128231,0.015624999999795164,0.006250000004102585,0.012499999999836132,0.9359374999989744,-0.365624999999959,ALIGNED
SCN_002,875,29.1333,TRACKING,471.0,184.0,320.0,240.0,151.0,-56.0,0.94375,-0.35,0.007812500001025624,0.015624999999959033,0.006250000000820499,0.012499999999967227,0.9421874999997949,-0.3531249999999918,ALIGNED
SCN_002,876,29.1667,TRACKING,471.0,186.0,320.0,240.0,151.0,-54.0,0.94375,-0.3375,0.0015625000002050804,0.015624999999991784,0.0012500000001640643,0.012499999999993428,0.943437499999959,-0.3406249999999984,ALIGNED
SCN_002,877,29.2,TRACKING,472.0,188.0,320.0,240.0,152.0,-52.0,0.95,-0.325,0.006562500000040994,0.01562499999999839,0.005250000000032795,0.012499999999998714,0.9486874999999918,-0.32812499999999967,ALIGNED
SCN_002,878,29.2333,TRACKING,473.0,190.0,320.0,240.0,153.0,-50.0,0.95625,-0.3125,0.007562500000008243,0.015624999999999667,0.006050000000006595,0.012499999999999734,0.9547374999999984,-0.31562499999999993,ALIGNED
SCN_002,879,29.2667,TRACKING,474.0,193.0,320.0,240.0,154.0,-47.0,0.9625,-0.29375,0.007762500000001671,0.021874999999999922,0.006210000000001337,0.01749999999999994,0.9609474999999997,-0.298125,ALIGNED
SCN_002,880,29.3,TRACKING,474.0,195.0,320.0,240.0,154.0,-45.0,0.9625,-0.28125,0.0015525000000002898,0.016874999999999973,0.0012420000000002319,0.013499999999999979,0.9621894999999999,-0.284625,ALIGNED
SCN_002,881,29.3333,TRACKING,475.0,197.0,320.0,240.0,155.0,-43.0,0.96875,-0.26875,0.00656050000000008,0.015875000000000028,0.0052484000000000645,0.012700000000000024,0.9674379,-0.271925,ALIGNED
SCN_002,882,29.3667,TRACKING,475.0,199.0,320.0,240.0,155.0,-41.0,0.96875,-0.25625,0.0013121000000000382,0.015674999999999994,0.0010496800000000307,0.012539999999999996,0.96848758,-0.259385,ALIGNED
SCN_002,883,29.4,TRACKING,476.0,201.0,320.0,240.0,156.0,-39.0,0.975,-0.24375000000000002,0.006512419999999963,0.015634999999999954,0.005209935999999971,0.012507999999999964,0.973697516,-0.246877,ALIGNED
SCN_002,884,29.4333,TRACKING,477.0,203.0,320.0,240.0,157.0,-37.0,0.98125,-0.23125,0.0075524839999999704,0.015627000000000002,0.006041987199999977,0.012501600000000002,0.9797395031999999,-0.2343754,ALIGNED
SCN_002,885,29.4667,TRACKING,477.0,206.0,320.0,240.0,157.0,-34.0,0.98125,-0.2125,0.0015104968000000385,0.021875400000000017,0.001208397440000031,0.017500320000000014,0.9809479006399999,-0.21687508,ALIGNED
SCN_002,886,29.5,TRACKING,477.0,208.0,320.0,240.0,157.0,-32.0,0.98125,-0.2,0.0003020993600000299,0.016875079999999987,0.00024167948800002392,0.01350006399999999,0.981189580128,-0.20337501600000002,ALIGNED
SCN_002,887,29.5333,TRACKING,478.0,210.0,320.0,240.0,158.0,-30.0,0.9875,-0.1875,0.006310419872000095,0.01587501600000002,0.005048335897600076,0.012700012800000016,0.9862379160256001,-0.1906750032,ALIGNED
SCN_002,888,29.5667,TRACKING,478.0,212.0,320.0,240.0,158.0,-28.0,0.9875,-0.175,0.0012620839743999746,0.01567500320000001,0.0010096671795199797,0.012540002560000008,0.9872475832051201,-0.17813500063999999,ALIGNED
SCN_002,889,29.6,TRACKING,479.0,214.0,320.0,240.0,159.0,-26.0,0.99375,-0.1625,0.0065024167948799505,0.01563500063999998,0.005201933435903961,0.012508000511999984,0.992449516641024,-0.165627000128,ALIGNED
SCN_002,890,29.6333,TRACKING,479.0,217.0,320.0,240.0,159.0,-23.0,0.99375,-0.14375000000000002,0.0013004833589760345,0.02187700012799998,0.0010403866871808276,0.017501600102399983,0.9934899033282049,-0.1481254000256,ALIGNED
SCN_002,891,29.6667,TRACKING,479.0,219.0,320.0,240.0,159.0,-21.0,0.99375,-0.13124999999999998,0.0002600966717951625,0.016875400025600035,0.00020807733743613002,0.013500320020480029,0.993697980665641,-0.13462508000512,ALIGNED
SCN_002,892,29.7,TRACKING,480.0,221.0,320.0,240.0,160.0,-19.0,1.0,-0.11875,0.0063020193343590325,0.01587508000512,0.005041615467487226,0.012700064004096002,0.9987395961331282,-0.121925016001024,ALIGNED
SCN_002,893,29.7333,TRACKING,480.0,223.0,320.0,240.0,160.0,-17.0,1.0,-0.10625,0.001260403866871762,0.015675016001024,0.0010083230934974097,0.0125400128008192,0.9997479192266256,-0.10938500320020479,ALIGNED
SCN_002,894,29.7667,TRACKING,480.0,225.0,320.0,240.0,160.0,-15.0,1.0,-0.09375,0.0002520807733743524,0.01563500320020479,0.00020166461869948195,0.012508002560163834,0.9999495838453252,-0.09687700064004096,ALIGNED
SCN_002,895,29.8,TRACKING,480.0,228.0,320.0,240.0,160.0,-12.0,1.0,-0.07500000000000001,5.0416154674826075e-05,0.021877000640040944,4.033292373986086e-05,0.017501600512032756,0.999989916769065,-0.0793754001280082,ALIGNED
SCN_002,896,29.8333,TRACKING,481.0,230.0,320.0,240.0,161.0,-10.0,1.00625,-0.0625,0.006260083230935076,0.0168754001280082,0.005008066584748061,0.01350032010240656,1.004997983353813,-0.06587508002560163,ALIGNED
SCN_002,897,29.8667,TRACKING,481.0,232.0,320.0,240.0,161.0,-8.0,1.00625,-0.05,0.0012520166461871263,0.01587508002560163,0.001001613316949701,0.012700064020481306,1.0059995966707627,-0.053175016005120326,ALIGNED
SCN_002,898,29.9,TRACKING,481.0,234.0,320.0,240.0,161.0,-6.0,1.00625,-0.037500000000000006,0.00025040332923742525,0.01567501600512032,0.00020032266338994021,0.012540012804096258,1.0061999193341526,-0.04063500320102407,ALIGNED
SCN_002,899,29.9333,TRACKING,481.0,237.0,320.0,240.0,161.0,-3.0,1.00625,-0.018750000000000003,5.008066584744064e-05,0.021885003201024066,4.0064532677952516e-05,0.017508002560819254,1.0062399838668306,-0.023127000640204814,ALIGNED
SCN_002,900,29.9667,TRACKING,481.0,239.0,320.0,240.0,161.0,-1.0,1.00625,-0.00625,1.0016133169532537e-05,0.016877000640204816,8.01290653562603e-06,0.013501600512163854,1.0062479967733662,-0.00962540012804096,ALIGNED
