scenario_id,frame_id,timestamp,tracking_status,tracked_x,tracked_y,image_center_x,image_center_y,pixel_error_x,pixel_error_y,target_angle_x,target_angle_y,remaining_error_x,remaining_error_y,pan_command,tilt_command,virtual_pan,virtual_tilt,alignment_status
SCN_010,1,0.0,ACQUIRING,471.0,241.0,320.0,240.0,151.0,1.0,0.94375,0.00625,0.94375,0.00625,0.16666666666666666,0.005000000000000001,0.16666666666666666,0.005000000000000001,ALIGNING
SCN_010,2,0.0333,ACQUIRING,471.0,242.0,320.0,240.0,151.0,2.0,0.94375,0.0125,0.7770833333333333,0.0075,0.16666666666666666,0.006,0.3333333333333333,0.011000000000000001,ALIGNING
SCN_010,3,0.0667,TRACKING,471.0,243.0,320.0,240.0,151.0,3.0,0.94375,0.018750000000000003,0.6104166666666666,0.007750000000000002,0.16666666666666666,0.0062000000000000015,0.5,0.017200000000000003,ALIGNING
SCN_010,4,0.1,TRACKING,471.0,244.0,320.0,240.0,151.0,4.0,0.94375,0.025,0.44375,0.007799999999999998,0.16666666666666666,0.006239999999999999,0.6666666666666666,0.023440000000000003,ALIGNING
SCN_010,5,0.1333,TRACKING,471.0,246.0,320.0,240.0,151.0,6.0,0.94375,0.037500000000000006,0.27708333333333335,0.014060000000000003,0.16666666666666666,0.011248000000000003,0.8333333333333333,0.034688000000000004,ALIGNING
SCN_010,6,0.1667,TRACKING,471.0,247.0,320.0,240.0,151.0,7.0,0.94375,0.04375,0.11041666666666672,0.009061999999999994,0.08833333333333337,0.007249599999999995,0.9216666666666666,0.0419376,ALIGNING
SCN_010,7,0.2,TRACKING,471.0,248.0,320.0,240.0,151.0,8.0,0.94375,0.05,0.022083333333333344,0.008062400000000004,0.017666666666666674,0.006449920000000004,0.9393333333333334,0.04838752,ALIGNED
SCN_010,8,0.2333,TRACKING,471.0,249.0,320.0,240.0,151.0,9.0,0.94375,0.056249999999999994,0.004416666666666624,0.007862479999999991,0.0035333333333333,0.006289983999999993,0.9428666666666666,0.054677503999999995,ALIGNED
SCN_010,9,0.2667,TRACKING,471.0,250.0,320.0,240.0,151.0,10.0,0.94375,0.0625,0.0008833333333333471,0.007822496000000005,0.0007066666666666777,0.006257996800000005,0.9435733333333333,0.0609355008,ALIGNED
SCN_010,10,0.3,TRACKING,471.0,251.0,320.0,240.0,151.0,11.0,0.94375,0.06874999999999999,0.00017666666666671382,0.007814499199999991,0.00014133333333337107,0.006251599359999993,0.9437146666666666,0.06718710016,ALIGNED
SCN_010,11,0.3333,TRACKING,471.0,253.0,320.0,240.0,151.0,13.0,0.94375,0.08125,3.5333333333387174e-05,0.014062899840000004,2.826666666670974e-05,0.011250319872000003,0.9437429333333333,0.07843742003200001,ALIGNED
SCN_010,12,0.3667,TRACKING,470.0,254.0,320.0,240.0,150.0,14.0,0.9375,0.0875,-0.006242933333333256,0.009062579967999987,-0.004994346666666605,0.00725006397439999,0.9387485866666666,0.0856874840064,ALIGNED
SCN_010,13,0.4,TRACKING,470.0,255.0,320.0,240.0,150.0,15.0,0.9375,0.09375,-0.0012485866666666068,0.0080625159936,-0.0009988693333332856,0.00645001279488,0.9377497173333333,0.09213749680128,ALIGNED
SCN_010,14,0.4333,TRACKING,470.0,256.0,320.0,240.0,150.0,16.0,0.9375,0.1,-0.00024971733333334356,0.007862503198720006,-0.00019977386666667485,0.006290002558976005,0.9375499434666666,0.09842749936025601,ALIGNED
SCN_010,15,0.4667,TRACKING,470.0,257.0,320.0,240.0,150.0,17.0,0.9375,0.10625,-4.994346666664651e-05,0.00782250063974399,-3.995477333331721e-05,0.006258000511795193,0.9375099886933334,0.1046854998720512,ALIGNED
SCN_010,16,0.5,TRACKING,470.0,258.0,320.0,240.0,150.0,18.0,0.9375,0.11249999999999999,-9.988693333351506e-06,0.007814500127948792,-7.990954666681206e-06,0.006251600102359034,0.9375019977386667,0.11093709997441023,ALIGNED
SCN_010,17,0.5333,TRACKING,470.0,260.0,320.0,240.0,150.0,20.0,0.9375,0.125,-1.99773866671471e-06,0.01406290002558977,-1.598190933371768e-06,0.011250320020471816,0.9375003995477333,0.12218741999488204,ALIGNED
SCN_010,18,0.5667,TRACKING,470.0,261.0,320.0,240.0,150.0,21.0,0.9375,0.13124999999999998,-3.99547733342942e-07,0.009062580005117934,-3.1963818667435364e-07,0.007250064004094348,0.9375000799095466,0.1294374839989764,ALIGNED
SCN_010,19,0.6,TRACKING,470.0,262.0,320.0,240.0,150.0,22.0,0.9375,0.13749999999999998,-7.990954664638394e-08,0.00806251600102359,-6.392763731710716e-08,0.006450012800818872,0.9375000159819094,0.13588749679979525,ALIGNED
SCN_010,20,0.6333,TRACKING,469.0,263.0,320.0,240.0,149.0,23.0,0.93125,0.14375000000000002,-0.006250015981909329,0.007862503200204762,-0.005000012785527464,0.006290002560163811,0.9325000031963819,0.14217749935995908,ALIGNED
SCN_010,21,0.6667,TRACKING,469.0,264.0,320.0,240.0,149.0,24.0,0.93125,0.15000000000000002,-0.0012500031963819103,0.007822500640040947,-0.0010000025571055282,0.006258000512032758,0.9315000006392764,0.14843549987199184,ALIGNED
SCN_010,22,0.7,TRACKING,469.0,265.0,320.0,240.0,149.0,25.0,0.93125,0.15625,-0.00025000063927638205,0.007814500128008162,-0.00020000051142110564,0.00625160010240653,0.9313000001278553,0.15468709997439836,ALIGNED
SCN_010,23,0.7333,TRACKING,469.0,267.0,320.0,240.0,149.0,27.0,0.93125,0.16875,-5.000012785527641e-05,0.014062900025601649,-4.000010228422113e-05,0.01125032002048132,0.9312600000255711,0.16593741999487968,ALIGNED
SCN_010,24,0.7667,TRACKING,469.0,268.0,320.0,240.0,149.0,28.0,0.93125,0.175,-1.0000025571055282e-05,0.009062580005120308,-8.000020456844226e-06,0.007250064004096246,0.9312520000051142,0.17318748399897593,ALIGNED
SCN_010,25,0.8,TRACKING,468.0,269.0,320.0,240.0,148.0,29.0,0.925,0.18125,-0.006252000005114167,0.008062516001024062,-0.005001600004091333,0.006450012800819249,0.9262504000010229,0.17963749679979518,ALIGNED
SCN_010,26,0.8333,TRACKING,468.0,270.0,320.0,240.0,148.0,30.0,0.925,0.1875,-0.0012504000010228333,0.007862503200204818,-0.0010003200008182668,0.006290002560163855,0.9252500800002046,0.18592749935995903,ALIGNED
SCN_010,27,0.8667,TRACKING,468.0,271.0,320.0,240.0,148.0,31.0,0.925,0.19375000000000003,-0.00025008000020454446,0.007822500640041002,-0.00020006400016363559,0.006258000512032802,0.925050016000041,0.19218549987199182,ALIGNED
SCN_010,28,0.9,TRACKING,468.0,272.0,320.0,240.0,148.0,32.0,0.925,0.2,-5.00160000409533e-05,0.00781450012800819,-4.001280003276264e-05,0.0062516001024065515,0.9250100032000083,0.19843709997439837,ALIGNED
SCN_010,29,0.9333,TRACKING,467.0,273.0,320.0,240.0,147.0,33.0,0.91875,0.20625000000000002,-0.006260003200008302,0.007812900025601643,-0.005008002560006642,0.006250320020481315,0.9200020006400016,0.2046874199948797,ALIGNED
SCN_010,30,0.9667,TRACKING,467.0,275.0,320.0,240.0,147.0,35.0,0.91875,0.21875,-0.0012520006400016381,0.014062580005120312,-0.0010016005120013105,0.01125006400409625,0.9190004001280003,0.21593748399897594,ALIGNED
SCN_010,31,1.0,TRACKING,467.0,276.0,320.0,240.0,147.0,36.0,0.91875,0.22499999999999998,-0.00025040012800037204,0.009062516001024035,-0.00020032010240029764,0.007250012800819228,0.9188000800256,0.22318749679979516,ALIGNED
SCN_010,32,1.0333,TRACKING,467.0,277.0,320.0,240.0,147.0,37.0,0.91875,0.23125,-5.008002560003e-05,0.008062503200204851,-4.0064020480024e-05,0.006450002560163881,0.9187600160051199,0.22963749935995903,ALIGNED
SCN_010,33,1.0667,TRACKING,466.0,278.0,320.0,240.0,146.0,38.0,0.9125,0.2375,-0.006260016005119939,0.00786250064004096,-0.005008012804095952,0.006290000512032767,0.913752003201024,0.2359274998719918,ALIGNED
SCN_010,34,1.1,TRACKING,466.0,279.0,320.0,240.0,146.0,39.0,0.9125,0.24375000000000002,-0.0012520032010240323,0.007822500128008225,-0.0010016025608192258,0.00625800010240658,0.9127504006402047,0.24218549997439837,ALIGNED
SCN_010,35,1.1333,TRACKING,466.0,280.0,320.0,240.0,146.0,40.0,0.9125,0.25,-0.00025040064020476205,0.007814500025601634,-0.00020032051216380966,0.006251600020481307,0.912550080128041,0.24843709999487967,ALIGNED
SCN_010,36,1.1667,TRACKING,465.0,281.0,320.0,240.0,145.0,41.0,0.90625,0.25625,-0.006300080128040952,0.007812900005120305,-0.005040064102432762,0.006250320004096244,0.9075100160256082,0.25468741999897593,ALIGNED
SCN_010,37,1.2,TRACKING,465.0,282.0,320.0,240.0,145.0,42.0,0.90625,0.26249999999999996,-0.0012600160256082127,0.007812580001024028,-0.0010080128204865701,0.006250064000819223,0.9065020032051216,0.26093748399979516,ALIGNED
SCN_010,38,1.2333,TRACKING,465.0,284.0,320.0,240.0,145.0,44.0,0.90625,0.27499999999999997,-0.00025200320512164254,0.014062516000204806,-0.00020160256409731405,0.011250012800163845,0.9063004006410244,0.272187496799959,ALIGNED
SCN_010,39,1.2667,TRACKING,464.0,285.0,320.0,240.0,144.0,45.0,0.9,0.28125,-0.0063004006410243285,0.009062503200040983,-0.005040320512819463,0.007250002560032787,0.9012600801282049,0.2794374993599918,ALIGNED
SCN_010,40,1.3,TRACKING,464.0,286.0,320.0,240.0,144.0,46.0,0.9,0.28750000000000003,-0.001260080128204888,0.008062500640008241,-0.0010080641025639104,0.006450000512006593,0.900252016025641,0.2858874998719984,ALIGNED
SCN_010,41,1.3333,TRACKING,464.0,287.0,320.0,240.0,144.0,47.0,0.9,0.29375,-0.0002520160256409554,0.007862500128001604,-0.0002016128205127643,0.006290000102401283,0.9000504032051282,0.2921774999743997,ALIGNED
SCN_010,42,1.3667,TRACKING,463.0,288.0,320.0,240.0,143.0,48.0,0.89375,0.30000000000000004,-0.006300403205128147,0.007822500025600365,-0.005040322564102518,0.0062580000204802925,0.8950100806410257,0.29843549999487995,ALIGNED
SCN_010,43,1.4,TRACKING,463.0,289.0,320.0,240.0,143.0,49.0,0.89375,0.30625,-0.0012600806410256737,0.007814500005120073,-0.001008064512820539,0.006251600004096059,0.8940020161282052,0.30468709999897603,ALIGNED
SCN_010,44,1.4333,TRACKING,463.0,290.0,320.0,240.0,143.0,50.0,0.89375,0.3125,-0.00025201612820513475,0.00781290000102397,-0.0002016129025641078,0.0062503200008191765,0.893800403225641,0.3109374199997952,ALIGNED
SCN_010,45,1.4667,TRACKING,462.0,291.0,320.0,240.0,142.0,51.0,0.8875,0.31875,-0.006300403225641071,0.007812580000204794,-0.005040322580512857,0.006250064000163836,0.8887600806451281,0.317187483999959,ALIGNED
SCN_010,46,1.5,TRACKING,462.0,292.0,320.0,240.0,142.0,52.0,0.8875,0.325,-0.0012600806451281699,0.007812516000041014,-0.0010080645161025358,0.006250012800032812,0.8877520161290255,0.3234374967999918,ALIGNED
SCN_010,47,1.5333,TRACKING,462.0,294.0,320.0,240.0,142.0,54.0,0.8875,0.3375,-0.00025201612902558956,0.014062503200008236,-0.00020161290322047166,0.01125000256000659,0.887550403225805,0.33468749935999836,ALIGNED
SCN_010,48,1.5667,TRACKING,461.0,295.0,320.0,240.0,141.0,55.0,0.88125,0.34375,-0.006300403225805051,0.009062500640001636,-0.005040322580644041,0.007250000512001309,0.882510080645161,0.3419374998719997,ALIGNED
SCN_010,49,1.6,TRACKING,461.0,296.0,320.0,240.0,141.0,56.0,0.88125,0.35,-0.0012600806451610325,0.008062500128000305,-0.001008064516128826,0.0064500001024002445,0.8815020161290322,0.34838749997439994,ALIGNED
SCN_010,50,1.6333,TRACKING,460.0,297.0,320.0,240.0,140.0,57.0,0.875,0.35624999999999996,-0.006502016129032229,0.007862500025600017,-0.005201612903225784,0.006290000020480014,0.8763004032258065,0.35467749999487996,ALIGNED
SCN_010,51,1.6667,TRACKING,460.0,298.0,320.0,240.0,140.0,58.0,0.875,0.3625,-0.0013004032258064901,0.007822500005120026,-0.001040322580645192,0.006258000004096021,0.8752600806451613,0.360935499998976,ALIGNED
SCN_010,52,1.7,TRACKING,459.0,299.0,320.0,240.0,139.0,59.0,0.86875,0.36874999999999997,-0.006510080645161231,0.00781450000102396,-0.005208064516128985,0.006251600000819169,0.8700520161290323,0.36718709999979515,ALIGNED
SCN_010,53,1.7333,TRACKING,459.0,300.0,320.0,240.0,139.0,60.0,0.86875,0.375,-0.0013020161290322463,0.007812900000204848,-0.001041612903225797,0.006250320000163879,0.8690104032258065,0.37343741999995905,ALIGNED
SCN_010,54,1.7667,TRACKING,458.0,301.0,320.0,240.0,138.0,61.0,0.8625,0.38125,-0.006510403225806427,0.007812580000040925,-0.005208322580645142,0.006250064000032741,0.8638020806451613,0.3796874839999918,ALIGNED
SCN_010,55,1.8,TRACKING,458.0,302.0,320.0,240.0,138.0,62.0,0.8625,0.38750000000000007,-0.001302080645161241,0.007812516000008263,-0.001041664516128993,0.0062500128000066105,0.8627604161290323,0.3859374967999984,ALIGNED
SCN_010,56,1.8333,TRACKING,457.0,303.0,320.0,240.0,137.0,63.0,0.85625,0.39375000000000004,-0.006510416129032359,0.007812503200001653,-0.005208332903225888,0.006250002560001322,0.8575520832258064,0.3921874993599997,ALIGNED
SCN_010,57,1.8667,TRACKING,457.0,304.0,320.0,240.0,137.0,64.0,0.85625,0.4,-0.001302083225806494,0.00781250064000033,-0.0010416665806451952,0.006250000512000265,0.8565104166451613,0.39843749987199995,ALIGNED
SCN_010,58,1.9,TRACKING,456.0,305.0,320.0,240.0,136.0,65.0,0.85,0.40625,-0.006510416645161277,0.007812500128000055,-0.005208333316129021,0.0062500001024000445,0.8513020833290322,0.4046874999744,ALIGNED
SCN_010,59,1.9333,TRACKING,456.0,306.0,320.0,240.0,136.0,66.0,0.85,0.41250000000000003,-0.0013020833290322553,0.007812500025600022,-0.0010416666632258043,0.006250000020480018,0.8502604166658064,0.41093749999488005,ALIGNED
SCN_010,60,1.9667,TRACKING,455.0,307.0,320.0,240.0,135.0,67.0,0.84375,0.41875,-0.006510416665806429,0.00781250000511996,-0.005208333332645143,0.006250000004095969,0.8450520833331613,0.41718749999897603,ALIGNED
SCN_010,61,2.0,TRACKING,455.0,308.0,320.0,240.0,135.0,68.0,0.84375,0.425,-0.0013020833331612858,0.007812500001023959,-0.0010416666665290287,0.006250000000819167,0.8440104166666322,0.4234374999997952,ALIGNED
SCN_010,62,2.0333,TRACKING,454.0,310.0,320.0,240.0,134.0,70.0,0.8375,0.4375,-0.006510416666632213,0.014062500000204814,-0.005208333333305771,0.011250000000163851,0.8388020833333265,0.43468749999995904,ALIGNED
SCN_010,63,2.0667,TRACKING,454.0,311.0,320.0,240.0,134.0,71.0,0.8375,0.44375,-0.001302083333326487,0.00906250000004094,-0.0010416666666611897,0.007250000000032753,0.8377604166666653,0.44193749999999177,ALIGNED
SCN_010,64,2.1,TRACKING,453.0,312.0,320.0,240.0,133.0,72.0,0.83125,0.44999999999999996,-0.006510416666665297,0.008062500000008188,-0.0052083333333322384,0.006450000000006551,0.8325520833333331,0.44838749999999833,ALIGNED
SCN_010,65,2.1333,TRACKING,453.0,313.0,320.0,240.0,133.0,73.0,0.83125,0.45624999999999993,-0.0013020833333330373,0.007862500000001604,-0.0010416666666664299,0.006290000000001284,0.8315104166666667,0.4546774999999996,ALIGNED
SCN_010,66,2.1667,TRACKING,452.0,314.0,320.0,240.0,132.0,74.0,0.825,0.4625,-0.006510416666666741,0.007822500000000399,-0.005208333333333393,0.006258000000000319,0.8263020833333333,0.46093549999999994,ALIGNED
SCN_010,67,2.2,TRACKING,452.0,315.0,320.0,240.0,132.0,75.0,0.825,0.46875,-0.0013020833333333703,0.007814500000000058,-0.0010416666666666964,0.006251600000000046,0.8252604166666666,0.46718709999999997,ALIGNED
SCN_010,68,2.2333,TRACKING,451.0,316.0,320.0,240.0,131.0,76.0,0.81875,0.475,-0.00651041666666663,0.007812900000000012,-0.005208333333333304,0.00625032000000001,0.8200520833333333,0.47343742,ALIGNED
SCN_010,69,2.2667,TRACKING,451.0,317.0,320.0,240.0,131.0,77.0,0.81875,0.48125000000000007,-0.0013020833333333703,0.007812580000000069,-0.0010416666666666964,0.006250064000000055,0.8190104166666666,0.47968748400000005,ALIGNED
SCN_010,70,2.3,TRACKING,450.0,318.0,320.0,240.0,130.0,78.0,0.8125,0.48750000000000004,-0.00651041666666663,0.007812515999999992,-0.005208333333333304,0.0062500127999999934,0.8138020833333334,0.48593749680000003,ALIGNED
SCN_010,71,2.3333,TRACKING,449.0,319.0,320.0,240.0,129.0,79.0,0.80625,0.49375,-0.007552083333333348,0.007812503199999987,-0.006041666666666679,0.00625000255999999,0.8077604166666666,0.49218749936,ALIGNED
SCN_010,72,2.3667,TRACKING,449.0,320.0,320.0,240.0,129.0,80.0,0.80625,0.5,-0.0015104166666666252,0.007812500639999997,-0.0012083333333333002,0.006250000511999998,0.8065520833333334,0.498437499872,ALIGNED
SCN_010,73,2.4,TRACKING,448.0,321.0,320.0,240.0,128.0,81.0,0.8,0.5062500000000001,-0.006552083333333347,0.00781250012800011,-0.005241666666666678,0.006250000102400089,0.8013104166666667,0.5046874999744001,ALIGNED
SCN_010,74,2.4333,TRACKING,447.0,322.0,320.0,240.0,127.0,82.0,0.79375,0.5125,-0.007560416666666736,0.007812500025599856,-0.006048333333333389,0.006250000020479885,0.7952620833333333,0.51093749999488,ALIGNED
SCN_010,75,2.4667,TRACKING,447.0,323.0,320.0,240.0,127.0,83.0,0.79375,0.51875,-0.0015120833333333028,0.007812500005120016,-0.0012096666666666423,0.006250000004096013,0.7940524166666666,0.5171874999989761,ALIGNED
SCN_010,76,2.5,TRACKING,446.0,324.0,320.0,240.0,126.0,84.0,0.7875,0.5249999999999999,-0.006552416666666616,0.007812500001023848,-0.005241933333333293,0.006250000000819079,0.7888104833333333,0.5234374999997952,ALIGNED
SCN_010,77,2.5333,TRACKING,446.0,325.0,320.0,240.0,126.0,85.0,0.7875,0.53125,-0.0013104833333332788,0.007812500000204836,-0.001048386666666623,0.006250000000163869,0.7877620966666666,0.529687499999959,ALIGNED
SCN_010,78,2.5667,TRACKING,445.0,326.0,320.0,240.0,125.0,86.0,0.78125,0.5375,-0.0065120966666666336,0.007812500000040967,-0.005209677333333307,0.0062500000000327745,0.7825524193333333,0.5359374999999917,ALIGNED
SCN_010,79,2.6,TRACKING,444.0,327.0,320.0,240.0,124.0,87.0,0.775,0.54375,-0.007552419333333282,0.007812500000008216,-0.006041935466666626,0.006250000000006573,0.7765104838666667,0.5421874999999983,ALIGNED
SCN_010,80,2.6333,TRACKING,444.0,327.0,320.0,240.0,124.0,87.0,0.775,0.54375,-0.0015104838666666343,0.0015625000000016875,-0.0012083870933333074,0.00125000000000135,0.7753020967733334,0.5434374999999996,ALIGNED
SCN_010,81,2.6667,TRACKING,443.0,328.0,320.0,240.0,123.0,88.0,0.76875,0.5499999999999999,-0.006552096773333349,0.00656250000000036,-0.00524167741866668,0.005250000000000288,0.7700604193546667,0.5486874999999999,ALIGNED
SCN_010,82,2.7,TRACKING,442.0,329.0,320.0,240.0,122.0,89.0,0.7625,0.55625,-0.007560419354666781,0.0075625000000001386,-0.006048335483733425,0.006050000000000111,0.7640120838709333,0.5547375,ALIGNED
SCN_010,83,2.7333,TRACKING,442.0,330.0,320.0,240.0,122.0,90.0,0.7625,0.5625,-0.0015120838709333784,0.0077625000000000055,-0.0012096670967467029,0.006210000000000005,0.7628024167741866,0.5609475,ALIGNED
SCN_010,84,2.7667,TRACKING,441.0,331.0,320.0,240.0,121.0,91.0,0.75625,0.56875,-0.006552416774186609,0.0078024999999999345,-0.005241933419349288,0.006241999999999948,0.7575604833548373,0.5671895,ALIGNED
SCN_010,85,2.8,TRACKING,440.0,332.0,320.0,240.0,120.0,92.0,0.75,0.5750000000000001,-0.007560483354837277,0.0078105000000000535,-0.006048386683869822,0.006248400000000043,0.7515120966709674,0.5734379000000001,ALIGNED
SCN_010,86,2.8333,TRACKING,439.0,333.0,320.0,240.0,119.0,93.0,0.74375,0.58125,-0.007762096670967389,0.0078120999999999885,-0.006209677336773911,0.006249679999999991,0.7453024193341935,0.5796875800000001,ALIGNED
SCN_010,87,2.8667,TRACKING,439.0,334.0,320.0,240.0,119.0,94.0,0.74375,0.5875,-0.0015524193341934778,0.007812419999999931,-0.0012419354673547823,0.0062499359999999456,0.7440604838668388,0.585937516,ALIGNED
SCN_010,88,2.9,TRACKING,438.0,335.0,320.0,240.0,118.0,95.0,0.7375,0.59375,-0.006560483866838718,0.007812484000000008,-0.005248387093470974,0.006249987200000007,0.7388120967733678,0.5921875032,ALIGNED
SCN_010,89,2.9333,TRACKING,437.0,336.0,320.0,240.0,117.0,96.0,0.73125,0.6000000000000001,-0.007562096773367832,0.007812496800000068,-0.006049677418694267,0.006249997440000055,0.7327624193546736,0.5984375006400001,ALIGNED
SCN_010,90,2.9667,TRACKING,436.0,337.0,320.0,240.0,116.0,97.0,0.725,0.60625,-0.007762419354673589,0.007812499359999836,-0.006209935483738872,0.006249999487999869,0.7265524838709347,0.604687500128,ALIGNED
SCN_010,91,3.0,TRACKING,436.0,338.0,320.0,240.0,116.0,98.0,0.725,0.6125,-0.0015524838709347621,0.007812499872000056,-0.0012419870967478098,0.0062499998976000455,0.7253104967741869,0.6109375000256,ALIGNED
SCN_010,92,3.0333,TRACKING,435.0,339.0,320.0,240.0,115.0,99.0,0.71875,0.6187499999999999,-0.006560496774186908,0.007812499974399922,-0.005248397419349527,0.006249999979519938,0.7200620993548373,0.6171875000051199,ALIGNED
SCN_010,93,3.0667,TRACKING,434.0,339.0,320.0,240.0,114.0,99.0,0.7125,0.6187499999999999,-0.007562099354837315,0.0015624999948800067,-0.006049679483869853,0.0012499999959040054,0.7140124198709675,0.6184375000010239,ALIGNED
SCN_010,94,3.1,TRACKING,433.0,340.0,320.0,240.0,113.0,100.0,0.70625,0.625,-0.007762419870967485,0.006562499998976068,-0.006209935896773988,0.005249999999180854,0.7078024839741935,0.6236875000002048,ALIGNED
SCN_010,95,3.1333,TRACKING,433.0,341.0,320.0,240.0,113.0,101.0,0.70625,0.63125,-0.001552483974193497,0.007562499999795191,-0.0012419871793547977,0.0060499999998361535,0.7065604967948388,0.6297375000000409,ALIGNED
SCN_010,96,3.1667,TRACKING,432.0,342.0,320.0,240.0,112.0,102.0,0.7,0.6375,-0.006560496794838833,0.007762499999959038,-0.005248397435871067,0.006209999999967231,0.7013120993589678,0.6359475000000081,ALIGNED
SCN_010,97,3.2,TRACKING,431.0,343.0,320.0,240.0,111.0,103.0,0.69375,0.6437499999999999,-0.007562099358967789,0.00780249999999183,-0.006049679487174231,0.006241999999993465,0.6952624198717935,0.6421895000000015,ALIGNED
SCN_010,98,3.2333,TRACKING,430.0,344.0,320.0,240.0,110.0,104.0,0.6875,0.65,-0.007762419871793491,0.007810499999998499,-0.006209935897434793,0.0062483999999988,0.6890524839743587,0.6484379000000003,ALIGNED
SCN_010,99,3.2667,TRACKING,429.0,345.0,320.0,240.0,109.0,105.0,0.68125,0.65625,-0.007802483974358676,0.007812099999999655,-0.006241987179486941,0.006249679999999725,0.6828104967948717,0.65468758,ALIGNED
SCN_010,100,3.3,TRACKING,429.0,345.0,320.0,240.0,109.0,105.0,0.68125,0.65625,-0.0015604967948716908,0.0015624199999999533,-0.0012483974358973528,0.0012499359999999628,0.6815620993589744,0.655937516,ALIGNED
SCN_010,101,3.3333,TRACKING,428.0,346.0,320.0,240.0,108.0,106.0,0.675,0.6625,-0.006562099358974338,0.006562483999999924,-0.0052496794871794705,0.00524998719999994,0.6763124198717949,0.6611875032,ALIGNED
SCN_010,102,3.3667,TRACKING,427.0,347.0,320.0,240.0,107.0,107.0,0.66875,0.6687500000000001,-0.0075624198717949564,0.007562496800000096,-0.006049935897435965,0.006049997440000077,0.670262483974359,0.6672375006400001,ALIGNED
SCN_010,103,3.4,TRACKING,426.0,348.0,320.0,240.0,106.0,108.0,0.6625,0.675,-0.007762483974358969,0.0077624993599999526,-0.006209987179487175,0.006209999487999962,0.6640524967948718,0.673447500128,ALIGNED
SCN_010,104,3.4333,TRACKING,425.0,349.0,320.0,240.0,105.0,109.0,0.65625,0.68125,-0.007802496794871772,0.0078024998719999905,-0.006241997435897418,0.006241999897599992,0.6578104993589744,0.6796895000256,ALIGNED
SCN_010,105,3.4667,TRACKING,425.0,350.0,320.0,240.0,105.0,110.0,0.65625,0.6875,-0.0015604993589743987,0.007810499974399976,-0.001248399487179519,0.006248399979519981,0.6565620998717949,0.68593790000512,ALIGNED
SCN_010,106,3.5,TRACKING,424.0,350.0,320.0,240.0,104.0,110.0,0.65,0.6875,-0.006562099871794902,0.0015620999948799952,-0.005249679897435922,0.0012496799959039963,0.651312419974359,0.687187580001024,ALIGNED
SCN_010,107,3.5333,TRACKING,423.0,351.0,320.0,240.0,103.0,111.0,0.64375,0.6937500000000001,-0.007562419974358914,0.00656241999897611,-0.006049935979487131,0.005249935999180888,0.6452624839948718,0.6924375160002049,ALIGNED
SCN_010,108,3.5667,TRACKING,422.0,352.0,320.0,240.0,102.0,112.0,0.6375,0.7,-0.007762483994871894,0.007562483999795089,-0.006209987195897515,0.006049987199836071,0.6390524967989744,0.6984875032000409,ALIGNED
SCN_010,109,3.6,TRACKING,421.0,353.0,320.0,240.0,101.0,113.0,0.63125,0.70625,-0.007802496798974379,0.007762496799959107,-0.0062419974391795035,0.006209997439967286,0.6328104993597948,0.7046975006400082,ALIGNED
SCN_010,110,3.6333,TRACKING,420.0,353.0,320.0,240.0,100.0,113.0,0.625,0.70625,-0.007810499359794831,0.0015524993599917991,-0.006248399487835865,0.0012419994879934394,0.626562099871959,0.7059395001280017,ALIGNED
SCN_010,111,3.6667,TRACKING,419.0,354.0,320.0,240.0,99.0,114.0,0.61875,0.7124999999999999,-0.007812099871958966,0.006560499871998249,-0.0062496798975671735,0.0052483998975985996,0.6203124199743918,0.7111879000256003,ALIGNED
SCN_010,112,3.7,TRACKING,418.0,355.0,320.0,240.0,98.0,115.0,0.6125,0.71875,-0.007812419974391749,0.007562099974399716,-0.006249935979513399,0.006049679979519773,0.6140624839948784,0.7172375800051201,ALIGNED
SCN_010,113,3.7333,TRACKING,418.0,356.0,320.0,240.0,98.0,116.0,0.6125,0.725,-0.0015624839948783498,0.007762419994879921,-0.0012499871959026799,0.006209935995903937,0.6128124967989758,0.723447516001024,ALIGNED
SCN_010,114,3.7667,TRACKING,417.0,357.0,320.0,240.0,97.0,117.0,0.60625,0.73125,-0.006562496798975803,0.007802483998975984,-0.0052499974391806425,0.006241987199180787,0.6075624993597951,0.7296895032002048,ALIGNED
SCN_010,115,3.8,TRACKING,416.0,357.0,320.0,240.0,96.0,117.0,0.6,0.73125,-0.007562499359795138,0.0015604967997951968,-0.006049999487836111,0.0012483974398361576,0.601512499871959,0.7309379006400409,ALIGNED
SCN_010,116,3.8333,TRACKING,415.0,358.0,320.0,240.0,95.0,118.0,0.59375,0.7374999999999999,-0.007762499871958983,0.006562099359958995,-0.006209999897567187,0.005249679487967196,0.5953024999743918,0.7361875801280081,ALIGNED
SCN_010,117,3.8667,TRACKING,414.0,359.0,320.0,240.0,94.0,119.0,0.5875,0.74375,-0.007802499974391752,0.00756241987199191,-0.0062419999795134025,0.006049935897593528,0.5890604999948784,0.7422375160256016,ALIGNED
SCN_010,118,3.9,TRACKING,413.0,359.0,320.0,240.0,93.0,119.0,0.58125,0.74375,-0.007810499994878373,0.0015124839743984042,-0.006248399995902699,0.0012099871795187235,0.5828120999989758,0.7434475032051203,ALIGNED
SCN_010,119,3.9333,TRACKING,412.0,360.0,320.0,240.0,92.0,120.0,0.575,0.75,-0.007812099998975808,0.006552496794879681,-0.006249679999180646,0.005241997435903745,0.5765624199997951,0.748689500641024,ALIGNED
SCN_010,120,3.9667,TRACKING,411.0,361.0,320.0,240.0,91.0,121.0,0.56875,0.75625,-0.007812419999795095,0.007560499358975958,-0.006249935999836077,0.006048399487180767,0.570312483999959,0.7547379001282047,ALIGNED
SCN_010,121,4.0,TRACKING,410.0,362.0,320.0,240.0,90.0,122.0,0.5625,0.7625,-0.007812483999959041,0.007762099871795214,-0.006249987199967233,0.0062096798974361715,0.5640624967999918,0.7609475800256409,ALIGNED
SCN_010,122,4.0333,TRACKING,409.0,362.0,320.0,240.0,89.0,122.0,0.55625,0.7625,-0.007812496799991742,0.001552419974359065,-0.0062499974399933935,0.0012419359794872522,0.5578124993599983,0.7621895160051282,ALIGNED
SCN_010,123,4.0667,TRACKING,408.0,363.0,320.0,240.0,88.0,123.0,0.55,0.7687499999999999,-0.007812499359998282,0.006560483994871746,-0.006249999487998626,0.0052483871958973975,0.5515624998719997,0.7674379032010256,ALIGNED
SCN_010,124,4.1,TRACKING,407.0,364.0,320.0,240.0,87.0,124.0,0.54375,0.7750000000000001,-0.007812499871999723,0.007562096798974571,-0.006249999897599778,0.006049677439179658,0.5453124999743999,0.7734875806402052,ALIGNED
SCN_010,125,4.1333,TRACKING,406.0,364.0,320.0,240.0,86.0,124.0,0.5375,0.7750000000000001,-0.007812499974399922,0.0015124193597949587,-0.006249999979519938,0.001209935487835967,0.53906249999488,0.7746975161280412,ALIGNED
SCN_010,126,4.1667,TRACKING,406.0,365.0,320.0,240.0,86.0,125.0,0.5375,0.78125,-0.0015624999948800067,0.006552483871958836,-0.0012499999959040054,0.005241987097567069,0.537812499998976,0.7799395032256082,ALIGNED
SCN_010,127,4.2,TRACKING,405.0,366.0,320.0,240.0,85.0,126.0,0.53125,0.7875000000000001,-0.006562499998975957,0.007560496774391856,-0.005249999999180766,0.006048397419513485,0.5325624999997952,0.7859879006451217,ALIGNED
SCN_010,128,4.2333,TRACKING,404.0,366.0,320.0,240.0,84.0,126.0,0.525,0.7875000000000001,-0.007562499999795191,0.0015120993548783934,-0.0060499999998361535,0.0012096794839027147,0.5265124999999591,0.7871975801290244,ALIGNED
SCN_010,129,4.2667,TRACKING,403.0,367.0,320.0,240.0,83.0,127.0,0.51875,0.79375,-0.007762499999959038,0.0065524198709755455,-0.006209999999967231,0.005241935896780437,0.5203024999999919,0.7924395160258049,ALIGNED
SCN_010,130,4.3,TRACKING,402.0,367.0,320.0,240.0,82.0,127.0,0.5125,0.79375,-0.007802499999991941,0.0013104839741950869,-0.006241999999993553,0.0010483871793560695,0.5140604999999984,0.7934879032051609,ALIGNED
SCN_010,131,4.3333,TRACKING,401.0,368.0,320.0,240.0,81.0,128.0,0.50625,0.8,-0.007810499999998388,0.006512096794839106,-0.0062483999999987105,0.0052096774358712855,0.5078120999999997,0.7986975806410322,ALIGNED
SCN_010,132,4.3667,TRACKING,400.0,369.0,320.0,240.0,80.0,129.0,0.5,0.8062499999999999,-0.007812099999999655,0.007552419358967666,-0.006249679999999725,0.006041935487174133,0.50156242,0.8047395161282064,ALIGNED
SCN_010,133,4.4,TRACKING,399.0,369.0,320.0,240.0,79.0,129.0,0.49375,0.8062499999999999,-0.007812419999999931,0.0015104838717935332,-0.0062499359999999456,0.0012083870974348267,0.495312484,0.8059479032256412,ALIGNED
SCN_010,134,4.4333,TRACKING,398.0,370.0,320.0,240.0,78.0,130.0,0.4875,0.8125,-0.007812484000000008,0.006552096774358751,-0.006249987200000007,0.005241677419487001,0.48906249679999997,0.8111895806451282,ALIGNED
SCN_010,135,4.4667,TRACKING,397.0,371.0,320.0,240.0,77.0,131.0,0.48125,0.8187499999999999,-0.007812496799999957,0.007560419354871617,-0.006249997439999966,0.006048335483897294,0.48281249936,0.8172379161290255,ALIGNED
SCN_010,136,4.5,TRACKING,396.0,371.0,320.0,240.0,76.0,131.0,0.475,0.8187499999999999,-0.0078124993600000026,0.0015120838709743456,-0.006249999488000002,0.0012096670967794766,0.476562499872,0.818447583225805,ALIGNED
SCN_010,137,4.5333,TRACKING,395.0,372.0,320.0,240.0,75.0,132.0,0.46875,0.8250000000000001,-0.0078124998720000005,0.006552416774195047,-0.0062499998976,0.005241933419356038,0.4703124999744,0.8236895166451611,ALIGNED
SCN_010,138,4.5667,TRACKING,394.0,372.0,320.0,240.0,74.0,132.0,0.4625,0.8250000000000001,-0.007812499974399978,0.001310483354838965,-0.0062499999795199825,0.001048386683871172,0.46406249999488003,0.8247379033290323,ALIGNED
SCN_010,139,4.6,TRACKING,393.0,373.0,320.0,240.0,73.0,133.0,0.45625,0.83125,-0.00781249999488004,0.006512096670967749,-0.006249999995904032,0.005209677336774199,0.457812499998976,0.8299475806658065,ALIGNED
SCN_010,140,4.6333,TRACKING,392.0,373.0,320.0,240.0,72.0,133.0,0.45,0.83125,-0.007812499998975986,0.0013024193341935053,-0.006249999999180789,0.0010419354673548043,0.4515624999997952,0.8309895161331613,ALIGNED
SCN_010,141,4.6667,TRACKING,391.0,374.0,320.0,240.0,71.0,134.0,0.44375,0.8375,-0.007812499999795219,0.006510483866838723,-0.006249999999836176,0.005208387093470979,0.44531249999995903,0.8361979032266322,ALIGNED
SCN_010,142,4.7,TRACKING,389.0,374.0,320.0,240.0,69.0,134.0,0.43125,0.8375,-0.01406249999995901,0.001302096773367789,-0.01124999999996721,0.0010416774186942314,0.4340624999999918,0.8372395806453264,ALIGNED
SCN_010,143,4.7333,TRACKING,388.0,375.0,320.0,240.0,68.0,135.0,0.425,0.84375,-0.009062499999991813,0.006510419354673558,-0.007249999999993451,0.005208335483738846,0.4268124999999984,0.8424479161290653,ALIGNED
SCN_010,144,4.7667,TRACKING,387.0,376.0,320.0,240.0,67.0,136.0,0.41875,0.85,-0.008062499999998363,0.007552083870934645,-0.00644999999999869,0.006041667096747716,0.4203624999999997,0.848489583225813,ALIGNED
SCN_010,145,4.8,TRACKING,386.0,376.0,320.0,240.0,66.0,136.0,0.4125,0.85,-0.007862499999999717,0.0015104167741869512,-0.006289999999999774,0.001208333419349561,0.4140724999999999,0.8496979166451626,ALIGNED
SCN_010,146,4.8333,TRACKING,385.0,377.0,320.0,240.0,65.0,137.0,0.40625,0.85625,-0.007822499999999899,0.006552083354837368,-0.00625799999999992,0.005241666683869895,0.40781449999999997,0.8549395833290325,ALIGNED
SCN_010,147,4.8667,TRACKING,384.0,377.0,320.0,240.0,64.0,137.0,0.4,0.85625,-0.007814499999999946,0.0013104166709674292,-0.006251599999999958,0.0010483333367739434,0.4015629,0.8559879166658064,ALIGNED
SCN_010,148,4.9,TRACKING,383.0,378.0,320.0,240.0,63.0,138.0,0.39375,0.8624999999999999,-0.007812900000000012,0.006512083334193508,-0.00625032000000001,0.005209666667354807,0.39531257999999997,0.8611975833331612,ALIGNED
SCN_010,149,4.9333,TRACKING,382.0,378.0,320.0,240.0,62.0,138.0,0.3875,0.8624999999999999,-0.007812579999999958,0.0013024166668387238,-0.006250063999999967,0.001041933333470979,0.389062516,0.8622395166666322,ALIGNED
SCN_010,150,4.9667,TRACKING,381.0,378.0,320.0,240.0,61.0,138.0,0.38125,0.8624999999999999,-0.007812516000000047,0.00026048333336770035,-0.006250012800000038,0.0002083866666941603,0.3828125032,0.8624479033333264,ALIGNED
SCN_010,151,5.0,TRACKING,380.0,379.0,320.0,240.0,60.0,139.0,0.375,0.8687500000000001,-0.007812503199999987,0.0063020966666736955,-0.00625000255999999,0.005041677333338957,0.37656250064,0.8674895806666654,ALIGNED
SCN_010,152,5.0333,TRACKING,379.0,379.0,320.0,240.0,59.0,139.0,0.36875,0.8687500000000001,-0.007812500639999997,0.0012604193333347613,-0.006250000511999998,0.0010083354666678092,0.37031250012800004,0.8684979161333332,ALIGNED
SCN_010,153,5.0667,TRACKING,378.0,380.0,320.0,240.0,58.0,140.0,0.3625,0.875,-0.007812500128000055,0.006502083866666841,-0.0062500001024000445,0.005201667093333473,0.3640625000256,0.8736995832266666,ALIGNED
SCN_010,154,5.1,TRACKING,377.0,380.0,320.0,240.0,57.0,140.0,0.35625,0.875,-0.007812500025599967,0.0013004167733333682,-0.006250000020479974,0.0010403334186666947,0.35781250000512,0.8747399166453333,ALIGNED
SCN_010,155,5.1333,TRACKING,376.0,381.0,320.0,240.0,56.0,141.0,0.35,0.8812500000000001,-0.007812500005120016,0.00651008335466674,-0.006250000004096013,0.005208066683733393,0.35156250000102396,0.8799479833290668,ALIGNED
SCN_010,156,5.1667,TRACKING,375.0,381.0,320.0,240.0,55.0,141.0,0.34375,0.8812500000000001,-0.007812500001023959,0.0013020166709333258,-0.006250000000819167,0.0010416133367466608,0.3453125000002048,0.8809895966658134,ALIGNED
SCN_010,157,5.2,TRACKING,373.0,382.0,320.0,240.0,53.0,142.0,0.33125,0.8875,-0.014062500000204814,0.00651040333418651,-0.011250000000163851,0.0052083226673492085,0.33406250000004095,0.8861979193331626,ALIGNED
SCN_010,158,5.2333,TRACKING,372.0,382.0,320.0,240.0,52.0,142.0,0.325,0.8875,-0.00906250000004094,0.0013020806668373464,-0.007250000000032753,0.001041664533469877,0.3268125000000082,0.8872395838666325,ALIGNED
SCN_010,159,5.2667,TRACKING,371.0,382.0,320.0,240.0,51.0,142.0,0.31875,0.8875,-0.008062500000008244,0.00026041613336746927,-0.006450000000006595,0.00020833290669397542,0.3203625000000016,0.8874479167733265,ALIGNED
SCN_010,160,5.3,TRACKING,370.0,383.0,320.0,240.0,50.0,143.0,0.3125,0.89375,-0.007862500000001604,0.006302083226673583,-0.006290000000001284,0.005041666581338866,0.3140725000000003,0.8924895833546653,ALIGNED
SCN_010,161,5.3333,TRACKING,369.0,383.0,320.0,240.0,49.0,143.0,0.30625,0.89375,-0.007822500000000288,0.0012604166453347165,-0.00625800000000023,0.0010083333162677732,0.3078145000000001,0.8934979166709331,ALIGNED
SCN_010,162,5.3667,TRACKING,368.0,383.0,320.0,240.0,48.0,143.0,0.3,0.89375,-0.007814500000000113,0.0002520833290668989,-0.006251600000000091,0.00020166666325351914,0.3015629,0.8936995833341866,ALIGNED
SCN_010,163,5.4,TRACKING,367.0,384.0,320.0,240.0,47.0,144.0,0.29375,0.8999999999999999,-0.007812900000000012,0.006300416665813269,-0.00625032000000001,0.0050403333326506155,0.29531258,0.8987399166668373,ALIGNED
SCN_010,164,5.4333,TRACKING,366.0,384.0,320.0,240.0,46.0,144.0,0.2875,0.8999999999999999,-0.007812580000000013,0.0012600833331626315,-0.006250064000000011,0.0010080666665301054,0.289062516,0.8997479833333674,ALIGNED
SCN_010,165,5.4667,TRACKING,365.0,385.0,320.0,240.0,45.0,145.0,0.28125,0.90625,-0.007812515999999992,0.006502016666632637,-0.0062500127999999934,0.00520161333330611,0.2828125032,0.9049495966666735,ALIGNED
SCN_010,166,5.5,TRACKING,364.0,385.0,320.0,240.0,44.0,145.0,0.275,0.90625,-0.007812503199999987,0.001300403333326483,-0.00625000255999999,0.0010403226666611865,0.27656250064000004,0.9059899193333347,ALIGNED
SCN_010,167,5.5333,TRACKING,362.0,385.0,320.0,240.0,42.0,145.0,0.2625,0.90625,-0.01406250064000003,0.0002600806666652744,-0.011250000512000025,0.00020806453333221953,0.265312500128,0.906197983866667,ALIGNED
SCN_010,168,5.5667,TRACKING,361.0,385.0,320.0,240.0,41.0,145.0,0.25625,0.90625,-0.009062500128000028,5.201613333305488e-05,-0.007250000102400023,4.161290666644391e-05,0.2580625000256,0.9062395967733334,ALIGNED
SCN_010,169,5.6,TRACKING,360.0,386.0,320.0,240.0,40.0,146.0,0.25,0.9124999999999999,-0.008062500025599995,0.006260403226666433,-0.006450000020479996,0.005008322581333147,0.25161250000512,0.9112479193546665,ALIGNED
SCN_010,170,5.6333,TRACKING,359.0,386.0,320.0,240.0,39.0,146.0,0.24375,0.9124999999999999,-0.007862500005119982,0.001252080645333331,-0.006290000004095986,0.0010016645162666648,0.24532250000102399,0.9122495838709332,ALIGNED
SCN_010,171,5.6667,TRACKING,358.0,386.0,320.0,240.0,38.0,146.0,0.2375,0.9124999999999999,-0.007822500001023996,0.0002504161290666218,-0.006258000000819198,0.00020033290325329747,0.2390645000002048,0.9124499167741865,ALIGNED
SCN_010,172,5.7,TRACKING,357.0,387.0,320.0,240.0,37.0,147.0,0.23125,0.9187500000000001,-0.007814500000204783,0.006300083225813546,-0.006251600000163827,0.0050400665806508375,0.23281290000004096,0.9174899833548373,ALIGNED
SCN_010,173,5.7333,TRACKING,356.0,387.0,320.0,240.0,36.0,147.0,0.225,0.9187500000000001,-0.007812900000040951,0.0012600166451627315,-0.006250320000032761,0.0010080133161301853,0.2265625800000082,0.9184979966709675,ALIGNED
SCN_010,174,5.7667,TRACKING,355.0,387.0,320.0,240.0,35.0,147.0,0.21875,0.9187500000000001,-0.007812580000008201,0.0002520033290325241,-0.006250064000006561,0.0002016026632260193,0.22031251600000165,0.9186995993341935,ALIGNED
SCN_010,175,5.8,TRACKING,353.0,387.0,320.0,240.0,33.0,147.0,0.20625,0.9187500000000001,-0.014062516000001662,5.040066580652702e-05,-0.011250012800001331,4.0320532645221624e-05,0.20906250320000033,0.9187399198668388,ALIGNED
SCN_010,176,5.8333,TRACKING,352.0,388.0,320.0,240.0,32.0,148.0,0.2,0.925,-0.009062503200000321,0.006260080133161261,-0.007250002560000257,0.005008064106529009,0.2018125006400001,0.9237479839733678,ALIGNED
SCN_010,177,5.8667,TRACKING,351.0,388.0,320.0,240.0,31.0,148.0,0.19375,0.925,-0.008062500640000081,0.0012520160266322744,-0.006450000512000065,0.0010016128213058196,0.19536250012800002,0.9247495967946736,ALIGNED
SCN_010,178,5.9,TRACKING,350.0,388.0,320.0,240.0,30.0,148.0,0.1875,0.925,-0.007862500128000022,0.0002504032053264327,-0.006290000102400018,0.00020032256426114615,0.1890725000256,0.9249499193589348,ALIGNED
SCN_010,179,5.9333,TRACKING,349.0,388.0,320.0,240.0,29.0,148.0,0.18125,0.925,-0.007822500025600004,5.008064106526433e-05,-0.006258000020480004,4.0064512852211465e-05,0.18281450000512,0.924989983871787,ALIGNED
SCN_010,180,5.9667,TRACKING,348.0,389.0,320.0,240.0,28.0,149.0,0.175,0.93125,-0.007814500005120018,0.006260016128213031,-0.006251600004096015,0.005008012902570425,0.17656290000102398,0.9299979967743575,ALIGNED
SCN_010,181,6.0,TRACKING,346.0,389.0,320.0,240.0,26.0,149.0,0.1625,0.93125,-0.014062900001023976,0.0012520032256425617,-0.011250320000819181,0.0010016025805140495,0.1653125800002048,0.9309995993548715,ALIGNED
SCN_010,182,6.0333,TRACKING,345.0,389.0,320.0,240.0,25.0,149.0,0.15625,0.93125,-0.009062580000204795,0.00025040064512849014,-0.0072500640001638365,0.00020032051610279213,0.15806251600004095,0.9311999198709743,ALIGNED
SCN_010,183,6.0667,TRACKING,344.0,389.0,320.0,240.0,24.0,149.0,0.15,0.93125,-0.008062516000040959,5.008012902574244e-05,-0.006450012800032767,4.006410322059395e-05,0.1516125032000082,0.9312399839741948,ALIGNED
SCN_010,184,6.1,TRACKING,343.0,389.0,320.0,240.0,23.0,149.0,0.14375,0.93125,-0.007862503200008197,1.0016025805192896e-05,-0.006290002560006558,8.012820644154318e-06,0.14532250064000163,0.9312479967948389,ALIGNED
SCN_010,185,6.1333,TRACKING,342.0,390.0,320.0,240.0,22.0,150.0,0.1375,0.9375,-0.007822500640001617,0.006252003205161061,-0.006258000512001294,0.005001602564128849,0.13906450012800034,0.9362495993589678,ALIGNED
SCN_010,186,6.1667,TRACKING,341.0,390.0,320.0,240.0,21.0,150.0,0.13125,0.9375,-0.007814500128000335,0.0012504006410322122,-0.006251600102400268,0.0010003205128257698,0.13281290002560006,0.9372499198717935,ALIGNED
SCN_010,187,6.2,TRACKING,340.0,390.0,320.0,240.0,20.0,150.0,0.125,0.9375,-0.007812900025600061,0.00025008012820648684,-0.006250320020480049,0.00020006410256518948,0.12656258000512002,0.9374499839743587,ALIGNED
SCN_010,188,6.2333,TRACKING,338.0,390.0,320.0,240.0,18.0,150.0,0.1125,0.9375,-0.01406258000512002,5.001602564125296e-05,-0.011250064004096018,4.001282051300237e-05,0.115312516001024,0.9374899967948718,ALIGNED
SCN_010,189,6.2667,TRACKING,337.0,390.0,320.0,240.0,17.0,150.0,0.10625,0.9375,-0.009062516001024007,1.0003205128228387e-05,-0.007250012800819206,8.00256410258271e-06,0.1080625032002048,0.9374979993589744,ALIGNED
SCN_010,190,6.3,TRACKING,336.0,390.0,320.0,240.0,16.0,150.0,0.1,0.9375,-0.008062503200204796,2.000641025623473e-06,-0.006450002560163837,1.6005128204987784e-06,0.10161250064004096,0.9374995998717949,ALIGNED
SCN_010,191,6.3333,TRACKING,335.0,390.0,320.0,240.0,15.0,150.0,0.09375,0.9375,-0.00786250064004096,4.001282051246946e-07,-0.006290000512032767,3.201025640997557e-07,0.09532250012800819,0.937499919974359,ALIGNED
SCN_010,192,6.3667,TRACKING,334.0,390.0,320.0,240.0,14.0,150.0,0.0875,0.9375,-0.007822500128008197,8.002564100273446e-08,-0.006258000102406559,6.402051280218757e-08,0.08906450002560164,0.9374999839948718,ALIGNED
SCN_010,193,6.4,TRACKING,333.0,391.0,320.0,240.0,13.0,151.0,0.08125,0.94375,-0.007814500025601634,0.0062500160051282005,-0.006251600020481307,0.0050000128041025604,0.08281290000512033,0.9424999967989743,ALIGNED
SCN_010,194,6.4333,TRACKING,331.0,391.0,320.0,240.0,11.0,151.0,0.06875,0.94375,-0.014062900005120324,0.0012500032010256401,-0.01125032000409626,0.001000002560820512,0.07156258000102407,0.9434999993597949,ALIGNED
SCN_010,195,6.4667,TRACKING,330.0,391.0,320.0,240.0,10.0,151.0,0.0625,0.94375,-0.00906258000102407,0.0002500006402050836,-0.007250064000819257,0.0002000005121640669,0.06431251600020481,0.943699999871959,ALIGNED
SCN_010,196,6.5,TRACKING,329.0,391.0,320.0,240.0,9.0,151.0,0.05625,0.94375,-0.008062516000204807,5.000012804101672e-05,-0.006450012800163846,4.000010243281338e-05,0.057862503200040966,0.9437399999743917,ALIGNED
SCN_010,197,6.5333,TRACKING,328.0,391.0,320.0,240.0,8.0,151.0,0.05,0.94375,-0.007862503200040963,1.0000025608247753e-05,-0.00629000256003277,8.000020486598203e-06,0.05157250064000819,0.9437479999948784,ALIGNED
SCN_010,198,6.5667,TRACKING,327.0,391.0,320.0,240.0,7.0,151.0,0.04375,0.94375,-0.007822500640008195,2.0000051216273462e-06,-0.006258000512006557,1.6000040973018771e-06,0.04531450012800164,0.9437495999989757,ALIGNED
SCN_010,199,6.6,TRACKING,326.0,391.0,320.0,240.0,6.0,151.0,0.0375,0.94375,-0.007814500128001639,4.000010243032648e-07,-0.006251600102401312,3.2000081944261184e-07,0.039062900025600325,0.9437499199997951,ALIGNED
SCN_010,200,6.6333,TRACKING,324.0,391.0,320.0,240.0,4.0,151.0,0.025,0.94375,-0.014062900025600324,8.000020490506188e-08,-0.01125032002048026,6.400016392404951e-08,0.027812580005120068,0.943749983999959,ALIGNED
SCN_010,201,6.6667,TRACKING,323.0,391.0,320.0,240.0,3.0,151.0,0.01875,0.94375,-0.009062580005120068,1.6000040958807915e-08,-0.007250064004096055,1.2800032767046333e-08,0.020562516001024014,0.9437499967999918,ALIGNED
SCN_010,202,6.7,TRACKING,322.0,391.0,320.0,240.0,2.0,151.0,0.0125,0.94375,-0.008062516001024013,3.200008147352662e-09,-0.006450012800819211,2.5600065178821297e-09,0.014112503200204803,0.9437499993599984,ALIGNED
SCN_010,203,6.7333,TRACKING,321.0,391.0,320.0,240.0,1.0,151.0,0.00625,0.94375,-0.007862503200204802,6.400016072660719e-10,-0.006290002560163842,5.120012858128576e-10,0.00782250064004096,0.9437499998719997,ALIGNED
SCN_010,204,6.7667,TRACKING,320.0,391.0,320.0,240.0,0.0,151.0,0.0,0.94375,-0.00782250064004096,1.280002770442934e-10,-0.006258000512032769,1.0240022163543473e-10,0.0015645001280081916,0.9437499999743999,ALIGNED
SCN_010,205,6.8,TRACKING,319.0,391.0,320.0,240.0,-1.0,151.0,-0.00625,0.94375,-0.007814500128008193,2.5600077613319172e-11,-0.006251600102406555,2.0480062090655338e-11,-0.004687099974398363,0.94374999999488,ALIGNED
SCN_010,206,6.8333,TRACKING,317.0,391.0,320.0,240.0,-3.0,151.0,-0.01875,0.94375,-0.014062900025601635,5.1200155226638344e-12,-0.011250320020481309,4.096012418131067e-12,-0.015937419994879673,0.943749999998976,ALIGNED
SCN_010,207,6.8667,TRACKING,316.0,391.0,320.0,240.0,-4.0,151.0,-0.025,0.94375,-0.009062580005120328,1.0239586956117819e-12,-0.007250064004096263,8.191669564894256e-13,-0.023187483998975935,0.9437499999997951,ALIGNED
SCN_010,208,6.9,TRACKING,315.0,391.0,320.0,240.0,-5.0,151.0,-0.03125,0.94375,-0.008062516001024065,2.0483614804334138e-13,-0.006450012800819253,1.638689184346731e-13,-0.029637496799795188,0.943749999999959,ALIGNED
SCN_010,209,6.9333,TRACKING,314.0,391.0,320.0,240.0,-6.0,151.0,-0.0375,0.94375,-0.007862503200204811,4.0967229608668276e-14,-0.006290002560163849,3.277378368693462e-14,-0.035927499359959036,0.9437499999999918,ALIGNED
SCN_010,210,6.9667,TRACKING,313.0,391.0,320.0,240.0,-7.0,151.0,-0.04375,0.94375,-0.00782250064004096,8.215650382226158e-15,-0.006258000512032769,6.572520305780927e-15,-0.042185499871991806,0.9437499999999983,ALIGNED
SCN_010,211,7.0,TRACKING,312.0,391.0,320.0,240.0,-8.0,151.0,-0.05,0.94375,-0.007814500128008196,1.6653345369377348e-15,-0.006251600102406558,1.3322676295501878e-15,-0.048437099974398365,0.9437499999999996,ALIGNED
SCN_010,212,7.0333,TRACKING,310.0,391.0,320.0,240.0,-10.0,151.0,-0.0625,0.94375,-0.014062900025601635,3.3306690738754696e-16,-0.011250320020481309,2.664535259100376e-16,-0.05968741999487967,0.9437499999999999,ALIGNED
SCN_010,213,7.0667,TRACKING,309.0,391.0,320.0,240.0,-11.0,151.0,-0.06875,0.94375,-0.009062580005120335,1.1102230246251565e-16,-0.007250064004096269,8.881784197001253e-17,-0.06693748399897594,0.94375,ALIGNED
SCN_010,214,7.1,TRACKING,308.0,390.0,320.0,240.0,-12.0,150.0,-0.075,0.9375,-0.008062516001024062,-0.006249999999999978,-0.006450012800819249,-0.004999999999999983,-0.07338749679979518,0.93875,ALIGNED
SCN_010,215,7.1333,TRACKING,307.0,390.0,320.0,240.0,-13.0,150.0,-0.08125,0.9375,-0.007862503200204818,-0.0012499999999999734,-0.006290002560163855,-0.0009999999999999788,-0.07967749935995903,0.93775,ALIGNED
SCN_010,216,7.1667,TRACKING,306.0,390.0,320.0,240.0,-14.0,150.0,-0.0875,0.9375,-0.00782250064004096,-0.00024999999999997247,-0.006258000512032769,-0.00019999999999997797,-0.0859354998719918,0.93755,ALIGNED
SCN_010,217,7.2,TRACKING,305.0,390.0,320.0,240.0,-15.0,150.0,-0.09375,0.9375,-0.007814500128008203,-4.999999999999449e-05,-0.006251600102406563,-3.99999999999956e-05,-0.09218709997439836,0.93751,ALIGNED
SCN_010,218,7.2333,TRACKING,303.0,390.0,320.0,240.0,-17.0,150.0,-0.10625,0.9375,-0.014062900025601635,-9.99999999995449e-06,-0.011250320020481309,-7.999999999963592e-06,-0.10343741999487967,0.937502,ALIGNED
SCN_010,219,7.2667,TRACKING,302.0,390.0,320.0,240.0,-18.0,150.0,-0.1125,0.9375,-0.009062580005120335,-1.999999999946489e-06,-0.007250064004096269,-1.5999999999571913e-06,-0.11068748399897593,0.9375004,ALIGNED
SCN_010,220,7.3,TRACKING,301.0,390.0,320.0,240.0,-19.0,150.0,-0.11875,0.9375,-0.008062516001024062,-4.0000000001150227e-07,-0.006450012800819249,-3.2000000000920185e-07,-0.11713749679979518,0.93750008,ALIGNED
SCN_010,221,7.3333,TRACKING,300.0,390.0,320.0,240.0,-20.0,150.0,-0.125,0.9375,-0.007862503200204818,-7.999999995789153e-08,-0.006290002560163855,-6.399999996631323e-08,-0.12342749935995903,0.937500016,ALIGNED
SCN_010,222,7.3667,TRACKING,299.0,389.0,320.0,240.0,-21.0,149.0,-0.13125,0.93125,-0.007822500640040975,-0.006250015999999969,-0.00625800051203278,-0.005000012799999976,-0.12968549987199182,0.9325000032,ALIGNED
SCN_010,223,7.4,TRACKING,298.0,389.0,320.0,240.0,-22.0,149.0,-0.1375,0.93125,-0.00781450012800819,-0.001250003200000016,-0.0062516001024065515,-0.001000002560000013,-0.13593709997439837,0.93150000064,ALIGNED
SCN_010,224,7.4333,TRACKING,297.0,389.0,320.0,240.0,-23.0,149.0,-0.14375,0.93125,-0.007812900025601616,-0.0002500006400000254,-0.006250320020481293,-0.00020000051200002035,-0.14218741999487966,0.9313000001280001,ALIGNED
SCN_010,225,7.4667,TRACKING,295.0,389.0,320.0,240.0,-25.0,149.0,-0.15625,0.93125,-0.01406258000512034,-5.000012800004949e-05,-0.011250064004096273,-4.0000102400039596e-05,-0.15343748399897594,0.9312600000256,ALIGNED
SCN_010,226,7.5,TRACKING,294.0,389.0,320.0,240.0,-26.0,149.0,-0.1625,0.93125,-0.009062516001024062,-1.0000025600032103e-05,-0.0072500128008192504,-8.000020480025683e-06,-0.1606874967997952,0.93125200000512,ALIGNED
SCN_010,227,7.5333,TRACKING,293.0,388.0,320.0,240.0,-27.0,148.0,-0.16875,0.925,-0.008062503200204824,-0.00625200000511994,-0.0064500025601638596,-0.005001600004095952,-0.16713749935995906,0.926250400001024,ALIGNED
SCN_010,228,7.5667,TRACKING,292.0,388.0,320.0,240.0,-28.0,148.0,-0.175,0.925,-0.007862500640040931,-0.0012504000010239436,-0.006290000512032746,-0.001000320000819155,-0.1734274998719918,0.9252500800002048,ALIGNED
SCN_010,229,7.6,TRACKING,291.0,388.0,320.0,240.0,-29.0,148.0,-0.18125,0.925,-0.007822500128008197,-0.0002500800002047665,-0.006258000102406559,-0.0002000640001638132,-0.17968549997439837,0.925050016000041,ALIGNED
SCN_010,230,7.6333,TRACKING,290.0,388.0,320.0,240.0,-30.0,148.0,-0.1875,0.925,-0.007814500025601634,-5.00160000409533e-05,-0.006251600020481307,-4.001280003276264e-05,-0.18593709999487967,0.9250100032000083,ALIGNED
SCN_010,231,7.6667,TRACKING,289.0,387.0,320.0,240.0,-31.0,147.0,-0.19375,0.9187500000000001,-0.007812900005120332,-0.006260003200008191,-0.006250320004096266,-0.0050080025600065525,-0.19218741999897593,0.9200020006400017,ALIGNED
SCN_010,232,7.7,TRACKING,287.0,387.0,320.0,240.0,-33.0,147.0,-0.20625,0.9187500000000001,-0.014062580001024061,-0.0012520006400016381,-0.01125006400081925,-0.0010016005120013105,-0.20343748399979517,0.9190004001280004,ALIGNED
SCN_010,233,7.7333,TRACKING,286.0,387.0,320.0,240.0,-34.0,147.0,-0.2125,0.9187500000000001,-0.009062516000204829,-0.00025040012800037204,-0.007250012800163863,-0.00020032010240029764,-0.21068749679995902,0.9188000800256001,ALIGNED
SCN_010,234,7.7667,TRACKING,285.0,387.0,320.0,240.0,-35.0,147.0,-0.21875,0.9187500000000001,-0.008062503200040982,-5.008002560003e-05,-0.0064500025600327865,-4.0064020480024e-05,-0.2171374993599918,0.91876001600512,ALIGNED
SCN_010,235,7.8,TRACKING,284.0,386.0,320.0,240.0,-36.0,146.0,-0.225,0.9124999999999999,-0.007862500640008208,-0.006260016005120161,-0.006290000512006566,-0.005008012804096129,-0.22342749987199836,0.9137520032010239,ALIGNED
SCN_010,236,7.8333,TRACKING,283.0,386.0,320.0,240.0,-37.0,146.0,-0.23125,0.9124999999999999,-0.007822500128001647,-0.0012520032010240323,-0.006258000102401318,-0.0010016025608192258,-0.2296854999743997,0.9127504006402046,ALIGNED
SCN_010,237,7.8667,TRACKING,282.0,386.0,320.0,240.0,-38.0,146.0,-0.2375,0.9124999999999999,-0.007814500025600302,-0.00025040064020476205,-0.006251600020480242,-0.00020032051216380966,-0.23593709999487994,0.9125500801280408,ALIGNED
SCN_010,238,7.9,TRACKING,281.0,385.0,320.0,240.0,-39.0,145.0,-0.24375,0.90625,-0.007812900005120055,-0.006300080128040841,-0.006250320004096044,-0.005040064102432674,-0.24218741999897597,0.9075100160256082,ALIGNED
SCN_010,239,7.9333,TRACKING,280.0,385.0,320.0,240.0,-40.0,145.0,-0.25,0.90625,-0.007812580001024028,-0.0012600160256082127,-0.006250064000819223,-0.0010080128204865701,-0.2484374839997952,0.9065020032051216,ALIGNED
SCN_010,240,7.9667,TRACKING,278.0,385.0,320.0,240.0,-42.0,145.0,-0.2625,0.90625,-0.014062516000204806,-0.00025200320512164254,-0.011250012800163845,-0.00020160256409731405,-0.25968749679995906,0.9063004006410244,ALIGNED
SCN_010,241,8.0,TRACKING,277.0,384.0,320.0,240.0,-43.0,144.0,-0.26875,0.8999999999999999,-0.009062503200040928,-0.0063004006410244395,-0.007250002560032743,-0.005040320512819552,-0.2669374993599918,0.9012600801282048,ALIGNED
SCN_010,242,8.0333,TRACKING,276.0,384.0,320.0,240.0,-44.0,144.0,-0.275,0.8999999999999999,-0.008062500640008241,-0.001260080128204888,-0.006450000512006593,-0.0010080641025639104,-0.2733874998719984,0.9002520160256409,ALIGNED
SCN_010,243,8.0667,TRACKING,275.0,384.0,320.0,240.0,-45.0,144.0,-0.28125,0.8999999999999999,-0.007862500128001604,-0.0002520160256409554,-0.006290000102401283,-0.0002016128205127643,-0.27967749997439967,0.9000504032051281,ALIGNED
SCN_010,244,8.1,TRACKING,274.0,383.0,320.0,240.0,-46.0,143.0,-0.2875,0.89375,-0.00782250002560031,-0.006300403205128036,-0.006258000020480248,-0.005040322564102429,-0.28593549999487994,0.8950100806410256,ALIGNED
SCN_010,245,8.1333,TRACKING,273.0,383.0,320.0,240.0,-47.0,143.0,-0.29375,0.89375,-0.007814500005120073,-0.0012600806410255627,-0.006251600004096059,-0.0010080645128204503,-0.292187099998976,0.8940020161282052,ALIGNED
SCN_010,246,8.1667,TRACKING,272.0,383.0,320.0,240.0,-48.0,143.0,-0.3,0.89375,-0.00781290000102397,-0.00025201612820513475,-0.0062503200008191765,-0.0002016129025641078,-0.2984374199997952,0.893800403225641,ALIGNED
SCN_010,247,8.2,TRACKING,271.0,382.0,320.0,240.0,-49.0,142.0,-0.30625,0.8875,-0.00781258000020485,-0.006300403225641071,-0.00625006400016388,-0.005040322580512857,-0.30468748399995904,0.8887600806451281,ALIGNED
SCN_010,248,8.2333,TRACKING,270.0,382.0,320.0,240.0,-50.0,142.0,-0.3125,0.8875,-0.007812516000040959,-0.0012600806451281699,-0.006250012800032768,-0.0010080645161025358,-0.31093749679999183,0.8877520161290255,ALIGNED
SCN_010,249,8.2667,TRACKING,268.0,381.0,320.0,240.0,-52.0,141.0,-0.325,0.8812500000000001,-0.01406250320000818,-0.006502016129025456,-0.011250002560006545,-0.005201612903220365,-0.32218749935999835,0.8825504032258051,ALIGNED
SCN_010,250,8.3,TRACKING,267.0,381.0,320.0,240.0,-53.0,141.0,-0.33125,0.8812500000000001,-0.009062500640001636,-0.0013004032258050469,-0.007250000512001309,-0.0010403225806440376,-0.32943749987199966,0.8815100806451611,ALIGNED
SCN_010,251,8.3333,TRACKING,266.0,381.0,320.0,240.0,-54.0,141.0,-0.3375,0.8812500000000001,-0.00806250012800036,-0.0002600806451610316,-0.006450000102400289,-0.00020806451612882527,-0.33588749997439993,0.8813020161290323,ALIGNED
SCN_010,252,8.3667,TRACKING,265.0,380.0,320.0,240.0,-55.0,140.0,-0.34375,0.875,-0.007862500025600072,-0.006302016129032251,-0.006290000020480058,-0.005041612903225801,-0.34217749999488,0.8762604032258065,ALIGNED
SCN_010,253,8.4,TRACKING,264.0,380.0,320.0,240.0,-56.0,140.0,-0.35,0.875,-0.00782250000511997,-0.0012604032258064501,-0.006258000004095977,-0.00100832258064516,-0.348435499998976,0.8752520806451612,ALIGNED
SCN_010,254,8.4333,TRACKING,263.0,379.0,320.0,240.0,-57.0,139.0,-0.35625,0.8687500000000001,-0.007814500001024016,-0.006502080645161112,-0.006251600000819213,-0.0052016645161288904,-0.3546870999997952,0.8700504161290323,ALIGNED
SCN_010,255,8.4667,TRACKING,262.0,379.0,320.0,240.0,-58.0,139.0,-0.3625,0.8687500000000001,-0.007812900000204792,-0.0013004161290322003,-0.006250320000163834,-0.0010403329032257602,-0.36093741999995904,0.8690100832258065,ALIGNED
SCN_010,256,8.5,TRACKING,261.0,378.0,320.0,240.0,-59.0,138.0,-0.36875,0.8624999999999999,-0.00781258000004098,-0.0065100832258065955,-0.006250064000032785,-0.0052080665806452766,-0.36718748399999185,0.8638020166451612,ALIGNED
SCN_010,257,8.5333,TRACKING,260.0,378.0,320.0,240.0,-60.0,138.0,-0.375,0.8624999999999999,-0.007812516000008152,-0.0013020166451612747,-0.006250012800006522,-0.0010416133161290197,-0.3734374967999984,0.8627604033290321,ALIGNED
SCN_010,258,8.5667,TRACKING,259.0,377.0,320.0,240.0,-61.0,137.0,-0.38125,0.85625,-0.007812503200001597,-0.006510403329032188,-0.006250002560001278,-0.005208322663225751,-0.3796874993599997,0.8575520806658063,ALIGNED
SCN_010,259,8.6,TRACKING,258.0,377.0,320.0,240.0,-62.0,137.0,-0.3875,0.85625,-0.00781250064000033,-0.0013020806658063933,-0.006250000512000265,-0.0010416645326451147,-0.38593749987199993,0.8565104161331613,ALIGNED
SCN_010,260,8.6333,TRACKING,257.0,376.0,320.0,240.0,-63.0,136.0,-0.39375,0.85,-0.007812500128000055,-0.006510416133161279,-0.0062500001024000445,-0.005208332906529023,-0.3921874999744,0.8513020832266323,ALIGNED
SCN_010,261,8.6667,TRACKING,256.0,376.0,320.0,240.0,-64.0,136.0,-0.4,0.85,-0.007812500025600022,-0.001302083226632278,-0.006250000020480018,-0.0010416665813058224,-0.39843749999488004,0.8502604166453265,ALIGNED
SCN_010,262,8.7,TRACKING,255.0,375.0,320.0,240.0,-65.0,135.0,-0.40625,0.84375,-0.00781250000511996,-0.006510416645326478,-0.006250000004095969,-0.005208333316261183,-0.404687499998976,0.8450520833290653,ALIGNED
SCN_010,263,8.7333,TRACKING,253.0,375.0,320.0,240.0,-67.0,135.0,-0.41875,0.84375,-0.014062500001023992,-0.00130208332906534,-0.011250000000819195,-0.001041666663252272,-0.41593749999979523,0.8440104166658131,ALIGNED
SCN_010,264,8.7667,TRACKING,252.0,374.0,320.0,240.0,-68.0,134.0,-0.425,0.8375,-0.009062500000204754,-0.00651041666581309,-0.007250000000163803,-0.005208333332650472,-0.423187499999959,0.8388020833331626,ALIGNED
SCN_010,265,8.8,TRACKING,251.0,374.0,320.0,240.0,-69.0,134.0,-0.43125,0.8375,-0.008062500000040995,-0.001302083333162618,-0.006450000000032797,-0.0010416666665300945,-0.42963749999999185,0.8377604166666326,ALIGNED
SCN_010,266,8.8333,TRACKING,250.0,373.0,320.0,240.0,-70.0,133.0,-0.4375,0.83125,-0.007862500000008155,-0.006510416666632546,-0.006290000000006524,-0.005208333333306037,-0.43592749999999836,0.8325520833333265,ALIGNED
SCN_010,267,8.8667,TRACKING,249.0,373.0,320.0,240.0,-71.0,133.0,-0.44375,0.83125,-0.00782250000000162,-0.001302083333326487,-0.006258000000001296,-0.0010416666666611897,-0.4421854999999997,0.8315104166666654,ALIGNED
SCN_010,268,8.9,TRACKING,248.0,372.0,320.0,240.0,-72.0,132.0,-0.45,0.8250000000000001,-0.007814500000000335,-0.006510416666665297,-0.006251600000000268,-0.0052083333333322384,-0.4484370999999999,0.8263020833333331,ALIGNED
SCN_010,269,8.9333,TRACKING,247.0,372.0,320.0,240.0,-73.0,132.0,-0.45625,0.8250000000000001,-0.007812900000000067,-0.0013020833333330373,-0.006250320000000054,-0.0010416666666664299,-0.45468741999999995,0.8252604166666667,ALIGNED
SCN_010,270,8.9667,TRACKING,246.0,371.0,320.0,240.0,-74.0,131.0,-0.4625,0.8187499999999999,-0.007812580000000069,-0.006510416666666852,-0.006250064000000055,-0.005208333333333481,-0.460937484,0.8200520833333332,ALIGNED
SCN_010,271,9.0,TRACKING,245.0,370.0,320.0,240.0,-75.0,130.0,-0.46875,0.8125,-0.007812515999999992,-0.007552083333333237,-0.0062500127999999934,-0.00604166666666659,-0.4671874968,0.8140104166666666,ALIGNED
SCN_010,272,9.0333,TRACKING,244.0,370.0,320.0,240.0,-76.0,130.0,-0.475,0.8125,-0.007812503199999987,-0.0015104166666666252,-0.00625000255999999,-0.0012083333333333002,-0.47343749935999996,0.8128020833333334,ALIGNED
SCN_010,273,9.0667,TRACKING,243.0,369.0,320.0,240.0,-77.0,129.0,-0.48125,0.8062499999999999,-0.007812500640000053,-0.006552083333333458,-0.0062500005120000425,-0.005241666666666767,-0.479687499872,0.8075604166666666,ALIGNED
SCN_010,274,9.1,TRACKING,242.0,369.0,320.0,240.0,-78.0,129.0,-0.4875,0.8062499999999999,-0.007812500128,-0.0013104166666666472,-0.0062500001024,-0.0010483333333333178,-0.4859374999744,0.8065120833333332,ALIGNED
SCN_010,275,9.1333,TRACKING,241.0,368.0,320.0,240.0,-79.0,128.0,-0.49375,0.8,-0.007812500025600022,-0.006512083333333196,-0.006250000020480018,-0.005209666666666557,-0.49218749999488004,0.8013024166666667,ALIGNED
SCN_010,276,9.1667,TRACKING,240.0,367.0,320.0,240.0,-80.0,127.0,-0.5,0.79375,-0.00781250000511996,-0.007552416666666728,-0.006250000004095969,-0.006041933333333383,-0.498437499998976,0.7952604833333333,ALIGNED
SCN_010,277,9.2,TRACKING,239.0,367.0,320.0,240.0,-81.0,127.0,-0.50625,0.79375,-0.007812500001023959,-0.0015104833333333678,-0.006250000000819167,-0.0012083866666666944,-0.5046874999997952,0.7940520966666667,ALIGNED
SCN_010,278,9.2333,TRACKING,238.0,366.0,320.0,240.0,-82.0,126.0,-0.5125,0.7875000000000001,-0.007812500000204725,-0.0065520966666665625,-0.006250000000163781,-0.00524167733333325,-0.510937499999959,0.7888104193333334,ALIGNED
SCN_010,279,9.2667,TRACKING,237.0,366.0,320.0,240.0,-83.0,126.0,-0.51875,0.7875000000000001,-0.007812500000041078,-0.0013104193333333125,-0.006250000000032863,-0.00104833546666665,-0.5171874999999918,0.7877620838666668,ALIGNED
SCN_010,280,9.3,TRACKING,236.0,365.0,320.0,240.0,-84.0,125.0,-0.525,0.78125,-0.007812500000008216,-0.006512083866666796,-0.006250000000006573,-0.005209667093333437,-0.5234374999999983,0.7825524167733333,ALIGNED
SCN_010,281,9.3333,TRACKING,235.0,364.0,320.0,240.0,-85.0,124.0,-0.53125,0.7750000000000001,-0.007812500000001665,-0.0075524167733331815,-0.006250000000001333,-0.006041933418666545,-0.5296874999999996,0.7765104833546668,ALIGNED
SCN_010,282,9.3667,TRACKING,234.0,364.0,320.0,240.0,-86.0,124.0,-0.5375,0.7750000000000001,-0.007812500000000333,-0.0015104833546666363,-0.006250000000000267,-0.0012083866837333092,-0.5359375,0.7753020966709334,ALIGNED
SCN_010,283,9.4,TRACKING,234.0,363.0,320.0,240.0,-86.0,123.0,-0.5375,0.7687499999999999,-0.0015625000000000222,-0.006552096670933483,-0.0012500000000000178,-0.005241677336746787,-0.5371874999999999,0.7700604193341867,ALIGNED
SCN_010,284,9.4333,TRACKING,233.0,362.0,320.0,240.0,-87.0,122.0,-0.54375,0.7625,-0.006562500000000027,-0.007560419334186719,-0.005250000000000022,-0.0060483354673493755,-0.5424374999999999,0.7640120838668373,ALIGNED
SCN_010,285,9.4667,TRACKING,232.0,361.0,320.0,240.0,-88.0,121.0,-0.55,0.75625,-0.0075625000000001386,-0.007762083866837299,-0.006050000000000111,-0.00620966709346984,-0.5484875,0.7578024167733675,ALIGNED
SCN_010,286,9.5,TRACKING,231.0,361.0,320.0,240.0,-89.0,121.0,-0.55625,0.75625,-0.0077625000000000055,-0.001552416773367482,-0.006210000000000005,-0.0012419334186939857,-0.5546975000000001,0.7565604833546735,ALIGNED
SCN_010,287,9.5333,TRACKING,230.0,360.0,320.0,240.0,-90.0,120.0,-0.5625,0.75,-0.0078024999999999345,-0.006560483354673519,-0.006241999999999948,-0.005248386683738815,-0.5609395,0.7513120966709347,ALIGNED
SCN_010,288,9.5667,TRACKING,229.0,359.0,320.0,240.0,-91.0,119.0,-0.56875,0.74375,-0.0078104999999999425,-0.007562096670934659,-0.006248399999999954,-0.006049677336747728,-0.5671879,0.7452624193341869,ALIGNED
SCN_010,289,9.6,TRACKING,228.0,359.0,320.0,240.0,-92.0,119.0,-0.575,0.74375,-0.0078120999999999885,-0.0015124193341868875,-0.006249679999999991,-0.00120993546734951,-0.57343758,0.7440524838668374,ALIGNED
SCN_010,290,9.6333,TRACKING,227.0,358.0,320.0,240.0,-93.0,118.0,-0.58125,0.7374999999999999,-0.007812420000000042,-0.0065524838668374885,-0.006249936000000034,-0.005241987093469991,-0.579687516,0.7388104967733674,ALIGNED
SCN_010,291,9.6667,TRACKING,226.0,357.0,320.0,240.0,-94.0,117.0,-0.5875,0.73125,-0.007812484000000008,-0.007560496773367453,-0.006249987200000007,-0.006048397418693963,-0.5859375032,0.7327620993546734,ALIGNED
SCN_010,292,9.7,TRACKING,225.0,356.0,320.0,240.0,-95.0,116.0,-0.59375,0.725,-0.007812496799999957,-0.007762099354673424,-0.006249997439999966,-0.006209679483738739,-0.59218750064,0.7265524198709347,ALIGNED
SCN_010,293,9.7333,TRACKING,224.0,356.0,320.0,240.0,-96.0,116.0,-0.6,0.725,-0.007812499359999947,-0.0015524198709346848,-0.006249999487999958,-0.0012419358967477479,-0.598437500128,0.725310483974187,ALIGNED
SCN_010,294,9.7667,TRACKING,223.0,355.0,320.0,240.0,-97.0,115.0,-0.60625,0.71875,-0.007812499871999945,-0.006560483974186959,-0.006249999897599956,-0.0052483871793495675,-0.6046875000256,0.7200620967948373,ALIGNED
SCN_010,295,9.8,TRACKING,223.0,354.0,320.0,240.0,-97.0,114.0,-0.60625,0.7124999999999999,-0.0015624999743999446,-0.007562096794837436,-0.0012499999795199557,-0.006049677435869949,-0.6059375000051199,0.7140124193589674,ALIGNED
SCN_010,296,9.8333,TRACKING,222.0,353.0,320.0,240.0,-98.0,113.0,-0.6125,0.70625,-0.006562499994880122,-0.007762419358967376,-0.005249999995904098,-0.006209935487173902,-0.6111875000010241,0.7078024838717936,ALIGNED
SCN_010,297,9.8667,TRACKING,221.0,353.0,320.0,240.0,-99.0,113.0,-0.61875,0.70625,-0.007562499998975958,-0.0015524838717935197,-0.006049999999180766,-0.0012419870974348158,-0.6172375000002048,0.7065604967743587,ALIGNED
SCN_010,298,9.9,TRACKING,220.0,352.0,320.0,240.0,-100.0,112.0,-0.625,0.7,-0.007762499999795169,-0.0065604967743587705,-0.006209999999836136,-0.0052483974194870164,-0.623447500000041,0.7013120993548717,ALIGNED
SCN_010,299,9.9333,TRACKING,219.0,351.0,320.0,240.0,-101.0,111.0,-0.63125,0.6937500000000001,-0.007802499999958967,-0.007562099354871621,-0.006241999999967174,-0.006049679483897297,-0.6296895000000082,0.6952624198709744,ALIGNED
SCN_010,300,9.9667,TRACKING,218.0,350.0,320.0,240.0,-102.0,110.0,-0.6375,0.6875,-0.007810499999991727,-0.007762419870974369,-0.0062483999999933815,-0.006209935896779495,-0.6359379000000016,0.6890524839741948,ALIGNED
SCN_010,301,10.0,TRACKING,217.0,349.0,320.0,240.0,-103.0,109.0,-0.64375,0.68125,-0.007812099999998434,-0.007802483974194807,-0.006249679999998748,-0.006241987179355846,-0.6421875800000003,0.682810496794839,ALIGNED
SCN_010,302,10.0333,TRACKING,217.0,349.0,320.0,240.0,-103.0,109.0,-0.64375,0.68125,-0.0015624199999997312,-0.0015604967948389392,-0.001249935999999785,-0.0012483974358711515,-0.6434375160000001,0.6815620993589678,ALIGNED
SCN_010,303,10.0667,TRACKING,216.0,348.0,320.0,240.0,-104.0,108.0,-0.65,0.675,-0.006562483999999924,-0.006562099358967788,-0.00524998719999994,-0.005249679487174231,-0.6486875032,0.6763124198717936,ALIGNED
SCN_010,304,10.1,TRACKING,215.0,347.0,320.0,240.0,-105.0,107.0,-0.65625,0.6687500000000001,-0.007562496799999985,-0.007562419871793513,-0.006049997439999988,-0.006049935897434811,-0.65473750064,0.6702624839743587,ALIGNED
SCN_010,305,10.1333,TRACKING,214.0,346.0,320.0,240.0,-106.0,106.0,-0.6625,0.6625,-0.0077624993599999526,-0.007762483974358747,-0.006209999487999962,-0.006209987179486998,-0.660947500128,0.6640524967948718,ALIGNED
SCN_010,306,10.1667,TRACKING,213.0,345.0,320.0,240.0,-107.0,105.0,-0.66875,0.65625,-0.0078024998719999905,-0.007802496794871772,-0.006241999897599992,-0.006241997435897418,-0.6671895000256,0.6578104993589744,ALIGNED
SCN_010,307,10.2,TRACKING,212.0,345.0,320.0,240.0,-108.0,105.0,-0.675,0.65625,-0.007810499974400087,-0.0015604993589743987,-0.00624839997952007,-0.001248399487179519,-0.67343790000512,0.6565620998717949,ALIGNED
SCN_010,308,10.2333,TRACKING,212.0,344.0,320.0,240.0,-108.0,104.0,-0.675,0.65,-0.0015620999948799952,-0.006562099871794902,-0.0012496799959039963,-0.005249679897435922,-0.674687580001024,0.651312419974359,ALIGNED
SCN_010,309,10.2667,TRACKING,211.0,343.0,320.0,240.0,-109.0,103.0,-0.68125,0.6437499999999999,-0.006562419998975999,-0.007562419974359025,-0.0052499359991808,-0.00604993597948722,-0.6799375160002048,0.6452624839948717,ALIGNED
SCN_010,310,10.3,TRACKING,210.0,342.0,320.0,240.0,-110.0,102.0,-0.6875,0.6375,-0.0075624839997952,-0.007762483994871783,-0.00604998719983616,-0.006209987195897427,-0.685987503200041,0.6390524967989744,ALIGNED
SCN_010,311,10.3333,TRACKING,209.0,341.0,320.0,240.0,-111.0,101.0,-0.69375,0.63125,-0.0077624967999589956,-0.007802496798974379,-0.0062099974399671964,-0.0062419974391795035,-0.6921975006400082,0.6328104993597948,ALIGNED
SCN_010,312,10.3667,TRACKING,208.0,340.0,320.0,240.0,-112.0,100.0,-0.7,0.625,-0.007802499359991777,-0.007810499359794831,-0.0062419994879934215,-0.006248399487835865,-0.6984395001280016,0.626562099871959,ALIGNED
SCN_010,313,10.4,TRACKING,208.0,339.0,320.0,240.0,-112.0,99.0,-0.7,0.6187499999999999,-0.0015604998719983554,-0.007812099871959077,-0.0012483998975986845,-0.006249679897567262,-0.6996879000256003,0.6203124199743917,ALIGNED
SCN_010,314,10.4333,TRACKING,207.0,338.0,320.0,240.0,-113.0,98.0,-0.70625,0.6125,-0.0065620999743997155,-0.007812419974391638,-0.005249679979519773,-0.006249935979513311,-0.7049375800051201,0.6140624839948784,ALIGNED
SCN_010,315,10.4667,TRACKING,206.0,338.0,320.0,240.0,-114.0,98.0,-0.7125,0.6125,-0.007562419994879943,-0.0015624839948783498,-0.006049935995903955,-0.0012499871959026799,-0.7109875160010241,0.6128124967989758,ALIGNED
SCN_010,316,10.5,TRACKING,205.0,337.0,320.0,240.0,-115.0,97.0,-0.71875,0.60625,-0.007762483998975944,-0.006562496798975803,-0.006209987199180755,-0.0052499974391806425,-0.7171975032002048,0.6075624993597951,ALIGNED
SCN_010,317,10.5333,TRACKING,205.0,336.0,320.0,240.0,-115.0,96.0,-0.71875,0.6000000000000001,-0.0015524967997951888,-0.007562499359795027,-0.0012419974398361511,-0.006049999487836022,-0.7184395006400409,0.6015124998719591,ALIGNED
SCN_010,318,10.5667,TRACKING,204.0,335.0,320.0,240.0,-116.0,95.0,-0.725,0.59375,-0.00656049935995906,-0.007762499871959094,-0.005248399487967248,-0.006209999897567276,-0.7236879001280082,0.5953024999743918,ALIGNED
SCN_010,319,10.6,TRACKING,203.0,334.0,320.0,240.0,-117.0,94.0,-0.73125,0.5875,-0.007562099871991745,-0.007802499974391752,-0.006049679897593397,-0.0062419999795134025,-0.7297375800256016,0.5890604999948784,ALIGNED
SCN_010,320,10.6333,TRACKING,203.0,333.0,320.0,240.0,-117.0,93.0,-0.73125,0.58125,-0.0015124199743983269,-0.007810499994878373,-0.0012099359795186616,-0.006248399995902699,-0.7309475160051203,0.5828120999989758,ALIGNED
SCN_010,321,10.6667,TRACKING,202.0,332.0,320.0,240.0,-118.0,92.0,-0.7375,0.5750000000000001,-0.006552483994879732,-0.007812099998975697,-0.005241987195903786,-0.006249679999180558,-0.736189503201024,0.5765624199997952,ALIGNED
SCN_010,322,10.7,TRACKING,201.0,331.0,320.0,240.0,-119.0,91.0,-0.74375,0.56875,-0.007560496798975969,-0.007812419999795206,-0.006048397439180776,-0.006249935999836165,-0.7422379006402048,0.570312483999959,ALIGNED
SCN_010,323,10.7333,TRACKING,200.0,330.0,320.0,240.0,-120.0,90.0,-0.75,0.5625,-0.007762099359795216,-0.007812483999959041,-0.0062096794878361734,-0.006249987199967233,-0.7484475801280409,0.5640624967999918,ALIGNED
SCN_010,324,10.7667,TRACKING,200.0,329.0,320.0,240.0,-120.0,89.0,-0.75,0.55625,-0.0015524198719590876,-0.007812496799991742,-0.00124193589756727,-0.0062499974399933935,-0.7496895160256082,0.5578124993599983,ALIGNED
SCN_010,325,10.8,TRACKING,199.0,328.0,320.0,240.0,-121.0,88.0,-0.75625,0.5499999999999999,-0.006560483974391795,-0.007812499359998393,-0.005248387179513436,-0.006249999487998714,-0.7549379032051217,0.5515624998719996,ALIGNED
SCN_010,326,10.8333,TRACKING,198.0,327.0,320.0,240.0,-122.0,87.0,-0.7625,0.54375,-0.0075620967948782924,-0.007812499871999612,-0.006049677435902634,-0.00624999989759969,-0.7609875806410243,0.5453124999743999,ALIGNED
SCN_010,327,10.8667,TRACKING,198.0,326.0,320.0,240.0,-122.0,86.0,-0.7625,0.5375,-0.001512419358975614,-0.007812499974399922,-0.0012099354871804914,-0.006249999979519938,-0.7621975161282049,0.53906249999488,ALIGNED
SCN_010,328,10.9,TRACKING,197.0,325.0,320.0,240.0,-123.0,85.0,-0.76875,0.53125,-0.006552483871795189,-0.0078124999948799845,-0.005241987097436152,-0.006249999995903988,-0.767439503225641,0.532812499998976,ALIGNED
SCN_010,329,10.9333,TRACKING,196.0,325.0,320.0,240.0,-124.0,85.0,-0.775,0.53125,-0.0075604967743589935,-0.0015624999989759525,-0.0060483974194871955,-0.0012499999991807621,-0.7734879006451282,0.5315624999997952,ALIGNED
SCN_010,330,10.9667,TRACKING,196.0,324.0,320.0,240.0,-124.0,84.0,-0.775,0.5249999999999999,-0.001512099354871843,-0.0065624999997953015,-0.0012096794838974746,-0.0052499999998362416,-0.7746975801290257,0.526312499999959,ALIGNED
SCN_010,331,11.0,TRACKING,195.0,323.0,320.0,240.0,-125.0,83.0,-0.78125,0.51875,-0.006552419870974324,-0.007562499999958949,-0.005241935896779459,-0.00604999999996716,-0.7799395160258051,0.5202624999999919,ALIGNED
SCN_010,332,11.0333,TRACKING,194.0,322.0,320.0,240.0,-126.0,82.0,-0.7875,0.5125,-0.007560483974194843,-0.007762499999991901,-0.0060483871793558745,-0.006209999999993521,-0.785987903205161,0.5140524999999984,ALIGNED
SCN_010,333,11.0667,TRACKING,194.0,321.0,320.0,240.0,-126.0,81.0,-0.7875,0.5062500000000001,-0.0015120967948389907,-0.007802499999998269,-0.0012096774358711926,-0.006241999999998616,-0.7871975806410322,0.5078104999999997,ALIGNED
SCN_010,334,11.1,TRACKING,193.0,320.0,320.0,240.0,-127.0,80.0,-0.79375,0.5,-0.006552419358967776,-0.0078104999999997204,-0.005241935487174221,-0.0062483999999997765,-0.7924395161282064,0.5015620999999999,ALIGNED
SCN_010,335,11.1333,TRACKING,193.0,319.0,320.0,240.0,-127.0,79.0,-0.79375,0.49375,-0.0013104838717935552,-0.0078120999999998775,-0.0010483870974348443,-0.0062496799999999025,-0.7934879032256412,0.49531242,ALIGNED
SCN_010,336,11.1667,TRACKING,192.0,318.0,320.0,240.0,-128.0,78.0,-0.8,0.48750000000000004,-0.006512096774358822,-0.007812419999999931,-0.005209677419487058,-0.0062499359999999456,-0.7986975806451283,0.489062484,ALIGNED
SCN_010,337,11.2,TRACKING,191.0,317.0,320.0,240.0,-129.0,77.0,-0.80625,0.48125000000000007,-0.00755241935487172,-0.007812483999999953,-0.006041935483897376,-0.006249987199999963,-0.8047395161290257,0.48281249680000005,ALIGNED
SCN_010,338,11.2333,TRACKING,191.0,316.0,320.0,240.0,-129.0,76.0,-0.80625,0.475,-0.0015104838709742996,-0.007812496800000068,-0.0012083870967794397,-0.006249997440000055,-0.8059479032258051,0.47656249936,ALIGNED
SCN_010,339,11.2667,TRACKING,190.0,315.0,320.0,240.0,-130.0,75.0,-0.8125,0.46875,-0.006552096774194882,-0.0078124993600000026,-0.005241677419355906,-0.006249999488000002,-0.811189580645161,0.470312499872,ALIGNED
SCN_010,340,11.3,TRACKING,190.0,314.0,320.0,240.0,-130.0,74.0,-0.8125,0.4625,-0.0013104193548389986,-0.0078124998720000005,-0.001048335483871199,-0.0062499998976,-0.8122379161290322,0.4640624999744,ALIGNED
SCN_010,341,11.3333,TRACKING,189.0,313.0,320.0,240.0,-131.0,73.0,-0.81875,0.45624999999999993,-0.0065120838709678,-0.007812499974400089,-0.00520966709677424,-0.006249999979520072,-0.8174475832258065,0.45781249999487994,ALIGNED
SCN_010,342,11.3667,TRACKING,189.0,312.0,320.0,240.0,-131.0,72.0,-0.81875,0.44999999999999996,-0.0013024167741935155,-0.0078124999948799845,-0.0010419334193548125,-0.006249999995903988,-0.8184895166451612,0.45156249999897596,ALIGNED
SCN_010,343,11.4,TRACKING,188.0,310.0,320.0,240.0,-132.0,70.0,-0.825,0.4375,-0.006510483354838725,-0.014062499998975964,-0.00520838668387098,-0.011249999999180771,-0.8236979033290323,0.4403124999997952,ALIGNED
SCN_010,344,11.4333,TRACKING,188.0,309.0,320.0,240.0,-132.0,69.0,-0.825,0.43124999999999997,-0.0013020966709677007,-0.009062499999795248,-0.0010416773367741606,-0.007249999999836199,-0.8247395806658064,0.433062499999959,ALIGNED
SCN_010,345,11.4667,TRACKING,187.0,308.0,320.0,240.0,-133.0,68.0,-0.83125,0.425,-0.006510419334193607,-0.008062499999959005,-0.005208335467354885,-0.006449999999967204,-0.8299479161331613,0.4266124999999918,ALIGNED
SCN_010,346,11.5,TRACKING,186.0,307.0,320.0,240.0,-134.0,67.0,-0.8375,0.41875,-0.007552083866838699,-0.007862499999991779,-0.00604166709347096,-0.006289999999993423,-0.8359895832266323,0.4203224999999984,ALIGNED
SCN_010,347,11.5333,TRACKING,186.0,306.0,320.0,240.0,-134.0,66.0,-0.8375,0.41250000000000003,-0.0015104167733677176,-0.007822499999998345,-0.0012083334186941742,-0.006257999999998676,-0.8371979166453265,0.4140644999999997,ALIGNED
SCN_010,348,11.5667,TRACKING,185.0,305.0,320.0,240.0,-135.0,65.0,-0.84375,0.40625,-0.006552083354673499,-0.007814499999999724,-0.0052416666837388,-0.00625159999999978,-0.8424395833290653,0.4078128999999999,ALIGNED
SCN_010,349,11.6,TRACKING,185.0,304.0,320.0,240.0,-135.0,64.0,-0.84375,0.4,-0.0013104166709346776,-0.0078128999999999,-0.0010483333367477421,-0.00625031999999992,-0.843487916665813,0.40156258,ALIGNED
SCN_010,350,11.6333,TRACKING,184.0,303.0,320.0,240.0,-136.0,63.0,-0.85,0.39375000000000004,-0.006512083334186958,-0.007812579999999958,-0.005209666667349566,-0.006250063999999967,-0.8486975833331626,0.39531251600000006,ALIGNED
SCN_010,351,11.6667,TRACKING,184.0,302.0,320.0,240.0,-136.0,62.0,-0.85,0.38750000000000007,-0.0013024166668373915,-0.007812515999999992,-0.0010419333334699132,-0.0062500127999999934,-0.8497395166666325,0.3890625032000001,ALIGNED
SCN_010,352,11.7,TRACKING,184.0,301.0,320.0,240.0,-136.0,61.0,-0.85,0.38125,-0.0002604833333674783,-0.007812503200000098,-0.00020838666669398265,-0.006250002560000079,-0.8499479033333265,0.38281250064,ALIGNED
SCN_010,353,11.7333,TRACKING,183.0,300.0,320.0,240.0,-137.0,60.0,-0.85625,0.375,-0.0063020966666734735,-0.007812500639999997,-0.005041677333338779,-0.006250000511999998,-0.8549895806666653,0.376562500128,ALIGNED
SCN_010,354,11.7667,TRACKING,183.0,299.0,320.0,240.0,-137.0,59.0,-0.85625,0.36874999999999997,-0.0012604193333346503,-0.007812500128000055,-0.0010083354666677203,-0.0062500001024000445,-0.855997916133333,0.37031250002559996,ALIGNED
SCN_010,355,11.8,TRACKING,182.0,298.0,320.0,240.0,-138.0,58.0,-0.8625,0.3625,-0.006502083866667063,-0.007812500025599967,-0.005201667093333651,-0.006250000020479974,-0.8611995832266667,0.36406250000511997,ALIGNED
SCN_010,356,11.8333,TRACKING,182.0,297.0,320.0,240.0,-138.0,57.0,-0.8625,0.35624999999999996,-0.0013004167733333682,-0.007812500005120016,-0.0010403334186666947,-0.006250000004096013,-0.8622399166453334,0.35781250000102394,ALIGNED
SCN_010,357,11.8667,TRACKING,181.0,296.0,320.0,240.0,-139.0,56.0,-0.86875,0.35,-0.006510083354666629,-0.007812500001023959,-0.005208066683733303,-0.006250000000819167,-0.8674479833290667,0.3515625000002048,ALIGNED
SCN_010,358,11.9,TRACKING,181.0,295.0,320.0,240.0,-139.0,55.0,-0.86875,0.34375,-0.0013020166709333258,-0.00781250000020478,-0.0010416133367466608,-0.006250000000163825,-0.8684895966658134,0.34531250000004093,ALIGNED
SCN_010,359,11.9333,TRACKING,180.0,293.0,320.0,240.0,-140.0,53.0,-0.875,0.33125,-0.006510403334186621,-0.014062500000040945,-0.005208322667349297,-0.011250000000032756,-0.8736979193331627,0.3340625000000082,ALIGNED
SCN_010,360,11.9667,TRACKING,180.0,292.0,320.0,240.0,-140.0,52.0,-0.875,0.325,-0.0013020806668373464,-0.009062500000008189,-0.001041664533469877,-0.0072500000000065516,-0.8747395838666325,0.32681250000000167,ALIGNED
SCN_010,361,12.0,TRACKING,180.0,291.0,320.0,240.0,-140.0,51.0,-0.875,0.31875,-0.00026041613336746927,-0.008062500000001693,-0.00020833290669397542,-0.006450000000001355,-0.8749479167733265,0.3203625000000003,ALIGNED
SCN_010,362,12.0333,TRACKING,179.0,290.0,320.0,240.0,-141.0,50.0,-0.88125,0.3125,-0.006302083226673472,-0.007862500000000328,-0.005041666581338778,-0.006290000000000262,-0.8799895833546653,0.3140725000000001,ALIGNED
SCN_010,363,12.0667,TRACKING,179.0,289.0,320.0,240.0,-141.0,49.0,-0.88125,0.30625,-0.0012604166453347165,-0.007822500000000066,-0.0010083333162677732,-0.006258000000000053,-0.8809979166709331,0.30781450000000005,ALIGNED
SCN_010,364,12.1,TRACKING,179.0,288.0,320.0,240.0,-141.0,48.0,-0.88125,0.30000000000000004,-0.0002520833290668989,-0.007814500000000002,-0.00020166666325351914,-0.006251600000000002,-0.8811995833341866,0.3015629,ALIGNED
SCN_010,365,12.1333,TRACKING,178.0,287.0,320.0,240.0,-142.0,47.0,-0.8875,0.29375,-0.00630041666581338,-0.007812900000000012,-0.005040333332650704,-0.00625032000000001,-0.8862399166668373,0.29531258,ALIGNED
SCN_010,366,12.1667,TRACKING,178.0,286.0,320.0,240.0,-142.0,46.0,-0.8875,0.28750000000000003,-0.0012600833331626315,-0.007812579999999958,-0.0010080666665301054,-0.006250063999999967,-0.8872479833333674,0.28906251600000005,ALIGNED
SCN_010,367,12.2,TRACKING,177.0,285.0,320.0,240.0,-143.0,45.0,-0.89375,0.28125,-0.006502016666632637,-0.007812516000000047,-0.00520161333330611,-0.006250012800000038,-0.8924495966666736,0.2828125032,ALIGNED
SCN_010,368,12.2333,TRACKING,177.0,283.0,320.0,240.0,-143.0,43.0,-0.89375,0.26875,-0.001300403333326483,-0.01406250320000002,-0.0010403226666611865,-0.011250002560000017,-0.8934899193333348,0.27156250064,ALIGNED
SCN_010,369,12.2667,TRACKING,177.0,282.0,320.0,240.0,-143.0,42.0,-0.89375,0.26249999999999996,-0.0002600806666652744,-0.009062500640000026,-0.00020806453333221953,-0.007250000512000022,-0.893697983866667,0.26431250012799995,ALIGNED
SCN_010,370,12.3,TRACKING,176.0,281.0,320.0,240.0,-144.0,41.0,-0.9,0.25625,-0.006302016133333033,-0.008062500127999972,-0.005041612906666427,-0.006450000102399978,-0.8987395967733334,0.25786250002559996,ALIGNED
SCN_010,371,12.3333,TRACKING,176.0,280.0,320.0,240.0,-144.0,40.0,-0.9,0.25,-0.001260403226666651,-0.007862500025599961,-0.0010083225813333208,-0.006290000020479969,-0.8997479193546667,0.25157250000512,ALIGNED
SCN_010,372,12.3667,TRACKING,176.0,279.0,320.0,240.0,-144.0,39.0,-0.9,0.24375000000000002,-0.0002520806453333302,-0.00782250000511997,-0.00020166451626666416,-0.006258000004095977,-0.8999495838709334,0.245314500001024,ALIGNED
SCN_010,373,12.4,TRACKING,176.0,278.0,320.0,240.0,-144.0,38.0,-0.9,0.2375,-5.041612906664383e-05,-0.007814500001024016,-4.033290325331507e-05,-0.006251600000819213,-0.8999899167741867,0.2390629000002048,ALIGNED
SCN_010,374,12.4333,TRACKING,175.0,277.0,320.0,240.0,-145.0,37.0,-0.90625,0.23125,-0.006260083225813284,-0.007812900000204792,-0.005008066580650628,-0.006250320000163834,-0.9049979833548374,0.23281258000004096,ALIGNED
SCN_010,375,12.4667,TRACKING,175.0,276.0,320.0,240.0,-145.0,36.0,-0.90625,0.22499999999999998,-0.0012520166451626125,-0.00781258000004098,-0.00100161331613009,-0.006250064000032785,-0.9059995966709675,0.22656251600000818,ALIGNED
SCN_010,376,12.5,TRACKING,175.0,274.0,320.0,240.0,-145.0,34.0,-0.90625,0.2125,-0.0002504033290324781,-0.014062516000008185,-0.00020032266322598247,-0.011250012800006549,-0.9061999193341935,0.21531250320000164,ALIGNED
SCN_010,377,12.5333,TRACKING,175.0,273.0,320.0,240.0,-145.0,33.0,-0.90625,0.20625000000000002,-5.008066580647341e-05,-0.009062503200001626,-4.006453264517873e-05,-0.007250002560001301,-0.9062399838668387,0.20806250064000034,ALIGNED
SCN_010,378,12.5667,TRACKING,174.0,272.0,320.0,240.0,-146.0,32.0,-0.9125,0.2,-0.006260016133161295,-0.00806250064000033,-0.005008012906529036,-0.006450000512000265,-0.9112479967733678,0.20161250012800008,ALIGNED
SCN_010,379,12.6,TRACKING,174.0,271.0,320.0,240.0,-146.0,31.0,-0.9125,0.19375000000000003,-0.0012520032266322145,-0.00786250012800005,-0.0010016025813057716,-0.00629000010240004,-0.9122495993546735,0.19532250002560003,ALIGNED
SCN_010,380,12.6333,TRACKING,174.0,270.0,320.0,240.0,-146.0,30.0,-0.9125,0.1875,-0.0002504006453264429,-0.007822500025600032,-0.00020032051626115433,-0.006258000020480026,-0.9124499198709347,0.18906450000512,ALIGNED
SCN_010,381,12.6667,TRACKING,174.0,269.0,320.0,240.0,-146.0,29.0,-0.9125,0.18125,-5.008012906526638e-05,-0.007814500005120018,-4.00641032522131e-05,-0.006251600004096015,-0.9124899839741869,0.182812900001024,ALIGNED
SCN_010,382,12.7,TRACKING,173.0,268.0,320.0,240.0,-147.0,28.0,-0.91875,0.175,-0.006260016025813053,-0.007812900001023998,-0.005008012820650443,-0.006250320000819199,-0.9174979967948373,0.17656258000020478,ALIGNED
SCN_010,383,12.7333,TRACKING,173.0,266.0,320.0,240.0,-147.0,26.0,-0.91875,0.1625,-0.0012520032051626107,-0.014062580000204772,-0.0010016025641300887,-0.011250064000163817,-0.9184995993589674,0.16531251600004096,ALIGNED
SCN_010,384,12.7667,TRACKING,173.0,265.0,320.0,240.0,-147.0,25.0,-0.91875,0.15625,-0.00025040064103254434,-0.00906251600004096,-0.00020032051282603547,-0.0072500128000327685,-0.9186999198717934,0.1580625032000082,ALIGNED
SCN_010,385,12.8,TRACKING,173.0,264.0,320.0,240.0,-147.0,24.0,-0.91875,0.15000000000000002,-5.008012820650887e-05,-0.008062503200008175,-4.0064102565207095e-05,-0.006450002560006541,-0.9187399839743586,0.15161250064000165,ALIGNED
SCN_010,386,12.8333,TRACKING,173.0,263.0,320.0,240.0,-147.0,23.0,-0.91875,0.14375000000000002,-1.0016025641323978e-05,-0.00786250064000163,-8.012820513059183e-06,-0.006290000512001304,-0.9187479967948717,0.14532250012800035,ALIGNED
SCN_010,387,12.8667,TRACKING,172.0,262.0,320.0,240.0,-148.0,22.0,-0.925,0.13749999999999998,-0.006252003205128309,-0.00782250012800037,-0.005001602564102647,-0.006258000102400296,-0.9237495993589744,0.13906450002560006,ALIGNED
SCN_010,388,12.9,TRACKING,172.0,261.0,320.0,240.0,-148.0,21.0,-0.925,0.13124999999999998,-0.0012504006410256618,-0.00781450002560008,-0.0010003205128205296,-0.006251600020480064,-0.9247499198717949,0.13281290000512,ALIGNED
SCN_010,389,12.9333,TRACKING,172.0,260.0,320.0,240.0,-148.0,20.0,-0.925,0.125,-0.00025008012820515457,-0.00781290000512,-0.00020006410256412366,-0.006250320004096,-0.924949983974359,0.126562580001024,ALIGNED
SCN_010,390,12.9667,TRACKING,172.0,258.0,320.0,240.0,-148.0,18.0,-0.925,0.11249999999999999,-5.0016025641030915e-05,-0.014062580001024005,-4.001282051282473e-05,-0.011250064000819205,-0.9249899967948718,0.11531251600020478,ALIGNED
SCN_010,391,13.0,TRACKING,172.0,257.0,320.0,240.0,-148.0,17.0,-0.925,0.10625,-1.0003205128228387e-05,-0.009062516000204787,-8.00256410258271e-06,-0.00725001280016383,-0.9249979993589744,0.10806250320004096,ALIGNED
SCN_010,392,13.0333,TRACKING,172.0,256.0,320.0,240.0,-148.0,16.0,-0.925,0.1,-2.000641025623473e-06,-0.008062503200040955,-1.6005128204987784e-06,-0.006450002560032764,-0.9249995998717949,0.1016125006400082,ALIGNED
SCN_010,393,13.0667,TRACKING,172.0,255.0,320.0,240.0,-148.0,15.0,-0.925,0.09375,-4.001282051246946e-07,-0.007862500640008194,-3.201025640997557e-07,-0.006290000512006556,-0.924999919974359,0.09532250012800164,ALIGNED
SCN_010,394,13.1,TRACKING,172.0,254.0,320.0,240.0,-148.0,14.0,-0.925,0.0875,-8.002564100273446e-08,-0.007822500128001647,-6.402051280218757e-08,-0.006258000102401318,-0.9249999839948718,0.08906450002560032,ALIGNED
SCN_010,395,13.1333,TRACKING,171.0,253.0,320.0,240.0,-149.0,13.0,-0.93125,0.08125,-0.0062500160051282005,-0.007814500025600316,-0.0050000128041025604,-0.006251600020480252,-0.9299999967989744,0.08281290000512007,ALIGNED
SCN_010,396,13.1667,TRACKING,171.0,251.0,320.0,240.0,-149.0,11.0,-0.93125,0.06874999999999999,-0.0012500032010256401,-0.014062900005120074,-0.001000002560820512,-0.01125032000409606,-0.9309999993597949,0.071562580001024,ALIGNED
SCN_010,397,13.2,TRACKING,171.0,250.0,320.0,240.0,-149.0,10.0,-0.93125,0.0625,-0.0002500006402050836,-0.009062580001024001,-0.0002000005121640669,-0.007250064000819201,-0.931199999871959,0.0643125160002048,ALIGNED
SCN_010,398,13.2333,TRACKING,171.0,249.0,320.0,240.0,-149.0,9.0,-0.93125,0.056249999999999994,-5.000012804101672e-05,-0.0080625160002048,-4.000010243281338e-05,-0.00645001280016384,-0.9312399999743918,0.05786250320004095,ALIGNED
SCN_010,399,13.2667,TRACKING,171.0,248.0,320.0,240.0,-149.0,8.0,-0.93125,0.05,-1.0000025608247753e-05,-0.007862503200040949,-8.000020486598203e-06,-0.006290002560032759,-0.9312479999948784,0.05157250064000819,ALIGNED
SCN_010,400,13.3,TRACKING,171.0,247.0,320.0,240.0,-149.0,7.0,-0.93125,0.04375,-2.0000051216273462e-06,-0.007822500640008195,-1.6000040973018771e-06,-0.006258000512006557,-0.9312495999989757,0.04531450012800164,ALIGNED
SCN_010,401,13.3333,TRACKING,171.0,246.0,320.0,240.0,-149.0,6.0,-0.93125,0.037500000000000006,-4.000010243032648e-07,-0.007814500128001632,-3.2000081944261184e-07,-0.006251600102401306,-0.9312499199997951,0.03906290002560033,ALIGNED
SCN_010,402,13.3667,TRACKING,171.0,244.0,320.0,240.0,-149.0,4.0,-0.93125,0.025,-8.000020490506188e-08,-0.01406290002560033,-6.400016392404951e-08,-0.011250320020480264,-0.9312499839999591,0.027812580005120068,ALIGNED
SCN_010,403,13.4,TRACKING,171.0,243.0,320.0,240.0,-149.0,3.0,-0.93125,0.018750000000000003,-1.6000040958807915e-08,-0.009062580005120065,-1.2800032767046333e-08,-0.007250064004096052,-0.9312499967999919,0.020562516001024017,ALIGNED
SCN_010,404,13.4333,TRACKING,171.0,242.0,320.0,240.0,-149.0,2.0,-0.93125,0.0125,-3.200008147352662e-09,-0.008062516001024016,-2.5600065178821297e-09,-0.006450012800819214,-0.9312499993599984,0.014112503200204803,ALIGNED
SCN_010,405,13.4667,TRACKING,171.0,241.0,320.0,240.0,-149.0,1.0,-0.93125,0.00625,-6.400016072660719e-10,-0.007862503200204802,-5.120012858128576e-10,-0.006290002560163842,-0.9312499998719997,0.00782250064004096,ALIGNED
SCN_010,406,13.5,TRACKING,171.0,240.0,320.0,240.0,-149.0,0.0,-0.93125,0.0,-1.280002770442934e-10,-0.00782250064004096,-1.0240022163543473e-10,-0.006258000512032769,-0.9312499999744,0.0015645001280081916,ALIGNED
SCN_010,407,13.5333,TRACKING,171.0,239.0,320.0,240.0,-149.0,-1.0,-0.93125,-0.00625,-2.5600077613319172e-11,-0.007814500128008193,-2.0480062090655338e-11,-0.006251600102406555,-0.93124999999488,-0.004687099974398363,ALIGNED
SCN_010,408,13.5667,TRACKING,171.0,237.0,320.0,240.0,-149.0,-3.0,-0.93125,-0.018750000000000003,-5.1200155226638344e-12,-0.014062900025601639,-4.096012418131067e-12,-0.011250320020481312,-0.9312499999989761,-0.015937419994879676,ALIGNED
SCN_010,409,13.6,TRACKING,171.0,236.0,320.0,240.0,-149.0,-4.0,-0.93125,-0.025,-1.0239586956117819e-12,-0.009062580005120325,-8.191669564894256e-13,-0.00725006400409626,-0.9312499999997952,-0.02318748399897594,ALIGNED
SCN_010,410,13.6333,TRACKING,171.0,235.0,320.0,240.0,-149.0,-5.0,-0.93125,-0.03125,-2.0483614804334138e-13,-0.008062516001024062,-1.638689184346731e-13,-0.006450012800819249,-0.931249999999959,-0.029637496799795188,ALIGNED
SCN_010,411,13.6667,TRACKING,171.0,234.0,320.0,240.0,-149.0,-6.0,-0.93125,-0.037500000000000006,-4.0967229608668276e-14,-0.007862503200204818,-3.277378368693462e-14,-0.006290002560163855,-0.9312499999999918,-0.03592749935995904,ALIGNED
SCN_010,412,13.7,TRACKING,171.0,233.0,320.0,240.0,-149.0,-7.0,-0.93125,-0.04375,-8.215650382226158e-15,-0.007822500640040954,-6.572520305780927e-15,-0.006258000512032763,-0.9312499999999984,-0.042185499871991806,ALIGNED
SCN_010,413,13.7333,TRACKING,171.0,232.0,320.0,240.0,-149.0,-8.0,-0.93125,-0.05,-1.6653345369377348e-15,-0.007814500128008196,-1.3322676295501878e-15,-0.006251600102406558,-0.9312499999999997,-0.048437099974398365,ALIGNED
SCN_010,414,13.7667,TRACKING,171.0,230.0,320.0,240.0,-149.0,-10.0,-0.93125,-0.0625,-3.3306690738754696e-16,-0.014062900025601635,-2.664535259100376e-16,-0.011250320020481309,-0.9312499999999999,-0.05968741999487967,ALIGNED
SCN_010,415,13.8,TRACKING,171.0,229.0,320.0,240.0,-149.0,-11.0,-0.93125,-0.06874999999999999,-1.1102230246251565e-16,-0.009062580005120321,-8.881784197001253e-17,-0.007250064004096258,-0.93125,-0.06693748399897592,ALIGNED
SCN_010,416,13.8333,TRACKING,172.0,228.0,320.0,240.0,-148.0,-12.0,-0.925,-0.07500000000000001,0.006249999999999978,-0.00806251600102409,0.004999999999999983,-0.006450012800819272,-0.92625,-0.0733874967997952,ALIGNED
SCN_010,417,13.8667,TRACKING,172.0,227.0,320.0,240.0,-148.0,-13.0,-0.925,-0.08125,0.0012499999999999734,-0.007862503200204804,0.0009999999999999788,-0.0062900025601638435,-0.92525,-0.07967749935995905,ALIGNED
SCN_010,418,13.9,TRACKING,172.0,226.0,320.0,240.0,-148.0,-14.0,-0.925,-0.0875,0.00024999999999997247,-0.007822500640040947,0.00019999999999997797,-0.006258000512032758,-0.92505,-0.08593549987199181,ALIGNED
SCN_010,419,13.9333,TRACKING,172.0,225.0,320.0,240.0,-148.0,-15.0,-0.925,-0.09375,4.999999999999449e-05,-0.00781450012800819,3.99999999999956e-05,-0.0062516001024065515,-0.92501,-0.09218709997439836,ALIGNED
SCN_010,420,13.9667,TRACKING,172.0,223.0,320.0,240.0,-148.0,-17.0,-0.925,-0.10625,9.99999999995449e-06,-0.014062900025601635,7.999999999963592e-06,-0.011250320020481309,-0.925002,-0.10343741999487967,ALIGNED
SCN_010,421,14.0,TRACKING,172.0,222.0,320.0,240.0,-148.0,-18.0,-0.925,-0.11249999999999999,1.999999999946489e-06,-0.009062580005120321,1.5999999999571913e-06,-0.007250064004096258,-0.9250004000000001,-0.11068748399897592,ALIGNED
SCN_010,422,14.0333,TRACKING,172.0,221.0,320.0,240.0,-148.0,-19.0,-0.925,-0.11875,4.0000000001150227e-07,-0.008062516001024075,3.2000000000920185e-07,-0.0064500128008192605,-0.92500008,-0.11713749679979518,ALIGNED
SCN_010,423,14.0667,TRACKING,172.0,220.0,320.0,240.0,-148.0,-20.0,-0.925,-0.125,7.999999995789153e-08,-0.007862503200204818,6.399999996631323e-08,-0.006290002560163855,-0.925000016,-0.12342749935995903,ALIGNED
SCN_010,424,14.1,TRACKING,173.0,219.0,320.0,240.0,-147.0,-21.0,-0.91875,-0.13124999999999998,0.00625001600000008,-0.007822500640040947,0.005000012800000064,-0.006258000512032758,-0.9200000032,-0.1296854998719918,ALIGNED
SCN_010,425,14.1333,TRACKING,173.0,218.0,320.0,240.0,-147.0,-22.0,-0.91875,-0.13749999999999998,0.001250003200000016,-0.00781450012800819,0.001000002560000013,-0.0062516001024065515,-0.91900000064,-0.13593709997439835,ALIGNED
SCN_010,426,14.1667,TRACKING,173.0,217.0,320.0,240.0,-147.0,-23.0,-0.91875,-0.14375000000000002,0.0002500006400000254,-0.007812900025601671,0.00020000051200002035,-0.006250320020481337,-0.918800000128,-0.1421874199948797,ALIGNED
SCN_010,427,14.2,TRACKING,173.0,215.0,320.0,240.0,-147.0,-25.0,-0.91875,-0.15625,5.000012800004949e-05,-0.014062580005120312,4.0000102400039596e-05,-0.01125006400409625,-0.9187600000256,-0.15343748399897594,ALIGNED
SCN_010,428,14.2333,TRACKING,173.0,214.0,320.0,240.0,-147.0,-26.0,-0.91875,-0.1625,1.0000025600032103e-05,-0.009062516001024062,8.000020480025683e-06,-0.0072500128008192504,-0.9187520000051199,-0.1606874967997952,ALIGNED
SCN_010,429,14.2667,TRACKING,174.0,213.0,320.0,240.0,-146.0,-27.0,-0.9125,-0.16875,0.00625200000511994,-0.008062503200204824,0.005001600004095952,-0.0064500025601638596,-0.9137504000010239,-0.16713749935995906,ALIGNED
SCN_010,430,14.3,TRACKING,174.0,212.0,320.0,240.0,-146.0,-28.0,-0.9125,-0.175,0.0012504000010239436,-0.007862500640040931,0.001000320000819155,-0.006290000512032746,-0.9127500800002047,-0.1734274998719918,ALIGNED
SCN_010,431,14.3333,TRACKING,174.0,211.0,320.0,240.0,-146.0,-29.0,-0.9125,-0.18125,0.0002500800002047665,-0.007822500128008197,0.0002000640001638132,-0.006258000102406559,-0.9125500160000409,-0.17968549997439837,ALIGNED
SCN_010,432,14.3667,TRACKING,174.0,210.0,320.0,240.0,-146.0,-30.0,-0.9125,-0.1875,5.00160000409533e-05,-0.007814500025601634,4.001280003276264e-05,-0.006251600020481307,-0.9125100032000082,-0.18593709999487967,ALIGNED
SCN_010,433,14.4,TRACKING,175.0,208.0,320.0,240.0,-145.0,-32.0,-0.90625,-0.2,0.006260003200008191,-0.014062900005120338,0.0050080025600065525,-0.011250320004096271,-0.9075020006400016,-0.19718741999897593,ALIGNED
SCN_010,434,14.4333,TRACKING,175.0,207.0,320.0,240.0,-145.0,-33.0,-0.90625,-0.20625000000000002,0.0012520006400016381,-0.009062580001024084,0.0010016005120013105,-0.007250064000819268,-0.9065004001280004,-0.2044374839997952,ALIGNED
SCN_010,435,14.4667,TRACKING,175.0,206.0,320.0,240.0,-145.0,-34.0,-0.90625,-0.2125,0.00025040012800037204,-0.0080625160002048,0.00020032010240029764,-0.00645001280016384,-0.9063000800256,-0.21088749679995902,ALIGNED
SCN_010,436,14.5,TRACKING,175.0,205.0,320.0,240.0,-145.0,-35.0,-0.90625,-0.21875,5.008002560003e-05,-0.007862503200040977,4.0064020480024e-05,-0.006290002560032782,-0.90626001600512,-0.2171774993599918,ALIGNED
SCN_010,437,14.5333,TRACKING,176.0,204.0,320.0,240.0,-144.0,-36.0,-0.9,-0.22499999999999998,0.006260016005119939,-0.007822500640008168,0.005008012804095952,-0.006258000512006534,-0.901252003201024,-0.22343549987199834,ALIGNED
SCN_010,438,14.5667,TRACKING,176.0,203.0,320.0,240.0,-144.0,-37.0,-0.9,-0.23125,0.0012520032010240323,-0.007814500128001667,0.0010016025608192258,-0.0062516001024013335,-0.9002504006402048,-0.22968709997439968,ALIGNED
SCN_010,439,14.6,TRACKING,176.0,202.0,320.0,240.0,-144.0,-38.0,-0.9,-0.2375,0.00025040064020476205,-0.007812900025600311,0.00020032051216380966,-0.00625032002048025,-0.900050080128041,-0.23593741999487994,ALIGNED
SCN_010,440,14.6333,TRACKING,177.0,201.0,320.0,240.0,-143.0,-39.0,-0.89375,-0.24375000000000002,0.006300080128040952,-0.007812580005120084,0.005040064102432762,-0.006250064004096068,-0.8950100160256083,-0.242187483998976,ALIGNED
SCN_010,441,14.6667,TRACKING,177.0,199.0,320.0,240.0,-143.0,-41.0,-0.89375,-0.25625,0.0012600160256082127,-0.014062516001023984,0.0010080128204865701,-0.011250012800819187,-0.8940020032051217,-0.25343749679979516,ALIGNED
SCN_010,442,14.7,TRACKING,177.0,198.0,320.0,240.0,-143.0,-42.0,-0.89375,-0.26249999999999996,0.00025200320512164254,-0.009062503200204797,0.00020160256409731405,-0.007250002560163837,-0.8938004006410244,-0.260687499359959,ALIGNED
SCN_010,443,14.7333,TRACKING,178.0,197.0,320.0,240.0,-142.0,-43.0,-0.8875,-0.26875,0.0063004006410244395,-0.008062500640040993,0.005040320512819552,-0.006450000512032795,-0.8887600801282048,-0.2671374998719918,ALIGNED
SCN_010,444,14.7667,TRACKING,178.0,196.0,320.0,240.0,-142.0,-44.0,-0.8875,-0.27499999999999997,0.001260080128204888,-0.007862500128008154,0.0010080641025639104,-0.006290000102406524,-0.8877520160256409,-0.27342749997439836,ALIGNED
SCN_010,445,14.8,TRACKING,178.0,195.0,320.0,240.0,-142.0,-45.0,-0.8875,-0.28125,0.0002520160256409554,-0.007822500025601642,0.0002016128205127643,-0.006258000020481314,-0.8875504032051281,-0.2796854999948797,ALIGNED
SCN_010,446,14.8333,TRACKING,179.0,194.0,320.0,240.0,-141.0,-46.0,-0.88125,-0.28750000000000003,0.006300403205128147,-0.00781450000512035,0.005040322564102518,-0.006251600004096281,-0.8825100806410257,-0.285937099998976,ALIGNED
SCN_010,447,14.8667,TRACKING,179.0,193.0,320.0,240.0,-141.0,-47.0,-0.88125,-0.29375,0.0012600806410256737,-0.007812900001024026,0.001008064512820539,-0.006250320000819221,-0.8815020161282051,-0.2921874199997952,ALIGNED
SCN_010,448,14.9,TRACKING,179.0,192.0,320.0,240.0,-141.0,-48.0,-0.88125,-0.30000000000000004,0.00025201612820513475,-0.00781258000020485,0.0002016129025641078,-0.00625006400016388,-0.881300403225641,-0.29843748399995906,ALIGNED
SCN_010,449,14.9333,TRACKING,180.0,191.0,320.0,240.0,-140.0,-49.0,-0.875,-0.30625,0.00630040322564096,-0.007812516000040959,0.005040322580512769,-0.006250012800032768,-0.8762600806451282,-0.30468749679999185,ALIGNED
SCN_010,450,14.9667,TRACKING,180.0,189.0,320.0,240.0,-140.0,-51.0,-0.875,-0.31875,0.0012600806451281699,-0.014062503200008125,0.0010080645161025358,-0.011250002560006502,-0.8752520161290256,-0.3159374993599984,ALIGNED
SCN_010,451,15.0,TRACKING,181.0,188.0,320.0,240.0,-139.0,-52.0,-0.86875,-0.325,0.006502016129025567,-0.009062500640001636,0.005201612903220455,-0.007250000512001309,-0.8700504032258052,-0.3231874998719997,ALIGNED
SCN_010,452,15.0333,TRACKING,181.0,187.0,320.0,240.0,-139.0,-53.0,-0.86875,-0.33125,0.0013004032258051579,-0.008062500128000305,0.0010403225806441263,-0.0064500001024002445,-0.869010080645161,-0.32963749997439995,ALIGNED
SCN_010,453,15.0667,TRACKING,181.0,186.0,320.0,240.0,-139.0,-54.0,-0.86875,-0.3375,0.0002600806451610316,-0.007862500025600072,0.00020806451612882527,-0.006290000020480058,-0.8688020161290322,-0.33592749999488003,ALIGNED
SCN_010,454,15.1,TRACKING,182.0,185.0,320.0,240.0,-138.0,-55.0,-0.8625,-0.34375,0.00630201612903214,-0.00782250000511997,0.005041612903225712,-0.006258000004095977,-0.8637604032258065,-0.342185499998976,ALIGNED
SCN_010,455,15.1333,TRACKING,182.0,184.0,320.0,240.0,-138.0,-56.0,-0.8625,-0.35,0.0012604032258064501,-0.00781450000102396,0.00100832258064516,-0.006251600000819169,-0.8627520806451613,-0.34843709999979516,ALIGNED
SCN_010,456,15.1667,TRACKING,183.0,183.0,320.0,240.0,-137.0,-57.0,-0.85625,-0.35624999999999996,0.0065020806451613344,-0.007812900000204792,0.005201664516129068,-0.006250320000163834,-0.8575504161290323,-0.354687419999959,ALIGNED
SCN_010,457,15.2,TRACKING,183.0,182.0,320.0,240.0,-137.0,-58.0,-0.85625,-0.3625,0.0013004161290323113,-0.00781258000004098,0.001040332903225849,-0.006250064000032785,-0.8565100832258065,-0.3609374839999918,ALIGNED
SCN_010,458,15.2333,TRACKING,184.0,181.0,320.0,240.0,-136.0,-59.0,-0.85,-0.36874999999999997,0.0065100832258064845,-0.007812516000008152,0.005208066580645188,-0.006250012800006522,-0.8513020166451613,-0.36718749679999835,ALIGNED
SCN_010,459,15.2667,TRACKING,184.0,180.0,320.0,240.0,-136.0,-60.0,-0.85,-0.375,0.0013020166451612747,-0.007812503200001653,0.0010416133161290197,-0.006250002560001322,-0.8502604033290322,-0.37343749935999965,ALIGNED
SCN_010,460,15.3,TRACKING,185.0,179.0,320.0,240.0,-135.0,-61.0,-0.84375,-0.38125,0.006510403329032188,-0.00781250064000033,0.005208322663225751,-0.006250000512000265,-0.8450520806658064,-0.3796874998719999,ALIGNED
SCN_010,461,15.3333,TRACKING,185.0,178.0,320.0,240.0,-135.0,-62.0,-0.84375,-0.38750000000000007,0.0013020806658063933,-0.007812500128000166,0.0010416645326451147,-0.006250000102400133,-0.8440104161331613,-0.3859374999744,ALIGNED
SCN_010,462,15.3667,TRACKING,186.0,177.0,320.0,240.0,-134.0,-63.0,-0.8375,-0.39375000000000004,0.006510416133161279,-0.007812500025600022,0.005208332906529023,-0.006250000020480018,-0.8388020832266323,-0.39218749999488006,ALIGNED
SCN_010,463,15.4,TRACKING,186.0,176.0,320.0,240.0,-134.0,-64.0,-0.8375,-0.4,0.001302083226632278,-0.00781250000511996,0.0010416665813058224,-0.006250000004095969,-0.8377604166453265,-0.39843749999897604,ALIGNED
SCN_010,464,15.4333,TRACKING,187.0,174.0,320.0,240.0,-133.0,-66.0,-0.83125,-0.41250000000000003,0.006510416645326478,-0.014062500001023992,0.005208333316261183,-0.011250000000819195,-0.8325520833290654,-0.40968749999979526,ALIGNED
SCN_010,465,15.4667,TRACKING,187.0,173.0,320.0,240.0,-133.0,-67.0,-0.83125,-0.41875,0.00130208332906534,-0.009062500000204754,0.001041666663252272,-0.007250000000163803,-0.8315104166658132,-0.41693749999995905,ALIGNED
SCN_010,466,15.5,TRACKING,188.0,172.0,320.0,240.0,-132.0,-68.0,-0.825,-0.425,0.006510416665813201,-0.00806250000004094,0.0052083333326505615,-0.0064500000000327525,-0.8263020833331626,-0.4233874999999918,ALIGNED
SCN_010,467,15.5333,TRACKING,188.0,171.0,320.0,240.0,-132.0,-69.0,-0.825,-0.43124999999999997,0.001302083333162618,-0.007862500000008155,0.0010416666665300945,-0.006290000000006524,-0.8252604166666325,-0.4296774999999983,ALIGNED
SCN_010,468,15.5667,TRACKING,189.0,170.0,320.0,240.0,-131.0,-70.0,-0.81875,-0.4375,0.006510416666632546,-0.007822500000001675,0.005208333333306037,-0.006258000000001341,-0.8200520833333265,-0.43593549999999964,ALIGNED
SCN_010,469,15.6,TRACKING,189.0,169.0,320.0,240.0,-131.0,-71.0,-0.81875,-0.44375,0.001302083333326487,-0.007814500000000335,0.0010416666666611897,-0.006251600000000268,-0.8190104166666653,-0.4421870999999999,ALIGNED
SCN_010,470,15.6333,TRACKING,190.0,168.0,320.0,240.0,-130.0,-72.0,-0.8125,-0.44999999999999996,0.006510416666665297,-0.007812900000000067,0.0052083333333322384,-0.006250320000000054,-0.813802083333333,-0.4484374199999999,ALIGNED
SCN_010,471,15.6667,TRACKING,190.0,167.0,320.0,240.0,-130.0,-73.0,-0.8125,-0.45624999999999993,0.0013020833333330373,-0.007812580000000013,0.0010416666666664299,-0.006250064000000011,-0.8127604166666667,-0.4546874839999999,ALIGNED
SCN_010,472,15.7,TRACKING,191.0,166.0,320.0,240.0,-129.0,-74.0,-0.80625,-0.4625,0.00651041666666663,-0.007812516000000103,0.005208333333333304,-0.006250012800000083,-0.8075520833333334,-0.4609374968,ALIGNED
SCN_010,473,15.7333,TRACKING,192.0,165.0,320.0,240.0,-128.0,-75.0,-0.8,-0.46875,0.007552083333333348,-0.007812503199999987,0.006041666666666679,-0.00625000255999999,-0.8015104166666667,-0.46718749936,ALIGNED
SCN_010,474,15.7667,TRACKING,192.0,164.0,320.0,240.0,-128.0,-76.0,-0.8,-0.475,0.0015104166666666252,-0.007812500639999997,0.0012083333333333002,-0.006250000511999998,-0.8003020833333334,-0.47343749987199996,ALIGNED
SCN_010,475,15.8,TRACKING,193.0,163.0,320.0,240.0,-127.0,-77.0,-0.79375,-0.48125000000000007,0.006552083333333458,-0.00781250012800011,0.005241666666666767,-0.006250000102400089,-0.7950604166666666,-0.4796874999744,ALIGNED
SCN_010,476,15.8333,TRACKING,193.0,162.0,320.0,240.0,-127.0,-78.0,-0.79375,-0.48750000000000004,0.0013104166666666472,-0.007812500025600022,0.0010483333333333178,-0.006250000020480018,-0.7940120833333333,-0.48593749999488006,ALIGNED
SCN_010,477,15.8667,TRACKING,194.0,161.0,320.0,240.0,-126.0,-79.0,-0.7875,-0.49375,0.006512083333333307,-0.00781250000511996,0.005209666666666646,-0.006250000004095969,-0.7888024166666666,-0.49218749999897604,ALIGNED
SCN_010,478,15.9,TRACKING,195.0,160.0,320.0,240.0,-125.0,-80.0,-0.78125,-0.5,0.007552416666666617,-0.007812500001023959,0.006041933333333294,-0.006250000000819167,-0.7827604833333334,-0.4984374999997952,ALIGNED
SCN_010,479,15.9333,TRACKING,195.0,159.0,320.0,240.0,-125.0,-81.0,-0.78125,-0.5062500000000001,0.0015104833333333678,-0.007812500000204892,0.0012083866666666944,-0.0062500000001639135,-0.7815520966666667,-0.5046874999999591,ALIGNED
SCN_010,480,15.9667,TRACKING,196.0,158.0,320.0,240.0,-124.0,-82.0,-0.775,-0.5125,0.0065520966666666736,-0.007812500000040856,0.005241677333333339,-0.006250000000032685,-0.7763104193333333,-0.5109374999999918,ALIGNED
SCN_010,481,16.0,TRACKING,197.0,157.0,320.0,240.0,-123.0,-83.0,-0.76875,-0.51875,0.00756041933333329,-0.007812500000008216,0.006048335466666633,-0.006250000000006573,-0.7702620838666667,-0.5171874999999984,ALIGNED
SCN_010,482,16.0333,TRACKING,197.0,156.0,320.0,240.0,-123.0,-84.0,-0.76875,-0.5249999999999999,0.0015120838666666803,-0.007812500000001554,0.0012096670933333443,-0.006250000000001244,-0.7690524167733334,-0.5234374999999996,ALIGNED
SCN_010,483,16.0667,TRACKING,198.0,155.0,320.0,240.0,-122.0,-85.0,-0.7625,-0.53125,0.006552416773333403,-0.007812500000000444,0.005241933418666723,-0.006250000000000356,-0.7638104833546666,-0.5296874999999999,ALIGNED
SCN_010,484,16.1,TRACKING,198.0,154.0,320.0,240.0,-122.0,-86.0,-0.7625,-0.5375,0.0013104833546666583,-0.007812500000000111,0.0010483866837333268,-0.006250000000000089,-0.7627620966709333,-0.5359375,ALIGNED
SCN_010,485,16.1333,TRACKING,199.0,153.0,320.0,240.0,-121.0,-87.0,-0.75625,-0.54375,0.006512096670933332,-0.0078125,0.0052096773367466655,-0.00625,-0.7575524193341866,-0.5421874999999999,ALIGNED
SCN_010,486,16.1667,TRACKING,200.0,153.0,320.0,240.0,-120.0,-87.0,-0.75,-0.54375,0.0075524193341866,-0.0015625000000000222,0.00604193546734928,-0.0012500000000000178,-0.7515104838668373,-0.5434374999999999,ALIGNED
SCN_010,487,16.2,TRACKING,201.0,152.0,320.0,240.0,-119.0,-88.0,-0.74375,-0.5499999999999999,0.007760483866837253,-0.006562500000000027,0.006208387093469803,-0.005250000000000022,-0.7453020967733675,-0.5486874999999999,ALIGNED
SCN_010,488,16.2333,TRACKING,201.0,151.0,320.0,240.0,-119.0,-89.0,-0.74375,-0.55625,0.0015520967733674285,-0.0075625000000001386,0.0012416774186939429,-0.006050000000000111,-0.7440604193546735,-0.5547375,ALIGNED
SCN_010,489,16.2667,TRACKING,202.0,150.0,320.0,240.0,-118.0,-90.0,-0.7375,-0.5625,0.006560419354673441,-0.0077625000000000055,0.005248335483738754,-0.006210000000000005,-0.7388120838709348,-0.5609475,ALIGNED
SCN_010,490,16.3,TRACKING,203.0,149.0,320.0,240.0,-117.0,-91.0,-0.73125,-0.56875,0.0075620838709348215,-0.0078024999999999345,0.006049667096747858,-0.006241999999999948,-0.732762416774187,-0.5671895,ALIGNED
SCN_010,491,16.3333,TRACKING,203.0,148.0,320.0,240.0,-117.0,-92.0,-0.73125,-0.5750000000000001,0.0015124167741870087,-0.0078105000000000535,0.001209933419349607,-0.006248400000000043,-0.7315524833548374,-0.5734379000000001,ALIGNED
SCN_010,492,16.3667,TRACKING,204.0,147.0,320.0,240.0,-116.0,-93.0,-0.725,-0.58125,0.0065524833548373795,-0.0078120999999999885,0.005241986683869904,-0.006249679999999991,-0.7263104966709675,-0.5796875800000001,ALIGNED
SCN_010,493,16.4,TRACKING,205.0,146.0,320.0,240.0,-115.0,-94.0,-0.71875,-0.5875,0.007560496670967476,-0.007812419999999931,0.006048397336773981,-0.0062499359999999456,-0.7202620993341935,-0.585937516,ALIGNED
SCN_010,494,16.4333,TRACKING,206.0,145.0,320.0,240.0,-114.0,-95.0,-0.7125,-0.59375,0.007762099334193473,-0.007812484000000008,0.006209679467354779,-0.006249987200000007,-0.7140524198668388,-0.5921875032,ALIGNED
SCN_010,495,16.4667,TRACKING,206.0,144.0,320.0,240.0,-114.0,-96.0,-0.7125,-0.6000000000000001,0.001552419866838739,-0.007812496800000068,0.0012419358934709912,-0.006249997440000055,-0.7128104839733678,-0.5984375006400001,ALIGNED
SCN_010,496,16.5,TRACKING,207.0,143.0,320.0,240.0,-113.0,-97.0,-0.70625,-0.60625,0.006560483973367726,-0.007812499359999836,0.005248387178694181,-0.006249999487999869,-0.7075620967946736,-0.604687500128,ALIGNED
SCN_010,497,16.5333,TRACKING,208.0,143.0,320.0,240.0,-112.0,-97.0,-0.7,-0.60625,0.007562096794673678,-0.0015624998719999672,0.006049677435738943,-0.0012499998975999739,-0.7015124193589347,-0.6059375000256,ALIGNED
SCN_010,498,16.5667,TRACKING,209.0,142.0,320.0,240.0,-111.0,-98.0,-0.69375,-0.6125,0.007762419358934736,-0.00656249997440006,0.006209935487147789,-0.005249999979520048,-0.695302483871787,-0.61118750000512,ALIGNED
SCN_010,499,16.6,TRACKING,209.0,141.0,320.0,240.0,-111.0,-99.0,-0.69375,-0.6187499999999999,0.0015524838717869693,-0.007562499994879901,0.0012419870974295756,-0.006049999995903921,-0.6940604967743573,-0.617237500001024,ALIGNED
SCN_010,500,16.6333,TRACKING,210.0,140.0,320.0,240.0,-110.0,-100.0,-0.6875,-0.625,0.006560496774357327,-0.007762499998976047,0.005248397419485862,-0.006209999999180838,-0.6888120993548714,-0.6234475000002048,ALIGNED
SCN_010,501,16.6667,TRACKING,211.0,139.0,320.0,240.0,-109.0,-101.0,-0.68125,-0.63125,0.007562099354871399,-0.007802499999795209,0.006049679483897119,-0.006241999999836168,-0.6827624198709743,-0.629689500000041,ALIGNED
SCN_010,502,16.7,TRACKING,212.0,138.0,320.0,240.0,-108.0,-102.0,-0.675,-0.6375,0.0077624198709742576,-0.007810499999958975,0.006209935896779407,-0.00624839999996718,-0.6765524839741949,-0.6359379000000082,ALIGNED
SCN_010,503,16.7333,TRACKING,213.0,137.0,320.0,240.0,-107.0,-103.0,-0.66875,-0.6437499999999999,0.007802483974194918,-0.007812099999991773,0.006241987179355935,-0.006249679999993419,-0.6703104967948389,-0.6421875800000015,ALIGNED
SCN_010,504,16.7667,TRACKING,213.0,137.0,320.0,240.0,-107.0,-103.0,-0.66875,-0.6437499999999999,0.0015604967948389392,-0.001562419999998399,0.0012483974358711515,-0.0012499359999987192,-0.6690620993589678,-0.6434375160000002,ALIGNED
SCN_010,505,16.8,TRACKING,214.0,136.0,320.0,240.0,-106.0,-104.0,-0.6625,-0.65,0.006562099358967788,-0.006562483999999813,0.005249679487174231,-0.005249987199999851,-0.6638124198717935,-0.6486875032,ALIGNED
SCN_010,506,16.8333,TRACKING,215.0,135.0,320.0,240.0,-105.0,-105.0,-0.65625,-0.65625,0.007562419871793513,-0.007562496799999985,0.006049935897434811,-0.006049997439999988,-0.6577624839743587,-0.65473750064,ALIGNED
SCN_010,507,16.8667,TRACKING,216.0,134.0,320.0,240.0,-104.0,-106.0,-0.65,-0.6625,0.007762483974358636,-0.0077624993599999526,0.006209987179486909,-0.006209999487999962,-0.6515524967948717,-0.660947500128,ALIGNED
SCN_010,508,16.9,TRACKING,217.0,133.0,320.0,240.0,-103.0,-107.0,-0.64375,-0.6687500000000001,0.007802496794871661,-0.0078024998720001015,0.006241997435897329,-0.006241999897600082,-0.6453104993589743,-0.6671895000256001,ALIGNED
SCN_010,509,16.9333,TRACKING,218.0,132.0,320.0,240.0,-102.0,-108.0,-0.6375,-0.675,0.0078104993589743765,-0.007810499974399976,0.006248399487179502,-0.006248399979519981,-0.6390620998717949,-0.67343790000512,ALIGNED
SCN_010,510,16.9667,TRACKING,218.0,132.0,320.0,240.0,-102.0,-108.0,-0.6375,-0.675,0.0015620998717948975,-0.0015620999948799952,0.0012496798974359182,-0.0012496799959039963,-0.6378124199743589,-0.674687580001024,ALIGNED
SCN_010,511,17.0,TRACKING,219.0,131.0,320.0,240.0,-101.0,-109.0,-0.63125,-0.68125,0.006562419974358913,-0.006562419998975999,0.005249935979487131,-0.0052499359991808,-0.6325624839948718,-0.6799375160002048,ALIGNED
SCN_010,512,17.0333,TRACKING,220.0,130.0,320.0,240.0,-100.0,-110.0,-0.625,-0.6875,0.007562483994871805,-0.0075624839997952,0.006049987195897444,-0.00604998719983616,-0.6265124967989744,-0.685987503200041,ALIGNED
SCN_010,513,17.0667,TRACKING,221.0,129.0,320.0,240.0,-99.0,-111.0,-0.61875,-0.6937500000000001,0.007762496798974339,-0.007762496799959107,0.0062099974391794715,-0.006209997439967286,-0.6203024993597949,-0.6921975006400083,ALIGNED
SCN_010,514,17.1,TRACKING,222.0,128.0,320.0,240.0,-98.0,-112.0,-0.6125,-0.7,0.007802499359794823,-0.007802499359991666,0.006241999487835859,-0.006241999487993333,-0.614060499871959,-0.6984395001280016,ALIGNED
SCN_010,515,17.1333,TRACKING,223.0,128.0,320.0,240.0,-97.0,-112.0,-0.60625,-0.7,0.007810499871959031,-0.0015604998719983554,0.006248399897567225,-0.0012483998975986845,-0.6078120999743918,-0.6996879000256003,ALIGNED
SCN_010,516,17.1667,TRACKING,224.0,127.0,320.0,240.0,-96.0,-113.0,-0.6,-0.70625,0.007812099974391806,-0.0065620999743997155,0.006249679979513445,-0.005249679979519773,-0.6015624199948784,-0.7049375800051201,ALIGNED
SCN_010,517,17.2,TRACKING,224.0,126.0,320.0,240.0,-96.0,-114.0,-0.6,-0.7124999999999999,0.0015624199948783835,-0.007562419994879832,0.0012499359959027069,-0.006049935995903866,-0.6003124839989756,-0.710987516001024,ALIGNED
SCN_010,518,17.2333,TRACKING,225.0,125.0,320.0,240.0,-95.0,-115.0,-0.59375,-0.71875,0.006562483998975632,-0.007762483998976055,0.0052499871991805065,-0.006209987199180845,-0.5950624967997952,-0.7171975032002048,ALIGNED
SCN_010,519,17.2667,TRACKING,226.0,125.0,320.0,240.0,-94.0,-115.0,-0.5875,-0.71875,0.007562496799795149,-0.0015524967997951888,0.0060499974398361194,-0.0012419974398361511,-0.589012499359959,-0.7184395006400409,ALIGNED
SCN_010,520,17.3,TRACKING,227.0,124.0,320.0,240.0,-93.0,-116.0,-0.58125,-0.725,0.007762499359958985,-0.00656049935995906,0.006209999487967188,-0.005248399487967248,-0.5828024998719918,-0.7236879001280082,ALIGNED
SCN_010,521,17.3333,TRACKING,228.0,123.0,320.0,240.0,-92.0,-117.0,-0.575,-0.73125,0.007802499871991886,-0.007562099871991745,0.006241999897593509,-0.006049679897593397,-0.5765604999743983,-0.7297375800256016,ALIGNED
SCN_010,522,17.3667,TRACKING,229.0,123.0,320.0,240.0,-91.0,-117.0,-0.56875,-0.73125,0.0078104999743983106,-0.0015124199743983269,0.0062483999795186485,-0.0012099359795186616,-0.5703120999948796,-0.7309475160051203,ALIGNED
SCN_010,523,17.4,TRACKING,230.0,122.0,320.0,240.0,-90.0,-118.0,-0.5625,-0.7374999999999999,0.00781209999487964,-0.006552483994879621,0.006249679995903712,-0.005241987195903697,-0.5640624199989759,-0.736189503201024,ALIGNED
SCN_010,524,17.4333,TRACKING,231.0,121.0,320.0,240.0,-89.0,-119.0,-0.55625,-0.74375,0.007812419998975861,-0.007560496798975969,0.0062499359991806894,-0.006048397439180776,-0.5578124839997952,-0.7422379006402048,ALIGNED
SCN_010,525,17.4667,TRACKING,232.0,120.0,320.0,240.0,-88.0,-120.0,-0.55,-0.75,0.007812483999795172,-0.007762099359795216,0.006249987199836138,-0.0062096794878361734,-0.5515624967999591,-0.7484475801280409,ALIGNED
SCN_010,526,17.5,TRACKING,233.0,120.0,320.0,240.0,-87.0,-120.0,-0.54375,-0.75,0.007812496799959101,-0.0015524198719590876,0.0062499974399672815,-0.00124193589756727,-0.5453124993599918,-0.7496895160256082,ALIGNED
SCN_010,527,17.5333,TRACKING,234.0,119.0,320.0,240.0,-86.0,-121.0,-0.5375,-0.75625,0.007812499359991842,-0.006560483974391795,0.006249999487993475,-0.005248387179513436,-0.5390624998719984,-0.7549379032051217,ALIGNED
SCN_010,528,17.5667,TRACKING,235.0,118.0,320.0,240.0,-85.0,-122.0,-0.53125,-0.7625,0.007812499871998391,-0.0075620967948782924,0.006249999897598713,-0.006049677435902634,-0.5328124999743997,-0.7609875806410243,ALIGNED
SCN_010,529,17.6,TRACKING,236.0,118.0,320.0,240.0,-84.0,-122.0,-0.525,-0.7625,0.0078124999743997,-0.001512419358975614,0.0062499999795197604,-0.0012099354871804914,-0.5265624999948799,-0.7621975161282049,ALIGNED
SCN_010,530,17.6333,TRACKING,237.0,117.0,320.0,240.0,-83.0,-123.0,-0.51875,-0.7687499999999999,0.0078124999948798735,-0.006552483871795078,0.006249999995903899,-0.005241987097436063,-0.520312499998976,-0.7674395032256409,ALIGNED
SCN_010,531,17.6667,TRACKING,238.0,116.0,320.0,240.0,-82.0,-124.0,-0.5125,-0.7750000000000001,0.007812499998976041,-0.0075604967743592155,0.0062499999991808336,-0.006048397419487372,-0.5140624999997951,-0.7734879006451283,ALIGNED
SCN_010,532,17.7,TRACKING,238.0,116.0,320.0,240.0,-82.0,-124.0,-0.5125,-0.7750000000000001,0.001562499999795186,-0.001512099354871843,0.0012499999998361489,-0.0012096794838974746,-0.512812499999959,-0.7746975801290258,ALIGNED
SCN_010,533,17.7333,TRACKING,239.0,115.0,320.0,240.0,-81.0,-125.0,-0.50625,-0.78125,0.006562499999959059,-0.006552419870974213,0.005249999999967248,-0.005241935896779371,-0.5075624999999918,-0.7799395160258051,ALIGNED
SCN_010,534,17.7667,TRACKING,240.0,114.0,320.0,240.0,-80.0,-126.0,-0.5,-0.7875000000000001,0.007562499999991812,-0.007560483974194954,0.0060499999999934495,-0.006048387179355963,-0.5015124999999984,-0.7859879032051611,ALIGNED
SCN_010,535,17.8,TRACKING,241.0,114.0,320.0,240.0,-79.0,-126.0,-0.49375,-0.7875000000000001,0.00776249999999834,-0.0015120967948389907,0.006209999999998672,-0.0012096774358711926,-0.4953024999999997,-0.7871975806410323,ALIGNED
SCN_010,536,17.8333,TRACKING,242.0,113.0,320.0,240.0,-78.0,-127.0,-0.4875,-0.79375,0.0078024999999997124,-0.006552419358967665,0.00624199999999977,-0.005241935487174132,-0.48906049999999995,-0.7924395161282064,ALIGNED
SCN_010,537,17.8667,TRACKING,243.0,113.0,320.0,240.0,-77.0,-127.0,-0.48125,-0.79375,0.0078104999999999425,-0.0013104838717935552,0.006248399999999954,-0.0010483870974348443,-0.4828121,-0.7934879032256412,ALIGNED
SCN_010,538,17.9,TRACKING,244.0,112.0,320.0,240.0,-76.0,-128.0,-0.475,-0.8,0.007812100000000044,-0.006512096774358822,0.006249680000000035,-0.005209677419487058,-0.47656242,-0.7986975806451283,ALIGNED
SCN_010,539,17.9333,TRACKING,245.0,111.0,320.0,240.0,-75.0,-129.0,-0.46875,-0.8062499999999999,0.007812419999999987,-0.007552419354871609,0.00624993599999999,-0.006041935483897288,-0.470312484,-0.8047395161290256,ALIGNED
SCN_010,540,17.9667,TRACKING,246.0,111.0,320.0,240.0,-74.0,-129.0,-0.4625,-0.8062499999999999,0.007812483999999953,-0.0015104838709742996,0.006249987199999963,-0.0012083870967794397,-0.4640624968,-0.805947903225805,ALIGNED
SCN_010,541,18.0,TRACKING,247.0,110.0,320.0,240.0,-73.0,-130.0,-0.45625,-0.8125,0.007812496800000013,-0.006552096774194993,0.006249997440000011,-0.0052416774193559945,-0.45781249936,-0.811189580645161,ALIGNED
SCN_010,542,18.0333,TRACKING,248.0,110.0,320.0,240.0,-72.0,-130.0,-0.45,-0.8125,0.0078124993600000026,-0.0013104193548389986,0.006249999488000002,-0.001048335483871199,-0.45156249987200003,-0.8122379161290322,ALIGNED
SCN_010,543,18.0667,TRACKING,250.0,109.0,320.0,240.0,-70.0,-131.0,-0.4375,-0.8187499999999999,0.014062499872000034,-0.006512083870967689,0.011249999897600027,-0.0052096670967741515,-0.44031249997440003,-0.8174475832258064,ALIGNED
SCN_010,544,18.1,TRACKING,251.0,109.0,320.0,240.0,-69.0,-131.0,-0.43125,-0.8187499999999999,0.009062499974400007,-0.0013024167741935155,0.007249999979520006,-0.0010419334193548125,-0.43306249999488,-0.8184895166451611,ALIGNED
SCN_010,545,18.1333,TRACKING,252.0,108.0,320.0,240.0,-68.0,-132.0,-0.425,-0.8250000000000001,0.008062499994880012,-0.006510483354838947,0.00644999999590401,-0.005208386683871158,-0.426612499998976,-0.8236979033290323,ALIGNED
SCN_010,546,18.1667,TRACKING,253.0,108.0,320.0,240.0,-67.0,-132.0,-0.41875,-0.8250000000000001,0.00786249999897598,-0.0013020966709678117,0.006289999999180784,-0.0010416773367742493,-0.4203224999997952,-0.8247395806658065,ALIGNED
SCN_010,547,18.2,TRACKING,254.0,107.0,320.0,240.0,-66.0,-133.0,-0.4125,-0.83125,0.00782249999979523,-0.006510419334193496,0.006257999999836184,-0.005208335467354797,-0.41406449999995903,-0.8299479161331613,ALIGNED
SCN_010,548,18.2333,TRACKING,255.0,106.0,320.0,240.0,-65.0,-134.0,-0.40625,-0.8375,0.007814499999959035,-0.007552083866838699,0.006251599999967228,-0.00604166709347096,-0.4078128999999918,-0.8359895832266323,ALIGNED
SCN_010,549,18.2667,TRACKING,256.0,106.0,320.0,240.0,-64.0,-134.0,-0.4,-0.8375,0.007812899999991796,-0.0015104167733677176,0.006250319999993437,-0.0012083334186941742,-0.4015625799999984,-0.8371979166453265,ALIGNED
SCN_010,550,18.3,TRACKING,257.0,105.0,320.0,240.0,-63.0,-135.0,-0.39375,-0.84375,0.007812579999998404,-0.006552083354673499,0.006250063999998723,-0.0052416666837388,-0.39531251599999967,-0.8424395833290653,ALIGNED
SCN_010,551,18.3333,TRACKING,258.0,105.0,320.0,240.0,-62.0,-135.0,-0.3875,-0.84375,0.007812515999999659,-0.0013104166709346776,0.006250012799999727,-0.0010483333367477421,-0.38906250319999997,-0.843487916665813,ALIGNED
SCN_010,552,18.3667,TRACKING,259.0,104.0,320.0,240.0,-61.0,-136.0,-0.38125,-0.85,0.007812503199999987,-0.006512083334186958,0.00625000255999999,-0.005209666667349566,-0.38281250064,-0.8486975833331626,ALIGNED
SCN_010,553,18.4,TRACKING,260.0,104.0,320.0,240.0,-60.0,-136.0,-0.375,-0.85,0.007812500639999997,-0.0013024166668373915,0.006250000511999998,-0.0010419333334699132,-0.376562500128,-0.8497395166666325,ALIGNED
SCN_010,554,18.4333,TRACKING,261.0,104.0,320.0,240.0,-59.0,-136.0,-0.36875,-0.85,0.007812500128,-0.0002604833333674783,0.0062500001024,-0.00020838666669398265,-0.3703125000256,-0.8499479033333265,ALIGNED
SCN_010,555,18.4667,TRACKING,262.0,103.0,320.0,240.0,-58.0,-137.0,-0.3625,-0.85625,0.007812500025600022,-0.0063020966666734735,0.006250000020480018,-0.005041677333338779,-0.36406250000511997,-0.8549895806666653,ALIGNED
SCN_010,556,18.5,TRACKING,263.0,103.0,320.0,240.0,-57.0,-137.0,-0.35625,-0.85625,0.00781250000511996,-0.0012604193333346503,0.006250000004095969,-0.0010083354666677203,-0.357812500001024,-0.855997916133333,ALIGNED
SCN_010,557,18.5333,TRACKING,264.0,102.0,320.0,240.0,-56.0,-138.0,-0.35,-0.8624999999999999,0.007812500001024014,-0.006502083866666952,0.006250000000819211,-0.005201667093333562,-0.3515625000002048,-0.8611995832266666,ALIGNED
SCN_010,558,18.5667,TRACKING,265.0,102.0,320.0,240.0,-55.0,-138.0,-0.34375,-0.8624999999999999,0.00781250000020478,-0.0013004167733333682,0.006250000000163825,-0.0010403334186666947,-0.34531250000004093,-0.8622399166453333,ALIGNED
SCN_010,559,18.6,TRACKING,266.0,101.0,320.0,240.0,-54.0,-139.0,-0.3375,-0.8687500000000001,0.007812500000040912,-0.006510083354666851,0.006250000000032729,-0.005208066683733481,-0.3390625000000082,-0.8674479833290668,ALIGNED
SCN_010,560,18.6333,TRACKING,268.0,101.0,320.0,240.0,-52.0,-139.0,-0.325,-0.8687500000000001,0.014062500000008193,-0.0013020166709333258,0.011250000000006555,-0.0010416133367466608,-0.32781250000000167,-0.8684895966658135,ALIGNED
SCN_010,561,18.6667,TRACKING,269.0,100.0,320.0,240.0,-51.0,-140.0,-0.31875,-0.875,0.009062500000001694,-0.00651040333418651,0.007250000000001356,-0.0052083226673492085,-0.3205625000000003,-0.8736979193331627,ALIGNED
SCN_010,562,18.7,TRACKING,270.0,100.0,320.0,240.0,-50.0,-140.0,-0.3125,-0.875,0.008062500000000306,-0.0013020806668373464,0.006450000000000245,-0.001041664533469877,-0.31411250000000007,-0.8747395838666325,ALIGNED
SCN_010,563,18.7333,TRACKING,271.0,100.0,320.0,240.0,-49.0,-140.0,-0.30625,-0.875,0.00786250000000005,-0.00026041613336746927,0.00629000000000004,-0.00020833290669397542,-0.30782250000000005,-0.8749479167733265,ALIGNED
SCN_010,564,18.7667,TRACKING,272.0,99.0,320.0,240.0,-48.0,-141.0,-0.3,-0.8812500000000001,0.007822500000000066,-0.006302083226673583,0.006258000000000053,-0.005041666581338866,-0.3015645,-0.8799895833546654,ALIGNED
SCN_010,565,18.8,TRACKING,273.0,99.0,320.0,240.0,-47.0,-141.0,-0.29375,-0.8812500000000001,0.007814500000000002,-0.0012604166453347165,0.006251600000000002,-0.0010083333162677732,-0.2953129,-0.8809979166709332,ALIGNED
SCN_010,566,18.8333,TRACKING,274.0,99.0,320.0,240.0,-46.0,-141.0,-0.2875,-0.8812500000000001,0.007812900000000012,-0.0002520833290668989,0.00625032000000001,-0.00020166666325351914,-0.28906257999999996,-0.8811995833341867,ALIGNED
SCN_010,567,18.8667,TRACKING,275.0,98.0,320.0,240.0,-45.0,-142.0,-0.28125,-0.8875,0.007812579999999958,-0.006300416665813269,0.006250063999999967,-0.0050403333326506155,-0.282812516,-0.8862399166668373,ALIGNED
SCN_010,568,18.9,TRACKING,276.0,98.0,320.0,240.0,-44.0,-142.0,-0.275,-0.8875,0.007812515999999992,-0.0012600833331626315,0.0062500127999999934,-0.0010080666665301054,-0.27656250320000003,-0.8872479833333674,ALIGNED
SCN_010,569,18.9333,TRACKING,277.0,97.0,320.0,240.0,-43.0,-143.0,-0.26875,-0.89375,0.007812503200000043,-0.006502016666632637,0.006250002560000034,-0.00520161333330611,-0.27031250064,-0.8924495966666736,ALIGNED
SCN_010,570,18.9667,TRACKING,279.0,97.0,320.0,240.0,-41.0,-143.0,-0.25625,-0.89375,0.01406250064000003,-0.001300403333326483,0.011250000512000025,-0.0010403226666611865,-0.259062500128,-0.8934899193333348,ALIGNED
SCN_010,571,19.0,TRACKING,280.0,97.0,320.0,240.0,-40.0,-143.0,-0.25,-0.89375,0.009062500127999973,-0.0002600806666652744,0.007250000102399979,-0.00020806453333221953,-0.2518125000256,-0.893697983866667,ALIGNED
SCN_010,572,19.0333,TRACKING,281.0,96.0,320.0,240.0,-39.0,-144.0,-0.24375,-0.8999999999999999,0.008062500025600022,-0.006302016133332922,0.006450000020480018,-0.0050416129066663375,-0.24536250000512,-0.8987395967733334,ALIGNED
SCN_010,573,19.0667,TRACKING,282.0,96.0,320.0,240.0,-38.0,-144.0,-0.2375,-0.8999999999999999,0.00786250000512001,-0.00126040322666654,0.006290000004096009,-0.001008322581333232,-0.23907250000102398,-0.8997479193546666,ALIGNED
SCN_010,574,19.1,TRACKING,283.0,96.0,320.0,240.0,-37.0,-144.0,-0.23125,-0.8999999999999999,0.007822500001023969,-0.0002520806453333302,0.006258000000819175,-0.00020166451626666416,-0.23281450000020482,-0.8999495838709333,ALIGNED
SCN_010,575,19.1333,TRACKING,284.0,96.0,320.0,240.0,-36.0,-144.0,-0.225,-0.8999999999999999,0.00781450000020481,-5.041612906664383e-05,0.0062516000001638485,-4.033290325331507e-05,-0.22656290000004098,-0.8999899167741866,ALIGNED
SCN_010,576,19.1667,TRACKING,285.0,95.0,320.0,240.0,-35.0,-145.0,-0.21875,-0.90625,0.007812900000040979,-0.006260083225813395,0.006250320000032783,-0.005008066580650717,-0.2203125800000082,-0.9049979833548373,ALIGNED
SCN_010,577,19.2,TRACKING,286.0,95.0,320.0,240.0,-34.0,-145.0,-0.2125,-0.90625,0.007812580000008201,-0.0012520166451627235,0.006250064000006561,-0.0010016133161301788,-0.21406251600000165,-0.9059995966709674,ALIGNED
SCN_010,578,19.2333,TRACKING,288.0,95.0,320.0,240.0,-32.0,-145.0,-0.2,-0.90625,0.014062516000001635,-0.0002504033290325891,0.011250012800001308,-0.0002003226632260713,-0.20281250320000033,-0.9061999193341935,ALIGNED
SCN_010,579,19.2667,TRACKING,289.0,95.0,320.0,240.0,-31.0,-145.0,-0.19375,-0.90625,0.009062503200000321,-5.008066580647341e-05,0.007250002560000257,-4.006453264517873e-05,-0.19556250064000008,-0.9062399838668387,ALIGNED
SCN_010,580,19.3,TRACKING,290.0,94.0,320.0,240.0,-30.0,-146.0,-0.1875,-0.9124999999999999,0.008062500640000081,-0.006260016133161184,0.006450000512000065,-0.0050080129065289474,-0.18911250012800002,-0.9112479967733677,ALIGNED
SCN_010,581,19.3333,TRACKING,291.0,94.0,320.0,240.0,-29.0,-146.0,-0.18125,-0.9124999999999999,0.007862500128000022,-0.0012520032266322145,0.006290000102400018,-0.0010016025813057716,-0.1828225000256,-0.9122495993546734,ALIGNED
SCN_010,582,19.3667,TRACKING,292.0,94.0,320.0,240.0,-28.0,-146.0,-0.175,-0.9124999999999999,0.007822500025600004,-0.0002504006453264429,0.006258000020480004,-0.00020032051626115433,-0.17656450000512,-0.9124499198709346,ALIGNED
SCN_010,583,19.4,TRACKING,293.0,94.0,320.0,240.0,-27.0,-146.0,-0.16875,-0.9124999999999999,0.00781450000511999,-5.008012906526638e-05,0.006251600004095992,-4.00641032522131e-05,-0.170312900001024,-0.9124899839741868,ALIGNED
SCN_010,584,19.4333,TRACKING,294.0,93.0,320.0,240.0,-26.0,-147.0,-0.1625,-0.9187500000000001,0.007812900001023998,-0.006260016025813275,0.006250320000819199,-0.00500801282065062,-0.1640625800002048,-0.9174979967948375,ALIGNED
SCN_010,585,19.4667,TRACKING,296.0,93.0,320.0,240.0,-24.0,-147.0,-0.15,-0.9187500000000001,0.0140625800002048,-0.0012520032051626107,0.01125006400016384,-0.0010016025641300887,-0.15281251600004095,-0.9184995993589675,ALIGNED
SCN_010,586,19.5,TRACKING,297.0,93.0,320.0,240.0,-23.0,-147.0,-0.14375,-0.9187500000000001,0.00906251600004096,-0.00025040064103254434,0.0072500128000327685,-0.00020032051282603547,-0.1455625032000082,-0.9186999198717936,ALIGNED
SCN_010,587,19.5333,TRACKING,298.0,93.0,320.0,240.0,-22.0,-147.0,-0.1375,-0.9187500000000001,0.008062503200008175,-5.008012820650887e-05,0.006450002560006541,-4.0064102565207095e-05,-0.13911250064000164,-0.9187399839743587,ALIGNED
SCN_010,588,19.5667,TRACKING,299.0,93.0,320.0,240.0,-21.0,-147.0,-0.13125,-0.9187500000000001,0.00786250064000163,-1.0016025641323978e-05,0.006290000512001304,-8.012820513059183e-06,-0.13282250012800034,-0.9187479967948718,ALIGNED
SCN_010,589,19.6,TRACKING,300.0,92.0,320.0,240.0,-20.0,-148.0,-0.125,-0.925,0.007822500128000343,-0.006252003205128198,0.0062580001024002746,-0.005001602564102559,-0.12656450002560007,-0.9237495993589744,ALIGNED
SCN_010,590,19.6333,TRACKING,301.0,92.0,320.0,240.0,-19.0,-148.0,-0.11875,-0.925,0.00781450002560008,-0.0012504006410256618,0.006251600020480064,-0.0010003205128205296,-0.12031290000512002,-0.9247499198717949,ALIGNED
SCN_010,591,19.6667,TRACKING,303.0,92.0,320.0,240.0,-17.0,-148.0,-0.10625,-0.925,0.014062900005120019,-0.00025008012820515457,0.011250320004096016,-0.00020006410256412366,-0.109062580001024,-0.924949983974359,ALIGNED
SCN_010,592,19.7,TRACKING,304.0,92.0,320.0,240.0,-16.0,-148.0,-0.1,-0.925,0.009062580001024001,-5.0016025641030915e-05,0.007250064000819201,-4.001282051282473e-05,-0.1018125160002048,-0.9249899967948718,ALIGNED
SCN_010,593,19.7333,TRACKING,305.0,92.0,320.0,240.0,-15.0,-148.0,-0.09375,-0.925,0.0080625160002048,-1.0003205128228387e-05,0.00645001280016384,-8.00256410258271e-06,-0.09536250320004096,-0.9249979993589744,ALIGNED
SCN_010,594,19.7667,TRACKING,306.0,92.0,320.0,240.0,-14.0,-148.0,-0.0875,-0.925,0.007862503200040963,-2.000641025623473e-06,0.00629000256003277,-1.6005128204987784e-06,-0.08907250064000818,-0.9249995998717949,ALIGNED
SCN_010,595,19.8,TRACKING,307.0,92.0,320.0,240.0,-13.0,-148.0,-0.08125,-0.925,0.007822500640008181,-4.001282051246946e-07,0.006258000512006545,-3.201025640997557e-07,-0.08281450012800164,-0.924999919974359,ALIGNED
SCN_010,596,19.8333,TRACKING,308.0,92.0,320.0,240.0,-12.0,-148.0,-0.075,-0.925,0.007814500128001639,-8.002564100273446e-08,0.006251600102401312,-6.402051280218757e-08,-0.07656290002560033,-0.9249999839948718,ALIGNED
SCN_010,597,19.8667,TRACKING,309.0,91.0,320.0,240.0,-11.0,-149.0,-0.06875,-0.93125,0.007812900025600325,-0.0062500160051282005,0.00625032002048026,-0.0050000128041025604,-0.07031258000512007,-0.9299999967989744,ALIGNED
SCN_010,598,19.9,TRACKING,311.0,91.0,320.0,240.0,-9.0,-149.0,-0.05625,-0.93125,0.01406258000512007,-0.0012500032010256401,0.011250064004096056,-0.001000002560820512,-0.05906251600102402,-0.9309999993597949,ALIGNED
SCN_010,599,19.9333,TRACKING,312.0,91.0,320.0,240.0,-8.0,-149.0,-0.05,-0.93125,0.009062516001024014,-0.0002500006402050836,0.007250012800819211,-0.0002000005121640669,-0.05181250320020481,-0.931199999871959,ALIGNED
SCN_010,600,19.9667,TRACKING,313.0,91.0,320.0,240.0,-7.0,-149.0,-0.04375,-0.93125,0.00806250320020481,-5.000012804101672e-05,0.006450002560163848,-4.000010243281338e-05,-0.04536250064004096,-0.9312399999743918,ALIGNED
SCN_010,601,20.0,TRACKING,314.0,91.0,320.0,240.0,-6.0,-149.0,-0.0375,-0.93125,0.00786250064004096,-1.0000025608247753e-05,0.006290000512032767,-8.000020486598203e-06,-0.03907250012800819,-0.9312479999948784,ALIGNED
SCN_010,602,20.0333,TRACKING,315.0,91.0,320.0,240.0,-5.0,-149.0,-0.03125,-0.93125,0.00782250012800819,-2.0000051216273462e-06,0.0062580001024065525,-1.6000040973018771e-06,-0.032814500025601635,-0.9312495999989757,ALIGNED
SCN_010,603,20.0667,TRACKING,316.0,91.0,320.0,240.0,-4.0,-149.0,-0.025,-0.93125,0.007814500025601634,-4.000010243032648e-07,0.006251600020481307,-3.2000081944261184e-07,-0.026562900005120328,-0.9312499199997951,ALIGNED
SCN_010,604,20.1,TRACKING,318.0,91.0,320.0,240.0,-2.0,-149.0,-0.0125,-0.93125,0.014062900005120327,-8.000020490506188e-08,0.011250320004096263,-6.400016392404951e-08,-0.015312580001024065,-0.9312499839999591,ALIGNED
SCN_010,605,20.1333,TRACKING,319.0,91.0,320.0,240.0,-1.0,-149.0,-0.00625,-0.93125,0.009062580001024065,-1.6000040958807915e-08,0.007250064000819252,-1.2800032767046333e-08,-0.008062516000204814,-0.9312499967999919,ALIGNED
SCN_010,606,20.1667,TRACKING,320.0,91.0,320.0,240.0,0.0,-149.0,0.0,-0.93125,0.008062516000204814,-3.200008147352662e-09,0.006450012800163852,-2.5600065178821297e-09,-0.0016125032000409625,-0.9312499993599984,ALIGNED
SCN_010,607,20.2,TRACKING,321.0,91.0,320.0,240.0,1.0,-149.0,0.00625,-0.93125,0.007862503200040963,-6.400016072660719e-10,0.00629000256003277,-5.120012858128576e-10,0.004677499359991808,-0.9312499998719997,ALIGNED
SCN_010,608,20.2333,TRACKING,322.0,91.0,320.0,240.0,2.0,-149.0,0.0125,-0.93125,0.007822500640008192,-1.280002770442934e-10,0.006258000512006554,-1.0240022163543473e-10,0.010935499871998362,-0.9312499999744,ALIGNED
SCN_010,609,20.2667,TRACKING,323.0,91.0,320.0,240.0,3.0,-149.0,0.01875,-0.93125,0.007814500128001637,-2.5600077613319172e-11,0.00625160010240131,-2.0480062090655338e-11,0.017187099974399673,-0.93124999999488,ALIGNED
SCN_010,610,20.3,TRACKING,325.0,91.0,320.0,240.0,5.0,-149.0,0.03125,-0.93125,0.014062900025600327,-5.1200155226638344e-12,0.011250320020480263,-4.096012418131067e-12,0.028437419994879934,-0.9312499999989761,ALIGNED
SCN_010,611,20.3333,TRACKING,326.0,91.0,320.0,240.0,6.0,-149.0,0.0375,-0.93125,0.009062580005120065,-1.0239586956117819e-12,0.007250064004096052,-8.191669564894256e-13,0.035687483998975984,-0.9312499999997952,ALIGNED
SCN_010,612,20.3667,TRACKING,327.0,91.0,320.0,240.0,7.0,-149.0,0.04375,-0.93125,0.008062516001024013,-2.0483614804334138e-13,0.006450012800819211,-1.638689184346731e-13,0.0421374967997952,-0.931249999999959,ALIGNED
SCN_010,613,20.4,TRACKING,328.0,91.0,320.0,240.0,8.0,-149.0,0.05,-0.93125,0.007862503200204804,-4.0967229608668276e-14,0.0062900025601638435,-3.277378368693462e-14,0.04842749935995904,-0.9312499999999918,ALIGNED
SCN_010,614,20.4333,TRACKING,329.0,91.0,320.0,240.0,9.0,-149.0,0.05625,-0.93125,0.00782250064004096,-8.215650382226158e-15,0.006258000512032769,-6.572520305780927e-15,0.05468549987199181,-0.9312499999999984,ALIGNED
SCN_010,615,20.4667,TRACKING,330.0,91.0,320.0,240.0,10.0,-149.0,0.0625,-0.93125,0.00781450012800819,-1.6653345369377348e-15,0.0062516001024065515,-1.3322676295501878e-15,0.06093709997439836,-0.9312499999999997,ALIGNED
SCN_010,616,20.5,TRACKING,332.0,91.0,320.0,240.0,12.0,-149.0,0.075,-0.93125,0.014062900025601635,-3.3306690738754696e-16,0.011250320020481309,-2.664535259100376e-16,0.07218741999487967,-0.9312499999999999,ALIGNED
SCN_010,617,20.5333,TRACKING,333.0,91.0,320.0,240.0,13.0,-149.0,0.08125,-0.93125,0.009062580005120335,-1.1102230246251565e-16,0.007250064004096269,-8.881784197001253e-17,0.07943748399897593,-0.93125,ALIGNED
SCN_010,618,20.5667,TRACKING,334.0,92.0,320.0,240.0,14.0,-148.0,0.0875,-0.925,0.008062516001024062,0.006249999999999978,0.006450012800819249,0.004999999999999983,0.08588749679979518,-0.92625,ALIGNED
SCN_010,619,20.6,TRACKING,335.0,92.0,320.0,240.0,15.0,-148.0,0.09375,-0.925,0.007862503200204818,0.0012499999999999734,0.006290002560163855,0.0009999999999999788,0.09217749935995903,-0.92525,ALIGNED
SCN_010,620,20.6333,TRACKING,336.0,92.0,320.0,240.0,16.0,-148.0,0.1,-0.925,0.007822500640040975,0.00024999999999997247,0.00625800051203278,0.00019999999999997797,0.09843549987199181,-0.92505,ALIGNED
SCN_010,621,20.6667,TRACKING,337.0,92.0,320.0,240.0,17.0,-148.0,0.10625,-0.925,0.00781450012800819,4.999999999999449e-05,0.0062516001024065515,3.99999999999956e-05,0.10468709997439836,-0.92501,ALIGNED
SCN_010,622,20.7,TRACKING,339.0,92.0,320.0,240.0,19.0,-148.0,0.11875,-0.925,0.014062900025601635,9.99999999995449e-06,0.011250320020481309,7.999999999963592e-06,0.11593741999487966,-0.925002,ALIGNED
SCN_010,623,20.7333,TRACKING,340.0,92.0,320.0,240.0,20.0,-148.0,0.125,-0.925,0.009062580005120335,1.999999999946489e-06,0.007250064004096269,1.5999999999571913e-06,0.12318748399897593,-0.9250004000000001,ALIGNED
SCN_010,624,20.7667,TRACKING,341.0,92.0,320.0,240.0,21.0,-148.0,0.13125,-0.925,0.008062516001024075,4.0000000001150227e-07,0.0064500128008192605,3.2000000000920185e-07,0.1296374967997952,-0.92500008,ALIGNED
SCN_010,625,20.8,TRACKING,342.0,92.0,320.0,240.0,22.0,-148.0,0.1375,-0.925,0.007862503200204818,7.999999995789153e-08,0.006290002560163855,6.399999996631323e-08,0.13592749935995904,-0.925000016,ALIGNED
SCN_010,626,20.8333,TRACKING,343.0,93.0,320.0,240.0,23.0,-147.0,0.14375,-0.9187500000000001,0.007822500640040947,0.006250015999999969,0.006258000512032758,0.005000012799999976,0.1421854998719918,-0.9200000032000001,ALIGNED
SCN_010,627,20.8667,TRACKING,344.0,93.0,320.0,240.0,24.0,-147.0,0.15,-0.9187500000000001,0.00781450012800819,0.001250003200000016,0.0062516001024065515,0.001000002560000013,0.14843709997439836,-0.9190000006400001,ALIGNED
SCN_010,628,20.9,TRACKING,346.0,93.0,320.0,240.0,26.0,-147.0,0.1625,-0.9187500000000001,0.014062900025601649,0.0002500006400000254,0.01125032002048132,0.00020000051200002035,0.15968741999487968,-0.9188000001280001,ALIGNED
SCN_010,629,20.9333,TRACKING,347.0,93.0,320.0,240.0,27.0,-147.0,0.16875,-0.9187500000000001,0.009062580005120335,5.000012800004949e-05,0.007250064004096269,4.0000102400039596e-05,0.16693748399897596,-0.9187600000256001,ALIGNED
SCN_010,630,20.9667,TRACKING,348.0,93.0,320.0,240.0,28.0,-147.0,0.175,-0.9187500000000001,0.008062516001024034,1.0000025600032103e-05,0.0064500128008192275,8.000020480025683e-06,0.17338749679979518,-0.91875200000512,ALIGNED
SCN_010,631,21.0,TRACKING,349.0,94.0,320.0,240.0,29.0,-146.0,0.18125,-0.9124999999999999,0.007862503200204818,0.006252000005120162,0.006290002560163855,0.00500160000409613,0.17967749935995903,-0.9137504000010239,ALIGNED
SCN_010,632,21.0333,TRACKING,350.0,94.0,320.0,240.0,30.0,-146.0,0.1875,-0.9124999999999999,0.007822500640040975,0.0012504000010240546,0.00625800051203278,0.0010003200008192436,0.18593549987199182,-0.9127500800002046,ALIGNED
SCN_010,633,21.0667,TRACKING,351.0,94.0,320.0,240.0,31.0,-146.0,0.19375,-0.9124999999999999,0.00781450012800819,0.0002500800002047665,0.0062516001024065515,0.0002000640001638132,0.19218709997439837,-0.9125500160000408,ALIGNED
SCN_010,634,21.1,TRACKING,352.0,94.0,320.0,240.0,32.0,-146.0,0.2,-0.9124999999999999,0.007812900025601643,5.00160000409533e-05,0.006250320020481315,4.001280003276264e-05,0.19843741999487968,-0.9125100032000081,ALIGNED
SCN_010,635,21.1333,TRACKING,354.0,95.0,320.0,240.0,34.0,-145.0,0.2125,-0.90625,0.014062580005120312,0.00626000320000808,0.01125006400409625,0.005008002560006464,0.20968748399897594,-0.9075020006400016,ALIGNED
SCN_010,636,21.1667,TRACKING,355.0,95.0,320.0,240.0,35.0,-145.0,0.21875,-0.90625,0.009062516001024062,0.0012520006400016381,0.0072500128008192504,0.0010016005120013105,0.21693749679979518,-0.9065004001280004,ALIGNED
SCN_010,637,21.2,TRACKING,356.0,95.0,320.0,240.0,36.0,-145.0,0.225,-0.90625,0.008062503200204824,0.00025040012800037204,0.0064500025601638596,0.00020032010240029764,0.22338749935995905,-0.9063000800256,ALIGNED
SCN_010,638,21.2333,TRACKING,357.0,95.0,320.0,240.0,37.0,-145.0,0.23125,-0.90625,0.00786250064004096,5.008002560003e-05,0.006290000512032767,4.0064020480024e-05,0.22967749987199182,-0.90626001600512,ALIGNED
SCN_010,639,21.2667,TRACKING,358.0,96.0,320.0,240.0,38.0,-144.0,0.2375,-0.8999999999999999,0.00782250012800817,0.00626001600512005,0.006258000102406536,0.005008012804096041,0.23593549997439836,-0.9012520032010239,ALIGNED
SCN_010,640,21.3,TRACKING,359.0,96.0,320.0,240.0,39.0,-144.0,0.24375,-0.8999999999999999,0.007814500025601634,0.0012520032010240323,0.006251600020481307,0.0010016025608192258,0.24218709999487967,-0.9002504006402047,ALIGNED
SCN_010,641,21.3333,TRACKING,360.0,96.0,320.0,240.0,40.0,-144.0,0.25,-0.8999999999999999,0.007812900005120332,0.00025040064020476205,0.006250320004096266,0.00020032051216380966,0.24843741999897592,-0.9000500801280409,ALIGNED
SCN_010,642,21.3667,TRACKING,361.0,97.0,320.0,240.0,41.0,-143.0,0.25625,-0.89375,0.007812580001024055,0.006300080128040841,0.0062500640008192445,0.005040064102432674,0.2546874839997952,-0.8950100160256083,ALIGNED
SCN_010,643,21.4,TRACKING,363.0,97.0,320.0,240.0,43.0,-143.0,0.26875,-0.89375,0.014062516000204806,0.0012600160256082127,0.011250012800163845,0.0010080128204865701,0.26593749679995904,-0.8940020032051217,ALIGNED
SCN_010,644,21.4333,TRACKING,364.0,97.0,320.0,240.0,44.0,-143.0,0.275,-0.89375,0.009062503200040983,0.00025200320512164254,0.007250002560032787,0.00020160256409731405,0.2731874993599918,-0.8938004006410244,ALIGNED
SCN_010,645,21.4667,TRACKING,365.0,98.0,320.0,240.0,45.0,-142.0,0.28125,-0.8875,0.008062500640008186,0.0063004006410244395,0.006450000512006549,0.005040320512819552,0.2796374998719984,-0.8887600801282048,ALIGNED
SCN_010,646,21.5,TRACKING,366.0,98.0,320.0,240.0,46.0,-142.0,0.2875,-0.8875,0.007862500128001604,0.001260080128204888,0.006290000102401283,0.0010080641025639104,0.28592749997439965,-0.8877520160256409,ALIGNED
SCN_010,647,21.5333,TRACKING,367.0,98.0,320.0,240.0,47.0,-142.0,0.29375,-0.8875,0.007822500025600365,0.0002520160256409554,0.0062580000204802925,0.0002016128205127643,0.2921854999948799,-0.8875504032051281,ALIGNED
SCN_010,648,21.5667,TRACKING,368.0,99.0,320.0,240.0,48.0,-141.0,0.3,-0.8812500000000001,0.007814500005120073,0.006300403205128036,0.006251600004096059,0.005040322564102429,0.298437099998976,-0.8825100806410257,ALIGNED
SCN_010,649,21.6,TRACKING,369.0,99.0,320.0,240.0,49.0,-141.0,0.30625,-0.8812500000000001,0.007812900001024026,0.0012600806410255627,0.006250320000819221,0.0010080645128204503,0.3046874199997952,-0.8815020161282052,ALIGNED
SCN_010,650,21.6333,TRACKING,370.0,99.0,320.0,240.0,50.0,-141.0,0.3125,-0.8812500000000001,0.007812580000204794,0.00025201612820513475,0.006250064000163836,0.0002016129025641078,0.310937483999959,-0.8813004032256411,ALIGNED
SCN_010,651,21.6667,TRACKING,371.0,100.0,320.0,240.0,51.0,-140.0,0.31875,-0.875,0.007812516000040959,0.006300403225641071,0.006250012800032768,0.005040322580512857,0.3171874967999918,-0.8762600806451282,ALIGNED
SCN_010,652,21.7,TRACKING,373.0,100.0,320.0,240.0,53.0,-140.0,0.33125,-0.875,0.01406250320000818,0.0012600806451281699,0.011250002560006545,0.0010080645161025358,0.32843749935999833,-0.8752520161290256,ALIGNED
SCN_010,653,21.7333,TRACKING,374.0,101.0,320.0,240.0,54.0,-139.0,0.3375,-0.8687500000000001,0.009062500640001692,0.006502016129025456,0.007250000512001354,0.005201612903220365,0.3356874998719997,-0.8700504032258052,ALIGNED
SCN_010,654,21.7667,TRACKING,375.0,101.0,320.0,240.0,55.0,-139.0,0.34375,-0.8687500000000001,0.008062500128000305,0.0013004032258050469,0.0064500001024002445,0.0010403225806440376,0.34213749997439996,-0.8690100806451612,ALIGNED
SCN_010,655,21.8,TRACKING,376.0,101.0,320.0,240.0,56.0,-139.0,0.35,-0.8687500000000001,0.007862500025600017,0.0002600806451610316,0.006290000020480014,0.00020806451612882527,0.34842749999488,-0.8688020161290323,ALIGNED
SCN_010,656,21.8333,TRACKING,377.0,102.0,320.0,240.0,57.0,-138.0,0.35625,-0.8624999999999999,0.007822500005120026,0.006302016129032362,0.006258000004096021,0.00504161290322589,0.35468549999897603,-0.8637604032258064,ALIGNED
SCN_010,657,21.8667,TRACKING,378.0,102.0,320.0,240.0,58.0,-138.0,0.3625,-0.8624999999999999,0.00781450000102396,0.0012604032258064501,0.006251600000819169,0.00100832258064516,0.3609370999997952,-0.8627520806451612,ALIGNED
SCN_010,658,21.9,TRACKING,379.0,103.0,320.0,240.0,59.0,-137.0,0.36875,-0.85625,0.007812900000204848,0.006502080645161223,0.006250320000163879,0.005201664516128979,0.3671874199999591,-0.8575504161290322,ALIGNED
SCN_010,659,21.9333,TRACKING,380.0,103.0,320.0,240.0,60.0,-137.0,0.375,-0.85625,0.007812580000040925,0.0013004161290322003,0.006250064000032741,0.0010403329032257602,0.3734374839999918,-0.8565100832258064,ALIGNED
SCN_010,660,21.9667,TRACKING,381.0,104.0,320.0,240.0,61.0,-136.0,0.38125,-0.85,0.007812516000008152,0.0065100832258063734,0.006250012800006522,0.005208066580645099,0.37968749679999836,-0.8513020166451613,ALIGNED
SCN_010,661,22.0,TRACKING,382.0,104.0,320.0,240.0,62.0,-136.0,0.3875,-0.85,0.007812503200001653,0.0013020166451612747,0.006250002560001322,0.0010416133161290197,0.38593749935999966,-0.8502604033290322,ALIGNED
SCN_010,662,22.0333,TRACKING,383.0,105.0,320.0,240.0,63.0,-135.0,0.39375,-0.84375,0.00781250064000033,0.006510403329032188,0.006250000512000265,0.005208322663225751,0.3921874998719999,-0.8450520806658064,ALIGNED
SCN_010,663,22.0667,TRACKING,384.0,105.0,320.0,240.0,64.0,-135.0,0.4,-0.84375,0.00781250012800011,0.0013020806658063933,0.006250000102400089,0.0010416645326451147,0.3984374999744,-0.8440104161331613,ALIGNED
SCN_010,664,22.1,TRACKING,385.0,106.0,320.0,240.0,65.0,-134.0,0.40625,-0.8375,0.007812500025600022,0.006510416133161279,0.006250000020480018,0.005208332906529023,0.40468749999488,-0.8388020832266323,ALIGNED
SCN_010,665,22.1333,TRACKING,387.0,106.0,320.0,240.0,67.0,-134.0,0.41875,-0.8375,0.014062500005119993,0.001302083226632278,0.011250000004095996,0.0010416665813058224,0.415937499998976,-0.8377604166453265,ALIGNED
SCN_010,666,22.1667,TRACKING,388.0,107.0,320.0,240.0,68.0,-133.0,0.425,-0.83125,0.009062500001023988,0.006510416645326478,0.007250000000819191,0.005208333316261183,0.4231874999997952,-0.8325520833290654,ALIGNED
SCN_010,667,22.2,TRACKING,389.0,107.0,320.0,240.0,69.0,-133.0,0.43125,-0.83125,0.008062500000204809,0.00130208332906534,0.006450000000163847,0.001041666663252272,0.42963749999995904,-0.8315104166658132,ALIGNED
SCN_010,668,22.2333,TRACKING,390.0,108.0,320.0,240.0,70.0,-132.0,0.4375,-0.8250000000000001,0.007862500000040962,0.00651041666581309,0.006290000000032769,0.005208333332650472,0.4359274999999918,-0.8263020833331627,ALIGNED
SCN_010,669,22.2667,TRACKING,391.0,108.0,320.0,240.0,71.0,-132.0,0.44375,-0.8250000000000001,0.00782250000000817,0.001302083333162618,0.006258000000006536,0.0010416666665300945,0.44218549999999834,-0.8252604166666326,ALIGNED
SCN_010,670,22.3,TRACKING,392.0,109.0,320.0,240.0,72.0,-131.0,0.45,-0.8187499999999999,0.007814500000001667,0.006510416666632768,0.006251600000001334,0.005208333333306215,0.4484370999999997,-0.8200520833333265,ALIGNED
SCN_010,671,22.3333,TRACKING,393.0,109.0,320.0,240.0,73.0,-131.0,0.45625,-0.8187499999999999,0.007812900000000289,0.001302083333326598,0.006250320000000232,0.0010416666666612784,0.45468741999999995,-0.8190104166666652,ALIGNED
SCN_010,672,22.3667,TRACKING,394.0,110.0,320.0,240.0,74.0,-130.0,0.4625,-0.8125,0.007812580000000069,0.006510416666665186,0.006250064000000055,0.005208333333332149,0.460937484,-0.813802083333333,ALIGNED
SCN_010,673,22.4,TRACKING,395.0,110.0,320.0,240.0,75.0,-130.0,0.46875,-0.8125,0.007812515999999992,0.0013020833333330373,0.0062500127999999934,0.0010416666666664299,0.4671874968,-0.8127604166666667,ALIGNED
SCN_010,674,22.4333,TRACKING,396.0,111.0,320.0,240.0,76.0,-129.0,0.475,-0.8062499999999999,0.007812503199999987,0.006510416666666741,0.00625000255999999,0.005208333333333393,0.47343749935999996,-0.8075520833333333,ALIGNED
SCN_010,675,22.4667,TRACKING,397.0,112.0,320.0,240.0,77.0,-128.0,0.48125,-0.8,0.007812500640000053,0.007552083333333237,0.0062500005120000425,0.00604166666666659,0.479687499872,-0.8015104166666667,ALIGNED
SCN_010,676,22.5,TRACKING,398.0,112.0,320.0,240.0,78.0,-128.0,0.4875,-0.8,0.007812500128,0.0015104166666666252,0.0062500001024,0.0012083333333333002,0.4859374999744,-0.8003020833333334,ALIGNED
SCN_010,677,22.5333,TRACKING,399.0,113.0,320.0,240.0,79.0,-127.0,0.49375,-0.79375,0.007812500025600022,0.006552083333333458,0.006250000020480018,0.005241666666666767,0.49218749999488004,-0.7950604166666666,ALIGNED
SCN_010,678,22.5667,TRACKING,400.0,113.0,320.0,240.0,80.0,-127.0,0.5,-0.79375,0.00781250000511996,0.0013104166666666472,0.006250000004095969,0.0010483333333333178,0.498437499998976,-0.7940120833333333,ALIGNED
SCN_010,679,22.6,TRACKING,401.0,114.0,320.0,240.0,81.0,-126.0,0.50625,-0.7875000000000001,0.007812500001023959,0.006512083333333196,0.006250000000819167,0.005209666666666557,0.5046874999997952,-0.7888024166666667,ALIGNED
SCN_010,680,22.6333,TRACKING,402.0,115.0,320.0,240.0,82.0,-125.0,0.5125,-0.78125,0.007812500000204725,0.007552416666666728,0.006250000000163781,0.006041933333333383,0.510937499999959,-0.7827604833333334,ALIGNED
SCN_010,681,22.6667,TRACKING,403.0,115.0,320.0,240.0,83.0,-125.0,0.51875,-0.78125,0.007812500000041078,0.0015104833333333678,0.006250000000032863,0.0012083866666666944,0.5171874999999918,-0.7815520966666667,ALIGNED
SCN_010,682,22.7,TRACKING,404.0,116.0,320.0,240.0,84.0,-124.0,0.525,-0.7750000000000001,0.007812500000008216,0.0065520966666665625,0.006250000000006573,0.00524167733333325,0.5234374999999983,-0.7763104193333334,ALIGNED
SCN_010,683,22.7333,TRACKING,405.0,117.0,320.0,240.0,85.0,-123.0,0.53125,-0.7687499999999999,0.007812500000001665,0.007560419333333512,0.006250000000001333,0.00604833546666681,0.5296874999999996,-0.7702620838666666,ALIGNED
SCN_010,684,22.7667,TRACKING,406.0,117.0,320.0,240.0,86.0,-123.0,0.5375,-0.7687499999999999,0.007812500000000333,0.0015120838666666803,0.006250000000000267,0.0012096670933333443,0.5359375,-0.7690524167733332,ALIGNED
SCN_010,685,22.8,TRACKING,407.0,118.0,320.0,240.0,87.0,-122.0,0.54375,-0.7625,0.0078125,0.006552416773333292,0.00625,0.005241933418666633,0.5421874999999999,-0.7638104833546666,ALIGNED
SCN_010,686,22.8333,TRACKING,408.0,119.0,320.0,240.0,88.0,-121.0,0.55,-0.75625,0.007812500000000111,0.007560483354666636,0.006250000000000089,0.006048386683733309,0.5484375,-0.7577620966709333,ALIGNED
SCN_010,687,22.8667,TRACKING,409.0,119.0,320.0,240.0,89.0,-121.0,0.55625,-0.75625,0.0078125,0.0015120966709333272,0.00625,0.001209677336746662,0.5546875,-0.7565524193341866,ALIGNED
SCN_010,688,22.9,TRACKING,409.0,120.0,320.0,240.0,89.0,-120.0,0.55625,-0.75,0.0015625000000000222,0.006552419334186599,0.0012500000000000178,0.00524193546734928,0.5559375,-0.7513104838668373,ALIGNED
SCN_010,689,22.9333,TRACKING,410.0,121.0,320.0,240.0,90.0,-119.0,0.5625,-0.74375,0.006562500000000027,0.007560483866837275,0.005250000000000022,0.006048387093469821,0.5611875,-0.7452620967733675,ALIGNED
SCN_010,690,22.9667,TRACKING,411.0,121.0,320.0,240.0,91.0,-119.0,0.56875,-0.74375,0.0075625000000000275,0.0015120967733674995,0.006050000000000022,0.0012096774186939998,0.5672375,-0.7440524193546735,ALIGNED
SCN_010,691,23.0,TRACKING,412.0,122.0,320.0,240.0,92.0,-118.0,0.575,-0.7374999999999999,0.0077625000000000055,0.006552419354673544,0.006210000000000005,0.005241935483738836,0.5734475,-0.7388104838709346,ALIGNED
SCN_010,692,23.0333,TRACKING,413.0,123.0,320.0,240.0,93.0,-117.0,0.58125,-0.73125,0.0078025000000000455,0.0075604838709346645,0.006242000000000037,0.006048387096747732,0.5796895000000001,-0.7327620967741869,ALIGNED
SCN_010,693,23.0667,TRACKING,414.0,123.0,320.0,240.0,94.0,-117.0,0.5875,-0.73125,0.0078104999999999425,0.001512096774186955,0.006248399999999954,0.0012096774193495641,0.5859379,-0.7315524193548374,ALIGNED
SCN_010,694,23.1,TRACKING,415.0,124.0,320.0,240.0,95.0,-116.0,0.59375,-0.725,0.0078120999999999885,0.006552419354837413,0.006249679999999991,0.005241935483869931,0.59218758,-0.7263104838709674,ALIGNED
SCN_010,695,23.1333,TRACKING,416.0,125.0,320.0,240.0,96.0,-115.0,0.6,-0.71875,0.007812419999999931,0.007560483870967416,0.0062499359999999456,0.006048387096773933,0.598437516,-0.7202620967741935,ALIGNED
SCN_010,696,23.1667,TRACKING,417.0,126.0,320.0,240.0,97.0,-114.0,0.60625,-0.7124999999999999,0.007812484000000008,0.007762096774193594,0.006249987200000007,0.006209677419354876,0.6046875032,-0.7140524193548387,ALIGNED
SCN_010,697,23.2,TRACKING,418.0,126.0,320.0,240.0,98.0,-114.0,0.6125,-0.7124999999999999,0.007812496800000068,0.001552419354838741,0.006249997440000055,0.001241935483870993,0.6109375006400001,-0.7128104838709677,ALIGNED
SCN_010,698,23.2333,TRACKING,419.0,127.0,320.0,240.0,99.0,-113.0,0.61875,-0.70625,0.007812499359999947,0.006560483870967637,0.006249999487999958,0.00524838709677411,0.617187500128,-0.7075620967741936,ALIGNED
SCN_010,699,23.2667,TRACKING,420.0,128.0,320.0,240.0,100.0,-112.0,0.625,-0.7,0.007812499871999945,0.007562096774193616,0.006249999897599956,0.0060496774193548935,0.6234375000256,-0.7015124193548387,ALIGNED
SCN_010,700,23.3,TRACKING,420.0,129.0,320.0,240.0,100.0,-111.0,0.625,-0.6937500000000001,0.0015624999743999446,0.007762419354838568,0.0012499999795199557,0.006209935483870855,0.62468750000512,-0.6953024838709678,ALIGNED
SCN_010,701,23.3333,TRACKING,421.0,129.0,320.0,240.0,101.0,-111.0,0.63125,-0.6937500000000001,0.006562499994880011,0.0015524838709677358,0.005249999995904009,0.0012419870967741887,0.629937500001024,-0.6940604967741937,ALIGNED
SCN_010,702,23.3667,TRACKING,422.0,130.0,320.0,240.0,102.0,-110.0,0.6375,-0.6875,0.007562499998975958,0.00656049677419368,0.006049999999180766,0.005248397419354945,0.6359875000002048,-0.6888120993548388,ALIGNED
SCN_010,703,23.4,TRACKING,423.0,131.0,320.0,240.0,103.0,-109.0,0.64375,-0.68125,0.00776249999979528,0.007562099354838758,0.006209999999836225,0.006049679483871007,0.6421975000000409,-0.6827624198709678,ALIGNED
SCN_010,704,23.4333,TRACKING,424.0,132.0,320.0,240.0,104.0,-108.0,0.65,-0.675,0.007802499999959078,0.007762419870967707,0.006241999999967263,0.006209935896774166,0.6484395000000082,-0.6765524839741935,ALIGNED
SCN_010,705,23.4667,TRACKING,425.0,133.0,320.0,240.0,105.0,-107.0,0.65625,-0.6687500000000001,0.007810499999991838,0.007802483974193475,0.006248399999993471,0.00624198717935478,0.6546879000000017,-0.6703104967948388,ALIGNED
SCN_010,706,23.5,TRACKING,426.0,133.0,320.0,240.0,106.0,-107.0,0.6625,-0.6687500000000001,0.007812099999998323,0.0015604967948387172,0.006249679999998659,0.001248397435870974,0.6609375800000004,-0.6690620993589678,ALIGNED
SCN_010,707,23.5333,TRACKING,426.0,134.0,320.0,240.0,106.0,-106.0,0.6625,-0.6625,0.0015624199999996202,0.006562099358967788,0.0012499359999996963,0.005249679487174231,0.662187516,-0.6638124198717935,ALIGNED
SCN_010,708,23.5667,TRACKING,427.0,135.0,320.0,240.0,107.0,-105.0,0.66875,-0.65625,0.006562483999999924,0.007562419871793513,0.00524998719999994,0.006049935897434811,0.6674375032,-0.6577624839743587,ALIGNED
SCN_010,709,23.6,TRACKING,428.0,136.0,320.0,240.0,108.0,-104.0,0.675,-0.65,0.007562496800000096,0.007762483974358636,0.006049997440000077,0.006209987179486909,0.6734875006400001,-0.6515524967948717,ALIGNED
SCN_010,710,23.6333,TRACKING,429.0,137.0,320.0,240.0,109.0,-103.0,0.68125,-0.6437499999999999,0.0077624993599999526,0.007802496794871772,0.006209999487999962,0.006241997435897418,0.679697500128,-0.6453104993589743,ALIGNED
SCN_010,711,23.6667,TRACKING,430.0,138.0,320.0,240.0,110.0,-102.0,0.6875,-0.6375,0.0078024998719999905,0.0078104993589743765,0.006241999897599992,0.006248399487179502,0.6859395000256,-0.6390620998717949,ALIGNED
SCN_010,712,23.7,TRACKING,430.0,138.0,320.0,240.0,110.0,-102.0,0.6875,-0.6375,0.001560499974399998,0.0015620998717948975,0.0012483999795199986,0.0012496798974359182,0.68718790000512,-0.6378124199743589,ALIGNED
SCN_010,713,23.7333,TRACKING,431.0,139.0,320.0,240.0,111.0,-101.0,0.69375,-0.63125,0.00656209999488,0.006562419974358913,0.005249679995904,0.005249935979487131,0.692437580001024,-0.6325624839948718,ALIGNED
SCN_010,714,23.7667,TRACKING,432.0,140.0,320.0,240.0,112.0,-100.0,0.7,-0.625,0.007562419998976,0.007562483994871805,0.0060499359991808,0.006049987195897444,0.6984875160002048,-0.6265124967989744,ALIGNED
SCN_010,715,23.8,TRACKING,433.0,141.0,320.0,240.0,113.0,-99.0,0.70625,-0.6187499999999999,0.007762483999795289,0.00776249679897445,0.006209987199836231,0.00620999743917956,0.704697503200041,-0.6203024993597948,ALIGNED
SCN_010,716,23.8333,TRACKING,434.0,142.0,320.0,240.0,114.0,-98.0,0.7125,-0.6125,0.0078024967999590356,0.007802499359794712,0.0062419974399672284,0.00624199948783577,0.7109395006400082,-0.614060499871959,ALIGNED
SCN_010,717,23.8667,TRACKING,434.0,143.0,320.0,240.0,114.0,-97.0,0.7125,-0.60625,0.0015604993599918071,0.007810499871959031,0.0012483994879934459,0.006248399897567225,0.7121879001280017,-0.6078120999743918,ALIGNED
SCN_010,718,23.9,TRACKING,435.0,144.0,320.0,240.0,115.0,-96.0,0.71875,-0.6000000000000001,0.006562099871998295,0.007812099974391695,0.005249679897598636,0.006249679979513357,0.7174375800256003,-0.6015624199948785,ALIGNED
SCN_010,719,23.9333,TRACKING,436.0,145.0,320.0,240.0,116.0,-95.0,0.725,-0.59375,0.007562419974399659,0.007812419994878472,0.006049935979519728,0.0062499359959027785,0.7234875160051201,-0.5953124839989757,ALIGNED
SCN_010,720,23.9667,TRACKING,437.0,145.0,320.0,240.0,117.0,-95.0,0.73125,-0.59375,0.007762483994879887,0.0015624839989757389,0.00620998719590391,0.0012499871991805912,0.729697503201024,-0.5940624967997952,ALIGNED
SCN_010,721,24.0,TRACKING,437.0,146.0,320.0,240.0,117.0,-94.0,0.73125,-0.5875,0.0015524967989759553,0.006562496799795148,0.0012419974391807643,0.005249997439836118,0.7309395006402047,-0.588812499359959,ALIGNED
SCN_010,722,24.0333,TRACKING,438.0,147.0,320.0,240.0,118.0,-93.0,0.7375,-0.58125,0.006560499359795302,0.007562499359959007,0.005248399487836242,0.006049999487967206,0.736187900128041,-0.5827624998719918,ALIGNED
SCN_010,723,24.0667,TRACKING,439.0,148.0,320.0,240.0,119.0,-92.0,0.74375,-0.5750000000000001,0.007562099871958994,0.007762499871991735,0.0060496798975671956,0.006209999897593388,0.7422375800256082,-0.5765524999743984,ALIGNED
SCN_010,724,24.1,TRACKING,440.0,149.0,320.0,240.0,120.0,-91.0,0.75,-0.56875,0.007762419974391754,0.007802499974398414,0.006209935979513404,0.0062419999795187316,0.7484475160051216,-0.5703104999948797,ALIGNED
SCN_010,725,24.1333,TRACKING,440.0,150.0,320.0,240.0,120.0,-90.0,0.75,-0.5625,0.0015524839948783953,0.007810499994879705,0.0012419871959027163,0.006248399995903764,0.7496895032010243,-0.5640620999989759,ALIGNED
SCN_010,726,24.1667,TRACKING,441.0,151.0,320.0,240.0,121.0,-89.0,0.75625,-0.55625,0.006560496798975635,0.007812099998975919,0.005248397439180508,0.006249679999180736,0.7549379006402048,-0.5578124199997953,ALIGNED
SCN_010,727,24.2,TRACKING,442.0,152.0,320.0,240.0,122.0,-88.0,0.7625,-0.5499999999999999,0.007562099359795127,0.007812419999795317,0.006049679487836102,0.006249935999836254,0.7609875801280409,-0.551562483999959,ALIGNED
SCN_010,728,24.2333,TRACKING,442.0,153.0,320.0,240.0,122.0,-87.0,0.7625,-0.54375,0.0015124198719590476,0.007812483999959041,0.001209935897567238,0.006249987199967233,0.7621975160256081,-0.5453124967999917,ALIGNED
SCN_010,729,24.2667,TRACKING,443.0,154.0,320.0,240.0,123.0,-86.0,0.76875,-0.5375,0.006552483974391898,0.007812496799991742,0.005241987179513519,0.0062499974399933935,0.7674395032051217,-0.5390624993599983,ALIGNED
SCN_010,730,24.3,TRACKING,444.0,155.0,320.0,240.0,124.0,-85.0,0.775,-0.53125,0.0075604967948783575,0.007812499359998282,0.006048397435902686,0.006249999487998626,0.7734879006410244,-0.5328124998719996,ALIGNED
SCN_010,731,24.3333,TRACKING,444.0,156.0,320.0,240.0,124.0,-84.0,0.775,-0.5249999999999999,0.0015120993589756715,0.007812499871999723,0.0012096794871805372,0.006249999897599778,0.7746975801282049,-0.5265624999743999,ALIGNED
SCN_010,732,24.3667,TRACKING,445.0,157.0,320.0,240.0,125.0,-83.0,0.78125,-0.51875,0.006552419871795112,0.007812499974399811,0.00524193589743609,0.00624999997951985,0.7799395160256409,-0.52031249999488,ALIGNED
SCN_010,733,24.4,TRACKING,446.0,158.0,320.0,240.0,126.0,-82.0,0.7875,-0.5125,0.007560483974359045,0.0078124999948800955,0.006048387179487236,0.006249999995904077,0.7859879032051281,-0.514062499998976,ALIGNED
SCN_010,734,24.4333,TRACKING,446.0,159.0,320.0,240.0,126.0,-81.0,0.7875,-0.5062500000000001,0.0015120967948718533,0.00781249999897593,0.0012096774358974828,0.006249999999180744,0.7871975806410256,-0.5078124999997953,ALIGNED
SCN_010,735,24.4667,TRACKING,447.0,160.0,320.0,240.0,127.0,-80.0,0.79375,-0.5,0.006552419358974326,0.007812499999795275,0.005241935487179461,0.00624999999983622,0.7924395161282051,-0.501562499999959,ALIGNED
SCN_010,736,24.5,TRACKING,448.0,160.0,320.0,240.0,128.0,-80.0,0.8,-0.5,0.007560483871794976,0.001562499999959055,0.006048387097435982,0.0012499999999672441,0.798487903225641,-0.5003124999999918,ALIGNED
SCN_010,737,24.5333,TRACKING,448.0,161.0,320.0,240.0,128.0,-79.0,0.8,-0.49375,0.0015120967743590397,0.006562499999991811,0.0012096774194872318,0.005249999999993449,0.7996975806451282,-0.4950624999999984,ALIGNED
SCN_010,738,24.5667,TRACKING,449.0,162.0,320.0,240.0,129.0,-78.0,0.80625,-0.48750000000000004,0.00655241935487183,0.007562499999998362,0.005241935483897464,0.00604999999999869,0.8049395161290257,-0.48901249999999974,ALIGNED
SCN_010,739,24.6,TRACKING,449.0,163.0,320.0,240.0,129.0,-77.0,0.80625,-0.48125000000000007,0.0013104838709743216,0.0077624999999996724,0.0010483870967794573,0.006209999999999738,0.8059879032258052,-0.4828025,ALIGNED
SCN_010,740,24.6333,TRACKING,450.0,164.0,320.0,240.0,130.0,-76.0,0.8125,-0.475,0.006512096774194842,0.0078025000000000455,0.005209677419355874,0.006242000000000037,0.811197580645161,-0.4765605,ALIGNED
SCN_010,741,24.6667,TRACKING,451.0,165.0,320.0,240.0,131.0,-75.0,0.81875,-0.46875,0.007552419354838968,0.007810499999999998,0.006041935483871175,0.006248399999999999,0.8172395161290322,-0.4703121,ALIGNED
SCN_010,742,24.7,TRACKING,451.0,166.0,320.0,240.0,131.0,-74.0,0.81875,-0.4625,0.0015104838709677493,0.0078120999999999885,0.0012083870967741996,0.006249679999999991,0.8184479032258064,-0.46406242000000003,ALIGNED
SCN_010,743,24.7333,TRACKING,452.0,168.0,320.0,240.0,132.0,-72.0,0.825,-0.44999999999999996,0.00655209677419355,0.014062420000000075,0.00524167741935484,0.011249936000000061,0.8236895806451613,-0.45281248399999996,ALIGNED
SCN_010,744,24.7667,TRACKING,452.0,169.0,320.0,240.0,132.0,-71.0,0.825,-0.44375,0.0013104193548386656,0.009062483999999982,0.0010483354838709325,0.007249987199999986,0.8247379161290322,-0.4455624968,ALIGNED
SCN_010,745,24.8,TRACKING,453.0,170.0,320.0,240.0,133.0,-70.0,0.83125,-0.4375,0.0065120838709678,0.008062496799999985,0.00520966709677424,0.0064499974399999885,0.8299475832258065,-0.43911249936,ALIGNED
SCN_010,746,24.8333,TRACKING,453.0,171.0,320.0,240.0,133.0,-69.0,0.83125,-0.43124999999999997,0.0013024167741935155,0.007862499360000053,0.0010419334193548125,0.006289999488000042,0.8309895166451613,-0.432822499872,ALIGNED
SCN_010,747,24.8667,TRACKING,454.0,172.0,320.0,240.0,134.0,-68.0,0.8375,-0.425,0.006510483354838725,0.00782249987200001,0.00520838668387098,0.006257999897600008,0.8361979033290323,-0.4265644999744,ALIGNED
SCN_010,748,24.9,TRACKING,455.0,173.0,320.0,240.0,135.0,-67.0,0.84375,-0.41875,0.0075520966709676784,0.00781449997439998,0.006041677336774143,0.006251599979519984,0.8422395806658065,-0.42031289999488003,ALIGNED
SCN_010,749,24.9333,TRACKING,455.0,174.0,320.0,240.0,135.0,-66.0,0.84375,-0.41250000000000003,0.0015104193341934913,0.007812899994879996,0.0012083354673547932,0.006250319995903997,0.8434479161331613,-0.41406257999897605,ALIGNED
SCN_010,750,24.9667,TRACKING,456.0,175.0,320.0,240.0,136.0,-65.0,0.85,-0.40625,0.006552083866838698,0.007812579998976055,0.005241667093470959,0.006250063999180844,0.8486895832266322,-0.40781251599979523,ALIGNED
SCN_010,751,25.0,TRACKING,456.0,176.0,320.0,240.0,136.0,-64.0,0.85,-0.4,0.0013104167733677397,0.007812515999795211,0.0010483334186941918,0.006250012799836169,0.8497379166453264,-0.40156250319995906,ALIGNED
SCN_010,752,25.0333,TRACKING,457.0,177.0,320.0,240.0,137.0,-63.0,0.85625,-0.39375000000000004,0.00651208335467357,0.00781250319995902,0.005209666683738856,0.006250002559967216,0.8549475833290653,-0.39531250063999185,ALIGNED
SCN_010,753,25.0667,TRACKING,457.0,178.0,320.0,240.0,137.0,-62.0,0.85625,-0.38750000000000007,0.0013024166709346696,0.007812500639991782,0.0010419333367477357,0.0062500005119934254,0.855989516665813,-0.3890625001279984,ALIGNED
SCN_010,754,25.1,TRACKING,458.0,179.0,320.0,240.0,138.0,-61.0,0.8625,-0.38125,0.006510483334187023,0.007812500127998445,0.005208386667349619,0.0062500001023987565,0.8611979033331626,-0.3828125000255997,ALIGNED
SCN_010,755,25.1333,TRACKING,458.0,180.0,320.0,240.0,138.0,-60.0,0.8625,-0.375,0.001302096666837449,0.007812500025599689,0.0010416773334699593,0.006250000020479752,0.8622395806666325,-0.3765625000051199,ALIGNED
SCN_010,756,25.1667,TRACKING,459.0,181.0,320.0,240.0,139.0,-59.0,0.86875,-0.36874999999999997,0.00651041933336749,0.00781250000511996,0.005208335466693992,0.006250000004095969,0.8674479161333265,-0.37031250000102395,ALIGNED
SCN_010,757,25.2,TRACKING,459.0,182.0,320.0,240.0,139.0,-58.0,0.86875,-0.3625,0.0013020838666735202,0.007812500001023959,0.001041667093338816,0.006250000000819167,0.8684895832266654,-0.3640625000002048,ALIGNED
SCN_010,758,25.2333,TRACKING,459.0,183.0,320.0,240.0,139.0,-57.0,0.86875,-0.35624999999999996,0.0002604167733346596,0.007812500000204836,0.0002083334186677277,0.006250000000163869,0.8686979166453331,-0.35781250000004095,ALIGNED
SCN_010,759,25.2667,TRACKING,460.0,184.0,320.0,240.0,140.0,-56.0,0.875,-0.35,0.006302083354666865,0.007812500000040967,0.005041666683733493,0.0062500000000327745,0.8737395833290666,-0.35156250000000816,ALIGNED
SCN_010,760,25.3,TRACKING,460.0,185.0,320.0,240.0,140.0,-55.0,0.875,-0.34375,0.0012604166709333509,0.00781250000000816,0.0010083333367466808,0.006250000000006528,0.8747479166658133,-0.34531250000000163,ALIGNED
SCN_010,761,25.3333,TRACKING,461.0,186.0,320.0,240.0,141.0,-54.0,0.88125,-0.3375,0.00650208333418667,0.00781250000000161,0.005201666667349336,0.006250000000001288,0.8799495833331626,-0.3390625000000003,ALIGNED
SCN_010,762,25.3667,TRACKING,461.0,188.0,320.0,240.0,141.0,-52.0,0.88125,-0.325,0.001300416666837334,0.01406250000000031,0.0010403333334698672,0.01125000000000025,0.8809899166666325,-0.32781250000000006,ALIGNED
SCN_010,763,25.4,TRACKING,462.0,189.0,320.0,240.0,142.0,-51.0,0.8875,-0.31875,0.006510083333367445,0.009062500000000084,0.005208066666693956,0.007250000000000068,0.8861979833333264,-0.3205625,ALIGNED
SCN_010,764,25.4333,TRACKING,462.0,190.0,320.0,240.0,142.0,-50.0,0.8875,-0.3125,0.0013020166666735111,0.008062499999999972,0.0010416133333388089,0.006449999999999978,0.8872395966666653,-0.3141125,ALIGNED
SCN_010,765,25.4667,TRACKING,462.0,191.0,320.0,240.0,142.0,-49.0,0.8875,-0.30625,0.0002604033333346578,0.007862499999999994,0.00020832266666772627,0.006289999999999996,0.887447919333333,-0.3078225,ALIGNED
SCN_010,766,25.5,TRACKING,463.0,192.0,320.0,240.0,143.0,-48.0,0.89375,-0.30000000000000004,0.006302080666667043,0.007822499999999954,0.005041664533333635,0.006257999999999964,0.8924895838666667,-0.3015645,ALIGNED
SCN_010,767,25.5333,TRACKING,463.0,193.0,320.0,240.0,143.0,-47.0,0.89375,-0.29375,0.0012604161333333863,0.007814500000000002,0.0010083329066667092,0.006251600000000002,0.8934979167733333,-0.2953129,ALIGNED
SCN_010,768,25.5667,TRACKING,463.0,194.0,320.0,240.0,143.0,-46.0,0.89375,-0.28750000000000003,0.00025208322666669947,0.007812899999999956,0.00020166658133335957,0.0062503199999999655,0.8936995833546667,-0.28906258,ALIGNED
SCN_010,769,25.6,TRACKING,464.0,195.0,320.0,240.0,144.0,-45.0,0.9,-0.28125,0.006300416645333318,0.007812580000000013,0.0050403333162666545,0.006250064000000011,0.8987399166709333,-0.282812516,ALIGNED
SCN_010,770,25.6333,TRACKING,464.0,196.0,320.0,240.0,144.0,-44.0,0.9,-0.27499999999999997,0.0012600833290666857,0.007812516000000047,0.0010080666632533487,0.006250012800000038,0.8997479833341867,-0.2765625032,ALIGNED
SCN_010,771,25.6667,TRACKING,465.0,197.0,320.0,240.0,145.0,-43.0,0.90625,-0.26875,0.006502016665813293,0.007812503199999987,0.005201613332650634,0.00625000255999999,0.9049495966668374,-0.27031250064,ALIGNED
SCN_010,772,25.7,TRACKING,465.0,199.0,320.0,240.0,145.0,-41.0,0.90625,-0.25625,0.0013004033331626141,0.01406250064000003,0.0010403226665300913,0.011250000512000025,0.9059899193333675,-0.259062500128,ALIGNED
SCN_010,773,25.7333,TRACKING,465.0,200.0,320.0,240.0,145.0,-40.0,0.90625,-0.25,0.00026008066663252283,0.009062500127999973,0.00020806453330601826,0.007250000102399979,0.9061979838666735,-0.2518125000256,ALIGNED
SCN_010,774,25.7667,TRACKING,466.0,201.0,320.0,240.0,146.0,-39.0,0.9125,-0.24375000000000002,0.006302016133326482,0.008062500025599995,0.005041612906661186,0.006450000020479996,0.9112395967733347,-0.24536250000512003,ALIGNED
SCN_010,775,25.8,TRACKING,466.0,202.0,320.0,240.0,146.0,-38.0,0.9125,-0.2375,0.0012604032266653187,0.007862500005120038,0.001008322581332255,0.00629000000409603,0.9122479193546669,-0.239072500001024,ALIGNED
SCN_010,776,25.8333,TRACKING,466.0,203.0,320.0,240.0,146.0,-37.0,0.9125,-0.23125,0.00025208064533310814,0.007822500001023996,0.00020166451626648654,0.006258000000819198,0.9124495838709333,-0.23281450000020482,ALIGNED
SCN_010,777,25.8667,TRACKING,466.0,204.0,320.0,240.0,146.0,-36.0,0.9125,-0.22499999999999998,5.041612906664383e-05,0.007814500000204838,4.033290325331507e-05,0.006251600000163871,0.9124899167741867,-0.22656290000004095,ALIGNED
SCN_010,778,25.9,TRACKING,467.0,205.0,320.0,240.0,147.0,-35.0,0.91875,-0.21875,0.006260083225813284,0.007812900000040951,0.005008066580650628,0.006250320000032761,0.9174979833548373,-0.2203125800000082,ALIGNED
SCN_010,779,25.9333,TRACKING,467.0,207.0,320.0,240.0,147.0,-33.0,0.91875,-0.20625000000000002,0.0012520166451626125,0.014062580000008179,0.00100161331613009,0.011250064000006544,0.9184995966709675,-0.20906251600000164,ALIGNED
SCN_010,780,25.9667,TRACKING,467.0,208.0,320.0,240.0,147.0,-32.0,0.91875,-0.2,0.0002504033290324781,0.00906251600000163,0.00020032266322598247,0.007250012800001305,0.9186999193341935,-0.20181250320000033,ALIGNED
SCN_010,781,26.0,TRACKING,467.0,209.0,320.0,240.0,147.0,-31.0,0.91875,-0.19375000000000003,5.008066580647341e-05,0.008062503200000293,4.006453264517873e-05,0.006450002560000234,0.9187399838668386,-0.1953625006400001,ALIGNED
SCN_010,782,26.0333,TRACKING,468.0,210.0,320.0,240.0,148.0,-30.0,0.925,-0.1875,0.006260016133161406,0.007862500640000103,0.005008012906529125,0.0062900005120000825,0.9237479967733677,-0.18907250012800003,ALIGNED
SCN_010,783,26.0667,TRACKING,468.0,211.0,320.0,240.0,148.0,-29.0,0.925,-0.18125,0.0012520032266323255,0.007822500128000037,0.0010016025813058605,0.00625800010240003,0.9247495993546736,-0.1828145000256,ALIGNED
SCN_010,784,26.1,TRACKING,468.0,212.0,320.0,240.0,148.0,-28.0,0.925,-0.175,0.0002504006453264429,0.007814500025600024,0.00020032051626115433,0.00625160002048002,0.9249499198709348,-0.17656290000511998,ALIGNED
SCN_010,785,26.1333,TRACKING,468.0,213.0,320.0,240.0,148.0,-27.0,0.925,-0.16875,5.008012906526638e-05,0.007812900005119972,4.00641032522131e-05,0.006250320004095977,0.924989983974187,-0.170312580001024,ALIGNED
SCN_010,786,26.1667,TRACKING,469.0,214.0,320.0,240.0,149.0,-26.0,0.93125,-0.1625,0.006260016025813053,0.007812580001024,0.005008012820650443,0.0062500640008192,0.9299979967948374,-0.1640625160002048,ALIGNED
SCN_010,787,26.2,TRACKING,469.0,216.0,320.0,240.0,149.0,-24.0,0.93125,-0.15000000000000002,0.0012520032051626107,0.014062516000204778,0.0010016025641300887,0.011250012800163823,0.9309995993589675,-0.15281250320004097,ALIGNED
SCN_010,788,26.2333,TRACKING,469.0,217.0,320.0,240.0,149.0,-23.0,0.93125,-0.14375000000000002,0.00025040064103254434,0.009062503200040956,0.00020032051282603547,0.007250002560032765,0.9311999198717935,-0.1455625006400082,ALIGNED
SCN_010,789,26.2667,TRACKING,469.0,218.0,320.0,240.0,149.0,-22.0,0.93125,-0.13749999999999998,5.008012820650887e-05,0.008062500640008213,4.0064102565207095e-05,0.006450000512006571,0.9312399839743587,-0.13911250012800164,ALIGNED
SCN_010,790,26.3,TRACKING,469.0,219.0,320.0,240.0,149.0,-21.0,0.93125,-0.13124999999999998,1.0016025641323978e-05,0.00786250012800166,8.012820513059183e-06,0.0062900001024013275,0.9312479967948718,-0.1328225000256003,ALIGNED
SCN_010,791,26.3333,TRACKING,470.0,220.0,320.0,240.0,150.0,-20.0,0.9375,-0.125,0.006252003205128198,0.00782250002560031,0.005001602564102559,0.006258000020480248,0.9362495993589743,-0.12656450000512007,ALIGNED
SCN_010,792,26.3667,TRACKING,470.0,221.0,320.0,240.0,150.0,-19.0,0.9375,-0.11875,0.0012504006410256618,0.007814500005120073,0.0010003205128205296,0.006251600004096059,0.9372499198717948,-0.12031290000102401,ALIGNED
SCN_010,793,26.4,TRACKING,470.0,223.0,320.0,240.0,150.0,-17.0,0.9375,-0.10625,0.00025008012820515457,0.014062900001024017,0.00020006410256412366,0.011250320000819214,0.937449983974359,-0.1090625800002048,ALIGNED
SCN_010,794,26.4333,TRACKING,470.0,224.0,320.0,240.0,150.0,-16.0,0.9375,-0.1,5.0016025641030915e-05,0.009062580000204795,4.001282051282473e-05,0.0072500640001638365,0.9374899967948718,-0.10181251600004096,ALIGNED
SCN_010,795,26.4667,TRACKING,470.0,225.0,320.0,240.0,150.0,-15.0,0.9375,-0.09375,1.0003205128228387e-05,0.008062516000040959,8.00256410258271e-06,0.006450012800032767,0.9374979993589744,-0.09536250320000819,ALIGNED
SCN_010,796,26.5,TRACKING,470.0,226.0,320.0,240.0,150.0,-14.0,0.9375,-0.0875,2.000641025623473e-06,0.007862503200008197,1.6005128204987784e-06,0.006290002560006558,0.9374995998717949,-0.08907250064000163,ALIGNED
SCN_010,797,26.5333,TRACKING,470.0,227.0,320.0,240.0,150.0,-13.0,0.9375,-0.08125,4.001282051246946e-07,0.007822500640001631,3.201025640997557e-07,0.006258000512001306,0.937499919974359,-0.08281450012800033,ALIGNED
SCN_010,798,26.5667,TRACKING,470.0,228.0,320.0,240.0,150.0,-12.0,0.9375,-0.07500000000000001,8.002564100273446e-08,0.00781450012800032,6.402051280218757e-08,0.006251600102400257,0.9374999839948718,-0.07656290002560008,ALIGNED
SCN_010,799,26.6,TRACKING,471.0,230.0,320.0,240.0,151.0,-10.0,0.94375,-0.0625,0.0062500160051282005,0.01406290002560008,0.0050000128041025604,0.011250320020480065,0.9424999967989743,-0.06531258000512001,ALIGNED
SCN_010,800,26.6333,TRACKING,471.0,231.0,320.0,240.0,151.0,-9.0,0.94375,-0.056249999999999994,0.0012500032010256401,0.009062580005120016,0.001000002560820512,0.007250064004096013,0.9434999993597949,-0.058062516001023995,ALIGNED
SCN_010,801,26.6667,TRACKING,471.0,232.0,320.0,240.0,151.0,-8.0,0.94375,-0.05,0.0002500006402050836,0.008062516001023992,0.0002000005121640669,0.006450012800819194,0.943699999871959,-0.0516125032002048,ALIGNED
SCN_010,802,26.7,TRACKING,471.0,233.0,320.0,240.0,151.0,-7.0,0.94375,-0.04375,5.000012804101672e-05,0.007862503200204804,4.000010243281338e-05,0.0062900025601638435,0.9437399999743917,-0.04532250064004096,ALIGNED
SCN_010,803,26.7333,TRACKING,471.0,234.0,320.0,240.0,151.0,-6.0,0.94375,-0.037500000000000006,1.0000025608247753e-05,0.007822500640040954,8.000020486598203e-06,0.006258000512032763,0.9437479999948784,-0.039064500128008196,ALIGNED
SCN_010,804,26.7667,TRACKING,471.0,235.0,320.0,240.0,151.0,-5.0,0.94375,-0.03125,2.0000051216273462e-06,0.007814500128008196,1.6000040973018771e-06,0.006251600102406558,0.9437495999989757,-0.03281290002560164,ALIGNED
SCN_010,805,26.8,TRACKING,471.0,237.0,320.0,240.0,151.0,-3.0,0.94375,-0.018750000000000003,4.000010243032648e-07,0.014062900025601635,3.2000081944261184e-07,0.011250320020481309,0.9437499199997951,-0.02156258000512033,ALIGNED
SCN_010,806,26.8333,TRACKING,471.0,238.0,320.0,240.0,151.0,-2.0,0.94375,-0.0125,8.000020490506188e-08,0.009062580005120328,6.400016392404951e-08,0.007250064004096263,0.943749983999959,-0.014312516001024067,ALIGNED
SCN_010,807,26.8667,TRACKING,471.0,239.0,320.0,240.0,151.0,-1.0,0.94375,-0.00625,1.6000040958807915e-08,0.008062516001024067,1.2800032767046333e-08,0.0064500128008192536,0.9437499967999918,-0.007862503200204814,ALIGNED
SCN_010,808,26.9,TRACKING,471.0,240.0,320.0,240.0,151.0,0.0,0.94375,0.0,3.200008147352662e-09,0.007862503200204814,2.5600065178821297e-09,0.006290002560163852,0.9437499993599984,-0.0015725006400409622,ALIGNED
SCN_010,809,26.9333,TRACKING,471.0,241.0,320.0,240.0,151.0,1.0,0.94375,0.00625,6.400016072660719e-10,0.007822500640040963,5.120012858128576e-10,0.00625800051203277,0.9437499998719997,0.004685499871991808,ALIGNED
SCN_010,810,26.9667,TRACKING,471.0,242.0,320.0,240.0,151.0,2.0,0.94375,0.0125,1.280002770442934e-10,0.007814500128008193,1.0240022163543473e-10,0.006251600102406555,0.9437499999743999,0.010937099974398363,ALIGNED
SCN_010,811,27.0,TRACKING,471.0,244.0,320.0,240.0,151.0,4.0,0.94375,0.025,2.5600077613319172e-11,0.014062900025601639,2.0480062090655338e-11,0.011250320020481312,0.94374999999488,0.022187419994879675,ALIGNED
SCN_010,812,27.0333,TRACKING,471.0,245.0,320.0,240.0,151.0,5.0,0.94375,0.03125,5.1200155226638344e-12,0.009062580005120325,4.096012418131067e-12,0.00725006400409626,0.943749999998976,0.029437483998975937,ALIGNED
SCN_010,813,27.0667,TRACKING,471.0,246.0,320.0,240.0,151.0,6.0,0.94375,0.037500000000000006,1.0239586956117819e-12,0.008062516001024068,8.191669564894256e-13,0.006450012800819255,0.9437499999997951,0.03588749679979519,ALIGNED
SCN_010,814,27.1,TRACKING,471.0,247.0,320.0,240.0,151.0,7.0,0.94375,0.04375,2.0483614804334138e-13,0.007862503200204804,1.638689184346731e-13,0.0062900025601638435,0.943749999999959,0.042177499359959035,ALIGNED
SCN_010,815,27.1333,TRACKING,471.0,248.0,320.0,240.0,151.0,8.0,0.94375,0.05,4.0967229608668276e-14,0.007822500640040968,3.277378368693462e-14,0.006258000512032774,0.9437499999999918,0.04843549987199181,ALIGNED
SCN_010,816,27.1667,TRACKING,471.0,249.0,320.0,240.0,151.0,9.0,0.94375,0.056249999999999994,8.215650382226158e-15,0.007814500128008182,6.572520305780927e-15,0.006251600102406546,0.9437499999999983,0.05468709997439836,ALIGNED
SCN_010,817,27.2,TRACKING,471.0,251.0,320.0,240.0,151.0,11.0,0.94375,0.06874999999999999,1.6653345369377348e-15,0.014062900025601635,1.3322676295501878e-15,0.011250320020481309,0.9437499999999996,0.06593741999487966,ALIGNED
SCN_010,818,27.2333,TRACKING,471.0,252.0,320.0,240.0,151.0,12.0,0.94375,0.07500000000000001,3.3306690738754696e-16,0.00906258000512035,2.664535259100376e-16,0.007250064004096279,0.9437499999999999,0.07318748399897594,ALIGNED
SCN_010,819,27.2667,TRACKING,471.0,253.0,320.0,240.0,151.0,13.0,0.94375,0.08125,1.1102230246251565e-16,0.008062516001024062,8.881784197001253e-17,0.006450012800819249,0.94375,0.07963749679979519,ALIGNED
SCN_010,820,27.3,TRACKING,470.0,254.0,320.0,240.0,150.0,14.0,0.9375,0.0875,-0.006249999999999978,0.007862503200204804,-0.004999999999999983,0.0062900025601638435,0.93875,0.08592749935995904,ALIGNED
SCN_010,821,27.3333,TRACKING,470.0,255.0,320.0,240.0,150.0,15.0,0.9375,0.09375,-0.0012499999999999734,0.00782250064004096,-0.0009999999999999788,0.006258000512032769,0.93775,0.0921854998719918,ALIGNED
SCN_010,822,27.3667,TRACKING,470.0,256.0,320.0,240.0,150.0,16.0,0.9375,0.1,-0.00024999999999997247,0.007814500128008203,-0.00019999999999997797,0.006251600102406563,0.93755,0.09843709997439837,ALIGNED
SCN_010,823,27.4,TRACKING,470.0,257.0,320.0,240.0,150.0,17.0,0.9375,0.10625,-4.999999999999449e-05,0.00781290002560163,-3.99999999999956e-05,0.006250320020481304,0.93751,0.10468741999487967,ALIGNED
SCN_010,824,27.4333,TRACKING,470.0,259.0,320.0,240.0,150.0,19.0,0.9375,0.11875,-9.99999999995449e-06,0.014062580005120326,-7.999999999963592e-06,0.011250064004096262,0.937502,0.11593748399897594,ALIGNED
SCN_010,825,27.4667,TRACKING,470.0,260.0,320.0,240.0,150.0,20.0,0.9375,0.125,-1.999999999946489e-06,0.009062516001024062,-1.5999999999571913e-06,0.0072500128008192504,0.9375004,0.12318749679979518,ALIGNED
SCN_010,826,27.5,TRACKING,470.0,261.0,320.0,240.0,150.0,21.0,0.9375,0.13124999999999998,-4.0000000001150227e-07,0.008062503200204796,-3.2000000000920185e-07,0.006450002560163837,0.93750008,0.12963749935995902,ALIGNED
SCN_010,827,27.5333,TRACKING,470.0,262.0,320.0,240.0,150.0,22.0,0.9375,0.13749999999999998,-7.999999995789153e-08,0.00786250064004096,-6.399999996631323e-08,0.006290000512032767,0.937500016,0.1359274998719918,ALIGNED
SCN_010,828,27.5667,TRACKING,469.0,263.0,320.0,240.0,149.0,23.0,0.93125,0.14375000000000002,-0.006250015999999969,0.007822500128008225,-0.005000012799999976,0.00625800010240658,0.9325000032,0.14218549997439836,ALIGNED
SCN_010,829,27.6,TRACKING,469.0,264.0,320.0,240.0,149.0,24.0,0.93125,0.15000000000000002,-0.001250003200000016,0.007814500025601662,-0.001000002560000013,0.00625160002048133,0.93150000064,0.1484370999948797,ALIGNED
SCN_010,830,27.6333,TRACKING,469.0,266.0,320.0,240.0,149.0,26.0,0.93125,0.1625,-0.0002500006400000254,0.01406290000512031,-0.00020000051200002035,0.011250320004096249,0.9313000001280001,0.15968741999897595,ALIGNED
SCN_010,831,27.6667,TRACKING,469.0,267.0,320.0,240.0,149.0,27.0,0.93125,0.16875,-5.000012800004949e-05,0.009062580001024056,-4.0000102400039596e-05,0.007250064000819245,0.9312600000256,0.1669374839997952,ALIGNED
SCN_010,832,27.7,TRACKING,469.0,268.0,320.0,240.0,149.0,28.0,0.93125,0.175,-1.0000025600032103e-05,0.0080625160002048,-8.000020480025683e-06,0.00645001280016384,0.93125200000512,0.17338749679995902,ALIGNED
SCN_010,833,27.7333,TRACKING,468.0,269.0,320.0,240.0,148.0,29.0,0.925,0.18125,-0.00625200000511994,0.007862503200040977,-0.005001600004095952,0.006290002560032782,0.926250400001024,0.1796774993599918,ALIGNED
SCN_010,834,27.7667,TRACKING,468.0,270.0,320.0,240.0,148.0,30.0,0.925,0.1875,-0.0012504000010239436,0.007822500640008195,-0.001000320000819155,0.006258000512006557,0.9252500800002048,0.18593549987199837,ALIGNED
SCN_010,835,27.8,TRACKING,468.0,271.0,320.0,240.0,148.0,31.0,0.925,0.19375000000000003,-0.0002500800002047665,0.007814500128001667,-0.0002000640001638132,0.0062516001024013335,0.925050016000041,0.1921870999743997,ALIGNED
SCN_010,836,27.8333,TRACKING,468.0,272.0,320.0,240.0,148.0,32.0,0.925,0.2,-5.00160000409533e-05,0.007812900025600311,-4.001280003276264e-05,0.00625032002048025,0.9250100032000083,0.19843741999487996,ALIGNED
SCN_010,837,27.8667,TRACKING,467.0,274.0,320.0,240.0,147.0,34.0,0.91875,0.2125,-0.006260003200008302,0.014062580005120034,-0.005008002560006642,0.011250064004096028,0.9200020006400016,0.209687483998976,ALIGNED
SCN_010,838,27.9,TRACKING,467.0,275.0,320.0,240.0,147.0,35.0,0.91875,0.21875,-0.0012520006400016381,0.009062516001024007,-0.0010016005120013105,0.007250012800819206,0.9190004001280003,0.2169374967997952,ALIGNED
SCN_010,839,27.9333,TRACKING,467.0,276.0,320.0,240.0,147.0,36.0,0.91875,0.22499999999999998,-0.00025040012800037204,0.008062503200204768,-0.00020032010240029764,0.0064500025601638145,0.9188000800256,0.22338749935995902,ALIGNED
SCN_010,840,27.9667,TRACKING,467.0,277.0,320.0,240.0,147.0,37.0,0.91875,0.23125,-5.008002560003e-05,0.007862500640040987,-4.0064020480024e-05,0.00629000051203279,0.9187600160051199,0.22967749987199182,ALIGNED
SCN_010,841,28.0,TRACKING,466.0,278.0,320.0,240.0,146.0,38.0,0.9125,0.2375,-0.006260016005119939,0.00782250012800817,-0.005008012804095952,0.006258000102406536,0.913752003201024,0.23593549997439836,ALIGNED
SCN_010,842,28.0333,TRACKING,466.0,279.0,320.0,240.0,146.0,39.0,0.9125,0.24375000000000002,-0.0012520032010240323,0.007814500025601662,-0.0010016025608192258,0.00625160002048133,0.9127504006402047,0.2421870999948797,ALIGNED
SCN_010,843,28.0667,TRACKING,466.0,280.0,320.0,240.0,146.0,40.0,0.9125,0.25,-0.00025040064020476205,0.007812900005120305,-0.00020032051216380966,0.006250320004096244,0.912550080128041,0.24843741999897595,ALIGNED
SCN_010,844,28.1,TRACKING,465.0,282.0,320.0,240.0,145.0,42.0,0.90625,0.26249999999999996,-0.006300080128040952,0.014062580001024005,-0.005040064102432762,0.011250064000819205,0.9075100160256082,0.25968748399979513,ALIGNED
SCN_010,845,28.1333,TRACKING,465.0,283.0,320.0,240.0,145.0,43.0,0.90625,0.26875,-0.0012600160256082127,0.009062516000204857,-0.0010080128204865701,0.007250012800163886,0.9065020032051216,0.26693749679995904,ALIGNED
SCN_010,846,28.1667,TRACKING,465.0,284.0,320.0,240.0,145.0,44.0,0.90625,0.27499999999999997,-0.00025200320512164254,0.008062503200040927,-0.00020160256409731405,0.006450002560032742,0.9063004006410244,0.2733874993599918,ALIGNED
SCN_010,847,28.2,TRACKING,464.0,285.0,320.0,240.0,144.0,45.0,0.9,0.28125,-0.0063004006410243285,0.007862500640008208,-0.005040320512819463,0.006290000512006566,0.9012600801282049,0.27967749987199836,ALIGNED
SCN_010,848,28.2333,TRACKING,464.0,286.0,320.0,240.0,144.0,46.0,0.9,0.28750000000000003,-0.001260080128204888,0.007822500128001675,-0.0010080641025639104,0.0062580001024013406,0.900252016025641,0.2859354999743997,ALIGNED
SCN_010,849,28.2667,TRACKING,464.0,287.0,320.0,240.0,144.0,47.0,0.9,0.29375,-0.0002520160256409554,0.007814500025600302,-0.0002016128205127643,0.006251600020480242,0.9000504032051282,0.29218709999487996,ALIGNED
SCN_010,850,28.3,TRACKING,463.0,288.0,320.0,240.0,143.0,48.0,0.89375,0.30000000000000004,-0.006300403205128147,0.007812900005120083,-0.005040322564102518,0.0062503200040960665,0.8950100806410257,0.29843741999897605,ALIGNED
SCN_010,851,28.3333,TRACKING,463.0,289.0,320.0,240.0,143.0,49.0,0.89375,0.30625,-0.0012600806410256737,0.007812580001023972,-0.001008064512820539,0.006250064000819178,0.8940020161282052,0.30468748399979523,ALIGNED
SCN_010,852,28.3667,TRACKING,463.0,290.0,320.0,240.0,143.0,50.0,0.89375,0.3125,-0.00025201612820513475,0.007812516000204772,-0.0002016129025641078,0.006250012800163818,0.893800403225641,0.310937496799959,ALIGNED
SCN_010,853,28.4,TRACKING,462.0,292.0,320.0,240.0,142.0,52.0,0.8875,0.325,-0.006300403225641071,0.014062503200040988,-0.005040322580512857,0.011250002560032791,0.8887600806451281,0.3221874993599918,ALIGNED
SCN_010,854,28.4333,TRACKING,462.0,293.0,320.0,240.0,142.0,53.0,0.8875,0.33125,-0.0012600806451281699,0.009062500640008186,-0.0010080645161025358,0.0072500005120065495,0.8877520161290255,0.32943749987199833,ALIGNED
SCN_010,855,28.4667,TRACKING,461.0,294.0,320.0,240.0,141.0,54.0,0.88125,0.3375,-0.006502016129025567,0.008062500128001693,-0.005201612903220455,0.006450000102401355,0.8825504032258051,0.3358874999743997,ALIGNED
SCN_010,856,28.5,TRACKING,461.0,295.0,320.0,240.0,141.0,55.0,0.88125,0.34375,-0.0013004032258051579,0.007862500025600294,-0.0010403225806441263,0.006290000020480236,0.881510080645161,0.34217749999487995,ALIGNED
SCN_010,857,28.5333,TRACKING,461.0,296.0,320.0,240.0,141.0,56.0,0.88125,0.35,-0.0002600806451610316,0.007822500005120026,-0.00020806451612882527,0.006258000004096021,0.8813020161290321,0.348435499998976,ALIGNED
SCN_010,858,28.5667,TRACKING,460.0,297.0,320.0,240.0,140.0,57.0,0.875,0.35624999999999996,-0.00630201612903214,0.00781450000102396,-0.005041612903225712,0.006251600000819169,0.8762604032258065,0.35468709999979514,ALIGNED
SCN_010,859,28.6,TRACKING,460.0,298.0,320.0,240.0,140.0,58.0,0.875,0.3625,-0.0012604032258064501,0.007812900000204848,-0.00100832258064516,0.006250320000163879,0.8752520806451612,0.36093741999995904,ALIGNED
SCN_010,860,28.6333,TRACKING,459.0,299.0,320.0,240.0,139.0,59.0,0.86875,0.36874999999999997,-0.006502080645161223,0.007812580000040925,-0.005201664516128979,0.006250064000032741,0.8700504161290322,0.3671874839999918,ALIGNED
SCN_010,861,28.6667,TRACKING,459.0,300.0,320.0,240.0,139.0,60.0,0.86875,0.375,-0.0013004161290322003,0.007812516000008207,-0.0010403329032257602,0.006250012800006566,0.8690100832258064,0.3734374967999984,ALIGNED
SCN_010,862,28.7,TRACKING,458.0,301.0,320.0,240.0,138.0,61.0,0.8625,0.38125,-0.0065100832258063734,0.007812503200001597,-0.005208066580645099,0.006250002560001278,0.8638020166451613,0.3796874993599997,ALIGNED
SCN_010,863,28.7333,TRACKING,458.0,302.0,320.0,240.0,138.0,62.0,0.8625,0.38750000000000007,-0.0013020166451612747,0.007812500640000386,-0.0010416133161290197,0.006250000512000309,0.8627604033290323,0.385937499872,ALIGNED
SCN_010,864,28.7667,TRACKING,457.0,303.0,320.0,240.0,137.0,63.0,0.85625,0.39375000000000004,-0.006510403329032299,0.007812500128000055,-0.00520832266322584,0.0062500001024000445,0.8575520806658065,0.39218749997440006,ALIGNED
SCN_010,865,28.8,TRACKING,457.0,304.0,320.0,240.0,137.0,64.0,0.85625,0.4,-0.0013020806658065043,0.007812500025599967,-0.0010416645326452034,0.006250000020479974,0.8565104161331613,0.39843749999488004,ALIGNED
SCN_010,866,28.8333,TRACKING,456.0,306.0,320.0,240.0,136.0,66.0,0.85,0.41250000000000003,-0.006510416133161279,0.014062500005119993,-0.005208332906529023,0.011250000004095996,0.8513020832266323,0.409687499998976,ALIGNED
SCN_010,867,28.8667,TRACKING,456.0,307.0,320.0,240.0,136.0,67.0,0.85,0.41875,-0.001302083226632278,0.009062500001023988,-0.0010416665813058224,0.007250000000819191,0.8502604166453265,0.41693749999979524,ALIGNED
SCN_010,868,28.9,TRACKING,455.0,308.0,320.0,240.0,135.0,68.0,0.84375,0.425,-0.006510416645326478,0.008062500000204753,-0.005208333316261183,0.006450000000163803,0.8450520833290653,0.42338749999995906,ALIGNED
SCN_010,869,28.9333,TRACKING,455.0,309.0,320.0,240.0,135.0,69.0,0.84375,0.43124999999999997,-0.00130208332906534,0.007862500000040906,-0.001041666663252272,0.006290000000032725,0.8440104166658131,0.4296774999999918,ALIGNED
SCN_010,870,28.9667,TRACKING,454.0,310.0,320.0,240.0,134.0,70.0,0.8375,0.4375,-0.00651041666581309,0.007822500000008226,-0.005208333332650472,0.006258000000006581,0.8388020833331626,0.43593549999999837,ALIGNED
SCN_010,871,29.0,TRACKING,454.0,311.0,320.0,240.0,134.0,71.0,0.8375,0.44375,-0.001302083333162618,0.007814500000001612,-0.0010416666665300945,0.00625160000000129,0.8377604166666326,0.44218709999999967,ALIGNED
SCN_010,872,29.0333,TRACKING,453.0,312.0,320.0,240.0,133.0,72.0,0.83125,0.44999999999999996,-0.006510416666632546,0.007812900000000289,-0.005208333333306037,0.006250320000000232,0.8325520833333265,0.4484374199999999,ALIGNED
SCN_010,873,29.0667,TRACKING,453.0,313.0,320.0,240.0,133.0,73.0,0.83125,0.45624999999999993,-0.001302083333326487,0.007812580000000013,-0.0010416666666611897,0.006250064000000011,0.8315104166666654,0.4546874839999999,ALIGNED
SCN_010,874,29.1,TRACKING,452.0,314.0,320.0,240.0,132.0,74.0,0.825,0.4625,-0.006510416666665408,0.007812516000000103,-0.005208333333332327,0.006250012800000083,0.826302083333333,0.4609374968,ALIGNED
SCN_010,875,29.1333,TRACKING,452.0,315.0,320.0,240.0,132.0,75.0,0.825,0.46875,-0.0013020833333330373,0.007812503199999987,-0.0010416666666664299,0.00625000255999999,0.8252604166666666,0.46718749936,ALIGNED
SCN_010,876,29.1667,TRACKING,451.0,316.0,320.0,240.0,131.0,76.0,0.81875,0.475,-0.00651041666666663,0.007812500639999997,-0.005208333333333304,0.006250000511999998,0.8200520833333333,0.47343749987199996,ALIGNED
SCN_010,877,29.2,TRACKING,450.0,317.0,320.0,240.0,130.0,77.0,0.8125,0.48125000000000007,-0.007552083333333348,0.00781250012800011,-0.006041666666666679,0.006250000102400089,0.8140104166666666,0.4796874999744,ALIGNED
SCN_010,878,29.2333,TRACKING,450.0,318.0,320.0,240.0,130.0,78.0,0.8125,0.48750000000000004,-0.0015104166666666252,0.007812500025600022,-0.0012083333333333002,0.006250000020480018,0.8128020833333334,0.48593749999488006,ALIGNED
SCN_010,879,29.2667,TRACKING,449.0,319.0,320.0,240.0,129.0,79.0,0.80625,0.49375,-0.006552083333333347,0.00781250000511996,-0.005241666666666678,0.006250000004095969,0.8075604166666667,0.49218749999897604,ALIGNED
SCN_010,880,29.3,TRACKING,449.0,320.0,320.0,240.0,129.0,80.0,0.80625,0.5,-0.0013104166666666472,0.007812500001023959,-0.0010483333333333178,0.006250000000819167,0.8065120833333334,0.4984374999997952,ALIGNED
SCN_010,881,29.3333,TRACKING,448.0,321.0,320.0,240.0,128.0,81.0,0.8,0.5062500000000001,-0.006512083333333307,0.007812500000204892,-0.005209666666666646,0.0062500000001639135,0.8013024166666667,0.5046874999999591,ALIGNED
SCN_010,882,29.3667,TRACKING,447.0,322.0,320.0,240.0,127.0,82.0,0.79375,0.5125,-0.007552416666666728,0.007812500000040856,-0.006041933333333383,0.006250000000032685,0.7952604833333333,0.5109374999999918,ALIGNED
SCN_010,883,29.4,TRACKING,447.0,323.0,320.0,240.0,127.0,83.0,0.79375,0.51875,-0.0015104833333333678,0.007812500000008216,-0.0012083866666666944,0.006250000000006573,0.7940520966666667,0.5171874999999984,ALIGNED
SCN_010,884,29.4333,TRACKING,446.0,324.0,320.0,240.0,126.0,84.0,0.7875,0.5249999999999999,-0.0065520966666666736,0.007812500000001554,-0.005241677333333339,0.006250000000001244,0.7888104193333333,0.5234374999999996,ALIGNED
SCN_010,885,29.4667,TRACKING,445.0,325.0,320.0,240.0,125.0,85.0,0.78125,0.53125,-0.00756041933333329,0.007812500000000444,-0.006048335466666633,0.006250000000000356,0.7827620838666667,0.5296874999999999,ALIGNED
SCN_010,886,29.5,TRACKING,445.0,326.0,320.0,240.0,125.0,86.0,0.78125,0.5375,-0.0015120838666666803,0.007812500000000111,-0.0012096670933333443,0.006250000000000089,0.7815524167733333,0.5359375,ALIGNED
SCN_010,887,29.5333,TRACKING,444.0,327.0,320.0,240.0,124.0,87.0,0.775,0.54375,-0.006552416773333292,0.0078125,-0.005241933418666633,0.00625,0.7763104833546667,0.5421874999999999,ALIGNED
SCN_010,888,29.5667,TRACKING,443.0,328.0,320.0,240.0,123.0,88.0,0.76875,0.5499999999999999,-0.007560483354666636,0.0078125,-0.006048386683733309,0.00625,0.7702620966709334,0.5484374999999999,ALIGNED
SCN_010,889,29.6,TRACKING,443.0,329.0,320.0,240.0,123.0,89.0,0.76875,0.55625,-0.0015120966709333272,0.007812500000000111,-0.001209677336746662,0.006250000000000089,0.7690524193341867,0.5546875,ALIGNED
SCN_010,890,29.6333,TRACKING,442.0,330.0,320.0,240.0,122.0,90.0,0.7625,0.5625,-0.00655241933418671,0.0078125,-0.005241935467349368,0.00625,0.7638104838668373,0.5609375,ALIGNED
SCN_010,891,29.6667,TRACKING,441.0,330.0,320.0,240.0,121.0,90.0,0.75625,0.5625,-0.007560483866837275,0.0015625000000000222,-0.006048387093469821,0.0012500000000000178,0.7577620967733675,0.5621875,ALIGNED
SCN_010,892,29.7,TRACKING,441.0,331.0,320.0,240.0,121.0,91.0,0.75625,0.56875,-0.0015120967733674995,0.006562500000000027,-0.0012096774186939998,0.005250000000000022,0.7565524193546734,0.5674374999999999,ALIGNED
SCN_010,893,29.7333,TRACKING,440.0,332.0,320.0,240.0,120.0,92.0,0.75,0.5750000000000001,-0.006552419354673433,0.0075625000000001386,-0.005241935483738747,0.006050000000000111,0.7513104838709347,0.5734875,ALIGNED
SCN_010,894,29.7667,TRACKING,439.0,333.0,320.0,240.0,119.0,93.0,0.74375,0.58125,-0.0075604838709346645,0.0077625000000000055,-0.006048387096747732,0.006210000000000005,0.745262096774187,0.5796975000000001,ALIGNED
SCN_010,895,29.8,TRACKING,439.0,334.0,320.0,240.0,119.0,94.0,0.74375,0.5875,-0.001512096774186955,0.0078024999999999345,-0.0012096774193495641,0.006241999999999948,0.7440524193548375,0.5859395000000001,ALIGNED
SCN_010,896,29.8333,TRACKING,438.0,335.0,320.0,240.0,118.0,95.0,0.7375,0.59375,-0.006552419354837413,0.0078104999999999425,-0.005241935483869931,0.006248399999999954,0.7388104838709675,0.5921879,ALIGNED
SCN_010,897,29.8667,TRACKING,437.0,336.0,320.0,240.0,117.0,96.0,0.73125,0.6000000000000001,-0.007560483870967527,0.0078121000000000995,-0.006048387096774022,0.00624968000000008,0.7327620967741935,0.59843758,ALIGNED
SCN_010,898,29.9,TRACKING,436.0,337.0,320.0,240.0,116.0,97.0,0.725,0.60625,-0.007762096774193483,0.007812419999999931,-0.006209677419354787,0.0062499359999999456,0.7265524193548387,0.6046875159999999,ALIGNED
SCN_010,899,29.9333,TRACKING,436.0,338.0,320.0,240.0,116.0,98.0,0.725,0.6125,-0.001552419354838741,0.0078124840000001194,-0.001241935483870993,0.006249987200000096,0.7253104838709677,0.6109375032000001,ALIGNED
SCN_010,900,29.9667,TRACKING,435.0,339.0,320.0,240.0,115.0,99.0,0.71875,0.6187499999999999,-0.006560483870967748,0.007812496799999846,-0.005248387096774199,0.006249997439999877,0.7200620967741935,0.6171875006399999,ALIGNED
