scenario_id,frame_id,timestamp,target_id,target_role,gt_x,gt_y,gt_width,gt_height,gt_center_x,gt_center_y,visible,motion_type,target_speed
SCN_012,1,0.0,TGT_001,COMMUNICATION_TARGET,445,235,10,10,450.0,240.0,True,circular,30.0
SCN_012,1,0.0,TGT_002,DECOY_TARGET,105,235,10,10,110.0,240.0,True,straight_line,20.0
SCN_012,1,0.0,TGT_003,DECOY_TARGET,436,216,9,9,440.5,220.5,True,random,18.0
SCN_012,2,0.0333,TGT_001,COMMUNICATION_TARGET,445,236,10,10,450.0,241.0,True,circular,30.0
SCN_012,2,0.0333,TGT_002,DECOY_TARGET,106,235,10,10,111.0,240.0,True,straight_line,20.0
SCN_012,2,0.0333,TGT_003,DECOY_TARGET,436,216,9,9,440.5,220.5,True,random,18.0
SCN_012,3,0.0667,TGT_001,COMMUNICATION_TARGET,445,237,10,10,450.0,242.0,True,circular,30.0
SCN_012,3,0.0667,TGT_002,DECOY_TARGET,106,235,10,10,111.0,240.0,True,straight_line,20.0
SCN_012,3,0.0667,TGT_003,DECOY_TARGET,436,216,9,9,440.5,220.5,True,random,18.0
SCN_012,4,0.1,TGT_001,COMMUNICATION_TARGET,445,238,10,10,450.0,243.0,True,circular,30.0
SCN_012,4,0.1,TGT_002,DECOY_TARGET,107,235,10,10,112.0,240.0,True,straight_line,20.0
SCN_012,4,0.1,TGT_003,DECOY_TARGET,436,216,9,9,440.5,220.5,True,random,18.0
SCN_012,5,0.1333,TGT_001,COMMUNICATION_TARGET,445,239,10,10,450.0,244.0,True,circular,30.0
SCN_012,5,0.1333,TGT_002,DECOY_TARGET,108,235,10,10,113.0,240.0,True,straight_line,20.0
SCN_012,5,0.1333,TGT_003,DECOY_TARGET,436,216,9,9,440.5,220.5,True,random,18.0
SCN_012,6,0.1667,TGT_001,COMMUNICATION_TARGET,445,240,10,10,450.0,245.0,True,circular,30.0
SCN_012,6,0.1667,TGT_002,DECOY_TARGET,108,235,10,10,113.0,240.0,True,straight_line,20.0
SCN_012,6,0.1667,TGT_003,DECOY_TARGET,436,216,9,9,440.5,220.5,True,random,18.0
SCN_012,7,0.2,TGT_001,COMMUNICATION_TARGET,445,241,10,10,450.0,246.0,True,circular,30.0
SCN_012,7,0.2,TGT_002,DECOY_TARGET,109,235,10,10,114.0,240.0,True,straight_line,20.0
SCN_012,7,0.2,TGT_003,DECOY_TARGET,436,216,9,9,440.5,220.5,True,random,18.0
SCN_012,8,0.2333,TGT_001,COMMUNICATION_TARGET,445,242,10,10,450.0,247.0,True,circular,30.0
SCN_012,8,0.2333,TGT_002,DECOY_TARGET,110,235,10,10,115.0,240.0,True,straight_line,20.0
SCN_012,8,0.2333,TGT_003,DECOY_TARGET,436,216,9,9,440.5,220.5,True,random,18.0
SCN_012,9,0.2667,TGT_001,COMMUNICATION_TARGET,445,243,10,10,450.0,248.0,True,circular,30.0
SCN_012,9,0.2667,TGT_002,DECOY_TARGET,110,235,10,10,115.0,240.0,True,straight_line,20.0
SCN_012,9,0.2667,TGT_003,DECOY_TARGET,436,216,9,9,440.5,220.5,True,random,18.0
SCN_012,10,0.3,TGT_001,COMMUNICATION_TARGET,445,244,10,10,450.0,249.0,True,circular,30.0
SCN_012,10,0.3,TGT_002,DECOY_TARGET,111,236,10,10,116.0,241.0,True,straight_line,20.0
SCN_012,10,0.3,TGT_003,DECOY_TARGET,436,216,9,9,440.5,220.5,True,random,18.0
SCN_012,11,0.3333,TGT_001,COMMUNICATION_TARGET,445,245,10,10,450.0,250.0,True,circular,30.0
SCN_012,11,0.3333,TGT_002,DECOY_TARGET,112,236,10,10,117.0,241.0,True,straight_line,20.0
SCN_012,11,0.3333,TGT_003,DECOY_TARGET,436,216,9,9,440.5,220.5,True,random,18.0
SCN_012,12,0.3667,TGT_001,COMMUNICATION_TARGET,445,246,10,10,450.0,251.0,True,circular,30.0
SCN_012,12,0.3667,TGT_002,DECOY_TARGET,112,236,10,10,117.0,241.0,True,straight_line,20.0
SCN_012,12,0.3667,TGT_003,DECOY_TARGET,436,216,9,9,440.5,220.5,True,random,18.0
SCN_012,13,0.4,TGT_001,COMMUNICATION_TARGET,444,247,10,10,449.0,252.0,True,circular,30.0
SCN_012,13,0.4,TGT_002,DECOY_TARGET,113,236,10,10,118.0,241.0,True,straight_line,20.0
SCN_012,13,0.4,TGT_003,DECOY_TARGET,436,216,9,9,440.5,220.5,True,random,18.0
SCN_012,14,0.4333,TGT_001,COMMUNICATION_TARGET,444,248,10,10,449.0,253.0,True,circular,30.0
SCN_012,14,0.4333,TGT_002,DECOY_TARGET,114,236,10,10,119.0,241.0,True,straight_line,20.0
SCN_012,14,0.4333,TGT_003,DECOY_TARGET,436,216,9,9,440.5,220.5,True,random,18.0
SCN_012,15,0.4667,TGT_001,COMMUNICATION_TARGET,444,249,10,10,449.0,254.0,True,circular,30.0
SCN_012,15,0.4667,TGT_002,DECOY_TARGET,114,236,10,10,119.0,241.0,True,straight_line,20.0
SCN_012,15,0.4667,TGT_003,DECOY_TARGET,437,216,9,9,441.5,220.5,True,random,18.0
SCN_012,16,0.5,TGT_001,COMMUNICATION_TARGET,444,250,10,10,449.0,255.0,True,circular,30.0
SCN_012,16,0.5,TGT_002,DECOY_TARGET,115,236,10,10,120.0,241.0,True,straight_line,20.0
SCN_012,16,0.5,TGT_003,DECOY_TARGET,437,216,9,9,441.5,220.5,True,random,18.0
SCN_012,17,0.5333,TGT_001,COMMUNICATION_TARGET,444,251,10,10,449.0,256.0,True,circular,30.0
SCN_012,17,0.5333,TGT_002,DECOY_TARGET,116,236,10,10,121.0,241.0,True,straight_line,20.0
SCN_012,17,0.5333,TGT_003,DECOY_TARGET,437,216,9,9,441.5,220.5,True,random,18.0
SCN_012,18,0.5667,TGT_001,COMMUNICATION_TARGET,444,252,10,10,449.0,257.0,True,circular,30.0
SCN_012,18,0.5667,TGT_002,DECOY_TARGET,116,236,10,10,121.0,241.0,True,straight_line,20.0
SCN_012,18,0.5667,TGT_003,DECOY_TARGET,437,216,9,9,441.5,220.5,True,random,18.0
SCN_012,19,0.6,TGT_001,COMMUNICATION_TARGET,444,253,10,10,449.0,258.0,True,circular,30.0
SCN_012,19,0.6,TGT_002,DECOY_TARGET,117,236,10,10,122.0,241.0,True,straight_line,20.0
SCN_012,19,0.6,TGT_003,DECOY_TARGET,437,216,9,9,441.5,220.5,True,random,18.0
SCN_012,20,0.6333,TGT_001,COMMUNICATION_TARGET,444,254,10,10,449.0,259.0,True,circular,30.0
SCN_012,20,0.6333,TGT_002,DECOY_TARGET,118,236,10,10,123.0,241.0,True,straight_line,20.0
SCN_012,20,0.6333,TGT_003,DECOY_TARGET,437,217,9,9,441.5,221.5,True,random,18.0
SCN_012,21,0.6667,TGT_001,COMMUNICATION_TARGET,443,255,10,10,448.0,260.0,True,circular,30.0
SCN_012,21,0.6667,TGT_002,DECOY_TARGET,118,236,10,10,123.0,241.0,True,straight_line,20.0
SCN_012,21,0.6667,TGT_003,DECOY_TARGET,437,217,9,9,441.5,221.5,True,random,18.0
SCN_012,22,0.7,TGT_001,COMMUNICATION_TARGET,443,256,10,10,448.0,261.0,True,circular,30.0
SCN_012,22,0.7,TGT_002,DECOY_TARGET,119,236,10,10,124.0,241.0,True,straight_line,20.0
SCN_012,22,0.7,TGT_003,DECOY_TARGET,437,217,9,9,441.5,221.5,True,random,18.0
SCN_012,23,0.7333,TGT_001,COMMUNICATION_TARGET,443,257,10,10,448.0,262.0,True,circular,30.0
SCN_012,23,0.7333,TGT_002,DECOY_TARGET,120,236,10,10,125.0,241.0,True,straight_line,20.0
SCN_012,23,0.7333,TGT_003,DECOY_TARGET,437,217,9,9,441.5,221.5,True,random,18.0
SCN_012,24,0.7667,TGT_001,COMMUNICATION_TARGET,443,258,10,10,448.0,263.0,True,circular,30.0
SCN_012,24,0.7667,TGT_002,DECOY_TARGET,120,236,10,10,125.0,241.0,True,straight_line,20.0
SCN_012,24,0.7667,TGT_003,DECOY_TARGET,437,217,9,9,441.5,221.5,True,random,18.0
SCN_012,25,0.8,TGT_001,COMMUNICATION_TARGET,443,259,10,10,448.0,264.0,True,circular,30.0
SCN_012,25,0.8,TGT_002,DECOY_TARGET,121,236,10,10,126.0,241.0,True,straight_line,20.0
SCN_012,25,0.8,TGT_003,DECOY_TARGET,437,217,9,9,441.5,221.5,True,random,18.0
SCN_012,26,0.8333,TGT_001,COMMUNICATION_TARGET,443,260,10,10,448.0,265.0,True,circular,30.0
SCN_012,26,0.8333,TGT_002,DECOY_TARGET,122,236,10,10,127.0,241.0,True,straight_line,20.0
SCN_012,26,0.8333,TGT_003,DECOY_TARGET,437,217,9,9,441.5,221.5,True,random,18.0
SCN_012,27,0.8667,TGT_001,COMMUNICATION_TARGET,442,261,10,10,447.0,266.0,True,circular,30.0
SCN_012,27,0.8667,TGT_002,DECOY_TARGET,122,237,10,10,127.0,242.0,True,straight_line,20.0
SCN_012,27,0.8667,TGT_003,DECOY_TARGET,437,217,9,9,441.5,221.5,True,random,18.0
SCN_012,28,0.9,TGT_001,COMMUNICATION_TARGET,442,262,10,10,447.0,267.0,True,circular,30.0
SCN_012,28,0.9,TGT_002,DECOY_TARGET,123,237,10,10,128.0,242.0,True,straight_line,20.0
SCN_012,28,0.9,TGT_003,DECOY_TARGET,437,217,9,9,441.5,221.5,True,random,18.0
SCN_012,29,0.9333,TGT_001,COMMUNICATION_TARGET,442,263,10,10,447.0,268.0,True,circular,30.0
SCN_012,29,0.9333,TGT_002,DECOY_TARGET,124,237,10,10,129.0,242.0,True,straight_line,20.0
SCN_012,29,0.9333,TGT_003,DECOY_TARGET,437,217,9,9,441.5,221.5,True,random,18.0
SCN_012,30,0.9667,TGT_001,COMMUNICATION_TARGET,442,264,10,10,447.0,269.0,True,circular,30.0
SCN_012,30,0.9667,TGT_002,DECOY_TARGET,124,237,10,10,129.0,242.0,True,straight_line,20.0
SCN_012,30,0.9667,TGT_003,DECOY_TARGET,437,217,9,9,441.5,221.5,True,random,18.0
SCN_012,31,1.0,TGT_001,COMMUNICATION_TARGET,442,265,10,10,447.0,270.0,True,circular,30.0
SCN_012,31,1.0,TGT_002,DECOY_TARGET,125,237,10,10,130.0,242.0,True,straight_line,20.0
SCN_012,31,1.0,TGT_003,DECOY_TARGET,437,217,9,9,441.5,221.5,True,random,18.0
SCN_012,32,1.0333,TGT_001,COMMUNICATION_TARGET,441,266,10,10,446.0,271.0,True,circular,30.0
SCN_012,32,1.0333,TGT_002,DECOY_TARGET,126,237,10,10,131.0,242.0,True,straight_line,20.0
SCN_012,32,1.0333,TGT_003,DECOY_TARGET,437,217,9,9,441.5,221.5,True,random,18.0
SCN_012,33,1.0667,TGT_001,COMMUNICATION_TARGET,441,267,10,10,446.0,272.0,True,circular,30.0
SCN_012,33,1.0667,TGT_002,DECOY_TARGET,126,237,10,10,131.0,242.0,True,straight_line,20.0
SCN_012,33,1.0667,TGT_003,DECOY_TARGET,437,217,9,9,441.5,221.5,True,random,18.0
SCN_012,34,1.1,TGT_001,COMMUNICATION_TARGET,441,268,10,10,446.0,273.0,True,circular,30.0
SCN_012,34,1.1,TGT_002,DECOY_TARGET,127,237,10,10,132.0,242.0,True,straight_line,20.0
SCN_012,34,1.1,TGT_003,DECOY_TARGET,437,217,9,9,441.5,221.5,True,random,18.0
SCN_012,35,1.1333,TGT_001,COMMUNICATION_TARGET,441,269,10,10,446.0,274.0,True,circular,30.0
SCN_012,35,1.1333,TGT_002,DECOY_TARGET,128,237,10,10,133.0,242.0,True,straight_line,20.0
SCN_012,35,1.1333,TGT_003,DECOY_TARGET,437,217,9,9,441.5,221.5,True,random,18.0
SCN_012,36,1.1667,TGT_001,COMMUNICATION_TARGET,440,270,10,10,445.0,275.0,True,circular,30.0
SCN_012,36,1.1667,TGT_002,DECOY_TARGET,128,237,10,10,133.0,242.0,True,straight_line,20.0
SCN_012,36,1.1667,TGT_003,DECOY_TARGET,437,216,9,9,441.5,220.5,True,random,18.0
SCN_012,37,1.2,TGT_001,COMMUNICATION_TARGET,440,271,10,10,445.0,276.0,True,circular,30.0
SCN_012,37,1.2,TGT_002,DECOY_TARGET,129,237,10,10,134.0,242.0,True,straight_line,20.0
SCN_012,37,1.2,TGT_003,DECOY_TARGET,437,216,9,9,441.5,220.5,True,random,18.0
SCN_012,38,1.2333,TGT_001,COMMUNICATION_TARGET,440,272,10,10,445.0,277.0,True,circular,30.0
SCN_012,38,1.2333,TGT_002,DECOY_TARGET,130,237,10,10,135.0,242.0,True,straight_line,20.0
SCN_012,38,1.2333,TGT_003,DECOY_TARGET,437,216,9,9,441.5,220.5,True,random,18.0
SCN_012,39,1.2667,TGT_001,COMMUNICATION_TARGET,439,272,10,10,444.0,277.0,True,circular,30.0
SCN_012,39,1.2667,TGT_002,DECOY_TARGET,130,237,10,10,135.0,242.0,True,straight_line,20.0
SCN_012,39,1.2667,TGT_003,DECOY_TARGET,437,216,9,9,441.5,220.5,True,random,18.0
SCN_012,40,1.3,TGT_001,COMMUNICATION_TARGET,439,273,10,10,444.0,278.0,True,circular,30.0
SCN_012,40,1.3,TGT_002,DECOY_TARGET,131,237,10,10,136.0,242.0,True,straight_line,20.0
SCN_012,40,1.3,TGT_003,DECOY_TARGET,437,216,9,9,441.5,220.5,True,random,18.0
SCN_012,41,1.3333,TGT_001,COMMUNICATION_TARGET,439,274,10,10,444.0,279.0,True,circular,30.0
SCN_012,41,1.3333,TGT_002,DECOY_TARGET,132,237,10,10,137.0,242.0,True,straight_line,20.0
SCN_012,41,1.3333,TGT_003,DECOY_TARGET,437,216,9,9,441.5,220.5,True,random,18.0
SCN_012,42,1.3667,TGT_001,COMMUNICATION_TARGET,439,275,10,10,444.0,280.0,True,circular,30.0
SCN_012,42,1.3667,TGT_002,DECOY_TARGET,132,237,10,10,137.0,242.0,True,straight_line,20.0
SCN_012,42,1.3667,TGT_003,DECOY_TARGET,437,216,9,9,441.5,220.5,True,random,18.0
SCN_012,43,1.4,TGT_001,COMMUNICATION_TARGET,438,276,10,10,443.0,281.0,True,circular,30.0
SCN_012,43,1.4,TGT_002,DECOY_TARGET,133,237,10,10,138.0,242.0,True,straight_line,20.0
SCN_012,43,1.4,TGT_003,DECOY_TARGET,437,216,9,9,441.5,220.5,True,random,18.0
SCN_012,44,1.4333,TGT_001,COMMUNICATION_TARGET,438,277,10,10,443.0,282.0,True,circular,30.0
SCN_012,44,1.4333,TGT_002,DECOY_TARGET,134,237,10,10,139.0,242.0,True,straight_line,20.0
SCN_012,44,1.4333,TGT_003,DECOY_TARGET,437,216,9,9,441.5,220.5,True,random,18.0
SCN_012,45,1.4667,TGT_001,COMMUNICATION_TARGET,438,278,10,10,443.0,283.0,True,circular,30.0
SCN_012,45,1.4667,TGT_002,DECOY_TARGET,134,238,10,10,139.0,243.0,True,straight_line,20.0
SCN_012,45,1.4667,TGT_003,DECOY_TARGET,437,216,9,9,441.5,220.5,True,random,18.0
SCN_012,46,1.5,TGT_001,COMMUNICATION_TARGET,437,279,10,10,442.0,284.0,True,circular,30.0
SCN_012,46,1.5,TGT_002,DECOY_TARGET,135,238,10,10,140.0,243.0,True,straight_line,20.0
SCN_012,46,1.5,TGT_003,DECOY_TARGET,437,216,9,9,441.5,220.5,True,random,18.0
SCN_012,47,1.5333,TGT_001,COMMUNICATION_TARGET,437,280,10,10,442.0,285.0,True,circular,30.0
SCN_012,47,1.5333,TGT_002,DECOY_TARGET,136,238,10,10,141.0,243.0,True,straight_line,20.0
SCN_012,47,1.5333,TGT_003,DECOY_TARGET,437,216,9,9,441.5,220.5,True,random,18.0
SCN_012,48,1.5667,TGT_001,COMMUNICATION_TARGET,437,281,10,10,442.0,286.0,True,circular,30.0
SCN_012,48,1.5667,TGT_002,DECOY_TARGET,136,238,10,10,141.0,243.0,True,straight_line,20.0
SCN_012,48,1.5667,TGT_003,DECOY_TARGET,437,216,9,9,441.5,220.5,True,random,18.0
SCN_012,49,1.6,TGT_001,COMMUNICATION_TARGET,436,282,10,10,441.0,287.0,True,circular,30.0
SCN_012,49,1.6,TGT_002,DECOY_TARGET,137,238,10,10,142.0,243.0,True,straight_line,20.0
SCN_012,49,1.6,TGT_003,DECOY_TARGET,437,216,9,9,441.5,220.5,True,random,18.0
SCN_012,50,1.6333,TGT_001,COMMUNICATION_TARGET,436,283,10,10,441.0,288.0,True,circular,30.0
SCN_012,50,1.6333,TGT_002,DECOY_TARGET,138,238,10,10,143.0,243.0,True,straight_line,20.0
SCN_012,50,1.6333,TGT_003,DECOY_TARGET,436,216,9,9,440.5,220.5,True,random,18.0
SCN_012,51,1.6667,TGT_001,COMMUNICATION_TARGET,436,284,10,10,441.0,289.0,True,circular,30.0
SCN_012,51,1.6667,TGT_002,DECOY_TARGET,138,238,10,10,143.0,243.0,True,straight_line,20.0
SCN_012,51,1.6667,TGT_003,DECOY_TARGET,436,216,9,9,440.5,220.5,True,random,18.0
SCN_012,52,1.7,TGT_001,COMMUNICATION_TARGET,435,285,10,10,440.0,290.0,True,circular,30.0
SCN_012,52,1.7,TGT_002,DECOY_TARGET,139,238,10,10,144.0,243.0,True,straight_line,20.0
SCN_012,52,1.7,TGT_003,DECOY_TARGET,436,216,9,9,440.5,220.5,True,random,18.0
SCN_012,53,1.7333,TGT_001,COMMUNICATION_TARGET,435,286,10,10,440.0,291.0,True,circular,30.0
SCN_012,53,1.7333,TGT_002,DECOY_TARGET,140,238,10,10,145.0,243.0,True,straight_line,20.0
SCN_012,53,1.7333,TGT_003,DECOY_TARGET,436,216,9,9,440.5,220.5,True,random,18.0
SCN_012,54,1.7667,TGT_001,COMMUNICATION_TARGET,434,287,10,10,439.0,292.0,True,circular,30.0
SCN_012,54,1.7667,TGT_002,DECOY_TARGET,140,238,10,10,145.0,243.0,True,straight_line,20.0
SCN_012,54,1.7667,TGT_003,DECOY_TARGET,436,216,9,9,440.5,220.5,True,random,18.0
SCN_012,55,1.8,TGT_001,COMMUNICATION_TARGET,434,287,10,10,439.0,292.0,True,circular,30.0
SCN_012,55,1.8,TGT_002,DECOY_TARGET,141,238,10,10,146.0,243.0,True,straight_line,20.0
SCN_012,55,1.8,TGT_003,DECOY_TARGET,436,216,9,9,440.5,220.5,True,random,18.0
SCN_012,56,1.8333,TGT_001,COMMUNICATION_TARGET,434,288,10,10,439.0,293.0,True,circular,30.0
SCN_012,56,1.8333,TGT_002,DECOY_TARGET,142,238,10,10,147.0,243.0,True,straight_line,20.0
SCN_012,56,1.8333,TGT_003,DECOY_TARGET,436,216,9,9,440.5,220.5,True,random,18.0
SCN_012,57,1.8667,TGT_001,COMMUNICATION_TARGET,433,289,10,10,438.0,294.0,True,circular,30.0
SCN_012,57,1.8667,TGT_002,DECOY_TARGET,142,238,10,10,147.0,243.0,True,straight_line,20.0
SCN_012,57,1.8667,TGT_003,DECOY_TARGET,436,216,9,9,440.5,220.5,True,random,18.0
SCN_012,58,1.9,TGT_001,COMMUNICATION_TARGET,433,290,10,10,438.0,295.0,True,circular,30.0
SCN_012,58,1.9,TGT_002,DECOY_TARGET,143,238,10,10,148.0,243.0,True,straight_line,20.0
SCN_012,58,1.9,TGT_003,DECOY_TARGET,436,216,9,9,440.5,220.5,True,random,18.0
SCN_012,59,1.9333,TGT_001,COMMUNICATION_TARGET,432,291,10,10,437.0,296.0,True,circular,30.0
SCN_012,59,1.9333,TGT_002,DECOY_TARGET,144,238,10,10,149.0,243.0,True,straight_line,20.0
SCN_012,59,1.9333,TGT_003,DECOY_TARGET,436,216,9,9,440.5,220.5,True,random,18.0
SCN_012,60,1.9667,TGT_001,COMMUNICATION_TARGET,432,292,10,10,437.0,297.0,True,circular,30.0
SCN_012,60,1.9667,TGT_002,DECOY_TARGET,144,238,10,10,149.0,243.0,True,straight_line,20.0
SCN_012,60,1.9667,TGT_003,DECOY_TARGET,436,216,9,9,440.5,220.5,True,random,18.0
SCN_012,61,2.0,TGT_001,COMMUNICATION_TARGET,431,293,10,10,436.0,298.0,True,circular,30.0
SCN_012,61,2.0,TGT_002,DECOY_TARGET,145,238,10,10,150.0,243.0,True,straight_line,20.0
SCN_012,61,2.0,TGT_003,DECOY_TARGET,436,216,9,9,440.5,220.5,True,random,18.0
SCN_012,62,2.0333,TGT_001,COMMUNICATION_TARGET,431,294,10,10,436.0,299.0,True,circular,30.0
SCN_012,62,2.0333,TGT_002,DECOY_TARGET,146,239,10,10,151.0,244.0,True,straight_line,20.0
SCN_012,62,2.0333,TGT_003,DECOY_TARGET,436,216,9,9,440.5,220.5,True,random,18.0
SCN_012,63,2.0667,TGT_001,COMMUNICATION_TARGET,430,295,10,10,435.0,300.0,True,circular,30.0
SCN_012,63,2.0667,TGT_002,DECOY_TARGET,146,239,10,10,151.0,244.0,True,straight_line,20.0
SCN_012,63,2.0667,TGT_003,DECOY_TARGET,436,216,9,9,440.5,220.5,True,random,18.0
SCN_012,64,2.1,TGT_001,COMMUNICATION_TARGET,430,296,10,10,435.0,301.0,True,circular,30.0
SCN_012,64,2.1,TGT_002,DECOY_TARGET,147,239,10,10,152.0,244.0,True,straight_line,20.0
SCN_012,64,2.1,TGT_003,DECOY_TARGET,436,216,9,9,440.5,220.5,True,random,18.0
SCN_012,65,2.1333,TGT_001,COMMUNICATION_TARGET,430,296,10,10,435.0,301.0,True,circular,30.0
SCN_012,65,2.1333,TGT_002,DECOY_TARGET,148,239,10,10,153.0,244.0,True,straight_line,20.0
SCN_012,65,2.1333,TGT_003,DECOY_TARGET,436,216,9,9,440.5,220.5,True,random,18.0
SCN_012,66,2.1667,TGT_001,COMMUNICATION_TARGET,429,297,10,10,434.0,302.0,True,circular,30.0
SCN_012,66,2.1667,TGT_002,DECOY_TARGET,148,239,10,10,153.0,244.0,True,straight_line,20.0
SCN_012,66,2.1667,TGT_003,DECOY_TARGET,436,216,9,9,440.5,220.5,True,random,18.0
SCN_012,67,2.2,TGT_001,COMMUNICATION_TARGET,429,298,10,10,434.0,303.0,True,circular,30.0
SCN_012,67,2.2,TGT_002,DECOY_TARGET,149,239,10,10,154.0,244.0,True,straight_line,20.0
SCN_012,67,2.2,TGT_003,DECOY_TARGET,436,216,9,9,440.5,220.5,True,random,18.0
SCN_012,68,2.2333,TGT_001,COMMUNICATION_TARGET,428,299,10,10,433.0,304.0,True,circular,30.0
SCN_012,68,2.2333,TGT_002,DECOY_TARGET,149,239,10,10,154.0,244.0,True,straight_line,20.0
SCN_012,68,2.2333,TGT_003,DECOY_TARGET,436,216,9,9,440.5,220.5,True,random,18.0
SCN_012,69,2.2667,TGT_001,COMMUNICATION_TARGET,428,300,10,10,433.0,305.0,True,circular,30.0
SCN_012,69,2.2667,TGT_002,DECOY_TARGET,150,239,10,10,155.0,244.0,True,straight_line,20.0
SCN_012,69,2.2667,TGT_003,DECOY_TARGET,436,216,9,9,440.5,220.5,True,random,18.0
SCN_012,70,2.3,TGT_001,COMMUNICATION_TARGET,427,301,10,10,432.0,306.0,True,circular,30.0
SCN_012,70,2.3,TGT_002,DECOY_TARGET,151,239,10,10,156.0,244.0,True,straight_line,20.0
SCN_012,70,2.3,TGT_003,DECOY_TARGET,436,216,9,9,440.5,220.5,True,random,18.0
SCN_012,71,2.3333,TGT_001,COMMUNICATION_TARGET,427,302,10,10,432.0,307.0,True,circular,30.0
SCN_012,71,2.3333,TGT_002,DECOY_TARGET,151,239,10,10,156.0,244.0,True,straight_line,20.0
SCN_012,71,2.3333,TGT_003,DECOY_TARGET,436,216,9,9,440.5,220.5,True,random,18.0
SCN_012,72,2.3667,TGT_001,COMMUNICATION_TARGET,426,303,10,10,431.0,308.0,True,circular,30.0
SCN_012,72,2.3667,TGT_002,DECOY_TARGET,152,239,10,10,157.0,244.0,True,straight_line,20.0
SCN_012,72,2.3667,TGT_003,DECOY_TARGET,436,216,9,9,440.5,220.5,True,random,18.0
SCN_012,73,2.4,TGT_001,COMMUNICATION_TARGET,426,303,10,10,431.0,308.0,True,circular,30.0
SCN_012,73,2.4,TGT_002,DECOY_TARGET,153,239,10,10,158.0,244.0,True,straight_line,20.0
SCN_012,73,2.4,TGT_003,DECOY_TARGET,436,216,9,9,440.5,220.5,True,random,18.0
SCN_012,74,2.4333,TGT_001,COMMUNICATION_TARGET,425,304,10,10,430.0,309.0,True,circular,30.0
SCN_012,74,2.4333,TGT_002,DECOY_TARGET,153,239,10,10,158.0,244.0,True,straight_line,20.0
SCN_012,74,2.4333,TGT_003,DECOY_TARGET,436,216,9,9,440.5,220.5,True,random,18.0
SCN_012,75,2.4667,TGT_001,COMMUNICATION_TARGET,425,305,10,10,430.0,310.0,True,circular,30.0
SCN_012,75,2.4667,TGT_002,DECOY_TARGET,154,239,10,10,159.0,244.0,True,straight_line,20.0
SCN_012,75,2.4667,TGT_003,DECOY_TARGET,436,216,9,9,440.5,220.5,True,random,18.0
SCN_012,76,2.5,TGT_001,COMMUNICATION_TARGET,424,306,10,10,429.0,311.0,True,circular,30.0
SCN_012,76,2.5,TGT_002,DECOY_TARGET,155,239,10,10,160.0,244.0,True,straight_line,20.0
SCN_012,76,2.5,TGT_003,DECOY_TARGET,436,216,9,9,440.5,220.5,True,random,18.0
SCN_012,77,2.5333,TGT_001,COMMUNICATION_TARGET,423,307,10,10,428.0,312.0,True,circular,30.0
SCN_012,77,2.5333,TGT_002,DECOY_TARGET,155,239,10,10,160.0,244.0,True,straight_line,20.0
SCN_012,77,2.5333,TGT_003,DECOY_TARGET,436,216,9,9,440.5,220.5,True,random,18.0
SCN_012,78,2.5667,TGT_001,COMMUNICATION_TARGET,423,308,10,10,428.0,313.0,True,circular,30.0
SCN_012,78,2.5667,TGT_002,DECOY_TARGET,156,239,10,10,161.0,244.0,True,straight_line,20.0
SCN_012,78,2.5667,TGT_003,DECOY_TARGET,436,216,9,9,440.5,220.5,True,random,18.0
SCN_012,79,2.6,TGT_001,COMMUNICATION_TARGET,422,308,10,10,427.0,313.0,True,circular,30.0
SCN_012,79,2.6,TGT_002,DECOY_TARGET,157,240,10,10,162.0,245.0,True,straight_line,20.0
SCN_012,79,2.6,TGT_003,DECOY_TARGET,436,216,9,9,440.5,220.5,True,random,18.0
SCN_012,80,2.6333,TGT_001,COMMUNICATION_TARGET,422,309,10,10,427.0,314.0,True,circular,30.0
SCN_012,80,2.6333,TGT_002,DECOY_TARGET,157,240,10,10,162.0,245.0,True,straight_line,20.0
SCN_012,80,2.6333,TGT_003,DECOY_TARGET,436,216,9,9,440.5,220.5,True,random,18.0
SCN_012,81,2.6667,TGT_001,COMMUNICATION_TARGET,421,310,10,10,426.0,315.0,True,circular,30.0
SCN_012,81,2.6667,TGT_002,DECOY_TARGET,158,240,10,10,163.0,245.0,True,straight_line,20.0
SCN_012,81,2.6667,TGT_003,DECOY_TARGET,436,216,9,9,440.5,220.5,True,random,18.0
SCN_012,82,2.7,TGT_001,COMMUNICATION_TARGET,421,311,10,10,426.0,316.0,True,circular,30.0
SCN_012,82,2.7,TGT_002,DECOY_TARGET,159,240,10,10,164.0,245.0,True,straight_line,20.0
SCN_012,82,2.7,TGT_003,DECOY_TARGET,436,216,9,9,440.5,220.5,True,random,18.0
SCN_012,83,2.7333,TGT_001,COMMUNICATION_TARGET,420,312,10,10,425.0,317.0,True,circular,30.0
SCN_012,83,2.7333,TGT_002,DECOY_TARGET,159,240,10,10,164.0,245.0,True,straight_line,20.0
SCN_012,83,2.7333,TGT_003,DECOY_TARGET,436,215,9,9,440.5,219.5,True,random,18.0
SCN_012,84,2.7667,TGT_001,COMMUNICATION_TARGET,419,312,10,10,424.0,317.0,True,circular,30.0
SCN_012,84,2.7667,TGT_002,DECOY_TARGET,160,240,10,10,165.0,245.0,True,straight_line,20.0
SCN_012,84,2.7667,TGT_003,DECOY_TARGET,436,215,9,9,440.5,219.5,True,random,18.0
SCN_012,85,2.8,TGT_001,COMMUNICATION_TARGET,419,313,10,10,424.0,318.0,True,circular,30.0
SCN_012,85,2.8,TGT_002,DECOY_TARGET,161,240,10,10,166.0,245.0,True,straight_line,20.0
SCN_012,85,2.8,TGT_003,DECOY_TARGET,436,215,9,9,440.5,219.5,True,random,18.0
SCN_012,86,2.8333,TGT_001,COMMUNICATION_TARGET,418,314,10,10,423.0,319.0,True,circular,30.0
SCN_012,86,2.8333,TGT_002,DECOY_TARGET,161,240,10,10,166.0,245.0,True,straight_line,20.0
SCN_012,86,2.8333,TGT_003,DECOY_TARGET,435,215,9,9,439.5,219.5,True,random,18.0
SCN_012,87,2.8667,TGT_001,COMMUNICATION_TARGET,418,315,10,10,423.0,320.0,True,circular,30.0
SCN_012,87,2.8667,TGT_002,DECOY_TARGET,162,240,10,10,167.0,245.0,True,straight_line,20.0
SCN_012,87,2.8667,TGT_003,DECOY_TARGET,435,215,9,9,439.5,219.5,True,random,18.0
SCN_012,88,2.9,TGT_001,COMMUNICATION_TARGET,417,316,10,10,422.0,321.0,True,circular,30.0
SCN_012,88,2.9,TGT_002,DECOY_TARGET,163,240,10,10,168.0,245.0,True,straight_line,20.0
SCN_012,88,2.9,TGT_003,DECOY_TARGET,435,215,9,9,439.5,219.5,True,random,18.0
SCN_012,89,2.9333,TGT_001,COMMUNICATION_TARGET,416,316,10,10,421.0,321.0,True,circular,30.0
SCN_012,89,2.9333,TGT_002,DECOY_TARGET,163,240,10,10,168.0,245.0,True,straight_line,20.0
SCN_012,89,2.9333,TGT_003,DECOY_TARGET,435,215,9,9,439.5,219.5,True,random,18.0
SCN_012,90,2.9667,TGT_001,COMMUNICATION_TARGET,416,317,10,10,421.0,322.0,True,circular,30.0
SCN_012,90,2.9667,TGT_002,DECOY_TARGET,164,240,10,10,169.0,245.0,True,straight_line,20.0
SCN_012,90,2.9667,TGT_003,DECOY_TARGET,435,215,9,9,439.5,219.5,True,random,18.0
SCN_012,91,3.0,TGT_001,COMMUNICATION_TARGET,415,318,10,10,420.0,323.0,True,circular,30.0
SCN_012,91,3.0,TGT_002,DECOY_TARGET,165,240,10,10,170.0,245.0,True,straight_line,20.0
SCN_012,91,3.0,TGT_003,DECOY_TARGET,435,215,9,9,439.5,219.5,True,random,18.0
SCN_012,92,3.0333,TGT_001,COMMUNICATION_TARGET,414,319,10,10,419.0,324.0,True,circular,30.0
SCN_012,92,3.0333,TGT_002,DECOY_TARGET,165,240,10,10,170.0,245.0,True,straight_line,20.0
SCN_012,92,3.0333,TGT_003,DECOY_TARGET,435,215,9,9,439.5,219.5,True,random,18.0
SCN_012,93,3.0667,TGT_001,COMMUNICATION_TARGET,414,320,10,10,419.0,325.0,True,circular,30.0
SCN_012,93,3.0667,TGT_002,DECOY_TARGET,166,240,10,10,171.0,245.0,True,straight_line,20.0
SCN_012,93,3.0667,TGT_003,DECOY_TARGET,435,215,9,9,439.5,219.5,True,random,18.0
SCN_012,94,3.1,TGT_001,COMMUNICATION_TARGET,413,320,10,10,418.0,325.0,True,circular,30.0
SCN_012,94,3.1,TGT_002,DECOY_TARGET,167,240,10,10,172.0,245.0,True,straight_line,20.0
SCN_012,94,3.1,TGT_003,DECOY_TARGET,435,215,9,9,439.5,219.5,True,random,18.0
SCN_012,95,3.1333,TGT_001,COMMUNICATION_TARGET,412,321,10,10,417.0,326.0,True,circular,30.0
SCN_012,95,3.1333,TGT_002,DECOY_TARGET,167,240,10,10,172.0,245.0,True,straight_line,20.0
SCN_012,95,3.1333,TGT_003,DECOY_TARGET,435,215,9,9,439.5,219.5,True,random,18.0
SCN_012,96,3.1667,TGT_001,COMMUNICATION_TARGET,412,322,10,10,417.0,327.0,True,circular,30.0
SCN_012,96,3.1667,TGT_002,DECOY_TARGET,168,241,10,10,173.0,246.0,True,straight_line,20.0
SCN_012,96,3.1667,TGT_003,DECOY_TARGET,435,215,9,9,439.5,219.5,True,random,18.0
SCN_012,97,3.2,TGT_001,COMMUNICATION_TARGET,411,323,10,10,416.0,328.0,True,circular,30.0
SCN_012,97,3.2,TGT_002,DECOY_TARGET,169,241,10,10,174.0,246.0,True,straight_line,20.0
SCN_012,97,3.2,TGT_003,DECOY_TARGET,435,215,9,9,439.5,219.5,True,random,18.0
SCN_012,98,3.2333,TGT_001,COMMUNICATION_TARGET,410,323,10,10,415.0,328.0,True,circular,30.0
SCN_012,98,3.2333,TGT_002,DECOY_TARGET,169,241,10,10,174.0,246.0,True,straight_line,20.0
SCN_012,98,3.2333,TGT_003,DECOY_TARGET,435,215,9,9,439.5,219.5,True,random,18.0
SCN_012,99,3.2667,TGT_001,COMMUNICATION_TARGET,410,324,10,10,415.0,329.0,True,circular,30.0
SCN_012,99,3.2667,TGT_002,DECOY_TARGET,170,241,10,10,175.0,246.0,True,straight_line,20.0
SCN_012,99,3.2667,TGT_003,DECOY_TARGET,435,215,9,9,439.5,219.5,True,random,18.0
SCN_012,100,3.3,TGT_001,COMMUNICATION_TARGET,409,325,10,10,414.0,330.0,True,circular,30.0
SCN_012,100,3.3,TGT_002,DECOY_TARGET,171,241,10,10,176.0,246.0,True,straight_line,20.0
SCN_012,100,3.3,TGT_003,DECOY_TARGET,435,215,9,9,439.5,219.5,True,random,18.0
SCN_012,101,3.3333,TGT_001,COMMUNICATION_TARGET,408,325,10,10,413.0,330.0,True,circular,30.0
SCN_012,101,3.3333,TGT_002,DECOY_TARGET,171,241,10,10,176.0,246.0,True,straight_line,20.0
SCN_012,101,3.3333,TGT_003,DECOY_TARGET,435,215,9,9,439.5,219.5,True,random,18.0
SCN_012,102,3.3667,TGT_001,COMMUNICATION_TARGET,408,326,10,10,413.0,331.0,True,circular,30.0
SCN_012,102,3.3667,TGT_002,DECOY_TARGET,172,241,10,10,177.0,246.0,True,straight_line,20.0
SCN_012,102,3.3667,TGT_003,DECOY_TARGET,435,215,9,9,439.5,219.5,True,random,18.0
SCN_012,103,3.4,TGT_001,COMMUNICATION_TARGET,407,327,10,10,412.0,332.0,True,circular,30.0
SCN_012,103,3.4,TGT_002,DECOY_TARGET,173,241,10,10,178.0,246.0,True,straight_line,20.0
SCN_012,103,3.4,TGT_003,DECOY_TARGET,435,215,9,9,439.5,219.5,True,random,18.0
SCN_012,104,3.4333,TGT_001,COMMUNICATION_TARGET,406,328,10,10,411.0,333.0,True,circular,30.0
SCN_012,104,3.4333,TGT_002,DECOY_TARGET,173,241,10,10,178.0,246.0,True,straight_line,20.0
SCN_012,104,3.4333,TGT_003,DECOY_TARGET,435,215,9,9,439.5,219.5,True,random,18.0
SCN_012,105,3.4667,TGT_001,COMMUNICATION_TARGET,406,328,10,10,411.0,333.0,True,circular,30.0
SCN_012,105,3.4667,TGT_002,DECOY_TARGET,174,241,10,10,179.0,246.0,True,straight_line,20.0
SCN_012,105,3.4667,TGT_003,DECOY_TARGET,435,215,9,9,439.5,219.5,True,random,18.0
SCN_012,106,3.5,TGT_001,COMMUNICATION_TARGET,405,329,10,10,410.0,334.0,True,circular,30.0
SCN_012,106,3.5,TGT_002,DECOY_TARGET,175,241,10,10,180.0,246.0,True,straight_line,20.0
SCN_012,106,3.5,TGT_003,DECOY_TARGET,435,215,9,9,439.5,219.5,True,random,18.0
SCN_012,107,3.5333,TGT_001,COMMUNICATION_TARGET,404,330,10,10,409.0,335.0,True,circular,30.0
SCN_012,107,3.5333,TGT_002,DECOY_TARGET,175,241,10,10,180.0,246.0,True,straight_line,20.0
SCN_012,107,3.5333,TGT_003,DECOY_TARGET,435,215,9,9,439.5,219.5,True,random,18.0
SCN_012,108,3.5667,TGT_001,COMMUNICATION_TARGET,403,330,10,10,408.0,335.0,True,circular,30.0
SCN_012,108,3.5667,TGT_002,DECOY_TARGET,176,241,10,10,181.0,246.0,True,straight_line,20.0
SCN_012,108,3.5667,TGT_003,DECOY_TARGET,435,215,9,9,439.5,219.5,True,random,18.0
SCN_012,109,3.6,TGT_001,COMMUNICATION_TARGET,403,331,10,10,408.0,336.0,True,circular,30.0
SCN_012,109,3.6,TGT_002,DECOY_TARGET,177,241,10,10,182.0,246.0,True,straight_line,20.0
SCN_012,109,3.6,TGT_003,DECOY_TARGET,435,215,9,9,439.5,219.5,True,random,18.0
SCN_012,110,3.6333,TGT_001,COMMUNICATION_TARGET,402,332,10,10,407.0,337.0,True,circular,30.0
SCN_012,110,3.6333,TGT_002,DECOY_TARGET,177,241,10,10,182.0,246.0,True,straight_line,20.0
SCN_012,110,3.6333,TGT_003,DECOY_TARGET,435,215,9,9,439.5,219.5,True,random,18.0
SCN_012,111,3.6667,TGT_001,COMMUNICATION_TARGET,401,332,10,10,406.0,337.0,True,circular,30.0
SCN_012,111,3.6667,TGT_002,DECOY_TARGET,178,241,10,10,183.0,246.0,True,straight_line,20.0
SCN_012,111,3.6667,TGT_003,DECOY_TARGET,435,215,9,9,439.5,219.5,True,random,18.0
SCN_012,112,3.7,TGT_001,COMMUNICATION_TARGET,400,333,10,10,405.0,338.0,True,circular,30.0
SCN_012,112,3.7,TGT_002,DECOY_TARGET,179,241,10,10,184.0,246.0,True,straight_line,20.0
SCN_012,112,3.7,TGT_003,DECOY_TARGET,435,215,9,9,439.5,219.5,True,random,18.0
SCN_012,113,3.7333,TGT_001,COMMUNICATION_TARGET,400,334,10,10,405.0,339.0,True,circular,30.0
SCN_012,113,3.7333,TGT_002,DECOY_TARGET,179,242,10,10,184.0,247.0,True,straight_line,20.0
SCN_012,113,3.7333,TGT_003,DECOY_TARGET,435,215,9,9,439.5,219.5,True,random,18.0
SCN_012,114,3.7667,TGT_001,COMMUNICATION_TARGET,399,334,10,10,404.0,339.0,True,circular,30.0
SCN_012,114,3.7667,TGT_002,DECOY_TARGET,180,242,10,10,185.0,247.0,True,straight_line,20.0
SCN_012,114,3.7667,TGT_003,DECOY_TARGET,435,215,9,9,439.5,219.5,True,random,18.0
SCN_012,115,3.8,TGT_001,COMMUNICATION_TARGET,398,335,10,10,403.0,340.0,True,circular,30.0
SCN_012,115,3.8,TGT_002,DECOY_TARGET,181,242,10,10,186.0,247.0,True,straight_line,20.0
SCN_012,115,3.8,TGT_003,DECOY_TARGET,435,215,9,9,439.5,219.5,True,random,18.0
SCN_012,116,3.8333,TGT_001,COMMUNICATION_TARGET,397,336,10,10,402.0,341.0,True,circular,30.0
SCN_012,116,3.8333,TGT_002,DECOY_TARGET,181,242,10,10,186.0,247.0,True,straight_line,20.0
SCN_012,116,3.8333,TGT_003,DECOY_TARGET,435,215,9,9,439.5,219.5,True,random,18.0
SCN_012,117,3.8667,TGT_001,COMMUNICATION_TARGET,397,336,10,10,402.0,341.0,True,circular,30.0
SCN_012,117,3.8667,TGT_002,DECOY_TARGET,182,242,10,10,187.0,247.0,True,straight_line,20.0
SCN_012,117,3.8667,TGT_003,DECOY_TARGET,435,215,9,9,439.5,219.5,True,random,18.0
SCN_012,118,3.9,TGT_001,COMMUNICATION_TARGET,396,337,10,10,401.0,342.0,True,circular,30.0
SCN_012,118,3.9,TGT_002,DECOY_TARGET,183,242,10,10,188.0,247.0,True,straight_line,20.0
SCN_012,118,3.9,TGT_003,DECOY_TARGET,435,215,9,9,439.5,219.5,True,random,18.0
SCN_012,119,3.9333,TGT_001,COMMUNICATION_TARGET,395,337,10,10,400.0,342.0,True,circular,30.0
SCN_012,119,3.9333,TGT_002,DECOY_TARGET,183,242,10,10,188.0,247.0,True,straight_line,20.0
SCN_012,119,3.9333,TGT_003,DECOY_TARGET,435,215,9,9,439.5,219.5,True,random,18.0
SCN_012,120,3.9667,TGT_001,COMMUNICATION_TARGET,394,338,10,10,399.0,343.0,True,circular,30.0
SCN_012,120,3.9667,TGT_002,DECOY_TARGET,184,242,10,10,189.0,247.0,True,straight_line,20.0
SCN_012,120,3.9667,TGT_003,DECOY_TARGET,435,215,9,9,439.5,219.5,True,random,18.0
SCN_012,121,4.0,TGT_001,COMMUNICATION_TARGET,393,339,10,10,398.0,344.0,True,circular,30.0
SCN_012,121,4.0,TGT_002,DECOY_TARGET,185,242,10,10,190.0,247.0,True,straight_line,20.0
SCN_012,121,4.0,TGT_003,DECOY_TARGET,435,215,9,9,439.5,219.5,True,random,18.0
SCN_012,122,4.0333,TGT_001,COMMUNICATION_TARGET,393,339,10,10,398.0,344.0,True,circular,30.0
SCN_012,122,4.0333,TGT_002,DECOY_TARGET,185,242,10,10,190.0,247.0,True,straight_line,20.0
SCN_012,122,4.0333,TGT_003,DECOY_TARGET,434,215,9,9,438.5,219.5,True,random,18.0
SCN_012,123,4.0667,TGT_001,COMMUNICATION_TARGET,392,340,10,10,397.0,345.0,True,circular,30.0
SCN_012,123,4.0667,TGT_002,DECOY_TARGET,186,242,10,10,191.0,247.0,True,straight_line,20.0
SCN_012,123,4.0667,TGT_003,DECOY_TARGET,434,215,9,9,438.5,219.5,True,random,18.0
SCN_012,124,4.1,TGT_001,COMMUNICATION_TARGET,391,340,10,10,396.0,345.0,True,circular,30.0
SCN_012,124,4.1,TGT_002,DECOY_TARGET,187,242,10,10,192.0,247.0,True,straight_line,20.0
SCN_012,124,4.1,TGT_003,DECOY_TARGET,434,215,9,9,438.5,219.5,True,random,18.0
SCN_012,125,4.1333,TGT_001,COMMUNICATION_TARGET,390,341,10,10,395.0,346.0,True,circular,30.0
SCN_012,125,4.1333,TGT_002,DECOY_TARGET,187,242,10,10,192.0,247.0,True,straight_line,20.0
SCN_012,125,4.1333,TGT_003,DECOY_TARGET,434,215,9,9,438.5,219.5,True,random,18.0
SCN_012,126,4.1667,TGT_001,COMMUNICATION_TARGET,389,342,10,10,394.0,347.0,True,circular,30.0
SCN_012,126,4.1667,TGT_002,DECOY_TARGET,188,242,10,10,193.0,247.0,True,straight_line,20.0
SCN_012,126,4.1667,TGT_003,DECOY_TARGET,434,215,9,9,438.5,219.5,True,random,18.0
SCN_012,127,4.2,TGT_001,COMMUNICATION_TARGET,389,342,10,10,394.0,347.0,True,circular,30.0
SCN_012,127,4.2,TGT_002,DECOY_TARGET,189,242,10,10,194.0,247.0,True,straight_line,20.0
SCN_012,127,4.2,TGT_003,DECOY_TARGET,434,215,9,9,438.5,219.5,True,random,18.0
SCN_012,128,4.2333,TGT_001,COMMUNICATION_TARGET,388,343,10,10,393.0,348.0,True,circular,30.0
SCN_012,128,4.2333,TGT_002,DECOY_TARGET,189,242,10,10,194.0,247.0,True,straight_line,20.0
SCN_012,128,4.2333,TGT_003,DECOY_TARGET,435,215,9,9,439.5,219.5,True,random,18.0
SCN_012,129,4.2667,TGT_001,COMMUNICATION_TARGET,387,343,10,10,392.0,348.0,True,circular,30.0
SCN_012,129,4.2667,TGT_002,DECOY_TARGET,190,242,10,10,195.0,247.0,True,straight_line,20.0
SCN_012,129,4.2667,TGT_003,DECOY_TARGET,435,215,9,9,439.5,219.5,True,random,18.0
SCN_012,130,4.3,TGT_001,COMMUNICATION_TARGET,386,344,10,10,391.0,349.0,True,circular,30.0
SCN_012,130,4.3,TGT_002,DECOY_TARGET,191,242,10,10,196.0,247.0,True,straight_line,20.0
SCN_012,130,4.3,TGT_003,DECOY_TARGET,435,215,9,9,439.5,219.5,True,random,18.0
SCN_012,131,4.3333,TGT_001,COMMUNICATION_TARGET,385,344,10,10,390.0,349.0,True,circular,30.0
SCN_012,131,4.3333,TGT_002,DECOY_TARGET,191,243,10,10,196.0,248.0,True,straight_line,20.0
SCN_012,131,4.3333,TGT_003,DECOY_TARGET,435,215,9,9,439.5,219.5,True,random,18.0
SCN_012,132,4.3667,TGT_001,COMMUNICATION_TARGET,384,345,10,10,389.0,350.0,True,circular,30.0
SCN_012,132,4.3667,TGT_002,DECOY_TARGET,192,243,10,10,197.0,248.0,True,straight_line,20.0
SCN_012,132,4.3667,TGT_003,DECOY_TARGET,435,215,9,9,439.5,219.5,True,random,18.0
SCN_012,133,4.4,TGT_001,COMMUNICATION_TARGET,384,345,10,10,389.0,350.0,True,circular,30.0
SCN_012,133,4.4,TGT_002,DECOY_TARGET,193,243,10,10,198.0,248.0,True,straight_line,20.0
SCN_012,133,4.4,TGT_003,DECOY_TARGET,435,215,9,9,439.5,219.5,True,random,18.0
SCN_012,134,4.4333,TGT_001,COMMUNICATION_TARGET,383,346,10,10,388.0,351.0,True,circular,30.0
SCN_012,134,4.4333,TGT_002,DECOY_TARGET,193,243,10,10,198.0,248.0,True,straight_line,20.0
SCN_012,134,4.4333,TGT_003,DECOY_TARGET,435,215,9,9,439.5,219.5,True,random,18.0
SCN_012,135,4.4667,TGT_001,COMMUNICATION_TARGET,382,347,10,10,387.0,352.0,True,circular,30.0
SCN_012,135,4.4667,TGT_002,DECOY_TARGET,194,243,10,10,199.0,248.0,True,straight_line,20.0
SCN_012,135,4.4667,TGT_003,DECOY_TARGET,435,215,9,9,439.5,219.5,True,random,18.0
SCN_012,136,4.5,TGT_001,COMMUNICATION_TARGET,381,347,10,10,386.0,352.0,True,circular,30.0
SCN_012,136,4.5,TGT_002,DECOY_TARGET,195,243,10,10,200.0,248.0,True,straight_line,20.0
SCN_012,136,4.5,TGT_003,DECOY_TARGET,435,215,9,9,439.5,219.5,True,random,18.0
SCN_012,137,4.5333,TGT_001,COMMUNICATION_TARGET,380,348,10,10,385.0,353.0,True,circular,30.0
SCN_012,137,4.5333,TGT_002,DECOY_TARGET,195,243,10,10,200.0,248.0,True,straight_line,20.0
SCN_012,137,4.5333,TGT_003,DECOY_TARGET,435,215,9,9,439.5,219.5,True,random,18.0
SCN_012,138,4.5667,TGT_001,COMMUNICATION_TARGET,379,348,10,10,384.0,353.0,True,circular,30.0
SCN_012,138,4.5667,TGT_002,DECOY_TARGET,196,243,10,10,201.0,248.0,True,straight_line,20.0
SCN_012,138,4.5667,TGT_003,DECOY_TARGET,435,215,9,9,439.5,219.5,True,random,18.0
SCN_012,139,4.6,TGT_001,COMMUNICATION_TARGET,378,349,10,10,383.0,354.0,True,circular,30.0
SCN_012,139,4.6,TGT_002,DECOY_TARGET,197,243,10,10,202.0,248.0,True,straight_line,20.0
SCN_012,139,4.6,TGT_003,DECOY_TARGET,435,215,9,9,439.5,219.5,True,random,18.0
SCN_012,140,4.6333,TGT_001,COMMUNICATION_TARGET,378,349,10,10,383.0,354.0,True,circular,30.0
SCN_012,140,4.6333,TGT_002,DECOY_TARGET,197,243,10,10,202.0,248.0,True,straight_line,20.0
SCN_012,140,4.6333,TGT_003,DECOY_TARGET,435,215,9,9,439.5,219.5,True,random,18.0
SCN_012,141,4.6667,TGT_001,COMMUNICATION_TARGET,377,349,10,10,382.0,354.0,True,circular,30.0
SCN_012,141,4.6667,TGT_002,DECOY_TARGET,198,243,10,10,203.0,248.0,True,straight_line,20.0
SCN_012,141,4.6667,TGT_003,DECOY_TARGET,435,215,9,9,439.5,219.5,True,random,18.0
SCN_012,142,4.7,TGT_001,COMMUNICATION_TARGET,376,350,10,10,381.0,355.0,True,circular,30.0
SCN_012,142,4.7,TGT_002,DECOY_TARGET,199,243,10,10,204.0,248.0,True,straight_line,20.0
SCN_012,142,4.7,TGT_003,DECOY_TARGET,435,215,9,9,439.5,219.5,True,random,18.0
SCN_012,143,4.7333,TGT_001,COMMUNICATION_TARGET,375,350,10,10,380.0,355.0,True,circular,30.0
SCN_012,143,4.7333,TGT_002,DECOY_TARGET,199,243,10,10,204.0,248.0,True,straight_line,20.0
SCN_012,143,4.7333,TGT_003,DECOY_TARGET,435,215,9,9,439.5,219.5,True,random,18.0
SCN_012,144,4.7667,TGT_001,COMMUNICATION_TARGET,374,351,10,10,379.0,356.0,True,circular,30.0
SCN_012,144,4.7667,TGT_002,DECOY_TARGET,200,243,10,10,205.0,248.0,True,straight_line,20.0
SCN_012,144,4.7667,TGT_003,DECOY_TARGET,435,215,9,9,439.5,219.5,True,random,18.0
SCN_012,145,4.8,TGT_001,COMMUNICATION_TARGET,373,351,10,10,378.0,356.0,True,circular,30.0
SCN_012,145,4.8,TGT_002,DECOY_TARGET,201,243,10,10,206.0,248.0,True,straight_line,20.0
SCN_012,145,4.8,TGT_003,DECOY_TARGET,435,215,9,9,439.5,219.5,True,random,18.0
SCN_012,146,4.8333,TGT_001,COMMUNICATION_TARGET,372,352,10,10,377.0,357.0,True,circular,30.0
SCN_012,146,4.8333,TGT_002,DECOY_TARGET,201,243,10,10,206.0,248.0,True,straight_line,20.0
SCN_012,146,4.8333,TGT_003,DECOY_TARGET,435,215,9,9,439.5,219.5,True,random,18.0
SCN_012,147,4.8667,TGT_001,COMMUNICATION_TARGET,371,352,10,10,376.0,357.0,True,circular,30.0
SCN_012,147,4.8667,TGT_002,DECOY_TARGET,202,243,10,10,207.0,248.0,True,straight_line,20.0
SCN_012,147,4.8667,TGT_003,DECOY_TARGET,435,215,9,9,439.5,219.5,True,random,18.0
SCN_012,148,4.9,TGT_001,COMMUNICATION_TARGET,370,353,10,10,375.0,358.0,True,circular,30.0
SCN_012,148,4.9,TGT_002,DECOY_TARGET,203,244,10,10,208.0,249.0,True,straight_line,20.0
SCN_012,148,4.9,TGT_003,DECOY_TARGET,435,215,9,9,439.5,219.5,True,random,18.0
SCN_012,149,4.9333,TGT_001,COMMUNICATION_TARGET,369,353,10,10,374.0,358.0,True,circular,30.0
SCN_012,149,4.9333,TGT_002,DECOY_TARGET,203,244,10,10,208.0,249.0,True,straight_line,20.0
SCN_012,149,4.9333,TGT_003,DECOY_TARGET,435,215,9,9,439.5,219.5,True,random,18.0
SCN_012,150,4.9667,TGT_001,COMMUNICATION_TARGET,369,353,10,10,374.0,358.0,True,circular,30.0
SCN_012,150,4.9667,TGT_002,DECOY_TARGET,204,244,10,10,209.0,249.0,True,straight_line,20.0
SCN_012,150,4.9667,TGT_003,DECOY_TARGET,435,215,9,9,439.5,219.5,True,random,18.0
SCN_012,151,5.0,TGT_001,COMMUNICATION_TARGET,368,354,10,10,373.0,359.0,True,circular,30.0
SCN_012,151,5.0,TGT_002,DECOY_TARGET,205,244,10,10,210.0,249.0,True,straight_line,20.0
SCN_012,151,5.0,TGT_003,DECOY_TARGET,435,215,9,9,439.5,219.5,True,random,18.0
SCN_012,152,5.0333,TGT_001,COMMUNICATION_TARGET,367,354,10,10,372.0,359.0,True,circular,30.0
SCN_012,152,5.0333,TGT_002,DECOY_TARGET,205,244,10,10,210.0,249.0,True,straight_line,20.0
SCN_012,152,5.0333,TGT_003,DECOY_TARGET,435,215,9,9,439.5,219.5,True,random,18.0
SCN_012,153,5.0667,TGT_001,COMMUNICATION_TARGET,366,355,10,10,371.0,360.0,True,circular,30.0
SCN_012,153,5.0667,TGT_002,DECOY_TARGET,206,244,10,10,211.0,249.0,True,straight_line,20.0
SCN_012,153,5.0667,TGT_003,DECOY_TARGET,435,215,9,9,439.5,219.5,True,random,18.0
SCN_012,154,5.1,TGT_001,COMMUNICATION_TARGET,365,355,10,10,370.0,360.0,True,circular,30.0
SCN_012,154,5.1,TGT_002,DECOY_TARGET,207,244,10,10,212.0,249.0,True,straight_line,20.0
SCN_012,154,5.1,TGT_003,DECOY_TARGET,435,215,9,9,439.5,219.5,True,random,18.0
SCN_012,155,5.1333,TGT_001,COMMUNICATION_TARGET,364,355,10,10,369.0,360.0,True,circular,30.0
SCN_012,155,5.1333,TGT_002,DECOY_TARGET,207,244,10,10,212.0,249.0,True,straight_line,20.0
SCN_012,155,5.1333,TGT_003,DECOY_TARGET,435,215,9,9,439.5,219.5,True,random,18.0
SCN_012,156,5.1667,TGT_001,COMMUNICATION_TARGET,363,356,10,10,368.0,361.0,True,circular,30.0
SCN_012,156,5.1667,TGT_002,DECOY_TARGET,208,244,10,10,213.0,249.0,True,straight_line,20.0
SCN_012,156,5.1667,TGT_003,DECOY_TARGET,435,215,9,9,439.5,219.5,True,random,18.0
SCN_012,157,5.2,TGT_001,COMMUNICATION_TARGET,362,356,10,10,367.0,361.0,True,circular,30.0
SCN_012,157,5.2,TGT_002,DECOY_TARGET,209,244,10,10,214.0,249.0,True,straight_line,20.0
SCN_012,157,5.2,TGT_003,DECOY_TARGET,435,215,9,9,439.5,219.5,True,random,18.0
SCN_012,158,5.2333,TGT_001,COMMUNICATION_TARGET,361,357,10,10,366.0,362.0,True,circular,30.0
SCN_012,158,5.2333,TGT_002,DECOY_TARGET,209,244,10,10,214.0,249.0,True,straight_line,20.0
SCN_012,158,5.2333,TGT_003,DECOY_TARGET,436,215,9,9,440.5,219.5,True,random,18.0
SCN_012,159,5.2667,TGT_001,COMMUNICATION_TARGET,360,357,10,10,365.0,362.0,True,circular,30.0
SCN_012,159,5.2667,TGT_002,DECOY_TARGET,210,244,10,10,215.0,249.0,True,straight_line,20.0
SCN_012,159,5.2667,TGT_003,DECOY_TARGET,435,215,9,9,439.5,219.5,True,random,18.0
SCN_012,160,5.3,TGT_001,COMMUNICATION_TARGET,359,357,10,10,364.0,362.0,True,circular,30.0
SCN_012,160,5.3,TGT_002,DECOY_TARGET,211,244,10,10,216.0,249.0,True,straight_line,20.0
SCN_012,160,5.3,TGT_003,DECOY_TARGET,435,215,9,9,439.5,219.5,True,random,18.0
SCN_012,161,5.3333,TGT_001,COMMUNICATION_TARGET,358,358,10,10,363.0,363.0,True,circular,30.0
SCN_012,161,5.3333,TGT_002,DECOY_TARGET,211,244,10,10,216.0,249.0,True,straight_line,20.0
SCN_012,161,5.3333,TGT_003,DECOY_TARGET,435,215,9,9,439.5,219.5,True,random,18.0
SCN_012,162,5.3667,TGT_001,COMMUNICATION_TARGET,357,358,10,10,362.0,363.0,True,circular,30.0
SCN_012,162,5.3667,TGT_002,DECOY_TARGET,212,244,10,10,217.0,249.0,True,straight_line,20.0
SCN_012,162,5.3667,TGT_003,DECOY_TARGET,435,215,9,9,439.5,219.5,True,random,18.0
SCN_012,163,5.4,TGT_001,COMMUNICATION_TARGET,356,358,10,10,361.0,363.0,True,circular,30.0
SCN_012,163,5.4,TGT_002,DECOY_TARGET,213,244,10,10,218.0,249.0,True,straight_line,20.0
SCN_012,163,5.4,TGT_003,DECOY_TARGET,435,215,9,9,439.5,219.5,True,random,18.0
SCN_012,164,5.4333,TGT_001,COMMUNICATION_TARGET,356,359,10,10,361.0,364.0,True,circular,30.0
SCN_012,164,5.4333,TGT_002,DECOY_TARGET,213,244,10,10,218.0,249.0,True,straight_line,20.0
SCN_012,164,5.4333,TGT_003,DECOY_TARGET,435,215,9,9,439.5,219.5,True,random,18.0
SCN_012,165,5.4667,TGT_001,COMMUNICATION_TARGET,355,359,10,10,360.0,364.0,True,circular,30.0
SCN_012,165,5.4667,TGT_002,DECOY_TARGET,214,245,10,10,219.0,250.0,True,straight_line,20.0
SCN_012,165,5.4667,TGT_003,DECOY_TARGET,435,215,9,9,439.5,219.5,True,random,18.0
SCN_012,166,5.5,TGT_001,COMMUNICATION_TARGET,354,359,10,10,359.0,364.0,True,circular,30.0
SCN_012,166,5.5,TGT_002,DECOY_TARGET,215,245,10,10,220.0,250.0,True,straight_line,20.0
SCN_012,166,5.5,TGT_003,DECOY_TARGET,435,215,9,9,439.5,219.5,True,random,18.0
SCN_012,167,5.5333,TGT_001,COMMUNICATION_TARGET,353,359,10,10,358.0,364.0,True,circular,30.0
SCN_012,167,5.5333,TGT_002,DECOY_TARGET,215,245,10,10,220.0,250.0,True,straight_line,20.0
SCN_012,167,5.5333,TGT_003,DECOY_TARGET,435,215,9,9,439.5,219.5,True,random,18.0
SCN_012,168,5.5667,TGT_001,COMMUNICATION_TARGET,352,360,10,10,357.0,365.0,True,circular,30.0
SCN_012,168,5.5667,TGT_002,DECOY_TARGET,216,245,10,10,221.0,250.0,True,straight_line,20.0
SCN_012,168,5.5667,TGT_003,DECOY_TARGET,435,215,9,9,439.5,219.5,True,random,18.0
SCN_012,169,5.6,TGT_001,COMMUNICATION_TARGET,351,360,10,10,356.0,365.0,True,circular,30.0
SCN_012,169,5.6,TGT_002,DECOY_TARGET,217,245,10,10,222.0,250.0,True,straight_line,20.0
SCN_012,169,5.6,TGT_003,DECOY_TARGET,435,215,9,9,439.5,219.5,True,random,18.0
SCN_012,170,5.6333,TGT_001,COMMUNICATION_TARGET,350,360,10,10,355.0,365.0,True,circular,30.0
SCN_012,170,5.6333,TGT_002,DECOY_TARGET,217,245,10,10,222.0,250.0,True,straight_line,20.0
SCN_012,170,5.6333,TGT_003,DECOY_TARGET,435,215,9,9,439.5,219.5,True,random,18.0
SCN_012,171,5.6667,TGT_001,COMMUNICATION_TARGET,349,361,10,10,354.0,366.0,True,circular,30.0
SCN_012,171,5.6667,TGT_002,DECOY_TARGET,218,245,10,10,223.0,250.0,True,straight_line,20.0
SCN_012,171,5.6667,TGT_003,DECOY_TARGET,435,215,9,9,439.5,219.5,True,random,18.0
SCN_012,172,5.7,TGT_001,COMMUNICATION_TARGET,348,361,10,10,353.0,366.0,True,circular,30.0
SCN_012,172,5.7,TGT_002,DECOY_TARGET,219,245,10,10,224.0,250.0,True,straight_line,20.0
SCN_012,172,5.7,TGT_003,DECOY_TARGET,435,215,9,9,439.5,219.5,True,random,18.0
SCN_012,173,5.7333,TGT_001,COMMUNICATION_TARGET,347,361,10,10,352.0,366.0,True,circular,30.0
SCN_012,173,5.7333,TGT_002,DECOY_TARGET,219,245,10,10,224.0,250.0,True,straight_line,20.0
SCN_012,173,5.7333,TGT_003,DECOY_TARGET,435,215,9,9,439.5,219.5,True,random,18.0
SCN_012,174,5.7667,TGT_001,COMMUNICATION_TARGET,346,361,10,10,351.0,366.0,True,circular,30.0
SCN_012,174,5.7667,TGT_002,DECOY_TARGET,220,245,10,10,225.0,250.0,True,straight_line,20.0
SCN_012,174,5.7667,TGT_003,DECOY_TARGET,435,215,9,9,439.5,219.5,True,random,18.0
SCN_012,175,5.8,TGT_001,COMMUNICATION_TARGET,345,362,10,10,350.0,367.0,True,circular,30.0
SCN_012,175,5.8,TGT_002,DECOY_TARGET,221,245,10,10,226.0,250.0,True,straight_line,20.0
SCN_012,175,5.8,TGT_003,DECOY_TARGET,435,215,9,9,439.5,219.5,True,random,18.0
SCN_012,176,5.8333,TGT_001,COMMUNICATION_TARGET,344,362,10,10,349.0,367.0,True,circular,30.0
SCN_012,176,5.8333,TGT_002,DECOY_TARGET,221,245,10,10,226.0,250.0,True,straight_line,20.0
SCN_012,176,5.8333,TGT_003,DECOY_TARGET,435,215,9,9,439.5,219.5,True,random,18.0
SCN_012,177,5.8667,TGT_001,COMMUNICATION_TARGET,343,362,10,10,348.0,367.0,True,circular,30.0
SCN_012,177,5.8667,TGT_002,DECOY_TARGET,222,245,10,10,227.0,250.0,True,straight_line,20.0
SCN_012,177,5.8667,TGT_003,DECOY_TARGET,435,215,9,9,439.5,219.5,True,random,18.0
SCN_012,178,5.9,TGT_001,COMMUNICATION_TARGET,342,362,10,10,347.0,367.0,True,circular,30.0
SCN_012,178,5.9,TGT_002,DECOY_TARGET,223,245,10,10,228.0,250.0,True,straight_line,20.0
SCN_012,178,5.9,TGT_003,DECOY_TARGET,435,215,9,9,439.5,219.5,True,random,18.0
SCN_012,179,5.9333,TGT_001,COMMUNICATION_TARGET,341,362,10,10,346.0,367.0,True,circular,30.0
SCN_012,179,5.9333,TGT_002,DECOY_TARGET,223,245,10,10,228.0,250.0,True,straight_line,20.0
SCN_012,179,5.9333,TGT_003,DECOY_TARGET,435,215,9,9,439.5,219.5,True,random,18.0
SCN_012,180,5.9667,TGT_001,COMMUNICATION_TARGET,340,363,10,10,345.0,368.0,True,circular,30.0
SCN_012,180,5.9667,TGT_002,DECOY_TARGET,224,245,10,10,229.0,250.0,True,straight_line,20.0
SCN_012,180,5.9667,TGT_003,DECOY_TARGET,435,215,9,9,439.5,219.5,True,random,18.0
SCN_012,181,6.0,TGT_001,COMMUNICATION_TARGET,339,363,10,10,344.0,368.0,True,circular,30.0
SCN_012,181,6.0,TGT_002,DECOY_TARGET,225,245,10,10,230.0,250.0,True,straight_line,20.0
SCN_012,181,6.0,TGT_003,DECOY_TARGET,435,215,9,9,439.5,219.5,True,random,18.0
SCN_012,182,6.0333,TGT_001,COMMUNICATION_TARGET,338,363,10,10,343.0,368.0,True,circular,30.0
SCN_012,182,6.0333,TGT_002,DECOY_TARGET,225,246,10,10,230.0,251.0,True,straight_line,20.0
SCN_012,182,6.0333,TGT_003,DECOY_TARGET,435,215,9,9,439.5,219.5,True,random,18.0
SCN_012,183,6.0667,TGT_001,COMMUNICATION_TARGET,337,363,10,10,342.0,368.0,True,circular,30.0
SCN_012,183,6.0667,TGT_002,DECOY_TARGET,226,246,10,10,231.0,251.0,True,straight_line,20.0
SCN_012,183,6.0667,TGT_003,DECOY_TARGET,435,215,9,9,439.5,219.5,True,random,18.0
SCN_012,184,6.1,TGT_001,COMMUNICATION_TARGET,336,363,10,10,341.0,368.0,True,circular,30.0
SCN_012,184,6.1,TGT_002,DECOY_TARGET,227,246,10,10,232.0,251.0,True,straight_line,20.0
SCN_012,184,6.1,TGT_003,DECOY_TARGET,435,215,9,9,439.5,219.5,True,random,18.0
SCN_012,185,6.1333,TGT_001,COMMUNICATION_TARGET,335,363,10,10,340.0,368.0,True,circular,30.0
SCN_012,185,6.1333,TGT_002,DECOY_TARGET,227,246,10,10,232.0,251.0,True,straight_line,20.0
SCN_012,185,6.1333,TGT_003,DECOY_TARGET,435,215,9,9,439.5,219.5,True,random,18.0
SCN_012,186,6.1667,TGT_001,COMMUNICATION_TARGET,334,364,10,10,339.0,369.0,True,circular,30.0
SCN_012,186,6.1667,TGT_002,DECOY_TARGET,228,246,10,10,233.0,251.0,True,straight_line,20.0
SCN_012,186,6.1667,TGT_003,DECOY_TARGET,435,215,9,9,439.5,219.5,True,random,18.0
SCN_012,187,6.2,TGT_001,COMMUNICATION_TARGET,333,364,10,10,338.0,369.0,True,circular,30.0
SCN_012,187,6.2,TGT_002,DECOY_TARGET,229,246,10,10,234.0,251.0,True,straight_line,20.0
SCN_012,187,6.2,TGT_003,DECOY_TARGET,435,215,9,9,439.5,219.5,True,random,18.0
SCN_012,188,6.2333,TGT_001,COMMUNICATION_TARGET,332,364,10,10,337.0,369.0,True,circular,30.0
SCN_012,188,6.2333,TGT_002,DECOY_TARGET,229,246,10,10,234.0,251.0,True,straight_line,20.0
SCN_012,188,6.2333,TGT_003,DECOY_TARGET,436,215,9,9,440.5,219.5,True,random,18.0
SCN_012,189,6.2667,TGT_001,COMMUNICATION_TARGET,331,364,10,10,336.0,369.0,True,circular,30.0
SCN_012,189,6.2667,TGT_002,DECOY_TARGET,230,246,10,10,235.0,251.0,True,straight_line,20.0
SCN_012,189,6.2667,TGT_003,DECOY_TARGET,436,215,9,9,440.5,219.5,True,random,18.0
SCN_012,190,6.3,TGT_001,COMMUNICATION_TARGET,330,364,10,10,335.0,369.0,True,circular,30.0
SCN_012,190,6.3,TGT_002,DECOY_TARGET,231,246,10,10,236.0,251.0,True,straight_line,20.0
SCN_012,190,6.3,TGT_003,DECOY_TARGET,436,215,9,9,440.5,219.5,True,random,18.0
SCN_012,191,6.3333,TGT_001,COMMUNICATION_TARGET,329,364,10,10,334.0,369.0,True,circular,30.0
SCN_012,191,6.3333,TGT_002,DECOY_TARGET,231,246,10,10,236.0,251.0,True,straight_line,20.0
SCN_012,191,6.3333,TGT_003,DECOY_TARGET,436,215,9,9,440.5,219.5,True,random,18.0
SCN_012,192,6.3667,TGT_001,COMMUNICATION_TARGET,328,364,10,10,333.0,369.0,True,circular,30.0
SCN_012,192,6.3667,TGT_002,DECOY_TARGET,232,246,10,10,237.0,251.0,True,straight_line,20.0
SCN_012,192,6.3667,TGT_003,DECOY_TARGET,436,215,9,9,440.5,219.5,True,random,18.0
SCN_012,193,6.4,TGT_001,COMMUNICATION_TARGET,327,364,10,10,332.0,369.0,True,circular,30.0
SCN_012,193,6.4,TGT_002,DECOY_TARGET,233,246,10,10,238.0,251.0,True,straight_line,20.0
SCN_012,193,6.4,TGT_003,DECOY_TARGET,436,215,9,9,440.5,219.5,True,random,18.0
SCN_012,194,6.4333,TGT_001,COMMUNICATION_TARGET,326,365,10,10,331.0,370.0,True,circular,30.0
SCN_012,194,6.4333,TGT_002,DECOY_TARGET,233,246,10,10,238.0,251.0,True,straight_line,20.0
SCN_012,194,6.4333,TGT_003,DECOY_TARGET,436,215,9,9,440.5,219.5,True,random,18.0
SCN_012,195,6.4667,TGT_001,COMMUNICATION_TARGET,325,365,10,10,330.0,370.0,True,circular,30.0
SCN_012,195,6.4667,TGT_002,DECOY_TARGET,234,246,10,10,239.0,251.0,True,straight_line,20.0
SCN_012,195,6.4667,TGT_003,DECOY_TARGET,436,215,9,9,440.5,219.5,True,random,18.0
SCN_012,196,6.5,TGT_001,COMMUNICATION_TARGET,324,365,10,10,329.0,370.0,True,circular,30.0
SCN_012,196,6.5,TGT_002,DECOY_TARGET,235,246,10,10,240.0,251.0,True,straight_line,20.0
SCN_012,196,6.5,TGT_003,DECOY_TARGET,436,215,9,9,440.5,219.5,True,random,18.0
SCN_012,197,6.5333,TGT_001,COMMUNICATION_TARGET,323,365,10,10,328.0,370.0,True,circular,30.0
SCN_012,197,6.5333,TGT_002,DECOY_TARGET,235,246,10,10,240.0,251.0,True,straight_line,20.0
SCN_012,197,6.5333,TGT_003,DECOY_TARGET,436,215,9,9,440.5,219.5,True,random,18.0
SCN_012,198,6.5667,TGT_001,COMMUNICATION_TARGET,322,365,10,10,327.0,370.0,True,circular,30.0
SCN_012,198,6.5667,TGT_002,DECOY_TARGET,236,246,10,10,241.0,251.0,True,straight_line,20.0
SCN_012,198,6.5667,TGT_003,DECOY_TARGET,436,215,9,9,440.5,219.5,True,random,18.0
SCN_012,199,6.6,TGT_001,COMMUNICATION_TARGET,321,365,10,10,326.0,370.0,True,circular,30.0
SCN_012,199,6.6,TGT_002,DECOY_TARGET,236,247,10,10,241.0,252.0,True,straight_line,20.0
SCN_012,199,6.6,TGT_003,DECOY_TARGET,436,215,9,9,440.5,219.5,True,random,18.0
SCN_012,200,6.6333,TGT_001,COMMUNICATION_TARGET,320,365,10,10,325.0,370.0,True,circular,30.0
SCN_012,200,6.6333,TGT_002,DECOY_TARGET,237,247,10,10,242.0,252.0,True,straight_line,20.0
SCN_012,200,6.6333,TGT_003,DECOY_TARGET,436,215,9,9,440.5,219.5,True,random,18.0
SCN_012,201,6.6667,TGT_001,COMMUNICATION_TARGET,319,365,10,10,324.0,370.0,True,circular,30.0
SCN_012,201,6.6667,TGT_002,DECOY_TARGET,238,247,10,10,243.0,252.0,True,straight_line,20.0
SCN_012,201,6.6667,TGT_003,DECOY_TARGET,436,215,9,9,440.5,219.5,True,random,18.0
SCN_012,202,6.7,TGT_001,COMMUNICATION_TARGET,318,365,10,10,323.0,370.0,True,circular,30.0
SCN_012,202,6.7,TGT_002,DECOY_TARGET,238,247,10,10,243.0,252.0,True,straight_line,20.0
SCN_012,202,6.7,TGT_003,DECOY_TARGET,436,215,9,9,440.5,219.5,True,random,18.0
SCN_012,203,6.7333,TGT_001,COMMUNICATION_TARGET,317,365,10,10,322.0,370.0,True,circular,30.0
SCN_012,203,6.7333,TGT_002,DECOY_TARGET,239,247,10,10,244.0,252.0,True,straight_line,20.0
SCN_012,203,6.7333,TGT_003,DECOY_TARGET,436,215,9,9,440.5,219.5,True,random,18.0
SCN_012,204,6.7667,TGT_001,COMMUNICATION_TARGET,316,365,10,10,321.0,370.0,True,circular,30.0
SCN_012,204,6.7667,TGT_002,DECOY_TARGET,240,247,10,10,245.0,252.0,True,straight_line,20.0
SCN_012,204,6.7667,TGT_003,DECOY_TARGET,436,215,9,9,440.5,219.5,True,random,18.0
SCN_012,205,6.8,TGT_001,COMMUNICATION_TARGET,315,365,10,10,320.0,370.0,True,circular,30.0
SCN_012,205,6.8,TGT_002,DECOY_TARGET,240,247,10,10,245.0,252.0,True,straight_line,20.0
SCN_012,205,6.8,TGT_003,DECOY_TARGET,436,215,9,9,440.5,219.5,True,random,18.0
SCN_012,206,6.8333,TGT_001,COMMUNICATION_TARGET,314,365,10,10,319.0,370.0,True,circular,30.0
SCN_012,206,6.8333,TGT_002,DECOY_TARGET,241,247,10,10,246.0,252.0,True,straight_line,20.0
SCN_012,206,6.8333,TGT_003,DECOY_TARGET,436,215,9,9,440.5,219.5,True,random,18.0
SCN_012,207,6.8667,TGT_001,COMMUNICATION_TARGET,313,365,10,10,318.0,370.0,True,circular,30.0
SCN_012,207,6.8667,TGT_002,DECOY_TARGET,242,247,10,10,247.0,252.0,True,straight_line,20.0
SCN_012,207,6.8667,TGT_003,DECOY_TARGET,436,215,9,9,440.5,219.5,True,random,18.0
SCN_012,208,6.9,TGT_001,COMMUNICATION_TARGET,312,365,10,10,317.0,370.0,True,circular,30.0
SCN_012,208,6.9,TGT_002,DECOY_TARGET,242,247,10,10,247.0,252.0,True,straight_line,20.0
SCN_012,208,6.9,TGT_003,DECOY_TARGET,436,215,9,9,440.5,219.5,True,random,18.0
SCN_012,209,6.9333,TGT_001,COMMUNICATION_TARGET,311,365,10,10,316.0,370.0,True,circular,30.0
SCN_012,209,6.9333,TGT_002,DECOY_TARGET,243,247,10,10,248.0,252.0,True,straight_line,20.0
SCN_012,209,6.9333,TGT_003,DECOY_TARGET,436,215,9,9,440.5,219.5,True,random,18.0
SCN_012,210,6.9667,TGT_001,COMMUNICATION_TARGET,310,365,10,10,315.0,370.0,True,circular,30.0
SCN_012,210,6.9667,TGT_002,DECOY_TARGET,244,247,10,10,249.0,252.0,True,straight_line,20.0
SCN_012,210,6.9667,TGT_003,DECOY_TARGET,436,215,9,9,440.5,219.5,True,random,18.0
SCN_012,211,7.0,TGT_001,COMMUNICATION_TARGET,309,365,10,10,314.0,370.0,True,circular,30.0
SCN_012,211,7.0,TGT_002,DECOY_TARGET,244,247,10,10,249.0,252.0,True,straight_line,20.0
SCN_012,211,7.0,TGT_003,DECOY_TARGET,436,215,9,9,440.5,219.5,True,random,18.0
SCN_012,212,7.0333,TGT_001,COMMUNICATION_TARGET,308,365,10,10,313.0,370.0,True,circular,30.0
SCN_012,212,7.0333,TGT_002,DECOY_TARGET,245,247,10,10,250.0,252.0,True,straight_line,20.0
SCN_012,212,7.0333,TGT_003,DECOY_TARGET,436,215,9,9,440.5,219.5,True,random,18.0
SCN_012,213,7.0667,TGT_001,COMMUNICATION_TARGET,307,365,10,10,312.0,370.0,True,circular,30.0
SCN_012,213,7.0667,TGT_002,DECOY_TARGET,246,247,10,10,251.0,252.0,True,straight_line,20.0
SCN_012,213,7.0667,TGT_003,DECOY_TARGET,436,215,9,9,440.5,219.5,True,random,18.0
SCN_012,214,7.1,TGT_001,COMMUNICATION_TARGET,306,365,10,10,311.0,370.0,True,circular,30.0
SCN_012,214,7.1,TGT_002,DECOY_TARGET,246,247,10,10,251.0,252.0,True,straight_line,20.0
SCN_012,214,7.1,TGT_003,DECOY_TARGET,436,215,9,9,440.5,219.5,True,random,18.0
SCN_012,215,7.1333,TGT_001,COMMUNICATION_TARGET,305,365,10,10,310.0,370.0,True,circular,30.0
SCN_012,215,7.1333,TGT_002,DECOY_TARGET,247,247,10,10,252.0,252.0,True,straight_line,20.0
SCN_012,215,7.1333,TGT_003,DECOY_TARGET,436,215,9,9,440.5,219.5,True,random,18.0
SCN_012,216,7.1667,TGT_001,COMMUNICATION_TARGET,304,365,10,10,309.0,370.0,True,circular,30.0
SCN_012,216,7.1667,TGT_002,DECOY_TARGET,248,247,10,10,253.0,252.0,True,straight_line,20.0
SCN_012,216,7.1667,TGT_003,DECOY_TARGET,436,216,9,9,440.5,220.5,True,random,18.0
SCN_012,217,7.2,TGT_001,COMMUNICATION_TARGET,303,364,10,10,308.0,369.0,True,circular,30.0
SCN_012,217,7.2,TGT_002,DECOY_TARGET,248,248,10,10,253.0,253.0,True,straight_line,20.0
SCN_012,217,7.2,TGT_003,DECOY_TARGET,436,216,9,9,440.5,220.5,True,random,18.0
SCN_012,218,7.2333,TGT_001,COMMUNICATION_TARGET,302,364,10,10,307.0,369.0,True,circular,30.0
SCN_012,218,7.2333,TGT_002,DECOY_TARGET,249,248,10,10,254.0,253.0,True,straight_line,20.0
SCN_012,218,7.2333,TGT_003,DECOY_TARGET,436,216,9,9,440.5,220.5,True,random,18.0
SCN_012,219,7.2667,TGT_001,COMMUNICATION_TARGET,301,364,10,10,306.0,369.0,True,circular,30.0
SCN_012,219,7.2667,TGT_002,DECOY_TARGET,250,248,10,10,255.0,253.0,True,straight_line,20.0
SCN_012,219,7.2667,TGT_003,DECOY_TARGET,436,216,9,9,440.5,220.5,True,random,18.0
SCN_012,220,7.3,TGT_001,COMMUNICATION_TARGET,300,364,10,10,305.0,369.0,True,circular,30.0
SCN_012,220,7.3,TGT_002,DECOY_TARGET,250,248,10,10,255.0,253.0,True,straight_line,20.0
SCN_012,220,7.3,TGT_003,DECOY_TARGET,436,216,9,9,440.5,220.5,True,random,18.0
SCN_012,221,7.3333,TGT_001,COMMUNICATION_TARGET,299,364,10,10,304.0,369.0,True,circular,30.0
SCN_012,221,7.3333,TGT_002,DECOY_TARGET,251,248,10,10,256.0,253.0,True,straight_line,20.0
SCN_012,221,7.3333,TGT_003,DECOY_TARGET,436,216,9,9,440.5,220.5,True,random,18.0
SCN_012,222,7.3667,TGT_001,COMMUNICATION_TARGET,298,364,10,10,303.0,369.0,True,circular,30.0
SCN_012,222,7.3667,TGT_002,DECOY_TARGET,252,248,10,10,257.0,253.0,True,straight_line,20.0
SCN_012,222,7.3667,TGT_003,DECOY_TARGET,436,216,9,9,440.5,220.5,True,random,18.0
SCN_012,223,7.4,TGT_001,COMMUNICATION_TARGET,297,364,10,10,302.0,369.0,True,circular,30.0
SCN_012,223,7.4,TGT_002,DECOY_TARGET,252,248,10,10,257.0,253.0,True,straight_line,20.0
SCN_012,223,7.4,TGT_003,DECOY_TARGET,436,216,9,9,440.5,220.5,True,random,18.0
SCN_012,224,7.4333,TGT_001,COMMUNICATION_TARGET,296,364,10,10,301.0,369.0,True,circular,30.0
SCN_012,224,7.4333,TGT_002,DECOY_TARGET,253,248,10,10,258.0,253.0,True,straight_line,20.0
SCN_012,224,7.4333,TGT_003,DECOY_TARGET,436,216,9,9,440.5,220.5,True,random,18.0
SCN_012,225,7.4667,TGT_001,COMMUNICATION_TARGET,295,363,10,10,300.0,368.0,True,circular,30.0
SCN_012,225,7.4667,TGT_002,DECOY_TARGET,254,248,10,10,259.0,253.0,True,straight_line,20.0
SCN_012,225,7.4667,TGT_003,DECOY_TARGET,436,216,9,9,440.5,220.5,True,random,18.0
SCN_012,226,7.5,TGT_001,COMMUNICATION_TARGET,294,363,10,10,299.0,368.0,True,circular,30.0
SCN_012,226,7.5,TGT_002,DECOY_TARGET,254,248,10,10,259.0,253.0,True,straight_line,20.0
SCN_012,226,7.5,TGT_003,DECOY_TARGET,436,216,9,9,440.5,220.5,True,random,18.0
SCN_012,227,7.5333,TGT_001,COMMUNICATION_TARGET,293,363,10,10,298.0,368.0,True,circular,30.0
SCN_012,227,7.5333,TGT_002,DECOY_TARGET,255,248,10,10,260.0,253.0,True,straight_line,20.0
SCN_012,227,7.5333,TGT_003,DECOY_TARGET,436,216,9,9,440.5,220.5,True,random,18.0
SCN_012,228,7.5667,TGT_001,COMMUNICATION_TARGET,292,363,10,10,297.0,368.0,True,circular,30.0
SCN_012,228,7.5667,TGT_002,DECOY_TARGET,256,248,10,10,261.0,253.0,True,straight_line,20.0
SCN_012,228,7.5667,TGT_003,DECOY_TARGET,436,216,9,9,440.5,220.5,True,random,18.0
SCN_012,229,7.6,TGT_001,COMMUNICATION_TARGET,291,363,10,10,296.0,368.0,True,circular,30.0
SCN_012,229,7.6,TGT_002,DECOY_TARGET,256,248,10,10,261.0,253.0,True,straight_line,20.0
SCN_012,229,7.6,TGT_003,DECOY_TARGET,436,216,9,9,440.5,220.5,True,random,18.0
SCN_012,230,7.6333,TGT_001,COMMUNICATION_TARGET,290,363,10,10,295.0,368.0,True,circular,30.0
SCN_012,230,7.6333,TGT_002,DECOY_TARGET,257,248,10,10,262.0,253.0,True,straight_line,20.0
SCN_012,230,7.6333,TGT_003,DECOY_TARGET,436,216,9,9,440.5,220.5,True,random,18.0
SCN_012,231,7.6667,TGT_001,COMMUNICATION_TARGET,289,362,10,10,294.0,367.0,True,circular,30.0
SCN_012,231,7.6667,TGT_002,DECOY_TARGET,258,248,10,10,263.0,253.0,True,straight_line,20.0
SCN_012,231,7.6667,TGT_003,DECOY_TARGET,436,216,9,9,440.5,220.5,True,random,18.0
SCN_012,232,7.7,TGT_001,COMMUNICATION_TARGET,288,362,10,10,293.0,367.0,True,circular,30.0
SCN_012,232,7.7,TGT_002,DECOY_TARGET,258,248,10,10,263.0,253.0,True,straight_line,20.0
SCN_012,232,7.7,TGT_003,DECOY_TARGET,436,216,9,9,440.5,220.5,True,random,18.0
SCN_012,233,7.7333,TGT_001,COMMUNICATION_TARGET,287,362,10,10,292.0,367.0,True,circular,30.0
SCN_012,233,7.7333,TGT_002,DECOY_TARGET,259,248,10,10,264.0,253.0,True,straight_line,20.0
SCN_012,233,7.7333,TGT_003,DECOY_TARGET,436,216,9,9,440.5,220.5,True,random,18.0
SCN_012,234,7.7667,TGT_001,COMMUNICATION_TARGET,286,362,10,10,291.0,367.0,True,circular,30.0
SCN_012,234,7.7667,TGT_002,DECOY_TARGET,260,249,10,10,265.0,254.0,True,straight_line,20.0
SCN_012,234,7.7667,TGT_003,DECOY_TARGET,436,216,9,9,440.5,220.5,True,random,18.0
SCN_012,235,7.8,TGT_001,COMMUNICATION_TARGET,285,362,10,10,290.0,367.0,True,circular,30.0
SCN_012,235,7.8,TGT_002,DECOY_TARGET,260,249,10,10,265.0,254.0,True,straight_line,20.0
SCN_012,235,7.8,TGT_003,DECOY_TARGET,436,216,9,9,440.5,220.5,True,random,18.0
SCN_012,236,7.8333,TGT_001,COMMUNICATION_TARGET,284,361,10,10,289.0,366.0,True,circular,30.0
SCN_012,236,7.8333,TGT_002,DECOY_TARGET,261,249,10,10,266.0,254.0,True,straight_line,20.0
SCN_012,236,7.8333,TGT_003,DECOY_TARGET,436,216,9,9,440.5,220.5,True,random,18.0
SCN_012,237,7.8667,TGT_001,COMMUNICATION_TARGET,284,361,10,10,289.0,366.0,True,circular,30.0
SCN_012,237,7.8667,TGT_002,DECOY_TARGET,262,249,10,10,267.0,254.0,True,straight_line,20.0
SCN_012,237,7.8667,TGT_003,DECOY_TARGET,436,216,9,9,440.5,220.5,True,random,18.0
SCN_012,238,7.9,TGT_001,COMMUNICATION_TARGET,283,361,10,10,288.0,366.0,True,circular,30.0
SCN_012,238,7.9,TGT_002,DECOY_TARGET,262,249,10,10,267.0,254.0,True,straight_line,20.0
SCN_012,238,7.9,TGT_003,DECOY_TARGET,436,216,9,9,440.5,220.5,True,random,18.0
SCN_012,239,7.9333,TGT_001,COMMUNICATION_TARGET,282,361,10,10,287.0,366.0,True,circular,30.0
SCN_012,239,7.9333,TGT_002,DECOY_TARGET,263,249,10,10,268.0,254.0,True,straight_line,20.0
SCN_012,239,7.9333,TGT_003,DECOY_TARGET,436,216,9,9,440.5,220.5,True,random,18.0
SCN_012,240,7.9667,TGT_001,COMMUNICATION_TARGET,281,360,10,10,286.0,365.0,False,circular,30.0
SCN_012,240,7.9667,TGT_002,DECOY_TARGET,264,249,10,10,269.0,254.0,True,straight_line,20.0
SCN_012,240,7.9667,TGT_003,DECOY_TARGET,436,216,9,9,440.5,220.5,True,random,18.0
SCN_012,241,8.0,TGT_001,COMMUNICATION_TARGET,280,360,10,10,285.0,365.0,False,circular,30.0
SCN_012,241,8.0,TGT_002,DECOY_TARGET,264,249,10,10,269.0,254.0,True,straight_line,20.0
SCN_012,241,8.0,TGT_003,DECOY_TARGET,436,215,9,9,440.5,219.5,True,random,18.0
SCN_012,242,8.0333,TGT_001,COMMUNICATION_TARGET,279,360,10,10,284.0,365.0,False,circular,30.0
SCN_012,242,8.0333,TGT_002,DECOY_TARGET,265,249,10,10,270.0,254.0,True,straight_line,20.0
SCN_012,242,8.0333,TGT_003,DECOY_TARGET,436,215,9,9,440.5,219.5,True,random,18.0
SCN_012,243,8.0667,TGT_001,COMMUNICATION_TARGET,278,360,10,10,283.0,365.0,False,circular,30.0
SCN_012,243,8.0667,TGT_002,DECOY_TARGET,266,249,10,10,271.0,254.0,True,straight_line,20.0
SCN_012,243,8.0667,TGT_003,DECOY_TARGET,436,215,9,9,440.5,219.5,True,random,18.0
SCN_012,244,8.1,TGT_001,COMMUNICATION_TARGET,277,359,10,10,282.0,364.0,False,circular,30.0
SCN_012,244,8.1,TGT_002,DECOY_TARGET,266,249,10,10,271.0,254.0,True,straight_line,20.0
SCN_012,244,8.1,TGT_003,DECOY_TARGET,436,215,9,9,440.5,219.5,True,random,18.0
SCN_012,245,8.1333,TGT_001,COMMUNICATION_TARGET,276,359,10,10,281.0,364.0,False,circular,30.0
SCN_012,245,8.1333,TGT_002,DECOY_TARGET,267,249,10,10,272.0,254.0,True,straight_line,20.0
SCN_012,245,8.1333,TGT_003,DECOY_TARGET,436,215,9,9,440.5,219.5,True,random,18.0
SCN_012,246,8.1667,TGT_001,COMMUNICATION_TARGET,275,359,10,10,280.0,364.0,False,circular,30.0
SCN_012,246,8.1667,TGT_002,DECOY_TARGET,268,249,10,10,273.0,254.0,True,straight_line,20.0
SCN_012,246,8.1667,TGT_003,DECOY_TARGET,436,215,9,9,440.5,219.5,True,random,18.0
SCN_012,247,8.2,TGT_001,COMMUNICATION_TARGET,274,358,10,10,279.0,363.0,False,circular,30.0
SCN_012,247,8.2,TGT_002,DECOY_TARGET,268,249,10,10,273.0,254.0,True,straight_line,20.0
SCN_012,247,8.2,TGT_003,DECOY_TARGET,436,215,9,9,440.5,219.5,True,random,18.0
SCN_012,248,8.2333,TGT_001,COMMUNICATION_TARGET,273,358,10,10,278.0,363.0,False,circular,30.0
SCN_012,248,8.2333,TGT_002,DECOY_TARGET,269,249,10,10,274.0,254.0,True,straight_line,20.0
SCN_012,248,8.2333,TGT_003,DECOY_TARGET,436,215,9,9,440.5,219.5,True,random,18.0
SCN_012,249,8.2667,TGT_001,COMMUNICATION_TARGET,272,358,10,10,277.0,363.0,False,circular,30.0
SCN_012,249,8.2667,TGT_002,DECOY_TARGET,270,249,10,10,275.0,254.0,True,straight_line,20.0
SCN_012,249,8.2667,TGT_003,DECOY_TARGET,436,215,9,9,440.5,219.5,True,random,18.0
SCN_012,250,8.3,TGT_001,COMMUNICATION_TARGET,271,357,10,10,276.0,362.0,False,circular,30.0
SCN_012,250,8.3,TGT_002,DECOY_TARGET,270,249,10,10,275.0,254.0,True,straight_line,20.0
SCN_012,250,8.3,TGT_003,DECOY_TARGET,436,215,9,9,440.5,219.5,True,random,18.0
SCN_012,251,8.3333,TGT_001,COMMUNICATION_TARGET,270,357,10,10,275.0,362.0,False,circular,30.0
SCN_012,251,8.3333,TGT_002,DECOY_TARGET,271,250,10,10,276.0,255.0,True,straight_line,20.0
SCN_012,251,8.3333,TGT_003,DECOY_TARGET,436,215,9,9,440.5,219.5,True,random,18.0
SCN_012,252,8.3667,TGT_001,COMMUNICATION_TARGET,269,357,10,10,274.0,362.0,False,circular,30.0
SCN_012,252,8.3667,TGT_002,DECOY_TARGET,272,250,10,10,277.0,255.0,True,straight_line,20.0
SCN_012,252,8.3667,TGT_003,DECOY_TARGET,436,215,9,9,440.5,219.5,True,random,18.0
SCN_012,253,8.4,TGT_001,COMMUNICATION_TARGET,268,356,10,10,273.0,361.0,False,circular,30.0
SCN_012,253,8.4,TGT_002,DECOY_TARGET,272,250,10,10,277.0,255.0,True,straight_line,20.0
SCN_012,253,8.4,TGT_003,DECOY_TARGET,436,215,9,9,440.5,219.5,True,random,18.0
SCN_012,254,8.4333,TGT_001,COMMUNICATION_TARGET,267,356,10,10,272.0,361.0,False,circular,30.0
SCN_012,254,8.4333,TGT_002,DECOY_TARGET,273,250,10,10,278.0,255.0,True,straight_line,20.0
SCN_012,254,8.4333,TGT_003,DECOY_TARGET,436,215,9,9,440.5,219.5,True,random,18.0
SCN_012,255,8.4667,TGT_001,COMMUNICATION_TARGET,266,356,10,10,271.0,361.0,False,circular,30.0
SCN_012,255,8.4667,TGT_002,DECOY_TARGET,274,250,10,10,279.0,255.0,True,straight_line,20.0
SCN_012,255,8.4667,TGT_003,DECOY_TARGET,436,215,9,9,440.5,219.5,True,random,18.0
SCN_012,256,8.5,TGT_001,COMMUNICATION_TARGET,265,355,10,10,270.0,360.0,False,circular,30.0
SCN_012,256,8.5,TGT_002,DECOY_TARGET,274,250,10,10,279.0,255.0,True,straight_line,20.0
SCN_012,256,8.5,TGT_003,DECOY_TARGET,436,215,9,9,440.5,219.5,True,random,18.0
SCN_012,257,8.5333,TGT_001,COMMUNICATION_TARGET,265,355,10,10,270.0,360.0,False,circular,30.0
SCN_012,257,8.5333,TGT_002,DECOY_TARGET,275,250,10,10,280.0,255.0,True,straight_line,20.0
SCN_012,257,8.5333,TGT_003,DECOY_TARGET,436,215,9,9,440.5,219.5,True,random,18.0
SCN_012,258,8.5667,TGT_001,COMMUNICATION_TARGET,264,354,10,10,269.0,359.0,False,circular,30.0
SCN_012,258,8.5667,TGT_002,DECOY_TARGET,276,250,10,10,281.0,255.0,True,straight_line,20.0
SCN_012,258,8.5667,TGT_003,DECOY_TARGET,436,215,9,9,440.5,219.5,True,random,18.0
SCN_012,259,8.6,TGT_001,COMMUNICATION_TARGET,263,354,10,10,268.0,359.0,False,circular,30.0
SCN_012,259,8.6,TGT_002,DECOY_TARGET,276,250,10,10,281.0,255.0,True,straight_line,20.0
SCN_012,259,8.6,TGT_003,DECOY_TARGET,436,215,9,9,440.5,219.5,True,random,18.0
SCN_012,260,8.6333,TGT_001,COMMUNICATION_TARGET,262,354,10,10,267.0,359.0,False,circular,30.0
SCN_012,260,8.6333,TGT_002,DECOY_TARGET,277,250,10,10,282.0,255.0,True,straight_line,20.0
SCN_012,260,8.6333,TGT_003,DECOY_TARGET,436,215,9,9,440.5,219.5,True,random,18.0
SCN_012,261,8.6667,TGT_001,COMMUNICATION_TARGET,261,353,10,10,266.0,358.0,False,circular,30.0
SCN_012,261,8.6667,TGT_002,DECOY_TARGET,278,250,10,10,283.0,255.0,True,straight_line,20.0
SCN_012,261,8.6667,TGT_003,DECOY_TARGET,436,215,9,9,440.5,219.5,True,random,18.0
SCN_012,262,8.7,TGT_001,COMMUNICATION_TARGET,260,353,10,10,265.0,358.0,False,circular,30.0
SCN_012,262,8.7,TGT_002,DECOY_TARGET,278,250,10,10,283.0,255.0,True,straight_line,20.0
SCN_012,262,8.7,TGT_003,DECOY_TARGET,436,215,9,9,440.5,219.5,True,random,18.0
SCN_012,263,8.7333,TGT_001,COMMUNICATION_TARGET,259,352,10,10,264.0,357.0,False,circular,30.0
SCN_012,263,8.7333,TGT_002,DECOY_TARGET,279,250,10,10,284.0,255.0,True,straight_line,20.0
SCN_012,263,8.7333,TGT_003,DECOY_TARGET,436,215,9,9,440.5,219.5,True,random,18.0
SCN_012,264,8.7667,TGT_001,COMMUNICATION_TARGET,258,352,10,10,263.0,357.0,False,circular,30.0
SCN_012,264,8.7667,TGT_002,DECOY_TARGET,280,250,10,10,285.0,255.0,True,straight_line,20.0
SCN_012,264,8.7667,TGT_003,DECOY_TARGET,436,215,9,9,440.5,219.5,True,random,18.0
SCN_012,265,8.8,TGT_001,COMMUNICATION_TARGET,257,351,10,10,262.0,356.0,False,circular,30.0
SCN_012,265,8.8,TGT_002,DECOY_TARGET,280,250,10,10,285.0,255.0,True,straight_line,20.0
SCN_012,265,8.8,TGT_003,DECOY_TARGET,436,215,9,9,440.5,219.5,True,random,18.0
SCN_012,266,8.8333,TGT_001,COMMUNICATION_TARGET,256,351,10,10,261.0,356.0,False,circular,30.0
SCN_012,266,8.8333,TGT_002,DECOY_TARGET,281,250,10,10,286.0,255.0,True,straight_line,20.0
SCN_012,266,8.8333,TGT_003,DECOY_TARGET,436,215,9,9,440.5,219.5,True,random,18.0
SCN_012,267,8.8667,TGT_001,COMMUNICATION_TARGET,256,351,10,10,261.0,356.0,False,circular,30.0
SCN_012,267,8.8667,TGT_002,DECOY_TARGET,282,250,10,10,287.0,255.0,True,straight_line,20.0
SCN_012,267,8.8667,TGT_003,DECOY_TARGET,436,215,9,9,440.5,219.5,True,random,18.0
SCN_012,268,8.9,TGT_001,COMMUNICATION_TARGET,255,350,10,10,260.0,355.0,False,circular,30.0
SCN_012,268,8.9,TGT_002,DECOY_TARGET,282,251,10,10,287.0,256.0,True,straight_line,20.0
SCN_012,268,8.9,TGT_003,DECOY_TARGET,436,215,9,9,440.5,219.5,True,random,18.0
SCN_012,269,8.9333,TGT_001,COMMUNICATION_TARGET,254,350,10,10,259.0,355.0,False,circular,30.0
SCN_012,269,8.9333,TGT_002,DECOY_TARGET,283,251,10,10,288.0,256.0,True,straight_line,20.0
SCN_012,269,8.9333,TGT_003,DECOY_TARGET,436,215,9,9,440.5,219.5,True,random,18.0
SCN_012,270,8.9667,TGT_001,COMMUNICATION_TARGET,253,349,10,10,258.0,354.0,False,circular,30.0
SCN_012,270,8.9667,TGT_002,DECOY_TARGET,284,251,10,10,289.0,256.0,True,straight_line,20.0
SCN_012,270,8.9667,TGT_003,DECOY_TARGET,436,215,9,9,440.5,219.5,True,random,18.0
SCN_012,271,9.0,TGT_001,COMMUNICATION_TARGET,252,349,10,10,257.0,354.0,False,circular,30.0
SCN_012,271,9.0,TGT_002,DECOY_TARGET,284,251,10,10,289.0,256.0,True,straight_line,20.0
SCN_012,271,9.0,TGT_003,DECOY_TARGET,436,215,9,9,440.5,219.5,True,random,18.0
SCN_012,272,9.0333,TGT_001,COMMUNICATION_TARGET,251,348,10,10,256.0,353.0,False,circular,30.0
SCN_012,272,9.0333,TGT_002,DECOY_TARGET,285,251,10,10,290.0,256.0,True,straight_line,20.0
SCN_012,272,9.0333,TGT_003,DECOY_TARGET,436,215,9,9,440.5,219.5,True,random,18.0
SCN_012,273,9.0667,TGT_001,COMMUNICATION_TARGET,250,348,10,10,255.0,353.0,False,circular,30.0
SCN_012,273,9.0667,TGT_002,DECOY_TARGET,286,251,10,10,291.0,256.0,True,straight_line,20.0
SCN_012,273,9.0667,TGT_003,DECOY_TARGET,436,215,9,9,440.5,219.5,True,random,18.0
SCN_012,274,9.1,TGT_001,COMMUNICATION_TARGET,249,347,10,10,254.0,352.0,False,circular,30.0
SCN_012,274,9.1,TGT_002,DECOY_TARGET,286,251,10,10,291.0,256.0,True,straight_line,20.0
SCN_012,274,9.1,TGT_003,DECOY_TARGET,436,215,9,9,440.5,219.5,True,random,18.0
SCN_012,275,9.1333,TGT_001,COMMUNICATION_TARGET,249,347,10,10,254.0,352.0,False,circular,30.0
SCN_012,275,9.1333,TGT_002,DECOY_TARGET,287,251,10,10,292.0,256.0,True,straight_line,20.0
SCN_012,275,9.1333,TGT_003,DECOY_TARGET,436,215,9,9,440.5,219.5,True,random,18.0
SCN_012,276,9.1667,TGT_001,COMMUNICATION_TARGET,248,346,10,10,253.0,351.0,False,circular,30.0
SCN_012,276,9.1667,TGT_002,DECOY_TARGET,288,251,10,10,293.0,256.0,True,straight_line,20.0
SCN_012,276,9.1667,TGT_003,DECOY_TARGET,436,215,9,9,440.5,219.5,True,random,18.0
SCN_012,277,9.2,TGT_001,COMMUNICATION_TARGET,247,346,10,10,252.0,351.0,False,circular,30.0
SCN_012,277,9.2,TGT_002,DECOY_TARGET,288,251,10,10,293.0,256.0,True,straight_line,20.0
SCN_012,277,9.2,TGT_003,DECOY_TARGET,436,215,9,9,440.5,219.5,True,random,18.0
SCN_012,278,9.2333,TGT_001,COMMUNICATION_TARGET,246,345,10,10,251.0,350.0,False,circular,30.0
SCN_012,278,9.2333,TGT_002,DECOY_TARGET,289,251,10,10,294.0,256.0,True,straight_line,20.0
SCN_012,278,9.2333,TGT_003,DECOY_TARGET,436,215,9,9,440.5,219.5,True,random,18.0
SCN_012,279,9.2667,TGT_001,COMMUNICATION_TARGET,245,345,10,10,250.0,350.0,False,circular,30.0
SCN_012,279,9.2667,TGT_002,DECOY_TARGET,290,251,10,10,295.0,256.0,True,straight_line,20.0
SCN_012,279,9.2667,TGT_003,DECOY_TARGET,436,215,9,9,440.5,219.5,True,random,18.0
SCN_012,280,9.3,TGT_001,COMMUNICATION_TARGET,244,344,10,10,249.0,349.0,False,circular,30.0
SCN_012,280,9.3,TGT_002,DECOY_TARGET,290,251,10,10,295.0,256.0,True,straight_line,20.0
SCN_012,280,9.3,TGT_003,DECOY_TARGET,436,215,9,9,440.5,219.5,True,random,18.0
SCN_012,281,9.3333,TGT_001,COMMUNICATION_TARGET,243,344,10,10,248.0,349.0,False,circular,30.0
SCN_012,281,9.3333,TGT_002,DECOY_TARGET,291,251,10,10,296.0,256.0,True,straight_line,20.0
SCN_012,281,9.3333,TGT_003,DECOY_TARGET,436,215,9,9,440.5,219.5,True,random,18.0
SCN_012,282,9.3667,TGT_001,COMMUNICATION_TARGET,243,343,10,10,248.0,348.0,False,circular,30.0
SCN_012,282,9.3667,TGT_002,DECOY_TARGET,292,251,10,10,297.0,256.0,True,straight_line,20.0
SCN_012,282,9.3667,TGT_003,DECOY_TARGET,436,215,9,9,440.5,219.5,True,random,18.0
SCN_012,283,9.4,TGT_001,COMMUNICATION_TARGET,242,342,10,10,247.0,347.0,False,circular,30.0
SCN_012,283,9.4,TGT_002,DECOY_TARGET,292,251,10,10,297.0,256.0,True,straight_line,20.0
SCN_012,283,9.4,TGT_003,DECOY_TARGET,436,215,9,9,440.5,219.5,True,random,18.0
SCN_012,284,9.4333,TGT_001,COMMUNICATION_TARGET,241,342,10,10,246.0,347.0,False,circular,30.0
SCN_012,284,9.4333,TGT_002,DECOY_TARGET,293,251,10,10,298.0,256.0,True,straight_line,20.0
SCN_012,284,9.4333,TGT_003,DECOY_TARGET,436,215,9,9,440.5,219.5,True,random,18.0
SCN_012,285,9.4667,TGT_001,COMMUNICATION_TARGET,240,341,10,10,245.0,346.0,False,circular,30.0
SCN_012,285,9.4667,TGT_002,DECOY_TARGET,294,252,10,10,299.0,257.0,True,straight_line,20.0
SCN_012,285,9.4667,TGT_003,DECOY_TARGET,436,215,9,9,440.5,219.5,True,random,18.0
SCN_012,286,9.5,TGT_001,COMMUNICATION_TARGET,239,341,10,10,244.0,346.0,False,circular,30.0
SCN_012,286,9.5,TGT_002,DECOY_TARGET,294,252,10,10,299.0,257.0,True,straight_line,20.0
SCN_012,286,9.5,TGT_003,DECOY_TARGET,436,215,9,9,440.5,219.5,True,random,18.0
SCN_012,287,9.5333,TGT_001,COMMUNICATION_TARGET,238,340,10,10,243.0,345.0,False,circular,30.0
SCN_012,287,9.5333,TGT_002,DECOY_TARGET,295,252,10,10,300.0,257.0,True,straight_line,20.0
SCN_012,287,9.5333,TGT_003,DECOY_TARGET,436,215,9,9,440.5,219.5,True,random,18.0
SCN_012,288,9.5667,TGT_001,COMMUNICATION_TARGET,238,340,10,10,243.0,345.0,False,circular,30.0
SCN_012,288,9.5667,TGT_002,DECOY_TARGET,296,252,10,10,301.0,257.0,True,straight_line,20.0
SCN_012,288,9.5667,TGT_003,DECOY_TARGET,436,215,9,9,440.5,219.5,True,random,18.0
SCN_012,289,9.6,TGT_001,COMMUNICATION_TARGET,237,339,10,10,242.0,344.0,False,circular,30.0
SCN_012,289,9.6,TGT_002,DECOY_TARGET,296,252,10,10,301.0,257.0,True,straight_line,20.0
SCN_012,289,9.6,TGT_003,DECOY_TARGET,436,215,9,9,440.5,219.5,True,random,18.0
SCN_012,290,9.6333,TGT_001,COMMUNICATION_TARGET,236,338,10,10,241.0,343.0,False,circular,30.0
SCN_012,290,9.6333,TGT_002,DECOY_TARGET,297,252,10,10,302.0,257.0,True,straight_line,20.0
SCN_012,290,9.6333,TGT_003,DECOY_TARGET,436,215,9,9,440.5,219.5,True,random,18.0
SCN_012,291,9.6667,TGT_001,COMMUNICATION_TARGET,235,338,10,10,240.0,343.0,False,circular,30.0
SCN_012,291,9.6667,TGT_002,DECOY_TARGET,298,252,10,10,303.0,257.0,True,straight_line,20.0
SCN_012,291,9.6667,TGT_003,DECOY_TARGET,436,215,9,9,440.5,219.5,True,random,18.0
SCN_012,292,9.7,TGT_001,COMMUNICATION_TARGET,235,337,10,10,240.0,342.0,False,circular,30.0
SCN_012,292,9.7,TGT_002,DECOY_TARGET,298,252,10,10,303.0,257.0,True,straight_line,20.0
SCN_012,292,9.7,TGT_003,DECOY_TARGET,436,215,9,9,440.5,219.5,True,random,18.0
SCN_012,293,9.7333,TGT_001,COMMUNICATION_TARGET,234,336,10,10,239.0,341.0,False,circular,30.0
SCN_012,293,9.7333,TGT_002,DECOY_TARGET,299,252,10,10,304.0,257.0,True,straight_line,20.0
SCN_012,293,9.7333,TGT_003,DECOY_TARGET,436,215,9,9,440.5,219.5,True,random,18.0
SCN_012,294,9.7667,TGT_001,COMMUNICATION_TARGET,233,336,10,10,238.0,341.0,False,circular,30.0
SCN_012,294,9.7667,TGT_002,DECOY_TARGET,300,252,10,10,305.0,257.0,True,straight_line,20.0
SCN_012,294,9.7667,TGT_003,DECOY_TARGET,436,215,9,9,440.5,219.5,True,random,18.0
SCN_012,295,9.8,TGT_001,COMMUNICATION_TARGET,232,335,10,10,237.0,340.0,False,circular,30.0
SCN_012,295,9.8,TGT_002,DECOY_TARGET,300,252,10,10,305.0,257.0,True,straight_line,20.0
SCN_012,295,9.8,TGT_003,DECOY_TARGET,436,215,9,9,440.5,219.5,True,random,18.0
SCN_012,296,9.8333,TGT_001,COMMUNICATION_TARGET,231,335,10,10,236.0,340.0,False,circular,30.0
SCN_012,296,9.8333,TGT_002,DECOY_TARGET,301,252,10,10,306.0,257.0,True,straight_line,20.0
SCN_012,296,9.8333,TGT_003,DECOY_TARGET,436,215,9,9,440.5,219.5,True,random,18.0
SCN_012,297,9.8667,TGT_001,COMMUNICATION_TARGET,231,334,10,10,236.0,339.0,False,circular,30.0
SCN_012,297,9.8667,TGT_002,DECOY_TARGET,302,252,10,10,307.0,257.0,True,straight_line,20.0
SCN_012,297,9.8667,TGT_003,DECOY_TARGET,436,215,9,9,440.5,219.5,True,random,18.0
SCN_012,298,9.9,TGT_001,COMMUNICATION_TARGET,230,333,10,10,235.0,338.0,False,circular,30.0
SCN_012,298,9.9,TGT_002,DECOY_TARGET,302,252,10,10,307.0,257.0,True,straight_line,20.0
SCN_012,298,9.9,TGT_003,DECOY_TARGET,436,215,9,9,440.5,219.5,True,random,18.0
SCN_012,299,9.9333,TGT_001,COMMUNICATION_TARGET,229,333,10,10,234.0,338.0,False,circular,30.0
SCN_012,299,9.9333,TGT_002,DECOY_TARGET,303,252,10,10,308.0,257.0,True,straight_line,20.0
SCN_012,299,9.9333,TGT_003,DECOY_TARGET,436,215,9,9,440.5,219.5,True,random,18.0
SCN_012,300,9.9667,TGT_001,COMMUNICATION_TARGET,228,332,10,10,233.0,337.0,False,circular,30.0
SCN_012,300,9.9667,TGT_002,DECOY_TARGET,304,252,10,10,309.0,257.0,True,straight_line,20.0
SCN_012,300,9.9667,TGT_003,DECOY_TARGET,436,215,9,9,440.5,219.5,True,random,18.0
SCN_012,301,10.0,TGT_001,COMMUNICATION_TARGET,228,331,10,10,233.0,336.0,True,circular,30.0
SCN_012,301,10.0,TGT_002,DECOY_TARGET,304,252,10,10,309.0,257.0,True,straight_line,20.0
SCN_012,301,10.0,TGT_003,DECOY_TARGET,436,216,9,9,440.5,220.5,True,random,18.0
SCN_012,302,10.0333,TGT_001,COMMUNICATION_TARGET,227,331,10,10,232.0,336.0,True,circular,30.0
SCN_012,302,10.0333,TGT_002,DECOY_TARGET,305,252,10,10,310.0,257.0,True,straight_line,20.0
SCN_012,302,10.0333,TGT_003,DECOY_TARGET,436,216,9,9,440.5,220.5,True,random,18.0
SCN_012,303,10.0667,TGT_001,COMMUNICATION_TARGET,226,330,10,10,231.0,335.0,True,circular,30.0
SCN_012,303,10.0667,TGT_002,DECOY_TARGET,306,253,10,10,311.0,258.0,True,straight_line,20.0
SCN_012,303,10.0667,TGT_003,DECOY_TARGET,436,216,9,9,440.5,220.5,True,random,18.0
SCN_012,304,10.1,TGT_001,COMMUNICATION_TARGET,225,329,10,10,230.0,334.0,True,circular,30.0
SCN_012,304,10.1,TGT_002,DECOY_TARGET,306,253,10,10,311.0,258.0,True,straight_line,20.0
SCN_012,304,10.1,TGT_003,DECOY_TARGET,436,216,9,9,440.5,220.5,True,random,18.0
SCN_012,305,10.1333,TGT_001,COMMUNICATION_TARGET,225,329,10,10,230.0,334.0,True,circular,30.0
SCN_012,305,10.1333,TGT_002,DECOY_TARGET,307,253,10,10,312.0,258.0,True,straight_line,20.0
SCN_012,305,10.1333,TGT_003,DECOY_TARGET,436,216,9,9,440.5,220.5,True,random,18.0
SCN_012,306,10.1667,TGT_001,COMMUNICATION_TARGET,224,328,10,10,229.0,333.0,True,circular,30.0
SCN_012,306,10.1667,TGT_002,DECOY_TARGET,308,253,10,10,313.0,258.0,True,straight_line,20.0
SCN_012,306,10.1667,TGT_003,DECOY_TARGET,436,216,9,9,440.5,220.5,True,random,18.0
SCN_012,307,10.2,TGT_001,COMMUNICATION_TARGET,223,327,10,10,228.0,332.0,True,circular,30.0
SCN_012,307,10.2,TGT_002,DECOY_TARGET,308,253,10,10,313.0,258.0,True,straight_line,20.0
SCN_012,307,10.2,TGT_003,DECOY_TARGET,436,216,9,9,440.5,220.5,True,random,18.0
SCN_012,308,10.2333,TGT_001,COMMUNICATION_TARGET,223,326,10,10,228.0,331.0,True,circular,30.0
SCN_012,308,10.2333,TGT_002,DECOY_TARGET,309,253,10,10,314.0,258.0,True,straight_line,20.0
SCN_012,308,10.2333,TGT_003,DECOY_TARGET,436,216,9,9,440.5,220.5,True,random,18.0
SCN_012,309,10.2667,TGT_001,COMMUNICATION_TARGET,222,326,10,10,227.0,331.0,True,circular,30.0
SCN_012,309,10.2667,TGT_002,DECOY_TARGET,310,253,10,10,315.0,258.0,True,straight_line,20.0
SCN_012,309,10.2667,TGT_003,DECOY_TARGET,436,216,9,9,440.5,220.5,True,random,18.0
SCN_012,310,10.3,TGT_001,COMMUNICATION_TARGET,221,325,10,10,226.0,330.0,True,circular,30.0
SCN_012,310,10.3,TGT_002,DECOY_TARGET,310,253,10,10,315.0,258.0,True,straight_line,20.0
SCN_012,310,10.3,TGT_003,DECOY_TARGET,436,216,9,9,440.5,220.5,True,random,18.0
SCN_012,311,10.3333,TGT_001,COMMUNICATION_TARGET,221,324,10,10,226.0,329.0,True,circular,30.0
SCN_012,311,10.3333,TGT_002,DECOY_TARGET,311,253,10,10,316.0,258.0,True,straight_line,20.0
SCN_012,311,10.3333,TGT_003,DECOY_TARGET,436,216,9,9,440.5,220.5,True,random,18.0
SCN_012,312,10.3667,TGT_001,COMMUNICATION_TARGET,220,324,10,10,225.0,329.0,True,circular,30.0
SCN_012,312,10.3667,TGT_002,DECOY_TARGET,312,253,10,10,317.0,258.0,True,straight_line,20.0
SCN_012,312,10.3667,TGT_003,DECOY_TARGET,436,216,9,9,440.5,220.5,True,random,18.0
SCN_012,313,10.4,TGT_001,COMMUNICATION_TARGET,219,323,10,10,224.0,328.0,True,circular,30.0
SCN_012,313,10.4,TGT_002,DECOY_TARGET,312,253,10,10,317.0,258.0,True,straight_line,20.0
SCN_012,313,10.4,TGT_003,DECOY_TARGET,436,216,9,9,440.5,220.5,True,random,18.0
SCN_012,314,10.4333,TGT_001,COMMUNICATION_TARGET,218,322,10,10,223.0,327.0,True,circular,30.0
SCN_012,314,10.4333,TGT_002,DECOY_TARGET,313,253,10,10,318.0,258.0,True,straight_line,20.0
SCN_012,314,10.4333,TGT_003,DECOY_TARGET,436,216,9,9,440.5,220.5,True,random,18.0
SCN_012,315,10.4667,TGT_001,COMMUNICATION_TARGET,218,321,10,10,223.0,326.0,True,circular,30.0
SCN_012,315,10.4667,TGT_002,DECOY_TARGET,314,253,10,10,319.0,258.0,True,straight_line,20.0
SCN_012,315,10.4667,TGT_003,DECOY_TARGET,436,216,9,9,440.5,220.5,True,random,18.0
SCN_012,316,10.5,TGT_001,COMMUNICATION_TARGET,217,321,10,10,222.0,326.0,True,circular,30.0
SCN_012,316,10.5,TGT_002,DECOY_TARGET,314,253,10,10,319.0,258.0,True,straight_line,20.0
SCN_012,316,10.5,TGT_003,DECOY_TARGET,436,216,9,9,440.5,220.5,True,random,18.0
SCN_012,317,10.5333,TGT_001,COMMUNICATION_TARGET,216,320,10,10,221.0,325.0,True,circular,30.0
SCN_012,317,10.5333,TGT_002,DECOY_TARGET,315,253,10,10,320.0,258.0,True,straight_line,20.0
SCN_012,317,10.5333,TGT_003,DECOY_TARGET,436,216,9,9,440.5,220.5,True,random,18.0
SCN_012,318,10.5667,TGT_001,COMMUNICATION_TARGET,216,319,10,10,221.0,324.0,True,circular,30.0
SCN_012,318,10.5667,TGT_002,DECOY_TARGET,316,253,10,10,321.0,258.0,True,straight_line,20.0
SCN_012,318,10.5667,TGT_003,DECOY_TARGET,436,216,9,9,440.5,220.5,True,random,18.0
SCN_012,319,10.6,TGT_001,COMMUNICATION_TARGET,215,318,10,10,220.0,323.0,True,circular,30.0
SCN_012,319,10.6,TGT_002,DECOY_TARGET,316,253,10,10,321.0,258.0,True,straight_line,20.0
SCN_012,319,10.6,TGT_003,DECOY_TARGET,436,216,9,9,440.5,220.5,True,random,18.0
SCN_012,320,10.6333,TGT_001,COMMUNICATION_TARGET,215,318,10,10,220.0,323.0,True,circular,30.0
SCN_012,320,10.6333,TGT_002,DECOY_TARGET,317,254,10,10,322.0,259.0,True,straight_line,20.0
SCN_012,320,10.6333,TGT_003,DECOY_TARGET,436,216,9,9,440.5,220.5,True,random,18.0
SCN_012,321,10.6667,TGT_001,COMMUNICATION_TARGET,214,317,10,10,219.0,322.0,True,circular,30.0
SCN_012,321,10.6667,TGT_002,DECOY_TARGET,318,254,10,10,323.0,259.0,True,straight_line,20.0
SCN_012,321,10.6667,TGT_003,DECOY_TARGET,436,216,9,9,440.5,220.5,True,random,18.0
SCN_012,322,10.7,TGT_001,COMMUNICATION_TARGET,213,316,10,10,218.0,321.0,True,circular,30.0
SCN_012,322,10.7,TGT_002,DECOY_TARGET,318,254,10,10,323.0,259.0,True,straight_line,20.0
SCN_012,322,10.7,TGT_003,DECOY_TARGET,436,216,9,9,440.5,220.5,True,random,18.0
SCN_012,323,10.7333,TGT_001,COMMUNICATION_TARGET,213,315,10,10,218.0,320.0,True,circular,30.0
SCN_012,323,10.7333,TGT_002,DECOY_TARGET,319,254,10,10,324.0,259.0,True,straight_line,20.0
SCN_012,323,10.7333,TGT_003,DECOY_TARGET,436,216,9,9,440.5,220.5,True,random,18.0
SCN_012,324,10.7667,TGT_001,COMMUNICATION_TARGET,212,314,10,10,217.0,319.0,True,circular,30.0
SCN_012,324,10.7667,TGT_002,DECOY_TARGET,320,254,10,10,325.0,259.0,True,straight_line,20.0
SCN_012,324,10.7667,TGT_003,DECOY_TARGET,436,216,9,9,440.5,220.5,True,random,18.0
SCN_012,325,10.8,TGT_001,COMMUNICATION_TARGET,211,314,10,10,216.0,319.0,True,circular,30.0
SCN_012,325,10.8,TGT_002,DECOY_TARGET,320,254,10,10,325.0,259.0,True,straight_line,20.0
SCN_012,325,10.8,TGT_003,DECOY_TARGET,435,216,9,9,439.5,220.5,True,random,18.0
SCN_012,326,10.8333,TGT_001,COMMUNICATION_TARGET,211,313,10,10,216.0,318.0,True,circular,30.0
SCN_012,326,10.8333,TGT_002,DECOY_TARGET,321,254,10,10,326.0,259.0,True,straight_line,20.0
SCN_012,326,10.8333,TGT_003,DECOY_TARGET,435,216,9,9,439.5,220.5,True,random,18.0
SCN_012,327,10.8667,TGT_001,COMMUNICATION_TARGET,210,312,10,10,215.0,317.0,True,circular,30.0
SCN_012,327,10.8667,TGT_002,DECOY_TARGET,322,254,10,10,327.0,259.0,True,straight_line,20.0
SCN_012,327,10.8667,TGT_003,DECOY_TARGET,435,216,9,9,439.5,220.5,True,random,18.0
SCN_012,328,10.9,TGT_001,COMMUNICATION_TARGET,210,311,10,10,215.0,316.0,True,circular,30.0
SCN_012,328,10.9,TGT_002,DECOY_TARGET,322,254,10,10,327.0,259.0,True,straight_line,20.0
SCN_012,328,10.9,TGT_003,DECOY_TARGET,435,216,9,9,439.5,220.5,True,random,18.0
SCN_012,329,10.9333,TGT_001,COMMUNICATION_TARGET,209,310,10,10,214.0,315.0,True,circular,30.0
SCN_012,329,10.9333,TGT_002,DECOY_TARGET,323,254,10,10,328.0,259.0,True,straight_line,20.0
SCN_012,329,10.9333,TGT_003,DECOY_TARGET,435,216,9,9,439.5,220.5,True,random,18.0
SCN_012,330,10.9667,TGT_001,COMMUNICATION_TARGET,209,310,10,10,214.0,315.0,True,circular,30.0
SCN_012,330,10.9667,TGT_002,DECOY_TARGET,323,254,10,10,328.0,259.0,True,straight_line,20.0
SCN_012,330,10.9667,TGT_003,DECOY_TARGET,435,216,9,9,439.5,220.5,True,random,18.0
SCN_012,331,11.0,TGT_001,COMMUNICATION_TARGET,208,309,10,10,213.0,314.0,True,circular,30.0
SCN_012,331,11.0,TGT_002,DECOY_TARGET,324,254,10,10,329.0,259.0,True,straight_line,20.0
SCN_012,331,11.0,TGT_003,DECOY_TARGET,435,216,9,9,439.5,220.5,True,random,18.0
SCN_012,332,11.0333,TGT_001,COMMUNICATION_TARGET,207,308,10,10,212.0,313.0,True,circular,30.0
SCN_012,332,11.0333,TGT_002,DECOY_TARGET,325,254,10,10,330.0,259.0,True,straight_line,20.0
SCN_012,332,11.0333,TGT_003,DECOY_TARGET,435,216,9,9,439.5,220.5,True,random,18.0
SCN_012,333,11.0667,TGT_001,COMMUNICATION_TARGET,207,307,10,10,212.0,312.0,True,circular,30.0
SCN_012,333,11.0667,TGT_002,DECOY_TARGET,325,254,10,10,330.0,259.0,True,straight_line,20.0
SCN_012,333,11.0667,TGT_003,DECOY_TARGET,435,216,9,9,439.5,220.5,True,random,18.0
SCN_012,334,11.1,TGT_001,COMMUNICATION_TARGET,206,306,10,10,211.0,311.0,True,circular,30.0
SCN_012,334,11.1,TGT_002,DECOY_TARGET,326,254,10,10,331.0,259.0,True,straight_line,20.0
SCN_012,334,11.1,TGT_003,DECOY_TARGET,435,216,9,9,439.5,220.5,True,random,18.0
SCN_012,335,11.1333,TGT_001,COMMUNICATION_TARGET,206,305,10,10,211.0,310.0,True,circular,30.0
SCN_012,335,11.1333,TGT_002,DECOY_TARGET,327,254,10,10,332.0,259.0,True,straight_line,20.0
SCN_012,335,11.1333,TGT_003,DECOY_TARGET,435,216,9,9,439.5,220.5,True,random,18.0
SCN_012,336,11.1667,TGT_001,COMMUNICATION_TARGET,205,305,10,10,210.0,310.0,True,circular,30.0
SCN_012,336,11.1667,TGT_002,DECOY_TARGET,327,254,10,10,332.0,259.0,True,straight_line,20.0
SCN_012,336,11.1667,TGT_003,DECOY_TARGET,435,216,9,9,439.5,220.5,True,random,18.0
SCN_012,337,11.2,TGT_001,COMMUNICATION_TARGET,205,304,10,10,210.0,309.0,True,circular,30.0
SCN_012,337,11.2,TGT_002,DECOY_TARGET,328,255,10,10,333.0,260.0,True,straight_line,20.0
SCN_012,337,11.2,TGT_003,DECOY_TARGET,436,216,9,9,440.5,220.5,True,random,18.0
SCN_012,338,11.2333,TGT_001,COMMUNICATION_TARGET,204,303,10,10,209.0,308.0,True,circular,30.0
SCN_012,338,11.2333,TGT_002,DECOY_TARGET,329,255,10,10,334.0,260.0,True,straight_line,20.0
SCN_012,338,11.2333,TGT_003,DECOY_TARGET,436,216,9,9,440.5,220.5,True,random,18.0
SCN_012,339,11.2667,TGT_001,COMMUNICATION_TARGET,204,302,10,10,209.0,307.0,True,circular,30.0
SCN_012,339,11.2667,TGT_002,DECOY_TARGET,329,255,10,10,334.0,260.0,True,straight_line,20.0
SCN_012,339,11.2667,TGT_003,DECOY_TARGET,436,216,9,9,440.5,220.5,True,random,18.0
SCN_012,340,11.3,TGT_001,COMMUNICATION_TARGET,203,301,10,10,208.0,306.0,True,circular,30.0
SCN_012,340,11.3,TGT_002,DECOY_TARGET,330,255,10,10,335.0,260.0,True,straight_line,20.0
SCN_012,340,11.3,TGT_003,DECOY_TARGET,436,216,9,9,440.5,220.5,True,random,18.0
SCN_012,341,11.3333,TGT_001,COMMUNICATION_TARGET,203,300,10,10,208.0,305.0,True,circular,30.0
SCN_012,341,11.3333,TGT_002,DECOY_TARGET,331,255,10,10,336.0,260.0,True,straight_line,20.0
SCN_012,341,11.3333,TGT_003,DECOY_TARGET,436,216,9,9,440.5,220.5,True,random,18.0
SCN_012,342,11.3667,TGT_001,COMMUNICATION_TARGET,202,299,10,10,207.0,304.0,True,circular,30.0
SCN_012,342,11.3667,TGT_002,DECOY_TARGET,331,255,10,10,336.0,260.0,True,straight_line,20.0
SCN_012,342,11.3667,TGT_003,DECOY_TARGET,436,216,9,9,440.5,220.5,True,random,18.0
SCN_012,343,11.4,TGT_001,COMMUNICATION_TARGET,202,299,10,10,207.0,304.0,True,circular,30.0
SCN_012,343,11.4,TGT_002,DECOY_TARGET,332,255,10,10,337.0,260.0,True,straight_line,20.0
SCN_012,343,11.4,TGT_003,DECOY_TARGET,436,216,9,9,440.5,220.5,True,random,18.0
SCN_012,344,11.4333,TGT_001,COMMUNICATION_TARGET,201,298,10,10,206.0,303.0,True,circular,30.0
SCN_012,344,11.4333,TGT_002,DECOY_TARGET,333,255,10,10,338.0,260.0,True,straight_line,20.0
SCN_012,344,11.4333,TGT_003,DECOY_TARGET,436,216,9,9,440.5,220.5,True,random,18.0
SCN_012,345,11.4667,TGT_001,COMMUNICATION_TARGET,201,297,10,10,206.0,302.0,True,circular,30.0
SCN_012,345,11.4667,TGT_002,DECOY_TARGET,333,255,10,10,338.0,260.0,True,straight_line,20.0
SCN_012,345,11.4667,TGT_003,DECOY_TARGET,436,216,9,9,440.5,220.5,True,random,18.0
SCN_012,346,11.5,TGT_001,COMMUNICATION_TARGET,200,296,10,10,205.0,301.0,True,circular,30.0
SCN_012,346,11.5,TGT_002,DECOY_TARGET,334,255,10,10,339.0,260.0,True,straight_line,20.0
SCN_012,346,11.5,TGT_003,DECOY_TARGET,436,216,9,9,440.5,220.5,True,random,18.0
SCN_012,347,11.5333,TGT_001,COMMUNICATION_TARGET,200,295,10,10,205.0,300.0,True,circular,30.0
SCN_012,347,11.5333,TGT_002,DECOY_TARGET,335,255,10,10,340.0,260.0,True,straight_line,20.0
SCN_012,347,11.5333,TGT_003,DECOY_TARGET,436,216,9,9,440.5,220.5,True,random,18.0
SCN_012,348,11.5667,TGT_001,COMMUNICATION_TARGET,199,294,10,10,204.0,299.0,True,circular,30.0
SCN_012,348,11.5667,TGT_002,DECOY_TARGET,335,255,10,10,340.0,260.0,True,straight_line,20.0
SCN_012,348,11.5667,TGT_003,DECOY_TARGET,436,216,9,9,440.5,220.5,True,random,18.0
SCN_012,349,11.6,TGT_001,COMMUNICATION_TARGET,199,293,10,10,204.0,298.0,True,circular,30.0
SCN_012,349,11.6,TGT_002,DECOY_TARGET,336,255,10,10,341.0,260.0,True,straight_line,20.0
SCN_012,349,11.6,TGT_003,DECOY_TARGET,436,216,9,9,440.5,220.5,True,random,18.0
SCN_012,350,11.6333,TGT_001,COMMUNICATION_TARGET,198,292,10,10,203.0,297.0,True,circular,30.0
SCN_012,350,11.6333,TGT_002,DECOY_TARGET,337,255,10,10,342.0,260.0,True,straight_line,20.0
SCN_012,350,11.6333,TGT_003,DECOY_TARGET,436,216,9,9,440.5,220.5,True,random,18.0
SCN_012,351,11.6667,TGT_001,COMMUNICATION_TARGET,198,291,10,10,203.0,296.0,True,circular,30.0
SCN_012,351,11.6667,TGT_002,DECOY_TARGET,337,255,10,10,342.0,260.0,True,straight_line,20.0
SCN_012,351,11.6667,TGT_003,DECOY_TARGET,436,216,9,9,440.5,220.5,True,random,18.0
SCN_012,352,11.7,TGT_001,COMMUNICATION_TARGET,197,291,10,10,202.0,296.0,True,circular,30.0
SCN_012,352,11.7,TGT_002,DECOY_TARGET,338,255,10,10,343.0,260.0,True,straight_line,20.0
SCN_012,352,11.7,TGT_003,DECOY_TARGET,436,216,9,9,440.5,220.5,True,random,18.0
SCN_012,353,11.7333,TGT_001,COMMUNICATION_TARGET,197,290,10,10,202.0,295.0,True,circular,30.0
SCN_012,353,11.7333,TGT_002,DECOY_TARGET,339,255,10,10,344.0,260.0,True,straight_line,20.0
SCN_012,353,11.7333,TGT_003,DECOY_TARGET,436,216,9,9,440.5,220.5,True,random,18.0
SCN_012,354,11.7667,TGT_001,COMMUNICATION_TARGET,197,289,10,10,202.0,294.0,True,circular,30.0
SCN_012,354,11.7667,TGT_002,DECOY_TARGET,339,256,10,10,344.0,261.0,True,straight_line,20.0
SCN_012,354,11.7667,TGT_003,DECOY_TARGET,436,216,9,9,440.5,220.5,True,random,18.0
SCN_012,355,11.8,TGT_001,COMMUNICATION_TARGET,196,288,10,10,201.0,293.0,True,circular,30.0
SCN_012,355,11.8,TGT_002,DECOY_TARGET,340,256,10,10,345.0,261.0,True,straight_line,20.0
SCN_012,355,11.8,TGT_003,DECOY_TARGET,436,216,9,9,440.5,220.5,True,random,18.0
SCN_012,356,11.8333,TGT_001,COMMUNICATION_TARGET,196,287,10,10,201.0,292.0,True,circular,30.0
SCN_012,356,11.8333,TGT_002,DECOY_TARGET,341,256,10,10,346.0,261.0,True,straight_line,20.0
SCN_012,356,11.8333,TGT_003,DECOY_TARGET,436,216,9,9,440.5,220.5,True,random,18.0
SCN_012,357,11.8667,TGT_001,COMMUNICATION_TARGET,195,286,10,10,200.0,291.0,True,circular,30.0
SCN_012,357,11.8667,TGT_002,DECOY_TARGET,341,256,10,10,346.0,261.0,True,straight_line,20.0
SCN_012,357,11.8667,TGT_003,DECOY_TARGET,436,216,9,9,440.5,220.5,True,random,18.0
SCN_012,358,11.9,TGT_001,COMMUNICATION_TARGET,195,285,10,10,200.0,290.0,True,circular,30.0
SCN_012,358,11.9,TGT_002,DECOY_TARGET,342,256,10,10,347.0,261.0,True,straight_line,20.0
SCN_012,358,11.9,TGT_003,DECOY_TARGET,436,216,9,9,440.5,220.5,True,random,18.0
SCN_012,359,11.9333,TGT_001,COMMUNICATION_TARGET,195,284,10,10,200.0,289.0,True,circular,30.0
SCN_012,359,11.9333,TGT_002,DECOY_TARGET,343,256,10,10,348.0,261.0,True,straight_line,20.0
SCN_012,359,11.9333,TGT_003,DECOY_TARGET,436,215,9,9,440.5,219.5,True,random,18.0
SCN_012,360,11.9667,TGT_001,COMMUNICATION_TARGET,194,283,10,10,199.0,288.0,True,circular,30.0
SCN_012,360,11.9667,TGT_002,DECOY_TARGET,343,256,10,10,348.0,261.0,True,straight_line,20.0
SCN_012,360,11.9667,TGT_003,DECOY_TARGET,436,215,9,9,440.5,219.5,True,random,18.0
SCN_012,361,12.0,TGT_001,COMMUNICATION_TARGET,194,282,10,10,199.0,287.0,True,circular,30.0
SCN_012,361,12.0,TGT_002,DECOY_TARGET,344,256,10,10,349.0,261.0,True,straight_line,20.0
SCN_012,361,12.0,TGT_003,DECOY_TARGET,436,215,9,9,440.5,219.5,True,random,18.0
SCN_012,362,12.0333,TGT_001,COMMUNICATION_TARGET,194,281,10,10,199.0,286.0,True,circular,30.0
SCN_012,362,12.0333,TGT_002,DECOY_TARGET,345,256,10,10,350.0,261.0,True,straight_line,20.0
SCN_012,362,12.0333,TGT_003,DECOY_TARGET,436,215,9,9,440.5,219.5,True,random,18.0
SCN_012,363,12.0667,TGT_001,COMMUNICATION_TARGET,193,280,10,10,198.0,285.0,True,circular,30.0
SCN_012,363,12.0667,TGT_002,DECOY_TARGET,345,256,10,10,350.0,261.0,True,straight_line,20.0
SCN_012,363,12.0667,TGT_003,DECOY_TARGET,436,215,9,9,440.5,219.5,True,random,18.0
SCN_012,364,12.1,TGT_001,COMMUNICATION_TARGET,193,279,10,10,198.0,284.0,True,circular,30.0
SCN_012,364,12.1,TGT_002,DECOY_TARGET,346,256,10,10,351.0,261.0,True,straight_line,20.0
SCN_012,364,12.1,TGT_003,DECOY_TARGET,436,215,9,9,440.5,219.5,True,random,18.0
SCN_012,365,12.1333,TGT_001,COMMUNICATION_TARGET,193,279,10,10,198.0,284.0,True,circular,30.0
SCN_012,365,12.1333,TGT_002,DECOY_TARGET,347,256,10,10,352.0,261.0,True,straight_line,20.0
SCN_012,365,12.1333,TGT_003,DECOY_TARGET,436,215,9,9,440.5,219.5,True,random,18.0
SCN_012,366,12.1667,TGT_001,COMMUNICATION_TARGET,192,278,10,10,197.0,283.0,True,circular,30.0
SCN_012,366,12.1667,TGT_002,DECOY_TARGET,347,256,10,10,352.0,261.0,True,straight_line,20.0
SCN_012,366,12.1667,TGT_003,DECOY_TARGET,436,215,9,9,440.5,219.5,True,random,18.0
SCN_012,367,12.2,TGT_001,COMMUNICATION_TARGET,192,277,10,10,197.0,282.0,True,circular,30.0
SCN_012,367,12.2,TGT_002,DECOY_TARGET,348,256,10,10,353.0,261.0,True,straight_line,20.0
SCN_012,367,12.2,TGT_003,DECOY_TARGET,436,215,9,9,440.5,219.5,True,random,18.0
SCN_012,368,12.2333,TGT_001,COMMUNICATION_TARGET,192,276,10,10,197.0,281.0,True,circular,30.0
SCN_012,368,12.2333,TGT_002,DECOY_TARGET,349,256,10,10,354.0,261.0,True,straight_line,20.0
SCN_012,368,12.2333,TGT_003,DECOY_TARGET,436,215,9,9,440.5,219.5,True,random,18.0
SCN_012,369,12.2667,TGT_001,COMMUNICATION_TARGET,191,275,10,10,196.0,280.0,True,circular,30.0
SCN_012,369,12.2667,TGT_002,DECOY_TARGET,349,256,10,10,354.0,261.0,True,straight_line,20.0
SCN_012,369,12.2667,TGT_003,DECOY_TARGET,436,215,9,9,440.5,219.5,True,random,18.0
SCN_012,370,12.3,TGT_001,COMMUNICATION_TARGET,191,274,10,10,196.0,279.0,True,circular,30.0
SCN_012,370,12.3,TGT_002,DECOY_TARGET,350,256,10,10,355.0,261.0,True,straight_line,20.0
SCN_012,370,12.3,TGT_003,DECOY_TARGET,436,215,9,9,440.5,219.5,True,random,18.0
SCN_012,371,12.3333,TGT_001,COMMUNICATION_TARGET,191,273,10,10,196.0,278.0,True,circular,30.0
SCN_012,371,12.3333,TGT_002,DECOY_TARGET,351,256,10,10,356.0,261.0,True,straight_line,20.0
SCN_012,371,12.3333,TGT_003,DECOY_TARGET,436,215,9,9,440.5,219.5,True,random,18.0
SCN_012,372,12.3667,TGT_001,COMMUNICATION_TARGET,190,272,10,10,195.0,277.0,True,circular,30.0
SCN_012,372,12.3667,TGT_002,DECOY_TARGET,351,257,10,10,356.0,262.0,True,straight_line,20.0
SCN_012,372,12.3667,TGT_003,DECOY_TARGET,436,215,9,9,440.5,219.5,True,random,18.0
SCN_012,373,12.4,TGT_001,COMMUNICATION_TARGET,190,271,10,10,195.0,276.0,True,circular,30.0
SCN_012,373,12.4,TGT_002,DECOY_TARGET,352,257,10,10,357.0,262.0,True,straight_line,20.0
SCN_012,373,12.4,TGT_003,DECOY_TARGET,436,215,9,9,440.5,219.5,True,random,18.0
SCN_012,374,12.4333,TGT_001,COMMUNICATION_TARGET,190,270,10,10,195.0,275.0,True,circular,30.0
SCN_012,374,12.4333,TGT_002,DECOY_TARGET,353,257,10,10,358.0,262.0,True,straight_line,20.0
SCN_012,374,12.4333,TGT_003,DECOY_TARGET,436,215,9,9,440.5,219.5,True,random,18.0
SCN_012,375,12.4667,TGT_001,COMMUNICATION_TARGET,190,269,10,10,195.0,274.0,True,circular,30.0
SCN_012,375,12.4667,TGT_002,DECOY_TARGET,353,257,10,10,358.0,262.0,True,straight_line,20.0
SCN_012,375,12.4667,TGT_003,DECOY_TARGET,436,215,9,9,440.5,219.5,True,random,18.0
SCN_012,376,12.5,TGT_001,COMMUNICATION_TARGET,189,268,10,10,194.0,273.0,True,circular,30.0
SCN_012,376,12.5,TGT_002,DECOY_TARGET,354,257,10,10,359.0,262.0,True,straight_line,20.0
SCN_012,376,12.5,TGT_003,DECOY_TARGET,436,215,9,9,440.5,219.5,True,random,18.0
SCN_012,377,12.5333,TGT_001,COMMUNICATION_TARGET,189,267,10,10,194.0,272.0,True,circular,30.0
SCN_012,377,12.5333,TGT_002,DECOY_TARGET,355,257,10,10,360.0,262.0,True,straight_line,20.0
SCN_012,377,12.5333,TGT_003,DECOY_TARGET,436,215,9,9,440.5,219.5,True,random,18.0
SCN_012,378,12.5667,TGT_001,COMMUNICATION_TARGET,189,266,10,10,194.0,271.0,True,circular,30.0
SCN_012,378,12.5667,TGT_002,DECOY_TARGET,355,257,10,10,360.0,262.0,True,straight_line,20.0
SCN_012,378,12.5667,TGT_003,DECOY_TARGET,436,215,9,9,440.5,219.5,True,random,18.0
SCN_012,379,12.6,TGT_001,COMMUNICATION_TARGET,189,265,10,10,194.0,270.0,True,circular,30.0
SCN_012,379,12.6,TGT_002,DECOY_TARGET,356,257,10,10,361.0,262.0,True,straight_line,20.0
SCN_012,379,12.6,TGT_003,DECOY_TARGET,436,215,9,9,440.5,219.5,True,random,18.0
SCN_012,380,12.6333,TGT_001,COMMUNICATION_TARGET,188,264,10,10,193.0,269.0,True,circular,30.0
SCN_012,380,12.6333,TGT_002,DECOY_TARGET,357,257,10,10,362.0,262.0,True,straight_line,20.0
SCN_012,380,12.6333,TGT_003,DECOY_TARGET,436,215,9,9,440.5,219.5,True,random,18.0
SCN_012,381,12.6667,TGT_001,COMMUNICATION_TARGET,188,263,10,10,193.0,268.0,True,circular,30.0
SCN_012,381,12.6667,TGT_002,DECOY_TARGET,357,257,10,10,362.0,262.0,True,straight_line,20.0
SCN_012,381,12.6667,TGT_003,DECOY_TARGET,436,215,9,9,440.5,219.5,True,random,18.0
SCN_012,382,12.7,TGT_001,COMMUNICATION_TARGET,188,262,10,10,193.0,267.0,True,circular,30.0
SCN_012,382,12.7,TGT_002,DECOY_TARGET,358,257,10,10,363.0,262.0,True,straight_line,20.0
SCN_012,382,12.7,TGT_003,DECOY_TARGET,436,215,9,9,440.5,219.5,True,random,18.0
SCN_012,383,12.7333,TGT_001,COMMUNICATION_TARGET,188,261,10,10,193.0,266.0,True,circular,30.0
SCN_012,383,12.7333,TGT_002,DECOY_TARGET,359,257,10,10,364.0,262.0,True,straight_line,20.0
SCN_012,383,12.7333,TGT_003,DECOY_TARGET,436,215,9,9,440.5,219.5,True,random,18.0
SCN_012,384,12.7667,TGT_001,COMMUNICATION_TARGET,187,260,10,10,192.0,265.0,True,circular,30.0
SCN_012,384,12.7667,TGT_002,DECOY_TARGET,359,257,10,10,364.0,262.0,True,straight_line,20.0
SCN_012,384,12.7667,TGT_003,DECOY_TARGET,436,215,9,9,440.5,219.5,True,random,18.0
SCN_012,385,12.8,TGT_001,COMMUNICATION_TARGET,187,259,10,10,192.0,264.0,True,circular,30.0
SCN_012,385,12.8,TGT_002,DECOY_TARGET,360,257,10,10,365.0,262.0,True,straight_line,20.0
SCN_012,385,12.8,TGT_003,DECOY_TARGET,436,215,9,9,440.5,219.5,True,random,18.0
SCN_012,386,12.8333,TGT_001,COMMUNICATION_TARGET,187,258,10,10,192.0,263.0,True,circular,30.0
SCN_012,386,12.8333,TGT_002,DECOY_TARGET,361,257,10,10,366.0,262.0,True,straight_line,20.0
SCN_012,386,12.8333,TGT_003,DECOY_TARGET,436,215,9,9,440.5,219.5,True,random,18.0
SCN_012,387,12.8667,TGT_001,COMMUNICATION_TARGET,187,257,10,10,192.0,262.0,True,circular,30.0
SCN_012,387,12.8667,TGT_002,DECOY_TARGET,361,257,10,10,366.0,262.0,True,straight_line,20.0
SCN_012,387,12.8667,TGT_003,DECOY_TARGET,436,215,9,9,440.5,219.5,True,random,18.0
SCN_012,388,12.9,TGT_001,COMMUNICATION_TARGET,187,256,10,10,192.0,261.0,True,circular,30.0
SCN_012,388,12.9,TGT_002,DECOY_TARGET,362,257,10,10,367.0,262.0,True,straight_line,20.0
SCN_012,388,12.9,TGT_003,DECOY_TARGET,436,215,9,9,440.5,219.5,True,random,18.0
SCN_012,389,12.9333,TGT_001,COMMUNICATION_TARGET,187,255,10,10,192.0,260.0,True,circular,30.0
SCN_012,389,12.9333,TGT_002,DECOY_TARGET,363,258,10,10,368.0,263.0,True,straight_line,20.0
SCN_012,389,12.9333,TGT_003,DECOY_TARGET,436,215,9,9,440.5,219.5,True,random,18.0
SCN_012,390,12.9667,TGT_001,COMMUNICATION_TARGET,186,254,10,10,191.0,259.0,True,circular,30.0
SCN_012,390,12.9667,TGT_002,DECOY_TARGET,363,258,10,10,368.0,263.0,True,straight_line,20.0
SCN_012,390,12.9667,TGT_003,DECOY_TARGET,436,215,9,9,440.5,219.5,True,random,18.0
SCN_012,391,13.0,TGT_001,COMMUNICATION_TARGET,186,253,10,10,191.0,258.0,True,circular,30.0
SCN_012,391,13.0,TGT_002,DECOY_TARGET,364,258,10,10,369.0,263.0,True,straight_line,20.0
SCN_012,391,13.0,TGT_003,DECOY_TARGET,436,215,9,9,440.5,219.5,True,random,18.0
SCN_012,392,13.0333,TGT_001,COMMUNICATION_TARGET,186,252,10,10,191.0,257.0,True,circular,30.0
SCN_012,392,13.0333,TGT_002,DECOY_TARGET,365,258,10,10,370.0,263.0,True,straight_line,20.0
SCN_012,392,13.0333,TGT_003,DECOY_TARGET,436,215,9,9,440.5,219.5,True,random,18.0
SCN_012,393,13.0667,TGT_001,COMMUNICATION_TARGET,186,251,10,10,191.0,256.0,True,circular,30.0
SCN_012,393,13.0667,TGT_002,DECOY_TARGET,365,258,10,10,370.0,263.0,True,straight_line,20.0
SCN_012,393,13.0667,TGT_003,DECOY_TARGET,436,215,9,9,440.5,219.5,True,random,18.0
SCN_012,394,13.1,TGT_001,COMMUNICATION_TARGET,186,250,10,10,191.0,255.0,True,circular,30.0
SCN_012,394,13.1,TGT_002,DECOY_TARGET,366,258,10,10,371.0,263.0,True,straight_line,20.0
SCN_012,394,13.1,TGT_003,DECOY_TARGET,436,215,9,9,440.5,219.5,True,random,18.0
SCN_012,395,13.1333,TGT_001,COMMUNICATION_TARGET,186,249,10,10,191.0,254.0,True,circular,30.0
SCN_012,395,13.1333,TGT_002,DECOY_TARGET,367,258,10,10,372.0,263.0,True,straight_line,20.0
SCN_012,395,13.1333,TGT_003,DECOY_TARGET,436,215,9,9,440.5,219.5,True,random,18.0
SCN_012,396,13.1667,TGT_001,COMMUNICATION_TARGET,186,248,10,10,191.0,253.0,True,circular,30.0
SCN_012,396,13.1667,TGT_002,DECOY_TARGET,367,258,10,10,372.0,263.0,True,straight_line,20.0
SCN_012,396,13.1667,TGT_003,DECOY_TARGET,436,215,9,9,440.5,219.5,True,random,18.0
SCN_012,397,13.2,TGT_001,COMMUNICATION_TARGET,186,247,10,10,191.0,252.0,True,circular,30.0
SCN_012,397,13.2,TGT_002,DECOY_TARGET,368,258,10,10,373.0,263.0,True,straight_line,20.0
SCN_012,397,13.2,TGT_003,DECOY_TARGET,436,215,9,9,440.5,219.5,True,random,18.0
SCN_012,398,13.2333,TGT_001,COMMUNICATION_TARGET,186,246,10,10,191.0,251.0,True,circular,30.0
SCN_012,398,13.2333,TGT_002,DECOY_TARGET,369,258,10,10,374.0,263.0,True,straight_line,20.0
SCN_012,398,13.2333,TGT_003,DECOY_TARGET,436,215,9,9,440.5,219.5,True,random,18.0
SCN_012,399,13.2667,TGT_001,COMMUNICATION_TARGET,185,245,10,10,190.0,250.0,True,circular,30.0
SCN_012,399,13.2667,TGT_002,DECOY_TARGET,369,258,10,10,374.0,263.0,True,straight_line,20.0
SCN_012,399,13.2667,TGT_003,DECOY_TARGET,436,215,9,9,440.5,219.5,True,random,18.0
SCN_012,400,13.3,TGT_001,COMMUNICATION_TARGET,185,244,10,10,190.0,249.0,True,circular,30.0
SCN_012,400,13.3,TGT_002,DECOY_TARGET,370,258,10,10,375.0,263.0,True,straight_line,20.0
SCN_012,400,13.3,TGT_003,DECOY_TARGET,436,215,9,9,440.5,219.5,True,random,18.0
SCN_012,401,13.3333,TGT_001,COMMUNICATION_TARGET,185,243,10,10,190.0,248.0,True,circular,30.0
SCN_012,401,13.3333,TGT_002,DECOY_TARGET,371,258,10,10,376.0,263.0,True,straight_line,20.0
SCN_012,401,13.3333,TGT_003,DECOY_TARGET,436,215,9,9,440.5,219.5,True,random,18.0
SCN_012,402,13.3667,TGT_001,COMMUNICATION_TARGET,185,242,10,10,190.0,247.0,True,circular,30.0
SCN_012,402,13.3667,TGT_002,DECOY_TARGET,371,258,10,10,376.0,263.0,True,straight_line,20.0
SCN_012,402,13.3667,TGT_003,DECOY_TARGET,436,215,9,9,440.5,219.5,True,random,18.0
SCN_012,403,13.4,TGT_001,COMMUNICATION_TARGET,185,241,10,10,190.0,246.0,True,circular,30.0
SCN_012,403,13.4,TGT_002,DECOY_TARGET,372,258,10,10,377.0,263.0,True,straight_line,20.0
SCN_012,403,13.4,TGT_003,DECOY_TARGET,436,215,9,9,440.5,219.5,True,random,18.0
SCN_012,404,13.4333,TGT_001,COMMUNICATION_TARGET,185,240,10,10,190.0,245.0,True,circular,30.0
SCN_012,404,13.4333,TGT_002,DECOY_TARGET,373,258,10,10,378.0,263.0,True,straight_line,20.0
SCN_012,404,13.4333,TGT_003,DECOY_TARGET,436,215,9,9,440.5,219.5,True,random,18.0
SCN_012,405,13.4667,TGT_001,COMMUNICATION_TARGET,185,239,10,10,190.0,244.0,True,circular,30.0
SCN_012,405,13.4667,TGT_002,DECOY_TARGET,373,258,10,10,378.0,263.0,True,straight_line,20.0
SCN_012,405,13.4667,TGT_003,DECOY_TARGET,436,215,9,9,440.5,219.5,True,random,18.0
SCN_012,406,13.5,TGT_001,COMMUNICATION_TARGET,185,238,10,10,190.0,243.0,True,circular,30.0
SCN_012,406,13.5,TGT_002,DECOY_TARGET,374,259,10,10,379.0,264.0,True,straight_line,20.0
SCN_012,406,13.5,TGT_003,DECOY_TARGET,436,215,9,9,440.5,219.5,True,random,18.0
SCN_012,407,13.5333,TGT_001,COMMUNICATION_TARGET,185,237,10,10,190.0,242.0,True,circular,30.0
SCN_012,407,13.5333,TGT_002,DECOY_TARGET,375,259,10,10,380.0,264.0,True,straight_line,20.0
SCN_012,407,13.5333,TGT_003,DECOY_TARGET,436,215,9,9,440.5,219.5,True,random,18.0
SCN_012,408,13.5667,TGT_001,COMMUNICATION_TARGET,185,236,10,10,190.0,241.0,True,circular,30.0
SCN_012,408,13.5667,TGT_002,DECOY_TARGET,375,259,10,10,380.0,264.0,True,straight_line,20.0
SCN_012,408,13.5667,TGT_003,DECOY_TARGET,436,215,9,9,440.5,219.5,True,random,18.0
SCN_012,409,13.6,TGT_001,COMMUNICATION_TARGET,185,235,10,10,190.0,240.0,True,circular,30.0
SCN_012,409,13.6,TGT_002,DECOY_TARGET,376,259,10,10,381.0,264.0,True,straight_line,20.0
SCN_012,409,13.6,TGT_003,DECOY_TARGET,436,215,9,9,440.5,219.5,True,random,18.0
SCN_012,410,13.6333,TGT_001,COMMUNICATION_TARGET,185,234,10,10,190.0,239.0,True,circular,30.0
SCN_012,410,13.6333,TGT_002,DECOY_TARGET,377,259,10,10,382.0,264.0,True,straight_line,20.0
SCN_012,410,13.6333,TGT_003,DECOY_TARGET,436,215,9,9,440.5,219.5,True,random,18.0
SCN_012,411,13.6667,TGT_001,COMMUNICATION_TARGET,185,233,10,10,190.0,238.0,True,circular,30.0
SCN_012,411,13.6667,TGT_002,DECOY_TARGET,377,259,10,10,382.0,264.0,True,straight_line,20.0
SCN_012,411,13.6667,TGT_003,DECOY_TARGET,436,215,9,9,440.5,219.5,True,random,18.0
SCN_012,412,13.7,TGT_001,COMMUNICATION_TARGET,185,232,10,10,190.0,237.0,True,circular,30.0
SCN_012,412,13.7,TGT_002,DECOY_TARGET,378,259,10,10,383.0,264.0,True,straight_line,20.0
SCN_012,412,13.7,TGT_003,DECOY_TARGET,436,215,9,9,440.5,219.5,True,random,18.0
SCN_012,413,13.7333,TGT_001,COMMUNICATION_TARGET,185,231,10,10,190.0,236.0,True,circular,30.0
SCN_012,413,13.7333,TGT_002,DECOY_TARGET,379,259,10,10,384.0,264.0,True,straight_line,20.0
SCN_012,413,13.7333,TGT_003,DECOY_TARGET,436,215,9,9,440.5,219.5,True,random,18.0
SCN_012,414,13.7667,TGT_001,COMMUNICATION_TARGET,185,230,10,10,190.0,235.0,True,circular,30.0
SCN_012,414,13.7667,TGT_002,DECOY_TARGET,379,259,10,10,384.0,264.0,True,straight_line,20.0
SCN_012,414,13.7667,TGT_003,DECOY_TARGET,436,215,9,9,440.5,219.5,True,random,18.0
SCN_012,415,13.8,TGT_001,COMMUNICATION_TARGET,185,229,10,10,190.0,234.0,True,circular,30.0
SCN_012,415,13.8,TGT_002,DECOY_TARGET,380,259,10,10,385.0,264.0,True,straight_line,20.0
SCN_012,415,13.8,TGT_003,DECOY_TARGET,436,215,9,9,440.5,219.5,True,random,18.0
SCN_012,416,13.8333,TGT_001,COMMUNICATION_TARGET,185,228,10,10,190.0,233.0,True,circular,30.0
SCN_012,416,13.8333,TGT_002,DECOY_TARGET,381,259,10,10,386.0,264.0,True,straight_line,20.0
SCN_012,416,13.8333,TGT_003,DECOY_TARGET,436,215,9,9,440.5,219.5,True,random,18.0
SCN_012,417,13.8667,TGT_001,COMMUNICATION_TARGET,185,227,10,10,190.0,232.0,True,circular,30.0
SCN_012,417,13.8667,TGT_002,DECOY_TARGET,381,259,10,10,386.0,264.0,True,straight_line,20.0
SCN_012,417,13.8667,TGT_003,DECOY_TARGET,436,215,9,9,440.5,219.5,True,random,18.0
SCN_012,418,13.9,TGT_001,COMMUNICATION_TARGET,185,226,10,10,190.0,231.0,True,circular,30.0
SCN_012,418,13.9,TGT_002,DECOY_TARGET,382,259,10,10,387.0,264.0,True,straight_line,20.0
SCN_012,418,13.9,TGT_003,DECOY_TARGET,436,215,9,9,440.5,219.5,True,random,18.0
SCN_012,419,13.9333,TGT_001,COMMUNICATION_TARGET,185,225,10,10,190.0,230.0,True,circular,30.0
SCN_012,419,13.9333,TGT_002,DECOY_TARGET,383,259,10,10,388.0,264.0,True,straight_line,20.0
SCN_012,419,13.9333,TGT_003,DECOY_TARGET,436,215,9,9,440.5,219.5,True,random,18.0
SCN_012,420,13.9667,TGT_001,COMMUNICATION_TARGET,185,224,10,10,190.0,229.0,True,circular,30.0
SCN_012,420,13.9667,TGT_002,DECOY_TARGET,383,259,10,10,388.0,264.0,True,straight_line,20.0
SCN_012,420,13.9667,TGT_003,DECOY_TARGET,436,215,9,9,440.5,219.5,True,random,18.0
SCN_012,421,14.0,TGT_001,COMMUNICATION_TARGET,186,223,10,10,191.0,228.0,True,circular,30.0
SCN_012,421,14.0,TGT_002,DECOY_TARGET,384,259,10,10,389.0,264.0,True,straight_line,20.0
SCN_012,421,14.0,TGT_003,DECOY_TARGET,436,215,9,9,440.5,219.5,True,random,18.0
SCN_012,422,14.0333,TGT_001,COMMUNICATION_TARGET,186,222,10,10,191.0,227.0,True,circular,30.0
SCN_012,422,14.0333,TGT_002,DECOY_TARGET,385,259,10,10,390.0,264.0,True,straight_line,20.0
SCN_012,422,14.0333,TGT_003,DECOY_TARGET,436,215,9,9,440.5,219.5,True,random,18.0
SCN_012,423,14.0667,TGT_001,COMMUNICATION_TARGET,186,221,10,10,191.0,226.0,True,circular,30.0
SCN_012,423,14.0667,TGT_002,DECOY_TARGET,385,260,10,10,390.0,265.0,True,straight_line,20.0
SCN_012,423,14.0667,TGT_003,DECOY_TARGET,436,215,9,9,440.5,219.5,True,random,18.0
SCN_012,424,14.1,TGT_001,COMMUNICATION_TARGET,186,220,10,10,191.0,225.0,True,circular,30.0
SCN_012,424,14.1,TGT_002,DECOY_TARGET,386,260,10,10,391.0,265.0,True,straight_line,20.0
SCN_012,424,14.1,TGT_003,DECOY_TARGET,436,216,9,9,440.5,220.5,True,random,18.0
SCN_012,425,14.1333,TGT_001,COMMUNICATION_TARGET,186,219,10,10,191.0,224.0,True,circular,30.0
SCN_012,425,14.1333,TGT_002,DECOY_TARGET,387,260,10,10,392.0,265.0,True,straight_line,20.0
SCN_012,425,14.1333,TGT_003,DECOY_TARGET,436,216,9,9,440.5,220.5,True,random,18.0
SCN_012,426,14.1667,TGT_001,COMMUNICATION_TARGET,186,218,10,10,191.0,223.0,True,circular,30.0
SCN_012,426,14.1667,TGT_002,DECOY_TARGET,387,260,10,10,392.0,265.0,True,straight_line,20.0
SCN_012,426,14.1667,TGT_003,DECOY_TARGET,436,216,9,9,440.5,220.5,True,random,18.0
SCN_012,427,14.2,TGT_001,COMMUNICATION_TARGET,186,217,10,10,191.0,222.0,True,circular,30.0
SCN_012,427,14.2,TGT_002,DECOY_TARGET,388,260,10,10,393.0,265.0,True,straight_line,20.0
SCN_012,427,14.2,TGT_003,DECOY_TARGET,436,216,9,9,440.5,220.5,True,random,18.0
SCN_012,428,14.2333,TGT_001,COMMUNICATION_TARGET,186,216,10,10,191.0,221.0,True,circular,30.0
SCN_012,428,14.2333,TGT_002,DECOY_TARGET,389,260,10,10,394.0,265.0,True,straight_line,20.0
SCN_012,428,14.2333,TGT_003,DECOY_TARGET,436,216,9,9,440.5,220.5,True,random,18.0
SCN_012,429,14.2667,TGT_001,COMMUNICATION_TARGET,186,215,10,10,191.0,220.0,True,circular,30.0
SCN_012,429,14.2667,TGT_002,DECOY_TARGET,389,260,10,10,394.0,265.0,True,straight_line,20.0
SCN_012,429,14.2667,TGT_003,DECOY_TARGET,436,216,9,9,440.5,220.5,True,random,18.0
SCN_012,430,14.3,TGT_001,COMMUNICATION_TARGET,187,214,10,10,192.0,219.0,True,circular,30.0
SCN_012,430,14.3,TGT_002,DECOY_TARGET,390,260,10,10,395.0,265.0,True,straight_line,20.0
SCN_012,430,14.3,TGT_003,DECOY_TARGET,436,216,9,9,440.5,220.5,True,random,18.0
SCN_012,431,14.3333,TGT_001,COMMUNICATION_TARGET,187,214,10,10,192.0,219.0,True,circular,30.0
SCN_012,431,14.3333,TGT_002,DECOY_TARGET,391,260,10,10,396.0,265.0,True,straight_line,20.0
SCN_012,431,14.3333,TGT_003,DECOY_TARGET,436,216,9,9,440.5,220.5,True,random,18.0
SCN_012,432,14.3667,TGT_001,COMMUNICATION_TARGET,187,213,10,10,192.0,218.0,True,circular,30.0
SCN_012,432,14.3667,TGT_002,DECOY_TARGET,391,260,10,10,396.0,265.0,True,straight_line,20.0
SCN_012,432,14.3667,TGT_003,DECOY_TARGET,436,216,9,9,440.5,220.5,True,random,18.0
SCN_012,433,14.4,TGT_001,COMMUNICATION_TARGET,187,212,10,10,192.0,217.0,True,circular,30.0
SCN_012,433,14.4,TGT_002,DECOY_TARGET,392,260,10,10,397.0,265.0,True,straight_line,20.0
SCN_012,433,14.4,TGT_003,DECOY_TARGET,436,216,9,9,440.5,220.5,True,random,18.0
SCN_012,434,14.4333,TGT_001,COMMUNICATION_TARGET,187,211,10,10,192.0,216.0,True,circular,30.0
SCN_012,434,14.4333,TGT_002,DECOY_TARGET,393,260,10,10,398.0,265.0,True,straight_line,20.0
SCN_012,434,14.4333,TGT_003,DECOY_TARGET,436,216,9,9,440.5,220.5,True,random,18.0
SCN_012,435,14.4667,TGT_001,COMMUNICATION_TARGET,188,210,10,10,193.0,215.0,True,circular,30.0
SCN_012,435,14.4667,TGT_002,DECOY_TARGET,393,260,10,10,398.0,265.0,True,straight_line,20.0
SCN_012,435,14.4667,TGT_003,DECOY_TARGET,436,216,9,9,440.5,220.5,True,random,18.0
SCN_012,436,14.5,TGT_001,COMMUNICATION_TARGET,188,209,10,10,193.0,214.0,True,circular,30.0
SCN_012,436,14.5,TGT_002,DECOY_TARGET,394,260,10,10,399.0,265.0,True,straight_line,20.0
SCN_012,436,14.5,TGT_003,DECOY_TARGET,436,216,9,9,440.5,220.5,True,random,18.0
SCN_012,437,14.5333,TGT_001,COMMUNICATION_TARGET,188,208,10,10,193.0,213.0,True,circular,30.0
SCN_012,437,14.5333,TGT_002,DECOY_TARGET,395,260,10,10,400.0,265.0,True,straight_line,20.0
SCN_012,437,14.5333,TGT_003,DECOY_TARGET,436,216,9,9,440.5,220.5,True,random,18.0
SCN_012,438,14.5667,TGT_001,COMMUNICATION_TARGET,188,207,10,10,193.0,212.0,True,circular,30.0
SCN_012,438,14.5667,TGT_002,DECOY_TARGET,395,260,10,10,400.0,265.0,True,straight_line,20.0
SCN_012,438,14.5667,TGT_003,DECOY_TARGET,436,216,9,9,440.5,220.5,True,random,18.0
SCN_012,439,14.6,TGT_001,COMMUNICATION_TARGET,188,206,10,10,193.0,211.0,True,circular,30.0
SCN_012,439,14.6,TGT_002,DECOY_TARGET,396,260,10,10,401.0,265.0,True,straight_line,20.0
SCN_012,439,14.6,TGT_003,DECOY_TARGET,436,216,9,9,440.5,220.5,True,random,18.0
SCN_012,440,14.6333,TGT_001,COMMUNICATION_TARGET,189,205,10,10,194.0,210.0,True,circular,30.0
SCN_012,440,14.6333,TGT_002,DECOY_TARGET,397,261,10,10,402.0,266.0,True,straight_line,20.0
SCN_012,440,14.6333,TGT_003,DECOY_TARGET,436,216,9,9,440.5,220.5,True,random,18.0
SCN_012,441,14.6667,TGT_001,COMMUNICATION_TARGET,189,204,10,10,194.0,209.0,True,circular,30.0
SCN_012,441,14.6667,TGT_002,DECOY_TARGET,397,261,10,10,402.0,266.0,True,straight_line,20.0
SCN_012,441,14.6667,TGT_003,DECOY_TARGET,436,216,9,9,440.5,220.5,True,random,18.0
SCN_012,442,14.7,TGT_001,COMMUNICATION_TARGET,189,203,10,10,194.0,208.0,True,circular,30.0
SCN_012,442,14.7,TGT_002,DECOY_TARGET,398,261,10,10,403.0,266.0,True,straight_line,20.0
SCN_012,442,14.7,TGT_003,DECOY_TARGET,436,216,9,9,440.5,220.5,True,random,18.0
SCN_012,443,14.7333,TGT_001,COMMUNICATION_TARGET,189,202,10,10,194.0,207.0,True,circular,30.0
SCN_012,443,14.7333,TGT_002,DECOY_TARGET,399,261,10,10,404.0,266.0,True,straight_line,20.0
SCN_012,443,14.7333,TGT_003,DECOY_TARGET,436,216,9,9,440.5,220.5,True,random,18.0
SCN_012,444,14.7667,TGT_001,COMMUNICATION_TARGET,190,201,10,10,195.0,206.0,True,circular,30.0
SCN_012,444,14.7667,TGT_002,DECOY_TARGET,399,261,10,10,404.0,266.0,True,straight_line,20.0
SCN_012,444,14.7667,TGT_003,DECOY_TARGET,436,216,9,9,440.5,220.5,True,random,18.0
SCN_012,445,14.8,TGT_001,COMMUNICATION_TARGET,190,200,10,10,195.0,205.0,True,circular,30.0
SCN_012,445,14.8,TGT_002,DECOY_TARGET,400,261,10,10,405.0,266.0,True,straight_line,20.0
SCN_012,445,14.8,TGT_003,DECOY_TARGET,436,216,9,9,440.5,220.5,True,random,18.0
SCN_012,446,14.8333,TGT_001,COMMUNICATION_TARGET,190,199,10,10,195.0,204.0,True,circular,30.0
SCN_012,446,14.8333,TGT_002,DECOY_TARGET,401,261,10,10,406.0,266.0,True,straight_line,20.0
SCN_012,446,14.8333,TGT_003,DECOY_TARGET,436,216,9,9,440.5,220.5,True,random,18.0
SCN_012,447,14.8667,TGT_001,COMMUNICATION_TARGET,190,198,10,10,195.0,203.0,True,circular,30.0
SCN_012,447,14.8667,TGT_002,DECOY_TARGET,401,261,10,10,406.0,266.0,True,straight_line,20.0
SCN_012,447,14.8667,TGT_003,DECOY_TARGET,436,216,9,9,440.5,220.5,True,random,18.0
SCN_012,448,14.9,TGT_001,COMMUNICATION_TARGET,191,197,10,10,196.0,202.0,True,circular,30.0
SCN_012,448,14.9,TGT_002,DECOY_TARGET,402,261,10,10,407.0,266.0,True,straight_line,20.0
SCN_012,448,14.9,TGT_003,DECOY_TARGET,436,216,9,9,440.5,220.5,True,random,18.0
SCN_012,449,14.9333,TGT_001,COMMUNICATION_TARGET,191,196,10,10,196.0,201.0,True,circular,30.0
SCN_012,449,14.9333,TGT_002,DECOY_TARGET,403,261,10,10,408.0,266.0,True,straight_line,20.0
SCN_012,449,14.9333,TGT_003,DECOY_TARGET,436,216,9,9,440.5,220.5,True,random,18.0
SCN_012,450,14.9667,TGT_001,COMMUNICATION_TARGET,191,195,10,10,196.0,200.0,True,circular,30.0
SCN_012,450,14.9667,TGT_002,DECOY_TARGET,403,261,10,10,408.0,266.0,True,straight_line,20.0
SCN_012,450,14.9667,TGT_003,DECOY_TARGET,436,216,9,9,440.5,220.5,True,random,18.0
SCN_012,451,15.0,TGT_001,COMMUNICATION_TARGET,192,194,10,10,197.0,199.0,True,circular,30.0
SCN_012,451,15.0,TGT_002,DECOY_TARGET,404,261,10,10,409.0,266.0,True,straight_line,20.0
SCN_012,451,15.0,TGT_003,DECOY_TARGET,436,216,9,9,440.5,220.5,True,random,18.0
SCN_012,452,15.0333,TGT_001,COMMUNICATION_TARGET,192,193,10,10,197.0,198.0,True,circular,30.0
SCN_012,452,15.0333,TGT_002,DECOY_TARGET,405,261,10,10,410.0,266.0,True,straight_line,20.0
SCN_012,452,15.0333,TGT_003,DECOY_TARGET,436,216,9,9,440.5,220.5,True,random,18.0
SCN_012,453,15.0667,TGT_001,COMMUNICATION_TARGET,192,192,10,10,197.0,197.0,True,circular,30.0
SCN_012,453,15.0667,TGT_002,DECOY_TARGET,405,261,10,10,410.0,266.0,True,straight_line,20.0
SCN_012,453,15.0667,TGT_003,DECOY_TARGET,436,216,9,9,440.5,220.5,True,random,18.0
SCN_012,454,15.1,TGT_001,COMMUNICATION_TARGET,193,191,10,10,198.0,196.0,True,circular,30.0
SCN_012,454,15.1,TGT_002,DECOY_TARGET,406,261,10,10,411.0,266.0,True,straight_line,20.0
SCN_012,454,15.1,TGT_003,DECOY_TARGET,436,216,9,9,440.5,220.5,True,random,18.0
SCN_012,455,15.1333,TGT_001,COMMUNICATION_TARGET,193,190,10,10,198.0,195.0,True,circular,30.0
SCN_012,455,15.1333,TGT_002,DECOY_TARGET,407,261,10,10,412.0,266.0,True,straight_line,20.0
SCN_012,455,15.1333,TGT_003,DECOY_TARGET,436,216,9,9,440.5,220.5,True,random,18.0
SCN_012,456,15.1667,TGT_001,COMMUNICATION_TARGET,193,189,10,10,198.0,194.0,True,circular,30.0
SCN_012,456,15.1667,TGT_002,DECOY_TARGET,407,261,10,10,412.0,266.0,True,straight_line,20.0
SCN_012,456,15.1667,TGT_003,DECOY_TARGET,436,216,9,9,440.5,220.5,True,random,18.0
SCN_012,457,15.2,TGT_001,COMMUNICATION_TARGET,194,188,10,10,199.0,193.0,True,circular,30.0
SCN_012,457,15.2,TGT_002,DECOY_TARGET,408,261,10,10,413.0,266.0,True,straight_line,20.0
SCN_012,457,15.2,TGT_003,DECOY_TARGET,436,216,9,9,440.5,220.5,True,random,18.0
SCN_012,458,15.2333,TGT_001,COMMUNICATION_TARGET,194,188,10,10,199.0,193.0,True,circular,30.0
SCN_012,458,15.2333,TGT_002,DECOY_TARGET,409,262,10,10,414.0,267.0,True,straight_line,20.0
SCN_012,458,15.2333,TGT_003,DECOY_TARGET,436,216,9,9,440.5,220.5,True,random,18.0
SCN_012,459,15.2667,TGT_001,COMMUNICATION_TARGET,194,187,10,10,199.0,192.0,True,circular,30.0
SCN_012,459,15.2667,TGT_002,DECOY_TARGET,409,262,10,10,414.0,267.0,True,straight_line,20.0
SCN_012,459,15.2667,TGT_003,DECOY_TARGET,436,216,9,9,440.5,220.5,True,random,18.0
SCN_012,460,15.3,TGT_001,COMMUNICATION_TARGET,195,186,10,10,200.0,191.0,True,circular,30.0
SCN_012,460,15.3,TGT_002,DECOY_TARGET,410,262,10,10,415.0,267.0,True,straight_line,20.0
SCN_012,460,15.3,TGT_003,DECOY_TARGET,436,216,9,9,440.5,220.5,True,random,18.0
SCN_012,461,15.3333,TGT_001,COMMUNICATION_TARGET,195,185,10,10,200.0,190.0,True,circular,30.0
SCN_012,461,15.3333,TGT_002,DECOY_TARGET,410,262,10,10,415.0,267.0,True,straight_line,20.0
SCN_012,461,15.3333,TGT_003,DECOY_TARGET,436,216,9,9,440.5,220.5,True,random,18.0
SCN_012,462,15.3667,TGT_001,COMMUNICATION_TARGET,195,184,10,10,200.0,189.0,True,circular,30.0
SCN_012,462,15.3667,TGT_002,DECOY_TARGET,411,262,10,10,416.0,267.0,True,straight_line,20.0
SCN_012,462,15.3667,TGT_003,DECOY_TARGET,436,216,9,9,440.5,220.5,True,random,18.0
SCN_012,463,15.4,TGT_001,COMMUNICATION_TARGET,196,183,10,10,201.0,188.0,True,circular,30.0
SCN_012,463,15.4,TGT_002,DECOY_TARGET,412,262,10,10,417.0,267.0,True,straight_line,20.0
SCN_012,463,15.4,TGT_003,DECOY_TARGET,436,216,9,9,440.5,220.5,True,random,18.0
SCN_012,464,15.4333,TGT_001,COMMUNICATION_TARGET,196,182,10,10,201.0,187.0,True,circular,30.0
SCN_012,464,15.4333,TGT_002,DECOY_TARGET,412,262,10,10,417.0,267.0,True,straight_line,20.0
SCN_012,464,15.4333,TGT_003,DECOY_TARGET,436,216,9,9,440.5,220.5,True,random,18.0
SCN_012,465,15.4667,TGT_001,COMMUNICATION_TARGET,197,181,10,10,202.0,186.0,True,circular,30.0
SCN_012,465,15.4667,TGT_002,DECOY_TARGET,413,262,10,10,418.0,267.0,True,straight_line,20.0
SCN_012,465,15.4667,TGT_003,DECOY_TARGET,436,216,9,9,440.5,220.5,True,random,18.0
SCN_012,466,15.5,TGT_001,COMMUNICATION_TARGET,197,180,10,10,202.0,185.0,True,circular,30.0
SCN_012,466,15.5,TGT_002,DECOY_TARGET,414,262,10,10,419.0,267.0,True,straight_line,20.0
SCN_012,466,15.5,TGT_003,DECOY_TARGET,436,216,9,9,440.5,220.5,True,random,18.0
SCN_012,467,15.5333,TGT_001,COMMUNICATION_TARGET,198,179,10,10,203.0,184.0,True,circular,30.0
SCN_012,467,15.5333,TGT_002,DECOY_TARGET,414,262,10,10,419.0,267.0,True,straight_line,20.0
SCN_012,467,15.5333,TGT_003,DECOY_TARGET,436,216,9,9,440.5,220.5,True,random,18.0
SCN_012,468,15.5667,TGT_001,COMMUNICATION_TARGET,198,178,10,10,203.0,183.0,True,circular,30.0
SCN_012,468,15.5667,TGT_002,DECOY_TARGET,415,262,10,10,420.0,267.0,True,straight_line,20.0
SCN_012,468,15.5667,TGT_003,DECOY_TARGET,436,216,9,9,440.5,220.5,True,random,18.0
SCN_012,469,15.6,TGT_001,COMMUNICATION_TARGET,198,177,10,10,203.0,182.0,True,circular,30.0
SCN_012,469,15.6,TGT_002,DECOY_TARGET,416,262,10,10,421.0,267.0,True,straight_line,20.0
SCN_012,469,15.6,TGT_003,DECOY_TARGET,436,216,9,9,440.5,220.5,True,random,18.0
SCN_012,470,15.6333,TGT_001,COMMUNICATION_TARGET,199,177,10,10,204.0,182.0,True,circular,30.0
SCN_012,470,15.6333,TGT_002,DECOY_TARGET,416,262,10,10,421.0,267.0,True,straight_line,20.0
SCN_012,470,15.6333,TGT_003,DECOY_TARGET,436,216,9,9,440.5,220.5,True,random,18.0
SCN_012,471,15.6667,TGT_001,COMMUNICATION_TARGET,199,176,10,10,204.0,181.0,True,circular,30.0
SCN_012,471,15.6667,TGT_002,DECOY_TARGET,417,262,10,10,422.0,267.0,True,straight_line,20.0
SCN_012,471,15.6667,TGT_003,DECOY_TARGET,436,216,9,9,440.5,220.5,True,random,18.0
SCN_012,472,15.7,TGT_001,COMMUNICATION_TARGET,200,175,10,10,205.0,180.0,True,circular,30.0
SCN_012,472,15.7,TGT_002,DECOY_TARGET,418,262,10,10,423.0,267.0,True,straight_line,20.0
SCN_012,472,15.7,TGT_003,DECOY_TARGET,436,216,9,9,440.5,220.5,True,random,18.0
SCN_012,473,15.7333,TGT_001,COMMUNICATION_TARGET,200,174,10,10,205.0,179.0,True,circular,30.0
SCN_012,473,15.7333,TGT_002,DECOY_TARGET,418,262,10,10,423.0,267.0,True,straight_line,20.0
SCN_012,473,15.7333,TGT_003,DECOY_TARGET,436,216,9,9,440.5,220.5,True,random,18.0
SCN_012,474,15.7667,TGT_001,COMMUNICATION_TARGET,201,173,10,10,206.0,178.0,True,circular,30.0
SCN_012,474,15.7667,TGT_002,DECOY_TARGET,419,262,10,10,424.0,267.0,True,straight_line,20.0
SCN_012,474,15.7667,TGT_003,DECOY_TARGET,436,216,9,9,440.5,220.5,True,random,18.0
SCN_012,475,15.8,TGT_001,COMMUNICATION_TARGET,201,172,10,10,206.0,177.0,True,circular,30.0
SCN_012,475,15.8,TGT_002,DECOY_TARGET,420,263,10,10,425.0,268.0,True,straight_line,20.0
SCN_012,475,15.8,TGT_003,DECOY_TARGET,436,216,9,9,440.5,220.5,True,random,18.0
SCN_012,476,15.8333,TGT_001,COMMUNICATION_TARGET,202,171,10,10,207.0,176.0,True,circular,30.0
SCN_012,476,15.8333,TGT_002,DECOY_TARGET,420,263,10,10,425.0,268.0,True,straight_line,20.0
SCN_012,476,15.8333,TGT_003,DECOY_TARGET,436,216,9,9,440.5,220.5,True,random,18.0
SCN_012,477,15.8667,TGT_001,COMMUNICATION_TARGET,202,170,10,10,207.0,175.0,True,circular,30.0
SCN_012,477,15.8667,TGT_002,DECOY_TARGET,421,263,10,10,426.0,268.0,True,straight_line,20.0
SCN_012,477,15.8667,TGT_003,DECOY_TARGET,436,216,9,9,440.5,220.5,True,random,18.0
SCN_012,478,15.9,TGT_001,COMMUNICATION_TARGET,203,170,10,10,208.0,175.0,True,circular,30.0
SCN_012,478,15.9,TGT_002,DECOY_TARGET,422,263,10,10,427.0,268.0,True,straight_line,20.0
SCN_012,478,15.9,TGT_003,DECOY_TARGET,436,216,9,9,440.5,220.5,True,random,18.0
SCN_012,479,15.9333,TGT_001,COMMUNICATION_TARGET,203,169,10,10,208.0,174.0,True,circular,30.0
SCN_012,479,15.9333,TGT_002,DECOY_TARGET,422,263,10,10,427.0,268.0,True,straight_line,20.0
SCN_012,479,15.9333,TGT_003,DECOY_TARGET,436,216,9,9,440.5,220.5,True,random,18.0
SCN_012,480,15.9667,TGT_001,COMMUNICATION_TARGET,204,168,10,10,209.0,173.0,True,circular,30.0
SCN_012,480,15.9667,TGT_002,DECOY_TARGET,423,263,10,10,428.0,268.0,True,straight_line,20.0
SCN_012,480,15.9667,TGT_003,DECOY_TARGET,436,216,9,9,440.5,220.5,True,random,18.0
SCN_012,481,16.0,TGT_001,COMMUNICATION_TARGET,204,167,10,10,209.0,172.0,True,circular,30.0
SCN_012,481,16.0,TGT_002,DECOY_TARGET,424,263,10,10,429.0,268.0,True,straight_line,20.0
SCN_012,481,16.0,TGT_003,DECOY_TARGET,436,216,9,9,440.5,220.5,True,random,18.0
SCN_012,482,16.0333,TGT_001,COMMUNICATION_TARGET,205,166,10,10,210.0,171.0,True,circular,30.0
SCN_012,482,16.0333,TGT_002,DECOY_TARGET,424,263,10,10,429.0,268.0,True,straight_line,20.0
SCN_012,482,16.0333,TGT_003,DECOY_TARGET,436,216,9,9,440.5,220.5,True,random,18.0
SCN_012,483,16.0667,TGT_001,COMMUNICATION_TARGET,205,165,10,10,210.0,170.0,True,circular,30.0
SCN_012,483,16.0667,TGT_002,DECOY_TARGET,425,263,10,10,430.0,268.0,True,straight_line,20.0
SCN_012,483,16.0667,TGT_003,DECOY_TARGET,436,216,9,9,440.5,220.5,True,random,18.0
SCN_012,484,16.1,TGT_001,COMMUNICATION_TARGET,206,164,10,10,211.0,169.0,True,circular,30.0
SCN_012,484,16.1,TGT_002,DECOY_TARGET,426,263,10,10,431.0,268.0,True,straight_line,20.0
SCN_012,484,16.1,TGT_003,DECOY_TARGET,435,216,9,9,439.5,220.5,True,random,18.0
SCN_012,485,16.1333,TGT_001,COMMUNICATION_TARGET,206,164,10,10,211.0,169.0,True,circular,30.0
SCN_012,485,16.1333,TGT_002,DECOY_TARGET,426,263,10,10,431.0,268.0,True,straight_line,20.0
SCN_012,485,16.1333,TGT_003,DECOY_TARGET,435,216,9,9,439.5,220.5,True,random,18.0
SCN_012,486,16.1667,TGT_001,COMMUNICATION_TARGET,207,163,10,10,212.0,168.0,True,circular,30.0
SCN_012,486,16.1667,TGT_002,DECOY_TARGET,427,263,10,10,432.0,268.0,True,straight_line,20.0
SCN_012,486,16.1667,TGT_003,DECOY_TARGET,435,216,9,9,439.5,220.5,True,random,18.0
SCN_012,487,16.2,TGT_001,COMMUNICATION_TARGET,207,162,10,10,212.0,167.0,True,circular,30.0
SCN_012,487,16.2,TGT_002,DECOY_TARGET,428,263,10,10,433.0,268.0,True,straight_line,20.0
SCN_012,487,16.2,TGT_003,DECOY_TARGET,435,215,9,9,439.5,219.5,True,random,18.0
SCN_012,488,16.2333,TGT_001,COMMUNICATION_TARGET,208,161,10,10,213.0,166.0,True,circular,30.0
SCN_012,488,16.2333,TGT_002,DECOY_TARGET,428,263,10,10,433.0,268.0,True,straight_line,20.0
SCN_012,488,16.2333,TGT_003,DECOY_TARGET,435,215,9,9,439.5,219.5,True,random,18.0
SCN_012,489,16.2667,TGT_001,COMMUNICATION_TARGET,209,160,10,10,214.0,165.0,True,circular,30.0
SCN_012,489,16.2667,TGT_002,DECOY_TARGET,429,263,10,10,434.0,268.0,True,straight_line,20.0
SCN_012,489,16.2667,TGT_003,DECOY_TARGET,435,215,9,9,439.5,219.5,True,random,18.0
SCN_012,490,16.3,TGT_001,COMMUNICATION_TARGET,209,159,10,10,214.0,164.0,True,circular,30.0
SCN_012,490,16.3,TGT_002,DECOY_TARGET,430,263,10,10,435.0,268.0,True,straight_line,20.0
SCN_012,490,16.3,TGT_003,DECOY_TARGET,435,215,9,9,439.5,219.5,True,random,18.0
SCN_012,491,16.3333,TGT_001,COMMUNICATION_TARGET,210,159,10,10,215.0,164.0,True,circular,30.0
SCN_012,491,16.3333,TGT_002,DECOY_TARGET,430,263,10,10,435.0,268.0,True,straight_line,20.0
SCN_012,491,16.3333,TGT_003,DECOY_TARGET,435,215,9,9,439.5,219.5,True,random,18.0
SCN_012,492,16.3667,TGT_001,COMMUNICATION_TARGET,210,158,10,10,215.0,163.0,True,circular,30.0
SCN_012,492,16.3667,TGT_002,DECOY_TARGET,431,264,10,10,436.0,269.0,True,straight_line,20.0
SCN_012,492,16.3667,TGT_003,DECOY_TARGET,435,215,9,9,439.5,219.5,True,random,18.0
SCN_012,493,16.4,TGT_001,COMMUNICATION_TARGET,211,157,10,10,216.0,162.0,True,circular,30.0
SCN_012,493,16.4,TGT_002,DECOY_TARGET,432,264,10,10,437.0,269.0,True,straight_line,20.0
SCN_012,493,16.4,TGT_003,DECOY_TARGET,435,215,9,9,439.5,219.5,True,random,18.0
SCN_012,494,16.4333,TGT_001,COMMUNICATION_TARGET,212,156,10,10,217.0,161.0,True,circular,30.0
SCN_012,494,16.4333,TGT_002,DECOY_TARGET,432,264,10,10,437.0,269.0,True,straight_line,20.0
SCN_012,494,16.4333,TGT_003,DECOY_TARGET,435,215,9,9,439.5,219.5,True,random,18.0
SCN_012,495,16.4667,TGT_001,COMMUNICATION_TARGET,212,155,10,10,217.0,160.0,True,circular,30.0
SCN_012,495,16.4667,TGT_002,DECOY_TARGET,433,264,10,10,438.0,269.0,True,straight_line,20.0
SCN_012,495,16.4667,TGT_003,DECOY_TARGET,435,215,9,9,439.5,219.5,True,random,18.0
SCN_012,496,16.5,TGT_001,COMMUNICATION_TARGET,213,155,10,10,218.0,160.0,True,circular,30.0
SCN_012,496,16.5,TGT_002,DECOY_TARGET,434,264,10,10,439.0,269.0,True,straight_line,20.0
SCN_012,496,16.5,TGT_003,DECOY_TARGET,435,215,9,9,439.5,219.5,True,random,18.0
SCN_012,497,16.5333,TGT_001,COMMUNICATION_TARGET,213,154,10,10,218.0,159.0,True,circular,30.0
SCN_012,497,16.5333,TGT_002,DECOY_TARGET,434,264,10,10,439.0,269.0,True,straight_line,20.0
SCN_012,497,16.5333,TGT_003,DECOY_TARGET,435,215,9,9,439.5,219.5,True,random,18.0
SCN_012,498,16.5667,TGT_001,COMMUNICATION_TARGET,214,153,10,10,219.0,158.0,True,circular,30.0
SCN_012,498,16.5667,TGT_002,DECOY_TARGET,435,264,10,10,440.0,269.0,True,straight_line,20.0
SCN_012,498,16.5667,TGT_003,DECOY_TARGET,435,215,9,9,439.5,219.5,True,random,18.0
SCN_012,499,16.6,TGT_001,COMMUNICATION_TARGET,215,152,10,10,220.0,157.0,True,circular,30.0
SCN_012,499,16.6,TGT_002,DECOY_TARGET,436,264,10,10,441.0,269.0,True,straight_line,20.0
SCN_012,499,16.6,TGT_003,DECOY_TARGET,435,215,9,9,439.5,219.5,True,random,18.0
SCN_012,500,16.6333,TGT_001,COMMUNICATION_TARGET,215,152,10,10,220.0,157.0,True,circular,30.0
SCN_012,500,16.6333,TGT_002,DECOY_TARGET,436,264,10,10,441.0,269.0,True,straight_line,20.0
SCN_012,500,16.6333,TGT_003,DECOY_TARGET,435,215,9,9,439.5,219.5,True,random,18.0
SCN_012,501,16.6667,TGT_001,COMMUNICATION_TARGET,216,151,10,10,221.0,156.0,True,circular,30.0
SCN_012,501,16.6667,TGT_002,DECOY_TARGET,437,264,10,10,442.0,269.0,True,straight_line,20.0
SCN_012,501,16.6667,TGT_003,DECOY_TARGET,435,215,9,9,439.5,219.5,True,random,18.0
SCN_012,502,16.7,TGT_001,COMMUNICATION_TARGET,217,150,10,10,222.0,155.0,True,circular,30.0
SCN_012,502,16.7,TGT_002,DECOY_TARGET,438,264,10,10,443.0,269.0,True,straight_line,20.0
SCN_012,502,16.7,TGT_003,DECOY_TARGET,435,215,9,9,439.5,219.5,True,random,18.0
SCN_012,503,16.7333,TGT_001,COMMUNICATION_TARGET,217,149,10,10,222.0,154.0,True,circular,30.0
SCN_012,503,16.7333,TGT_002,DECOY_TARGET,438,264,10,10,443.0,269.0,True,straight_line,20.0
SCN_012,503,16.7333,TGT_003,DECOY_TARGET,435,215,9,9,439.5,219.5,True,random,18.0
SCN_012,504,16.7667,TGT_001,COMMUNICATION_TARGET,218,149,10,10,223.0,154.0,True,circular,30.0
SCN_012,504,16.7667,TGT_002,DECOY_TARGET,439,264,10,10,444.0,269.0,True,straight_line,20.0
SCN_012,504,16.7667,TGT_003,DECOY_TARGET,435,215,9,9,439.5,219.5,True,random,18.0
SCN_012,505,16.8,TGT_001,COMMUNICATION_TARGET,219,148,10,10,224.0,153.0,True,circular,30.0
SCN_012,505,16.8,TGT_002,DECOY_TARGET,440,264,10,10,445.0,269.0,True,straight_line,20.0
SCN_012,505,16.8,TGT_003,DECOY_TARGET,435,215,9,9,439.5,219.5,True,random,18.0
SCN_012,506,16.8333,TGT_001,COMMUNICATION_TARGET,219,147,10,10,224.0,152.0,True,circular,30.0
SCN_012,506,16.8333,TGT_002,DECOY_TARGET,440,264,10,10,445.0,269.0,True,straight_line,20.0
SCN_012,506,16.8333,TGT_003,DECOY_TARGET,435,215,9,9,439.5,219.5,True,random,18.0
SCN_012,507,16.8667,TGT_001,COMMUNICATION_TARGET,220,146,10,10,225.0,151.0,True,circular,30.0
SCN_012,507,16.8667,TGT_002,DECOY_TARGET,441,264,10,10,446.0,269.0,True,straight_line,20.0
SCN_012,507,16.8667,TGT_003,DECOY_TARGET,435,215,9,9,439.5,219.5,True,random,18.0
SCN_012,508,16.9,TGT_001,COMMUNICATION_TARGET,221,146,10,10,226.0,151.0,True,circular,30.0
SCN_012,508,16.9,TGT_002,DECOY_TARGET,442,264,10,10,447.0,269.0,True,straight_line,20.0
SCN_012,508,16.9,TGT_003,DECOY_TARGET,435,215,9,9,439.5,219.5,True,random,18.0
SCN_012,509,16.9333,TGT_001,COMMUNICATION_TARGET,221,145,10,10,226.0,150.0,True,circular,30.0
SCN_012,509,16.9333,TGT_002,DECOY_TARGET,442,265,10,10,447.0,270.0,True,straight_line,20.0
SCN_012,509,16.9333,TGT_003,DECOY_TARGET,435,215,9,9,439.5,219.5,True,random,18.0
SCN_012,510,16.9667,TGT_001,COMMUNICATION_TARGET,222,144,10,10,227.0,149.0,True,circular,30.0
SCN_012,510,16.9667,TGT_002,DECOY_TARGET,443,265,10,10,448.0,270.0,True,straight_line,20.0
SCN_012,510,16.9667,TGT_003,DECOY_TARGET,435,215,9,9,439.5,219.5,True,random,18.0
SCN_012,511,17.0,TGT_001,COMMUNICATION_TARGET,223,143,10,10,228.0,148.0,True,circular,30.0
SCN_012,511,17.0,TGT_002,DECOY_TARGET,444,265,10,10,449.0,270.0,True,straight_line,20.0
SCN_012,511,17.0,TGT_003,DECOY_TARGET,435,215,9,9,439.5,219.5,True,random,18.0
SCN_012,512,17.0333,TGT_001,COMMUNICATION_TARGET,223,143,10,10,228.0,148.0,True,circular,30.0
SCN_012,512,17.0333,TGT_002,DECOY_TARGET,444,265,10,10,449.0,270.0,True,straight_line,20.0
SCN_012,512,17.0333,TGT_003,DECOY_TARGET,435,215,9,9,439.5,219.5,True,random,18.0
SCN_012,513,17.0667,TGT_001,COMMUNICATION_TARGET,224,142,10,10,229.0,147.0,True,circular,30.0
SCN_012,513,17.0667,TGT_002,DECOY_TARGET,445,265,10,10,450.0,270.0,True,straight_line,20.0
SCN_012,513,17.0667,TGT_003,DECOY_TARGET,435,215,9,9,439.5,219.5,True,random,18.0
SCN_012,514,17.1,TGT_001,COMMUNICATION_TARGET,225,141,10,10,230.0,146.0,True,circular,30.0
SCN_012,514,17.1,TGT_002,DECOY_TARGET,446,265,10,10,451.0,270.0,True,straight_line,20.0
SCN_012,514,17.1,TGT_003,DECOY_TARGET,435,215,9,9,439.5,219.5,True,random,18.0
SCN_012,515,17.1333,TGT_001,COMMUNICATION_TARGET,226,141,10,10,231.0,146.0,True,circular,30.0
SCN_012,515,17.1333,TGT_002,DECOY_TARGET,446,265,10,10,451.0,270.0,True,straight_line,20.0
SCN_012,515,17.1333,TGT_003,DECOY_TARGET,435,215,9,9,439.5,219.5,True,random,18.0
SCN_012,516,17.1667,TGT_001,COMMUNICATION_TARGET,226,140,10,10,231.0,145.0,True,circular,30.0
SCN_012,516,17.1667,TGT_002,DECOY_TARGET,447,265,10,10,452.0,270.0,True,straight_line,20.0
SCN_012,516,17.1667,TGT_003,DECOY_TARGET,435,215,9,9,439.5,219.5,True,random,18.0
SCN_012,517,17.2,TGT_001,COMMUNICATION_TARGET,227,139,10,10,232.0,144.0,True,circular,30.0
SCN_012,517,17.2,TGT_002,DECOY_TARGET,448,265,10,10,453.0,270.0,True,straight_line,20.0
SCN_012,517,17.2,TGT_003,DECOY_TARGET,435,215,9,9,439.5,219.5,True,random,18.0
SCN_012,518,17.2333,TGT_001,COMMUNICATION_TARGET,228,139,10,10,233.0,144.0,True,circular,30.0
SCN_012,518,17.2333,TGT_002,DECOY_TARGET,448,265,10,10,453.0,270.0,True,straight_line,20.0
SCN_012,518,17.2333,TGT_003,DECOY_TARGET,435,215,9,9,439.5,219.5,True,random,18.0
SCN_012,519,17.2667,TGT_001,COMMUNICATION_TARGET,229,138,10,10,234.0,143.0,True,circular,30.0
SCN_012,519,17.2667,TGT_002,DECOY_TARGET,449,265,10,10,454.0,270.0,True,straight_line,20.0
SCN_012,519,17.2667,TGT_003,DECOY_TARGET,435,215,9,9,439.5,219.5,True,random,18.0
SCN_012,520,17.3,TGT_001,COMMUNICATION_TARGET,229,137,10,10,234.0,142.0,True,circular,30.0
SCN_012,520,17.3,TGT_002,DECOY_TARGET,450,265,10,10,455.0,270.0,True,straight_line,20.0
SCN_012,520,17.3,TGT_003,DECOY_TARGET,435,215,9,9,439.5,219.5,True,random,18.0
SCN_012,521,17.3333,TGT_001,COMMUNICATION_TARGET,230,137,10,10,235.0,142.0,True,circular,30.0
SCN_012,521,17.3333,TGT_002,DECOY_TARGET,450,265,10,10,455.0,270.0,True,straight_line,20.0
SCN_012,521,17.3333,TGT_003,DECOY_TARGET,435,215,9,9,439.5,219.5,True,random,18.0
SCN_012,522,17.3667,TGT_001,COMMUNICATION_TARGET,231,136,10,10,236.0,141.0,True,circular,30.0
SCN_012,522,17.3667,TGT_002,DECOY_TARGET,451,265,10,10,456.0,270.0,True,straight_line,20.0
SCN_012,522,17.3667,TGT_003,DECOY_TARGET,435,215,9,9,439.5,219.5,True,random,18.0
SCN_012,523,17.4,TGT_001,COMMUNICATION_TARGET,232,135,10,10,237.0,140.0,True,circular,30.0
SCN_012,523,17.4,TGT_002,DECOY_TARGET,452,265,10,10,457.0,270.0,True,straight_line,20.0
SCN_012,523,17.4,TGT_003,DECOY_TARGET,435,215,9,9,439.5,219.5,True,random,18.0
SCN_012,524,17.4333,TGT_001,COMMUNICATION_TARGET,232,135,10,10,237.0,140.0,True,circular,30.0
SCN_012,524,17.4333,TGT_002,DECOY_TARGET,452,265,10,10,457.0,270.0,True,straight_line,20.0
SCN_012,524,17.4333,TGT_003,DECOY_TARGET,435,215,9,9,439.5,219.5,True,random,18.0
SCN_012,525,17.4667,TGT_001,COMMUNICATION_TARGET,233,134,10,10,238.0,139.0,True,circular,30.0
SCN_012,525,17.4667,TGT_002,DECOY_TARGET,453,265,10,10,458.0,270.0,True,straight_line,20.0
SCN_012,525,17.4667,TGT_003,DECOY_TARGET,435,215,9,9,439.5,219.5,True,random,18.0
SCN_012,526,17.5,TGT_001,COMMUNICATION_TARGET,234,133,10,10,239.0,138.0,True,circular,30.0
SCN_012,526,17.5,TGT_002,DECOY_TARGET,454,266,10,10,459.0,271.0,True,straight_line,20.0
SCN_012,526,17.5,TGT_003,DECOY_TARGET,435,215,9,9,439.5,219.5,True,random,18.0
SCN_012,527,17.5333,TGT_001,COMMUNICATION_TARGET,235,133,10,10,240.0,138.0,True,circular,30.0
SCN_012,527,17.5333,TGT_002,DECOY_TARGET,454,266,10,10,459.0,271.0,True,straight_line,20.0
SCN_012,527,17.5333,TGT_003,DECOY_TARGET,435,215,9,9,439.5,219.5,True,random,18.0
SCN_012,528,17.5667,TGT_001,COMMUNICATION_TARGET,235,132,10,10,240.0,137.0,True,circular,30.0
SCN_012,528,17.5667,TGT_002,DECOY_TARGET,455,266,10,10,460.0,271.0,True,straight_line,20.0
SCN_012,528,17.5667,TGT_003,DECOY_TARGET,435,215,9,9,439.5,219.5,True,random,18.0
SCN_012,529,17.6,TGT_001,COMMUNICATION_TARGET,236,132,10,10,241.0,137.0,True,circular,30.0
SCN_012,529,17.6,TGT_002,DECOY_TARGET,456,266,10,10,461.0,271.0,True,straight_line,20.0
SCN_012,529,17.6,TGT_003,DECOY_TARGET,435,215,9,9,439.5,219.5,True,random,18.0
SCN_012,530,17.6333,TGT_001,COMMUNICATION_TARGET,237,131,10,10,242.0,136.0,True,circular,30.0
SCN_012,530,17.6333,TGT_002,DECOY_TARGET,456,266,10,10,461.0,271.0,True,straight_line,20.0
SCN_012,530,17.6333,TGT_003,DECOY_TARGET,435,215,9,9,439.5,219.5,True,random,18.0
SCN_012,531,17.6667,TGT_001,COMMUNICATION_TARGET,238,130,10,10,243.0,135.0,True,circular,30.0
SCN_012,531,17.6667,TGT_002,DECOY_TARGET,457,266,10,10,462.0,271.0,True,straight_line,20.0
SCN_012,531,17.6667,TGT_003,DECOY_TARGET,435,215,9,9,439.5,219.5,True,random,18.0
SCN_012,532,17.7,TGT_001,COMMUNICATION_TARGET,239,130,10,10,244.0,135.0,True,circular,30.0
SCN_012,532,17.7,TGT_002,DECOY_TARGET,458,266,10,10,463.0,271.0,True,straight_line,20.0
SCN_012,532,17.7,TGT_003,DECOY_TARGET,435,215,9,9,439.5,219.5,True,random,18.0
SCN_012,533,17.7333,TGT_001,COMMUNICATION_TARGET,239,129,10,10,244.0,134.0,True,circular,30.0
SCN_012,533,17.7333,TGT_002,DECOY_TARGET,458,266,10,10,463.0,271.0,True,straight_line,20.0
SCN_012,533,17.7333,TGT_003,DECOY_TARGET,435,215,9,9,439.5,219.5,True,random,18.0
SCN_012,534,17.7667,TGT_001,COMMUNICATION_TARGET,240,129,10,10,245.0,134.0,True,circular,30.0
SCN_012,534,17.7667,TGT_002,DECOY_TARGET,459,266,10,10,464.0,271.0,True,straight_line,20.0
SCN_012,534,17.7667,TGT_003,DECOY_TARGET,435,215,9,9,439.5,219.5,True,random,18.0
SCN_012,535,17.8,TGT_001,COMMUNICATION_TARGET,241,128,10,10,246.0,133.0,True,circular,30.0
SCN_012,535,17.8,TGT_002,DECOY_TARGET,460,266,10,10,465.0,271.0,True,straight_line,20.0
SCN_012,535,17.8,TGT_003,DECOY_TARGET,435,215,9,9,439.5,219.5,True,random,18.0
SCN_012,536,17.8333,TGT_001,COMMUNICATION_TARGET,242,127,10,10,247.0,132.0,True,circular,30.0
SCN_012,536,17.8333,TGT_002,DECOY_TARGET,460,266,10,10,465.0,271.0,True,straight_line,20.0
SCN_012,536,17.8333,TGT_003,DECOY_TARGET,435,215,9,9,439.5,219.5,True,random,18.0
SCN_012,537,17.8667,TGT_001,COMMUNICATION_TARGET,243,127,10,10,248.0,132.0,True,circular,30.0
SCN_012,537,17.8667,TGT_002,DECOY_TARGET,461,266,10,10,466.0,271.0,True,straight_line,20.0
SCN_012,537,17.8667,TGT_003,DECOY_TARGET,435,215,9,9,439.5,219.5,True,random,18.0
SCN_012,538,17.9,TGT_001,COMMUNICATION_TARGET,244,126,10,10,249.0,131.0,True,circular,30.0
SCN_012,538,17.9,TGT_002,DECOY_TARGET,462,266,10,10,467.0,271.0,True,straight_line,20.0
SCN_012,538,17.9,TGT_003,DECOY_TARGET,435,215,9,9,439.5,219.5,True,random,18.0
SCN_012,539,17.9333,TGT_001,COMMUNICATION_TARGET,244,126,10,10,249.0,131.0,True,circular,30.0
SCN_012,539,17.9333,TGT_002,DECOY_TARGET,462,266,10,10,467.0,271.0,True,straight_line,20.0
SCN_012,539,17.9333,TGT_003,DECOY_TARGET,435,215,9,9,439.5,219.5,True,random,18.0
SCN_012,540,17.9667,TGT_001,COMMUNICATION_TARGET,245,125,10,10,250.0,130.0,True,circular,30.0
SCN_012,540,17.9667,TGT_002,DECOY_TARGET,463,266,10,10,468.0,271.0,True,straight_line,20.0
SCN_012,540,17.9667,TGT_003,DECOY_TARGET,435,215,9,9,439.5,219.5,True,random,18.0
SCN_012,541,18.0,TGT_001,COMMUNICATION_TARGET,246,125,10,10,251.0,130.0,True,circular,30.0
SCN_012,541,18.0,TGT_002,DECOY_TARGET,464,266,10,10,469.0,271.0,True,straight_line,20.0
SCN_012,541,18.0,TGT_003,DECOY_TARGET,435,215,9,9,439.5,219.5,True,random,18.0
SCN_012,542,18.0333,TGT_001,COMMUNICATION_TARGET,247,124,10,10,252.0,129.0,True,circular,30.0
SCN_012,542,18.0333,TGT_002,DECOY_TARGET,464,266,10,10,469.0,271.0,True,straight_line,20.0
SCN_012,542,18.0333,TGT_003,DECOY_TARGET,435,215,9,9,439.5,219.5,True,random,18.0
SCN_012,543,18.0667,TGT_001,COMMUNICATION_TARGET,248,124,10,10,253.0,129.0,True,circular,30.0
SCN_012,543,18.0667,TGT_002,DECOY_TARGET,465,266,10,10,470.0,271.0,True,straight_line,20.0
SCN_012,543,18.0667,TGT_003,DECOY_TARGET,435,215,9,9,439.5,219.5,True,random,18.0
SCN_012,544,18.1,TGT_001,COMMUNICATION_TARGET,249,123,10,10,254.0,128.0,True,circular,30.0
SCN_012,544,18.1,TGT_002,DECOY_TARGET,466,267,10,10,471.0,272.0,True,straight_line,20.0
SCN_012,544,18.1,TGT_003,DECOY_TARGET,435,215,9,9,439.5,219.5,True,random,18.0
SCN_012,545,18.1333,TGT_001,COMMUNICATION_TARGET,250,123,10,10,255.0,128.0,True,circular,30.0
SCN_012,545,18.1333,TGT_002,DECOY_TARGET,466,267,10,10,471.0,272.0,True,straight_line,20.0
SCN_012,545,18.1333,TGT_003,DECOY_TARGET,435,215,9,9,439.5,219.5,True,random,18.0
SCN_012,546,18.1667,TGT_001,COMMUNICATION_TARGET,250,122,10,10,255.0,127.0,True,circular,30.0
SCN_012,546,18.1667,TGT_002,DECOY_TARGET,467,267,10,10,472.0,272.0,True,straight_line,20.0
SCN_012,546,18.1667,TGT_003,DECOY_TARGET,435,215,9,9,439.5,219.5,True,random,18.0
SCN_012,547,18.2,TGT_001,COMMUNICATION_TARGET,251,122,10,10,256.0,127.0,True,circular,30.0
SCN_012,547,18.2,TGT_002,DECOY_TARGET,468,267,10,10,473.0,272.0,True,straight_line,20.0
SCN_012,547,18.2,TGT_003,DECOY_TARGET,435,215,9,9,439.5,219.5,True,random,18.0
SCN_012,548,18.2333,TGT_001,COMMUNICATION_TARGET,252,121,10,10,257.0,126.0,True,circular,30.0
SCN_012,548,18.2333,TGT_002,DECOY_TARGET,468,267,10,10,473.0,272.0,True,straight_line,20.0
SCN_012,548,18.2333,TGT_003,DECOY_TARGET,435,215,9,9,439.5,219.5,True,random,18.0
SCN_012,549,18.2667,TGT_001,COMMUNICATION_TARGET,253,121,10,10,258.0,126.0,True,circular,30.0
SCN_012,549,18.2667,TGT_002,DECOY_TARGET,469,267,10,10,474.0,272.0,True,straight_line,20.0
SCN_012,549,18.2667,TGT_003,DECOY_TARGET,435,215,9,9,439.5,219.5,True,random,18.0
SCN_012,550,18.3,TGT_001,COMMUNICATION_TARGET,254,120,10,10,259.0,125.0,True,circular,30.0
SCN_012,550,18.3,TGT_002,DECOY_TARGET,470,267,10,10,475.0,272.0,True,straight_line,20.0
SCN_012,550,18.3,TGT_003,DECOY_TARGET,435,215,9,9,439.5,219.5,True,random,18.0
SCN_012,551,18.3333,TGT_001,COMMUNICATION_TARGET,255,120,10,10,260.0,125.0,True,circular,30.0
SCN_012,551,18.3333,TGT_002,DECOY_TARGET,470,267,10,10,475.0,272.0,True,straight_line,20.0
SCN_012,551,18.3333,TGT_003,DECOY_TARGET,435,215,9,9,439.5,219.5,True,random,18.0
SCN_012,552,18.3667,TGT_001,COMMUNICATION_TARGET,256,119,10,10,261.0,124.0,True,circular,30.0
SCN_012,552,18.3667,TGT_002,DECOY_TARGET,471,267,10,10,476.0,272.0,True,straight_line,20.0
SCN_012,552,18.3667,TGT_003,DECOY_TARGET,435,215,9,9,439.5,219.5,True,random,18.0
SCN_012,553,18.4,TGT_001,COMMUNICATION_TARGET,257,119,10,10,262.0,124.0,True,circular,30.0
SCN_012,553,18.4,TGT_002,DECOY_TARGET,472,267,10,10,477.0,272.0,True,straight_line,20.0
SCN_012,553,18.4,TGT_003,DECOY_TARGET,435,215,9,9,439.5,219.5,True,random,18.0
SCN_012,554,18.4333,TGT_001,COMMUNICATION_TARGET,257,118,10,10,262.0,123.0,True,circular,30.0
SCN_012,554,18.4333,TGT_002,DECOY_TARGET,472,267,10,10,477.0,272.0,True,straight_line,20.0
SCN_012,554,18.4333,TGT_003,DECOY_TARGET,435,215,9,9,439.5,219.5,True,random,18.0
SCN_012,555,18.4667,TGT_001,COMMUNICATION_TARGET,258,118,10,10,263.0,123.0,True,circular,30.0
SCN_012,555,18.4667,TGT_002,DECOY_TARGET,473,267,10,10,478.0,272.0,True,straight_line,20.0
SCN_012,555,18.4667,TGT_003,DECOY_TARGET,435,215,9,9,439.5,219.5,True,random,18.0
SCN_012,556,18.5,TGT_001,COMMUNICATION_TARGET,259,118,10,10,264.0,123.0,True,circular,30.0
SCN_012,556,18.5,TGT_002,DECOY_TARGET,474,267,10,10,479.0,272.0,True,straight_line,20.0
SCN_012,556,18.5,TGT_003,DECOY_TARGET,435,215,9,9,439.5,219.5,True,random,18.0
SCN_012,557,18.5333,TGT_001,COMMUNICATION_TARGET,260,117,10,10,265.0,122.0,True,circular,30.0
SCN_012,557,18.5333,TGT_002,DECOY_TARGET,474,267,10,10,479.0,272.0,True,straight_line,20.0
SCN_012,557,18.5333,TGT_003,DECOY_TARGET,435,215,9,9,439.5,219.5,True,random,18.0
SCN_012,558,18.5667,TGT_001,COMMUNICATION_TARGET,261,117,10,10,266.0,122.0,True,circular,30.0
SCN_012,558,18.5667,TGT_002,DECOY_TARGET,475,267,10,10,480.0,272.0,True,straight_line,20.0
SCN_012,558,18.5667,TGT_003,DECOY_TARGET,435,215,9,9,439.5,219.5,True,random,18.0
SCN_012,559,18.6,TGT_001,COMMUNICATION_TARGET,262,116,10,10,267.0,121.0,True,circular,30.0
SCN_012,559,18.6,TGT_002,DECOY_TARGET,476,267,10,10,481.0,272.0,True,straight_line,20.0
SCN_012,559,18.6,TGT_003,DECOY_TARGET,435,215,9,9,439.5,219.5,True,random,18.0
SCN_012,560,18.6333,TGT_001,COMMUNICATION_TARGET,263,116,10,10,268.0,121.0,True,circular,30.0
SCN_012,560,18.6333,TGT_002,DECOY_TARGET,476,267,10,10,481.0,272.0,True,straight_line,20.0
SCN_012,560,18.6333,TGT_003,DECOY_TARGET,435,215,9,9,439.5,219.5,True,random,18.0
SCN_012,561,18.6667,TGT_001,COMMUNICATION_TARGET,264,116,10,10,269.0,121.0,True,circular,30.0
SCN_012,561,18.6667,TGT_002,DECOY_TARGET,477,268,10,10,482.0,273.0,True,straight_line,20.0
SCN_012,561,18.6667,TGT_003,DECOY_TARGET,435,215,9,9,439.5,219.5,True,random,18.0
SCN_012,562,18.7,TGT_001,COMMUNICATION_TARGET,265,115,10,10,270.0,120.0,True,circular,30.0
SCN_012,562,18.7,TGT_002,DECOY_TARGET,478,268,10,10,483.0,273.0,True,straight_line,20.0
SCN_012,562,18.7,TGT_003,DECOY_TARGET,436,215,9,9,440.5,219.5,True,random,18.0
SCN_012,563,18.7333,TGT_001,COMMUNICATION_TARGET,266,115,10,10,271.0,120.0,True,circular,30.0
SCN_012,563,18.7333,TGT_002,DECOY_TARGET,478,268,10,10,483.0,273.0,True,straight_line,20.0
SCN_012,563,18.7333,TGT_003,DECOY_TARGET,436,215,9,9,440.5,219.5,True,random,18.0
SCN_012,564,18.7667,TGT_001,COMMUNICATION_TARGET,267,114,10,10,272.0,119.0,True,circular,30.0
SCN_012,564,18.7667,TGT_002,DECOY_TARGET,479,268,10,10,484.0,273.0,True,straight_line,20.0
SCN_012,564,18.7667,TGT_003,DECOY_TARGET,436,215,9,9,440.5,219.5,True,random,18.0
SCN_012,565,18.8,TGT_001,COMMUNICATION_TARGET,268,114,10,10,273.0,119.0,True,circular,30.0
SCN_012,565,18.8,TGT_002,DECOY_TARGET,480,268,10,10,485.0,273.0,True,straight_line,20.0
SCN_012,565,18.8,TGT_003,DECOY_TARGET,436,215,9,9,440.5,219.5,True,random,18.0
SCN_012,566,18.8333,TGT_001,COMMUNICATION_TARGET,268,114,10,10,273.0,119.0,True,circular,30.0
SCN_012,566,18.8333,TGT_002,DECOY_TARGET,480,268,10,10,485.0,273.0,True,straight_line,20.0
SCN_012,566,18.8333,TGT_003,DECOY_TARGET,436,215,9,9,440.5,219.5,True,random,18.0
SCN_012,567,18.8667,TGT_001,COMMUNICATION_TARGET,269,113,10,10,274.0,118.0,True,circular,30.0
SCN_012,567,18.8667,TGT_002,DECOY_TARGET,481,268,10,10,486.0,273.0,True,straight_line,20.0
SCN_012,567,18.8667,TGT_003,DECOY_TARGET,436,215,9,9,440.5,219.5,True,random,18.0
SCN_012,568,18.9,TGT_001,COMMUNICATION_TARGET,270,113,10,10,275.0,118.0,True,circular,30.0
SCN_012,568,18.9,TGT_002,DECOY_TARGET,482,268,10,10,487.0,273.0,True,straight_line,20.0
SCN_012,568,18.9,TGT_003,DECOY_TARGET,436,215,9,9,440.5,219.5,True,random,18.0
SCN_012,569,18.9333,TGT_001,COMMUNICATION_TARGET,271,113,10,10,276.0,118.0,True,circular,30.0
SCN_012,569,18.9333,TGT_002,DECOY_TARGET,482,268,10,10,487.0,273.0,True,straight_line,20.0
SCN_012,569,18.9333,TGT_003,DECOY_TARGET,436,215,9,9,440.5,219.5,True,random,18.0
SCN_012,570,18.9667,TGT_001,COMMUNICATION_TARGET,272,112,10,10,277.0,117.0,True,circular,30.0
SCN_012,570,18.9667,TGT_002,DECOY_TARGET,483,268,10,10,488.0,273.0,True,straight_line,20.0
SCN_012,570,18.9667,TGT_003,DECOY_TARGET,436,215,9,9,440.5,219.5,True,random,18.0
SCN_012,571,19.0,TGT_001,COMMUNICATION_TARGET,273,112,10,10,278.0,117.0,True,circular,30.0
SCN_012,571,19.0,TGT_002,DECOY_TARGET,484,268,10,10,489.0,273.0,True,straight_line,20.0
SCN_012,571,19.0,TGT_003,DECOY_TARGET,436,215,9,9,440.5,219.5,True,random,18.0
SCN_012,572,19.0333,TGT_001,COMMUNICATION_TARGET,274,112,10,10,279.0,117.0,True,circular,30.0
SCN_012,572,19.0333,TGT_002,DECOY_TARGET,484,268,10,10,489.0,273.0,True,straight_line,20.0
SCN_012,572,19.0333,TGT_003,DECOY_TARGET,436,215,9,9,440.5,219.5,True,random,18.0
SCN_012,573,19.0667,TGT_001,COMMUNICATION_TARGET,275,111,10,10,280.0,116.0,True,circular,30.0
SCN_012,573,19.0667,TGT_002,DECOY_TARGET,485,268,10,10,490.0,273.0,True,straight_line,20.0
SCN_012,573,19.0667,TGT_003,DECOY_TARGET,436,215,9,9,440.5,219.5,True,random,18.0
SCN_012,574,19.1,TGT_001,COMMUNICATION_TARGET,276,111,10,10,281.0,116.0,True,circular,30.0
SCN_012,574,19.1,TGT_002,DECOY_TARGET,486,268,10,10,491.0,273.0,True,straight_line,20.0
SCN_012,574,19.1,TGT_003,DECOY_TARGET,436,215,9,9,440.5,219.5,True,random,18.0
SCN_012,575,19.1333,TGT_001,COMMUNICATION_TARGET,277,111,10,10,282.0,116.0,True,circular,30.0
SCN_012,575,19.1333,TGT_002,DECOY_TARGET,486,268,10,10,491.0,273.0,True,straight_line,20.0
SCN_012,575,19.1333,TGT_003,DECOY_TARGET,436,215,9,9,440.5,219.5,True,random,18.0
SCN_012,576,19.1667,TGT_001,COMMUNICATION_TARGET,278,110,10,10,283.0,115.0,True,circular,30.0
SCN_012,576,19.1667,TGT_002,DECOY_TARGET,487,268,10,10,492.0,273.0,True,straight_line,20.0
SCN_012,576,19.1667,TGT_003,DECOY_TARGET,436,215,9,9,440.5,219.5,True,random,18.0
SCN_012,577,19.2,TGT_001,COMMUNICATION_TARGET,279,110,10,10,284.0,115.0,True,circular,30.0
SCN_012,577,19.2,TGT_002,DECOY_TARGET,488,268,10,10,493.0,273.0,True,straight_line,20.0
SCN_012,577,19.2,TGT_003,DECOY_TARGET,436,215,9,9,440.5,219.5,True,random,18.0
SCN_012,578,19.2333,TGT_001,COMMUNICATION_TARGET,280,110,10,10,285.0,115.0,True,circular,30.0
SCN_012,578,19.2333,TGT_002,DECOY_TARGET,488,269,10,10,493.0,274.0,True,straight_line,20.0
SCN_012,578,19.2333,TGT_003,DECOY_TARGET,436,215,9,9,440.5,219.5,True,random,18.0
SCN_012,579,19.2667,TGT_001,COMMUNICATION_TARGET,281,110,10,10,286.0,115.0,True,circular,30.0
SCN_012,579,19.2667,TGT_002,DECOY_TARGET,489,269,10,10,494.0,274.0,True,straight_line,20.0
SCN_012,579,19.2667,TGT_003,DECOY_TARGET,436,215,9,9,440.5,219.5,True,random,18.0
SCN_012,580,19.3,TGT_001,COMMUNICATION_TARGET,282,109,10,10,287.0,114.0,True,circular,30.0
SCN_012,580,19.3,TGT_002,DECOY_TARGET,490,269,10,10,495.0,274.0,True,straight_line,20.0
SCN_012,580,19.3,TGT_003,DECOY_TARGET,436,215,9,9,440.5,219.5,True,random,18.0
SCN_012,581,19.3333,TGT_001,COMMUNICATION_TARGET,283,109,10,10,288.0,114.0,True,circular,30.0
SCN_012,581,19.3333,TGT_002,DECOY_TARGET,490,269,10,10,495.0,274.0,True,straight_line,20.0
SCN_012,581,19.3333,TGT_003,DECOY_TARGET,436,215,9,9,440.5,219.5,True,random,18.0
SCN_012,582,19.3667,TGT_001,COMMUNICATION_TARGET,284,109,10,10,289.0,114.0,True,circular,30.0
SCN_012,582,19.3667,TGT_002,DECOY_TARGET,491,269,10,10,496.0,274.0,True,straight_line,20.0
SCN_012,582,19.3667,TGT_003,DECOY_TARGET,436,215,9,9,440.5,219.5,True,random,18.0
SCN_012,583,19.4,TGT_001,COMMUNICATION_TARGET,285,109,10,10,290.0,114.0,True,circular,30.0
SCN_012,583,19.4,TGT_002,DECOY_TARGET,492,269,10,10,497.0,274.0,True,straight_line,20.0
SCN_012,583,19.4,TGT_003,DECOY_TARGET,436,215,9,9,440.5,219.5,True,random,18.0
SCN_012,584,19.4333,TGT_001,COMMUNICATION_TARGET,286,108,10,10,291.0,113.0,True,circular,30.0
SCN_012,584,19.4333,TGT_002,DECOY_TARGET,492,269,10,10,497.0,274.0,True,straight_line,20.0
SCN_012,584,19.4333,TGT_003,DECOY_TARGET,436,215,9,9,440.5,219.5,True,random,18.0
SCN_012,585,19.4667,TGT_001,COMMUNICATION_TARGET,287,108,10,10,292.0,113.0,True,circular,30.0
SCN_012,585,19.4667,TGT_002,DECOY_TARGET,493,269,10,10,498.0,274.0,True,straight_line,20.0
SCN_012,585,19.4667,TGT_003,DECOY_TARGET,436,215,9,9,440.5,219.5,True,random,18.0
SCN_012,586,19.5,TGT_001,COMMUNICATION_TARGET,288,108,10,10,293.0,113.0,True,circular,30.0
SCN_012,586,19.5,TGT_002,DECOY_TARGET,494,269,10,10,499.0,274.0,True,straight_line,20.0
SCN_012,586,19.5,TGT_003,DECOY_TARGET,436,215,9,9,440.5,219.5,True,random,18.0
SCN_012,587,19.5333,TGT_001,COMMUNICATION_TARGET,289,108,10,10,294.0,113.0,True,circular,30.0
SCN_012,587,19.5333,TGT_002,DECOY_TARGET,494,269,10,10,499.0,274.0,True,straight_line,20.0
SCN_012,587,19.5333,TGT_003,DECOY_TARGET,436,215,9,9,440.5,219.5,True,random,18.0
SCN_012,588,19.5667,TGT_001,COMMUNICATION_TARGET,290,108,10,10,295.0,113.0,True,circular,30.0
SCN_012,588,19.5667,TGT_002,DECOY_TARGET,495,269,10,10,500.0,274.0,True,straight_line,20.0
SCN_012,588,19.5667,TGT_003,DECOY_TARGET,436,215,9,9,440.5,219.5,True,random,18.0
SCN_012,589,19.6,TGT_001,COMMUNICATION_TARGET,291,107,10,10,296.0,112.0,True,circular,30.0
SCN_012,589,19.6,TGT_002,DECOY_TARGET,496,269,10,10,501.0,274.0,True,straight_line,20.0
SCN_012,589,19.6,TGT_003,DECOY_TARGET,436,215,9,9,440.5,219.5,True,random,18.0
SCN_012,590,19.6333,TGT_001,COMMUNICATION_TARGET,292,107,10,10,297.0,112.0,True,circular,30.0
SCN_012,590,19.6333,TGT_002,DECOY_TARGET,496,269,10,10,501.0,274.0,True,straight_line,20.0
SCN_012,590,19.6333,TGT_003,DECOY_TARGET,436,215,9,9,440.5,219.5,True,random,18.0
SCN_012,591,19.6667,TGT_001,COMMUNICATION_TARGET,293,107,10,10,298.0,112.0,True,circular,30.0
SCN_012,591,19.6667,TGT_002,DECOY_TARGET,497,269,10,10,502.0,274.0,True,straight_line,20.0
SCN_012,591,19.6667,TGT_003,DECOY_TARGET,436,215,9,9,440.5,219.5,True,random,18.0
SCN_012,592,19.7,TGT_001,COMMUNICATION_TARGET,293,107,10,10,298.0,112.0,True,circular,30.0
SCN_012,592,19.7,TGT_002,DECOY_TARGET,498,269,10,10,503.0,274.0,True,straight_line,20.0
SCN_012,592,19.7,TGT_003,DECOY_TARGET,436,215,9,9,440.5,219.5,True,random,18.0
SCN_012,593,19.7333,TGT_001,COMMUNICATION_TARGET,294,107,10,10,299.0,112.0,True,circular,30.0
SCN_012,593,19.7333,TGT_002,DECOY_TARGET,498,269,10,10,503.0,274.0,True,straight_line,20.0
SCN_012,593,19.7333,TGT_003,DECOY_TARGET,436,215,9,9,440.5,219.5,True,random,18.0
SCN_012,594,19.7667,TGT_001,COMMUNICATION_TARGET,295,106,10,10,300.0,111.0,True,circular,30.0
SCN_012,594,19.7667,TGT_002,DECOY_TARGET,499,269,10,10,504.0,274.0,True,straight_line,20.0
SCN_012,594,19.7667,TGT_003,DECOY_TARGET,436,215,9,9,440.5,219.5,True,random,18.0
SCN_012,595,19.8,TGT_001,COMMUNICATION_TARGET,296,106,10,10,301.0,111.0,True,circular,30.0
SCN_012,595,19.8,TGT_002,DECOY_TARGET,499,270,10,10,504.0,275.0,True,straight_line,20.0
SCN_012,595,19.8,TGT_003,DECOY_TARGET,436,215,9,9,440.5,219.5,True,random,18.0
SCN_012,596,19.8333,TGT_001,COMMUNICATION_TARGET,297,106,10,10,302.0,111.0,True,circular,30.0
SCN_012,596,19.8333,TGT_002,DECOY_TARGET,500,270,10,10,505.0,275.0,True,straight_line,20.0
SCN_012,596,19.8333,TGT_003,DECOY_TARGET,436,215,9,9,440.5,219.5,True,random,18.0
SCN_012,597,19.8667,TGT_001,COMMUNICATION_TARGET,298,106,10,10,303.0,111.0,True,circular,30.0
SCN_012,597,19.8667,TGT_002,DECOY_TARGET,501,270,10,10,506.0,275.0,True,straight_line,20.0
SCN_012,597,19.8667,TGT_003,DECOY_TARGET,436,215,9,9,440.5,219.5,True,random,18.0
SCN_012,598,19.9,TGT_001,COMMUNICATION_TARGET,299,106,10,10,304.0,111.0,True,circular,30.0
SCN_012,598,19.9,TGT_002,DECOY_TARGET,501,270,10,10,506.0,275.0,True,straight_line,20.0
SCN_012,598,19.9,TGT_003,DECOY_TARGET,436,215,9,9,440.5,219.5,True,random,18.0
SCN_012,599,19.9333,TGT_001,COMMUNICATION_TARGET,300,106,10,10,305.0,111.0,True,circular,30.0
SCN_012,599,19.9333,TGT_002,DECOY_TARGET,502,270,10,10,507.0,275.0,True,straight_line,20.0
SCN_012,599,19.9333,TGT_003,DECOY_TARGET,436,215,9,9,440.5,219.5,True,random,18.0
SCN_012,600,19.9667,TGT_001,COMMUNICATION_TARGET,301,106,10,10,306.0,111.0,False,circular,30.0
SCN_012,600,19.9667,TGT_002,DECOY_TARGET,503,270,10,10,508.0,275.0,True,straight_line,20.0
SCN_012,600,19.9667,TGT_003,DECOY_TARGET,436,215,9,9,440.5,219.5,True,random,18.0
SCN_012,601,20.0,TGT_001,COMMUNICATION_TARGET,302,106,10,10,307.0,111.0,False,circular,30.0
SCN_012,601,20.0,TGT_002,DECOY_TARGET,503,270,10,10,508.0,275.0,True,straight_line,20.0
SCN_012,601,20.0,TGT_003,DECOY_TARGET,436,215,9,9,440.5,219.5,True,random,18.0
SCN_012,602,20.0333,TGT_001,COMMUNICATION_TARGET,303,106,10,10,308.0,111.0,False,circular,30.0
SCN_012,602,20.0333,TGT_002,DECOY_TARGET,504,270,10,10,509.0,275.0,True,straight_line,20.0
SCN_012,602,20.0333,TGT_003,DECOY_TARGET,436,215,9,9,440.5,219.5,True,random,18.0
SCN_012,603,20.0667,TGT_001,COMMUNICATION_TARGET,304,105,10,10,309.0,110.0,False,circular,30.0
SCN_012,603,20.0667,TGT_002,DECOY_TARGET,505,270,10,10,510.0,275.0,True,straight_line,20.0
SCN_012,603,20.0667,TGT_003,DECOY_TARGET,436,215,9,9,440.5,219.5,True,random,18.0
SCN_012,604,20.1,TGT_001,COMMUNICATION_TARGET,305,105,10,10,310.0,110.0,False,circular,30.0
SCN_012,604,20.1,TGT_002,DECOY_TARGET,505,270,10,10,510.0,275.0,True,straight_line,20.0
SCN_012,604,20.1,TGT_003,DECOY_TARGET,436,215,9,9,440.5,219.5,True,random,18.0
SCN_012,605,20.1333,TGT_001,COMMUNICATION_TARGET,306,105,10,10,311.0,110.0,False,circular,30.0
SCN_012,605,20.1333,TGT_002,DECOY_TARGET,506,270,10,10,511.0,275.0,True,straight_line,20.0
SCN_012,605,20.1333,TGT_003,DECOY_TARGET,435,215,9,9,439.5,219.5,True,random,18.0
SCN_012,606,20.1667,TGT_001,COMMUNICATION_TARGET,307,105,10,10,312.0,110.0,False,circular,30.0
SCN_012,606,20.1667,TGT_002,DECOY_TARGET,507,270,10,10,512.0,275.0,True,straight_line,20.0
SCN_012,606,20.1667,TGT_003,DECOY_TARGET,435,215,9,9,439.5,219.5,True,random,18.0
SCN_012,607,20.2,TGT_001,COMMUNICATION_TARGET,308,105,10,10,313.0,110.0,False,circular,30.0
SCN_012,607,20.2,TGT_002,DECOY_TARGET,507,270,10,10,512.0,275.0,True,straight_line,20.0
SCN_012,607,20.2,TGT_003,DECOY_TARGET,435,215,9,9,439.5,219.5,True,random,18.0
SCN_012,608,20.2333,TGT_001,COMMUNICATION_TARGET,309,105,10,10,314.0,110.0,False,circular,30.0
SCN_012,608,20.2333,TGT_002,DECOY_TARGET,508,270,10,10,513.0,275.0,True,straight_line,20.0
SCN_012,608,20.2333,TGT_003,DECOY_TARGET,435,215,9,9,439.5,219.5,True,random,18.0
SCN_012,609,20.2667,TGT_001,COMMUNICATION_TARGET,310,105,10,10,315.0,110.0,False,circular,30.0
SCN_012,609,20.2667,TGT_002,DECOY_TARGET,509,270,10,10,514.0,275.0,True,straight_line,20.0
SCN_012,609,20.2667,TGT_003,DECOY_TARGET,435,215,9,9,439.5,219.5,True,random,18.0
SCN_012,610,20.3,TGT_001,COMMUNICATION_TARGET,311,105,10,10,316.0,110.0,False,circular,30.0
SCN_012,610,20.3,TGT_002,DECOY_TARGET,509,270,10,10,514.0,275.0,True,straight_line,20.0
SCN_012,610,20.3,TGT_003,DECOY_TARGET,435,215,9,9,439.5,219.5,True,random,18.0
SCN_012,611,20.3333,TGT_001,COMMUNICATION_TARGET,312,105,10,10,317.0,110.0,False,circular,30.0
SCN_012,611,20.3333,TGT_002,DECOY_TARGET,510,270,10,10,515.0,275.0,True,straight_line,20.0
SCN_012,611,20.3333,TGT_003,DECOY_TARGET,435,216,9,9,439.5,220.5,True,random,18.0
SCN_012,612,20.3667,TGT_001,COMMUNICATION_TARGET,313,105,10,10,318.0,110.0,False,circular,30.0
SCN_012,612,20.3667,TGT_002,DECOY_TARGET,511,271,10,10,516.0,276.0,True,straight_line,20.0
SCN_012,612,20.3667,TGT_003,DECOY_TARGET,435,216,9,9,439.5,220.5,True,random,18.0
SCN_012,613,20.4,TGT_001,COMMUNICATION_TARGET,314,105,10,10,319.0,110.0,False,circular,30.0
SCN_012,613,20.4,TGT_002,DECOY_TARGET,511,271,10,10,516.0,276.0,True,straight_line,20.0
SCN_012,613,20.4,TGT_003,DECOY_TARGET,435,216,9,9,439.5,220.5,True,random,18.0
SCN_012,614,20.4333,TGT_001,COMMUNICATION_TARGET,315,105,10,10,320.0,110.0,False,circular,30.0
SCN_012,614,20.4333,TGT_002,DECOY_TARGET,512,271,10,10,517.0,276.0,True,straight_line,20.0
SCN_012,614,20.4333,TGT_003,DECOY_TARGET,435,216,9,9,439.5,220.5,True,random,18.0
SCN_012,615,20.4667,TGT_001,COMMUNICATION_TARGET,316,105,10,10,321.0,110.0,False,circular,30.0
SCN_012,615,20.4667,TGT_002,DECOY_TARGET,513,271,10,10,518.0,276.0,True,straight_line,20.0
SCN_012,615,20.4667,TGT_003,DECOY_TARGET,435,216,9,9,439.5,220.5,True,random,18.0
SCN_012,616,20.5,TGT_001,COMMUNICATION_TARGET,317,105,10,10,322.0,110.0,False,circular,30.0
SCN_012,616,20.5,TGT_002,DECOY_TARGET,513,271,10,10,518.0,276.0,True,straight_line,20.0
SCN_012,616,20.5,TGT_003,DECOY_TARGET,435,216,9,9,439.5,220.5,True,random,18.0
SCN_012,617,20.5333,TGT_001,COMMUNICATION_TARGET,318,105,10,10,323.0,110.0,False,circular,30.0
SCN_012,617,20.5333,TGT_002,DECOY_TARGET,514,271,10,10,519.0,276.0,True,straight_line,20.0
SCN_012,617,20.5333,TGT_003,DECOY_TARGET,435,216,9,9,439.5,220.5,True,random,18.0
SCN_012,618,20.5667,TGT_001,COMMUNICATION_TARGET,319,105,10,10,324.0,110.0,False,circular,30.0
SCN_012,618,20.5667,TGT_002,DECOY_TARGET,515,271,10,10,520.0,276.0,True,straight_line,20.0
SCN_012,618,20.5667,TGT_003,DECOY_TARGET,435,216,9,9,439.5,220.5,True,random,18.0
SCN_012,619,20.6,TGT_001,COMMUNICATION_TARGET,320,105,10,10,325.0,110.0,False,circular,30.0
SCN_012,619,20.6,TGT_002,DECOY_TARGET,515,271,10,10,520.0,276.0,True,straight_line,20.0
SCN_012,619,20.6,TGT_003,DECOY_TARGET,435,216,9,9,439.5,220.5,True,random,18.0
SCN_012,620,20.6333,TGT_001,COMMUNICATION_TARGET,321,105,10,10,326.0,110.0,False,circular,30.0
SCN_012,620,20.6333,TGT_002,DECOY_TARGET,516,271,10,10,521.0,276.0,True,straight_line,20.0
SCN_012,620,20.6333,TGT_003,DECOY_TARGET,435,216,9,9,439.5,220.5,True,random,18.0
SCN_012,621,20.6667,TGT_001,COMMUNICATION_TARGET,322,105,10,10,327.0,110.0,False,circular,30.0
SCN_012,621,20.6667,TGT_002,DECOY_TARGET,517,271,10,10,522.0,276.0,True,straight_line,20.0
SCN_012,621,20.6667,TGT_003,DECOY_TARGET,435,216,9,9,439.5,220.5,True,random,18.0
SCN_012,622,20.7,TGT_001,COMMUNICATION_TARGET,323,105,10,10,328.0,110.0,False,circular,30.0
SCN_012,622,20.7,TGT_002,DECOY_TARGET,517,271,10,10,522.0,276.0,True,straight_line,20.0
SCN_012,622,20.7,TGT_003,DECOY_TARGET,435,216,9,9,439.5,220.5,True,random,18.0
SCN_012,623,20.7333,TGT_001,COMMUNICATION_TARGET,324,105,10,10,329.0,110.0,False,circular,30.0
SCN_012,623,20.7333,TGT_002,DECOY_TARGET,518,271,10,10,523.0,276.0,True,straight_line,20.0
SCN_012,623,20.7333,TGT_003,DECOY_TARGET,435,216,9,9,439.5,220.5,True,random,18.0
SCN_012,624,20.7667,TGT_001,COMMUNICATION_TARGET,325,105,10,10,330.0,110.0,False,circular,30.0
SCN_012,624,20.7667,TGT_002,DECOY_TARGET,519,271,10,10,524.0,276.0,True,straight_line,20.0
SCN_012,624,20.7667,TGT_003,DECOY_TARGET,435,216,9,9,439.5,220.5,True,random,18.0
SCN_012,625,20.8,TGT_001,COMMUNICATION_TARGET,326,105,10,10,331.0,110.0,False,circular,30.0
SCN_012,625,20.8,TGT_002,DECOY_TARGET,519,271,10,10,524.0,276.0,True,straight_line,20.0
SCN_012,625,20.8,TGT_003,DECOY_TARGET,435,216,9,9,439.5,220.5,True,random,18.0
SCN_012,626,20.8333,TGT_001,COMMUNICATION_TARGET,327,106,10,10,332.0,111.0,False,circular,30.0
SCN_012,626,20.8333,TGT_002,DECOY_TARGET,520,271,10,10,525.0,276.0,True,straight_line,20.0
SCN_012,626,20.8333,TGT_003,DECOY_TARGET,435,216,9,9,439.5,220.5,True,random,18.0
SCN_012,627,20.8667,TGT_001,COMMUNICATION_TARGET,328,106,10,10,333.0,111.0,False,circular,30.0
SCN_012,627,20.8667,TGT_002,DECOY_TARGET,521,271,10,10,526.0,276.0,True,straight_line,20.0
SCN_012,627,20.8667,TGT_003,DECOY_TARGET,435,216,9,9,439.5,220.5,True,random,18.0
SCN_012,628,20.9,TGT_001,COMMUNICATION_TARGET,329,106,10,10,334.0,111.0,False,circular,30.0
SCN_012,628,20.9,TGT_002,DECOY_TARGET,521,271,10,10,526.0,276.0,True,straight_line,20.0
SCN_012,628,20.9,TGT_003,DECOY_TARGET,435,216,9,9,439.5,220.5,True,random,18.0
SCN_012,629,20.9333,TGT_001,COMMUNICATION_TARGET,330,106,10,10,335.0,111.0,False,circular,30.0
SCN_012,629,20.9333,TGT_002,DECOY_TARGET,522,271,10,10,527.0,276.0,True,straight_line,20.0
SCN_012,629,20.9333,TGT_003,DECOY_TARGET,435,216,9,9,439.5,220.5,True,random,18.0
SCN_012,630,20.9667,TGT_001,COMMUNICATION_TARGET,331,106,10,10,336.0,111.0,False,circular,30.0
SCN_012,630,20.9667,TGT_002,DECOY_TARGET,523,272,10,10,528.0,277.0,True,straight_line,20.0
SCN_012,630,20.9667,TGT_003,DECOY_TARGET,435,216,9,9,439.5,220.5,True,random,18.0
SCN_012,631,21.0,TGT_001,COMMUNICATION_TARGET,332,106,10,10,337.0,111.0,False,circular,30.0
SCN_012,631,21.0,TGT_002,DECOY_TARGET,523,272,10,10,528.0,277.0,True,straight_line,20.0
SCN_012,631,21.0,TGT_003,DECOY_TARGET,435,216,9,9,439.5,220.5,True,random,18.0
SCN_012,632,21.0333,TGT_001,COMMUNICATION_TARGET,333,106,10,10,338.0,111.0,False,circular,30.0
SCN_012,632,21.0333,TGT_002,DECOY_TARGET,524,272,10,10,529.0,277.0,True,straight_line,20.0
SCN_012,632,21.0333,TGT_003,DECOY_TARGET,435,216,9,9,439.5,220.5,True,random,18.0
SCN_012,633,21.0667,TGT_001,COMMUNICATION_TARGET,334,106,10,10,339.0,111.0,False,circular,30.0
SCN_012,633,21.0667,TGT_002,DECOY_TARGET,525,272,10,10,530.0,277.0,True,straight_line,20.0
SCN_012,633,21.0667,TGT_003,DECOY_TARGET,435,216,9,9,439.5,220.5,True,random,18.0
SCN_012,634,21.1,TGT_001,COMMUNICATION_TARGET,335,107,10,10,340.0,112.0,False,circular,30.0
SCN_012,634,21.1,TGT_002,DECOY_TARGET,525,272,10,10,530.0,277.0,True,straight_line,20.0
SCN_012,634,21.1,TGT_003,DECOY_TARGET,435,216,9,9,439.5,220.5,True,random,18.0
SCN_012,635,21.1333,TGT_001,COMMUNICATION_TARGET,336,107,10,10,341.0,112.0,False,circular,30.0
SCN_012,635,21.1333,TGT_002,DECOY_TARGET,526,272,10,10,531.0,277.0,True,straight_line,20.0
SCN_012,635,21.1333,TGT_003,DECOY_TARGET,435,216,9,9,439.5,220.5,True,random,18.0
SCN_012,636,21.1667,TGT_001,COMMUNICATION_TARGET,337,107,10,10,342.0,112.0,False,circular,30.0
SCN_012,636,21.1667,TGT_002,DECOY_TARGET,527,272,10,10,532.0,277.0,True,straight_line,20.0
SCN_012,636,21.1667,TGT_003,DECOY_TARGET,435,216,9,9,439.5,220.5,True,random,18.0
SCN_012,637,21.2,TGT_001,COMMUNICATION_TARGET,338,107,10,10,343.0,112.0,False,circular,30.0
SCN_012,637,21.2,TGT_002,DECOY_TARGET,527,272,10,10,532.0,277.0,True,straight_line,20.0
SCN_012,637,21.2,TGT_003,DECOY_TARGET,435,216,9,9,439.5,220.5,True,random,18.0
SCN_012,638,21.2333,TGT_001,COMMUNICATION_TARGET,339,107,10,10,344.0,112.0,False,circular,30.0
SCN_012,638,21.2333,TGT_002,DECOY_TARGET,528,272,10,10,533.0,277.0,True,straight_line,20.0
SCN_012,638,21.2333,TGT_003,DECOY_TARGET,435,216,9,9,439.5,220.5,True,random,18.0
SCN_012,639,21.2667,TGT_001,COMMUNICATION_TARGET,340,107,10,10,345.0,112.0,False,circular,30.0
SCN_012,639,21.2667,TGT_002,DECOY_TARGET,529,272,10,10,534.0,277.0,True,straight_line,20.0
SCN_012,639,21.2667,TGT_003,DECOY_TARGET,435,216,9,9,439.5,220.5,True,random,18.0
SCN_012,640,21.3,TGT_001,COMMUNICATION_TARGET,341,108,10,10,346.0,113.0,False,circular,30.0
SCN_012,640,21.3,TGT_002,DECOY_TARGET,529,272,10,10,534.0,277.0,True,straight_line,20.0
SCN_012,640,21.3,TGT_003,DECOY_TARGET,435,216,9,9,439.5,220.5,True,random,18.0
SCN_012,641,21.3333,TGT_001,COMMUNICATION_TARGET,342,108,10,10,347.0,113.0,False,circular,30.0
SCN_012,641,21.3333,TGT_002,DECOY_TARGET,530,272,10,10,535.0,277.0,True,straight_line,20.0
SCN_012,641,21.3333,TGT_003,DECOY_TARGET,435,216,9,9,439.5,220.5,True,random,18.0
SCN_012,642,21.3667,TGT_001,COMMUNICATION_TARGET,343,108,10,10,348.0,113.0,False,circular,30.0
SCN_012,642,21.3667,TGT_002,DECOY_TARGET,531,272,10,10,536.0,277.0,True,straight_line,20.0
SCN_012,642,21.3667,TGT_003,DECOY_TARGET,435,216,9,9,439.5,220.5,True,random,18.0
SCN_012,643,21.4,TGT_001,COMMUNICATION_TARGET,344,108,10,10,349.0,113.0,False,circular,30.0
SCN_012,643,21.4,TGT_002,DECOY_TARGET,531,272,10,10,536.0,277.0,True,straight_line,20.0
SCN_012,643,21.4,TGT_003,DECOY_TARGET,435,216,9,9,439.5,220.5,True,random,18.0
SCN_012,644,21.4333,TGT_001,COMMUNICATION_TARGET,345,109,10,10,350.0,114.0,False,circular,30.0
SCN_012,644,21.4333,TGT_002,DECOY_TARGET,532,272,10,10,537.0,277.0,True,straight_line,20.0
SCN_012,644,21.4333,TGT_003,DECOY_TARGET,435,216,9,9,439.5,220.5,True,random,18.0
SCN_012,645,21.4667,TGT_001,COMMUNICATION_TARGET,346,109,10,10,351.0,114.0,False,circular,30.0
SCN_012,645,21.4667,TGT_002,DECOY_TARGET,533,272,10,10,538.0,277.0,True,straight_line,20.0
SCN_012,645,21.4667,TGT_003,DECOY_TARGET,435,216,9,9,439.5,220.5,True,random,18.0
SCN_012,646,21.5,TGT_001,COMMUNICATION_TARGET,347,109,10,10,352.0,114.0,False,circular,30.0
SCN_012,646,21.5,TGT_002,DECOY_TARGET,533,272,10,10,538.0,277.0,True,straight_line,20.0
SCN_012,646,21.5,TGT_003,DECOY_TARGET,435,216,9,9,439.5,220.5,True,random,18.0
SCN_012,647,21.5333,TGT_001,COMMUNICATION_TARGET,348,109,10,10,353.0,114.0,False,circular,30.0
SCN_012,647,21.5333,TGT_002,DECOY_TARGET,534,273,10,10,539.0,278.0,True,straight_line,20.0
SCN_012,647,21.5333,TGT_003,DECOY_TARGET,435,215,9,9,439.5,219.5,True,random,18.0
SCN_012,648,21.5667,TGT_001,COMMUNICATION_TARGET,349,110,10,10,354.0,115.0,False,circular,30.0
SCN_012,648,21.5667,TGT_002,DECOY_TARGET,535,273,10,10,540.0,278.0,True,straight_line,20.0
SCN_012,648,21.5667,TGT_003,DECOY_TARGET,435,215,9,9,439.5,219.5,True,random,18.0
SCN_012,649,21.6,TGT_001,COMMUNICATION_TARGET,350,110,10,10,355.0,115.0,False,circular,30.0
SCN_012,649,21.6,TGT_002,DECOY_TARGET,535,273,10,10,540.0,278.0,True,straight_line,20.0
SCN_012,649,21.6,TGT_003,DECOY_TARGET,436,215,9,9,440.5,219.5,True,random,18.0
SCN_012,650,21.6333,TGT_001,COMMUNICATION_TARGET,351,110,10,10,356.0,115.0,False,circular,30.0
SCN_012,650,21.6333,TGT_002,DECOY_TARGET,536,273,10,10,541.0,278.0,True,straight_line,20.0
SCN_012,650,21.6333,TGT_003,DECOY_TARGET,436,215,9,9,440.5,219.5,True,random,18.0
SCN_012,651,21.6667,TGT_001,COMMUNICATION_TARGET,352,110,10,10,357.0,115.0,False,circular,30.0
SCN_012,651,21.6667,TGT_002,DECOY_TARGET,537,273,10,10,542.0,278.0,True,straight_line,20.0
SCN_012,651,21.6667,TGT_003,DECOY_TARGET,436,215,9,9,440.5,219.5,True,random,18.0
SCN_012,652,21.7,TGT_001,COMMUNICATION_TARGET,353,111,10,10,358.0,116.0,False,circular,30.0
SCN_012,652,21.7,TGT_002,DECOY_TARGET,537,273,10,10,542.0,278.0,True,straight_line,20.0
SCN_012,652,21.7,TGT_003,DECOY_TARGET,436,215,9,9,440.5,219.5,True,random,18.0
SCN_012,653,21.7333,TGT_001,COMMUNICATION_TARGET,354,111,10,10,359.0,116.0,False,circular,30.0
SCN_012,653,21.7333,TGT_002,DECOY_TARGET,538,273,10,10,543.0,278.0,True,straight_line,20.0
SCN_012,653,21.7333,TGT_003,DECOY_TARGET,436,215,9,9,440.5,219.5,True,random,18.0
SCN_012,654,21.7667,TGT_001,COMMUNICATION_TARGET,355,111,10,10,360.0,116.0,False,circular,30.0
SCN_012,654,21.7667,TGT_002,DECOY_TARGET,539,273,10,10,544.0,278.0,True,straight_line,20.0
SCN_012,654,21.7667,TGT_003,DECOY_TARGET,436,215,9,9,440.5,219.5,True,random,18.0
SCN_012,655,21.8,TGT_001,COMMUNICATION_TARGET,356,112,10,10,361.0,117.0,False,circular,30.0
SCN_012,655,21.8,TGT_002,DECOY_TARGET,539,273,10,10,544.0,278.0,True,straight_line,20.0
SCN_012,655,21.8,TGT_003,DECOY_TARGET,436,215,9,9,440.5,219.5,True,random,18.0
SCN_012,656,21.8333,TGT_001,COMMUNICATION_TARGET,357,112,10,10,362.0,117.0,False,circular,30.0
SCN_012,656,21.8333,TGT_002,DECOY_TARGET,540,273,10,10,545.0,278.0,True,straight_line,20.0
SCN_012,656,21.8333,TGT_003,DECOY_TARGET,436,215,9,9,440.5,219.5,True,random,18.0
SCN_012,657,21.8667,TGT_001,COMMUNICATION_TARGET,358,112,10,10,363.0,117.0,False,circular,30.0
SCN_012,657,21.8667,TGT_002,DECOY_TARGET,541,273,10,10,546.0,278.0,True,straight_line,20.0
SCN_012,657,21.8667,TGT_003,DECOY_TARGET,436,215,9,9,440.5,219.5,True,random,18.0
SCN_012,658,21.9,TGT_001,COMMUNICATION_TARGET,359,113,10,10,364.0,118.0,False,circular,30.0
SCN_012,658,21.9,TGT_002,DECOY_TARGET,541,273,10,10,546.0,278.0,True,straight_line,20.0
SCN_012,658,21.9,TGT_003,DECOY_TARGET,436,215,9,9,440.5,219.5,True,random,18.0
SCN_012,659,21.9333,TGT_001,COMMUNICATION_TARGET,359,113,10,10,364.0,118.0,False,circular,30.0
SCN_012,659,21.9333,TGT_002,DECOY_TARGET,542,273,10,10,547.0,278.0,True,straight_line,20.0
SCN_012,659,21.9333,TGT_003,DECOY_TARGET,436,215,9,9,440.5,219.5,True,random,18.0
SCN_012,660,21.9667,TGT_001,COMMUNICATION_TARGET,360,113,10,10,365.0,118.0,False,circular,30.0
SCN_012,660,21.9667,TGT_002,DECOY_TARGET,543,273,10,10,548.0,278.0,True,straight_line,20.0
SCN_012,660,21.9667,TGT_003,DECOY_TARGET,436,215,9,9,440.5,219.5,True,random,18.0
SCN_012,661,22.0,TGT_001,COMMUNICATION_TARGET,361,114,10,10,366.0,119.0,True,circular,30.0
SCN_012,661,22.0,TGT_002,DECOY_TARGET,543,273,10,10,548.0,278.0,True,straight_line,20.0
SCN_012,661,22.0,TGT_003,DECOY_TARGET,436,215,9,9,440.5,219.5,True,random,18.0
SCN_012,662,22.0333,TGT_001,COMMUNICATION_TARGET,362,114,10,10,367.0,119.0,True,circular,30.0
SCN_012,662,22.0333,TGT_002,DECOY_TARGET,544,273,10,10,549.0,278.0,True,straight_line,20.0
SCN_012,662,22.0333,TGT_003,DECOY_TARGET,436,215,9,9,440.5,219.5,True,random,18.0
SCN_012,663,22.0667,TGT_001,COMMUNICATION_TARGET,363,114,10,10,368.0,119.0,True,circular,30.0
SCN_012,663,22.0667,TGT_002,DECOY_TARGET,545,273,10,10,550.0,278.0,True,straight_line,20.0
SCN_012,663,22.0667,TGT_003,DECOY_TARGET,436,215,9,9,440.5,219.5,True,random,18.0
SCN_012,664,22.1,TGT_001,COMMUNICATION_TARGET,364,115,10,10,369.0,120.0,True,circular,30.0
SCN_012,664,22.1,TGT_002,DECOY_TARGET,545,274,10,10,550.0,279.0,True,straight_line,20.0
SCN_012,664,22.1,TGT_003,DECOY_TARGET,436,215,9,9,440.5,219.5,True,random,18.0
SCN_012,665,22.1333,TGT_001,COMMUNICATION_TARGET,365,115,10,10,370.0,120.0,True,circular,30.0
SCN_012,665,22.1333,TGT_002,DECOY_TARGET,546,274,10,10,551.0,279.0,True,straight_line,20.0
SCN_012,665,22.1333,TGT_003,DECOY_TARGET,436,215,9,9,440.5,219.5,True,random,18.0
SCN_012,666,22.1667,TGT_001,COMMUNICATION_TARGET,366,115,10,10,371.0,120.0,True,circular,30.0
SCN_012,666,22.1667,TGT_002,DECOY_TARGET,547,274,10,10,552.0,279.0,True,straight_line,20.0
SCN_012,666,22.1667,TGT_003,DECOY_TARGET,436,215,9,9,440.5,219.5,True,random,18.0
SCN_012,667,22.2,TGT_001,COMMUNICATION_TARGET,367,116,10,10,372.0,121.0,True,circular,30.0
SCN_012,667,22.2,TGT_002,DECOY_TARGET,547,274,10,10,552.0,279.0,True,straight_line,20.0
SCN_012,667,22.2,TGT_003,DECOY_TARGET,436,215,9,9,440.5,219.5,True,random,18.0
SCN_012,668,22.2333,TGT_001,COMMUNICATION_TARGET,368,116,10,10,373.0,121.0,True,circular,30.0
SCN_012,668,22.2333,TGT_002,DECOY_TARGET,548,274,10,10,553.0,279.0,True,straight_line,20.0
SCN_012,668,22.2333,TGT_003,DECOY_TARGET,436,215,9,9,440.5,219.5,True,random,18.0
SCN_012,669,22.2667,TGT_001,COMMUNICATION_TARGET,369,117,10,10,374.0,122.0,True,circular,30.0
SCN_012,669,22.2667,TGT_002,DECOY_TARGET,549,274,10,10,554.0,279.0,True,straight_line,20.0
SCN_012,669,22.2667,TGT_003,DECOY_TARGET,436,216,9,9,440.5,220.5,True,random,18.0
SCN_012,670,22.3,TGT_001,COMMUNICATION_TARGET,370,117,10,10,375.0,122.0,True,circular,30.0
SCN_012,670,22.3,TGT_002,DECOY_TARGET,549,274,10,10,554.0,279.0,True,straight_line,20.0
SCN_012,670,22.3,TGT_003,DECOY_TARGET,436,216,9,9,440.5,220.5,True,random,18.0
SCN_012,671,22.3333,TGT_001,COMMUNICATION_TARGET,371,117,10,10,376.0,122.0,True,circular,30.0
SCN_012,671,22.3333,TGT_002,DECOY_TARGET,550,274,10,10,555.0,279.0,True,straight_line,20.0
SCN_012,671,22.3333,TGT_003,DECOY_TARGET,436,216,9,9,440.5,220.5,True,random,18.0
SCN_012,672,22.3667,TGT_001,COMMUNICATION_TARGET,371,118,10,10,376.0,123.0,True,circular,30.0
SCN_012,672,22.3667,TGT_002,DECOY_TARGET,551,274,10,10,556.0,279.0,True,straight_line,20.0
SCN_012,672,22.3667,TGT_003,DECOY_TARGET,436,216,9,9,440.5,220.5,True,random,18.0
SCN_012,673,22.4,TGT_001,COMMUNICATION_TARGET,372,118,10,10,377.0,123.0,True,circular,30.0
SCN_012,673,22.4,TGT_002,DECOY_TARGET,551,274,10,10,556.0,279.0,True,straight_line,20.0
SCN_012,673,22.4,TGT_003,DECOY_TARGET,436,216,9,9,440.5,220.5,True,random,18.0
SCN_012,674,22.4333,TGT_001,COMMUNICATION_TARGET,373,119,10,10,378.0,124.0,True,circular,30.0
SCN_012,674,22.4333,TGT_002,DECOY_TARGET,552,274,10,10,557.0,279.0,True,straight_line,20.0
SCN_012,674,22.4333,TGT_003,DECOY_TARGET,436,216,9,9,440.5,220.5,True,random,18.0
SCN_012,675,22.4667,TGT_001,COMMUNICATION_TARGET,374,119,10,10,379.0,124.0,True,circular,30.0
SCN_012,675,22.4667,TGT_002,DECOY_TARGET,553,274,10,10,558.0,279.0,True,straight_line,20.0
SCN_012,675,22.4667,TGT_003,DECOY_TARGET,436,216,9,9,440.5,220.5,True,random,18.0
SCN_012,676,22.5,TGT_001,COMMUNICATION_TARGET,375,120,10,10,380.0,125.0,True,circular,30.0
SCN_012,676,22.5,TGT_002,DECOY_TARGET,553,274,10,10,558.0,279.0,True,straight_line,20.0
SCN_012,676,22.5,TGT_003,DECOY_TARGET,436,216,9,9,440.5,220.5,True,random,18.0
SCN_012,677,22.5333,TGT_001,COMMUNICATION_TARGET,376,120,10,10,381.0,125.0,True,circular,30.0
SCN_012,677,22.5333,TGT_002,DECOY_TARGET,554,274,10,10,559.0,279.0,True,straight_line,20.0
SCN_012,677,22.5333,TGT_003,DECOY_TARGET,436,216,9,9,440.5,220.5,True,random,18.0
SCN_012,678,22.5667,TGT_001,COMMUNICATION_TARGET,377,121,10,10,382.0,126.0,True,circular,30.0
SCN_012,678,22.5667,TGT_002,DECOY_TARGET,555,274,10,10,560.0,279.0,True,straight_line,20.0
SCN_012,678,22.5667,TGT_003,DECOY_TARGET,435,216,9,9,439.5,220.5,True,random,18.0
SCN_012,679,22.6,TGT_001,COMMUNICATION_TARGET,378,121,10,10,383.0,126.0,True,circular,30.0
SCN_012,679,22.6,TGT_002,DECOY_TARGET,555,274,10,10,560.0,279.0,True,straight_line,20.0
SCN_012,679,22.6,TGT_003,DECOY_TARGET,435,216,9,9,439.5,220.5,True,random,18.0
SCN_012,680,22.6333,TGT_001,COMMUNICATION_TARGET,379,122,10,10,384.0,127.0,True,circular,30.0
SCN_012,680,22.6333,TGT_002,DECOY_TARGET,556,274,10,10,561.0,279.0,True,straight_line,20.0
SCN_012,680,22.6333,TGT_003,DECOY_TARGET,435,216,9,9,439.5,220.5,True,random,18.0
SCN_012,681,22.6667,TGT_001,COMMUNICATION_TARGET,379,122,10,10,384.0,127.0,True,circular,30.0
SCN_012,681,22.6667,TGT_002,DECOY_TARGET,557,275,10,10,562.0,280.0,True,straight_line,20.0
SCN_012,681,22.6667,TGT_003,DECOY_TARGET,435,216,9,9,439.5,220.5,True,random,18.0
SCN_012,682,22.7,TGT_001,COMMUNICATION_TARGET,380,123,10,10,385.0,128.0,True,circular,30.0
SCN_012,682,22.7,TGT_002,DECOY_TARGET,557,275,10,10,562.0,280.0,True,straight_line,20.0
SCN_012,682,22.7,TGT_003,DECOY_TARGET,435,216,9,9,439.5,220.5,True,random,18.0
SCN_012,683,22.7333,TGT_001,COMMUNICATION_TARGET,381,123,10,10,386.0,128.0,True,circular,30.0
SCN_012,683,22.7333,TGT_002,DECOY_TARGET,558,275,10,10,563.0,280.0,True,straight_line,20.0
SCN_012,683,22.7333,TGT_003,DECOY_TARGET,435,216,9,9,439.5,220.5,True,random,18.0
SCN_012,684,22.7667,TGT_001,COMMUNICATION_TARGET,382,124,10,10,387.0,129.0,True,circular,30.0
SCN_012,684,22.7667,TGT_002,DECOY_TARGET,559,275,10,10,564.0,280.0,True,straight_line,20.0
SCN_012,684,22.7667,TGT_003,DECOY_TARGET,435,216,9,9,439.5,220.5,True,random,18.0
SCN_012,685,22.8,TGT_001,COMMUNICATION_TARGET,383,124,10,10,388.0,129.0,True,circular,30.0
SCN_012,685,22.8,TGT_002,DECOY_TARGET,559,275,10,10,564.0,280.0,True,straight_line,20.0
SCN_012,685,22.8,TGT_003,DECOY_TARGET,435,216,9,9,439.5,220.5,True,random,18.0
SCN_012,686,22.8333,TGT_001,COMMUNICATION_TARGET,384,125,10,10,389.0,130.0,True,circular,30.0
SCN_012,686,22.8333,TGT_002,DECOY_TARGET,560,275,10,10,565.0,280.0,True,straight_line,20.0
SCN_012,686,22.8333,TGT_003,DECOY_TARGET,435,216,9,9,439.5,220.5,True,random,18.0
SCN_012,687,22.8667,TGT_001,COMMUNICATION_TARGET,385,125,10,10,390.0,130.0,True,circular,30.0
SCN_012,687,22.8667,TGT_002,DECOY_TARGET,561,275,10,10,566.0,280.0,True,straight_line,20.0
SCN_012,687,22.8667,TGT_003,DECOY_TARGET,435,216,9,9,439.5,220.5,True,random,18.0
SCN_012,688,22.9,TGT_001,COMMUNICATION_TARGET,385,126,10,10,390.0,131.0,True,circular,30.0
SCN_012,688,22.9,TGT_002,DECOY_TARGET,561,275,10,10,566.0,280.0,True,straight_line,20.0
SCN_012,688,22.9,TGT_003,DECOY_TARGET,435,216,9,9,439.5,220.5,True,random,18.0
SCN_012,689,22.9333,TGT_001,COMMUNICATION_TARGET,386,126,10,10,391.0,131.0,True,circular,30.0
SCN_012,689,22.9333,TGT_002,DECOY_TARGET,562,275,10,10,567.0,280.0,True,straight_line,20.0
SCN_012,689,22.9333,TGT_003,DECOY_TARGET,435,215,9,9,439.5,219.5,True,random,18.0
SCN_012,690,22.9667,TGT_001,COMMUNICATION_TARGET,387,127,10,10,392.0,132.0,True,circular,30.0
SCN_012,690,22.9667,TGT_002,DECOY_TARGET,563,275,10,10,568.0,280.0,True,straight_line,20.0
SCN_012,690,22.9667,TGT_003,DECOY_TARGET,435,215,9,9,439.5,219.5,True,random,18.0
SCN_012,691,23.0,TGT_001,COMMUNICATION_TARGET,388,127,10,10,393.0,132.0,True,circular,30.0
SCN_012,691,23.0,TGT_002,DECOY_TARGET,563,275,10,10,568.0,280.0,True,straight_line,20.0
SCN_012,691,23.0,TGT_003,DECOY_TARGET,435,215,9,9,439.5,219.5,True,random,18.0
SCN_012,692,23.0333,TGT_001,COMMUNICATION_TARGET,389,128,10,10,394.0,133.0,True,circular,30.0
SCN_012,692,23.0333,TGT_002,DECOY_TARGET,564,275,10,10,569.0,280.0,True,straight_line,20.0
SCN_012,692,23.0333,TGT_003,DECOY_TARGET,435,215,9,9,439.5,219.5,True,random,18.0
SCN_012,693,23.0667,TGT_001,COMMUNICATION_TARGET,390,128,10,10,395.0,133.0,True,circular,30.0
SCN_012,693,23.0667,TGT_002,DECOY_TARGET,565,275,10,10,570.0,280.0,True,straight_line,20.0
SCN_012,693,23.0667,TGT_003,DECOY_TARGET,435,215,9,9,439.5,219.5,True,random,18.0
SCN_012,694,23.1,TGT_001,COMMUNICATION_TARGET,390,129,10,10,395.0,134.0,True,circular,30.0
SCN_012,694,23.1,TGT_002,DECOY_TARGET,565,275,10,10,570.0,280.0,True,straight_line,20.0
SCN_012,694,23.1,TGT_003,DECOY_TARGET,435,215,9,9,439.5,219.5,True,random,18.0
SCN_012,695,23.1333,TGT_001,COMMUNICATION_TARGET,391,130,10,10,396.0,135.0,True,circular,30.0
SCN_012,695,23.1333,TGT_002,DECOY_TARGET,566,275,10,10,571.0,280.0,True,straight_line,20.0
SCN_012,695,23.1333,TGT_003,DECOY_TARGET,435,215,9,9,439.5,219.5,True,random,18.0
SCN_012,696,23.1667,TGT_001,COMMUNICATION_TARGET,392,130,10,10,397.0,135.0,True,circular,30.0
SCN_012,696,23.1667,TGT_002,DECOY_TARGET,567,275,10,10,572.0,280.0,True,straight_line,20.0
SCN_012,696,23.1667,TGT_003,DECOY_TARGET,435,215,9,9,439.5,219.5,True,random,18.0
SCN_012,697,23.2,TGT_001,COMMUNICATION_TARGET,393,131,10,10,398.0,136.0,True,circular,30.0
SCN_012,697,23.2,TGT_002,DECOY_TARGET,567,275,10,10,572.0,280.0,True,straight_line,20.0
SCN_012,697,23.2,TGT_003,DECOY_TARGET,435,215,9,9,439.5,219.5,True,random,18.0
SCN_012,698,23.2333,TGT_001,COMMUNICATION_TARGET,394,131,10,10,399.0,136.0,True,circular,30.0
SCN_012,698,23.2333,TGT_002,DECOY_TARGET,568,275,10,10,573.0,280.0,True,straight_line,20.0
SCN_012,698,23.2333,TGT_003,DECOY_TARGET,435,215,9,9,439.5,219.5,True,random,18.0
SCN_012,699,23.2667,TGT_001,COMMUNICATION_TARGET,394,132,10,10,399.0,137.0,True,circular,30.0
SCN_012,699,23.2667,TGT_002,DECOY_TARGET,569,276,10,10,574.0,281.0,True,straight_line,20.0
SCN_012,699,23.2667,TGT_003,DECOY_TARGET,435,215,9,9,439.5,219.5,True,random,18.0
SCN_012,700,23.3,TGT_001,COMMUNICATION_TARGET,395,133,10,10,400.0,138.0,True,circular,30.0
SCN_012,700,23.3,TGT_002,DECOY_TARGET,569,276,10,10,574.0,281.0,True,straight_line,20.0
SCN_012,700,23.3,TGT_003,DECOY_TARGET,435,215,9,9,439.5,219.5,True,random,18.0
SCN_012,701,23.3333,TGT_001,COMMUNICATION_TARGET,396,133,10,10,401.0,138.0,True,circular,30.0
SCN_012,701,23.3333,TGT_002,DECOY_TARGET,570,276,10,10,575.0,281.0,True,straight_line,20.0
SCN_012,701,23.3333,TGT_003,DECOY_TARGET,435,215,9,9,439.5,219.5,True,random,18.0
SCN_012,702,23.3667,TGT_001,COMMUNICATION_TARGET,397,134,10,10,402.0,139.0,True,circular,30.0
SCN_012,702,23.3667,TGT_002,DECOY_TARGET,571,276,10,10,576.0,281.0,True,straight_line,20.0
SCN_012,702,23.3667,TGT_003,DECOY_TARGET,435,215,9,9,439.5,219.5,True,random,18.0
SCN_012,703,23.4,TGT_001,COMMUNICATION_TARGET,398,135,10,10,403.0,140.0,True,circular,30.0
SCN_012,703,23.4,TGT_002,DECOY_TARGET,571,276,10,10,576.0,281.0,True,straight_line,20.0
SCN_012,703,23.4,TGT_003,DECOY_TARGET,435,215,9,9,439.5,219.5,True,random,18.0
SCN_012,704,23.4333,TGT_001,COMMUNICATION_TARGET,398,135,10,10,403.0,140.0,True,circular,30.0
SCN_012,704,23.4333,TGT_002,DECOY_TARGET,572,276,10,10,577.0,281.0,True,straight_line,20.0
SCN_012,704,23.4333,TGT_003,DECOY_TARGET,435,215,9,9,439.5,219.5,True,random,18.0
SCN_012,705,23.4667,TGT_001,COMMUNICATION_TARGET,399,136,10,10,404.0,141.0,True,circular,30.0
SCN_012,705,23.4667,TGT_002,DECOY_TARGET,573,276,10,10,578.0,281.0,True,straight_line,20.0
SCN_012,705,23.4667,TGT_003,DECOY_TARGET,435,215,9,9,439.5,219.5,True,random,18.0
SCN_012,706,23.5,TGT_001,COMMUNICATION_TARGET,400,136,10,10,405.0,141.0,True,circular,30.0
SCN_012,706,23.5,TGT_002,DECOY_TARGET,573,276,10,10,578.0,281.0,True,straight_line,20.0
SCN_012,706,23.5,TGT_003,DECOY_TARGET,435,215,9,9,439.5,219.5,True,random,18.0
SCN_012,707,23.5333,TGT_001,COMMUNICATION_TARGET,401,137,10,10,406.0,142.0,True,circular,30.0
SCN_012,707,23.5333,TGT_002,DECOY_TARGET,574,276,10,10,579.0,281.0,True,straight_line,20.0
SCN_012,707,23.5333,TGT_003,DECOY_TARGET,435,215,9,9,439.5,219.5,True,random,18.0
SCN_012,708,23.5667,TGT_001,COMMUNICATION_TARGET,401,138,10,10,406.0,143.0,True,circular,30.0
SCN_012,708,23.5667,TGT_002,DECOY_TARGET,575,276,10,10,580.0,281.0,True,straight_line,20.0
SCN_012,708,23.5667,TGT_003,DECOY_TARGET,435,215,9,9,439.5,219.5,True,random,18.0
SCN_012,709,23.6,TGT_001,COMMUNICATION_TARGET,402,138,10,10,407.0,143.0,True,circular,30.0
SCN_012,709,23.6,TGT_002,DECOY_TARGET,575,276,10,10,580.0,281.0,True,straight_line,20.0
SCN_012,709,23.6,TGT_003,DECOY_TARGET,435,215,9,9,439.5,219.5,True,random,18.0
SCN_012,710,23.6333,TGT_001,COMMUNICATION_TARGET,403,139,10,10,408.0,144.0,True,circular,30.0
SCN_012,710,23.6333,TGT_002,DECOY_TARGET,576,276,10,10,581.0,281.0,True,straight_line,20.0
SCN_012,710,23.6333,TGT_003,DECOY_TARGET,435,215,9,9,439.5,219.5,True,random,18.0
SCN_012,711,23.6667,TGT_001,COMMUNICATION_TARGET,404,140,10,10,409.0,145.0,True,circular,30.0
SCN_012,711,23.6667,TGT_002,DECOY_TARGET,577,276,10,10,582.0,281.0,True,straight_line,20.0
SCN_012,711,23.6667,TGT_003,DECOY_TARGET,435,215,9,9,439.5,219.5,True,random,18.0
SCN_012,712,23.7,TGT_001,COMMUNICATION_TARGET,404,140,10,10,409.0,145.0,True,circular,30.0
SCN_012,712,23.7,TGT_002,DECOY_TARGET,577,276,10,10,582.0,281.0,True,straight_line,20.0
SCN_012,712,23.7,TGT_003,DECOY_TARGET,435,215,9,9,439.5,219.5,True,random,18.0
SCN_012,713,23.7333,TGT_001,COMMUNICATION_TARGET,405,141,10,10,410.0,146.0,True,circular,30.0
SCN_012,713,23.7333,TGT_002,DECOY_TARGET,578,276,10,10,583.0,281.0,True,straight_line,20.0
SCN_012,713,23.7333,TGT_003,DECOY_TARGET,435,215,9,9,439.5,219.5,True,random,18.0
SCN_012,714,23.7667,TGT_001,COMMUNICATION_TARGET,406,142,10,10,411.0,147.0,True,circular,30.0
SCN_012,714,23.7667,TGT_002,DECOY_TARGET,579,276,10,10,584.0,281.0,True,straight_line,20.0
SCN_012,714,23.7667,TGT_003,DECOY_TARGET,435,215,9,9,439.5,219.5,True,random,18.0
SCN_012,715,23.8,TGT_001,COMMUNICATION_TARGET,406,143,10,10,411.0,148.0,True,circular,30.0
SCN_012,715,23.8,TGT_002,DECOY_TARGET,579,276,10,10,584.0,281.0,True,straight_line,20.0
SCN_012,715,23.8,TGT_003,DECOY_TARGET,435,215,9,9,439.5,219.5,True,random,18.0
SCN_012,716,23.8333,TGT_001,COMMUNICATION_TARGET,407,143,10,10,412.0,148.0,True,circular,30.0
SCN_012,716,23.8333,TGT_002,DECOY_TARGET,580,277,10,10,585.0,282.0,True,straight_line,20.0
SCN_012,716,23.8333,TGT_003,DECOY_TARGET,435,215,9,9,439.5,219.5,True,random,18.0
SCN_012,717,23.8667,TGT_001,COMMUNICATION_TARGET,408,144,10,10,413.0,149.0,True,circular,30.0
SCN_012,717,23.8667,TGT_002,DECOY_TARGET,581,277,10,10,586.0,282.0,True,straight_line,20.0
SCN_012,717,23.8667,TGT_003,DECOY_TARGET,435,215,9,9,439.5,219.5,True,random,18.0
SCN_012,718,23.9,TGT_001,COMMUNICATION_TARGET,409,145,10,10,414.0,150.0,True,circular,30.0
SCN_012,718,23.9,TGT_002,DECOY_TARGET,581,277,10,10,586.0,282.0,True,straight_line,20.0
SCN_012,718,23.9,TGT_003,DECOY_TARGET,435,215,9,9,439.5,219.5,True,random,18.0
SCN_012,719,23.9333,TGT_001,COMMUNICATION_TARGET,409,145,10,10,414.0,150.0,True,circular,30.0
SCN_012,719,23.9333,TGT_002,DECOY_TARGET,582,277,10,10,587.0,282.0,True,straight_line,20.0
SCN_012,719,23.9333,TGT_003,DECOY_TARGET,435,215,9,9,439.5,219.5,True,random,18.0
SCN_012,720,23.9667,TGT_001,COMMUNICATION_TARGET,410,146,10,10,415.0,151.0,True,circular,30.0
SCN_012,720,23.9667,TGT_002,DECOY_TARGET,583,277,10,10,588.0,282.0,True,straight_line,20.0
SCN_012,720,23.9667,TGT_003,DECOY_TARGET,435,215,9,9,439.5,219.5,True,random,18.0
SCN_012,721,24.0,TGT_001,COMMUNICATION_TARGET,411,147,10,10,416.0,152.0,True,circular,30.0
SCN_012,721,24.0,TGT_002,DECOY_TARGET,583,277,10,10,588.0,282.0,True,straight_line,20.0
SCN_012,721,24.0,TGT_003,DECOY_TARGET,435,215,9,9,439.5,219.5,True,random,18.0
SCN_012,722,24.0333,TGT_001,COMMUNICATION_TARGET,411,148,10,10,416.0,153.0,True,circular,30.0
SCN_012,722,24.0333,TGT_002,DECOY_TARGET,584,277,10,10,589.0,282.0,True,straight_line,20.0
SCN_012,722,24.0333,TGT_003,DECOY_TARGET,435,215,9,9,439.5,219.5,True,random,18.0
SCN_012,723,24.0667,TGT_001,COMMUNICATION_TARGET,412,148,10,10,417.0,153.0,True,circular,30.0
SCN_012,723,24.0667,TGT_002,DECOY_TARGET,585,277,10,10,590.0,282.0,True,straight_line,20.0
SCN_012,723,24.0667,TGT_003,DECOY_TARGET,435,215,9,9,439.5,219.5,True,random,18.0
SCN_012,724,24.1,TGT_001,COMMUNICATION_TARGET,413,149,10,10,418.0,154.0,True,circular,30.0
SCN_012,724,24.1,TGT_002,DECOY_TARGET,585,277,10,10,590.0,282.0,True,straight_line,20.0
SCN_012,724,24.1,TGT_003,DECOY_TARGET,435,215,9,9,439.5,219.5,True,random,18.0
SCN_012,725,24.1333,TGT_001,COMMUNICATION_TARGET,413,150,10,10,418.0,155.0,True,circular,30.0
SCN_012,725,24.1333,TGT_002,DECOY_TARGET,586,277,10,10,591.0,282.0,True,straight_line,20.0
SCN_012,725,24.1333,TGT_003,DECOY_TARGET,435,215,9,9,439.5,219.5,True,random,18.0
SCN_012,726,24.1667,TGT_001,COMMUNICATION_TARGET,414,151,10,10,419.0,156.0,True,circular,30.0
SCN_012,726,24.1667,TGT_002,DECOY_TARGET,586,277,10,10,591.0,282.0,True,straight_line,20.0
SCN_012,726,24.1667,TGT_003,DECOY_TARGET,435,215,9,9,439.5,219.5,True,random,18.0
SCN_012,727,24.2,TGT_001,COMMUNICATION_TARGET,415,151,10,10,420.0,156.0,True,circular,30.0
SCN_012,727,24.2,TGT_002,DECOY_TARGET,587,277,10,10,592.0,282.0,True,straight_line,20.0
SCN_012,727,24.2,TGT_003,DECOY_TARGET,435,215,9,9,439.5,219.5,True,random,18.0
SCN_012,728,24.2333,TGT_001,COMMUNICATION_TARGET,415,152,10,10,420.0,157.0,True,circular,30.0
SCN_012,728,24.2333,TGT_002,DECOY_TARGET,588,277,10,10,593.0,282.0,True,straight_line,20.0
SCN_012,728,24.2333,TGT_003,DECOY_TARGET,436,215,9,9,440.5,219.5,True,random,18.0
SCN_012,729,24.2667,TGT_001,COMMUNICATION_TARGET,416,153,10,10,421.0,158.0,True,circular,30.0
SCN_012,729,24.2667,TGT_002,DECOY_TARGET,588,277,10,10,593.0,282.0,True,straight_line,20.0
SCN_012,729,24.2667,TGT_003,DECOY_TARGET,436,215,9,9,440.5,219.5,True,random,18.0
SCN_012,730,24.3,TGT_001,COMMUNICATION_TARGET,416,154,10,10,421.0,159.0,True,circular,30.0
SCN_012,730,24.3,TGT_002,DECOY_TARGET,589,277,10,10,594.0,282.0,True,straight_line,20.0
SCN_012,730,24.3,TGT_003,DECOY_TARGET,436,215,9,9,440.5,219.5,True,random,18.0
SCN_012,731,24.3333,TGT_001,COMMUNICATION_TARGET,417,154,10,10,422.0,159.0,True,circular,30.0
SCN_012,731,24.3333,TGT_002,DECOY_TARGET,590,277,10,10,595.0,282.0,True,straight_line,20.0
SCN_012,731,24.3333,TGT_003,DECOY_TARGET,436,215,9,9,440.5,219.5,True,random,18.0
SCN_012,732,24.3667,TGT_001,COMMUNICATION_TARGET,418,155,10,10,423.0,160.0,True,circular,30.0
SCN_012,732,24.3667,TGT_002,DECOY_TARGET,590,277,10,10,595.0,282.0,True,straight_line,20.0
SCN_012,732,24.3667,TGT_003,DECOY_TARGET,436,215,9,9,440.5,219.5,True,random,18.0
SCN_012,733,24.4,TGT_001,COMMUNICATION_TARGET,418,156,10,10,423.0,161.0,True,circular,30.0
SCN_012,733,24.4,TGT_002,DECOY_TARGET,591,278,10,10,596.0,283.0,True,straight_line,20.0
SCN_012,733,24.4,TGT_003,DECOY_TARGET,436,215,9,9,440.5,219.5,True,random,18.0
SCN_012,734,24.4333,TGT_001,COMMUNICATION_TARGET,419,157,10,10,424.0,162.0,True,circular,30.0
SCN_012,734,24.4333,TGT_002,DECOY_TARGET,592,278,10,10,597.0,283.0,True,straight_line,20.0
SCN_012,734,24.4333,TGT_003,DECOY_TARGET,436,215,9,9,440.5,219.5,True,random,18.0
SCN_012,735,24.4667,TGT_001,COMMUNICATION_TARGET,420,158,10,10,425.0,163.0,True,circular,30.0
SCN_012,735,24.4667,TGT_002,DECOY_TARGET,592,278,10,10,597.0,283.0,True,straight_line,20.0
SCN_012,735,24.4667,TGT_003,DECOY_TARGET,436,215,9,9,440.5,219.5,True,random,18.0
SCN_012,736,24.5,TGT_001,COMMUNICATION_TARGET,420,158,10,10,425.0,163.0,True,circular,30.0
SCN_012,736,24.5,TGT_002,DECOY_TARGET,593,278,10,10,598.0,283.0,True,straight_line,20.0
SCN_012,736,24.5,TGT_003,DECOY_TARGET,436,215,9,9,440.5,219.5,True,random,18.0
SCN_012,737,24.5333,TGT_001,COMMUNICATION_TARGET,421,159,10,10,426.0,164.0,True,circular,30.0
SCN_012,737,24.5333,TGT_002,DECOY_TARGET,594,278,10,10,599.0,283.0,True,straight_line,20.0
SCN_012,737,24.5333,TGT_003,DECOY_TARGET,436,215,9,9,440.5,219.5,True,random,18.0
SCN_012,738,24.5667,TGT_001,COMMUNICATION_TARGET,421,160,10,10,426.0,165.0,True,circular,30.0
SCN_012,738,24.5667,TGT_002,DECOY_TARGET,594,278,10,10,599.0,283.0,True,straight_line,20.0
SCN_012,738,24.5667,TGT_003,DECOY_TARGET,436,215,9,9,440.5,219.5,True,random,18.0
SCN_012,739,24.6,TGT_001,COMMUNICATION_TARGET,422,161,10,10,427.0,166.0,True,circular,30.0
SCN_012,739,24.6,TGT_002,DECOY_TARGET,595,278,10,10,600.0,283.0,True,straight_line,20.0
SCN_012,739,24.6,TGT_003,DECOY_TARGET,436,215,9,9,440.5,219.5,True,random,18.0
SCN_012,740,24.6333,TGT_001,COMMUNICATION_TARGET,422,162,10,10,427.0,167.0,True,circular,30.0
SCN_012,740,24.6333,TGT_002,DECOY_TARGET,596,278,10,10,601.0,283.0,True,straight_line,20.0
SCN_012,740,24.6333,TGT_003,DECOY_TARGET,436,216,9,9,440.5,220.5,True,random,18.0
SCN_012,741,24.6667,TGT_001,COMMUNICATION_TARGET,423,163,10,10,428.0,168.0,True,circular,30.0
SCN_012,741,24.6667,TGT_002,DECOY_TARGET,596,278,10,10,601.0,283.0,True,straight_line,20.0
SCN_012,741,24.6667,TGT_003,DECOY_TARGET,436,216,9,9,440.5,220.5,True,random,18.0
SCN_012,742,24.7,TGT_001,COMMUNICATION_TARGET,424,163,10,10,429.0,168.0,True,circular,30.0
SCN_012,742,24.7,TGT_002,DECOY_TARGET,597,278,10,10,602.0,283.0,True,straight_line,20.0
SCN_012,742,24.7,TGT_003,DECOY_TARGET,436,216,9,9,440.5,220.5,True,random,18.0
SCN_012,743,24.7333,TGT_001,COMMUNICATION_TARGET,424,164,10,10,429.0,169.0,True,circular,30.0
SCN_012,743,24.7333,TGT_002,DECOY_TARGET,598,278,10,10,603.0,283.0,True,straight_line,20.0
SCN_012,743,24.7333,TGT_003,DECOY_TARGET,436,216,9,9,440.5,220.5,True,random,18.0
SCN_012,744,24.7667,TGT_001,COMMUNICATION_TARGET,425,165,10,10,430.0,170.0,True,circular,30.0
SCN_012,744,24.7667,TGT_002,DECOY_TARGET,598,278,10,10,603.0,283.0,True,straight_line,20.0
SCN_012,744,24.7667,TGT_003,DECOY_TARGET,436,216,9,9,440.5,220.5,True,random,18.0
SCN_012,745,24.8,TGT_001,COMMUNICATION_TARGET,425,166,10,10,430.0,171.0,True,circular,30.0
SCN_012,745,24.8,TGT_002,DECOY_TARGET,599,278,10,10,604.0,283.0,True,straight_line,20.0
SCN_012,745,24.8,TGT_003,DECOY_TARGET,436,216,9,9,440.5,220.5,True,random,18.0
SCN_012,746,24.8333,TGT_001,COMMUNICATION_TARGET,426,167,10,10,431.0,172.0,True,circular,30.0
SCN_012,746,24.8333,TGT_002,DECOY_TARGET,600,278,10,10,605.0,283.0,True,straight_line,20.0
SCN_012,746,24.8333,TGT_003,DECOY_TARGET,436,216,9,9,440.5,220.5,True,random,18.0
SCN_012,747,24.8667,TGT_001,COMMUNICATION_TARGET,426,168,10,10,431.0,173.0,True,circular,30.0
SCN_012,747,24.8667,TGT_002,DECOY_TARGET,600,278,10,10,605.0,283.0,True,straight_line,20.0
SCN_012,747,24.8667,TGT_003,DECOY_TARGET,436,216,9,9,440.5,220.5,True,random,18.0
SCN_012,748,24.9,TGT_001,COMMUNICATION_TARGET,427,168,10,10,432.0,173.0,True,circular,30.0
SCN_012,748,24.9,TGT_002,DECOY_TARGET,601,278,10,10,606.0,283.0,True,straight_line,20.0
SCN_012,748,24.9,TGT_003,DECOY_TARGET,436,216,9,9,440.5,220.5,True,random,18.0
SCN_012,749,24.9333,TGT_001,COMMUNICATION_TARGET,427,169,10,10,432.0,174.0,True,circular,30.0
SCN_012,749,24.9333,TGT_002,DECOY_TARGET,602,278,10,10,607.0,283.0,True,straight_line,20.0
SCN_012,749,24.9333,TGT_003,DECOY_TARGET,436,216,9,9,440.5,220.5,True,random,18.0
SCN_012,750,24.9667,TGT_001,COMMUNICATION_TARGET,428,170,10,10,433.0,175.0,True,circular,30.0
SCN_012,750,24.9667,TGT_002,DECOY_TARGET,602,279,10,10,607.0,284.0,True,straight_line,20.0
SCN_012,750,24.9667,TGT_003,DECOY_TARGET,436,216,9,9,440.5,220.5,True,random,18.0
SCN_012,751,25.0,TGT_001,COMMUNICATION_TARGET,428,171,10,10,433.0,176.0,True,circular,30.0
SCN_012,751,25.0,TGT_002,DECOY_TARGET,603,279,10,10,608.0,284.0,True,straight_line,20.0
SCN_012,751,25.0,TGT_003,DECOY_TARGET,436,216,9,9,440.5,220.5,True,random,18.0
SCN_012,752,25.0333,TGT_001,COMMUNICATION_TARGET,429,172,10,10,434.0,177.0,True,circular,30.0
SCN_012,752,25.0333,TGT_002,DECOY_TARGET,604,279,10,10,609.0,284.0,True,straight_line,20.0
SCN_012,752,25.0333,TGT_003,DECOY_TARGET,436,216,9,9,440.5,220.5,True,random,18.0
SCN_012,753,25.0667,TGT_001,COMMUNICATION_TARGET,429,173,10,10,434.0,178.0,True,circular,30.0
SCN_012,753,25.0667,TGT_002,DECOY_TARGET,604,279,10,10,609.0,284.0,True,straight_line,20.0
SCN_012,753,25.0667,TGT_003,DECOY_TARGET,436,216,9,9,440.5,220.5,True,random,18.0
SCN_012,754,25.1,TGT_001,COMMUNICATION_TARGET,430,174,10,10,435.0,179.0,True,circular,30.0
SCN_012,754,25.1,TGT_002,DECOY_TARGET,605,279,10,10,610.0,284.0,True,straight_line,20.0
SCN_012,754,25.1,TGT_003,DECOY_TARGET,436,216,9,9,440.5,220.5,True,random,18.0
SCN_012,755,25.1333,TGT_001,COMMUNICATION_TARGET,430,175,10,10,435.0,180.0,True,circular,30.0
SCN_012,755,25.1333,TGT_002,DECOY_TARGET,606,279,10,10,611.0,284.0,True,straight_line,20.0
SCN_012,755,25.1333,TGT_003,DECOY_TARGET,436,216,9,9,440.5,220.5,True,random,18.0
SCN_012,756,25.1667,TGT_001,COMMUNICATION_TARGET,431,175,10,10,436.0,180.0,True,circular,30.0
SCN_012,756,25.1667,TGT_002,DECOY_TARGET,606,279,10,10,611.0,284.0,True,straight_line,20.0
SCN_012,756,25.1667,TGT_003,DECOY_TARGET,436,216,9,9,440.5,220.5,True,random,18.0
SCN_012,757,25.2,TGT_001,COMMUNICATION_TARGET,431,176,10,10,436.0,181.0,True,circular,30.0
SCN_012,757,25.2,TGT_002,DECOY_TARGET,607,279,10,10,612.0,284.0,True,straight_line,20.0
SCN_012,757,25.2,TGT_003,DECOY_TARGET,437,216,9,9,441.5,220.5,True,random,18.0
SCN_012,758,25.2333,TGT_001,COMMUNICATION_TARGET,431,177,10,10,436.0,182.0,True,circular,30.0
SCN_012,758,25.2333,TGT_002,DECOY_TARGET,608,279,10,10,613.0,284.0,True,straight_line,20.0
SCN_012,758,25.2333,TGT_003,DECOY_TARGET,437,215,9,9,441.5,219.5,True,random,18.0
SCN_012,759,25.2667,TGT_001,COMMUNICATION_TARGET,432,178,10,10,437.0,183.0,True,circular,30.0
SCN_012,759,25.2667,TGT_002,DECOY_TARGET,608,279,10,10,613.0,284.0,True,straight_line,20.0
SCN_012,759,25.2667,TGT_003,DECOY_TARGET,437,215,9,9,441.5,219.5,True,random,18.0
SCN_012,760,25.3,TGT_001,COMMUNICATION_TARGET,432,179,10,10,437.0,184.0,True,circular,30.0
SCN_012,760,25.3,TGT_002,DECOY_TARGET,609,279,10,10,614.0,284.0,True,straight_line,20.0
SCN_012,760,25.3,TGT_003,DECOY_TARGET,437,215,9,9,441.5,219.5,True,random,18.0
SCN_012,761,25.3333,TGT_001,COMMUNICATION_TARGET,433,180,10,10,438.0,185.0,True,circular,30.0
SCN_012,761,25.3333,TGT_002,DECOY_TARGET,610,279,10,10,615.0,284.0,True,straight_line,20.0
SCN_012,761,25.3333,TGT_003,DECOY_TARGET,437,215,9,9,441.5,219.5,True,random,18.0
SCN_012,762,25.3667,TGT_001,COMMUNICATION_TARGET,433,181,10,10,438.0,186.0,True,circular,30.0
SCN_012,762,25.3667,TGT_002,DECOY_TARGET,610,279,10,10,615.0,284.0,True,straight_line,20.0
SCN_012,762,25.3667,TGT_003,DECOY_TARGET,437,215,9,9,441.5,219.5,True,random,18.0
SCN_012,763,25.4,TGT_001,COMMUNICATION_TARGET,434,182,10,10,439.0,187.0,True,circular,30.0
SCN_012,763,25.4,TGT_002,DECOY_TARGET,611,279,10,10,616.0,284.0,True,straight_line,20.0
SCN_012,763,25.4,TGT_003,DECOY_TARGET,437,215,9,9,441.5,219.5,True,random,18.0
SCN_012,764,25.4333,TGT_001,COMMUNICATION_TARGET,434,183,10,10,439.0,188.0,True,circular,30.0
SCN_012,764,25.4333,TGT_002,DECOY_TARGET,612,279,10,10,617.0,284.0,True,straight_line,20.0
SCN_012,764,25.4333,TGT_003,DECOY_TARGET,437,215,9,9,441.5,219.5,True,random,18.0
SCN_012,765,25.4667,TGT_001,COMMUNICATION_TARGET,434,184,10,10,439.0,189.0,True,circular,30.0
SCN_012,765,25.4667,TGT_002,DECOY_TARGET,612,279,10,10,617.0,284.0,True,straight_line,20.0
SCN_012,765,25.4667,TGT_003,DECOY_TARGET,437,215,9,9,441.5,219.5,True,random,18.0
SCN_012,766,25.5,TGT_001,COMMUNICATION_TARGET,435,185,10,10,440.0,190.0,True,circular,30.0
SCN_012,766,25.5,TGT_002,DECOY_TARGET,613,279,10,10,618.0,284.0,True,straight_line,20.0
SCN_012,766,25.5,TGT_003,DECOY_TARGET,437,215,9,9,441.5,219.5,True,random,18.0
SCN_012,767,25.5333,TGT_001,COMMUNICATION_TARGET,435,185,10,10,440.0,190.0,True,circular,30.0
SCN_012,767,25.5333,TGT_002,DECOY_TARGET,614,280,10,10,619.0,285.0,True,straight_line,20.0
SCN_012,767,25.5333,TGT_003,DECOY_TARGET,437,215,9,9,441.5,219.5,True,random,18.0
SCN_012,768,25.5667,TGT_001,COMMUNICATION_TARGET,436,186,10,10,441.0,191.0,True,circular,30.0
SCN_012,768,25.5667,TGT_002,DECOY_TARGET,614,280,10,10,619.0,285.0,True,straight_line,20.0
SCN_012,768,25.5667,TGT_003,DECOY_TARGET,437,215,9,9,441.5,219.5,True,random,18.0
SCN_012,769,25.6,TGT_001,COMMUNICATION_TARGET,436,187,10,10,441.0,192.0,True,circular,30.0
SCN_012,769,25.6,TGT_002,DECOY_TARGET,615,280,10,10,620.0,285.0,True,straight_line,20.0
SCN_012,769,25.6,TGT_003,DECOY_TARGET,436,215,9,9,440.5,219.5,True,random,18.0
SCN_012,770,25.6333,TGT_001,COMMUNICATION_TARGET,436,188,10,10,441.0,193.0,True,circular,30.0
SCN_012,770,25.6333,TGT_002,DECOY_TARGET,616,280,10,10,621.0,285.0,True,straight_line,20.0
SCN_012,770,25.6333,TGT_003,DECOY_TARGET,436,215,9,9,440.5,219.5,True,random,18.0
SCN_012,771,25.6667,TGT_001,COMMUNICATION_TARGET,437,189,10,10,442.0,194.0,True,circular,30.0
SCN_012,771,25.6667,TGT_002,DECOY_TARGET,616,280,10,10,621.0,285.0,True,straight_line,20.0
SCN_012,771,25.6667,TGT_003,DECOY_TARGET,436,215,9,9,440.5,219.5,True,random,18.0
SCN_012,772,25.7,TGT_001,COMMUNICATION_TARGET,437,190,10,10,442.0,195.0,True,circular,30.0
SCN_012,772,25.7,TGT_002,DECOY_TARGET,617,280,10,10,622.0,285.0,True,straight_line,20.0
SCN_012,772,25.7,TGT_003,DECOY_TARGET,436,215,9,9,440.5,219.5,True,random,18.0
SCN_012,773,25.7333,TGT_001,COMMUNICATION_TARGET,437,191,10,10,442.0,196.0,True,circular,30.0
SCN_012,773,25.7333,TGT_002,DECOY_TARGET,618,280,10,10,623.0,285.0,True,straight_line,20.0
SCN_012,773,25.7333,TGT_003,DECOY_TARGET,436,215,9,9,440.5,219.5,True,random,18.0
SCN_012,774,25.7667,TGT_001,COMMUNICATION_TARGET,438,192,10,10,443.0,197.0,True,circular,30.0
SCN_012,774,25.7667,TGT_002,DECOY_TARGET,618,280,10,10,623.0,285.0,True,straight_line,20.0
SCN_012,774,25.7667,TGT_003,DECOY_TARGET,436,215,9,9,440.5,219.5,True,random,18.0
SCN_012,775,25.8,TGT_001,COMMUNICATION_TARGET,438,193,10,10,443.0,198.0,True,circular,30.0
SCN_012,775,25.8,TGT_002,DECOY_TARGET,619,280,10,10,624.0,285.0,True,straight_line,20.0
SCN_012,775,25.8,TGT_003,DECOY_TARGET,436,215,9,9,440.5,219.5,True,random,18.0
SCN_012,776,25.8333,TGT_001,COMMUNICATION_TARGET,438,194,10,10,443.0,199.0,True,circular,30.0
SCN_012,776,25.8333,TGT_002,DECOY_TARGET,620,280,10,10,625.0,285.0,True,straight_line,20.0
SCN_012,776,25.8333,TGT_003,DECOY_TARGET,436,215,9,9,440.5,219.5,True,random,18.0
SCN_012,777,25.8667,TGT_001,COMMUNICATION_TARGET,439,195,10,10,444.0,200.0,True,circular,30.0
SCN_012,777,25.8667,TGT_002,DECOY_TARGET,620,280,10,10,625.0,285.0,True,straight_line,20.0
SCN_012,777,25.8667,TGT_003,DECOY_TARGET,436,215,9,9,440.5,219.5,True,random,18.0
SCN_012,778,25.9,TGT_001,COMMUNICATION_TARGET,439,196,10,10,444.0,201.0,True,circular,30.0
SCN_012,778,25.9,TGT_002,DECOY_TARGET,621,280,10,10,626.0,285.0,True,straight_line,20.0
SCN_012,778,25.9,TGT_003,DECOY_TARGET,436,215,9,9,440.5,219.5,True,random,18.0
SCN_012,779,25.9333,TGT_001,COMMUNICATION_TARGET,439,197,10,10,444.0,202.0,True,circular,30.0
SCN_012,779,25.9333,TGT_002,DECOY_TARGET,622,280,10,10,627.0,285.0,True,straight_line,20.0
SCN_012,779,25.9333,TGT_003,DECOY_TARGET,436,215,9,9,440.5,219.5,True,random,18.0
SCN_012,780,25.9667,TGT_001,COMMUNICATION_TARGET,440,198,10,10,445.0,203.0,True,circular,30.0
SCN_012,780,25.9667,TGT_002,DECOY_TARGET,622,280,10,10,627.0,285.0,True,straight_line,20.0
SCN_012,780,25.9667,TGT_003,DECOY_TARGET,436,215,9,9,440.5,219.5,True,random,18.0
SCN_012,781,26.0,TGT_001,COMMUNICATION_TARGET,440,199,10,10,445.0,204.0,True,circular,30.0
SCN_012,781,26.0,TGT_002,DECOY_TARGET,623,280,10,10,628.0,285.0,True,straight_line,20.0
SCN_012,781,26.0,TGT_003,DECOY_TARGET,436,215,9,9,440.5,219.5,True,random,18.0
SCN_012,782,26.0333,TGT_001,COMMUNICATION_TARGET,440,200,10,10,445.0,205.0,True,circular,30.0
SCN_012,782,26.0333,TGT_002,DECOY_TARGET,624,280,10,10,629.0,285.0,True,straight_line,20.0
SCN_012,782,26.0333,TGT_003,DECOY_TARGET,436,215,9,9,440.5,219.5,True,random,18.0
SCN_012,783,26.0667,TGT_001,COMMUNICATION_TARGET,440,201,10,10,445.0,206.0,True,circular,30.0
SCN_012,783,26.0667,TGT_002,DECOY_TARGET,624,280,10,10,629.0,285.0,True,straight_line,20.0
SCN_012,783,26.0667,TGT_003,DECOY_TARGET,436,215,9,9,440.5,219.5,True,random,18.0
SCN_012,784,26.1,TGT_001,COMMUNICATION_TARGET,441,202,10,10,446.0,207.0,True,circular,30.0
SCN_012,784,26.1,TGT_002,DECOY_TARGET,625,280,10,10,630.0,285.0,True,straight_line,20.0
SCN_012,784,26.1,TGT_003,DECOY_TARGET,436,215,9,9,440.5,219.5,True,random,18.0
SCN_012,785,26.1333,TGT_001,COMMUNICATION_TARGET,441,203,10,10,446.0,208.0,True,circular,30.0
SCN_012,785,26.1333,TGT_002,DECOY_TARGET,626,281,10,10,631.0,286.0,True,straight_line,20.0
SCN_012,785,26.1333,TGT_003,DECOY_TARGET,436,215,9,9,440.5,219.5,True,random,18.0
SCN_012,786,26.1667,TGT_001,COMMUNICATION_TARGET,441,204,10,10,446.0,209.0,True,circular,30.0
SCN_012,786,26.1667,TGT_002,DECOY_TARGET,626,281,10,10,631.0,286.0,True,straight_line,20.0
SCN_012,786,26.1667,TGT_003,DECOY_TARGET,436,215,9,9,440.5,219.5,True,random,18.0
SCN_012,787,26.2,TGT_001,COMMUNICATION_TARGET,441,204,10,10,446.0,209.0,True,circular,30.0
SCN_012,787,26.2,TGT_002,DECOY_TARGET,627,281,10,10,632.0,286.0,True,straight_line,20.0
SCN_012,787,26.2,TGT_003,DECOY_TARGET,436,215,9,9,440.5,219.5,True,random,18.0
SCN_012,788,26.2333,TGT_001,COMMUNICATION_TARGET,442,205,10,10,447.0,210.0,True,circular,30.0
SCN_012,788,26.2333,TGT_002,DECOY_TARGET,628,281,10,10,633.0,286.0,True,straight_line,20.0
SCN_012,788,26.2333,TGT_003,DECOY_TARGET,436,215,9,9,440.5,219.5,True,random,18.0
SCN_012,789,26.2667,TGT_001,COMMUNICATION_TARGET,442,206,10,10,447.0,211.0,True,circular,30.0
SCN_012,789,26.2667,TGT_002,DECOY_TARGET,628,281,10,10,633.0,286.0,True,straight_line,20.0
SCN_012,789,26.2667,TGT_003,DECOY_TARGET,436,215,9,9,440.5,219.5,True,random,18.0
SCN_012,790,26.3,TGT_001,COMMUNICATION_TARGET,442,207,10,10,447.0,212.0,True,circular,30.0
SCN_012,790,26.3,TGT_002,DECOY_TARGET,629,281,10,10,634.0,286.0,True,straight_line,20.0
SCN_012,790,26.3,TGT_003,DECOY_TARGET,436,216,9,9,440.5,220.5,True,random,18.0
SCN_012,791,26.3333,TGT_001,COMMUNICATION_TARGET,442,208,10,10,447.0,213.0,True,circular,30.0
SCN_012,791,26.3333,TGT_002,DECOY_TARGET,630,281,10,10,635.0,286.0,True,straight_line,20.0
SCN_012,791,26.3333,TGT_003,DECOY_TARGET,436,216,9,9,440.5,220.5,True,random,18.0
SCN_012,792,26.3667,TGT_001,COMMUNICATION_TARGET,442,209,10,10,447.0,214.0,True,circular,30.0
SCN_012,792,26.3667,TGT_002,DECOY_TARGET,630,281,10,10,635.0,286.0,True,straight_line,20.0
SCN_012,792,26.3667,TGT_003,DECOY_TARGET,436,216,9,9,440.5,220.5,True,random,18.0
SCN_012,793,26.4,TGT_001,COMMUNICATION_TARGET,443,210,10,10,448.0,215.0,True,circular,30.0
SCN_012,793,26.4,TGT_002,DECOY_TARGET,630,281,10,10,635.0,286.0,True,straight_line,20.0
SCN_012,793,26.4,TGT_003,DECOY_TARGET,436,216,9,9,440.5,220.5,True,random,18.0
SCN_012,794,26.4333,TGT_001,COMMUNICATION_TARGET,443,211,10,10,448.0,216.0,True,circular,30.0
SCN_012,794,26.4333,TGT_002,DECOY_TARGET,630,281,10,10,635.0,286.0,True,straight_line,20.0
SCN_012,794,26.4333,TGT_003,DECOY_TARGET,436,216,9,9,440.5,220.5,True,random,18.0
SCN_012,795,26.4667,TGT_001,COMMUNICATION_TARGET,443,212,10,10,448.0,217.0,True,circular,30.0
SCN_012,795,26.4667,TGT_002,DECOY_TARGET,630,281,10,10,635.0,286.0,True,straight_line,20.0
SCN_012,795,26.4667,TGT_003,DECOY_TARGET,436,216,9,9,440.5,220.5,True,random,18.0
SCN_012,796,26.5,TGT_001,COMMUNICATION_TARGET,443,213,10,10,448.0,218.0,True,circular,30.0
SCN_012,796,26.5,TGT_002,DECOY_TARGET,630,281,10,10,635.0,286.0,True,straight_line,20.0
SCN_012,796,26.5,TGT_003,DECOY_TARGET,436,216,9,9,440.5,220.5,True,random,18.0
SCN_012,797,26.5333,TGT_001,COMMUNICATION_TARGET,443,214,10,10,448.0,219.0,True,circular,30.0
SCN_012,797,26.5333,TGT_002,DECOY_TARGET,630,281,10,10,635.0,286.0,True,straight_line,20.0
SCN_012,797,26.5333,TGT_003,DECOY_TARGET,436,216,9,9,440.5,220.5,True,random,18.0
SCN_012,798,26.5667,TGT_001,COMMUNICATION_TARGET,443,215,10,10,448.0,220.0,True,circular,30.0
SCN_012,798,26.5667,TGT_002,DECOY_TARGET,630,281,10,10,635.0,286.0,True,straight_line,20.0
SCN_012,798,26.5667,TGT_003,DECOY_TARGET,436,216,9,9,440.5,220.5,True,random,18.0
SCN_012,799,26.6,TGT_001,COMMUNICATION_TARGET,444,216,10,10,449.0,221.0,True,circular,30.0
SCN_012,799,26.6,TGT_002,DECOY_TARGET,630,281,10,10,635.0,286.0,True,straight_line,20.0
SCN_012,799,26.6,TGT_003,DECOY_TARGET,436,216,9,9,440.5,220.5,True,random,18.0
SCN_012,800,26.6333,TGT_001,COMMUNICATION_TARGET,444,217,10,10,449.0,222.0,True,circular,30.0
SCN_012,800,26.6333,TGT_002,DECOY_TARGET,630,281,10,10,635.0,286.0,False,straight_line,20.0
SCN_012,800,26.6333,TGT_003,DECOY_TARGET,436,216,9,9,440.5,220.5,True,random,18.0
SCN_012,801,26.6667,TGT_001,COMMUNICATION_TARGET,444,218,10,10,449.0,223.0,True,circular,30.0
SCN_012,801,26.6667,TGT_002,DECOY_TARGET,630,281,10,10,635.0,286.0,False,straight_line,20.0
SCN_012,801,26.6667,TGT_003,DECOY_TARGET,436,216,9,9,440.5,220.5,True,random,18.0
SCN_012,802,26.7,TGT_001,COMMUNICATION_TARGET,444,219,10,10,449.0,224.0,True,circular,30.0
SCN_012,802,26.7,TGT_002,DECOY_TARGET,630,282,10,10,635.0,287.0,False,straight_line,20.0
SCN_012,802,26.7,TGT_003,DECOY_TARGET,436,216,9,9,440.5,220.5,True,random,18.0
SCN_012,803,26.7333,TGT_001,COMMUNICATION_TARGET,444,220,10,10,449.0,225.0,True,circular,30.0
SCN_012,803,26.7333,TGT_002,DECOY_TARGET,630,282,10,10,635.0,287.0,False,straight_line,20.0
SCN_012,803,26.7333,TGT_003,DECOY_TARGET,436,216,9,9,440.5,220.5,True,random,18.0
SCN_012,804,26.7667,TGT_001,COMMUNICATION_TARGET,444,221,10,10,449.0,226.0,True,circular,30.0
SCN_012,804,26.7667,TGT_002,DECOY_TARGET,630,282,10,10,635.0,287.0,False,straight_line,20.0
SCN_012,804,26.7667,TGT_003,DECOY_TARGET,436,216,9,9,440.5,220.5,True,random,18.0
SCN_012,805,26.8,TGT_001,COMMUNICATION_TARGET,444,222,10,10,449.0,227.0,True,circular,30.0
SCN_012,805,26.8,TGT_002,DECOY_TARGET,630,282,10,10,635.0,287.0,False,straight_line,20.0
SCN_012,805,26.8,TGT_003,DECOY_TARGET,436,216,9,9,440.5,220.5,True,random,18.0
SCN_012,806,26.8333,TGT_001,COMMUNICATION_TARGET,444,223,10,10,449.0,228.0,True,circular,30.0
SCN_012,806,26.8333,TGT_002,DECOY_TARGET,630,282,10,10,635.0,287.0,False,straight_line,20.0
SCN_012,806,26.8333,TGT_003,DECOY_TARGET,435,216,9,9,439.5,220.5,True,random,18.0
SCN_012,807,26.8667,TGT_001,COMMUNICATION_TARGET,445,224,10,10,450.0,229.0,True,circular,30.0
SCN_012,807,26.8667,TGT_002,DECOY_TARGET,630,282,10,10,635.0,287.0,False,straight_line,20.0
SCN_012,807,26.8667,TGT_003,DECOY_TARGET,435,216,9,9,439.5,220.5,True,random,18.0
SCN_012,808,26.9,TGT_001,COMMUNICATION_TARGET,445,225,10,10,450.0,230.0,True,circular,30.0
SCN_012,808,26.9,TGT_002,DECOY_TARGET,630,282,10,10,635.0,287.0,False,straight_line,20.0
SCN_012,808,26.9,TGT_003,DECOY_TARGET,435,216,9,9,439.5,220.5,True,random,18.0
SCN_012,809,26.9333,TGT_001,COMMUNICATION_TARGET,445,226,10,10,450.0,231.0,True,circular,30.0
SCN_012,809,26.9333,TGT_002,DECOY_TARGET,630,282,10,10,635.0,287.0,False,straight_line,20.0
SCN_012,809,26.9333,TGT_003,DECOY_TARGET,435,216,9,9,439.5,220.5,True,random,18.0
SCN_012,810,26.9667,TGT_001,COMMUNICATION_TARGET,445,227,10,10,450.0,232.0,True,circular,30.0
SCN_012,810,26.9667,TGT_002,DECOY_TARGET,630,282,10,10,635.0,287.0,False,straight_line,20.0
SCN_012,810,26.9667,TGT_003,DECOY_TARGET,435,216,9,9,439.5,220.5,True,random,18.0
SCN_012,811,27.0,TGT_001,COMMUNICATION_TARGET,445,228,10,10,450.0,233.0,True,circular,30.0
SCN_012,811,27.0,TGT_002,DECOY_TARGET,630,282,10,10,635.0,287.0,False,straight_line,20.0
SCN_012,811,27.0,TGT_003,DECOY_TARGET,435,216,9,9,439.5,220.5,True,random,18.0
SCN_012,812,27.0333,TGT_001,COMMUNICATION_TARGET,445,229,10,10,450.0,234.0,True,circular,30.0
SCN_012,812,27.0333,TGT_002,DECOY_TARGET,630,282,10,10,635.0,287.0,False,straight_line,20.0
SCN_012,812,27.0333,TGT_003,DECOY_TARGET,435,216,9,9,439.5,220.5,True,random,18.0
SCN_012,813,27.0667,TGT_001,COMMUNICATION_TARGET,445,230,10,10,450.0,235.0,True,circular,30.0
SCN_012,813,27.0667,TGT_002,DECOY_TARGET,630,282,10,10,635.0,287.0,False,straight_line,20.0
SCN_012,813,27.0667,TGT_003,DECOY_TARGET,435,216,9,9,439.5,220.5,True,random,18.0
SCN_012,814,27.1,TGT_001,COMMUNICATION_TARGET,445,231,10,10,450.0,236.0,True,circular,30.0
SCN_012,814,27.1,TGT_002,DECOY_TARGET,630,282,10,10,635.0,287.0,False,straight_line,20.0
SCN_012,814,27.1,TGT_003,DECOY_TARGET,435,216,9,9,439.5,220.5,True,random,18.0
SCN_012,815,27.1333,TGT_001,COMMUNICATION_TARGET,445,232,10,10,450.0,237.0,True,circular,30.0
SCN_012,815,27.1333,TGT_002,DECOY_TARGET,630,282,10,10,635.0,287.0,False,straight_line,20.0
SCN_012,815,27.1333,TGT_003,DECOY_TARGET,435,216,9,9,439.5,220.5,True,random,18.0
SCN_012,816,27.1667,TGT_001,COMMUNICATION_TARGET,445,233,10,10,450.0,238.0,True,circular,30.0
SCN_012,816,27.1667,TGT_002,DECOY_TARGET,630,282,10,10,635.0,287.0,False,straight_line,20.0
SCN_012,816,27.1667,TGT_003,DECOY_TARGET,435,216,9,9,439.5,220.5,True,random,18.0
SCN_012,817,27.2,TGT_001,COMMUNICATION_TARGET,445,234,10,10,450.0,239.0,True,circular,30.0
SCN_012,817,27.2,TGT_002,DECOY_TARGET,630,282,10,10,635.0,287.0,False,straight_line,20.0
SCN_012,817,27.2,TGT_003,DECOY_TARGET,435,216,9,9,439.5,220.5,True,random,18.0
SCN_012,818,27.2333,TGT_001,COMMUNICATION_TARGET,445,235,10,10,450.0,240.0,True,circular,30.0
SCN_012,818,27.2333,TGT_002,DECOY_TARGET,630,282,10,10,635.0,287.0,False,straight_line,20.0
SCN_012,818,27.2333,TGT_003,DECOY_TARGET,435,216,9,9,439.5,220.5,True,random,18.0
SCN_012,819,27.2667,TGT_001,COMMUNICATION_TARGET,445,236,10,10,450.0,241.0,True,circular,30.0
SCN_012,819,27.2667,TGT_002,DECOY_TARGET,630,283,10,10,635.0,288.0,False,straight_line,20.0
SCN_012,819,27.2667,TGT_003,DECOY_TARGET,435,216,9,9,439.5,220.5,True,random,18.0
SCN_012,820,27.3,TGT_001,COMMUNICATION_TARGET,445,237,10,10,450.0,242.0,True,circular,30.0
SCN_012,820,27.3,TGT_002,DECOY_TARGET,630,283,10,10,635.0,288.0,False,straight_line,20.0
SCN_012,820,27.3,TGT_003,DECOY_TARGET,435,216,9,9,439.5,220.5,True,random,18.0
SCN_012,821,27.3333,TGT_001,COMMUNICATION_TARGET,445,238,10,10,450.0,243.0,True,circular,30.0
SCN_012,821,27.3333,TGT_002,DECOY_TARGET,630,283,10,10,635.0,288.0,False,straight_line,20.0
SCN_012,821,27.3333,TGT_003,DECOY_TARGET,435,216,9,9,439.5,220.5,True,random,18.0
SCN_012,822,27.3667,TGT_001,COMMUNICATION_TARGET,445,239,10,10,450.0,244.0,True,circular,30.0
SCN_012,822,27.3667,TGT_002,DECOY_TARGET,630,283,10,10,635.0,288.0,False,straight_line,20.0
SCN_012,822,27.3667,TGT_003,DECOY_TARGET,435,216,9,9,439.5,220.5,True,random,18.0
SCN_012,823,27.4,TGT_001,COMMUNICATION_TARGET,445,240,10,10,450.0,245.0,True,circular,30.0
SCN_012,823,27.4,TGT_002,DECOY_TARGET,630,283,10,10,635.0,288.0,False,straight_line,20.0
SCN_012,823,27.4,TGT_003,DECOY_TARGET,435,216,9,9,439.5,220.5,True,random,18.0
SCN_012,824,27.4333,TGT_001,COMMUNICATION_TARGET,445,241,10,10,450.0,246.0,True,circular,30.0
SCN_012,824,27.4333,TGT_002,DECOY_TARGET,630,283,10,10,635.0,288.0,False,straight_line,20.0
SCN_012,824,27.4333,TGT_003,DECOY_TARGET,435,216,9,9,439.5,220.5,True,random,18.0
SCN_012,825,27.4667,TGT_001,COMMUNICATION_TARGET,445,242,10,10,450.0,247.0,True,circular,30.0
SCN_012,825,27.4667,TGT_002,DECOY_TARGET,630,283,10,10,635.0,288.0,False,straight_line,20.0
SCN_012,825,27.4667,TGT_003,DECOY_TARGET,435,216,9,9,439.5,220.5,True,random,18.0
SCN_012,826,27.5,TGT_001,COMMUNICATION_TARGET,445,243,10,10,450.0,248.0,True,circular,30.0
SCN_012,826,27.5,TGT_002,DECOY_TARGET,630,283,10,10,635.0,288.0,False,straight_line,20.0
SCN_012,826,27.5,TGT_003,DECOY_TARGET,435,216,9,9,439.5,220.5,True,random,18.0
SCN_012,827,27.5333,TGT_001,COMMUNICATION_TARGET,445,244,10,10,450.0,249.0,True,circular,30.0
SCN_012,827,27.5333,TGT_002,DECOY_TARGET,630,283,10,10,635.0,288.0,False,straight_line,20.0
SCN_012,827,27.5333,TGT_003,DECOY_TARGET,435,216,9,9,439.5,220.5,True,random,18.0
SCN_012,828,27.5667,TGT_001,COMMUNICATION_TARGET,445,245,10,10,450.0,250.0,True,circular,30.0
SCN_012,828,27.5667,TGT_002,DECOY_TARGET,630,283,10,10,635.0,288.0,False,straight_line,20.0
SCN_012,828,27.5667,TGT_003,DECOY_TARGET,435,216,9,9,439.5,220.5,True,random,18.0
SCN_012,829,27.6,TGT_001,COMMUNICATION_TARGET,445,246,10,10,450.0,251.0,True,circular,30.0
SCN_012,829,27.6,TGT_002,DECOY_TARGET,630,283,10,10,635.0,288.0,False,straight_line,20.0
SCN_012,829,27.6,TGT_003,DECOY_TARGET,435,216,9,9,439.5,220.5,True,random,18.0
SCN_012,830,27.6333,TGT_001,COMMUNICATION_TARGET,444,247,10,10,449.0,252.0,True,circular,30.0
SCN_012,830,27.6333,TGT_002,DECOY_TARGET,630,283,10,10,635.0,288.0,False,straight_line,20.0
SCN_012,830,27.6333,TGT_003,DECOY_TARGET,435,216,9,9,439.5,220.5,True,random,18.0
SCN_012,831,27.6667,TGT_001,COMMUNICATION_TARGET,444,248,10,10,449.0,253.0,True,circular,30.0
SCN_012,831,27.6667,TGT_002,DECOY_TARGET,630,283,10,10,635.0,288.0,False,straight_line,20.0
SCN_012,831,27.6667,TGT_003,DECOY_TARGET,435,216,9,9,439.5,220.5,True,random,18.0
SCN_012,832,27.7,TGT_001,COMMUNICATION_TARGET,444,249,10,10,449.0,254.0,True,circular,30.0
SCN_012,832,27.7,TGT_002,DECOY_TARGET,630,283,10,10,635.0,288.0,False,straight_line,20.0
SCN_012,832,27.7,TGT_003,DECOY_TARGET,435,216,9,9,439.5,220.5,True,random,18.0
SCN_012,833,27.7333,TGT_001,COMMUNICATION_TARGET,444,250,10,10,449.0,255.0,True,circular,30.0
SCN_012,833,27.7333,TGT_002,DECOY_TARGET,630,283,10,10,635.0,288.0,False,straight_line,20.0
SCN_012,833,27.7333,TGT_003,DECOY_TARGET,435,216,9,9,439.5,220.5,True,random,18.0
SCN_012,834,27.7667,TGT_001,COMMUNICATION_TARGET,444,251,10,10,449.0,256.0,True,circular,30.0
SCN_012,834,27.7667,TGT_002,DECOY_TARGET,630,283,10,10,635.0,288.0,False,straight_line,20.0
SCN_012,834,27.7667,TGT_003,DECOY_TARGET,435,216,9,9,439.5,220.5,True,random,18.0
SCN_012,835,27.8,TGT_001,COMMUNICATION_TARGET,444,252,10,10,449.0,257.0,True,circular,30.0
SCN_012,835,27.8,TGT_002,DECOY_TARGET,630,283,10,10,635.0,288.0,False,straight_line,20.0
SCN_012,835,27.8,TGT_003,DECOY_TARGET,435,216,9,9,439.5,220.5,True,random,18.0
SCN_012,836,27.8333,TGT_001,COMMUNICATION_TARGET,444,253,10,10,449.0,258.0,True,circular,30.0
SCN_012,836,27.8333,TGT_002,DECOY_TARGET,630,284,10,10,635.0,289.0,False,straight_line,20.0
SCN_012,836,27.8333,TGT_003,DECOY_TARGET,435,216,9,9,439.5,220.5,True,random,18.0
SCN_012,837,27.8667,TGT_001,COMMUNICATION_TARGET,444,254,10,10,449.0,259.0,True,circular,30.0
SCN_012,837,27.8667,TGT_002,DECOY_TARGET,630,284,10,10,635.0,289.0,False,straight_line,20.0
SCN_012,837,27.8667,TGT_003,DECOY_TARGET,436,216,9,9,440.5,220.5,True,random,18.0
SCN_012,838,27.9,TGT_001,COMMUNICATION_TARGET,443,255,10,10,448.0,260.0,True,circular,30.0
SCN_012,838,27.9,TGT_002,DECOY_TARGET,630,284,10,10,635.0,289.0,False,straight_line,20.0
SCN_012,838,27.9,TGT_003,DECOY_TARGET,436,216,9,9,440.5,220.5,True,random,18.0
SCN_012,839,27.9333,TGT_001,COMMUNICATION_TARGET,443,256,10,10,448.0,261.0,True,circular,30.0
SCN_012,839,27.9333,TGT_002,DECOY_TARGET,630,284,10,10,635.0,289.0,False,straight_line,20.0
SCN_012,839,27.9333,TGT_003,DECOY_TARGET,436,216,9,9,440.5,220.5,True,random,18.0
SCN_012,840,27.9667,TGT_001,COMMUNICATION_TARGET,443,257,10,10,448.0,262.0,True,circular,30.0
SCN_012,840,27.9667,TGT_002,DECOY_TARGET,630,284,10,10,635.0,289.0,False,straight_line,20.0
SCN_012,840,27.9667,TGT_003,DECOY_TARGET,436,216,9,9,440.5,220.5,True,random,18.0
SCN_012,841,28.0,TGT_001,COMMUNICATION_TARGET,443,258,10,10,448.0,263.0,True,circular,30.0
SCN_012,841,28.0,TGT_002,DECOY_TARGET,630,284,10,10,635.0,289.0,False,straight_line,20.0
SCN_012,841,28.0,TGT_003,DECOY_TARGET,436,216,9,9,440.5,220.5,True,random,18.0
SCN_012,842,28.0333,TGT_001,COMMUNICATION_TARGET,443,259,10,10,448.0,264.0,True,circular,30.0
SCN_012,842,28.0333,TGT_002,DECOY_TARGET,630,284,10,10,635.0,289.0,False,straight_line,20.0
SCN_012,842,28.0333,TGT_003,DECOY_TARGET,436,216,9,9,440.5,220.5,True,random,18.0
SCN_012,843,28.0667,TGT_001,COMMUNICATION_TARGET,443,260,10,10,448.0,265.0,True,circular,30.0
SCN_012,843,28.0667,TGT_002,DECOY_TARGET,630,284,10,10,635.0,289.0,False,straight_line,20.0
SCN_012,843,28.0667,TGT_003,DECOY_TARGET,436,216,9,9,440.5,220.5,True,random,18.0
SCN_012,844,28.1,TGT_001,COMMUNICATION_TARGET,442,261,10,10,447.0,266.0,True,circular,30.0
SCN_012,844,28.1,TGT_002,DECOY_TARGET,630,284,10,10,635.0,289.0,False,straight_line,20.0
SCN_012,844,28.1,TGT_003,DECOY_TARGET,436,216,9,9,440.5,220.5,True,random,18.0
SCN_012,845,28.1333,TGT_001,COMMUNICATION_TARGET,442,262,10,10,447.0,267.0,True,circular,30.0
SCN_012,845,28.1333,TGT_002,DECOY_TARGET,630,284,10,10,635.0,289.0,False,straight_line,20.0
SCN_012,845,28.1333,TGT_003,DECOY_TARGET,436,216,9,9,440.5,220.5,True,random,18.0
SCN_012,846,28.1667,TGT_001,COMMUNICATION_TARGET,442,263,10,10,447.0,268.0,True,circular,30.0
SCN_012,846,28.1667,TGT_002,DECOY_TARGET,630,284,10,10,635.0,289.0,False,straight_line,20.0
SCN_012,846,28.1667,TGT_003,DECOY_TARGET,436,216,9,9,440.5,220.5,True,random,18.0
SCN_012,847,28.2,TGT_001,COMMUNICATION_TARGET,442,264,10,10,447.0,269.0,True,circular,30.0
SCN_012,847,28.2,TGT_002,DECOY_TARGET,630,284,10,10,635.0,289.0,False,straight_line,20.0
SCN_012,847,28.2,TGT_003,DECOY_TARGET,436,216,9,9,440.5,220.5,True,random,18.0
SCN_012,848,28.2333,TGT_001,COMMUNICATION_TARGET,442,265,10,10,447.0,270.0,True,circular,30.0
SCN_012,848,28.2333,TGT_002,DECOY_TARGET,630,284,10,10,635.0,289.0,False,straight_line,20.0
SCN_012,848,28.2333,TGT_003,DECOY_TARGET,436,216,9,9,440.5,220.5,True,random,18.0
SCN_012,849,28.2667,TGT_001,COMMUNICATION_TARGET,441,266,10,10,446.0,271.0,True,circular,30.0
SCN_012,849,28.2667,TGT_002,DECOY_TARGET,630,284,10,10,635.0,289.0,False,straight_line,20.0
SCN_012,849,28.2667,TGT_003,DECOY_TARGET,436,216,9,9,440.5,220.5,True,random,18.0
SCN_012,850,28.3,TGT_001,COMMUNICATION_TARGET,441,267,10,10,446.0,272.0,True,circular,30.0
SCN_012,850,28.3,TGT_002,DECOY_TARGET,630,284,10,10,635.0,289.0,False,straight_line,20.0
SCN_012,850,28.3,TGT_003,DECOY_TARGET,436,216,9,9,440.5,220.5,True,random,18.0
SCN_012,851,28.3333,TGT_001,COMMUNICATION_TARGET,441,268,10,10,446.0,273.0,True,circular,30.0
SCN_012,851,28.3333,TGT_002,DECOY_TARGET,630,284,10,10,635.0,289.0,False,straight_line,20.0
SCN_012,851,28.3333,TGT_003,DECOY_TARGET,436,216,9,9,440.5,220.5,True,random,18.0
SCN_012,852,28.3667,TGT_001,COMMUNICATION_TARGET,441,269,10,10,446.0,274.0,True,circular,30.0
SCN_012,852,28.3667,TGT_002,DECOY_TARGET,630,284,10,10,635.0,289.0,False,straight_line,20.0
SCN_012,852,28.3667,TGT_003,DECOY_TARGET,436,216,9,9,440.5,220.5,True,random,18.0
SCN_012,853,28.4,TGT_001,COMMUNICATION_TARGET,440,270,10,10,445.0,275.0,True,circular,30.0
SCN_012,853,28.4,TGT_002,DECOY_TARGET,630,285,10,10,635.0,290.0,False,straight_line,20.0
SCN_012,853,28.4,TGT_003,DECOY_TARGET,436,216,9,9,440.5,220.5,True,random,18.0
SCN_012,854,28.4333,TGT_001,COMMUNICATION_TARGET,440,271,10,10,445.0,276.0,True,circular,30.0
SCN_012,854,28.4333,TGT_002,DECOY_TARGET,630,285,10,10,635.0,290.0,False,straight_line,20.0
SCN_012,854,28.4333,TGT_003,DECOY_TARGET,436,216,9,9,440.5,220.5,True,random,18.0
SCN_012,855,28.4667,TGT_001,COMMUNICATION_TARGET,440,272,10,10,445.0,277.0,True,circular,30.0
SCN_012,855,28.4667,TGT_002,DECOY_TARGET,630,285,10,10,635.0,290.0,False,straight_line,20.0
SCN_012,855,28.4667,TGT_003,DECOY_TARGET,436,216,9,9,440.5,220.5,True,random,18.0
SCN_012,856,28.5,TGT_001,COMMUNICATION_TARGET,439,273,10,10,444.0,278.0,True,circular,30.0
SCN_012,856,28.5,TGT_002,DECOY_TARGET,630,285,10,10,635.0,290.0,False,straight_line,20.0
SCN_012,856,28.5,TGT_003,DECOY_TARGET,436,216,9,9,440.5,220.5,True,random,18.0
SCN_012,857,28.5333,TGT_001,COMMUNICATION_TARGET,439,274,10,10,444.0,279.0,True,circular,30.0
SCN_012,857,28.5333,TGT_002,DECOY_TARGET,630,285,10,10,635.0,290.0,False,straight_line,20.0
SCN_012,857,28.5333,TGT_003,DECOY_TARGET,436,216,9,9,440.5,220.5,True,random,18.0
SCN_012,858,28.5667,TGT_001,COMMUNICATION_TARGET,439,275,10,10,444.0,280.0,True,circular,30.0
SCN_012,858,28.5667,TGT_002,DECOY_TARGET,630,285,10,10,635.0,290.0,False,straight_line,20.0
SCN_012,858,28.5667,TGT_003,DECOY_TARGET,436,216,9,9,440.5,220.5,True,random,18.0
SCN_012,859,28.6,TGT_001,COMMUNICATION_TARGET,439,276,10,10,444.0,281.0,True,circular,30.0
SCN_012,859,28.6,TGT_002,DECOY_TARGET,630,285,10,10,635.0,290.0,False,straight_line,20.0
SCN_012,859,28.6,TGT_003,DECOY_TARGET,436,215,9,9,440.5,219.5,True,random,18.0
SCN_012,860,28.6333,TGT_001,COMMUNICATION_TARGET,438,276,10,10,443.0,281.0,True,circular,30.0
SCN_012,860,28.6333,TGT_002,DECOY_TARGET,630,285,10,10,635.0,290.0,False,straight_line,20.0
SCN_012,860,28.6333,TGT_003,DECOY_TARGET,436,215,9,9,440.5,219.5,True,random,18.0
SCN_012,861,28.6667,TGT_001,COMMUNICATION_TARGET,438,277,10,10,443.0,282.0,True,circular,30.0
SCN_012,861,28.6667,TGT_002,DECOY_TARGET,630,285,10,10,635.0,290.0,False,straight_line,20.0
SCN_012,861,28.6667,TGT_003,DECOY_TARGET,436,215,9,9,440.5,219.5,True,random,18.0
SCN_012,862,28.7,TGT_001,COMMUNICATION_TARGET,438,278,10,10,443.0,283.0,True,circular,30.0
SCN_012,862,28.7,TGT_002,DECOY_TARGET,630,285,10,10,635.0,290.0,False,straight_line,20.0
SCN_012,862,28.7,TGT_003,DECOY_TARGET,436,215,9,9,440.5,219.5,True,random,18.0
SCN_012,863,28.7333,TGT_001,COMMUNICATION_TARGET,437,279,10,10,442.0,284.0,True,circular,30.0
SCN_012,863,28.7333,TGT_002,DECOY_TARGET,630,285,10,10,635.0,290.0,False,straight_line,20.0
SCN_012,863,28.7333,TGT_003,DECOY_TARGET,436,215,9,9,440.5,219.5,True,random,18.0
SCN_012,864,28.7667,TGT_001,COMMUNICATION_TARGET,437,280,10,10,442.0,285.0,True,circular,30.0
SCN_012,864,28.7667,TGT_002,DECOY_TARGET,630,285,10,10,635.0,290.0,False,straight_line,20.0
SCN_012,864,28.7667,TGT_003,DECOY_TARGET,436,215,9,9,440.5,219.5,True,random,18.0
SCN_012,865,28.8,TGT_001,COMMUNICATION_TARGET,437,281,10,10,442.0,286.0,True,circular,30.0
SCN_012,865,28.8,TGT_002,DECOY_TARGET,630,285,10,10,635.0,290.0,False,straight_line,20.0
SCN_012,865,28.8,TGT_003,DECOY_TARGET,436,215,9,9,440.5,219.5,True,random,18.0
SCN_012,866,28.8333,TGT_001,COMMUNICATION_TARGET,436,282,10,10,441.0,287.0,True,circular,30.0
SCN_012,866,28.8333,TGT_002,DECOY_TARGET,630,285,10,10,635.0,290.0,False,straight_line,20.0
SCN_012,866,28.8333,TGT_003,DECOY_TARGET,436,215,9,9,440.5,219.5,True,random,18.0
SCN_012,867,28.8667,TGT_001,COMMUNICATION_TARGET,436,283,10,10,441.0,288.0,True,circular,30.0
SCN_012,867,28.8667,TGT_002,DECOY_TARGET,630,285,10,10,635.0,290.0,False,straight_line,20.0
SCN_012,867,28.8667,TGT_003,DECOY_TARGET,436,215,9,9,440.5,219.5,True,random,18.0
SCN_012,868,28.9,TGT_001,COMMUNICATION_TARGET,435,284,10,10,440.0,289.0,True,circular,30.0
SCN_012,868,28.9,TGT_002,DECOY_TARGET,630,285,10,10,635.0,290.0,False,straight_line,20.0
SCN_012,868,28.9,TGT_003,DECOY_TARGET,436,215,9,9,440.5,219.5,True,random,18.0
SCN_012,869,28.9333,TGT_001,COMMUNICATION_TARGET,435,285,10,10,440.0,290.0,True,circular,30.0
SCN_012,869,28.9333,TGT_002,DECOY_TARGET,630,285,10,10,635.0,290.0,False,straight_line,20.0
SCN_012,869,28.9333,TGT_003,DECOY_TARGET,436,215,9,9,440.5,219.5,True,random,18.0
SCN_012,870,28.9667,TGT_001,COMMUNICATION_TARGET,435,286,10,10,440.0,291.0,True,circular,30.0
SCN_012,870,28.9667,TGT_002,DECOY_TARGET,630,285,10,10,635.0,290.0,False,straight_line,20.0
SCN_012,870,28.9667,TGT_003,DECOY_TARGET,436,215,9,9,440.5,219.5,True,random,18.0
SCN_012,871,29.0,TGT_001,COMMUNICATION_TARGET,434,287,10,10,439.0,292.0,True,circular,30.0
SCN_012,871,29.0,TGT_002,DECOY_TARGET,630,286,10,10,635.0,291.0,False,straight_line,20.0
SCN_012,871,29.0,TGT_003,DECOY_TARGET,436,215,9,9,440.5,219.5,True,random,18.0
SCN_012,872,29.0333,TGT_001,COMMUNICATION_TARGET,434,288,10,10,439.0,293.0,True,circular,30.0
SCN_012,872,29.0333,TGT_002,DECOY_TARGET,630,286,10,10,635.0,291.0,False,straight_line,20.0
SCN_012,872,29.0333,TGT_003,DECOY_TARGET,436,215,9,9,440.5,219.5,True,random,18.0
SCN_012,873,29.0667,TGT_001,COMMUNICATION_TARGET,433,289,10,10,438.0,294.0,True,circular,30.0
SCN_012,873,29.0667,TGT_002,DECOY_TARGET,630,286,10,10,635.0,291.0,False,straight_line,20.0
SCN_012,873,29.0667,TGT_003,DECOY_TARGET,436,215,9,9,440.5,219.5,True,random,18.0
SCN_012,874,29.1,TGT_001,COMMUNICATION_TARGET,433,289,10,10,438.0,294.0,True,circular,30.0
SCN_012,874,29.1,TGT_002,DECOY_TARGET,630,286,10,10,635.0,291.0,False,straight_line,20.0
SCN_012,874,29.1,TGT_003,DECOY_TARGET,436,215,9,9,440.5,219.5,True,random,18.0
SCN_012,875,29.1333,TGT_001,COMMUNICATION_TARGET,433,290,10,10,438.0,295.0,True,circular,30.0
SCN_012,875,29.1333,TGT_002,DECOY_TARGET,630,286,10,10,635.0,291.0,False,straight_line,20.0
SCN_012,875,29.1333,TGT_003,DECOY_TARGET,436,215,9,9,440.5,219.5,True,random,18.0
SCN_012,876,29.1667,TGT_001,COMMUNICATION_TARGET,432,291,10,10,437.0,296.0,True,circular,30.0
SCN_012,876,29.1667,TGT_002,DECOY_TARGET,630,286,10,10,635.0,291.0,False,straight_line,20.0
SCN_012,876,29.1667,TGT_003,DECOY_TARGET,436,215,9,9,440.5,219.5,True,random,18.0
SCN_012,877,29.2,TGT_001,COMMUNICATION_TARGET,432,292,10,10,437.0,297.0,True,circular,30.0
SCN_012,877,29.2,TGT_002,DECOY_TARGET,630,286,10,10,635.0,291.0,False,straight_line,20.0
SCN_012,877,29.2,TGT_003,DECOY_TARGET,436,215,9,9,440.5,219.5,True,random,18.0
SCN_012,878,29.2333,TGT_001,COMMUNICATION_TARGET,431,293,10,10,436.0,298.0,True,circular,30.0
SCN_012,878,29.2333,TGT_002,DECOY_TARGET,630,286,10,10,635.0,291.0,False,straight_line,20.0
SCN_012,878,29.2333,TGT_003,DECOY_TARGET,436,215,9,9,440.5,219.5,True,random,18.0
SCN_012,879,29.2667,TGT_001,COMMUNICATION_TARGET,431,294,10,10,436.0,299.0,True,circular,30.0
SCN_012,879,29.2667,TGT_002,DECOY_TARGET,630,286,10,10,635.0,291.0,False,straight_line,20.0
SCN_012,879,29.2667,TGT_003,DECOY_TARGET,436,215,9,9,440.5,219.5,True,random,18.0
SCN_012,880,29.3,TGT_001,COMMUNICATION_TARGET,430,295,10,10,435.0,300.0,True,circular,30.0
SCN_012,880,29.3,TGT_002,DECOY_TARGET,630,286,10,10,635.0,291.0,False,straight_line,20.0
SCN_012,880,29.3,TGT_003,DECOY_TARGET,436,215,9,9,440.5,219.5,True,random,18.0
SCN_012,881,29.3333,TGT_001,COMMUNICATION_TARGET,430,296,10,10,435.0,301.0,True,circular,30.0
SCN_012,881,29.3333,TGT_002,DECOY_TARGET,630,286,10,10,635.0,291.0,False,straight_line,20.0
SCN_012,881,29.3333,TGT_003,DECOY_TARGET,436,215,9,9,440.5,219.5,True,random,18.0
SCN_012,882,29.3667,TGT_001,COMMUNICATION_TARGET,429,297,10,10,434.0,302.0,True,circular,30.0
SCN_012,882,29.3667,TGT_002,DECOY_TARGET,630,286,10,10,635.0,291.0,False,straight_line,20.0
SCN_012,882,29.3667,TGT_003,DECOY_TARGET,436,215,9,9,440.5,219.5,True,random,18.0
SCN_012,883,29.4,TGT_001,COMMUNICATION_TARGET,429,297,10,10,434.0,302.0,True,circular,30.0
SCN_012,883,29.4,TGT_002,DECOY_TARGET,630,286,10,10,635.0,291.0,False,straight_line,20.0
SCN_012,883,29.4,TGT_003,DECOY_TARGET,436,215,9,9,440.5,219.5,True,random,18.0
SCN_012,884,29.4333,TGT_001,COMMUNICATION_TARGET,429,298,10,10,434.0,303.0,True,circular,30.0
SCN_012,884,29.4333,TGT_002,DECOY_TARGET,630,286,10,10,635.0,291.0,False,straight_line,20.0
SCN_012,884,29.4333,TGT_003,DECOY_TARGET,436,215,9,9,440.5,219.5,True,random,18.0
SCN_012,885,29.4667,TGT_001,COMMUNICATION_TARGET,428,299,10,10,433.0,304.0,True,circular,30.0
SCN_012,885,29.4667,TGT_002,DECOY_TARGET,630,286,10,10,635.0,291.0,False,straight_line,20.0
SCN_012,885,29.4667,TGT_003,DECOY_TARGET,436,215,9,9,440.5,219.5,True,random,18.0
SCN_012,886,29.5,TGT_001,COMMUNICATION_TARGET,428,300,10,10,433.0,305.0,True,circular,30.0
SCN_012,886,29.5,TGT_002,DECOY_TARGET,630,286,10,10,635.0,291.0,False,straight_line,20.0
SCN_012,886,29.5,TGT_003,DECOY_TARGET,436,215,9,9,440.5,219.5,True,random,18.0
SCN_012,887,29.5333,TGT_001,COMMUNICATION_TARGET,427,301,10,10,432.0,306.0,True,circular,30.0
SCN_012,887,29.5333,TGT_002,DECOY_TARGET,630,286,10,10,635.0,291.0,False,straight_line,20.0
SCN_012,887,29.5333,TGT_003,DECOY_TARGET,436,215,9,9,440.5,219.5,True,random,18.0
SCN_012,888,29.5667,TGT_001,COMMUNICATION_TARGET,427,302,10,10,432.0,307.0,True,circular,30.0
SCN_012,888,29.5667,TGT_002,DECOY_TARGET,630,287,10,10,635.0,292.0,False,straight_line,20.0
SCN_012,888,29.5667,TGT_003,DECOY_TARGET,436,215,9,9,440.5,219.5,True,random,18.0
SCN_012,889,29.6,TGT_001,COMMUNICATION_TARGET,426,303,10,10,431.0,308.0,True,circular,30.0
SCN_012,889,29.6,TGT_002,DECOY_TARGET,630,287,10,10,635.0,292.0,False,straight_line,20.0
SCN_012,889,29.6,TGT_003,DECOY_TARGET,436,215,9,9,440.5,219.5,True,random,18.0
SCN_012,890,29.6333,TGT_001,COMMUNICATION_TARGET,425,304,10,10,430.0,309.0,True,circular,30.0
SCN_012,890,29.6333,TGT_002,DECOY_TARGET,630,287,10,10,635.0,292.0,False,straight_line,20.0
SCN_012,890,29.6333,TGT_003,DECOY_TARGET,436,215,9,9,440.5,219.5,True,random,18.0
SCN_012,891,29.6667,TGT_001,COMMUNICATION_TARGET,425,304,10,10,430.0,309.0,True,circular,30.0
SCN_012,891,29.6667,TGT_002,DECOY_TARGET,630,287,10,10,635.0,292.0,False,straight_line,20.0
SCN_012,891,29.6667,TGT_003,DECOY_TARGET,436,215,9,9,440.5,219.5,True,random,18.0
SCN_012,892,29.7,TGT_001,COMMUNICATION_TARGET,424,305,10,10,429.0,310.0,True,circular,30.0
SCN_012,892,29.7,TGT_002,DECOY_TARGET,630,287,10,10,635.0,292.0,False,straight_line,20.0
SCN_012,892,29.7,TGT_003,DECOY_TARGET,436,215,9,9,440.5,219.5,True,random,18.0
SCN_012,893,29.7333,TGT_001,COMMUNICATION_TARGET,424,306,10,10,429.0,311.0,True,circular,30.0
SCN_012,893,29.7333,TGT_002,DECOY_TARGET,630,287,10,10,635.0,292.0,False,straight_line,20.0
SCN_012,893,29.7333,TGT_003,DECOY_TARGET,436,215,9,9,440.5,219.5,True,random,18.0
SCN_012,894,29.7667,TGT_001,COMMUNICATION_TARGET,423,307,10,10,428.0,312.0,True,circular,30.0
SCN_012,894,29.7667,TGT_002,DECOY_TARGET,630,287,10,10,635.0,292.0,False,straight_line,20.0
SCN_012,894,29.7667,TGT_003,DECOY_TARGET,436,215,9,9,440.5,219.5,True,random,18.0
SCN_012,895,29.8,TGT_001,COMMUNICATION_TARGET,423,308,10,10,428.0,313.0,True,circular,30.0
SCN_012,895,29.8,TGT_002,DECOY_TARGET,630,287,10,10,635.0,292.0,False,straight_line,20.0
SCN_012,895,29.8,TGT_003,DECOY_TARGET,436,215,9,9,440.5,219.5,True,random,18.0
SCN_012,896,29.8333,TGT_001,COMMUNICATION_TARGET,422,309,10,10,427.0,314.0,True,circular,30.0
SCN_012,896,29.8333,TGT_002,DECOY_TARGET,630,287,10,10,635.0,292.0,False,straight_line,20.0
SCN_012,896,29.8333,TGT_003,DECOY_TARGET,436,215,9,9,440.5,219.5,True,random,18.0
SCN_012,897,29.8667,TGT_001,COMMUNICATION_TARGET,422,309,10,10,427.0,314.0,True,circular,30.0
SCN_012,897,29.8667,TGT_002,DECOY_TARGET,630,287,10,10,635.0,292.0,False,straight_line,20.0
SCN_012,897,29.8667,TGT_003,DECOY_TARGET,436,216,9,9,440.5,220.5,True,random,18.0
SCN_012,898,29.9,TGT_001,COMMUNICATION_TARGET,421,310,10,10,426.0,315.0,True,circular,30.0
SCN_012,898,29.9,TGT_002,DECOY_TARGET,630,287,10,10,635.0,292.0,False,straight_line,20.0
SCN_012,898,29.9,TGT_003,DECOY_TARGET,436,216,9,9,440.5,220.5,True,random,18.0
SCN_012,899,29.9333,TGT_001,COMMUNICATION_TARGET,420,311,10,10,425.0,316.0,True,circular,30.0
SCN_012,899,29.9333,TGT_002,DECOY_TARGET,630,287,10,10,635.0,292.0,False,straight_line,20.0
SCN_012,899,29.9333,TGT_003,DECOY_TARGET,436,216,9,9,440.5,220.5,True,random,18.0
SCN_012,900,29.9667,TGT_001,COMMUNICATION_TARGET,420,312,10,10,425.0,317.0,True,circular,30.0
SCN_012,900,29.9667,TGT_002,DECOY_TARGET,630,287,10,10,635.0,292.0,False,straight_line,20.0
SCN_012,900,29.9667,TGT_003,DECOY_TARGET,436,216,9,9,440.5,220.5,True,random,18.0
