scenario_id,frame_id,timestamp,target_id,target_role,gt_x,gt_y,gt_width,gt_height,gt_center_x,gt_center_y,visible,motion_type,target_speed
SCN_011,1,0.0,TGT_001,COMMUNICATION_TARGET,165,160,10,10,170.0,165.0,True,straight_line,28.0
SCN_011,1,0.0,TGT_002,DECOY_TARGET,165,320,10,10,170.0,325.0,True,straight_line,28.0
SCN_011,1,0.0,TGT_003,DECOY_TARGET,326,361,8,8,330.0,365.0,True,circular,22.0
SCN_011,2,0.0333,TGT_001,COMMUNICATION_TARGET,166,162,10,10,171.0,167.0,True,straight_line,28.0
SCN_011,2,0.0333,TGT_002,DECOY_TARGET,166,321,10,10,171.0,326.0,True,straight_line,28.0
SCN_011,2,0.0333,TGT_003,DECOY_TARGET,326,363,8,8,330.0,367.0,True,circular,22.0
SCN_011,3,0.0667,TGT_001,COMMUNICATION_TARGET,167,161,10,10,172.0,166.0,True,straight_line,28.0
SCN_011,3,0.0667,TGT_002,DECOY_TARGET,167,319,10,10,172.0,324.0,True,straight_line,28.0
SCN_011,3,0.0667,TGT_003,DECOY_TARGET,325,361,8,8,329.0,365.0,True,circular,22.0
SCN_011,4,0.1,TGT_001,COMMUNICATION_TARGET,168,158,10,10,173.0,163.0,True,straight_line,28.0
SCN_011,4,0.1,TGT_002,DECOY_TARGET,168,315,10,10,173.0,320.0,True,straight_line,28.0
SCN_011,4,0.1,TGT_003,DECOY_TARGET,324,357,8,8,328.0,361.0,True,circular,22.0
SCN_011,5,0.1333,TGT_001,COMMUNICATION_TARGET,167,153,10,10,172.0,158.0,True,straight_line,28.0
SCN_011,5,0.1333,TGT_002,DECOY_TARGET,167,309,10,10,172.0,314.0,True,straight_line,28.0
SCN_011,5,0.1333,TGT_003,DECOY_TARGET,322,352,8,8,326.0,356.0,True,circular,22.0
SCN_011,6,0.1667,TGT_001,COMMUNICATION_TARGET,168,151,10,10,173.0,156.0,True,straight_line,28.0
SCN_011,6,0.1667,TGT_002,DECOY_TARGET,168,306,10,10,173.0,311.0,True,straight_line,28.0
SCN_011,6,0.1667,TGT_003,DECOY_TARGET,321,349,8,8,325.0,353.0,True,circular,22.0
SCN_011,7,0.2,TGT_001,COMMUNICATION_TARGET,166,152,10,10,171.0,157.0,True,straight_line,28.0
SCN_011,7,0.2,TGT_002,DECOY_TARGET,166,306,10,10,171.0,311.0,True,straight_line,28.0
SCN_011,7,0.2,TGT_003,DECOY_TARGET,318,350,8,8,322.0,354.0,True,circular,22.0
SCN_011,8,0.2333,TGT_001,COMMUNICATION_TARGET,163,156,10,10,168.0,161.0,True,straight_line,28.0
SCN_011,8,0.2333,TGT_002,DECOY_TARGET,163,309,10,10,168.0,314.0,True,straight_line,28.0
SCN_011,8,0.2333,TGT_003,DECOY_TARGET,314,353,8,8,318.0,357.0,True,circular,22.0
SCN_011,9,0.2667,TGT_001,COMMUNICATION_TARGET,162,159,10,10,167.0,164.0,True,straight_line,28.0
SCN_011,9,0.2667,TGT_002,DECOY_TARGET,162,311,10,10,167.0,316.0,True,straight_line,28.0
SCN_011,9,0.2667,TGT_003,DECOY_TARGET,311,356,8,8,315.0,360.0,True,circular,22.0
SCN_011,10,0.3,TGT_001,COMMUNICATION_TARGET,163,165,10,10,168.0,170.0,True,straight_line,28.0
SCN_011,10,0.3,TGT_002,DECOY_TARGET,163,316,10,10,168.0,321.0,True,straight_line,28.0
SCN_011,10,0.3,TGT_003,DECOY_TARGET,310,361,8,8,314.0,365.0,True,circular,22.0
SCN_011,11,0.3333,TGT_001,COMMUNICATION_TARGET,168,166,10,10,173.0,171.0,True,straight_line,28.0
SCN_011,11,0.3333,TGT_002,DECOY_TARGET,168,317,10,10,173.0,322.0,True,straight_line,28.0
SCN_011,11,0.3333,TGT_003,DECOY_TARGET,314,362,8,8,318.0,366.0,True,circular,22.0
SCN_011,12,0.3667,TGT_001,COMMUNICATION_TARGET,174,165,10,10,179.0,170.0,True,straight_line,28.0
SCN_011,12,0.3667,TGT_002,DECOY_TARGET,174,314,10,10,179.0,319.0,True,straight_line,28.0
SCN_011,12,0.3667,TGT_003,DECOY_TARGET,319,361,8,8,323.0,365.0,True,circular,22.0
SCN_011,13,0.4,TGT_001,COMMUNICATION_TARGET,179,165,10,10,184.0,170.0,True,straight_line,28.0
SCN_011,13,0.4,TGT_002,DECOY_TARGET,179,313,10,10,184.0,318.0,True,straight_line,28.0
SCN_011,13,0.4,TGT_003,DECOY_TARGET,321,360,8,8,325.0,364.0,True,circular,22.0
SCN_011,14,0.4333,TGT_001,COMMUNICATION_TARGET,179,165,10,10,184.0,170.0,True,straight_line,28.0
SCN_011,14,0.4333,TGT_002,DECOY_TARGET,179,313,10,10,184.0,318.0,True,straight_line,28.0
SCN_011,14,0.4333,TGT_003,DECOY_TARGET,320,360,8,8,324.0,364.0,True,circular,22.0
SCN_011,15,0.4667,TGT_001,COMMUNICATION_TARGET,175,167,10,10,180.0,172.0,True,straight_line,28.0
SCN_011,15,0.4667,TGT_002,DECOY_TARGET,175,313,10,10,180.0,318.0,True,straight_line,28.0
SCN_011,15,0.4667,TGT_003,DECOY_TARGET,315,360,8,8,319.0,364.0,True,circular,22.0
SCN_011,16,0.5,TGT_001,COMMUNICATION_TARGET,171,167,10,10,176.0,172.0,True,straight_line,28.0
SCN_011,16,0.5,TGT_002,DECOY_TARGET,171,312,10,10,176.0,317.0,True,straight_line,28.0
SCN_011,16,0.5,TGT_003,DECOY_TARGET,309,360,8,8,313.0,364.0,True,circular,22.0
SCN_011,17,0.5333,TGT_001,COMMUNICATION_TARGET,169,166,10,10,174.0,171.0,True,straight_line,28.0
SCN_011,17,0.5333,TGT_002,DECOY_TARGET,169,310,10,10,174.0,315.0,True,straight_line,28.0
SCN_011,17,0.5333,TGT_003,DECOY_TARGET,305,358,8,8,309.0,362.0,True,circular,22.0
SCN_011,18,0.5667,TGT_001,COMMUNICATION_TARGET,169,163,10,10,174.0,168.0,True,straight_line,28.0
SCN_011,18,0.5667,TGT_002,DECOY_TARGET,169,307,10,10,174.0,312.0,True,straight_line,28.0
SCN_011,18,0.5667,TGT_003,DECOY_TARGET,304,355,8,8,308.0,359.0,True,circular,22.0
SCN_011,19,0.6,TGT_001,COMMUNICATION_TARGET,173,161,10,10,178.0,166.0,True,straight_line,28.0
SCN_011,19,0.6,TGT_002,DECOY_TARGET,173,304,10,10,178.0,309.0,True,straight_line,28.0
SCN_011,19,0.6,TGT_003,DECOY_TARGET,306,353,8,8,310.0,357.0,True,circular,22.0
SCN_011,20,0.6333,TGT_001,COMMUNICATION_TARGET,175,161,10,10,180.0,166.0,True,straight_line,28.0
SCN_011,20,0.6333,TGT_002,DECOY_TARGET,175,302,10,10,180.0,307.0,True,straight_line,28.0
SCN_011,20,0.6333,TGT_003,DECOY_TARGET,307,351,8,8,311.0,355.0,True,circular,22.0
SCN_011,21,0.6667,TGT_001,COMMUNICATION_TARGET,177,164,10,10,182.0,169.0,True,straight_line,28.0
SCN_011,21,0.6667,TGT_002,DECOY_TARGET,177,304,10,10,182.0,309.0,True,straight_line,28.0
SCN_011,21,0.6667,TGT_003,DECOY_TARGET,308,354,8,8,312.0,358.0,True,circular,22.0
SCN_011,22,0.7,TGT_001,COMMUNICATION_TARGET,178,169,10,10,183.0,174.0,True,straight_line,28.0
SCN_011,22,0.7,TGT_002,DECOY_TARGET,178,308,10,10,183.0,313.0,True,straight_line,28.0
SCN_011,22,0.7,TGT_003,DECOY_TARGET,307,359,8,8,311.0,363.0,True,circular,22.0
SCN_011,23,0.7333,TGT_001,COMMUNICATION_TARGET,180,174,10,10,185.0,179.0,True,straight_line,28.0
SCN_011,23,0.7333,TGT_002,DECOY_TARGET,180,312,10,10,185.0,317.0,True,straight_line,28.0
SCN_011,23,0.7333,TGT_003,DECOY_TARGET,307,363,8,8,311.0,367.0,True,circular,22.0
SCN_011,24,0.7667,TGT_001,COMMUNICATION_TARGET,182,177,10,10,187.0,182.0,True,straight_line,28.0
SCN_011,24,0.7667,TGT_002,DECOY_TARGET,182,315,10,10,187.0,320.0,True,straight_line,28.0
SCN_011,24,0.7667,TGT_003,DECOY_TARGET,308,366,8,8,312.0,370.0,True,circular,22.0
SCN_011,25,0.8,TGT_001,COMMUNICATION_TARGET,184,177,10,10,189.0,182.0,True,straight_line,28.0
SCN_011,25,0.8,TGT_002,DECOY_TARGET,184,314,10,10,189.0,319.0,True,straight_line,28.0
SCN_011,25,0.8,TGT_003,DECOY_TARGET,308,365,8,8,312.0,369.0,True,circular,22.0
SCN_011,26,0.8333,TGT_001,COMMUNICATION_TARGET,182,174,10,10,187.0,179.0,True,straight_line,28.0
SCN_011,26,0.8333,TGT_002,DECOY_TARGET,182,310,10,10,187.0,315.0,True,straight_line,28.0
SCN_011,26,0.8333,TGT_003,DECOY_TARGET,305,362,8,8,309.0,366.0,True,circular,22.0
SCN_011,27,0.8667,TGT_001,COMMUNICATION_TARGET,179,171,10,10,184.0,176.0,True,straight_line,28.0
SCN_011,27,0.8667,TGT_002,DECOY_TARGET,179,306,10,10,184.0,311.0,True,straight_line,28.0
SCN_011,27,0.8667,TGT_003,DECOY_TARGET,300,358,8,8,304.0,362.0,True,circular,22.0
SCN_011,28,0.9,TGT_001,COMMUNICATION_TARGET,175,169,10,10,180.0,174.0,True,straight_line,28.0
SCN_011,28,0.9,TGT_002,DECOY_TARGET,175,303,10,10,180.0,308.0,True,straight_line,28.0
SCN_011,28,0.9,TGT_003,DECOY_TARGET,295,355,8,8,299.0,359.0,True,circular,22.0
SCN_011,29,0.9333,TGT_001,COMMUNICATION_TARGET,175,170,10,10,180.0,175.0,True,straight_line,28.0
SCN_011,29,0.9333,TGT_002,DECOY_TARGET,175,303,10,10,180.0,308.0,True,straight_line,28.0
SCN_011,29,0.9333,TGT_003,DECOY_TARGET,293,356,8,8,297.0,360.0,True,circular,22.0
SCN_011,30,0.9667,TGT_001,COMMUNICATION_TARGET,177,172,10,10,182.0,177.0,True,straight_line,28.0
SCN_011,30,0.9667,TGT_002,DECOY_TARGET,177,303,10,10,182.0,308.0,True,straight_line,28.0
SCN_011,30,0.9667,TGT_003,DECOY_TARGET,294,357,8,8,298.0,361.0,True,circular,22.0
SCN_011,31,1.0,TGT_001,COMMUNICATION_TARGET,184,172,10,10,189.0,177.0,True,straight_line,28.0
SCN_011,31,1.0,TGT_002,DECOY_TARGET,184,302,10,10,189.0,307.0,True,straight_line,28.0
SCN_011,31,1.0,TGT_003,DECOY_TARGET,300,356,8,8,304.0,360.0,True,circular,22.0
SCN_011,32,1.0333,TGT_001,COMMUNICATION_TARGET,189,173,10,10,194.0,178.0,True,straight_line,28.0
SCN_011,32,1.0333,TGT_002,DECOY_TARGET,189,303,10,10,194.0,308.0,True,straight_line,28.0
SCN_011,32,1.0333,TGT_003,DECOY_TARGET,303,357,8,8,307.0,361.0,True,circular,22.0
SCN_011,33,1.0667,TGT_001,COMMUNICATION_TARGET,191,174,10,10,196.0,179.0,True,straight_line,28.0
SCN_011,33,1.0667,TGT_002,DECOY_TARGET,191,302,10,10,196.0,307.0,True,straight_line,28.0
SCN_011,33,1.0667,TGT_003,DECOY_TARGET,303,357,8,8,307.0,361.0,True,circular,22.0
SCN_011,34,1.1,TGT_001,COMMUNICATION_TARGET,189,174,10,10,194.0,179.0,True,straight_line,28.0
SCN_011,34,1.1,TGT_002,DECOY_TARGET,189,302,10,10,194.0,307.0,True,straight_line,28.0
SCN_011,34,1.1,TGT_003,DECOY_TARGET,300,357,8,8,304.0,361.0,True,circular,22.0
SCN_011,35,1.1333,TGT_001,COMMUNICATION_TARGET,186,177,10,10,191.0,182.0,True,straight_line,28.0
SCN_011,35,1.1333,TGT_002,DECOY_TARGET,186,304,10,10,191.0,309.0,True,straight_line,28.0
SCN_011,35,1.1333,TGT_003,DECOY_TARGET,295,359,8,8,299.0,363.0,True,circular,22.0
SCN_011,36,1.1667,TGT_001,COMMUNICATION_TARGET,183,181,10,10,188.0,186.0,True,straight_line,28.0
SCN_011,36,1.1667,TGT_002,DECOY_TARGET,183,306,10,10,188.0,311.0,True,straight_line,28.0
SCN_011,36,1.1667,TGT_003,DECOY_TARGET,291,362,8,8,295.0,366.0,True,circular,22.0
SCN_011,37,1.2,TGT_001,COMMUNICATION_TARGET,183,185,10,10,188.0,190.0,True,straight_line,28.0
SCN_011,37,1.2,TGT_002,DECOY_TARGET,183,309,10,10,188.0,314.0,True,straight_line,28.0
SCN_011,37,1.2,TGT_003,DECOY_TARGET,289,365,8,8,293.0,369.0,True,circular,22.0
SCN_011,38,1.2333,TGT_001,COMMUNICATION_TARGET,185,184,10,10,190.0,189.0,True,straight_line,28.0
SCN_011,38,1.2333,TGT_002,DECOY_TARGET,185,308,10,10,190.0,313.0,True,straight_line,28.0
SCN_011,38,1.2333,TGT_003,DECOY_TARGET,290,364,8,8,294.0,368.0,True,circular,22.0
SCN_011,39,1.2667,TGT_001,COMMUNICATION_TARGET,185,183,10,10,190.0,188.0,True,straight_line,28.0
SCN_011,39,1.2667,TGT_002,DECOY_TARGET,185,305,10,10,190.0,310.0,True,straight_line,28.0
SCN_011,39,1.2667,TGT_003,DECOY_TARGET,289,362,8,8,293.0,366.0,True,circular,22.0
SCN_011,40,1.3,TGT_001,COMMUNICATION_TARGET,186,179,10,10,191.0,184.0,True,straight_line,28.0
SCN_011,40,1.3,TGT_002,DECOY_TARGET,186,300,10,10,191.0,305.0,True,straight_line,28.0
SCN_011,40,1.3,TGT_003,DECOY_TARGET,288,357,8,8,292.0,361.0,True,circular,22.0
SCN_011,41,1.3333,TGT_001,COMMUNICATION_TARGET,186,175,10,10,191.0,180.0,True,straight_line,28.0
SCN_011,41,1.3333,TGT_002,DECOY_TARGET,186,295,10,10,191.0,300.0,True,straight_line,28.0
SCN_011,41,1.3333,TGT_003,DECOY_TARGET,286,353,8,8,290.0,357.0,True,circular,22.0
SCN_011,42,1.3667,TGT_001,COMMUNICATION_TARGET,190,173,10,10,195.0,178.0,True,straight_line,28.0
SCN_011,42,1.3667,TGT_002,DECOY_TARGET,190,293,10,10,195.0,298.0,True,straight_line,28.0
SCN_011,42,1.3667,TGT_003,DECOY_TARGET,289,350,8,8,293.0,354.0,True,circular,22.0
SCN_011,43,1.4,TGT_001,COMMUNICATION_TARGET,194,175,10,10,199.0,180.0,True,straight_line,28.0
SCN_011,43,1.4,TGT_002,DECOY_TARGET,194,294,10,10,199.0,299.0,True,straight_line,28.0
SCN_011,43,1.4,TGT_003,DECOY_TARGET,291,351,8,8,295.0,355.0,True,circular,22.0
SCN_011,44,1.4333,TGT_001,COMMUNICATION_TARGET,198,179,10,10,203.0,184.0,True,straight_line,28.0
SCN_011,44,1.4333,TGT_002,DECOY_TARGET,198,297,10,10,203.0,302.0,True,straight_line,28.0
SCN_011,44,1.4333,TGT_003,DECOY_TARGET,293,355,8,8,297.0,359.0,True,circular,22.0
SCN_011,45,1.4667,TGT_001,COMMUNICATION_TARGET,197,183,10,10,202.0,188.0,True,straight_line,28.0
SCN_011,45,1.4667,TGT_002,DECOY_TARGET,197,300,10,10,202.0,305.0,True,straight_line,28.0
SCN_011,45,1.4667,TGT_003,DECOY_TARGET,292,358,8,8,296.0,362.0,True,circular,22.0
SCN_011,46,1.5,TGT_001,COMMUNICATION_TARGET,193,186,10,10,198.0,191.0,True,straight_line,28.0
SCN_011,46,1.5,TGT_002,DECOY_TARGET,193,302,10,10,198.0,307.0,True,straight_line,28.0
SCN_011,46,1.5,TGT_003,DECOY_TARGET,286,361,8,8,290.0,365.0,True,circular,22.0
SCN_011,47,1.5333,TGT_001,COMMUNICATION_TARGET,188,188,10,10,193.0,193.0,True,straight_line,28.0
SCN_011,47,1.5333,TGT_002,DECOY_TARGET,188,302,10,10,193.0,307.0,True,straight_line,28.0
SCN_011,47,1.5333,TGT_003,DECOY_TARGET,279,361,8,8,283.0,365.0,True,circular,22.0
SCN_011,48,1.5667,TGT_001,COMMUNICATION_TARGET,185,186,10,10,190.0,191.0,True,straight_line,28.0
SCN_011,48,1.5667,TGT_002,DECOY_TARGET,185,300,10,10,190.0,305.0,True,straight_line,28.0
SCN_011,48,1.5667,TGT_003,DECOY_TARGET,275,359,8,8,279.0,363.0,True,circular,22.0
SCN_011,49,1.6,TGT_001,COMMUNICATION_TARGET,187,186,10,10,192.0,191.0,True,straight_line,28.0
SCN_011,49,1.6,TGT_002,DECOY_TARGET,187,299,10,10,192.0,304.0,True,straight_line,28.0
SCN_011,49,1.6,TGT_003,DECOY_TARGET,275,358,8,8,279.0,362.0,True,circular,22.0
SCN_011,50,1.6333,TGT_001,COMMUNICATION_TARGET,192,187,10,10,197.0,192.0,True,straight_line,28.0
SCN_011,50,1.6333,TGT_002,DECOY_TARGET,192,298,10,10,197.0,303.0,True,straight_line,28.0
SCN_011,50,1.6333,TGT_003,DECOY_TARGET,279,358,8,8,283.0,362.0,True,circular,22.0
SCN_011,51,1.6667,TGT_001,COMMUNICATION_TARGET,197,187,10,10,202.0,192.0,True,straight_line,28.0
SCN_011,51,1.6667,TGT_002,DECOY_TARGET,197,297,10,10,202.0,302.0,True,straight_line,28.0
SCN_011,51,1.6667,TGT_003,DECOY_TARGET,283,358,8,8,287.0,362.0,True,circular,22.0
SCN_011,52,1.7,TGT_001,COMMUNICATION_TARGET,200,187,10,10,205.0,192.0,True,straight_line,28.0
SCN_011,52,1.7,TGT_002,DECOY_TARGET,200,297,10,10,205.0,302.0,True,straight_line,28.0
SCN_011,52,1.7,TGT_003,DECOY_TARGET,284,357,8,8,288.0,361.0,True,circular,22.0
SCN_011,53,1.7333,TGT_001,COMMUNICATION_TARGET,200,187,10,10,205.0,192.0,True,straight_line,28.0
SCN_011,53,1.7333,TGT_002,DECOY_TARGET,200,295,10,10,205.0,300.0,True,straight_line,28.0
SCN_011,53,1.7333,TGT_003,DECOY_TARGET,283,356,8,8,287.0,360.0,True,circular,22.0
SCN_011,54,1.7667,TGT_001,COMMUNICATION_TARGET,199,183,10,10,204.0,188.0,True,straight_line,28.0
SCN_011,54,1.7667,TGT_002,DECOY_TARGET,199,291,10,10,204.0,296.0,True,straight_line,28.0
SCN_011,54,1.7667,TGT_003,DECOY_TARGET,280,352,8,8,284.0,356.0,True,circular,22.0
SCN_011,55,1.8,TGT_001,COMMUNICATION_TARGET,198,181,10,10,203.0,186.0,True,straight_line,28.0
SCN_011,55,1.8,TGT_002,DECOY_TARGET,198,288,10,10,203.0,293.0,True,straight_line,28.0
SCN_011,55,1.8,TGT_003,DECOY_TARGET,277,349,8,8,281.0,353.0,True,circular,22.0
SCN_011,56,1.8333,TGT_001,COMMUNICATION_TARGET,197,182,10,10,202.0,187.0,True,straight_line,28.0
SCN_011,56,1.8333,TGT_002,DECOY_TARGET,197,288,10,10,202.0,293.0,True,straight_line,28.0
SCN_011,56,1.8333,TGT_003,DECOY_TARGET,275,350,8,8,279.0,354.0,True,circular,22.0
SCN_011,57,1.8667,TGT_001,COMMUNICATION_TARGET,198,185,10,10,203.0,190.0,True,straight_line,28.0
SCN_011,57,1.8667,TGT_002,DECOY_TARGET,198,290,10,10,203.0,295.0,True,straight_line,28.0
SCN_011,57,1.8667,TGT_003,DECOY_TARGET,274,352,8,8,278.0,356.0,True,circular,22.0
SCN_011,58,1.9,TGT_001,COMMUNICATION_TARGET,196,190,10,10,201.0,195.0,True,straight_line,28.0
SCN_011,58,1.9,TGT_002,DECOY_TARGET,196,294,10,10,201.0,299.0,True,straight_line,28.0
SCN_011,58,1.9,TGT_003,DECOY_TARGET,271,356,8,8,275.0,360.0,True,circular,22.0
SCN_011,59,1.9333,TGT_001,COMMUNICATION_TARGET,195,195,10,10,200.0,200.0,True,straight_line,28.0
SCN_011,59,1.9333,TGT_002,DECOY_TARGET,195,298,10,10,200.0,303.0,True,straight_line,28.0
SCN_011,59,1.9333,TGT_003,DECOY_TARGET,268,360,8,8,272.0,364.0,True,circular,22.0
SCN_011,60,1.9667,TGT_001,COMMUNICATION_TARGET,195,197,10,10,200.0,202.0,True,straight_line,28.0
SCN_011,60,1.9667,TGT_002,DECOY_TARGET,195,299,10,10,200.0,304.0,True,straight_line,28.0
SCN_011,60,1.9667,TGT_003,DECOY_TARGET,267,361,8,8,271.0,365.0,True,circular,22.0
SCN_011,61,2.0,TGT_001,COMMUNICATION_TARGET,198,196,10,10,203.0,201.0,True,straight_line,28.0
SCN_011,61,2.0,TGT_002,DECOY_TARGET,198,297,10,10,203.0,302.0,True,straight_line,28.0
SCN_011,61,2.0,TGT_003,DECOY_TARGET,268,359,8,8,272.0,363.0,True,circular,22.0
SCN_011,62,2.0333,TGT_001,COMMUNICATION_TARGET,203,193,10,10,208.0,198.0,True,straight_line,28.0
SCN_011,62,2.0333,TGT_002,DECOY_TARGET,203,293,10,10,208.0,298.0,True,straight_line,28.0
SCN_011,62,2.0333,TGT_003,DECOY_TARGET,272,356,8,8,276.0,360.0,True,circular,22.0
SCN_011,63,2.0667,TGT_001,COMMUNICATION_TARGET,208,189,10,10,213.0,194.0,True,straight_line,28.0
SCN_011,63,2.0667,TGT_002,DECOY_TARGET,208,288,10,10,213.0,293.0,True,straight_line,28.0
SCN_011,63,2.0667,TGT_003,DECOY_TARGET,276,351,8,8,280.0,355.0,True,circular,22.0
SCN_011,64,2.1,TGT_001,COMMUNICATION_TARGET,210,188,10,10,215.0,193.0,True,straight_line,28.0
SCN_011,64,2.1,TGT_002,DECOY_TARGET,210,285,10,10,215.0,290.0,True,straight_line,28.0
SCN_011,64,2.1,TGT_003,DECOY_TARGET,276,349,8,8,280.0,353.0,True,circular,22.0
SCN_011,65,2.1333,TGT_001,COMMUNICATION_TARGET,207,188,10,10,212.0,193.0,True,straight_line,28.0
SCN_011,65,2.1333,TGT_002,DECOY_TARGET,207,285,10,10,212.0,290.0,True,straight_line,28.0
SCN_011,65,2.1333,TGT_003,DECOY_TARGET,272,349,8,8,276.0,353.0,True,circular,22.0
SCN_011,66,2.1667,TGT_001,COMMUNICATION_TARGET,202,190,10,10,207.0,195.0,True,straight_line,28.0
SCN_011,66,2.1667,TGT_002,DECOY_TARGET,202,285,10,10,207.0,290.0,True,straight_line,28.0
SCN_011,66,2.1667,TGT_003,DECOY_TARGET,265,349,8,8,269.0,353.0,True,circular,22.0
SCN_011,67,2.2,TGT_001,COMMUNICATION_TARGET,199,191,10,10,204.0,196.0,True,straight_line,28.0
SCN_011,67,2.2,TGT_002,DECOY_TARGET,199,285,10,10,204.0,290.0,True,straight_line,28.0
SCN_011,67,2.2,TGT_003,DECOY_TARGET,260,349,8,8,264.0,353.0,True,circular,22.0
SCN_011,68,2.2333,TGT_001,COMMUNICATION_TARGET,198,192,10,10,203.0,197.0,True,straight_line,28.0
SCN_011,68,2.2333,TGT_002,DECOY_TARGET,198,286,10,10,203.0,291.0,True,straight_line,28.0
SCN_011,68,2.2333,TGT_003,DECOY_TARGET,258,350,8,8,262.0,354.0,True,circular,22.0
SCN_011,69,2.2667,TGT_001,COMMUNICATION_TARGET,202,191,10,10,207.0,196.0,True,straight_line,28.0
SCN_011,69,2.2667,TGT_002,DECOY_TARGET,202,284,10,10,207.0,289.0,True,straight_line,28.0
SCN_011,69,2.2667,TGT_003,DECOY_TARGET,261,349,8,8,265.0,353.0,True,circular,22.0
SCN_011,70,2.3,TGT_001,COMMUNICATION_TARGET,206,194,10,10,211.0,199.0,True,straight_line,28.0
SCN_011,70,2.3,TGT_002,DECOY_TARGET,206,285,10,10,211.0,290.0,True,straight_line,28.0
SCN_011,70,2.3,TGT_003,DECOY_TARGET,263,350,8,8,267.0,354.0,True,circular,22.0
SCN_011,71,2.3333,TGT_001,COMMUNICATION_TARGET,208,195,10,10,213.0,200.0,True,straight_line,28.0
SCN_011,71,2.3333,TGT_002,DECOY_TARGET,208,286,10,10,213.0,291.0,True,straight_line,28.0
SCN_011,71,2.3333,TGT_003,DECOY_TARGET,264,351,8,8,268.0,355.0,True,circular,22.0
SCN_011,72,2.3667,TGT_001,COMMUNICATION_TARGET,209,199,10,10,214.0,204.0,True,straight_line,28.0
SCN_011,72,2.3667,TGT_002,DECOY_TARGET,209,288,10,10,214.0,293.0,True,straight_line,28.0
SCN_011,72,2.3667,TGT_003,DECOY_TARGET,264,353,8,8,268.0,357.0,True,circular,22.0
SCN_011,73,2.4,TGT_001,COMMUNICATION_TARGET,210,202,10,10,215.0,207.0,True,straight_line,28.0
SCN_011,73,2.4,TGT_002,DECOY_TARGET,210,291,10,10,215.0,296.0,True,straight_line,28.0
SCN_011,73,2.4,TGT_003,DECOY_TARGET,263,356,8,8,267.0,360.0,True,circular,22.0
SCN_011,74,2.4333,TGT_001,COMMUNICATION_TARGET,210,202,10,10,215.0,207.0,True,straight_line,28.0
SCN_011,74,2.4333,TGT_002,DECOY_TARGET,210,289,10,10,215.0,294.0,True,straight_line,28.0
SCN_011,74,2.4333,TGT_003,DECOY_TARGET,261,355,8,8,265.0,359.0,True,circular,22.0
SCN_011,75,2.4667,TGT_001,COMMUNICATION_TARGET,212,198,10,10,217.0,203.0,True,straight_line,28.0
SCN_011,75,2.4667,TGT_002,DECOY_TARGET,212,285,10,10,217.0,290.0,True,straight_line,28.0
SCN_011,75,2.4667,TGT_003,DECOY_TARGET,262,351,8,8,266.0,355.0,True,circular,22.0
SCN_011,76,2.5,TGT_001,COMMUNICATION_TARGET,212,194,10,10,217.0,199.0,True,straight_line,28.0
SCN_011,76,2.5,TGT_002,DECOY_TARGET,212,280,10,10,217.0,285.0,True,straight_line,28.0
SCN_011,76,2.5,TGT_003,DECOY_TARGET,261,345,8,8,265.0,349.0,True,circular,22.0
SCN_011,77,2.5333,TGT_001,COMMUNICATION_TARGET,210,191,10,10,215.0,196.0,True,straight_line,28.0
SCN_011,77,2.5333,TGT_002,DECOY_TARGET,210,275,10,10,215.0,280.0,True,straight_line,28.0
SCN_011,77,2.5333,TGT_003,DECOY_TARGET,257,341,8,8,261.0,345.0,True,circular,22.0
SCN_011,78,2.5667,TGT_001,COMMUNICATION_TARGET,206,189,10,10,211.0,194.0,True,straight_line,28.0
SCN_011,78,2.5667,TGT_002,DECOY_TARGET,206,273,10,10,211.0,278.0,True,straight_line,28.0
SCN_011,78,2.5667,TGT_003,DECOY_TARGET,252,339,8,8,256.0,343.0,True,circular,22.0
SCN_011,79,2.6,TGT_001,COMMUNICATION_TARGET,205,192,10,10,210.0,197.0,True,straight_line,28.0
SCN_011,79,2.6,TGT_002,DECOY_TARGET,205,275,10,10,210.0,280.0,True,straight_line,28.0
SCN_011,79,2.6,TGT_003,DECOY_TARGET,249,341,8,8,253.0,345.0,True,circular,22.0
SCN_011,80,2.6333,TGT_001,COMMUNICATION_TARGET,206,196,10,10,211.0,201.0,True,straight_line,28.0
SCN_011,80,2.6333,TGT_002,DECOY_TARGET,206,278,10,10,211.0,283.0,True,straight_line,28.0
SCN_011,80,2.6333,TGT_003,DECOY_TARGET,248,344,8,8,252.0,348.0,True,circular,22.0
SCN_011,81,2.6667,TGT_001,COMMUNICATION_TARGET,211,199,10,10,216.0,204.0,True,straight_line,28.0
SCN_011,81,2.6667,TGT_002,DECOY_TARGET,211,280,10,10,216.0,285.0,True,straight_line,28.0
SCN_011,81,2.6667,TGT_003,DECOY_TARGET,253,347,8,8,257.0,351.0,True,circular,22.0
SCN_011,82,2.7,TGT_001,COMMUNICATION_TARGET,218,202,10,10,223.0,207.0,True,straight_line,28.0
SCN_011,82,2.7,TGT_002,DECOY_TARGET,218,282,10,10,223.0,287.0,True,straight_line,28.0
SCN_011,82,2.7,TGT_003,DECOY_TARGET,258,349,8,8,262.0,353.0,True,circular,22.0
SCN_011,83,2.7333,TGT_001,COMMUNICATION_TARGET,221,202,10,10,226.0,207.0,True,straight_line,28.0
SCN_011,83,2.7333,TGT_002,DECOY_TARGET,221,281,10,10,226.0,286.0,True,straight_line,28.0
SCN_011,83,2.7333,TGT_003,DECOY_TARGET,260,348,8,8,264.0,352.0,True,circular,22.0
SCN_011,84,2.7667,TGT_001,COMMUNICATION_TARGET,221,201,10,10,226.0,206.0,True,straight_line,28.0
SCN_011,84,2.7667,TGT_002,DECOY_TARGET,221,279,10,10,226.0,284.0,True,straight_line,28.0
SCN_011,84,2.7667,TGT_003,DECOY_TARGET,258,346,8,8,262.0,350.0,True,circular,22.0
SCN_011,85,2.8,TGT_001,COMMUNICATION_TARGET,217,202,10,10,222.0,207.0,True,straight_line,28.0
SCN_011,85,2.8,TGT_002,DECOY_TARGET,217,279,10,10,222.0,284.0,True,straight_line,28.0
SCN_011,85,2.8,TGT_003,DECOY_TARGET,253,346,8,8,257.0,350.0,True,circular,22.0
SCN_011,86,2.8333,TGT_001,COMMUNICATION_TARGET,213,201,10,10,218.0,206.0,True,straight_line,28.0
SCN_011,86,2.8333,TGT_002,DECOY_TARGET,213,277,10,10,218.0,282.0,True,straight_line,28.0
SCN_011,86,2.8333,TGT_003,DECOY_TARGET,248,344,8,8,252.0,348.0,True,circular,22.0
SCN_011,87,2.8667,TGT_001,COMMUNICATION_TARGET,212,202,10,10,217.0,207.0,True,straight_line,28.0
SCN_011,87,2.8667,TGT_002,DECOY_TARGET,212,277,10,10,217.0,282.0,True,straight_line,28.0
SCN_011,87,2.8667,TGT_003,DECOY_TARGET,245,344,8,8,249.0,348.0,True,circular,22.0
SCN_011,88,2.9,TGT_001,COMMUNICATION_TARGET,214,201,10,10,219.0,206.0,True,straight_line,28.0
SCN_011,88,2.9,TGT_002,DECOY_TARGET,214,275,10,10,219.0,280.0,True,straight_line,28.0
SCN_011,88,2.9,TGT_003,DECOY_TARGET,245,343,8,8,249.0,347.0,True,circular,22.0
SCN_011,89,2.9333,TGT_001,COMMUNICATION_TARGET,215,200,10,10,220.0,205.0,True,straight_line,28.0
SCN_011,89,2.9333,TGT_002,DECOY_TARGET,215,273,10,10,220.0,278.0,True,straight_line,28.0
SCN_011,89,2.9333,TGT_003,DECOY_TARGET,245,340,8,8,249.0,344.0,True,circular,22.0
SCN_011,90,2.9667,TGT_001,COMMUNICATION_TARGET,218,196,10,10,223.0,201.0,True,straight_line,28.0
SCN_011,90,2.9667,TGT_002,DECOY_TARGET,218,268,10,10,223.0,273.0,True,straight_line,28.0
SCN_011,90,2.9667,TGT_003,DECOY_TARGET,247,336,8,8,251.0,340.0,True,circular,22.0
SCN_011,91,3.0,TGT_001,COMMUNICATION_TARGET,219,195,10,10,224.0,200.0,True,straight_line,28.0
SCN_011,91,3.0,TGT_002,DECOY_TARGET,219,266,10,10,224.0,271.0,True,straight_line,28.0
SCN_011,91,3.0,TGT_003,DECOY_TARGET,246,333,8,8,250.0,337.0,True,circular,22.0
SCN_011,92,3.0333,TGT_001,COMMUNICATION_TARGET,222,195,10,10,227.0,200.0,True,straight_line,28.0
SCN_011,92,3.0333,TGT_002,DECOY_TARGET,222,265,10,10,227.0,270.0,True,straight_line,28.0
SCN_011,92,3.0333,TGT_003,DECOY_TARGET,247,333,8,8,251.0,337.0,True,circular,22.0
SCN_011,93,3.0667,TGT_001,COMMUNICATION_TARGET,223,200,10,10,228.0,205.0,True,straight_line,28.0
SCN_011,93,3.0667,TGT_002,DECOY_TARGET,223,269,10,10,228.0,274.0,True,straight_line,28.0
SCN_011,93,3.0667,TGT_003,DECOY_TARGET,247,337,8,8,251.0,341.0,True,circular,22.0
SCN_011,94,3.1,TGT_001,COMMUNICATION_TARGET,227,204,10,10,232.0,209.0,True,straight_line,28.0
SCN_011,94,3.1,TGT_002,DECOY_TARGET,227,272,10,10,232.0,277.0,True,straight_line,28.0
SCN_011,94,3.1,TGT_003,DECOY_TARGET,250,341,8,8,254.0,345.0,True,circular,22.0
SCN_011,95,3.1333,TGT_001,COMMUNICATION_TARGET,228,209,10,10,233.0,214.0,True,straight_line,28.0
SCN_011,95,3.1333,TGT_002,DECOY_TARGET,228,276,10,10,233.0,281.0,True,straight_line,28.0
SCN_011,95,3.1333,TGT_003,DECOY_TARGET,249,344,8,8,253.0,348.0,True,circular,22.0
SCN_011,96,3.1667,TGT_001,COMMUNICATION_TARGET,225,210,10,10,230.0,215.0,True,straight_line,28.0
SCN_011,96,3.1667,TGT_002,DECOY_TARGET,225,276,10,10,230.0,281.0,True,straight_line,28.0
SCN_011,96,3.1667,TGT_003,DECOY_TARGET,245,344,8,8,249.0,348.0,True,circular,22.0
SCN_011,97,3.2,TGT_001,COMMUNICATION_TARGET,222,208,10,10,227.0,213.0,True,straight_line,28.0
SCN_011,97,3.2,TGT_002,DECOY_TARGET,222,273,10,10,227.0,278.0,True,straight_line,28.0
SCN_011,97,3.2,TGT_003,DECOY_TARGET,240,341,8,8,244.0,345.0,True,circular,22.0
SCN_011,98,3.2333,TGT_001,COMMUNICATION_TARGET,217,204,10,10,222.0,209.0,True,straight_line,28.0
SCN_011,98,3.2333,TGT_002,DECOY_TARGET,217,268,10,10,222.0,273.0,True,straight_line,28.0
SCN_011,98,3.2333,TGT_003,DECOY_TARGET,235,337,8,8,239.0,341.0,True,circular,22.0
SCN_011,99,3.2667,TGT_001,COMMUNICATION_TARGET,218,201,10,10,223.0,206.0,True,straight_line,28.0
SCN_011,99,3.2667,TGT_002,DECOY_TARGET,218,264,10,10,223.0,269.0,True,straight_line,28.0
SCN_011,99,3.2667,TGT_003,DECOY_TARGET,234,333,8,8,238.0,337.0,True,circular,22.0
SCN_011,100,3.3,TGT_001,COMMUNICATION_TARGET,222,200,10,10,227.0,205.0,True,straight_line,28.0
SCN_011,100,3.3,TGT_002,DECOY_TARGET,222,263,10,10,227.0,268.0,True,straight_line,28.0
SCN_011,100,3.3,TGT_003,DECOY_TARGET,237,331,8,8,241.0,335.0,True,circular,22.0
SCN_011,101,3.3333,TGT_001,COMMUNICATION_TARGET,229,200,10,10,234.0,205.0,True,straight_line,28.0
SCN_011,101,3.3333,TGT_002,DECOY_TARGET,229,262,10,10,234.0,267.0,True,straight_line,28.0
SCN_011,101,3.3333,TGT_003,DECOY_TARGET,242,330,8,8,246.0,334.0,True,circular,22.0
SCN_011,102,3.3667,TGT_001,COMMUNICATION_TARGET,234,203,10,10,239.0,208.0,True,straight_line,28.0
SCN_011,102,3.3667,TGT_002,DECOY_TARGET,234,263,10,10,239.0,268.0,True,straight_line,28.0
SCN_011,102,3.3667,TGT_003,DECOY_TARGET,246,332,8,8,250.0,336.0,True,circular,22.0
SCN_011,103,3.4,TGT_001,COMMUNICATION_TARGET,235,204,10,10,240.0,209.0,True,straight_line,28.0
SCN_011,103,3.4,TGT_002,DECOY_TARGET,235,263,10,10,240.0,268.0,True,straight_line,28.0
SCN_011,103,3.4,TGT_003,DECOY_TARGET,245,332,8,8,249.0,336.0,True,circular,22.0
SCN_011,104,3.4333,TGT_001,COMMUNICATION_TARGET,233,204,10,10,238.0,209.0,True,straight_line,28.0
SCN_011,104,3.4333,TGT_002,DECOY_TARGET,233,262,10,10,238.0,267.0,True,straight_line,28.0
SCN_011,104,3.4333,TGT_003,DECOY_TARGET,242,331,8,8,246.0,335.0,True,circular,22.0
SCN_011,105,3.4667,TGT_001,COMMUNICATION_TARGET,231,204,10,10,236.0,209.0,True,straight_line,28.0
SCN_011,105,3.4667,TGT_002,DECOY_TARGET,231,261,10,10,236.0,266.0,True,straight_line,28.0
SCN_011,105,3.4667,TGT_003,DECOY_TARGET,238,330,8,8,242.0,334.0,True,circular,22.0
SCN_011,106,3.5,TGT_001,COMMUNICATION_TARGET,230,205,10,10,235.0,210.0,True,straight_line,28.0
SCN_011,106,3.5,TGT_002,DECOY_TARGET,230,261,10,10,235.0,266.0,True,straight_line,28.0
SCN_011,106,3.5,TGT_003,DECOY_TARGET,236,330,8,8,240.0,334.0,True,circular,22.0
SCN_011,107,3.5333,TGT_001,COMMUNICATION_TARGET,230,209,10,10,235.0,214.0,True,straight_line,28.0
SCN_011,107,3.5333,TGT_002,DECOY_TARGET,230,264,10,10,235.0,269.0,True,straight_line,28.0
SCN_011,107,3.5333,TGT_003,DECOY_TARGET,235,333,8,8,239.0,337.0,True,circular,22.0
SCN_011,108,3.5667,TGT_001,COMMUNICATION_TARGET,230,212,10,10,235.0,217.0,True,straight_line,28.0
SCN_011,108,3.5667,TGT_002,DECOY_TARGET,230,266,10,10,235.0,271.0,True,straight_line,28.0
SCN_011,108,3.5667,TGT_003,DECOY_TARGET,234,335,8,8,238.0,339.0,True,circular,22.0
SCN_011,109,3.6,TGT_001,COMMUNICATION_TARGET,231,213,10,10,236.0,218.0,True,straight_line,28.0
SCN_011,109,3.6,TGT_002,DECOY_TARGET,231,266,10,10,236.0,271.0,True,straight_line,28.0
SCN_011,109,3.6,TGT_003,DECOY_TARGET,233,336,8,8,237.0,340.0,True,circular,22.0
SCN_011,110,3.6333,TGT_001,COMMUNICATION_TARGET,231,213,10,10,236.0,218.0,True,straight_line,28.0
SCN_011,110,3.6333,TGT_002,DECOY_TARGET,231,265,10,10,236.0,270.0,True,straight_line,28.0
SCN_011,110,3.6333,TGT_003,DECOY_TARGET,232,334,8,8,236.0,338.0,True,circular,22.0
SCN_011,111,3.6667,TGT_001,COMMUNICATION_TARGET,233,209,10,10,238.0,214.0,True,straight_line,28.0
SCN_011,111,3.6667,TGT_002,DECOY_TARGET,233,260,10,10,238.0,265.0,True,straight_line,28.0
SCN_011,111,3.6667,TGT_003,DECOY_TARGET,232,330,8,8,236.0,334.0,True,circular,22.0
SCN_011,112,3.7,TGT_001,COMMUNICATION_TARGET,237,205,10,10,242.0,210.0,True,straight_line,28.0
SCN_011,112,3.7,TGT_002,DECOY_TARGET,237,255,10,10,242.0,260.0,True,straight_line,28.0
SCN_011,112,3.7,TGT_003,DECOY_TARGET,235,324,8,8,239.0,328.0,True,circular,22.0
SCN_011,113,3.7333,TGT_001,COMMUNICATION_TARGET,242,202,10,10,247.0,207.0,True,straight_line,28.0
SCN_011,113,3.7333,TGT_002,DECOY_TARGET,242,251,10,10,247.0,256.0,True,straight_line,28.0
SCN_011,113,3.7333,TGT_003,DECOY_TARGET,239,320,8,8,243.0,324.0,True,circular,22.0
SCN_011,114,3.7667,TGT_001,COMMUNICATION_TARGET,245,202,10,10,250.0,207.0,True,straight_line,28.0
SCN_011,114,3.7667,TGT_002,DECOY_TARGET,245,250,10,10,250.0,255.0,True,straight_line,28.0
SCN_011,114,3.7667,TGT_003,DECOY_TARGET,241,319,8,8,245.0,323.0,True,circular,22.0
SCN_011,115,3.8,TGT_001,COMMUNICATION_TARGET,244,204,10,10,249.0,209.0,True,straight_line,28.0
SCN_011,115,3.8,TGT_002,DECOY_TARGET,244,251,10,10,249.0,256.0,True,straight_line,28.0
SCN_011,115,3.8,TGT_003,DECOY_TARGET,238,321,8,8,242.0,325.0,True,circular,22.0
SCN_011,116,3.8333,TGT_001,COMMUNICATION_TARGET,240,209,10,10,245.0,214.0,True,straight_line,28.0
SCN_011,116,3.8333,TGT_002,DECOY_TARGET,240,255,10,10,245.0,260.0,True,straight_line,28.0
SCN_011,116,3.8333,TGT_003,DECOY_TARGET,233,325,8,8,237.0,329.0,True,circular,22.0
SCN_011,117,3.8667,TGT_001,COMMUNICATION_TARGET,236,212,10,10,241.0,217.0,True,straight_line,28.0
SCN_011,117,3.8667,TGT_002,DECOY_TARGET,236,257,10,10,241.0,262.0,True,straight_line,28.0
SCN_011,117,3.8667,TGT_003,DECOY_TARGET,227,327,8,8,231.0,331.0,True,circular,22.0
SCN_011,118,3.9,TGT_001,COMMUNICATION_TARGET,234,214,10,10,239.0,219.0,True,straight_line,28.0
SCN_011,118,3.9,TGT_002,DECOY_TARGET,234,258,10,10,239.0,263.0,True,straight_line,28.0
SCN_011,118,3.9,TGT_003,DECOY_TARGET,224,328,8,8,228.0,332.0,True,circular,22.0
SCN_011,119,3.9333,TGT_001,COMMUNICATION_TARGET,237,214,10,10,242.0,219.0,True,straight_line,28.0
SCN_011,119,3.9333,TGT_002,DECOY_TARGET,237,257,10,10,242.0,262.0,True,straight_line,28.0
SCN_011,119,3.9333,TGT_003,DECOY_TARGET,225,327,8,8,229.0,331.0,True,circular,22.0
SCN_011,120,3.9667,TGT_001,COMMUNICATION_TARGET,242,213,10,10,247.0,218.0,True,straight_line,28.0
SCN_011,120,3.9667,TGT_002,DECOY_TARGET,242,255,10,10,247.0,260.0,True,straight_line,28.0
SCN_011,120,3.9667,TGT_003,DECOY_TARGET,229,325,8,8,233.0,329.0,True,circular,22.0
SCN_011,121,4.0,TGT_001,COMMUNICATION_TARGET,247,213,10,10,252.0,218.0,True,straight_line,28.0
SCN_011,121,4.0,TGT_002,DECOY_TARGET,247,254,10,10,252.0,259.0,True,straight_line,28.0
SCN_011,121,4.0,TGT_003,DECOY_TARGET,233,324,8,8,237.0,328.0,True,circular,22.0
SCN_011,122,4.0333,TGT_001,COMMUNICATION_TARGET,249,213,10,10,254.0,218.0,True,straight_line,28.0
SCN_011,122,4.0333,TGT_002,DECOY_TARGET,249,254,10,10,254.0,259.0,True,straight_line,28.0
SCN_011,122,4.0333,TGT_003,DECOY_TARGET,234,323,8,8,238.0,327.0,True,circular,22.0
SCN_011,123,4.0667,TGT_001,COMMUNICATION_TARGET,250,213,10,10,255.0,218.0,True,straight_line,28.0
SCN_011,123,4.0667,TGT_002,DECOY_TARGET,250,252,10,10,255.0,257.0,True,straight_line,28.0
SCN_011,123,4.0667,TGT_003,DECOY_TARGET,233,322,8,8,237.0,326.0,True,circular,22.0
SCN_011,124,4.1,TGT_001,COMMUNICATION_TARGET,249,213,10,10,254.0,218.0,True,straight_line,28.0
SCN_011,124,4.1,TGT_002,DECOY_TARGET,249,251,10,10,254.0,256.0,True,straight_line,28.0
SCN_011,124,4.1,TGT_003,DECOY_TARGET,231,321,8,8,235.0,325.0,True,circular,22.0
SCN_011,125,4.1333,TGT_001,COMMUNICATION_TARGET,250,210,10,10,255.0,215.0,True,straight_line,28.0
SCN_011,125,4.1333,TGT_002,DECOY_TARGET,250,247,10,10,255.0,252.0,True,straight_line,28.0
SCN_011,125,4.1333,TGT_003,DECOY_TARGET,230,316,8,8,234.0,320.0,True,circular,22.0
SCN_011,126,4.1667,TGT_001,COMMUNICATION_TARGET,250,208,10,10,255.0,213.0,True,straight_line,28.0
SCN_011,126,4.1667,TGT_002,DECOY_TARGET,250,244,10,10,255.0,249.0,True,straight_line,28.0
SCN_011,126,4.1667,TGT_003,DECOY_TARGET,229,314,8,8,233.0,318.0,True,circular,22.0
SCN_011,127,4.2,TGT_001,COMMUNICATION_TARGET,250,207,10,10,255.0,212.0,True,straight_line,28.0
SCN_011,127,4.2,TGT_002,DECOY_TARGET,250,242,10,10,255.0,247.0,True,straight_line,28.0
SCN_011,127,4.2,TGT_003,DECOY_TARGET,228,312,8,8,232.0,316.0,True,circular,22.0
SCN_011,128,4.2333,TGT_001,COMMUNICATION_TARGET,247,209,10,10,252.0,214.0,True,straight_line,28.0
SCN_011,128,4.2333,TGT_002,DECOY_TARGET,247,243,10,10,252.0,248.0,True,straight_line,28.0
SCN_011,128,4.2333,TGT_003,DECOY_TARGET,224,313,8,8,228.0,317.0,True,circular,22.0
SCN_011,129,4.2667,TGT_001,COMMUNICATION_TARGET,246,213,10,10,251.0,218.0,True,straight_line,28.0
SCN_011,129,4.2667,TGT_002,DECOY_TARGET,246,247,10,10,251.0,252.0,True,straight_line,28.0
SCN_011,129,4.2667,TGT_003,DECOY_TARGET,221,316,8,8,225.0,320.0,True,circular,22.0
SCN_011,130,4.3,TGT_001,COMMUNICATION_TARGET,247,219,10,10,252.0,224.0,True,straight_line,28.0
SCN_011,130,4.3,TGT_002,DECOY_TARGET,247,251,10,10,252.0,256.0,True,straight_line,28.0
SCN_011,130,4.3,TGT_003,DECOY_TARGET,220,321,8,8,224.0,325.0,True,circular,22.0
SCN_011,131,4.3333,TGT_001,COMMUNICATION_TARGET,252,222,10,10,257.0,227.0,True,straight_line,28.0
SCN_011,131,4.3333,TGT_002,DECOY_TARGET,252,253,10,10,257.0,258.0,True,straight_line,28.0
SCN_011,131,4.3333,TGT_003,DECOY_TARGET,225,323,8,8,229.0,327.0,True,circular,22.0
SCN_011,132,4.3667,TGT_001,COMMUNICATION_TARGET,258,222,10,10,263.0,227.0,True,straight_line,28.0
SCN_011,132,4.3667,TGT_002,DECOY_TARGET,258,253,10,10,263.0,258.0,True,straight_line,28.0
SCN_011,132,4.3667,TGT_003,DECOY_TARGET,230,322,8,8,234.0,326.0,True,circular,22.0
SCN_011,133,4.4,TGT_001,COMMUNICATION_TARGET,263,220,10,10,268.0,225.0,True,straight_line,28.0
SCN_011,133,4.4,TGT_002,DECOY_TARGET,263,249,10,10,268.0,254.0,True,straight_line,28.0
SCN_011,133,4.4,TGT_003,DECOY_TARGET,233,319,8,8,237.0,323.0,True,circular,22.0
SCN_011,134,4.4333,TGT_001,COMMUNICATION_TARGET,264,216,10,10,269.0,221.0,True,straight_line,28.0
SCN_011,134,4.4333,TGT_002,DECOY_TARGET,264,244,10,10,269.0,249.0,True,straight_line,28.0
SCN_011,134,4.4333,TGT_003,DECOY_TARGET,233,313,8,8,237.0,317.0,True,circular,22.0
SCN_011,135,4.4667,TGT_001,COMMUNICATION_TARGET,260,214,10,10,265.0,219.0,True,straight_line,28.0
SCN_011,135,4.4667,TGT_002,DECOY_TARGET,260,241,10,10,265.0,246.0,True,straight_line,28.0
SCN_011,135,4.4667,TGT_003,DECOY_TARGET,228,311,8,8,232.0,315.0,True,circular,22.0
SCN_011,136,4.5,TGT_001,COMMUNICATION_TARGET,255,213,10,10,260.0,218.0,True,straight_line,28.0
SCN_011,136,4.5,TGT_002,DECOY_TARGET,255,239,10,10,260.0,244.0,True,straight_line,28.0
SCN_011,136,4.5,TGT_003,DECOY_TARGET,221,308,8,8,225.0,312.0,True,circular,22.0
SCN_011,137,4.5333,TGT_001,COMMUNICATION_TARGET,254,214,10,10,259.0,219.0,True,straight_line,28.0
SCN_011,137,4.5333,TGT_002,DECOY_TARGET,254,239,10,10,259.0,244.0,True,straight_line,28.0
SCN_011,137,4.5333,TGT_003,DECOY_TARGET,219,308,8,8,223.0,312.0,True,circular,22.0
SCN_011,138,4.5667,TGT_001,COMMUNICATION_TARGET,254,215,10,10,259.0,220.0,True,straight_line,28.0
SCN_011,138,4.5667,TGT_002,DECOY_TARGET,254,240,10,10,259.0,245.0,True,straight_line,28.0
SCN_011,138,4.5667,TGT_003,DECOY_TARGET,218,309,8,8,222.0,313.0,True,circular,22.0
SCN_011,139,4.6,TGT_001,COMMUNICATION_TARGET,259,216,10,10,264.0,221.0,True,straight_line,28.0
SCN_011,139,4.6,TGT_002,DECOY_TARGET,259,240,10,10,264.0,245.0,True,straight_line,28.0
SCN_011,139,4.6,TGT_003,DECOY_TARGET,221,309,8,8,225.0,313.0,True,circular,22.0
SCN_011,140,4.6333,TGT_001,COMMUNICATION_TARGET,263,217,10,10,268.0,222.0,True,straight_line,28.0
SCN_011,140,4.6333,TGT_002,DECOY_TARGET,263,239,10,10,268.0,244.0,True,straight_line,28.0
SCN_011,140,4.6333,TGT_003,DECOY_TARGET,224,308,8,8,228.0,312.0,True,circular,22.0
SCN_011,141,4.6667,TGT_001,COMMUNICATION_TARGET,265,217,10,10,270.0,222.0,True,straight_line,28.0
SCN_011,141,4.6667,TGT_002,DECOY_TARGET,265,239,10,10,270.0,244.0,True,straight_line,28.0
SCN_011,141,4.6667,TGT_003,DECOY_TARGET,225,308,8,8,229.0,312.0,True,circular,22.0
SCN_011,142,4.7,TGT_001,COMMUNICATION_TARGET,266,219,10,10,271.0,224.0,True,straight_line,28.0
SCN_011,142,4.7,TGT_002,DECOY_TARGET,266,239,10,10,271.0,244.0,True,straight_line,28.0
SCN_011,142,4.7,TGT_003,DECOY_TARGET,225,308,8,8,229.0,312.0,True,circular,22.0
SCN_011,143,4.7333,TGT_001,COMMUNICATION_TARGET,268,223,10,10,273.0,228.0,True,straight_line,28.0
SCN_011,143,4.7333,TGT_002,DECOY_TARGET,268,242,10,10,273.0,247.0,True,straight_line,28.0
SCN_011,143,4.7333,TGT_003,DECOY_TARGET,226,311,8,8,230.0,315.0,True,circular,22.0
SCN_011,144,4.7667,TGT_001,COMMUNICATION_TARGET,269,226,10,10,274.0,231.0,True,straight_line,28.0
SCN_011,144,4.7667,TGT_002,DECOY_TARGET,269,244,10,10,274.0,249.0,True,straight_line,28.0
SCN_011,144,4.7667,TGT_003,DECOY_TARGET,225,313,8,8,229.0,317.0,True,circular,22.0
SCN_011,145,4.8,TGT_001,COMMUNICATION_TARGET,272,227,10,10,277.0,232.0,True,straight_line,28.0
SCN_011,145,4.8,TGT_002,DECOY_TARGET,272,245,10,10,277.0,250.0,True,straight_line,28.0
SCN_011,145,4.8,TGT_003,DECOY_TARGET,227,314,8,8,231.0,318.0,True,circular,22.0
SCN_011,146,4.8333,TGT_001,COMMUNICATION_TARGET,272,225,10,10,277.0,230.0,True,straight_line,28.0
SCN_011,146,4.8333,TGT_002,DECOY_TARGET,272,242,10,10,277.0,247.0,True,straight_line,28.0
SCN_011,146,4.8333,TGT_003,DECOY_TARGET,225,311,8,8,229.0,315.0,True,circular,22.0
SCN_011,147,4.8667,TGT_001,COMMUNICATION_TARGET,268,221,10,10,273.0,226.0,True,straight_line,28.0
SCN_011,147,4.8667,TGT_002,DECOY_TARGET,268,237,10,10,273.0,242.0,True,straight_line,28.0
SCN_011,147,4.8667,TGT_003,DECOY_TARGET,221,305,8,8,225.0,309.0,True,circular,22.0
SCN_011,148,4.9,TGT_001,COMMUNICATION_TARGET,265,217,10,10,270.0,222.0,True,straight_line,28.0
SCN_011,148,4.9,TGT_002,DECOY_TARGET,265,232,10,10,270.0,237.0,True,straight_line,28.0
SCN_011,148,4.9,TGT_003,DECOY_TARGET,216,300,8,8,220.0,304.0,True,circular,22.0
SCN_011,149,4.9333,TGT_001,COMMUNICATION_TARGET,264,216,10,10,269.0,221.0,True,straight_line,28.0
SCN_011,149,4.9333,TGT_002,DECOY_TARGET,264,229,10,10,269.0,234.0,True,straight_line,28.0
SCN_011,149,4.9333,TGT_003,DECOY_TARGET,214,298,8,8,218.0,302.0,True,circular,22.0
SCN_011,150,4.9667,TGT_001,COMMUNICATION_TARGET,267,216,10,10,272.0,221.0,True,straight_line,28.0
SCN_011,150,4.9667,TGT_002,DECOY_TARGET,267,229,10,10,272.0,234.0,True,straight_line,28.0
SCN_011,150,4.9667,TGT_003,DECOY_TARGET,216,297,8,8,220.0,301.0,True,circular,22.0
SCN_011,151,5.0,TGT_001,COMMUNICATION_TARGET,274,220,10,10,279.0,225.0,True,straight_line,28.0
SCN_011,151,5.0,TGT_002,DECOY_TARGET,274,231,10,10,279.0,236.0,True,straight_line,28.0
SCN_011,151,5.0,TGT_003,DECOY_TARGET,222,300,8,8,226.0,304.0,True,circular,22.0
SCN_011,152,5.0333,TGT_001,COMMUNICATION_TARGET,281,224,10,10,286.0,229.0,True,straight_line,28.0
SCN_011,152,5.0333,TGT_002,DECOY_TARGET,281,235,10,10,286.0,240.0,True,straight_line,28.0
SCN_011,152,5.0333,TGT_003,DECOY_TARGET,227,303,8,8,231.0,307.0,True,circular,22.0
SCN_011,153,5.0667,TGT_001,COMMUNICATION_TARGET,283,227,10,10,288.0,232.0,True,straight_line,28.0
SCN_011,153,5.0667,TGT_002,DECOY_TARGET,283,237,10,10,288.0,242.0,True,straight_line,28.0
SCN_011,153,5.0667,TGT_003,DECOY_TARGET,228,305,8,8,232.0,309.0,True,circular,22.0
SCN_011,154,5.1,TGT_001,COMMUNICATION_TARGET,282,229,10,10,287.0,234.0,True,straight_line,28.0
SCN_011,154,5.1,TGT_002,DECOY_TARGET,282,238,10,10,287.0,243.0,True,straight_line,28.0
SCN_011,154,5.1,TGT_003,DECOY_TARGET,226,306,8,8,230.0,310.0,True,circular,22.0
SCN_011,155,5.1333,TGT_001,COMMUNICATION_TARGET,279,228,10,10,284.0,233.0,True,straight_line,28.0
SCN_011,155,5.1333,TGT_002,DECOY_TARGET,279,236,10,10,284.0,241.0,True,straight_line,28.0
SCN_011,155,5.1333,TGT_003,DECOY_TARGET,221,304,8,8,225.0,308.0,True,circular,22.0
SCN_011,156,5.1667,TGT_001,COMMUNICATION_TARGET,276,228,10,10,281.0,233.0,True,straight_line,28.0
SCN_011,156,5.1667,TGT_002,DECOY_TARGET,276,235,10,10,281.0,240.0,True,straight_line,28.0
SCN_011,156,5.1667,TGT_003,DECOY_TARGET,217,303,8,8,221.0,307.0,True,circular,22.0
SCN_011,157,5.2,TGT_001,COMMUNICATION_TARGET,276,228,10,10,281.0,233.0,True,straight_line,28.0
SCN_011,157,5.2,TGT_002,DECOY_TARGET,276,234,10,10,281.0,239.0,True,straight_line,28.0
SCN_011,157,5.2,TGT_003,DECOY_TARGET,216,302,8,8,220.0,306.0,True,circular,22.0
SCN_011,158,5.2333,TGT_001,COMMUNICATION_TARGET,278,229,10,10,283.0,234.0,True,straight_line,28.0
SCN_011,158,5.2333,TGT_002,DECOY_TARGET,278,234,10,10,283.0,239.0,True,straight_line,28.0
SCN_011,158,5.2333,TGT_003,DECOY_TARGET,216,302,8,8,220.0,306.0,True,circular,22.0
SCN_011,159,5.2667,TGT_001,COMMUNICATION_TARGET,280,230,10,10,285.0,235.0,True,straight_line,28.0
SCN_011,159,5.2667,TGT_002,DECOY_TARGET,280,233,10,10,285.0,238.0,True,straight_line,28.0
SCN_011,159,5.2667,TGT_003,DECOY_TARGET,217,301,8,8,221.0,305.0,True,circular,22.0
SCN_011,160,5.3,TGT_001,COMMUNICATION_TARGET,280,227,10,10,285.0,232.0,True,straight_line,28.0
SCN_011,160,5.3,TGT_002,DECOY_TARGET,280,230,10,10,285.0,235.0,True,straight_line,28.0
SCN_011,160,5.3,TGT_003,DECOY_TARGET,216,297,8,8,220.0,301.0,True,circular,22.0
SCN_011,161,5.3333,TGT_001,COMMUNICATION_TARGET,283,225,10,10,288.0,230.0,True,straight_line,28.0
SCN_011,161,5.3333,TGT_002,DECOY_TARGET,283,227,10,10,288.0,232.0,True,straight_line,28.0
SCN_011,161,5.3333,TGT_003,DECOY_TARGET,218,294,8,8,222.0,298.0,True,circular,22.0
SCN_011,162,5.3667,TGT_001,COMMUNICATION_TARGET,285,223,10,10,290.0,228.0,True,straight_line,28.0
SCN_011,162,5.3667,TGT_002,DECOY_TARGET,285,223,10,10,290.0,228.0,True,straight_line,28.0
SCN_011,162,5.3667,TGT_003,DECOY_TARGET,218,291,8,8,222.0,295.0,True,circular,22.0
SCN_011,163,5.4,TGT_001,COMMUNICATION_TARGET,289,223,10,10,294.0,228.0,True,straight_line,28.0
SCN_011,163,5.4,TGT_002,DECOY_TARGET,289,223,10,10,294.0,228.0,True,straight_line,28.0
SCN_011,163,5.4,TGT_003,DECOY_TARGET,221,290,8,8,225.0,294.0,True,circular,22.0
SCN_011,164,5.4333,TGT_001,COMMUNICATION_TARGET,293,226,10,10,298.0,231.0,True,straight_line,28.0
SCN_011,164,5.4333,TGT_002,DECOY_TARGET,293,224,10,10,298.0,229.0,True,straight_line,28.0
SCN_011,164,5.4333,TGT_003,DECOY_TARGET,225,291,8,8,229.0,295.0,True,circular,22.0
SCN_011,165,5.4667,TGT_001,COMMUNICATION_TARGET,293,232,10,10,298.0,237.0,True,straight_line,28.0
SCN_011,165,5.4667,TGT_002,DECOY_TARGET,293,230,10,10,298.0,235.0,True,straight_line,28.0
SCN_011,165,5.4667,TGT_003,DECOY_TARGET,224,297,8,8,228.0,301.0,True,circular,22.0
SCN_011,166,5.5,TGT_001,COMMUNICATION_TARGET,290,237,10,10,295.0,242.0,True,straight_line,28.0
SCN_011,166,5.5,TGT_002,DECOY_TARGET,290,233,10,10,295.0,238.0,True,straight_line,28.0
SCN_011,166,5.5,TGT_003,DECOY_TARGET,219,300,8,8,223.0,304.0,True,circular,22.0
SCN_011,167,5.5333,TGT_001,COMMUNICATION_TARGET,286,240,10,10,291.0,245.0,True,straight_line,28.0
SCN_011,167,5.5333,TGT_002,DECOY_TARGET,286,235,10,10,291.0,240.0,True,straight_line,28.0
SCN_011,167,5.5333,TGT_003,DECOY_TARGET,214,302,8,8,218.0,306.0,True,circular,22.0
SCN_011,168,5.5667,TGT_001,COMMUNICATION_TARGET,283,239,10,10,288.0,244.0,True,straight_line,28.0
SCN_011,168,5.5667,TGT_002,DECOY_TARGET,283,233,10,10,288.0,238.0,True,straight_line,28.0
SCN_011,168,5.5667,TGT_003,DECOY_TARGET,210,300,8,8,214.0,304.0,True,circular,22.0
SCN_011,169,5.6,TGT_001,COMMUNICATION_TARGET,284,236,10,10,289.0,241.0,True,straight_line,28.0
SCN_011,169,5.6,TGT_002,DECOY_TARGET,284,230,10,10,289.0,235.0,True,straight_line,28.0
SCN_011,169,5.6,TGT_003,DECOY_TARGET,210,297,8,8,214.0,301.0,True,circular,22.0
SCN_011,170,5.6333,TGT_001,COMMUNICATION_TARGET,290,233,10,10,295.0,238.0,True,straight_line,28.0
SCN_011,170,5.6333,TGT_002,DECOY_TARGET,290,226,10,10,295.0,231.0,True,straight_line,28.0
SCN_011,170,5.6333,TGT_003,DECOY_TARGET,214,292,8,8,218.0,296.0,True,circular,22.0
SCN_011,171,5.6667,TGT_001,COMMUNICATION_TARGET,296,232,10,10,301.0,237.0,True,straight_line,28.0
SCN_011,171,5.6667,TGT_002,DECOY_TARGET,296,224,10,10,301.0,229.0,True,straight_line,28.0
SCN_011,171,5.6667,TGT_003,DECOY_TARGET,219,290,8,8,223.0,294.0,True,circular,22.0
SCN_011,172,5.7,TGT_001,COMMUNICATION_TARGET,301,232,10,10,306.0,237.0,True,straight_line,28.0
SCN_011,172,5.7,TGT_002,DECOY_TARGET,301,222,10,10,306.0,227.0,True,straight_line,28.0
SCN_011,172,5.7,TGT_003,DECOY_TARGET,223,288,8,8,227.0,292.0,True,circular,22.0
SCN_011,173,5.7333,TGT_001,COMMUNICATION_TARGET,301,233,10,10,306.0,238.0,True,straight_line,28.0
SCN_011,173,5.7333,TGT_002,DECOY_TARGET,301,223,10,10,306.0,228.0,True,straight_line,28.0
SCN_011,173,5.7333,TGT_003,DECOY_TARGET,222,289,8,8,226.0,293.0,True,circular,22.0
SCN_011,174,5.7667,TGT_001,COMMUNICATION_TARGET,299,234,10,10,304.0,239.0,True,straight_line,28.0
SCN_011,174,5.7667,TGT_002,DECOY_TARGET,299,223,10,10,304.0,228.0,True,straight_line,28.0
SCN_011,174,5.7667,TGT_003,DECOY_TARGET,219,288,8,8,223.0,292.0,True,circular,22.0
SCN_011,175,5.8,TGT_001,COMMUNICATION_TARGET,298,235,10,10,303.0,240.0,True,straight_line,28.0
SCN_011,175,5.8,TGT_002,DECOY_TARGET,298,223,10,10,303.0,228.0,True,straight_line,28.0
SCN_011,175,5.8,TGT_003,DECOY_TARGET,216,288,8,8,220.0,292.0,True,circular,22.0
SCN_011,176,5.8333,TGT_001,COMMUNICATION_TARGET,298,236,10,10,303.0,241.0,True,straight_line,28.0
SCN_011,176,5.8333,TGT_002,DECOY_TARGET,298,223,10,10,303.0,228.0,True,straight_line,28.0
SCN_011,176,5.8333,TGT_003,DECOY_TARGET,215,288,8,8,219.0,292.0,True,circular,22.0
SCN_011,177,5.8667,TGT_001,COMMUNICATION_TARGET,298,236,10,10,303.0,241.0,True,straight_line,28.0
SCN_011,177,5.8667,TGT_002,DECOY_TARGET,298,222,10,10,303.0,227.0,True,straight_line,28.0
SCN_011,177,5.8667,TGT_003,DECOY_TARGET,214,287,8,8,218.0,291.0,True,circular,22.0
SCN_011,178,5.9,TGT_001,COMMUNICATION_TARGET,298,239,10,10,303.0,244.0,True,straight_line,28.0
SCN_011,178,5.9,TGT_002,DECOY_TARGET,298,224,10,10,303.0,229.0,True,straight_line,28.0
SCN_011,178,5.9,TGT_003,DECOY_TARGET,213,289,8,8,217.0,293.0,True,circular,22.0
SCN_011,179,5.9333,TGT_001,COMMUNICATION_TARGET,298,243,10,10,303.0,248.0,True,straight_line,28.0
SCN_011,179,5.9333,TGT_002,DECOY_TARGET,298,227,10,10,303.0,232.0,True,straight_line,28.0
SCN_011,179,5.9333,TGT_003,DECOY_TARGET,212,292,8,8,216.0,296.0,True,circular,22.0
SCN_011,180,5.9667,TGT_001,COMMUNICATION_TARGET,297,247,10,10,302.0,252.0,True,straight_line,28.0
SCN_011,180,5.9667,TGT_002,DECOY_TARGET,297,230,10,10,302.0,235.0,True,straight_line,28.0
SCN_011,180,5.9667,TGT_003,DECOY_TARGET,210,294,8,8,214.0,298.0,True,circular,22.0
SCN_011,181,6.0,TGT_001,COMMUNICATION_TARGET,301,247,10,10,306.0,252.0,True,straight_line,28.0
SCN_011,181,6.0,TGT_002,DECOY_TARGET,301,229,10,10,306.0,234.0,True,straight_line,28.0
SCN_011,181,6.0,TGT_003,DECOY_TARGET,212,294,8,8,216.0,298.0,True,circular,22.0
SCN_011,182,6.0333,TGT_001,COMMUNICATION_TARGET,306,245,10,10,311.0,250.0,True,straight_line,28.0
SCN_011,182,6.0333,TGT_002,DECOY_TARGET,306,226,10,10,311.0,231.0,True,straight_line,28.0
SCN_011,182,6.0333,TGT_003,DECOY_TARGET,216,290,8,8,220.0,294.0,True,circular,22.0
SCN_011,183,6.0667,TGT_001,COMMUNICATION_TARGET,311,241,10,10,316.0,246.0,True,straight_line,28.0
SCN_011,183,6.0667,TGT_002,DECOY_TARGET,311,221,10,10,316.0,226.0,True,straight_line,28.0
SCN_011,183,6.0667,TGT_003,DECOY_TARGET,220,285,8,8,224.0,289.0,True,circular,22.0
SCN_011,184,6.1,TGT_001,COMMUNICATION_TARGET,314,237,10,10,319.0,242.0,True,straight_line,28.0
SCN_011,184,6.1,TGT_002,DECOY_TARGET,314,216,10,10,319.0,221.0,True,straight_line,28.0
SCN_011,184,6.1,TGT_003,DECOY_TARGET,222,280,8,8,226.0,284.0,True,circular,22.0
SCN_011,185,6.1333,TGT_001,COMMUNICATION_TARGET,312,237,10,10,317.0,242.0,True,straight_line,28.0
SCN_011,185,6.1333,TGT_002,DECOY_TARGET,312,215,10,10,317.0,220.0,True,straight_line,28.0
SCN_011,185,6.1333,TGT_003,DECOY_TARGET,219,279,8,8,223.0,283.0,True,circular,22.0
SCN_011,186,6.1667,TGT_001,COMMUNICATION_TARGET,307,238,10,10,312.0,243.0,True,straight_line,28.0
SCN_011,186,6.1667,TGT_002,DECOY_TARGET,307,215,10,10,312.0,220.0,True,straight_line,28.0
SCN_011,186,6.1667,TGT_003,DECOY_TARGET,213,279,8,8,217.0,283.0,True,circular,22.0
SCN_011,187,6.2,TGT_001,COMMUNICATION_TARGET,303,242,10,10,308.0,247.0,True,straight_line,28.0
SCN_011,187,6.2,TGT_002,DECOY_TARGET,303,218,10,10,308.0,223.0,True,straight_line,28.0
SCN_011,187,6.2,TGT_003,DECOY_TARGET,208,282,8,8,212.0,286.0,True,circular,22.0
SCN_011,188,6.2333,TGT_001,COMMUNICATION_TARGET,302,247,10,10,307.0,252.0,True,straight_line,28.0
SCN_011,188,6.2333,TGT_002,DECOY_TARGET,302,222,10,10,307.0,227.0,True,straight_line,28.0
SCN_011,188,6.2333,TGT_003,DECOY_TARGET,206,285,8,8,210.0,289.0,True,circular,22.0
SCN_011,189,6.2667,TGT_001,COMMUNICATION_TARGET,305,249,10,10,310.0,254.0,True,straight_line,28.0
SCN_011,189,6.2667,TGT_002,DECOY_TARGET,305,224,10,10,310.0,229.0,True,straight_line,28.0
SCN_011,189,6.2667,TGT_003,DECOY_TARGET,208,287,8,8,212.0,291.0,True,circular,22.0
SCN_011,190,6.3,TGT_001,COMMUNICATION_TARGET,310,250,10,10,315.0,255.0,True,straight_line,28.0
SCN_011,190,6.3,TGT_002,DECOY_TARGET,310,223,10,10,315.0,228.0,True,straight_line,28.0
SCN_011,190,6.3,TGT_003,DECOY_TARGET,212,286,8,8,216.0,290.0,True,circular,22.0
SCN_011,191,6.3333,TGT_001,COMMUNICATION_TARGET,314,250,10,10,319.0,255.0,True,straight_line,28.0
SCN_011,191,6.3333,TGT_002,DECOY_TARGET,314,222,10,10,319.0,227.0,True,straight_line,28.0
SCN_011,191,6.3333,TGT_003,DECOY_TARGET,215,285,8,8,219.0,289.0,True,circular,22.0
SCN_011,192,6.3667,TGT_001,COMMUNICATION_TARGET,316,250,10,10,321.0,255.0,True,straight_line,28.0
SCN_011,192,6.3667,TGT_002,DECOY_TARGET,316,221,10,10,321.0,226.0,True,straight_line,28.0
SCN_011,192,6.3667,TGT_003,DECOY_TARGET,216,284,8,8,220.0,288.0,True,circular,22.0
SCN_011,193,6.4,TGT_001,COMMUNICATION_TARGET,317,250,10,10,322.0,255.0,True,straight_line,28.0
SCN_011,193,6.4,TGT_002,DECOY_TARGET,317,220,10,10,322.0,225.0,True,straight_line,28.0
SCN_011,193,6.4,TGT_003,DECOY_TARGET,216,283,8,8,220.0,287.0,True,circular,22.0
SCN_011,194,6.4333,TGT_001,COMMUNICATION_TARGET,316,251,10,10,321.0,256.0,True,straight_line,28.0
SCN_011,194,6.4333,TGT_002,DECOY_TARGET,316,220,10,10,321.0,225.0,True,straight_line,28.0
SCN_011,194,6.4333,TGT_003,DECOY_TARGET,214,283,8,8,218.0,287.0,True,circular,22.0
SCN_011,195,6.4667,TGT_001,COMMUNICATION_TARGET,317,251,10,10,322.0,256.0,True,straight_line,28.0
SCN_011,195,6.4667,TGT_002,DECOY_TARGET,317,219,10,10,322.0,224.0,True,straight_line,28.0
SCN_011,195,6.4667,TGT_003,DECOY_TARGET,214,281,8,8,218.0,285.0,True,circular,22.0
SCN_011,196,6.5,TGT_001,COMMUNICATION_TARGET,318,249,10,10,323.0,254.0,True,straight_line,28.0
SCN_011,196,6.5,TGT_002,DECOY_TARGET,318,216,10,10,323.0,221.0,True,straight_line,28.0
SCN_011,196,6.5,TGT_003,DECOY_TARGET,213,278,8,8,217.0,282.0,True,circular,22.0
SCN_011,197,6.5333,TGT_001,COMMUNICATION_TARGET,316,247,10,10,321.0,252.0,True,straight_line,28.0
SCN_011,197,6.5333,TGT_002,DECOY_TARGET,316,213,10,10,321.0,218.0,True,straight_line,28.0
SCN_011,197,6.5333,TGT_003,DECOY_TARGET,210,275,8,8,214.0,279.0,True,circular,22.0
SCN_011,198,6.5667,TGT_001,COMMUNICATION_TARGET,314,245,10,10,319.0,250.0,True,straight_line,28.0
SCN_011,198,6.5667,TGT_002,DECOY_TARGET,314,210,10,10,319.0,215.0,True,straight_line,28.0
SCN_011,198,6.5667,TGT_003,DECOY_TARGET,207,272,8,8,211.0,276.0,True,circular,22.0
SCN_011,199,6.6,TGT_001,COMMUNICATION_TARGET,311,246,10,10,316.0,251.0,True,straight_line,28.0
SCN_011,199,6.6,TGT_002,DECOY_TARGET,311,211,10,10,316.0,216.0,True,straight_line,28.0
SCN_011,199,6.6,TGT_003,DECOY_TARGET,203,272,8,8,207.0,276.0,True,circular,22.0
SCN_011,200,6.6333,TGT_001,COMMUNICATION_TARGET,314,251,10,10,319.0,256.0,True,straight_line,28.0
SCN_011,200,6.6333,TGT_002,DECOY_TARGET,314,214,10,10,319.0,219.0,True,straight_line,28.0
SCN_011,200,6.6333,TGT_003,DECOY_TARGET,205,275,8,8,209.0,279.0,True,circular,22.0
SCN_011,201,6.6667,TGT_001,COMMUNICATION_TARGET,319,257,10,10,324.0,262.0,True,straight_line,28.0
SCN_011,201,6.6667,TGT_002,DECOY_TARGET,319,219,10,10,324.0,224.0,True,straight_line,28.0
SCN_011,201,6.6667,TGT_003,DECOY_TARGET,209,280,8,8,213.0,284.0,True,circular,22.0
SCN_011,202,6.7,TGT_001,COMMUNICATION_TARGET,325,261,10,10,330.0,266.0,True,straight_line,28.0
SCN_011,202,6.7,TGT_002,DECOY_TARGET,325,222,10,10,330.0,227.0,True,straight_line,28.0
SCN_011,202,6.7,TGT_003,DECOY_TARGET,213,283,8,8,217.0,287.0,True,circular,22.0
SCN_011,203,6.7333,TGT_001,COMMUNICATION_TARGET,329,263,10,10,334.0,268.0,True,straight_line,28.0
SCN_011,203,6.7333,TGT_002,DECOY_TARGET,329,223,10,10,334.0,228.0,True,straight_line,28.0
SCN_011,203,6.7333,TGT_003,DECOY_TARGET,217,283,8,8,221.0,287.0,True,circular,22.0
SCN_011,204,6.7667,TGT_001,COMMUNICATION_TARGET,329,261,10,10,334.0,266.0,True,straight_line,28.0
SCN_011,204,6.7667,TGT_002,DECOY_TARGET,329,220,10,10,334.0,225.0,True,straight_line,28.0
SCN_011,204,6.7667,TGT_003,DECOY_TARGET,216,281,8,8,220.0,285.0,True,circular,22.0
SCN_011,205,6.8,TGT_001,COMMUNICATION_TARGET,326,258,10,10,331.0,263.0,True,straight_line,28.0
SCN_011,205,6.8,TGT_002,DECOY_TARGET,326,216,10,10,331.0,221.0,True,straight_line,28.0
SCN_011,205,6.8,TGT_003,DECOY_TARGET,212,276,8,8,216.0,280.0,True,circular,22.0
SCN_011,206,6.8333,TGT_001,COMMUNICATION_TARGET,321,255,10,10,326.0,260.0,True,straight_line,28.0
SCN_011,206,6.8333,TGT_002,DECOY_TARGET,321,212,10,10,326.0,217.0,True,straight_line,28.0
SCN_011,206,6.8333,TGT_003,DECOY_TARGET,206,272,8,8,210.0,276.0,True,circular,22.0
SCN_011,207,6.8667,TGT_001,COMMUNICATION_TARGET,320,254,10,10,325.0,259.0,True,straight_line,28.0
SCN_011,207,6.8667,TGT_002,DECOY_TARGET,320,210,10,10,325.0,215.0,True,straight_line,28.0
SCN_011,207,6.8667,TGT_003,DECOY_TARGET,204,270,8,8,208.0,274.0,True,circular,22.0
SCN_011,208,6.9,TGT_001,COMMUNICATION_TARGET,321,255,10,10,326.0,260.0,True,straight_line,28.0
SCN_011,208,6.9,TGT_002,DECOY_TARGET,321,210,10,10,326.0,215.0,True,straight_line,28.0
SCN_011,208,6.9,TGT_003,DECOY_TARGET,204,270,8,8,208.0,274.0,True,circular,22.0
SCN_011,209,6.9333,TGT_001,COMMUNICATION_TARGET,323,257,10,10,328.0,262.0,True,straight_line,28.0
SCN_011,209,6.9333,TGT_002,DECOY_TARGET,323,211,10,10,328.0,216.0,True,straight_line,28.0
SCN_011,209,6.9333,TGT_003,DECOY_TARGET,205,270,8,8,209.0,274.0,True,circular,22.0
SCN_011,210,6.9667,TGT_001,COMMUNICATION_TARGET,326,258,10,10,331.0,263.0,True,straight_line,28.0
SCN_011,210,6.9667,TGT_002,DECOY_TARGET,326,212,10,10,331.0,217.0,True,straight_line,28.0
SCN_011,210,6.9667,TGT_003,DECOY_TARGET,207,271,8,8,211.0,275.0,True,circular,22.0
SCN_011,211,7.0,TGT_001,COMMUNICATION_TARGET,328,259,10,10,333.0,264.0,True,straight_line,28.0
SCN_011,211,7.0,TGT_002,DECOY_TARGET,328,211,10,10,333.0,216.0,True,straight_line,28.0
SCN_011,211,7.0,TGT_003,DECOY_TARGET,208,270,8,8,212.0,274.0,True,circular,22.0
SCN_011,212,7.0333,TGT_001,COMMUNICATION_TARGET,330,259,10,10,335.0,264.0,True,straight_line,28.0
SCN_011,212,7.0333,TGT_002,DECOY_TARGET,330,210,10,10,335.0,215.0,True,straight_line,28.0
SCN_011,212,7.0333,TGT_003,DECOY_TARGET,209,269,8,8,213.0,273.0,True,circular,22.0
SCN_011,213,7.0667,TGT_001,COMMUNICATION_TARGET,332,261,10,10,337.0,266.0,True,straight_line,28.0
SCN_011,213,7.0667,TGT_002,DECOY_TARGET,332,212,10,10,337.0,217.0,True,straight_line,28.0
SCN_011,213,7.0667,TGT_003,DECOY_TARGET,210,270,8,8,214.0,274.0,True,circular,22.0
SCN_011,214,7.1,TGT_001,COMMUNICATION_TARGET,335,264,10,10,340.0,269.0,True,straight_line,28.0
SCN_011,214,7.1,TGT_002,DECOY_TARGET,335,214,10,10,340.0,219.0,True,straight_line,28.0
SCN_011,214,7.1,TGT_003,DECOY_TARGET,212,272,8,8,216.0,276.0,True,circular,22.0
SCN_011,215,7.1333,TGT_001,COMMUNICATION_TARGET,335,268,10,10,340.0,273.0,True,straight_line,28.0
SCN_011,215,7.1333,TGT_002,DECOY_TARGET,335,216,10,10,340.0,221.0,True,straight_line,28.0
SCN_011,215,7.1333,TGT_003,DECOY_TARGET,211,274,8,8,215.0,278.0,True,circular,22.0
SCN_011,216,7.1667,TGT_001,COMMUNICATION_TARGET,334,270,10,10,339.0,275.0,True,straight_line,28.0
SCN_011,216,7.1667,TGT_002,DECOY_TARGET,334,218,10,10,339.0,223.0,True,straight_line,28.0
SCN_011,216,7.1667,TGT_003,DECOY_TARGET,209,276,8,8,213.0,280.0,True,circular,22.0
SCN_011,217,7.2,TGT_001,COMMUNICATION_TARGET,330,270,10,10,335.0,275.0,True,straight_line,28.0
SCN_011,217,7.2,TGT_002,DECOY_TARGET,330,216,10,10,335.0,221.0,True,straight_line,28.0
SCN_011,217,7.2,TGT_003,DECOY_TARGET,204,274,8,8,208.0,278.0,True,circular,22.0
SCN_011,218,7.2333,TGT_001,COMMUNICATION_TARGET,326,267,10,10,331.0,272.0,True,straight_line,28.0
SCN_011,218,7.2333,TGT_002,DECOY_TARGET,326,213,10,10,331.0,218.0,True,straight_line,28.0
SCN_011,218,7.2333,TGT_003,DECOY_TARGET,199,270,8,8,203.0,274.0,True,circular,22.0
SCN_011,219,7.2667,TGT_001,COMMUNICATION_TARGET,325,263,10,10,330.0,268.0,True,straight_line,28.0
SCN_011,219,7.2667,TGT_002,DECOY_TARGET,325,207,10,10,330.0,212.0,True,straight_line,28.0
SCN_011,219,7.2667,TGT_003,DECOY_TARGET,197,265,8,8,201.0,269.0,True,circular,22.0
SCN_011,220,7.3,TGT_001,COMMUNICATION_TARGET,330,260,10,10,335.0,265.0,True,straight_line,28.0
SCN_011,220,7.3,TGT_002,DECOY_TARGET,330,203,10,10,335.0,208.0,True,straight_line,28.0
SCN_011,220,7.3,TGT_003,DECOY_TARGET,201,260,8,8,205.0,264.0,True,circular,22.0
SCN_011,221,7.3333,TGT_001,COMMUNICATION_TARGET,335,260,10,10,340.0,265.0,True,straight_line,28.0
SCN_011,221,7.3333,TGT_002,DECOY_TARGET,335,202,10,10,340.0,207.0,True,straight_line,28.0
SCN_011,221,7.3333,TGT_003,DECOY_TARGET,205,259,8,8,209.0,263.0,True,circular,22.0
SCN_011,222,7.3667,TGT_001,COMMUNICATION_TARGET,342,263,10,10,347.0,268.0,True,straight_line,28.0
SCN_011,222,7.3667,TGT_002,DECOY_TARGET,342,205,10,10,347.0,210.0,True,straight_line,28.0
SCN_011,222,7.3667,TGT_003,DECOY_TARGET,211,261,8,8,215.0,265.0,True,circular,22.0
SCN_011,223,7.4,TGT_001,COMMUNICATION_TARGET,343,268,10,10,348.0,273.0,True,straight_line,28.0
SCN_011,223,7.4,TGT_002,DECOY_TARGET,343,208,10,10,348.0,213.0,True,straight_line,28.0
SCN_011,223,7.4,TGT_003,DECOY_TARGET,211,264,8,8,215.0,268.0,True,circular,22.0
SCN_011,224,7.4333,TGT_001,COMMUNICATION_TARGET,341,271,10,10,346.0,276.0,True,straight_line,28.0
SCN_011,224,7.4333,TGT_002,DECOY_TARGET,341,211,10,10,346.0,216.0,True,straight_line,28.0
SCN_011,224,7.4333,TGT_003,DECOY_TARGET,208,267,8,8,212.0,271.0,True,circular,22.0
SCN_011,225,7.4667,TGT_001,COMMUNICATION_TARGET,338,273,10,10,343.0,278.0,True,straight_line,28.0
SCN_011,225,7.4667,TGT_002,DECOY_TARGET,338,211,10,10,343.0,216.0,True,straight_line,28.0
SCN_011,225,7.4667,TGT_003,DECOY_TARGET,204,267,8,8,208.0,271.0,True,circular,22.0
SCN_011,226,7.5,TGT_001,COMMUNICATION_TARGET,336,274,10,10,341.0,279.0,True,straight_line,28.0
SCN_011,226,7.5,TGT_002,DECOY_TARGET,336,212,10,10,341.0,217.0,True,straight_line,28.0
SCN_011,226,7.5,TGT_003,DECOY_TARGET,201,267,8,8,205.0,271.0,True,circular,22.0
SCN_011,227,7.5333,TGT_001,COMMUNICATION_TARGET,335,274,10,10,340.0,279.0,True,straight_line,28.0
SCN_011,227,7.5333,TGT_002,DECOY_TARGET,335,210,10,10,340.0,215.0,True,straight_line,28.0
SCN_011,227,7.5333,TGT_003,DECOY_TARGET,200,266,8,8,204.0,270.0,True,circular,22.0
SCN_011,228,7.5667,TGT_001,COMMUNICATION_TARGET,337,273,10,10,342.0,278.0,True,straight_line,28.0
SCN_011,228,7.5667,TGT_002,DECOY_TARGET,337,208,10,10,342.0,213.0,True,straight_line,28.0
SCN_011,228,7.5667,TGT_003,DECOY_TARGET,200,263,8,8,204.0,267.0,True,circular,22.0
SCN_011,229,7.6,TGT_001,COMMUNICATION_TARGET,337,274,10,10,342.0,279.0,True,straight_line,28.0
SCN_011,229,7.6,TGT_002,DECOY_TARGET,337,208,10,10,342.0,213.0,True,straight_line,28.0
SCN_011,229,7.6,TGT_003,DECOY_TARGET,199,263,8,8,203.0,267.0,True,circular,22.0
SCN_011,230,7.6333,TGT_001,COMMUNICATION_TARGET,338,275,10,10,343.0,280.0,True,straight_line,28.0
SCN_011,230,7.6333,TGT_002,DECOY_TARGET,338,208,10,10,343.0,213.0,True,straight_line,28.0
SCN_011,230,7.6333,TGT_003,DECOY_TARGET,199,263,8,8,203.0,267.0,True,circular,22.0
SCN_011,231,7.6667,TGT_001,COMMUNICATION_TARGET,338,275,10,10,343.0,280.0,True,straight_line,28.0
SCN_011,231,7.6667,TGT_002,DECOY_TARGET,338,207,10,10,343.0,212.0,True,straight_line,28.0
SCN_011,231,7.6667,TGT_003,DECOY_TARGET,199,262,8,8,203.0,266.0,True,circular,22.0
SCN_011,232,7.7,TGT_001,COMMUNICATION_TARGET,342,272,10,10,347.0,277.0,True,straight_line,28.0
SCN_011,232,7.7,TGT_002,DECOY_TARGET,342,204,10,10,347.0,209.0,True,straight_line,28.0
SCN_011,232,7.7,TGT_003,DECOY_TARGET,201,258,8,8,205.0,262.0,True,circular,22.0
SCN_011,233,7.7333,TGT_001,COMMUNICATION_TARGET,346,270,10,10,351.0,275.0,True,straight_line,28.0
SCN_011,233,7.7333,TGT_002,DECOY_TARGET,346,201,10,10,351.0,206.0,True,straight_line,28.0
SCN_011,233,7.7333,TGT_003,DECOY_TARGET,205,255,8,8,209.0,259.0,True,circular,22.0
SCN_011,234,7.7667,TGT_001,COMMUNICATION_TARGET,350,269,10,10,355.0,274.0,True,straight_line,28.0
SCN_011,234,7.7667,TGT_002,DECOY_TARGET,350,199,10,10,355.0,204.0,True,straight_line,28.0
SCN_011,234,7.7667,TGT_003,DECOY_TARGET,208,252,8,8,212.0,256.0,True,circular,22.0
SCN_011,235,7.8,TGT_001,COMMUNICATION_TARGET,349,271,10,10,354.0,276.0,True,straight_line,28.0
SCN_011,235,7.8,TGT_002,DECOY_TARGET,349,199,10,10,354.0,204.0,True,straight_line,28.0
SCN_011,235,7.8,TGT_003,DECOY_TARGET,206,253,8,8,210.0,257.0,True,circular,22.0
SCN_011,236,7.8333,TGT_001,COMMUNICATION_TARGET,345,275,10,10,350.0,280.0,True,straight_line,28.0
SCN_011,236,7.8333,TGT_002,DECOY_TARGET,345,202,10,10,350.0,207.0,True,straight_line,28.0
SCN_011,236,7.8333,TGT_003,DECOY_TARGET,201,256,8,8,205.0,260.0,True,circular,22.0
SCN_011,237,7.8667,TGT_001,COMMUNICATION_TARGET,340,281,10,10,345.0,286.0,True,straight_line,28.0
SCN_011,237,7.8667,TGT_002,DECOY_TARGET,340,207,10,10,345.0,212.0,True,straight_line,28.0
SCN_011,237,7.8667,TGT_003,DECOY_TARGET,195,260,8,8,199.0,264.0,True,circular,22.0
SCN_011,238,7.9,TGT_001,COMMUNICATION_TARGET,337,284,10,10,342.0,289.0,True,straight_line,28.0
SCN_011,238,7.9,TGT_002,DECOY_TARGET,337,210,10,10,342.0,215.0,True,straight_line,28.0
SCN_011,238,7.9,TGT_003,DECOY_TARGET,192,263,8,8,196.0,267.0,True,circular,22.0
SCN_011,239,7.9333,TGT_001,COMMUNICATION_TARGET,340,285,10,10,345.0,290.0,True,straight_line,28.0
SCN_011,239,7.9333,TGT_002,DECOY_TARGET,340,210,10,10,345.0,215.0,True,straight_line,28.0
SCN_011,239,7.9333,TGT_003,DECOY_TARGET,193,262,8,8,197.0,266.0,True,circular,22.0
SCN_011,240,7.9667,TGT_001,COMMUNICATION_TARGET,345,283,10,10,350.0,288.0,True,straight_line,28.0
SCN_011,240,7.9667,TGT_002,DECOY_TARGET,345,206,10,10,350.0,211.0,True,straight_line,28.0
SCN_011,240,7.9667,TGT_003,DECOY_TARGET,197,259,8,8,201.0,263.0,True,circular,22.0
SCN_011,241,8.0,TGT_001,COMMUNICATION_TARGET,350,280,10,10,355.0,285.0,True,straight_line,28.0
SCN_011,241,8.0,TGT_002,DECOY_TARGET,350,203,10,10,355.0,208.0,True,straight_line,28.0
SCN_011,241,8.0,TGT_003,DECOY_TARGET,202,255,8,8,206.0,259.0,True,circular,22.0
SCN_011,242,8.0333,TGT_001,COMMUNICATION_TARGET,352,277,10,10,357.0,282.0,True,straight_line,28.0
SCN_011,242,8.0333,TGT_002,DECOY_TARGET,352,199,10,10,357.0,204.0,True,straight_line,28.0
SCN_011,242,8.0333,TGT_003,DECOY_TARGET,203,251,8,8,207.0,255.0,True,circular,22.0
SCN_011,243,8.0667,TGT_001,COMMUNICATION_TARGET,353,276,10,10,358.0,281.0,True,straight_line,28.0
SCN_011,243,8.0667,TGT_002,DECOY_TARGET,353,197,10,10,358.0,202.0,True,straight_line,28.0
SCN_011,243,8.0667,TGT_003,DECOY_TARGET,203,249,8,8,207.0,253.0,True,circular,22.0
SCN_011,244,8.1,TGT_001,COMMUNICATION_TARGET,351,277,10,10,356.0,282.0,True,straight_line,28.0
SCN_011,244,8.1,TGT_002,DECOY_TARGET,351,197,10,10,356.0,202.0,True,straight_line,28.0
SCN_011,244,8.1,TGT_003,DECOY_TARGET,200,248,8,8,204.0,252.0,True,circular,22.0
SCN_011,245,8.1333,TGT_001,COMMUNICATION_TARGET,350,280,10,10,355.0,285.0,True,straight_line,28.0
SCN_011,245,8.1333,TGT_002,DECOY_TARGET,350,198,10,10,355.0,203.0,True,straight_line,28.0
SCN_011,245,8.1333,TGT_003,DECOY_TARGET,199,250,8,8,203.0,254.0,True,circular,22.0
SCN_011,246,8.1667,TGT_001,COMMUNICATION_TARGET,351,280,10,10,356.0,285.0,True,straight_line,28.0
SCN_011,246,8.1667,TGT_002,DECOY_TARGET,351,198,10,10,356.0,203.0,True,straight_line,28.0
SCN_011,246,8.1667,TGT_003,DECOY_TARGET,198,249,8,8,202.0,253.0,True,circular,22.0
SCN_011,247,8.2,TGT_001,COMMUNICATION_TARGET,350,280,10,10,355.0,285.0,True,straight_line,28.0
SCN_011,247,8.2,TGT_002,DECOY_TARGET,350,197,10,10,355.0,202.0,True,straight_line,28.0
SCN_011,247,8.2,TGT_003,DECOY_TARGET,197,248,8,8,201.0,252.0,True,circular,22.0
SCN_011,248,8.2333,TGT_001,COMMUNICATION_TARGET,349,281,10,10,354.0,286.0,True,straight_line,28.0
SCN_011,248,8.2333,TGT_002,DECOY_TARGET,349,197,10,10,354.0,202.0,True,straight_line,28.0
SCN_011,248,8.2333,TGT_003,DECOY_TARGET,194,247,8,8,198.0,251.0,True,circular,22.0
SCN_011,249,8.2667,TGT_001,COMMUNICATION_TARGET,346,283,10,10,351.0,288.0,True,straight_line,28.0
SCN_011,249,8.2667,TGT_002,DECOY_TARGET,346,198,10,10,351.0,203.0,True,straight_line,28.0
SCN_011,249,8.2667,TGT_003,DECOY_TARGET,191,248,8,8,195.0,252.0,True,circular,22.0
SCN_011,250,8.3,TGT_001,COMMUNICATION_TARGET,347,286,10,10,352.0,291.0,True,straight_line,28.0
SCN_011,250,8.3,TGT_002,DECOY_TARGET,347,200,10,10,352.0,205.0,True,straight_line,28.0
SCN_011,250,8.3,TGT_003,DECOY_TARGET,191,250,8,8,195.0,254.0,True,circular,22.0
SCN_011,251,8.3333,TGT_001,COMMUNICATION_TARGET,350,289,10,10,355.0,294.0,True,straight_line,28.0
SCN_011,251,8.3333,TGT_002,DECOY_TARGET,350,202,10,10,355.0,207.0,True,straight_line,28.0
SCN_011,251,8.3333,TGT_003,DECOY_TARGET,193,252,8,8,197.0,256.0,True,circular,22.0
SCN_011,252,8.3667,TGT_001,COMMUNICATION_TARGET,357,291,10,10,362.0,296.0,True,straight_line,28.0
SCN_011,252,8.3667,TGT_002,DECOY_TARGET,357,203,10,10,362.0,208.0,True,straight_line,28.0
SCN_011,252,8.3667,TGT_003,DECOY_TARGET,199,253,8,8,203.0,257.0,True,circular,22.0
SCN_011,253,8.4,TGT_001,COMMUNICATION_TARGET,361,290,10,10,366.0,295.0,True,straight_line,28.0
SCN_011,253,8.4,TGT_002,DECOY_TARGET,361,201,10,10,366.0,206.0,True,straight_line,28.0
SCN_011,253,8.4,TGT_003,DECOY_TARGET,202,251,8,8,206.0,255.0,True,circular,22.0
SCN_011,254,8.4333,TGT_001,COMMUNICATION_TARGET,362,287,10,10,367.0,292.0,True,straight_line,28.0
SCN_011,254,8.4333,TGT_002,DECOY_TARGET,362,197,10,10,367.0,202.0,True,straight_line,28.0
SCN_011,254,8.4333,TGT_003,DECOY_TARGET,203,246,8,8,207.0,250.0,True,circular,22.0
SCN_011,255,8.4667,TGT_001,COMMUNICATION_TARGET,359,282,10,10,364.0,287.0,True,straight_line,28.0
SCN_011,255,8.4667,TGT_002,DECOY_TARGET,359,191,10,10,364.0,196.0,True,straight_line,28.0
SCN_011,255,8.4667,TGT_003,DECOY_TARGET,199,240,8,8,203.0,244.0,True,circular,22.0
SCN_011,256,8.5,TGT_001,COMMUNICATION_TARGET,354,280,10,10,359.0,285.0,True,straight_line,28.0
SCN_011,256,8.5,TGT_002,DECOY_TARGET,354,188,10,10,359.0,193.0,True,straight_line,28.0
SCN_011,256,8.5,TGT_003,DECOY_TARGET,193,237,8,8,197.0,241.0,True,circular,22.0
SCN_011,257,8.5333,TGT_001,COMMUNICATION_TARGET,351,281,10,10,356.0,286.0,True,straight_line,28.0
SCN_011,257,8.5333,TGT_002,DECOY_TARGET,351,187,10,10,356.0,192.0,True,straight_line,28.0
SCN_011,257,8.5333,TGT_003,DECOY_TARGET,189,236,8,8,193.0,240.0,True,circular,22.0
SCN_011,258,8.5667,TGT_001,COMMUNICATION_TARGET,350,284,10,10,355.0,289.0,True,straight_line,28.0
SCN_011,258,8.5667,TGT_002,DECOY_TARGET,350,190,10,10,355.0,195.0,True,straight_line,28.0
SCN_011,258,8.5667,TGT_003,DECOY_TARGET,187,238,8,8,191.0,242.0,True,circular,22.0
SCN_011,259,8.6,TGT_001,COMMUNICATION_TARGET,354,288,10,10,359.0,293.0,True,straight_line,28.0
SCN_011,259,8.6,TGT_002,DECOY_TARGET,354,193,10,10,359.0,198.0,True,straight_line,28.0
SCN_011,259,8.6,TGT_003,DECOY_TARGET,191,241,8,8,195.0,245.0,True,circular,22.0
SCN_011,260,8.6333,TGT_001,COMMUNICATION_TARGET,358,291,10,10,363.0,296.0,True,straight_line,28.0
SCN_011,260,8.6333,TGT_002,DECOY_TARGET,358,195,10,10,363.0,200.0,True,straight_line,28.0
SCN_011,260,8.6333,TGT_003,DECOY_TARGET,194,243,8,8,198.0,247.0,True,circular,22.0
SCN_011,261,8.6667,TGT_001,COMMUNICATION_TARGET,360,294,10,10,365.0,299.0,True,straight_line,28.0
SCN_011,261,8.6667,TGT_002,DECOY_TARGET,360,197,10,10,365.0,202.0,True,straight_line,28.0
SCN_011,261,8.6667,TGT_003,DECOY_TARGET,196,244,8,8,200.0,248.0,True,circular,22.0
SCN_011,262,8.7,TGT_001,COMMUNICATION_TARGET,361,293,10,10,366.0,298.0,True,straight_line,28.0
SCN_011,262,8.7,TGT_002,DECOY_TARGET,361,194,10,10,366.0,199.0,True,straight_line,28.0
SCN_011,262,8.7,TGT_003,DECOY_TARGET,195,242,8,8,199.0,246.0,True,circular,22.0
SCN_011,263,8.7333,TGT_001,COMMUNICATION_TARGET,360,292,10,10,365.0,297.0,True,straight_line,28.0
SCN_011,263,8.7333,TGT_002,DECOY_TARGET,360,193,10,10,365.0,198.0,True,straight_line,28.0
SCN_011,263,8.7333,TGT_003,DECOY_TARGET,194,240,8,8,198.0,244.0,True,circular,22.0
SCN_011,264,8.7667,TGT_001,COMMUNICATION_TARGET,363,293,10,10,368.0,298.0,True,straight_line,28.0
SCN_011,264,8.7667,TGT_002,DECOY_TARGET,363,192,10,10,368.0,197.0,True,straight_line,28.0
SCN_011,264,8.7667,TGT_003,DECOY_TARGET,195,239,8,8,199.0,243.0,True,circular,22.0
SCN_011,265,8.8,TGT_001,COMMUNICATION_TARGET,365,292,10,10,370.0,297.0,True,straight_line,28.0
SCN_011,265,8.8,TGT_002,DECOY_TARGET,365,191,10,10,370.0,196.0,True,straight_line,28.0
SCN_011,265,8.8,TGT_003,DECOY_TARGET,197,238,8,8,201.0,242.0,True,circular,22.0
SCN_011,266,8.8333,TGT_001,COMMUNICATION_TARGET,364,292,10,10,369.0,297.0,True,straight_line,28.0
SCN_011,266,8.8333,TGT_002,DECOY_TARGET,364,190,10,10,369.0,195.0,True,straight_line,28.0
SCN_011,266,8.8333,TGT_003,DECOY_TARGET,195,237,8,8,199.0,241.0,True,circular,22.0
SCN_011,267,8.8667,TGT_001,COMMUNICATION_TARGET,361,292,10,10,366.0,297.0,True,straight_line,28.0
SCN_011,267,8.8667,TGT_002,DECOY_TARGET,361,189,10,10,366.0,194.0,True,straight_line,28.0
SCN_011,267,8.8667,TGT_003,DECOY_TARGET,191,235,8,8,195.0,239.0,True,circular,22.0
SCN_011,268,8.9,TGT_001,COMMUNICATION_TARGET,359,289,10,10,364.0,294.0,True,straight_line,28.0
SCN_011,268,8.9,TGT_002,DECOY_TARGET,359,185,10,10,364.0,190.0,True,straight_line,28.0
SCN_011,268,8.9,TGT_003,DECOY_TARGET,189,231,8,8,193.0,235.0,True,circular,22.0
SCN_011,269,8.9333,TGT_001,COMMUNICATION_TARGET,356,287,10,10,361.0,292.0,True,straight_line,28.0
SCN_011,269,8.9333,TGT_002,DECOY_TARGET,356,182,10,10,361.0,187.0,True,straight_line,28.0
SCN_011,269,8.9333,TGT_003,DECOY_TARGET,185,228,8,8,189.0,232.0,True,circular,22.0
SCN_011,270,8.9667,TGT_001,COMMUNICATION_TARGET,358,287,10,10,363.0,292.0,True,straight_line,28.0
SCN_011,270,8.9667,TGT_002,DECOY_TARGET,358,181,10,10,363.0,186.0,True,straight_line,28.0
SCN_011,270,8.9667,TGT_003,DECOY_TARGET,187,226,8,8,191.0,230.0,True,circular,22.0
SCN_011,271,9.0,TGT_001,COMMUNICATION_TARGET,364,289,10,10,369.0,294.0,True,straight_line,28.0
SCN_011,271,9.0,TGT_002,DECOY_TARGET,364,181,10,10,369.0,186.0,True,straight_line,28.0
SCN_011,271,9.0,TGT_003,DECOY_TARGET,191,227,8,8,195.0,231.0,True,circular,22.0
SCN_011,272,9.0333,TGT_001,COMMUNICATION_TARGET,371,294,10,10,376.0,299.0,True,straight_line,28.0
SCN_011,272,9.0333,TGT_002,DECOY_TARGET,371,185,10,10,376.0,190.0,True,straight_line,28.0
SCN_011,272,9.0333,TGT_003,DECOY_TARGET,198,230,8,8,202.0,234.0,True,circular,22.0
SCN_011,273,9.0667,TGT_001,COMMUNICATION_TARGET,373,298,10,10,378.0,303.0,True,straight_line,28.0
SCN_011,273,9.0667,TGT_002,DECOY_TARGET,373,189,10,10,378.0,194.0,True,straight_line,28.0
SCN_011,273,9.0667,TGT_003,DECOY_TARGET,200,234,8,8,204.0,238.0,True,circular,22.0
SCN_011,274,9.1,TGT_001,COMMUNICATION_TARGET,372,301,10,10,377.0,306.0,True,straight_line,28.0
SCN_011,274,9.1,TGT_002,DECOY_TARGET,372,191,10,10,377.0,196.0,True,straight_line,28.0
SCN_011,274,9.1,TGT_003,DECOY_TARGET,197,235,8,8,201.0,239.0,True,circular,22.0
SCN_011,275,9.1333,TGT_001,COMMUNICATION_TARGET,369,301,10,10,374.0,306.0,True,straight_line,28.0
SCN_011,275,9.1333,TGT_002,DECOY_TARGET,369,190,10,10,374.0,195.0,True,straight_line,28.0
SCN_011,275,9.1333,TGT_003,DECOY_TARGET,193,234,8,8,197.0,238.0,True,circular,22.0
SCN_011,276,9.1667,TGT_001,COMMUNICATION_TARGET,365,298,10,10,370.0,303.0,True,straight_line,28.0
SCN_011,276,9.1667,TGT_002,DECOY_TARGET,365,186,10,10,370.0,191.0,True,straight_line,28.0
SCN_011,276,9.1667,TGT_003,DECOY_TARGET,189,230,8,8,193.0,234.0,True,circular,22.0
SCN_011,277,9.2,TGT_001,COMMUNICATION_TARGET,364,296,10,10,369.0,301.0,True,straight_line,28.0
SCN_011,277,9.2,TGT_002,DECOY_TARGET,364,183,10,10,369.0,188.0,True,straight_line,28.0
SCN_011,277,9.2,TGT_003,DECOY_TARGET,187,226,8,8,191.0,230.0,True,circular,22.0
SCN_011,278,9.2333,TGT_001,COMMUNICATION_TARGET,365,292,10,10,370.0,297.0,True,straight_line,28.0
SCN_011,278,9.2333,TGT_002,DECOY_TARGET,365,178,10,10,370.0,183.0,True,straight_line,28.0
SCN_011,278,9.2333,TGT_003,DECOY_TARGET,188,222,8,8,192.0,226.0,True,circular,22.0
SCN_011,279,9.2667,TGT_001,COMMUNICATION_TARGET,367,293,10,10,372.0,298.0,True,straight_line,28.0
SCN_011,279,9.2667,TGT_002,DECOY_TARGET,367,178,10,10,372.0,183.0,True,straight_line,28.0
SCN_011,279,9.2667,TGT_003,DECOY_TARGET,189,221,8,8,193.0,225.0,True,circular,22.0
SCN_011,280,9.3,TGT_001,COMMUNICATION_TARGET,369,293,10,10,374.0,298.0,True,straight_line,28.0
SCN_011,280,9.3,TGT_002,DECOY_TARGET,369,178,10,10,374.0,183.0,True,straight_line,28.0
SCN_011,280,9.3,TGT_003,DECOY_TARGET,190,221,8,8,194.0,225.0,True,circular,22.0
SCN_011,281,9.3333,TGT_001,COMMUNICATION_TARGET,371,295,10,10,376.0,300.0,True,straight_line,28.0
SCN_011,281,9.3333,TGT_002,DECOY_TARGET,371,178,10,10,376.0,183.0,True,straight_line,28.0
SCN_011,281,9.3333,TGT_003,DECOY_TARGET,192,221,8,8,196.0,225.0,True,circular,22.0
SCN_011,282,9.3667,TGT_001,COMMUNICATION_TARGET,371,295,10,10,376.0,300.0,True,straight_line,28.0
SCN_011,282,9.3667,TGT_002,DECOY_TARGET,371,177,10,10,376.0,182.0,True,straight_line,28.0
SCN_011,282,9.3667,TGT_003,DECOY_TARGET,191,220,8,8,195.0,224.0,True,circular,22.0
SCN_011,283,9.4,TGT_001,COMMUNICATION_TARGET,375,295,10,10,380.0,300.0,True,straight_line,28.0
SCN_011,283,9.4,TGT_002,DECOY_TARGET,375,176,10,10,380.0,181.0,True,straight_line,28.0
SCN_011,283,9.4,TGT_003,DECOY_TARGET,194,218,8,8,198.0,222.0,True,circular,22.0
SCN_011,284,9.4333,TGT_001,COMMUNICATION_TARGET,378,296,10,10,383.0,301.0,True,straight_line,28.0
SCN_011,284,9.4333,TGT_002,DECOY_TARGET,378,176,10,10,383.0,181.0,True,straight_line,28.0
SCN_011,284,9.4333,TGT_003,DECOY_TARGET,197,218,8,8,201.0,222.0,True,circular,22.0
SCN_011,285,9.4667,TGT_001,COMMUNICATION_TARGET,380,298,10,10,385.0,303.0,True,straight_line,28.0
SCN_011,285,9.4667,TGT_002,DECOY_TARGET,380,177,10,10,385.0,182.0,True,straight_line,28.0
SCN_011,285,9.4667,TGT_003,DECOY_TARGET,197,219,8,8,201.0,223.0,True,circular,22.0
SCN_011,286,9.5,TGT_001,COMMUNICATION_TARGET,377,302,10,10,382.0,307.0,True,straight_line,28.0
SCN_011,286,9.5,TGT_002,DECOY_TARGET,377,180,10,10,382.0,185.0,True,straight_line,28.0
SCN_011,286,9.5,TGT_003,DECOY_TARGET,194,222,8,8,198.0,226.0,True,circular,22.0
SCN_011,287,9.5333,TGT_001,COMMUNICATION_TARGET,372,305,10,10,377.0,310.0,True,straight_line,28.0
SCN_011,287,9.5333,TGT_002,DECOY_TARGET,372,182,10,10,377.0,187.0,True,straight_line,28.0
SCN_011,287,9.5333,TGT_003,DECOY_TARGET,189,223,8,8,193.0,227.0,True,circular,22.0
SCN_011,288,9.5667,TGT_001,COMMUNICATION_TARGET,369,306,10,10,374.0,311.0,True,straight_line,28.0
SCN_011,288,9.5667,TGT_002,DECOY_TARGET,369,182,10,10,374.0,187.0,True,straight_line,28.0
SCN_011,288,9.5667,TGT_003,DECOY_TARGET,185,223,8,8,189.0,227.0,True,circular,22.0
SCN_011,289,9.6,TGT_001,COMMUNICATION_TARGET,369,303,10,10,374.0,308.0,True,straight_line,28.0
SCN_011,289,9.6,TGT_002,DECOY_TARGET,369,178,10,10,374.0,183.0,True,straight_line,28.0
SCN_011,289,9.6,TGT_003,DECOY_TARGET,184,219,8,8,188.0,223.0,True,circular,22.0
SCN_011,290,9.6333,TGT_001,COMMUNICATION_TARGET,374,299,10,10,379.0,304.0,True,straight_line,28.0
SCN_011,290,9.6333,TGT_002,DECOY_TARGET,374,173,10,10,379.0,178.0,True,straight_line,28.0
SCN_011,290,9.6333,TGT_003,DECOY_TARGET,189,214,8,8,193.0,218.0,True,circular,22.0
SCN_011,291,9.6667,TGT_001,COMMUNICATION_TARGET,380,295,10,10,385.0,300.0,True,straight_line,28.0
SCN_011,291,9.6667,TGT_002,DECOY_TARGET,380,168,10,10,385.0,173.0,True,straight_line,28.0
SCN_011,291,9.6667,TGT_003,DECOY_TARGET,194,209,8,8,198.0,213.0,True,circular,22.0
SCN_011,292,9.7,TGT_001,COMMUNICATION_TARGET,384,293,10,10,389.0,298.0,True,straight_line,28.0
SCN_011,292,9.7,TGT_002,DECOY_TARGET,384,165,10,10,389.0,170.0,True,straight_line,28.0
SCN_011,292,9.7,TGT_003,DECOY_TARGET,198,205,8,8,202.0,209.0,True,circular,22.0
SCN_011,293,9.7333,TGT_001,COMMUNICATION_TARGET,386,295,10,10,391.0,300.0,True,straight_line,28.0
SCN_011,293,9.7333,TGT_002,DECOY_TARGET,386,166,10,10,391.0,171.0,True,straight_line,28.0
SCN_011,293,9.7333,TGT_003,DECOY_TARGET,198,206,8,8,202.0,210.0,True,circular,22.0
SCN_011,294,9.7667,TGT_001,COMMUNICATION_TARGET,384,299,10,10,389.0,304.0,True,straight_line,28.0
SCN_011,294,9.7667,TGT_002,DECOY_TARGET,384,169,10,10,389.0,174.0,True,straight_line,28.0
SCN_011,294,9.7667,TGT_003,DECOY_TARGET,196,209,8,8,200.0,213.0,True,circular,22.0
SCN_011,295,9.8,TGT_001,COMMUNICATION_TARGET,381,303,10,10,386.0,308.0,True,straight_line,28.0
SCN_011,295,9.8,TGT_002,DECOY_TARGET,381,172,10,10,386.0,177.0,True,straight_line,28.0
SCN_011,295,9.8,TGT_003,DECOY_TARGET,192,211,8,8,196.0,215.0,True,circular,22.0
SCN_011,296,9.8333,TGT_001,COMMUNICATION_TARGET,380,305,10,10,385.0,310.0,True,straight_line,28.0
SCN_011,296,9.8333,TGT_002,DECOY_TARGET,380,173,10,10,385.0,178.0,True,straight_line,28.0
SCN_011,296,9.8333,TGT_003,DECOY_TARGET,191,212,8,8,195.0,216.0,True,circular,22.0
SCN_011,297,9.8667,TGT_001,COMMUNICATION_TARGET,380,306,10,10,385.0,311.0,True,straight_line,28.0
SCN_011,297,9.8667,TGT_002,DECOY_TARGET,380,174,10,10,385.0,179.0,True,straight_line,28.0
SCN_011,297,9.8667,TGT_003,DECOY_TARGET,190,213,8,8,194.0,217.0,True,circular,22.0
SCN_011,298,9.9,TGT_001,COMMUNICATION_TARGET,381,305,10,10,386.0,310.0,True,straight_line,28.0
SCN_011,298,9.9,TGT_002,DECOY_TARGET,381,172,10,10,386.0,177.0,True,straight_line,28.0
SCN_011,298,9.9,TGT_003,DECOY_TARGET,190,210,8,8,194.0,214.0,True,circular,22.0
SCN_011,299,9.9333,TGT_001,COMMUNICATION_TARGET,380,304,10,10,385.0,309.0,True,straight_line,28.0
SCN_011,299,9.9333,TGT_002,DECOY_TARGET,380,170,10,10,385.0,175.0,True,straight_line,28.0
SCN_011,299,9.9333,TGT_003,DECOY_TARGET,189,208,8,8,193.0,212.0,True,circular,22.0
SCN_011,300,9.9667,TGT_001,COMMUNICATION_TARGET,380,305,10,10,385.0,310.0,True,straight_line,28.0
SCN_011,300,9.9667,TGT_002,DECOY_TARGET,380,169,10,10,385.0,174.0,True,straight_line,28.0
SCN_011,300,9.9667,TGT_003,DECOY_TARGET,188,207,8,8,192.0,211.0,True,circular,22.0
SCN_011,301,10.0,TGT_001,COMMUNICATION_TARGET,383,305,10,10,388.0,310.0,True,straight_line,28.0
SCN_011,301,10.0,TGT_002,DECOY_TARGET,383,168,10,10,388.0,173.0,True,straight_line,28.0
SCN_011,301,10.0,TGT_003,DECOY_TARGET,190,207,8,8,194.0,211.0,True,circular,22.0
SCN_011,302,10.0333,TGT_001,COMMUNICATION_TARGET,388,305,10,10,393.0,310.0,True,straight_line,28.0
SCN_011,302,10.0333,TGT_002,DECOY_TARGET,388,167,10,10,393.0,172.0,True,straight_line,28.0
SCN_011,302,10.0333,TGT_003,DECOY_TARGET,195,205,8,8,199.0,209.0,True,circular,22.0
SCN_011,303,10.0667,TGT_001,COMMUNICATION_TARGET,393,304,10,10,398.0,309.0,True,straight_line,28.0
SCN_011,303,10.0667,TGT_002,DECOY_TARGET,393,165,10,10,398.0,170.0,True,straight_line,28.0
SCN_011,303,10.0667,TGT_003,DECOY_TARGET,199,203,8,8,203.0,207.0,True,circular,22.0
SCN_011,304,10.1,TGT_001,COMMUNICATION_TARGET,396,301,10,10,401.0,306.0,True,straight_line,28.0
SCN_011,304,10.1,TGT_002,DECOY_TARGET,396,162,10,10,401.0,167.0,True,straight_line,28.0
SCN_011,304,10.1,TGT_003,DECOY_TARGET,201,199,8,8,205.0,203.0,True,circular,22.0
SCN_011,305,10.1333,TGT_001,COMMUNICATION_TARGET,394,299,10,10,399.0,304.0,True,straight_line,28.0
SCN_011,305,10.1333,TGT_002,DECOY_TARGET,394,158,10,10,399.0,163.0,True,straight_line,28.0
SCN_011,305,10.1333,TGT_003,DECOY_TARGET,199,196,8,8,203.0,200.0,True,circular,22.0
SCN_011,306,10.1667,TGT_001,COMMUNICATION_TARGET,389,299,10,10,394.0,304.0,True,straight_line,28.0
SCN_011,306,10.1667,TGT_002,DECOY_TARGET,389,157,10,10,394.0,162.0,True,straight_line,28.0
SCN_011,306,10.1667,TGT_003,DECOY_TARGET,194,194,8,8,198.0,198.0,True,circular,22.0
SCN_011,307,10.2,TGT_001,COMMUNICATION_TARGET,385,302,10,10,390.0,307.0,True,straight_line,28.0
SCN_011,307,10.2,TGT_002,DECOY_TARGET,385,159,10,10,390.0,164.0,True,straight_line,28.0
SCN_011,307,10.2,TGT_003,DECOY_TARGET,189,196,8,8,193.0,200.0,True,circular,22.0
SCN_011,308,10.2333,TGT_001,COMMUNICATION_TARGET,383,307,10,10,388.0,312.0,True,straight_line,28.0
SCN_011,308,10.2333,TGT_002,DECOY_TARGET,383,163,10,10,388.0,168.0,True,straight_line,28.0
SCN_011,308,10.2333,TGT_003,DECOY_TARGET,187,200,8,8,191.0,204.0,True,circular,22.0
SCN_011,309,10.2667,TGT_001,COMMUNICATION_TARGET,386,312,10,10,391.0,317.0,True,straight_line,28.0
SCN_011,309,10.2667,TGT_002,DECOY_TARGET,386,167,10,10,391.0,172.0,True,straight_line,28.0
SCN_011,309,10.2667,TGT_003,DECOY_TARGET,189,204,8,8,193.0,208.0,True,circular,22.0
SCN_011,310,10.3,TGT_001,COMMUNICATION_TARGET,392,314,10,10,397.0,319.0,True,straight_line,28.0
SCN_011,310,10.3,TGT_002,DECOY_TARGET,392,168,10,10,397.0,173.0,True,straight_line,28.0
SCN_011,310,10.3,TGT_003,DECOY_TARGET,194,205,8,8,198.0,209.0,True,circular,22.0
SCN_011,311,10.3333,TGT_001,COMMUNICATION_TARGET,396,313,10,10,401.0,318.0,True,straight_line,28.0
SCN_011,311,10.3333,TGT_002,DECOY_TARGET,396,166,10,10,401.0,171.0,True,straight_line,28.0
SCN_011,311,10.3333,TGT_003,DECOY_TARGET,198,202,8,8,202.0,206.0,True,circular,22.0
SCN_011,312,10.3667,TGT_001,COMMUNICATION_TARGET,399,309,10,10,404.0,314.0,True,straight_line,28.0
SCN_011,312,10.3667,TGT_002,DECOY_TARGET,399,161,10,10,404.0,166.0,True,straight_line,28.0
SCN_011,312,10.3667,TGT_003,DECOY_TARGET,200,197,8,8,204.0,201.0,True,circular,22.0
SCN_011,313,10.4,TGT_001,COMMUNICATION_TARGET,398,306,10,10,403.0,311.0,True,straight_line,28.0
SCN_011,313,10.4,TGT_002,DECOY_TARGET,398,157,10,10,403.0,162.0,True,straight_line,28.0
SCN_011,313,10.4,TGT_003,DECOY_TARGET,199,193,8,8,203.0,197.0,True,circular,22.0
SCN_011,314,10.4333,TGT_001,COMMUNICATION_TARGET,398,303,10,10,403.0,308.0,True,straight_line,28.0
SCN_011,314,10.4333,TGT_002,DECOY_TARGET,398,154,10,10,403.0,159.0,True,straight_line,28.0
SCN_011,314,10.4333,TGT_003,DECOY_TARGET,198,189,8,8,202.0,193.0,True,circular,22.0
SCN_011,315,10.4667,TGT_001,COMMUNICATION_TARGET,399,304,10,10,404.0,309.0,True,straight_line,28.0
SCN_011,315,10.4667,TGT_002,DECOY_TARGET,399,153,10,10,404.0,158.0,True,straight_line,28.0
SCN_011,315,10.4667,TGT_003,DECOY_TARGET,198,189,8,8,202.0,193.0,True,circular,22.0
SCN_011,316,10.5,TGT_001,COMMUNICATION_TARGET,400,306,10,10,405.0,311.0,True,straight_line,28.0
SCN_011,316,10.5,TGT_002,DECOY_TARGET,400,154,10,10,405.0,159.0,True,straight_line,28.0
SCN_011,316,10.5,TGT_003,DECOY_TARGET,199,190,8,8,203.0,194.0,True,circular,22.0
SCN_011,317,10.5333,TGT_001,COMMUNICATION_TARGET,399,307,10,10,404.0,312.0,True,straight_line,28.0
SCN_011,317,10.5333,TGT_002,DECOY_TARGET,399,154,10,10,404.0,159.0,True,straight_line,28.0
SCN_011,317,10.5333,TGT_003,DECOY_TARGET,197,189,8,8,201.0,193.0,True,circular,22.0
SCN_011,318,10.5667,TGT_001,COMMUNICATION_TARGET,397,307,10,10,402.0,312.0,True,straight_line,28.0
SCN_011,318,10.5667,TGT_002,DECOY_TARGET,397,154,10,10,402.0,159.0,True,straight_line,28.0
SCN_011,318,10.5667,TGT_003,DECOY_TARGET,195,189,8,8,199.0,193.0,True,circular,22.0
SCN_011,319,10.6,TGT_001,COMMUNICATION_TARGET,395,307,10,10,400.0,312.0,True,straight_line,28.0
SCN_011,319,10.6,TGT_002,DECOY_TARGET,395,152,10,10,400.0,157.0,True,straight_line,28.0
SCN_011,319,10.6,TGT_003,DECOY_TARGET,193,187,8,8,197.0,191.0,True,circular,22.0
SCN_011,320,10.6333,TGT_001,COMMUNICATION_TARGET,396,308,10,10,401.0,313.0,True,straight_line,28.0
SCN_011,320,10.6333,TGT_002,DECOY_TARGET,396,152,10,10,401.0,157.0,True,straight_line,28.0
SCN_011,320,10.6333,TGT_003,DECOY_TARGET,193,187,8,8,197.0,191.0,True,circular,22.0
SCN_011,321,10.6667,TGT_001,COMMUNICATION_TARGET,400,311,10,10,405.0,316.0,True,straight_line,28.0
SCN_011,321,10.6667,TGT_002,DECOY_TARGET,400,155,10,10,405.0,160.0,True,straight_line,28.0
SCN_011,321,10.6667,TGT_003,DECOY_TARGET,197,189,8,8,201.0,193.0,True,circular,22.0
SCN_011,322,10.7,TGT_001,COMMUNICATION_TARGET,407,315,10,10,412.0,320.0,True,straight_line,28.0
SCN_011,322,10.7,TGT_002,DECOY_TARGET,407,157,10,10,412.0,162.0,True,straight_line,28.0
SCN_011,322,10.7,TGT_003,DECOY_TARGET,203,191,8,8,207.0,195.0,True,circular,22.0
SCN_011,323,10.7333,TGT_001,COMMUNICATION_TARGET,411,317,10,10,416.0,322.0,True,straight_line,28.0
SCN_011,323,10.7333,TGT_002,DECOY_TARGET,411,158,10,10,416.0,163.0,True,straight_line,28.0
SCN_011,323,10.7333,TGT_003,DECOY_TARGET,207,192,8,8,211.0,196.0,True,circular,22.0
SCN_011,324,10.7667,TGT_001,COMMUNICATION_TARGET,412,317,10,10,417.0,322.0,True,straight_line,28.0
SCN_011,324,10.7667,TGT_002,DECOY_TARGET,412,157,10,10,417.0,162.0,True,straight_line,28.0
SCN_011,324,10.7667,TGT_003,DECOY_TARGET,207,191,8,8,211.0,195.0,True,circular,22.0
SCN_011,325,10.8,TGT_001,COMMUNICATION_TARGET,409,314,10,10,414.0,319.0,True,straight_line,28.0
SCN_011,325,10.8,TGT_002,DECOY_TARGET,409,154,10,10,414.0,159.0,True,straight_line,28.0
SCN_011,325,10.8,TGT_003,DECOY_TARGET,204,187,8,8,208.0,191.0,True,circular,22.0
SCN_011,326,10.8333,TGT_001,COMMUNICATION_TARGET,405,310,10,10,410.0,315.0,True,straight_line,28.0
SCN_011,326,10.8333,TGT_002,DECOY_TARGET,405,149,10,10,410.0,154.0,True,straight_line,28.0
SCN_011,326,10.8333,TGT_003,DECOY_TARGET,199,182,8,8,203.0,186.0,True,circular,22.0
SCN_011,327,10.8667,TGT_001,COMMUNICATION_TARGET,403,306,10,10,408.0,311.0,True,straight_line,28.0
SCN_011,327,10.8667,TGT_002,DECOY_TARGET,403,143,10,10,408.0,148.0,True,straight_line,28.0
SCN_011,327,10.8667,TGT_003,DECOY_TARGET,196,176,8,8,200.0,180.0,True,circular,22.0
SCN_011,328,10.9,TGT_001,COMMUNICATION_TARGET,404,306,10,10,409.0,311.0,True,straight_line,28.0
SCN_011,328,10.9,TGT_002,DECOY_TARGET,404,143,10,10,409.0,148.0,True,straight_line,28.0
SCN_011,328,10.9,TGT_003,DECOY_TARGET,197,176,8,8,201.0,180.0,True,circular,22.0
SCN_011,329,10.9333,TGT_001,COMMUNICATION_TARGET,407,307,10,10,412.0,312.0,True,straight_line,28.0
SCN_011,329,10.9333,TGT_002,DECOY_TARGET,407,143,10,10,412.0,148.0,True,straight_line,28.0
SCN_011,329,10.9333,TGT_003,DECOY_TARGET,200,176,8,8,204.0,180.0,True,circular,22.0
SCN_011,330,10.9667,TGT_001,COMMUNICATION_TARGET,411,312,10,10,416.0,317.0,True,straight_line,28.0
SCN_011,330,10.9667,TGT_002,DECOY_TARGET,411,146,10,10,416.0,151.0,True,straight_line,28.0
SCN_011,330,10.9667,TGT_003,DECOY_TARGET,203,179,8,8,207.0,183.0,True,circular,22.0
SCN_011,331,11.0,TGT_001,COMMUNICATION_TARGET,413,315,10,10,418.0,320.0,True,straight_line,28.0
SCN_011,331,11.0,TGT_002,DECOY_TARGET,413,148,10,10,418.0,153.0,True,straight_line,28.0
SCN_011,331,11.0,TGT_003,DECOY_TARGET,204,181,8,8,208.0,185.0,True,circular,22.0
SCN_011,332,11.0333,TGT_001,COMMUNICATION_TARGET,414,317,10,10,419.0,322.0,True,straight_line,28.0
SCN_011,332,11.0333,TGT_002,DECOY_TARGET,414,150,10,10,419.0,155.0,True,straight_line,28.0
SCN_011,332,11.0333,TGT_003,DECOY_TARGET,205,182,8,8,209.0,186.0,True,circular,22.0
SCN_011,333,11.0667,TGT_001,COMMUNICATION_TARGET,415,319,10,10,420.0,324.0,True,straight_line,28.0
SCN_011,333,11.0667,TGT_002,DECOY_TARGET,415,150,10,10,420.0,155.0,True,straight_line,28.0
SCN_011,333,11.0667,TGT_003,DECOY_TARGET,206,183,8,8,210.0,187.0,True,circular,22.0
SCN_011,334,11.1,TGT_001,COMMUNICATION_TARGET,419,317,10,10,424.0,322.0,True,straight_line,28.0
SCN_011,334,11.1,TGT_002,DECOY_TARGET,419,148,10,10,424.0,153.0,True,straight_line,28.0
SCN_011,334,11.1,TGT_003,DECOY_TARGET,209,180,8,8,213.0,184.0,True,circular,22.0
SCN_011,335,11.1333,TGT_001,COMMUNICATION_TARGET,420,316,10,10,425.0,321.0,True,straight_line,28.0
SCN_011,335,11.1333,TGT_002,DECOY_TARGET,420,146,10,10,425.0,151.0,True,straight_line,28.0
SCN_011,335,11.1333,TGT_003,DECOY_TARGET,210,178,8,8,214.0,182.0,True,circular,22.0
SCN_011,336,11.1667,TGT_001,COMMUNICATION_TARGET,419,317,10,10,424.0,322.0,True,straight_line,28.0
SCN_011,336,11.1667,TGT_002,DECOY_TARGET,419,146,10,10,424.0,151.0,True,straight_line,28.0
SCN_011,336,11.1667,TGT_003,DECOY_TARGET,208,178,8,8,212.0,182.0,True,circular,22.0
SCN_011,337,11.2,TGT_001,COMMUNICATION_TARGET,417,318,10,10,422.0,323.0,True,straight_line,28.0
SCN_011,337,11.2,TGT_002,DECOY_TARGET,417,146,10,10,422.0,151.0,True,straight_line,28.0
SCN_011,337,11.2,TGT_003,DECOY_TARGET,206,177,8,8,210.0,181.0,True,circular,22.0
SCN_011,338,11.2333,TGT_001,COMMUNICATION_TARGET,413,317,10,10,418.0,322.0,True,straight_line,28.0
SCN_011,338,11.2333,TGT_002,DECOY_TARGET,413,143,10,10,418.0,148.0,True,straight_line,28.0
SCN_011,338,11.2333,TGT_003,DECOY_TARGET,201,175,8,8,205.0,179.0,True,circular,22.0
SCN_011,339,11.2667,TGT_001,COMMUNICATION_TARGET,412,315,10,10,417.0,320.0,True,straight_line,28.0
SCN_011,339,11.2667,TGT_002,DECOY_TARGET,412,141,10,10,417.0,146.0,True,straight_line,28.0
SCN_011,339,11.2667,TGT_003,DECOY_TARGET,200,172,8,8,204.0,176.0,True,circular,22.0
SCN_011,340,11.3,TGT_001,COMMUNICATION_TARGET,416,312,10,10,421.0,317.0,True,straight_line,28.0
SCN_011,340,11.3,TGT_002,DECOY_TARGET,416,137,10,10,421.0,142.0,True,straight_line,28.0
SCN_011,340,11.3,TGT_003,DECOY_TARGET,204,168,8,8,208.0,172.0,True,circular,22.0
SCN_011,341,11.3333,TGT_001,COMMUNICATION_TARGET,423,312,10,10,428.0,317.0,True,straight_line,28.0
SCN_011,341,11.3333,TGT_002,DECOY_TARGET,423,135,10,10,428.0,140.0,True,straight_line,28.0
SCN_011,341,11.3333,TGT_003,DECOY_TARGET,210,166,8,8,214.0,170.0,True,circular,22.0
SCN_011,342,11.3667,TGT_001,COMMUNICATION_TARGET,428,313,10,10,433.0,318.0,True,straight_line,28.0
SCN_011,342,11.3667,TGT_002,DECOY_TARGET,428,135,10,10,433.0,140.0,True,straight_line,28.0
SCN_011,342,11.3667,TGT_003,DECOY_TARGET,215,166,8,8,219.0,170.0,True,circular,22.0
SCN_011,343,11.4,TGT_001,COMMUNICATION_TARGET,431,316,10,10,436.0,321.0,True,straight_line,28.0
SCN_011,343,11.4,TGT_002,DECOY_TARGET,431,138,10,10,436.0,143.0,True,straight_line,28.0
SCN_011,343,11.4,TGT_003,DECOY_TARGET,218,169,8,8,222.0,173.0,True,circular,22.0
SCN_011,344,11.4333,TGT_001,COMMUNICATION_TARGET,430,322,10,10,435.0,327.0,True,straight_line,28.0
SCN_011,344,11.4333,TGT_002,DECOY_TARGET,430,143,10,10,435.0,148.0,True,straight_line,28.0
SCN_011,344,11.4333,TGT_003,DECOY_TARGET,215,173,8,8,219.0,177.0,True,circular,22.0
SCN_011,345,11.4667,TGT_001,COMMUNICATION_TARGET,427,325,10,10,432.0,330.0,True,straight_line,28.0
SCN_011,345,11.4667,TGT_002,DECOY_TARGET,427,145,10,10,432.0,150.0,True,straight_line,28.0
SCN_011,345,11.4667,TGT_003,DECOY_TARGET,212,175,8,8,216.0,179.0,True,circular,22.0
SCN_011,346,11.5,TGT_001,COMMUNICATION_TARGET,424,327,10,10,429.0,332.0,True,straight_line,28.0
SCN_011,346,11.5,TGT_002,DECOY_TARGET,424,145,10,10,429.0,150.0,True,straight_line,28.0
SCN_011,346,11.5,TGT_003,DECOY_TARGET,209,176,8,8,213.0,180.0,True,circular,22.0
SCN_011,347,11.5333,TGT_001,COMMUNICATION_TARGET,425,325,10,10,430.0,330.0,True,straight_line,28.0
SCN_011,347,11.5333,TGT_002,DECOY_TARGET,425,143,10,10,430.0,148.0,True,straight_line,28.0
SCN_011,347,11.5333,TGT_003,DECOY_TARGET,209,173,8,8,213.0,177.0,True,circular,22.0
SCN_011,348,11.5667,TGT_001,COMMUNICATION_TARGET,426,322,10,10,431.0,327.0,True,straight_line,28.0
SCN_011,348,11.5667,TGT_002,DECOY_TARGET,426,138,10,10,431.0,143.0,True,straight_line,28.0
SCN_011,348,11.5667,TGT_003,DECOY_TARGET,210,168,8,8,214.0,172.0,True,circular,22.0
SCN_011,349,11.6,TGT_001,COMMUNICATION_TARGET,427,319,10,10,432.0,324.0,True,straight_line,28.0
SCN_011,349,11.6,TGT_002,DECOY_TARGET,427,135,10,10,432.0,140.0,True,straight_line,28.0
SCN_011,349,11.6,TGT_003,DECOY_TARGET,211,165,8,8,215.0,169.0,True,circular,22.0
SCN_011,350,11.6333,TGT_001,COMMUNICATION_TARGET,429,318,10,10,434.0,323.0,True,straight_line,28.0
SCN_011,350,11.6333,TGT_002,DECOY_TARGET,429,133,10,10,434.0,138.0,True,straight_line,28.0
SCN_011,350,11.6333,TGT_003,DECOY_TARGET,212,162,8,8,216.0,166.0,True,circular,22.0
SCN_011,351,11.6667,TGT_001,COMMUNICATION_TARGET,430,319,10,10,435.0,324.0,True,straight_line,28.0
SCN_011,351,11.6667,TGT_002,DECOY_TARGET,430,133,10,10,435.0,138.0,True,straight_line,28.0
SCN_011,351,11.6667,TGT_003,DECOY_TARGET,213,162,8,8,217.0,166.0,True,circular,22.0
SCN_011,352,11.7,TGT_001,COMMUNICATION_TARGET,433,320,10,10,438.0,325.0,True,straight_line,28.0
SCN_011,352,11.7,TGT_002,DECOY_TARGET,433,133,10,10,438.0,138.0,True,straight_line,28.0
SCN_011,352,11.7,TGT_003,DECOY_TARGET,215,163,8,8,219.0,167.0,True,circular,22.0
SCN_011,353,11.7333,TGT_001,COMMUNICATION_TARGET,438,321,10,10,443.0,326.0,True,straight_line,28.0
SCN_011,353,11.7333,TGT_002,DECOY_TARGET,438,133,10,10,443.0,138.0,True,straight_line,28.0
SCN_011,353,11.7333,TGT_003,DECOY_TARGET,220,163,8,8,224.0,167.0,True,circular,22.0
SCN_011,354,11.7667,TGT_001,COMMUNICATION_TARGET,441,322,10,10,446.0,327.0,True,straight_line,28.0
SCN_011,354,11.7667,TGT_002,DECOY_TARGET,441,133,10,10,446.0,138.0,True,straight_line,28.0
SCN_011,354,11.7667,TGT_003,DECOY_TARGET,222,162,8,8,226.0,166.0,True,circular,22.0
SCN_011,355,11.8,TGT_001,COMMUNICATION_TARGET,442,322,10,10,447.0,327.0,True,straight_line,28.0
SCN_011,355,11.8,TGT_002,DECOY_TARGET,442,132,10,10,447.0,137.0,True,straight_line,28.0
SCN_011,355,11.8,TGT_003,DECOY_TARGET,224,161,8,8,228.0,165.0,True,circular,22.0
SCN_011,356,11.8333,TGT_001,COMMUNICATION_TARGET,439,324,10,10,444.0,329.0,True,straight_line,28.0
SCN_011,356,11.8333,TGT_002,DECOY_TARGET,439,133,10,10,444.0,138.0,True,straight_line,28.0
SCN_011,356,11.8333,TGT_003,DECOY_TARGET,220,162,8,8,224.0,166.0,True,circular,22.0
SCN_011,357,11.8667,TGT_001,COMMUNICATION_TARGET,435,328,10,10,440.0,333.0,True,straight_line,28.0
SCN_011,357,11.8667,TGT_002,DECOY_TARGET,435,136,10,10,440.0,141.0,True,straight_line,28.0
SCN_011,357,11.8667,TGT_003,DECOY_TARGET,215,165,8,8,219.0,169.0,True,circular,22.0
SCN_011,358,11.9,TGT_001,COMMUNICATION_TARGET,432,331,10,10,437.0,336.0,True,straight_line,28.0
SCN_011,358,11.9,TGT_002,DECOY_TARGET,432,138,10,10,437.0,143.0,True,straight_line,28.0
SCN_011,358,11.9,TGT_003,DECOY_TARGET,212,167,8,8,216.0,171.0,True,circular,22.0
SCN_011,359,11.9333,TGT_001,COMMUNICATION_TARGET,433,333,10,10,438.0,338.0,True,straight_line,28.0
SCN_011,359,11.9333,TGT_002,DECOY_TARGET,433,139,10,10,438.0,144.0,True,straight_line,28.0
SCN_011,359,11.9333,TGT_003,DECOY_TARGET,212,168,8,8,216.0,172.0,True,circular,22.0
SCN_011,360,11.9667,TGT_001,COMMUNICATION_TARGET,438,333,10,10,443.0,338.0,True,straight_line,28.0
SCN_011,360,11.9667,TGT_002,DECOY_TARGET,438,137,10,10,443.0,142.0,True,straight_line,28.0
SCN_011,360,11.9667,TGT_003,DECOY_TARGET,217,166,8,8,221.0,170.0,True,circular,22.0
SCN_011,361,12.0,TGT_001,COMMUNICATION_TARGET,445,329,10,10,450.0,334.0,True,straight_line,28.0
SCN_011,361,12.0,TGT_002,DECOY_TARGET,445,133,10,10,450.0,138.0,True,straight_line,28.0
SCN_011,361,12.0,TGT_003,DECOY_TARGET,224,161,8,8,228.0,165.0,True,circular,22.0
SCN_011,362,12.0333,TGT_001,COMMUNICATION_TARGET,448,326,10,10,453.0,331.0,True,straight_line,28.0
SCN_011,362,12.0333,TGT_002,DECOY_TARGET,448,129,10,10,453.0,134.0,True,straight_line,28.0
SCN_011,362,12.0333,TGT_003,DECOY_TARGET,227,157,8,8,231.0,161.0,True,circular,22.0
SCN_011,363,12.0667,TGT_001,COMMUNICATION_TARGET,449,322,10,10,454.0,327.0,True,straight_line,28.0
SCN_011,363,12.0667,TGT_002,DECOY_TARGET,449,124,10,10,454.0,129.0,True,straight_line,28.0
SCN_011,363,12.0667,TGT_003,DECOY_TARGET,227,152,8,8,231.0,156.0,True,circular,22.0
SCN_011,364,12.1,TGT_001,COMMUNICATION_TARGET,448,322,10,10,453.0,327.0,True,straight_line,28.0
SCN_011,364,12.1,TGT_002,DECOY_TARGET,448,123,10,10,453.0,128.0,True,straight_line,28.0
SCN_011,364,12.1,TGT_003,DECOY_TARGET,226,151,8,8,230.0,155.0,True,circular,22.0
SCN_011,365,12.1333,TGT_001,COMMUNICATION_TARGET,447,326,10,10,452.0,331.0,True,straight_line,28.0
SCN_011,365,12.1333,TGT_002,DECOY_TARGET,447,126,10,10,452.0,131.0,True,straight_line,28.0
SCN_011,365,12.1333,TGT_003,DECOY_TARGET,224,154,8,8,228.0,158.0,True,circular,22.0
SCN_011,366,12.1667,TGT_001,COMMUNICATION_TARGET,446,330,10,10,451.0,335.0,True,straight_line,28.0
SCN_011,366,12.1667,TGT_002,DECOY_TARGET,446,129,10,10,451.0,134.0,True,straight_line,28.0
SCN_011,366,12.1667,TGT_003,DECOY_TARGET,224,157,8,8,228.0,161.0,True,circular,22.0
SCN_011,367,12.2,TGT_001,COMMUNICATION_TARGET,447,333,10,10,452.0,338.0,True,straight_line,28.0
SCN_011,367,12.2,TGT_002,DECOY_TARGET,447,131,10,10,452.0,136.0,True,straight_line,28.0
SCN_011,367,12.2,TGT_003,DECOY_TARGET,224,159,8,8,228.0,163.0,True,circular,22.0
SCN_011,368,12.2333,TGT_001,COMMUNICATION_TARGET,447,335,10,10,452.0,340.0,True,straight_line,28.0
SCN_011,368,12.2333,TGT_002,DECOY_TARGET,447,132,10,10,452.0,137.0,True,straight_line,28.0
SCN_011,368,12.2333,TGT_003,DECOY_TARGET,223,160,8,8,227.0,164.0,True,circular,22.0
SCN_011,369,12.2667,TGT_001,COMMUNICATION_TARGET,445,335,10,10,450.0,340.0,True,straight_line,28.0
SCN_011,369,12.2667,TGT_002,DECOY_TARGET,445,131,10,10,450.0,136.0,True,straight_line,28.0
SCN_011,369,12.2667,TGT_003,DECOY_TARGET,222,159,8,8,226.0,163.0,True,circular,22.0
SCN_011,370,12.3,TGT_001,COMMUNICATION_TARGET,445,335,10,10,450.0,340.0,True,straight_line,28.0
SCN_011,370,12.3,TGT_002,DECOY_TARGET,445,130,10,10,450.0,135.0,True,straight_line,28.0
SCN_011,370,12.3,TGT_003,DECOY_TARGET,221,157,8,8,225.0,161.0,True,circular,22.0
SCN_011,371,12.3333,TGT_001,COMMUNICATION_TARGET,449,335,10,10,454.0,340.0,True,straight_line,28.0
SCN_011,371,12.3333,TGT_002,DECOY_TARGET,449,129,10,10,454.0,134.0,True,straight_line,28.0
SCN_011,371,12.3333,TGT_003,DECOY_TARGET,225,157,8,8,229.0,161.0,True,circular,22.0
SCN_011,372,12.3667,TGT_001,COMMUNICATION_TARGET,455,336,10,10,460.0,341.0,True,straight_line,28.0
SCN_011,372,12.3667,TGT_002,DECOY_TARGET,455,129,10,10,460.0,134.0,True,straight_line,28.0
SCN_011,372,12.3667,TGT_003,DECOY_TARGET,230,156,8,8,234.0,160.0,True,circular,22.0
SCN_011,373,12.4,TGT_001,COMMUNICATION_TARGET,460,336,10,10,465.0,341.0,True,straight_line,28.0
SCN_011,373,12.4,TGT_002,DECOY_TARGET,460,128,10,10,465.0,133.0,True,straight_line,28.0
SCN_011,373,12.4,TGT_003,DECOY_TARGET,235,156,8,8,239.0,160.0,True,circular,22.0
SCN_011,374,12.4333,TGT_001,COMMUNICATION_TARGET,462,335,10,10,467.0,340.0,True,straight_line,28.0
SCN_011,374,12.4333,TGT_002,DECOY_TARGET,462,126,10,10,467.0,131.0,True,straight_line,28.0
SCN_011,374,12.4333,TGT_003,DECOY_TARGET,237,154,8,8,241.0,158.0,True,circular,22.0
SCN_011,375,12.4667,TGT_001,COMMUNICATION_TARGET,461,333,10,10,466.0,338.0,True,straight_line,28.0
SCN_011,375,12.4667,TGT_002,DECOY_TARGET,461,123,10,10,466.0,128.0,True,straight_line,28.0
SCN_011,375,12.4667,TGT_003,DECOY_TARGET,235,151,8,8,239.0,155.0,True,circular,22.0
SCN_011,376,12.5,TGT_001,COMMUNICATION_TARGET,455,331,10,10,460.0,336.0,True,straight_line,28.0
SCN_011,376,12.5,TGT_002,DECOY_TARGET,455,120,10,10,460.0,125.0,True,straight_line,28.0
SCN_011,376,12.5,TGT_003,DECOY_TARGET,229,147,8,8,233.0,151.0,True,circular,22.0
SCN_011,377,12.5333,TGT_001,COMMUNICATION_TARGET,452,330,10,10,457.0,335.0,True,straight_line,28.0
SCN_011,377,12.5333,TGT_002,DECOY_TARGET,452,118,10,10,457.0,123.0,True,straight_line,28.0
SCN_011,377,12.5333,TGT_003,DECOY_TARGET,226,145,8,8,230.0,149.0,True,circular,22.0
SCN_011,378,12.5667,TGT_001,COMMUNICATION_TARGET,452,334,10,10,457.0,339.0,True,straight_line,28.0
SCN_011,378,12.5667,TGT_002,DECOY_TARGET,452,121,10,10,457.0,126.0,True,straight_line,28.0
SCN_011,378,12.5667,TGT_003,DECOY_TARGET,225,148,8,8,229.0,152.0,True,circular,22.0
SCN_011,379,12.6,TGT_001,COMMUNICATION_TARGET,455,338,10,10,460.0,343.0,True,straight_line,28.0
SCN_011,379,12.6,TGT_002,DECOY_TARGET,455,124,10,10,460.0,129.0,True,straight_line,28.0
SCN_011,379,12.6,TGT_003,DECOY_TARGET,228,151,8,8,232.0,155.0,True,circular,22.0
SCN_011,380,12.6333,TGT_001,COMMUNICATION_TARGET,460,343,10,10,465.0,348.0,True,straight_line,28.0
SCN_011,380,12.6333,TGT_002,DECOY_TARGET,460,128,10,10,465.0,133.0,True,straight_line,28.0
SCN_011,380,12.6333,TGT_003,DECOY_TARGET,233,155,8,8,237.0,159.0,True,circular,22.0
SCN_011,381,12.6667,TGT_001,COMMUNICATION_TARGET,463,347,10,10,468.0,352.0,True,straight_line,28.0
SCN_011,381,12.6667,TGT_002,DECOY_TARGET,463,131,10,10,468.0,136.0,True,straight_line,28.0
SCN_011,381,12.6667,TGT_003,DECOY_TARGET,235,158,8,8,239.0,162.0,True,circular,22.0
SCN_011,382,12.7,TGT_001,COMMUNICATION_TARGET,465,347,10,10,470.0,352.0,True,straight_line,28.0
SCN_011,382,12.7,TGT_002,DECOY_TARGET,465,130,10,10,470.0,135.0,True,straight_line,28.0
SCN_011,382,12.7,TGT_003,DECOY_TARGET,238,157,8,8,242.0,161.0,True,circular,22.0
SCN_011,383,12.7333,TGT_001,COMMUNICATION_TARGET,466,345,10,10,471.0,350.0,True,straight_line,28.0
SCN_011,383,12.7333,TGT_002,DECOY_TARGET,466,127,10,10,471.0,132.0,True,straight_line,28.0
SCN_011,383,12.7333,TGT_003,DECOY_TARGET,238,154,8,8,242.0,158.0,True,circular,22.0
SCN_011,384,12.7667,TGT_001,COMMUNICATION_TARGET,467,342,10,10,472.0,347.0,True,straight_line,28.0
SCN_011,384,12.7667,TGT_002,DECOY_TARGET,467,123,10,10,472.0,128.0,True,straight_line,28.0
SCN_011,384,12.7667,TGT_003,DECOY_TARGET,239,150,8,8,243.0,154.0,True,circular,22.0
SCN_011,385,12.8,TGT_001,COMMUNICATION_TARGET,468,340,10,10,473.0,345.0,True,straight_line,28.0
SCN_011,385,12.8,TGT_002,DECOY_TARGET,468,120,10,10,473.0,125.0,True,straight_line,28.0
SCN_011,385,12.8,TGT_003,DECOY_TARGET,239,147,8,8,243.0,151.0,True,circular,22.0
SCN_011,386,12.8333,TGT_001,COMMUNICATION_TARGET,469,339,10,10,474.0,344.0,True,straight_line,28.0
SCN_011,386,12.8333,TGT_002,DECOY_TARGET,469,119,10,10,474.0,124.0,True,straight_line,28.0
SCN_011,386,12.8333,TGT_003,DECOY_TARGET,240,146,8,8,244.0,150.0,True,circular,22.0
SCN_011,387,12.8667,TGT_001,COMMUNICATION_TARGET,466,341,10,10,471.0,346.0,True,straight_line,28.0
SCN_011,387,12.8667,TGT_002,DECOY_TARGET,466,119,10,10,471.0,124.0,True,straight_line,28.0
SCN_011,387,12.8667,TGT_003,DECOY_TARGET,237,146,8,8,241.0,150.0,True,circular,22.0
SCN_011,388,12.9,TGT_001,COMMUNICATION_TARGET,463,342,10,10,468.0,347.0,True,straight_line,28.0
SCN_011,388,12.9,TGT_002,DECOY_TARGET,463,119,10,10,468.0,124.0,True,straight_line,28.0
SCN_011,388,12.9,TGT_003,DECOY_TARGET,234,146,8,8,238.0,150.0,True,circular,22.0
SCN_011,389,12.9333,TGT_001,COMMUNICATION_TARGET,462,343,10,10,467.0,348.0,True,straight_line,28.0
SCN_011,389,12.9333,TGT_002,DECOY_TARGET,462,119,10,10,467.0,124.0,True,straight_line,28.0
SCN_011,389,12.9333,TGT_003,DECOY_TARGET,232,146,8,8,236.0,150.0,True,circular,22.0
SCN_011,390,12.9667,TGT_001,COMMUNICATION_TARGET,464,344,10,10,469.0,349.0,True,straight_line,28.0
SCN_011,390,12.9667,TGT_002,DECOY_TARGET,464,119,10,10,469.0,124.0,True,straight_line,28.0
SCN_011,390,12.9667,TGT_003,DECOY_TARGET,234,146,8,8,238.0,150.0,True,circular,22.0
SCN_011,391,13.0,TGT_001,COMMUNICATION_TARGET,469,344,10,10,474.0,349.0,True,straight_line,28.0
SCN_011,391,13.0,TGT_002,DECOY_TARGET,469,118,10,10,474.0,123.0,True,straight_line,28.0
SCN_011,391,13.0,TGT_003,DECOY_TARGET,239,145,8,8,243.0,149.0,True,circular,22.0
SCN_011,392,13.0333,TGT_001,COMMUNICATION_TARGET,476,347,10,10,481.0,352.0,True,straight_line,28.0
SCN_011,392,13.0333,TGT_002,DECOY_TARGET,476,120,10,10,481.0,125.0,True,straight_line,28.0
SCN_011,392,13.0333,TGT_003,DECOY_TARGET,245,147,8,8,249.0,151.0,True,circular,22.0
SCN_011,393,13.0667,TGT_001,COMMUNICATION_TARGET,480,351,10,10,485.0,356.0,True,straight_line,28.0
SCN_011,393,13.0667,TGT_002,DECOY_TARGET,480,123,10,10,485.0,128.0,True,straight_line,28.0
SCN_011,393,13.0667,TGT_003,DECOY_TARGET,249,150,8,8,253.0,154.0,True,circular,22.0
SCN_011,394,13.1,TGT_001,COMMUNICATION_TARGET,480,354,10,10,485.0,359.0,True,straight_line,28.0
SCN_011,394,13.1,TGT_002,DECOY_TARGET,480,125,10,10,485.0,130.0,True,straight_line,28.0
SCN_011,394,13.1,TGT_003,DECOY_TARGET,249,152,8,8,253.0,156.0,True,circular,22.0
SCN_011,395,13.1333,TGT_001,COMMUNICATION_TARGET,476,355,10,10,481.0,360.0,True,straight_line,28.0
SCN_011,395,13.1333,TGT_002,DECOY_TARGET,476,126,10,10,481.0,131.0,True,straight_line,28.0
SCN_011,395,13.1333,TGT_003,DECOY_TARGET,244,152,8,8,248.0,156.0,True,circular,22.0
SCN_011,396,13.1667,TGT_001,COMMUNICATION_TARGET,472,354,10,10,477.0,359.0,True,straight_line,28.0
SCN_011,396,13.1667,TGT_002,DECOY_TARGET,472,123,10,10,477.0,128.0,True,straight_line,28.0
SCN_011,396,13.1667,TGT_003,DECOY_TARGET,240,150,8,8,244.0,154.0,True,circular,22.0
SCN_011,397,13.2,TGT_001,COMMUNICATION_TARGET,470,350,10,10,475.0,355.0,True,straight_line,28.0
SCN_011,397,13.2,TGT_002,DECOY_TARGET,470,119,10,10,475.0,124.0,True,straight_line,28.0
SCN_011,397,13.2,TGT_003,DECOY_TARGET,238,145,8,8,242.0,149.0,True,circular,22.0
SCN_011,398,13.2333,TGT_001,COMMUNICATION_TARGET,471,346,10,10,476.0,351.0,True,straight_line,28.0
SCN_011,398,13.2333,TGT_002,DECOY_TARGET,471,114,10,10,476.0,119.0,True,straight_line,28.0
SCN_011,398,13.2333,TGT_003,DECOY_TARGET,239,140,8,8,243.0,144.0,True,circular,22.0
SCN_011,399,13.2667,TGT_001,COMMUNICATION_TARGET,475,343,10,10,480.0,348.0,True,straight_line,28.0
SCN_011,399,13.2667,TGT_002,DECOY_TARGET,475,110,10,10,480.0,115.0,True,straight_line,28.0
SCN_011,399,13.2667,TGT_003,DECOY_TARGET,242,137,8,8,246.0,141.0,True,circular,22.0
SCN_011,400,13.3,TGT_001,COMMUNICATION_TARGET,477,345,10,10,482.0,350.0,True,straight_line,28.0
SCN_011,400,13.3,TGT_002,DECOY_TARGET,477,110,10,10,482.0,115.0,True,straight_line,28.0
SCN_011,400,13.3,TGT_003,DECOY_TARGET,244,137,8,8,248.0,141.0,True,circular,22.0
SCN_011,401,13.3333,TGT_001,COMMUNICATION_TARGET,478,350,10,10,483.0,355.0,True,straight_line,28.0
SCN_011,401,13.3333,TGT_002,DECOY_TARGET,478,114,10,10,483.0,119.0,True,straight_line,28.0
SCN_011,401,13.3333,TGT_003,DECOY_TARGET,246,141,8,8,250.0,145.0,True,circular,22.0
SCN_011,402,13.3667,TGT_001,COMMUNICATION_TARGET,481,354,10,10,486.0,359.0,True,straight_line,28.0
SCN_011,402,13.3667,TGT_002,DECOY_TARGET,481,117,10,10,486.0,122.0,True,straight_line,28.0
SCN_011,402,13.3667,TGT_003,DECOY_TARGET,248,144,8,8,252.0,148.0,True,circular,22.0
SCN_011,403,13.4,TGT_001,COMMUNICATION_TARGET,483,357,10,10,488.0,362.0,True,straight_line,28.0
SCN_011,403,13.4,TGT_002,DECOY_TARGET,483,119,10,10,488.0,124.0,True,straight_line,28.0
SCN_011,403,13.4,TGT_003,DECOY_TARGET,250,146,8,8,254.0,150.0,True,circular,22.0
SCN_011,404,13.4333,TGT_001,COMMUNICATION_TARGET,486,359,10,10,491.0,364.0,True,straight_line,28.0
SCN_011,404,13.4333,TGT_002,DECOY_TARGET,486,120,10,10,491.0,125.0,True,straight_line,28.0
SCN_011,404,13.4333,TGT_003,DECOY_TARGET,253,147,8,8,257.0,151.0,True,circular,22.0
SCN_011,405,13.4667,TGT_001,COMMUNICATION_TARGET,486,358,10,10,491.0,363.0,True,straight_line,28.0
SCN_011,405,13.4667,TGT_002,DECOY_TARGET,486,119,10,10,491.0,124.0,True,straight_line,28.0
SCN_011,405,13.4667,TGT_003,DECOY_TARGET,253,146,8,8,257.0,150.0,True,circular,22.0
SCN_011,406,13.5,TGT_001,COMMUNICATION_TARGET,484,358,10,10,489.0,363.0,True,straight_line,28.0
SCN_011,406,13.5,TGT_002,DECOY_TARGET,484,117,10,10,489.0,122.0,True,straight_line,28.0
SCN_011,406,13.5,TGT_003,DECOY_TARGET,251,144,8,8,255.0,148.0,True,circular,22.0
SCN_011,407,13.5333,TGT_001,COMMUNICATION_TARGET,480,358,10,10,485.0,363.0,True,straight_line,28.0
SCN_011,407,13.5333,TGT_002,DECOY_TARGET,480,117,10,10,485.0,122.0,True,straight_line,28.0
SCN_011,407,13.5333,TGT_003,DECOY_TARGET,246,144,8,8,250.0,148.0,True,circular,22.0
SCN_011,408,13.5667,TGT_001,COMMUNICATION_TARGET,477,360,10,10,482.0,365.0,True,straight_line,28.0
SCN_011,408,13.5667,TGT_002,DECOY_TARGET,477,118,10,10,482.0,123.0,True,straight_line,28.0
SCN_011,408,13.5667,TGT_003,DECOY_TARGET,243,145,8,8,247.0,149.0,True,circular,22.0
SCN_011,409,13.6,TGT_001,COMMUNICATION_TARGET,477,360,10,10,482.0,365.0,True,straight_line,28.0
SCN_011,409,13.6,TGT_002,DECOY_TARGET,477,116,10,10,482.0,121.0,True,straight_line,28.0
SCN_011,409,13.6,TGT_003,DECOY_TARGET,243,143,8,8,247.0,147.0,True,circular,22.0
SCN_011,410,13.6333,TGT_001,COMMUNICATION_TARGET,481,359,10,10,486.0,364.0,True,straight_line,28.0
SCN_011,410,13.6333,TGT_002,DECOY_TARGET,481,114,10,10,486.0,119.0,True,straight_line,28.0
SCN_011,410,13.6333,TGT_003,DECOY_TARGET,246,142,8,8,250.0,146.0,True,circular,22.0
SCN_011,411,13.6667,TGT_001,COMMUNICATION_TARGET,488,356,10,10,493.0,361.0,True,straight_line,28.0
SCN_011,411,13.6667,TGT_002,DECOY_TARGET,488,110,10,10,493.0,115.0,True,straight_line,28.0
SCN_011,411,13.6667,TGT_003,DECOY_TARGET,253,138,8,8,257.0,142.0,True,circular,22.0
SCN_011,412,13.7,TGT_001,COMMUNICATION_TARGET,492,354,10,10,497.0,359.0,True,straight_line,28.0
SCN_011,412,13.7,TGT_002,DECOY_TARGET,492,107,10,10,497.0,112.0,True,straight_line,28.0
SCN_011,412,13.7,TGT_003,DECOY_TARGET,257,135,8,8,261.0,139.0,True,circular,22.0
SCN_011,413,13.7333,TGT_001,COMMUNICATION_TARGET,495,354,10,10,500.0,359.0,True,straight_line,28.0
SCN_011,413,13.7333,TGT_002,DECOY_TARGET,495,107,10,10,500.0,112.0,True,straight_line,28.0
SCN_011,413,13.7333,TGT_003,DECOY_TARGET,259,134,8,8,263.0,138.0,True,circular,22.0
SCN_011,414,13.7667,TGT_001,COMMUNICATION_TARGET,493,359,10,10,498.0,364.0,True,straight_line,28.0
SCN_011,414,13.7667,TGT_002,DECOY_TARGET,493,110,10,10,498.0,115.0,True,straight_line,28.0
SCN_011,414,13.7667,TGT_003,DECOY_TARGET,257,138,8,8,261.0,142.0,True,circular,22.0
SCN_011,415,13.8,TGT_001,COMMUNICATION_TARGET,489,363,10,10,494.0,368.0,True,straight_line,28.0
SCN_011,415,13.8,TGT_002,DECOY_TARGET,489,114,10,10,494.0,119.0,True,straight_line,28.0
SCN_011,415,13.8,TGT_003,DECOY_TARGET,253,141,8,8,257.0,145.0,True,circular,22.0
SCN_011,416,13.8333,TGT_001,COMMUNICATION_TARGET,487,368,10,10,492.0,373.0,True,straight_line,28.0
SCN_011,416,13.8333,TGT_002,DECOY_TARGET,487,118,10,10,492.0,123.0,True,straight_line,28.0
SCN_011,416,13.8333,TGT_003,DECOY_TARGET,251,145,8,8,255.0,149.0,True,circular,22.0
SCN_011,417,13.8667,TGT_001,COMMUNICATION_TARGET,488,371,10,10,493.0,376.0,True,straight_line,28.0
SCN_011,417,13.8667,TGT_002,DECOY_TARGET,488,119,10,10,493.0,124.0,True,straight_line,28.0
SCN_011,417,13.8667,TGT_003,DECOY_TARGET,252,147,8,8,256.0,151.0,True,circular,22.0
SCN_011,418,13.9,TGT_001,COMMUNICATION_TARGET,489,371,10,10,494.0,376.0,True,straight_line,28.0
SCN_011,418,13.9,TGT_002,DECOY_TARGET,489,118,10,10,494.0,123.0,True,straight_line,28.0
SCN_011,418,13.9,TGT_003,DECOY_TARGET,253,146,8,8,257.0,150.0,True,circular,22.0
SCN_011,419,13.9333,TGT_001,COMMUNICATION_TARGET,489,368,10,10,494.0,373.0,True,straight_line,28.0
SCN_011,419,13.9333,TGT_002,DECOY_TARGET,489,114,10,10,494.0,119.0,True,straight_line,28.0
SCN_011,419,13.9333,TGT_003,DECOY_TARGET,253,142,8,8,257.0,146.0,True,circular,22.0
SCN_011,420,13.9667,TGT_001,COMMUNICATION_TARGET,489,365,10,10,494.0,370.0,True,straight_line,28.0
SCN_011,420,13.9667,TGT_002,DECOY_TARGET,489,110,10,10,494.0,115.0,True,straight_line,28.0
SCN_011,420,13.9667,TGT_003,DECOY_TARGET,252,138,8,8,256.0,142.0,True,circular,22.0
SCN_011,421,14.0,TGT_001,COMMUNICATION_TARGET,491,363,10,10,496.0,368.0,True,straight_line,28.0
SCN_011,421,14.0,TGT_002,DECOY_TARGET,491,107,10,10,496.0,112.0,True,straight_line,28.0
SCN_011,421,14.0,TGT_003,DECOY_TARGET,254,135,8,8,258.0,139.0,True,circular,22.0
SCN_011,422,14.0333,TGT_001,COMMUNICATION_TARGET,494,363,10,10,499.0,368.0,True,straight_line,28.0
SCN_011,422,14.0333,TGT_002,DECOY_TARGET,494,107,10,10,499.0,112.0,True,straight_line,28.0
SCN_011,422,14.0333,TGT_003,DECOY_TARGET,257,135,8,8,261.0,139.0,True,circular,22.0
SCN_011,423,14.0667,TGT_001,COMMUNICATION_TARGET,499,364,10,10,504.0,369.0,True,straight_line,28.0
SCN_011,423,14.0667,TGT_002,DECOY_TARGET,499,107,10,10,504.0,112.0,True,straight_line,28.0
SCN_011,423,14.0667,TGT_003,DECOY_TARGET,262,135,8,8,266.0,139.0,True,circular,22.0
SCN_011,424,14.1,TGT_001,COMMUNICATION_TARGET,502,366,10,10,507.0,371.0,True,straight_line,28.0
SCN_011,424,14.1,TGT_002,DECOY_TARGET,502,107,10,10,507.0,112.0,True,straight_line,28.0
SCN_011,424,14.1,TGT_003,DECOY_TARGET,265,136,8,8,269.0,140.0,True,circular,22.0
SCN_011,425,14.1333,TGT_001,COMMUNICATION_TARGET,502,367,10,10,507.0,372.0,True,straight_line,28.0
SCN_011,425,14.1333,TGT_002,DECOY_TARGET,502,108,10,10,507.0,113.0,True,straight_line,28.0
SCN_011,425,14.1333,TGT_003,DECOY_TARGET,264,136,8,8,268.0,140.0,True,circular,22.0
SCN_011,426,14.1667,TGT_001,COMMUNICATION_TARGET,497,368,10,10,502.0,373.0,True,straight_line,28.0
SCN_011,426,14.1667,TGT_002,DECOY_TARGET,497,108,10,10,502.0,113.0,True,straight_line,28.0
SCN_011,426,14.1667,TGT_003,DECOY_TARGET,259,137,8,8,263.0,141.0,True,circular,22.0
SCN_011,427,14.2,TGT_001,COMMUNICATION_TARGET,492,369,10,10,497.0,374.0,True,straight_line,28.0
SCN_011,427,14.2,TGT_002,DECOY_TARGET,492,107,10,10,497.0,112.0,True,straight_line,28.0
SCN_011,427,14.2,TGT_003,DECOY_TARGET,254,136,8,8,258.0,140.0,True,circular,22.0
SCN_011,428,14.2333,TGT_001,COMMUNICATION_TARGET,490,371,10,10,495.0,376.0,True,straight_line,28.0
SCN_011,428,14.2333,TGT_002,DECOY_TARGET,490,109,10,10,495.0,114.0,True,straight_line,28.0
SCN_011,428,14.2333,TGT_003,DECOY_TARGET,252,138,8,8,256.0,142.0,True,circular,22.0
SCN_011,429,14.2667,TGT_001,COMMUNICATION_TARGET,492,375,10,10,497.0,380.0,True,straight_line,28.0
SCN_011,429,14.2667,TGT_002,DECOY_TARGET,492,112,10,10,497.0,117.0,True,straight_line,28.0
SCN_011,429,14.2667,TGT_003,DECOY_TARGET,253,140,8,8,257.0,144.0,True,circular,22.0
SCN_011,430,14.3,TGT_001,COMMUNICATION_TARGET,497,377,10,10,502.0,382.0,True,straight_line,28.0
SCN_011,430,14.3,TGT_002,DECOY_TARGET,497,113,10,10,502.0,118.0,True,straight_line,28.0
SCN_011,430,14.3,TGT_003,DECOY_TARGET,259,142,8,8,263.0,146.0,True,circular,22.0
SCN_011,431,14.3333,TGT_001,COMMUNICATION_TARGET,502,378,10,10,507.0,383.0,True,straight_line,28.0
SCN_011,431,14.3333,TGT_002,DECOY_TARGET,502,113,10,10,507.0,118.0,True,straight_line,28.0
SCN_011,431,14.3333,TGT_003,DECOY_TARGET,264,142,8,8,268.0,146.0,True,circular,22.0
SCN_011,432,14.3667,TGT_001,COMMUNICATION_TARGET,504,376,10,10,509.0,381.0,True,straight_line,28.0
SCN_011,432,14.3667,TGT_002,DECOY_TARGET,504,110,10,10,509.0,115.0,True,straight_line,28.0
SCN_011,432,14.3667,TGT_003,DECOY_TARGET,266,139,8,8,270.0,143.0,True,circular,22.0
SCN_011,433,14.4,TGT_001,COMMUNICATION_TARGET,504,372,10,10,509.0,377.0,True,straight_line,28.0
SCN_011,433,14.4,TGT_002,DECOY_TARGET,504,105,10,10,509.0,110.0,True,straight_line,28.0
SCN_011,433,14.4,TGT_003,DECOY_TARGET,265,135,8,8,269.0,139.0,True,circular,22.0
SCN_011,434,14.4333,TGT_001,COMMUNICATION_TARGET,503,368,10,10,508.0,373.0,True,straight_line,28.0
SCN_011,434,14.4333,TGT_002,DECOY_TARGET,503,100,10,10,508.0,105.0,True,straight_line,28.0
SCN_011,434,14.4333,TGT_003,DECOY_TARGET,264,130,8,8,268.0,134.0,True,circular,22.0
SCN_011,435,14.4667,TGT_001,COMMUNICATION_TARGET,503,367,10,10,508.0,372.0,True,straight_line,28.0
SCN_011,435,14.4667,TGT_002,DECOY_TARGET,503,98,10,10,508.0,103.0,True,straight_line,28.0
SCN_011,435,14.4667,TGT_003,DECOY_TARGET,264,128,8,8,268.0,132.0,True,circular,22.0
SCN_011,436,14.5,TGT_001,COMMUNICATION_TARGET,503,370,10,10,508.0,375.0,True,straight_line,28.0
SCN_011,436,14.5,TGT_002,DECOY_TARGET,503,100,10,10,508.0,105.0,True,straight_line,28.0
SCN_011,436,14.5,TGT_003,DECOY_TARGET,264,129,8,8,268.0,133.0,True,circular,22.0
SCN_011,437,14.5333,TGT_001,COMMUNICATION_TARGET,502,374,10,10,507.0,379.0,True,straight_line,28.0
SCN_011,437,14.5333,TGT_002,DECOY_TARGET,502,102,10,10,507.0,107.0,True,straight_line,28.0
SCN_011,437,14.5333,TGT_003,DECOY_TARGET,263,133,8,8,267.0,137.0,True,circular,22.0
SCN_011,438,14.5667,TGT_001,COMMUNICATION_TARGET,501,378,10,10,506.0,383.0,True,straight_line,28.0
SCN_011,438,14.5667,TGT_002,DECOY_TARGET,501,106,10,10,506.0,111.0,True,straight_line,28.0
SCN_011,438,14.5667,TGT_003,DECOY_TARGET,262,136,8,8,266.0,140.0,True,circular,22.0
SCN_011,439,14.6,TGT_001,COMMUNICATION_TARGET,499,381,10,10,504.0,386.0,True,straight_line,28.0
SCN_011,439,14.6,TGT_002,DECOY_TARGET,499,107,10,10,504.0,112.0,True,straight_line,28.0
SCN_011,439,14.6,TGT_003,DECOY_TARGET,259,138,8,8,263.0,142.0,True,circular,22.0
SCN_011,440,14.6333,TGT_001,COMMUNICATION_TARGET,500,382,10,10,505.0,387.0,True,straight_line,28.0
SCN_011,440,14.6333,TGT_002,DECOY_TARGET,500,107,10,10,505.0,112.0,True,straight_line,28.0
SCN_011,440,14.6333,TGT_003,DECOY_TARGET,260,138,8,8,264.0,142.0,True,circular,22.0
SCN_011,441,14.6667,TGT_001,COMMUNICATION_TARGET,503,381,10,10,508.0,386.0,True,straight_line,28.0
SCN_011,441,14.6667,TGT_002,DECOY_TARGET,503,106,10,10,508.0,111.0,True,straight_line,28.0
SCN_011,441,14.6667,TGT_003,DECOY_TARGET,263,137,8,8,267.0,141.0,True,circular,22.0
SCN_011,442,14.7,TGT_001,COMMUNICATION_TARGET,509,381,10,10,514.0,386.0,True,straight_line,28.0
SCN_011,442,14.7,TGT_002,DECOY_TARGET,509,105,10,10,514.0,110.0,True,straight_line,28.0
SCN_011,442,14.7,TGT_003,DECOY_TARGET,269,136,8,8,273.0,140.0,True,circular,22.0
SCN_011,443,14.7333,TGT_001,COMMUNICATION_TARGET,513,382,10,10,518.0,387.0,True,straight_line,28.0
SCN_011,443,14.7333,TGT_002,DECOY_TARGET,513,105,10,10,518.0,110.0,True,straight_line,28.0
SCN_011,443,14.7333,TGT_003,DECOY_TARGET,273,136,8,8,277.0,140.0,True,circular,22.0
SCN_011,444,14.7667,TGT_001,COMMUNICATION_TARGET,514,382,10,10,519.0,387.0,True,straight_line,28.0
SCN_011,444,14.7667,TGT_002,DECOY_TARGET,514,104,10,10,519.0,109.0,True,straight_line,28.0
SCN_011,444,14.7667,TGT_003,DECOY_TARGET,274,135,8,8,278.0,139.0,True,circular,22.0
SCN_011,445,14.8,TGT_001,COMMUNICATION_TARGET,511,382,10,10,516.0,387.0,True,straight_line,28.0
SCN_011,445,14.8,TGT_002,DECOY_TARGET,511,102,10,10,516.0,107.0,True,straight_line,28.0
SCN_011,445,14.8,TGT_003,DECOY_TARGET,270,134,8,8,274.0,138.0,True,circular,22.0
SCN_011,446,14.8333,TGT_001,COMMUNICATION_TARGET,507,380,10,10,512.0,385.0,True,straight_line,28.0
SCN_011,446,14.8333,TGT_002,DECOY_TARGET,507,99,10,10,512.0,104.0,True,straight_line,28.0
SCN_011,446,14.8333,TGT_003,DECOY_TARGET,266,131,8,8,270.0,135.0,True,circular,22.0
SCN_011,447,14.8667,TGT_001,COMMUNICATION_TARGET,503,377,10,10,508.0,382.0,True,straight_line,28.0
SCN_011,447,14.8667,TGT_002,DECOY_TARGET,503,96,10,10,508.0,101.0,True,straight_line,28.0
SCN_011,447,14.8667,TGT_003,DECOY_TARGET,262,128,8,8,266.0,132.0,True,circular,22.0
SCN_011,448,14.9,TGT_001,COMMUNICATION_TARGET,503,374,10,10,508.0,379.0,True,straight_line,28.0
SCN_011,448,14.9,TGT_002,DECOY_TARGET,503,92,10,10,508.0,97.0,True,straight_line,28.0
SCN_011,448,14.9,TGT_003,DECOY_TARGET,263,124,8,8,267.0,128.0,True,circular,22.0
SCN_011,449,14.9333,TGT_001,COMMUNICATION_TARGET,507,377,10,10,512.0,382.0,True,straight_line,28.0
SCN_011,449,14.9333,TGT_002,DECOY_TARGET,507,94,10,10,512.0,99.0,True,straight_line,28.0
SCN_011,449,14.9333,TGT_003,DECOY_TARGET,266,126,8,8,270.0,130.0,True,circular,22.0
SCN_011,450,14.9667,TGT_001,COMMUNICATION_TARGET,510,381,10,10,515.0,386.0,True,straight_line,28.0
SCN_011,450,14.9667,TGT_002,DECOY_TARGET,510,97,10,10,515.0,102.0,True,straight_line,28.0
SCN_011,450,14.9667,TGT_003,DECOY_TARGET,269,129,8,8,273.0,133.0,True,circular,22.0
SCN_011,451,15.0,TGT_001,COMMUNICATION_TARGET,513,385,10,10,518.0,390.0,True,straight_line,28.0
SCN_011,451,15.0,TGT_002,DECOY_TARGET,513,100,10,10,518.0,105.0,True,straight_line,28.0
SCN_011,451,15.0,TGT_003,DECOY_TARGET,272,133,8,8,276.0,137.0,True,circular,22.0
SCN_011,452,15.0333,TGT_001,COMMUNICATION_TARGET,513,390,10,10,518.0,395.0,True,straight_line,28.0
SCN_011,452,15.0333,TGT_002,DECOY_TARGET,513,104,10,10,518.0,109.0,True,straight_line,28.0
SCN_011,452,15.0333,TGT_003,DECOY_TARGET,272,137,8,8,276.0,141.0,True,circular,22.0
SCN_011,453,15.0667,TGT_001,COMMUNICATION_TARGET,515,392,10,10,520.0,397.0,True,straight_line,28.0
SCN_011,453,15.0667,TGT_002,DECOY_TARGET,515,105,10,10,520.0,110.0,True,straight_line,28.0
SCN_011,453,15.0667,TGT_003,DECOY_TARGET,274,138,8,8,278.0,142.0,True,circular,22.0
SCN_011,454,15.1,TGT_001,COMMUNICATION_TARGET,516,390,10,10,521.0,395.0,True,straight_line,28.0
SCN_011,454,15.1,TGT_002,DECOY_TARGET,516,102,10,10,521.0,107.0,True,straight_line,28.0
SCN_011,454,15.1,TGT_003,DECOY_TARGET,275,136,8,8,279.0,140.0,True,circular,22.0
SCN_011,455,15.1333,TGT_001,COMMUNICATION_TARGET,517,387,10,10,522.0,392.0,True,straight_line,28.0
SCN_011,455,15.1333,TGT_002,DECOY_TARGET,517,98,10,10,522.0,103.0,True,straight_line,28.0
SCN_011,455,15.1333,TGT_003,DECOY_TARGET,276,132,8,8,280.0,136.0,True,circular,22.0
SCN_011,456,15.1667,TGT_001,COMMUNICATION_TARGET,516,384,10,10,521.0,389.0,True,straight_line,28.0
SCN_011,456,15.1667,TGT_002,DECOY_TARGET,516,94,10,10,521.0,99.0,True,straight_line,28.0
SCN_011,456,15.1667,TGT_003,DECOY_TARGET,275,128,8,8,279.0,132.0,True,circular,22.0
SCN_011,457,15.2,TGT_001,COMMUNICATION_TARGET,513,383,10,10,518.0,388.0,True,straight_line,28.0
SCN_011,457,15.2,TGT_002,DECOY_TARGET,513,92,10,10,518.0,97.0,True,straight_line,28.0
SCN_011,457,15.2,TGT_003,DECOY_TARGET,272,126,8,8,276.0,130.0,True,circular,22.0
SCN_011,458,15.2333,TGT_001,COMMUNICATION_TARGET,510,383,10,10,515.0,388.0,True,straight_line,28.0
SCN_011,458,15.2333,TGT_002,DECOY_TARGET,510,91,10,10,515.0,96.0,True,straight_line,28.0
SCN_011,458,15.2333,TGT_003,DECOY_TARGET,269,125,8,8,273.0,129.0,True,circular,22.0
SCN_011,459,15.2667,TGT_001,COMMUNICATION_TARGET,508,385,10,10,513.0,390.0,True,straight_line,28.0
SCN_011,459,15.2667,TGT_002,DECOY_TARGET,508,92,10,10,513.0,97.0,True,straight_line,28.0
SCN_011,459,15.2667,TGT_003,DECOY_TARGET,266,126,8,8,270.0,130.0,True,circular,22.0
SCN_011,460,15.3,TGT_001,COMMUNICATION_TARGET,511,386,10,10,516.0,391.0,True,straight_line,28.0
SCN_011,460,15.3,TGT_002,DECOY_TARGET,511,92,10,10,516.0,97.0,True,straight_line,28.0
SCN_011,460,15.3,TGT_003,DECOY_TARGET,269,127,8,8,273.0,131.0,True,circular,22.0
SCN_011,461,15.3333,TGT_001,COMMUNICATION_TARGET,517,385,10,10,522.0,390.0,True,straight_line,28.0
SCN_011,461,15.3333,TGT_002,DECOY_TARGET,517,90,10,10,522.0,95.0,True,straight_line,28.0
SCN_011,461,15.3333,TGT_003,DECOY_TARGET,275,125,8,8,279.0,129.0,True,circular,22.0
SCN_011,462,15.3667,TGT_001,COMMUNICATION_TARGET,523,386,10,10,528.0,391.0,True,straight_line,28.0
SCN_011,462,15.3667,TGT_002,DECOY_TARGET,523,90,10,10,528.0,95.0,True,straight_line,28.0
SCN_011,462,15.3667,TGT_003,DECOY_TARGET,281,125,8,8,285.0,129.0,True,circular,22.0
SCN_011,463,15.4,TGT_001,COMMUNICATION_TARGET,525,388,10,10,530.0,393.0,True,straight_line,28.0
SCN_011,463,15.4,TGT_002,DECOY_TARGET,525,91,10,10,530.0,96.0,True,straight_line,28.0
SCN_011,463,15.4,TGT_003,DECOY_TARGET,283,127,8,8,287.0,131.0,True,circular,22.0
SCN_011,464,15.4333,TGT_001,COMMUNICATION_TARGET,524,391,10,10,529.0,396.0,True,straight_line,28.0
SCN_011,464,15.4333,TGT_002,DECOY_TARGET,524,93,10,10,529.0,98.0,True,straight_line,28.0
SCN_011,464,15.4333,TGT_003,DECOY_TARGET,282,129,8,8,286.0,133.0,True,circular,22.0
SCN_011,465,15.4667,TGT_001,COMMUNICATION_TARGET,520,395,10,10,525.0,400.0,True,straight_line,28.0
SCN_011,465,15.4667,TGT_002,DECOY_TARGET,520,96,10,10,525.0,101.0,True,straight_line,28.0
SCN_011,465,15.4667,TGT_003,DECOY_TARGET,277,132,8,8,281.0,136.0,True,circular,22.0
SCN_011,466,15.5,TGT_001,COMMUNICATION_TARGET,517,397,10,10,522.0,402.0,True,straight_line,28.0
SCN_011,466,15.5,TGT_002,DECOY_TARGET,517,97,10,10,522.0,102.0,True,straight_line,28.0
SCN_011,466,15.5,TGT_003,DECOY_TARGET,274,133,8,8,278.0,137.0,True,circular,22.0
SCN_011,467,15.5333,TGT_001,COMMUNICATION_TARGET,516,397,10,10,521.0,402.0,True,straight_line,28.0
SCN_011,467,15.5333,TGT_002,DECOY_TARGET,516,96,10,10,521.0,101.0,True,straight_line,28.0
SCN_011,467,15.5333,TGT_003,DECOY_TARGET,273,132,8,8,277.0,136.0,True,circular,22.0
SCN_011,468,15.5667,TGT_001,COMMUNICATION_TARGET,518,393,10,10,523.0,398.0,True,straight_line,28.0
SCN_011,468,15.5667,TGT_002,DECOY_TARGET,518,91,10,10,523.0,96.0,True,straight_line,28.0
SCN_011,468,15.5667,TGT_003,DECOY_TARGET,276,128,8,8,280.0,132.0,True,circular,22.0
SCN_011,469,15.6,TGT_001,COMMUNICATION_TARGET,519,389,10,10,524.0,394.0,True,straight_line,28.0
SCN_011,469,15.6,TGT_002,DECOY_TARGET,519,86,10,10,524.0,91.0,True,straight_line,28.0
SCN_011,469,15.6,TGT_003,DECOY_TARGET,276,123,8,8,280.0,127.0,True,circular,22.0
SCN_011,470,15.6333,TGT_001,COMMUNICATION_TARGET,521,385,10,10,526.0,390.0,True,straight_line,28.0
SCN_011,470,15.6333,TGT_002,DECOY_TARGET,521,81,10,10,526.0,86.0,True,straight_line,28.0
SCN_011,470,15.6333,TGT_003,DECOY_TARGET,278,119,8,8,282.0,123.0,True,circular,22.0
SCN_011,471,15.6667,TGT_001,COMMUNICATION_TARGET,522,385,10,10,527.0,390.0,True,straight_line,28.0
SCN_011,471,15.6667,TGT_002,DECOY_TARGET,522,80,10,10,527.0,85.0,True,straight_line,28.0
SCN_011,471,15.6667,TGT_003,DECOY_TARGET,279,118,8,8,283.0,122.0,True,circular,22.0
SCN_011,472,15.7,TGT_001,COMMUNICATION_TARGET,524,388,10,10,529.0,393.0,True,straight_line,28.0
SCN_011,472,15.7,TGT_002,DECOY_TARGET,524,82,10,10,529.0,87.0,True,straight_line,28.0
SCN_011,472,15.7,TGT_003,DECOY_TARGET,281,120,8,8,285.0,124.0,True,circular,22.0
SCN_011,473,15.7333,TGT_001,COMMUNICATION_TARGET,527,393,10,10,532.0,398.0,True,straight_line,28.0
SCN_011,473,15.7333,TGT_002,DECOY_TARGET,527,86,10,10,532.0,91.0,True,straight_line,28.0
SCN_011,473,15.7333,TGT_003,DECOY_TARGET,284,124,8,8,288.0,128.0,True,circular,22.0
SCN_011,474,15.7667,TGT_001,COMMUNICATION_TARGET,531,395,10,10,536.0,400.0,True,straight_line,28.0
SCN_011,474,15.7667,TGT_002,DECOY_TARGET,531,87,10,10,536.0,92.0,True,straight_line,28.0
SCN_011,474,15.7667,TGT_003,DECOY_TARGET,288,126,8,8,292.0,130.0,True,circular,22.0
SCN_011,475,15.8,TGT_001,COMMUNICATION_TARGET,532,398,10,10,537.0,403.0,True,straight_line,28.0
SCN_011,475,15.8,TGT_002,DECOY_TARGET,532,89,10,10,537.0,94.0,True,straight_line,28.0
SCN_011,475,15.8,TGT_003,DECOY_TARGET,288,128,8,8,292.0,132.0,True,circular,22.0
SCN_011,476,15.8333,TGT_001,COMMUNICATION_TARGET,528,397,10,10,533.0,402.0,True,straight_line,28.0
SCN_011,476,15.8333,TGT_002,DECOY_TARGET,528,88,10,10,533.0,93.0,True,straight_line,28.0
SCN_011,476,15.8333,TGT_003,DECOY_TARGET,284,127,8,8,288.0,131.0,True,circular,22.0
SCN_011,477,15.8667,TGT_001,COMMUNICATION_TARGET,523,396,10,10,528.0,401.0,True,straight_line,28.0
SCN_011,477,15.8667,TGT_002,DECOY_TARGET,523,85,10,10,528.0,90.0,True,straight_line,28.0
SCN_011,477,15.8667,TGT_003,DECOY_TARGET,280,125,8,8,284.0,129.0,True,circular,22.0
SCN_011,478,15.9,TGT_001,COMMUNICATION_TARGET,520,397,10,10,525.0,402.0,True,straight_line,28.0
SCN_011,478,15.9,TGT_002,DECOY_TARGET,520,85,10,10,525.0,90.0,True,straight_line,28.0
SCN_011,478,15.9,TGT_003,DECOY_TARGET,277,125,8,8,281.0,129.0,True,circular,22.0
SCN_011,479,15.9333,TGT_001,COMMUNICATION_TARGET,520,397,10,10,525.0,402.0,True,straight_line,28.0
SCN_011,479,15.9333,TGT_002,DECOY_TARGET,520,84,10,10,525.0,89.0,True,straight_line,28.0
SCN_011,479,15.9333,TGT_003,DECOY_TARGET,277,124,8,8,281.0,128.0,True,circular,22.0
SCN_011,480,15.9667,TGT_001,COMMUNICATION_TARGET,526,397,10,10,531.0,402.0,True,straight_line,28.0
SCN_011,480,15.9667,TGT_002,DECOY_TARGET,526,83,10,10,531.0,88.0,True,straight_line,28.0
SCN_011,480,15.9667,TGT_003,DECOY_TARGET,282,124,8,8,286.0,128.0,True,circular,22.0
SCN_011,481,16.0,TGT_001,COMMUNICATION_TARGET,532,396,10,10,537.0,401.0,True,straight_line,28.0
SCN_011,481,16.0,TGT_002,DECOY_TARGET,532,81,10,10,537.0,86.0,True,straight_line,28.0
SCN_011,481,16.0,TGT_003,DECOY_TARGET,288,122,8,8,292.0,126.0,True,circular,22.0
SCN_011,482,16.0333,TGT_001,COMMUNICATION_TARGET,536,395,10,10,541.0,400.0,True,straight_line,28.0
SCN_011,482,16.0333,TGT_002,DECOY_TARGET,536,79,10,10,541.0,84.0,True,straight_line,28.0
SCN_011,482,16.0333,TGT_003,DECOY_TARGET,292,120,8,8,296.0,124.0,True,circular,22.0
SCN_011,483,16.0667,TGT_001,COMMUNICATION_TARGET,536,391,10,10,541.0,396.0,True,straight_line,28.0
SCN_011,483,16.0667,TGT_002,DECOY_TARGET,536,75,10,10,541.0,80.0,True,straight_line,28.0
SCN_011,483,16.0667,TGT_003,DECOY_TARGET,292,116,8,8,296.0,120.0,True,circular,22.0
SCN_011,484,16.1,TGT_001,COMMUNICATION_TARGET,535,391,10,10,540.0,396.0,True,straight_line,28.0
SCN_011,484,16.1,TGT_002,DECOY_TARGET,535,73,10,10,540.0,78.0,True,straight_line,28.0
SCN_011,484,16.1,TGT_003,DECOY_TARGET,291,115,8,8,295.0,119.0,True,circular,22.0
SCN_011,485,16.1333,TGT_001,COMMUNICATION_TARGET,532,392,10,10,537.0,397.0,True,straight_line,28.0
SCN_011,485,16.1333,TGT_002,DECOY_TARGET,532,73,10,10,537.0,78.0,True,straight_line,28.0
SCN_011,485,16.1333,TGT_003,DECOY_TARGET,288,116,8,8,292.0,120.0,True,circular,22.0
SCN_011,486,16.1667,TGT_001,COMMUNICATION_TARGET,532,396,10,10,537.0,401.0,True,straight_line,28.0
SCN_011,486,16.1667,TGT_002,DECOY_TARGET,532,76,10,10,537.0,81.0,True,straight_line,28.0
SCN_011,486,16.1667,TGT_003,DECOY_TARGET,288,119,8,8,292.0,123.0,True,circular,22.0
SCN_011,487,16.2,TGT_001,COMMUNICATION_TARGET,532,402,10,10,537.0,407.0,True,straight_line,28.0
SCN_011,487,16.2,TGT_002,DECOY_TARGET,532,81,10,10,537.0,86.0,True,straight_line,28.0
SCN_011,487,16.2,TGT_003,DECOY_TARGET,288,124,8,8,292.0,128.0,True,circular,22.0
SCN_011,488,16.2333,TGT_001,COMMUNICATION_TARGET,532,405,10,10,537.0,410.0,True,straight_line,28.0
SCN_011,488,16.2333,TGT_002,DECOY_TARGET,532,83,10,10,537.0,88.0,True,straight_line,28.0
SCN_011,488,16.2333,TGT_003,DECOY_TARGET,288,127,8,8,292.0,131.0,True,circular,22.0
SCN_011,489,16.2667,TGT_001,COMMUNICATION_TARGET,531,406,10,10,536.0,411.0,True,straight_line,28.0
SCN_011,489,16.2667,TGT_002,DECOY_TARGET,531,83,10,10,536.0,88.0,True,straight_line,28.0
SCN_011,489,16.2667,TGT_003,DECOY_TARGET,287,127,8,8,291.0,131.0,True,circular,22.0
SCN_011,490,16.3,TGT_001,COMMUNICATION_TARGET,532,403,10,10,537.0,408.0,True,straight_line,28.0
SCN_011,490,16.3,TGT_002,DECOY_TARGET,532,80,10,10,537.0,85.0,True,straight_line,28.0
SCN_011,490,16.3,TGT_003,DECOY_TARGET,287,124,8,8,291.0,128.0,True,circular,22.0
SCN_011,491,16.3333,TGT_001,COMMUNICATION_TARGET,533,400,10,10,538.0,405.0,True,straight_line,28.0
SCN_011,491,16.3333,TGT_002,DECOY_TARGET,533,76,10,10,538.0,81.0,True,straight_line,28.0
SCN_011,491,16.3333,TGT_003,DECOY_TARGET,289,120,8,8,293.0,124.0,True,circular,22.0
SCN_011,492,16.3667,TGT_001,COMMUNICATION_TARGET,538,397,10,10,543.0,402.0,True,straight_line,28.0
SCN_011,492,16.3667,TGT_002,DECOY_TARGET,538,71,10,10,543.0,76.0,True,straight_line,28.0
SCN_011,492,16.3667,TGT_003,DECOY_TARGET,294,116,8,8,298.0,120.0,True,circular,22.0
SCN_011,493,16.4,TGT_001,COMMUNICATION_TARGET,543,396,10,10,548.0,401.0,True,straight_line,28.0
SCN_011,493,16.4,TGT_002,DECOY_TARGET,543,69,10,10,548.0,74.0,True,straight_line,28.0
SCN_011,493,16.4,TGT_003,DECOY_TARGET,299,115,8,8,303.0,119.0,True,circular,22.0
SCN_011,494,16.4333,TGT_001,COMMUNICATION_TARGET,546,398,10,10,551.0,403.0,True,straight_line,28.0
SCN_011,494,16.4333,TGT_002,DECOY_TARGET,546,70,10,10,551.0,75.0,True,straight_line,28.0
SCN_011,494,16.4333,TGT_003,DECOY_TARGET,301,116,8,8,305.0,120.0,True,circular,22.0
SCN_011,495,16.4667,TGT_001,COMMUNICATION_TARGET,544,399,10,10,549.0,404.0,True,straight_line,28.0
SCN_011,495,16.4667,TGT_002,DECOY_TARGET,544,70,10,10,549.0,75.0,True,straight_line,28.0
SCN_011,495,16.4667,TGT_003,DECOY_TARGET,299,116,8,8,303.0,120.0,True,circular,22.0
SCN_011,496,16.5,TGT_001,COMMUNICATION_TARGET,540,399,10,10,545.0,404.0,True,straight_line,28.0
SCN_011,496,16.5,TGT_002,DECOY_TARGET,540,69,10,10,545.0,74.0,True,straight_line,28.0
SCN_011,496,16.5,TGT_003,DECOY_TARGET,295,116,8,8,299.0,120.0,True,circular,22.0
SCN_011,497,16.5333,TGT_001,COMMUNICATION_TARGET,535,399,10,10,540.0,404.0,True,straight_line,28.0
SCN_011,497,16.5333,TGT_002,DECOY_TARGET,535,68,10,10,540.0,73.0,True,straight_line,28.0
SCN_011,497,16.5333,TGT_003,DECOY_TARGET,290,115,8,8,294.0,119.0,True,circular,22.0
SCN_011,498,16.5667,TGT_001,COMMUNICATION_TARGET,534,399,10,10,539.0,404.0,True,straight_line,28.0
SCN_011,498,16.5667,TGT_002,DECOY_TARGET,534,68,10,10,539.0,73.0,True,straight_line,28.0
SCN_011,498,16.5667,TGT_003,DECOY_TARGET,289,115,8,8,293.0,119.0,True,circular,22.0
SCN_011,499,16.6,TGT_001,COMMUNICATION_TARGET,536,402,10,10,541.0,407.0,True,straight_line,28.0
SCN_011,499,16.6,TGT_002,DECOY_TARGET,536,69,10,10,541.0,74.0,True,straight_line,28.0
SCN_011,499,16.6,TGT_003,DECOY_TARGET,291,117,8,8,295.0,121.0,True,circular,22.0
SCN_011,500,16.6333,TGT_001,COMMUNICATION_TARGET,543,405,10,10,548.0,410.0,True,straight_line,28.0
SCN_011,500,16.6333,TGT_002,DECOY_TARGET,543,71,10,10,548.0,76.0,True,straight_line,28.0
SCN_011,500,16.6333,TGT_003,DECOY_TARGET,298,119,8,8,302.0,123.0,True,circular,22.0
SCN_011,501,16.6667,TGT_001,COMMUNICATION_TARGET,547,408,10,10,552.0,413.0,True,straight_line,28.0
SCN_011,501,16.6667,TGT_002,DECOY_TARGET,547,74,10,10,552.0,79.0,True,straight_line,28.0
SCN_011,501,16.6667,TGT_003,DECOY_TARGET,302,122,8,8,306.0,126.0,True,circular,22.0
SCN_011,502,16.7,TGT_001,COMMUNICATION_TARGET,548,408,10,10,553.0,413.0,True,straight_line,28.0
SCN_011,502,16.7,TGT_002,DECOY_TARGET,548,73,10,10,553.0,78.0,True,straight_line,28.0
SCN_011,502,16.7,TGT_003,DECOY_TARGET,303,122,8,8,307.0,126.0,True,circular,22.0
SCN_011,503,16.7333,TGT_001,COMMUNICATION_TARGET,548,408,10,10,553.0,413.0,True,straight_line,28.0
SCN_011,503,16.7333,TGT_002,DECOY_TARGET,548,72,10,10,553.0,77.0,True,straight_line,28.0
SCN_011,503,16.7333,TGT_003,DECOY_TARGET,303,121,8,8,307.0,125.0,True,circular,22.0
SCN_011,504,16.7667,TGT_001,COMMUNICATION_TARGET,548,404,10,10,553.0,409.0,True,straight_line,28.0
SCN_011,504,16.7667,TGT_002,DECOY_TARGET,548,67,10,10,553.0,72.0,True,straight_line,28.0
SCN_011,504,16.7667,TGT_003,DECOY_TARGET,303,117,8,8,307.0,121.0,True,circular,22.0
SCN_011,505,16.8,TGT_001,COMMUNICATION_TARGET,549,399,10,10,554.0,404.0,True,straight_line,28.0
SCN_011,505,16.8,TGT_002,DECOY_TARGET,549,61,10,10,554.0,66.0,True,straight_line,28.0
SCN_011,505,16.8,TGT_003,DECOY_TARGET,304,111,8,8,308.0,115.0,True,circular,22.0
SCN_011,506,16.8333,TGT_001,COMMUNICATION_TARGET,550,397,10,10,555.0,402.0,True,straight_line,28.0
SCN_011,506,16.8333,TGT_002,DECOY_TARGET,550,58,10,10,555.0,63.0,True,straight_line,28.0
SCN_011,506,16.8333,TGT_003,DECOY_TARGET,305,108,8,8,309.0,112.0,True,circular,22.0
SCN_011,507,16.8667,TGT_001,COMMUNICATION_TARGET,548,397,10,10,553.0,402.0,True,straight_line,28.0
SCN_011,507,16.8667,TGT_002,DECOY_TARGET,548,56,10,10,553.0,61.0,True,straight_line,28.0
SCN_011,507,16.8667,TGT_003,DECOY_TARGET,303,108,8,8,307.0,112.0,True,circular,22.0
SCN_011,508,16.9,TGT_001,COMMUNICATION_TARGET,546,401,10,10,551.0,406.0,True,straight_line,28.0
SCN_011,508,16.9,TGT_002,DECOY_TARGET,546,59,10,10,551.0,64.0,True,straight_line,28.0
SCN_011,508,16.9,TGT_003,DECOY_TARGET,300,111,8,8,304.0,115.0,True,circular,22.0
SCN_011,509,16.9333,TGT_001,COMMUNICATION_TARGET,544,405,10,10,549.0,410.0,True,straight_line,28.0
SCN_011,509,16.9333,TGT_002,DECOY_TARGET,544,63,10,10,549.0,68.0,True,straight_line,28.0
SCN_011,509,16.9333,TGT_003,DECOY_TARGET,298,115,8,8,302.0,119.0,True,circular,22.0
SCN_011,510,16.9667,TGT_001,COMMUNICATION_TARGET,545,408,10,10,550.0,413.0,True,straight_line,28.0
SCN_011,510,16.9667,TGT_002,DECOY_TARGET,545,65,10,10,550.0,70.0,True,straight_line,28.0
SCN_011,510,16.9667,TGT_003,DECOY_TARGET,300,118,8,8,304.0,122.0,True,circular,22.0
SCN_011,511,17.0,TGT_001,COMMUNICATION_TARGET,550,409,10,10,555.0,414.0,True,straight_line,28.0
SCN_011,511,17.0,TGT_002,DECOY_TARGET,550,65,10,10,555.0,70.0,True,straight_line,28.0
SCN_011,511,17.0,TGT_003,DECOY_TARGET,304,118,8,8,308.0,122.0,True,circular,22.0
SCN_011,512,17.0333,TGT_001,COMMUNICATION_TARGET,557,408,10,10,562.0,413.0,True,straight_line,28.0
SCN_011,512,17.0333,TGT_002,DECOY_TARGET,557,63,10,10,562.0,68.0,True,straight_line,28.0
SCN_011,512,17.0333,TGT_003,DECOY_TARGET,311,117,8,8,315.0,121.0,True,circular,22.0
SCN_011,513,17.0667,TGT_001,COMMUNICATION_TARGET,562,408,10,10,567.0,413.0,True,straight_line,28.0
SCN_011,513,17.0667,TGT_002,DECOY_TARGET,562,62,10,10,567.0,67.0,True,straight_line,28.0
SCN_011,513,17.0667,TGT_003,DECOY_TARGET,316,116,8,8,320.0,120.0,True,circular,22.0
SCN_011,514,17.1,TGT_001,COMMUNICATION_TARGET,561,408,10,10,566.0,413.0,True,straight_line,28.0
SCN_011,514,17.1,TGT_002,DECOY_TARGET,561,61,10,10,566.0,66.0,True,straight_line,28.0
SCN_011,514,17.1,TGT_003,DECOY_TARGET,315,116,8,8,319.0,120.0,True,circular,22.0
SCN_011,515,17.1333,TGT_001,COMMUNICATION_TARGET,558,409,10,10,563.0,414.0,True,straight_line,28.0
SCN_011,515,17.1333,TGT_002,DECOY_TARGET,558,60,10,10,563.0,65.0,True,straight_line,28.0
SCN_011,515,17.1333,TGT_003,DECOY_TARGET,312,116,8,8,316.0,120.0,True,circular,22.0
SCN_011,516,17.1667,TGT_001,COMMUNICATION_TARGET,554,408,10,10,559.0,413.0,True,straight_line,28.0
SCN_011,516,17.1667,TGT_002,DECOY_TARGET,554,59,10,10,559.0,64.0,True,straight_line,28.0
SCN_011,516,17.1667,TGT_003,DECOY_TARGET,308,115,8,8,312.0,119.0,True,circular,22.0
SCN_011,517,17.2,TGT_001,COMMUNICATION_TARGET,552,407,10,10,557.0,412.0,True,straight_line,28.0
SCN_011,517,17.2,TGT_002,DECOY_TARGET,552,57,10,10,557.0,62.0,True,straight_line,28.0
SCN_011,517,17.2,TGT_003,DECOY_TARGET,306,113,8,8,310.0,117.0,True,circular,22.0
SCN_011,518,17.2333,TGT_001,COMMUNICATION_TARGET,554,405,10,10,559.0,410.0,True,straight_line,28.0
SCN_011,518,17.2333,TGT_002,DECOY_TARGET,554,53,10,10,559.0,58.0,True,straight_line,28.0
SCN_011,518,17.2333,TGT_003,DECOY_TARGET,308,110,8,8,312.0,114.0,True,circular,22.0
SCN_011,519,17.2667,TGT_001,COMMUNICATION_TARGET,557,402,10,10,562.0,407.0,True,straight_line,28.0
SCN_011,519,17.2667,TGT_002,DECOY_TARGET,557,50,10,10,562.0,55.0,True,straight_line,28.0
SCN_011,519,17.2667,TGT_003,DECOY_TARGET,311,107,8,8,315.0,111.0,True,circular,22.0
SCN_011,520,17.3,TGT_001,COMMUNICATION_TARGET,559,402,10,10,564.0,407.0,True,straight_line,28.0
SCN_011,520,17.3,TGT_002,DECOY_TARGET,559,48,10,10,564.0,53.0,True,straight_line,28.0
SCN_011,520,17.3,TGT_003,DECOY_TARGET,313,106,8,8,317.0,110.0,True,circular,22.0
SCN_011,521,17.3333,TGT_001,COMMUNICATION_TARGET,561,404,10,10,566.0,409.0,True,straight_line,28.0
SCN_011,521,17.3333,TGT_002,DECOY_TARGET,561,50,10,10,566.0,55.0,True,straight_line,28.0
SCN_011,521,17.3333,TGT_003,DECOY_TARGET,315,108,8,8,319.0,112.0,True,circular,22.0
SCN_011,522,17.3667,TGT_001,COMMUNICATION_TARGET,563,409,10,10,568.0,414.0,True,straight_line,28.0
SCN_011,522,17.3667,TGT_002,DECOY_TARGET,563,54,10,10,568.0,59.0,True,straight_line,28.0
SCN_011,522,17.3667,TGT_003,DECOY_TARGET,316,113,8,8,320.0,117.0,True,circular,22.0
SCN_011,523,17.4,TGT_001,COMMUNICATION_TARGET,565,414,10,10,570.0,419.0,True,straight_line,28.0
SCN_011,523,17.4,TGT_002,DECOY_TARGET,565,58,10,10,570.0,63.0,True,straight_line,28.0
SCN_011,523,17.4,TGT_003,DECOY_TARGET,319,117,8,8,323.0,121.0,True,circular,22.0
SCN_011,524,17.4333,TGT_001,COMMUNICATION_TARGET,567,417,10,10,572.0,422.0,True,straight_line,28.0
SCN_011,524,17.4333,TGT_002,DECOY_TARGET,567,60,10,10,572.0,65.0,True,straight_line,28.0
SCN_011,524,17.4333,TGT_003,DECOY_TARGET,321,120,8,8,325.0,124.0,True,circular,22.0
SCN_011,525,17.4667,TGT_001,COMMUNICATION_TARGET,570,417,10,10,575.0,422.0,True,straight_line,28.0
SCN_011,525,17.4667,TGT_002,DECOY_TARGET,570,59,10,10,575.0,64.0,True,straight_line,28.0
SCN_011,525,17.4667,TGT_003,DECOY_TARGET,323,119,8,8,327.0,123.0,True,circular,22.0
SCN_011,526,17.5,TGT_001,COMMUNICATION_TARGET,569,414,10,10,574.0,419.0,True,straight_line,28.0
SCN_011,526,17.5,TGT_002,DECOY_TARGET,569,55,10,10,574.0,60.0,True,straight_line,28.0
SCN_011,526,17.5,TGT_003,DECOY_TARGET,323,116,8,8,327.0,120.0,True,circular,22.0
SCN_011,527,17.5333,TGT_001,COMMUNICATION_TARGET,564,411,10,10,569.0,416.0,True,straight_line,28.0
SCN_011,527,17.5333,TGT_002,DECOY_TARGET,564,50,10,10,569.0,55.0,True,straight_line,28.0
SCN_011,527,17.5333,TGT_003,DECOY_TARGET,318,112,8,8,322.0,116.0,True,circular,22.0
SCN_011,528,17.5667,TGT_001,COMMUNICATION_TARGET,561,408,10,10,566.0,413.0,True,straight_line,28.0
SCN_011,528,17.5667,TGT_002,DECOY_TARGET,561,46,10,10,566.0,51.0,True,straight_line,28.0
SCN_011,528,17.5667,TGT_003,DECOY_TARGET,314,108,8,8,318.0,112.0,True,circular,22.0
SCN_011,529,17.6,TGT_001,COMMUNICATION_TARGET,561,408,10,10,566.0,413.0,True,straight_line,28.0
SCN_011,529,17.6,TGT_002,DECOY_TARGET,561,46,10,10,566.0,51.0,True,straight_line,28.0
SCN_011,529,17.6,TGT_003,DECOY_TARGET,314,108,8,8,318.0,112.0,True,circular,22.0
SCN_011,530,17.6333,TGT_001,COMMUNICATION_TARGET,564,409,10,10,569.0,414.0,True,straight_line,28.0
SCN_011,530,17.6333,TGT_002,DECOY_TARGET,564,46,10,10,569.0,51.0,True,straight_line,28.0
SCN_011,530,17.6333,TGT_003,DECOY_TARGET,317,109,8,8,321.0,113.0,True,circular,22.0
SCN_011,531,17.6667,TGT_001,COMMUNICATION_TARGET,571,410,10,10,576.0,415.0,True,straight_line,28.0
SCN_011,531,17.6667,TGT_002,DECOY_TARGET,571,46,10,10,576.0,51.0,True,straight_line,28.0
SCN_011,531,17.6667,TGT_003,DECOY_TARGET,324,110,8,8,328.0,114.0,True,circular,22.0
SCN_011,532,17.7,TGT_001,COMMUNICATION_TARGET,577,411,10,10,582.0,416.0,True,straight_line,28.0
SCN_011,532,17.7,TGT_002,DECOY_TARGET,577,46,10,10,582.0,51.0,True,straight_line,28.0
SCN_011,532,17.7,TGT_003,DECOY_TARGET,330,110,8,8,334.0,114.0,True,circular,22.0
SCN_011,533,17.7333,TGT_001,COMMUNICATION_TARGET,579,411,10,10,584.0,416.0,True,straight_line,28.0
SCN_011,533,17.7333,TGT_002,DECOY_TARGET,579,44,10,10,584.0,49.0,True,straight_line,28.0
SCN_011,533,17.7333,TGT_003,DECOY_TARGET,332,109,8,8,336.0,113.0,True,circular,22.0
SCN_011,534,17.7667,TGT_001,COMMUNICATION_TARGET,578,412,10,10,583.0,417.0,True,straight_line,28.0
SCN_011,534,17.7667,TGT_002,DECOY_TARGET,578,45,10,10,583.0,50.0,True,straight_line,28.0
SCN_011,534,17.7667,TGT_003,DECOY_TARGET,330,110,8,8,334.0,114.0,True,circular,22.0
SCN_011,535,17.8,TGT_001,COMMUNICATION_TARGET,575,415,10,10,580.0,420.0,True,straight_line,28.0
SCN_011,535,17.8,TGT_002,DECOY_TARGET,575,47,10,10,580.0,52.0,True,straight_line,28.0
SCN_011,535,17.8,TGT_003,DECOY_TARGET,328,113,8,8,332.0,117.0,True,circular,22.0
SCN_011,536,17.8333,TGT_001,COMMUNICATION_TARGET,573,418,10,10,578.0,423.0,True,straight_line,28.0
SCN_011,536,17.8333,TGT_002,DECOY_TARGET,573,49,10,10,578.0,54.0,True,straight_line,28.0
SCN_011,536,17.8333,TGT_003,DECOY_TARGET,325,116,8,8,329.0,120.0,True,circular,22.0
SCN_011,537,17.8667,TGT_001,COMMUNICATION_TARGET,573,421,10,10,578.0,426.0,True,straight_line,28.0
SCN_011,537,17.8667,TGT_002,DECOY_TARGET,573,51,10,10,578.0,56.0,True,straight_line,28.0
SCN_011,537,17.8667,TGT_003,DECOY_TARGET,325,118,8,8,329.0,122.0,True,circular,22.0
SCN_011,538,17.9,TGT_001,COMMUNICATION_TARGET,575,422,10,10,580.0,427.0,True,straight_line,28.0
SCN_011,538,17.9,TGT_002,DECOY_TARGET,575,51,10,10,580.0,56.0,True,straight_line,28.0
SCN_011,538,17.9,TGT_003,DECOY_TARGET,327,119,8,8,331.0,123.0,True,circular,22.0
SCN_011,539,17.9333,TGT_001,COMMUNICATION_TARGET,576,420,10,10,581.0,425.0,True,straight_line,28.0
SCN_011,539,17.9333,TGT_002,DECOY_TARGET,576,48,10,10,581.0,53.0,True,straight_line,28.0
SCN_011,539,17.9333,TGT_003,DECOY_TARGET,328,116,8,8,332.0,120.0,True,circular,22.0
SCN_011,540,17.9667,TGT_001,COMMUNICATION_TARGET,576,415,10,10,581.0,420.0,True,straight_line,28.0
SCN_011,540,17.9667,TGT_002,DECOY_TARGET,576,42,10,10,581.0,47.0,True,straight_line,28.0
SCN_011,540,17.9667,TGT_003,DECOY_TARGET,329,111,8,8,333.0,115.0,True,circular,22.0
SCN_011,541,18.0,TGT_001,COMMUNICATION_TARGET,579,411,10,10,584.0,416.0,True,straight_line,28.0
SCN_011,541,18.0,TGT_002,DECOY_TARGET,579,37,10,10,584.0,42.0,True,straight_line,28.0
SCN_011,541,18.0,TGT_003,DECOY_TARGET,331,107,8,8,335.0,111.0,True,circular,22.0
SCN_011,542,18.0333,TGT_001,COMMUNICATION_TARGET,581,410,10,10,586.0,415.0,True,straight_line,28.0
SCN_011,542,18.0333,TGT_002,DECOY_TARGET,581,35,10,10,586.0,40.0,True,straight_line,28.0
SCN_011,542,18.0333,TGT_003,DECOY_TARGET,334,105,8,8,338.0,109.0,True,circular,22.0
SCN_011,543,18.0667,TGT_001,COMMUNICATION_TARGET,587,412,10,10,592.0,417.0,True,straight_line,28.0
SCN_011,543,18.0667,TGT_002,DECOY_TARGET,587,36,10,10,592.0,41.0,True,straight_line,28.0
SCN_011,543,18.0667,TGT_003,DECOY_TARGET,339,106,8,8,343.0,110.0,True,circular,22.0
SCN_011,544,18.1,TGT_001,COMMUNICATION_TARGET,590,416,10,10,595.0,421.0,True,straight_line,28.0
SCN_011,544,18.1,TGT_002,DECOY_TARGET,590,39,10,10,595.0,44.0,True,straight_line,28.0
SCN_011,544,18.1,TGT_003,DECOY_TARGET,343,110,8,8,347.0,114.0,True,circular,22.0
SCN_011,545,18.1333,TGT_001,COMMUNICATION_TARGET,590,420,10,10,595.0,425.0,True,straight_line,28.0
SCN_011,545,18.1333,TGT_002,DECOY_TARGET,590,41,10,10,595.0,46.0,True,straight_line,28.0
SCN_011,545,18.1333,TGT_003,DECOY_TARGET,342,113,8,8,346.0,117.0,True,circular,22.0
SCN_011,546,18.1667,TGT_001,COMMUNICATION_TARGET,587,422,10,10,592.0,427.0,True,straight_line,28.0
SCN_011,546,18.1667,TGT_002,DECOY_TARGET,587,43,10,10,592.0,48.0,True,straight_line,28.0
SCN_011,546,18.1667,TGT_003,DECOY_TARGET,339,115,8,8,343.0,119.0,True,circular,22.0
SCN_011,547,18.2,TGT_001,COMMUNICATION_TARGET,582,423,10,10,587.0,428.0,True,straight_line,28.0
SCN_011,547,18.2,TGT_002,DECOY_TARGET,582,43,10,10,587.0,48.0,True,straight_line,28.0
SCN_011,547,18.2,TGT_003,DECOY_TARGET,334,116,8,8,338.0,120.0,True,circular,22.0
SCN_011,548,18.2333,TGT_001,COMMUNICATION_TARGET,580,423,10,10,585.0,428.0,True,straight_line,28.0
SCN_011,548,18.2333,TGT_002,DECOY_TARGET,580,42,10,10,585.0,47.0,True,straight_line,28.0
SCN_011,548,18.2333,TGT_003,DECOY_TARGET,332,116,8,8,336.0,120.0,True,circular,22.0
SCN_011,549,18.2667,TGT_001,COMMUNICATION_TARGET,583,422,10,10,588.0,427.0,True,straight_line,28.0
SCN_011,549,18.2667,TGT_002,DECOY_TARGET,583,40,10,10,588.0,45.0,True,straight_line,28.0
SCN_011,549,18.2667,TGT_003,DECOY_TARGET,334,114,8,8,338.0,118.0,True,circular,22.0
SCN_011,550,18.3,TGT_001,COMMUNICATION_TARGET,587,422,10,10,592.0,427.0,True,straight_line,28.0
SCN_011,550,18.3,TGT_002,DECOY_TARGET,587,39,10,10,592.0,44.0,True,straight_line,28.0
SCN_011,550,18.3,TGT_003,DECOY_TARGET,339,114,8,8,343.0,118.0,True,circular,22.0
SCN_011,551,18.3333,TGT_001,COMMUNICATION_TARGET,593,423,10,10,598.0,428.0,True,straight_line,28.0
SCN_011,551,18.3333,TGT_002,DECOY_TARGET,593,39,10,10,598.0,44.0,True,straight_line,28.0
SCN_011,551,18.3333,TGT_003,DECOY_TARGET,345,115,8,8,349.0,119.0,True,circular,22.0
SCN_011,552,18.3667,TGT_001,COMMUNICATION_TARGET,597,423,10,10,602.0,428.0,True,straight_line,28.0
SCN_011,552,18.3667,TGT_002,DECOY_TARGET,597,38,10,10,602.0,43.0,True,straight_line,28.0
SCN_011,552,18.3667,TGT_003,DECOY_TARGET,348,115,8,8,352.0,119.0,True,circular,22.0
SCN_011,553,18.4,TGT_001,COMMUNICATION_TARGET,596,421,10,10,601.0,426.0,True,straight_line,28.0
SCN_011,553,18.4,TGT_002,DECOY_TARGET,596,35,10,10,601.0,40.0,True,straight_line,28.0
SCN_011,553,18.4,TGT_003,DECOY_TARGET,348,112,8,8,352.0,116.0,True,circular,22.0
SCN_011,554,18.4333,TGT_001,COMMUNICATION_TARGET,596,418,10,10,601.0,423.0,True,straight_line,28.0
SCN_011,554,18.4333,TGT_002,DECOY_TARGET,596,31,10,10,601.0,36.0,True,straight_line,28.0
SCN_011,554,18.4333,TGT_003,DECOY_TARGET,348,109,8,8,352.0,113.0,True,circular,22.0
SCN_011,555,18.4667,TGT_001,COMMUNICATION_TARGET,595,416,10,10,600.0,421.0,True,straight_line,28.0
SCN_011,555,18.4667,TGT_002,DECOY_TARGET,595,28,10,10,600.0,33.0,True,straight_line,28.0
SCN_011,555,18.4667,TGT_003,DECOY_TARGET,347,107,8,8,351.0,111.0,True,circular,22.0
SCN_011,556,18.5,TGT_001,COMMUNICATION_TARGET,596,417,10,10,601.0,422.0,True,straight_line,28.0
SCN_011,556,18.5,TGT_002,DECOY_TARGET,596,28,10,10,601.0,33.0,True,straight_line,28.0
SCN_011,556,18.5,TGT_003,DECOY_TARGET,348,107,8,8,352.0,111.0,True,circular,22.0
SCN_011,557,18.5333,TGT_001,COMMUNICATION_TARGET,596,421,10,10,601.0,426.0,True,straight_line,28.0
SCN_011,557,18.5333,TGT_002,DECOY_TARGET,596,31,10,10,601.0,36.0,True,straight_line,28.0
SCN_011,557,18.5333,TGT_003,DECOY_TARGET,347,110,8,8,351.0,114.0,True,circular,22.0
SCN_011,558,18.5667,TGT_001,COMMUNICATION_TARGET,595,426,10,10,600.0,431.0,True,straight_line,28.0
SCN_011,558,18.5667,TGT_002,DECOY_TARGET,595,35,10,10,600.0,40.0,True,straight_line,28.0
SCN_011,558,18.5667,TGT_003,DECOY_TARGET,346,116,8,8,350.0,120.0,True,circular,22.0
SCN_011,559,18.6,TGT_001,COMMUNICATION_TARGET,593,432,10,10,598.0,437.0,True,straight_line,28.0
SCN_011,559,18.6,TGT_002,DECOY_TARGET,593,40,10,10,598.0,45.0,True,straight_line,28.0
SCN_011,559,18.6,TGT_003,DECOY_TARGET,344,121,8,8,348.0,125.0,True,circular,22.0
SCN_011,560,18.6333,TGT_001,COMMUNICATION_TARGET,594,433,10,10,599.0,438.0,True,straight_line,28.0
SCN_011,560,18.6333,TGT_002,DECOY_TARGET,594,40,10,10,599.0,45.0,True,straight_line,28.0
SCN_011,560,18.6333,TGT_003,DECOY_TARGET,345,122,8,8,349.0,126.0,True,circular,22.0
SCN_011,561,18.6667,TGT_001,COMMUNICATION_TARGET,598,432,10,10,603.0,437.0,True,straight_line,28.0
SCN_011,561,18.6667,TGT_002,DECOY_TARGET,598,38,10,10,603.0,43.0,True,straight_line,28.0
SCN_011,561,18.6667,TGT_003,DECOY_TARGET,349,121,8,8,353.0,125.0,True,circular,22.0
SCN_011,562,18.7,TGT_001,COMMUNICATION_TARGET,603,429,10,10,608.0,434.0,True,straight_line,28.0
SCN_011,562,18.7,TGT_002,DECOY_TARGET,603,35,10,10,608.0,40.0,True,straight_line,28.0
SCN_011,562,18.7,TGT_003,DECOY_TARGET,354,118,8,8,358.0,122.0,True,circular,22.0
SCN_011,563,18.7333,TGT_001,COMMUNICATION_TARGET,609,426,10,10,614.0,431.0,True,straight_line,28.0
SCN_011,563,18.7333,TGT_002,DECOY_TARGET,609,30,10,10,614.0,35.0,True,straight_line,28.0
SCN_011,563,18.7333,TGT_003,DECOY_TARGET,360,114,8,8,364.0,118.0,True,circular,22.0
SCN_011,564,18.7667,TGT_001,COMMUNICATION_TARGET,611,425,10,10,616.0,430.0,True,straight_line,28.0
SCN_011,564,18.7667,TGT_002,DECOY_TARGET,611,28,10,10,616.0,33.0,True,straight_line,28.0
SCN_011,564,18.7667,TGT_003,DECOY_TARGET,362,113,8,8,366.0,117.0,True,circular,22.0
SCN_011,565,18.8,TGT_001,COMMUNICATION_TARGET,609,425,10,10,614.0,430.0,True,straight_line,28.0
SCN_011,565,18.8,TGT_002,DECOY_TARGET,609,27,10,10,614.0,32.0,True,straight_line,28.0
SCN_011,565,18.8,TGT_003,DECOY_TARGET,359,113,8,8,363.0,117.0,True,circular,22.0
SCN_011,566,18.8333,TGT_001,COMMUNICATION_TARGET,604,427,10,10,609.0,432.0,True,straight_line,28.0
SCN_011,566,18.8333,TGT_002,DECOY_TARGET,604,28,10,10,609.0,33.0,True,straight_line,28.0
SCN_011,566,18.8333,TGT_003,DECOY_TARGET,354,114,8,8,358.0,118.0,True,circular,22.0
SCN_011,567,18.8667,TGT_001,COMMUNICATION_TARGET,600,429,10,10,605.0,434.0,True,straight_line,28.0
SCN_011,567,18.8667,TGT_002,DECOY_TARGET,600,29,10,10,605.0,34.0,True,straight_line,28.0
SCN_011,567,18.8667,TGT_003,DECOY_TARGET,351,116,8,8,355.0,120.0,True,circular,22.0
SCN_011,568,18.9,TGT_001,COMMUNICATION_TARGET,600,429,10,10,605.0,434.0,True,straight_line,28.0
SCN_011,568,18.9,TGT_002,DECOY_TARGET,600,28,10,10,605.0,33.0,True,straight_line,28.0
SCN_011,568,18.9,TGT_003,DECOY_TARGET,350,116,8,8,354.0,120.0,True,circular,22.0
SCN_011,569,18.9333,TGT_001,COMMUNICATION_TARGET,604,430,10,10,609.0,435.0,True,straight_line,28.0
SCN_011,569,18.9333,TGT_002,DECOY_TARGET,604,28,10,10,609.0,33.0,True,straight_line,28.0
SCN_011,569,18.9333,TGT_003,DECOY_TARGET,354,116,8,8,358.0,120.0,True,circular,22.0
SCN_011,570,18.9667,TGT_001,COMMUNICATION_TARGET,609,430,10,10,614.0,435.0,True,straight_line,28.0
SCN_011,570,18.9667,TGT_002,DECOY_TARGET,609,27,10,10,614.0,32.0,True,straight_line,28.0
SCN_011,570,18.9667,TGT_003,DECOY_TARGET,359,116,8,8,363.0,120.0,True,circular,22.0
SCN_011,571,19.0,TGT_001,COMMUNICATION_TARGET,613,433,10,10,618.0,438.0,True,straight_line,28.0
SCN_011,571,19.0,TGT_002,DECOY_TARGET,613,29,10,10,618.0,34.0,True,straight_line,28.0
SCN_011,571,19.0,TGT_003,DECOY_TARGET,363,119,8,8,367.0,123.0,True,circular,22.0
SCN_011,572,19.0333,TGT_001,COMMUNICATION_TARGET,614,437,10,10,619.0,442.0,True,straight_line,28.0
SCN_011,572,19.0333,TGT_002,DECOY_TARGET,614,32,10,10,619.0,37.0,True,straight_line,28.0
SCN_011,572,19.0333,TGT_003,DECOY_TARGET,364,122,8,8,368.0,126.0,True,circular,22.0
SCN_011,573,19.0667,TGT_001,COMMUNICATION_TARGET,614,440,10,10,619.0,445.0,True,straight_line,28.0
SCN_011,573,19.0667,TGT_002,DECOY_TARGET,614,35,10,10,619.0,40.0,True,straight_line,28.0
SCN_011,573,19.0667,TGT_003,DECOY_TARGET,363,126,8,8,367.0,130.0,True,circular,22.0
SCN_011,574,19.1,TGT_001,COMMUNICATION_TARGET,615,440,10,10,620.0,445.0,True,straight_line,28.0
SCN_011,574,19.1,TGT_002,DECOY_TARGET,615,33,10,10,620.0,38.0,True,straight_line,28.0
SCN_011,574,19.1,TGT_003,DECOY_TARGET,365,125,8,8,369.0,129.0,True,circular,22.0
SCN_011,575,19.1333,TGT_001,COMMUNICATION_TARGET,617,438,10,10,622.0,443.0,True,straight_line,28.0
SCN_011,575,19.1333,TGT_002,DECOY_TARGET,617,30,10,10,622.0,35.0,True,straight_line,28.0
SCN_011,575,19.1333,TGT_003,DECOY_TARGET,367,123,8,8,371.0,127.0,True,circular,22.0
SCN_011,576,19.1667,TGT_001,COMMUNICATION_TARGET,617,434,10,10,622.0,439.0,True,straight_line,28.0
SCN_011,576,19.1667,TGT_002,DECOY_TARGET,617,25,10,10,622.0,30.0,True,straight_line,28.0
SCN_011,576,19.1667,TGT_003,DECOY_TARGET,367,118,8,8,371.0,122.0,True,circular,22.0
SCN_011,577,19.2,TGT_001,COMMUNICATION_TARGET,615,429,10,10,620.0,434.0,True,straight_line,28.0
SCN_011,577,19.2,TGT_002,DECOY_TARGET,615,19,10,10,620.0,24.0,True,straight_line,28.0
SCN_011,577,19.2,TGT_003,DECOY_TARGET,365,114,8,8,369.0,118.0,True,circular,22.0
SCN_011,578,19.2333,TGT_001,COMMUNICATION_TARGET,613,430,10,10,618.0,435.0,True,straight_line,28.0
SCN_011,578,19.2333,TGT_002,DECOY_TARGET,613,19,10,10,618.0,24.0,True,straight_line,28.0
SCN_011,578,19.2333,TGT_003,DECOY_TARGET,362,114,8,8,366.0,118.0,True,circular,22.0
SCN_011,579,19.2667,TGT_001,COMMUNICATION_TARGET,611,433,10,10,616.0,438.0,True,straight_line,28.0
SCN_011,579,19.2667,TGT_002,DECOY_TARGET,611,21,10,10,616.0,26.0,True,straight_line,28.0
SCN_011,579,19.2667,TGT_003,DECOY_TARGET,360,117,8,8,364.0,121.0,True,circular,22.0
SCN_011,580,19.3,TGT_001,COMMUNICATION_TARGET,614,436,10,10,619.0,441.0,True,straight_line,28.0
SCN_011,580,19.3,TGT_002,DECOY_TARGET,614,23,10,10,619.0,28.0,True,straight_line,28.0
SCN_011,580,19.3,TGT_003,DECOY_TARGET,363,120,8,8,367.0,124.0,True,circular,22.0
SCN_011,581,19.3333,TGT_001,COMMUNICATION_TARGET,619,440,10,10,624.0,445.0,True,straight_line,28.0
SCN_011,581,19.3333,TGT_002,DECOY_TARGET,619,27,10,10,624.0,32.0,True,straight_line,28.0
SCN_011,581,19.3333,TGT_003,DECOY_TARGET,367,124,8,8,371.0,128.0,True,circular,22.0
SCN_011,582,19.3667,TGT_001,COMMUNICATION_TARGET,626,442,10,10,631.0,447.0,True,straight_line,28.0
SCN_011,582,19.3667,TGT_002,DECOY_TARGET,626,28,10,10,631.0,33.0,True,straight_line,28.0
SCN_011,582,19.3667,TGT_003,DECOY_TARGET,374,126,8,8,378.0,130.0,True,circular,22.0
SCN_011,583,19.4,TGT_001,COMMUNICATION_TARGET,629,444,10,10,634.0,449.0,True,straight_line,28.0
SCN_011,583,19.4,TGT_002,DECOY_TARGET,629,28,10,10,634.0,33.0,True,straight_line,28.0
SCN_011,583,19.4,TGT_003,DECOY_TARGET,378,127,8,8,382.0,131.0,True,circular,22.0
SCN_011,584,19.4333,TGT_001,COMMUNICATION_TARGET,629,443,10,10,634.0,448.0,True,straight_line,28.0
SCN_011,584,19.4333,TGT_002,DECOY_TARGET,629,26,10,10,634.0,31.0,True,straight_line,28.0
SCN_011,584,19.4333,TGT_003,DECOY_TARGET,377,126,8,8,381.0,130.0,True,circular,22.0
SCN_011,585,19.4667,TGT_001,COMMUNICATION_TARGET,626,443,10,10,631.0,448.0,True,straight_line,28.0
SCN_011,585,19.4667,TGT_002,DECOY_TARGET,626,25,10,10,631.0,30.0,True,straight_line,28.0
SCN_011,585,19.4667,TGT_003,DECOY_TARGET,374,126,8,8,378.0,130.0,True,circular,22.0
SCN_011,586,19.5,TGT_001,COMMUNICATION_TARGET,621,444,10,10,626.0,449.0,True,straight_line,28.0
SCN_011,586,19.5,TGT_002,DECOY_TARGET,621,25,10,10,626.0,30.0,True,straight_line,28.0
SCN_011,586,19.5,TGT_003,DECOY_TARGET,370,127,8,8,374.0,131.0,True,circular,22.0
SCN_011,587,19.5333,TGT_001,COMMUNICATION_TARGET,621,445,10,10,626.0,450.0,True,straight_line,28.0
SCN_011,587,19.5333,TGT_002,DECOY_TARGET,621,25,10,10,626.0,30.0,True,straight_line,28.0
SCN_011,587,19.5333,TGT_003,DECOY_TARGET,369,127,8,8,373.0,131.0,True,circular,22.0
SCN_011,588,19.5667,TGT_001,COMMUNICATION_TARGET,623,444,10,10,628.0,449.0,True,straight_line,28.0
SCN_011,588,19.5667,TGT_002,DECOY_TARGET,623,24,10,10,628.0,29.0,True,straight_line,28.0
SCN_011,588,19.5667,TGT_003,DECOY_TARGET,371,127,8,8,375.0,131.0,True,circular,22.0
SCN_011,589,19.6,TGT_001,COMMUNICATION_TARGET,625,442,10,10,630.0,447.0,True,straight_line,28.0
SCN_011,589,19.6,TGT_002,DECOY_TARGET,625,20,10,10,630.0,25.0,True,straight_line,28.0
SCN_011,589,19.6,TGT_003,DECOY_TARGET,373,124,8,8,377.0,128.0,True,circular,22.0
SCN_011,590,19.6333,TGT_001,COMMUNICATION_TARGET,627,441,10,10,632.0,446.0,True,straight_line,28.0
SCN_011,590,19.6333,TGT_002,DECOY_TARGET,627,18,10,10,632.0,23.0,True,straight_line,28.0
SCN_011,590,19.6333,TGT_003,DECOY_TARGET,375,123,8,8,379.0,127.0,True,circular,22.0
SCN_011,591,19.6667,TGT_001,COMMUNICATION_TARGET,628,438,10,10,633.0,443.0,True,straight_line,28.0
SCN_011,591,19.6667,TGT_002,DECOY_TARGET,628,15,10,10,633.0,20.0,True,straight_line,28.0
SCN_011,591,19.6667,TGT_003,DECOY_TARGET,376,120,8,8,380.0,124.0,True,circular,22.0
SCN_011,592,19.7,TGT_001,COMMUNICATION_TARGET,630,439,10,10,635.0,444.0,True,straight_line,28.0
SCN_011,592,19.7,TGT_002,DECOY_TARGET,630,15,10,10,635.0,20.0,True,straight_line,28.0
SCN_011,592,19.7,TGT_003,DECOY_TARGET,378,121,8,8,382.0,125.0,True,circular,22.0
SCN_011,593,19.7333,TGT_001,COMMUNICATION_TARGET,630,444,10,10,635.0,449.0,True,straight_line,28.0
SCN_011,593,19.7333,TGT_002,DECOY_TARGET,630,19,10,10,635.0,24.0,True,straight_line,28.0
SCN_011,593,19.7333,TGT_003,DECOY_TARGET,380,126,8,8,384.0,130.0,True,circular,22.0
SCN_011,594,19.7667,TGT_001,COMMUNICATION_TARGET,630,450,10,10,635.0,455.0,False,straight_line,28.0
SCN_011,594,19.7667,TGT_002,DECOY_TARGET,630,23,10,10,635.0,28.0,False,straight_line,28.0
SCN_011,594,19.7667,TGT_003,DECOY_TARGET,384,131,8,8,388.0,135.0,True,circular,22.0
SCN_011,595,19.8,TGT_001,COMMUNICATION_TARGET,630,455,10,10,635.0,460.0,False,straight_line,28.0
SCN_011,595,19.8,TGT_002,DECOY_TARGET,630,27,10,10,635.0,32.0,False,straight_line,28.0
SCN_011,595,19.8,TGT_003,DECOY_TARGET,385,136,8,8,389.0,140.0,True,circular,22.0
SCN_011,596,19.8333,TGT_001,COMMUNICATION_TARGET,630,455,10,10,635.0,460.0,False,straight_line,28.0
SCN_011,596,19.8333,TGT_002,DECOY_TARGET,630,26,10,10,635.0,31.0,False,straight_line,28.0
SCN_011,596,19.8333,TGT_003,DECOY_TARGET,382,136,8,8,386.0,140.0,True,circular,22.0
SCN_011,597,19.8667,TGT_001,COMMUNICATION_TARGET,630,453,10,10,635.0,458.0,True,straight_line,28.0
SCN_011,597,19.8667,TGT_002,DECOY_TARGET,630,24,10,10,635.0,29.0,True,straight_line,28.0
SCN_011,597,19.8667,TGT_003,DECOY_TARGET,378,134,8,8,382.0,138.0,True,circular,22.0
SCN_011,598,19.9,TGT_001,COMMUNICATION_TARGET,627,451,10,10,632.0,456.0,True,straight_line,28.0
SCN_011,598,19.9,TGT_002,DECOY_TARGET,627,20,10,10,632.0,25.0,True,straight_line,28.0
SCN_011,598,19.9,TGT_003,DECOY_TARGET,374,132,8,8,378.0,136.0,True,circular,22.0
SCN_011,599,19.9333,TGT_001,COMMUNICATION_TARGET,628,448,10,10,633.0,453.0,True,straight_line,28.0
SCN_011,599,19.9333,TGT_002,DECOY_TARGET,628,17,10,10,633.0,22.0,True,straight_line,28.0
SCN_011,599,19.9333,TGT_003,DECOY_TARGET,374,129,8,8,378.0,133.0,True,circular,22.0
SCN_011,600,19.9667,TGT_001,COMMUNICATION_TARGET,630,447,10,10,635.0,452.0,True,straight_line,28.0
SCN_011,600,19.9667,TGT_002,DECOY_TARGET,630,15,10,10,635.0,20.0,True,straight_line,28.0
SCN_011,600,19.9667,TGT_003,DECOY_TARGET,378,128,8,8,382.0,132.0,True,circular,22.0
SCN_011,601,20.0,TGT_001,COMMUNICATION_TARGET,630,448,10,10,635.0,453.0,False,straight_line,28.0
SCN_011,601,20.0,TGT_002,DECOY_TARGET,630,15,10,10,635.0,20.0,False,straight_line,28.0
SCN_011,601,20.0,TGT_003,DECOY_TARGET,385,129,8,8,389.0,133.0,True,circular,22.0
SCN_011,602,20.0333,TGT_001,COMMUNICATION_TARGET,630,450,10,10,635.0,455.0,False,straight_line,28.0
SCN_011,602,20.0333,TGT_002,DECOY_TARGET,630,16,10,10,635.0,21.0,False,straight_line,28.0
SCN_011,602,20.0333,TGT_003,DECOY_TARGET,390,131,8,8,394.0,135.0,True,circular,22.0
SCN_011,603,20.0667,TGT_001,COMMUNICATION_TARGET,630,451,10,10,635.0,456.0,False,straight_line,28.0
SCN_011,603,20.0667,TGT_002,DECOY_TARGET,630,15,10,10,635.0,20.0,False,straight_line,28.0
SCN_011,603,20.0667,TGT_003,DECOY_TARGET,391,131,8,8,395.0,135.0,True,circular,22.0
SCN_011,604,20.1,TGT_001,COMMUNICATION_TARGET,630,452,10,10,635.0,457.0,False,straight_line,28.0
SCN_011,604,20.1,TGT_002,DECOY_TARGET,630,16,10,10,635.0,21.0,False,straight_line,28.0
SCN_011,604,20.1,TGT_003,DECOY_TARGET,388,132,8,8,392.0,136.0,True,circular,22.0
SCN_011,605,20.1333,TGT_001,COMMUNICATION_TARGET,630,452,10,10,635.0,457.0,False,straight_line,28.0
SCN_011,605,20.1333,TGT_002,DECOY_TARGET,630,15,10,10,635.0,20.0,False,straight_line,28.0
SCN_011,605,20.1333,TGT_003,DECOY_TARGET,387,132,8,8,391.0,136.0,True,circular,22.0
SCN_011,606,20.1667,TGT_001,COMMUNICATION_TARGET,630,454,10,10,635.0,459.0,False,straight_line,28.0
SCN_011,606,20.1667,TGT_002,DECOY_TARGET,630,16,10,10,635.0,21.0,False,straight_line,28.0
SCN_011,606,20.1667,TGT_003,DECOY_TARGET,385,134,8,8,389.0,138.0,True,circular,22.0
SCN_011,607,20.2,TGT_001,COMMUNICATION_TARGET,630,458,10,10,635.0,463.0,False,straight_line,28.0
SCN_011,607,20.2,TGT_002,DECOY_TARGET,630,19,10,10,635.0,24.0,False,straight_line,28.0
SCN_011,607,20.2,TGT_003,DECOY_TARGET,384,138,8,8,388.0,142.0,True,circular,22.0
SCN_011,608,20.2333,TGT_001,COMMUNICATION_TARGET,630,462,10,10,635.0,467.0,False,straight_line,28.0
SCN_011,608,20.2333,TGT_002,DECOY_TARGET,630,21,10,10,635.0,26.0,False,straight_line,28.0
SCN_011,608,20.2333,TGT_003,DECOY_TARGET,385,141,8,8,389.0,145.0,True,circular,22.0
SCN_011,609,20.2667,TGT_001,COMMUNICATION_TARGET,630,464,10,10,635.0,469.0,False,straight_line,28.0
SCN_011,609,20.2667,TGT_002,DECOY_TARGET,630,22,10,10,635.0,27.0,False,straight_line,28.0
SCN_011,609,20.2667,TGT_003,DECOY_TARGET,385,143,8,8,389.0,147.0,True,circular,22.0
SCN_011,610,20.3,TGT_001,COMMUNICATION_TARGET,630,463,10,10,635.0,468.0,False,straight_line,28.0
SCN_011,610,20.3,TGT_002,DECOY_TARGET,630,20,10,10,635.0,25.0,False,straight_line,28.0
SCN_011,610,20.3,TGT_003,DECOY_TARGET,384,142,8,8,388.0,146.0,True,circular,22.0
SCN_011,611,20.3333,TGT_001,COMMUNICATION_TARGET,630,460,10,10,635.0,465.0,False,straight_line,28.0
SCN_011,611,20.3333,TGT_002,DECOY_TARGET,630,17,10,10,635.0,22.0,False,straight_line,28.0
SCN_011,611,20.3333,TGT_003,DECOY_TARGET,387,140,8,8,391.0,144.0,True,circular,22.0
SCN_011,612,20.3667,TGT_001,COMMUNICATION_TARGET,630,456,10,10,635.0,461.0,False,straight_line,28.0
SCN_011,612,20.3667,TGT_002,DECOY_TARGET,630,12,10,10,635.0,17.0,False,straight_line,28.0
SCN_011,612,20.3667,TGT_003,DECOY_TARGET,391,135,8,8,395.0,139.0,True,circular,22.0
SCN_011,613,20.4,TGT_001,COMMUNICATION_TARGET,630,453,10,10,635.0,458.0,False,straight_line,28.0
SCN_011,613,20.4,TGT_002,DECOY_TARGET,630,7,10,10,635.0,12.0,False,straight_line,28.0
SCN_011,613,20.4,TGT_003,DECOY_TARGET,395,132,8,8,399.0,136.0,True,circular,22.0
SCN_011,614,20.4333,TGT_001,COMMUNICATION_TARGET,630,453,10,10,635.0,458.0,False,straight_line,28.0
SCN_011,614,20.4333,TGT_002,DECOY_TARGET,630,7,10,10,635.0,12.0,False,straight_line,28.0
SCN_011,614,20.4333,TGT_003,DECOY_TARGET,398,132,8,8,402.0,136.0,True,circular,22.0
SCN_011,615,20.4667,TGT_001,COMMUNICATION_TARGET,630,457,10,10,635.0,462.0,False,straight_line,28.0
SCN_011,615,20.4667,TGT_002,DECOY_TARGET,630,10,10,10,635.0,15.0,False,straight_line,28.0
SCN_011,615,20.4667,TGT_003,DECOY_TARGET,398,136,8,8,402.0,140.0,True,circular,22.0
SCN_011,616,20.5,TGT_001,COMMUNICATION_TARGET,630,462,10,10,635.0,467.0,False,straight_line,28.0
SCN_011,616,20.5,TGT_002,DECOY_TARGET,630,13,10,10,635.0,18.0,False,straight_line,28.0
SCN_011,616,20.5,TGT_003,DECOY_TARGET,393,140,8,8,397.0,144.0,True,circular,22.0
SCN_011,617,20.5333,TGT_001,COMMUNICATION_TARGET,630,466,10,10,635.0,471.0,False,straight_line,28.0
SCN_011,617,20.5333,TGT_002,DECOY_TARGET,630,17,10,10,635.0,22.0,False,straight_line,28.0
SCN_011,617,20.5333,TGT_003,DECOY_TARGET,387,145,8,8,391.0,149.0,True,circular,22.0
SCN_011,618,20.5667,TGT_001,COMMUNICATION_TARGET,630,467,10,10,635.0,472.0,False,straight_line,28.0
SCN_011,618,20.5667,TGT_002,DECOY_TARGET,630,16,10,10,635.0,21.0,False,straight_line,28.0
SCN_011,618,20.5667,TGT_003,DECOY_TARGET,385,145,8,8,389.0,149.0,True,circular,22.0
SCN_011,619,20.6,TGT_001,COMMUNICATION_TARGET,630,466,10,10,635.0,471.0,False,straight_line,28.0
SCN_011,619,20.6,TGT_002,DECOY_TARGET,630,15,10,10,635.0,20.0,False,straight_line,28.0
SCN_011,619,20.6,TGT_003,DECOY_TARGET,387,145,8,8,391.0,149.0,True,circular,22.0
SCN_011,620,20.6333,TGT_001,COMMUNICATION_TARGET,630,467,10,10,635.0,472.0,False,straight_line,28.0
SCN_011,620,20.6333,TGT_002,DECOY_TARGET,630,14,10,10,635.0,19.0,False,straight_line,28.0
SCN_011,620,20.6333,TGT_003,DECOY_TARGET,393,145,8,8,397.0,149.0,True,circular,22.0
SCN_011,621,20.6667,TGT_001,COMMUNICATION_TARGET,630,466,10,10,635.0,471.0,False,straight_line,28.0
SCN_011,621,20.6667,TGT_002,DECOY_TARGET,630,12,10,10,635.0,17.0,False,straight_line,28.0
SCN_011,621,20.6667,TGT_003,DECOY_TARGET,397,144,8,8,401.0,148.0,True,circular,22.0
SCN_011,622,20.7,TGT_001,COMMUNICATION_TARGET,630,467,10,10,635.0,472.0,False,straight_line,28.0
SCN_011,622,20.7,TGT_002,DECOY_TARGET,630,13,10,10,635.0,18.0,False,straight_line,28.0
SCN_011,622,20.7,TGT_003,DECOY_TARGET,398,146,8,8,402.0,150.0,True,circular,22.0
SCN_011,623,20.7333,TGT_001,COMMUNICATION_TARGET,630,468,10,10,635.0,473.0,False,straight_line,28.0
SCN_011,623,20.7333,TGT_002,DECOY_TARGET,630,13,10,10,635.0,18.0,False,straight_line,28.0
SCN_011,623,20.7333,TGT_003,DECOY_TARGET,398,146,8,8,402.0,150.0,True,circular,22.0
SCN_011,624,20.7667,TGT_001,COMMUNICATION_TARGET,630,467,10,10,635.0,472.0,False,straight_line,28.0
SCN_011,624,20.7667,TGT_002,DECOY_TARGET,630,11,10,10,635.0,16.0,False,straight_line,28.0
SCN_011,624,20.7667,TGT_003,DECOY_TARGET,397,146,8,8,401.0,150.0,True,circular,22.0
SCN_011,625,20.8,TGT_001,COMMUNICATION_TARGET,630,465,10,10,635.0,470.0,False,straight_line,28.0
SCN_011,625,20.8,TGT_002,DECOY_TARGET,630,8,10,10,635.0,13.0,False,straight_line,28.0
SCN_011,625,20.8,TGT_003,DECOY_TARGET,398,144,8,8,402.0,148.0,True,circular,22.0
SCN_011,626,20.8333,TGT_001,COMMUNICATION_TARGET,630,463,10,10,635.0,468.0,False,straight_line,28.0
SCN_011,626,20.8333,TGT_002,DECOY_TARGET,630,4,10,10,635.0,9.0,False,straight_line,28.0
SCN_011,626,20.8333,TGT_003,DECOY_TARGET,398,141,8,8,402.0,145.0,True,circular,22.0
SCN_011,627,20.8667,TGT_001,COMMUNICATION_TARGET,630,463,10,10,635.0,468.0,False,straight_line,28.0
SCN_011,627,20.8667,TGT_002,DECOY_TARGET,630,4,10,10,635.0,9.0,False,straight_line,28.0
SCN_011,627,20.8667,TGT_003,DECOY_TARGET,396,141,8,8,400.0,145.0,True,circular,22.0
SCN_011,628,20.9,TGT_001,COMMUNICATION_TARGET,630,464,10,10,635.0,469.0,False,straight_line,28.0
SCN_011,628,20.9,TGT_002,DECOY_TARGET,630,4,10,10,635.0,9.0,False,straight_line,28.0
SCN_011,628,20.9,TGT_003,DECOY_TARGET,394,143,8,8,398.0,147.0,True,circular,22.0
SCN_011,629,20.9333,TGT_001,COMMUNICATION_TARGET,630,470,10,10,635.0,475.0,False,straight_line,28.0
SCN_011,629,20.9333,TGT_002,DECOY_TARGET,630,8,10,10,635.0,13.0,False,straight_line,28.0
SCN_011,629,20.9333,TGT_003,DECOY_TARGET,392,148,8,8,396.0,152.0,True,circular,22.0
SCN_011,630,20.9667,TGT_001,COMMUNICATION_TARGET,630,470,10,10,635.0,475.0,False,straight_line,28.0
SCN_011,630,20.9667,TGT_002,DECOY_TARGET,630,13,10,10,635.0,18.0,False,straight_line,28.0
SCN_011,630,20.9667,TGT_003,DECOY_TARGET,392,153,8,8,396.0,157.0,True,circular,22.0
SCN_011,631,21.0,TGT_001,COMMUNICATION_TARGET,630,470,10,10,635.0,475.0,False,straight_line,28.0
SCN_011,631,21.0,TGT_002,DECOY_TARGET,630,16,10,10,635.0,21.0,False,straight_line,28.0
SCN_011,631,21.0,TGT_003,DECOY_TARGET,395,157,8,8,399.0,161.0,True,circular,22.0
SCN_011,632,21.0333,TGT_001,COMMUNICATION_TARGET,630,470,10,10,635.0,475.0,False,straight_line,28.0
SCN_011,632,21.0333,TGT_002,DECOY_TARGET,630,15,10,10,635.0,20.0,False,straight_line,28.0
SCN_011,632,21.0333,TGT_003,DECOY_TARGET,401,157,8,8,405.0,161.0,True,circular,22.0
SCN_011,633,21.0667,TGT_001,COMMUNICATION_TARGET,630,470,10,10,635.0,475.0,False,straight_line,28.0
SCN_011,633,21.0667,TGT_002,DECOY_TARGET,630,12,10,10,635.0,17.0,False,straight_line,28.0
SCN_011,633,21.0667,TGT_003,DECOY_TARGET,407,155,8,8,411.0,159.0,True,circular,22.0
SCN_011,634,21.1,TGT_001,COMMUNICATION_TARGET,630,470,10,10,635.0,475.0,False,straight_line,28.0
SCN_011,634,21.1,TGT_002,DECOY_TARGET,630,7,10,10,635.0,12.0,False,straight_line,28.0
SCN_011,634,21.1,TGT_003,DECOY_TARGET,407,151,8,8,411.0,155.0,True,circular,22.0
SCN_011,635,21.1333,TGT_001,COMMUNICATION_TARGET,630,470,10,10,635.0,475.0,False,straight_line,28.0
SCN_011,635,21.1333,TGT_002,DECOY_TARGET,630,3,10,10,635.0,8.0,False,straight_line,28.0
SCN_011,635,21.1333,TGT_003,DECOY_TARGET,403,149,8,8,407.0,153.0,True,circular,22.0
SCN_011,636,21.1667,TGT_001,COMMUNICATION_TARGET,630,470,10,10,635.0,475.0,False,straight_line,28.0
SCN_011,636,21.1667,TGT_002,DECOY_TARGET,630,2,10,10,635.0,7.0,False,straight_line,28.0
SCN_011,636,21.1667,TGT_003,DECOY_TARGET,398,149,8,8,402.0,153.0,True,circular,22.0
SCN_011,637,21.2,TGT_001,COMMUNICATION_TARGET,630,470,10,10,635.0,475.0,False,straight_line,28.0
SCN_011,637,21.2,TGT_002,DECOY_TARGET,630,2,10,10,635.0,7.0,False,straight_line,28.0
SCN_011,637,21.2,TGT_003,DECOY_TARGET,395,150,8,8,399.0,154.0,True,circular,22.0
SCN_011,638,21.2333,TGT_001,COMMUNICATION_TARGET,630,470,10,10,635.0,475.0,False,straight_line,28.0
SCN_011,638,21.2333,TGT_002,DECOY_TARGET,630,3,10,10,635.0,8.0,False,straight_line,28.0
SCN_011,638,21.2333,TGT_003,DECOY_TARGET,395,151,8,8,399.0,155.0,True,circular,22.0
SCN_011,639,21.2667,TGT_001,COMMUNICATION_TARGET,630,470,10,10,635.0,475.0,False,straight_line,28.0
SCN_011,639,21.2667,TGT_002,DECOY_TARGET,630,3,10,10,635.0,8.0,False,straight_line,28.0
SCN_011,639,21.2667,TGT_003,DECOY_TARGET,397,153,8,8,401.0,157.0,True,circular,22.0
SCN_011,640,21.3,TGT_001,COMMUNICATION_TARGET,630,470,10,10,635.0,475.0,False,straight_line,28.0
SCN_011,640,21.3,TGT_002,DECOY_TARGET,630,2,10,10,635.0,7.0,False,straight_line,28.0
SCN_011,640,21.3,TGT_003,DECOY_TARGET,401,153,8,8,405.0,157.0,True,circular,22.0
SCN_011,641,21.3333,TGT_001,COMMUNICATION_TARGET,630,470,10,10,635.0,475.0,False,straight_line,28.0
SCN_011,641,21.3333,TGT_002,DECOY_TARGET,630,2,10,10,635.0,7.0,False,straight_line,28.0
SCN_011,641,21.3333,TGT_003,DECOY_TARGET,403,154,8,8,407.0,158.0,True,circular,22.0
SCN_011,642,21.3667,TGT_001,COMMUNICATION_TARGET,630,470,10,10,635.0,475.0,False,straight_line,28.0
SCN_011,642,21.3667,TGT_002,DECOY_TARGET,630,4,10,10,635.0,9.0,False,straight_line,28.0
SCN_011,642,21.3667,TGT_003,DECOY_TARGET,404,156,8,8,408.0,160.0,True,circular,22.0
SCN_011,643,21.4,TGT_001,COMMUNICATION_TARGET,630,470,10,10,635.0,475.0,False,straight_line,28.0
SCN_011,643,21.4,TGT_002,DECOY_TARGET,630,6,10,10,635.0,11.0,False,straight_line,28.0
SCN_011,643,21.4,TGT_003,DECOY_TARGET,404,159,8,8,408.0,163.0,True,circular,22.0
SCN_011,644,21.4333,TGT_001,COMMUNICATION_TARGET,630,470,10,10,635.0,475.0,False,straight_line,28.0
SCN_011,644,21.4333,TGT_002,DECOY_TARGET,630,9,10,10,635.0,14.0,False,straight_line,28.0
SCN_011,644,21.4333,TGT_003,DECOY_TARGET,406,163,8,8,410.0,167.0,True,circular,22.0
SCN_011,645,21.4667,TGT_001,COMMUNICATION_TARGET,630,470,10,10,635.0,475.0,False,straight_line,28.0
SCN_011,645,21.4667,TGT_002,DECOY_TARGET,630,8,10,10,635.0,13.0,False,straight_line,28.0
SCN_011,645,21.4667,TGT_003,DECOY_TARGET,407,163,8,8,411.0,167.0,True,circular,22.0
SCN_011,646,21.5,TGT_001,COMMUNICATION_TARGET,630,470,10,10,635.0,475.0,False,straight_line,28.0
SCN_011,646,21.5,TGT_002,DECOY_TARGET,630,6,10,10,635.0,11.0,False,straight_line,28.0
SCN_011,646,21.5,TGT_003,DECOY_TARGET,406,163,8,8,410.0,167.0,True,circular,22.0
SCN_011,647,21.5333,TGT_001,COMMUNICATION_TARGET,630,470,10,10,635.0,475.0,False,straight_line,28.0
SCN_011,647,21.5333,TGT_002,DECOY_TARGET,630,1,10,10,635.0,6.0,False,straight_line,28.0
SCN_011,647,21.5333,TGT_003,DECOY_TARGET,401,159,8,8,405.0,163.0,True,circular,22.0
SCN_011,648,21.5667,TGT_001,COMMUNICATION_TARGET,630,470,10,10,635.0,475.0,False,straight_line,28.0
SCN_011,648,21.5667,TGT_002,DECOY_TARGET,630,0,10,10,635.0,5.0,False,straight_line,28.0
SCN_011,648,21.5667,TGT_003,DECOY_TARGET,398,154,8,8,402.0,158.0,True,circular,22.0
SCN_011,649,21.6,TGT_001,COMMUNICATION_TARGET,630,470,10,10,635.0,475.0,False,straight_line,28.0
SCN_011,649,21.6,TGT_002,DECOY_TARGET,630,0,10,10,635.0,5.0,False,straight_line,28.0
SCN_011,649,21.6,TGT_003,DECOY_TARGET,397,152,8,8,401.0,156.0,True,circular,22.0
SCN_011,650,21.6333,TGT_001,COMMUNICATION_TARGET,630,470,10,10,635.0,475.0,False,straight_line,28.0
SCN_011,650,21.6333,TGT_002,DECOY_TARGET,630,0,10,10,635.0,5.0,False,straight_line,28.0
SCN_011,650,21.6333,TGT_003,DECOY_TARGET,400,154,8,8,404.0,158.0,True,circular,22.0
SCN_011,651,21.6667,TGT_001,COMMUNICATION_TARGET,630,470,10,10,635.0,475.0,False,straight_line,28.0
SCN_011,651,21.6667,TGT_002,DECOY_TARGET,630,0,10,10,635.0,5.0,False,straight_line,28.0
SCN_011,651,21.6667,TGT_003,DECOY_TARGET,406,157,8,8,410.0,161.0,True,circular,22.0
SCN_011,652,21.7,TGT_001,COMMUNICATION_TARGET,630,470,10,10,635.0,475.0,False,straight_line,28.0
SCN_011,652,21.7,TGT_002,DECOY_TARGET,630,0,10,10,635.0,5.0,False,straight_line,28.0
SCN_011,652,21.7,TGT_003,DECOY_TARGET,410,161,8,8,414.0,165.0,True,circular,22.0
SCN_011,653,21.7333,TGT_001,COMMUNICATION_TARGET,630,470,10,10,635.0,475.0,False,straight_line,28.0
SCN_011,653,21.7333,TGT_002,DECOY_TARGET,630,2,10,10,635.0,7.0,False,straight_line,28.0
SCN_011,653,21.7333,TGT_003,DECOY_TARGET,413,165,8,8,417.0,169.0,True,circular,22.0
SCN_011,654,21.7667,TGT_001,COMMUNICATION_TARGET,630,470,10,10,635.0,475.0,False,straight_line,28.0
SCN_011,654,21.7667,TGT_002,DECOY_TARGET,630,2,10,10,635.0,7.0,False,straight_line,28.0
SCN_011,654,21.7667,TGT_003,DECOY_TARGET,410,167,8,8,414.0,171.0,True,circular,22.0
SCN_011,655,21.8,TGT_001,COMMUNICATION_TARGET,630,470,10,10,635.0,475.0,False,straight_line,28.0
SCN_011,655,21.8,TGT_002,DECOY_TARGET,630,0,10,10,635.0,5.0,False,straight_line,28.0
SCN_011,655,21.8,TGT_003,DECOY_TARGET,406,166,8,8,410.0,170.0,True,circular,22.0
SCN_011,656,21.8333,TGT_001,COMMUNICATION_TARGET,630,470,10,10,635.0,475.0,False,straight_line,28.0
SCN_011,656,21.8333,TGT_002,DECOY_TARGET,630,0,10,10,635.0,5.0,False,straight_line,28.0
SCN_011,656,21.8333,TGT_003,DECOY_TARGET,404,165,8,8,408.0,169.0,True,circular,22.0
SCN_011,657,21.8667,TGT_001,COMMUNICATION_TARGET,630,470,10,10,635.0,475.0,False,straight_line,28.0
SCN_011,657,21.8667,TGT_002,DECOY_TARGET,630,0,10,10,635.0,5.0,False,straight_line,28.0
SCN_011,657,21.8667,TGT_003,DECOY_TARGET,402,166,8,8,406.0,170.0,True,circular,22.0
SCN_011,658,21.9,TGT_001,COMMUNICATION_TARGET,630,470,10,10,635.0,475.0,False,straight_line,28.0
SCN_011,658,21.9,TGT_002,DECOY_TARGET,630,0,10,10,635.0,5.0,False,straight_line,28.0
SCN_011,658,21.9,TGT_003,DECOY_TARGET,403,167,8,8,407.0,171.0,True,circular,22.0
SCN_011,659,21.9333,TGT_001,COMMUNICATION_TARGET,630,470,10,10,635.0,475.0,False,straight_line,28.0
SCN_011,659,21.9333,TGT_002,DECOY_TARGET,630,0,10,10,635.0,5.0,False,straight_line,28.0
SCN_011,659,21.9333,TGT_003,DECOY_TARGET,403,167,8,8,407.0,171.0,True,circular,22.0
SCN_011,660,21.9667,TGT_001,COMMUNICATION_TARGET,630,470,10,10,635.0,475.0,False,straight_line,28.0
SCN_011,660,21.9667,TGT_002,DECOY_TARGET,630,0,10,10,635.0,5.0,False,straight_line,28.0
SCN_011,660,21.9667,TGT_003,DECOY_TARGET,405,166,8,8,409.0,170.0,True,circular,22.0
SCN_011,661,22.0,TGT_001,COMMUNICATION_TARGET,630,470,10,10,635.0,475.0,False,straight_line,28.0
SCN_011,661,22.0,TGT_002,DECOY_TARGET,630,0,10,10,635.0,5.0,False,straight_line,28.0
SCN_011,661,22.0,TGT_003,DECOY_TARGET,405,163,8,8,409.0,167.0,True,circular,22.0
SCN_011,662,22.0333,TGT_001,COMMUNICATION_TARGET,630,470,10,10,635.0,475.0,False,straight_line,28.0
SCN_011,662,22.0333,TGT_002,DECOY_TARGET,630,0,10,10,635.0,5.0,False,straight_line,28.0
SCN_011,662,22.0333,TGT_003,DECOY_TARGET,408,161,8,8,412.0,165.0,True,circular,22.0
SCN_011,663,22.0667,TGT_001,COMMUNICATION_TARGET,630,470,10,10,635.0,475.0,False,straight_line,28.0
SCN_011,663,22.0667,TGT_002,DECOY_TARGET,630,0,10,10,635.0,5.0,False,straight_line,28.0
SCN_011,663,22.0667,TGT_003,DECOY_TARGET,411,160,8,8,415.0,164.0,True,circular,22.0
SCN_011,664,22.1,TGT_001,COMMUNICATION_TARGET,630,470,10,10,635.0,475.0,False,straight_line,28.0
SCN_011,664,22.1,TGT_002,DECOY_TARGET,630,0,10,10,635.0,5.0,False,straight_line,28.0
SCN_011,664,22.1,TGT_003,DECOY_TARGET,414,164,8,8,418.0,168.0,True,circular,22.0
SCN_011,665,22.1333,TGT_001,COMMUNICATION_TARGET,630,470,10,10,635.0,475.0,False,straight_line,28.0
SCN_011,665,22.1333,TGT_002,DECOY_TARGET,630,0,10,10,635.0,5.0,False,straight_line,28.0
SCN_011,665,22.1333,TGT_003,DECOY_TARGET,414,169,8,8,418.0,173.0,True,circular,22.0
SCN_011,666,22.1667,TGT_001,COMMUNICATION_TARGET,630,470,10,10,635.0,475.0,False,straight_line,28.0
SCN_011,666,22.1667,TGT_002,DECOY_TARGET,630,0,10,10,635.0,5.0,False,straight_line,28.0
SCN_011,666,22.1667,TGT_003,DECOY_TARGET,411,174,8,8,415.0,178.0,True,circular,22.0
SCN_011,667,22.2,TGT_001,COMMUNICATION_TARGET,630,470,10,10,635.0,475.0,False,straight_line,28.0
SCN_011,667,22.2,TGT_002,DECOY_TARGET,630,0,10,10,635.0,5.0,False,straight_line,28.0
SCN_011,667,22.2,TGT_003,DECOY_TARGET,404,176,8,8,408.0,180.0,True,circular,22.0
SCN_011,668,22.2333,TGT_001,COMMUNICATION_TARGET,630,470,10,10,635.0,475.0,False,straight_line,28.0
SCN_011,668,22.2333,TGT_002,DECOY_TARGET,630,0,10,10,635.0,5.0,False,straight_line,28.0
SCN_011,668,22.2333,TGT_003,DECOY_TARGET,401,176,8,8,405.0,180.0,True,circular,22.0
SCN_011,669,22.2667,TGT_001,COMMUNICATION_TARGET,630,470,10,10,635.0,475.0,False,straight_line,28.0
SCN_011,669,22.2667,TGT_002,DECOY_TARGET,630,0,10,10,635.0,5.0,False,straight_line,28.0
SCN_011,669,22.2667,TGT_003,DECOY_TARGET,402,173,8,8,406.0,177.0,True,circular,22.0
SCN_011,670,22.3,TGT_001,COMMUNICATION_TARGET,630,470,10,10,635.0,475.0,False,straight_line,28.0
SCN_011,670,22.3,TGT_002,DECOY_TARGET,630,0,10,10,635.0,5.0,False,straight_line,28.0
SCN_011,670,22.3,TGT_003,DECOY_TARGET,407,170,8,8,411.0,174.0,True,circular,22.0
SCN_011,671,22.3333,TGT_001,COMMUNICATION_TARGET,630,470,10,10,635.0,475.0,False,straight_line,28.0
SCN_011,671,22.3333,TGT_002,DECOY_TARGET,630,0,10,10,635.0,5.0,False,straight_line,28.0
SCN_011,671,22.3333,TGT_003,DECOY_TARGET,412,168,8,8,416.0,172.0,True,circular,22.0
SCN_011,672,22.3667,TGT_001,COMMUNICATION_TARGET,630,470,10,10,635.0,475.0,False,straight_line,28.0
SCN_011,672,22.3667,TGT_002,DECOY_TARGET,630,0,10,10,635.0,5.0,False,straight_line,28.0
SCN_011,672,22.3667,TGT_003,DECOY_TARGET,415,168,8,8,419.0,172.0,True,circular,22.0
SCN_011,673,22.4,TGT_001,COMMUNICATION_TARGET,630,470,10,10,635.0,475.0,False,straight_line,28.0
SCN_011,673,22.4,TGT_002,DECOY_TARGET,630,0,10,10,635.0,5.0,False,straight_line,28.0
SCN_011,673,22.4,TGT_003,DECOY_TARGET,416,170,8,8,420.0,174.0,True,circular,22.0
SCN_011,674,22.4333,TGT_001,COMMUNICATION_TARGET,630,470,10,10,635.0,475.0,False,straight_line,28.0
SCN_011,674,22.4333,TGT_002,DECOY_TARGET,630,0,10,10,635.0,5.0,False,straight_line,28.0
SCN_011,674,22.4333,TGT_003,DECOY_TARGET,412,171,8,8,416.0,175.0,True,circular,22.0
SCN_011,675,22.4667,TGT_001,COMMUNICATION_TARGET,630,470,10,10,635.0,475.0,False,straight_line,28.0
SCN_011,675,22.4667,TGT_002,DECOY_TARGET,630,0,10,10,635.0,5.0,False,straight_line,28.0
SCN_011,675,22.4667,TGT_003,DECOY_TARGET,411,171,8,8,415.0,175.0,True,circular,22.0
SCN_011,676,22.5,TGT_001,COMMUNICATION_TARGET,630,470,10,10,635.0,475.0,False,straight_line,28.0
SCN_011,676,22.5,TGT_002,DECOY_TARGET,630,0,10,10,635.0,5.0,False,straight_line,28.0
SCN_011,676,22.5,TGT_003,DECOY_TARGET,411,172,8,8,415.0,176.0,True,circular,22.0
SCN_011,677,22.5333,TGT_001,COMMUNICATION_TARGET,630,470,10,10,635.0,475.0,False,straight_line,28.0
SCN_011,677,22.5333,TGT_002,DECOY_TARGET,630,0,10,10,635.0,5.0,False,straight_line,28.0
SCN_011,677,22.5333,TGT_003,DECOY_TARGET,410,173,8,8,414.0,177.0,True,circular,22.0
SCN_011,678,22.5667,TGT_001,COMMUNICATION_TARGET,630,470,10,10,635.0,475.0,False,straight_line,28.0
SCN_011,678,22.5667,TGT_002,DECOY_TARGET,630,0,10,10,635.0,5.0,False,straight_line,28.0
SCN_011,678,22.5667,TGT_003,DECOY_TARGET,409,175,8,8,413.0,179.0,True,circular,22.0
SCN_011,679,22.6,TGT_001,COMMUNICATION_TARGET,630,470,10,10,635.0,475.0,False,straight_line,28.0
SCN_011,679,22.6,TGT_002,DECOY_TARGET,630,0,10,10,635.0,5.0,False,straight_line,28.0
SCN_011,679,22.6,TGT_003,DECOY_TARGET,408,179,8,8,412.0,183.0,True,circular,22.0
SCN_011,680,22.6333,TGT_001,COMMUNICATION_TARGET,630,470,10,10,635.0,475.0,False,straight_line,28.0
SCN_011,680,22.6333,TGT_002,DECOY_TARGET,630,0,10,10,635.0,5.0,False,straight_line,28.0
SCN_011,680,22.6333,TGT_003,DECOY_TARGET,408,181,8,8,412.0,185.0,True,circular,22.0
SCN_011,681,22.6667,TGT_001,COMMUNICATION_TARGET,630,470,10,10,635.0,475.0,False,straight_line,28.0
SCN_011,681,22.6667,TGT_002,DECOY_TARGET,630,0,10,10,635.0,5.0,False,straight_line,28.0
SCN_011,681,22.6667,TGT_003,DECOY_TARGET,409,182,8,8,413.0,186.0,True,circular,22.0
SCN_011,682,22.7,TGT_001,COMMUNICATION_TARGET,630,470,10,10,635.0,475.0,False,straight_line,28.0
SCN_011,682,22.7,TGT_002,DECOY_TARGET,630,0,10,10,635.0,5.0,False,straight_line,28.0
SCN_011,682,22.7,TGT_003,DECOY_TARGET,413,180,8,8,417.0,184.0,True,circular,22.0
SCN_011,683,22.7333,TGT_001,COMMUNICATION_TARGET,630,470,10,10,635.0,475.0,False,straight_line,28.0
SCN_011,683,22.7333,TGT_002,DECOY_TARGET,630,0,10,10,635.0,5.0,False,straight_line,28.0
SCN_011,683,22.7333,TGT_003,DECOY_TARGET,419,176,8,8,423.0,180.0,True,circular,22.0
SCN_011,684,22.7667,TGT_001,COMMUNICATION_TARGET,630,470,10,10,635.0,475.0,False,straight_line,28.0
SCN_011,684,22.7667,TGT_002,DECOY_TARGET,630,0,10,10,635.0,5.0,False,straight_line,28.0
SCN_011,684,22.7667,TGT_003,DECOY_TARGET,421,172,8,8,425.0,176.0,True,circular,22.0
SCN_011,685,22.8,TGT_001,COMMUNICATION_TARGET,630,470,10,10,635.0,475.0,False,straight_line,28.0
SCN_011,685,22.8,TGT_002,DECOY_TARGET,630,0,10,10,635.0,5.0,False,straight_line,28.0
SCN_011,685,22.8,TGT_003,DECOY_TARGET,418,171,8,8,422.0,175.0,True,circular,22.0
SCN_011,686,22.8333,TGT_001,COMMUNICATION_TARGET,630,470,10,10,635.0,475.0,False,straight_line,28.0
SCN_011,686,22.8333,TGT_002,DECOY_TARGET,630,0,10,10,635.0,5.0,False,straight_line,28.0
SCN_011,686,22.8333,TGT_003,DECOY_TARGET,412,172,8,8,416.0,176.0,True,circular,22.0
SCN_011,687,22.8667,TGT_001,COMMUNICATION_TARGET,630,470,10,10,635.0,475.0,False,straight_line,28.0
SCN_011,687,22.8667,TGT_002,DECOY_TARGET,630,0,10,10,635.0,5.0,False,straight_line,28.0
SCN_011,687,22.8667,TGT_003,DECOY_TARGET,408,176,8,8,412.0,180.0,True,circular,22.0
SCN_011,688,22.9,TGT_001,COMMUNICATION_TARGET,630,470,10,10,635.0,475.0,False,straight_line,28.0
SCN_011,688,22.9,TGT_002,DECOY_TARGET,630,0,10,10,635.0,5.0,False,straight_line,28.0
SCN_011,688,22.9,TGT_003,DECOY_TARGET,407,181,8,8,411.0,185.0,True,circular,22.0
SCN_011,689,22.9333,TGT_001,COMMUNICATION_TARGET,630,470,10,10,635.0,475.0,False,straight_line,28.0
SCN_011,689,22.9333,TGT_002,DECOY_TARGET,630,0,10,10,635.0,5.0,False,straight_line,28.0
SCN_011,689,22.9333,TGT_003,DECOY_TARGET,410,184,8,8,414.0,188.0,True,circular,22.0
SCN_011,690,22.9667,TGT_001,COMMUNICATION_TARGET,630,470,10,10,635.0,475.0,False,straight_line,28.0
SCN_011,690,22.9667,TGT_002,DECOY_TARGET,630,0,10,10,635.0,5.0,False,straight_line,28.0
SCN_011,690,22.9667,TGT_003,DECOY_TARGET,414,184,8,8,418.0,188.0,True,circular,22.0
SCN_011,691,23.0,TGT_001,COMMUNICATION_TARGET,630,470,10,10,635.0,475.0,False,straight_line,28.0
SCN_011,691,23.0,TGT_002,DECOY_TARGET,630,0,10,10,635.0,5.0,False,straight_line,28.0
SCN_011,691,23.0,TGT_003,DECOY_TARGET,418,183,8,8,422.0,187.0,True,circular,22.0
SCN_011,692,23.0333,TGT_001,COMMUNICATION_TARGET,630,470,10,10,635.0,475.0,False,straight_line,28.0
SCN_011,692,23.0333,TGT_002,DECOY_TARGET,630,0,10,10,635.0,5.0,False,straight_line,28.0
SCN_011,692,23.0333,TGT_003,DECOY_TARGET,418,184,8,8,422.0,188.0,True,circular,22.0
SCN_011,693,23.0667,TGT_001,COMMUNICATION_TARGET,630,470,10,10,635.0,475.0,False,straight_line,28.0
SCN_011,693,23.0667,TGT_002,DECOY_TARGET,630,0,10,10,635.0,5.0,False,straight_line,28.0
SCN_011,693,23.0667,TGT_003,DECOY_TARGET,418,183,8,8,422.0,187.0,True,circular,22.0
SCN_011,694,23.1,TGT_001,COMMUNICATION_TARGET,630,470,10,10,635.0,475.0,False,straight_line,28.0
SCN_011,694,23.1,TGT_002,DECOY_TARGET,630,0,10,10,635.0,5.0,False,straight_line,28.0
SCN_011,694,23.1,TGT_003,DECOY_TARGET,418,184,8,8,422.0,188.0,True,circular,22.0
SCN_011,695,23.1333,TGT_001,COMMUNICATION_TARGET,630,470,10,10,635.0,475.0,False,straight_line,28.0
SCN_011,695,23.1333,TGT_002,DECOY_TARGET,630,0,10,10,635.0,5.0,False,straight_line,28.0
SCN_011,695,23.1333,TGT_003,DECOY_TARGET,418,183,8,8,422.0,187.0,True,circular,22.0
SCN_011,696,23.1667,TGT_001,COMMUNICATION_TARGET,630,470,10,10,635.0,475.0,False,straight_line,28.0
SCN_011,696,23.1667,TGT_002,DECOY_TARGET,630,0,10,10,635.0,5.0,False,straight_line,28.0
SCN_011,696,23.1667,TGT_003,DECOY_TARGET,418,182,8,8,422.0,186.0,True,circular,22.0
SCN_011,697,23.2,TGT_001,COMMUNICATION_TARGET,630,470,10,10,635.0,475.0,False,straight_line,28.0
SCN_011,697,23.2,TGT_002,DECOY_TARGET,630,0,10,10,635.0,5.0,False,straight_line,28.0
SCN_011,697,23.2,TGT_003,DECOY_TARGET,416,179,8,8,420.0,183.0,True,circular,22.0
SCN_011,698,23.2333,TGT_001,COMMUNICATION_TARGET,630,470,10,10,635.0,475.0,False,straight_line,28.0
SCN_011,698,23.2333,TGT_002,DECOY_TARGET,630,0,10,10,635.0,5.0,False,straight_line,28.0
SCN_011,698,23.2333,TGT_003,DECOY_TARGET,413,178,8,8,417.0,182.0,True,circular,22.0
SCN_011,699,23.2667,TGT_001,COMMUNICATION_TARGET,630,470,10,10,635.0,475.0,False,straight_line,28.0
SCN_011,699,23.2667,TGT_002,DECOY_TARGET,630,0,10,10,635.0,5.0,False,straight_line,28.0
SCN_011,699,23.2667,TGT_003,DECOY_TARGET,410,178,8,8,414.0,182.0,True,circular,22.0
SCN_011,700,23.3,TGT_001,COMMUNICATION_TARGET,630,470,10,10,635.0,475.0,False,straight_line,28.0
SCN_011,700,23.3,TGT_002,DECOY_TARGET,630,0,10,10,635.0,5.0,False,straight_line,28.0
SCN_011,700,23.3,TGT_003,DECOY_TARGET,412,182,8,8,416.0,186.0,True,circular,22.0
SCN_011,701,23.3333,TGT_001,COMMUNICATION_TARGET,630,470,10,10,635.0,475.0,False,straight_line,28.0
SCN_011,701,23.3333,TGT_002,DECOY_TARGET,630,0,10,10,635.0,5.0,False,straight_line,28.0
SCN_011,701,23.3333,TGT_003,DECOY_TARGET,416,188,8,8,420.0,192.0,True,circular,22.0
SCN_011,702,23.3667,TGT_001,COMMUNICATION_TARGET,630,470,10,10,635.0,475.0,False,straight_line,28.0
SCN_011,702,23.3667,TGT_002,DECOY_TARGET,630,0,10,10,635.0,5.0,False,straight_line,28.0
SCN_011,702,23.3667,TGT_003,DECOY_TARGET,422,192,8,8,426.0,196.0,True,circular,22.0
SCN_011,703,23.4,TGT_001,COMMUNICATION_TARGET,630,470,10,10,635.0,475.0,False,straight_line,28.0
SCN_011,703,23.4,TGT_002,DECOY_TARGET,630,0,10,10,635.0,5.0,False,straight_line,28.0
SCN_011,703,23.4,TGT_003,DECOY_TARGET,426,194,8,8,430.0,198.0,True,circular,22.0
SCN_011,704,23.4333,TGT_001,COMMUNICATION_TARGET,630,470,10,10,635.0,475.0,False,straight_line,28.0
SCN_011,704,23.4333,TGT_002,DECOY_TARGET,630,0,10,10,635.0,5.0,False,straight_line,28.0
SCN_011,704,23.4333,TGT_003,DECOY_TARGET,426,192,8,8,430.0,196.0,True,circular,22.0
SCN_011,705,23.4667,TGT_001,COMMUNICATION_TARGET,630,470,10,10,635.0,475.0,False,straight_line,28.0
SCN_011,705,23.4667,TGT_002,DECOY_TARGET,630,0,10,10,635.0,5.0,False,straight_line,28.0
SCN_011,705,23.4667,TGT_003,DECOY_TARGET,421,189,8,8,425.0,193.0,True,circular,22.0
SCN_011,706,23.5,TGT_001,COMMUNICATION_TARGET,630,470,10,10,635.0,475.0,False,straight_line,28.0
SCN_011,706,23.5,TGT_002,DECOY_TARGET,630,0,10,10,635.0,5.0,False,straight_line,28.0
SCN_011,706,23.5,TGT_003,DECOY_TARGET,417,186,8,8,421.0,190.0,True,circular,22.0
SCN_011,707,23.5333,TGT_001,COMMUNICATION_TARGET,630,470,10,10,635.0,475.0,False,straight_line,28.0
SCN_011,707,23.5333,TGT_002,DECOY_TARGET,630,0,10,10,635.0,5.0,False,straight_line,28.0
SCN_011,707,23.5333,TGT_003,DECOY_TARGET,414,185,8,8,418.0,189.0,True,circular,22.0
SCN_011,708,23.5667,TGT_001,COMMUNICATION_TARGET,630,470,10,10,635.0,475.0,False,straight_line,28.0
SCN_011,708,23.5667,TGT_002,DECOY_TARGET,630,0,10,10,635.0,5.0,False,straight_line,28.0
SCN_011,708,23.5667,TGT_003,DECOY_TARGET,416,185,8,8,420.0,189.0,True,circular,22.0
SCN_011,709,23.6,TGT_001,COMMUNICATION_TARGET,630,470,10,10,635.0,475.0,False,straight_line,28.0
SCN_011,709,23.6,TGT_002,DECOY_TARGET,630,0,10,10,635.0,5.0,False,straight_line,28.0
SCN_011,709,23.6,TGT_003,DECOY_TARGET,418,187,8,8,422.0,191.0,True,circular,22.0
SCN_011,710,23.6333,TGT_001,COMMUNICATION_TARGET,630,470,10,10,635.0,475.0,False,straight_line,28.0
SCN_011,710,23.6333,TGT_002,DECOY_TARGET,630,0,10,10,635.0,5.0,False,straight_line,28.0
SCN_011,710,23.6333,TGT_003,DECOY_TARGET,419,189,8,8,423.0,193.0,True,circular,22.0
SCN_011,711,23.6667,TGT_001,COMMUNICATION_TARGET,630,470,10,10,635.0,475.0,False,straight_line,28.0
SCN_011,711,23.6667,TGT_002,DECOY_TARGET,630,0,10,10,635.0,5.0,False,straight_line,28.0
SCN_011,711,23.6667,TGT_003,DECOY_TARGET,421,188,8,8,425.0,192.0,True,circular,22.0
SCN_011,712,23.7,TGT_001,COMMUNICATION_TARGET,630,470,10,10,635.0,475.0,False,straight_line,28.0
SCN_011,712,23.7,TGT_002,DECOY_TARGET,630,0,10,10,635.0,5.0,False,straight_line,28.0
SCN_011,712,23.7,TGT_003,DECOY_TARGET,422,189,8,8,426.0,193.0,True,circular,22.0
SCN_011,713,23.7333,TGT_001,COMMUNICATION_TARGET,630,470,10,10,635.0,475.0,False,straight_line,28.0
SCN_011,713,23.7333,TGT_002,DECOY_TARGET,630,0,10,10,635.0,5.0,False,straight_line,28.0
SCN_011,713,23.7333,TGT_003,DECOY_TARGET,424,190,8,8,428.0,194.0,True,circular,22.0
SCN_011,714,23.7667,TGT_001,COMMUNICATION_TARGET,630,470,10,10,635.0,475.0,False,straight_line,28.0
SCN_011,714,23.7667,TGT_002,DECOY_TARGET,630,0,10,10,635.0,5.0,False,straight_line,28.0
SCN_011,714,23.7667,TGT_003,DECOY_TARGET,426,193,8,8,430.0,197.0,True,circular,22.0
SCN_011,715,23.8,TGT_001,COMMUNICATION_TARGET,630,470,10,10,635.0,475.0,False,straight_line,28.0
SCN_011,715,23.8,TGT_002,DECOY_TARGET,630,0,10,10,635.0,5.0,False,straight_line,28.0
SCN_011,715,23.8,TGT_003,DECOY_TARGET,427,197,8,8,431.0,201.0,True,circular,22.0
SCN_011,716,23.8333,TGT_001,COMMUNICATION_TARGET,630,470,10,10,635.0,475.0,False,straight_line,28.0
SCN_011,716,23.8333,TGT_002,DECOY_TARGET,630,0,10,10,635.0,5.0,False,straight_line,28.0
SCN_011,716,23.8333,TGT_003,DECOY_TARGET,425,199,8,8,429.0,203.0,True,circular,22.0
SCN_011,717,23.8667,TGT_001,COMMUNICATION_TARGET,630,470,10,10,635.0,475.0,False,straight_line,28.0
SCN_011,717,23.8667,TGT_002,DECOY_TARGET,630,0,10,10,635.0,5.0,False,straight_line,28.0
SCN_011,717,23.8667,TGT_003,DECOY_TARGET,422,199,8,8,426.0,203.0,True,circular,22.0
SCN_011,718,23.9,TGT_001,COMMUNICATION_TARGET,630,470,10,10,635.0,475.0,False,straight_line,28.0
SCN_011,718,23.9,TGT_002,DECOY_TARGET,630,0,10,10,635.0,5.0,False,straight_line,28.0
SCN_011,718,23.9,TGT_003,DECOY_TARGET,417,196,8,8,421.0,200.0,True,circular,22.0
SCN_011,719,23.9333,TGT_001,COMMUNICATION_TARGET,630,470,10,10,635.0,475.0,False,straight_line,28.0
SCN_011,719,23.9333,TGT_002,DECOY_TARGET,630,0,10,10,635.0,5.0,False,straight_line,28.0
SCN_011,719,23.9333,TGT_003,DECOY_TARGET,416,192,8,8,420.0,196.0,True,circular,22.0
SCN_011,720,23.9667,TGT_001,COMMUNICATION_TARGET,630,470,10,10,635.0,475.0,False,straight_line,28.0
SCN_011,720,23.9667,TGT_002,DECOY_TARGET,630,0,10,10,635.0,5.0,False,straight_line,28.0
SCN_011,720,23.9667,TGT_003,DECOY_TARGET,420,188,8,8,424.0,192.0,True,circular,22.0
SCN_011,721,24.0,TGT_001,COMMUNICATION_TARGET,630,470,10,10,635.0,475.0,False,straight_line,28.0
SCN_011,721,24.0,TGT_002,DECOY_TARGET,630,0,10,10,635.0,5.0,False,straight_line,28.0
SCN_011,721,24.0,TGT_003,DECOY_TARGET,426,189,8,8,430.0,193.0,True,circular,22.0
SCN_011,722,24.0333,TGT_001,COMMUNICATION_TARGET,630,470,10,10,635.0,475.0,False,straight_line,28.0
SCN_011,722,24.0333,TGT_002,DECOY_TARGET,630,0,10,10,635.0,5.0,False,straight_line,28.0
SCN_011,722,24.0333,TGT_003,DECOY_TARGET,430,192,8,8,434.0,196.0,True,circular,22.0
SCN_011,723,24.0667,TGT_001,COMMUNICATION_TARGET,630,470,10,10,635.0,475.0,False,straight_line,28.0
SCN_011,723,24.0667,TGT_002,DECOY_TARGET,630,0,10,10,635.0,5.0,False,straight_line,28.0
SCN_011,723,24.0667,TGT_003,DECOY_TARGET,432,195,8,8,436.0,199.0,True,circular,22.0
SCN_011,724,24.1,TGT_001,COMMUNICATION_TARGET,630,470,10,10,635.0,475.0,False,straight_line,28.0
SCN_011,724,24.1,TGT_002,DECOY_TARGET,630,0,10,10,635.0,5.0,False,straight_line,28.0
SCN_011,724,24.1,TGT_003,DECOY_TARGET,429,199,8,8,433.0,203.0,True,circular,22.0
SCN_011,725,24.1333,TGT_001,COMMUNICATION_TARGET,630,470,10,10,635.0,475.0,False,straight_line,28.0
SCN_011,725,24.1333,TGT_002,DECOY_TARGET,630,0,10,10,635.0,5.0,False,straight_line,28.0
SCN_011,725,24.1333,TGT_003,DECOY_TARGET,426,202,8,8,430.0,206.0,True,circular,22.0
SCN_011,726,24.1667,TGT_001,COMMUNICATION_TARGET,630,470,10,10,635.0,475.0,False,straight_line,28.0
SCN_011,726,24.1667,TGT_002,DECOY_TARGET,630,0,10,10,635.0,5.0,False,straight_line,28.0
SCN_011,726,24.1667,TGT_003,DECOY_TARGET,424,202,8,8,428.0,206.0,True,circular,22.0
SCN_011,727,24.2,TGT_001,COMMUNICATION_TARGET,630,470,10,10,635.0,475.0,False,straight_line,28.0
SCN_011,727,24.2,TGT_002,DECOY_TARGET,630,0,10,10,635.0,5.0,False,straight_line,28.0
SCN_011,727,24.2,TGT_003,DECOY_TARGET,424,201,8,8,428.0,205.0,True,circular,22.0
SCN_011,728,24.2333,TGT_001,COMMUNICATION_TARGET,630,470,10,10,635.0,475.0,False,straight_line,28.0
SCN_011,728,24.2333,TGT_002,DECOY_TARGET,630,0,10,10,635.0,5.0,False,straight_line,28.0
SCN_011,728,24.2333,TGT_003,DECOY_TARGET,425,201,8,8,429.0,205.0,True,circular,22.0
SCN_011,729,24.2667,TGT_001,COMMUNICATION_TARGET,630,470,10,10,635.0,475.0,False,straight_line,28.0
SCN_011,729,24.2667,TGT_002,DECOY_TARGET,630,0,10,10,635.0,5.0,False,straight_line,28.0
SCN_011,729,24.2667,TGT_003,DECOY_TARGET,424,202,8,8,428.0,206.0,True,circular,22.0
SCN_011,730,24.3,TGT_001,COMMUNICATION_TARGET,630,470,10,10,635.0,475.0,False,straight_line,28.0
SCN_011,730,24.3,TGT_002,DECOY_TARGET,630,0,10,10,635.0,5.0,False,straight_line,28.0
SCN_011,730,24.3,TGT_003,DECOY_TARGET,425,203,8,8,429.0,207.0,True,circular,22.0
SCN_011,731,24.3333,TGT_001,COMMUNICATION_TARGET,630,470,10,10,635.0,475.0,False,straight_line,28.0
SCN_011,731,24.3333,TGT_002,DECOY_TARGET,630,0,10,10,635.0,5.0,False,straight_line,28.0
SCN_011,731,24.3333,TGT_003,DECOY_TARGET,426,201,8,8,430.0,205.0,True,circular,22.0
SCN_011,732,24.3667,TGT_001,COMMUNICATION_TARGET,630,470,10,10,635.0,475.0,False,straight_line,28.0
SCN_011,732,24.3667,TGT_002,DECOY_TARGET,630,0,10,10,635.0,5.0,False,straight_line,28.0
SCN_011,732,24.3667,TGT_003,DECOY_TARGET,430,200,8,8,434.0,204.0,True,circular,22.0
SCN_011,733,24.4,TGT_001,COMMUNICATION_TARGET,630,470,10,10,635.0,475.0,False,straight_line,28.0
SCN_011,733,24.4,TGT_002,DECOY_TARGET,630,0,10,10,635.0,5.0,False,straight_line,28.0
SCN_011,733,24.4,TGT_003,DECOY_TARGET,434,198,8,8,438.0,202.0,True,circular,22.0
SCN_011,734,24.4333,TGT_001,COMMUNICATION_TARGET,630,470,10,10,635.0,475.0,False,straight_line,28.0
SCN_011,734,24.4333,TGT_002,DECOY_TARGET,630,0,10,10,635.0,5.0,False,straight_line,28.0
SCN_011,734,24.4333,TGT_003,DECOY_TARGET,437,197,8,8,441.0,201.0,True,circular,22.0
SCN_011,735,24.4667,TGT_001,COMMUNICATION_TARGET,630,470,10,10,635.0,475.0,False,straight_line,28.0
SCN_011,735,24.4667,TGT_002,DECOY_TARGET,630,0,10,10,635.0,5.0,False,straight_line,28.0
SCN_011,735,24.4667,TGT_003,DECOY_TARGET,435,199,8,8,439.0,203.0,True,circular,22.0
SCN_011,736,24.5,TGT_001,COMMUNICATION_TARGET,630,470,10,10,635.0,475.0,False,straight_line,28.0
SCN_011,736,24.5,TGT_002,DECOY_TARGET,630,0,10,10,635.0,5.0,False,straight_line,28.0
SCN_011,736,24.5,TGT_003,DECOY_TARGET,430,203,8,8,434.0,207.0,True,circular,22.0
SCN_011,737,24.5333,TGT_001,COMMUNICATION_TARGET,630,470,10,10,635.0,475.0,False,straight_line,28.0
SCN_011,737,24.5333,TGT_002,DECOY_TARGET,630,0,10,10,635.0,5.0,False,straight_line,28.0
SCN_011,737,24.5333,TGT_003,DECOY_TARGET,426,209,8,8,430.0,213.0,True,circular,22.0
SCN_011,738,24.5667,TGT_001,COMMUNICATION_TARGET,630,470,10,10,635.0,475.0,False,straight_line,28.0
SCN_011,738,24.5667,TGT_002,DECOY_TARGET,630,0,10,10,635.0,5.0,False,straight_line,28.0
SCN_011,738,24.5667,TGT_003,DECOY_TARGET,423,212,8,8,427.0,216.0,True,circular,22.0
SCN_011,739,24.6,TGT_001,COMMUNICATION_TARGET,630,470,10,10,635.0,475.0,False,straight_line,28.0
SCN_011,739,24.6,TGT_002,DECOY_TARGET,630,0,10,10,635.0,5.0,False,straight_line,28.0
SCN_011,739,24.6,TGT_003,DECOY_TARGET,425,213,8,8,429.0,217.0,True,circular,22.0
SCN_011,740,24.6333,TGT_001,COMMUNICATION_TARGET,630,470,10,10,635.0,475.0,False,straight_line,28.0
SCN_011,740,24.6333,TGT_002,DECOY_TARGET,630,0,10,10,635.0,5.0,False,straight_line,28.0
SCN_011,740,24.6333,TGT_003,DECOY_TARGET,429,212,8,8,433.0,216.0,True,circular,22.0
SCN_011,741,24.6667,TGT_001,COMMUNICATION_TARGET,630,470,10,10,635.0,475.0,False,straight_line,28.0
SCN_011,741,24.6667,TGT_002,DECOY_TARGET,630,0,10,10,635.0,5.0,False,straight_line,28.0
SCN_011,741,24.6667,TGT_003,DECOY_TARGET,435,208,8,8,439.0,212.0,True,circular,22.0
SCN_011,742,24.7,TGT_001,COMMUNICATION_TARGET,630,470,10,10,635.0,475.0,False,straight_line,28.0
SCN_011,742,24.7,TGT_002,DECOY_TARGET,630,0,10,10,635.0,5.0,False,straight_line,28.0
SCN_011,742,24.7,TGT_003,DECOY_TARGET,437,206,8,8,441.0,210.0,True,circular,22.0
SCN_011,743,24.7333,TGT_001,COMMUNICATION_TARGET,630,470,10,10,635.0,475.0,False,straight_line,28.0
SCN_011,743,24.7333,TGT_002,DECOY_TARGET,630,0,10,10,635.0,5.0,False,straight_line,28.0
SCN_011,743,24.7333,TGT_003,DECOY_TARGET,436,205,8,8,440.0,209.0,True,circular,22.0
SCN_011,744,24.7667,TGT_001,COMMUNICATION_TARGET,630,470,10,10,635.0,475.0,False,straight_line,28.0
SCN_011,744,24.7667,TGT_002,DECOY_TARGET,630,0,10,10,635.0,5.0,False,straight_line,28.0
SCN_011,744,24.7667,TGT_003,DECOY_TARGET,435,206,8,8,439.0,210.0,True,circular,22.0
SCN_011,745,24.8,TGT_001,COMMUNICATION_TARGET,630,470,10,10,635.0,475.0,False,straight_line,28.0
SCN_011,745,24.8,TGT_002,DECOY_TARGET,630,0,10,10,635.0,5.0,False,straight_line,28.0
SCN_011,745,24.8,TGT_003,DECOY_TARGET,434,208,8,8,438.0,212.0,True,circular,22.0
SCN_011,746,24.8333,TGT_001,COMMUNICATION_TARGET,630,470,10,10,635.0,475.0,False,straight_line,28.0
SCN_011,746,24.8333,TGT_002,DECOY_TARGET,630,0,10,10,635.0,5.0,False,straight_line,28.0
SCN_011,746,24.8333,TGT_003,DECOY_TARGET,434,209,8,8,438.0,213.0,True,circular,22.0
SCN_011,747,24.8667,TGT_001,COMMUNICATION_TARGET,630,470,10,10,635.0,475.0,False,straight_line,28.0
SCN_011,747,24.8667,TGT_002,DECOY_TARGET,630,0,10,10,635.0,5.0,False,straight_line,28.0
SCN_011,747,24.8667,TGT_003,DECOY_TARGET,433,210,8,8,437.0,214.0,True,circular,22.0
SCN_011,748,24.9,TGT_001,COMMUNICATION_TARGET,630,470,10,10,635.0,475.0,False,straight_line,28.0
SCN_011,748,24.9,TGT_002,DECOY_TARGET,630,0,10,10,635.0,5.0,False,straight_line,28.0
SCN_011,748,24.9,TGT_003,DECOY_TARGET,431,211,8,8,435.0,215.0,True,circular,22.0
SCN_011,749,24.9333,TGT_001,COMMUNICATION_TARGET,630,470,10,10,635.0,475.0,False,straight_line,28.0
SCN_011,749,24.9333,TGT_002,DECOY_TARGET,630,0,10,10,635.0,5.0,False,straight_line,28.0
SCN_011,749,24.9333,TGT_003,DECOY_TARGET,430,213,8,8,434.0,217.0,True,circular,22.0
SCN_011,750,24.9667,TGT_001,COMMUNICATION_TARGET,630,470,10,10,635.0,475.0,False,straight_line,28.0
SCN_011,750,24.9667,TGT_002,DECOY_TARGET,630,0,10,10,635.0,5.0,False,straight_line,28.0
SCN_011,750,24.9667,TGT_003,DECOY_TARGET,430,216,8,8,434.0,220.0,True,circular,22.0
SCN_011,751,25.0,TGT_001,COMMUNICATION_TARGET,630,470,10,10,635.0,475.0,False,straight_line,28.0
SCN_011,751,25.0,TGT_002,DECOY_TARGET,630,0,10,10,635.0,5.0,False,straight_line,28.0
SCN_011,751,25.0,TGT_003,DECOY_TARGET,433,221,8,8,437.0,225.0,True,circular,22.0
SCN_011,752,25.0333,TGT_001,COMMUNICATION_TARGET,630,470,10,10,635.0,475.0,False,straight_line,28.0
SCN_011,752,25.0333,TGT_002,DECOY_TARGET,630,0,10,10,635.0,5.0,False,straight_line,28.0
SCN_011,752,25.0333,TGT_003,DECOY_TARGET,437,223,8,8,441.0,227.0,True,circular,22.0
SCN_011,753,25.0667,TGT_001,COMMUNICATION_TARGET,630,470,10,10,635.0,475.0,False,straight_line,28.0
SCN_011,753,25.0667,TGT_002,DECOY_TARGET,630,0,10,10,635.0,5.0,False,straight_line,28.0
SCN_011,753,25.0667,TGT_003,DECOY_TARGET,443,221,8,8,447.0,225.0,True,circular,22.0
SCN_011,754,25.1,TGT_001,COMMUNICATION_TARGET,630,470,10,10,635.0,475.0,False,straight_line,28.0
SCN_011,754,25.1,TGT_002,DECOY_TARGET,630,0,10,10,635.0,5.0,False,straight_line,28.0
SCN_011,754,25.1,TGT_003,DECOY_TARGET,444,218,8,8,448.0,222.0,True,circular,22.0
SCN_011,755,25.1333,TGT_001,COMMUNICATION_TARGET,630,470,10,10,635.0,475.0,False,straight_line,28.0
SCN_011,755,25.1333,TGT_002,DECOY_TARGET,630,0,10,10,635.0,5.0,False,straight_line,28.0
SCN_011,755,25.1333,TGT_003,DECOY_TARGET,440,214,8,8,444.0,218.0,True,circular,22.0
SCN_011,756,25.1667,TGT_001,COMMUNICATION_TARGET,630,470,10,10,635.0,475.0,False,straight_line,28.0
SCN_011,756,25.1667,TGT_002,DECOY_TARGET,630,0,10,10,635.0,5.0,False,straight_line,28.0
SCN_011,756,25.1667,TGT_003,DECOY_TARGET,435,211,8,8,439.0,215.0,True,circular,22.0
SCN_011,757,25.2,TGT_001,COMMUNICATION_TARGET,630,470,10,10,635.0,475.0,False,straight_line,28.0
SCN_011,757,25.2,TGT_002,DECOY_TARGET,630,0,10,10,635.0,5.0,False,straight_line,28.0
SCN_011,757,25.2,TGT_003,DECOY_TARGET,432,212,8,8,436.0,216.0,True,circular,22.0
SCN_011,758,25.2333,TGT_001,COMMUNICATION_TARGET,630,470,10,10,635.0,475.0,False,straight_line,28.0
SCN_011,758,25.2333,TGT_002,DECOY_TARGET,630,0,10,10,635.0,5.0,False,straight_line,28.0
SCN_011,758,25.2333,TGT_003,DECOY_TARGET,430,216,8,8,434.0,220.0,True,circular,22.0
SCN_011,759,25.2667,TGT_001,COMMUNICATION_TARGET,630,470,10,10,635.0,475.0,False,straight_line,28.0
SCN_011,759,25.2667,TGT_002,DECOY_TARGET,630,0,10,10,635.0,5.0,False,straight_line,28.0
SCN_011,759,25.2667,TGT_003,DECOY_TARGET,433,221,8,8,437.0,225.0,True,circular,22.0
SCN_011,760,25.3,TGT_001,COMMUNICATION_TARGET,630,470,10,10,635.0,475.0,False,straight_line,28.0
SCN_011,760,25.3,TGT_002,DECOY_TARGET,630,0,10,10,635.0,5.0,False,straight_line,28.0
SCN_011,760,25.3,TGT_003,DECOY_TARGET,437,224,8,8,441.0,228.0,True,circular,22.0
SCN_011,761,25.3333,TGT_001,COMMUNICATION_TARGET,630,470,10,10,635.0,475.0,False,straight_line,28.0
SCN_011,761,25.3333,TGT_002,DECOY_TARGET,630,0,10,10,635.0,5.0,False,straight_line,28.0
SCN_011,761,25.3333,TGT_003,DECOY_TARGET,440,226,8,8,444.0,230.0,True,circular,22.0
SCN_011,762,25.3667,TGT_001,COMMUNICATION_TARGET,630,470,10,10,635.0,475.0,False,straight_line,28.0
SCN_011,762,25.3667,TGT_002,DECOY_TARGET,630,0,10,10,635.0,5.0,False,straight_line,28.0
SCN_011,762,25.3667,TGT_003,DECOY_TARGET,441,226,8,8,445.0,230.0,True,circular,22.0
SCN_011,763,25.4,TGT_001,COMMUNICATION_TARGET,630,470,10,10,635.0,475.0,False,straight_line,28.0
SCN_011,763,25.4,TGT_002,DECOY_TARGET,630,0,10,10,635.0,5.0,False,straight_line,28.0
SCN_011,763,25.4,TGT_003,DECOY_TARGET,442,226,8,8,446.0,230.0,True,circular,22.0
SCN_011,764,25.4333,TGT_001,COMMUNICATION_TARGET,630,470,10,10,635.0,475.0,False,straight_line,28.0
SCN_011,764,25.4333,TGT_002,DECOY_TARGET,630,0,10,10,635.0,5.0,False,straight_line,28.0
SCN_011,764,25.4333,TGT_003,DECOY_TARGET,441,227,8,8,445.0,231.0,True,circular,22.0
SCN_011,765,25.4667,TGT_001,COMMUNICATION_TARGET,630,470,10,10,635.0,475.0,False,straight_line,28.0
SCN_011,765,25.4667,TGT_002,DECOY_TARGET,630,0,10,10,635.0,5.0,False,straight_line,28.0
SCN_011,765,25.4667,TGT_003,DECOY_TARGET,442,227,8,8,446.0,231.0,True,circular,22.0
SCN_011,766,25.5,TGT_001,COMMUNICATION_TARGET,630,470,10,10,635.0,475.0,False,straight_line,28.0
SCN_011,766,25.5,TGT_002,DECOY_TARGET,630,0,10,10,635.0,5.0,False,straight_line,28.0
SCN_011,766,25.5,TGT_003,DECOY_TARGET,441,229,8,8,445.0,233.0,True,circular,22.0
SCN_011,767,25.5333,TGT_001,COMMUNICATION_TARGET,630,470,10,10,635.0,475.0,False,straight_line,28.0
SCN_011,767,25.5333,TGT_002,DECOY_TARGET,630,0,10,10,635.0,5.0,False,straight_line,28.0
SCN_011,767,25.5333,TGT_003,DECOY_TARGET,439,226,8,8,443.0,230.0,True,circular,22.0
SCN_011,768,25.5667,TGT_001,COMMUNICATION_TARGET,630,470,10,10,635.0,475.0,False,straight_line,28.0
SCN_011,768,25.5667,TGT_002,DECOY_TARGET,630,0,10,10,635.0,5.0,False,straight_line,28.0
SCN_011,768,25.5667,TGT_003,DECOY_TARGET,435,225,8,8,439.0,229.0,True,circular,22.0
SCN_011,769,25.6,TGT_001,COMMUNICATION_TARGET,630,470,10,10,635.0,475.0,False,straight_line,28.0
SCN_011,769,25.6,TGT_002,DECOY_TARGET,630,0,10,10,635.0,5.0,False,straight_line,28.0
SCN_011,769,25.6,TGT_003,DECOY_TARGET,433,223,8,8,437.0,227.0,True,circular,22.0
SCN_011,770,25.6333,TGT_001,COMMUNICATION_TARGET,630,470,10,10,635.0,475.0,False,straight_line,28.0
SCN_011,770,25.6333,TGT_002,DECOY_TARGET,630,0,10,10,635.0,5.0,False,straight_line,28.0
SCN_011,770,25.6333,TGT_003,DECOY_TARGET,435,223,8,8,439.0,227.0,True,circular,22.0
SCN_011,771,25.6667,TGT_001,COMMUNICATION_TARGET,630,470,10,10,635.0,475.0,False,straight_line,28.0
SCN_011,771,25.6667,TGT_002,DECOY_TARGET,630,0,10,10,635.0,5.0,False,straight_line,28.0
SCN_011,771,25.6667,TGT_003,DECOY_TARGET,441,227,8,8,445.0,231.0,True,circular,22.0
SCN_011,772,25.7,TGT_001,COMMUNICATION_TARGET,630,470,10,10,635.0,475.0,False,straight_line,28.0
SCN_011,772,25.7,TGT_002,DECOY_TARGET,630,0,10,10,635.0,5.0,False,straight_line,28.0
SCN_011,772,25.7,TGT_003,DECOY_TARGET,446,231,8,8,450.0,235.0,True,circular,22.0
SCN_011,773,25.7333,TGT_001,COMMUNICATION_TARGET,630,470,10,10,635.0,475.0,False,straight_line,28.0
SCN_011,773,25.7333,TGT_002,DECOY_TARGET,630,0,10,10,635.0,5.0,False,straight_line,28.0
SCN_011,773,25.7333,TGT_003,DECOY_TARGET,448,237,8,8,452.0,241.0,True,circular,22.0
SCN_011,774,25.7667,TGT_001,COMMUNICATION_TARGET,630,470,10,10,635.0,475.0,False,straight_line,28.0
SCN_011,774,25.7667,TGT_002,DECOY_TARGET,630,0,10,10,635.0,5.0,False,straight_line,28.0
SCN_011,774,25.7667,TGT_003,DECOY_TARGET,446,240,8,8,450.0,244.0,True,circular,22.0
SCN_011,775,25.8,TGT_001,COMMUNICATION_TARGET,630,470,10,10,635.0,475.0,False,straight_line,28.0
SCN_011,775,25.8,TGT_002,DECOY_TARGET,630,0,10,10,635.0,5.0,False,straight_line,28.0
SCN_011,775,25.8,TGT_003,DECOY_TARGET,442,240,8,8,446.0,244.0,True,circular,22.0
SCN_011,776,25.8333,TGT_001,COMMUNICATION_TARGET,630,470,10,10,635.0,475.0,False,straight_line,28.0
SCN_011,776,25.8333,TGT_002,DECOY_TARGET,630,0,10,10,635.0,5.0,False,straight_line,28.0
SCN_011,776,25.8333,TGT_003,DECOY_TARGET,439,238,8,8,443.0,242.0,True,circular,22.0
SCN_011,777,25.8667,TGT_001,COMMUNICATION_TARGET,630,470,10,10,635.0,475.0,False,straight_line,28.0
SCN_011,777,25.8667,TGT_002,DECOY_TARGET,630,0,10,10,635.0,5.0,False,straight_line,28.0
SCN_011,777,25.8667,TGT_003,DECOY_TARGET,437,235,8,8,441.0,239.0,True,circular,22.0
SCN_011,778,25.9,TGT_001,COMMUNICATION_TARGET,630,470,10,10,635.0,475.0,False,straight_line,28.0
SCN_011,778,25.9,TGT_002,DECOY_TARGET,630,0,10,10,635.0,5.0,False,straight_line,28.0
SCN_011,778,25.9,TGT_003,DECOY_TARGET,438,234,8,8,442.0,238.0,True,circular,22.0
SCN_011,779,25.9333,TGT_001,COMMUNICATION_TARGET,630,470,10,10,635.0,475.0,False,straight_line,28.0
SCN_011,779,25.9333,TGT_002,DECOY_TARGET,630,0,10,10,635.0,5.0,False,straight_line,28.0
SCN_011,779,25.9333,TGT_003,DECOY_TARGET,439,233,8,8,443.0,237.0,True,circular,22.0
SCN_011,780,25.9667,TGT_001,COMMUNICATION_TARGET,630,470,10,10,635.0,475.0,False,straight_line,28.0
SCN_011,780,25.9667,TGT_002,DECOY_TARGET,630,0,10,10,635.0,5.0,False,straight_line,28.0
SCN_011,780,25.9667,TGT_003,DECOY_TARGET,440,235,8,8,444.0,239.0,True,circular,22.0
SCN_011,781,26.0,TGT_001,COMMUNICATION_TARGET,630,470,10,10,635.0,475.0,False,straight_line,28.0
SCN_011,781,26.0,TGT_002,DECOY_TARGET,630,0,10,10,635.0,5.0,False,straight_line,28.0
SCN_011,781,26.0,TGT_003,DECOY_TARGET,441,237,8,8,445.0,241.0,True,circular,22.0
SCN_011,782,26.0333,TGT_001,COMMUNICATION_TARGET,630,470,10,10,635.0,475.0,False,straight_line,28.0
SCN_011,782,26.0333,TGT_002,DECOY_TARGET,630,0,10,10,635.0,5.0,False,straight_line,28.0
SCN_011,782,26.0333,TGT_003,DECOY_TARGET,442,238,8,8,446.0,242.0,True,circular,22.0
SCN_011,783,26.0667,TGT_001,COMMUNICATION_TARGET,630,470,10,10,635.0,475.0,False,straight_line,28.0
SCN_011,783,26.0667,TGT_002,DECOY_TARGET,630,0,10,10,635.0,5.0,False,straight_line,28.0
SCN_011,783,26.0667,TGT_003,DECOY_TARGET,445,238,8,8,449.0,242.0,True,circular,22.0
SCN_011,784,26.1,TGT_001,COMMUNICATION_TARGET,630,470,10,10,635.0,475.0,False,straight_line,28.0
SCN_011,784,26.1,TGT_002,DECOY_TARGET,630,0,10,10,635.0,5.0,False,straight_line,28.0
SCN_011,784,26.1,TGT_003,DECOY_TARGET,447,241,8,8,451.0,245.0,True,circular,22.0
SCN_011,785,26.1333,TGT_001,COMMUNICATION_TARGET,630,470,10,10,635.0,475.0,False,straight_line,28.0
SCN_011,785,26.1333,TGT_002,DECOY_TARGET,630,0,10,10,635.0,5.0,False,straight_line,28.0
SCN_011,785,26.1333,TGT_003,DECOY_TARGET,447,243,8,8,451.0,247.0,True,circular,22.0
SCN_011,786,26.1667,TGT_001,COMMUNICATION_TARGET,630,470,10,10,635.0,475.0,False,straight_line,28.0
SCN_011,786,26.1667,TGT_002,DECOY_TARGET,630,0,10,10,635.0,5.0,False,straight_line,28.0
SCN_011,786,26.1667,TGT_003,DECOY_TARGET,445,247,8,8,449.0,251.0,True,circular,22.0
SCN_011,787,26.2,TGT_001,COMMUNICATION_TARGET,630,470,10,10,635.0,475.0,False,straight_line,28.0
SCN_011,787,26.2,TGT_002,DECOY_TARGET,630,0,10,10,635.0,5.0,False,straight_line,28.0
SCN_011,787,26.2,TGT_003,DECOY_TARGET,439,251,8,8,443.0,255.0,True,circular,22.0
SCN_011,788,26.2333,TGT_001,COMMUNICATION_TARGET,630,470,10,10,635.0,475.0,False,straight_line,28.0
SCN_011,788,26.2333,TGT_002,DECOY_TARGET,630,0,10,10,635.0,5.0,False,straight_line,28.0
SCN_011,788,26.2333,TGT_003,DECOY_TARGET,434,252,8,8,438.0,256.0,True,circular,22.0
SCN_011,789,26.2667,TGT_001,COMMUNICATION_TARGET,630,470,10,10,635.0,475.0,False,straight_line,28.0
SCN_011,789,26.2667,TGT_002,DECOY_TARGET,630,0,10,10,635.0,5.0,False,straight_line,28.0
SCN_011,789,26.2667,TGT_003,DECOY_TARGET,434,250,8,8,438.0,254.0,True,circular,22.0
SCN_011,790,26.3,TGT_001,COMMUNICATION_TARGET,630,470,10,10,635.0,475.0,False,straight_line,28.0
SCN_011,790,26.3,TGT_002,DECOY_TARGET,630,0,10,10,635.0,5.0,False,straight_line,28.0
SCN_011,790,26.3,TGT_003,DECOY_TARGET,438,246,8,8,442.0,250.0,True,circular,22.0
SCN_011,791,26.3333,TGT_001,COMMUNICATION_TARGET,630,470,10,10,635.0,475.0,False,straight_line,28.0
SCN_011,791,26.3333,TGT_002,DECOY_TARGET,630,0,10,10,635.0,5.0,False,straight_line,28.0
SCN_011,791,26.3333,TGT_003,DECOY_TARGET,444,242,8,8,448.0,246.0,True,circular,22.0
SCN_011,792,26.3667,TGT_001,COMMUNICATION_TARGET,630,470,10,10,635.0,475.0,False,straight_line,28.0
SCN_011,792,26.3667,TGT_002,DECOY_TARGET,630,0,10,10,635.0,5.0,False,straight_line,28.0
SCN_011,792,26.3667,TGT_003,DECOY_TARGET,447,242,8,8,451.0,246.0,True,circular,22.0
SCN_011,793,26.4,TGT_001,COMMUNICATION_TARGET,630,470,10,10,635.0,475.0,False,straight_line,28.0
SCN_011,793,26.4,TGT_002,DECOY_TARGET,630,0,10,10,635.0,5.0,False,straight_line,28.0
SCN_011,793,26.4,TGT_003,DECOY_TARGET,448,243,8,8,452.0,247.0,True,circular,22.0
SCN_011,794,26.4333,TGT_001,COMMUNICATION_TARGET,630,470,10,10,635.0,475.0,False,straight_line,28.0
SCN_011,794,26.4333,TGT_002,DECOY_TARGET,630,0,10,10,635.0,5.0,False,straight_line,28.0
SCN_011,794,26.4333,TGT_003,DECOY_TARGET,445,248,8,8,449.0,252.0,True,circular,22.0
SCN_011,795,26.4667,TGT_001,COMMUNICATION_TARGET,630,470,10,10,635.0,475.0,False,straight_line,28.0
SCN_011,795,26.4667,TGT_002,DECOY_TARGET,630,0,10,10,635.0,5.0,False,straight_line,28.0
SCN_011,795,26.4667,TGT_003,DECOY_TARGET,442,253,8,8,446.0,257.0,True,circular,22.0
SCN_011,796,26.5,TGT_001,COMMUNICATION_TARGET,630,470,10,10,635.0,475.0,False,straight_line,28.0
SCN_011,796,26.5,TGT_002,DECOY_TARGET,630,0,10,10,635.0,5.0,False,straight_line,28.0
SCN_011,796,26.5,TGT_003,DECOY_TARGET,440,256,8,8,444.0,260.0,True,circular,22.0
SCN_011,797,26.5333,TGT_001,COMMUNICATION_TARGET,630,470,10,10,635.0,475.0,False,straight_line,28.0
SCN_011,797,26.5333,TGT_002,DECOY_TARGET,630,0,10,10,635.0,5.0,False,straight_line,28.0
SCN_011,797,26.5333,TGT_003,DECOY_TARGET,440,257,8,8,444.0,261.0,True,circular,22.0
SCN_011,798,26.5667,TGT_001,COMMUNICATION_TARGET,630,470,10,10,635.0,475.0,False,straight_line,28.0
SCN_011,798,26.5667,TGT_002,DECOY_TARGET,630,0,10,10,635.0,5.0,False,straight_line,28.0
SCN_011,798,26.5667,TGT_003,DECOY_TARGET,439,257,8,8,443.0,261.0,True,circular,22.0
SCN_011,799,26.6,TGT_001,COMMUNICATION_TARGET,630,470,10,10,635.0,475.0,False,straight_line,28.0
SCN_011,799,26.6,TGT_002,DECOY_TARGET,630,0,10,10,635.0,5.0,False,straight_line,28.0
SCN_011,799,26.6,TGT_003,DECOY_TARGET,438,257,8,8,442.0,261.0,True,circular,22.0
SCN_011,800,26.6333,TGT_001,COMMUNICATION_TARGET,630,470,10,10,635.0,475.0,False,straight_line,28.0
SCN_011,800,26.6333,TGT_002,DECOY_TARGET,630,0,10,10,635.0,5.0,False,straight_line,28.0
SCN_011,800,26.6333,TGT_003,DECOY_TARGET,437,259,8,8,441.0,263.0,True,circular,22.0
SCN_011,801,26.6667,TGT_001,COMMUNICATION_TARGET,630,470,10,10,635.0,475.0,False,straight_line,28.0
SCN_011,801,26.6667,TGT_002,DECOY_TARGET,630,0,10,10,635.0,5.0,False,straight_line,28.0
SCN_011,801,26.6667,TGT_003,DECOY_TARGET,439,259,8,8,443.0,263.0,True,circular,22.0
SCN_011,802,26.7,TGT_001,COMMUNICATION_TARGET,630,470,10,10,635.0,475.0,False,straight_line,28.0
SCN_011,802,26.7,TGT_002,DECOY_TARGET,630,0,10,10,635.0,5.0,False,straight_line,28.0
SCN_011,802,26.7,TGT_003,DECOY_TARGET,442,259,8,8,446.0,263.0,True,circular,22.0
SCN_011,803,26.7333,TGT_001,COMMUNICATION_TARGET,630,470,10,10,635.0,475.0,False,straight_line,28.0
SCN_011,803,26.7333,TGT_002,DECOY_TARGET,630,0,10,10,635.0,5.0,False,straight_line,28.0
SCN_011,803,26.7333,TGT_003,DECOY_TARGET,446,258,8,8,450.0,262.0,True,circular,22.0
SCN_011,804,26.7667,TGT_001,COMMUNICATION_TARGET,630,470,10,10,635.0,475.0,False,straight_line,28.0
SCN_011,804,26.7667,TGT_002,DECOY_TARGET,630,0,10,10,635.0,5.0,False,straight_line,28.0
SCN_011,804,26.7667,TGT_003,DECOY_TARGET,449,256,8,8,453.0,260.0,True,circular,22.0
SCN_011,805,26.8,TGT_001,COMMUNICATION_TARGET,630,470,10,10,635.0,475.0,False,straight_line,28.0
SCN_011,805,26.8,TGT_002,DECOY_TARGET,630,0,10,10,635.0,5.0,False,straight_line,28.0
SCN_011,805,26.8,TGT_003,DECOY_TARGET,446,254,8,8,450.0,258.0,True,circular,22.0
SCN_011,806,26.8333,TGT_001,COMMUNICATION_TARGET,630,470,10,10,635.0,475.0,False,straight_line,28.0
SCN_011,806,26.8333,TGT_002,DECOY_TARGET,630,0,10,10,635.0,5.0,False,straight_line,28.0
SCN_011,806,26.8333,TGT_003,DECOY_TARGET,441,256,8,8,445.0,260.0,True,circular,22.0
SCN_011,807,26.8667,TGT_001,COMMUNICATION_TARGET,630,470,10,10,635.0,475.0,False,straight_line,28.0
SCN_011,807,26.8667,TGT_002,DECOY_TARGET,630,0,10,10,635.0,5.0,False,straight_line,28.0
SCN_011,807,26.8667,TGT_003,DECOY_TARGET,434,259,8,8,438.0,263.0,True,circular,22.0
SCN_011,808,26.9,TGT_001,COMMUNICATION_TARGET,630,470,10,10,635.0,475.0,False,straight_line,28.0
SCN_011,808,26.9,TGT_002,DECOY_TARGET,630,0,10,10,635.0,5.0,False,straight_line,28.0
SCN_011,808,26.9,TGT_003,DECOY_TARGET,433,265,8,8,437.0,269.0,True,circular,22.0
SCN_011,809,26.9333,TGT_001,COMMUNICATION_TARGET,630,470,10,10,635.0,475.0,False,straight_line,28.0
SCN_011,809,26.9333,TGT_002,DECOY_TARGET,630,0,10,10,635.0,5.0,False,straight_line,28.0
SCN_011,809,26.9333,TGT_003,DECOY_TARGET,434,270,8,8,438.0,274.0,True,circular,22.0
SCN_011,810,26.9667,TGT_001,COMMUNICATION_TARGET,630,470,10,10,635.0,475.0,False,straight_line,28.0
SCN_011,810,26.9667,TGT_002,DECOY_TARGET,630,0,10,10,635.0,5.0,False,straight_line,28.0
SCN_011,810,26.9667,TGT_003,DECOY_TARGET,439,273,8,8,443.0,277.0,True,circular,22.0
SCN_011,811,27.0,TGT_001,COMMUNICATION_TARGET,630,470,10,10,635.0,475.0,False,straight_line,28.0
SCN_011,811,27.0,TGT_002,DECOY_TARGET,630,0,10,10,635.0,5.0,False,straight_line,28.0
SCN_011,811,27.0,TGT_003,DECOY_TARGET,442,272,8,8,446.0,276.0,True,circular,22.0
SCN_011,812,27.0333,TGT_001,COMMUNICATION_TARGET,630,470,10,10,635.0,475.0,False,straight_line,28.0
SCN_011,812,27.0333,TGT_002,DECOY_TARGET,630,0,10,10,635.0,5.0,False,straight_line,28.0
SCN_011,812,27.0333,TGT_003,DECOY_TARGET,443,269,8,8,447.0,273.0,True,circular,22.0
SCN_011,813,27.0667,TGT_001,COMMUNICATION_TARGET,630,470,10,10,635.0,475.0,False,straight_line,28.0
SCN_011,813,27.0667,TGT_002,DECOY_TARGET,630,0,10,10,635.0,5.0,False,straight_line,28.0
SCN_011,813,27.0667,TGT_003,DECOY_TARGET,442,266,8,8,446.0,270.0,True,circular,22.0
SCN_011,814,27.1,TGT_001,COMMUNICATION_TARGET,630,470,10,10,635.0,475.0,False,straight_line,28.0
SCN_011,814,27.1,TGT_002,DECOY_TARGET,630,0,10,10,635.0,5.0,False,straight_line,28.0
SCN_011,814,27.1,TGT_003,DECOY_TARGET,440,265,8,8,444.0,269.0,True,circular,22.0
SCN_011,815,27.1333,TGT_001,COMMUNICATION_TARGET,630,470,10,10,635.0,475.0,False,straight_line,28.0
SCN_011,815,27.1333,TGT_002,DECOY_TARGET,630,0,10,10,635.0,5.0,False,straight_line,28.0
SCN_011,815,27.1333,TGT_003,DECOY_TARGET,440,266,8,8,444.0,270.0,True,circular,22.0
SCN_011,816,27.1667,TGT_001,COMMUNICATION_TARGET,630,470,10,10,635.0,475.0,False,straight_line,28.0
SCN_011,816,27.1667,TGT_002,DECOY_TARGET,630,0,10,10,635.0,5.0,False,straight_line,28.0
SCN_011,816,27.1667,TGT_003,DECOY_TARGET,439,268,8,8,443.0,272.0,True,circular,22.0
SCN_011,817,27.2,TGT_001,COMMUNICATION_TARGET,630,470,10,10,635.0,475.0,False,straight_line,28.0
SCN_011,817,27.2,TGT_002,DECOY_TARGET,630,0,10,10,635.0,5.0,False,straight_line,28.0
SCN_011,817,27.2,TGT_003,DECOY_TARGET,437,270,8,8,441.0,274.0,True,circular,22.0
SCN_011,818,27.2333,TGT_001,COMMUNICATION_TARGET,630,470,10,10,635.0,475.0,False,straight_line,28.0
SCN_011,818,27.2333,TGT_002,DECOY_TARGET,630,0,10,10,635.0,5.0,False,straight_line,28.0
SCN_011,818,27.2333,TGT_003,DECOY_TARGET,433,271,8,8,437.0,275.0,True,circular,22.0
SCN_011,819,27.2667,TGT_001,COMMUNICATION_TARGET,630,470,10,10,635.0,475.0,False,straight_line,28.0
SCN_011,819,27.2667,TGT_002,DECOY_TARGET,630,0,10,10,635.0,5.0,False,straight_line,28.0
SCN_011,819,27.2667,TGT_003,DECOY_TARGET,432,271,8,8,436.0,275.0,True,circular,22.0
SCN_011,820,27.3,TGT_001,COMMUNICATION_TARGET,630,470,10,10,635.0,475.0,False,straight_line,28.0
SCN_011,820,27.3,TGT_002,DECOY_TARGET,630,0,10,10,635.0,5.0,False,straight_line,28.0
SCN_011,820,27.3,TGT_003,DECOY_TARGET,431,272,8,8,435.0,276.0,True,circular,22.0
SCN_011,821,27.3333,TGT_001,COMMUNICATION_TARGET,630,470,10,10,635.0,475.0,False,straight_line,28.0
SCN_011,821,27.3333,TGT_002,DECOY_TARGET,630,0,10,10,635.0,5.0,False,straight_line,28.0
SCN_011,821,27.3333,TGT_003,DECOY_TARGET,434,275,8,8,438.0,279.0,True,circular,22.0
SCN_011,822,27.3667,TGT_001,COMMUNICATION_TARGET,630,470,10,10,635.0,475.0,False,straight_line,28.0
SCN_011,822,27.3667,TGT_002,DECOY_TARGET,630,0,10,10,635.0,5.0,False,straight_line,28.0
SCN_011,822,27.3667,TGT_003,DECOY_TARGET,439,280,8,8,443.0,284.0,True,circular,22.0
SCN_011,823,27.4,TGT_001,COMMUNICATION_TARGET,630,470,10,10,635.0,475.0,False,straight_line,28.0
SCN_011,823,27.4,TGT_002,DECOY_TARGET,630,0,10,10,635.0,5.0,False,straight_line,28.0
SCN_011,823,27.4,TGT_003,DECOY_TARGET,443,282,8,8,447.0,286.0,True,circular,22.0
SCN_011,824,27.4333,TGT_001,COMMUNICATION_TARGET,630,470,10,10,635.0,475.0,False,straight_line,28.0
SCN_011,824,27.4333,TGT_002,DECOY_TARGET,630,0,10,10,635.0,5.0,False,straight_line,28.0
SCN_011,824,27.4333,TGT_003,DECOY_TARGET,443,283,8,8,447.0,287.0,True,circular,22.0
SCN_011,825,27.4667,TGT_001,COMMUNICATION_TARGET,630,470,10,10,635.0,475.0,False,straight_line,28.0
SCN_011,825,27.4667,TGT_002,DECOY_TARGET,630,0,10,10,635.0,5.0,False,straight_line,28.0
SCN_011,825,27.4667,TGT_003,DECOY_TARGET,437,281,8,8,441.0,285.0,True,circular,22.0
SCN_011,826,27.5,TGT_001,COMMUNICATION_TARGET,630,470,10,10,635.0,475.0,False,straight_line,28.0
SCN_011,826,27.5,TGT_002,DECOY_TARGET,630,0,10,10,635.0,5.0,False,straight_line,28.0
SCN_011,826,27.5,TGT_003,DECOY_TARGET,432,277,8,8,436.0,281.0,True,circular,22.0
SCN_011,827,27.5333,TGT_001,COMMUNICATION_TARGET,630,470,10,10,635.0,475.0,False,straight_line,28.0
SCN_011,827,27.5333,TGT_002,DECOY_TARGET,630,0,10,10,635.0,5.0,False,straight_line,28.0
SCN_011,827,27.5333,TGT_003,DECOY_TARGET,429,274,8,8,433.0,278.0,True,circular,22.0
SCN_011,828,27.5667,TGT_001,COMMUNICATION_TARGET,630,470,10,10,635.0,475.0,False,straight_line,28.0
SCN_011,828,27.5667,TGT_002,DECOY_TARGET,630,0,10,10,635.0,5.0,False,straight_line,28.0
SCN_011,828,27.5667,TGT_003,DECOY_TARGET,428,274,8,8,432.0,278.0,True,circular,22.0
SCN_011,829,27.6,TGT_001,COMMUNICATION_TARGET,630,470,10,10,635.0,475.0,False,straight_line,28.0
SCN_011,829,27.6,TGT_002,DECOY_TARGET,630,0,10,10,635.0,5.0,False,straight_line,28.0
SCN_011,829,27.6,TGT_003,DECOY_TARGET,430,276,8,8,434.0,280.0,True,circular,22.0
SCN_011,830,27.6333,TGT_001,COMMUNICATION_TARGET,630,470,10,10,635.0,475.0,False,straight_line,28.0
SCN_011,830,27.6333,TGT_002,DECOY_TARGET,630,0,10,10,635.0,5.0,False,straight_line,28.0
SCN_011,830,27.6333,TGT_003,DECOY_TARGET,433,280,8,8,437.0,284.0,True,circular,22.0
SCN_011,831,27.6667,TGT_001,COMMUNICATION_TARGET,630,470,10,10,635.0,475.0,False,straight_line,28.0
SCN_011,831,27.6667,TGT_002,DECOY_TARGET,630,0,10,10,635.0,5.0,False,straight_line,28.0
SCN_011,831,27.6667,TGT_003,DECOY_TARGET,433,285,8,8,437.0,289.0,True,circular,22.0
SCN_011,832,27.7,TGT_001,COMMUNICATION_TARGET,630,470,10,10,635.0,475.0,False,straight_line,28.0
SCN_011,832,27.7,TGT_002,DECOY_TARGET,630,0,10,10,635.0,5.0,False,straight_line,28.0
SCN_011,832,27.7,TGT_003,DECOY_TARGET,432,287,8,8,436.0,291.0,True,circular,22.0
SCN_011,833,27.7333,TGT_001,COMMUNICATION_TARGET,630,470,10,10,635.0,475.0,False,straight_line,28.0
SCN_011,833,27.7333,TGT_002,DECOY_TARGET,630,0,10,10,635.0,5.0,False,straight_line,28.0
SCN_011,833,27.7333,TGT_003,DECOY_TARGET,433,289,8,8,437.0,293.0,True,circular,22.0
SCN_011,834,27.7667,TGT_001,COMMUNICATION_TARGET,630,470,10,10,635.0,475.0,False,straight_line,28.0
SCN_011,834,27.7667,TGT_002,DECOY_TARGET,630,0,10,10,635.0,5.0,False,straight_line,28.0
SCN_011,834,27.7667,TGT_003,DECOY_TARGET,435,288,8,8,439.0,292.0,True,circular,22.0
SCN_011,835,27.8,TGT_001,COMMUNICATION_TARGET,630,470,10,10,635.0,475.0,False,straight_line,28.0
SCN_011,835,27.8,TGT_002,DECOY_TARGET,630,0,10,10,635.0,5.0,False,straight_line,28.0
SCN_011,835,27.8,TGT_003,DECOY_TARGET,435,288,8,8,439.0,292.0,True,circular,22.0
SCN_011,836,27.8333,TGT_001,COMMUNICATION_TARGET,630,470,10,10,635.0,475.0,False,straight_line,28.0
SCN_011,836,27.8333,TGT_002,DECOY_TARGET,630,0,10,10,635.0,5.0,False,straight_line,28.0
SCN_011,836,27.8333,TGT_003,DECOY_TARGET,433,290,8,8,437.0,294.0,True,circular,22.0
SCN_011,837,27.8667,TGT_001,COMMUNICATION_TARGET,630,470,10,10,635.0,475.0,False,straight_line,28.0
SCN_011,837,27.8667,TGT_002,DECOY_TARGET,630,0,10,10,635.0,5.0,False,straight_line,28.0
SCN_011,837,27.8667,TGT_003,DECOY_TARGET,429,290,8,8,433.0,294.0,True,circular,22.0
SCN_011,838,27.9,TGT_001,COMMUNICATION_TARGET,630,470,10,10,635.0,475.0,False,straight_line,28.0
SCN_011,838,27.9,TGT_002,DECOY_TARGET,630,0,10,10,635.0,5.0,False,straight_line,28.0
SCN_011,838,27.9,TGT_003,DECOY_TARGET,424,289,8,8,428.0,293.0,True,circular,22.0
SCN_011,839,27.9333,TGT_001,COMMUNICATION_TARGET,630,470,10,10,635.0,475.0,False,straight_line,28.0
SCN_011,839,27.9333,TGT_002,DECOY_TARGET,630,0,10,10,635.0,5.0,False,straight_line,28.0
SCN_011,839,27.9333,TGT_003,DECOY_TARGET,422,288,8,8,426.0,292.0,True,circular,22.0
SCN_011,840,27.9667,TGT_001,COMMUNICATION_TARGET,630,470,10,10,635.0,475.0,False,straight_line,28.0
SCN_011,840,27.9667,TGT_002,DECOY_TARGET,630,0,10,10,635.0,5.0,False,straight_line,28.0
SCN_011,840,27.9667,TGT_003,DECOY_TARGET,423,285,8,8,427.0,289.0,True,circular,22.0
SCN_011,841,28.0,TGT_001,COMMUNICATION_TARGET,630,470,10,10,635.0,475.0,False,straight_line,28.0
SCN_011,841,28.0,TGT_002,DECOY_TARGET,630,0,10,10,635.0,5.0,False,straight_line,28.0
SCN_011,841,28.0,TGT_003,DECOY_TARGET,428,284,8,8,432.0,288.0,True,circular,22.0
SCN_011,842,28.0333,TGT_001,COMMUNICATION_TARGET,630,470,10,10,635.0,475.0,False,straight_line,28.0
SCN_011,842,28.0333,TGT_002,DECOY_TARGET,630,0,10,10,635.0,5.0,False,straight_line,28.0
SCN_011,842,28.0333,TGT_003,DECOY_TARGET,433,286,8,8,437.0,290.0,True,circular,22.0
SCN_011,843,28.0667,TGT_001,COMMUNICATION_TARGET,630,470,10,10,635.0,475.0,False,straight_line,28.0
SCN_011,843,28.0667,TGT_002,DECOY_TARGET,630,0,10,10,635.0,5.0,False,straight_line,28.0
SCN_011,843,28.0667,TGT_003,DECOY_TARGET,434,289,8,8,438.0,293.0,True,circular,22.0
SCN_011,844,28.1,TGT_001,COMMUNICATION_TARGET,630,470,10,10,635.0,475.0,False,straight_line,28.0
SCN_011,844,28.1,TGT_002,DECOY_TARGET,630,0,10,10,635.0,5.0,False,straight_line,28.0
SCN_011,844,28.1,TGT_003,DECOY_TARGET,431,294,8,8,435.0,298.0,True,circular,22.0
SCN_011,845,28.1333,TGT_001,COMMUNICATION_TARGET,630,470,10,10,635.0,475.0,False,straight_line,28.0
SCN_011,845,28.1333,TGT_002,DECOY_TARGET,630,0,10,10,635.0,5.0,False,straight_line,28.0
SCN_011,845,28.1333,TGT_003,DECOY_TARGET,426,300,8,8,430.0,304.0,True,circular,22.0
SCN_011,846,28.1667,TGT_001,COMMUNICATION_TARGET,630,470,10,10,635.0,475.0,False,straight_line,28.0
SCN_011,846,28.1667,TGT_002,DECOY_TARGET,630,0,10,10,635.0,5.0,False,straight_line,28.0
SCN_011,846,28.1667,TGT_003,DECOY_TARGET,423,301,8,8,427.0,305.0,True,circular,22.0
SCN_011,847,28.2,TGT_001,COMMUNICATION_TARGET,630,470,10,10,635.0,475.0,False,straight_line,28.0
SCN_011,847,28.2,TGT_002,DECOY_TARGET,630,0,10,10,635.0,5.0,False,straight_line,28.0
SCN_011,847,28.2,TGT_003,DECOY_TARGET,421,299,8,8,425.0,303.0,True,circular,22.0
SCN_011,848,28.2333,TGT_001,COMMUNICATION_TARGET,630,470,10,10,635.0,475.0,False,straight_line,28.0
SCN_011,848,28.2333,TGT_002,DECOY_TARGET,630,0,10,10,635.0,5.0,False,straight_line,28.0
SCN_011,848,28.2333,TGT_003,DECOY_TARGET,422,297,8,8,426.0,301.0,True,circular,22.0
SCN_011,849,28.2667,TGT_001,COMMUNICATION_TARGET,630,470,10,10,635.0,475.0,False,straight_line,28.0
SCN_011,849,28.2667,TGT_002,DECOY_TARGET,630,0,10,10,635.0,5.0,False,straight_line,28.0
SCN_011,849,28.2667,TGT_003,DECOY_TARGET,420,294,8,8,424.0,298.0,True,circular,22.0
SCN_011,850,28.3,TGT_001,COMMUNICATION_TARGET,630,470,10,10,635.0,475.0,False,straight_line,28.0
SCN_011,850,28.3,TGT_002,DECOY_TARGET,630,0,10,10,635.0,5.0,False,straight_line,28.0
SCN_011,850,28.3,TGT_003,DECOY_TARGET,421,292,8,8,425.0,296.0,True,circular,22.0
SCN_011,851,28.3333,TGT_001,COMMUNICATION_TARGET,630,470,10,10,635.0,475.0,False,straight_line,28.0
SCN_011,851,28.3333,TGT_002,DECOY_TARGET,630,0,10,10,635.0,5.0,False,straight_line,28.0
SCN_011,851,28.3333,TGT_003,DECOY_TARGET,420,295,8,8,424.0,299.0,True,circular,22.0
SCN_011,852,28.3667,TGT_001,COMMUNICATION_TARGET,630,470,10,10,635.0,475.0,False,straight_line,28.0
SCN_011,852,28.3667,TGT_002,DECOY_TARGET,630,0,10,10,635.0,5.0,False,straight_line,28.0
SCN_011,852,28.3667,TGT_003,DECOY_TARGET,422,296,8,8,426.0,300.0,True,circular,22.0
SCN_011,853,28.4,TGT_001,COMMUNICATION_TARGET,630,470,10,10,635.0,475.0,False,straight_line,28.0
SCN_011,853,28.4,TGT_002,DECOY_TARGET,630,0,10,10,635.0,5.0,False,straight_line,28.0
SCN_011,853,28.4,TGT_003,DECOY_TARGET,425,296,8,8,429.0,300.0,True,circular,22.0
SCN_011,854,28.4333,TGT_001,COMMUNICATION_TARGET,630,470,10,10,635.0,475.0,False,straight_line,28.0
SCN_011,854,28.4333,TGT_002,DECOY_TARGET,630,0,10,10,635.0,5.0,False,straight_line,28.0
SCN_011,854,28.4333,TGT_003,DECOY_TARGET,427,297,8,8,431.0,301.0,True,circular,22.0
SCN_011,855,28.4667,TGT_001,COMMUNICATION_TARGET,630,470,10,10,635.0,475.0,False,straight_line,28.0
SCN_011,855,28.4667,TGT_002,DECOY_TARGET,630,0,10,10,635.0,5.0,False,straight_line,28.0
SCN_011,855,28.4667,TGT_003,DECOY_TARGET,426,299,8,8,430.0,303.0,True,circular,22.0
SCN_011,856,28.5,TGT_001,COMMUNICATION_TARGET,630,470,10,10,635.0,475.0,False,straight_line,28.0
SCN_011,856,28.5,TGT_002,DECOY_TARGET,630,0,10,10,635.0,5.0,False,straight_line,28.0
SCN_011,856,28.5,TGT_003,DECOY_TARGET,421,300,8,8,425.0,304.0,True,circular,22.0
SCN_011,857,28.5333,TGT_001,COMMUNICATION_TARGET,630,470,10,10,635.0,475.0,False,straight_line,28.0
SCN_011,857,28.5333,TGT_002,DECOY_TARGET,630,0,10,10,635.0,5.0,False,straight_line,28.0
SCN_011,857,28.5333,TGT_003,DECOY_TARGET,415,303,8,8,419.0,307.0,True,circular,22.0
SCN_011,858,28.5667,TGT_001,COMMUNICATION_TARGET,630,470,10,10,635.0,475.0,False,straight_line,28.0
SCN_011,858,28.5667,TGT_002,DECOY_TARGET,630,0,10,10,635.0,5.0,False,straight_line,28.0
SCN_011,858,28.5667,TGT_003,DECOY_TARGET,411,306,8,8,415.0,310.0,True,circular,22.0
SCN_011,859,28.6,TGT_001,COMMUNICATION_TARGET,630,470,10,10,635.0,475.0,False,straight_line,28.0
SCN_011,859,28.6,TGT_002,DECOY_TARGET,630,0,10,10,635.0,5.0,False,straight_line,28.0
SCN_011,859,28.6,TGT_003,DECOY_TARGET,411,309,8,8,415.0,313.0,True,circular,22.0
SCN_011,860,28.6333,TGT_001,COMMUNICATION_TARGET,630,470,10,10,635.0,475.0,False,straight_line,28.0
SCN_011,860,28.6333,TGT_002,DECOY_TARGET,630,0,10,10,635.0,5.0,False,straight_line,28.0
SCN_011,860,28.6333,TGT_003,DECOY_TARGET,415,309,8,8,419.0,313.0,True,circular,22.0
SCN_011,861,28.6667,TGT_001,COMMUNICATION_TARGET,630,470,10,10,635.0,475.0,False,straight_line,28.0
SCN_011,861,28.6667,TGT_002,DECOY_TARGET,630,0,10,10,635.0,5.0,False,straight_line,28.0
SCN_011,861,28.6667,TGT_003,DECOY_TARGET,419,305,8,8,423.0,309.0,True,circular,22.0
SCN_011,862,28.7,TGT_001,COMMUNICATION_TARGET,630,470,10,10,635.0,475.0,False,straight_line,28.0
SCN_011,862,28.7,TGT_002,DECOY_TARGET,630,0,10,10,635.0,5.0,False,straight_line,28.0
SCN_011,862,28.7,TGT_003,DECOY_TARGET,421,300,8,8,425.0,304.0,True,circular,22.0
SCN_011,863,28.7333,TGT_001,COMMUNICATION_TARGET,630,470,10,10,635.0,475.0,False,straight_line,28.0
SCN_011,863,28.7333,TGT_002,DECOY_TARGET,630,0,10,10,635.0,5.0,False,straight_line,28.0
SCN_011,863,28.7333,TGT_003,DECOY_TARGET,421,298,8,8,425.0,302.0,True,circular,22.0
SCN_011,864,28.7667,TGT_001,COMMUNICATION_TARGET,630,470,10,10,635.0,475.0,False,straight_line,28.0
SCN_011,864,28.7667,TGT_002,DECOY_TARGET,630,0,10,10,635.0,5.0,False,straight_line,28.0
SCN_011,864,28.7667,TGT_003,DECOY_TARGET,417,298,8,8,421.0,302.0,True,circular,22.0
SCN_011,865,28.8,TGT_001,COMMUNICATION_TARGET,630,470,10,10,635.0,475.0,False,straight_line,28.0
SCN_011,865,28.8,TGT_002,DECOY_TARGET,630,0,10,10,635.0,5.0,False,straight_line,28.0
SCN_011,865,28.8,TGT_003,DECOY_TARGET,415,302,8,8,419.0,306.0,True,circular,22.0
SCN_011,866,28.8333,TGT_001,COMMUNICATION_TARGET,630,470,10,10,635.0,475.0,False,straight_line,28.0
SCN_011,866,28.8333,TGT_002,DECOY_TARGET,630,0,10,10,635.0,5.0,False,straight_line,28.0
SCN_011,866,28.8333,TGT_003,DECOY_TARGET,413,305,8,8,417.0,309.0,True,circular,22.0
SCN_011,867,28.8667,TGT_001,COMMUNICATION_TARGET,630,470,10,10,635.0,475.0,False,straight_line,28.0
SCN_011,867,28.8667,TGT_002,DECOY_TARGET,630,0,10,10,635.0,5.0,False,straight_line,28.0
SCN_011,867,28.8667,TGT_003,DECOY_TARGET,413,310,8,8,417.0,314.0,True,circular,22.0
SCN_011,868,28.9,TGT_001,COMMUNICATION_TARGET,630,470,10,10,635.0,475.0,False,straight_line,28.0
SCN_011,868,28.9,TGT_002,DECOY_TARGET,630,0,10,10,635.0,5.0,False,straight_line,28.0
SCN_011,868,28.9,TGT_003,DECOY_TARGET,411,311,8,8,415.0,315.0,True,circular,22.0
SCN_011,869,28.9333,TGT_001,COMMUNICATION_TARGET,630,470,10,10,635.0,475.0,False,straight_line,28.0
SCN_011,869,28.9333,TGT_002,DECOY_TARGET,630,0,10,10,635.0,5.0,False,straight_line,28.0
SCN_011,869,28.9333,TGT_003,DECOY_TARGET,407,311,8,8,411.0,315.0,True,circular,22.0
SCN_011,870,28.9667,TGT_001,COMMUNICATION_TARGET,630,470,10,10,635.0,475.0,False,straight_line,28.0
SCN_011,870,28.9667,TGT_002,DECOY_TARGET,630,0,10,10,635.0,5.0,False,straight_line,28.0
SCN_011,870,28.9667,TGT_003,DECOY_TARGET,407,311,8,8,411.0,315.0,True,circular,22.0
SCN_011,871,29.0,TGT_001,COMMUNICATION_TARGET,630,470,10,10,635.0,475.0,False,straight_line,28.0
SCN_011,871,29.0,TGT_002,DECOY_TARGET,630,0,10,10,635.0,5.0,False,straight_line,28.0
SCN_011,871,29.0,TGT_003,DECOY_TARGET,408,310,8,8,412.0,314.0,True,circular,22.0
SCN_011,872,29.0333,TGT_001,COMMUNICATION_TARGET,630,470,10,10,635.0,475.0,False,straight_line,28.0
SCN_011,872,29.0333,TGT_002,DECOY_TARGET,630,0,10,10,635.0,5.0,False,straight_line,28.0
SCN_011,872,29.0333,TGT_003,DECOY_TARGET,412,311,8,8,416.0,315.0,True,circular,22.0
SCN_011,873,29.0667,TGT_001,COMMUNICATION_TARGET,630,470,10,10,635.0,475.0,False,straight_line,28.0
SCN_011,873,29.0667,TGT_002,DECOY_TARGET,630,0,10,10,635.0,5.0,False,straight_line,28.0
SCN_011,873,29.0667,TGT_003,DECOY_TARGET,416,311,8,8,420.0,315.0,True,circular,22.0
SCN_011,874,29.1,TGT_001,COMMUNICATION_TARGET,630,470,10,10,635.0,475.0,False,straight_line,28.0
SCN_011,874,29.1,TGT_002,DECOY_TARGET,630,0,10,10,635.0,5.0,False,straight_line,28.0
SCN_011,874,29.1,TGT_003,DECOY_TARGET,417,310,8,8,421.0,314.0,True,circular,22.0
SCN_011,875,29.1333,TGT_001,COMMUNICATION_TARGET,630,470,10,10,635.0,475.0,False,straight_line,28.0
SCN_011,875,29.1333,TGT_002,DECOY_TARGET,630,0,10,10,635.0,5.0,False,straight_line,28.0
SCN_011,875,29.1333,TGT_003,DECOY_TARGET,412,308,8,8,416.0,312.0,True,circular,22.0
SCN_011,876,29.1667,TGT_001,COMMUNICATION_TARGET,630,470,10,10,635.0,475.0,False,straight_line,28.0
SCN_011,876,29.1667,TGT_002,DECOY_TARGET,630,0,10,10,635.0,5.0,False,straight_line,28.0
SCN_011,876,29.1667,TGT_003,DECOY_TARGET,406,306,8,8,410.0,310.0,True,circular,22.0
SCN_011,877,29.2,TGT_001,COMMUNICATION_TARGET,630,470,10,10,635.0,475.0,False,straight_line,28.0
SCN_011,877,29.2,TGT_002,DECOY_TARGET,630,0,10,10,635.0,5.0,False,straight_line,28.0
SCN_011,877,29.2,TGT_003,DECOY_TARGET,402,305,8,8,406.0,309.0,True,circular,22.0
SCN_011,878,29.2333,TGT_001,COMMUNICATION_TARGET,630,470,10,10,635.0,475.0,False,straight_line,28.0
SCN_011,878,29.2333,TGT_002,DECOY_TARGET,630,0,10,10,635.0,5.0,False,straight_line,28.0
SCN_011,878,29.2333,TGT_003,DECOY_TARGET,400,307,8,8,404.0,311.0,True,circular,22.0
SCN_011,879,29.2667,TGT_001,COMMUNICATION_TARGET,630,470,10,10,635.0,475.0,False,straight_line,28.0
SCN_011,879,29.2667,TGT_002,DECOY_TARGET,630,0,10,10,635.0,5.0,False,straight_line,28.0
SCN_011,879,29.2667,TGT_003,DECOY_TARGET,402,312,8,8,406.0,316.0,True,circular,22.0
SCN_011,880,29.3,TGT_001,COMMUNICATION_TARGET,630,470,10,10,635.0,475.0,False,straight_line,28.0
SCN_011,880,29.3,TGT_002,DECOY_TARGET,630,0,10,10,635.0,5.0,False,straight_line,28.0
SCN_011,880,29.3,TGT_003,DECOY_TARGET,405,317,8,8,409.0,321.0,True,circular,22.0
SCN_011,881,29.3333,TGT_001,COMMUNICATION_TARGET,630,470,10,10,635.0,475.0,False,straight_line,28.0
SCN_011,881,29.3333,TGT_002,DECOY_TARGET,630,0,10,10,635.0,5.0,False,straight_line,28.0
SCN_011,881,29.3333,TGT_003,DECOY_TARGET,407,320,8,8,411.0,324.0,True,circular,22.0
SCN_011,882,29.3667,TGT_001,COMMUNICATION_TARGET,630,470,10,10,635.0,475.0,False,straight_line,28.0
SCN_011,882,29.3667,TGT_002,DECOY_TARGET,630,0,10,10,635.0,5.0,False,straight_line,28.0
SCN_011,882,29.3667,TGT_003,DECOY_TARGET,407,321,8,8,411.0,325.0,True,circular,22.0
SCN_011,883,29.4,TGT_001,COMMUNICATION_TARGET,630,470,10,10,635.0,475.0,False,straight_line,28.0
SCN_011,883,29.4,TGT_002,DECOY_TARGET,630,0,10,10,635.0,5.0,False,straight_line,28.0
SCN_011,883,29.4,TGT_003,DECOY_TARGET,406,318,8,8,410.0,322.0,True,circular,22.0
SCN_011,884,29.4333,TGT_001,COMMUNICATION_TARGET,630,470,10,10,635.0,475.0,False,straight_line,28.0
SCN_011,884,29.4333,TGT_002,DECOY_TARGET,630,0,10,10,635.0,5.0,False,straight_line,28.0
SCN_011,884,29.4333,TGT_003,DECOY_TARGET,405,314,8,8,409.0,318.0,True,circular,22.0
SCN_011,885,29.4667,TGT_001,COMMUNICATION_TARGET,630,470,10,10,635.0,475.0,False,straight_line,28.0
SCN_011,885,29.4667,TGT_002,DECOY_TARGET,630,0,10,10,635.0,5.0,False,straight_line,28.0
SCN_011,885,29.4667,TGT_003,DECOY_TARGET,405,312,8,8,409.0,316.0,True,circular,22.0
SCN_011,886,29.5,TGT_001,COMMUNICATION_TARGET,630,470,10,10,635.0,475.0,False,straight_line,28.0
SCN_011,886,29.5,TGT_002,DECOY_TARGET,630,0,10,10,635.0,5.0,False,straight_line,28.0
SCN_011,886,29.5,TGT_003,DECOY_TARGET,405,311,8,8,409.0,315.0,True,circular,22.0
SCN_011,887,29.5333,TGT_001,COMMUNICATION_TARGET,630,470,10,10,635.0,475.0,False,straight_line,28.0
SCN_011,887,29.5333,TGT_002,DECOY_TARGET,630,0,10,10,635.0,5.0,False,straight_line,28.0
SCN_011,887,29.5333,TGT_003,DECOY_TARGET,401,313,8,8,405.0,317.0,True,circular,22.0
SCN_011,888,29.5667,TGT_001,COMMUNICATION_TARGET,630,470,10,10,635.0,475.0,False,straight_line,28.0
SCN_011,888,29.5667,TGT_002,DECOY_TARGET,630,0,10,10,635.0,5.0,False,straight_line,28.0
SCN_011,888,29.5667,TGT_003,DECOY_TARGET,397,314,8,8,401.0,318.0,True,circular,22.0
SCN_011,889,29.6,TGT_001,COMMUNICATION_TARGET,630,470,10,10,635.0,475.0,False,straight_line,28.0
SCN_011,889,29.6,TGT_002,DECOY_TARGET,630,0,10,10,635.0,5.0,False,straight_line,28.0
SCN_011,889,29.6,TGT_003,DECOY_TARGET,393,315,8,8,397.0,319.0,True,circular,22.0
SCN_011,890,29.6333,TGT_001,COMMUNICATION_TARGET,630,470,10,10,635.0,475.0,False,straight_line,28.0
SCN_011,890,29.6333,TGT_002,DECOY_TARGET,630,0,10,10,635.0,5.0,False,straight_line,28.0
SCN_011,890,29.6333,TGT_003,DECOY_TARGET,393,315,8,8,397.0,319.0,True,circular,22.0
SCN_011,891,29.6667,TGT_001,COMMUNICATION_TARGET,630,470,10,10,635.0,475.0,False,straight_line,28.0
SCN_011,891,29.6667,TGT_002,DECOY_TARGET,630,0,10,10,635.0,5.0,False,straight_line,28.0
SCN_011,891,29.6667,TGT_003,DECOY_TARGET,398,316,8,8,402.0,320.0,True,circular,22.0
SCN_011,892,29.7,TGT_001,COMMUNICATION_TARGET,630,470,10,10,635.0,475.0,False,straight_line,28.0
SCN_011,892,29.7,TGT_002,DECOY_TARGET,630,0,10,10,635.0,5.0,False,straight_line,28.0
SCN_011,892,29.7,TGT_003,DECOY_TARGET,403,318,8,8,407.0,322.0,True,circular,22.0
SCN_011,893,29.7333,TGT_001,COMMUNICATION_TARGET,630,470,10,10,635.0,475.0,False,straight_line,28.0
SCN_011,893,29.7333,TGT_002,DECOY_TARGET,630,0,10,10,635.0,5.0,False,straight_line,28.0
SCN_011,893,29.7333,TGT_003,DECOY_TARGET,406,321,8,8,410.0,325.0,True,circular,22.0
SCN_011,894,29.7667,TGT_001,COMMUNICATION_TARGET,630,470,10,10,635.0,475.0,False,straight_line,28.0
SCN_011,894,29.7667,TGT_002,DECOY_TARGET,630,0,10,10,635.0,5.0,False,straight_line,28.0
SCN_011,894,29.7667,TGT_003,DECOY_TARGET,403,324,8,8,407.0,328.0,True,circular,22.0
SCN_011,895,29.8,TGT_001,COMMUNICATION_TARGET,630,470,10,10,635.0,475.0,False,straight_line,28.0
SCN_011,895,29.8,TGT_002,DECOY_TARGET,630,0,10,10,635.0,5.0,False,straight_line,28.0
SCN_011,895,29.8,TGT_003,DECOY_TARGET,400,326,8,8,404.0,330.0,True,circular,22.0
SCN_011,896,29.8333,TGT_001,COMMUNICATION_TARGET,630,470,10,10,635.0,475.0,False,straight_line,28.0
SCN_011,896,29.8333,TGT_002,DECOY_TARGET,630,0,10,10,635.0,5.0,False,straight_line,28.0
SCN_011,896,29.8333,TGT_003,DECOY_TARGET,393,323,8,8,397.0,327.0,True,circular,22.0
SCN_011,897,29.8667,TGT_001,COMMUNICATION_TARGET,630,470,10,10,635.0,475.0,False,straight_line,28.0
SCN_011,897,29.8667,TGT_002,DECOY_TARGET,630,0,10,10,635.0,5.0,False,straight_line,28.0
SCN_011,897,29.8667,TGT_003,DECOY_TARGET,391,319,8,8,395.0,323.0,True,circular,22.0
SCN_011,898,29.9,TGT_001,COMMUNICATION_TARGET,630,470,10,10,635.0,475.0,False,straight_line,28.0
SCN_011,898,29.9,TGT_002,DECOY_TARGET,630,0,10,10,635.0,5.0,False,straight_line,28.0
SCN_011,898,29.9,TGT_003,DECOY_TARGET,391,316,8,8,395.0,320.0,True,circular,22.0
SCN_011,899,29.9333,TGT_001,COMMUNICATION_TARGET,630,470,10,10,635.0,475.0,False,straight_line,28.0
SCN_011,899,29.9333,TGT_002,DECOY_TARGET,630,0,10,10,635.0,5.0,False,straight_line,28.0
SCN_011,899,29.9333,TGT_003,DECOY_TARGET,393,313,8,8,397.0,317.0,True,circular,22.0
SCN_011,900,29.9667,TGT_001,COMMUNICATION_TARGET,630,470,10,10,635.0,475.0,False,straight_line,28.0
SCN_011,900,29.9667,TGT_002,DECOY_TARGET,630,0,10,10,635.0,5.0,False,straight_line,28.0
SCN_011,900,29.9667,TGT_003,DECOY_TARGET,394,314,8,8,398.0,318.0,True,circular,22.0
