scenario_id,frame_id,timestamp,target_id,target_role,gt_x,gt_y,gt_width,gt_height,gt_center_x,gt_center_y,visible,motion_type,target_speed
SCN_010,1,0.0,TGT_001,COMMUNICATION_TARGET,465,235,10,10,470.0,240.0,True,circular,35.0
SCN_010,1,0.0,TGT_002,DECOY_TARGET,316,236,9,9,320.5,240.5,True,figure_8,38.0
SCN_010,1,0.0,TGT_003,DECOY_TARGET,134,354,11,11,139.5,359.5,True,straight_line,24.0
SCN_010,2,0.0333,TGT_001,COMMUNICATION_TARGET,465,236,10,10,470.0,241.0,True,circular,35.0
SCN_010,2,0.0333,TGT_002,DECOY_TARGET,317,238,9,9,321.5,242.5,True,figure_8,38.0
SCN_010,2,0.0333,TGT_003,DECOY_TARGET,135,354,11,11,140.5,359.5,True,straight_line,24.0
SCN_010,3,0.0667,TGT_001,COMMUNICATION_TARGET,465,237,10,10,470.0,242.0,True,circular,35.0
SCN_010,3,0.0667,TGT_002,DECOY_TARGET,319,240,9,9,323.5,244.5,True,figure_8,38.0
SCN_010,3,0.0667,TGT_003,DECOY_TARGET,136,354,11,11,141.5,359.5,True,straight_line,24.0
SCN_010,4,0.1,TGT_001,COMMUNICATION_TARGET,465,238,10,10,470.0,243.0,True,circular,35.0
SCN_010,4,0.1,TGT_002,DECOY_TARGET,321,242,9,9,325.5,246.5,True,figure_8,38.0
SCN_010,4,0.1,TGT_003,DECOY_TARGET,137,354,11,11,142.5,359.5,True,straight_line,24.0
SCN_010,5,0.1333,TGT_001,COMMUNICATION_TARGET,465,240,10,10,470.0,245.0,True,circular,35.0
SCN_010,5,0.1333,TGT_002,DECOY_TARGET,323,244,9,9,327.5,248.5,True,figure_8,38.0
SCN_010,5,0.1333,TGT_003,DECOY_TARGET,138,353,11,11,143.5,358.5,True,straight_line,24.0
SCN_010,6,0.1667,TGT_001,COMMUNICATION_TARGET,465,241,10,10,470.0,246.0,True,circular,35.0
SCN_010,6,0.1667,TGT_002,DECOY_TARGET,325,246,9,9,329.5,250.5,True,figure_8,38.0
SCN_010,6,0.1667,TGT_003,DECOY_TARGET,138,353,11,11,143.5,358.5,True,straight_line,24.0
SCN_010,7,0.2,TGT_001,COMMUNICATION_TARGET,465,242,10,10,470.0,247.0,True,circular,35.0
SCN_010,7,0.2,TGT_002,DECOY_TARGET,327,248,9,9,331.5,252.5,True,figure_8,38.0
SCN_010,7,0.2,TGT_003,DECOY_TARGET,139,353,11,11,144.5,358.5,True,straight_line,24.0
SCN_010,8,0.2333,TGT_001,COMMUNICATION_TARGET,465,243,10,10,470.0,248.0,True,circular,35.0
SCN_010,8,0.2333,TGT_002,DECOY_TARGET,328,250,9,9,332.5,254.5,True,figure_8,38.0
SCN_010,8,0.2333,TGT_003,DECOY_TARGET,140,353,11,11,145.5,358.5,True,straight_line,24.0
SCN_010,9,0.2667,TGT_001,COMMUNICATION_TARGET,465,244,10,10,470.0,249.0,True,circular,35.0
SCN_010,9,0.2667,TGT_002,DECOY_TARGET,330,252,9,9,334.5,256.5,True,figure_8,38.0
SCN_010,9,0.2667,TGT_003,DECOY_TARGET,141,352,11,11,146.5,357.5,True,straight_line,24.0
SCN_010,10,0.3,TGT_001,COMMUNICATION_TARGET,465,245,10,10,470.0,250.0,True,circular,35.0
SCN_010,10,0.3,TGT_002,DECOY_TARGET,332,254,9,9,336.5,258.5,True,figure_8,38.0
SCN_010,10,0.3,TGT_003,DECOY_TARGET,141,352,11,11,146.5,357.5,True,straight_line,24.0
SCN_010,11,0.3333,TGT_001,COMMUNICATION_TARGET,465,247,10,10,470.0,252.0,True,circular,35.0
SCN_010,11,0.3333,TGT_002,DECOY_TARGET,334,256,9,9,338.5,260.5,True,figure_8,38.0
SCN_010,11,0.3333,TGT_003,DECOY_TARGET,142,352,11,11,147.5,357.5,True,straight_line,24.0
SCN_010,12,0.3667,TGT_001,COMMUNICATION_TARGET,464,248,10,10,469.0,253.0,True,circular,35.0
SCN_010,12,0.3667,TGT_002,DECOY_TARGET,336,257,9,9,340.5,261.5,True,figure_8,38.0
SCN_010,12,0.3667,TGT_003,DECOY_TARGET,143,351,11,11,148.5,356.5,True,straight_line,24.0
SCN_010,13,0.4,TGT_001,COMMUNICATION_TARGET,464,249,10,10,469.0,254.0,True,circular,35.0
SCN_010,13,0.4,TGT_002,DECOY_TARGET,338,259,9,9,342.5,263.5,True,figure_8,38.0
SCN_010,13,0.4,TGT_003,DECOY_TARGET,144,351,11,11,149.5,356.5,True,straight_line,24.0
SCN_010,14,0.4333,TGT_001,COMMUNICATION_TARGET,464,250,10,10,469.0,255.0,True,circular,35.0
SCN_010,14,0.4333,TGT_002,DECOY_TARGET,339,261,9,9,343.5,265.5,True,figure_8,38.0
SCN_010,14,0.4333,TGT_003,DECOY_TARGET,144,351,11,11,149.5,356.5,True,straight_line,24.0
SCN_010,15,0.4667,TGT_001,COMMUNICATION_TARGET,464,251,10,10,469.0,256.0,True,circular,35.0
SCN_010,15,0.4667,TGT_002,DECOY_TARGET,341,263,9,9,345.5,267.5,True,figure_8,38.0
SCN_010,15,0.4667,TGT_003,DECOY_TARGET,145,351,11,11,150.5,356.5,True,straight_line,24.0
SCN_010,16,0.5,TGT_001,COMMUNICATION_TARGET,464,252,10,10,469.0,257.0,True,circular,35.0
SCN_010,16,0.5,TGT_002,DECOY_TARGET,343,265,9,9,347.5,269.5,True,figure_8,38.0
SCN_010,16,0.5,TGT_003,DECOY_TARGET,146,350,11,11,151.5,355.5,True,straight_line,24.0
SCN_010,17,0.5333,TGT_001,COMMUNICATION_TARGET,464,254,10,10,469.0,259.0,True,circular,35.0
SCN_010,17,0.5333,TGT_002,DECOY_TARGET,345,267,9,9,349.5,271.5,True,figure_8,38.0
SCN_010,17,0.5333,TGT_003,DECOY_TARGET,147,350,11,11,152.5,355.5,True,straight_line,24.0
SCN_010,18,0.5667,TGT_001,COMMUNICATION_TARGET,464,255,10,10,469.0,260.0,True,circular,35.0
SCN_010,18,0.5667,TGT_002,DECOY_TARGET,347,268,9,9,351.5,272.5,True,figure_8,38.0
SCN_010,18,0.5667,TGT_003,DECOY_TARGET,147,350,11,11,152.5,355.5,True,straight_line,24.0
SCN_010,19,0.6,TGT_001,COMMUNICATION_TARGET,464,256,10,10,469.0,261.0,True,circular,35.0
SCN_010,19,0.6,TGT_002,DECOY_TARGET,348,270,9,9,352.5,274.5,True,figure_8,38.0
SCN_010,19,0.6,TGT_003,DECOY_TARGET,148,350,11,11,153.5,355.5,True,straight_line,24.0
SCN_010,20,0.6333,TGT_001,COMMUNICATION_TARGET,463,257,10,10,468.0,262.0,True,circular,35.0
SCN_010,20,0.6333,TGT_002,DECOY_TARGET,350,272,9,9,354.5,276.5,True,figure_8,38.0
SCN_010,20,0.6333,TGT_003,DECOY_TARGET,149,349,11,11,154.5,354.5,True,straight_line,24.0
SCN_010,21,0.6667,TGT_001,COMMUNICATION_TARGET,463,258,10,10,468.0,263.0,True,circular,35.0
SCN_010,21,0.6667,TGT_002,DECOY_TARGET,352,273,9,9,356.5,277.5,True,figure_8,38.0
SCN_010,21,0.6667,TGT_003,DECOY_TARGET,150,349,11,11,155.5,354.5,True,straight_line,24.0
SCN_010,22,0.7,TGT_001,COMMUNICATION_TARGET,463,259,10,10,468.0,264.0,True,circular,35.0
SCN_010,22,0.7,TGT_002,DECOY_TARGET,354,275,9,9,358.5,279.5,True,figure_8,38.0
SCN_010,22,0.7,TGT_003,DECOY_TARGET,150,349,11,11,155.5,354.5,True,straight_line,24.0
SCN_010,23,0.7333,TGT_001,COMMUNICATION_TARGET,463,261,10,10,468.0,266.0,True,circular,35.0
SCN_010,23,0.7333,TGT_002,DECOY_TARGET,355,276,9,9,359.5,280.5,True,figure_8,38.0
SCN_010,23,0.7333,TGT_003,DECOY_TARGET,151,348,11,11,156.5,353.5,True,straight_line,24.0
SCN_010,24,0.7667,TGT_001,COMMUNICATION_TARGET,463,262,10,10,468.0,267.0,True,circular,35.0
SCN_010,24,0.7667,TGT_002,DECOY_TARGET,357,278,9,9,361.5,282.5,True,figure_8,38.0
SCN_010,24,0.7667,TGT_003,DECOY_TARGET,152,348,11,11,157.5,353.5,True,straight_line,24.0
SCN_010,25,0.8,TGT_001,COMMUNICATION_TARGET,462,263,10,10,467.0,268.0,True,circular,35.0
SCN_010,25,0.8,TGT_002,DECOY_TARGET,359,279,9,9,363.5,283.5,True,figure_8,38.0
SCN_010,25,0.8,TGT_003,DECOY_TARGET,153,348,11,11,158.5,353.5,True,straight_line,24.0
SCN_010,26,0.8333,TGT_001,COMMUNICATION_TARGET,462,264,10,10,467.0,269.0,True,circular,35.0
SCN_010,26,0.8333,TGT_002,DECOY_TARGET,361,281,9,9,365.5,285.5,True,figure_8,38.0
SCN_010,26,0.8333,TGT_003,DECOY_TARGET,153,348,11,11,158.5,353.5,True,straight_line,24.0
SCN_010,27,0.8667,TGT_001,COMMUNICATION_TARGET,462,265,10,10,467.0,270.0,True,circular,35.0
SCN_010,27,0.8667,TGT_002,DECOY_TARGET,362,282,9,9,366.5,286.5,True,figure_8,38.0
SCN_010,27,0.8667,TGT_003,DECOY_TARGET,154,347,11,11,159.5,352.5,True,straight_line,24.0
SCN_010,28,0.9,TGT_001,COMMUNICATION_TARGET,462,266,10,10,467.0,271.0,True,circular,35.0
SCN_010,28,0.9,TGT_002,DECOY_TARGET,364,283,9,9,368.5,287.5,True,figure_8,38.0
SCN_010,28,0.9,TGT_003,DECOY_TARGET,155,347,11,11,160.5,352.5,True,straight_line,24.0
SCN_010,29,0.9333,TGT_001,COMMUNICATION_TARGET,461,267,10,10,466.0,272.0,True,circular,35.0
SCN_010,29,0.9333,TGT_002,DECOY_TARGET,366,285,9,9,370.5,289.5,True,figure_8,38.0
SCN_010,29,0.9333,TGT_003,DECOY_TARGET,156,347,11,11,161.5,352.5,True,straight_line,24.0
SCN_010,30,0.9667,TGT_001,COMMUNICATION_TARGET,461,269,10,10,466.0,274.0,True,circular,35.0
SCN_010,30,0.9667,TGT_002,DECOY_TARGET,367,286,9,9,371.5,290.5,True,figure_8,38.0
SCN_010,30,0.9667,TGT_003,DECOY_TARGET,156,347,11,11,161.5,352.5,True,straight_line,24.0
SCN_010,31,1.0,TGT_001,COMMUNICATION_TARGET,461,270,10,10,466.0,275.0,True,circular,35.0
SCN_010,31,1.0,TGT_002,DECOY_TARGET,369,287,9,9,373.5,291.5,True,figure_8,38.0
SCN_010,31,1.0,TGT_003,DECOY_TARGET,157,346,11,11,162.5,351.5,True,straight_line,24.0
SCN_010,32,1.0333,TGT_001,COMMUNICATION_TARGET,461,271,10,10,466.0,276.0,True,circular,35.0
SCN_010,32,1.0333,TGT_002,DECOY_TARGET,371,288,9,9,375.5,292.5,True,figure_8,38.0
SCN_010,32,1.0333,TGT_003,DECOY_TARGET,158,346,11,11,163.5,351.5,True,straight_line,24.0
SCN_010,33,1.0667,TGT_001,COMMUNICATION_TARGET,460,272,10,10,465.0,277.0,True,circular,35.0
SCN_010,33,1.0667,TGT_002,DECOY_TARGET,372,289,9,9,376.5,293.5,True,figure_8,38.0
SCN_010,33,1.0667,TGT_003,DECOY_TARGET,159,346,11,11,164.5,351.5,True,straight_line,24.0
SCN_010,34,1.1,TGT_001,COMMUNICATION_TARGET,460,273,10,10,465.0,278.0,True,circular,35.0
SCN_010,34,1.1,TGT_002,DECOY_TARGET,374,290,9,9,378.5,294.5,True,figure_8,38.0
SCN_010,34,1.1,TGT_003,DECOY_TARGET,159,345,11,11,164.5,350.5,True,straight_line,24.0
SCN_010,35,1.1333,TGT_001,COMMUNICATION_TARGET,460,274,10,10,465.0,279.0,True,circular,35.0
SCN_010,35,1.1333,TGT_002,DECOY_TARGET,375,291,9,9,379.5,295.5,True,figure_8,38.0
SCN_010,35,1.1333,TGT_003,DECOY_TARGET,160,345,11,11,165.5,350.5,True,straight_line,24.0
SCN_010,36,1.1667,TGT_001,COMMUNICATION_TARGET,459,275,10,10,464.0,280.0,True,circular,35.0
SCN_010,36,1.1667,TGT_002,DECOY_TARGET,377,292,9,9,381.5,296.5,True,figure_8,38.0
SCN_010,36,1.1667,TGT_003,DECOY_TARGET,161,345,11,11,166.5,350.5,True,straight_line,24.0
SCN_010,37,1.2,TGT_001,COMMUNICATION_TARGET,459,276,10,10,464.0,281.0,True,circular,35.0
SCN_010,37,1.2,TGT_002,DECOY_TARGET,378,292,9,9,382.5,296.5,True,figure_8,38.0
SCN_010,37,1.2,TGT_003,DECOY_TARGET,162,345,11,11,167.5,350.5,True,straight_line,24.0
SCN_010,38,1.2333,TGT_001,COMMUNICATION_TARGET,459,278,10,10,464.0,283.0,True,circular,35.0
SCN_010,38,1.2333,TGT_002,DECOY_TARGET,380,293,9,9,384.5,297.5,True,figure_8,38.0
SCN_010,38,1.2333,TGT_003,DECOY_TARGET,162,344,11,11,167.5,349.5,True,straight_line,24.0
SCN_010,39,1.2667,TGT_001,COMMUNICATION_TARGET,458,279,10,10,463.0,284.0,True,circular,35.0
SCN_010,39,1.2667,TGT_002,DECOY_TARGET,381,294,9,9,385.5,298.5,True,figure_8,38.0
SCN_010,39,1.2667,TGT_003,DECOY_TARGET,163,344,11,11,168.5,349.5,True,straight_line,24.0
SCN_010,40,1.3,TGT_001,COMMUNICATION_TARGET,458,280,10,10,463.0,285.0,True,circular,35.0
SCN_010,40,1.3,TGT_002,DECOY_TARGET,383,294,9,9,387.5,298.5,True,figure_8,38.0
SCN_010,40,1.3,TGT_003,DECOY_TARGET,164,344,11,11,169.5,349.5,True,straight_line,24.0
SCN_010,41,1.3333,TGT_001,COMMUNICATION_TARGET,458,281,10,10,463.0,286.0,True,circular,35.0
SCN_010,41,1.3333,TGT_002,DECOY_TARGET,384,295,9,9,388.5,299.5,True,figure_8,38.0
SCN_010,41,1.3333,TGT_003,DECOY_TARGET,165,344,11,11,170.5,349.5,True,straight_line,24.0
SCN_010,42,1.3667,TGT_001,COMMUNICATION_TARGET,457,282,10,10,462.0,287.0,True,circular,35.0
SCN_010,42,1.3667,TGT_002,DECOY_TARGET,386,295,9,9,390.5,299.5,True,figure_8,38.0
SCN_010,42,1.3667,TGT_003,DECOY_TARGET,165,343,11,11,170.5,348.5,True,straight_line,24.0
SCN_010,43,1.4,TGT_001,COMMUNICATION_TARGET,457,283,10,10,462.0,288.0,True,circular,35.0
SCN_010,43,1.4,TGT_002,DECOY_TARGET,387,295,9,9,391.5,299.5,True,figure_8,38.0
SCN_010,43,1.4,TGT_003,DECOY_TARGET,166,343,11,11,171.5,348.5,True,straight_line,24.0
SCN_010,44,1.4333,TGT_001,COMMUNICATION_TARGET,457,284,10,10,462.0,289.0,True,circular,35.0
SCN_010,44,1.4333,TGT_002,DECOY_TARGET,389,296,9,9,393.5,300.5,True,figure_8,38.0
SCN_010,44,1.4333,TGT_003,DECOY_TARGET,167,343,11,11,172.5,348.5,True,straight_line,24.0
SCN_010,45,1.4667,TGT_001,COMMUNICATION_TARGET,456,285,10,10,461.0,290.0,True,circular,35.0
SCN_010,45,1.4667,TGT_002,DECOY_TARGET,390,296,9,9,394.5,300.5,True,figure_8,38.0
SCN_010,45,1.4667,TGT_003,DECOY_TARGET,168,342,11,11,173.5,347.5,True,straight_line,24.0
SCN_010,46,1.5,TGT_001,COMMUNICATION_TARGET,456,286,10,10,461.0,291.0,True,circular,35.0
SCN_010,46,1.5,TGT_002,DECOY_TARGET,391,296,9,9,395.5,300.5,True,figure_8,38.0
SCN_010,46,1.5,TGT_003,DECOY_TARGET,168,342,11,11,173.5,347.5,True,straight_line,24.0
SCN_010,47,1.5333,TGT_001,COMMUNICATION_TARGET,456,288,10,10,461.0,293.0,True,circular,35.0
SCN_010,47,1.5333,TGT_002,DECOY_TARGET,393,296,9,9,397.5,300.5,True,figure_8,38.0
SCN_010,47,1.5333,TGT_003,DECOY_TARGET,169,342,11,11,174.5,347.5,True,straight_line,24.0
SCN_010,48,1.5667,TGT_001,COMMUNICATION_TARGET,455,289,10,10,460.0,294.0,True,circular,35.0
SCN_010,48,1.5667,TGT_002,DECOY_TARGET,394,296,9,9,398.5,300.5,True,figure_8,38.0
SCN_010,48,1.5667,TGT_003,DECOY_TARGET,170,342,11,11,175.5,347.5,True,straight_line,24.0
SCN_010,49,1.6,TGT_001,COMMUNICATION_TARGET,455,290,10,10,460.0,295.0,True,circular,35.0
SCN_010,49,1.6,TGT_002,DECOY_TARGET,395,296,9,9,399.5,300.5,True,figure_8,38.0
SCN_010,49,1.6,TGT_003,DECOY_TARGET,171,341,11,11,176.5,346.5,True,straight_line,24.0
SCN_010,50,1.6333,TGT_001,COMMUNICATION_TARGET,454,291,10,10,459.0,296.0,True,circular,35.0
SCN_010,50,1.6333,TGT_002,DECOY_TARGET,397,296,9,9,401.5,300.5,True,figure_8,38.0
SCN_010,50,1.6333,TGT_003,DECOY_TARGET,171,341,11,11,176.5,346.5,True,straight_line,24.0
SCN_010,51,1.6667,TGT_001,COMMUNICATION_TARGET,454,292,10,10,459.0,297.0,True,circular,35.0
SCN_010,51,1.6667,TGT_002,DECOY_TARGET,398,296,9,9,402.5,300.5,True,figure_8,38.0
SCN_010,51,1.6667,TGT_003,DECOY_TARGET,172,341,11,11,177.5,346.5,True,straight_line,24.0
SCN_010,52,1.7,TGT_001,COMMUNICATION_TARGET,453,293,10,10,458.0,298.0,True,circular,35.0
SCN_010,52,1.7,TGT_002,DECOY_TARGET,399,295,9,9,403.5,299.5,True,figure_8,38.0
SCN_010,52,1.7,TGT_003,DECOY_TARGET,173,341,11,11,178.5,346.5,True,straight_line,24.0
SCN_010,53,1.7333,TGT_001,COMMUNICATION_TARGET,453,294,10,10,458.0,299.0,True,circular,35.0
SCN_010,53,1.7333,TGT_002,DECOY_TARGET,400,295,9,9,404.5,299.5,True,figure_8,38.0
SCN_010,53,1.7333,TGT_003,DECOY_TARGET,174,340,11,11,179.5,345.5,True,straight_line,24.0
SCN_010,54,1.7667,TGT_001,COMMUNICATION_TARGET,452,295,10,10,457.0,300.0,True,circular,35.0
SCN_010,54,1.7667,TGT_002,DECOY_TARGET,401,295,9,9,405.5,299.5,True,figure_8,38.0
SCN_010,54,1.7667,TGT_003,DECOY_TARGET,174,340,11,11,179.5,345.5,True,straight_line,24.0
SCN_010,55,1.8,TGT_001,COMMUNICATION_TARGET,452,296,10,10,457.0,301.0,True,circular,35.0
SCN_010,55,1.8,TGT_002,DECOY_TARGET,403,294,9,9,407.5,298.5,True,figure_8,38.0
SCN_010,55,1.8,TGT_003,DECOY_TARGET,175,340,11,11,180.5,345.5,True,straight_line,24.0
SCN_010,56,1.8333,TGT_001,COMMUNICATION_TARGET,451,297,10,10,456.0,302.0,True,circular,35.0
SCN_010,56,1.8333,TGT_002,DECOY_TARGET,404,294,9,9,408.5,298.5,True,figure_8,38.0
SCN_010,56,1.8333,TGT_003,DECOY_TARGET,176,339,11,11,181.5,344.5,True,straight_line,24.0
SCN_010,57,1.8667,TGT_001,COMMUNICATION_TARGET,451,298,10,10,456.0,303.0,True,circular,35.0
SCN_010,57,1.8667,TGT_002,DECOY_TARGET,405,293,9,9,409.5,297.5,True,figure_8,38.0
SCN_010,57,1.8667,TGT_003,DECOY_TARGET,177,339,11,11,182.5,344.5,True,straight_line,24.0
SCN_010,58,1.9,TGT_001,COMMUNICATION_TARGET,450,299,10,10,455.0,304.0,True,circular,35.0
SCN_010,58,1.9,TGT_002,DECOY_TARGET,406,292,9,9,410.5,296.5,True,figure_8,38.0
SCN_010,58,1.9,TGT_003,DECOY_TARGET,177,339,11,11,182.5,344.5,True,straight_line,24.0
SCN_010,59,1.9333,TGT_001,COMMUNICATION_TARGET,450,300,10,10,455.0,305.0,True,circular,35.0
SCN_010,59,1.9333,TGT_002,DECOY_TARGET,407,291,9,9,411.5,295.5,True,figure_8,38.0
SCN_010,59,1.9333,TGT_003,DECOY_TARGET,178,339,11,11,183.5,344.5,True,straight_line,24.0
SCN_010,60,1.9667,TGT_001,COMMUNICATION_TARGET,449,301,10,10,454.0,306.0,True,circular,35.0
SCN_010,60,1.9667,TGT_002,DECOY_TARGET,408,291,9,9,412.5,295.5,True,figure_8,38.0
SCN_010,60,1.9667,TGT_003,DECOY_TARGET,179,338,11,11,184.5,343.5,True,straight_line,24.0
SCN_010,61,2.0,TGT_001,COMMUNICATION_TARGET,449,302,10,10,454.0,307.0,True,circular,35.0
SCN_010,61,2.0,TGT_002,DECOY_TARGET,409,290,9,9,413.5,294.5,True,figure_8,38.0
SCN_010,61,2.0,TGT_003,DECOY_TARGET,180,338,11,11,185.5,343.5,True,straight_line,24.0
SCN_010,62,2.0333,TGT_001,COMMUNICATION_TARGET,448,304,10,10,453.0,309.0,True,circular,35.0
SCN_010,62,2.0333,TGT_002,DECOY_TARGET,410,289,9,9,414.5,293.5,True,figure_8,38.0
SCN_010,62,2.0333,TGT_003,DECOY_TARGET,180,338,11,11,185.5,343.5,True,straight_line,24.0
SCN_010,63,2.0667,TGT_001,COMMUNICATION_TARGET,448,305,10,10,453.0,310.0,True,circular,35.0
SCN_010,63,2.0667,TGT_002,DECOY_TARGET,411,288,9,9,415.5,292.5,True,figure_8,38.0
SCN_010,63,2.0667,TGT_003,DECOY_TARGET,181,338,11,11,186.5,343.5,True,straight_line,24.0
SCN_010,64,2.1,TGT_001,COMMUNICATION_TARGET,447,306,10,10,452.0,311.0,True,circular,35.0
SCN_010,64,2.1,TGT_002,DECOY_TARGET,412,287,9,9,416.5,291.5,True,figure_8,38.0
SCN_010,64,2.1,TGT_003,DECOY_TARGET,182,337,11,11,187.5,342.5,True,straight_line,24.0
SCN_010,65,2.1333,TGT_001,COMMUNICATION_TARGET,447,307,10,10,452.0,312.0,True,circular,35.0
SCN_010,65,2.1333,TGT_002,DECOY_TARGET,413,286,9,9,417.5,290.5,True,figure_8,38.0
SCN_010,65,2.1333,TGT_003,DECOY_TARGET,183,337,11,11,188.5,342.5,True,straight_line,24.0
SCN_010,66,2.1667,TGT_001,COMMUNICATION_TARGET,446,308,10,10,451.0,313.0,True,circular,35.0
SCN_010,66,2.1667,TGT_002,DECOY_TARGET,413,285,9,9,417.5,289.5,True,figure_8,38.0
SCN_010,66,2.1667,TGT_003,DECOY_TARGET,183,337,11,11,188.5,342.5,True,straight_line,24.0
SCN_010,67,2.2,TGT_001,COMMUNICATION_TARGET,446,309,10,10,451.0,314.0,True,circular,35.0
SCN_010,67,2.2,TGT_002,DECOY_TARGET,414,283,9,9,418.5,287.5,True,figure_8,38.0
SCN_010,67,2.2,TGT_003,DECOY_TARGET,184,336,11,11,189.5,341.5,True,straight_line,24.0
SCN_010,68,2.2333,TGT_001,COMMUNICATION_TARGET,445,310,10,10,450.0,315.0,True,circular,35.0
SCN_010,68,2.2333,TGT_002,DECOY_TARGET,415,282,9,9,419.5,286.5,True,figure_8,38.0
SCN_010,68,2.2333,TGT_003,DECOY_TARGET,185,336,11,11,190.5,341.5,True,straight_line,24.0
SCN_010,69,2.2667,TGT_001,COMMUNICATION_TARGET,445,311,10,10,450.0,316.0,True,circular,35.0
SCN_010,69,2.2667,TGT_002,DECOY_TARGET,416,281,9,9,420.5,285.5,True,figure_8,38.0
SCN_010,69,2.2667,TGT_003,DECOY_TARGET,186,336,11,11,191.5,341.5,True,straight_line,24.0
SCN_010,70,2.3,TGT_001,COMMUNICATION_TARGET,444,312,10,10,449.0,317.0,True,circular,35.0
SCN_010,70,2.3,TGT_002,DECOY_TARGET,417,279,9,9,421.5,283.5,True,figure_8,38.0
SCN_010,70,2.3,TGT_003,DECOY_TARGET,186,336,11,11,191.5,341.5,True,straight_line,24.0
SCN_010,71,2.3333,TGT_001,COMMUNICATION_TARGET,443,313,10,10,448.0,318.0,True,circular,35.0
SCN_010,71,2.3333,TGT_002,DECOY_TARGET,417,278,9,9,421.5,282.5,True,figure_8,38.0
SCN_010,71,2.3333,TGT_003,DECOY_TARGET,187,335,11,11,192.5,340.5,True,straight_line,24.0
SCN_010,72,2.3667,TGT_001,COMMUNICATION_TARGET,443,314,10,10,448.0,319.0,True,circular,35.0
SCN_010,72,2.3667,TGT_002,DECOY_TARGET,418,276,9,9,422.5,280.5,True,figure_8,38.0
SCN_010,72,2.3667,TGT_003,DECOY_TARGET,188,335,11,11,193.5,340.5,True,straight_line,24.0
SCN_010,73,2.4,TGT_001,COMMUNICATION_TARGET,442,315,10,10,447.0,320.0,True,circular,35.0
SCN_010,73,2.4,TGT_002,DECOY_TARGET,419,275,9,9,423.5,279.5,True,figure_8,38.0
SCN_010,73,2.4,TGT_003,DECOY_TARGET,189,335,11,11,194.5,340.5,True,straight_line,24.0
SCN_010,74,2.4333,TGT_001,COMMUNICATION_TARGET,441,316,10,10,446.0,321.0,True,circular,35.0
SCN_010,74,2.4333,TGT_002,DECOY_TARGET,419,273,9,9,423.5,277.5,True,figure_8,38.0
SCN_010,74,2.4333,TGT_003,DECOY_TARGET,189,335,11,11,194.5,340.5,True,straight_line,24.0
SCN_010,75,2.4667,TGT_001,COMMUNICATION_TARGET,441,317,10,10,446.0,322.0,True,circular,35.0
SCN_010,75,2.4667,TGT_002,DECOY_TARGET,420,272,9,9,424.5,276.5,True,figure_8,38.0
SCN_010,75,2.4667,TGT_003,DECOY_TARGET,190,334,11,11,195.5,339.5,True,straight_line,24.0
SCN_010,76,2.5,TGT_001,COMMUNICATION_TARGET,440,318,10,10,445.0,323.0,True,circular,35.0
SCN_010,76,2.5,TGT_002,DECOY_TARGET,420,270,9,9,424.5,274.5,True,figure_8,38.0
SCN_010,76,2.5,TGT_003,DECOY_TARGET,191,334,11,11,196.5,339.5,True,straight_line,24.0
SCN_010,77,2.5333,TGT_001,COMMUNICATION_TARGET,440,319,10,10,445.0,324.0,True,circular,35.0
SCN_010,77,2.5333,TGT_002,DECOY_TARGET,421,268,9,9,425.5,272.5,True,figure_8,38.0
SCN_010,77,2.5333,TGT_003,DECOY_TARGET,192,334,11,11,197.5,339.5,True,straight_line,24.0
SCN_010,78,2.5667,TGT_001,COMMUNICATION_TARGET,439,320,10,10,444.0,325.0,True,circular,35.0
SCN_010,78,2.5667,TGT_002,DECOY_TARGET,422,267,9,9,426.5,271.5,True,figure_8,38.0
SCN_010,78,2.5667,TGT_003,DECOY_TARGET,192,333,11,11,197.5,338.5,True,straight_line,24.0
SCN_010,79,2.6,TGT_001,COMMUNICATION_TARGET,438,321,10,10,443.0,326.0,True,circular,35.0
SCN_010,79,2.6,TGT_002,DECOY_TARGET,422,265,9,9,426.5,269.5,True,figure_8,38.0
SCN_010,79,2.6,TGT_003,DECOY_TARGET,193,333,11,11,198.5,338.5,True,straight_line,24.0
SCN_010,80,2.6333,TGT_001,COMMUNICATION_TARGET,438,321,10,10,443.0,326.0,True,circular,35.0
SCN_010,80,2.6333,TGT_002,DECOY_TARGET,422,263,9,9,426.5,267.5,True,figure_8,38.0
SCN_010,80,2.6333,TGT_003,DECOY_TARGET,194,333,11,11,199.5,338.5,True,straight_line,24.0
SCN_010,81,2.6667,TGT_001,COMMUNICATION_TARGET,437,322,10,10,442.0,327.0,True,circular,35.0
SCN_010,81,2.6667,TGT_002,DECOY_TARGET,423,261,9,9,427.5,265.5,True,figure_8,38.0
SCN_010,81,2.6667,TGT_003,DECOY_TARGET,195,333,11,11,200.5,338.5,True,straight_line,24.0
SCN_010,82,2.7,TGT_001,COMMUNICATION_TARGET,436,323,10,10,441.0,328.0,True,circular,35.0
SCN_010,82,2.7,TGT_002,DECOY_TARGET,423,259,9,9,427.5,263.5,True,figure_8,38.0
SCN_010,82,2.7,TGT_003,DECOY_TARGET,195,332,11,11,200.5,337.5,True,straight_line,24.0
SCN_010,83,2.7333,TGT_001,COMMUNICATION_TARGET,436,324,10,10,441.0,329.0,True,circular,35.0
SCN_010,83,2.7333,TGT_002,DECOY_TARGET,424,257,9,9,428.5,261.5,True,figure_8,38.0
SCN_010,83,2.7333,TGT_003,DECOY_TARGET,196,332,11,11,201.5,337.5,True,straight_line,24.0
SCN_010,84,2.7667,TGT_001,COMMUNICATION_TARGET,435,325,10,10,440.0,330.0,True,circular,35.0
SCN_010,84,2.7667,TGT_002,DECOY_TARGET,424,255,9,9,428.5,259.5,True,figure_8,38.0
SCN_010,84,2.7667,TGT_003,DECOY_TARGET,197,332,11,11,202.5,337.5,True,straight_line,24.0
SCN_010,85,2.8,TGT_001,COMMUNICATION_TARGET,434,326,10,10,439.0,331.0,True,circular,35.0
SCN_010,85,2.8,TGT_002,DECOY_TARGET,424,254,9,9,428.5,258.5,True,figure_8,38.0
SCN_010,85,2.8,TGT_003,DECOY_TARGET,198,332,11,11,203.5,337.5,True,straight_line,24.0
SCN_010,86,2.8333,TGT_001,COMMUNICATION_TARGET,433,327,10,10,438.0,332.0,True,circular,35.0
SCN_010,86,2.8333,TGT_002,DECOY_TARGET,425,252,9,9,429.5,256.5,True,figure_8,38.0
SCN_010,86,2.8333,TGT_003,DECOY_TARGET,198,331,11,11,203.5,336.5,True,straight_line,24.0
SCN_010,87,2.8667,TGT_001,COMMUNICATION_TARGET,433,328,10,10,438.0,333.0,True,circular,35.0
SCN_010,87,2.8667,TGT_002,DECOY_TARGET,425,250,9,9,429.5,254.5,True,figure_8,38.0
SCN_010,87,2.8667,TGT_003,DECOY_TARGET,199,331,11,11,204.5,336.5,True,straight_line,24.0
SCN_010,88,2.9,TGT_001,COMMUNICATION_TARGET,432,329,10,10,437.0,334.0,True,circular,35.0
SCN_010,88,2.9,TGT_002,DECOY_TARGET,425,248,9,9,429.5,252.5,True,figure_8,38.0
SCN_010,88,2.9,TGT_003,DECOY_TARGET,200,331,11,11,205.5,336.5,True,straight_line,24.0
SCN_010,89,2.9333,TGT_001,COMMUNICATION_TARGET,431,330,10,10,436.0,335.0,True,circular,35.0
SCN_010,89,2.9333,TGT_002,DECOY_TARGET,425,246,9,9,429.5,250.5,True,figure_8,38.0
SCN_010,89,2.9333,TGT_003,DECOY_TARGET,201,330,11,11,206.5,335.5,True,straight_line,24.0
SCN_010,90,2.9667,TGT_001,COMMUNICATION_TARGET,430,331,10,10,435.0,336.0,True,circular,35.0
SCN_010,90,2.9667,TGT_002,DECOY_TARGET,425,244,9,9,429.5,248.5,True,figure_8,38.0
SCN_010,90,2.9667,TGT_003,DECOY_TARGET,201,330,11,11,206.5,335.5,True,straight_line,24.0
SCN_010,91,3.0,TGT_001,COMMUNICATION_TARGET,430,332,10,10,435.0,337.0,True,circular,35.0
SCN_010,91,3.0,TGT_002,DECOY_TARGET,425,242,9,9,429.5,246.5,True,figure_8,38.0
SCN_010,91,3.0,TGT_003,DECOY_TARGET,202,330,11,11,207.5,335.5,True,straight_line,24.0
SCN_010,92,3.0333,TGT_001,COMMUNICATION_TARGET,429,333,10,10,434.0,338.0,True,circular,35.0
SCN_010,92,3.0333,TGT_002,DECOY_TARGET,425,239,9,9,429.5,243.5,True,figure_8,38.0
SCN_010,92,3.0333,TGT_003,DECOY_TARGET,203,330,11,11,208.5,335.5,True,straight_line,24.0
SCN_010,93,3.0667,TGT_001,COMMUNICATION_TARGET,428,333,10,10,433.0,338.0,True,circular,35.0
SCN_010,93,3.0667,TGT_002,DECOY_TARGET,425,237,9,9,429.5,241.5,True,figure_8,38.0
SCN_010,93,3.0667,TGT_003,DECOY_TARGET,204,329,11,11,209.5,334.5,True,straight_line,24.0
SCN_010,94,3.1,TGT_001,COMMUNICATION_TARGET,427,334,10,10,432.0,339.0,True,circular,35.0
SCN_010,94,3.1,TGT_002,DECOY_TARGET,425,235,9,9,429.5,239.5,True,figure_8,38.0
SCN_010,94,3.1,TGT_003,DECOY_TARGET,204,329,11,11,209.5,334.5,True,straight_line,24.0
SCN_010,95,3.1333,TGT_001,COMMUNICATION_TARGET,427,335,10,10,432.0,340.0,True,circular,35.0
SCN_010,95,3.1333,TGT_002,DECOY_TARGET,425,233,9,9,429.5,237.5,True,figure_8,38.0
SCN_010,95,3.1333,TGT_003,DECOY_TARGET,205,329,11,11,210.5,334.5,True,straight_line,24.0
SCN_010,96,3.1667,TGT_001,COMMUNICATION_TARGET,426,336,10,10,431.0,341.0,True,circular,35.0
SCN_010,96,3.1667,TGT_002,DECOY_TARGET,425,231,9,9,429.5,235.5,True,figure_8,38.0
SCN_010,96,3.1667,TGT_003,DECOY_TARGET,206,329,11,11,211.5,334.5,True,straight_line,24.0
SCN_010,97,3.2,TGT_001,COMMUNICATION_TARGET,425,337,10,10,430.0,342.0,True,circular,35.0
SCN_010,97,3.2,TGT_002,DECOY_TARGET,425,229,9,9,429.5,233.5,True,figure_8,38.0
SCN_010,97,3.2,TGT_003,DECOY_TARGET,207,328,11,11,212.5,333.5,True,straight_line,24.0
SCN_010,98,3.2333,TGT_001,COMMUNICATION_TARGET,424,338,10,10,429.0,343.0,True,circular,35.0
SCN_010,98,3.2333,TGT_002,DECOY_TARGET,425,227,9,9,429.5,231.5,True,figure_8,38.0
SCN_010,98,3.2333,TGT_003,DECOY_TARGET,207,328,11,11,212.5,333.5,True,straight_line,24.0
SCN_010,99,3.2667,TGT_001,COMMUNICATION_TARGET,423,339,10,10,428.0,344.0,True,circular,35.0
SCN_010,99,3.2667,TGT_002,DECOY_TARGET,425,225,9,9,429.5,229.5,True,figure_8,38.0
SCN_010,99,3.2667,TGT_003,DECOY_TARGET,208,328,11,11,213.5,333.5,True,straight_line,24.0
SCN_010,100,3.3,TGT_001,COMMUNICATION_TARGET,423,339,10,10,428.0,344.0,True,circular,35.0
SCN_010,100,3.3,TGT_002,DECOY_TARGET,425,223,9,9,429.5,227.5,True,figure_8,38.0
SCN_010,100,3.3,TGT_003,DECOY_TARGET,209,327,11,11,214.5,332.5,True,straight_line,24.0
SCN_010,101,3.3333,TGT_001,COMMUNICATION_TARGET,422,340,10,10,427.0,345.0,True,circular,35.0
SCN_010,101,3.3333,TGT_002,DECOY_TARGET,425,221,9,9,429.5,225.5,True,figure_8,38.0
SCN_010,101,3.3333,TGT_003,DECOY_TARGET,210,327,11,11,215.5,332.5,True,straight_line,24.0
SCN_010,102,3.3667,TGT_001,COMMUNICATION_TARGET,421,341,10,10,426.0,346.0,True,circular,35.0
SCN_010,102,3.3667,TGT_002,DECOY_TARGET,424,219,9,9,428.5,223.5,True,figure_8,38.0
SCN_010,102,3.3667,TGT_003,DECOY_TARGET,210,327,11,11,215.5,332.5,True,straight_line,24.0
SCN_010,103,3.4,TGT_001,COMMUNICATION_TARGET,420,342,10,10,425.0,347.0,True,circular,35.0
SCN_010,103,3.4,TGT_002,DECOY_TARGET,424,217,9,9,428.5,221.5,True,figure_8,38.0
SCN_010,103,3.4,TGT_003,DECOY_TARGET,211,327,11,11,216.5,332.5,True,straight_line,24.0
SCN_010,104,3.4333,TGT_001,COMMUNICATION_TARGET,419,343,10,10,424.0,348.0,True,circular,35.0
SCN_010,104,3.4333,TGT_002,DECOY_TARGET,424,215,9,9,428.5,219.5,True,figure_8,38.0
SCN_010,104,3.4333,TGT_003,DECOY_TARGET,212,326,11,11,217.5,331.5,True,straight_line,24.0
SCN_010,105,3.4667,TGT_001,COMMUNICATION_TARGET,419,344,10,10,424.0,349.0,True,circular,35.0
SCN_010,105,3.4667,TGT_002,DECOY_TARGET,424,213,9,9,428.5,217.5,True,figure_8,38.0
SCN_010,105,3.4667,TGT_003,DECOY_TARGET,213,326,11,11,218.5,331.5,True,straight_line,24.0
SCN_010,106,3.5,TGT_001,COMMUNICATION_TARGET,418,344,10,10,423.0,349.0,True,circular,35.0
SCN_010,106,3.5,TGT_002,DECOY_TARGET,423,212,9,9,427.5,216.5,True,figure_8,38.0
SCN_010,106,3.5,TGT_003,DECOY_TARGET,213,326,11,11,218.5,331.5,True,straight_line,24.0
SCN_010,107,3.5333,TGT_001,COMMUNICATION_TARGET,417,345,10,10,422.0,350.0,True,circular,35.0
SCN_010,107,3.5333,TGT_002,DECOY_TARGET,423,210,9,9,427.5,214.5,True,figure_8,38.0
SCN_010,107,3.5333,TGT_003,DECOY_TARGET,214,325,11,11,219.5,330.5,True,straight_line,24.0
SCN_010,108,3.5667,TGT_001,COMMUNICATION_TARGET,416,346,10,10,421.0,351.0,True,circular,35.0
SCN_010,108,3.5667,TGT_002,DECOY_TARGET,422,208,9,9,426.5,212.5,True,figure_8,38.0
SCN_010,108,3.5667,TGT_003,DECOY_TARGET,215,325,11,11,220.5,330.5,True,straight_line,24.0
SCN_010,109,3.6,TGT_001,COMMUNICATION_TARGET,415,347,10,10,420.0,352.0,True,circular,35.0
SCN_010,109,3.6,TGT_002,DECOY_TARGET,422,206,9,9,426.5,210.5,True,figure_8,38.0
SCN_010,109,3.6,TGT_003,DECOY_TARGET,216,325,11,11,221.5,330.5,True,straight_line,24.0
SCN_010,110,3.6333,TGT_001,COMMUNICATION_TARGET,414,347,10,10,419.0,352.0,True,circular,35.0
SCN_010,110,3.6333,TGT_002,DECOY_TARGET,421,204,9,9,425.5,208.5,True,figure_8,38.0
SCN_010,110,3.6333,TGT_003,DECOY_TARGET,216,325,11,11,221.5,330.5,True,straight_line,24.0
SCN_010,111,3.6667,TGT_001,COMMUNICATION_TARGET,413,348,10,10,418.0,353.0,True,circular,35.0
SCN_010,111,3.6667,TGT_002,DECOY_TARGET,421,203,9,9,425.5,207.5,True,figure_8,38.0
SCN_010,111,3.6667,TGT_003,DECOY_TARGET,217,324,11,11,222.5,329.5,True,straight_line,24.0
SCN_010,112,3.7,TGT_001,COMMUNICATION_TARGET,412,349,10,10,417.0,354.0,True,circular,35.0
SCN_010,112,3.7,TGT_002,DECOY_TARGET,420,201,9,9,424.5,205.5,True,figure_8,38.0
SCN_010,112,3.7,TGT_003,DECOY_TARGET,218,324,11,11,223.5,329.5,True,straight_line,24.0
SCN_010,113,3.7333,TGT_001,COMMUNICATION_TARGET,412,350,10,10,417.0,355.0,True,circular,35.0
SCN_010,113,3.7333,TGT_002,DECOY_TARGET,420,199,9,9,424.5,203.5,True,figure_8,38.0
SCN_010,113,3.7333,TGT_003,DECOY_TARGET,219,324,11,11,224.5,329.5,True,straight_line,24.0
SCN_010,114,3.7667,TGT_001,COMMUNICATION_TARGET,411,351,10,10,416.0,356.0,True,circular,35.0
SCN_010,114,3.7667,TGT_002,DECOY_TARGET,419,198,9,9,423.5,202.5,True,figure_8,38.0
SCN_010,114,3.7667,TGT_003,DECOY_TARGET,219,324,11,11,224.5,329.5,True,straight_line,24.0
SCN_010,115,3.8,TGT_001,COMMUNICATION_TARGET,410,351,10,10,415.0,356.0,True,circular,35.0
SCN_010,115,3.8,TGT_002,DECOY_TARGET,419,196,9,9,423.5,200.5,True,figure_8,38.0
SCN_010,115,3.8,TGT_003,DECOY_TARGET,220,323,11,11,225.5,328.5,True,straight_line,24.0
SCN_010,116,3.8333,TGT_001,COMMUNICATION_TARGET,409,352,10,10,414.0,357.0,True,circular,35.0
SCN_010,116,3.8333,TGT_002,DECOY_TARGET,418,194,9,9,422.5,198.5,True,figure_8,38.0
SCN_010,116,3.8333,TGT_003,DECOY_TARGET,221,323,11,11,226.5,328.5,True,straight_line,24.0
SCN_010,117,3.8667,TGT_001,COMMUNICATION_TARGET,408,353,10,10,413.0,358.0,True,circular,35.0
SCN_010,117,3.8667,TGT_002,DECOY_TARGET,417,193,9,9,421.5,197.5,True,figure_8,38.0
SCN_010,117,3.8667,TGT_003,DECOY_TARGET,222,323,11,11,227.5,328.5,True,straight_line,24.0
SCN_010,118,3.9,TGT_001,COMMUNICATION_TARGET,407,353,10,10,412.0,358.0,True,circular,35.0
SCN_010,118,3.9,TGT_002,DECOY_TARGET,417,192,9,9,421.5,196.5,True,figure_8,38.0
SCN_010,118,3.9,TGT_003,DECOY_TARGET,222,322,11,11,227.5,327.5,True,straight_line,24.0
SCN_010,119,3.9333,TGT_001,COMMUNICATION_TARGET,406,354,10,10,411.0,359.0,True,circular,35.0
SCN_010,119,3.9333,TGT_002,DECOY_TARGET,416,190,9,9,420.5,194.5,True,figure_8,38.0
SCN_010,119,3.9333,TGT_003,DECOY_TARGET,223,322,11,11,228.5,327.5,True,straight_line,24.0
SCN_010,120,3.9667,TGT_001,COMMUNICATION_TARGET,405,355,10,10,410.0,360.0,True,circular,35.0
SCN_010,120,3.9667,TGT_002,DECOY_TARGET,415,189,9,9,419.5,193.5,True,figure_8,38.0
SCN_010,120,3.9667,TGT_003,DECOY_TARGET,224,322,11,11,229.5,327.5,True,straight_line,24.0
SCN_010,121,4.0,TGT_001,COMMUNICATION_TARGET,404,356,10,10,409.0,361.0,True,circular,35.0
SCN_010,121,4.0,TGT_002,DECOY_TARGET,414,188,9,9,418.5,192.5,True,figure_8,38.0
SCN_010,121,4.0,TGT_003,DECOY_TARGET,225,322,11,11,230.5,327.5,True,straight_line,24.0
SCN_010,122,4.0333,TGT_001,COMMUNICATION_TARGET,403,356,10,10,408.0,361.0,True,circular,35.0
SCN_010,122,4.0333,TGT_002,DECOY_TARGET,413,186,9,9,417.5,190.5,True,figure_8,38.0
SCN_010,122,4.0333,TGT_003,DECOY_TARGET,225,321,11,11,230.5,326.5,True,straight_line,24.0
SCN_010,123,4.0667,TGT_001,COMMUNICATION_TARGET,402,357,10,10,407.0,362.0,True,circular,35.0
SCN_010,123,4.0667,TGT_002,DECOY_TARGET,413,185,9,9,417.5,189.5,True,figure_8,38.0
SCN_010,123,4.0667,TGT_003,DECOY_TARGET,226,321,11,11,231.5,326.5,True,straight_line,24.0
SCN_010,124,4.1,TGT_001,COMMUNICATION_TARGET,401,358,10,10,406.0,363.0,True,circular,35.0
SCN_010,124,4.1,TGT_002,DECOY_TARGET,412,184,9,9,416.5,188.5,True,figure_8,38.0
SCN_010,124,4.1,TGT_003,DECOY_TARGET,227,321,11,11,232.5,326.5,True,straight_line,24.0
SCN_010,125,4.1333,TGT_001,COMMUNICATION_TARGET,400,358,10,10,405.0,363.0,True,circular,35.0
SCN_010,125,4.1333,TGT_002,DECOY_TARGET,411,183,9,9,415.5,187.5,True,figure_8,38.0
SCN_010,125,4.1333,TGT_003,DECOY_TARGET,228,321,11,11,233.5,326.5,True,straight_line,24.0
SCN_010,126,4.1667,TGT_001,COMMUNICATION_TARGET,400,359,10,10,405.0,364.0,True,circular,35.0
SCN_010,126,4.1667,TGT_002,DECOY_TARGET,410,182,9,9,414.5,186.5,True,figure_8,38.0
SCN_010,126,4.1667,TGT_003,DECOY_TARGET,228,320,11,11,233.5,325.5,True,straight_line,24.0
SCN_010,127,4.2,TGT_001,COMMUNICATION_TARGET,399,360,10,10,404.0,365.0,True,circular,35.0
SCN_010,127,4.2,TGT_002,DECOY_TARGET,409,181,9,9,413.5,185.5,True,figure_8,38.0
SCN_010,127,4.2,TGT_003,DECOY_TARGET,229,320,11,11,234.5,325.5,True,straight_line,24.0
SCN_010,128,4.2333,TGT_001,COMMUNICATION_TARGET,398,360,10,10,403.0,365.0,True,circular,35.0
SCN_010,128,4.2333,TGT_002,DECOY_TARGET,408,180,9,9,412.5,184.5,True,figure_8,38.0
SCN_010,128,4.2333,TGT_003,DECOY_TARGET,230,320,11,11,235.5,325.5,True,straight_line,24.0
SCN_010,129,4.2667,TGT_001,COMMUNICATION_TARGET,397,361,10,10,402.0,366.0,True,circular,35.0
SCN_010,129,4.2667,TGT_002,DECOY_TARGET,407,179,9,9,411.5,183.5,True,figure_8,38.0
SCN_010,129,4.2667,TGT_003,DECOY_TARGET,231,319,11,11,236.5,324.5,True,straight_line,24.0
SCN_010,130,4.3,TGT_001,COMMUNICATION_TARGET,396,361,10,10,401.0,366.0,True,circular,35.0
SCN_010,130,4.3,TGT_002,DECOY_TARGET,406,179,9,9,410.5,183.5,True,figure_8,38.0
SCN_010,130,4.3,TGT_003,DECOY_TARGET,231,319,11,11,236.5,324.5,True,straight_line,24.0
SCN_010,131,4.3333,TGT_001,COMMUNICATION_TARGET,395,362,10,10,400.0,367.0,True,circular,35.0
SCN_010,131,4.3333,TGT_002,DECOY_TARGET,405,178,9,9,409.5,182.5,True,figure_8,38.0
SCN_010,131,4.3333,TGT_003,DECOY_TARGET,232,319,11,11,237.5,324.5,True,straight_line,24.0
SCN_010,132,4.3667,TGT_001,COMMUNICATION_TARGET,394,363,10,10,399.0,368.0,True,circular,35.0
SCN_010,132,4.3667,TGT_002,DECOY_TARGET,404,177,9,9,408.5,181.5,True,figure_8,38.0
SCN_010,132,4.3667,TGT_003,DECOY_TARGET,233,319,11,11,238.5,324.5,True,straight_line,24.0
SCN_010,133,4.4,TGT_001,COMMUNICATION_TARGET,393,363,10,10,398.0,368.0,True,circular,35.0
SCN_010,133,4.4,TGT_002,DECOY_TARGET,402,177,9,9,406.5,181.5,True,figure_8,38.0
SCN_010,133,4.4,TGT_003,DECOY_TARGET,234,318,11,11,239.5,323.5,True,straight_line,24.0
SCN_010,134,4.4333,TGT_001,COMMUNICATION_TARGET,392,364,10,10,397.0,369.0,True,circular,35.0
SCN_010,134,4.4333,TGT_002,DECOY_TARGET,401,176,9,9,405.5,180.5,True,figure_8,38.0
SCN_010,134,4.4333,TGT_003,DECOY_TARGET,234,318,11,11,239.5,323.5,True,straight_line,24.0
SCN_010,135,4.4667,TGT_001,COMMUNICATION_TARGET,391,365,10,10,396.0,370.0,True,circular,35.0
SCN_010,135,4.4667,TGT_002,DECOY_TARGET,400,176,9,9,404.5,180.5,True,figure_8,38.0
SCN_010,135,4.4667,TGT_003,DECOY_TARGET,235,318,11,11,240.5,323.5,True,straight_line,24.0
SCN_010,136,4.5,TGT_001,COMMUNICATION_TARGET,390,365,10,10,395.0,370.0,True,circular,35.0
SCN_010,136,4.5,TGT_002,DECOY_TARGET,399,176,9,9,403.5,180.5,True,figure_8,38.0
SCN_010,136,4.5,TGT_003,DECOY_TARGET,236,318,11,11,241.5,323.5,True,straight_line,24.0
SCN_010,137,4.5333,TGT_001,COMMUNICATION_TARGET,389,366,10,10,394.0,371.0,True,circular,35.0
SCN_010,137,4.5333,TGT_002,DECOY_TARGET,398,175,9,9,402.5,179.5,True,figure_8,38.0
SCN_010,137,4.5333,TGT_003,DECOY_TARGET,237,317,11,11,242.5,322.5,True,straight_line,24.0
SCN_010,138,4.5667,TGT_001,COMMUNICATION_TARGET,388,366,10,10,393.0,371.0,True,circular,35.0
SCN_010,138,4.5667,TGT_002,DECOY_TARGET,396,175,9,9,400.5,179.5,True,figure_8,38.0
SCN_010,138,4.5667,TGT_003,DECOY_TARGET,237,317,11,11,242.5,322.5,True,straight_line,24.0
SCN_010,139,4.6,TGT_001,COMMUNICATION_TARGET,387,367,10,10,392.0,372.0,True,circular,35.0
SCN_010,139,4.6,TGT_002,DECOY_TARGET,395,175,9,9,399.5,179.5,True,figure_8,38.0
SCN_010,139,4.6,TGT_003,DECOY_TARGET,238,317,11,11,243.5,322.5,True,straight_line,24.0
SCN_010,140,4.6333,TGT_001,COMMUNICATION_TARGET,386,367,10,10,391.0,372.0,True,circular,35.0
SCN_010,140,4.6333,TGT_002,DECOY_TARGET,394,175,9,9,398.5,179.5,True,figure_8,38.0
SCN_010,140,4.6333,TGT_003,DECOY_TARGET,239,316,11,11,244.5,321.5,True,straight_line,24.0
SCN_010,141,4.6667,TGT_001,COMMUNICATION_TARGET,385,368,10,10,390.0,373.0,True,circular,35.0
SCN_010,141,4.6667,TGT_002,DECOY_TARGET,393,175,9,9,397.5,179.5,True,figure_8,38.0
SCN_010,141,4.6667,TGT_003,DECOY_TARGET,240,316,11,11,245.5,321.5,True,straight_line,24.0
SCN_010,142,4.7,TGT_001,COMMUNICATION_TARGET,383,368,10,10,388.0,373.0,True,circular,35.0
SCN_010,142,4.7,TGT_002,DECOY_TARGET,391,175,9,9,395.5,179.5,True,figure_8,38.0
SCN_010,142,4.7,TGT_003,DECOY_TARGET,240,316,11,11,245.5,321.5,True,straight_line,24.0
SCN_010,143,4.7333,TGT_001,COMMUNICATION_TARGET,382,369,10,10,387.0,374.0,True,circular,35.0
SCN_010,143,4.7333,TGT_002,DECOY_TARGET,390,175,9,9,394.5,179.5,True,figure_8,38.0
SCN_010,143,4.7333,TGT_003,DECOY_TARGET,241,316,11,11,246.5,321.5,True,straight_line,24.0
SCN_010,144,4.7667,TGT_001,COMMUNICATION_TARGET,381,370,10,10,386.0,375.0,True,circular,35.0
SCN_010,144,4.7667,TGT_002,DECOY_TARGET,388,175,9,9,392.5,179.5,True,figure_8,38.0
SCN_010,144,4.7667,TGT_003,DECOY_TARGET,242,315,11,11,247.5,320.5,True,straight_line,24.0
SCN_010,145,4.8,TGT_001,COMMUNICATION_TARGET,380,370,10,10,385.0,375.0,True,circular,35.0
SCN_010,145,4.8,TGT_002,DECOY_TARGET,387,176,9,9,391.5,180.5,True,figure_8,38.0
SCN_010,145,4.8,TGT_003,DECOY_TARGET,243,315,11,11,248.5,320.5,True,straight_line,24.0
SCN_010,146,4.8333,TGT_001,COMMUNICATION_TARGET,379,371,10,10,384.0,376.0,True,circular,35.0
SCN_010,146,4.8333,TGT_002,DECOY_TARGET,386,176,9,9,390.5,180.5,True,figure_8,38.0
SCN_010,146,4.8333,TGT_003,DECOY_TARGET,244,315,11,11,249.5,320.5,True,straight_line,24.0
SCN_010,147,4.8667,TGT_001,COMMUNICATION_TARGET,378,371,10,10,383.0,376.0,True,circular,35.0
SCN_010,147,4.8667,TGT_002,DECOY_TARGET,384,176,9,9,388.5,180.5,True,figure_8,38.0
SCN_010,147,4.8667,TGT_003,DECOY_TARGET,244,315,11,11,249.5,320.5,True,straight_line,24.0
SCN_010,148,4.9,TGT_001,COMMUNICATION_TARGET,377,372,10,10,382.0,377.0,True,circular,35.0
SCN_010,148,4.9,TGT_002,DECOY_TARGET,383,177,9,9,387.5,181.5,True,figure_8,38.0
SCN_010,148,4.9,TGT_003,DECOY_TARGET,245,314,11,11,250.5,319.5,True,straight_line,24.0
SCN_010,149,4.9333,TGT_001,COMMUNICATION_TARGET,376,372,10,10,381.0,377.0,True,circular,35.0
SCN_010,149,4.9333,TGT_002,DECOY_TARGET,381,178,9,9,385.5,182.5,True,figure_8,38.0
SCN_010,149,4.9333,TGT_003,DECOY_TARGET,246,314,11,11,251.5,319.5,True,straight_line,24.0
SCN_010,150,4.9667,TGT_001,COMMUNICATION_TARGET,375,372,10,10,380.0,377.0,True,circular,35.0
SCN_010,150,4.9667,TGT_002,DECOY_TARGET,380,178,9,9,384.5,182.5,True,figure_8,38.0
SCN_010,150,4.9667,TGT_003,DECOY_TARGET,247,314,11,11,252.5,319.5,True,straight_line,24.0
SCN_010,151,5.0,TGT_001,COMMUNICATION_TARGET,374,373,10,10,379.0,378.0,True,circular,35.0
SCN_010,151,5.0,TGT_002,DECOY_TARGET,378,179,9,9,382.5,183.5,True,figure_8,38.0
SCN_010,151,5.0,TGT_003,DECOY_TARGET,247,313,11,11,252.5,318.5,True,straight_line,24.0
SCN_010,152,5.0333,TGT_001,COMMUNICATION_TARGET,373,373,10,10,378.0,378.0,True,circular,35.0
SCN_010,152,5.0333,TGT_002,DECOY_TARGET,377,180,9,9,381.5,184.5,True,figure_8,38.0
SCN_010,152,5.0333,TGT_003,DECOY_TARGET,248,313,11,11,253.5,318.5,True,straight_line,24.0
SCN_010,153,5.0667,TGT_001,COMMUNICATION_TARGET,372,374,10,10,377.0,379.0,True,circular,35.0
SCN_010,153,5.0667,TGT_002,DECOY_TARGET,375,180,9,9,379.5,184.5,True,figure_8,38.0
SCN_010,153,5.0667,TGT_003,DECOY_TARGET,249,313,11,11,254.5,318.5,True,straight_line,24.0
SCN_010,154,5.1,TGT_001,COMMUNICATION_TARGET,371,374,10,10,376.0,379.0,True,circular,35.0
SCN_010,154,5.1,TGT_002,DECOY_TARGET,374,181,9,9,378.5,185.5,True,figure_8,38.0
SCN_010,154,5.1,TGT_003,DECOY_TARGET,250,313,11,11,255.5,318.5,True,straight_line,24.0
SCN_010,155,5.1333,TGT_001,COMMUNICATION_TARGET,370,375,10,10,375.0,380.0,True,circular,35.0
SCN_010,155,5.1333,TGT_002,DECOY_TARGET,372,182,9,9,376.5,186.5,True,figure_8,38.0
SCN_010,155,5.1333,TGT_003,DECOY_TARGET,250,312,11,11,255.5,317.5,True,straight_line,24.0
SCN_010,156,5.1667,TGT_001,COMMUNICATION_TARGET,369,375,10,10,374.0,380.0,True,circular,35.0
SCN_010,156,5.1667,TGT_002,DECOY_TARGET,370,183,9,9,374.5,187.5,True,figure_8,38.0
SCN_010,156,5.1667,TGT_003,DECOY_TARGET,251,312,11,11,256.5,317.5,True,straight_line,24.0
SCN_010,157,5.2,TGT_001,COMMUNICATION_TARGET,367,376,10,10,372.0,381.0,True,circular,35.0
SCN_010,157,5.2,TGT_002,DECOY_TARGET,369,184,9,9,373.5,188.5,True,figure_8,38.0
SCN_010,157,5.2,TGT_003,DECOY_TARGET,252,312,11,11,257.5,317.5,True,straight_line,24.0
SCN_010,158,5.2333,TGT_001,COMMUNICATION_TARGET,366,376,10,10,371.0,381.0,True,circular,35.0
SCN_010,158,5.2333,TGT_002,DECOY_TARGET,367,185,9,9,371.5,189.5,True,figure_8,38.0
SCN_010,158,5.2333,TGT_003,DECOY_TARGET,253,312,11,11,258.5,317.5,True,straight_line,24.0
SCN_010,159,5.2667,TGT_001,COMMUNICATION_TARGET,365,376,10,10,370.0,381.0,True,circular,35.0
SCN_010,159,5.2667,TGT_002,DECOY_TARGET,365,187,9,9,369.5,191.5,True,figure_8,38.0
SCN_010,159,5.2667,TGT_003,DECOY_TARGET,253,311,11,11,258.5,316.5,True,straight_line,24.0
SCN_010,160,5.3,TGT_001,COMMUNICATION_TARGET,364,377,10,10,369.0,382.0,True,circular,35.0
SCN_010,160,5.3,TGT_002,DECOY_TARGET,364,188,9,9,368.5,192.5,True,figure_8,38.0
SCN_010,160,5.3,TGT_003,DECOY_TARGET,254,311,11,11,259.5,316.5,True,straight_line,24.0
SCN_010,161,5.3333,TGT_001,COMMUNICATION_TARGET,363,377,10,10,368.0,382.0,True,circular,35.0
SCN_010,161,5.3333,TGT_002,DECOY_TARGET,362,189,9,9,366.5,193.5,True,figure_8,38.0
SCN_010,161,5.3333,TGT_003,DECOY_TARGET,255,311,11,11,260.5,316.5,True,straight_line,24.0
SCN_010,162,5.3667,TGT_001,COMMUNICATION_TARGET,362,377,10,10,367.0,382.0,True,circular,35.0
SCN_010,162,5.3667,TGT_002,DECOY_TARGET,360,190,9,9,364.5,194.5,True,figure_8,38.0
SCN_010,162,5.3667,TGT_003,DECOY_TARGET,256,310,11,11,261.5,315.5,True,straight_line,24.0
SCN_010,163,5.4,TGT_001,COMMUNICATION_TARGET,361,378,10,10,366.0,383.0,True,circular,35.0
SCN_010,163,5.4,TGT_002,DECOY_TARGET,359,192,9,9,363.5,196.5,True,figure_8,38.0
SCN_010,163,5.4,TGT_003,DECOY_TARGET,256,310,11,11,261.5,315.5,True,straight_line,24.0
SCN_010,164,5.4333,TGT_001,COMMUNICATION_TARGET,360,378,10,10,365.0,383.0,True,circular,35.0
SCN_010,164,5.4333,TGT_002,DECOY_TARGET,357,193,9,9,361.5,197.5,True,figure_8,38.0
SCN_010,164,5.4333,TGT_003,DECOY_TARGET,257,310,11,11,262.5,315.5,True,straight_line,24.0
SCN_010,165,5.4667,TGT_001,COMMUNICATION_TARGET,359,379,10,10,364.0,384.0,True,circular,35.0
SCN_010,165,5.4667,TGT_002,DECOY_TARGET,355,195,9,9,359.5,199.5,True,figure_8,38.0
SCN_010,165,5.4667,TGT_003,DECOY_TARGET,258,310,11,11,263.5,315.5,True,straight_line,24.0
SCN_010,166,5.5,TGT_001,COMMUNICATION_TARGET,358,379,10,10,363.0,384.0,True,circular,35.0
SCN_010,166,5.5,TGT_002,DECOY_TARGET,354,196,9,9,358.5,200.5,True,figure_8,38.0
SCN_010,166,5.5,TGT_003,DECOY_TARGET,259,309,11,11,264.5,314.5,True,straight_line,24.0
SCN_010,167,5.5333,TGT_001,COMMUNICATION_TARGET,356,379,10,10,361.0,384.0,True,circular,35.0
SCN_010,167,5.5333,TGT_002,DECOY_TARGET,352,198,9,9,356.5,202.5,True,figure_8,38.0
SCN_010,167,5.5333,TGT_003,DECOY_TARGET,259,309,11,11,264.5,314.5,True,straight_line,24.0
SCN_010,168,5.5667,TGT_001,COMMUNICATION_TARGET,355,379,10,10,360.0,384.0,True,circular,35.0
SCN_010,168,5.5667,TGT_002,DECOY_TARGET,350,199,9,9,354.5,203.5,True,figure_8,38.0
SCN_010,168,5.5667,TGT_003,DECOY_TARGET,260,309,11,11,265.5,314.5,True,straight_line,24.0
SCN_010,169,5.6,TGT_001,COMMUNICATION_TARGET,354,380,10,10,359.0,385.0,True,circular,35.0
SCN_010,169,5.6,TGT_002,DECOY_TARGET,348,201,9,9,352.5,205.5,True,figure_8,38.0
SCN_010,169,5.6,TGT_003,DECOY_TARGET,261,309,11,11,266.5,314.5,True,straight_line,24.0
SCN_010,170,5.6333,TGT_001,COMMUNICATION_TARGET,353,380,10,10,358.0,385.0,True,circular,35.0
SCN_010,170,5.6333,TGT_002,DECOY_TARGET,346,203,9,9,350.5,207.5,True,figure_8,38.0
SCN_010,170,5.6333,TGT_003,DECOY_TARGET,262,308,11,11,267.5,313.5,True,straight_line,24.0
SCN_010,171,5.6667,TGT_001,COMMUNICATION_TARGET,352,380,10,10,357.0,385.0,True,circular,35.0
SCN_010,171,5.6667,TGT_002,DECOY_TARGET,345,205,9,9,349.5,209.5,True,figure_8,38.0
SCN_010,171,5.6667,TGT_003,DECOY_TARGET,262,308,11,11,267.5,313.5,True,straight_line,24.0
SCN_010,172,5.7,TGT_001,COMMUNICATION_TARGET,351,381,10,10,356.0,386.0,True,circular,35.0
SCN_010,172,5.7,TGT_002,DECOY_TARGET,343,206,9,9,347.5,210.5,True,figure_8,38.0
SCN_010,172,5.7,TGT_003,DECOY_TARGET,263,308,11,11,268.5,313.5,True,straight_line,24.0
SCN_010,173,5.7333,TGT_001,COMMUNICATION_TARGET,350,381,10,10,355.0,386.0,True,circular,35.0
SCN_010,173,5.7333,TGT_002,DECOY_TARGET,341,208,9,9,345.5,212.5,True,figure_8,38.0
SCN_010,173,5.7333,TGT_003,DECOY_TARGET,264,307,11,11,269.5,312.5,True,straight_line,24.0
SCN_010,174,5.7667,TGT_001,COMMUNICATION_TARGET,349,381,10,10,354.0,386.0,True,circular,35.0
SCN_010,174,5.7667,TGT_002,DECOY_TARGET,339,210,9,9,343.5,214.5,True,figure_8,38.0
SCN_010,174,5.7667,TGT_003,DECOY_TARGET,265,307,11,11,270.5,312.5,True,straight_line,24.0
SCN_010,175,5.8,TGT_001,COMMUNICATION_TARGET,347,381,10,10,352.0,386.0,True,circular,35.0
SCN_010,175,5.8,TGT_002,DECOY_TARGET,337,212,9,9,341.5,216.5,True,figure_8,38.0
SCN_010,175,5.8,TGT_003,DECOY_TARGET,265,307,11,11,270.5,312.5,True,straight_line,24.0
SCN_010,176,5.8333,TGT_001,COMMUNICATION_TARGET,346,382,10,10,351.0,387.0,True,circular,35.0
SCN_010,176,5.8333,TGT_002,DECOY_TARGET,336,214,9,9,340.5,218.5,True,figure_8,38.0
SCN_010,176,5.8333,TGT_003,DECOY_TARGET,266,307,11,11,271.5,312.5,True,straight_line,24.0
SCN_010,177,5.8667,TGT_001,COMMUNICATION_TARGET,345,382,10,10,350.0,387.0,True,circular,35.0
SCN_010,177,5.8667,TGT_002,DECOY_TARGET,334,216,9,9,338.5,220.5,True,figure_8,38.0
SCN_010,177,5.8667,TGT_003,DECOY_TARGET,267,306,11,11,272.5,311.5,True,straight_line,24.0
SCN_010,178,5.9,TGT_001,COMMUNICATION_TARGET,344,382,10,10,349.0,387.0,True,circular,35.0
SCN_010,178,5.9,TGT_002,DECOY_TARGET,332,218,9,9,336.5,222.5,True,figure_8,38.0
SCN_010,178,5.9,TGT_003,DECOY_TARGET,268,306,11,11,273.5,311.5,True,straight_line,24.0
SCN_010,179,5.9333,TGT_001,COMMUNICATION_TARGET,343,382,10,10,348.0,387.0,True,circular,35.0
SCN_010,179,5.9333,TGT_002,DECOY_TARGET,330,220,9,9,334.5,224.5,True,figure_8,38.0
SCN_010,179,5.9333,TGT_003,DECOY_TARGET,268,306,11,11,273.5,311.5,True,straight_line,24.0
SCN_010,180,5.9667,TGT_001,COMMUNICATION_TARGET,342,383,10,10,347.0,388.0,True,circular,35.0
SCN_010,180,5.9667,TGT_002,DECOY_TARGET,328,222,9,9,332.5,226.5,True,figure_8,38.0
SCN_010,180,5.9667,TGT_003,DECOY_TARGET,269,306,11,11,274.5,311.5,True,straight_line,24.0
SCN_010,181,6.0,TGT_001,COMMUNICATION_TARGET,340,383,10,10,345.0,388.0,True,circular,35.0
SCN_010,181,6.0,TGT_002,DECOY_TARGET,326,224,9,9,330.5,228.5,True,figure_8,38.0
SCN_010,181,6.0,TGT_003,DECOY_TARGET,270,305,11,11,275.5,310.5,True,straight_line,24.0
SCN_010,182,6.0333,TGT_001,COMMUNICATION_TARGET,339,383,10,10,344.0,388.0,True,circular,35.0
SCN_010,182,6.0333,TGT_002,DECOY_TARGET,325,226,9,9,329.5,230.5,True,figure_8,38.0
SCN_010,182,6.0333,TGT_003,DECOY_TARGET,271,305,11,11,276.5,310.5,True,straight_line,24.0
SCN_010,183,6.0667,TGT_001,COMMUNICATION_TARGET,338,383,10,10,343.0,388.0,True,circular,35.0
SCN_010,183,6.0667,TGT_002,DECOY_TARGET,323,228,9,9,327.5,232.5,True,figure_8,38.0
SCN_010,183,6.0667,TGT_003,DECOY_TARGET,271,305,11,11,276.5,310.5,True,straight_line,24.0
SCN_010,184,6.1,TGT_001,COMMUNICATION_TARGET,337,383,10,10,342.0,388.0,True,circular,35.0
SCN_010,184,6.1,TGT_002,DECOY_TARGET,321,230,9,9,325.5,234.5,True,figure_8,38.0
SCN_010,184,6.1,TGT_003,DECOY_TARGET,272,304,11,11,277.5,309.5,True,straight_line,24.0
SCN_010,185,6.1333,TGT_001,COMMUNICATION_TARGET,336,384,10,10,341.0,389.0,True,circular,35.0
SCN_010,185,6.1333,TGT_002,DECOY_TARGET,319,232,9,9,323.5,236.5,True,figure_8,38.0
SCN_010,185,6.1333,TGT_003,DECOY_TARGET,273,304,11,11,278.5,309.5,True,straight_line,24.0
SCN_010,186,6.1667,TGT_001,COMMUNICATION_TARGET,335,384,10,10,340.0,389.0,True,circular,35.0
SCN_010,186,6.1667,TGT_002,DECOY_TARGET,317,234,9,9,321.5,238.5,True,figure_8,38.0
SCN_010,186,6.1667,TGT_003,DECOY_TARGET,274,304,11,11,279.5,309.5,True,straight_line,24.0
SCN_010,187,6.2,TGT_001,COMMUNICATION_TARGET,334,384,10,10,339.0,389.0,True,circular,35.0
SCN_010,187,6.2,TGT_002,DECOY_TARGET,315,236,9,9,319.5,240.5,True,figure_8,38.0
SCN_010,187,6.2,TGT_003,DECOY_TARGET,274,304,11,11,279.5,309.5,True,straight_line,24.0
SCN_010,188,6.2333,TGT_001,COMMUNICATION_TARGET,332,384,10,10,337.0,389.0,True,circular,35.0
SCN_010,188,6.2333,TGT_002,DECOY_TARGET,313,238,9,9,317.5,242.5,True,figure_8,38.0
SCN_010,188,6.2333,TGT_003,DECOY_TARGET,275,303,11,11,280.5,308.5,True,straight_line,24.0
SCN_010,189,6.2667,TGT_001,COMMUNICATION_TARGET,331,384,10,10,336.0,389.0,True,circular,35.0
SCN_010,189,6.2667,TGT_002,DECOY_TARGET,312,240,9,9,316.5,244.5,True,figure_8,38.0
SCN_010,189,6.2667,TGT_003,DECOY_TARGET,276,303,11,11,281.5,308.5,True,straight_line,24.0
SCN_010,190,6.3,TGT_001,COMMUNICATION_TARGET,330,384,10,10,335.0,389.0,True,circular,35.0
SCN_010,190,6.3,TGT_002,DECOY_TARGET,310,242,9,9,314.5,246.5,True,figure_8,38.0
SCN_010,190,6.3,TGT_003,DECOY_TARGET,277,303,11,11,282.5,308.5,True,straight_line,24.0
SCN_010,191,6.3333,TGT_001,COMMUNICATION_TARGET,329,384,10,10,334.0,389.0,True,circular,35.0
SCN_010,191,6.3333,TGT_002,DECOY_TARGET,308,244,9,9,312.5,248.5,True,figure_8,38.0
SCN_010,191,6.3333,TGT_003,DECOY_TARGET,277,303,11,11,282.5,308.5,True,straight_line,24.0
SCN_010,192,6.3667,TGT_001,COMMUNICATION_TARGET,328,384,10,10,333.0,389.0,True,circular,35.0
SCN_010,192,6.3667,TGT_002,DECOY_TARGET,306,246,9,9,310.5,250.5,True,figure_8,38.0
SCN_010,192,6.3667,TGT_003,DECOY_TARGET,278,302,11,11,283.5,307.5,True,straight_line,24.0
SCN_010,193,6.4,TGT_001,COMMUNICATION_TARGET,327,385,10,10,332.0,390.0,True,circular,35.0
SCN_010,193,6.4,TGT_002,DECOY_TARGET,304,248,9,9,308.5,252.5,True,figure_8,38.0
SCN_010,193,6.4,TGT_003,DECOY_TARGET,279,302,11,11,284.5,307.5,True,straight_line,24.0
SCN_010,194,6.4333,TGT_001,COMMUNICATION_TARGET,325,385,10,10,330.0,390.0,True,circular,35.0
SCN_010,194,6.4333,TGT_002,DECOY_TARGET,302,250,9,9,306.5,254.5,True,figure_8,38.0
SCN_010,194,6.4333,TGT_003,DECOY_TARGET,280,302,11,11,285.5,307.5,True,straight_line,24.0
SCN_010,195,6.4667,TGT_001,COMMUNICATION_TARGET,324,385,10,10,329.0,390.0,True,circular,35.0
SCN_010,195,6.4667,TGT_002,DECOY_TARGET,300,252,9,9,304.5,256.5,True,figure_8,38.0
SCN_010,195,6.4667,TGT_003,DECOY_TARGET,280,301,11,11,285.5,306.5,True,straight_line,24.0
SCN_010,196,6.5,TGT_001,COMMUNICATION_TARGET,323,385,10,10,328.0,390.0,True,circular,35.0
SCN_010,196,6.5,TGT_002,DECOY_TARGET,299,254,9,9,303.5,258.5,True,figure_8,38.0
SCN_010,196,6.5,TGT_003,DECOY_TARGET,281,301,11,11,286.5,306.5,True,straight_line,24.0
SCN_010,197,6.5333,TGT_001,COMMUNICATION_TARGET,322,385,10,10,327.0,390.0,True,circular,35.0
SCN_010,197,6.5333,TGT_002,DECOY_TARGET,297,256,9,9,301.5,260.5,True,figure_8,38.0
SCN_010,197,6.5333,TGT_003,DECOY_TARGET,282,301,11,11,287.5,306.5,True,straight_line,24.0
SCN_010,198,6.5667,TGT_001,COMMUNICATION_TARGET,321,385,10,10,326.0,390.0,True,circular,35.0
SCN_010,198,6.5667,TGT_002,DECOY_TARGET,295,258,9,9,299.5,262.5,True,figure_8,38.0
SCN_010,198,6.5667,TGT_003,DECOY_TARGET,283,301,11,11,288.5,306.5,True,straight_line,24.0
SCN_010,199,6.6,TGT_001,COMMUNICATION_TARGET,320,385,10,10,325.0,390.0,True,circular,35.0
SCN_010,199,6.6,TGT_002,DECOY_TARGET,293,260,9,9,297.5,264.5,True,figure_8,38.0
SCN_010,199,6.6,TGT_003,DECOY_TARGET,283,300,11,11,288.5,305.5,True,straight_line,24.0
SCN_010,200,6.6333,TGT_001,COMMUNICATION_TARGET,318,385,10,10,323.0,390.0,True,circular,35.0
SCN_010,200,6.6333,TGT_002,DECOY_TARGET,291,261,9,9,295.5,265.5,True,figure_8,38.0
SCN_010,200,6.6333,TGT_003,DECOY_TARGET,284,300,11,11,289.5,305.5,True,straight_line,24.0
SCN_010,201,6.6667,TGT_001,COMMUNICATION_TARGET,317,385,10,10,322.0,390.0,True,circular,35.0
SCN_010,201,6.6667,TGT_002,DECOY_TARGET,290,263,9,9,294.5,267.5,True,figure_8,38.0
SCN_010,201,6.6667,TGT_003,DECOY_TARGET,285,300,11,11,290.5,305.5,True,straight_line,24.0
SCN_010,202,6.7,TGT_001,COMMUNICATION_TARGET,316,385,10,10,321.0,390.0,True,circular,35.0
SCN_010,202,6.7,TGT_002,DECOY_TARGET,288,265,9,9,292.5,269.5,True,figure_8,38.0
SCN_010,202,6.7,TGT_003,DECOY_TARGET,286,300,11,11,291.5,305.5,True,straight_line,24.0
SCN_010,203,6.7333,TGT_001,COMMUNICATION_TARGET,315,385,10,10,320.0,390.0,True,circular,35.0
SCN_010,203,6.7333,TGT_002,DECOY_TARGET,286,267,9,9,290.5,271.5,True,figure_8,38.0
SCN_010,203,6.7333,TGT_003,DECOY_TARGET,286,299,11,11,291.5,304.5,True,straight_line,24.0
SCN_010,204,6.7667,TGT_001,COMMUNICATION_TARGET,314,385,10,10,319.0,390.0,True,circular,35.0
SCN_010,204,6.7667,TGT_002,DECOY_TARGET,284,269,9,9,288.5,273.5,True,figure_8,38.0
SCN_010,204,6.7667,TGT_003,DECOY_TARGET,287,299,11,11,292.5,304.5,True,straight_line,24.0
SCN_010,205,6.8,TGT_001,COMMUNICATION_TARGET,313,385,10,10,318.0,390.0,True,circular,35.0
SCN_010,205,6.8,TGT_002,DECOY_TARGET,282,270,9,9,286.5,274.5,True,figure_8,38.0
SCN_010,205,6.8,TGT_003,DECOY_TARGET,288,299,11,11,293.5,304.5,True,straight_line,24.0
SCN_010,206,6.8333,TGT_001,COMMUNICATION_TARGET,311,385,10,10,316.0,390.0,True,circular,35.0
SCN_010,206,6.8333,TGT_002,DECOY_TARGET,281,272,9,9,285.5,276.5,True,figure_8,38.0
SCN_010,206,6.8333,TGT_003,DECOY_TARGET,289,298,11,11,294.5,303.5,True,straight_line,24.0
SCN_010,207,6.8667,TGT_001,COMMUNICATION_TARGET,310,385,10,10,315.0,390.0,True,circular,35.0
SCN_010,207,6.8667,TGT_002,DECOY_TARGET,279,274,9,9,283.5,278.5,True,figure_8,38.0
SCN_010,207,6.8667,TGT_003,DECOY_TARGET,289,298,11,11,294.5,303.5,True,straight_line,24.0
SCN_010,208,6.9,TGT_001,COMMUNICATION_TARGET,309,385,10,10,314.0,390.0,True,circular,35.0
SCN_010,208,6.9,TGT_002,DECOY_TARGET,277,275,9,9,281.5,279.5,True,figure_8,38.0
SCN_010,208,6.9,TGT_003,DECOY_TARGET,290,298,11,11,295.5,303.5,True,straight_line,24.0
SCN_010,209,6.9333,TGT_001,COMMUNICATION_TARGET,308,385,10,10,313.0,390.0,True,circular,35.0
SCN_010,209,6.9333,TGT_002,DECOY_TARGET,275,277,9,9,279.5,281.5,True,figure_8,38.0
SCN_010,209,6.9333,TGT_003,DECOY_TARGET,291,298,11,11,296.5,303.5,True,straight_line,24.0
SCN_010,210,6.9667,TGT_001,COMMUNICATION_TARGET,307,385,10,10,312.0,390.0,True,circular,35.0
SCN_010,210,6.9667,TGT_002,DECOY_TARGET,274,278,9,9,278.5,282.5,True,figure_8,38.0
SCN_010,210,6.9667,TGT_003,DECOY_TARGET,292,297,11,11,297.5,302.5,True,straight_line,24.0
SCN_010,211,7.0,TGT_001,COMMUNICATION_TARGET,306,385,10,10,311.0,390.0,True,circular,35.0
SCN_010,211,7.0,TGT_002,DECOY_TARGET,272,280,9,9,276.5,284.5,True,figure_8,38.0
SCN_010,211,7.0,TGT_003,DECOY_TARGET,292,297,11,11,297.5,302.5,True,straight_line,24.0
SCN_010,212,7.0333,TGT_001,COMMUNICATION_TARGET,304,385,10,10,309.0,390.0,True,circular,35.0
SCN_010,212,7.0333,TGT_002,DECOY_TARGET,270,281,9,9,274.5,285.5,True,figure_8,38.0
SCN_010,212,7.0333,TGT_003,DECOY_TARGET,293,297,11,11,298.5,302.5,True,straight_line,24.0
SCN_010,213,7.0667,TGT_001,COMMUNICATION_TARGET,303,385,10,10,308.0,390.0,True,circular,35.0
SCN_010,213,7.0667,TGT_002,DECOY_TARGET,269,282,9,9,273.5,286.5,True,figure_8,38.0
SCN_010,213,7.0667,TGT_003,DECOY_TARGET,294,296,11,11,299.5,301.5,True,straight_line,24.0
SCN_010,214,7.1,TGT_001,COMMUNICATION_TARGET,302,384,10,10,307.0,389.0,True,circular,35.0
SCN_010,214,7.1,TGT_002,DECOY_TARGET,267,283,9,9,271.5,287.5,True,figure_8,38.0
SCN_010,214,7.1,TGT_003,DECOY_TARGET,295,296,11,11,300.5,301.5,True,straight_line,24.0
SCN_010,215,7.1333,TGT_001,COMMUNICATION_TARGET,301,384,10,10,306.0,389.0,True,circular,35.0
SCN_010,215,7.1333,TGT_002,DECOY_TARGET,265,285,9,9,269.5,289.5,True,figure_8,38.0
SCN_010,215,7.1333,TGT_003,DECOY_TARGET,295,296,11,11,300.5,301.5,True,straight_line,24.0
SCN_010,216,7.1667,TGT_001,COMMUNICATION_TARGET,300,384,10,10,305.0,389.0,True,circular,35.0
SCN_010,216,7.1667,TGT_002,DECOY_TARGET,264,286,9,9,268.5,290.5,True,figure_8,38.0
SCN_010,216,7.1667,TGT_003,DECOY_TARGET,296,296,11,11,301.5,301.5,True,straight_line,24.0
SCN_010,217,7.2,TGT_001,COMMUNICATION_TARGET,299,384,10,10,304.0,389.0,True,circular,35.0
SCN_010,217,7.2,TGT_002,DECOY_TARGET,262,287,9,9,266.5,291.5,True,figure_8,38.0
SCN_010,217,7.2,TGT_003,DECOY_TARGET,297,295,11,11,302.5,300.5,True,straight_line,24.0
SCN_010,218,7.2333,TGT_001,COMMUNICATION_TARGET,297,384,10,10,302.0,389.0,True,circular,35.0
SCN_010,218,7.2333,TGT_002,DECOY_TARGET,260,288,9,9,264.5,292.5,True,figure_8,38.0
SCN_010,218,7.2333,TGT_003,DECOY_TARGET,298,295,11,11,303.5,300.5,True,straight_line,24.0
SCN_010,219,7.2667,TGT_001,COMMUNICATION_TARGET,296,384,10,10,301.0,389.0,True,circular,35.0
SCN_010,219,7.2667,TGT_002,DECOY_TARGET,259,289,9,9,263.5,293.5,True,figure_8,38.0
SCN_010,219,7.2667,TGT_003,DECOY_TARGET,298,295,11,11,303.5,300.5,True,straight_line,24.0
SCN_010,220,7.3,TGT_001,COMMUNICATION_TARGET,295,384,10,10,300.0,389.0,True,circular,35.0
SCN_010,220,7.3,TGT_002,DECOY_TARGET,257,290,9,9,261.5,294.5,True,figure_8,38.0
SCN_010,220,7.3,TGT_003,DECOY_TARGET,299,295,11,11,304.5,300.5,True,straight_line,24.0
SCN_010,221,7.3333,TGT_001,COMMUNICATION_TARGET,294,384,10,10,299.0,389.0,True,circular,35.0
SCN_010,221,7.3333,TGT_002,DECOY_TARGET,256,291,9,9,260.5,295.5,True,figure_8,38.0
SCN_010,221,7.3333,TGT_003,DECOY_TARGET,300,294,11,11,305.5,299.5,True,straight_line,24.0
SCN_010,222,7.3667,TGT_001,COMMUNICATION_TARGET,293,383,10,10,298.0,388.0,True,circular,35.0
SCN_010,222,7.3667,TGT_002,DECOY_TARGET,254,292,9,9,258.5,296.5,True,figure_8,38.0
SCN_010,222,7.3667,TGT_003,DECOY_TARGET,301,294,11,11,306.5,299.5,True,straight_line,24.0
SCN_010,223,7.4,TGT_001,COMMUNICATION_TARGET,292,383,10,10,297.0,388.0,True,circular,35.0
SCN_010,223,7.4,TGT_002,DECOY_TARGET,252,292,9,9,256.5,296.5,True,figure_8,38.0
SCN_010,223,7.4,TGT_003,DECOY_TARGET,301,294,11,11,306.5,299.5,True,straight_line,24.0
SCN_010,224,7.4333,TGT_001,COMMUNICATION_TARGET,291,383,10,10,296.0,388.0,True,circular,35.0
SCN_010,224,7.4333,TGT_002,DECOY_TARGET,251,293,9,9,255.5,297.5,True,figure_8,38.0
SCN_010,224,7.4333,TGT_003,DECOY_TARGET,302,293,11,11,307.5,298.5,True,straight_line,24.0
SCN_010,225,7.4667,TGT_001,COMMUNICATION_TARGET,289,383,10,10,294.0,388.0,True,circular,35.0
SCN_010,225,7.4667,TGT_002,DECOY_TARGET,249,294,9,9,253.5,298.5,True,figure_8,38.0
SCN_010,225,7.4667,TGT_003,DECOY_TARGET,303,293,11,11,308.5,298.5,True,straight_line,24.0
SCN_010,226,7.5,TGT_001,COMMUNICATION_TARGET,288,383,10,10,293.0,388.0,True,circular,35.0
SCN_010,226,7.5,TGT_002,DECOY_TARGET,248,294,9,9,252.5,298.5,True,figure_8,38.0
SCN_010,226,7.5,TGT_003,DECOY_TARGET,304,293,11,11,309.5,298.5,True,straight_line,24.0
SCN_010,227,7.5333,TGT_001,COMMUNICATION_TARGET,287,382,10,10,292.0,387.0,True,circular,35.0
SCN_010,227,7.5333,TGT_002,DECOY_TARGET,247,295,9,9,251.5,299.5,True,figure_8,38.0
SCN_010,227,7.5333,TGT_003,DECOY_TARGET,304,293,11,11,309.5,298.5,True,straight_line,24.0
SCN_010,228,7.5667,TGT_001,COMMUNICATION_TARGET,286,382,10,10,291.0,387.0,True,circular,35.0
SCN_010,228,7.5667,TGT_002,DECOY_TARGET,245,295,9,9,249.5,299.5,True,figure_8,38.0
SCN_010,228,7.5667,TGT_003,DECOY_TARGET,305,292,11,11,310.5,297.5,True,straight_line,24.0
SCN_010,229,7.6,TGT_001,COMMUNICATION_TARGET,285,382,10,10,290.0,387.0,True,circular,35.0
SCN_010,229,7.6,TGT_002,DECOY_TARGET,244,295,9,9,248.5,299.5,True,figure_8,38.0
SCN_010,229,7.6,TGT_003,DECOY_TARGET,306,292,11,11,311.5,297.5,True,straight_line,24.0
SCN_010,230,7.6333,TGT_001,COMMUNICATION_TARGET,284,382,10,10,289.0,387.0,True,circular,35.0
SCN_010,230,7.6333,TGT_002,DECOY_TARGET,242,296,9,9,246.5,300.5,True,figure_8,38.0
SCN_010,230,7.6333,TGT_003,DECOY_TARGET,307,292,11,11,312.5,297.5,True,straight_line,24.0
SCN_010,231,7.6667,TGT_001,COMMUNICATION_TARGET,283,381,10,10,288.0,386.0,True,circular,35.0
SCN_010,231,7.6667,TGT_002,DECOY_TARGET,241,296,9,9,245.5,300.5,True,figure_8,38.0
SCN_010,231,7.6667,TGT_003,DECOY_TARGET,307,292,11,11,312.5,297.5,True,straight_line,24.0
SCN_010,232,7.7,TGT_001,COMMUNICATION_TARGET,281,381,10,10,286.0,386.0,True,circular,35.0
SCN_010,232,7.7,TGT_002,DECOY_TARGET,240,296,9,9,244.5,300.5,True,figure_8,38.0
SCN_010,232,7.7,TGT_003,DECOY_TARGET,308,291,11,11,313.5,296.5,True,straight_line,24.0
SCN_010,233,7.7333,TGT_001,COMMUNICATION_TARGET,280,381,10,10,285.0,386.0,True,circular,35.0
SCN_010,233,7.7333,TGT_002,DECOY_TARGET,238,296,9,9,242.5,300.5,True,figure_8,38.0
SCN_010,233,7.7333,TGT_003,DECOY_TARGET,309,291,11,11,314.5,296.5,True,straight_line,24.0
SCN_010,234,7.7667,TGT_001,COMMUNICATION_TARGET,279,381,10,10,284.0,386.0,True,circular,35.0
SCN_010,234,7.7667,TGT_002,DECOY_TARGET,237,296,9,9,241.5,300.5,True,figure_8,38.0
SCN_010,234,7.7667,TGT_003,DECOY_TARGET,310,291,11,11,315.5,296.5,True,straight_line,24.0
SCN_010,235,7.8,TGT_001,COMMUNICATION_TARGET,278,380,10,10,283.0,385.0,True,circular,35.0
SCN_010,235,7.8,TGT_002,DECOY_TARGET,236,296,9,9,240.5,300.5,True,figure_8,38.0
SCN_010,235,7.8,TGT_003,DECOY_TARGET,310,290,11,11,315.5,295.5,True,straight_line,24.0
SCN_010,236,7.8333,TGT_001,COMMUNICATION_TARGET,277,380,10,10,282.0,385.0,True,circular,35.0
SCN_010,236,7.8333,TGT_002,DECOY_TARGET,234,296,9,9,238.5,300.5,True,figure_8,38.0
SCN_010,236,7.8333,TGT_003,DECOY_TARGET,311,290,11,11,316.5,295.5,True,straight_line,24.0
SCN_010,237,7.8667,TGT_001,COMMUNICATION_TARGET,276,380,10,10,281.0,385.0,True,circular,35.0
SCN_010,237,7.8667,TGT_002,DECOY_TARGET,233,296,9,9,237.5,300.5,True,figure_8,38.0
SCN_010,237,7.8667,TGT_003,DECOY_TARGET,312,290,11,11,317.5,295.5,True,straight_line,24.0
SCN_010,238,7.9,TGT_001,COMMUNICATION_TARGET,275,379,10,10,280.0,384.0,True,circular,35.0
SCN_010,238,7.9,TGT_002,DECOY_TARGET,232,295,9,9,236.5,299.5,True,figure_8,38.0
SCN_010,238,7.9,TGT_003,DECOY_TARGET,313,290,11,11,318.5,295.5,True,straight_line,24.0
SCN_010,239,7.9333,TGT_001,COMMUNICATION_TARGET,274,379,10,10,279.0,384.0,True,circular,35.0
SCN_010,239,7.9333,TGT_002,DECOY_TARGET,231,295,9,9,235.5,299.5,True,figure_8,38.0
SCN_010,239,7.9333,TGT_003,DECOY_TARGET,313,289,11,11,318.5,294.5,True,straight_line,24.0
SCN_010,240,7.9667,TGT_001,COMMUNICATION_TARGET,272,379,10,10,277.0,384.0,True,circular,35.0
SCN_010,240,7.9667,TGT_002,DECOY_TARGET,230,294,9,9,234.5,298.5,True,figure_8,38.0
SCN_010,240,7.9667,TGT_003,DECOY_TARGET,314,289,11,11,319.5,294.5,True,straight_line,24.0
SCN_010,241,8.0,TGT_001,COMMUNICATION_TARGET,271,378,10,10,276.0,383.0,True,circular,35.0
SCN_010,241,8.0,TGT_002,DECOY_TARGET,228,294,9,9,232.5,298.5,True,figure_8,38.0
SCN_010,241,8.0,TGT_003,DECOY_TARGET,315,289,11,11,320.5,294.5,True,straight_line,24.0
SCN_010,242,8.0333,TGT_001,COMMUNICATION_TARGET,270,378,10,10,275.0,383.0,True,circular,35.0
SCN_010,242,8.0333,TGT_002,DECOY_TARGET,227,293,9,9,231.5,297.5,True,figure_8,38.0
SCN_010,242,8.0333,TGT_003,DECOY_TARGET,316,289,11,11,321.5,294.5,True,straight_line,24.0
SCN_010,243,8.0667,TGT_001,COMMUNICATION_TARGET,269,378,10,10,274.0,383.0,True,circular,35.0
SCN_010,243,8.0667,TGT_002,DECOY_TARGET,226,293,9,9,230.5,297.5,True,figure_8,38.0
SCN_010,243,8.0667,TGT_003,DECOY_TARGET,316,288,11,11,321.5,293.5,True,straight_line,24.0
SCN_010,244,8.1,TGT_001,COMMUNICATION_TARGET,268,377,10,10,273.0,382.0,True,circular,35.0
SCN_010,244,8.1,TGT_002,DECOY_TARGET,225,292,9,9,229.5,296.5,True,figure_8,38.0
SCN_010,244,8.1,TGT_003,DECOY_TARGET,317,288,11,11,322.5,293.5,True,straight_line,24.0
SCN_010,245,8.1333,TGT_001,COMMUNICATION_TARGET,267,377,10,10,272.0,382.0,True,circular,35.0
SCN_010,245,8.1333,TGT_002,DECOY_TARGET,224,291,9,9,228.5,295.5,True,figure_8,38.0
SCN_010,245,8.1333,TGT_003,DECOY_TARGET,318,288,11,11,323.5,293.5,True,straight_line,24.0
SCN_010,246,8.1667,TGT_001,COMMUNICATION_TARGET,266,377,10,10,271.0,382.0,True,circular,35.0
SCN_010,246,8.1667,TGT_002,DECOY_TARGET,223,291,9,9,227.5,295.5,True,figure_8,38.0
SCN_010,246,8.1667,TGT_003,DECOY_TARGET,319,287,11,11,324.5,292.5,True,straight_line,24.0
SCN_010,247,8.2,TGT_001,COMMUNICATION_TARGET,265,376,10,10,270.0,381.0,True,circular,35.0
SCN_010,247,8.2,TGT_002,DECOY_TARGET,222,290,9,9,226.5,294.5,True,figure_8,38.0
SCN_010,247,8.2,TGT_003,DECOY_TARGET,319,287,11,11,324.5,292.5,True,straight_line,24.0
SCN_010,248,8.2333,TGT_001,COMMUNICATION_TARGET,264,376,10,10,269.0,381.0,True,circular,35.0
SCN_010,248,8.2333,TGT_002,DECOY_TARGET,221,289,9,9,225.5,293.5,True,figure_8,38.0
SCN_010,248,8.2333,TGT_003,DECOY_TARGET,320,287,11,11,325.5,292.5,True,straight_line,24.0
SCN_010,249,8.2667,TGT_001,COMMUNICATION_TARGET,262,375,10,10,267.0,380.0,True,circular,35.0
SCN_010,249,8.2667,TGT_002,DECOY_TARGET,220,288,9,9,224.5,292.5,True,figure_8,38.0
SCN_010,249,8.2667,TGT_003,DECOY_TARGET,321,287,11,11,326.5,292.5,True,straight_line,24.0
SCN_010,250,8.3,TGT_001,COMMUNICATION_TARGET,261,375,10,10,266.0,380.0,True,circular,35.0
SCN_010,250,8.3,TGT_002,DECOY_TARGET,219,287,9,9,223.5,291.5,True,figure_8,38.0
SCN_010,250,8.3,TGT_003,DECOY_TARGET,322,286,11,11,327.5,291.5,True,straight_line,24.0
SCN_010,251,8.3333,TGT_001,COMMUNICATION_TARGET,260,375,10,10,265.0,380.0,True,circular,35.0
SCN_010,251,8.3333,TGT_002,DECOY_TARGET,218,286,9,9,222.5,290.5,True,figure_8,38.0
SCN_010,251,8.3333,TGT_003,DECOY_TARGET,322,286,11,11,327.5,291.5,True,straight_line,24.0
SCN_010,252,8.3667,TGT_001,COMMUNICATION_TARGET,259,374,10,10,264.0,379.0,True,circular,35.0
SCN_010,252,8.3667,TGT_002,DECOY_TARGET,217,284,9,9,221.5,288.5,True,figure_8,38.0
SCN_010,252,8.3667,TGT_003,DECOY_TARGET,323,286,11,11,328.5,291.5,True,straight_line,24.0
SCN_010,253,8.4,TGT_001,COMMUNICATION_TARGET,258,374,10,10,263.0,379.0,True,circular,35.0
SCN_010,253,8.4,TGT_002,DECOY_TARGET,217,283,9,9,221.5,287.5,True,figure_8,38.0
SCN_010,253,8.4,TGT_003,DECOY_TARGET,324,286,11,11,329.5,291.5,True,straight_line,24.0
SCN_010,254,8.4333,TGT_001,COMMUNICATION_TARGET,257,373,10,10,262.0,378.0,True,circular,35.0
SCN_010,254,8.4333,TGT_002,DECOY_TARGET,216,282,9,9,220.5,286.5,True,figure_8,38.0
SCN_010,254,8.4333,TGT_003,DECOY_TARGET,325,285,11,11,330.5,290.5,True,straight_line,24.0
SCN_010,255,8.4667,TGT_001,COMMUNICATION_TARGET,256,373,10,10,261.0,378.0,True,circular,35.0
SCN_010,255,8.4667,TGT_002,DECOY_TARGET,215,281,9,9,219.5,285.5,True,figure_8,38.0
SCN_010,255,8.4667,TGT_003,DECOY_TARGET,325,285,11,11,330.5,290.5,True,straight_line,24.0
SCN_010,256,8.5,TGT_001,COMMUNICATION_TARGET,255,372,10,10,260.0,377.0,True,circular,35.0
SCN_010,256,8.5,TGT_002,DECOY_TARGET,214,279,9,9,218.5,283.5,True,figure_8,38.0
SCN_010,256,8.5,TGT_003,DECOY_TARGET,326,285,11,11,331.5,290.5,True,straight_line,24.0
SCN_010,257,8.5333,TGT_001,COMMUNICATION_TARGET,254,372,10,10,259.0,377.0,True,circular,35.0
SCN_010,257,8.5333,TGT_002,DECOY_TARGET,214,278,9,9,218.5,282.5,True,figure_8,38.0
SCN_010,257,8.5333,TGT_003,DECOY_TARGET,327,284,11,11,332.5,289.5,True,straight_line,24.0
SCN_010,258,8.5667,TGT_001,COMMUNICATION_TARGET,253,371,10,10,258.0,376.0,True,circular,35.0
SCN_010,258,8.5667,TGT_002,DECOY_TARGET,213,276,9,9,217.5,280.5,True,figure_8,38.0
SCN_010,258,8.5667,TGT_003,DECOY_TARGET,328,284,11,11,333.5,289.5,True,straight_line,24.0
SCN_010,259,8.6,TGT_001,COMMUNICATION_TARGET,252,371,10,10,257.0,376.0,True,circular,35.0
SCN_010,259,8.6,TGT_002,DECOY_TARGET,212,275,9,9,216.5,279.5,True,figure_8,38.0
SCN_010,259,8.6,TGT_003,DECOY_TARGET,328,284,11,11,333.5,289.5,True,straight_line,24.0
SCN_010,260,8.6333,TGT_001,COMMUNICATION_TARGET,251,370,10,10,256.0,375.0,True,circular,35.0
SCN_010,260,8.6333,TGT_002,DECOY_TARGET,212,273,9,9,216.5,277.5,True,figure_8,38.0
SCN_010,260,8.6333,TGT_003,DECOY_TARGET,329,284,11,11,334.5,289.5,True,straight_line,24.0
SCN_010,261,8.6667,TGT_001,COMMUNICATION_TARGET,250,370,10,10,255.0,375.0,True,circular,35.0
SCN_010,261,8.6667,TGT_002,DECOY_TARGET,211,271,9,9,215.5,275.5,True,figure_8,38.0
SCN_010,261,8.6667,TGT_003,DECOY_TARGET,330,283,11,11,335.5,288.5,True,straight_line,24.0
SCN_010,262,8.7,TGT_001,COMMUNICATION_TARGET,249,369,10,10,254.0,374.0,True,circular,35.0
SCN_010,262,8.7,TGT_002,DECOY_TARGET,210,270,9,9,214.5,274.5,True,figure_8,38.0
SCN_010,262,8.7,TGT_003,DECOY_TARGET,331,283,11,11,336.5,288.5,True,straight_line,24.0
SCN_010,263,8.7333,TGT_001,COMMUNICATION_TARGET,247,369,10,10,252.0,374.0,True,circular,35.0
SCN_010,263,8.7333,TGT_002,DECOY_TARGET,210,268,9,9,214.5,272.5,True,figure_8,38.0
SCN_010,263,8.7333,TGT_003,DECOY_TARGET,331,283,11,11,336.5,288.5,True,straight_line,24.0
SCN_010,264,8.7667,TGT_001,COMMUNICATION_TARGET,246,368,10,10,251.0,373.0,True,circular,35.0
SCN_010,264,8.7667,TGT_002,DECOY_TARGET,209,266,9,9,213.5,270.5,True,figure_8,38.0
SCN_010,264,8.7667,TGT_003,DECOY_TARGET,332,283,11,11,337.5,288.5,True,straight_line,24.0
SCN_010,265,8.8,TGT_001,COMMUNICATION_TARGET,245,368,10,10,250.0,373.0,True,circular,35.0
SCN_010,265,8.8,TGT_002,DECOY_TARGET,209,265,9,9,213.5,269.5,True,figure_8,38.0
SCN_010,265,8.8,TGT_003,DECOY_TARGET,333,282,11,11,338.5,287.5,True,straight_line,24.0
SCN_010,266,8.8333,TGT_001,COMMUNICATION_TARGET,244,367,10,10,249.0,372.0,True,circular,35.0
SCN_010,266,8.8333,TGT_002,DECOY_TARGET,209,263,9,9,213.5,267.5,True,figure_8,38.0
SCN_010,266,8.8333,TGT_003,DECOY_TARGET,334,282,11,11,339.5,287.5,True,straight_line,24.0
SCN_010,267,8.8667,TGT_001,COMMUNICATION_TARGET,243,367,10,10,248.0,372.0,True,circular,35.0
SCN_010,267,8.8667,TGT_002,DECOY_TARGET,208,261,9,9,212.5,265.5,True,figure_8,38.0
SCN_010,267,8.8667,TGT_003,DECOY_TARGET,334,282,11,11,339.5,287.5,True,straight_line,24.0
SCN_010,268,8.9,TGT_001,COMMUNICATION_TARGET,242,366,10,10,247.0,371.0,True,circular,35.0
SCN_010,268,8.9,TGT_002,DECOY_TARGET,208,259,9,9,212.5,263.5,True,figure_8,38.0
SCN_010,268,8.9,TGT_003,DECOY_TARGET,335,281,11,11,340.5,286.5,True,straight_line,24.0
SCN_010,269,8.9333,TGT_001,COMMUNICATION_TARGET,241,366,10,10,246.0,371.0,True,circular,35.0
SCN_010,269,8.9333,TGT_002,DECOY_TARGET,207,257,9,9,211.5,261.5,True,figure_8,38.0
SCN_010,269,8.9333,TGT_003,DECOY_TARGET,336,281,11,11,341.5,286.5,True,straight_line,24.0
SCN_010,270,8.9667,TGT_001,COMMUNICATION_TARGET,240,365,10,10,245.0,370.0,True,circular,35.0
SCN_010,270,8.9667,TGT_002,DECOY_TARGET,207,255,9,9,211.5,259.5,True,figure_8,38.0
SCN_010,270,8.9667,TGT_003,DECOY_TARGET,337,281,11,11,342.5,286.5,True,straight_line,24.0
SCN_010,271,9.0,TGT_001,COMMUNICATION_TARGET,239,364,10,10,244.0,369.0,True,circular,35.0
SCN_010,271,9.0,TGT_002,DECOY_TARGET,207,253,9,9,211.5,257.5,True,figure_8,38.0
SCN_010,271,9.0,TGT_003,DECOY_TARGET,337,281,11,11,342.5,286.5,True,straight_line,24.0
SCN_010,272,9.0333,TGT_001,COMMUNICATION_TARGET,238,364,10,10,243.0,369.0,True,circular,35.0
SCN_010,272,9.0333,TGT_002,DECOY_TARGET,206,251,9,9,210.5,255.5,True,figure_8,38.0
SCN_010,272,9.0333,TGT_003,DECOY_TARGET,338,280,11,11,343.5,285.5,True,straight_line,24.0
SCN_010,273,9.0667,TGT_001,COMMUNICATION_TARGET,237,363,10,10,242.0,368.0,True,circular,35.0
SCN_010,273,9.0667,TGT_002,DECOY_TARGET,206,249,9,9,210.5,253.5,True,figure_8,38.0
SCN_010,273,9.0667,TGT_003,DECOY_TARGET,339,280,11,11,344.5,285.5,True,straight_line,24.0
SCN_010,274,9.1,TGT_001,COMMUNICATION_TARGET,236,363,10,10,241.0,368.0,True,circular,35.0
SCN_010,274,9.1,TGT_002,DECOY_TARGET,206,247,9,9,210.5,251.5,True,figure_8,38.0
SCN_010,274,9.1,TGT_003,DECOY_TARGET,340,280,11,11,345.5,285.5,True,straight_line,24.0
SCN_010,275,9.1333,TGT_001,COMMUNICATION_TARGET,235,362,10,10,240.0,367.0,True,circular,35.0
SCN_010,275,9.1333,TGT_002,DECOY_TARGET,206,245,9,9,210.5,249.5,True,figure_8,38.0
SCN_010,275,9.1333,TGT_003,DECOY_TARGET,340,280,11,11,345.5,285.5,True,straight_line,24.0
SCN_010,276,9.1667,TGT_001,COMMUNICATION_TARGET,234,361,10,10,239.0,366.0,True,circular,35.0
SCN_010,276,9.1667,TGT_002,DECOY_TARGET,206,243,9,9,210.5,247.5,True,figure_8,38.0
SCN_010,276,9.1667,TGT_003,DECOY_TARGET,341,279,11,11,346.5,284.5,True,straight_line,24.0
SCN_010,277,9.2,TGT_001,COMMUNICATION_TARGET,233,361,10,10,238.0,366.0,True,circular,35.0
SCN_010,277,9.2,TGT_002,DECOY_TARGET,206,241,9,9,210.5,245.5,True,figure_8,38.0
SCN_010,277,9.2,TGT_003,DECOY_TARGET,342,279,11,11,347.5,284.5,True,straight_line,24.0
SCN_010,278,9.2333,TGT_001,COMMUNICATION_TARGET,232,360,10,10,237.0,365.0,True,circular,35.0
SCN_010,278,9.2333,TGT_002,DECOY_TARGET,206,239,9,9,210.5,243.5,True,figure_8,38.0
SCN_010,278,9.2333,TGT_003,DECOY_TARGET,343,279,11,11,348.5,284.5,True,straight_line,24.0
SCN_010,279,9.2667,TGT_001,COMMUNICATION_TARGET,231,360,10,10,236.0,365.0,True,circular,35.0
SCN_010,279,9.2667,TGT_002,DECOY_TARGET,206,237,9,9,210.5,241.5,True,figure_8,38.0
SCN_010,279,9.2667,TGT_003,DECOY_TARGET,343,278,11,11,348.5,283.5,True,straight_line,24.0
SCN_010,280,9.3,TGT_001,COMMUNICATION_TARGET,230,359,10,10,235.0,364.0,True,circular,35.0
SCN_010,280,9.3,TGT_002,DECOY_TARGET,206,235,9,9,210.5,239.5,True,figure_8,38.0
SCN_010,280,9.3,TGT_003,DECOY_TARGET,344,278,11,11,349.5,283.5,True,straight_line,24.0
SCN_010,281,9.3333,TGT_001,COMMUNICATION_TARGET,229,358,10,10,234.0,363.0,True,circular,35.0
SCN_010,281,9.3333,TGT_002,DECOY_TARGET,206,233,9,9,210.5,237.5,True,figure_8,38.0
SCN_010,281,9.3333,TGT_003,DECOY_TARGET,345,278,11,11,350.5,283.5,True,straight_line,24.0
SCN_010,282,9.3667,TGT_001,COMMUNICATION_TARGET,228,358,10,10,233.0,363.0,True,circular,35.0
SCN_010,282,9.3667,TGT_002,DECOY_TARGET,206,231,9,9,210.5,235.5,True,figure_8,38.0
SCN_010,282,9.3667,TGT_003,DECOY_TARGET,346,278,11,11,351.5,283.5,True,straight_line,24.0
SCN_010,283,9.4,TGT_001,COMMUNICATION_TARGET,228,357,10,10,233.0,362.0,True,circular,35.0
SCN_010,283,9.4,TGT_002,DECOY_TARGET,206,229,9,9,210.5,233.5,True,figure_8,38.0
SCN_010,283,9.4,TGT_003,DECOY_TARGET,346,277,11,11,351.5,282.5,True,straight_line,24.0
SCN_010,284,9.4333,TGT_001,COMMUNICATION_TARGET,227,356,10,10,232.0,361.0,True,circular,35.0
SCN_010,284,9.4333,TGT_002,DECOY_TARGET,206,227,9,9,210.5,231.5,True,figure_8,38.0
SCN_010,284,9.4333,TGT_003,DECOY_TARGET,347,277,11,11,352.5,282.5,True,straight_line,24.0
SCN_010,285,9.4667,TGT_001,COMMUNICATION_TARGET,226,355,10,10,231.0,360.0,True,circular,35.0
SCN_010,285,9.4667,TGT_002,DECOY_TARGET,206,225,9,9,210.5,229.5,True,figure_8,38.0
SCN_010,285,9.4667,TGT_003,DECOY_TARGET,348,277,11,11,353.5,282.5,True,straight_line,24.0
SCN_010,286,9.5,TGT_001,COMMUNICATION_TARGET,225,355,10,10,230.0,360.0,True,circular,35.0
SCN_010,286,9.5,TGT_002,DECOY_TARGET,206,223,9,9,210.5,227.5,True,figure_8,38.0
SCN_010,286,9.5,TGT_003,DECOY_TARGET,349,277,11,11,354.5,282.5,True,straight_line,24.0
SCN_010,287,9.5333,TGT_001,COMMUNICATION_TARGET,224,354,10,10,229.0,359.0,True,circular,35.0
SCN_010,287,9.5333,TGT_002,DECOY_TARGET,206,221,9,9,210.5,225.5,True,figure_8,38.0
SCN_010,287,9.5333,TGT_003,DECOY_TARGET,350,276,11,11,355.5,281.5,True,straight_line,24.0
SCN_010,288,9.5667,TGT_001,COMMUNICATION_TARGET,223,353,10,10,228.0,358.0,True,circular,35.0
SCN_010,288,9.5667,TGT_002,DECOY_TARGET,207,219,9,9,211.5,223.5,True,figure_8,38.0
SCN_010,288,9.5667,TGT_003,DECOY_TARGET,350,276,11,11,355.5,281.5,True,straight_line,24.0
SCN_010,289,9.6,TGT_001,COMMUNICATION_TARGET,222,353,10,10,227.0,358.0,True,circular,35.0
SCN_010,289,9.6,TGT_002,DECOY_TARGET,207,217,9,9,211.5,221.5,True,figure_8,38.0
SCN_010,289,9.6,TGT_003,DECOY_TARGET,351,276,11,11,356.5,281.5,True,straight_line,24.0
SCN_010,290,9.6333,TGT_001,COMMUNICATION_TARGET,221,352,10,10,226.0,357.0,True,circular,35.0
SCN_010,290,9.6333,TGT_002,DECOY_TARGET,207,215,9,9,211.5,219.5,True,figure_8,38.0
SCN_010,290,9.6333,TGT_003,DECOY_TARGET,352,275,11,11,357.5,280.5,True,straight_line,24.0
SCN_010,291,9.6667,TGT_001,COMMUNICATION_TARGET,220,351,10,10,225.0,356.0,True,circular,35.0
SCN_010,291,9.6667,TGT_002,DECOY_TARGET,207,213,9,9,211.5,217.5,True,figure_8,38.0
SCN_010,291,9.6667,TGT_003,DECOY_TARGET,353,275,11,11,358.5,280.5,True,straight_line,24.0
SCN_010,292,9.7,TGT_001,COMMUNICATION_TARGET,219,350,10,10,224.0,355.0,True,circular,35.0
SCN_010,292,9.7,TGT_002,DECOY_TARGET,208,211,9,9,212.5,215.5,True,figure_8,38.0
SCN_010,292,9.7,TGT_003,DECOY_TARGET,353,275,11,11,358.5,280.5,True,straight_line,24.0
SCN_010,293,9.7333,TGT_001,COMMUNICATION_TARGET,218,350,10,10,223.0,355.0,True,circular,35.0
SCN_010,293,9.7333,TGT_002,DECOY_TARGET,208,209,9,9,212.5,213.5,True,figure_8,38.0
SCN_010,293,9.7333,TGT_003,DECOY_TARGET,354,275,11,11,359.5,280.5,True,straight_line,24.0
SCN_010,294,9.7667,TGT_001,COMMUNICATION_TARGET,217,349,10,10,222.0,354.0,True,circular,35.0
SCN_010,294,9.7667,TGT_002,DECOY_TARGET,209,208,9,9,213.5,212.5,True,figure_8,38.0
SCN_010,294,9.7667,TGT_003,DECOY_TARGET,355,274,11,11,360.5,279.5,True,straight_line,24.0
SCN_010,295,9.8,TGT_001,COMMUNICATION_TARGET,217,348,10,10,222.0,353.0,True,circular,35.0
SCN_010,295,9.8,TGT_002,DECOY_TARGET,209,206,9,9,213.5,210.5,True,figure_8,38.0
SCN_010,295,9.8,TGT_003,DECOY_TARGET,356,274,11,11,361.5,279.5,True,straight_line,24.0
SCN_010,296,9.8333,TGT_001,COMMUNICATION_TARGET,216,347,10,10,221.0,352.0,True,circular,35.0
SCN_010,296,9.8333,TGT_002,DECOY_TARGET,210,204,9,9,214.5,208.5,True,figure_8,38.0
SCN_010,296,9.8333,TGT_003,DECOY_TARGET,356,274,11,11,361.5,279.5,True,straight_line,24.0
SCN_010,297,9.8667,TGT_001,COMMUNICATION_TARGET,215,347,10,10,220.0,352.0,True,circular,35.0
SCN_010,297,9.8667,TGT_002,DECOY_TARGET,210,202,9,9,214.5,206.5,True,figure_8,38.0
SCN_010,297,9.8667,TGT_003,DECOY_TARGET,357,274,11,11,362.5,279.5,True,straight_line,24.0
SCN_010,298,9.9,TGT_001,COMMUNICATION_TARGET,214,346,10,10,219.0,351.0,True,circular,35.0
SCN_010,298,9.9,TGT_002,DECOY_TARGET,211,201,9,9,215.5,205.5,True,figure_8,38.0
SCN_010,298,9.9,TGT_003,DECOY_TARGET,358,273,11,11,363.5,278.5,True,straight_line,24.0
SCN_010,299,9.9333,TGT_001,COMMUNICATION_TARGET,213,345,10,10,218.0,350.0,True,circular,35.0
SCN_010,299,9.9333,TGT_002,DECOY_TARGET,211,199,9,9,215.5,203.5,True,figure_8,38.0
SCN_010,299,9.9333,TGT_003,DECOY_TARGET,359,273,11,11,364.5,278.5,True,straight_line,24.0
SCN_010,300,9.9667,TGT_001,COMMUNICATION_TARGET,212,344,10,10,217.0,349.0,True,circular,35.0
SCN_010,300,9.9667,TGT_002,DECOY_TARGET,212,197,9,9,216.5,201.5,True,figure_8,38.0
SCN_010,300,9.9667,TGT_003,DECOY_TARGET,359,273,11,11,364.5,278.5,True,straight_line,24.0
SCN_010,301,10.0,TGT_001,COMMUNICATION_TARGET,211,343,10,10,216.0,348.0,True,circular,35.0
SCN_010,301,10.0,TGT_002,DECOY_TARGET,212,196,9,9,216.5,200.5,True,figure_8,38.0
SCN_010,301,10.0,TGT_003,DECOY_TARGET,360,272,11,11,365.5,277.5,True,straight_line,24.0
SCN_010,302,10.0333,TGT_001,COMMUNICATION_TARGET,211,343,10,10,216.0,348.0,True,circular,35.0
SCN_010,302,10.0333,TGT_002,DECOY_TARGET,213,194,9,9,217.5,198.5,True,figure_8,38.0
SCN_010,302,10.0333,TGT_003,DECOY_TARGET,361,272,11,11,366.5,277.5,True,straight_line,24.0
SCN_010,303,10.0667,TGT_001,COMMUNICATION_TARGET,210,342,10,10,215.0,347.0,True,circular,35.0
SCN_010,303,10.0667,TGT_002,DECOY_TARGET,214,193,9,9,218.5,197.5,True,figure_8,38.0
SCN_010,303,10.0667,TGT_003,DECOY_TARGET,362,272,11,11,367.5,277.5,True,straight_line,24.0
SCN_010,304,10.1,TGT_001,COMMUNICATION_TARGET,209,341,10,10,214.0,346.0,True,circular,35.0
SCN_010,304,10.1,TGT_002,DECOY_TARGET,215,191,9,9,219.5,195.5,True,figure_8,38.0
SCN_010,304,10.1,TGT_003,DECOY_TARGET,362,272,11,11,367.5,277.5,True,straight_line,24.0
SCN_010,305,10.1333,TGT_001,COMMUNICATION_TARGET,208,340,10,10,213.0,345.0,True,circular,35.0
SCN_010,305,10.1333,TGT_002,DECOY_TARGET,215,190,9,9,219.5,194.5,True,figure_8,38.0
SCN_010,305,10.1333,TGT_003,DECOY_TARGET,363,271,11,11,368.5,276.5,True,straight_line,24.0
SCN_010,306,10.1667,TGT_001,COMMUNICATION_TARGET,207,339,10,10,212.0,344.0,True,circular,35.0
SCN_010,306,10.1667,TGT_002,DECOY_TARGET,216,189,9,9,220.5,193.5,True,figure_8,38.0
SCN_010,306,10.1667,TGT_003,DECOY_TARGET,364,271,11,11,369.5,276.5,True,straight_line,24.0
SCN_010,307,10.2,TGT_001,COMMUNICATION_TARGET,206,339,10,10,211.0,344.0,True,circular,35.0
SCN_010,307,10.2,TGT_002,DECOY_TARGET,217,187,9,9,221.5,191.5,True,figure_8,38.0
SCN_010,307,10.2,TGT_003,DECOY_TARGET,365,271,11,11,370.5,276.5,True,straight_line,24.0
SCN_010,308,10.2333,TGT_001,COMMUNICATION_TARGET,206,338,10,10,211.0,343.0,True,circular,35.0
SCN_010,308,10.2333,TGT_002,DECOY_TARGET,218,186,9,9,222.5,190.5,True,figure_8,38.0
SCN_010,308,10.2333,TGT_003,DECOY_TARGET,365,270,11,11,370.5,275.5,True,straight_line,24.0
SCN_010,309,10.2667,TGT_001,COMMUNICATION_TARGET,205,337,10,10,210.0,342.0,True,circular,35.0
SCN_010,309,10.2667,TGT_002,DECOY_TARGET,219,185,9,9,223.5,189.5,True,figure_8,38.0
SCN_010,309,10.2667,TGT_003,DECOY_TARGET,366,270,11,11,371.5,275.5,True,straight_line,24.0
SCN_010,310,10.3,TGT_001,COMMUNICATION_TARGET,204,336,10,10,209.0,341.0,True,circular,35.0
SCN_010,310,10.3,TGT_002,DECOY_TARGET,219,184,9,9,223.5,188.5,True,figure_8,38.0
SCN_010,310,10.3,TGT_003,DECOY_TARGET,367,270,11,11,372.5,275.5,True,straight_line,24.0
SCN_010,311,10.3333,TGT_001,COMMUNICATION_TARGET,203,335,10,10,208.0,340.0,True,circular,35.0
SCN_010,311,10.3333,TGT_002,DECOY_TARGET,220,183,9,9,224.5,187.5,True,figure_8,38.0
SCN_010,311,10.3333,TGT_003,DECOY_TARGET,368,270,11,11,373.5,275.5,True,straight_line,24.0
SCN_010,312,10.3667,TGT_001,COMMUNICATION_TARGET,202,334,10,10,207.0,339.0,True,circular,35.0
SCN_010,312,10.3667,TGT_002,DECOY_TARGET,221,182,9,9,225.5,186.5,True,figure_8,38.0
SCN_010,312,10.3667,TGT_003,DECOY_TARGET,368,269,11,11,373.5,274.5,True,straight_line,24.0
SCN_010,313,10.4,TGT_001,COMMUNICATION_TARGET,202,333,10,10,207.0,338.0,True,circular,35.0
SCN_010,313,10.4,TGT_002,DECOY_TARGET,222,181,9,9,226.5,185.5,True,figure_8,38.0
SCN_010,313,10.4,TGT_003,DECOY_TARGET,369,269,11,11,374.5,274.5,True,straight_line,24.0
SCN_010,314,10.4333,TGT_001,COMMUNICATION_TARGET,201,332,10,10,206.0,337.0,True,circular,35.0
SCN_010,314,10.4333,TGT_002,DECOY_TARGET,223,180,9,9,227.5,184.5,True,figure_8,38.0
SCN_010,314,10.4333,TGT_003,DECOY_TARGET,370,269,11,11,375.5,274.5,True,straight_line,24.0
SCN_010,315,10.4667,TGT_001,COMMUNICATION_TARGET,200,332,10,10,205.0,337.0,True,circular,35.0
SCN_010,315,10.4667,TGT_002,DECOY_TARGET,224,179,9,9,228.5,183.5,True,figure_8,38.0
SCN_010,315,10.4667,TGT_003,DECOY_TARGET,371,269,11,11,376.5,274.5,True,straight_line,24.0
SCN_010,316,10.5,TGT_001,COMMUNICATION_TARGET,199,331,10,10,204.0,336.0,True,circular,35.0
SCN_010,316,10.5,TGT_002,DECOY_TARGET,225,179,9,9,229.5,183.5,True,figure_8,38.0
SCN_010,316,10.5,TGT_003,DECOY_TARGET,371,268,11,11,376.5,273.5,True,straight_line,24.0
SCN_010,317,10.5333,TGT_001,COMMUNICATION_TARGET,199,330,10,10,204.0,335.0,True,circular,35.0
SCN_010,317,10.5333,TGT_002,DECOY_TARGET,226,178,9,9,230.5,182.5,True,figure_8,38.0
SCN_010,317,10.5333,TGT_003,DECOY_TARGET,372,268,11,11,377.5,273.5,True,straight_line,24.0
SCN_010,318,10.5667,TGT_001,COMMUNICATION_TARGET,198,329,10,10,203.0,334.0,True,circular,35.0
SCN_010,318,10.5667,TGT_002,DECOY_TARGET,228,177,9,9,232.5,181.5,True,figure_8,38.0
SCN_010,318,10.5667,TGT_003,DECOY_TARGET,373,268,11,11,378.5,273.5,True,straight_line,24.0
SCN_010,319,10.6,TGT_001,COMMUNICATION_TARGET,197,328,10,10,202.0,333.0,True,circular,35.0
SCN_010,319,10.6,TGT_002,DECOY_TARGET,229,177,9,9,233.5,181.5,True,figure_8,38.0
SCN_010,319,10.6,TGT_003,DECOY_TARGET,374,267,11,11,379.5,272.5,True,straight_line,24.0
SCN_010,320,10.6333,TGT_001,COMMUNICATION_TARGET,197,327,10,10,202.0,332.0,True,circular,35.0
SCN_010,320,10.6333,TGT_002,DECOY_TARGET,230,176,9,9,234.5,180.5,True,figure_8,38.0
SCN_010,320,10.6333,TGT_003,DECOY_TARGET,374,267,11,11,379.5,272.5,True,straight_line,24.0
SCN_010,321,10.6667,TGT_001,COMMUNICATION_TARGET,196,326,10,10,201.0,331.0,True,circular,35.0
SCN_010,321,10.6667,TGT_002,DECOY_TARGET,231,176,9,9,235.5,180.5,True,figure_8,38.0
SCN_010,321,10.6667,TGT_003,DECOY_TARGET,375,267,11,11,380.5,272.5,True,straight_line,24.0
SCN_010,322,10.7,TGT_001,COMMUNICATION_TARGET,195,325,10,10,200.0,330.0,True,circular,35.0
SCN_010,322,10.7,TGT_002,DECOY_TARGET,232,176,9,9,236.5,180.5,True,figure_8,38.0
SCN_010,322,10.7,TGT_003,DECOY_TARGET,376,267,11,11,381.5,272.5,True,straight_line,24.0
SCN_010,323,10.7333,TGT_001,COMMUNICATION_TARGET,194,324,10,10,199.0,329.0,True,circular,35.0
SCN_010,323,10.7333,TGT_002,DECOY_TARGET,233,175,9,9,237.5,179.5,True,figure_8,38.0
SCN_010,323,10.7333,TGT_003,DECOY_TARGET,377,266,11,11,382.5,271.5,True,straight_line,24.0
SCN_010,324,10.7667,TGT_001,COMMUNICATION_TARGET,194,323,10,10,199.0,328.0,True,circular,35.0
SCN_010,324,10.7667,TGT_002,DECOY_TARGET,235,175,9,9,239.5,179.5,True,figure_8,38.0
SCN_010,324,10.7667,TGT_003,DECOY_TARGET,377,266,11,11,382.5,271.5,True,straight_line,24.0
SCN_010,325,10.8,TGT_001,COMMUNICATION_TARGET,193,322,10,10,198.0,327.0,True,circular,35.0
SCN_010,325,10.8,TGT_002,DECOY_TARGET,236,175,9,9,240.5,179.5,True,figure_8,38.0
SCN_010,325,10.8,TGT_003,DECOY_TARGET,378,266,11,11,383.5,271.5,True,straight_line,24.0
SCN_010,326,10.8333,TGT_001,COMMUNICATION_TARGET,192,321,10,10,197.0,326.0,True,circular,35.0
SCN_010,326,10.8333,TGT_002,DECOY_TARGET,237,175,9,9,241.5,179.5,True,figure_8,38.0
SCN_010,326,10.8333,TGT_003,DECOY_TARGET,379,266,11,11,384.5,271.5,True,straight_line,24.0
SCN_010,327,10.8667,TGT_001,COMMUNICATION_TARGET,192,320,10,10,197.0,325.0,True,circular,35.0
SCN_010,327,10.8667,TGT_002,DECOY_TARGET,239,175,9,9,243.5,179.5,True,figure_8,38.0
SCN_010,327,10.8667,TGT_003,DECOY_TARGET,380,265,11,11,385.5,270.5,True,straight_line,24.0
SCN_010,328,10.9,TGT_001,COMMUNICATION_TARGET,191,319,10,10,196.0,324.0,True,circular,35.0
SCN_010,328,10.9,TGT_002,DECOY_TARGET,240,175,9,9,244.5,179.5,True,figure_8,38.0
SCN_010,328,10.9,TGT_003,DECOY_TARGET,380,265,11,11,385.5,270.5,True,straight_line,24.0
SCN_010,329,10.9333,TGT_001,COMMUNICATION_TARGET,190,319,10,10,195.0,324.0,True,circular,35.0
SCN_010,329,10.9333,TGT_002,DECOY_TARGET,241,175,9,9,245.5,179.5,True,figure_8,38.0
SCN_010,329,10.9333,TGT_003,DECOY_TARGET,381,265,11,11,386.5,270.5,True,straight_line,24.0
SCN_010,330,10.9667,TGT_001,COMMUNICATION_TARGET,190,318,10,10,195.0,323.0,True,circular,35.0
SCN_010,330,10.9667,TGT_002,DECOY_TARGET,243,175,9,9,247.5,179.5,True,figure_8,38.0
SCN_010,330,10.9667,TGT_003,DECOY_TARGET,382,264,11,11,387.5,269.5,True,straight_line,24.0
SCN_010,331,11.0,TGT_001,COMMUNICATION_TARGET,189,317,10,10,194.0,322.0,True,circular,35.0
SCN_010,331,11.0,TGT_002,DECOY_TARGET,244,176,9,9,248.5,180.5,True,figure_8,38.0
SCN_010,331,11.0,TGT_003,DECOY_TARGET,383,264,11,11,388.5,269.5,True,straight_line,24.0
SCN_010,332,11.0333,TGT_001,COMMUNICATION_TARGET,188,316,10,10,193.0,321.0,True,circular,35.0
SCN_010,332,11.0333,TGT_002,DECOY_TARGET,246,176,9,9,250.5,180.5,True,figure_8,38.0
SCN_010,332,11.0333,TGT_003,DECOY_TARGET,383,264,11,11,388.5,269.5,True,straight_line,24.0
SCN_010,333,11.0667,TGT_001,COMMUNICATION_TARGET,188,315,10,10,193.0,320.0,True,circular,35.0
SCN_010,333,11.0667,TGT_002,DECOY_TARGET,247,177,9,9,251.5,181.5,True,figure_8,38.0
SCN_010,333,11.0667,TGT_003,DECOY_TARGET,384,264,11,11,389.5,269.5,True,straight_line,24.0
SCN_010,334,11.1,TGT_001,COMMUNICATION_TARGET,187,314,10,10,192.0,319.0,True,circular,35.0
SCN_010,334,11.1,TGT_002,DECOY_TARGET,248,177,9,9,252.5,181.5,True,figure_8,38.0
SCN_010,334,11.1,TGT_003,DECOY_TARGET,385,263,11,11,390.5,268.5,True,straight_line,24.0
SCN_010,335,11.1333,TGT_001,COMMUNICATION_TARGET,187,313,10,10,192.0,318.0,True,circular,35.0
SCN_010,335,11.1333,TGT_002,DECOY_TARGET,250,178,9,9,254.5,182.5,True,figure_8,38.0
SCN_010,335,11.1333,TGT_003,DECOY_TARGET,386,263,11,11,391.5,268.5,True,straight_line,24.0
SCN_010,336,11.1667,TGT_001,COMMUNICATION_TARGET,186,312,10,10,191.0,317.0,True,circular,35.0
SCN_010,336,11.1667,TGT_002,DECOY_TARGET,251,178,9,9,255.5,182.5,True,figure_8,38.0
SCN_010,336,11.1667,TGT_003,DECOY_TARGET,386,263,11,11,391.5,268.5,True,straight_line,24.0
SCN_010,337,11.2,TGT_001,COMMUNICATION_TARGET,185,311,10,10,190.0,316.0,True,circular,35.0
SCN_010,337,11.2,TGT_002,DECOY_TARGET,253,179,9,9,257.5,183.5,True,figure_8,38.0
SCN_010,337,11.2,TGT_003,DECOY_TARGET,387,263,11,11,392.5,268.5,True,straight_line,24.0
SCN_010,338,11.2333,TGT_001,COMMUNICATION_TARGET,185,310,10,10,190.0,315.0,True,circular,35.0
SCN_010,338,11.2333,TGT_002,DECOY_TARGET,254,180,9,9,258.5,184.5,True,figure_8,38.0
SCN_010,338,11.2333,TGT_003,DECOY_TARGET,388,262,11,11,393.5,267.5,True,straight_line,24.0
SCN_010,339,11.2667,TGT_001,COMMUNICATION_TARGET,184,309,10,10,189.0,314.0,True,circular,35.0
SCN_010,339,11.2667,TGT_002,DECOY_TARGET,256,180,9,9,260.5,184.5,True,figure_8,38.0
SCN_010,339,11.2667,TGT_003,DECOY_TARGET,389,262,11,11,394.5,267.5,True,straight_line,24.0
SCN_010,340,11.3,TGT_001,COMMUNICATION_TARGET,184,308,10,10,189.0,313.0,True,circular,35.0
SCN_010,340,11.3,TGT_002,DECOY_TARGET,258,181,9,9,262.5,185.5,True,figure_8,38.0
SCN_010,340,11.3,TGT_003,DECOY_TARGET,389,262,11,11,394.5,267.5,True,straight_line,24.0
SCN_010,341,11.3333,TGT_001,COMMUNICATION_TARGET,183,307,10,10,188.0,312.0,True,circular,35.0
SCN_010,341,11.3333,TGT_002,DECOY_TARGET,259,182,9,9,263.5,186.5,True,figure_8,38.0
SCN_010,341,11.3333,TGT_003,DECOY_TARGET,390,261,11,11,395.5,266.5,True,straight_line,24.0
SCN_010,342,11.3667,TGT_001,COMMUNICATION_TARGET,183,306,10,10,188.0,311.0,True,circular,35.0
SCN_010,342,11.3667,TGT_002,DECOY_TARGET,261,183,9,9,265.5,187.5,True,figure_8,38.0
SCN_010,342,11.3667,TGT_003,DECOY_TARGET,391,261,11,11,396.5,266.5,True,straight_line,24.0
SCN_010,343,11.4,TGT_001,COMMUNICATION_TARGET,182,304,10,10,187.0,309.0,True,circular,35.0
SCN_010,343,11.4,TGT_002,DECOY_TARGET,262,184,9,9,266.5,188.5,True,figure_8,38.0
SCN_010,343,11.4,TGT_003,DECOY_TARGET,392,261,11,11,397.5,266.5,True,straight_line,24.0
SCN_010,344,11.4333,TGT_001,COMMUNICATION_TARGET,182,303,10,10,187.0,308.0,True,circular,35.0
SCN_010,344,11.4333,TGT_002,DECOY_TARGET,264,185,9,9,268.5,189.5,True,figure_8,38.0
SCN_010,344,11.4333,TGT_003,DECOY_TARGET,392,261,11,11,397.5,266.5,True,straight_line,24.0
SCN_010,345,11.4667,TGT_001,COMMUNICATION_TARGET,181,302,10,10,186.0,307.0,True,circular,35.0
SCN_010,345,11.4667,TGT_002,DECOY_TARGET,266,187,9,9,270.5,191.5,True,figure_8,38.0
SCN_010,345,11.4667,TGT_003,DECOY_TARGET,393,260,11,11,398.5,265.5,True,straight_line,24.0
SCN_010,346,11.5,TGT_001,COMMUNICATION_TARGET,180,301,10,10,185.0,306.0,True,circular,35.0
SCN_010,346,11.5,TGT_002,DECOY_TARGET,267,188,9,9,271.5,192.5,True,figure_8,38.0
SCN_010,346,11.5,TGT_003,DECOY_TARGET,394,260,11,11,399.5,265.5,True,straight_line,24.0
SCN_010,347,11.5333,TGT_001,COMMUNICATION_TARGET,180,300,10,10,185.0,305.0,True,circular,35.0
SCN_010,347,11.5333,TGT_002,DECOY_TARGET,269,189,9,9,273.5,193.5,True,figure_8,38.0
SCN_010,347,11.5333,TGT_003,DECOY_TARGET,395,260,11,11,400.5,265.5,True,straight_line,24.0
SCN_010,348,11.5667,TGT_001,COMMUNICATION_TARGET,179,299,10,10,184.0,304.0,True,circular,35.0
SCN_010,348,11.5667,TGT_002,DECOY_TARGET,271,191,9,9,275.5,195.5,True,figure_8,38.0
SCN_010,348,11.5667,TGT_003,DECOY_TARGET,395,260,11,11,400.5,265.5,True,straight_line,24.0
SCN_010,349,11.6,TGT_001,COMMUNICATION_TARGET,179,298,10,10,184.0,303.0,True,circular,35.0
SCN_010,349,11.6,TGT_002,DECOY_TARGET,272,192,9,9,276.5,196.5,True,figure_8,38.0
SCN_010,349,11.6,TGT_003,DECOY_TARGET,396,259,11,11,401.5,264.5,True,straight_line,24.0
SCN_010,350,11.6333,TGT_001,COMMUNICATION_TARGET,178,297,10,10,183.0,302.0,True,circular,35.0
SCN_010,350,11.6333,TGT_002,DECOY_TARGET,274,193,9,9,278.5,197.5,True,figure_8,38.0
SCN_010,350,11.6333,TGT_003,DECOY_TARGET,397,259,11,11,402.5,264.5,True,straight_line,24.0
SCN_010,351,11.6667,TGT_001,COMMUNICATION_TARGET,178,296,10,10,183.0,301.0,True,circular,35.0
SCN_010,351,11.6667,TGT_002,DECOY_TARGET,276,195,9,9,280.5,199.5,True,figure_8,38.0
SCN_010,351,11.6667,TGT_003,DECOY_TARGET,398,259,11,11,403.5,264.5,True,straight_line,24.0
SCN_010,352,11.7,TGT_001,COMMUNICATION_TARGET,178,295,10,10,183.0,300.0,True,circular,35.0
SCN_010,352,11.7,TGT_002,DECOY_TARGET,278,196,9,9,282.5,200.5,True,figure_8,38.0
SCN_010,352,11.7,TGT_003,DECOY_TARGET,398,258,11,11,403.5,263.5,True,straight_line,24.0
SCN_010,353,11.7333,TGT_001,COMMUNICATION_TARGET,177,294,10,10,182.0,299.0,True,circular,35.0
SCN_010,353,11.7333,TGT_002,DECOY_TARGET,279,198,9,9,283.5,202.5,True,figure_8,38.0
SCN_010,353,11.7333,TGT_003,DECOY_TARGET,399,258,11,11,404.5,263.5,True,straight_line,24.0
SCN_010,354,11.7667,TGT_001,COMMUNICATION_TARGET,177,293,10,10,182.0,298.0,True,circular,35.0
SCN_010,354,11.7667,TGT_002,DECOY_TARGET,281,200,9,9,285.5,204.5,True,figure_8,38.0
SCN_010,354,11.7667,TGT_003,DECOY_TARGET,400,258,11,11,405.5,263.5,True,straight_line,24.0
SCN_010,355,11.8,TGT_001,COMMUNICATION_TARGET,176,292,10,10,181.0,297.0,True,circular,35.0
SCN_010,355,11.8,TGT_002,DECOY_TARGET,283,201,9,9,287.5,205.5,True,figure_8,38.0
SCN_010,355,11.8,TGT_003,DECOY_TARGET,401,258,11,11,406.5,263.5,True,straight_line,24.0
SCN_010,356,11.8333,TGT_001,COMMUNICATION_TARGET,176,291,10,10,181.0,296.0,True,circular,35.0
SCN_010,356,11.8333,TGT_002,DECOY_TARGET,285,203,9,9,289.5,207.5,True,figure_8,38.0
SCN_010,356,11.8333,TGT_003,DECOY_TARGET,401,257,11,11,406.5,262.5,True,straight_line,24.0
SCN_010,357,11.8667,TGT_001,COMMUNICATION_TARGET,175,290,10,10,180.0,295.0,True,circular,35.0
SCN_010,357,11.8667,TGT_002,DECOY_TARGET,286,205,9,9,290.5,209.5,True,figure_8,38.0
SCN_010,357,11.8667,TGT_003,DECOY_TARGET,402,257,11,11,407.5,262.5,True,straight_line,24.0
SCN_010,358,11.9,TGT_001,COMMUNICATION_TARGET,175,289,10,10,180.0,294.0,True,circular,35.0
SCN_010,358,11.9,TGT_002,DECOY_TARGET,288,206,9,9,292.5,210.5,True,figure_8,38.0
SCN_010,358,11.9,TGT_003,DECOY_TARGET,403,257,11,11,408.5,262.5,True,straight_line,24.0
SCN_010,359,11.9333,TGT_001,COMMUNICATION_TARGET,174,287,10,10,179.0,292.0,True,circular,35.0
SCN_010,359,11.9333,TGT_002,DECOY_TARGET,290,208,9,9,294.5,212.5,True,figure_8,38.0
SCN_010,359,11.9333,TGT_003,DECOY_TARGET,404,257,11,11,409.5,262.5,True,straight_line,24.0
SCN_010,360,11.9667,TGT_001,COMMUNICATION_TARGET,174,286,10,10,179.0,291.0,True,circular,35.0
SCN_010,360,11.9667,TGT_002,DECOY_TARGET,292,210,9,9,296.5,214.5,True,figure_8,38.0
SCN_010,360,11.9667,TGT_003,DECOY_TARGET,404,256,11,11,409.5,261.5,True,straight_line,24.0
SCN_010,361,12.0,TGT_001,COMMUNICATION_TARGET,174,285,10,10,179.0,290.0,True,circular,35.0
SCN_010,361,12.0,TGT_002,DECOY_TARGET,294,212,9,9,298.5,216.5,True,figure_8,38.0
SCN_010,361,12.0,TGT_003,DECOY_TARGET,405,256,11,11,410.5,261.5,True,straight_line,24.0
SCN_010,362,12.0333,TGT_001,COMMUNICATION_TARGET,173,284,10,10,178.0,289.0,True,circular,35.0
SCN_010,362,12.0333,TGT_002,DECOY_TARGET,296,214,9,9,300.5,218.5,True,figure_8,38.0
SCN_010,362,12.0333,TGT_003,DECOY_TARGET,406,256,11,11,411.5,261.5,True,straight_line,24.0
SCN_010,363,12.0667,TGT_001,COMMUNICATION_TARGET,173,283,10,10,178.0,288.0,True,circular,35.0
SCN_010,363,12.0667,TGT_002,DECOY_TARGET,297,216,9,9,301.5,220.5,True,figure_8,38.0
SCN_010,363,12.0667,TGT_003,DECOY_TARGET,407,255,11,11,412.5,260.5,True,straight_line,24.0
SCN_010,364,12.1,TGT_001,COMMUNICATION_TARGET,173,282,10,10,178.0,287.0,True,circular,35.0
SCN_010,364,12.1,TGT_002,DECOY_TARGET,299,218,9,9,303.5,222.5,True,figure_8,38.0
SCN_010,364,12.1,TGT_003,DECOY_TARGET,407,255,11,11,412.5,260.5,True,straight_line,24.0
SCN_010,365,12.1333,TGT_001,COMMUNICATION_TARGET,172,281,10,10,177.0,286.0,True,circular,35.0
SCN_010,365,12.1333,TGT_002,DECOY_TARGET,301,220,9,9,305.5,224.5,True,figure_8,38.0
SCN_010,365,12.1333,TGT_003,DECOY_TARGET,408,255,11,11,413.5,260.5,True,straight_line,24.0
SCN_010,366,12.1667,TGT_001,COMMUNICATION_TARGET,172,280,10,10,177.0,285.0,True,circular,35.0
SCN_010,366,12.1667,TGT_002,DECOY_TARGET,303,222,9,9,307.5,226.5,True,figure_8,38.0
SCN_010,366,12.1667,TGT_003,DECOY_TARGET,409,255,11,11,414.5,260.5,True,straight_line,24.0
SCN_010,367,12.2,TGT_001,COMMUNICATION_TARGET,171,279,10,10,176.0,284.0,True,circular,35.0
SCN_010,367,12.2,TGT_002,DECOY_TARGET,305,224,9,9,309.5,228.5,True,figure_8,38.0
SCN_010,367,12.2,TGT_003,DECOY_TARGET,410,254,11,11,415.5,259.5,True,straight_line,24.0
SCN_010,368,12.2333,TGT_001,COMMUNICATION_TARGET,171,277,10,10,176.0,282.0,True,circular,35.0
SCN_010,368,12.2333,TGT_002,DECOY_TARGET,307,226,9,9,311.5,230.5,True,figure_8,38.0
SCN_010,368,12.2333,TGT_003,DECOY_TARGET,410,254,11,11,415.5,259.5,True,straight_line,24.0
SCN_010,369,12.2667,TGT_001,COMMUNICATION_TARGET,171,276,10,10,176.0,281.0,True,circular,35.0
SCN_010,369,12.2667,TGT_002,DECOY_TARGET,308,228,9,9,312.5,232.5,True,figure_8,38.0
SCN_010,369,12.2667,TGT_003,DECOY_TARGET,411,254,11,11,416.5,259.5,True,straight_line,24.0
SCN_010,370,12.3,TGT_001,COMMUNICATION_TARGET,170,275,10,10,175.0,280.0,True,circular,35.0
SCN_010,370,12.3,TGT_002,DECOY_TARGET,310,230,9,9,314.5,234.5,True,figure_8,38.0
SCN_010,370,12.3,TGT_003,DECOY_TARGET,412,254,11,11,417.5,259.5,True,straight_line,24.0
SCN_010,371,12.3333,TGT_001,COMMUNICATION_TARGET,170,274,10,10,175.0,279.0,True,circular,35.0
SCN_010,371,12.3333,TGT_002,DECOY_TARGET,312,232,9,9,316.5,236.5,True,figure_8,38.0
SCN_010,371,12.3333,TGT_003,DECOY_TARGET,413,253,11,11,418.5,258.5,True,straight_line,24.0
SCN_010,372,12.3667,TGT_001,COMMUNICATION_TARGET,170,273,10,10,175.0,278.0,True,circular,35.0
SCN_010,372,12.3667,TGT_002,DECOY_TARGET,314,234,9,9,318.5,238.5,True,figure_8,38.0
SCN_010,372,12.3667,TGT_003,DECOY_TARGET,413,253,11,11,418.5,258.5,True,straight_line,24.0
SCN_010,373,12.4,TGT_001,COMMUNICATION_TARGET,170,272,10,10,175.0,277.0,True,circular,35.0
SCN_010,373,12.4,TGT_002,DECOY_TARGET,316,236,9,9,320.5,240.5,True,figure_8,38.0
SCN_010,373,12.4,TGT_003,DECOY_TARGET,414,253,11,11,419.5,258.5,True,straight_line,24.0
SCN_010,374,12.4333,TGT_001,COMMUNICATION_TARGET,169,271,10,10,174.0,276.0,True,circular,35.0
SCN_010,374,12.4333,TGT_002,DECOY_TARGET,318,238,9,9,322.5,242.5,True,figure_8,38.0
SCN_010,374,12.4333,TGT_003,DECOY_TARGET,415,252,11,11,420.5,257.5,True,straight_line,24.0
SCN_010,375,12.4667,TGT_001,COMMUNICATION_TARGET,169,270,10,10,174.0,275.0,True,circular,35.0
SCN_010,375,12.4667,TGT_002,DECOY_TARGET,320,240,9,9,324.5,244.5,True,figure_8,38.0
SCN_010,375,12.4667,TGT_003,DECOY_TARGET,416,252,11,11,421.5,257.5,True,straight_line,24.0
SCN_010,376,12.5,TGT_001,COMMUNICATION_TARGET,169,268,10,10,174.0,273.0,True,circular,35.0
SCN_010,376,12.5,TGT_002,DECOY_TARGET,321,242,9,9,325.5,246.5,True,figure_8,38.0
SCN_010,376,12.5,TGT_003,DECOY_TARGET,416,252,11,11,421.5,257.5,True,straight_line,24.0
SCN_010,377,12.5333,TGT_001,COMMUNICATION_TARGET,169,267,10,10,174.0,272.0,True,circular,35.0
SCN_010,377,12.5333,TGT_002,DECOY_TARGET,323,244,9,9,327.5,248.5,True,figure_8,38.0
SCN_010,377,12.5333,TGT_003,DECOY_TARGET,417,252,11,11,422.5,257.5,True,straight_line,24.0
SCN_010,378,12.5667,TGT_001,COMMUNICATION_TARGET,168,266,10,10,173.0,271.0,True,circular,35.0
SCN_010,378,12.5667,TGT_002,DECOY_TARGET,325,246,9,9,329.5,250.5,True,figure_8,38.0
SCN_010,378,12.5667,TGT_003,DECOY_TARGET,418,251,11,11,423.5,256.5,True,straight_line,24.0
SCN_010,379,12.6,TGT_001,COMMUNICATION_TARGET,168,265,10,10,173.0,270.0,True,circular,35.0
SCN_010,379,12.6,TGT_002,DECOY_TARGET,327,248,9,9,331.5,252.5,True,figure_8,38.0
SCN_010,379,12.6,TGT_003,DECOY_TARGET,419,251,11,11,424.5,256.5,True,straight_line,24.0
SCN_010,380,12.6333,TGT_001,COMMUNICATION_TARGET,168,264,10,10,173.0,269.0,True,circular,35.0
SCN_010,380,12.6333,TGT_002,DECOY_TARGET,329,250,9,9,333.5,254.5,True,figure_8,38.0
SCN_010,380,12.6333,TGT_003,DECOY_TARGET,419,251,11,11,424.5,256.5,True,straight_line,24.0
SCN_010,381,12.6667,TGT_001,COMMUNICATION_TARGET,168,263,10,10,173.0,268.0,True,circular,35.0
SCN_010,381,12.6667,TGT_002,DECOY_TARGET,331,252,9,9,335.5,256.5,True,figure_8,38.0
SCN_010,381,12.6667,TGT_003,DECOY_TARGET,420,251,11,11,425.5,256.5,True,straight_line,24.0
SCN_010,382,12.7,TGT_001,COMMUNICATION_TARGET,167,262,10,10,172.0,267.0,True,circular,35.0
SCN_010,382,12.7,TGT_002,DECOY_TARGET,333,254,9,9,337.5,258.5,True,figure_8,38.0
SCN_010,382,12.7,TGT_003,DECOY_TARGET,421,250,11,11,426.5,255.5,True,straight_line,24.0
SCN_010,383,12.7333,TGT_001,COMMUNICATION_TARGET,167,260,10,10,172.0,265.0,True,circular,35.0
SCN_010,383,12.7333,TGT_002,DECOY_TARGET,334,256,9,9,338.5,260.5,True,figure_8,38.0
SCN_010,383,12.7333,TGT_003,DECOY_TARGET,422,250,11,11,427.5,255.5,True,straight_line,24.0
SCN_010,384,12.7667,TGT_001,COMMUNICATION_TARGET,167,259,10,10,172.0,264.0,True,circular,35.0
SCN_010,384,12.7667,TGT_002,DECOY_TARGET,336,258,9,9,340.5,262.5,True,figure_8,38.0
SCN_010,384,12.7667,TGT_003,DECOY_TARGET,422,250,11,11,427.5,255.5,True,straight_line,24.0
SCN_010,385,12.8,TGT_001,COMMUNICATION_TARGET,167,258,10,10,172.0,263.0,True,circular,35.0
SCN_010,385,12.8,TGT_002,DECOY_TARGET,338,260,9,9,342.5,264.5,True,figure_8,38.0
SCN_010,385,12.8,TGT_003,DECOY_TARGET,423,249,11,11,428.5,254.5,True,straight_line,24.0
SCN_010,386,12.8333,TGT_001,COMMUNICATION_TARGET,167,257,10,10,172.0,262.0,True,circular,35.0
SCN_010,386,12.8333,TGT_002,DECOY_TARGET,340,262,9,9,344.5,266.5,True,figure_8,38.0
SCN_010,386,12.8333,TGT_003,DECOY_TARGET,424,249,11,11,429.5,254.5,True,straight_line,24.0
SCN_010,387,12.8667,TGT_001,COMMUNICATION_TARGET,166,256,10,10,171.0,261.0,True,circular,35.0
SCN_010,387,12.8667,TGT_002,DECOY_TARGET,342,263,9,9,346.5,267.5,True,figure_8,38.0
SCN_010,387,12.8667,TGT_003,DECOY_TARGET,425,249,11,11,430.5,254.5,True,straight_line,24.0
SCN_010,388,12.9,TGT_001,COMMUNICATION_TARGET,166,255,10,10,171.0,260.0,True,circular,35.0
SCN_010,388,12.9,TGT_002,DECOY_TARGET,343,265,9,9,347.5,269.5,True,figure_8,38.0
SCN_010,388,12.9,TGT_003,DECOY_TARGET,425,249,11,11,430.5,254.5,True,straight_line,24.0
SCN_010,389,12.9333,TGT_001,COMMUNICATION_TARGET,166,254,10,10,171.0,259.0,True,circular,35.0
SCN_010,389,12.9333,TGT_002,DECOY_TARGET,345,267,9,9,349.5,271.5,True,figure_8,38.0
SCN_010,389,12.9333,TGT_003,DECOY_TARGET,426,248,11,11,431.5,253.5,True,straight_line,24.0
SCN_010,390,12.9667,TGT_001,COMMUNICATION_TARGET,166,252,10,10,171.0,257.0,True,circular,35.0
SCN_010,390,12.9667,TGT_002,DECOY_TARGET,347,269,9,9,351.5,273.5,True,figure_8,38.0
SCN_010,390,12.9667,TGT_003,DECOY_TARGET,427,248,11,11,432.5,253.5,True,straight_line,24.0
SCN_010,391,13.0,TGT_001,COMMUNICATION_TARGET,166,251,10,10,171.0,256.0,True,circular,35.0
SCN_010,391,13.0,TGT_002,DECOY_TARGET,349,270,9,9,353.5,274.5,True,figure_8,38.0
SCN_010,391,13.0,TGT_003,DECOY_TARGET,428,248,11,11,433.5,253.5,True,straight_line,24.0
SCN_010,392,13.0333,TGT_001,COMMUNICATION_TARGET,166,250,10,10,171.0,255.0,True,circular,35.0
SCN_010,392,13.0333,TGT_002,DECOY_TARGET,351,272,9,9,355.5,276.5,True,figure_8,38.0
SCN_010,392,13.0333,TGT_003,DECOY_TARGET,428,248,11,11,433.5,253.5,True,straight_line,24.0
SCN_010,393,13.0667,TGT_001,COMMUNICATION_TARGET,166,249,10,10,171.0,254.0,True,circular,35.0
SCN_010,393,13.0667,TGT_002,DECOY_TARGET,352,274,9,9,356.5,278.5,True,figure_8,38.0
SCN_010,393,13.0667,TGT_003,DECOY_TARGET,429,247,11,11,434.5,252.5,True,straight_line,24.0
SCN_010,394,13.1,TGT_001,COMMUNICATION_TARGET,166,248,10,10,171.0,253.0,True,circular,35.0
SCN_010,394,13.1,TGT_002,DECOY_TARGET,354,275,9,9,358.5,279.5,True,figure_8,38.0
SCN_010,394,13.1,TGT_003,DECOY_TARGET,430,247,11,11,435.5,252.5,True,straight_line,24.0
SCN_010,395,13.1333,TGT_001,COMMUNICATION_TARGET,165,247,10,10,170.0,252.0,True,circular,35.0
SCN_010,395,13.1333,TGT_002,DECOY_TARGET,356,277,9,9,360.5,281.5,True,figure_8,38.0
SCN_010,395,13.1333,TGT_003,DECOY_TARGET,431,247,11,11,436.5,252.5,True,straight_line,24.0
SCN_010,396,13.1667,TGT_001,COMMUNICATION_TARGET,165,245,10,10,170.0,250.0,True,circular,35.0
SCN_010,396,13.1667,TGT_002,DECOY_TARGET,358,278,9,9,362.5,282.5,True,figure_8,38.0
SCN_010,396,13.1667,TGT_003,DECOY_TARGET,431,246,11,11,436.5,251.5,True,straight_line,24.0
SCN_010,397,13.2,TGT_001,COMMUNICATION_TARGET,165,244,10,10,170.0,249.0,True,circular,35.0
SCN_010,397,13.2,TGT_002,DECOY_TARGET,359,280,9,9,363.5,284.5,True,figure_8,38.0
SCN_010,397,13.2,TGT_003,DECOY_TARGET,432,246,11,11,437.5,251.5,True,straight_line,24.0
SCN_010,398,13.2333,TGT_001,COMMUNICATION_TARGET,165,243,10,10,170.0,248.0,True,circular,35.0
SCN_010,398,13.2333,TGT_002,DECOY_TARGET,361,281,9,9,365.5,285.5,True,figure_8,38.0
SCN_010,398,13.2333,TGT_003,DECOY_TARGET,433,246,11,11,438.5,251.5,True,straight_line,24.0
SCN_010,399,13.2667,TGT_001,COMMUNICATION_TARGET,165,242,10,10,170.0,247.0,True,circular,35.0
SCN_010,399,13.2667,TGT_002,DECOY_TARGET,363,282,9,9,367.5,286.5,True,figure_8,38.0
SCN_010,399,13.2667,TGT_003,DECOY_TARGET,434,246,11,11,439.5,251.5,True,straight_line,24.0
SCN_010,400,13.3,TGT_001,COMMUNICATION_TARGET,165,241,10,10,170.0,246.0,True,circular,35.0
SCN_010,400,13.3,TGT_002,DECOY_TARGET,364,284,9,9,368.5,288.5,True,figure_8,38.0
SCN_010,400,13.3,TGT_003,DECOY_TARGET,434,245,11,11,439.5,250.5,True,straight_line,24.0
SCN_010,401,13.3333,TGT_001,COMMUNICATION_TARGET,165,240,10,10,170.0,245.0,True,circular,35.0
SCN_010,401,13.3333,TGT_002,DECOY_TARGET,366,285,9,9,370.5,289.5,True,figure_8,38.0
SCN_010,401,13.3333,TGT_003,DECOY_TARGET,435,245,11,11,440.5,250.5,True,straight_line,24.0
SCN_010,402,13.3667,TGT_001,COMMUNICATION_TARGET,165,238,10,10,170.0,243.0,True,circular,35.0
SCN_010,402,13.3667,TGT_002,DECOY_TARGET,368,286,9,9,372.5,290.5,True,figure_8,38.0
SCN_010,402,13.3667,TGT_003,DECOY_TARGET,436,245,11,11,441.5,250.5,True,straight_line,24.0
SCN_010,403,13.4,TGT_001,COMMUNICATION_TARGET,165,237,10,10,170.0,242.0,True,circular,35.0
SCN_010,403,13.4,TGT_002,DECOY_TARGET,369,287,9,9,373.5,291.5,True,figure_8,38.0
SCN_010,403,13.4,TGT_003,DECOY_TARGET,437,245,11,11,442.5,250.5,True,straight_line,24.0
SCN_010,404,13.4333,TGT_001,COMMUNICATION_TARGET,165,236,10,10,170.0,241.0,True,circular,35.0
SCN_010,404,13.4333,TGT_002,DECOY_TARGET,371,288,9,9,375.5,292.5,True,figure_8,38.0
SCN_010,404,13.4333,TGT_003,DECOY_TARGET,437,244,11,11,442.5,249.5,True,straight_line,24.0
SCN_010,405,13.4667,TGT_001,COMMUNICATION_TARGET,165,235,10,10,170.0,240.0,True,circular,35.0
SCN_010,405,13.4667,TGT_002,DECOY_TARGET,372,289,9,9,376.5,293.5,True,figure_8,38.0
SCN_010,405,13.4667,TGT_003,DECOY_TARGET,438,244,11,11,443.5,249.5,True,straight_line,24.0
SCN_010,406,13.5,TGT_001,COMMUNICATION_TARGET,165,234,10,10,170.0,239.0,True,circular,35.0
SCN_010,406,13.5,TGT_002,DECOY_TARGET,374,290,9,9,378.5,294.5,True,figure_8,38.0
SCN_010,406,13.5,TGT_003,DECOY_TARGET,439,244,11,11,444.5,249.5,True,straight_line,24.0
SCN_010,407,13.5333,TGT_001,COMMUNICATION_TARGET,165,233,10,10,170.0,238.0,True,circular,35.0
SCN_010,407,13.5333,TGT_002,DECOY_TARGET,376,291,9,9,380.5,295.5,True,figure_8,38.0
SCN_010,407,13.5333,TGT_003,DECOY_TARGET,440,243,11,11,445.5,248.5,True,straight_line,24.0
SCN_010,408,13.5667,TGT_001,COMMUNICATION_TARGET,165,231,10,10,170.0,236.0,True,circular,35.0
SCN_010,408,13.5667,TGT_002,DECOY_TARGET,377,292,9,9,381.5,296.5,True,figure_8,38.0
SCN_010,408,13.5667,TGT_003,DECOY_TARGET,440,243,11,11,445.5,248.5,True,straight_line,24.0
SCN_010,409,13.6,TGT_001,COMMUNICATION_TARGET,165,230,10,10,170.0,235.0,True,circular,35.0
SCN_010,409,13.6,TGT_002,DECOY_TARGET,379,292,9,9,383.5,296.5,True,figure_8,38.0
SCN_010,409,13.6,TGT_003,DECOY_TARGET,441,243,11,11,446.5,248.5,True,straight_line,24.0
SCN_010,410,13.6333,TGT_001,COMMUNICATION_TARGET,165,229,10,10,170.0,234.0,True,circular,35.0
SCN_010,410,13.6333,TGT_002,DECOY_TARGET,380,293,9,9,384.5,297.5,True,figure_8,38.0
SCN_010,410,13.6333,TGT_003,DECOY_TARGET,442,243,11,11,447.5,248.5,True,straight_line,24.0
SCN_010,411,13.6667,TGT_001,COMMUNICATION_TARGET,165,228,10,10,170.0,233.0,True,circular,35.0
SCN_010,411,13.6667,TGT_002,DECOY_TARGET,382,294,9,9,386.5,298.5,True,figure_8,38.0
SCN_010,411,13.6667,TGT_003,DECOY_TARGET,443,242,11,11,448.5,247.5,True,straight_line,24.0
SCN_010,412,13.7,TGT_001,COMMUNICATION_TARGET,165,227,10,10,170.0,232.0,True,circular,35.0
SCN_010,412,13.7,TGT_002,DECOY_TARGET,383,294,9,9,387.5,298.5,True,figure_8,38.0
SCN_010,412,13.7,TGT_003,DECOY_TARGET,443,242,11,11,448.5,247.5,True,straight_line,24.0
SCN_010,413,13.7333,TGT_001,COMMUNICATION_TARGET,165,226,10,10,170.0,231.0,True,circular,35.0
SCN_010,413,13.7333,TGT_002,DECOY_TARGET,385,295,9,9,389.5,299.5,True,figure_8,38.0
SCN_010,413,13.7333,TGT_003,DECOY_TARGET,444,242,11,11,449.5,247.5,True,straight_line,24.0
SCN_010,414,13.7667,TGT_001,COMMUNICATION_TARGET,165,224,10,10,170.0,229.0,True,circular,35.0
SCN_010,414,13.7667,TGT_002,DECOY_TARGET,386,295,9,9,390.5,299.5,True,figure_8,38.0
SCN_010,414,13.7667,TGT_003,DECOY_TARGET,445,241,11,11,450.5,246.5,True,straight_line,24.0
SCN_010,415,13.8,TGT_001,COMMUNICATION_TARGET,165,223,10,10,170.0,228.0,True,circular,35.0
SCN_010,415,13.8,TGT_002,DECOY_TARGET,387,295,9,9,391.5,299.5,True,figure_8,38.0
SCN_010,415,13.8,TGT_003,DECOY_TARGET,446,241,11,11,451.5,246.5,True,straight_line,24.0
SCN_010,416,13.8333,TGT_001,COMMUNICATION_TARGET,166,222,10,10,171.0,227.0,True,circular,35.0
SCN_010,416,13.8333,TGT_002,DECOY_TARGET,389,296,9,9,393.5,300.5,True,figure_8,38.0
SCN_010,416,13.8333,TGT_003,DECOY_TARGET,446,241,11,11,451.5,246.5,True,straight_line,24.0
SCN_010,417,13.8667,TGT_001,COMMUNICATION_TARGET,166,221,10,10,171.0,226.0,True,circular,35.0
SCN_010,417,13.8667,TGT_002,DECOY_TARGET,390,296,9,9,394.5,300.5,True,figure_8,38.0
SCN_010,417,13.8667,TGT_003,DECOY_TARGET,447,241,11,11,452.5,246.5,True,straight_line,24.0
SCN_010,418,13.9,TGT_001,COMMUNICATION_TARGET,166,220,10,10,171.0,225.0,True,circular,35.0
SCN_010,418,13.9,TGT_002,DECOY_TARGET,392,296,9,9,396.5,300.5,True,figure_8,38.0
SCN_010,418,13.9,TGT_003,DECOY_TARGET,448,240,11,11,453.5,245.5,True,straight_line,24.0
SCN_010,419,13.9333,TGT_001,COMMUNICATION_TARGET,166,219,10,10,171.0,224.0,True,circular,35.0
SCN_010,419,13.9333,TGT_002,DECOY_TARGET,393,296,9,9,397.5,300.5,True,figure_8,38.0
SCN_010,419,13.9333,TGT_003,DECOY_TARGET,449,240,11,11,454.5,245.5,True,straight_line,24.0
SCN_010,420,13.9667,TGT_001,COMMUNICATION_TARGET,166,217,10,10,171.0,222.0,True,circular,35.0
SCN_010,420,13.9667,TGT_002,DECOY_TARGET,394,296,9,9,398.5,300.5,True,figure_8,38.0
SCN_010,420,13.9667,TGT_003,DECOY_TARGET,449,240,11,11,454.5,245.5,True,straight_line,24.0
SCN_010,421,14.0,TGT_001,COMMUNICATION_TARGET,166,216,10,10,171.0,221.0,True,circular,35.0
SCN_010,421,14.0,TGT_002,DECOY_TARGET,396,296,9,9,400.5,300.5,True,figure_8,38.0
SCN_010,421,14.0,TGT_003,DECOY_TARGET,450,240,11,11,455.5,245.5,True,straight_line,24.0
SCN_010,422,14.0333,TGT_001,COMMUNICATION_TARGET,166,215,10,10,171.0,220.0,True,circular,35.0
SCN_010,422,14.0333,TGT_002,DECOY_TARGET,397,296,9,9,401.5,300.5,True,figure_8,38.0
SCN_010,422,14.0333,TGT_003,DECOY_TARGET,451,239,11,11,456.5,244.5,True,straight_line,24.0
SCN_010,423,14.0667,TGT_001,COMMUNICATION_TARGET,166,214,10,10,171.0,219.0,True,circular,35.0
SCN_010,423,14.0667,TGT_002,DECOY_TARGET,398,296,9,9,402.5,300.5,True,figure_8,38.0
SCN_010,423,14.0667,TGT_003,DECOY_TARGET,452,239,11,11,457.5,244.5,True,straight_line,24.0
SCN_010,424,14.1,TGT_001,COMMUNICATION_TARGET,167,213,10,10,172.0,218.0,True,circular,35.0
SCN_010,424,14.1,TGT_002,DECOY_TARGET,399,295,9,9,403.5,299.5,True,figure_8,38.0
SCN_010,424,14.1,TGT_003,DECOY_TARGET,452,239,11,11,457.5,244.5,True,straight_line,24.0
SCN_010,425,14.1333,TGT_001,COMMUNICATION_TARGET,167,212,10,10,172.0,217.0,True,circular,35.0
SCN_010,425,14.1333,TGT_002,DECOY_TARGET,400,295,9,9,404.5,299.5,True,figure_8,38.0
SCN_010,425,14.1333,TGT_003,DECOY_TARGET,453,238,11,11,458.5,243.5,True,straight_line,24.0
SCN_010,426,14.1667,TGT_001,COMMUNICATION_TARGET,167,211,10,10,172.0,216.0,True,circular,35.0
SCN_010,426,14.1667,TGT_002,DECOY_TARGET,402,294,9,9,406.5,298.5,True,figure_8,38.0
SCN_010,426,14.1667,TGT_003,DECOY_TARGET,454,238,11,11,459.5,243.5,True,straight_line,24.0
SCN_010,427,14.2,TGT_001,COMMUNICATION_TARGET,167,209,10,10,172.0,214.0,True,circular,35.0
SCN_010,427,14.2,TGT_002,DECOY_TARGET,403,294,9,9,407.5,298.5,True,figure_8,38.0
SCN_010,427,14.2,TGT_003,DECOY_TARGET,455,238,11,11,460.5,243.5,True,straight_line,24.0
SCN_010,428,14.2333,TGT_001,COMMUNICATION_TARGET,167,208,10,10,172.0,213.0,True,circular,35.0
SCN_010,428,14.2333,TGT_002,DECOY_TARGET,404,293,9,9,408.5,297.5,True,figure_8,38.0
SCN_010,428,14.2333,TGT_003,DECOY_TARGET,455,238,11,11,460.5,243.5,True,straight_line,24.0
SCN_010,429,14.2667,TGT_001,COMMUNICATION_TARGET,168,207,10,10,173.0,212.0,True,circular,35.0
SCN_010,429,14.2667,TGT_002,DECOY_TARGET,405,293,9,9,409.5,297.5,True,figure_8,38.0
SCN_010,429,14.2667,TGT_003,DECOY_TARGET,456,237,11,11,461.5,242.5,True,straight_line,24.0
SCN_010,430,14.3,TGT_001,COMMUNICATION_TARGET,168,206,10,10,173.0,211.0,True,circular,35.0
SCN_010,430,14.3,TGT_002,DECOY_TARGET,406,292,9,9,410.5,296.5,True,figure_8,38.0
SCN_010,430,14.3,TGT_003,DECOY_TARGET,457,237,11,11,462.5,242.5,True,straight_line,24.0
SCN_010,431,14.3333,TGT_001,COMMUNICATION_TARGET,168,205,10,10,173.0,210.0,True,circular,35.0
SCN_010,431,14.3333,TGT_002,DECOY_TARGET,407,291,9,9,411.5,295.5,True,figure_8,38.0
SCN_010,431,14.3333,TGT_003,DECOY_TARGET,458,237,11,11,463.5,242.5,True,straight_line,24.0
SCN_010,432,14.3667,TGT_001,COMMUNICATION_TARGET,168,204,10,10,173.0,209.0,True,circular,35.0
SCN_010,432,14.3667,TGT_002,DECOY_TARGET,408,290,9,9,412.5,294.5,True,figure_8,38.0
SCN_010,432,14.3667,TGT_003,DECOY_TARGET,459,237,11,11,464.5,242.5,True,straight_line,24.0
SCN_010,433,14.4,TGT_001,COMMUNICATION_TARGET,169,202,10,10,174.0,207.0,True,circular,35.0
SCN_010,433,14.4,TGT_002,DECOY_TARGET,409,290,9,9,413.5,294.5,True,figure_8,38.0
SCN_010,433,14.4,TGT_003,DECOY_TARGET,459,236,11,11,464.5,241.5,True,straight_line,24.0
SCN_010,434,14.4333,TGT_001,COMMUNICATION_TARGET,169,201,10,10,174.0,206.0,True,circular,35.0
SCN_010,434,14.4333,TGT_002,DECOY_TARGET,410,289,9,9,414.5,293.5,True,figure_8,38.0
SCN_010,434,14.4333,TGT_003,DECOY_TARGET,460,236,11,11,465.5,241.5,True,straight_line,24.0
SCN_010,435,14.4667,TGT_001,COMMUNICATION_TARGET,169,200,10,10,174.0,205.0,True,circular,35.0
SCN_010,435,14.4667,TGT_002,DECOY_TARGET,411,288,9,9,415.5,292.5,True,figure_8,38.0
SCN_010,435,14.4667,TGT_003,DECOY_TARGET,461,236,11,11,466.5,241.5,True,straight_line,24.0
SCN_010,436,14.5,TGT_001,COMMUNICATION_TARGET,169,199,10,10,174.0,204.0,True,circular,35.0
SCN_010,436,14.5,TGT_002,DECOY_TARGET,412,287,9,9,416.5,291.5,True,figure_8,38.0
SCN_010,436,14.5,TGT_003,DECOY_TARGET,462,235,11,11,467.5,240.5,True,straight_line,24.0
SCN_010,437,14.5333,TGT_001,COMMUNICATION_TARGET,170,198,10,10,175.0,203.0,True,circular,35.0
SCN_010,437,14.5333,TGT_002,DECOY_TARGET,413,285,9,9,417.5,289.5,True,figure_8,38.0
SCN_010,437,14.5333,TGT_003,DECOY_TARGET,462,235,11,11,467.5,240.5,True,straight_line,24.0
SCN_010,438,14.5667,TGT_001,COMMUNICATION_TARGET,170,197,10,10,175.0,202.0,True,circular,35.0
SCN_010,438,14.5667,TGT_002,DECOY_TARGET,414,284,9,9,418.5,288.5,True,figure_8,38.0
SCN_010,438,14.5667,TGT_003,DECOY_TARGET,463,235,11,11,468.5,240.5,True,straight_line,24.0
SCN_010,439,14.6,TGT_001,COMMUNICATION_TARGET,170,196,10,10,175.0,201.0,True,circular,35.0
SCN_010,439,14.6,TGT_002,DECOY_TARGET,414,283,9,9,418.5,287.5,True,figure_8,38.0
SCN_010,439,14.6,TGT_003,DECOY_TARGET,464,235,11,11,469.5,240.5,True,straight_line,24.0
SCN_010,440,14.6333,TGT_001,COMMUNICATION_TARGET,171,195,10,10,176.0,200.0,True,circular,35.0
SCN_010,440,14.6333,TGT_002,DECOY_TARGET,415,282,9,9,419.5,286.5,True,figure_8,38.0
SCN_010,440,14.6333,TGT_003,DECOY_TARGET,465,234,11,11,470.5,239.5,True,straight_line,24.0
SCN_010,441,14.6667,TGT_001,COMMUNICATION_TARGET,171,193,10,10,176.0,198.0,True,circular,35.0
SCN_010,441,14.6667,TGT_002,DECOY_TARGET,416,280,9,9,420.5,284.5,True,figure_8,38.0
SCN_010,441,14.6667,TGT_003,DECOY_TARGET,465,234,11,11,470.5,239.5,True,straight_line,24.0
SCN_010,442,14.7,TGT_001,COMMUNICATION_TARGET,171,192,10,10,176.0,197.0,True,circular,35.0
SCN_010,442,14.7,TGT_002,DECOY_TARGET,417,279,9,9,421.5,283.5,True,figure_8,38.0
SCN_010,442,14.7,TGT_003,DECOY_TARGET,466,234,11,11,471.5,239.5,True,straight_line,24.0
SCN_010,443,14.7333,TGT_001,COMMUNICATION_TARGET,172,191,10,10,177.0,196.0,True,circular,35.0
SCN_010,443,14.7333,TGT_002,DECOY_TARGET,417,278,9,9,421.5,282.5,True,figure_8,38.0
SCN_010,443,14.7333,TGT_003,DECOY_TARGET,467,234,11,11,472.5,239.5,True,straight_line,24.0
SCN_010,444,14.7667,TGT_001,COMMUNICATION_TARGET,172,190,10,10,177.0,195.0,True,circular,35.0
SCN_010,444,14.7667,TGT_002,DECOY_TARGET,418,276,9,9,422.5,280.5,True,figure_8,38.0
SCN_010,444,14.7667,TGT_003,DECOY_TARGET,468,233,11,11,473.5,238.5,True,straight_line,24.0
SCN_010,445,14.8,TGT_001,COMMUNICATION_TARGET,172,189,10,10,177.0,194.0,True,circular,35.0
SCN_010,445,14.8,TGT_002,DECOY_TARGET,419,275,9,9,423.5,279.5,True,figure_8,38.0
SCN_010,445,14.8,TGT_003,DECOY_TARGET,468,233,11,11,473.5,238.5,True,straight_line,24.0
SCN_010,446,14.8333,TGT_001,COMMUNICATION_TARGET,173,188,10,10,178.0,193.0,True,circular,35.0
SCN_010,446,14.8333,TGT_002,DECOY_TARGET,419,273,9,9,423.5,277.5,True,figure_8,38.0
SCN_010,446,14.8333,TGT_003,DECOY_TARGET,469,233,11,11,474.5,238.5,True,straight_line,24.0
SCN_010,447,14.8667,TGT_001,COMMUNICATION_TARGET,173,187,10,10,178.0,192.0,True,circular,35.0
SCN_010,447,14.8667,TGT_002,DECOY_TARGET,420,271,9,9,424.5,275.5,True,figure_8,38.0
SCN_010,447,14.8667,TGT_003,DECOY_TARGET,470,232,11,11,475.5,237.5,True,straight_line,24.0
SCN_010,448,14.9,TGT_001,COMMUNICATION_TARGET,173,186,10,10,178.0,191.0,True,circular,35.0
SCN_010,448,14.9,TGT_002,DECOY_TARGET,421,270,9,9,425.5,274.5,True,figure_8,38.0
SCN_010,448,14.9,TGT_003,DECOY_TARGET,471,232,11,11,476.5,237.5,True,straight_line,24.0
SCN_010,449,14.9333,TGT_001,COMMUNICATION_TARGET,174,185,10,10,179.0,190.0,True,circular,35.0
SCN_010,449,14.9333,TGT_002,DECOY_TARGET,421,268,9,9,425.5,272.5,True,figure_8,38.0
SCN_010,449,14.9333,TGT_003,DECOY_TARGET,471,232,11,11,476.5,237.5,True,straight_line,24.0
SCN_010,450,14.9667,TGT_001,COMMUNICATION_TARGET,174,183,10,10,179.0,188.0,True,circular,35.0
SCN_010,450,14.9667,TGT_002,DECOY_TARGET,422,266,9,9,426.5,270.5,True,figure_8,38.0
SCN_010,450,14.9667,TGT_003,DECOY_TARGET,472,232,11,11,477.5,237.5,True,straight_line,24.0
SCN_010,451,15.0,TGT_001,COMMUNICATION_TARGET,175,182,10,10,180.0,187.0,True,circular,35.0
SCN_010,451,15.0,TGT_002,DECOY_TARGET,422,264,9,9,426.5,268.5,True,figure_8,38.0
SCN_010,451,15.0,TGT_003,DECOY_TARGET,473,231,11,11,478.5,236.5,True,straight_line,24.0
SCN_010,452,15.0333,TGT_001,COMMUNICATION_TARGET,175,181,10,10,180.0,186.0,True,circular,35.0
SCN_010,452,15.0333,TGT_002,DECOY_TARGET,423,263,9,9,427.5,267.5,True,figure_8,38.0
SCN_010,452,15.0333,TGT_003,DECOY_TARGET,474,231,11,11,479.5,236.5,True,straight_line,24.0
SCN_010,453,15.0667,TGT_001,COMMUNICATION_TARGET,175,180,10,10,180.0,185.0,True,circular,35.0
SCN_010,453,15.0667,TGT_002,DECOY_TARGET,423,261,9,9,427.5,265.5,True,figure_8,38.0
SCN_010,453,15.0667,TGT_003,DECOY_TARGET,474,231,11,11,479.5,236.5,True,straight_line,24.0
SCN_010,454,15.1,TGT_001,COMMUNICATION_TARGET,176,179,10,10,181.0,184.0,True,circular,35.0
SCN_010,454,15.1,TGT_002,DECOY_TARGET,423,259,9,9,427.5,263.5,True,figure_8,38.0
SCN_010,454,15.1,TGT_003,DECOY_TARGET,475,231,11,11,480.5,236.5,True,straight_line,24.0
SCN_010,455,15.1333,TGT_001,COMMUNICATION_TARGET,176,178,10,10,181.0,183.0,True,circular,35.0
SCN_010,455,15.1333,TGT_002,DECOY_TARGET,424,257,9,9,428.5,261.5,True,figure_8,38.0
SCN_010,455,15.1333,TGT_003,DECOY_TARGET,476,230,11,11,481.5,235.5,True,straight_line,24.0
SCN_010,456,15.1667,TGT_001,COMMUNICATION_TARGET,177,177,10,10,182.0,182.0,True,circular,35.0
SCN_010,456,15.1667,TGT_002,DECOY_TARGET,424,255,9,9,428.5,259.5,True,figure_8,38.0
SCN_010,456,15.1667,TGT_003,DECOY_TARGET,477,230,11,11,482.5,235.5,True,straight_line,24.0
SCN_010,457,15.2,TGT_001,COMMUNICATION_TARGET,177,176,10,10,182.0,181.0,True,circular,35.0
SCN_010,457,15.2,TGT_002,DECOY_TARGET,424,253,9,9,428.5,257.5,True,figure_8,38.0
SCN_010,457,15.2,TGT_003,DECOY_TARGET,477,230,11,11,482.5,235.5,True,straight_line,24.0
SCN_010,458,15.2333,TGT_001,COMMUNICATION_TARGET,178,175,10,10,183.0,180.0,True,circular,35.0
SCN_010,458,15.2333,TGT_002,DECOY_TARGET,425,251,9,9,429.5,255.5,True,figure_8,38.0
SCN_010,458,15.2333,TGT_003,DECOY_TARGET,478,229,11,11,483.5,234.5,True,straight_line,24.0
SCN_010,459,15.2667,TGT_001,COMMUNICATION_TARGET,178,174,10,10,183.0,179.0,True,circular,35.0
SCN_010,459,15.2667,TGT_002,DECOY_TARGET,425,249,9,9,429.5,253.5,True,figure_8,38.0
SCN_010,459,15.2667,TGT_003,DECOY_TARGET,479,229,11,11,484.5,234.5,True,straight_line,24.0
SCN_010,460,15.3,TGT_001,COMMUNICATION_TARGET,179,173,10,10,184.0,178.0,True,circular,35.0
SCN_010,460,15.3,TGT_002,DECOY_TARGET,425,247,9,9,429.5,251.5,True,figure_8,38.0
SCN_010,460,15.3,TGT_003,DECOY_TARGET,480,229,11,11,485.5,234.5,True,straight_line,24.0
SCN_010,461,15.3333,TGT_001,COMMUNICATION_TARGET,179,172,10,10,184.0,177.0,True,circular,35.0
SCN_010,461,15.3333,TGT_002,DECOY_TARGET,425,245,9,9,429.5,249.5,True,figure_8,38.0
SCN_010,461,15.3333,TGT_003,DECOY_TARGET,480,229,11,11,485.5,234.5,True,straight_line,24.0
SCN_010,462,15.3667,TGT_001,COMMUNICATION_TARGET,180,171,10,10,185.0,176.0,True,circular,35.0
SCN_010,462,15.3667,TGT_002,DECOY_TARGET,425,243,9,9,429.5,247.5,True,figure_8,38.0
SCN_010,462,15.3667,TGT_003,DECOY_TARGET,481,228,11,11,486.5,233.5,True,straight_line,24.0
SCN_010,463,15.4,TGT_001,COMMUNICATION_TARGET,180,170,10,10,185.0,175.0,True,circular,35.0
SCN_010,463,15.4,TGT_002,DECOY_TARGET,425,241,9,9,429.5,245.5,True,figure_8,38.0
SCN_010,463,15.4,TGT_003,DECOY_TARGET,482,228,11,11,487.5,233.5,True,straight_line,24.0
SCN_010,464,15.4333,TGT_001,COMMUNICATION_TARGET,181,168,10,10,186.0,173.0,True,circular,35.0
SCN_010,464,15.4333,TGT_002,DECOY_TARGET,425,239,9,9,429.5,243.5,True,figure_8,38.0
SCN_010,464,15.4333,TGT_003,DECOY_TARGET,483,228,11,11,488.5,233.5,True,straight_line,24.0
SCN_010,465,15.4667,TGT_001,COMMUNICATION_TARGET,181,167,10,10,186.0,172.0,True,circular,35.0
SCN_010,465,15.4667,TGT_002,DECOY_TARGET,425,237,9,9,429.5,241.5,True,figure_8,38.0
SCN_010,465,15.4667,TGT_003,DECOY_TARGET,483,228,11,11,488.5,233.5,True,straight_line,24.0
SCN_010,466,15.5,TGT_001,COMMUNICATION_TARGET,182,166,10,10,187.0,171.0,True,circular,35.0
SCN_010,466,15.5,TGT_002,DECOY_TARGET,425,235,9,9,429.5,239.5,True,figure_8,38.0
SCN_010,466,15.5,TGT_003,DECOY_TARGET,484,227,11,11,489.5,232.5,True,straight_line,24.0
SCN_010,467,15.5333,TGT_001,COMMUNICATION_TARGET,182,165,10,10,187.0,170.0,True,circular,35.0
SCN_010,467,15.5333,TGT_002,DECOY_TARGET,425,233,9,9,429.5,237.5,True,figure_8,38.0
SCN_010,467,15.5333,TGT_003,DECOY_TARGET,485,227,11,11,490.5,232.5,True,straight_line,24.0
SCN_010,468,15.5667,TGT_001,COMMUNICATION_TARGET,183,164,10,10,188.0,169.0,True,circular,35.0
SCN_010,468,15.5667,TGT_002,DECOY_TARGET,425,231,9,9,429.5,235.5,True,figure_8,38.0
SCN_010,468,15.5667,TGT_003,DECOY_TARGET,486,227,11,11,491.5,232.5,True,straight_line,24.0
SCN_010,469,15.6,TGT_001,COMMUNICATION_TARGET,183,163,10,10,188.0,168.0,True,circular,35.0
SCN_010,469,15.6,TGT_002,DECOY_TARGET,425,229,9,9,429.5,233.5,True,figure_8,38.0
SCN_010,469,15.6,TGT_003,DECOY_TARGET,486,226,11,11,491.5,231.5,True,straight_line,24.0
SCN_010,470,15.6333,TGT_001,COMMUNICATION_TARGET,184,162,10,10,189.0,167.0,True,circular,35.0
SCN_010,470,15.6333,TGT_002,DECOY_TARGET,425,227,9,9,429.5,231.5,True,figure_8,38.0
SCN_010,470,15.6333,TGT_003,DECOY_TARGET,487,226,11,11,492.5,231.5,True,straight_line,24.0
SCN_010,471,15.6667,TGT_001,COMMUNICATION_TARGET,184,161,10,10,189.0,166.0,True,circular,35.0
SCN_010,471,15.6667,TGT_002,DECOY_TARGET,425,225,9,9,429.5,229.5,True,figure_8,38.0
SCN_010,471,15.6667,TGT_003,DECOY_TARGET,488,226,11,11,493.5,231.5,True,straight_line,24.0
SCN_010,472,15.7,TGT_001,COMMUNICATION_TARGET,185,160,10,10,190.0,165.0,True,circular,35.0
SCN_010,472,15.7,TGT_002,DECOY_TARGET,425,223,9,9,429.5,227.5,True,figure_8,38.0
SCN_010,472,15.7,TGT_003,DECOY_TARGET,489,226,11,11,494.5,231.5,True,straight_line,24.0
SCN_010,473,15.7333,TGT_001,COMMUNICATION_TARGET,186,159,10,10,191.0,164.0,True,circular,35.0
SCN_010,473,15.7333,TGT_002,DECOY_TARGET,425,221,9,9,429.5,225.5,True,figure_8,38.0
SCN_010,473,15.7333,TGT_003,DECOY_TARGET,489,225,11,11,494.5,230.5,True,straight_line,24.0
SCN_010,474,15.7667,TGT_001,COMMUNICATION_TARGET,186,158,10,10,191.0,163.0,True,circular,35.0
SCN_010,474,15.7667,TGT_002,DECOY_TARGET,424,219,9,9,428.5,223.5,True,figure_8,38.0
SCN_010,474,15.7667,TGT_003,DECOY_TARGET,490,225,11,11,495.5,230.5,True,straight_line,24.0
SCN_010,475,15.8,TGT_001,COMMUNICATION_TARGET,187,157,10,10,192.0,162.0,True,circular,35.0
SCN_010,475,15.8,TGT_002,DECOY_TARGET,424,217,9,9,428.5,221.5,True,figure_8,38.0
SCN_010,475,15.8,TGT_003,DECOY_TARGET,491,225,11,11,496.5,230.5,True,straight_line,24.0
SCN_010,476,15.8333,TGT_001,COMMUNICATION_TARGET,187,156,10,10,192.0,161.0,True,circular,35.0
SCN_010,476,15.8333,TGT_002,DECOY_TARGET,424,215,9,9,428.5,219.5,True,figure_8,38.0
SCN_010,476,15.8333,TGT_003,DECOY_TARGET,492,225,11,11,497.5,230.5,True,straight_line,24.0
SCN_010,477,15.8667,TGT_001,COMMUNICATION_TARGET,188,155,10,10,193.0,160.0,True,circular,35.0
SCN_010,477,15.8667,TGT_002,DECOY_TARGET,424,213,9,9,428.5,217.5,True,figure_8,38.0
SCN_010,477,15.8667,TGT_003,DECOY_TARGET,492,224,11,11,497.5,229.5,True,straight_line,24.0
SCN_010,478,15.9,TGT_001,COMMUNICATION_TARGET,189,154,10,10,194.0,159.0,True,circular,35.0
SCN_010,478,15.9,TGT_002,DECOY_TARGET,423,211,9,9,427.5,215.5,True,figure_8,38.0
SCN_010,478,15.9,TGT_003,DECOY_TARGET,493,224,11,11,498.5,229.5,True,straight_line,24.0
SCN_010,479,15.9333,TGT_001,COMMUNICATION_TARGET,189,153,10,10,194.0,158.0,True,circular,35.0
SCN_010,479,15.9333,TGT_002,DECOY_TARGET,423,209,9,9,427.5,213.5,True,figure_8,38.0
SCN_010,479,15.9333,TGT_003,DECOY_TARGET,494,224,11,11,499.5,229.5,True,straight_line,24.0
SCN_010,480,15.9667,TGT_001,COMMUNICATION_TARGET,190,152,10,10,195.0,157.0,True,circular,35.0
SCN_010,480,15.9667,TGT_002,DECOY_TARGET,422,207,9,9,426.5,211.5,True,figure_8,38.0
SCN_010,480,15.9667,TGT_003,DECOY_TARGET,495,223,11,11,500.5,228.5,True,straight_line,24.0
SCN_010,481,16.0,TGT_001,COMMUNICATION_TARGET,191,151,10,10,196.0,156.0,True,circular,35.0
SCN_010,481,16.0,TGT_002,DECOY_TARGET,422,206,9,9,426.5,210.5,True,figure_8,38.0
SCN_010,481,16.0,TGT_003,DECOY_TARGET,495,223,11,11,500.5,228.5,True,straight_line,24.0
SCN_010,482,16.0333,TGT_001,COMMUNICATION_TARGET,191,150,10,10,196.0,155.0,True,circular,35.0
SCN_010,482,16.0333,TGT_002,DECOY_TARGET,421,204,9,9,425.5,208.5,True,figure_8,38.0
SCN_010,482,16.0333,TGT_003,DECOY_TARGET,496,223,11,11,501.5,228.5,True,straight_line,24.0
SCN_010,483,16.0667,TGT_001,COMMUNICATION_TARGET,192,149,10,10,197.0,154.0,True,circular,35.0
SCN_010,483,16.0667,TGT_002,DECOY_TARGET,421,202,9,9,425.5,206.5,True,figure_8,38.0
SCN_010,483,16.0667,TGT_003,DECOY_TARGET,497,223,11,11,502.5,228.5,True,straight_line,24.0
SCN_010,484,16.1,TGT_001,COMMUNICATION_TARGET,192,148,10,10,197.0,153.0,True,circular,35.0
SCN_010,484,16.1,TGT_002,DECOY_TARGET,420,201,9,9,424.5,205.5,True,figure_8,38.0
SCN_010,484,16.1,TGT_003,DECOY_TARGET,498,222,11,11,503.5,227.5,True,straight_line,24.0
SCN_010,485,16.1333,TGT_001,COMMUNICATION_TARGET,193,147,10,10,198.0,152.0,True,circular,35.0
SCN_010,485,16.1333,TGT_002,DECOY_TARGET,420,199,9,9,424.5,203.5,True,figure_8,38.0
SCN_010,485,16.1333,TGT_003,DECOY_TARGET,498,222,11,11,503.5,227.5,True,straight_line,24.0
SCN_010,486,16.1667,TGT_001,COMMUNICATION_TARGET,194,147,10,10,199.0,152.0,True,circular,35.0
SCN_010,486,16.1667,TGT_002,DECOY_TARGET,419,197,9,9,423.5,201.5,True,figure_8,38.0
SCN_010,486,16.1667,TGT_003,DECOY_TARGET,499,222,11,11,504.5,227.5,True,straight_line,24.0
SCN_010,487,16.2,TGT_001,COMMUNICATION_TARGET,195,146,10,10,200.0,151.0,True,circular,35.0
SCN_010,487,16.2,TGT_002,DECOY_TARGET,418,196,9,9,422.5,200.5,True,figure_8,38.0
SCN_010,487,16.2,TGT_003,DECOY_TARGET,500,222,11,11,505.5,227.5,True,straight_line,24.0
SCN_010,488,16.2333,TGT_001,COMMUNICATION_TARGET,195,145,10,10,200.0,150.0,True,circular,35.0
SCN_010,488,16.2333,TGT_002,DECOY_TARGET,418,194,9,9,422.5,198.5,True,figure_8,38.0
SCN_010,488,16.2333,TGT_003,DECOY_TARGET,501,221,11,11,506.5,226.5,True,straight_line,24.0
SCN_010,489,16.2667,TGT_001,COMMUNICATION_TARGET,196,144,10,10,201.0,149.0,True,circular,35.0
SCN_010,489,16.2667,TGT_002,DECOY_TARGET,417,193,9,9,421.5,197.5,True,figure_8,38.0
SCN_010,489,16.2667,TGT_003,DECOY_TARGET,501,221,11,11,506.5,226.5,True,straight_line,24.0
SCN_010,490,16.3,TGT_001,COMMUNICATION_TARGET,197,143,10,10,202.0,148.0,True,circular,35.0
SCN_010,490,16.3,TGT_002,DECOY_TARGET,416,191,9,9,420.5,195.5,True,figure_8,38.0
SCN_010,490,16.3,TGT_003,DECOY_TARGET,502,221,11,11,507.5,226.5,True,straight_line,24.0
SCN_010,491,16.3333,TGT_001,COMMUNICATION_TARGET,197,142,10,10,202.0,147.0,True,circular,35.0
SCN_010,491,16.3333,TGT_002,DECOY_TARGET,416,190,9,9,420.5,194.5,True,figure_8,38.0
SCN_010,491,16.3333,TGT_003,DECOY_TARGET,503,220,11,11,508.5,225.5,True,straight_line,24.0
SCN_010,492,16.3667,TGT_001,COMMUNICATION_TARGET,198,141,10,10,203.0,146.0,True,circular,35.0
SCN_010,492,16.3667,TGT_002,DECOY_TARGET,415,189,9,9,419.5,193.5,True,figure_8,38.0
SCN_010,492,16.3667,TGT_003,DECOY_TARGET,504,220,11,11,509.5,225.5,True,straight_line,24.0
SCN_010,493,16.4,TGT_001,COMMUNICATION_TARGET,199,140,10,10,204.0,145.0,True,circular,35.0
SCN_010,493,16.4,TGT_002,DECOY_TARGET,414,187,9,9,418.5,191.5,True,figure_8,38.0
SCN_010,493,16.4,TGT_003,DECOY_TARGET,504,220,11,11,509.5,225.5,True,straight_line,24.0
SCN_010,494,16.4333,TGT_001,COMMUNICATION_TARGET,200,139,10,10,205.0,144.0,True,circular,35.0
SCN_010,494,16.4333,TGT_002,DECOY_TARGET,413,186,9,9,417.5,190.5,True,figure_8,38.0
SCN_010,494,16.4333,TGT_003,DECOY_TARGET,505,220,11,11,510.5,225.5,True,straight_line,24.0
SCN_010,495,16.4667,TGT_001,COMMUNICATION_TARGET,200,138,10,10,205.0,143.0,True,circular,35.0
SCN_010,495,16.4667,TGT_002,DECOY_TARGET,412,185,9,9,416.5,189.5,True,figure_8,38.0
SCN_010,495,16.4667,TGT_003,DECOY_TARGET,506,219,11,11,511.5,224.5,True,straight_line,24.0
SCN_010,496,16.5,TGT_001,COMMUNICATION_TARGET,201,137,10,10,206.0,142.0,True,circular,35.0
SCN_010,496,16.5,TGT_002,DECOY_TARGET,411,184,9,9,415.5,188.5,True,figure_8,38.0
SCN_010,496,16.5,TGT_003,DECOY_TARGET,507,219,11,11,512.5,224.5,True,straight_line,24.0
SCN_010,497,16.5333,TGT_001,COMMUNICATION_TARGET,202,137,10,10,207.0,142.0,True,circular,35.0
SCN_010,497,16.5333,TGT_002,DECOY_TARGET,411,183,9,9,415.5,187.5,True,figure_8,38.0
SCN_010,497,16.5333,TGT_003,DECOY_TARGET,507,219,11,11,512.5,224.5,True,straight_line,24.0
SCN_010,498,16.5667,TGT_001,COMMUNICATION_TARGET,203,136,10,10,208.0,141.0,True,circular,35.0
SCN_010,498,16.5667,TGT_002,DECOY_TARGET,410,182,9,9,414.5,186.5,True,figure_8,38.0
SCN_010,498,16.5667,TGT_003,DECOY_TARGET,508,219,11,11,513.5,224.5,True,straight_line,24.0
SCN_010,499,16.6,TGT_001,COMMUNICATION_TARGET,203,135,10,10,208.0,140.0,True,circular,35.0
SCN_010,499,16.6,TGT_002,DECOY_TARGET,409,181,9,9,413.5,185.5,True,figure_8,38.0
SCN_010,499,16.6,TGT_003,DECOY_TARGET,509,218,11,11,514.5,223.5,True,straight_line,24.0
SCN_010,500,16.6333,TGT_001,COMMUNICATION_TARGET,204,134,10,10,209.0,139.0,True,circular,35.0
SCN_010,500,16.6333,TGT_002,DECOY_TARGET,408,180,9,9,412.5,184.5,True,figure_8,38.0
SCN_010,500,16.6333,TGT_003,DECOY_TARGET,510,218,11,11,515.5,223.5,True,straight_line,24.0
SCN_010,501,16.6667,TGT_001,COMMUNICATION_TARGET,205,133,10,10,210.0,138.0,True,circular,35.0
SCN_010,501,16.6667,TGT_002,DECOY_TARGET,407,179,9,9,411.5,183.5,True,figure_8,38.0
SCN_010,501,16.6667,TGT_003,DECOY_TARGET,510,218,11,11,515.5,223.5,True,straight_line,24.0
SCN_010,502,16.7,TGT_001,COMMUNICATION_TARGET,206,132,10,10,211.0,137.0,True,circular,35.0
SCN_010,502,16.7,TGT_002,DECOY_TARGET,406,179,9,9,410.5,183.5,True,figure_8,38.0
SCN_010,502,16.7,TGT_003,DECOY_TARGET,511,217,11,11,516.5,222.5,True,straight_line,24.0
SCN_010,503,16.7333,TGT_001,COMMUNICATION_TARGET,207,131,10,10,212.0,136.0,True,circular,35.0
SCN_010,503,16.7333,TGT_002,DECOY_TARGET,404,178,9,9,408.5,182.5,True,figure_8,38.0
SCN_010,503,16.7333,TGT_003,DECOY_TARGET,512,217,11,11,517.5,222.5,True,straight_line,24.0
SCN_010,504,16.7667,TGT_001,COMMUNICATION_TARGET,207,131,10,10,212.0,136.0,True,circular,35.0
SCN_010,504,16.7667,TGT_002,DECOY_TARGET,403,177,9,9,407.5,181.5,True,figure_8,38.0
SCN_010,504,16.7667,TGT_003,DECOY_TARGET,513,217,11,11,518.5,222.5,True,straight_line,24.0
SCN_010,505,16.8,TGT_001,COMMUNICATION_TARGET,208,130,10,10,213.0,135.0,True,circular,35.0
SCN_010,505,16.8,TGT_002,DECOY_TARGET,402,177,9,9,406.5,181.5,True,figure_8,38.0
SCN_010,505,16.8,TGT_003,DECOY_TARGET,513,217,11,11,518.5,222.5,True,straight_line,24.0
SCN_010,506,16.8333,TGT_001,COMMUNICATION_TARGET,209,129,10,10,214.0,134.0,True,circular,35.0
SCN_010,506,16.8333,TGT_002,DECOY_TARGET,401,176,9,9,405.5,180.5,True,figure_8,38.0
SCN_010,506,16.8333,TGT_003,DECOY_TARGET,514,216,11,11,519.5,221.5,True,straight_line,24.0
SCN_010,507,16.8667,TGT_001,COMMUNICATION_TARGET,210,128,10,10,215.0,133.0,True,circular,35.0
SCN_010,507,16.8667,TGT_002,DECOY_TARGET,400,176,9,9,404.5,180.5,True,figure_8,38.0
SCN_010,507,16.8667,TGT_003,DECOY_TARGET,515,216,11,11,520.5,221.5,True,straight_line,24.0
SCN_010,508,16.9,TGT_001,COMMUNICATION_TARGET,211,127,10,10,216.0,132.0,True,circular,35.0
SCN_010,508,16.9,TGT_002,DECOY_TARGET,399,176,9,9,403.5,180.5,True,figure_8,38.0
SCN_010,508,16.9,TGT_003,DECOY_TARGET,516,216,11,11,521.5,221.5,True,straight_line,24.0
SCN_010,509,16.9333,TGT_001,COMMUNICATION_TARGET,212,126,10,10,217.0,131.0,True,circular,35.0
SCN_010,509,16.9333,TGT_002,DECOY_TARGET,397,175,9,9,401.5,179.5,True,figure_8,38.0
SCN_010,509,16.9333,TGT_003,DECOY_TARGET,516,216,11,11,521.5,221.5,True,straight_line,24.0
SCN_010,510,16.9667,TGT_001,COMMUNICATION_TARGET,212,126,10,10,217.0,131.0,True,circular,35.0
SCN_010,510,16.9667,TGT_002,DECOY_TARGET,396,175,9,9,400.5,179.5,True,figure_8,38.0
SCN_010,510,16.9667,TGT_003,DECOY_TARGET,517,215,11,11,522.5,220.5,True,straight_line,24.0
SCN_010,511,17.0,TGT_001,COMMUNICATION_TARGET,213,125,10,10,218.0,130.0,True,circular,35.0
SCN_010,511,17.0,TGT_002,DECOY_TARGET,395,175,9,9,399.5,179.5,True,figure_8,38.0
SCN_010,511,17.0,TGT_003,DECOY_TARGET,518,215,11,11,523.5,220.5,True,straight_line,24.0
SCN_010,512,17.0333,TGT_001,COMMUNICATION_TARGET,214,124,10,10,219.0,129.0,True,circular,35.0
SCN_010,512,17.0333,TGT_002,DECOY_TARGET,394,175,9,9,398.5,179.5,True,figure_8,38.0
SCN_010,512,17.0333,TGT_003,DECOY_TARGET,519,215,11,11,524.5,220.5,True,straight_line,24.0
SCN_010,513,17.0667,TGT_001,COMMUNICATION_TARGET,215,123,10,10,220.0,128.0,True,circular,35.0
SCN_010,513,17.0667,TGT_002,DECOY_TARGET,392,175,9,9,396.5,179.5,True,figure_8,38.0
SCN_010,513,17.0667,TGT_003,DECOY_TARGET,519,214,11,11,524.5,219.5,True,straight_line,24.0
SCN_010,514,17.1,TGT_001,COMMUNICATION_TARGET,216,122,10,10,221.0,127.0,True,circular,35.0
SCN_010,514,17.1,TGT_002,DECOY_TARGET,391,175,9,9,395.5,179.5,True,figure_8,38.0
SCN_010,514,17.1,TGT_003,DECOY_TARGET,520,214,11,11,525.5,219.5,True,straight_line,24.0
SCN_010,515,17.1333,TGT_001,COMMUNICATION_TARGET,217,122,10,10,222.0,127.0,True,circular,35.0
SCN_010,515,17.1333,TGT_002,DECOY_TARGET,390,175,9,9,394.5,179.5,True,figure_8,38.0
SCN_010,515,17.1333,TGT_003,DECOY_TARGET,521,214,11,11,526.5,219.5,True,straight_line,24.0
SCN_010,516,17.1667,TGT_001,COMMUNICATION_TARGET,218,121,10,10,223.0,126.0,True,circular,35.0
SCN_010,516,17.1667,TGT_002,DECOY_TARGET,388,175,9,9,392.5,179.5,True,figure_8,38.0
SCN_010,516,17.1667,TGT_003,DECOY_TARGET,522,214,11,11,527.5,219.5,True,straight_line,24.0
SCN_010,517,17.2,TGT_001,COMMUNICATION_TARGET,218,120,10,10,223.0,125.0,True,circular,35.0
SCN_010,517,17.2,TGT_002,DECOY_TARGET,387,176,9,9,391.5,180.5,True,figure_8,38.0
SCN_010,517,17.2,TGT_003,DECOY_TARGET,522,213,11,11,527.5,218.5,True,straight_line,24.0
SCN_010,518,17.2333,TGT_001,COMMUNICATION_TARGET,219,119,10,10,224.0,124.0,True,circular,35.0
SCN_010,518,17.2333,TGT_002,DECOY_TARGET,385,176,9,9,389.5,180.5,True,figure_8,38.0
SCN_010,518,17.2333,TGT_003,DECOY_TARGET,523,213,11,11,528.5,218.5,True,straight_line,24.0
SCN_010,519,17.2667,TGT_001,COMMUNICATION_TARGET,220,119,10,10,225.0,124.0,True,circular,35.0
SCN_010,519,17.2667,TGT_002,DECOY_TARGET,384,177,9,9,388.5,181.5,True,figure_8,38.0
SCN_010,519,17.2667,TGT_003,DECOY_TARGET,524,213,11,11,529.5,218.5,True,straight_line,24.0
SCN_010,520,17.3,TGT_001,COMMUNICATION_TARGET,221,118,10,10,226.0,123.0,True,circular,35.0
SCN_010,520,17.3,TGT_002,DECOY_TARGET,382,177,9,9,386.5,181.5,True,figure_8,38.0
SCN_010,520,17.3,TGT_003,DECOY_TARGET,525,212,11,11,530.5,217.5,True,straight_line,24.0
SCN_010,521,17.3333,TGT_001,COMMUNICATION_TARGET,222,117,10,10,227.0,122.0,True,circular,35.0
SCN_010,521,17.3333,TGT_002,DECOY_TARGET,381,178,9,9,385.5,182.5,True,figure_8,38.0
SCN_010,521,17.3333,TGT_003,DECOY_TARGET,525,212,11,11,530.5,217.5,True,straight_line,24.0
SCN_010,522,17.3667,TGT_001,COMMUNICATION_TARGET,223,117,10,10,228.0,122.0,True,circular,35.0
SCN_010,522,17.3667,TGT_002,DECOY_TARGET,379,178,9,9,383.5,182.5,True,figure_8,38.0
SCN_010,522,17.3667,TGT_003,DECOY_TARGET,526,212,11,11,531.5,217.5,True,straight_line,24.0
SCN_010,523,17.4,TGT_001,COMMUNICATION_TARGET,224,116,10,10,229.0,121.0,True,circular,35.0
SCN_010,523,17.4,TGT_002,DECOY_TARGET,378,179,9,9,382.5,183.5,True,figure_8,38.0
SCN_010,523,17.4,TGT_003,DECOY_TARGET,527,212,11,11,532.5,217.5,True,straight_line,24.0
SCN_010,524,17.4333,TGT_001,COMMUNICATION_TARGET,225,115,10,10,230.0,120.0,True,circular,35.0
SCN_010,524,17.4333,TGT_002,DECOY_TARGET,376,180,9,9,380.5,184.5,True,figure_8,38.0
SCN_010,524,17.4333,TGT_003,DECOY_TARGET,528,211,11,11,533.5,216.5,True,straight_line,24.0
SCN_010,525,17.4667,TGT_001,COMMUNICATION_TARGET,226,114,10,10,231.0,119.0,True,circular,35.0
SCN_010,525,17.4667,TGT_002,DECOY_TARGET,375,181,9,9,379.5,185.5,True,figure_8,38.0
SCN_010,525,17.4667,TGT_003,DECOY_TARGET,528,211,11,11,533.5,216.5,True,straight_line,24.0
SCN_010,526,17.5,TGT_001,COMMUNICATION_TARGET,227,114,10,10,232.0,119.0,True,circular,35.0
SCN_010,526,17.5,TGT_002,DECOY_TARGET,373,181,9,9,377.5,185.5,True,figure_8,38.0
SCN_010,526,17.5,TGT_003,DECOY_TARGET,529,211,11,11,534.5,216.5,True,straight_line,24.0
SCN_010,527,17.5333,TGT_001,COMMUNICATION_TARGET,228,113,10,10,233.0,118.0,True,circular,35.0
SCN_010,527,17.5333,TGT_002,DECOY_TARGET,372,182,9,9,376.5,186.5,True,figure_8,38.0
SCN_010,527,17.5333,TGT_003,DECOY_TARGET,530,211,11,11,535.5,216.5,True,straight_line,24.0
SCN_010,528,17.5667,TGT_001,COMMUNICATION_TARGET,229,112,10,10,234.0,117.0,True,circular,35.0
SCN_010,528,17.5667,TGT_002,DECOY_TARGET,370,183,9,9,374.5,187.5,True,figure_8,38.0
SCN_010,528,17.5667,TGT_003,DECOY_TARGET,531,210,11,11,536.5,215.5,True,straight_line,24.0
SCN_010,529,17.6,TGT_001,COMMUNICATION_TARGET,230,112,10,10,235.0,117.0,True,circular,35.0
SCN_010,529,17.6,TGT_002,DECOY_TARGET,368,184,9,9,372.5,188.5,True,figure_8,38.0
SCN_010,529,17.6,TGT_003,DECOY_TARGET,531,210,11,11,536.5,215.5,True,straight_line,24.0
SCN_010,530,17.6333,TGT_001,COMMUNICATION_TARGET,231,111,10,10,236.0,116.0,True,circular,35.0
SCN_010,530,17.6333,TGT_002,DECOY_TARGET,367,186,9,9,371.5,190.5,True,figure_8,38.0
SCN_010,530,17.6333,TGT_003,DECOY_TARGET,532,210,11,11,537.5,215.5,True,straight_line,24.0
SCN_010,531,17.6667,TGT_001,COMMUNICATION_TARGET,232,110,10,10,237.0,115.0,True,circular,35.0
SCN_010,531,17.6667,TGT_002,DECOY_TARGET,365,187,9,9,369.5,191.5,True,figure_8,38.0
SCN_010,531,17.6667,TGT_003,DECOY_TARGET,533,209,11,11,538.5,214.5,True,straight_line,24.0
SCN_010,532,17.7,TGT_001,COMMUNICATION_TARGET,232,110,10,10,237.0,115.0,True,circular,35.0
SCN_010,532,17.7,TGT_002,DECOY_TARGET,363,188,9,9,367.5,192.5,True,figure_8,38.0
SCN_010,532,17.7,TGT_003,DECOY_TARGET,534,209,11,11,539.5,214.5,True,straight_line,24.0
SCN_010,533,17.7333,TGT_001,COMMUNICATION_TARGET,233,109,10,10,238.0,114.0,True,circular,35.0
SCN_010,533,17.7333,TGT_002,DECOY_TARGET,362,189,9,9,366.5,193.5,True,figure_8,38.0
SCN_010,533,17.7333,TGT_003,DECOY_TARGET,534,209,11,11,539.5,214.5,True,straight_line,24.0
SCN_010,534,17.7667,TGT_001,COMMUNICATION_TARGET,234,108,10,10,239.0,113.0,True,circular,35.0
SCN_010,534,17.7667,TGT_002,DECOY_TARGET,360,191,9,9,364.5,195.5,True,figure_8,38.0
SCN_010,534,17.7667,TGT_003,DECOY_TARGET,535,209,11,11,540.5,214.5,True,straight_line,24.0
SCN_010,535,17.8,TGT_001,COMMUNICATION_TARGET,235,108,10,10,240.0,113.0,True,circular,35.0
SCN_010,535,17.8,TGT_002,DECOY_TARGET,358,192,9,9,362.5,196.5,True,figure_8,38.0
SCN_010,535,17.8,TGT_003,DECOY_TARGET,536,208,11,11,541.5,213.5,True,straight_line,24.0
SCN_010,536,17.8333,TGT_001,COMMUNICATION_TARGET,236,107,10,10,241.0,112.0,True,circular,35.0
SCN_010,536,17.8333,TGT_002,DECOY_TARGET,357,193,9,9,361.5,197.5,True,figure_8,38.0
SCN_010,536,17.8333,TGT_003,DECOY_TARGET,537,208,11,11,542.5,213.5,True,straight_line,24.0
SCN_010,537,17.8667,TGT_001,COMMUNICATION_TARGET,237,107,10,10,242.0,112.0,True,circular,35.0
SCN_010,537,17.8667,TGT_002,DECOY_TARGET,355,195,9,9,359.5,199.5,True,figure_8,38.0
SCN_010,537,17.8667,TGT_003,DECOY_TARGET,537,208,11,11,542.5,213.5,True,straight_line,24.0
SCN_010,538,17.9,TGT_001,COMMUNICATION_TARGET,238,106,10,10,243.0,111.0,True,circular,35.0
SCN_010,538,17.9,TGT_002,DECOY_TARGET,353,197,9,9,357.5,201.5,True,figure_8,38.0
SCN_010,538,17.9,TGT_003,DECOY_TARGET,538,208,11,11,543.5,213.5,True,straight_line,24.0
SCN_010,539,17.9333,TGT_001,COMMUNICATION_TARGET,239,105,10,10,244.0,110.0,True,circular,35.0
SCN_010,539,17.9333,TGT_002,DECOY_TARGET,351,198,9,9,355.5,202.5,True,figure_8,38.0
SCN_010,539,17.9333,TGT_003,DECOY_TARGET,539,207,11,11,544.5,212.5,True,straight_line,24.0
SCN_010,540,17.9667,TGT_001,COMMUNICATION_TARGET,240,105,10,10,245.0,110.0,True,circular,35.0
SCN_010,540,17.9667,TGT_002,DECOY_TARGET,350,200,9,9,354.5,204.5,True,figure_8,38.0
SCN_010,540,17.9667,TGT_003,DECOY_TARGET,540,207,11,11,545.5,212.5,True,straight_line,24.0
SCN_010,541,18.0,TGT_001,COMMUNICATION_TARGET,241,104,10,10,246.0,109.0,True,circular,35.0
SCN_010,541,18.0,TGT_002,DECOY_TARGET,348,201,9,9,352.5,205.5,True,figure_8,38.0
SCN_010,541,18.0,TGT_003,DECOY_TARGET,540,207,11,11,545.5,212.5,True,straight_line,24.0
SCN_010,542,18.0333,TGT_001,COMMUNICATION_TARGET,242,104,10,10,247.0,109.0,True,circular,35.0
SCN_010,542,18.0333,TGT_002,DECOY_TARGET,346,203,9,9,350.5,207.5,True,figure_8,38.0
SCN_010,542,18.0333,TGT_003,DECOY_TARGET,541,206,11,11,546.5,211.5,True,straight_line,24.0
SCN_010,543,18.0667,TGT_001,COMMUNICATION_TARGET,244,103,10,10,249.0,108.0,True,circular,35.0
SCN_010,543,18.0667,TGT_002,DECOY_TARGET,344,205,9,9,348.5,209.5,True,figure_8,38.0
SCN_010,543,18.0667,TGT_003,DECOY_TARGET,542,206,11,11,547.5,211.5,True,straight_line,24.0
SCN_010,544,18.1,TGT_001,COMMUNICATION_TARGET,245,103,10,10,250.0,108.0,True,circular,35.0
SCN_010,544,18.1,TGT_002,DECOY_TARGET,343,207,9,9,347.5,211.5,True,figure_8,38.0
SCN_010,544,18.1,TGT_003,DECOY_TARGET,543,206,11,11,548.5,211.5,True,straight_line,24.0
SCN_010,545,18.1333,TGT_001,COMMUNICATION_TARGET,246,102,10,10,251.0,107.0,True,circular,35.0
SCN_010,545,18.1333,TGT_002,DECOY_TARGET,341,208,9,9,345.5,212.5,True,figure_8,38.0
SCN_010,545,18.1333,TGT_003,DECOY_TARGET,543,206,11,11,548.5,211.5,True,straight_line,24.0
SCN_010,546,18.1667,TGT_001,COMMUNICATION_TARGET,247,102,10,10,252.0,107.0,True,circular,35.0
SCN_010,546,18.1667,TGT_002,DECOY_TARGET,339,210,9,9,343.5,214.5,True,figure_8,38.0
SCN_010,546,18.1667,TGT_003,DECOY_TARGET,544,205,11,11,549.5,210.5,True,straight_line,24.0
SCN_010,547,18.2,TGT_001,COMMUNICATION_TARGET,248,101,10,10,253.0,106.0,True,circular,35.0
SCN_010,547,18.2,TGT_002,DECOY_TARGET,337,212,9,9,341.5,216.5,True,figure_8,38.0
SCN_010,547,18.2,TGT_003,DECOY_TARGET,545,205,11,11,550.5,210.5,True,straight_line,24.0
SCN_010,548,18.2333,TGT_001,COMMUNICATION_TARGET,249,100,10,10,254.0,105.0,True,circular,35.0
SCN_010,548,18.2333,TGT_002,DECOY_TARGET,335,214,9,9,339.5,218.5,True,figure_8,38.0
SCN_010,548,18.2333,TGT_003,DECOY_TARGET,546,205,11,11,551.5,210.5,True,straight_line,24.0
SCN_010,549,18.2667,TGT_001,COMMUNICATION_TARGET,250,100,10,10,255.0,105.0,True,circular,35.0
SCN_010,549,18.2667,TGT_002,DECOY_TARGET,333,216,9,9,337.5,220.5,True,figure_8,38.0
SCN_010,549,18.2667,TGT_003,DECOY_TARGET,546,205,11,11,551.5,210.5,True,straight_line,24.0
SCN_010,550,18.3,TGT_001,COMMUNICATION_TARGET,251,99,10,10,256.0,104.0,True,circular,35.0
SCN_010,550,18.3,TGT_002,DECOY_TARGET,332,218,9,9,336.5,222.5,True,figure_8,38.0
SCN_010,550,18.3,TGT_003,DECOY_TARGET,547,204,11,11,552.5,209.5,True,straight_line,24.0
SCN_010,551,18.3333,TGT_001,COMMUNICATION_TARGET,252,99,10,10,257.0,104.0,True,circular,35.0
SCN_010,551,18.3333,TGT_002,DECOY_TARGET,330,220,9,9,334.5,224.5,True,figure_8,38.0
SCN_010,551,18.3333,TGT_003,DECOY_TARGET,548,204,11,11,553.5,209.5,True,straight_line,24.0
SCN_010,552,18.3667,TGT_001,COMMUNICATION_TARGET,253,98,10,10,258.0,103.0,True,circular,35.0
SCN_010,552,18.3667,TGT_002,DECOY_TARGET,328,222,9,9,332.5,226.5,True,figure_8,38.0
SCN_010,552,18.3667,TGT_003,DECOY_TARGET,549,204,11,11,554.5,209.5,True,straight_line,24.0
SCN_010,553,18.4,TGT_001,COMMUNICATION_TARGET,254,98,10,10,259.0,103.0,True,circular,35.0
SCN_010,553,18.4,TGT_002,DECOY_TARGET,326,224,9,9,330.5,228.5,True,figure_8,38.0
SCN_010,553,18.4,TGT_003,DECOY_TARGET,549,203,11,11,554.5,208.5,True,straight_line,24.0
SCN_010,554,18.4333,TGT_001,COMMUNICATION_TARGET,255,98,10,10,260.0,103.0,True,circular,35.0
SCN_010,554,18.4333,TGT_002,DECOY_TARGET,324,226,9,9,328.5,230.5,True,figure_8,38.0
SCN_010,554,18.4333,TGT_003,DECOY_TARGET,550,203,11,11,555.5,208.5,True,straight_line,24.0
SCN_010,555,18.4667,TGT_001,COMMUNICATION_TARGET,256,97,10,10,261.0,102.0,True,circular,35.0
SCN_010,555,18.4667,TGT_002,DECOY_TARGET,322,228,9,9,326.5,232.5,True,figure_8,38.0
SCN_010,555,18.4667,TGT_003,DECOY_TARGET,551,203,11,11,556.5,208.5,True,straight_line,24.0
SCN_010,556,18.5,TGT_001,COMMUNICATION_TARGET,257,97,10,10,262.0,102.0,True,circular,35.0
SCN_010,556,18.5,TGT_002,DECOY_TARGET,321,230,9,9,325.5,234.5,True,figure_8,38.0
SCN_010,556,18.5,TGT_003,DECOY_TARGET,552,203,11,11,557.5,208.5,True,straight_line,24.0
SCN_010,557,18.5333,TGT_001,COMMUNICATION_TARGET,258,96,10,10,263.0,101.0,True,circular,35.0
SCN_010,557,18.5333,TGT_002,DECOY_TARGET,319,232,9,9,323.5,236.5,True,figure_8,38.0
SCN_010,557,18.5333,TGT_003,DECOY_TARGET,552,202,11,11,557.5,207.5,True,straight_line,24.0
SCN_010,558,18.5667,TGT_001,COMMUNICATION_TARGET,259,96,10,10,264.0,101.0,True,circular,35.0
SCN_010,558,18.5667,TGT_002,DECOY_TARGET,317,234,9,9,321.5,238.5,True,figure_8,38.0
SCN_010,558,18.5667,TGT_003,DECOY_TARGET,553,202,11,11,558.5,207.5,True,straight_line,24.0
SCN_010,559,18.6,TGT_001,COMMUNICATION_TARGET,260,95,10,10,265.0,100.0,True,circular,35.0
SCN_010,559,18.6,TGT_002,DECOY_TARGET,315,236,9,9,319.5,240.5,True,figure_8,38.0
SCN_010,559,18.6,TGT_003,DECOY_TARGET,554,202,11,11,559.5,207.5,True,straight_line,24.0
SCN_010,560,18.6333,TGT_001,COMMUNICATION_TARGET,262,95,10,10,267.0,100.0,True,circular,35.0
SCN_010,560,18.6333,TGT_002,DECOY_TARGET,313,238,9,9,317.5,242.5,True,figure_8,38.0
SCN_010,560,18.6333,TGT_003,DECOY_TARGET,555,202,11,11,560.5,207.5,True,straight_line,24.0
SCN_010,561,18.6667,TGT_001,COMMUNICATION_TARGET,263,94,10,10,268.0,99.0,True,circular,35.0
SCN_010,561,18.6667,TGT_002,DECOY_TARGET,311,240,9,9,315.5,244.5,True,figure_8,38.0
SCN_010,561,18.6667,TGT_003,DECOY_TARGET,555,201,11,11,560.5,206.5,True,straight_line,24.0
SCN_010,562,18.7,TGT_001,COMMUNICATION_TARGET,264,94,10,10,269.0,99.0,True,circular,35.0
SCN_010,562,18.7,TGT_002,DECOY_TARGET,309,242,9,9,313.5,246.5,True,figure_8,38.0
SCN_010,562,18.7,TGT_003,DECOY_TARGET,556,201,11,11,561.5,206.5,True,straight_line,24.0
SCN_010,563,18.7333,TGT_001,COMMUNICATION_TARGET,265,94,10,10,270.0,99.0,True,circular,35.0
SCN_010,563,18.7333,TGT_002,DECOY_TARGET,308,244,9,9,312.5,248.5,True,figure_8,38.0
SCN_010,563,18.7333,TGT_003,DECOY_TARGET,557,201,11,11,562.5,206.5,True,straight_line,24.0
SCN_010,564,18.7667,TGT_001,COMMUNICATION_TARGET,266,93,10,10,271.0,98.0,True,circular,35.0
SCN_010,564,18.7667,TGT_002,DECOY_TARGET,306,246,9,9,310.5,250.5,True,figure_8,38.0
SCN_010,564,18.7667,TGT_003,DECOY_TARGET,558,200,11,11,563.5,205.5,True,straight_line,24.0
SCN_010,565,18.8,TGT_001,COMMUNICATION_TARGET,267,93,10,10,272.0,98.0,True,circular,35.0
SCN_010,565,18.8,TGT_002,DECOY_TARGET,304,248,9,9,308.5,252.5,True,figure_8,38.0
SCN_010,565,18.8,TGT_003,DECOY_TARGET,558,200,11,11,563.5,205.5,True,straight_line,24.0
SCN_010,566,18.8333,TGT_001,COMMUNICATION_TARGET,268,93,10,10,273.0,98.0,True,circular,35.0
SCN_010,566,18.8333,TGT_002,DECOY_TARGET,302,250,9,9,306.5,254.5,True,figure_8,38.0
SCN_010,566,18.8333,TGT_003,DECOY_TARGET,559,200,11,11,564.5,205.5,True,straight_line,24.0
SCN_010,567,18.8667,TGT_001,COMMUNICATION_TARGET,269,92,10,10,274.0,97.0,True,circular,35.0
SCN_010,567,18.8667,TGT_002,DECOY_TARGET,300,252,9,9,304.5,256.5,True,figure_8,38.0
SCN_010,567,18.8667,TGT_003,DECOY_TARGET,560,200,11,11,565.5,205.5,True,straight_line,24.0
SCN_010,568,18.9,TGT_001,COMMUNICATION_TARGET,270,92,10,10,275.0,97.0,True,circular,35.0
SCN_010,568,18.9,TGT_002,DECOY_TARGET,298,254,9,9,302.5,258.5,True,figure_8,38.0
SCN_010,568,18.9,TGT_003,DECOY_TARGET,561,199,11,11,566.5,204.5,True,straight_line,24.0
SCN_010,569,18.9333,TGT_001,COMMUNICATION_TARGET,271,91,10,10,276.0,96.0,True,circular,35.0
SCN_010,569,18.9333,TGT_002,DECOY_TARGET,296,256,9,9,300.5,260.5,True,figure_8,38.0
SCN_010,569,18.9333,TGT_003,DECOY_TARGET,561,199,11,11,566.5,204.5,True,straight_line,24.0
SCN_010,570,18.9667,TGT_001,COMMUNICATION_TARGET,273,91,10,10,278.0,96.0,True,circular,35.0
SCN_010,570,18.9667,TGT_002,DECOY_TARGET,295,258,9,9,299.5,262.5,True,figure_8,38.0
SCN_010,570,18.9667,TGT_003,DECOY_TARGET,562,199,11,11,567.5,204.5,True,straight_line,24.0
SCN_010,571,19.0,TGT_001,COMMUNICATION_TARGET,274,91,10,10,279.0,96.0,True,circular,35.0
SCN_010,571,19.0,TGT_002,DECOY_TARGET,293,260,9,9,297.5,264.5,True,figure_8,38.0
SCN_010,571,19.0,TGT_003,DECOY_TARGET,563,199,11,11,568.5,204.5,True,straight_line,24.0
SCN_010,572,19.0333,TGT_001,COMMUNICATION_TARGET,275,90,10,10,280.0,95.0,True,circular,35.0
SCN_010,572,19.0333,TGT_002,DECOY_TARGET,291,262,9,9,295.5,266.5,True,figure_8,38.0
SCN_010,572,19.0333,TGT_003,DECOY_TARGET,564,198,11,11,569.5,203.5,True,straight_line,24.0
SCN_010,573,19.0667,TGT_001,COMMUNICATION_TARGET,276,90,10,10,281.0,95.0,True,circular,35.0
SCN_010,573,19.0667,TGT_002,DECOY_TARGET,289,264,9,9,293.5,268.5,True,figure_8,38.0
SCN_010,573,19.0667,TGT_003,DECOY_TARGET,565,198,11,11,570.5,203.5,True,straight_line,24.0
SCN_010,574,19.1,TGT_001,COMMUNICATION_TARGET,277,90,10,10,282.0,95.0,True,circular,35.0
SCN_010,574,19.1,TGT_002,DECOY_TARGET,287,265,9,9,291.5,269.5,True,figure_8,38.0
SCN_010,574,19.1,TGT_003,DECOY_TARGET,565,198,11,11,570.5,203.5,True,straight_line,24.0
SCN_010,575,19.1333,TGT_001,COMMUNICATION_TARGET,278,90,10,10,283.0,95.0,True,circular,35.0
SCN_010,575,19.1333,TGT_002,DECOY_TARGET,286,267,9,9,290.5,271.5,True,figure_8,38.0
SCN_010,575,19.1333,TGT_003,DECOY_TARGET,566,197,11,11,571.5,202.5,True,straight_line,24.0
SCN_010,576,19.1667,TGT_001,COMMUNICATION_TARGET,279,89,10,10,284.0,94.0,True,circular,35.0
SCN_010,576,19.1667,TGT_002,DECOY_TARGET,284,269,9,9,288.5,273.5,True,figure_8,38.0
SCN_010,576,19.1667,TGT_003,DECOY_TARGET,567,197,11,11,572.5,202.5,True,straight_line,24.0
SCN_010,577,19.2,TGT_001,COMMUNICATION_TARGET,280,89,10,10,285.0,94.0,True,circular,35.0
SCN_010,577,19.2,TGT_002,DECOY_TARGET,282,271,9,9,286.5,275.5,True,figure_8,38.0
SCN_010,577,19.2,TGT_003,DECOY_TARGET,568,197,11,11,573.5,202.5,True,straight_line,24.0
SCN_010,578,19.2333,TGT_001,COMMUNICATION_TARGET,282,89,10,10,287.0,94.0,True,circular,35.0
SCN_010,578,19.2333,TGT_002,DECOY_TARGET,280,272,9,9,284.5,276.5,True,figure_8,38.0
SCN_010,578,19.2333,TGT_003,DECOY_TARGET,568,197,11,11,573.5,202.5,True,straight_line,24.0
SCN_010,579,19.2667,TGT_001,COMMUNICATION_TARGET,283,89,10,10,288.0,94.0,True,circular,35.0
SCN_010,579,19.2667,TGT_002,DECOY_TARGET,279,274,9,9,283.5,278.5,True,figure_8,38.0
SCN_010,579,19.2667,TGT_003,DECOY_TARGET,569,196,11,11,574.5,201.5,True,straight_line,24.0
SCN_010,580,19.3,TGT_001,COMMUNICATION_TARGET,284,88,10,10,289.0,93.0,True,circular,35.0
SCN_010,580,19.3,TGT_002,DECOY_TARGET,277,275,9,9,281.5,279.5,True,figure_8,38.0
SCN_010,580,19.3,TGT_003,DECOY_TARGET,570,196,11,11,575.5,201.5,True,straight_line,24.0
SCN_010,581,19.3333,TGT_001,COMMUNICATION_TARGET,285,88,10,10,290.0,93.0,True,circular,35.0
SCN_010,581,19.3333,TGT_002,DECOY_TARGET,275,277,9,9,279.5,281.5,True,figure_8,38.0
SCN_010,581,19.3333,TGT_003,DECOY_TARGET,571,196,11,11,576.5,201.5,True,straight_line,24.0
SCN_010,582,19.3667,TGT_001,COMMUNICATION_TARGET,286,88,10,10,291.0,93.0,True,circular,35.0
SCN_010,582,19.3667,TGT_002,DECOY_TARGET,273,278,9,9,277.5,282.5,True,figure_8,38.0
SCN_010,582,19.3667,TGT_003,DECOY_TARGET,571,196,11,11,576.5,201.5,True,straight_line,24.0
SCN_010,583,19.4,TGT_001,COMMUNICATION_TARGET,287,88,10,10,292.0,93.0,True,circular,35.0
SCN_010,583,19.4,TGT_002,DECOY_TARGET,272,280,9,9,276.5,284.5,True,figure_8,38.0
SCN_010,583,19.4,TGT_003,DECOY_TARGET,572,195,11,11,577.5,200.5,True,straight_line,24.0
SCN_010,584,19.4333,TGT_001,COMMUNICATION_TARGET,288,87,10,10,293.0,92.0,True,circular,35.0
SCN_010,584,19.4333,TGT_002,DECOY_TARGET,270,281,9,9,274.5,285.5,True,figure_8,38.0
SCN_010,584,19.4333,TGT_003,DECOY_TARGET,573,195,11,11,578.5,200.5,True,straight_line,24.0
SCN_010,585,19.4667,TGT_001,COMMUNICATION_TARGET,290,87,10,10,295.0,92.0,True,circular,35.0
SCN_010,585,19.4667,TGT_002,DECOY_TARGET,268,282,9,9,272.5,286.5,True,figure_8,38.0
SCN_010,585,19.4667,TGT_003,DECOY_TARGET,574,195,11,11,579.5,200.5,True,straight_line,24.0
SCN_010,586,19.5,TGT_001,COMMUNICATION_TARGET,291,87,10,10,296.0,92.0,True,circular,35.0
SCN_010,586,19.5,TGT_002,DECOY_TARGET,267,284,9,9,271.5,288.5,True,figure_8,38.0
SCN_010,586,19.5,TGT_003,DECOY_TARGET,574,194,11,11,579.5,199.5,True,straight_line,24.0
SCN_010,587,19.5333,TGT_001,COMMUNICATION_TARGET,292,87,10,10,297.0,92.0,True,circular,35.0
SCN_010,587,19.5333,TGT_002,DECOY_TARGET,265,285,9,9,269.5,289.5,True,figure_8,38.0
SCN_010,587,19.5333,TGT_003,DECOY_TARGET,575,194,11,11,580.5,199.5,True,straight_line,24.0
SCN_010,588,19.5667,TGT_001,COMMUNICATION_TARGET,293,87,10,10,298.0,92.0,True,circular,35.0
SCN_010,588,19.5667,TGT_002,DECOY_TARGET,263,286,9,9,267.5,290.5,True,figure_8,38.0
SCN_010,588,19.5667,TGT_003,DECOY_TARGET,576,194,11,11,581.5,199.5,True,straight_line,24.0
SCN_010,589,19.6,TGT_001,COMMUNICATION_TARGET,294,86,10,10,299.0,91.0,True,circular,35.0
SCN_010,589,19.6,TGT_002,DECOY_TARGET,262,287,9,9,266.5,291.5,True,figure_8,38.0
SCN_010,589,19.6,TGT_003,DECOY_TARGET,577,194,11,11,582.5,199.5,True,straight_line,24.0
SCN_010,590,19.6333,TGT_001,COMMUNICATION_TARGET,295,86,10,10,300.0,91.0,True,circular,35.0
SCN_010,590,19.6333,TGT_002,DECOY_TARGET,260,288,9,9,264.5,292.5,True,figure_8,38.0
SCN_010,590,19.6333,TGT_003,DECOY_TARGET,577,193,11,11,582.5,198.5,True,straight_line,24.0
SCN_010,591,19.6667,TGT_001,COMMUNICATION_TARGET,297,86,10,10,302.0,91.0,True,circular,35.0
SCN_010,591,19.6667,TGT_002,DECOY_TARGET,258,289,9,9,262.5,293.5,True,figure_8,38.0
SCN_010,591,19.6667,TGT_003,DECOY_TARGET,578,193,11,11,583.5,198.5,True,straight_line,24.0
SCN_010,592,19.7,TGT_001,COMMUNICATION_TARGET,298,86,10,10,303.0,91.0,True,circular,35.0
SCN_010,592,19.7,TGT_002,DECOY_TARGET,257,290,9,9,261.5,294.5,True,figure_8,38.0
SCN_010,592,19.7,TGT_003,DECOY_TARGET,579,193,11,11,584.5,198.5,True,straight_line,24.0
SCN_010,593,19.7333,TGT_001,COMMUNICATION_TARGET,299,86,10,10,304.0,91.0,True,circular,35.0
SCN_010,593,19.7333,TGT_002,DECOY_TARGET,255,291,9,9,259.5,295.5,True,figure_8,38.0
SCN_010,593,19.7333,TGT_003,DECOY_TARGET,580,193,11,11,585.5,198.5,True,straight_line,24.0
SCN_010,594,19.7667,TGT_001,COMMUNICATION_TARGET,300,86,10,10,305.0,91.0,True,circular,35.0
SCN_010,594,19.7667,TGT_002,DECOY_TARGET,254,292,9,9,258.5,296.5,True,figure_8,38.0
SCN_010,594,19.7667,TGT_003,DECOY_TARGET,580,192,11,11,585.5,197.5,True,straight_line,24.0
SCN_010,595,19.8,TGT_001,COMMUNICATION_TARGET,301,86,10,10,306.0,91.0,True,circular,35.0
SCN_010,595,19.8,TGT_002,DECOY_TARGET,252,292,9,9,256.5,296.5,True,figure_8,38.0
SCN_010,595,19.8,TGT_003,DECOY_TARGET,581,192,11,11,586.5,197.5,True,straight_line,24.0
SCN_010,596,19.8333,TGT_001,COMMUNICATION_TARGET,302,86,10,10,307.0,91.0,True,circular,35.0
SCN_010,596,19.8333,TGT_002,DECOY_TARGET,251,293,9,9,255.5,297.5,True,figure_8,38.0
SCN_010,596,19.8333,TGT_003,DECOY_TARGET,582,192,11,11,587.5,197.5,True,straight_line,24.0
SCN_010,597,19.8667,TGT_001,COMMUNICATION_TARGET,303,85,10,10,308.0,90.0,True,circular,35.0
SCN_010,597,19.8667,TGT_002,DECOY_TARGET,249,294,9,9,253.5,298.5,True,figure_8,38.0
SCN_010,597,19.8667,TGT_003,DECOY_TARGET,583,191,11,11,588.5,196.5,True,straight_line,24.0
SCN_010,598,19.9,TGT_001,COMMUNICATION_TARGET,305,85,10,10,310.0,90.0,True,circular,35.0
SCN_010,598,19.9,TGT_002,DECOY_TARGET,248,294,9,9,252.5,298.5,True,figure_8,38.0
SCN_010,598,19.9,TGT_003,DECOY_TARGET,583,191,11,11,588.5,196.5,True,straight_line,24.0
SCN_010,599,19.9333,TGT_001,COMMUNICATION_TARGET,306,85,10,10,311.0,90.0,True,circular,35.0
SCN_010,599,19.9333,TGT_002,DECOY_TARGET,246,295,9,9,250.5,299.5,True,figure_8,38.0
SCN_010,599,19.9333,TGT_003,DECOY_TARGET,584,191,11,11,589.5,196.5,True,straight_line,24.0
SCN_010,600,19.9667,TGT_001,COMMUNICATION_TARGET,307,85,10,10,312.0,90.0,True,circular,35.0
SCN_010,600,19.9667,TGT_002,DECOY_TARGET,245,295,9,9,249.5,299.5,True,figure_8,38.0
SCN_010,600,19.9667,TGT_003,DECOY_TARGET,585,191,11,11,590.5,196.5,True,straight_line,24.0
SCN_010,601,20.0,TGT_001,COMMUNICATION_TARGET,308,85,10,10,313.0,90.0,True,circular,35.0
SCN_010,601,20.0,TGT_002,DECOY_TARGET,243,295,9,9,247.5,299.5,True,figure_8,38.0
SCN_010,601,20.0,TGT_003,DECOY_TARGET,586,190,11,11,591.5,195.5,True,straight_line,24.0
SCN_010,602,20.0333,TGT_001,COMMUNICATION_TARGET,309,85,10,10,314.0,90.0,True,circular,35.0
SCN_010,602,20.0333,TGT_002,DECOY_TARGET,242,296,9,9,246.5,300.5,True,figure_8,38.0
SCN_010,602,20.0333,TGT_003,DECOY_TARGET,586,190,11,11,591.5,195.5,True,straight_line,24.0
SCN_010,603,20.0667,TGT_001,COMMUNICATION_TARGET,310,85,10,10,315.0,90.0,True,circular,35.0
SCN_010,603,20.0667,TGT_002,DECOY_TARGET,241,296,9,9,245.5,300.5,True,figure_8,38.0
SCN_010,603,20.0667,TGT_003,DECOY_TARGET,587,190,11,11,592.5,195.5,True,straight_line,24.0
SCN_010,604,20.1,TGT_001,COMMUNICATION_TARGET,312,85,10,10,317.0,90.0,True,circular,35.0
SCN_010,604,20.1,TGT_002,DECOY_TARGET,239,296,9,9,243.5,300.5,True,figure_8,38.0
SCN_010,604,20.1,TGT_003,DECOY_TARGET,588,190,11,11,593.5,195.5,True,straight_line,24.0
SCN_010,605,20.1333,TGT_001,COMMUNICATION_TARGET,313,85,10,10,318.0,90.0,True,circular,35.0
SCN_010,605,20.1333,TGT_002,DECOY_TARGET,238,296,9,9,242.5,300.5,True,figure_8,38.0
SCN_010,605,20.1333,TGT_003,DECOY_TARGET,589,189,11,11,594.5,194.5,True,straight_line,24.0
SCN_010,606,20.1667,TGT_001,COMMUNICATION_TARGET,314,85,10,10,319.0,90.0,True,circular,35.0
SCN_010,606,20.1667,TGT_002,DECOY_TARGET,237,296,9,9,241.5,300.5,True,figure_8,38.0
SCN_010,606,20.1667,TGT_003,DECOY_TARGET,589,189,11,11,594.5,194.5,True,straight_line,24.0
SCN_010,607,20.2,TGT_001,COMMUNICATION_TARGET,315,85,10,10,320.0,90.0,True,circular,35.0
SCN_010,607,20.2,TGT_002,DECOY_TARGET,235,296,9,9,239.5,300.5,True,figure_8,38.0
SCN_010,607,20.2,TGT_003,DECOY_TARGET,590,189,11,11,595.5,194.5,True,straight_line,24.0
SCN_010,608,20.2333,TGT_001,COMMUNICATION_TARGET,316,85,10,10,321.0,90.0,True,circular,35.0
SCN_010,608,20.2333,TGT_002,DECOY_TARGET,234,296,9,9,238.5,300.5,True,figure_8,38.0
SCN_010,608,20.2333,TGT_003,DECOY_TARGET,591,188,11,11,596.5,193.5,True,straight_line,24.0
SCN_010,609,20.2667,TGT_001,COMMUNICATION_TARGET,317,85,10,10,322.0,90.0,True,circular,35.0
SCN_010,609,20.2667,TGT_002,DECOY_TARGET,233,295,9,9,237.5,299.5,True,figure_8,38.0
SCN_010,609,20.2667,TGT_003,DECOY_TARGET,592,188,11,11,597.5,193.5,True,straight_line,24.0
SCN_010,610,20.3,TGT_001,COMMUNICATION_TARGET,319,85,10,10,324.0,90.0,True,circular,35.0
SCN_010,610,20.3,TGT_002,DECOY_TARGET,232,295,9,9,236.5,299.5,True,figure_8,38.0
SCN_010,610,20.3,TGT_003,DECOY_TARGET,592,188,11,11,597.5,193.5,True,straight_line,24.0
SCN_010,611,20.3333,TGT_001,COMMUNICATION_TARGET,320,85,10,10,325.0,90.0,True,circular,35.0
SCN_010,611,20.3333,TGT_002,DECOY_TARGET,230,295,9,9,234.5,299.5,True,figure_8,38.0
SCN_010,611,20.3333,TGT_003,DECOY_TARGET,593,188,11,11,598.5,193.5,True,straight_line,24.0
SCN_010,612,20.3667,TGT_001,COMMUNICATION_TARGET,321,85,10,10,326.0,90.0,True,circular,35.0
SCN_010,612,20.3667,TGT_002,DECOY_TARGET,229,294,9,9,233.5,298.5,True,figure_8,38.0
SCN_010,612,20.3667,TGT_003,DECOY_TARGET,594,187,11,11,599.5,192.5,True,straight_line,24.0
SCN_010,613,20.4,TGT_001,COMMUNICATION_TARGET,322,85,10,10,327.0,90.0,True,circular,35.0
SCN_010,613,20.4,TGT_002,DECOY_TARGET,228,294,9,9,232.5,298.5,True,figure_8,38.0
SCN_010,613,20.4,TGT_003,DECOY_TARGET,595,187,11,11,600.5,192.5,True,straight_line,24.0
SCN_010,614,20.4333,TGT_001,COMMUNICATION_TARGET,323,85,10,10,328.0,90.0,True,circular,35.0
SCN_010,614,20.4333,TGT_002,DECOY_TARGET,227,293,9,9,231.5,297.5,True,figure_8,38.0
SCN_010,614,20.4333,TGT_003,DECOY_TARGET,595,187,11,11,600.5,192.5,True,straight_line,24.0
SCN_010,615,20.4667,TGT_001,COMMUNICATION_TARGET,324,85,10,10,329.0,90.0,True,circular,35.0
SCN_010,615,20.4667,TGT_002,DECOY_TARGET,226,293,9,9,230.5,297.5,True,figure_8,38.0
SCN_010,615,20.4667,TGT_003,DECOY_TARGET,596,186,11,11,601.5,191.5,True,straight_line,24.0
SCN_010,616,20.5,TGT_001,COMMUNICATION_TARGET,326,85,10,10,331.0,90.0,True,circular,35.0
SCN_010,616,20.5,TGT_002,DECOY_TARGET,225,292,9,9,229.5,296.5,True,figure_8,38.0
SCN_010,616,20.5,TGT_003,DECOY_TARGET,597,186,11,11,602.5,191.5,True,straight_line,24.0
SCN_010,617,20.5333,TGT_001,COMMUNICATION_TARGET,327,85,10,10,332.0,90.0,True,circular,35.0
SCN_010,617,20.5333,TGT_002,DECOY_TARGET,224,291,9,9,228.5,295.5,True,figure_8,38.0
SCN_010,617,20.5333,TGT_003,DECOY_TARGET,598,186,11,11,603.5,191.5,True,straight_line,24.0
SCN_010,618,20.5667,TGT_001,COMMUNICATION_TARGET,328,86,10,10,333.0,91.0,True,circular,35.0
SCN_010,618,20.5667,TGT_002,DECOY_TARGET,223,290,9,9,227.5,294.5,True,figure_8,38.0
SCN_010,618,20.5667,TGT_003,DECOY_TARGET,598,186,11,11,603.5,191.5,True,straight_line,24.0
SCN_010,619,20.6,TGT_001,COMMUNICATION_TARGET,329,86,10,10,334.0,91.0,True,circular,35.0
SCN_010,619,20.6,TGT_002,DECOY_TARGET,222,290,9,9,226.5,294.5,True,figure_8,38.0
SCN_010,619,20.6,TGT_003,DECOY_TARGET,599,185,11,11,604.5,190.5,True,straight_line,24.0
SCN_010,620,20.6333,TGT_001,COMMUNICATION_TARGET,330,86,10,10,335.0,91.0,True,circular,35.0
SCN_010,620,20.6333,TGT_002,DECOY_TARGET,221,289,9,9,225.5,293.5,True,figure_8,38.0
SCN_010,620,20.6333,TGT_003,DECOY_TARGET,600,185,11,11,605.5,190.5,True,straight_line,24.0
SCN_010,621,20.6667,TGT_001,COMMUNICATION_TARGET,331,86,10,10,336.0,91.0,True,circular,35.0
SCN_010,621,20.6667,TGT_002,DECOY_TARGET,220,288,9,9,224.5,292.5,True,figure_8,38.0
SCN_010,621,20.6667,TGT_003,DECOY_TARGET,601,185,11,11,606.5,190.5,True,straight_line,24.0
SCN_010,622,20.7,TGT_001,COMMUNICATION_TARGET,333,86,10,10,338.0,91.0,True,circular,35.0
SCN_010,622,20.7,TGT_002,DECOY_TARGET,219,286,9,9,223.5,290.5,True,figure_8,38.0
SCN_010,622,20.7,TGT_003,DECOY_TARGET,601,185,11,11,606.5,190.5,True,straight_line,24.0
SCN_010,623,20.7333,TGT_001,COMMUNICATION_TARGET,334,86,10,10,339.0,91.0,True,circular,35.0
SCN_010,623,20.7333,TGT_002,DECOY_TARGET,218,285,9,9,222.5,289.5,True,figure_8,38.0
SCN_010,623,20.7333,TGT_003,DECOY_TARGET,602,184,11,11,607.5,189.5,True,straight_line,24.0
SCN_010,624,20.7667,TGT_001,COMMUNICATION_TARGET,335,86,10,10,340.0,91.0,True,circular,35.0
SCN_010,624,20.7667,TGT_002,DECOY_TARGET,217,284,9,9,221.5,288.5,True,figure_8,38.0
SCN_010,624,20.7667,TGT_003,DECOY_TARGET,603,184,11,11,608.5,189.5,True,straight_line,24.0
SCN_010,625,20.8,TGT_001,COMMUNICATION_TARGET,336,86,10,10,341.0,91.0,True,circular,35.0
SCN_010,625,20.8,TGT_002,DECOY_TARGET,216,283,9,9,220.5,287.5,True,figure_8,38.0
SCN_010,625,20.8,TGT_003,DECOY_TARGET,604,184,11,11,609.5,189.5,True,straight_line,24.0
SCN_010,626,20.8333,TGT_001,COMMUNICATION_TARGET,337,87,10,10,342.0,92.0,True,circular,35.0
SCN_010,626,20.8333,TGT_002,DECOY_TARGET,216,282,9,9,220.5,286.5,True,figure_8,38.0
SCN_010,626,20.8333,TGT_003,DECOY_TARGET,604,183,11,11,609.5,188.5,True,straight_line,24.0
SCN_010,627,20.8667,TGT_001,COMMUNICATION_TARGET,338,87,10,10,343.0,92.0,True,circular,35.0
SCN_010,627,20.8667,TGT_002,DECOY_TARGET,215,280,9,9,219.5,284.5,True,figure_8,38.0
SCN_010,627,20.8667,TGT_003,DECOY_TARGET,605,183,11,11,610.5,188.5,True,straight_line,24.0
SCN_010,628,20.9,TGT_001,COMMUNICATION_TARGET,340,87,10,10,345.0,92.0,True,circular,35.0
SCN_010,628,20.9,TGT_002,DECOY_TARGET,214,279,9,9,218.5,283.5,True,figure_8,38.0
SCN_010,628,20.9,TGT_003,DECOY_TARGET,606,183,11,11,611.5,188.5,True,straight_line,24.0
SCN_010,629,20.9333,TGT_001,COMMUNICATION_TARGET,341,87,10,10,346.0,92.0,True,circular,35.0
SCN_010,629,20.9333,TGT_002,DECOY_TARGET,213,277,9,9,217.5,281.5,True,figure_8,38.0
SCN_010,629,20.9333,TGT_003,DECOY_TARGET,607,183,11,11,612.5,188.5,True,straight_line,24.0
SCN_010,630,20.9667,TGT_001,COMMUNICATION_TARGET,342,87,10,10,347.0,92.0,True,circular,35.0
SCN_010,630,20.9667,TGT_002,DECOY_TARGET,213,276,9,9,217.5,280.5,True,figure_8,38.0
SCN_010,630,20.9667,TGT_003,DECOY_TARGET,607,182,11,11,612.5,187.5,True,straight_line,24.0
SCN_010,631,21.0,TGT_001,COMMUNICATION_TARGET,343,88,10,10,348.0,93.0,True,circular,35.0
SCN_010,631,21.0,TGT_002,DECOY_TARGET,212,274,9,9,216.5,278.5,True,figure_8,38.0
SCN_010,631,21.0,TGT_003,DECOY_TARGET,608,182,11,11,613.5,187.5,True,straight_line,24.0
SCN_010,632,21.0333,TGT_001,COMMUNICATION_TARGET,344,88,10,10,349.0,93.0,True,circular,35.0
SCN_010,632,21.0333,TGT_002,DECOY_TARGET,212,273,9,9,216.5,277.5,True,figure_8,38.0
SCN_010,632,21.0333,TGT_003,DECOY_TARGET,609,182,11,11,614.5,187.5,True,straight_line,24.0
SCN_010,633,21.0667,TGT_001,COMMUNICATION_TARGET,345,88,10,10,350.0,93.0,True,circular,35.0
SCN_010,633,21.0667,TGT_002,DECOY_TARGET,211,271,9,9,215.5,275.5,True,figure_8,38.0
SCN_010,633,21.0667,TGT_003,DECOY_TARGET,610,182,11,11,615.5,187.5,True,straight_line,24.0
SCN_010,634,21.1,TGT_001,COMMUNICATION_TARGET,346,88,10,10,351.0,93.0,True,circular,35.0
SCN_010,634,21.1,TGT_002,DECOY_TARGET,210,270,9,9,214.5,274.5,True,figure_8,38.0
SCN_010,634,21.1,TGT_003,DECOY_TARGET,610,181,11,11,615.5,186.5,True,straight_line,24.0
SCN_010,635,21.1333,TGT_001,COMMUNICATION_TARGET,348,89,10,10,353.0,94.0,True,circular,35.0
SCN_010,635,21.1333,TGT_002,DECOY_TARGET,210,268,9,9,214.5,272.5,True,figure_8,38.0
SCN_010,635,21.1333,TGT_003,DECOY_TARGET,611,181,11,11,616.5,186.5,True,straight_line,24.0
SCN_010,636,21.1667,TGT_001,COMMUNICATION_TARGET,349,89,10,10,354.0,94.0,True,circular,35.0
SCN_010,636,21.1667,TGT_002,DECOY_TARGET,209,266,9,9,213.5,270.5,True,figure_8,38.0
SCN_010,636,21.1667,TGT_003,DECOY_TARGET,612,181,11,11,617.5,186.5,True,straight_line,24.0
SCN_010,637,21.2,TGT_001,COMMUNICATION_TARGET,350,89,10,10,355.0,94.0,True,circular,35.0
SCN_010,637,21.2,TGT_002,DECOY_TARGET,209,264,9,9,213.5,268.5,True,figure_8,38.0
SCN_010,637,21.2,TGT_003,DECOY_TARGET,613,180,11,11,618.5,185.5,True,straight_line,24.0
SCN_010,638,21.2333,TGT_001,COMMUNICATION_TARGET,351,89,10,10,356.0,94.0,True,circular,35.0
SCN_010,638,21.2333,TGT_002,DECOY_TARGET,208,262,9,9,212.5,266.5,True,figure_8,38.0
SCN_010,638,21.2333,TGT_003,DECOY_TARGET,613,180,11,11,618.5,185.5,True,straight_line,24.0
SCN_010,639,21.2667,TGT_001,COMMUNICATION_TARGET,352,90,10,10,357.0,95.0,True,circular,35.0
SCN_010,639,21.2667,TGT_002,DECOY_TARGET,208,261,9,9,212.5,265.5,True,figure_8,38.0
SCN_010,639,21.2667,TGT_003,DECOY_TARGET,614,180,11,11,619.5,185.5,True,straight_line,24.0
SCN_010,640,21.3,TGT_001,COMMUNICATION_TARGET,353,90,10,10,358.0,95.0,True,circular,35.0
SCN_010,640,21.3,TGT_002,DECOY_TARGET,208,259,9,9,212.5,263.5,True,figure_8,38.0
SCN_010,640,21.3,TGT_003,DECOY_TARGET,615,180,11,11,620.5,185.5,True,straight_line,24.0
SCN_010,641,21.3333,TGT_001,COMMUNICATION_TARGET,354,90,10,10,359.0,95.0,True,circular,35.0
SCN_010,641,21.3333,TGT_002,DECOY_TARGET,207,257,9,9,211.5,261.5,True,figure_8,38.0
SCN_010,641,21.3333,TGT_003,DECOY_TARGET,616,179,11,11,621.5,184.5,True,straight_line,24.0
SCN_010,642,21.3667,TGT_001,COMMUNICATION_TARGET,355,91,10,10,360.0,96.0,True,circular,35.0
SCN_010,642,21.3667,TGT_002,DECOY_TARGET,207,255,9,9,211.5,259.5,True,figure_8,38.0
SCN_010,642,21.3667,TGT_003,DECOY_TARGET,616,179,11,11,621.5,184.5,True,straight_line,24.0
SCN_010,643,21.4,TGT_001,COMMUNICATION_TARGET,357,91,10,10,362.0,96.0,True,circular,35.0
SCN_010,643,21.4,TGT_002,DECOY_TARGET,207,253,9,9,211.5,257.5,True,figure_8,38.0
SCN_010,643,21.4,TGT_003,DECOY_TARGET,617,179,11,11,622.5,184.5,True,straight_line,24.0
SCN_010,644,21.4333,TGT_001,COMMUNICATION_TARGET,358,91,10,10,363.0,96.0,True,circular,35.0
SCN_010,644,21.4333,TGT_002,DECOY_TARGET,206,251,9,9,210.5,255.5,True,figure_8,38.0
SCN_010,644,21.4333,TGT_003,DECOY_TARGET,618,179,11,11,623.5,184.5,True,straight_line,24.0
SCN_010,645,21.4667,TGT_001,COMMUNICATION_TARGET,359,92,10,10,364.0,97.0,True,circular,35.0
SCN_010,645,21.4667,TGT_002,DECOY_TARGET,206,249,9,9,210.5,253.5,True,figure_8,38.0
SCN_010,645,21.4667,TGT_003,DECOY_TARGET,619,178,11,11,624.5,183.5,True,straight_line,24.0
SCN_010,646,21.5,TGT_001,COMMUNICATION_TARGET,360,92,10,10,365.0,97.0,True,circular,35.0
SCN_010,646,21.5,TGT_002,DECOY_TARGET,206,247,9,9,210.5,251.5,True,figure_8,38.0
SCN_010,646,21.5,TGT_003,DECOY_TARGET,619,178,11,11,624.5,183.5,True,straight_line,24.0
SCN_010,647,21.5333,TGT_001,COMMUNICATION_TARGET,361,92,10,10,366.0,97.0,True,circular,35.0
SCN_010,647,21.5333,TGT_002,DECOY_TARGET,206,245,9,9,210.5,249.5,True,figure_8,38.0
SCN_010,647,21.5333,TGT_003,DECOY_TARGET,620,178,11,11,625.5,183.5,True,straight_line,24.0
SCN_010,648,21.5667,TGT_001,COMMUNICATION_TARGET,362,93,10,10,367.0,98.0,True,circular,35.0
SCN_010,648,21.5667,TGT_002,DECOY_TARGET,206,243,9,9,210.5,247.5,True,figure_8,38.0
SCN_010,648,21.5667,TGT_003,DECOY_TARGET,621,177,11,11,626.5,182.5,True,straight_line,24.0
SCN_010,649,21.6,TGT_001,COMMUNICATION_TARGET,363,93,10,10,368.0,98.0,True,circular,35.0
SCN_010,649,21.6,TGT_002,DECOY_TARGET,206,241,9,9,210.5,245.5,True,figure_8,38.0
SCN_010,649,21.6,TGT_003,DECOY_TARGET,622,177,11,11,627.5,182.5,True,straight_line,24.0
SCN_010,650,21.6333,TGT_001,COMMUNICATION_TARGET,364,93,10,10,369.0,98.0,True,circular,35.0
SCN_010,650,21.6333,TGT_002,DECOY_TARGET,206,239,9,9,210.5,243.5,True,figure_8,38.0
SCN_010,650,21.6333,TGT_003,DECOY_TARGET,622,177,11,11,627.5,182.5,True,straight_line,24.0
SCN_010,651,21.6667,TGT_001,COMMUNICATION_TARGET,365,94,10,10,370.0,99.0,True,circular,35.0
SCN_010,651,21.6667,TGT_002,DECOY_TARGET,206,237,9,9,210.5,241.5,True,figure_8,38.0
SCN_010,651,21.6667,TGT_003,DECOY_TARGET,623,177,11,11,628.5,182.5,True,straight_line,24.0
SCN_010,652,21.7,TGT_001,COMMUNICATION_TARGET,367,94,10,10,372.0,99.0,True,circular,35.0
SCN_010,652,21.7,TGT_002,DECOY_TARGET,206,235,9,9,210.5,239.5,True,figure_8,38.0
SCN_010,652,21.7,TGT_003,DECOY_TARGET,624,176,11,11,629.5,181.5,True,straight_line,24.0
SCN_010,653,21.7333,TGT_001,COMMUNICATION_TARGET,368,95,10,10,373.0,100.0,True,circular,35.0
SCN_010,653,21.7333,TGT_002,DECOY_TARGET,206,233,9,9,210.5,237.5,True,figure_8,38.0
SCN_010,653,21.7333,TGT_003,DECOY_TARGET,625,176,11,11,630.5,181.5,True,straight_line,24.0
SCN_010,654,21.7667,TGT_001,COMMUNICATION_TARGET,369,95,10,10,374.0,100.0,True,circular,35.0
SCN_010,654,21.7667,TGT_002,DECOY_TARGET,206,231,9,9,210.5,235.5,True,figure_8,38.0
SCN_010,654,21.7667,TGT_003,DECOY_TARGET,625,176,11,11,630.5,181.5,True,straight_line,24.0
SCN_010,655,21.8,TGT_001,COMMUNICATION_TARGET,370,95,10,10,375.0,100.0,True,circular,35.0
SCN_010,655,21.8,TGT_002,DECOY_TARGET,206,229,9,9,210.5,233.5,True,figure_8,38.0
SCN_010,655,21.8,TGT_003,DECOY_TARGET,626,176,11,11,631.5,181.5,True,straight_line,24.0
SCN_010,656,21.8333,TGT_001,COMMUNICATION_TARGET,371,96,10,10,376.0,101.0,True,circular,35.0
SCN_010,656,21.8333,TGT_002,DECOY_TARGET,206,227,9,9,210.5,231.5,True,figure_8,38.0
SCN_010,656,21.8333,TGT_003,DECOY_TARGET,627,175,11,11,632.5,180.5,True,straight_line,24.0
SCN_010,657,21.8667,TGT_001,COMMUNICATION_TARGET,372,96,10,10,377.0,101.0,True,circular,35.0
SCN_010,657,21.8667,TGT_002,DECOY_TARGET,206,225,9,9,210.5,229.5,True,figure_8,38.0
SCN_010,657,21.8667,TGT_003,DECOY_TARGET,628,175,11,11,633.5,180.5,True,straight_line,24.0
SCN_010,658,21.9,TGT_001,COMMUNICATION_TARGET,373,97,10,10,378.0,102.0,True,circular,35.0
SCN_010,658,21.9,TGT_002,DECOY_TARGET,206,223,9,9,210.5,227.5,True,figure_8,38.0
SCN_010,658,21.9,TGT_003,DECOY_TARGET,628,175,11,11,633.5,180.5,True,straight_line,24.0
SCN_010,659,21.9333,TGT_001,COMMUNICATION_TARGET,374,97,10,10,379.0,102.0,True,circular,35.0
SCN_010,659,21.9333,TGT_002,DECOY_TARGET,206,221,9,9,210.5,225.5,True,figure_8,38.0
SCN_010,659,21.9333,TGT_003,DECOY_TARGET,629,174,11,11,634.5,179.5,True,straight_line,24.0
SCN_010,660,21.9667,TGT_001,COMMUNICATION_TARGET,375,98,10,10,380.0,103.0,True,circular,35.0
SCN_010,660,21.9667,TGT_002,DECOY_TARGET,207,219,9,9,211.5,223.5,True,figure_8,38.0
SCN_010,660,21.9667,TGT_003,DECOY_TARGET,629,174,11,11,634.5,179.5,True,straight_line,24.0
SCN_010,661,22.0,TGT_001,COMMUNICATION_TARGET,376,98,10,10,381.0,103.0,True,circular,35.0
SCN_010,661,22.0,TGT_002,DECOY_TARGET,207,217,9,9,211.5,221.5,True,figure_8,38.0
SCN_010,661,22.0,TGT_003,DECOY_TARGET,629,174,11,11,634.5,179.5,True,straight_line,24.0
SCN_010,662,22.0333,TGT_001,COMMUNICATION_TARGET,377,99,10,10,382.0,104.0,True,circular,35.0
SCN_010,662,22.0333,TGT_002,DECOY_TARGET,207,215,9,9,211.5,219.5,True,figure_8,38.0
SCN_010,662,22.0333,TGT_003,DECOY_TARGET,629,174,11,11,634.5,179.5,True,straight_line,24.0
SCN_010,663,22.0667,TGT_001,COMMUNICATION_TARGET,378,99,10,10,383.0,104.0,True,circular,35.0
SCN_010,663,22.0667,TGT_002,DECOY_TARGET,208,213,9,9,212.5,217.5,True,figure_8,38.0
SCN_010,663,22.0667,TGT_003,DECOY_TARGET,629,173,11,11,634.5,178.5,True,straight_line,24.0
SCN_010,664,22.1,TGT_001,COMMUNICATION_TARGET,379,100,10,10,384.0,105.0,True,circular,35.0
SCN_010,664,22.1,TGT_002,DECOY_TARGET,208,211,9,9,212.5,215.5,True,figure_8,38.0
SCN_010,664,22.1,TGT_003,DECOY_TARGET,629,173,11,11,634.5,178.5,True,straight_line,24.0
SCN_010,665,22.1333,TGT_001,COMMUNICATION_TARGET,381,100,10,10,386.0,105.0,True,circular,35.0
SCN_010,665,22.1333,TGT_002,DECOY_TARGET,208,209,9,9,212.5,213.5,True,figure_8,38.0
SCN_010,665,22.1333,TGT_003,DECOY_TARGET,629,173,11,11,634.5,178.5,True,straight_line,24.0
SCN_010,666,22.1667,TGT_001,COMMUNICATION_TARGET,382,101,10,10,387.0,106.0,True,circular,35.0
SCN_010,666,22.1667,TGT_002,DECOY_TARGET,209,207,9,9,213.5,211.5,True,figure_8,38.0
SCN_010,666,22.1667,TGT_003,DECOY_TARGET,629,173,11,11,634.5,178.5,True,straight_line,24.0
SCN_010,667,22.2,TGT_001,COMMUNICATION_TARGET,383,101,10,10,388.0,106.0,True,circular,35.0
SCN_010,667,22.2,TGT_002,DECOY_TARGET,209,206,9,9,213.5,210.5,True,figure_8,38.0
SCN_010,667,22.2,TGT_003,DECOY_TARGET,629,172,11,11,634.5,177.5,False,straight_line,24.0
SCN_010,668,22.2333,TGT_001,COMMUNICATION_TARGET,384,102,10,10,389.0,107.0,True,circular,35.0
SCN_010,668,22.2333,TGT_002,DECOY_TARGET,210,204,9,9,214.5,208.5,True,figure_8,38.0
SCN_010,668,22.2333,TGT_003,DECOY_TARGET,629,172,11,11,634.5,177.5,False,straight_line,24.0
SCN_010,669,22.2667,TGT_001,COMMUNICATION_TARGET,385,102,10,10,390.0,107.0,True,circular,35.0
SCN_010,669,22.2667,TGT_002,DECOY_TARGET,210,202,9,9,214.5,206.5,True,figure_8,38.0
SCN_010,669,22.2667,TGT_003,DECOY_TARGET,629,172,11,11,634.5,177.5,False,straight_line,24.0
SCN_010,670,22.3,TGT_001,COMMUNICATION_TARGET,386,103,10,10,391.0,108.0,True,circular,35.0
SCN_010,670,22.3,TGT_002,DECOY_TARGET,211,200,9,9,215.5,204.5,True,figure_8,38.0
SCN_010,670,22.3,TGT_003,DECOY_TARGET,629,171,11,11,634.5,176.5,False,straight_line,24.0
SCN_010,671,22.3333,TGT_001,COMMUNICATION_TARGET,387,103,10,10,392.0,108.0,True,circular,35.0
SCN_010,671,22.3333,TGT_002,DECOY_TARGET,211,199,9,9,215.5,203.5,True,figure_8,38.0
SCN_010,671,22.3333,TGT_003,DECOY_TARGET,629,171,11,11,634.5,176.5,False,straight_line,24.0
SCN_010,672,22.3667,TGT_001,COMMUNICATION_TARGET,388,104,10,10,393.0,109.0,True,circular,35.0
SCN_010,672,22.3667,TGT_002,DECOY_TARGET,212,197,9,9,216.5,201.5,True,figure_8,38.0
SCN_010,672,22.3667,TGT_003,DECOY_TARGET,629,171,11,11,634.5,176.5,False,straight_line,24.0
SCN_010,673,22.4,TGT_001,COMMUNICATION_TARGET,389,104,10,10,394.0,109.0,True,circular,35.0
SCN_010,673,22.4,TGT_002,DECOY_TARGET,213,196,9,9,217.5,200.5,True,figure_8,38.0
SCN_010,673,22.4,TGT_003,DECOY_TARGET,629,171,11,11,634.5,176.5,False,straight_line,24.0
SCN_010,674,22.4333,TGT_001,COMMUNICATION_TARGET,390,105,10,10,395.0,110.0,True,circular,35.0
SCN_010,674,22.4333,TGT_002,DECOY_TARGET,213,194,9,9,217.5,198.5,True,figure_8,38.0
SCN_010,674,22.4333,TGT_003,DECOY_TARGET,629,170,11,11,634.5,175.5,False,straight_line,24.0
SCN_010,675,22.4667,TGT_001,COMMUNICATION_TARGET,391,106,10,10,396.0,111.0,True,circular,35.0
SCN_010,675,22.4667,TGT_002,DECOY_TARGET,214,193,9,9,218.5,197.5,True,figure_8,38.0
SCN_010,675,22.4667,TGT_003,DECOY_TARGET,629,170,11,11,634.5,175.5,False,straight_line,24.0
SCN_010,676,22.5,TGT_001,COMMUNICATION_TARGET,392,106,10,10,397.0,111.0,True,circular,35.0
SCN_010,676,22.5,TGT_002,DECOY_TARGET,215,191,9,9,219.5,195.5,True,figure_8,38.0
SCN_010,676,22.5,TGT_003,DECOY_TARGET,629,170,11,11,634.5,175.5,False,straight_line,24.0
SCN_010,677,22.5333,TGT_001,COMMUNICATION_TARGET,393,107,10,10,398.0,112.0,True,circular,35.0
SCN_010,677,22.5333,TGT_002,DECOY_TARGET,215,190,9,9,219.5,194.5,True,figure_8,38.0
SCN_010,677,22.5333,TGT_003,DECOY_TARGET,629,170,11,11,634.5,175.5,False,straight_line,24.0
SCN_010,678,22.5667,TGT_001,COMMUNICATION_TARGET,394,107,10,10,399.0,112.0,True,circular,35.0
SCN_010,678,22.5667,TGT_002,DECOY_TARGET,216,188,9,9,220.5,192.5,True,figure_8,38.0
SCN_010,678,22.5667,TGT_003,DECOY_TARGET,629,169,11,11,634.5,174.5,False,straight_line,24.0
SCN_010,679,22.6,TGT_001,COMMUNICATION_TARGET,395,108,10,10,400.0,113.0,True,circular,35.0
SCN_010,679,22.6,TGT_002,DECOY_TARGET,217,187,9,9,221.5,191.5,True,figure_8,38.0
SCN_010,679,22.6,TGT_003,DECOY_TARGET,629,169,11,11,634.5,174.5,False,straight_line,24.0
SCN_010,680,22.6333,TGT_001,COMMUNICATION_TARGET,396,109,10,10,401.0,114.0,True,circular,35.0
SCN_010,680,22.6333,TGT_002,DECOY_TARGET,218,186,9,9,222.5,190.5,True,figure_8,38.0
SCN_010,680,22.6333,TGT_003,DECOY_TARGET,629,169,11,11,634.5,174.5,False,straight_line,24.0
SCN_010,681,22.6667,TGT_001,COMMUNICATION_TARGET,397,109,10,10,402.0,114.0,True,circular,35.0
SCN_010,681,22.6667,TGT_002,DECOY_TARGET,219,185,9,9,223.5,189.5,True,figure_8,38.0
SCN_010,681,22.6667,TGT_003,DECOY_TARGET,629,168,11,11,634.5,173.5,False,straight_line,24.0
SCN_010,682,22.7,TGT_001,COMMUNICATION_TARGET,398,110,10,10,403.0,115.0,True,circular,35.0
SCN_010,682,22.7,TGT_002,DECOY_TARGET,220,184,9,9,224.5,188.5,True,figure_8,38.0
SCN_010,682,22.7,TGT_003,DECOY_TARGET,629,168,11,11,634.5,173.5,False,straight_line,24.0
SCN_010,683,22.7333,TGT_001,COMMUNICATION_TARGET,399,111,10,10,404.0,116.0,True,circular,35.0
SCN_010,683,22.7333,TGT_002,DECOY_TARGET,221,183,9,9,225.5,187.5,True,figure_8,38.0
SCN_010,683,22.7333,TGT_003,DECOY_TARGET,629,168,11,11,634.5,173.5,False,straight_line,24.0
SCN_010,684,22.7667,TGT_001,COMMUNICATION_TARGET,400,111,10,10,405.0,116.0,True,circular,35.0
SCN_010,684,22.7667,TGT_002,DECOY_TARGET,222,182,9,9,226.5,186.5,True,figure_8,38.0
SCN_010,684,22.7667,TGT_003,DECOY_TARGET,629,168,11,11,634.5,173.5,False,straight_line,24.0
SCN_010,685,22.8,TGT_001,COMMUNICATION_TARGET,401,112,10,10,406.0,117.0,True,circular,35.0
SCN_010,685,22.8,TGT_002,DECOY_TARGET,222,181,9,9,226.5,185.5,True,figure_8,38.0
SCN_010,685,22.8,TGT_003,DECOY_TARGET,629,167,11,11,634.5,172.5,False,straight_line,24.0
SCN_010,686,22.8333,TGT_001,COMMUNICATION_TARGET,402,113,10,10,407.0,118.0,True,circular,35.0
SCN_010,686,22.8333,TGT_002,DECOY_TARGET,224,180,9,9,228.5,184.5,True,figure_8,38.0
SCN_010,686,22.8333,TGT_003,DECOY_TARGET,629,167,11,11,634.5,172.5,False,straight_line,24.0
SCN_010,687,22.8667,TGT_001,COMMUNICATION_TARGET,403,113,10,10,408.0,118.0,True,circular,35.0
SCN_010,687,22.8667,TGT_002,DECOY_TARGET,225,179,9,9,229.5,183.5,True,figure_8,38.0
SCN_010,687,22.8667,TGT_003,DECOY_TARGET,629,167,11,11,634.5,172.5,False,straight_line,24.0
SCN_010,688,22.9,TGT_001,COMMUNICATION_TARGET,403,114,10,10,408.0,119.0,True,circular,35.0
SCN_010,688,22.9,TGT_002,DECOY_TARGET,226,179,9,9,230.5,183.5,True,figure_8,38.0
SCN_010,688,22.9,TGT_003,DECOY_TARGET,629,167,11,11,634.5,172.5,False,straight_line,24.0
SCN_010,689,22.9333,TGT_001,COMMUNICATION_TARGET,404,115,10,10,409.0,120.0,True,circular,35.0
SCN_010,689,22.9333,TGT_002,DECOY_TARGET,227,178,9,9,231.5,182.5,True,figure_8,38.0
SCN_010,689,22.9333,TGT_003,DECOY_TARGET,629,166,11,11,634.5,171.5,False,straight_line,24.0
SCN_010,690,22.9667,TGT_001,COMMUNICATION_TARGET,405,115,10,10,410.0,120.0,True,circular,35.0
SCN_010,690,22.9667,TGT_002,DECOY_TARGET,228,177,9,9,232.5,181.5,True,figure_8,38.0
SCN_010,690,22.9667,TGT_003,DECOY_TARGET,629,166,11,11,634.5,171.5,False,straight_line,24.0
SCN_010,691,23.0,TGT_001,COMMUNICATION_TARGET,406,116,10,10,411.0,121.0,True,circular,35.0
SCN_010,691,23.0,TGT_002,DECOY_TARGET,229,177,9,9,233.5,181.5,True,figure_8,38.0
SCN_010,691,23.0,TGT_003,DECOY_TARGET,629,166,11,11,634.5,171.5,False,straight_line,24.0
SCN_010,692,23.0333,TGT_001,COMMUNICATION_TARGET,407,117,10,10,412.0,122.0,True,circular,35.0
SCN_010,692,23.0333,TGT_002,DECOY_TARGET,230,176,9,9,234.5,180.5,True,figure_8,38.0
SCN_010,692,23.0333,TGT_003,DECOY_TARGET,629,165,11,11,634.5,170.5,False,straight_line,24.0
SCN_010,693,23.0667,TGT_001,COMMUNICATION_TARGET,408,117,10,10,413.0,122.0,True,circular,35.0
SCN_010,693,23.0667,TGT_002,DECOY_TARGET,231,176,9,9,235.5,180.5,True,figure_8,38.0
SCN_010,693,23.0667,TGT_003,DECOY_TARGET,629,165,11,11,634.5,170.5,False,straight_line,24.0
SCN_010,694,23.1,TGT_001,COMMUNICATION_TARGET,409,118,10,10,414.0,123.0,True,circular,35.0
SCN_010,694,23.1,TGT_002,DECOY_TARGET,232,176,9,9,236.5,180.5,True,figure_8,38.0
SCN_010,694,23.1,TGT_003,DECOY_TARGET,629,165,11,11,634.5,170.5,False,straight_line,24.0
SCN_010,695,23.1333,TGT_001,COMMUNICATION_TARGET,410,119,10,10,415.0,124.0,True,circular,35.0
SCN_010,695,23.1333,TGT_002,DECOY_TARGET,234,175,9,9,238.5,179.5,True,figure_8,38.0
SCN_010,695,23.1333,TGT_003,DECOY_TARGET,629,165,11,11,634.5,170.5,False,straight_line,24.0
SCN_010,696,23.1667,TGT_001,COMMUNICATION_TARGET,411,120,10,10,416.0,125.0,True,circular,35.0
SCN_010,696,23.1667,TGT_002,DECOY_TARGET,235,175,9,9,239.5,179.5,True,figure_8,38.0
SCN_010,696,23.1667,TGT_003,DECOY_TARGET,629,164,11,11,634.5,169.5,False,straight_line,24.0
SCN_010,697,23.2,TGT_001,COMMUNICATION_TARGET,412,120,10,10,417.0,125.0,True,circular,35.0
SCN_010,697,23.2,TGT_002,DECOY_TARGET,236,175,9,9,240.5,179.5,True,figure_8,38.0
SCN_010,697,23.2,TGT_003,DECOY_TARGET,629,164,11,11,634.5,169.5,False,straight_line,24.0
SCN_010,698,23.2333,TGT_001,COMMUNICATION_TARGET,413,121,10,10,418.0,126.0,True,circular,35.0
SCN_010,698,23.2333,TGT_002,DECOY_TARGET,238,175,9,9,242.5,179.5,True,figure_8,38.0
SCN_010,698,23.2333,TGT_003,DECOY_TARGET,629,164,11,11,634.5,169.5,False,straight_line,24.0
SCN_010,699,23.2667,TGT_001,COMMUNICATION_TARGET,414,122,10,10,419.0,127.0,True,circular,35.0
SCN_010,699,23.2667,TGT_002,DECOY_TARGET,239,175,9,9,243.5,179.5,True,figure_8,38.0
SCN_010,699,23.2667,TGT_003,DECOY_TARGET,629,164,11,11,634.5,169.5,False,straight_line,24.0
SCN_010,700,23.3,TGT_001,COMMUNICATION_TARGET,414,123,10,10,419.0,128.0,True,circular,35.0
SCN_010,700,23.3,TGT_002,DECOY_TARGET,240,175,9,9,244.5,179.5,True,figure_8,38.0
SCN_010,700,23.3,TGT_003,DECOY_TARGET,629,163,11,11,634.5,168.5,False,straight_line,24.0
SCN_010,701,23.3333,TGT_001,COMMUNICATION_TARGET,415,123,10,10,420.0,128.0,True,circular,35.0
SCN_010,701,23.3333,TGT_002,DECOY_TARGET,242,175,9,9,246.5,179.5,True,figure_8,38.0
SCN_010,701,23.3333,TGT_003,DECOY_TARGET,629,163,11,11,634.5,168.5,False,straight_line,24.0
SCN_010,702,23.3667,TGT_001,COMMUNICATION_TARGET,416,124,10,10,421.0,129.0,True,circular,35.0
SCN_010,702,23.3667,TGT_002,DECOY_TARGET,243,176,9,9,247.5,180.5,True,figure_8,38.0
SCN_010,702,23.3667,TGT_003,DECOY_TARGET,629,163,11,11,634.5,168.5,False,straight_line,24.0
SCN_010,703,23.4,TGT_001,COMMUNICATION_TARGET,417,125,10,10,422.0,130.0,True,circular,35.0
SCN_010,703,23.4,TGT_002,DECOY_TARGET,244,176,9,9,248.5,180.5,True,figure_8,38.0
SCN_010,703,23.4,TGT_003,DECOY_TARGET,629,162,11,11,634.5,167.5,False,straight_line,24.0
SCN_010,704,23.4333,TGT_001,COMMUNICATION_TARGET,418,126,10,10,423.0,131.0,True,circular,35.0
SCN_010,704,23.4333,TGT_002,DECOY_TARGET,246,176,9,9,250.5,180.5,True,figure_8,38.0
SCN_010,704,23.4333,TGT_003,DECOY_TARGET,629,162,11,11,634.5,167.5,False,straight_line,24.0
SCN_010,705,23.4667,TGT_001,COMMUNICATION_TARGET,419,127,10,10,424.0,132.0,True,circular,35.0
SCN_010,705,23.4667,TGT_002,DECOY_TARGET,247,177,9,9,251.5,181.5,True,figure_8,38.0
SCN_010,705,23.4667,TGT_003,DECOY_TARGET,629,162,11,11,634.5,167.5,False,straight_line,24.0
SCN_010,706,23.5,TGT_001,COMMUNICATION_TARGET,420,127,10,10,425.0,132.0,True,circular,35.0
SCN_010,706,23.5,TGT_002,DECOY_TARGET,249,177,9,9,253.5,181.5,True,figure_8,38.0
SCN_010,706,23.5,TGT_003,DECOY_TARGET,629,162,11,11,634.5,167.5,False,straight_line,24.0
SCN_010,707,23.5333,TGT_001,COMMUNICATION_TARGET,420,128,10,10,425.0,133.0,True,circular,35.0
SCN_010,707,23.5333,TGT_002,DECOY_TARGET,250,178,9,9,254.5,182.5,True,figure_8,38.0
SCN_010,707,23.5333,TGT_003,DECOY_TARGET,629,161,11,11,634.5,166.5,False,straight_line,24.0
SCN_010,708,23.5667,TGT_001,COMMUNICATION_TARGET,421,129,10,10,426.0,134.0,True,circular,35.0
SCN_010,708,23.5667,TGT_002,DECOY_TARGET,252,178,9,9,256.5,182.5,True,figure_8,38.0
SCN_010,708,23.5667,TGT_003,DECOY_TARGET,629,161,11,11,634.5,166.5,False,straight_line,24.0
SCN_010,709,23.6,TGT_001,COMMUNICATION_TARGET,422,130,10,10,427.0,135.0,True,circular,35.0
SCN_010,709,23.6,TGT_002,DECOY_TARGET,253,179,9,9,257.5,183.5,True,figure_8,38.0
SCN_010,709,23.6,TGT_003,DECOY_TARGET,629,161,11,11,634.5,166.5,False,straight_line,24.0
SCN_010,710,23.6333,TGT_001,COMMUNICATION_TARGET,423,131,10,10,428.0,136.0,True,circular,35.0
SCN_010,710,23.6333,TGT_002,DECOY_TARGET,255,180,9,9,259.5,184.5,True,figure_8,38.0
SCN_010,710,23.6333,TGT_003,DECOY_TARGET,629,161,11,11,634.5,166.5,False,straight_line,24.0
SCN_010,711,23.6667,TGT_001,COMMUNICATION_TARGET,424,132,10,10,429.0,137.0,True,circular,35.0
SCN_010,711,23.6667,TGT_002,DECOY_TARGET,256,181,9,9,260.5,185.5,True,figure_8,38.0
SCN_010,711,23.6667,TGT_003,DECOY_TARGET,629,160,11,11,634.5,165.5,False,straight_line,24.0
SCN_010,712,23.7,TGT_001,COMMUNICATION_TARGET,424,132,10,10,429.0,137.0,True,circular,35.0
SCN_010,712,23.7,TGT_002,DECOY_TARGET,258,182,9,9,262.5,186.5,True,figure_8,38.0
SCN_010,712,23.7,TGT_003,DECOY_TARGET,629,160,11,11,634.5,165.5,False,straight_line,24.0
SCN_010,713,23.7333,TGT_001,COMMUNICATION_TARGET,425,133,10,10,430.0,138.0,True,circular,35.0
SCN_010,713,23.7333,TGT_002,DECOY_TARGET,259,182,9,9,263.5,186.5,True,figure_8,38.0
SCN_010,713,23.7333,TGT_003,DECOY_TARGET,629,160,11,11,634.5,165.5,False,straight_line,24.0
SCN_010,714,23.7667,TGT_001,COMMUNICATION_TARGET,426,134,10,10,431.0,139.0,True,circular,35.0
SCN_010,714,23.7667,TGT_002,DECOY_TARGET,261,183,9,9,265.5,187.5,True,figure_8,38.0
SCN_010,714,23.7667,TGT_003,DECOY_TARGET,629,159,11,11,634.5,164.5,False,straight_line,24.0
SCN_010,715,23.8,TGT_001,COMMUNICATION_TARGET,427,135,10,10,432.0,140.0,True,circular,35.0
SCN_010,715,23.8,TGT_002,DECOY_TARGET,263,185,9,9,267.5,189.5,True,figure_8,38.0
SCN_010,715,23.8,TGT_003,DECOY_TARGET,629,159,11,11,634.5,164.5,False,straight_line,24.0
SCN_010,716,23.8333,TGT_001,COMMUNICATION_TARGET,428,136,10,10,433.0,141.0,True,circular,35.0
SCN_010,716,23.8333,TGT_002,DECOY_TARGET,264,186,9,9,268.5,190.5,True,figure_8,38.0
SCN_010,716,23.8333,TGT_003,DECOY_TARGET,629,159,11,11,634.5,164.5,False,straight_line,24.0
SCN_010,717,23.8667,TGT_001,COMMUNICATION_TARGET,428,137,10,10,433.0,142.0,True,circular,35.0
SCN_010,717,23.8667,TGT_002,DECOY_TARGET,266,187,9,9,270.5,191.5,True,figure_8,38.0
SCN_010,717,23.8667,TGT_003,DECOY_TARGET,629,159,11,11,634.5,164.5,False,straight_line,24.0
SCN_010,718,23.9,TGT_001,COMMUNICATION_TARGET,429,138,10,10,434.0,143.0,True,circular,35.0
SCN_010,718,23.9,TGT_002,DECOY_TARGET,268,188,9,9,272.5,192.5,True,figure_8,38.0
SCN_010,718,23.9,TGT_003,DECOY_TARGET,629,158,11,11,634.5,163.5,False,straight_line,24.0
SCN_010,719,23.9333,TGT_001,COMMUNICATION_TARGET,430,139,10,10,435.0,144.0,True,circular,35.0
SCN_010,719,23.9333,TGT_002,DECOY_TARGET,269,189,9,9,273.5,193.5,True,figure_8,38.0
SCN_010,719,23.9333,TGT_003,DECOY_TARGET,629,158,11,11,634.5,163.5,False,straight_line,24.0
SCN_010,720,23.9667,TGT_001,COMMUNICATION_TARGET,431,139,10,10,436.0,144.0,True,circular,35.0
SCN_010,720,23.9667,TGT_002,DECOY_TARGET,271,191,9,9,275.5,195.5,True,figure_8,38.0
SCN_010,720,23.9667,TGT_003,DECOY_TARGET,629,158,11,11,634.5,163.5,False,straight_line,24.0
SCN_010,721,24.0,TGT_001,COMMUNICATION_TARGET,431,140,10,10,436.0,145.0,True,circular,35.0
SCN_010,721,24.0,TGT_002,DECOY_TARGET,273,192,9,9,277.5,196.5,True,figure_8,38.0
SCN_010,721,24.0,TGT_003,DECOY_TARGET,629,157,11,11,634.5,162.5,False,straight_line,24.0
SCN_010,722,24.0333,TGT_001,COMMUNICATION_TARGET,432,141,10,10,437.0,146.0,True,circular,35.0
SCN_010,722,24.0333,TGT_002,DECOY_TARGET,274,194,9,9,278.5,198.5,True,figure_8,38.0
SCN_010,722,24.0333,TGT_003,DECOY_TARGET,629,157,11,11,634.5,162.5,False,straight_line,24.0
SCN_010,723,24.0667,TGT_001,COMMUNICATION_TARGET,433,142,10,10,438.0,147.0,True,circular,35.0
SCN_010,723,24.0667,TGT_002,DECOY_TARGET,276,195,9,9,280.5,199.5,True,figure_8,38.0
SCN_010,723,24.0667,TGT_003,DECOY_TARGET,629,157,11,11,634.5,162.5,False,straight_line,24.0
SCN_010,724,24.1,TGT_001,COMMUNICATION_TARGET,434,143,10,10,439.0,148.0,True,circular,35.0
SCN_010,724,24.1,TGT_002,DECOY_TARGET,278,197,9,9,282.5,201.5,True,figure_8,38.0
SCN_010,724,24.1,TGT_003,DECOY_TARGET,629,157,11,11,634.5,162.5,False,straight_line,24.0
SCN_010,725,24.1333,TGT_001,COMMUNICATION_TARGET,434,144,10,10,439.0,149.0,True,circular,35.0
SCN_010,725,24.1333,TGT_002,DECOY_TARGET,280,198,9,9,284.5,202.5,True,figure_8,38.0
SCN_010,725,24.1333,TGT_003,DECOY_TARGET,629,156,11,11,634.5,161.5,False,straight_line,24.0
SCN_010,726,24.1667,TGT_001,COMMUNICATION_TARGET,435,145,10,10,440.0,150.0,True,circular,35.0
SCN_010,726,24.1667,TGT_002,DECOY_TARGET,281,200,9,9,285.5,204.5,True,figure_8,38.0
SCN_010,726,24.1667,TGT_003,DECOY_TARGET,629,156,11,11,634.5,161.5,False,straight_line,24.0
SCN_010,727,24.2,TGT_001,COMMUNICATION_TARGET,436,146,10,10,441.0,151.0,True,circular,35.0
SCN_010,727,24.2,TGT_002,DECOY_TARGET,283,202,9,9,287.5,206.5,True,figure_8,38.0
SCN_010,727,24.2,TGT_003,DECOY_TARGET,629,156,11,11,634.5,161.5,False,straight_line,24.0
SCN_010,728,24.2333,TGT_001,COMMUNICATION_TARGET,436,147,10,10,441.0,152.0,True,circular,35.0
SCN_010,728,24.2333,TGT_002,DECOY_TARGET,285,203,9,9,289.5,207.5,True,figure_8,38.0
SCN_010,728,24.2333,TGT_003,DECOY_TARGET,629,156,11,11,634.5,161.5,False,straight_line,24.0
SCN_010,729,24.2667,TGT_001,COMMUNICATION_TARGET,437,148,10,10,442.0,153.0,True,circular,35.0
SCN_010,729,24.2667,TGT_002,DECOY_TARGET,287,205,9,9,291.5,209.5,True,figure_8,38.0
SCN_010,729,24.2667,TGT_003,DECOY_TARGET,629,155,11,11,634.5,160.5,False,straight_line,24.0
SCN_010,730,24.3,TGT_001,COMMUNICATION_TARGET,438,149,10,10,443.0,154.0,True,circular,35.0
SCN_010,730,24.3,TGT_002,DECOY_TARGET,289,207,9,9,293.5,211.5,True,figure_8,38.0
SCN_010,730,24.3,TGT_003,DECOY_TARGET,629,155,11,11,634.5,160.5,False,straight_line,24.0
SCN_010,731,24.3333,TGT_001,COMMUNICATION_TARGET,438,150,10,10,443.0,155.0,True,circular,35.0
SCN_010,731,24.3333,TGT_002,DECOY_TARGET,290,209,9,9,294.5,213.5,True,figure_8,38.0
SCN_010,731,24.3333,TGT_003,DECOY_TARGET,629,155,11,11,634.5,160.5,False,straight_line,24.0
SCN_010,732,24.3667,TGT_001,COMMUNICATION_TARGET,439,151,10,10,444.0,156.0,True,circular,35.0
SCN_010,732,24.3667,TGT_002,DECOY_TARGET,292,210,9,9,296.5,214.5,True,figure_8,38.0
SCN_010,732,24.3667,TGT_003,DECOY_TARGET,629,154,11,11,634.5,159.5,False,straight_line,24.0
SCN_010,733,24.4,TGT_001,COMMUNICATION_TARGET,440,152,10,10,445.0,157.0,True,circular,35.0
SCN_010,733,24.4,TGT_002,DECOY_TARGET,294,212,9,9,298.5,216.5,True,figure_8,38.0
SCN_010,733,24.4,TGT_003,DECOY_TARGET,629,154,11,11,634.5,159.5,False,straight_line,24.0
SCN_010,734,24.4333,TGT_001,COMMUNICATION_TARGET,440,153,10,10,445.0,158.0,True,circular,35.0
SCN_010,734,24.4333,TGT_002,DECOY_TARGET,296,214,9,9,300.5,218.5,True,figure_8,38.0
SCN_010,734,24.4333,TGT_003,DECOY_TARGET,629,154,11,11,634.5,159.5,False,straight_line,24.0
SCN_010,735,24.4667,TGT_001,COMMUNICATION_TARGET,441,154,10,10,446.0,159.0,True,circular,35.0
SCN_010,735,24.4667,TGT_002,DECOY_TARGET,298,216,9,9,302.5,220.5,True,figure_8,38.0
SCN_010,735,24.4667,TGT_003,DECOY_TARGET,629,154,11,11,634.5,159.5,False,straight_line,24.0
SCN_010,736,24.5,TGT_001,COMMUNICATION_TARGET,442,154,10,10,447.0,159.0,True,circular,35.0
SCN_010,736,24.5,TGT_002,DECOY_TARGET,300,218,9,9,304.5,222.5,True,figure_8,38.0
SCN_010,736,24.5,TGT_003,DECOY_TARGET,629,153,11,11,634.5,158.5,False,straight_line,24.0
SCN_010,737,24.5333,TGT_001,COMMUNICATION_TARGET,442,155,10,10,447.0,160.0,True,circular,35.0
SCN_010,737,24.5333,TGT_002,DECOY_TARGET,301,220,9,9,305.5,224.5,True,figure_8,38.0
SCN_010,737,24.5333,TGT_003,DECOY_TARGET,629,153,11,11,634.5,158.5,False,straight_line,24.0
SCN_010,738,24.5667,TGT_001,COMMUNICATION_TARGET,443,156,10,10,448.0,161.0,True,circular,35.0
SCN_010,738,24.5667,TGT_002,DECOY_TARGET,303,222,9,9,307.5,226.5,True,figure_8,38.0
SCN_010,738,24.5667,TGT_003,DECOY_TARGET,629,153,11,11,634.5,158.5,False,straight_line,24.0
SCN_010,739,24.6,TGT_001,COMMUNICATION_TARGET,443,157,10,10,448.0,162.0,True,circular,35.0
SCN_010,739,24.6,TGT_002,DECOY_TARGET,305,224,9,9,309.5,228.5,True,figure_8,38.0
SCN_010,739,24.6,TGT_003,DECOY_TARGET,629,153,11,11,634.5,158.5,False,straight_line,24.0
SCN_010,740,24.6333,TGT_001,COMMUNICATION_TARGET,444,158,10,10,449.0,163.0,True,circular,35.0
SCN_010,740,24.6333,TGT_002,DECOY_TARGET,307,226,9,9,311.5,230.5,True,figure_8,38.0
SCN_010,740,24.6333,TGT_003,DECOY_TARGET,629,152,11,11,634.5,157.5,False,straight_line,24.0
SCN_010,741,24.6667,TGT_001,COMMUNICATION_TARGET,445,159,10,10,450.0,164.0,True,circular,35.0
SCN_010,741,24.6667,TGT_002,DECOY_TARGET,309,228,9,9,313.5,232.5,True,figure_8,38.0
SCN_010,741,24.6667,TGT_003,DECOY_TARGET,629,152,11,11,634.5,157.5,False,straight_line,24.0
SCN_010,742,24.7,TGT_001,COMMUNICATION_TARGET,445,160,10,10,450.0,165.0,True,circular,35.0
SCN_010,742,24.7,TGT_002,DECOY_TARGET,311,230,9,9,315.5,234.5,True,figure_8,38.0
SCN_010,742,24.7,TGT_003,DECOY_TARGET,629,152,11,11,634.5,157.5,False,straight_line,24.0
SCN_010,743,24.7333,TGT_001,COMMUNICATION_TARGET,446,162,10,10,451.0,167.0,True,circular,35.0
SCN_010,743,24.7333,TGT_002,DECOY_TARGET,312,232,9,9,316.5,236.5,True,figure_8,38.0
SCN_010,743,24.7333,TGT_003,DECOY_TARGET,629,151,11,11,634.5,156.5,False,straight_line,24.0
SCN_010,744,24.7667,TGT_001,COMMUNICATION_TARGET,446,163,10,10,451.0,168.0,True,circular,35.0
SCN_010,744,24.7667,TGT_002,DECOY_TARGET,314,234,9,9,318.5,238.5,True,figure_8,38.0
SCN_010,744,24.7667,TGT_003,DECOY_TARGET,629,151,11,11,634.5,156.5,False,straight_line,24.0
SCN_010,745,24.8,TGT_001,COMMUNICATION_TARGET,447,164,10,10,452.0,169.0,True,circular,35.0
SCN_010,745,24.8,TGT_002,DECOY_TARGET,316,236,9,9,320.5,240.5,True,figure_8,38.0
SCN_010,745,24.8,TGT_003,DECOY_TARGET,629,151,11,11,634.5,156.5,False,straight_line,24.0
SCN_010,746,24.8333,TGT_001,COMMUNICATION_TARGET,447,165,10,10,452.0,170.0,True,circular,35.0
SCN_010,746,24.8333,TGT_002,DECOY_TARGET,318,238,9,9,322.5,242.5,True,figure_8,38.0
SCN_010,746,24.8333,TGT_003,DECOY_TARGET,629,151,11,11,634.5,156.5,False,straight_line,24.0
SCN_010,747,24.8667,TGT_001,COMMUNICATION_TARGET,448,166,10,10,453.0,171.0,True,circular,35.0
SCN_010,747,24.8667,TGT_002,DECOY_TARGET,320,240,9,9,324.5,244.5,True,figure_8,38.0
SCN_010,747,24.8667,TGT_003,DECOY_TARGET,629,150,11,11,634.5,155.5,False,straight_line,24.0
SCN_010,748,24.9,TGT_001,COMMUNICATION_TARGET,449,167,10,10,454.0,172.0,True,circular,35.0
SCN_010,748,24.9,TGT_002,DECOY_TARGET,322,242,9,9,326.5,246.5,True,figure_8,38.0
SCN_010,748,24.9,TGT_003,DECOY_TARGET,629,150,11,11,634.5,155.5,False,straight_line,24.0
SCN_010,749,24.9333,TGT_001,COMMUNICATION_TARGET,449,168,10,10,454.0,173.0,True,circular,35.0
SCN_010,749,24.9333,TGT_002,DECOY_TARGET,324,244,9,9,328.5,248.5,True,figure_8,38.0
SCN_010,749,24.9333,TGT_003,DECOY_TARGET,629,150,11,11,634.5,155.5,False,straight_line,24.0
SCN_010,750,24.9667,TGT_001,COMMUNICATION_TARGET,450,169,10,10,455.0,174.0,True,circular,35.0
SCN_010,750,24.9667,TGT_002,DECOY_TARGET,325,246,9,9,329.5,250.5,True,figure_8,38.0
SCN_010,750,24.9667,TGT_003,DECOY_TARGET,629,150,11,11,634.5,155.5,False,straight_line,24.0
SCN_010,751,25.0,TGT_001,COMMUNICATION_TARGET,450,170,10,10,455.0,175.0,True,circular,35.0
SCN_010,751,25.0,TGT_002,DECOY_TARGET,327,248,9,9,331.5,252.5,True,figure_8,38.0
SCN_010,751,25.0,TGT_003,DECOY_TARGET,629,149,11,11,634.5,154.5,False,straight_line,24.0
SCN_010,752,25.0333,TGT_001,COMMUNICATION_TARGET,451,171,10,10,456.0,176.0,True,circular,35.0
SCN_010,752,25.0333,TGT_002,DECOY_TARGET,329,250,9,9,333.5,254.5,True,figure_8,38.0
SCN_010,752,25.0333,TGT_003,DECOY_TARGET,629,149,11,11,634.5,154.5,False,straight_line,24.0
SCN_010,753,25.0667,TGT_001,COMMUNICATION_TARGET,451,172,10,10,456.0,177.0,True,circular,35.0
SCN_010,753,25.0667,TGT_002,DECOY_TARGET,331,252,9,9,335.5,256.5,True,figure_8,38.0
SCN_010,753,25.0667,TGT_003,DECOY_TARGET,629,149,11,11,634.5,154.5,False,straight_line,24.0
SCN_010,754,25.1,TGT_001,COMMUNICATION_TARGET,452,173,10,10,457.0,178.0,True,circular,35.0
SCN_010,754,25.1,TGT_002,DECOY_TARGET,333,254,9,9,337.5,258.5,True,figure_8,38.0
SCN_010,754,25.1,TGT_003,DECOY_TARGET,629,148,11,11,634.5,153.5,False,straight_line,24.0
SCN_010,755,25.1333,TGT_001,COMMUNICATION_TARGET,452,174,10,10,457.0,179.0,True,circular,35.0
SCN_010,755,25.1333,TGT_002,DECOY_TARGET,335,256,9,9,339.5,260.5,True,figure_8,38.0
SCN_010,755,25.1333,TGT_003,DECOY_TARGET,629,148,11,11,634.5,153.5,False,straight_line,24.0
SCN_010,756,25.1667,TGT_001,COMMUNICATION_TARGET,453,175,10,10,458.0,180.0,True,circular,35.0
SCN_010,756,25.1667,TGT_002,DECOY_TARGET,337,258,9,9,341.5,262.5,True,figure_8,38.0
SCN_010,756,25.1667,TGT_003,DECOY_TARGET,629,148,11,11,634.5,153.5,False,straight_line,24.0
SCN_010,757,25.2,TGT_001,COMMUNICATION_TARGET,453,176,10,10,458.0,181.0,True,circular,35.0
SCN_010,757,25.2,TGT_002,DECOY_TARGET,338,260,9,9,342.5,264.5,True,figure_8,38.0
SCN_010,757,25.2,TGT_003,DECOY_TARGET,629,148,11,11,634.5,153.5,False,straight_line,24.0
SCN_010,758,25.2333,TGT_001,COMMUNICATION_TARGET,453,177,10,10,458.0,182.0,True,circular,35.0
SCN_010,758,25.2333,TGT_002,DECOY_TARGET,340,262,9,9,344.5,266.5,True,figure_8,38.0
SCN_010,758,25.2333,TGT_003,DECOY_TARGET,629,147,11,11,634.5,152.5,False,straight_line,24.0
SCN_010,759,25.2667,TGT_001,COMMUNICATION_TARGET,454,178,10,10,459.0,183.0,True,circular,35.0
SCN_010,759,25.2667,TGT_002,DECOY_TARGET,342,264,9,9,346.5,268.5,True,figure_8,38.0
SCN_010,759,25.2667,TGT_003,DECOY_TARGET,629,147,11,11,634.5,152.5,False,straight_line,24.0
SCN_010,760,25.3,TGT_001,COMMUNICATION_TARGET,454,179,10,10,459.0,184.0,True,circular,35.0
SCN_010,760,25.3,TGT_002,DECOY_TARGET,344,266,9,9,348.5,270.5,True,figure_8,38.0
SCN_010,760,25.3,TGT_003,DECOY_TARGET,629,147,11,11,634.5,152.5,False,straight_line,24.0
SCN_010,761,25.3333,TGT_001,COMMUNICATION_TARGET,455,180,10,10,460.0,185.0,True,circular,35.0
SCN_010,761,25.3333,TGT_002,DECOY_TARGET,346,267,9,9,350.5,271.5,True,figure_8,38.0
SCN_010,761,25.3333,TGT_003,DECOY_TARGET,629,147,11,11,634.5,152.5,False,straight_line,24.0
SCN_010,762,25.3667,TGT_001,COMMUNICATION_TARGET,455,182,10,10,460.0,187.0,True,circular,35.0
SCN_010,762,25.3667,TGT_002,DECOY_TARGET,347,269,9,9,351.5,273.5,True,figure_8,38.0
SCN_010,762,25.3667,TGT_003,DECOY_TARGET,629,146,11,11,634.5,151.5,False,straight_line,24.0
SCN_010,763,25.4,TGT_001,COMMUNICATION_TARGET,456,183,10,10,461.0,188.0,True,circular,35.0
SCN_010,763,25.4,TGT_002,DECOY_TARGET,349,271,9,9,353.5,275.5,True,figure_8,38.0
SCN_010,763,25.4,TGT_003,DECOY_TARGET,629,146,11,11,634.5,151.5,False,straight_line,24.0
SCN_010,764,25.4333,TGT_001,COMMUNICATION_TARGET,456,184,10,10,461.0,189.0,True,circular,35.0
SCN_010,764,25.4333,TGT_002,DECOY_TARGET,351,272,9,9,355.5,276.5,True,figure_8,38.0
SCN_010,764,25.4333,TGT_003,DECOY_TARGET,629,146,11,11,634.5,151.5,False,straight_line,24.0
SCN_010,765,25.4667,TGT_001,COMMUNICATION_TARGET,456,185,10,10,461.0,190.0,True,circular,35.0
SCN_010,765,25.4667,TGT_002,DECOY_TARGET,353,274,9,9,357.5,278.5,True,figure_8,38.0
SCN_010,765,25.4667,TGT_003,DECOY_TARGET,629,145,11,11,634.5,150.5,False,straight_line,24.0
SCN_010,766,25.5,TGT_001,COMMUNICATION_TARGET,457,186,10,10,462.0,191.0,True,circular,35.0
SCN_010,766,25.5,TGT_002,DECOY_TARGET,354,276,9,9,358.5,280.5,True,figure_8,38.0
SCN_010,766,25.5,TGT_003,DECOY_TARGET,629,145,11,11,634.5,150.5,False,straight_line,24.0
SCN_010,767,25.5333,TGT_001,COMMUNICATION_TARGET,457,187,10,10,462.0,192.0,True,circular,35.0
SCN_010,767,25.5333,TGT_002,DECOY_TARGET,356,277,9,9,360.5,281.5,True,figure_8,38.0
SCN_010,767,25.5333,TGT_003,DECOY_TARGET,629,145,11,11,634.5,150.5,False,straight_line,24.0
SCN_010,768,25.5667,TGT_001,COMMUNICATION_TARGET,457,188,10,10,462.0,193.0,True,circular,35.0
SCN_010,768,25.5667,TGT_002,DECOY_TARGET,358,278,9,9,362.5,282.5,True,figure_8,38.0
SCN_010,768,25.5667,TGT_003,DECOY_TARGET,629,145,11,11,634.5,150.5,False,straight_line,24.0
SCN_010,769,25.6,TGT_001,COMMUNICATION_TARGET,458,189,10,10,463.0,194.0,True,circular,35.0
SCN_010,769,25.6,TGT_002,DECOY_TARGET,360,280,9,9,364.5,284.5,True,figure_8,38.0
SCN_010,769,25.6,TGT_003,DECOY_TARGET,629,144,11,11,634.5,149.5,False,straight_line,24.0
SCN_010,770,25.6333,TGT_001,COMMUNICATION_TARGET,458,190,10,10,463.0,195.0,True,circular,35.0
SCN_010,770,25.6333,TGT_002,DECOY_TARGET,361,281,9,9,365.5,285.5,True,figure_8,38.0
SCN_010,770,25.6333,TGT_003,DECOY_TARGET,629,144,11,11,634.5,149.5,False,straight_line,24.0
SCN_010,771,25.6667,TGT_001,COMMUNICATION_TARGET,459,191,10,10,464.0,196.0,True,circular,35.0
SCN_010,771,25.6667,TGT_002,DECOY_TARGET,363,283,9,9,367.5,287.5,True,figure_8,38.0
SCN_010,771,25.6667,TGT_003,DECOY_TARGET,629,144,11,11,634.5,149.5,False,straight_line,24.0
SCN_010,772,25.7,TGT_001,COMMUNICATION_TARGET,459,193,10,10,464.0,198.0,True,circular,35.0
SCN_010,772,25.7,TGT_002,DECOY_TARGET,365,284,9,9,369.5,288.5,True,figure_8,38.0
SCN_010,772,25.7,TGT_003,DECOY_TARGET,629,144,11,11,634.5,149.5,False,straight_line,24.0
SCN_010,773,25.7333,TGT_001,COMMUNICATION_TARGET,459,194,10,10,464.0,199.0,True,circular,35.0
SCN_010,773,25.7333,TGT_002,DECOY_TARGET,366,285,9,9,370.5,289.5,True,figure_8,38.0
SCN_010,773,25.7333,TGT_003,DECOY_TARGET,629,143,11,11,634.5,148.5,False,straight_line,24.0
SCN_010,774,25.7667,TGT_001,COMMUNICATION_TARGET,460,195,10,10,465.0,200.0,True,circular,35.0
SCN_010,774,25.7667,TGT_002,DECOY_TARGET,368,286,9,9,372.5,290.5,True,figure_8,38.0
SCN_010,774,25.7667,TGT_003,DECOY_TARGET,629,143,11,11,634.5,148.5,False,straight_line,24.0
SCN_010,775,25.8,TGT_001,COMMUNICATION_TARGET,460,196,10,10,465.0,201.0,True,circular,35.0
SCN_010,775,25.8,TGT_002,DECOY_TARGET,370,287,9,9,374.5,291.5,True,figure_8,38.0
SCN_010,775,25.8,TGT_003,DECOY_TARGET,629,143,11,11,634.5,148.5,False,straight_line,24.0
SCN_010,776,25.8333,TGT_001,COMMUNICATION_TARGET,460,197,10,10,465.0,202.0,True,circular,35.0
SCN_010,776,25.8333,TGT_002,DECOY_TARGET,371,288,9,9,375.5,292.5,True,figure_8,38.0
SCN_010,776,25.8333,TGT_003,DECOY_TARGET,629,142,11,11,634.5,147.5,False,straight_line,24.0
SCN_010,777,25.8667,TGT_001,COMMUNICATION_TARGET,460,198,10,10,465.0,203.0,True,circular,35.0
SCN_010,777,25.8667,TGT_002,DECOY_TARGET,373,289,9,9,377.5,293.5,True,figure_8,38.0
SCN_010,777,25.8667,TGT_003,DECOY_TARGET,629,142,11,11,634.5,147.5,False,straight_line,24.0
SCN_010,778,25.9,TGT_001,COMMUNICATION_TARGET,461,199,10,10,466.0,204.0,True,circular,35.0
SCN_010,778,25.9,TGT_002,DECOY_TARGET,374,290,9,9,378.5,294.5,True,figure_8,38.0
SCN_010,778,25.9,TGT_003,DECOY_TARGET,629,142,11,11,634.5,147.5,False,straight_line,24.0
SCN_010,779,25.9333,TGT_001,COMMUNICATION_TARGET,461,201,10,10,466.0,206.0,True,circular,35.0
SCN_010,779,25.9333,TGT_002,DECOY_TARGET,376,291,9,9,380.5,295.5,True,figure_8,38.0
SCN_010,779,25.9333,TGT_003,DECOY_TARGET,629,142,11,11,634.5,147.5,False,straight_line,24.0
SCN_010,780,25.9667,TGT_001,COMMUNICATION_TARGET,461,202,10,10,466.0,207.0,True,circular,35.0
SCN_010,780,25.9667,TGT_002,DECOY_TARGET,377,292,9,9,381.5,296.5,True,figure_8,38.0
SCN_010,780,25.9667,TGT_003,DECOY_TARGET,629,141,11,11,634.5,146.5,False,straight_line,24.0
SCN_010,781,26.0,TGT_001,COMMUNICATION_TARGET,461,203,10,10,466.0,208.0,True,circular,35.0
SCN_010,781,26.0,TGT_002,DECOY_TARGET,379,293,9,9,383.5,297.5,True,figure_8,38.0
SCN_010,781,26.0,TGT_003,DECOY_TARGET,629,141,11,11,634.5,146.5,False,straight_line,24.0
SCN_010,782,26.0333,TGT_001,COMMUNICATION_TARGET,462,204,10,10,467.0,209.0,True,circular,35.0
SCN_010,782,26.0333,TGT_002,DECOY_TARGET,380,293,9,9,384.5,297.5,True,figure_8,38.0
SCN_010,782,26.0333,TGT_003,DECOY_TARGET,629,141,11,11,634.5,146.5,False,straight_line,24.0
SCN_010,783,26.0667,TGT_001,COMMUNICATION_TARGET,462,205,10,10,467.0,210.0,True,circular,35.0
SCN_010,783,26.0667,TGT_002,DECOY_TARGET,382,294,9,9,386.5,298.5,True,figure_8,38.0
SCN_010,783,26.0667,TGT_003,DECOY_TARGET,629,141,11,11,634.5,146.5,False,straight_line,24.0
SCN_010,784,26.1,TGT_001,COMMUNICATION_TARGET,462,206,10,10,467.0,211.0,True,circular,35.0
SCN_010,784,26.1,TGT_002,DECOY_TARGET,383,294,9,9,387.5,298.5,True,figure_8,38.0
SCN_010,784,26.1,TGT_003,DECOY_TARGET,629,140,11,11,634.5,145.5,False,straight_line,24.0
SCN_010,785,26.1333,TGT_001,COMMUNICATION_TARGET,462,207,10,10,467.0,212.0,True,circular,35.0
SCN_010,785,26.1333,TGT_002,DECOY_TARGET,385,295,9,9,389.5,299.5,True,figure_8,38.0
SCN_010,785,26.1333,TGT_003,DECOY_TARGET,629,140,11,11,634.5,145.5,False,straight_line,24.0
SCN_010,786,26.1667,TGT_001,COMMUNICATION_TARGET,463,208,10,10,468.0,213.0,True,circular,35.0
SCN_010,786,26.1667,TGT_002,DECOY_TARGET,386,295,9,9,390.5,299.5,True,figure_8,38.0
SCN_010,786,26.1667,TGT_003,DECOY_TARGET,629,140,11,11,634.5,145.5,False,straight_line,24.0
SCN_010,787,26.2,TGT_001,COMMUNICATION_TARGET,463,210,10,10,468.0,215.0,True,circular,35.0
SCN_010,787,26.2,TGT_002,DECOY_TARGET,388,295,9,9,392.5,299.5,True,figure_8,38.0
SCN_010,787,26.2,TGT_003,DECOY_TARGET,629,139,11,11,634.5,144.5,False,straight_line,24.0
SCN_010,788,26.2333,TGT_001,COMMUNICATION_TARGET,463,211,10,10,468.0,216.0,True,circular,35.0
SCN_010,788,26.2333,TGT_002,DECOY_TARGET,389,296,9,9,393.5,300.5,True,figure_8,38.0
SCN_010,788,26.2333,TGT_003,DECOY_TARGET,629,139,11,11,634.5,144.5,False,straight_line,24.0
SCN_010,789,26.2667,TGT_001,COMMUNICATION_TARGET,463,212,10,10,468.0,217.0,True,circular,35.0
SCN_010,789,26.2667,TGT_002,DECOY_TARGET,390,296,9,9,394.5,300.5,True,figure_8,38.0
SCN_010,789,26.2667,TGT_003,DECOY_TARGET,629,139,11,11,634.5,144.5,False,straight_line,24.0
SCN_010,790,26.3,TGT_001,COMMUNICATION_TARGET,463,213,10,10,468.0,218.0,True,circular,35.0
SCN_010,790,26.3,TGT_002,DECOY_TARGET,392,296,9,9,396.5,300.5,True,figure_8,38.0
SCN_010,790,26.3,TGT_003,DECOY_TARGET,629,139,11,11,634.5,144.5,False,straight_line,24.0
SCN_010,791,26.3333,TGT_001,COMMUNICATION_TARGET,464,214,10,10,469.0,219.0,True,circular,35.0
SCN_010,791,26.3333,TGT_002,DECOY_TARGET,393,296,9,9,397.5,300.5,True,figure_8,38.0
SCN_010,791,26.3333,TGT_003,DECOY_TARGET,629,138,11,11,634.5,143.5,False,straight_line,24.0
SCN_010,792,26.3667,TGT_001,COMMUNICATION_TARGET,464,215,10,10,469.0,220.0,True,circular,35.0
SCN_010,792,26.3667,TGT_002,DECOY_TARGET,394,296,9,9,398.5,300.5,True,figure_8,38.0
SCN_010,792,26.3667,TGT_003,DECOY_TARGET,629,138,11,11,634.5,143.5,False,straight_line,24.0
SCN_010,793,26.4,TGT_001,COMMUNICATION_TARGET,464,217,10,10,469.0,222.0,True,circular,35.0
SCN_010,793,26.4,TGT_002,DECOY_TARGET,396,296,9,9,400.5,300.5,True,figure_8,38.0
SCN_010,793,26.4,TGT_003,DECOY_TARGET,629,138,11,11,634.5,143.5,False,straight_line,24.0
SCN_010,794,26.4333,TGT_001,COMMUNICATION_TARGET,464,218,10,10,469.0,223.0,True,circular,35.0
SCN_010,794,26.4333,TGT_002,DECOY_TARGET,397,296,9,9,401.5,300.5,True,figure_8,38.0
SCN_010,794,26.4333,TGT_003,DECOY_TARGET,629,138,11,11,634.5,143.5,False,straight_line,24.0
SCN_010,795,26.4667,TGT_001,COMMUNICATION_TARGET,464,219,10,10,469.0,224.0,True,circular,35.0
SCN_010,795,26.4667,TGT_002,DECOY_TARGET,398,295,9,9,402.5,299.5,True,figure_8,38.0
SCN_010,795,26.4667,TGT_003,DECOY_TARGET,629,137,11,11,634.5,142.5,False,straight_line,24.0
SCN_010,796,26.5,TGT_001,COMMUNICATION_TARGET,464,220,10,10,469.0,225.0,True,circular,35.0
SCN_010,796,26.5,TGT_002,DECOY_TARGET,399,295,9,9,403.5,299.5,True,figure_8,38.0
SCN_010,796,26.5,TGT_003,DECOY_TARGET,629,137,11,11,634.5,142.5,False,straight_line,24.0
SCN_010,797,26.5333,TGT_001,COMMUNICATION_TARGET,464,221,10,10,469.0,226.0,True,circular,35.0
SCN_010,797,26.5333,TGT_002,DECOY_TARGET,401,295,9,9,405.5,299.5,True,figure_8,38.0
SCN_010,797,26.5333,TGT_003,DECOY_TARGET,629,137,11,11,634.5,142.5,False,straight_line,24.0
SCN_010,798,26.5667,TGT_001,COMMUNICATION_TARGET,464,222,10,10,469.0,227.0,True,circular,35.0
SCN_010,798,26.5667,TGT_002,DECOY_TARGET,402,294,9,9,406.5,298.5,True,figure_8,38.0
SCN_010,798,26.5667,TGT_003,DECOY_TARGET,629,136,11,11,634.5,141.5,False,straight_line,24.0
SCN_010,799,26.6,TGT_001,COMMUNICATION_TARGET,465,224,10,10,470.0,229.0,True,circular,35.0
SCN_010,799,26.6,TGT_002,DECOY_TARGET,403,294,9,9,407.5,298.5,True,figure_8,38.0
SCN_010,799,26.6,TGT_003,DECOY_TARGET,629,136,11,11,634.5,141.5,False,straight_line,24.0
SCN_010,800,26.6333,TGT_001,COMMUNICATION_TARGET,465,225,10,10,470.0,230.0,True,circular,35.0
SCN_010,800,26.6333,TGT_002,DECOY_TARGET,404,293,9,9,408.5,297.5,True,figure_8,38.0
SCN_010,800,26.6333,TGT_003,DECOY_TARGET,629,136,11,11,634.5,141.5,False,straight_line,24.0
SCN_010,801,26.6667,TGT_001,COMMUNICATION_TARGET,465,226,10,10,470.0,231.0,True,circular,35.0
SCN_010,801,26.6667,TGT_002,DECOY_TARGET,405,293,9,9,409.5,297.5,True,figure_8,38.0
SCN_010,801,26.6667,TGT_003,DECOY_TARGET,629,136,11,11,634.5,141.5,False,straight_line,24.0
SCN_010,802,26.7,TGT_001,COMMUNICATION_TARGET,465,227,10,10,470.0,232.0,True,circular,35.0
SCN_010,802,26.7,TGT_002,DECOY_TARGET,406,292,9,9,410.5,296.5,True,figure_8,38.0
SCN_010,802,26.7,TGT_003,DECOY_TARGET,629,135,11,11,634.5,140.5,False,straight_line,24.0
SCN_010,803,26.7333,TGT_001,COMMUNICATION_TARGET,465,228,10,10,470.0,233.0,True,circular,35.0
SCN_010,803,26.7333,TGT_002,DECOY_TARGET,407,291,9,9,411.5,295.5,True,figure_8,38.0
SCN_010,803,26.7333,TGT_003,DECOY_TARGET,629,135,11,11,634.5,140.5,False,straight_line,24.0
SCN_010,804,26.7667,TGT_001,COMMUNICATION_TARGET,465,229,10,10,470.0,234.0,True,circular,35.0
SCN_010,804,26.7667,TGT_002,DECOY_TARGET,408,290,9,9,412.5,294.5,True,figure_8,38.0
SCN_010,804,26.7667,TGT_003,DECOY_TARGET,629,135,11,11,634.5,140.5,False,straight_line,24.0
SCN_010,805,26.8,TGT_001,COMMUNICATION_TARGET,465,231,10,10,470.0,236.0,True,circular,35.0
SCN_010,805,26.8,TGT_002,DECOY_TARGET,409,289,9,9,413.5,293.5,True,figure_8,38.0
SCN_010,805,26.8,TGT_003,DECOY_TARGET,629,135,11,11,634.5,140.5,False,straight_line,24.0
SCN_010,806,26.8333,TGT_001,COMMUNICATION_TARGET,465,232,10,10,470.0,237.0,True,circular,35.0
SCN_010,806,26.8333,TGT_002,DECOY_TARGET,410,288,9,9,414.5,292.5,True,figure_8,38.0
SCN_010,806,26.8333,TGT_003,DECOY_TARGET,629,134,11,11,634.5,139.5,False,straight_line,24.0
SCN_010,807,26.8667,TGT_001,COMMUNICATION_TARGET,465,233,10,10,470.0,238.0,True,circular,35.0
SCN_010,807,26.8667,TGT_002,DECOY_TARGET,411,287,9,9,415.5,291.5,True,figure_8,38.0
SCN_010,807,26.8667,TGT_003,DECOY_TARGET,629,134,11,11,634.5,139.5,False,straight_line,24.0
SCN_010,808,26.9,TGT_001,COMMUNICATION_TARGET,465,234,10,10,470.0,239.0,True,circular,35.0
SCN_010,808,26.9,TGT_002,DECOY_TARGET,412,286,9,9,416.5,290.5,True,figure_8,38.0
SCN_010,808,26.9,TGT_003,DECOY_TARGET,629,134,11,11,634.5,139.5,False,straight_line,24.0
SCN_010,809,26.9333,TGT_001,COMMUNICATION_TARGET,465,235,10,10,470.0,240.0,True,circular,35.0
SCN_010,809,26.9333,TGT_002,DECOY_TARGET,413,285,9,9,417.5,289.5,True,figure_8,38.0
SCN_010,809,26.9333,TGT_003,DECOY_TARGET,629,133,11,11,634.5,138.5,False,straight_line,24.0
SCN_010,810,26.9667,TGT_001,COMMUNICATION_TARGET,465,236,10,10,470.0,241.0,True,circular,35.0
SCN_010,810,26.9667,TGT_002,DECOY_TARGET,414,284,9,9,418.5,288.5,True,figure_8,38.0
SCN_010,810,26.9667,TGT_003,DECOY_TARGET,629,133,11,11,634.5,138.5,False,straight_line,24.0
SCN_010,811,27.0,TGT_001,COMMUNICATION_TARGET,465,238,10,10,470.0,243.0,True,circular,35.0
SCN_010,811,27.0,TGT_002,DECOY_TARGET,415,283,9,9,419.5,287.5,True,figure_8,38.0
SCN_010,811,27.0,TGT_003,DECOY_TARGET,629,133,11,11,634.5,138.5,False,straight_line,24.0
SCN_010,812,27.0333,TGT_001,COMMUNICATION_TARGET,465,239,10,10,470.0,244.0,True,circular,35.0
SCN_010,812,27.0333,TGT_002,DECOY_TARGET,415,282,9,9,419.5,286.5,True,figure_8,38.0
SCN_010,812,27.0333,TGT_003,DECOY_TARGET,629,133,11,11,634.5,138.5,False,straight_line,24.0
SCN_010,813,27.0667,TGT_001,COMMUNICATION_TARGET,465,240,10,10,470.0,245.0,True,circular,35.0
SCN_010,813,27.0667,TGT_002,DECOY_TARGET,416,280,9,9,420.5,284.5,True,figure_8,38.0
SCN_010,813,27.0667,TGT_003,DECOY_TARGET,629,132,11,11,634.5,137.5,False,straight_line,24.0
SCN_010,814,27.1,TGT_001,COMMUNICATION_TARGET,465,241,10,10,470.0,246.0,True,circular,35.0
SCN_010,814,27.1,TGT_002,DECOY_TARGET,417,279,9,9,421.5,283.5,True,figure_8,38.0
SCN_010,814,27.1,TGT_003,DECOY_TARGET,629,132,11,11,634.5,137.5,False,straight_line,24.0
SCN_010,815,27.1333,TGT_001,COMMUNICATION_TARGET,465,242,10,10,470.0,247.0,True,circular,35.0
SCN_010,815,27.1333,TGT_002,DECOY_TARGET,418,277,9,9,422.5,281.5,True,figure_8,38.0
SCN_010,815,27.1333,TGT_003,DECOY_TARGET,629,132,11,11,634.5,137.5,False,straight_line,24.0
SCN_010,816,27.1667,TGT_001,COMMUNICATION_TARGET,465,243,10,10,470.0,248.0,True,circular,35.0
SCN_010,816,27.1667,TGT_002,DECOY_TARGET,418,276,9,9,422.5,280.5,True,figure_8,38.0
SCN_010,816,27.1667,TGT_003,DECOY_TARGET,629,132,11,11,634.5,137.5,False,straight_line,24.0
SCN_010,817,27.2,TGT_001,COMMUNICATION_TARGET,465,245,10,10,470.0,250.0,True,circular,35.0
SCN_010,817,27.2,TGT_002,DECOY_TARGET,419,274,9,9,423.5,278.5,True,figure_8,38.0
SCN_010,817,27.2,TGT_003,DECOY_TARGET,629,131,11,11,634.5,136.5,False,straight_line,24.0
SCN_010,818,27.2333,TGT_001,COMMUNICATION_TARGET,465,246,10,10,470.0,251.0,True,circular,35.0
SCN_010,818,27.2333,TGT_002,DECOY_TARGET,420,273,9,9,424.5,277.5,True,figure_8,38.0
SCN_010,818,27.2333,TGT_003,DECOY_TARGET,629,131,11,11,634.5,136.5,False,straight_line,24.0
SCN_010,819,27.2667,TGT_001,COMMUNICATION_TARGET,465,247,10,10,470.0,252.0,True,circular,35.0
SCN_010,819,27.2667,TGT_002,DECOY_TARGET,420,271,9,9,424.5,275.5,True,figure_8,38.0
SCN_010,819,27.2667,TGT_003,DECOY_TARGET,629,131,11,11,634.5,136.5,False,straight_line,24.0
SCN_010,820,27.3,TGT_001,COMMUNICATION_TARGET,464,248,10,10,469.0,253.0,True,circular,35.0
SCN_010,820,27.3,TGT_002,DECOY_TARGET,421,269,9,9,425.5,273.5,True,figure_8,38.0
SCN_010,820,27.3,TGT_003,DECOY_TARGET,629,130,11,11,634.5,135.5,False,straight_line,24.0
SCN_010,821,27.3333,TGT_001,COMMUNICATION_TARGET,464,249,10,10,469.0,254.0,True,circular,35.0
SCN_010,821,27.3333,TGT_002,DECOY_TARGET,421,268,9,9,425.5,272.5,True,figure_8,38.0
SCN_010,821,27.3333,TGT_003,DECOY_TARGET,629,130,11,11,634.5,135.5,False,straight_line,24.0
SCN_010,822,27.3667,TGT_001,COMMUNICATION_TARGET,464,250,10,10,469.0,255.0,True,circular,35.0
SCN_010,822,27.3667,TGT_002,DECOY_TARGET,422,266,9,9,426.5,270.5,True,figure_8,38.0
SCN_010,822,27.3667,TGT_003,DECOY_TARGET,629,130,11,11,634.5,135.5,False,straight_line,24.0
SCN_010,823,27.4,TGT_001,COMMUNICATION_TARGET,464,251,10,10,469.0,256.0,True,circular,35.0
SCN_010,823,27.4,TGT_002,DECOY_TARGET,422,264,9,9,426.5,268.5,True,figure_8,38.0
SCN_010,823,27.4,TGT_003,DECOY_TARGET,629,130,11,11,634.5,135.5,False,straight_line,24.0
SCN_010,824,27.4333,TGT_001,COMMUNICATION_TARGET,464,253,10,10,469.0,258.0,True,circular,35.0
SCN_010,824,27.4333,TGT_002,DECOY_TARGET,423,262,9,9,427.5,266.5,True,figure_8,38.0
SCN_010,824,27.4333,TGT_003,DECOY_TARGET,629,129,11,11,634.5,134.5,False,straight_line,24.0
SCN_010,825,27.4667,TGT_001,COMMUNICATION_TARGET,464,254,10,10,469.0,259.0,True,circular,35.0
SCN_010,825,27.4667,TGT_002,DECOY_TARGET,423,260,9,9,427.5,264.5,True,figure_8,38.0
SCN_010,825,27.4667,TGT_003,DECOY_TARGET,629,129,11,11,634.5,134.5,False,straight_line,24.0
SCN_010,826,27.5,TGT_001,COMMUNICATION_TARGET,464,255,10,10,469.0,260.0,True,circular,35.0
SCN_010,826,27.5,TGT_002,DECOY_TARGET,423,259,9,9,427.5,263.5,True,figure_8,38.0
SCN_010,826,27.5,TGT_003,DECOY_TARGET,629,129,11,11,634.5,134.5,False,straight_line,24.0
SCN_010,827,27.5333,TGT_001,COMMUNICATION_TARGET,464,256,10,10,469.0,261.0,True,circular,35.0
SCN_010,827,27.5333,TGT_002,DECOY_TARGET,424,257,9,9,428.5,261.5,True,figure_8,38.0
SCN_010,827,27.5333,TGT_003,DECOY_TARGET,629,128,11,11,634.5,133.5,False,straight_line,24.0
SCN_010,828,27.5667,TGT_001,COMMUNICATION_TARGET,463,257,10,10,468.0,262.0,True,circular,35.0
SCN_010,828,27.5667,TGT_002,DECOY_TARGET,424,255,9,9,428.5,259.5,True,figure_8,38.0
SCN_010,828,27.5667,TGT_003,DECOY_TARGET,629,128,11,11,634.5,133.5,False,straight_line,24.0
SCN_010,829,27.6,TGT_001,COMMUNICATION_TARGET,463,258,10,10,468.0,263.0,True,circular,35.0
SCN_010,829,27.6,TGT_002,DECOY_TARGET,424,253,9,9,428.5,257.5,True,figure_8,38.0
SCN_010,829,27.6,TGT_003,DECOY_TARGET,629,128,11,11,634.5,133.5,False,straight_line,24.0
SCN_010,830,27.6333,TGT_001,COMMUNICATION_TARGET,463,260,10,10,468.0,265.0,True,circular,35.0
SCN_010,830,27.6333,TGT_002,DECOY_TARGET,425,251,9,9,429.5,255.5,True,figure_8,38.0
SCN_010,830,27.6333,TGT_003,DECOY_TARGET,629,128,11,11,634.5,133.5,False,straight_line,24.0
SCN_010,831,27.6667,TGT_001,COMMUNICATION_TARGET,463,261,10,10,468.0,266.0,True,circular,35.0
SCN_010,831,27.6667,TGT_002,DECOY_TARGET,425,249,9,9,429.5,253.5,True,figure_8,38.0
SCN_010,831,27.6667,TGT_003,DECOY_TARGET,629,127,11,11,634.5,132.5,False,straight_line,24.0
SCN_010,832,27.7,TGT_001,COMMUNICATION_TARGET,463,262,10,10,468.0,267.0,True,circular,35.0
SCN_010,832,27.7,TGT_002,DECOY_TARGET,425,247,9,9,429.5,251.5,True,figure_8,38.0
SCN_010,832,27.7,TGT_003,DECOY_TARGET,629,127,11,11,634.5,132.5,False,straight_line,24.0
SCN_010,833,27.7333,TGT_001,COMMUNICATION_TARGET,462,263,10,10,467.0,268.0,True,circular,35.0
SCN_010,833,27.7333,TGT_002,DECOY_TARGET,425,245,9,9,429.5,249.5,True,figure_8,38.0
SCN_010,833,27.7333,TGT_003,DECOY_TARGET,629,127,11,11,634.5,132.5,False,straight_line,24.0
SCN_010,834,27.7667,TGT_001,COMMUNICATION_TARGET,462,264,10,10,467.0,269.0,True,circular,35.0
SCN_010,834,27.7667,TGT_002,DECOY_TARGET,425,243,9,9,429.5,247.5,True,figure_8,38.0
SCN_010,834,27.7667,TGT_003,DECOY_TARGET,629,127,11,11,634.5,132.5,False,straight_line,24.0
SCN_010,835,27.8,TGT_001,COMMUNICATION_TARGET,462,265,10,10,467.0,270.0,True,circular,35.0
SCN_010,835,27.8,TGT_002,DECOY_TARGET,425,241,9,9,429.5,245.5,True,figure_8,38.0
SCN_010,835,27.8,TGT_003,DECOY_TARGET,629,126,11,11,634.5,131.5,False,straight_line,24.0
SCN_010,836,27.8333,TGT_001,COMMUNICATION_TARGET,462,266,10,10,467.0,271.0,True,circular,35.0
SCN_010,836,27.8333,TGT_002,DECOY_TARGET,425,239,9,9,429.5,243.5,True,figure_8,38.0
SCN_010,836,27.8333,TGT_003,DECOY_TARGET,629,126,11,11,634.5,131.5,False,straight_line,24.0
SCN_010,837,27.8667,TGT_001,COMMUNICATION_TARGET,461,268,10,10,466.0,273.0,True,circular,35.0
SCN_010,837,27.8667,TGT_002,DECOY_TARGET,425,237,9,9,429.5,241.5,True,figure_8,38.0
SCN_010,837,27.8667,TGT_003,DECOY_TARGET,629,126,11,11,634.5,131.5,False,straight_line,24.0
SCN_010,838,27.9,TGT_001,COMMUNICATION_TARGET,461,269,10,10,466.0,274.0,True,circular,35.0
SCN_010,838,27.9,TGT_002,DECOY_TARGET,425,235,9,9,429.5,239.5,True,figure_8,38.0
SCN_010,838,27.9,TGT_003,DECOY_TARGET,629,125,11,11,634.5,130.5,False,straight_line,24.0
SCN_010,839,27.9333,TGT_001,COMMUNICATION_TARGET,461,270,10,10,466.0,275.0,True,circular,35.0
SCN_010,839,27.9333,TGT_002,DECOY_TARGET,425,233,9,9,429.5,237.5,True,figure_8,38.0
SCN_010,839,27.9333,TGT_003,DECOY_TARGET,629,125,11,11,634.5,130.5,False,straight_line,24.0
SCN_010,840,27.9667,TGT_001,COMMUNICATION_TARGET,461,271,10,10,466.0,276.0,True,circular,35.0
SCN_010,840,27.9667,TGT_002,DECOY_TARGET,425,231,9,9,429.5,235.5,True,figure_8,38.0
SCN_010,840,27.9667,TGT_003,DECOY_TARGET,629,125,11,11,634.5,130.5,False,straight_line,24.0
SCN_010,841,28.0,TGT_001,COMMUNICATION_TARGET,460,272,10,10,465.0,277.0,True,circular,35.0
SCN_010,841,28.0,TGT_002,DECOY_TARGET,425,228,9,9,429.5,232.5,True,figure_8,38.0
SCN_010,841,28.0,TGT_003,DECOY_TARGET,629,125,11,11,634.5,130.5,False,straight_line,24.0
SCN_010,842,28.0333,TGT_001,COMMUNICATION_TARGET,460,273,10,10,465.0,278.0,True,circular,35.0
SCN_010,842,28.0333,TGT_002,DECOY_TARGET,425,226,9,9,429.5,230.5,True,figure_8,38.0
SCN_010,842,28.0333,TGT_003,DECOY_TARGET,629,124,11,11,634.5,129.5,False,straight_line,24.0
SCN_010,843,28.0667,TGT_001,COMMUNICATION_TARGET,460,274,10,10,465.0,279.0,True,circular,35.0
SCN_010,843,28.0667,TGT_002,DECOY_TARGET,425,224,9,9,429.5,228.5,True,figure_8,38.0
SCN_010,843,28.0667,TGT_003,DECOY_TARGET,629,124,11,11,634.5,129.5,False,straight_line,24.0
SCN_010,844,28.1,TGT_001,COMMUNICATION_TARGET,459,276,10,10,464.0,281.0,True,circular,35.0
SCN_010,844,28.1,TGT_002,DECOY_TARGET,425,222,9,9,429.5,226.5,True,figure_8,38.0
SCN_010,844,28.1,TGT_003,DECOY_TARGET,629,124,11,11,634.5,129.5,False,straight_line,24.0
SCN_010,845,28.1333,TGT_001,COMMUNICATION_TARGET,459,277,10,10,464.0,282.0,True,circular,35.0
SCN_010,845,28.1333,TGT_002,DECOY_TARGET,425,220,9,9,429.5,224.5,True,figure_8,38.0
SCN_010,845,28.1333,TGT_003,DECOY_TARGET,629,124,11,11,634.5,129.5,False,straight_line,24.0
SCN_010,846,28.1667,TGT_001,COMMUNICATION_TARGET,459,278,10,10,464.0,283.0,True,circular,35.0
SCN_010,846,28.1667,TGT_002,DECOY_TARGET,424,218,9,9,428.5,222.5,True,figure_8,38.0
SCN_010,846,28.1667,TGT_003,DECOY_TARGET,629,123,11,11,634.5,128.5,False,straight_line,24.0
SCN_010,847,28.2,TGT_001,COMMUNICATION_TARGET,458,279,10,10,463.0,284.0,True,circular,35.0
SCN_010,847,28.2,TGT_002,DECOY_TARGET,424,217,9,9,428.5,221.5,True,figure_8,38.0
SCN_010,847,28.2,TGT_003,DECOY_TARGET,629,123,11,11,634.5,128.5,False,straight_line,24.0
SCN_010,848,28.2333,TGT_001,COMMUNICATION_TARGET,458,280,10,10,463.0,285.0,True,circular,35.0
SCN_010,848,28.2333,TGT_002,DECOY_TARGET,424,215,9,9,428.5,219.5,True,figure_8,38.0
SCN_010,848,28.2333,TGT_003,DECOY_TARGET,629,123,11,11,634.5,128.5,False,straight_line,24.0
SCN_010,849,28.2667,TGT_001,COMMUNICATION_TARGET,458,281,10,10,463.0,286.0,True,circular,35.0
SCN_010,849,28.2667,TGT_002,DECOY_TARGET,423,213,9,9,427.5,217.5,True,figure_8,38.0
SCN_010,849,28.2667,TGT_003,DECOY_TARGET,629,122,11,11,634.5,127.5,False,straight_line,24.0
SCN_010,850,28.3,TGT_001,COMMUNICATION_TARGET,457,282,10,10,462.0,287.0,True,circular,35.0
SCN_010,850,28.3,TGT_002,DECOY_TARGET,423,211,9,9,427.5,215.5,True,figure_8,38.0
SCN_010,850,28.3,TGT_003,DECOY_TARGET,629,122,11,11,634.5,127.5,False,straight_line,24.0
SCN_010,851,28.3333,TGT_001,COMMUNICATION_TARGET,457,283,10,10,462.0,288.0,True,circular,35.0
SCN_010,851,28.3333,TGT_002,DECOY_TARGET,423,209,9,9,427.5,213.5,True,figure_8,38.0
SCN_010,851,28.3333,TGT_003,DECOY_TARGET,629,122,11,11,634.5,127.5,False,straight_line,24.0
SCN_010,852,28.3667,TGT_001,COMMUNICATION_TARGET,457,284,10,10,462.0,289.0,True,circular,35.0
SCN_010,852,28.3667,TGT_002,DECOY_TARGET,422,207,9,9,426.5,211.5,True,figure_8,38.0
SCN_010,852,28.3667,TGT_003,DECOY_TARGET,629,122,11,11,634.5,127.5,False,straight_line,24.0
SCN_010,853,28.4,TGT_001,COMMUNICATION_TARGET,456,286,10,10,461.0,291.0,True,circular,35.0
SCN_010,853,28.4,TGT_002,DECOY_TARGET,422,205,9,9,426.5,209.5,True,figure_8,38.0
SCN_010,853,28.4,TGT_003,DECOY_TARGET,629,121,11,11,634.5,126.5,False,straight_line,24.0
SCN_010,854,28.4333,TGT_001,COMMUNICATION_TARGET,456,287,10,10,461.0,292.0,True,circular,35.0
SCN_010,854,28.4333,TGT_002,DECOY_TARGET,421,204,9,9,425.5,208.5,True,figure_8,38.0
SCN_010,854,28.4333,TGT_003,DECOY_TARGET,629,121,11,11,634.5,126.5,False,straight_line,24.0
SCN_010,855,28.4667,TGT_001,COMMUNICATION_TARGET,455,288,10,10,460.0,293.0,True,circular,35.0
SCN_010,855,28.4667,TGT_002,DECOY_TARGET,421,202,9,9,425.5,206.5,True,figure_8,38.0
SCN_010,855,28.4667,TGT_003,DECOY_TARGET,629,121,11,11,634.5,126.5,False,straight_line,24.0
SCN_010,856,28.5,TGT_001,COMMUNICATION_TARGET,455,289,10,10,460.0,294.0,True,circular,35.0
SCN_010,856,28.5,TGT_002,DECOY_TARGET,420,200,9,9,424.5,204.5,True,figure_8,38.0
SCN_010,856,28.5,TGT_003,DECOY_TARGET,629,121,11,11,634.5,126.5,False,straight_line,24.0
SCN_010,857,28.5333,TGT_001,COMMUNICATION_TARGET,455,290,10,10,460.0,295.0,True,circular,35.0
SCN_010,857,28.5333,TGT_002,DECOY_TARGET,420,199,9,9,424.5,203.5,True,figure_8,38.0
SCN_010,857,28.5333,TGT_003,DECOY_TARGET,629,120,11,11,634.5,125.5,False,straight_line,24.0
SCN_010,858,28.5667,TGT_001,COMMUNICATION_TARGET,454,291,10,10,459.0,296.0,True,circular,35.0
SCN_010,858,28.5667,TGT_002,DECOY_TARGET,419,197,9,9,423.5,201.5,True,figure_8,38.0
SCN_010,858,28.5667,TGT_003,DECOY_TARGET,629,120,11,11,634.5,125.5,False,straight_line,24.0
SCN_010,859,28.6,TGT_001,COMMUNICATION_TARGET,454,292,10,10,459.0,297.0,True,circular,35.0
SCN_010,859,28.6,TGT_002,DECOY_TARGET,418,195,9,9,422.5,199.5,True,figure_8,38.0
SCN_010,859,28.6,TGT_003,DECOY_TARGET,629,120,11,11,634.5,125.5,False,straight_line,24.0
SCN_010,860,28.6333,TGT_001,COMMUNICATION_TARGET,453,293,10,10,458.0,298.0,True,circular,35.0
SCN_010,860,28.6333,TGT_002,DECOY_TARGET,418,194,9,9,422.5,198.5,True,figure_8,38.0
SCN_010,860,28.6333,TGT_003,DECOY_TARGET,629,119,11,11,634.5,124.5,False,straight_line,24.0
SCN_010,861,28.6667,TGT_001,COMMUNICATION_TARGET,453,294,10,10,458.0,299.0,True,circular,35.0
SCN_010,861,28.6667,TGT_002,DECOY_TARGET,417,192,9,9,421.5,196.5,True,figure_8,38.0
SCN_010,861,28.6667,TGT_003,DECOY_TARGET,629,119,11,11,634.5,124.5,False,straight_line,24.0
SCN_010,862,28.7,TGT_001,COMMUNICATION_TARGET,452,295,10,10,457.0,300.0,True,circular,35.0
SCN_010,862,28.7,TGT_002,DECOY_TARGET,416,191,9,9,420.5,195.5,True,figure_8,38.0
SCN_010,862,28.7,TGT_003,DECOY_TARGET,629,119,11,11,634.5,124.5,False,straight_line,24.0
SCN_010,863,28.7333,TGT_001,COMMUNICATION_TARGET,452,296,10,10,457.0,301.0,True,circular,35.0
SCN_010,863,28.7333,TGT_002,DECOY_TARGET,415,190,9,9,419.5,194.5,True,figure_8,38.0
SCN_010,863,28.7333,TGT_003,DECOY_TARGET,629,119,11,11,634.5,124.5,False,straight_line,24.0
SCN_010,864,28.7667,TGT_001,COMMUNICATION_TARGET,451,297,10,10,456.0,302.0,True,circular,35.0
SCN_010,864,28.7667,TGT_002,DECOY_TARGET,415,188,9,9,419.5,192.5,True,figure_8,38.0
SCN_010,864,28.7667,TGT_003,DECOY_TARGET,629,118,11,11,634.5,123.5,False,straight_line,24.0
SCN_010,865,28.8,TGT_001,COMMUNICATION_TARGET,451,298,10,10,456.0,303.0,True,circular,35.0
SCN_010,865,28.8,TGT_002,DECOY_TARGET,414,187,9,9,418.5,191.5,True,figure_8,38.0
SCN_010,865,28.8,TGT_003,DECOY_TARGET,629,118,11,11,634.5,123.5,False,straight_line,24.0
SCN_010,866,28.8333,TGT_001,COMMUNICATION_TARGET,450,300,10,10,455.0,305.0,True,circular,35.0
SCN_010,866,28.8333,TGT_002,DECOY_TARGET,413,186,9,9,417.5,190.5,True,figure_8,38.0
SCN_010,866,28.8333,TGT_003,DECOY_TARGET,629,118,11,11,634.5,123.5,False,straight_line,24.0
SCN_010,867,28.8667,TGT_001,COMMUNICATION_TARGET,450,301,10,10,455.0,306.0,True,circular,35.0
SCN_010,867,28.8667,TGT_002,DECOY_TARGET,412,185,9,9,416.5,189.5,True,figure_8,38.0
SCN_010,867,28.8667,TGT_003,DECOY_TARGET,629,118,11,11,634.5,123.5,False,straight_line,24.0
SCN_010,868,28.9,TGT_001,COMMUNICATION_TARGET,449,302,10,10,454.0,307.0,True,circular,35.0
SCN_010,868,28.9,TGT_002,DECOY_TARGET,411,184,9,9,415.5,188.5,True,figure_8,38.0
SCN_010,868,28.9,TGT_003,DECOY_TARGET,629,117,11,11,634.5,122.5,False,straight_line,24.0
SCN_010,869,28.9333,TGT_001,COMMUNICATION_TARGET,449,303,10,10,454.0,308.0,True,circular,35.0
SCN_010,869,28.9333,TGT_002,DECOY_TARGET,410,183,9,9,414.5,187.5,True,figure_8,38.0
SCN_010,869,28.9333,TGT_003,DECOY_TARGET,629,117,11,11,634.5,122.5,False,straight_line,24.0
SCN_010,870,28.9667,TGT_001,COMMUNICATION_TARGET,448,304,10,10,453.0,309.0,True,circular,35.0
SCN_010,870,28.9667,TGT_002,DECOY_TARGET,409,182,9,9,413.5,186.5,True,figure_8,38.0
SCN_010,870,28.9667,TGT_003,DECOY_TARGET,629,117,11,11,634.5,122.5,False,straight_line,24.0
SCN_010,871,29.0,TGT_001,COMMUNICATION_TARGET,448,305,10,10,453.0,310.0,True,circular,35.0
SCN_010,871,29.0,TGT_002,DECOY_TARGET,408,181,9,9,412.5,185.5,True,figure_8,38.0
SCN_010,871,29.0,TGT_003,DECOY_TARGET,629,116,11,11,634.5,121.5,False,straight_line,24.0
SCN_010,872,29.0333,TGT_001,COMMUNICATION_TARGET,447,306,10,10,452.0,311.0,True,circular,35.0
SCN_010,872,29.0333,TGT_002,DECOY_TARGET,407,180,9,9,411.5,184.5,True,figure_8,38.0
SCN_010,872,29.0333,TGT_003,DECOY_TARGET,629,116,11,11,634.5,121.5,False,straight_line,24.0
SCN_010,873,29.0667,TGT_001,COMMUNICATION_TARGET,447,307,10,10,452.0,312.0,True,circular,35.0
SCN_010,873,29.0667,TGT_002,DECOY_TARGET,406,179,9,9,410.5,183.5,True,figure_8,38.0
SCN_010,873,29.0667,TGT_003,DECOY_TARGET,629,116,11,11,634.5,121.5,False,straight_line,24.0
SCN_010,874,29.1,TGT_001,COMMUNICATION_TARGET,446,308,10,10,451.0,313.0,True,circular,35.0
SCN_010,874,29.1,TGT_002,DECOY_TARGET,405,178,9,9,409.5,182.5,True,figure_8,38.0
SCN_010,874,29.1,TGT_003,DECOY_TARGET,629,116,11,11,634.5,121.5,False,straight_line,24.0
SCN_010,875,29.1333,TGT_001,COMMUNICATION_TARGET,446,309,10,10,451.0,314.0,True,circular,35.0
SCN_010,875,29.1333,TGT_002,DECOY_TARGET,404,178,9,9,408.5,182.5,True,figure_8,38.0
SCN_010,875,29.1333,TGT_003,DECOY_TARGET,629,115,11,11,634.5,120.5,False,straight_line,24.0
SCN_010,876,29.1667,TGT_001,COMMUNICATION_TARGET,445,310,10,10,450.0,315.0,True,circular,35.0
SCN_010,876,29.1667,TGT_002,DECOY_TARGET,403,177,9,9,407.5,181.5,True,figure_8,38.0
SCN_010,876,29.1667,TGT_003,DECOY_TARGET,629,115,11,11,634.5,120.5,False,straight_line,24.0
SCN_010,877,29.2,TGT_001,COMMUNICATION_TARGET,444,311,10,10,449.0,316.0,True,circular,35.0
SCN_010,877,29.2,TGT_002,DECOY_TARGET,402,177,9,9,406.5,181.5,True,figure_8,38.0
SCN_010,877,29.2,TGT_003,DECOY_TARGET,629,115,11,11,634.5,120.5,False,straight_line,24.0
SCN_010,878,29.2333,TGT_001,COMMUNICATION_TARGET,444,312,10,10,449.0,317.0,True,circular,35.0
SCN_010,878,29.2333,TGT_002,DECOY_TARGET,401,176,9,9,405.5,180.5,True,figure_8,38.0
SCN_010,878,29.2333,TGT_003,DECOY_TARGET,629,115,11,11,634.5,120.5,False,straight_line,24.0
SCN_010,879,29.2667,TGT_001,COMMUNICATION_TARGET,443,313,10,10,448.0,318.0,True,circular,35.0
SCN_010,879,29.2667,TGT_002,DECOY_TARGET,400,176,9,9,404.5,180.5,True,figure_8,38.0
SCN_010,879,29.2667,TGT_003,DECOY_TARGET,629,114,11,11,634.5,119.5,False,straight_line,24.0
SCN_010,880,29.3,TGT_001,COMMUNICATION_TARGET,443,314,10,10,448.0,319.0,True,circular,35.0
SCN_010,880,29.3,TGT_002,DECOY_TARGET,398,176,9,9,402.5,180.5,True,figure_8,38.0
SCN_010,880,29.3,TGT_003,DECOY_TARGET,629,114,11,11,634.5,119.5,False,straight_line,24.0
SCN_010,881,29.3333,TGT_001,COMMUNICATION_TARGET,442,315,10,10,447.0,320.0,True,circular,35.0
SCN_010,881,29.3333,TGT_002,DECOY_TARGET,397,175,9,9,401.5,179.5,True,figure_8,38.0
SCN_010,881,29.3333,TGT_003,DECOY_TARGET,629,114,11,11,634.5,119.5,False,straight_line,24.0
SCN_010,882,29.3667,TGT_001,COMMUNICATION_TARGET,441,316,10,10,446.0,321.0,True,circular,35.0
SCN_010,882,29.3667,TGT_002,DECOY_TARGET,396,175,9,9,400.5,179.5,True,figure_8,38.0
SCN_010,882,29.3667,TGT_003,DECOY_TARGET,629,113,11,11,634.5,118.5,False,straight_line,24.0
SCN_010,883,29.4,TGT_001,COMMUNICATION_TARGET,441,317,10,10,446.0,322.0,True,circular,35.0
SCN_010,883,29.4,TGT_002,DECOY_TARGET,395,175,9,9,399.5,179.5,True,figure_8,38.0
SCN_010,883,29.4,TGT_003,DECOY_TARGET,629,113,11,11,634.5,118.5,False,straight_line,24.0
SCN_010,884,29.4333,TGT_001,COMMUNICATION_TARGET,440,318,10,10,445.0,323.0,True,circular,35.0
SCN_010,884,29.4333,TGT_002,DECOY_TARGET,393,175,9,9,397.5,179.5,True,figure_8,38.0
SCN_010,884,29.4333,TGT_003,DECOY_TARGET,629,113,11,11,634.5,118.5,False,straight_line,24.0
SCN_010,885,29.4667,TGT_001,COMMUNICATION_TARGET,439,319,10,10,444.0,324.0,True,circular,35.0
SCN_010,885,29.4667,TGT_002,DECOY_TARGET,392,175,9,9,396.5,179.5,True,figure_8,38.0
SCN_010,885,29.4667,TGT_003,DECOY_TARGET,629,113,11,11,634.5,118.5,False,straight_line,24.0
SCN_010,886,29.5,TGT_001,COMMUNICATION_TARGET,439,320,10,10,444.0,325.0,True,circular,35.0
SCN_010,886,29.5,TGT_002,DECOY_TARGET,391,175,9,9,395.5,179.5,True,figure_8,38.0
SCN_010,886,29.5,TGT_003,DECOY_TARGET,629,112,11,11,634.5,117.5,False,straight_line,24.0
SCN_010,887,29.5333,TGT_001,COMMUNICATION_TARGET,438,321,10,10,443.0,326.0,True,circular,35.0
SCN_010,887,29.5333,TGT_002,DECOY_TARGET,389,175,9,9,393.5,179.5,True,figure_8,38.0
SCN_010,887,29.5333,TGT_003,DECOY_TARGET,629,112,11,11,634.5,117.5,False,straight_line,24.0
SCN_010,888,29.5667,TGT_001,COMMUNICATION_TARGET,437,322,10,10,442.0,327.0,True,circular,35.0
SCN_010,888,29.5667,TGT_002,DECOY_TARGET,388,176,9,9,392.5,180.5,True,figure_8,38.0
SCN_010,888,29.5667,TGT_003,DECOY_TARGET,629,112,11,11,634.5,117.5,False,straight_line,24.0
SCN_010,889,29.6,TGT_001,COMMUNICATION_TARGET,437,323,10,10,442.0,328.0,True,circular,35.0
SCN_010,889,29.6,TGT_002,DECOY_TARGET,387,176,9,9,391.5,180.5,True,figure_8,38.0
SCN_010,889,29.6,TGT_003,DECOY_TARGET,629,112,11,11,634.5,117.5,False,straight_line,24.0
SCN_010,890,29.6333,TGT_001,COMMUNICATION_TARGET,436,324,10,10,441.0,329.0,True,circular,35.0
SCN_010,890,29.6333,TGT_002,DECOY_TARGET,385,176,9,9,389.5,180.5,True,figure_8,38.0
SCN_010,890,29.6333,TGT_003,DECOY_TARGET,629,111,11,11,634.5,116.5,False,straight_line,24.0
SCN_010,891,29.6667,TGT_001,COMMUNICATION_TARGET,435,324,10,10,440.0,329.0,True,circular,35.0
SCN_010,891,29.6667,TGT_002,DECOY_TARGET,384,177,9,9,388.5,181.5,True,figure_8,38.0
SCN_010,891,29.6667,TGT_003,DECOY_TARGET,629,111,11,11,634.5,116.5,False,straight_line,24.0
SCN_010,892,29.7,TGT_001,COMMUNICATION_TARGET,435,325,10,10,440.0,330.0,True,circular,35.0
SCN_010,892,29.7,TGT_002,DECOY_TARGET,382,177,9,9,386.5,181.5,True,figure_8,38.0
SCN_010,892,29.7,TGT_003,DECOY_TARGET,629,111,11,11,634.5,116.5,False,straight_line,24.0
SCN_010,893,29.7333,TGT_001,COMMUNICATION_TARGET,434,326,10,10,439.0,331.0,True,circular,35.0
SCN_010,893,29.7333,TGT_002,DECOY_TARGET,381,178,9,9,385.5,182.5,True,figure_8,38.0
SCN_010,893,29.7333,TGT_003,DECOY_TARGET,629,110,11,11,634.5,115.5,False,straight_line,24.0
SCN_010,894,29.7667,TGT_001,COMMUNICATION_TARGET,433,327,10,10,438.0,332.0,True,circular,35.0
SCN_010,894,29.7667,TGT_002,DECOY_TARGET,379,178,9,9,383.5,182.5,True,figure_8,38.0
SCN_010,894,29.7667,TGT_003,DECOY_TARGET,629,110,11,11,634.5,115.5,False,straight_line,24.0
SCN_010,895,29.8,TGT_001,COMMUNICATION_TARGET,433,328,10,10,438.0,333.0,True,circular,35.0
SCN_010,895,29.8,TGT_002,DECOY_TARGET,378,179,9,9,382.5,183.5,True,figure_8,38.0
SCN_010,895,29.8,TGT_003,DECOY_TARGET,629,110,11,11,634.5,115.5,False,straight_line,24.0
SCN_010,896,29.8333,TGT_001,COMMUNICATION_TARGET,432,329,10,10,437.0,334.0,True,circular,35.0
SCN_010,896,29.8333,TGT_002,DECOY_TARGET,376,180,9,9,380.5,184.5,True,figure_8,38.0
SCN_010,896,29.8333,TGT_003,DECOY_TARGET,629,110,11,11,634.5,115.5,False,straight_line,24.0
SCN_010,897,29.8667,TGT_001,COMMUNICATION_TARGET,431,330,10,10,436.0,335.0,True,circular,35.0
SCN_010,897,29.8667,TGT_002,DECOY_TARGET,375,181,9,9,379.5,185.5,True,figure_8,38.0
SCN_010,897,29.8667,TGT_003,DECOY_TARGET,629,109,11,11,634.5,114.5,False,straight_line,24.0
SCN_010,898,29.9,TGT_001,COMMUNICATION_TARGET,430,331,10,10,435.0,336.0,True,circular,35.0
SCN_010,898,29.9,TGT_002,DECOY_TARGET,373,182,9,9,377.5,186.5,True,figure_8,38.0
SCN_010,898,29.9,TGT_003,DECOY_TARGET,629,109,11,11,634.5,114.5,False,straight_line,24.0
SCN_010,899,29.9333,TGT_001,COMMUNICATION_TARGET,430,332,10,10,435.0,337.0,True,circular,35.0
SCN_010,899,29.9333,TGT_002,DECOY_TARGET,371,183,9,9,375.5,187.5,True,figure_8,38.0
SCN_010,899,29.9333,TGT_003,DECOY_TARGET,629,109,11,11,634.5,114.5,False,straight_line,24.0
SCN_010,900,29.9667,TGT_001,COMMUNICATION_TARGET,429,333,10,10,434.0,338.0,True,circular,35.0
SCN_010,900,29.9667,TGT_002,DECOY_TARGET,370,184,9,9,374.5,188.5,True,figure_8,38.0
SCN_010,900,29.9667,TGT_003,DECOY_TARGET,629,109,11,11,634.5,114.5,False,straight_line,24.0
