scenario_id,frame_id,timestamp,candidate_id,x,y,width,height,center_x,center_y,area,brightness,confidence
SCN_012,1,0.0,cand_001,446,236,10,10,451.0,241.0,81.0,255.0,1.0
SCN_012,1,0.0,cand_002,106,236,10,10,111.0,241.0,81.0,255.0,1.0
SCN_012,1,0.0,cand_003,437,217,9,9,441.5,221.5,64.0,255.0,1.0
SCN_012,2,0.0333,cand_001,446,237,10,10,451.0,242.0,81.0,255.0,1.0
SCN_012,2,0.0333,cand_002,107,236,10,10,112.0,241.0,81.0,255.0,1.0
SCN_012,2,0.0333,cand_003,437,217,9,9,441.5,221.5,64.0,255.0,1.0
SCN_012,3,0.0667,cand_001,107,236,10,10,112.0,241.0,81.0,255.0,1.0
SCN_012,3,0.0667,cand_002,446,238,10,10,451.0,243.0,81.0,255.0,1.0
SCN_012,3,0.0667,cand_003,437,217,9,9,441.5,221.5,64.0,255.0,1.0
SCN_012,4,0.1,cand_001,446,239,10,10,451.0,244.0,81.0,255.0,1.0
SCN_012,4,0.1,cand_002,108,236,10,10,113.0,241.0,81.0,255.0,1.0
SCN_012,4,0.1,cand_003,437,217,9,9,441.5,221.5,64.0,255.0,1.0
SCN_012,5,0.1333,cand_001,446,240,10,10,451.0,245.0,81.0,255.0,1.0
SCN_012,5,0.1333,cand_002,109,236,10,10,114.0,241.0,81.0,255.0,1.0
SCN_012,5,0.1333,cand_003,437,217,9,9,441.5,221.5,64.0,255.0,1.0
SCN_012,6,0.1667,cand_001,446,241,10,10,451.0,246.0,81.0,255.0,1.0
SCN_012,6,0.1667,cand_002,109,236,10,10,114.0,241.0,81.0,255.0,1.0
SCN_012,6,0.1667,cand_003,437,217,9,9,441.5,221.5,64.0,255.0,1.0
SCN_012,7,0.2,cand_001,446,242,10,10,451.0,247.0,81.0,255.0,1.0
SCN_012,7,0.2,cand_002,110,236,10,10,115.0,241.0,81.0,255.0,1.0
SCN_012,7,0.2,cand_003,437,217,9,9,441.5,221.5,64.0,255.0,1.0
SCN_012,8,0.2333,cand_001,446,243,10,10,451.0,248.0,81.0,255.0,1.0
SCN_012,8,0.2333,cand_002,111,236,10,10,116.0,241.0,81.0,255.0,1.0
SCN_012,8,0.2333,cand_003,437,217,9,9,441.5,221.5,64.0,255.0,1.0
SCN_012,9,0.2667,cand_001,111,236,10,10,116.0,241.0,81.0,255.0,1.0
SCN_012,9,0.2667,cand_002,446,244,10,10,451.0,249.0,81.0,255.0,1.0
SCN_012,9,0.2667,cand_003,437,217,9,9,441.5,221.5,64.0,255.0,1.0
SCN_012,10,0.3,cand_001,446,245,10,10,451.0,250.0,81.0,255.0,1.0
SCN_012,10,0.3,cand_002,112,237,10,10,117.0,242.0,81.0,255.0,1.0
SCN_012,10,0.3,cand_003,437,217,9,9,441.5,221.5,64.0,255.0,1.0
SCN_012,11,0.3333,cand_001,113,237,10,10,118.0,242.0,81.0,255.0,1.0
SCN_012,11,0.3333,cand_002,446,246,10,10,451.0,251.0,81.0,255.0,1.0
SCN_012,11,0.3333,cand_003,437,217,9,9,441.5,221.5,64.0,255.0,1.0
SCN_012,12,0.3667,cand_001,113,237,10,10,118.0,242.0,81.0,255.0,1.0
SCN_012,12,0.3667,cand_002,446,247,10,10,451.0,252.0,81.0,255.0,1.0
SCN_012,12,0.3667,cand_003,437,217,9,9,441.5,221.5,64.0,255.0,1.0
SCN_012,13,0.4,cand_001,445,248,10,10,450.0,253.0,81.0,255.0,1.0
SCN_012,13,0.4,cand_002,114,237,10,10,119.0,242.0,81.0,255.0,1.0
SCN_012,13,0.4,cand_003,437,217,9,9,441.5,221.5,64.0,255.0,1.0
SCN_012,14,0.4333,cand_001,115,237,10,10,120.0,242.0,81.0,255.0,1.0
SCN_012,14,0.4333,cand_002,445,249,10,10,450.0,254.0,81.0,255.0,1.0
SCN_012,14,0.4333,cand_003,437,217,9,9,441.5,221.5,64.0,255.0,1.0
SCN_012,15,0.4667,cand_001,115,237,10,10,120.0,242.0,81.0,255.0,1.0
SCN_012,15,0.4667,cand_002,445,250,10,10,450.0,255.0,81.0,255.0,1.0
SCN_012,15,0.4667,cand_003,438,217,9,9,442.5,221.5,64.0,255.0,1.0
SCN_012,16,0.5,cand_001,445,251,10,10,450.0,256.0,81.0,255.0,1.0
SCN_012,16,0.5,cand_002,116,237,10,10,121.0,242.0,81.0,255.0,1.0
SCN_012,16,0.5,cand_003,438,217,9,9,442.5,221.5,64.0,255.0,1.0
SCN_012,17,0.5333,cand_001,445,252,10,10,450.0,257.0,81.0,255.0,1.0
SCN_012,17,0.5333,cand_002,117,237,10,10,122.0,242.0,81.0,255.0,1.0
SCN_012,17,0.5333,cand_003,438,217,9,9,442.5,221.5,64.0,255.0,1.0
SCN_012,18,0.5667,cand_001,445,253,10,10,450.0,258.0,81.0,255.0,1.0
SCN_012,18,0.5667,cand_002,117,237,10,10,122.0,242.0,81.0,255.0,1.0
SCN_012,18,0.5667,cand_003,438,217,9,9,442.5,221.5,64.0,255.0,1.0
SCN_012,19,0.6,cand_001,445,254,10,10,450.0,259.0,81.0,255.0,1.0
SCN_012,19,0.6,cand_002,118,237,10,10,123.0,242.0,81.0,255.0,1.0
SCN_012,19,0.6,cand_003,438,217,9,9,442.5,221.5,64.0,255.0,1.0
SCN_012,20,0.6333,cand_001,445,255,10,10,450.0,260.0,81.0,255.0,1.0
SCN_012,20,0.6333,cand_002,119,237,10,10,124.0,242.0,81.0,255.0,1.0
SCN_012,20,0.6333,cand_003,438,218,9,9,442.5,222.5,64.0,255.0,1.0
SCN_012,21,0.6667,cand_001,444,256,10,10,449.0,261.0,81.0,255.0,1.0
SCN_012,21,0.6667,cand_002,119,237,10,10,124.0,242.0,81.0,255.0,1.0
SCN_012,21,0.6667,cand_003,438,218,9,9,442.5,222.5,64.0,255.0,1.0
SCN_012,22,0.7,cand_001,120,237,10,10,125.0,242.0,81.0,255.0,1.0
SCN_012,22,0.7,cand_002,444,257,10,10,449.0,262.0,81.0,255.0,1.0
SCN_012,22,0.7,cand_003,438,218,9,9,442.5,222.5,64.0,255.0,1.0
SCN_012,23,0.7333,cand_001,121,237,10,10,126.0,242.0,81.0,255.0,1.0
SCN_012,23,0.7333,cand_002,444,258,10,10,449.0,263.0,81.0,255.0,1.0
SCN_012,23,0.7333,cand_003,438,218,9,9,442.5,222.5,64.0,255.0,1.0
SCN_012,24,0.7667,cand_001,444,259,10,10,449.0,264.0,81.0,255.0,1.0
SCN_012,24,0.7667,cand_002,121,237,10,10,126.0,242.0,81.0,255.0,1.0
SCN_012,24,0.7667,cand_003,438,218,9,9,442.5,222.5,64.0,255.0,1.0
SCN_012,25,0.8,cand_001,444,260,10,10,449.0,265.0,81.0,255.0,1.0
SCN_012,25,0.8,cand_002,122,237,10,10,127.0,242.0,81.0,255.0,1.0
SCN_012,25,0.8,cand_003,438,218,9,9,442.5,222.5,64.0,255.0,1.0
SCN_012,26,0.8333,cand_001,444,261,10,10,449.0,266.0,81.0,255.0,1.0
SCN_012,26,0.8333,cand_002,123,237,10,10,128.0,242.0,81.0,255.0,1.0
SCN_012,26,0.8333,cand_003,438,218,9,9,442.5,222.5,64.0,255.0,1.0
SCN_012,27,0.8667,cand_001,443,262,10,10,448.0,267.0,81.0,255.0,1.0
SCN_012,27,0.8667,cand_002,123,238,10,10,128.0,243.0,81.0,255.0,1.0
SCN_012,27,0.8667,cand_003,438,218,9,9,442.5,222.5,64.0,255.0,1.0
SCN_012,28,0.9,cand_001,443,263,10,10,448.0,268.0,81.0,255.0,1.0
SCN_012,28,0.9,cand_002,124,238,10,10,129.0,243.0,81.0,255.0,1.0
SCN_012,28,0.9,cand_003,438,218,9,9,442.5,222.5,64.0,255.0,1.0
SCN_012,29,0.9333,cand_001,443,264,10,10,448.0,269.0,81.0,255.0,1.0
SCN_012,29,0.9333,cand_002,125,238,10,10,130.0,243.0,81.0,255.0,1.0
SCN_012,29,0.9333,cand_003,438,218,9,9,442.5,222.5,64.0,255.0,1.0
SCN_012,30,0.9667,cand_001,443,265,10,10,448.0,270.0,81.0,255.0,1.0
SCN_012,30,0.9667,cand_002,125,238,10,10,130.0,243.0,81.0,255.0,1.0
SCN_012,30,0.9667,cand_003,438,218,9,9,442.5,222.5,64.0,255.0,1.0
SCN_012,31,1.0,cand_001,443,266,10,10,448.0,271.0,81.0,255.0,1.0
SCN_012,31,1.0,cand_002,126,238,10,10,131.0,243.0,81.0,255.0,1.0
SCN_012,31,1.0,cand_003,438,218,9,9,442.5,222.5,64.0,255.0,1.0
SCN_012,32,1.0333,cand_001,127,238,10,10,132.0,243.0,81.0,255.0,1.0
SCN_012,32,1.0333,cand_002,442,267,10,10,447.0,272.0,81.0,255.0,1.0
SCN_012,32,1.0333,cand_003,438,218,9,9,442.5,222.5,64.0,255.0,1.0
SCN_012,33,1.0667,cand_001,442,268,10,10,447.0,273.0,81.0,255.0,1.0
SCN_012,33,1.0667,cand_002,127,238,10,10,132.0,243.0,81.0,255.0,1.0
SCN_012,33,1.0667,cand_003,438,218,9,9,442.5,222.5,64.0,255.0,1.0
SCN_012,34,1.1,cand_001,442,269,10,10,447.0,274.0,81.0,255.0,1.0
SCN_012,34,1.1,cand_002,128,238,10,10,133.0,243.0,81.0,255.0,1.0
SCN_012,34,1.1,cand_003,438,218,9,9,442.5,222.5,64.0,255.0,1.0
SCN_012,35,1.1333,cand_001,129,238,10,10,134.0,243.0,81.0,255.0,1.0
SCN_012,35,1.1333,cand_002,442,270,10,10,447.0,275.0,81.0,255.0,1.0
SCN_012,35,1.1333,cand_003,438,218,9,9,442.5,222.5,64.0,255.0,1.0
SCN_012,36,1.1667,cand_001,441,271,10,10,446.0,276.0,81.0,255.0,1.0
SCN_012,36,1.1667,cand_002,129,238,10,10,134.0,243.0,81.0,255.0,1.0
SCN_012,36,1.1667,cand_003,438,217,9,9,442.5,221.5,64.0,255.0,1.0
SCN_012,37,1.2,cand_001,130,238,10,10,135.0,243.0,81.0,255.0,1.0
SCN_012,37,1.2,cand_002,441,272,10,10,446.0,277.0,81.0,255.0,1.0
SCN_012,37,1.2,cand_003,438,217,9,9,442.5,221.5,64.0,255.0,1.0
SCN_012,38,1.2333,cand_001,131,238,10,10,136.0,243.0,81.0,255.0,1.0
SCN_012,38,1.2333,cand_002,441,273,10,10,446.0,278.0,81.0,255.0,1.0
SCN_012,38,1.2333,cand_003,438,217,9,9,442.5,221.5,64.0,255.0,1.0
SCN_012,39,1.2667,cand_001,131,238,10,10,136.0,243.0,81.0,255.0,1.0
SCN_012,39,1.2667,cand_002,440,273,10,10,445.0,278.0,81.0,255.0,1.0
SCN_012,39,1.2667,cand_003,438,217,9,9,442.5,221.5,64.0,255.0,1.0
SCN_012,40,1.3,cand_001,440,274,10,10,445.0,279.0,81.0,255.0,1.0
SCN_012,40,1.3,cand_002,132,238,10,10,137.0,243.0,81.0,255.0,1.0
SCN_012,40,1.3,cand_003,438,217,9,9,442.5,221.5,64.0,255.0,1.0
SCN_012,41,1.3333,cand_001,133,238,10,10,138.0,243.0,81.0,255.0,1.0
SCN_012,41,1.3333,cand_002,440,275,10,10,445.0,280.0,81.0,255.0,1.0
SCN_012,41,1.3333,cand_003,438,217,9,9,442.5,221.5,64.0,255.0,1.0
SCN_012,42,1.3667,cand_001,440,276,10,10,445.0,281.0,81.0,255.0,1.0
SCN_012,42,1.3667,cand_002,133,238,10,10,138.0,243.0,81.0,255.0,1.0
SCN_012,42,1.3667,cand_003,438,217,9,9,442.5,221.5,64.0,255.0,1.0
SCN_012,43,1.4,cand_001,134,238,10,10,139.0,243.0,81.0,255.0,1.0
SCN_012,43,1.4,cand_002,439,277,10,10,444.0,282.0,81.0,255.0,1.0
SCN_012,43,1.4,cand_003,438,217,9,9,442.5,221.5,64.0,255.0,1.0
SCN_012,44,1.4333,cand_001,135,238,10,10,140.0,243.0,81.0,255.0,1.0
SCN_012,44,1.4333,cand_002,439,278,10,10,444.0,283.0,81.0,255.0,1.0
SCN_012,44,1.4333,cand_003,438,217,9,9,442.5,221.5,64.0,255.0,1.0
SCN_012,45,1.4667,cand_001,135,239,10,10,140.0,244.0,81.0,255.0,1.0
SCN_012,45,1.4667,cand_002,439,279,10,10,444.0,284.0,81.0,255.0,1.0
SCN_012,45,1.4667,cand_003,438,217,9,9,442.5,221.5,64.0,255.0,1.0
SCN_012,46,1.5,cand_001,136,239,10,10,141.0,244.0,81.0,255.0,1.0
SCN_012,46,1.5,cand_002,438,280,10,10,443.0,285.0,81.0,255.0,1.0
SCN_012,46,1.5,cand_003,438,217,9,9,442.5,221.5,64.0,255.0,1.0
SCN_012,47,1.5333,cand_001,137,239,10,10,142.0,244.0,81.0,255.0,1.0
SCN_012,47,1.5333,cand_002,438,281,10,10,443.0,286.0,81.0,255.0,1.0
SCN_012,47,1.5333,cand_003,438,217,9,9,442.5,221.5,64.0,255.0,1.0
SCN_012,48,1.5667,cand_001,137,239,10,10,142.0,244.0,81.0,255.0,1.0
SCN_012,48,1.5667,cand_002,438,282,10,10,443.0,287.0,81.0,255.0,1.0
SCN_012,48,1.5667,cand_003,438,217,9,9,442.5,221.5,64.0,255.0,1.0
SCN_012,49,1.6,cand_001,437,283,10,10,442.0,288.0,81.0,255.0,1.0
SCN_012,49,1.6,cand_002,138,239,10,10,143.0,244.0,81.0,255.0,1.0
SCN_012,49,1.6,cand_003,438,217,9,9,442.5,221.5,64.0,255.0,1.0
SCN_012,50,1.6333,cand_001,437,284,10,10,442.0,289.0,81.0,255.0,1.0
SCN_012,50,1.6333,cand_002,139,239,10,10,144.0,244.0,81.0,255.0,1.0
SCN_012,50,1.6333,cand_003,437,217,9,9,441.5,221.5,64.0,255.0,1.0
SCN_012,51,1.6667,cand_001,437,285,10,10,442.0,290.0,81.0,255.0,1.0
SCN_012,51,1.6667,cand_002,139,239,10,10,144.0,244.0,81.0,255.0,1.0
SCN_012,51,1.6667,cand_003,437,217,9,9,441.5,221.5,64.0,255.0,1.0
SCN_012,52,1.7,cand_001,140,239,10,10,145.0,244.0,81.0,255.0,1.0
SCN_012,52,1.7,cand_002,436,286,10,10,441.0,291.0,81.0,255.0,1.0
SCN_012,52,1.7,cand_003,437,217,9,9,441.5,221.5,64.0,255.0,1.0
SCN_012,53,1.7333,cand_001,436,287,10,10,441.0,292.0,81.0,255.0,1.0
SCN_012,53,1.7333,cand_002,437,217,9,9,441.5,221.5,64.0,255.0,1.0
SCN_012,53,1.7333,cand_003,141,239,10,10,146.0,244.0,81.0,255.0,1.0
SCN_012,54,1.7667,cand_001,435,288,10,10,440.0,293.0,81.0,255.0,1.0
SCN_012,54,1.7667,cand_002,141,239,10,10,146.0,244.0,81.0,255.0,1.0
SCN_012,54,1.7667,cand_003,437,217,9,9,441.5,221.5,64.0,255.0,1.0
SCN_012,55,1.8,cand_001,435,288,10,10,440.0,293.0,81.0,255.0,1.0
SCN_012,55,1.8,cand_002,142,239,10,10,147.0,244.0,81.0,255.0,1.0
SCN_012,55,1.8,cand_003,437,217,9,9,441.5,221.5,64.0,255.0,1.0
SCN_012,56,1.8333,cand_001,143,239,10,10,148.0,244.0,81.0,255.0,1.0
SCN_012,56,1.8333,cand_002,435,289,10,10,440.0,294.0,81.0,255.0,1.0
SCN_012,56,1.8333,cand_003,437,217,9,9,441.5,221.5,64.0,255.0,1.0
SCN_012,57,1.8667,cand_001,434,290,10,10,439.0,295.0,81.0,255.0,1.0
SCN_012,57,1.8667,cand_002,143,239,10,10,148.0,244.0,81.0,255.0,1.0
SCN_012,57,1.8667,cand_003,437,217,9,9,441.5,221.5,64.0,255.0,1.0
SCN_012,58,1.9,cand_001,434,291,10,10,439.0,296.0,81.0,255.0,1.0
SCN_012,58,1.9,cand_002,144,239,10,10,149.0,244.0,81.0,255.0,1.0
SCN_012,58,1.9,cand_003,437,217,9,9,441.5,221.5,64.0,255.0,1.0
SCN_012,59,1.9333,cand_001,433,292,10,10,438.0,297.0,81.0,255.0,1.0
SCN_012,59,1.9333,cand_002,145,239,10,10,150.0,244.0,81.0,255.0,1.0
SCN_012,59,1.9333,cand_003,437,217,9,9,441.5,221.5,64.0,255.0,1.0
SCN_012,60,1.9667,cand_001,433,293,10,10,438.0,298.0,81.0,255.0,1.0
SCN_012,60,1.9667,cand_002,145,239,10,10,150.0,244.0,81.0,255.0,1.0
SCN_012,60,1.9667,cand_003,437,217,9,9,441.5,221.5,64.0,255.0,1.0
SCN_012,61,2.0,cand_001,146,239,10,10,151.0,244.0,81.0,255.0,1.0
SCN_012,61,2.0,cand_002,432,294,10,10,437.0,299.0,81.0,255.0,1.0
SCN_012,61,2.0,cand_003,437,217,9,9,441.5,221.5,64.0,255.0,1.0
SCN_012,62,2.0333,cand_001,147,240,10,10,152.0,245.0,81.0,255.0,1.0
SCN_012,62,2.0333,cand_002,432,295,10,10,437.0,300.0,81.0,255.0,1.0
SCN_012,62,2.0333,cand_003,437,217,9,9,441.5,221.5,64.0,255.0,1.0
SCN_012,63,2.0667,cand_001,431,296,10,10,436.0,301.0,81.0,255.0,1.0
SCN_012,63,2.0667,cand_002,147,240,10,10,152.0,245.0,81.0,255.0,1.0
SCN_012,63,2.0667,cand_003,437,217,9,9,441.5,221.5,64.0,255.0,1.0
SCN_012,64,2.1,cand_001,431,297,10,10,436.0,302.0,81.0,255.0,1.0
SCN_012,64,2.1,cand_002,148,240,10,10,153.0,245.0,81.0,255.0,1.0
SCN_012,64,2.1,cand_003,437,217,9,9,441.5,221.5,64.0,255.0,1.0
SCN_012,65,2.1333,cand_001,149,240,10,10,154.0,245.0,81.0,255.0,1.0
SCN_012,65,2.1333,cand_002,431,297,10,10,436.0,302.0,81.0,255.0,1.0
SCN_012,65,2.1333,cand_003,437,217,9,9,441.5,221.5,64.0,255.0,1.0
SCN_012,66,2.1667,cand_001,430,298,10,10,435.0,303.0,81.0,255.0,1.0
SCN_012,66,2.1667,cand_002,149,240,10,10,154.0,245.0,81.0,255.0,1.0
SCN_012,66,2.1667,cand_003,437,217,9,9,441.5,221.5,64.0,255.0,1.0
SCN_012,67,2.2,cand_001,150,240,10,10,155.0,245.0,81.0,255.0,1.0
SCN_012,67,2.2,cand_002,430,299,10,10,435.0,304.0,81.0,255.0,1.0
SCN_012,67,2.2,cand_003,437,217,9,9,441.5,221.5,64.0,255.0,1.0
SCN_012,68,2.2333,cand_001,150,240,10,10,155.0,245.0,81.0,255.0,1.0
SCN_012,68,2.2333,cand_002,429,300,10,10,434.0,305.0,81.0,255.0,1.0
SCN_012,68,2.2333,cand_003,437,217,9,9,441.5,221.5,64.0,255.0,1.0
SCN_012,69,2.2667,cand_001,429,301,10,10,434.0,306.0,81.0,255.0,1.0
SCN_012,69,2.2667,cand_002,151,240,10,10,156.0,245.0,81.0,255.0,1.0
SCN_012,69,2.2667,cand_003,437,217,9,9,441.5,221.5,64.0,255.0,1.0
SCN_012,70,2.3,cand_001,152,240,10,10,157.0,245.0,81.0,255.0,1.0
SCN_012,70,2.3,cand_002,428,302,10,10,433.0,307.0,81.0,255.0,1.0
SCN_012,70,2.3,cand_003,437,217,9,9,441.5,221.5,64.0,255.0,1.0
SCN_012,71,2.3333,cand_001,152,240,10,10,157.0,245.0,81.0,255.0,1.0
SCN_012,71,2.3333,cand_002,428,303,10,10,433.0,308.0,81.0,255.0,1.0
SCN_012,71,2.3333,cand_003,437,217,9,9,441.5,221.5,64.0,255.0,1.0
SCN_012,72,2.3667,cand_001,427,304,10,10,432.0,309.0,81.0,255.0,1.0
SCN_012,72,2.3667,cand_002,153,240,10,10,158.0,245.0,81.0,255.0,1.0
SCN_012,72,2.3667,cand_003,437,217,9,9,441.5,221.5,64.0,255.0,1.0
SCN_012,73,2.4,cand_001,154,240,10,10,159.0,245.0,81.0,255.0,1.0
SCN_012,73,2.4,cand_002,427,304,10,10,432.0,309.0,81.0,255.0,1.0
SCN_012,73,2.4,cand_003,437,217,9,9,441.5,221.5,64.0,255.0,1.0
SCN_012,74,2.4333,cand_001,154,240,10,10,159.0,245.0,81.0,255.0,1.0
SCN_012,74,2.4333,cand_002,426,305,10,10,431.0,310.0,81.0,255.0,1.0
SCN_012,74,2.4333,cand_003,437,217,9,9,441.5,221.5,64.0,255.0,1.0
SCN_012,75,2.4667,cand_001,426,306,10,10,431.0,311.0,81.0,255.0,1.0
SCN_012,75,2.4667,cand_002,155,240,10,10,160.0,245.0,81.0,255.0,1.0
SCN_012,75,2.4667,cand_003,437,217,9,9,441.5,221.5,64.0,255.0,1.0
SCN_012,76,2.5,cand_001,425,307,10,10,430.0,312.0,81.0,255.0,1.0
SCN_012,76,2.5,cand_002,156,240,10,10,161.0,245.0,81.0,255.0,1.0
SCN_012,76,2.5,cand_003,437,217,9,9,441.5,221.5,64.0,255.0,1.0
SCN_012,77,2.5333,cand_001,156,240,10,10,161.0,245.0,81.0,255.0,1.0
SCN_012,77,2.5333,cand_002,424,308,10,10,429.0,313.0,81.0,255.0,1.0
SCN_012,77,2.5333,cand_003,437,217,9,9,441.5,221.5,64.0,255.0,1.0
SCN_012,78,2.5667,cand_001,157,240,10,10,162.0,245.0,81.0,255.0,1.0
SCN_012,78,2.5667,cand_002,424,309,10,10,429.0,314.0,81.0,255.0,1.0
SCN_012,78,2.5667,cand_003,437,217,9,9,441.5,221.5,64.0,255.0,1.0
SCN_012,79,2.6,cand_001,158,241,10,10,163.0,246.0,81.0,255.0,1.0
SCN_012,79,2.6,cand_002,423,309,10,10,428.0,314.0,81.0,255.0,1.0
SCN_012,79,2.6,cand_003,437,217,9,9,441.5,221.5,64.0,255.0,1.0
SCN_012,80,2.6333,cand_001,158,241,10,10,163.0,246.0,81.0,255.0,1.0
SCN_012,80,2.6333,cand_002,423,310,10,10,428.0,315.0,81.0,255.0,1.0
SCN_012,80,2.6333,cand_003,437,217,9,9,441.5,221.5,64.0,255.0,1.0
SCN_012,81,2.6667,cand_001,159,241,10,10,164.0,246.0,81.0,255.0,1.0
SCN_012,81,2.6667,cand_002,422,311,10,10,427.0,316.0,81.0,255.0,1.0
SCN_012,81,2.6667,cand_003,437,217,9,9,441.5,221.5,64.0,255.0,1.0
SCN_012,82,2.7,cand_001,422,312,10,10,427.0,317.0,81.0,255.0,1.0
SCN_012,82,2.7,cand_002,160,241,10,10,165.0,246.0,81.0,255.0,1.0
SCN_012,82,2.7,cand_003,437,217,9,9,441.5,221.5,64.0,255.0,1.0
SCN_012,83,2.7333,cand_001,160,241,10,10,165.0,246.0,81.0,255.0,1.0
SCN_012,83,2.7333,cand_002,421,313,10,10,426.0,318.0,81.0,255.0,1.0
SCN_012,83,2.7333,cand_003,437,216,9,9,441.5,220.5,64.0,255.0,1.0
SCN_012,84,2.7667,cand_001,420,313,10,10,425.0,318.0,81.0,255.0,1.0
SCN_012,84,2.7667,cand_002,161,241,10,10,166.0,246.0,81.0,255.0,1.0
SCN_012,84,2.7667,cand_003,437,216,9,9,441.5,220.5,64.0,255.0,1.0
SCN_012,85,2.8,cand_001,162,241,10,10,167.0,246.0,81.0,255.0,1.0
SCN_012,85,2.8,cand_002,420,314,10,10,425.0,319.0,81.0,255.0,1.0
SCN_012,85,2.8,cand_003,437,216,9,9,441.5,220.5,64.0,255.0,1.0
SCN_012,86,2.8333,cand_001,419,315,10,10,424.0,320.0,81.0,255.0,1.0
SCN_012,86,2.8333,cand_002,162,241,10,10,167.0,246.0,81.0,255.0,1.0
SCN_012,86,2.8333,cand_003,436,216,9,9,440.5,220.5,64.0,255.0,1.0
SCN_012,87,2.8667,cand_001,419,316,10,10,424.0,321.0,81.0,255.0,1.0
SCN_012,87,2.8667,cand_002,163,241,10,10,168.0,246.0,81.0,255.0,1.0
SCN_012,87,2.8667,cand_003,436,216,9,9,440.5,220.5,64.0,255.0,1.0
SCN_012,88,2.9,cand_001,164,241,10,10,169.0,246.0,81.0,255.0,1.0
SCN_012,88,2.9,cand_002,418,317,10,10,423.0,322.0,81.0,255.0,1.0
SCN_012,88,2.9,cand_003,436,216,9,9,440.5,220.5,64.0,255.0,1.0
SCN_012,89,2.9333,cand_001,417,317,10,10,422.0,322.0,81.0,255.0,1.0
SCN_012,89,2.9333,cand_002,164,241,10,10,169.0,246.0,81.0,255.0,1.0
SCN_012,89,2.9333,cand_003,436,216,9,9,440.5,220.5,64.0,255.0,1.0
SCN_012,90,2.9667,cand_001,165,241,10,10,170.0,246.0,81.0,255.0,1.0
SCN_012,90,2.9667,cand_002,417,318,10,10,422.0,323.0,81.0,255.0,1.0
SCN_012,90,2.9667,cand_003,436,216,9,9,440.5,220.5,64.0,255.0,1.0
SCN_012,91,3.0,cand_001,416,319,10,10,421.0,324.0,81.0,255.0,1.0
SCN_012,91,3.0,cand_002,166,241,10,10,171.0,246.0,81.0,255.0,1.0
SCN_012,91,3.0,cand_003,436,216,9,9,440.5,220.5,64.0,255.0,1.0
SCN_012,92,3.0333,cand_001,415,320,10,10,420.0,325.0,81.0,255.0,1.0
SCN_012,92,3.0333,cand_002,166,241,10,10,171.0,246.0,81.0,255.0,1.0
SCN_012,92,3.0333,cand_003,436,216,9,9,440.5,220.5,64.0,255.0,1.0
SCN_012,93,3.0667,cand_001,415,321,10,10,420.0,326.0,81.0,255.0,1.0
SCN_012,93,3.0667,cand_002,167,241,10,10,172.0,246.0,81.0,255.0,1.0
SCN_012,93,3.0667,cand_003,436,216,9,9,440.5,220.5,64.0,255.0,1.0
SCN_012,94,3.1,cand_001,168,241,10,10,173.0,246.0,81.0,255.0,1.0
SCN_012,94,3.1,cand_002,414,321,10,10,419.0,326.0,81.0,255.0,1.0
SCN_012,94,3.1,cand_003,436,216,9,9,440.5,220.5,64.0,255.0,1.0
SCN_012,95,3.1333,cand_001,168,241,10,10,173.0,246.0,81.0,255.0,1.0
SCN_012,95,3.1333,cand_002,413,322,10,10,418.0,327.0,81.0,255.0,1.0
SCN_012,95,3.1333,cand_003,436,216,9,9,440.5,220.5,64.0,255.0,1.0
SCN_012,96,3.1667,cand_001,413,323,10,10,418.0,328.0,81.0,255.0,1.0
SCN_012,96,3.1667,cand_002,169,242,10,10,174.0,247.0,81.0,255.0,1.0
SCN_012,96,3.1667,cand_003,436,216,9,9,440.5,220.5,64.0,255.0,1.0
SCN_012,97,3.2,cand_001,412,324,10,10,417.0,329.0,81.0,255.0,1.0
SCN_012,97,3.2,cand_002,170,242,10,10,175.0,247.0,81.0,255.0,1.0
SCN_012,97,3.2,cand_003,436,216,9,9,440.5,220.5,64.0,255.0,1.0
SCN_012,98,3.2333,cand_001,170,242,10,10,175.0,247.0,81.0,255.0,1.0
SCN_012,98,3.2333,cand_002,411,324,10,10,416.0,329.0,81.0,255.0,1.0
SCN_012,98,3.2333,cand_003,436,216,9,9,440.5,220.5,64.0,255.0,1.0
SCN_012,99,3.2667,cand_001,171,242,10,10,176.0,247.0,81.0,255.0,1.0
SCN_012,99,3.2667,cand_002,411,325,10,10,416.0,330.0,81.0,255.0,1.0
SCN_012,99,3.2667,cand_003,436,216,9,9,440.5,220.5,64.0,255.0,1.0
SCN_012,100,3.3,cand_001,172,242,10,10,177.0,247.0,81.0,255.0,1.0
SCN_012,100,3.3,cand_002,410,326,10,10,415.0,331.0,81.0,255.0,1.0
SCN_012,100,3.3,cand_003,436,216,9,9,440.5,220.5,64.0,255.0,1.0
SCN_012,101,3.3333,cand_001,409,326,10,10,414.0,331.0,81.0,255.0,1.0
SCN_012,101,3.3333,cand_002,172,242,10,10,177.0,247.0,81.0,255.0,1.0
SCN_012,101,3.3333,cand_003,436,216,9,9,440.5,220.5,64.0,255.0,1.0
SCN_012,102,3.3667,cand_001,173,242,10,10,178.0,247.0,81.0,255.0,1.0
SCN_012,102,3.3667,cand_002,409,327,10,10,414.0,332.0,81.0,255.0,1.0
SCN_012,102,3.3667,cand_003,436,216,9,9,440.5,220.5,64.0,255.0,1.0
SCN_012,103,3.4,cand_001,174,242,10,10,179.0,247.0,81.0,255.0,1.0
SCN_012,103,3.4,cand_002,408,328,10,10,413.0,333.0,81.0,255.0,1.0
SCN_012,103,3.4,cand_003,436,216,9,9,440.5,220.5,64.0,255.0,1.0
SCN_012,104,3.4333,cand_001,174,242,10,10,179.0,247.0,81.0,255.0,1.0
SCN_012,104,3.4333,cand_002,407,329,10,10,412.0,334.0,81.0,255.0,1.0
SCN_012,104,3.4333,cand_003,436,216,9,9,440.5,220.5,64.0,255.0,1.0
SCN_012,105,3.4667,cand_001,407,329,10,10,412.0,334.0,81.0,255.0,1.0
SCN_012,105,3.4667,cand_002,175,242,10,10,180.0,247.0,81.0,255.0,1.0
SCN_012,105,3.4667,cand_003,436,216,9,9,440.5,220.5,64.0,255.0,1.0
SCN_012,106,3.5,cand_001,176,242,10,10,181.0,247.0,81.0,255.0,1.0
SCN_012,106,3.5,cand_002,406,330,10,10,411.0,335.0,81.0,255.0,1.0
SCN_012,106,3.5,cand_003,436,216,9,9,440.5,220.5,64.0,255.0,1.0
SCN_012,107,3.5333,cand_001,176,242,10,10,181.0,247.0,81.0,255.0,1.0
SCN_012,107,3.5333,cand_002,405,331,10,10,410.0,336.0,81.0,255.0,1.0
SCN_012,107,3.5333,cand_003,436,216,9,9,440.5,220.5,64.0,255.0,1.0
SCN_012,108,3.5667,cand_001,177,242,10,10,182.0,247.0,81.0,255.0,1.0
SCN_012,108,3.5667,cand_002,404,331,10,10,409.0,336.0,81.0,255.0,1.0
SCN_012,108,3.5667,cand_003,436,216,9,9,440.5,220.5,64.0,255.0,1.0
SCN_012,109,3.6,cand_001,404,332,10,10,409.0,337.0,81.0,255.0,1.0
SCN_012,109,3.6,cand_002,178,242,10,10,183.0,247.0,81.0,255.0,1.0
SCN_012,109,3.6,cand_003,436,216,9,9,440.5,220.5,64.0,255.0,1.0
SCN_012,110,3.6333,cand_001,178,242,10,10,183.0,247.0,81.0,255.0,1.0
SCN_012,110,3.6333,cand_002,403,333,10,10,408.0,338.0,81.0,255.0,1.0
SCN_012,110,3.6333,cand_003,436,216,9,9,440.5,220.5,64.0,255.0,1.0
SCN_012,111,3.6667,cand_001,179,242,10,10,184.0,247.0,81.0,255.0,1.0
SCN_012,111,3.6667,cand_002,402,333,10,10,407.0,338.0,81.0,255.0,1.0
SCN_012,111,3.6667,cand_003,436,216,9,9,440.5,220.5,64.0,255.0,1.0
SCN_012,112,3.7,cand_001,180,242,10,10,185.0,247.0,81.0,255.0,1.0
SCN_012,112,3.7,cand_002,401,334,10,10,406.0,339.0,81.0,255.0,1.0
SCN_012,112,3.7,cand_003,436,216,9,9,440.5,220.5,64.0,255.0,1.0
SCN_012,113,3.7333,cand_001,401,335,10,10,406.0,340.0,81.0,255.0,1.0
SCN_012,113,3.7333,cand_002,180,243,10,10,185.0,248.0,81.0,255.0,1.0
SCN_012,113,3.7333,cand_003,436,216,9,9,440.5,220.5,64.0,255.0,1.0
SCN_012,114,3.7667,cand_001,400,335,10,10,405.0,340.0,81.0,255.0,1.0
SCN_012,114,3.7667,cand_002,181,243,10,10,186.0,248.0,81.0,255.0,1.0
SCN_012,114,3.7667,cand_003,436,216,9,9,440.5,220.5,64.0,255.0,1.0
SCN_012,115,3.8,cand_001,399,336,10,10,404.0,341.0,81.0,255.0,1.0
SCN_012,115,3.8,cand_002,182,243,10,10,187.0,248.0,81.0,255.0,1.0
SCN_012,115,3.8,cand_003,436,216,9,9,440.5,220.5,64.0,255.0,1.0
SCN_012,116,3.8333,cand_001,398,337,10,10,403.0,342.0,81.0,255.0,1.0
SCN_012,116,3.8333,cand_002,182,243,10,10,187.0,248.0,81.0,255.0,1.0
SCN_012,116,3.8333,cand_003,436,216,9,9,440.5,220.5,64.0,255.0,1.0
SCN_012,117,3.8667,cand_001,398,337,10,10,403.0,342.0,81.0,255.0,1.0
SCN_012,117,3.8667,cand_002,183,243,10,10,188.0,248.0,81.0,255.0,1.0
SCN_012,117,3.8667,cand_003,436,216,9,9,440.5,220.5,64.0,255.0,1.0
SCN_012,118,3.9,cand_001,184,243,10,10,189.0,248.0,81.0,255.0,1.0
SCN_012,118,3.9,cand_002,397,338,10,10,402.0,343.0,81.0,255.0,1.0
SCN_012,118,3.9,cand_003,436,216,9,9,440.5,220.5,64.0,255.0,1.0
SCN_012,119,3.9333,cand_001,396,338,10,10,401.0,343.0,81.0,255.0,1.0
SCN_012,119,3.9333,cand_002,184,243,10,10,189.0,248.0,81.0,255.0,1.0
SCN_012,119,3.9333,cand_003,436,216,9,9,440.5,220.5,64.0,255.0,1.0
SCN_012,120,3.9667,cand_001,395,339,10,10,400.0,344.0,81.0,255.0,1.0
SCN_012,120,3.9667,cand_002,185,243,10,10,190.0,248.0,81.0,255.0,1.0
SCN_012,120,3.9667,cand_003,436,216,9,9,440.5,220.5,64.0,255.0,1.0
SCN_012,121,4.0,cand_001,394,340,10,10,399.0,345.0,81.0,255.0,1.0
SCN_012,121,4.0,cand_002,186,243,10,10,191.0,248.0,81.0,255.0,1.0
SCN_012,121,4.0,cand_003,436,216,9,9,440.5,220.5,64.0,255.0,1.0
SCN_012,122,4.0333,cand_001,186,243,10,10,191.0,248.0,81.0,255.0,1.0
SCN_012,122,4.0333,cand_002,394,340,10,10,399.0,345.0,81.0,255.0,1.0
SCN_012,122,4.0333,cand_003,435,216,9,9,439.5,220.5,64.0,255.0,1.0
SCN_012,123,4.0667,cand_001,393,341,10,10,398.0,346.0,81.0,255.0,1.0
SCN_012,123,4.0667,cand_002,187,243,10,10,192.0,248.0,81.0,255.0,1.0
SCN_012,123,4.0667,cand_003,435,216,9,9,439.5,220.5,64.0,255.0,1.0
SCN_012,124,4.1,cand_001,392,341,10,10,397.0,346.0,81.0,255.0,1.0
SCN_012,124,4.1,cand_002,188,243,10,10,193.0,248.0,81.0,255.0,1.0
SCN_012,124,4.1,cand_003,435,216,9,9,439.5,220.5,64.0,255.0,1.0
SCN_012,125,4.1333,cand_001,391,342,10,10,396.0,347.0,81.0,255.0,1.0
SCN_012,125,4.1333,cand_002,188,243,10,10,193.0,248.0,81.0,255.0,1.0
SCN_012,125,4.1333,cand_003,435,216,9,9,439.5,220.5,64.0,255.0,1.0
SCN_012,126,4.1667,cand_001,390,343,10,10,395.0,348.0,81.0,255.0,1.0
SCN_012,126,4.1667,cand_002,189,243,10,10,194.0,248.0,81.0,255.0,1.0
SCN_012,126,4.1667,cand_003,435,216,9,9,439.5,220.5,64.0,255.0,1.0
SCN_012,127,4.2,cand_001,390,343,10,10,395.0,348.0,81.0,255.0,1.0
SCN_012,127,4.2,cand_002,190,243,10,10,195.0,248.0,81.0,255.0,1.0
SCN_012,127,4.2,cand_003,435,216,9,9,439.5,220.5,64.0,255.0,1.0
SCN_012,128,4.2333,cand_001,190,243,10,10,195.0,248.0,81.0,255.0,1.0
SCN_012,128,4.2333,cand_002,389,344,10,10,394.0,349.0,81.0,255.0,1.0
SCN_012,128,4.2333,cand_003,436,216,9,9,440.5,220.5,64.0,255.0,1.0
SCN_012,129,4.2667,cand_001,388,344,10,10,393.0,349.0,81.0,255.0,1.0
SCN_012,129,4.2667,cand_002,191,243,10,10,196.0,248.0,81.0,255.0,1.0
SCN_012,129,4.2667,cand_003,436,216,9,9,440.5,220.5,64.0,255.0,1.0
SCN_012,130,4.3,cand_001,192,243,10,10,197.0,248.0,81.0,255.0,1.0
SCN_012,130,4.3,cand_002,387,345,10,10,392.0,350.0,81.0,255.0,1.0
SCN_012,130,4.3,cand_003,436,216,9,9,440.5,220.5,64.0,255.0,1.0
SCN_012,131,4.3333,cand_001,386,345,10,10,391.0,350.0,81.0,255.0,1.0
SCN_012,131,4.3333,cand_002,192,244,10,10,197.0,249.0,81.0,255.0,1.0
SCN_012,131,4.3333,cand_003,436,216,9,9,440.5,220.5,64.0,255.0,1.0
SCN_012,132,4.3667,cand_001,193,244,10,10,198.0,249.0,81.0,255.0,1.0
SCN_012,132,4.3667,cand_002,385,346,10,10,390.0,351.0,81.0,255.0,1.0
SCN_012,132,4.3667,cand_003,436,216,9,9,440.5,220.5,64.0,255.0,1.0
SCN_012,133,4.4,cand_001,194,244,10,10,199.0,249.0,81.0,255.0,1.0
SCN_012,133,4.4,cand_002,385,346,10,10,390.0,351.0,81.0,255.0,1.0
SCN_012,133,4.4,cand_003,436,216,9,9,440.5,220.5,64.0,255.0,1.0
SCN_012,134,4.4333,cand_001,384,347,10,10,389.0,352.0,81.0,255.0,1.0
SCN_012,134,4.4333,cand_002,194,244,10,10,199.0,249.0,81.0,255.0,1.0
SCN_012,134,4.4333,cand_003,436,216,9,9,440.5,220.5,64.0,255.0,1.0
SCN_012,135,4.4667,cand_001,383,348,10,10,388.0,353.0,81.0,255.0,1.0
SCN_012,135,4.4667,cand_002,195,244,10,10,200.0,249.0,81.0,255.0,1.0
SCN_012,135,4.4667,cand_003,436,216,9,9,440.5,220.5,64.0,255.0,1.0
SCN_012,136,4.5,cand_001,382,348,10,10,387.0,353.0,81.0,255.0,1.0
SCN_012,136,4.5,cand_002,196,244,10,10,201.0,249.0,81.0,255.0,1.0
SCN_012,136,4.5,cand_003,436,216,9,9,440.5,220.5,64.0,255.0,1.0
SCN_012,137,4.5333,cand_001,196,244,10,10,201.0,249.0,81.0,255.0,1.0
SCN_012,137,4.5333,cand_002,381,349,10,10,386.0,354.0,81.0,255.0,1.0
SCN_012,137,4.5333,cand_003,436,216,9,9,440.5,220.5,64.0,255.0,1.0
SCN_012,138,4.5667,cand_001,197,244,10,10,202.0,249.0,81.0,255.0,1.0
SCN_012,138,4.5667,cand_002,380,349,10,10,385.0,354.0,81.0,255.0,1.0
SCN_012,138,4.5667,cand_003,436,216,9,9,440.5,220.5,64.0,255.0,1.0
SCN_012,139,4.6,cand_001,198,244,10,10,203.0,249.0,81.0,255.0,1.0
SCN_012,139,4.6,cand_002,379,350,10,10,384.0,355.0,81.0,255.0,1.0
SCN_012,139,4.6,cand_003,436,216,9,9,440.5,220.5,64.0,255.0,1.0
SCN_012,140,4.6333,cand_001,198,244,10,10,203.0,249.0,81.0,255.0,1.0
SCN_012,140,4.6333,cand_002,379,350,10,10,384.0,355.0,81.0,255.0,1.0
SCN_012,140,4.6333,cand_003,436,216,9,9,440.5,220.5,64.0,255.0,1.0
SCN_012,141,4.6667,cand_001,378,350,10,10,383.0,355.0,81.0,255.0,1.0
SCN_012,141,4.6667,cand_002,199,244,10,10,204.0,249.0,81.0,255.0,1.0
SCN_012,141,4.6667,cand_003,436,216,9,9,440.5,220.5,64.0,255.0,1.0
SCN_012,142,4.7,cand_001,200,244,10,10,205.0,249.0,81.0,255.0,1.0
SCN_012,142,4.7,cand_002,377,351,10,10,382.0,356.0,81.0,255.0,1.0
SCN_012,142,4.7,cand_003,436,216,9,9,440.5,220.5,64.0,255.0,1.0
SCN_012,143,4.7333,cand_001,376,351,10,10,381.0,356.0,81.0,255.0,1.0
SCN_012,143,4.7333,cand_002,200,244,10,10,205.0,249.0,81.0,255.0,1.0
SCN_012,143,4.7333,cand_003,436,216,9,9,440.5,220.5,64.0,255.0,1.0
SCN_012,144,4.7667,cand_001,375,352,10,10,380.0,357.0,81.0,255.0,1.0
SCN_012,144,4.7667,cand_002,201,244,10,10,206.0,249.0,81.0,255.0,1.0
SCN_012,144,4.7667,cand_003,436,216,9,9,440.5,220.5,64.0,255.0,1.0
SCN_012,145,4.8,cand_001,374,352,10,10,379.0,357.0,81.0,255.0,1.0
SCN_012,145,4.8,cand_002,202,244,10,10,207.0,249.0,81.0,255.0,1.0
SCN_012,145,4.8,cand_003,436,216,9,9,440.5,220.5,64.0,255.0,1.0
SCN_012,146,4.8333,cand_001,202,244,10,10,207.0,249.0,81.0,255.0,1.0
SCN_012,146,4.8333,cand_002,373,353,10,10,378.0,358.0,81.0,255.0,1.0
SCN_012,146,4.8333,cand_003,436,216,9,9,440.5,220.5,64.0,255.0,1.0
SCN_012,147,4.8667,cand_001,203,244,10,10,208.0,249.0,81.0,255.0,1.0
SCN_012,147,4.8667,cand_002,372,353,10,10,377.0,358.0,81.0,255.0,1.0
SCN_012,147,4.8667,cand_003,436,216,9,9,440.5,220.5,64.0,255.0,1.0
SCN_012,148,4.9,cand_001,371,354,10,10,376.0,359.0,81.0,255.0,1.0
SCN_012,148,4.9,cand_002,204,245,10,10,209.0,250.0,81.0,255.0,1.0
SCN_012,148,4.9,cand_003,436,216,9,9,440.5,220.5,64.0,255.0,1.0
SCN_012,149,4.9333,cand_001,370,354,10,10,375.0,359.0,81.0,255.0,1.0
SCN_012,149,4.9333,cand_002,204,245,10,10,209.0,250.0,81.0,255.0,1.0
SCN_012,149,4.9333,cand_003,436,216,9,9,440.5,220.5,64.0,255.0,1.0
SCN_012,150,4.9667,cand_001,370,354,10,10,375.0,359.0,81.0,255.0,1.0
SCN_012,150,4.9667,cand_002,205,245,10,10,210.0,250.0,81.0,255.0,1.0
SCN_012,150,4.9667,cand_003,436,216,9,9,440.5,220.5,64.0,255.0,1.0
SCN_012,151,5.0,cand_001,206,245,10,10,211.0,250.0,81.0,255.0,1.0
SCN_012,151,5.0,cand_002,369,355,10,10,374.0,360.0,81.0,255.0,1.0
SCN_012,151,5.0,cand_003,436,216,9,9,440.5,220.5,64.0,255.0,1.0
SCN_012,152,5.0333,cand_001,206,245,10,10,211.0,250.0,81.0,255.0,1.0
SCN_012,152,5.0333,cand_002,368,355,10,10,373.0,360.0,81.0,255.0,1.0
SCN_012,152,5.0333,cand_003,436,216,9,9,440.5,220.5,64.0,255.0,1.0
SCN_012,153,5.0667,cand_001,367,356,10,10,372.0,361.0,81.0,255.0,1.0
SCN_012,153,5.0667,cand_002,207,245,10,10,212.0,250.0,81.0,255.0,1.0
SCN_012,153,5.0667,cand_003,436,216,9,9,440.5,220.5,64.0,255.0,1.0
SCN_012,154,5.1,cand_001,366,356,10,10,371.0,361.0,81.0,255.0,1.0
SCN_012,154,5.1,cand_002,208,245,10,10,213.0,250.0,81.0,255.0,1.0
SCN_012,154,5.1,cand_003,436,216,9,9,440.5,220.5,64.0,255.0,1.0
SCN_012,155,5.1333,cand_001,208,245,10,10,213.0,250.0,81.0,255.0,1.0
SCN_012,155,5.1333,cand_002,365,356,10,10,370.0,361.0,81.0,255.0,1.0
SCN_012,155,5.1333,cand_003,436,216,9,9,440.5,220.5,64.0,255.0,1.0
SCN_012,156,5.1667,cand_001,209,245,10,10,214.0,250.0,81.0,255.0,1.0
SCN_012,156,5.1667,cand_002,364,357,10,10,369.0,362.0,81.0,255.0,1.0
SCN_012,156,5.1667,cand_003,436,216,9,9,440.5,220.5,64.0,255.0,1.0
SCN_012,157,5.2,cand_001,363,357,10,10,368.0,362.0,81.0,255.0,1.0
SCN_012,157,5.2,cand_002,210,245,10,10,215.0,250.0,81.0,255.0,1.0
SCN_012,157,5.2,cand_003,436,216,9,9,440.5,220.5,64.0,255.0,1.0
SCN_012,158,5.2333,cand_001,210,245,10,10,215.0,250.0,81.0,255.0,1.0
SCN_012,158,5.2333,cand_002,362,358,10,10,367.0,363.0,81.0,255.0,1.0
SCN_012,158,5.2333,cand_003,437,216,9,9,441.5,220.5,64.0,255.0,1.0
SCN_012,159,5.2667,cand_001,211,245,10,10,216.0,250.0,81.0,255.0,1.0
SCN_012,159,5.2667,cand_002,361,358,10,10,366.0,363.0,81.0,255.0,1.0
SCN_012,159,5.2667,cand_003,436,216,9,9,440.5,220.5,64.0,255.0,1.0
SCN_012,160,5.3,cand_001,212,245,10,10,217.0,250.0,81.0,255.0,1.0
SCN_012,160,5.3,cand_002,360,358,10,10,365.0,363.0,81.0,255.0,1.0
SCN_012,160,5.3,cand_003,436,216,9,9,440.5,220.5,64.0,255.0,1.0
SCN_012,161,5.3333,cand_001,212,245,10,10,217.0,250.0,81.0,255.0,1.0
SCN_012,161,5.3333,cand_002,359,359,10,10,364.0,364.0,81.0,255.0,1.0
SCN_012,161,5.3333,cand_003,436,216,9,9,440.5,220.5,64.0,255.0,1.0
SCN_012,162,5.3667,cand_001,213,245,10,10,218.0,250.0,81.0,255.0,1.0
SCN_012,162,5.3667,cand_002,358,359,10,10,363.0,364.0,81.0,255.0,1.0
SCN_012,162,5.3667,cand_003,436,216,9,9,440.5,220.5,64.0,255.0,1.0
SCN_012,163,5.4,cand_001,214,245,10,10,219.0,250.0,81.0,255.0,1.0
SCN_012,163,5.4,cand_002,357,359,10,10,362.0,364.0,81.0,255.0,1.0
SCN_012,163,5.4,cand_003,436,216,9,9,440.5,220.5,64.0,255.0,1.0
SCN_012,164,5.4333,cand_001,357,360,10,10,362.0,365.0,81.0,255.0,1.0
SCN_012,164,5.4333,cand_002,214,245,10,10,219.0,250.0,81.0,255.0,1.0
SCN_012,164,5.4333,cand_003,436,216,9,9,440.5,220.5,64.0,255.0,1.0
SCN_012,165,5.4667,cand_001,215,246,10,10,220.0,251.0,81.0,255.0,1.0
SCN_012,165,5.4667,cand_002,356,360,10,10,361.0,365.0,81.0,255.0,1.0
SCN_012,165,5.4667,cand_003,436,216,9,9,440.5,220.5,64.0,255.0,1.0
SCN_012,166,5.5,cand_001,216,246,10,10,221.0,251.0,81.0,255.0,1.0
SCN_012,166,5.5,cand_002,355,360,10,10,360.0,365.0,81.0,255.0,1.0
SCN_012,166,5.5,cand_003,436,216,9,9,440.5,220.5,64.0,255.0,1.0
SCN_012,167,5.5333,cand_001,216,246,10,10,221.0,251.0,81.0,255.0,1.0
SCN_012,167,5.5333,cand_002,354,360,10,10,359.0,365.0,81.0,255.0,1.0
SCN_012,167,5.5333,cand_003,436,216,9,9,440.5,220.5,64.0,255.0,1.0
SCN_012,168,5.5667,cand_001,217,246,10,10,222.0,251.0,81.0,255.0,1.0
SCN_012,168,5.5667,cand_002,353,361,10,10,358.0,366.0,81.0,255.0,1.0
SCN_012,168,5.5667,cand_003,436,216,9,9,440.5,220.5,64.0,255.0,1.0
SCN_012,169,5.6,cand_001,352,361,10,10,357.0,366.0,81.0,255.0,1.0
SCN_012,169,5.6,cand_002,218,246,10,10,223.0,251.0,81.0,255.0,1.0
SCN_012,169,5.6,cand_003,436,216,9,9,440.5,220.5,64.0,255.0,1.0
SCN_012,170,5.6333,cand_001,218,246,10,10,223.0,251.0,81.0,255.0,1.0
SCN_012,170,5.6333,cand_002,351,361,10,10,356.0,366.0,81.0,255.0,1.0
SCN_012,170,5.6333,cand_003,436,216,9,9,440.5,220.5,64.0,255.0,1.0
SCN_012,171,5.6667,cand_001,219,246,10,10,224.0,251.0,81.0,255.0,1.0
SCN_012,171,5.6667,cand_002,350,362,10,10,355.0,367.0,81.0,255.0,1.0
SCN_012,171,5.6667,cand_003,436,216,9,9,440.5,220.5,64.0,255.0,1.0
SCN_012,172,5.7,cand_001,349,362,10,10,354.0,367.0,81.0,255.0,1.0
SCN_012,172,5.7,cand_002,220,246,10,10,225.0,251.0,81.0,255.0,1.0
SCN_012,172,5.7,cand_003,436,216,9,9,440.5,220.5,64.0,255.0,1.0
SCN_012,173,5.7333,cand_001,348,362,10,10,353.0,367.0,81.0,255.0,1.0
SCN_012,173,5.7333,cand_002,220,246,10,10,225.0,251.0,81.0,255.0,1.0
SCN_012,173,5.7333,cand_003,436,216,9,9,440.5,220.5,64.0,255.0,1.0
SCN_012,174,5.7667,cand_001,221,246,10,10,226.0,251.0,81.0,255.0,1.0
SCN_012,174,5.7667,cand_002,347,362,10,10,352.0,367.0,81.0,255.0,1.0
SCN_012,174,5.7667,cand_003,436,216,9,9,440.5,220.5,64.0,255.0,1.0
SCN_012,175,5.8,cand_001,222,246,10,10,227.0,251.0,81.0,255.0,1.0
SCN_012,175,5.8,cand_002,346,363,10,10,351.0,368.0,81.0,255.0,1.0
SCN_012,175,5.8,cand_003,436,216,9,9,440.5,220.5,64.0,255.0,1.0
SCN_012,176,5.8333,cand_001,222,246,10,10,227.0,251.0,81.0,255.0,1.0
SCN_012,176,5.8333,cand_002,345,363,10,10,350.0,368.0,81.0,255.0,1.0
SCN_012,176,5.8333,cand_003,436,216,9,9,440.5,220.5,64.0,255.0,1.0
SCN_012,177,5.8667,cand_001,344,363,10,10,349.0,368.0,81.0,255.0,1.0
SCN_012,177,5.8667,cand_002,223,246,10,10,228.0,251.0,81.0,255.0,1.0
SCN_012,177,5.8667,cand_003,436,216,9,9,440.5,220.5,64.0,255.0,1.0
SCN_012,178,5.9,cand_001,224,246,10,10,229.0,251.0,81.0,255.0,1.0
SCN_012,178,5.9,cand_002,343,363,10,10,348.0,368.0,81.0,255.0,1.0
SCN_012,178,5.9,cand_003,436,216,9,9,440.5,220.5,64.0,255.0,1.0
SCN_012,179,5.9333,cand_001,342,363,10,10,347.0,368.0,81.0,255.0,1.0
SCN_012,179,5.9333,cand_002,224,246,10,10,229.0,251.0,81.0,255.0,1.0
SCN_012,179,5.9333,cand_003,436,216,9,9,440.5,220.5,64.0,255.0,1.0
SCN_012,180,5.9667,cand_001,341,364,10,10,346.0,369.0,81.0,255.0,1.0
SCN_012,180,5.9667,cand_002,225,246,10,10,230.0,251.0,81.0,255.0,1.0
SCN_012,180,5.9667,cand_003,436,216,9,9,440.5,220.5,64.0,255.0,1.0
SCN_012,181,6.0,cand_001,226,246,10,10,231.0,251.0,81.0,255.0,1.0
SCN_012,181,6.0,cand_002,340,364,10,10,345.0,369.0,81.0,255.0,1.0
SCN_012,181,6.0,cand_003,436,216,9,9,440.5,220.5,64.0,255.0,1.0
SCN_012,182,6.0333,cand_001,226,247,10,10,231.0,252.0,81.0,255.0,1.0
SCN_012,182,6.0333,cand_002,339,364,10,10,344.0,369.0,81.0,255.0,1.0
SCN_012,182,6.0333,cand_003,436,216,9,9,440.5,220.5,64.0,255.0,1.0
SCN_012,183,6.0667,cand_001,227,247,10,10,232.0,252.0,81.0,255.0,1.0
SCN_012,183,6.0667,cand_002,338,364,10,10,343.0,369.0,81.0,255.0,1.0
SCN_012,183,6.0667,cand_003,436,216,9,9,440.5,220.5,64.0,255.0,1.0
SCN_012,184,6.1,cand_001,337,364,10,10,342.0,369.0,81.0,255.0,1.0
SCN_012,184,6.1,cand_002,228,247,10,10,233.0,252.0,81.0,255.0,1.0
SCN_012,184,6.1,cand_003,436,216,9,9,440.5,220.5,64.0,255.0,1.0
SCN_012,185,6.1333,cand_001,228,247,10,10,233.0,252.0,81.0,255.0,1.0
SCN_012,185,6.1333,cand_002,336,364,10,10,341.0,369.0,81.0,255.0,1.0
SCN_012,185,6.1333,cand_003,436,216,9,9,440.5,220.5,64.0,255.0,1.0
SCN_012,186,6.1667,cand_001,229,247,10,10,234.0,252.0,81.0,255.0,1.0
SCN_012,186,6.1667,cand_002,335,365,10,10,340.0,370.0,81.0,255.0,1.0
SCN_012,186,6.1667,cand_003,436,216,9,9,440.5,220.5,64.0,255.0,1.0
SCN_012,187,6.2,cand_001,334,365,10,10,339.0,370.0,81.0,255.0,1.0
SCN_012,187,6.2,cand_002,230,247,10,10,235.0,252.0,81.0,255.0,1.0
SCN_012,187,6.2,cand_003,436,216,9,9,440.5,220.5,64.0,255.0,1.0
SCN_012,188,6.2333,cand_001,333,365,10,10,338.0,370.0,81.0,255.0,1.0
SCN_012,188,6.2333,cand_002,230,247,10,10,235.0,252.0,81.0,255.0,1.0
SCN_012,188,6.2333,cand_003,437,216,9,9,441.5,220.5,64.0,255.0,1.0
SCN_012,189,6.2667,cand_001,332,365,10,10,337.0,370.0,81.0,255.0,1.0
SCN_012,189,6.2667,cand_002,231,247,10,10,236.0,252.0,81.0,255.0,1.0
SCN_012,189,6.2667,cand_003,437,216,9,9,441.5,220.5,64.0,255.0,1.0
SCN_012,190,6.3,cand_001,232,247,10,10,237.0,252.0,81.0,255.0,1.0
SCN_012,190,6.3,cand_002,331,365,10,10,336.0,370.0,81.0,255.0,1.0
SCN_012,190,6.3,cand_003,437,216,9,9,441.5,220.5,64.0,255.0,1.0
SCN_012,191,6.3333,cand_001,330,365,10,10,335.0,370.0,81.0,255.0,1.0
SCN_012,191,6.3333,cand_002,437,216,9,9,441.5,220.5,64.0,255.0,1.0
SCN_012,191,6.3333,cand_003,232,247,10,10,237.0,252.0,81.0,255.0,1.0
SCN_012,192,6.3667,cand_001,329,365,10,10,334.0,370.0,81.0,255.0,1.0
SCN_012,192,6.3667,cand_002,233,247,10,10,238.0,252.0,81.0,255.0,1.0
SCN_012,192,6.3667,cand_003,437,216,9,9,441.5,220.5,64.0,255.0,1.0
SCN_012,193,6.4,cand_001,328,365,10,10,333.0,370.0,81.0,255.0,1.0
SCN_012,193,6.4,cand_002,234,247,10,10,239.0,252.0,81.0,255.0,1.0
SCN_012,193,6.4,cand_003,437,216,9,9,441.5,220.5,64.0,255.0,1.0
SCN_012,194,6.4333,cand_001,234,247,10,10,239.0,252.0,81.0,255.0,1.0
SCN_012,194,6.4333,cand_002,327,366,10,10,332.0,371.0,81.0,255.0,1.0
SCN_012,194,6.4333,cand_003,437,216,9,9,441.5,220.5,64.0,255.0,1.0
SCN_012,195,6.4667,cand_001,326,366,10,10,331.0,371.0,81.0,255.0,1.0
SCN_012,195,6.4667,cand_002,235,247,10,10,240.0,252.0,81.0,255.0,1.0
SCN_012,195,6.4667,cand_003,437,216,9,9,441.5,220.5,64.0,255.0,1.0
SCN_012,196,6.5,cand_001,236,247,10,10,241.0,252.0,81.0,255.0,1.0
SCN_012,196,6.5,cand_002,325,366,10,10,330.0,371.0,81.0,255.0,1.0
SCN_012,196,6.5,cand_003,437,216,9,9,441.5,220.5,64.0,255.0,1.0
SCN_012,197,6.5333,cand_001,236,247,10,10,241.0,252.0,81.0,255.0,1.0
SCN_012,197,6.5333,cand_002,324,366,10,10,329.0,371.0,81.0,255.0,1.0
SCN_012,197,6.5333,cand_003,437,216,9,9,441.5,220.5,64.0,255.0,1.0
SCN_012,198,6.5667,cand_001,237,247,10,10,242.0,252.0,81.0,255.0,1.0
SCN_012,198,6.5667,cand_002,323,366,10,10,328.0,371.0,81.0,255.0,1.0
SCN_012,198,6.5667,cand_003,437,216,9,9,441.5,220.5,64.0,255.0,1.0
SCN_012,199,6.6,cand_001,237,248,10,10,242.0,253.0,81.0,255.0,1.0
SCN_012,199,6.6,cand_002,322,366,10,10,327.0,371.0,81.0,255.0,1.0
SCN_012,199,6.6,cand_003,437,216,9,9,441.5,220.5,64.0,255.0,1.0
SCN_012,200,6.6333,cand_001,238,248,10,10,243.0,253.0,81.0,255.0,1.0
SCN_012,200,6.6333,cand_002,321,366,10,10,326.0,371.0,81.0,255.0,1.0
SCN_012,200,6.6333,cand_003,437,216,9,9,441.5,220.5,64.0,255.0,1.0
SCN_012,201,6.6667,cand_001,239,248,10,10,244.0,253.0,81.0,255.0,1.0
SCN_012,201,6.6667,cand_002,320,366,10,10,325.0,371.0,81.0,255.0,1.0
SCN_012,201,6.6667,cand_003,437,216,9,9,441.5,220.5,64.0,255.0,1.0
SCN_012,202,6.7,cand_001,319,366,10,10,324.0,371.0,81.0,255.0,1.0
SCN_012,202,6.7,cand_002,239,248,10,10,244.0,253.0,81.0,255.0,1.0
SCN_012,202,6.7,cand_003,437,216,9,9,441.5,220.5,64.0,255.0,1.0
SCN_012,203,6.7333,cand_001,318,366,10,10,323.0,371.0,81.0,255.0,1.0
SCN_012,203,6.7333,cand_002,240,248,10,10,245.0,253.0,81.0,255.0,1.0
SCN_012,203,6.7333,cand_003,437,216,9,9,441.5,220.5,64.0,255.0,1.0
SCN_012,204,6.7667,cand_001,317,366,10,10,322.0,371.0,81.0,255.0,1.0
SCN_012,204,6.7667,cand_002,241,248,10,10,246.0,253.0,81.0,255.0,1.0
SCN_012,204,6.7667,cand_003,437,216,9,9,441.5,220.5,64.0,255.0,1.0
SCN_012,205,6.8,cand_001,316,366,10,10,321.0,371.0,81.0,255.0,1.0
SCN_012,205,6.8,cand_002,241,248,10,10,246.0,253.0,81.0,255.0,1.0
SCN_012,205,6.8,cand_003,437,216,9,9,441.5,220.5,64.0,255.0,1.0
SCN_012,206,6.8333,cand_001,242,248,10,10,247.0,253.0,81.0,255.0,1.0
SCN_012,206,6.8333,cand_002,315,366,10,10,320.0,371.0,81.0,255.0,1.0
SCN_012,206,6.8333,cand_003,437,216,9,9,441.5,220.5,64.0,255.0,1.0
SCN_012,207,6.8667,cand_001,314,366,10,10,319.0,371.0,81.0,255.0,1.0
SCN_012,207,6.8667,cand_002,243,248,10,10,248.0,253.0,81.0,255.0,1.0
SCN_012,207,6.8667,cand_003,437,216,9,9,441.5,220.5,64.0,255.0,1.0
SCN_012,208,6.9,cand_001,243,248,10,10,248.0,253.0,81.0,255.0,1.0
SCN_012,208,6.9,cand_002,313,366,10,10,318.0,371.0,81.0,255.0,1.0
SCN_012,208,6.9,cand_003,437,216,9,9,441.5,220.5,64.0,255.0,1.0
SCN_012,209,6.9333,cand_001,244,248,10,10,249.0,253.0,81.0,255.0,1.0
SCN_012,209,6.9333,cand_002,312,366,10,10,317.0,371.0,81.0,255.0,1.0
SCN_012,209,6.9333,cand_003,437,216,9,9,441.5,220.5,64.0,255.0,1.0
SCN_012,210,6.9667,cand_001,245,248,10,10,250.0,253.0,81.0,255.0,1.0
SCN_012,210,6.9667,cand_002,311,366,10,10,316.0,371.0,81.0,255.0,1.0
SCN_012,210,6.9667,cand_003,437,216,9,9,441.5,220.5,64.0,255.0,1.0
SCN_012,211,7.0,cand_001,245,248,10,10,250.0,253.0,81.0,255.0,1.0
SCN_012,211,7.0,cand_002,310,366,10,10,315.0,371.0,81.0,255.0,1.0
SCN_012,211,7.0,cand_003,437,216,9,9,441.5,220.5,64.0,255.0,1.0
SCN_012,212,7.0333,cand_001,246,248,10,10,251.0,253.0,81.0,255.0,1.0
SCN_012,212,7.0333,cand_002,309,366,10,10,314.0,371.0,81.0,255.0,1.0
SCN_012,212,7.0333,cand_003,437,216,9,9,441.5,220.5,64.0,255.0,1.0
SCN_012,213,7.0667,cand_001,247,248,10,10,252.0,253.0,81.0,255.0,1.0
SCN_012,213,7.0667,cand_002,308,366,10,10,313.0,371.0,81.0,255.0,1.0
SCN_012,213,7.0667,cand_003,437,216,9,9,441.5,220.5,64.0,255.0,1.0
SCN_012,214,7.1,cand_001,247,248,10,10,252.0,253.0,81.0,255.0,1.0
SCN_012,214,7.1,cand_002,307,366,10,10,312.0,371.0,81.0,255.0,1.0
SCN_012,214,7.1,cand_003,437,216,9,9,441.5,220.5,64.0,255.0,1.0
SCN_012,215,7.1333,cand_001,248,248,10,10,253.0,253.0,81.0,255.0,1.0
SCN_012,215,7.1333,cand_002,306,366,10,10,311.0,371.0,81.0,255.0,1.0
SCN_012,215,7.1333,cand_003,437,216,9,9,441.5,220.5,64.0,255.0,1.0
SCN_012,216,7.1667,cand_001,249,248,10,10,254.0,253.0,81.0,255.0,1.0
SCN_012,216,7.1667,cand_002,305,366,10,10,310.0,371.0,81.0,255.0,1.0
SCN_012,216,7.1667,cand_003,437,217,9,9,441.5,221.5,64.0,255.0,1.0
SCN_012,217,7.2,cand_001,304,365,10,10,309.0,370.0,81.0,255.0,1.0
SCN_012,217,7.2,cand_002,249,249,10,10,254.0,254.0,81.0,255.0,1.0
SCN_012,217,7.2,cand_003,437,217,9,9,441.5,221.5,64.0,255.0,1.0
SCN_012,218,7.2333,cand_001,250,249,10,10,255.0,254.0,81.0,255.0,1.0
SCN_012,218,7.2333,cand_002,303,365,10,10,308.0,370.0,81.0,255.0,1.0
SCN_012,218,7.2333,cand_003,437,217,9,9,441.5,221.5,64.0,255.0,1.0
SCN_012,219,7.2667,cand_001,251,249,10,10,256.0,254.0,81.0,255.0,1.0
SCN_012,219,7.2667,cand_002,302,365,10,10,307.0,370.0,81.0,255.0,1.0
SCN_012,219,7.2667,cand_003,437,217,9,9,441.5,221.5,64.0,255.0,1.0
SCN_012,220,7.3,cand_001,251,249,10,10,256.0,254.0,81.0,255.0,1.0
SCN_012,220,7.3,cand_002,301,365,10,10,306.0,370.0,81.0,255.0,1.0
SCN_012,220,7.3,cand_003,437,217,9,9,441.5,221.5,64.0,255.0,1.0
SCN_012,221,7.3333,cand_001,300,365,10,10,305.0,370.0,81.0,255.0,1.0
SCN_012,221,7.3333,cand_002,252,249,10,10,257.0,254.0,81.0,255.0,1.0
SCN_012,221,7.3333,cand_003,437,217,9,9,441.5,221.5,64.0,255.0,1.0
SCN_012,222,7.3667,cand_001,253,249,10,10,258.0,254.0,81.0,255.0,1.0
SCN_012,222,7.3667,cand_002,299,365,10,10,304.0,370.0,81.0,255.0,1.0
SCN_012,222,7.3667,cand_003,437,217,9,9,441.5,221.5,64.0,255.0,1.0
SCN_012,223,7.4,cand_001,298,365,10,10,303.0,370.0,81.0,255.0,1.0
SCN_012,223,7.4,cand_002,253,249,10,10,258.0,254.0,81.0,255.0,1.0
SCN_012,223,7.4,cand_003,437,217,9,9,441.5,221.5,64.0,255.0,1.0
SCN_012,224,7.4333,cand_001,254,249,10,10,259.0,254.0,81.0,255.0,1.0
SCN_012,224,7.4333,cand_002,297,365,10,10,302.0,370.0,81.0,255.0,1.0
SCN_012,224,7.4333,cand_003,437,217,9,9,441.5,221.5,64.0,255.0,1.0
SCN_012,225,7.4667,cand_001,296,364,10,10,301.0,369.0,81.0,255.0,1.0
SCN_012,225,7.4667,cand_002,255,249,10,10,260.0,254.0,81.0,255.0,1.0
SCN_012,225,7.4667,cand_003,437,217,9,9,441.5,221.5,64.0,255.0,1.0
SCN_012,226,7.5,cand_001,295,364,10,10,300.0,369.0,81.0,255.0,1.0
SCN_012,226,7.5,cand_002,255,249,10,10,260.0,254.0,81.0,255.0,1.0
SCN_012,226,7.5,cand_003,437,217,9,9,441.5,221.5,64.0,255.0,1.0
SCN_012,227,7.5333,cand_001,294,364,10,10,299.0,369.0,81.0,255.0,1.0
SCN_012,227,7.5333,cand_002,256,249,10,10,261.0,254.0,81.0,255.0,1.0
SCN_012,227,7.5333,cand_003,437,217,9,9,441.5,221.5,64.0,255.0,1.0
SCN_012,228,7.5667,cand_001,257,249,10,10,262.0,254.0,81.0,255.0,1.0
SCN_012,228,7.5667,cand_002,293,364,10,10,298.0,369.0,81.0,255.0,1.0
SCN_012,228,7.5667,cand_003,437,217,9,9,441.5,221.5,64.0,255.0,1.0
SCN_012,229,7.6,cand_001,292,364,10,10,297.0,369.0,81.0,255.0,1.0
SCN_012,229,7.6,cand_002,257,249,10,10,262.0,254.0,81.0,255.0,1.0
SCN_012,229,7.6,cand_003,437,217,9,9,441.5,221.5,64.0,255.0,1.0
SCN_012,230,7.6333,cand_001,258,249,10,10,263.0,254.0,81.0,255.0,1.0
SCN_012,230,7.6333,cand_002,291,364,10,10,296.0,369.0,81.0,255.0,1.0
SCN_012,230,7.6333,cand_003,437,217,9,9,441.5,221.5,64.0,255.0,1.0
SCN_012,231,7.6667,cand_001,290,363,10,10,295.0,368.0,81.0,255.0,1.0
SCN_012,231,7.6667,cand_002,259,249,10,10,264.0,254.0,81.0,255.0,1.0
SCN_012,231,7.6667,cand_003,437,217,9,9,441.5,221.5,64.0,255.0,1.0
SCN_012,232,7.7,cand_001,289,363,10,10,294.0,368.0,81.0,255.0,1.0
SCN_012,232,7.7,cand_002,259,249,10,10,264.0,254.0,81.0,255.0,1.0
SCN_012,232,7.7,cand_003,437,217,9,9,441.5,221.5,64.0,255.0,1.0
SCN_012,233,7.7333,cand_001,288,363,10,10,293.0,368.0,81.0,255.0,1.0
SCN_012,233,7.7333,cand_002,260,249,10,10,265.0,254.0,81.0,255.0,1.0
SCN_012,233,7.7333,cand_003,437,217,9,9,441.5,221.5,64.0,255.0,1.0
SCN_012,234,7.7667,cand_001,287,363,10,10,292.0,368.0,81.0,255.0,1.0
SCN_012,234,7.7667,cand_002,261,250,10,10,266.0,255.0,81.0,255.0,1.0
SCN_012,234,7.7667,cand_003,437,217,9,9,441.5,221.5,64.0,255.0,1.0
SCN_012,235,7.8,cand_001,286,363,10,10,291.0,368.0,81.0,255.0,1.0
SCN_012,235,7.8,cand_002,261,250,10,10,266.0,255.0,81.0,255.0,1.0
SCN_012,235,7.8,cand_003,437,217,9,9,441.5,221.5,64.0,255.0,1.0
SCN_012,236,7.8333,cand_001,262,250,10,10,267.0,255.0,81.0,255.0,1.0
SCN_012,236,7.8333,cand_002,285,362,10,10,290.0,367.0,81.0,255.0,1.0
SCN_012,236,7.8333,cand_003,437,217,9,9,441.5,221.5,64.0,255.0,1.0
SCN_012,237,7.8667,cand_001,285,362,10,10,290.0,367.0,81.0,255.0,1.0
SCN_012,237,7.8667,cand_002,263,250,10,10,268.0,255.0,81.0,255.0,1.0
SCN_012,237,7.8667,cand_003,437,217,9,9,441.5,221.5,64.0,255.0,1.0
SCN_012,238,7.9,cand_001,284,362,10,10,289.0,367.0,81.0,255.0,1.0
SCN_012,238,7.9,cand_002,263,250,10,10,268.0,255.0,81.0,255.0,1.0
SCN_012,238,7.9,cand_003,437,217,9,9,441.5,221.5,64.0,255.0,1.0
SCN_012,239,7.9333,cand_001,264,250,10,10,269.0,255.0,81.0,255.0,1.0
SCN_012,239,7.9333,cand_002,283,362,10,10,288.0,367.0,81.0,255.0,1.0
SCN_012,239,7.9333,cand_003,437,217,9,9,441.5,221.5,64.0,255.0,1.0
SCN_012,240,7.9667,cand_001,265,250,10,10,270.0,255.0,81.0,255.0,1.0
SCN_012,240,7.9667,cand_002,437,217,9,9,441.5,221.5,64.0,255.0,1.0
SCN_012,241,8.0,cand_001,265,250,10,10,270.0,255.0,81.0,255.0,1.0
SCN_012,241,8.0,cand_002,437,216,9,9,441.5,220.5,64.0,255.0,1.0
SCN_012,242,8.0333,cand_001,266,250,10,10,271.0,255.0,81.0,255.0,1.0
SCN_012,242,8.0333,cand_002,437,216,9,9,441.5,220.5,64.0,255.0,1.0
SCN_012,243,8.0667,cand_001,267,250,10,10,272.0,255.0,81.0,255.0,1.0
SCN_012,243,8.0667,cand_002,437,216,9,9,441.5,220.5,64.0,255.0,1.0
SCN_012,244,8.1,cand_001,267,250,10,10,272.0,255.0,81.0,255.0,1.0
SCN_012,244,8.1,cand_002,437,216,9,9,441.5,220.5,64.0,255.0,1.0
SCN_012,245,8.1333,cand_001,268,250,10,10,273.0,255.0,81.0,255.0,1.0
SCN_012,245,8.1333,cand_002,437,216,9,9,441.5,220.5,64.0,255.0,1.0
SCN_012,246,8.1667,cand_001,269,250,10,10,274.0,255.0,81.0,255.0,1.0
SCN_012,246,8.1667,cand_002,437,216,9,9,441.5,220.5,64.0,255.0,1.0
SCN_012,247,8.2,cand_001,269,250,10,10,274.0,255.0,81.0,255.0,1.0
SCN_012,247,8.2,cand_002,437,216,9,9,441.5,220.5,64.0,255.0,1.0
SCN_012,248,8.2333,cand_001,270,250,10,10,275.0,255.0,81.0,255.0,1.0
SCN_012,248,8.2333,cand_002,437,216,9,9,441.5,220.5,64.0,255.0,1.0
SCN_012,249,8.2667,cand_001,271,250,10,10,276.0,255.0,81.0,255.0,1.0
SCN_012,249,8.2667,cand_002,437,216,9,9,441.5,220.5,64.0,255.0,1.0
SCN_012,250,8.3,cand_001,271,250,10,10,276.0,255.0,81.0,255.0,1.0
SCN_012,250,8.3,cand_002,437,216,9,9,441.5,220.5,64.0,255.0,1.0
SCN_012,251,8.3333,cand_001,272,251,10,10,277.0,256.0,81.0,255.0,1.0
SCN_012,251,8.3333,cand_002,437,216,9,9,441.5,220.5,64.0,255.0,1.0
SCN_012,252,8.3667,cand_001,273,251,10,10,278.0,256.0,81.0,255.0,1.0
SCN_012,252,8.3667,cand_002,437,216,9,9,441.5,220.5,64.0,255.0,1.0
SCN_012,253,8.4,cand_001,273,251,10,10,278.0,256.0,81.0,255.0,1.0
SCN_012,253,8.4,cand_002,437,216,9,9,441.5,220.5,64.0,255.0,1.0
SCN_012,254,8.4333,cand_001,274,251,10,10,279.0,256.0,81.0,255.0,1.0
SCN_012,254,8.4333,cand_002,437,216,9,9,441.5,220.5,64.0,255.0,1.0
SCN_012,255,8.4667,cand_001,275,251,10,10,280.0,256.0,81.0,255.0,1.0
SCN_012,255,8.4667,cand_002,437,216,9,9,441.5,220.5,64.0,255.0,1.0
SCN_012,256,8.5,cand_001,275,251,10,10,280.0,256.0,81.0,255.0,1.0
SCN_012,256,8.5,cand_002,437,216,9,9,441.5,220.5,64.0,255.0,1.0
SCN_012,257,8.5333,cand_001,276,251,10,10,281.0,256.0,81.0,255.0,1.0
SCN_012,257,8.5333,cand_002,437,216,9,9,441.5,220.5,64.0,255.0,1.0
SCN_012,258,8.5667,cand_001,277,251,10,10,282.0,256.0,81.0,255.0,1.0
SCN_012,258,8.5667,cand_002,437,216,9,9,441.5,220.5,64.0,255.0,1.0
SCN_012,259,8.6,cand_001,277,251,10,10,282.0,256.0,81.0,255.0,1.0
SCN_012,259,8.6,cand_002,437,216,9,9,441.5,220.5,64.0,255.0,1.0
SCN_012,260,8.6333,cand_001,278,251,10,10,283.0,256.0,81.0,255.0,1.0
SCN_012,260,8.6333,cand_002,437,216,9,9,441.5,220.5,64.0,255.0,1.0
SCN_012,261,8.6667,cand_001,279,251,10,10,284.0,256.0,81.0,255.0,1.0
SCN_012,261,8.6667,cand_002,437,216,9,9,441.5,220.5,64.0,255.0,1.0
SCN_012,262,8.7,cand_001,279,251,10,10,284.0,256.0,81.0,255.0,1.0
SCN_012,262,8.7,cand_002,437,216,9,9,441.5,220.5,64.0,255.0,1.0
SCN_012,263,8.7333,cand_001,280,251,10,10,285.0,256.0,81.0,255.0,1.0
SCN_012,263,8.7333,cand_002,437,216,9,9,441.5,220.5,64.0,255.0,1.0
SCN_012,264,8.7667,cand_001,281,251,10,10,286.0,256.0,81.0,255.0,1.0
SCN_012,264,8.7667,cand_002,437,216,9,9,441.5,220.5,64.0,255.0,1.0
SCN_012,265,8.8,cand_001,281,251,10,10,286.0,256.0,81.0,255.0,1.0
SCN_012,265,8.8,cand_002,437,216,9,9,441.5,220.5,64.0,255.0,1.0
SCN_012,266,8.8333,cand_001,282,251,10,10,287.0,256.0,81.0,255.0,1.0
SCN_012,266,8.8333,cand_002,437,216,9,9,441.5,220.5,64.0,255.0,1.0
SCN_012,267,8.8667,cand_001,283,251,10,10,288.0,256.0,81.0,255.0,1.0
SCN_012,267,8.8667,cand_002,437,216,9,9,441.5,220.5,64.0,255.0,1.0
SCN_012,268,8.9,cand_001,283,252,10,10,288.0,257.0,81.0,255.0,1.0
SCN_012,268,8.9,cand_002,437,216,9,9,441.5,220.5,64.0,255.0,1.0
SCN_012,269,8.9333,cand_001,284,252,10,10,289.0,257.0,81.0,255.0,1.0
SCN_012,269,8.9333,cand_002,437,216,9,9,441.5,220.5,64.0,255.0,1.0
SCN_012,270,8.9667,cand_001,285,252,10,10,290.0,257.0,81.0,255.0,1.0
SCN_012,270,8.9667,cand_002,437,216,9,9,441.5,220.5,64.0,255.0,1.0
SCN_012,271,9.0,cand_001,285,252,10,10,290.0,257.0,81.0,255.0,1.0
SCN_012,271,9.0,cand_002,437,216,9,9,441.5,220.5,64.0,255.0,1.0
SCN_012,272,9.0333,cand_001,286,252,10,10,291.0,257.0,81.0,255.0,1.0
SCN_012,272,9.0333,cand_002,437,216,9,9,441.5,220.5,64.0,255.0,1.0
SCN_012,273,9.0667,cand_001,287,252,10,10,292.0,257.0,81.0,255.0,1.0
SCN_012,273,9.0667,cand_002,437,216,9,9,441.5,220.5,64.0,255.0,1.0
SCN_012,274,9.1,cand_001,287,252,10,10,292.0,257.0,81.0,255.0,1.0
SCN_012,274,9.1,cand_002,437,216,9,9,441.5,220.5,64.0,255.0,1.0
SCN_012,275,9.1333,cand_001,288,252,10,10,293.0,257.0,81.0,255.0,1.0
SCN_012,275,9.1333,cand_002,437,216,9,9,441.5,220.5,64.0,255.0,1.0
SCN_012,276,9.1667,cand_001,289,252,10,10,294.0,257.0,81.0,255.0,1.0
SCN_012,276,9.1667,cand_002,437,216,9,9,441.5,220.5,64.0,255.0,1.0
SCN_012,277,9.2,cand_001,289,252,10,10,294.0,257.0,81.0,255.0,1.0
SCN_012,277,9.2,cand_002,437,216,9,9,441.5,220.5,64.0,255.0,1.0
SCN_012,278,9.2333,cand_001,290,252,10,10,295.0,257.0,81.0,255.0,1.0
SCN_012,278,9.2333,cand_002,437,216,9,9,441.5,220.5,64.0,255.0,1.0
SCN_012,279,9.2667,cand_001,291,252,10,10,296.0,257.0,81.0,255.0,1.0
SCN_012,279,9.2667,cand_002,437,216,9,9,441.5,220.5,64.0,255.0,1.0
SCN_012,280,9.3,cand_001,291,252,10,10,296.0,257.0,81.0,255.0,1.0
SCN_012,280,9.3,cand_002,437,216,9,9,441.5,220.5,64.0,255.0,1.0
SCN_012,281,9.3333,cand_001,292,252,10,10,297.0,257.0,81.0,255.0,1.0
SCN_012,281,9.3333,cand_002,437,216,9,9,441.5,220.5,64.0,255.0,1.0
SCN_012,282,9.3667,cand_001,293,252,10,10,298.0,257.0,81.0,255.0,1.0
SCN_012,282,9.3667,cand_002,437,216,9,9,441.5,220.5,64.0,255.0,1.0
SCN_012,283,9.4,cand_001,293,252,10,10,298.0,257.0,81.0,255.0,1.0
SCN_012,283,9.4,cand_002,437,216,9,9,441.5,220.5,64.0,255.0,1.0
SCN_012,284,9.4333,cand_001,294,252,10,10,299.0,257.0,81.0,255.0,1.0
SCN_012,284,9.4333,cand_002,437,216,9,9,441.5,220.5,64.0,255.0,1.0
SCN_012,285,9.4667,cand_001,295,253,10,10,300.0,258.0,81.0,255.0,1.0
SCN_012,285,9.4667,cand_002,437,216,9,9,441.5,220.5,64.0,255.0,1.0
SCN_012,286,9.5,cand_001,295,253,10,10,300.0,258.0,81.0,255.0,1.0
SCN_012,286,9.5,cand_002,437,216,9,9,441.5,220.5,64.0,255.0,1.0
SCN_012,287,9.5333,cand_001,296,253,10,10,301.0,258.0,81.0,255.0,1.0
SCN_012,287,9.5333,cand_002,437,216,9,9,441.5,220.5,64.0,255.0,1.0
SCN_012,288,9.5667,cand_001,297,253,10,10,302.0,258.0,81.0,255.0,1.0
SCN_012,288,9.5667,cand_002,437,216,9,9,441.5,220.5,64.0,255.0,1.0
SCN_012,289,9.6,cand_001,297,253,10,10,302.0,258.0,81.0,255.0,1.0
SCN_012,289,9.6,cand_002,437,216,9,9,441.5,220.5,64.0,255.0,1.0
SCN_012,290,9.6333,cand_001,298,253,10,10,303.0,258.0,81.0,255.0,1.0
SCN_012,290,9.6333,cand_002,437,216,9,9,441.5,220.5,64.0,255.0,1.0
SCN_012,291,9.6667,cand_001,299,253,10,10,304.0,258.0,81.0,255.0,1.0
SCN_012,291,9.6667,cand_002,437,216,9,9,441.5,220.5,64.0,255.0,1.0
SCN_012,292,9.7,cand_001,299,253,10,10,304.0,258.0,81.0,255.0,1.0
SCN_012,292,9.7,cand_002,437,216,9,9,441.5,220.5,64.0,255.0,1.0
SCN_012,293,9.7333,cand_001,300,253,10,10,305.0,258.0,81.0,255.0,1.0
SCN_012,293,9.7333,cand_002,437,216,9,9,441.5,220.5,64.0,255.0,1.0
SCN_012,294,9.7667,cand_001,301,253,10,10,306.0,258.0,81.0,255.0,1.0
SCN_012,294,9.7667,cand_002,437,216,9,9,441.5,220.5,64.0,255.0,1.0
SCN_012,295,9.8,cand_001,301,253,10,10,306.0,258.0,81.0,255.0,1.0
SCN_012,295,9.8,cand_002,437,216,9,9,441.5,220.5,64.0,255.0,1.0
SCN_012,296,9.8333,cand_001,302,253,10,10,307.0,258.0,81.0,255.0,1.0
SCN_012,296,9.8333,cand_002,437,216,9,9,441.5,220.5,64.0,255.0,1.0
SCN_012,297,9.8667,cand_001,303,253,10,10,308.0,258.0,81.0,255.0,1.0
SCN_012,297,9.8667,cand_002,437,216,9,9,441.5,220.5,64.0,255.0,1.0
SCN_012,298,9.9,cand_001,303,253,10,10,308.0,258.0,81.0,255.0,1.0
SCN_012,298,9.9,cand_002,437,216,9,9,441.5,220.5,64.0,255.0,1.0
SCN_012,299,9.9333,cand_001,304,253,10,10,309.0,258.0,81.0,255.0,1.0
SCN_012,299,9.9333,cand_002,437,216,9,9,441.5,220.5,64.0,255.0,1.0
SCN_012,300,9.9667,cand_001,305,253,10,10,310.0,258.0,81.0,255.0,1.0
SCN_012,300,9.9667,cand_002,437,216,9,9,441.5,220.5,64.0,255.0,1.0
SCN_012,301,10.0,cand_001,305,253,10,10,310.0,258.0,81.0,255.0,1.0
SCN_012,301,10.0,cand_002,229,332,10,10,234.0,337.0,81.0,255.0,1.0
SCN_012,301,10.0,cand_003,437,217,9,9,441.5,221.5,64.0,255.0,1.0
SCN_012,302,10.0333,cand_001,306,253,10,10,311.0,258.0,81.0,255.0,1.0
SCN_012,302,10.0333,cand_002,228,332,10,10,233.0,337.0,81.0,255.0,1.0
SCN_012,302,10.0333,cand_003,437,217,9,9,441.5,221.5,64.0,255.0,1.0
SCN_012,303,10.0667,cand_001,227,331,10,10,232.0,336.0,81.0,255.0,1.0
SCN_012,303,10.0667,cand_002,307,254,10,10,312.0,259.0,81.0,255.0,1.0
SCN_012,303,10.0667,cand_003,437,217,9,9,441.5,221.5,64.0,255.0,1.0
SCN_012,304,10.1,cand_001,226,330,10,10,231.0,335.0,81.0,255.0,1.0
SCN_012,304,10.1,cand_002,307,254,10,10,312.0,259.0,81.0,255.0,1.0
SCN_012,304,10.1,cand_003,437,217,9,9,441.5,221.5,64.0,255.0,1.0
SCN_012,305,10.1333,cand_001,308,254,10,10,313.0,259.0,81.0,255.0,1.0
SCN_012,305,10.1333,cand_002,226,330,10,10,231.0,335.0,81.0,255.0,1.0
SCN_012,305,10.1333,cand_003,437,217,9,9,441.5,221.5,64.0,255.0,1.0
SCN_012,306,10.1667,cand_001,225,329,10,10,230.0,334.0,81.0,255.0,1.0
SCN_012,306,10.1667,cand_002,309,254,10,10,314.0,259.0,81.0,255.0,1.0
SCN_012,306,10.1667,cand_003,437,217,9,9,441.5,221.5,64.0,255.0,1.0
SCN_012,307,10.2,cand_001,309,254,10,10,314.0,259.0,81.0,255.0,1.0
SCN_012,307,10.2,cand_002,224,328,10,10,229.0,333.0,81.0,255.0,1.0
SCN_012,307,10.2,cand_003,437,217,9,9,441.5,221.5,64.0,255.0,1.0
SCN_012,308,10.2333,cand_001,310,254,10,10,315.0,259.0,81.0,255.0,1.0
SCN_012,308,10.2333,cand_002,224,327,10,10,229.0,332.0,81.0,255.0,1.0
SCN_012,308,10.2333,cand_003,437,217,9,9,441.5,221.5,64.0,255.0,1.0
SCN_012,309,10.2667,cand_001,223,327,10,10,228.0,332.0,81.0,255.0,1.0
SCN_012,309,10.2667,cand_002,311,254,10,10,316.0,259.0,81.0,255.0,1.0
SCN_012,309,10.2667,cand_003,437,217,9,9,441.5,221.5,64.0,255.0,1.0
SCN_012,310,10.3,cand_001,222,326,10,10,227.0,331.0,81.0,255.0,1.0
SCN_012,310,10.3,cand_002,311,254,10,10,316.0,259.0,81.0,255.0,1.0
SCN_012,310,10.3,cand_003,437,217,9,9,441.5,221.5,64.0,255.0,1.0
SCN_012,311,10.3333,cand_001,312,254,10,10,317.0,259.0,81.0,255.0,1.0
SCN_012,311,10.3333,cand_002,222,325,10,10,227.0,330.0,81.0,255.0,1.0
SCN_012,311,10.3333,cand_003,437,217,9,9,441.5,221.5,64.0,255.0,1.0
SCN_012,312,10.3667,cand_001,221,325,10,10,226.0,330.0,81.0,255.0,1.0
SCN_012,312,10.3667,cand_002,313,254,10,10,318.0,259.0,81.0,255.0,1.0
SCN_012,312,10.3667,cand_003,437,217,9,9,441.5,221.5,64.0,255.0,1.0
SCN_012,313,10.4,cand_001,313,254,10,10,318.0,259.0,81.0,255.0,1.0
SCN_012,313,10.4,cand_002,220,324,10,10,225.0,329.0,81.0,255.0,1.0
SCN_012,313,10.4,cand_003,437,217,9,9,441.5,221.5,64.0,255.0,1.0
SCN_012,314,10.4333,cand_001,219,323,10,10,224.0,328.0,81.0,255.0,1.0
SCN_012,314,10.4333,cand_002,314,254,10,10,319.0,259.0,81.0,255.0,1.0
SCN_012,314,10.4333,cand_003,437,217,9,9,441.5,221.5,64.0,255.0,1.0
SCN_012,315,10.4667,cand_001,315,254,10,10,320.0,259.0,81.0,255.0,1.0
SCN_012,315,10.4667,cand_002,219,322,10,10,224.0,327.0,81.0,255.0,1.0
SCN_012,315,10.4667,cand_003,437,217,9,9,441.5,221.5,64.0,255.0,1.0
SCN_012,316,10.5,cand_001,218,322,10,10,223.0,327.0,81.0,255.0,1.0
SCN_012,316,10.5,cand_002,315,254,10,10,320.0,259.0,81.0,255.0,1.0
SCN_012,316,10.5,cand_003,437,217,9,9,441.5,221.5,64.0,255.0,1.0
SCN_012,317,10.5333,cand_001,217,321,10,10,222.0,326.0,81.0,255.0,1.0
SCN_012,317,10.5333,cand_002,316,254,10,10,321.0,259.0,81.0,255.0,1.0
SCN_012,317,10.5333,cand_003,437,217,9,9,441.5,221.5,64.0,255.0,1.0
SCN_012,318,10.5667,cand_001,317,254,10,10,322.0,259.0,81.0,255.0,1.0
SCN_012,318,10.5667,cand_002,217,320,10,10,222.0,325.0,81.0,255.0,1.0
SCN_012,318,10.5667,cand_003,437,217,9,9,441.5,221.5,64.0,255.0,1.0
SCN_012,319,10.6,cand_001,317,254,10,10,322.0,259.0,81.0,255.0,1.0
SCN_012,319,10.6,cand_002,216,319,10,10,221.0,324.0,81.0,255.0,1.0
SCN_012,319,10.6,cand_003,437,217,9,9,441.5,221.5,64.0,255.0,1.0
SCN_012,320,10.6333,cand_001,216,319,10,10,221.0,324.0,81.0,255.0,1.0
SCN_012,320,10.6333,cand_002,318,255,10,10,323.0,260.0,81.0,255.0,1.0
SCN_012,320,10.6333,cand_003,437,217,9,9,441.5,221.5,64.0,255.0,1.0
SCN_012,321,10.6667,cand_001,319,255,10,10,324.0,260.0,81.0,255.0,1.0
SCN_012,321,10.6667,cand_002,215,318,10,10,220.0,323.0,81.0,255.0,1.0
SCN_012,321,10.6667,cand_003,437,217,9,9,441.5,221.5,64.0,255.0,1.0
SCN_012,322,10.7,cand_001,214,317,10,10,219.0,322.0,81.0,255.0,1.0
SCN_012,322,10.7,cand_002,319,255,10,10,324.0,260.0,81.0,255.0,1.0
SCN_012,322,10.7,cand_003,437,217,9,9,441.5,221.5,64.0,255.0,1.0
SCN_012,323,10.7333,cand_001,320,255,10,10,325.0,260.0,81.0,255.0,1.0
SCN_012,323,10.7333,cand_002,214,316,10,10,219.0,321.0,81.0,255.0,1.0
SCN_012,323,10.7333,cand_003,437,217,9,9,441.5,221.5,64.0,255.0,1.0
SCN_012,324,10.7667,cand_001,321,255,10,10,326.0,260.0,81.0,255.0,1.0
SCN_012,324,10.7667,cand_002,213,315,10,10,218.0,320.0,81.0,255.0,1.0
SCN_012,324,10.7667,cand_003,437,217,9,9,441.5,221.5,64.0,255.0,1.0
SCN_012,325,10.8,cand_001,321,255,10,10,326.0,260.0,81.0,255.0,1.0
SCN_012,325,10.8,cand_002,212,315,10,10,217.0,320.0,81.0,255.0,1.0
SCN_012,325,10.8,cand_003,436,217,9,9,440.5,221.5,64.0,255.0,1.0
SCN_012,326,10.8333,cand_001,322,255,10,10,327.0,260.0,81.0,255.0,1.0
SCN_012,326,10.8333,cand_002,212,314,10,10,217.0,319.0,81.0,255.0,1.0
SCN_012,326,10.8333,cand_003,436,217,9,9,440.5,221.5,64.0,255.0,1.0
SCN_012,327,10.8667,cand_001,323,255,10,10,328.0,260.0,81.0,255.0,1.0
SCN_012,327,10.8667,cand_002,211,313,10,10,216.0,318.0,81.0,255.0,1.0
SCN_012,327,10.8667,cand_003,436,217,9,9,440.5,221.5,64.0,255.0,1.0
SCN_012,328,10.9,cand_001,323,255,10,10,328.0,260.0,81.0,255.0,1.0
SCN_012,328,10.9,cand_002,211,312,10,10,216.0,317.0,81.0,255.0,1.0
SCN_012,328,10.9,cand_003,436,217,9,9,440.5,221.5,64.0,255.0,1.0
SCN_012,329,10.9333,cand_001,210,311,10,10,215.0,316.0,81.0,255.0,1.0
SCN_012,329,10.9333,cand_002,324,255,10,10,329.0,260.0,81.0,255.0,1.0
SCN_012,329,10.9333,cand_003,436,217,9,9,440.5,221.5,64.0,255.0,1.0
SCN_012,330,10.9667,cand_001,210,311,10,10,215.0,316.0,81.0,255.0,1.0
SCN_012,330,10.9667,cand_002,324,255,10,10,329.0,260.0,81.0,255.0,1.0
SCN_012,330,10.9667,cand_003,436,217,9,9,440.5,221.5,64.0,255.0,1.0
SCN_012,331,11.0,cand_001,209,310,10,10,214.0,315.0,81.0,255.0,1.0
SCN_012,331,11.0,cand_002,325,255,10,10,330.0,260.0,81.0,255.0,1.0
SCN_012,331,11.0,cand_003,436,217,9,9,440.5,221.5,64.0,255.0,1.0
SCN_012,332,11.0333,cand_001,208,309,10,10,213.0,314.0,81.0,255.0,1.0
SCN_012,332,11.0333,cand_002,326,255,10,10,331.0,260.0,81.0,255.0,1.0
SCN_012,332,11.0333,cand_003,436,217,9,9,440.5,221.5,64.0,255.0,1.0
SCN_012,333,11.0667,cand_001,208,308,10,10,213.0,313.0,81.0,255.0,1.0
SCN_012,333,11.0667,cand_002,326,255,10,10,331.0,260.0,81.0,255.0,1.0
SCN_012,333,11.0667,cand_003,436,217,9,9,440.5,221.5,64.0,255.0,1.0
SCN_012,334,11.1,cand_001,327,255,10,10,332.0,260.0,81.0,255.0,1.0
SCN_012,334,11.1,cand_002,207,307,10,10,212.0,312.0,81.0,255.0,1.0
SCN_012,334,11.1,cand_003,436,217,9,9,440.5,221.5,64.0,255.0,1.0
SCN_012,335,11.1333,cand_001,207,306,10,10,212.0,311.0,81.0,255.0,1.0
SCN_012,335,11.1333,cand_002,328,255,10,10,333.0,260.0,81.0,255.0,1.0
SCN_012,335,11.1333,cand_003,436,217,9,9,440.5,221.5,64.0,255.0,1.0
SCN_012,336,11.1667,cand_001,206,306,10,10,211.0,311.0,81.0,255.0,1.0
SCN_012,336,11.1667,cand_002,328,255,10,10,333.0,260.0,81.0,255.0,1.0
SCN_012,336,11.1667,cand_003,436,217,9,9,440.5,221.5,64.0,255.0,1.0
SCN_012,337,11.2,cand_001,206,305,10,10,211.0,310.0,81.0,255.0,1.0
SCN_012,337,11.2,cand_002,329,256,10,10,334.0,261.0,81.0,255.0,1.0
SCN_012,337,11.2,cand_003,437,217,9,9,441.5,221.5,64.0,255.0,1.0
SCN_012,338,11.2333,cand_001,205,304,10,10,210.0,309.0,81.0,255.0,1.0
SCN_012,338,11.2333,cand_002,330,256,10,10,335.0,261.0,81.0,255.0,1.0
SCN_012,338,11.2333,cand_003,437,217,9,9,441.5,221.5,64.0,255.0,1.0
SCN_012,339,11.2667,cand_001,330,256,10,10,335.0,261.0,81.0,255.0,1.0
SCN_012,339,11.2667,cand_002,205,303,10,10,210.0,308.0,81.0,255.0,1.0
SCN_012,339,11.2667,cand_003,437,217,9,9,441.5,221.5,64.0,255.0,1.0
SCN_012,340,11.3,cand_001,331,256,10,10,336.0,261.0,81.0,255.0,1.0
SCN_012,340,11.3,cand_002,204,302,10,10,209.0,307.0,81.0,255.0,1.0
SCN_012,340,11.3,cand_003,437,217,9,9,441.5,221.5,64.0,255.0,1.0
SCN_012,341,11.3333,cand_001,204,301,10,10,209.0,306.0,81.0,255.0,1.0
SCN_012,341,11.3333,cand_002,332,256,10,10,337.0,261.0,81.0,255.0,1.0
SCN_012,341,11.3333,cand_003,437,217,9,9,441.5,221.5,64.0,255.0,1.0
SCN_012,342,11.3667,cand_001,332,256,10,10,337.0,261.0,81.0,255.0,1.0
SCN_012,342,11.3667,cand_002,203,300,10,10,208.0,305.0,81.0,255.0,1.0
SCN_012,342,11.3667,cand_003,437,217,9,9,441.5,221.5,64.0,255.0,1.0
SCN_012,343,11.4,cand_001,203,300,10,10,208.0,305.0,81.0,255.0,1.0
SCN_012,343,11.4,cand_002,333,256,10,10,338.0,261.0,81.0,255.0,1.0
SCN_012,343,11.4,cand_003,437,217,9,9,441.5,221.5,64.0,255.0,1.0
SCN_012,344,11.4333,cand_001,202,299,10,10,207.0,304.0,81.0,255.0,1.0
SCN_012,344,11.4333,cand_002,334,256,10,10,339.0,261.0,81.0,255.0,1.0
SCN_012,344,11.4333,cand_003,437,217,9,9,441.5,221.5,64.0,255.0,1.0
SCN_012,345,11.4667,cand_001,334,256,10,10,339.0,261.0,81.0,255.0,1.0
SCN_012,345,11.4667,cand_002,202,298,10,10,207.0,303.0,81.0,255.0,1.0
SCN_012,345,11.4667,cand_003,437,217,9,9,441.5,221.5,64.0,255.0,1.0
SCN_012,346,11.5,cand_001,201,297,10,10,206.0,302.0,81.0,255.0,1.0
SCN_012,346,11.5,cand_002,335,256,10,10,340.0,261.0,81.0,255.0,1.0
SCN_012,346,11.5,cand_003,437,217,9,9,441.5,221.5,64.0,255.0,1.0
SCN_012,347,11.5333,cand_001,336,256,10,10,341.0,261.0,81.0,255.0,1.0
SCN_012,347,11.5333,cand_002,201,296,10,10,206.0,301.0,81.0,255.0,1.0
SCN_012,347,11.5333,cand_003,437,217,9,9,441.5,221.5,64.0,255.0,1.0
SCN_012,348,11.5667,cand_001,336,256,10,10,341.0,261.0,81.0,255.0,1.0
SCN_012,348,11.5667,cand_002,200,295,10,10,205.0,300.0,81.0,255.0,1.0
SCN_012,348,11.5667,cand_003,437,217,9,9,441.5,221.5,64.0,255.0,1.0
SCN_012,349,11.6,cand_001,200,294,10,10,205.0,299.0,81.0,255.0,1.0
SCN_012,349,11.6,cand_002,337,256,10,10,342.0,261.0,81.0,255.0,1.0
SCN_012,349,11.6,cand_003,437,217,9,9,441.5,221.5,64.0,255.0,1.0
SCN_012,350,11.6333,cand_001,199,293,10,10,204.0,298.0,81.0,255.0,1.0
SCN_012,350,11.6333,cand_002,338,256,10,10,343.0,261.0,81.0,255.0,1.0
SCN_012,350,11.6333,cand_003,437,217,9,9,441.5,221.5,64.0,255.0,1.0
SCN_012,351,11.6667,cand_001,338,256,10,10,343.0,261.0,81.0,255.0,1.0
SCN_012,351,11.6667,cand_002,199,292,10,10,204.0,297.0,81.0,255.0,1.0
SCN_012,351,11.6667,cand_003,437,217,9,9,441.5,221.5,64.0,255.0,1.0
SCN_012,352,11.7,cand_001,339,256,10,10,344.0,261.0,81.0,255.0,1.0
SCN_012,352,11.7,cand_002,198,292,10,10,203.0,297.0,81.0,255.0,1.0
SCN_012,352,11.7,cand_003,437,217,9,9,441.5,221.5,64.0,255.0,1.0
SCN_012,353,11.7333,cand_001,340,256,10,10,345.0,261.0,81.0,255.0,1.0
SCN_012,353,11.7333,cand_002,198,291,10,10,203.0,296.0,81.0,255.0,1.0
SCN_012,353,11.7333,cand_003,437,217,9,9,441.5,221.5,64.0,255.0,1.0
SCN_012,354,11.7667,cand_001,198,290,10,10,203.0,295.0,81.0,255.0,1.0
SCN_012,354,11.7667,cand_002,340,257,10,10,345.0,262.0,81.0,255.0,1.0
SCN_012,354,11.7667,cand_003,437,217,9,9,441.5,221.5,64.0,255.0,1.0
SCN_012,355,11.8,cand_001,341,257,10,10,346.0,262.0,81.0,255.0,1.0
SCN_012,355,11.8,cand_002,197,289,10,10,202.0,294.0,81.0,255.0,1.0
SCN_012,355,11.8,cand_003,437,217,9,9,441.5,221.5,64.0,255.0,1.0
SCN_012,356,11.8333,cand_001,197,288,10,10,202.0,293.0,81.0,255.0,1.0
SCN_012,356,11.8333,cand_002,342,257,10,10,347.0,262.0,81.0,255.0,1.0
SCN_012,356,11.8333,cand_003,437,217,9,9,441.5,221.5,64.0,255.0,1.0
SCN_012,357,11.8667,cand_001,342,257,10,10,347.0,262.0,81.0,255.0,1.0
SCN_012,357,11.8667,cand_002,196,287,10,10,201.0,292.0,81.0,255.0,1.0
SCN_012,357,11.8667,cand_003,437,217,9,9,441.5,221.5,64.0,255.0,1.0
SCN_012,358,11.9,cand_001,196,286,10,10,201.0,291.0,81.0,255.0,1.0
SCN_012,358,11.9,cand_002,343,257,10,10,348.0,262.0,81.0,255.0,1.0
SCN_012,358,11.9,cand_003,437,217,9,9,441.5,221.5,64.0,255.0,1.0
SCN_012,359,11.9333,cand_001,344,257,10,10,349.0,262.0,81.0,255.0,1.0
SCN_012,359,11.9333,cand_002,196,285,10,10,201.0,290.0,81.0,255.0,1.0
SCN_012,359,11.9333,cand_003,437,216,9,9,441.5,220.5,64.0,255.0,1.0
SCN_012,360,11.9667,cand_001,195,284,10,10,200.0,289.0,81.0,255.0,1.0
SCN_012,360,11.9667,cand_002,344,257,10,10,349.0,262.0,81.0,255.0,1.0
SCN_012,360,11.9667,cand_003,437,216,9,9,441.5,220.5,64.0,255.0,1.0
SCN_012,361,12.0,cand_001,195,283,10,10,200.0,288.0,81.0,255.0,1.0
SCN_012,361,12.0,cand_002,345,257,10,10,350.0,262.0,81.0,255.0,1.0
SCN_012,361,12.0,cand_003,437,216,9,9,441.5,220.5,64.0,255.0,1.0
SCN_012,362,12.0333,cand_001,195,282,10,10,200.0,287.0,81.0,255.0,1.0
SCN_012,362,12.0333,cand_002,346,257,10,10,351.0,262.0,81.0,255.0,1.0
SCN_012,362,12.0333,cand_003,437,216,9,9,441.5,220.5,64.0,255.0,1.0
SCN_012,363,12.0667,cand_001,194,281,10,10,199.0,286.0,81.0,255.0,1.0
SCN_012,363,12.0667,cand_002,346,257,10,10,351.0,262.0,81.0,255.0,1.0
SCN_012,363,12.0667,cand_003,437,216,9,9,441.5,220.5,64.0,255.0,1.0
SCN_012,364,12.1,cand_001,347,257,10,10,352.0,262.0,81.0,255.0,1.0
SCN_012,364,12.1,cand_002,194,280,10,10,199.0,285.0,81.0,255.0,1.0
SCN_012,364,12.1,cand_003,437,216,9,9,441.5,220.5,64.0,255.0,1.0
SCN_012,365,12.1333,cand_001,348,257,10,10,353.0,262.0,81.0,255.0,1.0
SCN_012,365,12.1333,cand_002,194,280,10,10,199.0,285.0,81.0,255.0,1.0
SCN_012,365,12.1333,cand_003,437,216,9,9,441.5,220.5,64.0,255.0,1.0
SCN_012,366,12.1667,cand_001,193,279,10,10,198.0,284.0,81.0,255.0,1.0
SCN_012,366,12.1667,cand_002,348,257,10,10,353.0,262.0,81.0,255.0,1.0
SCN_012,366,12.1667,cand_003,437,216,9,9,441.5,220.5,64.0,255.0,1.0
SCN_012,367,12.2,cand_001,193,278,10,10,198.0,283.0,81.0,255.0,1.0
SCN_012,367,12.2,cand_002,349,257,10,10,354.0,262.0,81.0,255.0,1.0
SCN_012,367,12.2,cand_003,437,216,9,9,441.5,220.5,64.0,255.0,1.0
SCN_012,368,12.2333,cand_001,193,277,10,10,198.0,282.0,81.0,255.0,1.0
SCN_012,368,12.2333,cand_002,350,257,10,10,355.0,262.0,81.0,255.0,1.0
SCN_012,368,12.2333,cand_003,437,216,9,9,441.5,220.5,64.0,255.0,1.0
SCN_012,369,12.2667,cand_001,192,276,10,10,197.0,281.0,81.0,255.0,1.0
SCN_012,369,12.2667,cand_002,350,257,10,10,355.0,262.0,81.0,255.0,1.0
SCN_012,369,12.2667,cand_003,437,216,9,9,441.5,220.5,64.0,255.0,1.0
SCN_012,370,12.3,cand_001,192,275,10,10,197.0,280.0,81.0,255.0,1.0
SCN_012,370,12.3,cand_002,351,257,10,10,356.0,262.0,81.0,255.0,1.0
SCN_012,370,12.3,cand_003,437,216,9,9,441.5,220.5,64.0,255.0,1.0
SCN_012,371,12.3333,cand_001,352,257,10,10,357.0,262.0,81.0,255.0,1.0
SCN_012,371,12.3333,cand_002,192,274,10,10,197.0,279.0,81.0,255.0,1.0
SCN_012,371,12.3333,cand_003,437,216,9,9,441.5,220.5,64.0,255.0,1.0
SCN_012,372,12.3667,cand_001,352,258,10,10,357.0,263.0,81.0,255.0,1.0
SCN_012,372,12.3667,cand_002,191,273,10,10,196.0,278.0,81.0,255.0,1.0
SCN_012,372,12.3667,cand_003,437,216,9,9,441.5,220.5,64.0,255.0,1.0
SCN_012,373,12.4,cand_001,191,272,10,10,196.0,277.0,81.0,255.0,1.0
SCN_012,373,12.4,cand_002,353,258,10,10,358.0,263.0,81.0,255.0,1.0
SCN_012,373,12.4,cand_003,437,216,9,9,441.5,220.5,64.0,255.0,1.0
SCN_012,374,12.4333,cand_001,191,271,10,10,196.0,276.0,81.0,255.0,1.0
SCN_012,374,12.4333,cand_002,354,258,10,10,359.0,263.0,81.0,255.0,1.0
SCN_012,374,12.4333,cand_003,437,216,9,9,441.5,220.5,64.0,255.0,1.0
SCN_012,375,12.4667,cand_001,354,258,10,10,359.0,263.0,81.0,255.0,1.0
SCN_012,375,12.4667,cand_002,191,270,10,10,196.0,275.0,81.0,255.0,1.0
SCN_012,375,12.4667,cand_003,437,216,9,9,441.5,220.5,64.0,255.0,1.0
SCN_012,376,12.5,cand_001,355,258,10,10,360.0,263.0,81.0,255.0,1.0
SCN_012,376,12.5,cand_002,190,269,10,10,195.0,274.0,81.0,255.0,1.0
SCN_012,376,12.5,cand_003,437,216,9,9,441.5,220.5,64.0,255.0,1.0
SCN_012,377,12.5333,cand_001,190,268,10,10,195.0,273.0,81.0,255.0,1.0
SCN_012,377,12.5333,cand_002,356,258,10,10,361.0,263.0,81.0,255.0,1.0
SCN_012,377,12.5333,cand_003,437,216,9,9,441.5,220.5,64.0,255.0,1.0
SCN_012,378,12.5667,cand_001,356,258,10,10,361.0,263.0,81.0,255.0,1.0
SCN_012,378,12.5667,cand_002,190,267,10,10,195.0,272.0,81.0,255.0,1.0
SCN_012,378,12.5667,cand_003,437,216,9,9,441.5,220.5,64.0,255.0,1.0
SCN_012,379,12.6,cand_001,357,258,10,10,362.0,263.0,81.0,255.0,1.0
SCN_012,379,12.6,cand_002,190,266,10,10,195.0,271.0,81.0,255.0,1.0
SCN_012,379,12.6,cand_003,437,216,9,9,441.5,220.5,64.0,255.0,1.0
SCN_012,380,12.6333,cand_001,358,258,10,10,363.0,263.0,81.0,255.0,1.0
SCN_012,380,12.6333,cand_002,189,265,10,10,194.0,270.0,81.0,255.0,1.0
SCN_012,380,12.6333,cand_003,437,216,9,9,441.5,220.5,64.0,255.0,1.0
SCN_012,381,12.6667,cand_001,358,258,10,10,363.0,263.0,81.0,255.0,1.0
SCN_012,381,12.6667,cand_002,189,264,10,10,194.0,269.0,81.0,255.0,1.0
SCN_012,381,12.6667,cand_003,437,216,9,9,441.5,220.5,64.0,255.0,1.0
SCN_012,382,12.7,cand_001,359,258,10,10,364.0,263.0,81.0,255.0,1.0
SCN_012,382,12.7,cand_002,189,263,10,10,194.0,268.0,81.0,255.0,1.0
SCN_012,382,12.7,cand_003,437,216,9,9,441.5,220.5,64.0,255.0,1.0
SCN_012,383,12.7333,cand_001,360,258,10,10,365.0,263.0,81.0,255.0,1.0
SCN_012,383,12.7333,cand_002,189,262,10,10,194.0,267.0,81.0,255.0,1.0
SCN_012,383,12.7333,cand_003,437,216,9,9,441.5,220.5,64.0,255.0,1.0
SCN_012,384,12.7667,cand_001,360,258,10,10,365.0,263.0,81.0,255.0,1.0
SCN_012,384,12.7667,cand_002,188,261,10,10,193.0,266.0,81.0,255.0,1.0
SCN_012,384,12.7667,cand_003,437,216,9,9,441.5,220.5,64.0,255.0,1.0
SCN_012,385,12.8,cand_001,361,258,10,10,366.0,263.0,81.0,255.0,1.0
SCN_012,385,12.8,cand_002,188,260,10,10,193.0,265.0,81.0,255.0,1.0
SCN_012,385,12.8,cand_003,437,216,9,9,441.5,220.5,64.0,255.0,1.0
SCN_012,386,12.8333,cand_001,188,259,10,10,193.0,264.0,81.0,255.0,1.0
SCN_012,386,12.8333,cand_002,362,258,10,10,367.0,263.0,81.0,255.0,1.0
SCN_012,386,12.8333,cand_003,437,216,9,9,441.5,220.5,64.0,255.0,1.0
SCN_012,387,12.8667,cand_001,188,258,10,10,193.0,263.0,81.0,255.0,1.0
SCN_012,387,12.8667,cand_002,362,258,10,10,367.0,263.0,81.0,255.0,1.0
SCN_012,387,12.8667,cand_003,437,216,9,9,441.5,220.5,64.0,255.0,1.0
SCN_012,388,12.9,cand_001,363,258,10,10,368.0,263.0,81.0,255.0,1.0
SCN_012,388,12.9,cand_002,188,257,10,10,193.0,262.0,81.0,255.0,1.0
SCN_012,388,12.9,cand_003,437,216,9,9,441.5,220.5,64.0,255.0,1.0
SCN_012,389,12.9333,cand_001,364,259,10,10,369.0,264.0,81.0,255.0,1.0
SCN_012,389,12.9333,cand_002,188,256,10,10,193.0,261.0,81.0,255.0,1.0
SCN_012,389,12.9333,cand_003,437,216,9,9,441.5,220.5,64.0,255.0,1.0
SCN_012,390,12.9667,cand_001,187,255,10,10,192.0,260.0,81.0,255.0,1.0
SCN_012,390,12.9667,cand_002,364,259,10,10,369.0,264.0,81.0,255.0,1.0
SCN_012,390,12.9667,cand_003,437,216,9,9,441.5,220.5,64.0,255.0,1.0
SCN_012,391,13.0,cand_001,365,259,10,10,370.0,264.0,81.0,255.0,1.0
SCN_012,391,13.0,cand_002,187,254,10,10,192.0,259.0,81.0,255.0,1.0
SCN_012,391,13.0,cand_003,437,216,9,9,441.5,220.5,64.0,255.0,1.0
SCN_012,392,13.0333,cand_001,366,259,10,10,371.0,264.0,81.0,255.0,1.0
SCN_012,392,13.0333,cand_002,187,253,10,10,192.0,258.0,81.0,255.0,1.0
SCN_012,392,13.0333,cand_003,437,216,9,9,441.5,220.5,64.0,255.0,1.0
SCN_012,393,13.0667,cand_001,366,259,10,10,371.0,264.0,81.0,255.0,1.0
SCN_012,393,13.0667,cand_002,187,252,10,10,192.0,257.0,81.0,255.0,1.0
SCN_012,393,13.0667,cand_003,437,216,9,9,441.5,220.5,64.0,255.0,1.0
SCN_012,394,13.1,cand_001,367,259,10,10,372.0,264.0,81.0,255.0,1.0
SCN_012,394,13.1,cand_002,187,251,10,10,192.0,256.0,81.0,255.0,1.0
SCN_012,394,13.1,cand_003,437,216,9,9,441.5,220.5,64.0,255.0,1.0
SCN_012,395,13.1333,cand_001,187,250,10,10,192.0,255.0,81.0,255.0,1.0
SCN_012,395,13.1333,cand_002,368,259,10,10,373.0,264.0,81.0,255.0,1.0
SCN_012,395,13.1333,cand_003,437,216,9,9,441.5,220.5,64.0,255.0,1.0
SCN_012,396,13.1667,cand_001,187,249,10,10,192.0,254.0,81.0,255.0,1.0
SCN_012,396,13.1667,cand_002,368,259,10,10,373.0,264.0,81.0,255.0,1.0
SCN_012,396,13.1667,cand_003,437,216,9,9,441.5,220.5,64.0,255.0,1.0
SCN_012,397,13.2,cand_001,369,259,10,10,374.0,264.0,81.0,255.0,1.0
SCN_012,397,13.2,cand_002,187,248,10,10,192.0,253.0,81.0,255.0,1.0
SCN_012,397,13.2,cand_003,437,216,9,9,441.5,220.5,64.0,255.0,1.0
SCN_012,398,13.2333,cand_001,370,259,10,10,375.0,264.0,81.0,255.0,1.0
SCN_012,398,13.2333,cand_002,187,247,10,10,192.0,252.0,81.0,255.0,1.0
SCN_012,398,13.2333,cand_003,437,216,9,9,441.5,220.5,64.0,255.0,1.0
SCN_012,399,13.2667,cand_001,370,259,10,10,375.0,264.0,81.0,255.0,1.0
SCN_012,399,13.2667,cand_002,186,246,10,10,191.0,251.0,81.0,255.0,1.0
SCN_012,399,13.2667,cand_003,437,216,9,9,441.5,220.5,64.0,255.0,1.0
SCN_012,400,13.3,cand_001,186,245,10,10,191.0,250.0,81.0,255.0,1.0
SCN_012,400,13.3,cand_002,371,259,10,10,376.0,264.0,81.0,255.0,1.0
SCN_012,400,13.3,cand_003,437,216,9,9,441.5,220.5,64.0,255.0,1.0
SCN_012,401,13.3333,cand_001,372,259,10,10,377.0,264.0,81.0,255.0,1.0
SCN_012,401,13.3333,cand_002,186,244,10,10,191.0,249.0,81.0,255.0,1.0
SCN_012,401,13.3333,cand_003,437,216,9,9,441.5,220.5,64.0,255.0,1.0
SCN_012,402,13.3667,cand_001,372,259,10,10,377.0,264.0,81.0,255.0,1.0
SCN_012,402,13.3667,cand_002,186,243,10,10,191.0,248.0,81.0,255.0,1.0
SCN_012,402,13.3667,cand_003,437,216,9,9,441.5,220.5,64.0,255.0,1.0
SCN_012,403,13.4,cand_001,186,242,10,10,191.0,247.0,81.0,255.0,1.0
SCN_012,403,13.4,cand_002,373,259,10,10,378.0,264.0,81.0,255.0,1.0
SCN_012,403,13.4,cand_003,437,216,9,9,441.5,220.5,64.0,255.0,1.0
SCN_012,404,13.4333,cand_001,374,259,10,10,379.0,264.0,81.0,255.0,1.0
SCN_012,404,13.4333,cand_002,186,241,10,10,191.0,246.0,81.0,255.0,1.0
SCN_012,404,13.4333,cand_003,437,216,9,9,441.5,220.5,64.0,255.0,1.0
SCN_012,405,13.4667,cand_001,186,240,10,10,191.0,245.0,81.0,255.0,1.0
SCN_012,405,13.4667,cand_002,374,259,10,10,379.0,264.0,81.0,255.0,1.0
SCN_012,405,13.4667,cand_003,437,216,9,9,441.5,220.5,64.0,255.0,1.0
SCN_012,406,13.5,cand_001,375,260,10,10,380.0,265.0,81.0,255.0,1.0
SCN_012,406,13.5,cand_002,186,239,10,10,191.0,244.0,81.0,255.0,1.0
SCN_012,406,13.5,cand_003,437,216,9,9,441.5,220.5,64.0,255.0,1.0
SCN_012,407,13.5333,cand_001,376,260,10,10,381.0,265.0,81.0,255.0,1.0
SCN_012,407,13.5333,cand_002,186,238,10,10,191.0,243.0,81.0,255.0,1.0
SCN_012,407,13.5333,cand_003,437,216,9,9,441.5,220.5,64.0,255.0,1.0
SCN_012,408,13.5667,cand_001,376,260,10,10,381.0,265.0,81.0,255.0,1.0
SCN_012,408,13.5667,cand_002,186,237,10,10,191.0,242.0,81.0,255.0,1.0
SCN_012,408,13.5667,cand_003,437,216,9,9,441.5,220.5,64.0,255.0,1.0
SCN_012,409,13.6,cand_001,377,260,10,10,382.0,265.0,81.0,255.0,1.0
SCN_012,409,13.6,cand_002,186,236,10,10,191.0,241.0,81.0,255.0,1.0
SCN_012,409,13.6,cand_003,437,216,9,9,441.5,220.5,64.0,255.0,1.0
SCN_012,410,13.6333,cand_001,186,235,10,10,191.0,240.0,81.0,255.0,1.0
SCN_012,410,13.6333,cand_002,378,260,10,10,383.0,265.0,81.0,255.0,1.0
SCN_012,410,13.6333,cand_003,437,216,9,9,441.5,220.5,64.0,255.0,1.0
SCN_012,411,13.6667,cand_001,186,234,10,10,191.0,239.0,81.0,255.0,1.0
SCN_012,411,13.6667,cand_002,378,260,10,10,383.0,265.0,81.0,255.0,1.0
SCN_012,411,13.6667,cand_003,437,216,9,9,441.5,220.5,64.0,255.0,1.0
SCN_012,412,13.7,cand_001,186,233,10,10,191.0,238.0,81.0,255.0,1.0
SCN_012,412,13.7,cand_002,379,260,10,10,384.0,265.0,81.0,255.0,1.0
SCN_012,412,13.7,cand_003,437,216,9,9,441.5,220.5,64.0,255.0,1.0
SCN_012,413,13.7333,cand_001,380,260,10,10,385.0,265.0,81.0,255.0,1.0
SCN_012,413,13.7333,cand_002,186,232,10,10,191.0,237.0,81.0,255.0,1.0
SCN_012,413,13.7333,cand_003,437,216,9,9,441.5,220.5,64.0,255.0,1.0
SCN_012,414,13.7667,cand_001,186,231,10,10,191.0,236.0,81.0,255.0,1.0
SCN_012,414,13.7667,cand_002,380,260,10,10,385.0,265.0,81.0,255.0,1.0
SCN_012,414,13.7667,cand_003,437,216,9,9,441.5,220.5,64.0,255.0,1.0
SCN_012,415,13.8,cand_001,381,260,10,10,386.0,265.0,81.0,255.0,1.0
SCN_012,415,13.8,cand_002,186,230,10,10,191.0,235.0,81.0,255.0,1.0
SCN_012,415,13.8,cand_003,437,216,9,9,441.5,220.5,64.0,255.0,1.0
SCN_012,416,13.8333,cand_001,186,229,10,10,191.0,234.0,81.0,255.0,1.0
SCN_012,416,13.8333,cand_002,382,260,10,10,387.0,265.0,81.0,255.0,1.0
SCN_012,416,13.8333,cand_003,437,216,9,9,441.5,220.5,64.0,255.0,1.0
SCN_012,417,13.8667,cand_001,186,228,10,10,191.0,233.0,81.0,255.0,1.0
SCN_012,417,13.8667,cand_002,382,260,10,10,387.0,265.0,81.0,255.0,1.0
SCN_012,417,13.8667,cand_003,437,216,9,9,441.5,220.5,64.0,255.0,1.0
SCN_012,418,13.9,cand_001,186,227,10,10,191.0,232.0,81.0,255.0,1.0
SCN_012,418,13.9,cand_002,383,260,10,10,388.0,265.0,81.0,255.0,1.0
SCN_012,418,13.9,cand_003,437,216,9,9,441.5,220.5,64.0,255.0,1.0
SCN_012,419,13.9333,cand_001,186,226,10,10,191.0,231.0,81.0,255.0,1.0
SCN_012,419,13.9333,cand_002,384,260,10,10,389.0,265.0,81.0,255.0,1.0
SCN_012,419,13.9333,cand_003,437,216,9,9,441.5,220.5,64.0,255.0,1.0
SCN_012,420,13.9667,cand_001,186,225,10,10,191.0,230.0,81.0,255.0,1.0
SCN_012,420,13.9667,cand_002,384,260,10,10,389.0,265.0,81.0,255.0,1.0
SCN_012,420,13.9667,cand_003,437,216,9,9,441.5,220.5,64.0,255.0,1.0
SCN_012,421,14.0,cand_001,187,224,10,10,192.0,229.0,81.0,255.0,1.0
SCN_012,421,14.0,cand_002,385,260,10,10,390.0,265.0,81.0,255.0,1.0
SCN_012,421,14.0,cand_003,437,216,9,9,441.5,220.5,64.0,255.0,1.0
SCN_012,422,14.0333,cand_001,386,260,10,10,391.0,265.0,81.0,255.0,1.0
SCN_012,422,14.0333,cand_002,187,223,10,10,192.0,228.0,81.0,255.0,1.0
SCN_012,422,14.0333,cand_003,437,216,9,9,441.5,220.5,64.0,255.0,1.0
SCN_012,423,14.0667,cand_001,386,261,10,10,391.0,266.0,81.0,255.0,1.0
SCN_012,423,14.0667,cand_002,187,222,10,10,192.0,227.0,81.0,255.0,1.0
SCN_012,423,14.0667,cand_003,437,216,9,9,441.5,220.5,64.0,255.0,1.0
SCN_012,424,14.1,cand_001,387,261,10,10,392.0,266.0,81.0,255.0,1.0
SCN_012,424,14.1,cand_002,187,221,10,10,192.0,226.0,81.0,255.0,1.0
SCN_012,424,14.1,cand_003,437,217,9,9,441.5,221.5,64.0,255.0,1.0
SCN_012,425,14.1333,cand_001,388,261,10,10,393.0,266.0,81.0,255.0,1.0
SCN_012,425,14.1333,cand_002,187,220,10,10,192.0,225.0,81.0,255.0,1.0
SCN_012,425,14.1333,cand_003,437,217,9,9,441.5,221.5,64.0,255.0,1.0
SCN_012,426,14.1667,cand_001,388,261,10,10,393.0,266.0,81.0,255.0,1.0
SCN_012,426,14.1667,cand_002,187,219,10,10,192.0,224.0,81.0,255.0,1.0
SCN_012,426,14.1667,cand_003,437,217,9,9,441.5,221.5,64.0,255.0,1.0
SCN_012,427,14.2,cand_001,389,261,10,10,394.0,266.0,81.0,255.0,1.0
SCN_012,427,14.2,cand_002,187,218,10,10,192.0,223.0,81.0,255.0,1.0
SCN_012,427,14.2,cand_003,437,217,9,9,441.5,221.5,64.0,255.0,1.0
SCN_012,428,14.2333,cand_001,187,217,10,10,192.0,222.0,81.0,255.0,1.0
SCN_012,428,14.2333,cand_002,390,261,10,10,395.0,266.0,81.0,255.0,1.0
SCN_012,428,14.2333,cand_003,437,217,9,9,441.5,221.5,64.0,255.0,1.0
SCN_012,429,14.2667,cand_001,187,216,10,10,192.0,221.0,81.0,255.0,1.0
SCN_012,429,14.2667,cand_002,390,261,10,10,395.0,266.0,81.0,255.0,1.0
SCN_012,429,14.2667,cand_003,437,217,9,9,441.5,221.5,64.0,255.0,1.0
SCN_012,430,14.3,cand_001,391,261,10,10,396.0,266.0,81.0,255.0,1.0
SCN_012,430,14.3,cand_002,188,215,10,10,193.0,220.0,81.0,255.0,1.0
SCN_012,430,14.3,cand_003,437,217,9,9,441.5,221.5,64.0,255.0,1.0
SCN_012,431,14.3333,cand_001,392,261,10,10,397.0,266.0,81.0,255.0,1.0
SCN_012,431,14.3333,cand_002,188,215,10,10,193.0,220.0,81.0,255.0,1.0
SCN_012,431,14.3333,cand_003,437,217,9,9,441.5,221.5,64.0,255.0,1.0
SCN_012,432,14.3667,cand_001,392,261,10,10,397.0,266.0,81.0,255.0,1.0
SCN_012,432,14.3667,cand_002,188,214,10,10,193.0,219.0,81.0,255.0,1.0
SCN_012,432,14.3667,cand_003,437,217,9,9,441.5,221.5,64.0,255.0,1.0
SCN_012,433,14.4,cand_001,393,261,10,10,398.0,266.0,81.0,255.0,1.0
SCN_012,433,14.4,cand_002,188,213,10,10,193.0,218.0,81.0,255.0,1.0
SCN_012,433,14.4,cand_003,437,217,9,9,441.5,221.5,64.0,255.0,1.0
SCN_012,434,14.4333,cand_001,188,212,10,10,193.0,217.0,81.0,255.0,1.0
SCN_012,434,14.4333,cand_002,394,261,10,10,399.0,266.0,81.0,255.0,1.0
SCN_012,434,14.4333,cand_003,437,217,9,9,441.5,221.5,64.0,255.0,1.0
SCN_012,435,14.4667,cand_001,189,211,10,10,194.0,216.0,81.0,255.0,1.0
SCN_012,435,14.4667,cand_002,394,261,10,10,399.0,266.0,81.0,255.0,1.0
SCN_012,435,14.4667,cand_003,437,217,9,9,441.5,221.5,64.0,255.0,1.0
SCN_012,436,14.5,cand_001,395,261,10,10,400.0,266.0,81.0,255.0,1.0
SCN_012,436,14.5,cand_002,189,210,10,10,194.0,215.0,81.0,255.0,1.0
SCN_012,436,14.5,cand_003,437,217,9,9,441.5,221.5,64.0,255.0,1.0
SCN_012,437,14.5333,cand_001,189,209,10,10,194.0,214.0,81.0,255.0,1.0
SCN_012,437,14.5333,cand_002,396,261,10,10,401.0,266.0,81.0,255.0,1.0
SCN_012,437,14.5333,cand_003,437,217,9,9,441.5,221.5,64.0,255.0,1.0
SCN_012,438,14.5667,cand_001,189,208,10,10,194.0,213.0,81.0,255.0,1.0
SCN_012,438,14.5667,cand_002,396,261,10,10,401.0,266.0,81.0,255.0,1.0
SCN_012,438,14.5667,cand_003,437,217,9,9,441.5,221.5,64.0,255.0,1.0
SCN_012,439,14.6,cand_001,189,207,10,10,194.0,212.0,81.0,255.0,1.0
SCN_012,439,14.6,cand_002,397,261,10,10,402.0,266.0,81.0,255.0,1.0
SCN_012,439,14.6,cand_003,437,217,9,9,441.5,221.5,64.0,255.0,1.0
SCN_012,440,14.6333,cand_001,190,206,10,10,195.0,211.0,81.0,255.0,1.0
SCN_012,440,14.6333,cand_002,398,262,10,10,403.0,267.0,81.0,255.0,1.0
SCN_012,440,14.6333,cand_003,437,217,9,9,441.5,221.5,64.0,255.0,1.0
SCN_012,441,14.6667,cand_001,190,205,10,10,195.0,210.0,81.0,255.0,1.0
SCN_012,441,14.6667,cand_002,398,262,10,10,403.0,267.0,81.0,255.0,1.0
SCN_012,441,14.6667,cand_003,437,217,9,9,441.5,221.5,64.0,255.0,1.0
SCN_012,442,14.7,cand_001,399,262,10,10,404.0,267.0,81.0,255.0,1.0
SCN_012,442,14.7,cand_002,190,204,10,10,195.0,209.0,81.0,255.0,1.0
SCN_012,442,14.7,cand_003,437,217,9,9,441.5,221.5,64.0,255.0,1.0
SCN_012,443,14.7333,cand_001,190,203,10,10,195.0,208.0,81.0,255.0,1.0
SCN_012,443,14.7333,cand_002,400,262,10,10,405.0,267.0,81.0,255.0,1.0
SCN_012,443,14.7333,cand_003,437,217,9,9,441.5,221.5,64.0,255.0,1.0
SCN_012,444,14.7667,cand_001,191,202,10,10,196.0,207.0,81.0,255.0,1.0
SCN_012,444,14.7667,cand_002,400,262,10,10,405.0,267.0,81.0,255.0,1.0
SCN_012,444,14.7667,cand_003,437,217,9,9,441.5,221.5,64.0,255.0,1.0
SCN_012,445,14.8,cand_001,191,201,10,10,196.0,206.0,81.0,255.0,1.0
SCN_012,445,14.8,cand_002,401,262,10,10,406.0,267.0,81.0,255.0,1.0
SCN_012,445,14.8,cand_003,437,217,9,9,441.5,221.5,64.0,255.0,1.0
SCN_012,446,14.8333,cand_001,191,200,10,10,196.0,205.0,81.0,255.0,1.0
SCN_012,446,14.8333,cand_002,402,262,10,10,407.0,267.0,81.0,255.0,1.0
SCN_012,446,14.8333,cand_003,437,217,9,9,441.5,221.5,64.0,255.0,1.0
SCN_012,447,14.8667,cand_001,402,262,10,10,407.0,267.0,81.0,255.0,1.0
SCN_012,447,14.8667,cand_002,191,199,10,10,196.0,204.0,81.0,255.0,1.0
SCN_012,447,14.8667,cand_003,437,217,9,9,441.5,221.5,64.0,255.0,1.0
SCN_012,448,14.9,cand_001,192,198,10,10,197.0,203.0,81.0,255.0,1.0
SCN_012,448,14.9,cand_002,403,262,10,10,408.0,267.0,81.0,255.0,1.0
SCN_012,448,14.9,cand_003,437,217,9,9,441.5,221.5,64.0,255.0,1.0
SCN_012,449,14.9333,cand_001,192,197,10,10,197.0,202.0,81.0,255.0,1.0
SCN_012,449,14.9333,cand_002,404,262,10,10,409.0,267.0,81.0,255.0,1.0
SCN_012,449,14.9333,cand_003,437,217,9,9,441.5,221.5,64.0,255.0,1.0
SCN_012,450,14.9667,cand_001,192,196,10,10,197.0,201.0,81.0,255.0,1.0
SCN_012,450,14.9667,cand_002,404,262,10,10,409.0,267.0,81.0,255.0,1.0
SCN_012,450,14.9667,cand_003,437,217,9,9,441.5,221.5,64.0,255.0,1.0
SCN_012,451,15.0,cand_001,405,262,10,10,410.0,267.0,81.0,255.0,1.0
SCN_012,451,15.0,cand_002,193,195,10,10,198.0,200.0,81.0,255.0,1.0
SCN_012,451,15.0,cand_003,437,217,9,9,441.5,221.5,64.0,255.0,1.0
SCN_012,452,15.0333,cand_001,406,262,10,10,411.0,267.0,81.0,255.0,1.0
SCN_012,452,15.0333,cand_002,193,194,10,10,198.0,199.0,81.0,255.0,1.0
SCN_012,452,15.0333,cand_003,437,217,9,9,441.5,221.5,64.0,255.0,1.0
SCN_012,453,15.0667,cand_001,193,193,10,10,198.0,198.0,81.0,255.0,1.0
SCN_012,453,15.0667,cand_002,406,262,10,10,411.0,267.0,81.0,255.0,1.0
SCN_012,453,15.0667,cand_003,437,217,9,9,441.5,221.5,64.0,255.0,1.0
SCN_012,454,15.1,cand_001,407,262,10,10,412.0,267.0,81.0,255.0,1.0
SCN_012,454,15.1,cand_002,194,192,10,10,199.0,197.0,81.0,255.0,1.0
SCN_012,454,15.1,cand_003,437,217,9,9,441.5,221.5,64.0,255.0,1.0
SCN_012,455,15.1333,cand_001,194,191,10,10,199.0,196.0,81.0,255.0,1.0
SCN_012,455,15.1333,cand_002,408,262,10,10,413.0,267.0,81.0,255.0,1.0
SCN_012,455,15.1333,cand_003,437,217,9,9,441.5,221.5,64.0,255.0,1.0
SCN_012,456,15.1667,cand_001,194,190,10,10,199.0,195.0,81.0,255.0,1.0
SCN_012,456,15.1667,cand_002,408,262,10,10,413.0,267.0,81.0,255.0,1.0
SCN_012,456,15.1667,cand_003,437,217,9,9,441.5,221.5,64.0,255.0,1.0
SCN_012,457,15.2,cand_001,195,189,10,10,200.0,194.0,81.0,255.0,1.0
SCN_012,457,15.2,cand_002,409,262,10,10,414.0,267.0,81.0,255.0,1.0
SCN_012,457,15.2,cand_003,437,217,9,9,441.5,221.5,64.0,255.0,1.0
SCN_012,458,15.2333,cand_001,195,189,10,10,200.0,194.0,81.0,255.0,1.0
SCN_012,458,15.2333,cand_002,410,263,10,10,415.0,268.0,81.0,255.0,1.0
SCN_012,458,15.2333,cand_003,437,217,9,9,441.5,221.5,64.0,255.0,1.0
SCN_012,459,15.2667,cand_001,195,188,10,10,200.0,193.0,81.0,255.0,1.0
SCN_012,459,15.2667,cand_002,410,263,10,10,415.0,268.0,81.0,255.0,1.0
SCN_012,459,15.2667,cand_003,437,217,9,9,441.5,221.5,64.0,255.0,1.0
SCN_012,460,15.3,cand_001,196,187,10,10,201.0,192.0,81.0,255.0,1.0
SCN_012,460,15.3,cand_002,411,263,10,10,416.0,268.0,81.0,255.0,1.0
SCN_012,460,15.3,cand_003,437,217,9,9,441.5,221.5,64.0,255.0,1.0
SCN_012,461,15.3333,cand_001,411,263,10,10,416.0,268.0,81.0,255.0,1.0
SCN_012,461,15.3333,cand_002,196,186,10,10,201.0,191.0,81.0,255.0,1.0
SCN_012,461,15.3333,cand_003,437,217,9,9,441.5,221.5,64.0,255.0,1.0
SCN_012,462,15.3667,cand_001,196,185,10,10,201.0,190.0,81.0,255.0,1.0
SCN_012,462,15.3667,cand_002,412,263,10,10,417.0,268.0,81.0,255.0,1.0
SCN_012,462,15.3667,cand_003,437,217,9,9,441.5,221.5,64.0,255.0,1.0
SCN_012,463,15.4,cand_001,413,263,10,10,418.0,268.0,81.0,255.0,1.0
SCN_012,463,15.4,cand_002,197,184,10,10,202.0,189.0,81.0,255.0,1.0
SCN_012,463,15.4,cand_003,437,217,9,9,441.5,221.5,64.0,255.0,1.0
SCN_012,464,15.4333,cand_001,197,183,10,10,202.0,188.0,81.0,255.0,1.0
SCN_012,464,15.4333,cand_002,413,263,10,10,418.0,268.0,81.0,255.0,1.0
SCN_012,464,15.4333,cand_003,437,217,9,9,441.5,221.5,64.0,255.0,1.0
SCN_012,465,15.4667,cand_001,414,263,10,10,419.0,268.0,81.0,255.0,1.0
SCN_012,465,15.4667,cand_002,198,182,10,10,203.0,187.0,81.0,255.0,1.0
SCN_012,465,15.4667,cand_003,437,217,9,9,441.5,221.5,64.0,255.0,1.0
SCN_012,466,15.5,cand_001,198,181,10,10,203.0,186.0,81.0,255.0,1.0
SCN_012,466,15.5,cand_002,415,263,10,10,420.0,268.0,81.0,255.0,1.0
SCN_012,466,15.5,cand_003,437,217,9,9,441.5,221.5,64.0,255.0,1.0
SCN_012,467,15.5333,cand_001,199,180,10,10,204.0,185.0,81.0,255.0,1.0
SCN_012,467,15.5333,cand_002,415,263,10,10,420.0,268.0,81.0,255.0,1.0
SCN_012,467,15.5333,cand_003,437,217,9,9,441.5,221.5,64.0,255.0,1.0
SCN_012,468,15.5667,cand_001,199,179,10,10,204.0,184.0,81.0,255.0,1.0
SCN_012,468,15.5667,cand_002,416,263,10,10,421.0,268.0,81.0,255.0,1.0
SCN_012,468,15.5667,cand_003,437,217,9,9,441.5,221.5,64.0,255.0,1.0
SCN_012,469,15.6,cand_001,199,178,10,10,204.0,183.0,81.0,255.0,1.0
SCN_012,469,15.6,cand_002,417,263,10,10,422.0,268.0,81.0,255.0,1.0
SCN_012,469,15.6,cand_003,437,217,9,9,441.5,221.5,64.0,255.0,1.0
SCN_012,470,15.6333,cand_001,200,178,10,10,205.0,183.0,81.0,255.0,1.0
SCN_012,470,15.6333,cand_002,417,263,10,10,422.0,268.0,81.0,255.0,1.0
SCN_012,470,15.6333,cand_003,437,217,9,9,441.5,221.5,64.0,255.0,1.0
SCN_012,471,15.6667,cand_001,200,177,10,10,205.0,182.0,81.0,255.0,1.0
SCN_012,471,15.6667,cand_002,418,263,10,10,423.0,268.0,81.0,255.0,1.0
SCN_012,471,15.6667,cand_003,437,217,9,9,441.5,221.5,64.0,255.0,1.0
SCN_012,472,15.7,cand_001,201,176,10,10,206.0,181.0,81.0,255.0,1.0
SCN_012,472,15.7,cand_002,419,263,10,10,424.0,268.0,81.0,255.0,1.0
SCN_012,472,15.7,cand_003,437,217,9,9,441.5,221.5,64.0,255.0,1.0
SCN_012,473,15.7333,cand_001,201,175,10,10,206.0,180.0,81.0,255.0,1.0
SCN_012,473,15.7333,cand_002,419,263,10,10,424.0,268.0,81.0,255.0,1.0
SCN_012,473,15.7333,cand_003,437,217,9,9,441.5,221.5,64.0,255.0,1.0
SCN_012,474,15.7667,cand_001,202,174,10,10,207.0,179.0,81.0,255.0,1.0
SCN_012,474,15.7667,cand_002,420,263,10,10,425.0,268.0,81.0,255.0,1.0
SCN_012,474,15.7667,cand_003,437,217,9,9,441.5,221.5,64.0,255.0,1.0
SCN_012,475,15.8,cand_001,202,173,10,10,207.0,178.0,81.0,255.0,1.0
SCN_012,475,15.8,cand_002,421,264,10,10,426.0,269.0,81.0,255.0,1.0
SCN_012,475,15.8,cand_003,437,217,9,9,441.5,221.5,64.0,255.0,1.0
SCN_012,476,15.8333,cand_001,203,172,10,10,208.0,177.0,81.0,255.0,1.0
SCN_012,476,15.8333,cand_002,421,264,10,10,426.0,269.0,81.0,255.0,1.0
SCN_012,476,15.8333,cand_003,437,217,9,9,441.5,221.5,64.0,255.0,1.0
SCN_012,477,15.8667,cand_001,203,171,10,10,208.0,176.0,81.0,255.0,1.0
SCN_012,477,15.8667,cand_002,422,264,10,10,427.0,269.0,81.0,255.0,1.0
SCN_012,477,15.8667,cand_003,437,217,9,9,441.5,221.5,64.0,255.0,1.0
SCN_012,478,15.9,cand_001,204,171,10,10,209.0,176.0,81.0,255.0,1.0
SCN_012,478,15.9,cand_002,423,264,10,10,428.0,269.0,81.0,255.0,1.0
SCN_012,478,15.9,cand_003,437,217,9,9,441.5,221.5,64.0,255.0,1.0
SCN_012,479,15.9333,cand_001,204,170,10,10,209.0,175.0,81.0,255.0,1.0
SCN_012,479,15.9333,cand_002,423,264,10,10,428.0,269.0,81.0,255.0,1.0
SCN_012,479,15.9333,cand_003,437,217,9,9,441.5,221.5,64.0,255.0,1.0
SCN_012,480,15.9667,cand_001,205,169,10,10,210.0,174.0,81.0,255.0,1.0
SCN_012,480,15.9667,cand_002,424,264,10,10,429.0,269.0,81.0,255.0,1.0
SCN_012,480,15.9667,cand_003,437,217,9,9,441.5,221.5,64.0,255.0,1.0
SCN_012,481,16.0,cand_001,425,264,10,10,430.0,269.0,81.0,255.0,1.0
SCN_012,481,16.0,cand_002,205,168,10,10,210.0,173.0,81.0,255.0,1.0
SCN_012,481,16.0,cand_003,437,217,9,9,441.5,221.5,64.0,255.0,1.0
SCN_012,482,16.0333,cand_001,425,264,10,10,430.0,269.0,81.0,255.0,1.0
SCN_012,482,16.0333,cand_002,206,167,10,10,211.0,172.0,81.0,255.0,1.0
SCN_012,482,16.0333,cand_003,437,217,9,9,441.5,221.5,64.0,255.0,1.0
SCN_012,483,16.0667,cand_001,426,264,10,10,431.0,269.0,81.0,255.0,1.0
SCN_012,483,16.0667,cand_002,206,166,10,10,211.0,171.0,81.0,255.0,1.0
SCN_012,483,16.0667,cand_003,437,217,9,9,441.5,221.5,64.0,255.0,1.0
SCN_012,484,16.1,cand_001,207,165,10,10,212.0,170.0,81.0,255.0,1.0
SCN_012,484,16.1,cand_002,436,217,9,9,440.5,221.5,64.0,255.0,1.0
SCN_012,484,16.1,cand_003,427,264,10,10,432.0,269.0,81.0,255.0,1.0
SCN_012,485,16.1333,cand_001,427,264,10,10,432.0,269.0,81.0,255.0,1.0
SCN_012,485,16.1333,cand_002,207,165,10,10,212.0,170.0,81.0,255.0,1.0
SCN_012,485,16.1333,cand_003,436,217,9,9,440.5,221.5,64.0,255.0,1.0
SCN_012,486,16.1667,cand_001,208,164,10,10,213.0,169.0,81.0,255.0,1.0
SCN_012,486,16.1667,cand_002,428,264,10,10,433.0,269.0,81.0,255.0,1.0
SCN_012,486,16.1667,cand_003,436,217,9,9,440.5,221.5,64.0,255.0,1.0
SCN_012,487,16.2,cand_001,208,163,10,10,213.0,168.0,81.0,255.0,1.0
SCN_012,487,16.2,cand_002,429,264,10,10,434.0,269.0,81.0,255.0,1.0
SCN_012,487,16.2,cand_003,436,216,9,9,440.5,220.5,64.0,255.0,1.0
SCN_012,488,16.2333,cand_001,429,264,10,10,434.0,269.0,81.0,255.0,1.0
SCN_012,488,16.2333,cand_002,209,162,10,10,214.0,167.0,81.0,255.0,1.0
SCN_012,488,16.2333,cand_003,436,216,9,9,440.5,220.5,64.0,255.0,1.0
SCN_012,489,16.2667,cand_001,430,264,10,10,435.0,269.0,81.0,255.0,1.0
SCN_012,489,16.2667,cand_002,210,161,10,10,215.0,166.0,81.0,255.0,1.0
SCN_012,489,16.2667,cand_003,436,216,9,9,440.5,220.5,64.0,255.0,1.0
SCN_012,490,16.3,cand_001,210,160,10,10,215.0,165.0,81.0,255.0,1.0
SCN_012,490,16.3,cand_002,431,264,10,10,436.0,269.0,81.0,255.0,1.0
SCN_012,490,16.3,cand_003,436,216,9,9,440.5,220.5,64.0,255.0,1.0
SCN_012,491,16.3333,cand_001,431,264,10,10,436.0,269.0,81.0,255.0,1.0
SCN_012,491,16.3333,cand_002,211,160,10,10,216.0,165.0,81.0,255.0,1.0
SCN_012,491,16.3333,cand_003,436,216,9,9,440.5,220.5,64.0,255.0,1.0
SCN_012,492,16.3667,cand_001,432,265,10,10,437.0,270.0,81.0,255.0,1.0
SCN_012,492,16.3667,cand_002,211,159,10,10,216.0,164.0,81.0,255.0,1.0
SCN_012,492,16.3667,cand_003,436,216,9,9,440.5,220.5,64.0,255.0,1.0
SCN_012,493,16.4,cand_001,433,265,10,10,438.0,270.0,81.0,255.0,1.0
SCN_012,493,16.4,cand_002,212,158,10,10,217.0,163.0,81.0,255.0,1.0
SCN_012,493,16.4,cand_003,436,216,9,9,440.5,220.5,64.0,255.0,1.0
SCN_012,494,16.4333,cand_001,213,157,10,10,218.0,162.0,81.0,255.0,1.0
SCN_012,494,16.4333,cand_002,433,265,10,10,438.0,270.0,81.0,255.0,1.0
SCN_012,494,16.4333,cand_003,436,216,9,9,440.5,220.5,64.0,255.0,1.0
SCN_012,495,16.4667,cand_001,213,156,10,10,218.0,161.0,81.0,255.0,1.0
SCN_012,495,16.4667,cand_002,434,265,10,10,439.0,270.0,81.0,255.0,1.0
SCN_012,495,16.4667,cand_003,436,216,9,9,440.5,220.5,64.0,255.0,1.0
SCN_012,496,16.5,cand_001,214,156,10,10,219.0,161.0,81.0,255.0,1.0
SCN_012,496,16.5,cand_002,435,265,10,10,440.0,270.0,81.0,255.0,1.0
SCN_012,496,16.5,cand_003,436,216,9,9,440.5,220.5,64.0,255.0,1.0
SCN_012,497,16.5333,cand_001,214,155,10,10,219.0,160.0,81.0,255.0,1.0
SCN_012,497,16.5333,cand_002,435,265,10,10,440.0,270.0,81.0,255.0,1.0
SCN_012,497,16.5333,cand_003,436,216,9,9,440.5,220.5,64.0,255.0,1.0
SCN_012,498,16.5667,cand_001,215,154,10,10,220.0,159.0,81.0,255.0,1.0
SCN_012,498,16.5667,cand_002,436,265,10,10,441.0,270.0,81.0,255.0,1.0
SCN_012,498,16.5667,cand_003,436,216,9,9,440.5,220.5,64.0,255.0,1.0
SCN_012,499,16.6,cand_001,437,265,10,10,442.0,270.0,81.0,255.0,1.0
SCN_012,499,16.6,cand_002,216,153,10,10,221.0,158.0,81.0,255.0,1.0
SCN_012,499,16.6,cand_003,436,216,9,9,440.5,220.5,64.0,255.0,1.0
SCN_012,500,16.6333,cand_001,216,153,10,10,221.0,158.0,81.0,255.0,1.0
SCN_012,500,16.6333,cand_002,437,265,10,10,442.0,270.0,81.0,255.0,1.0
SCN_012,500,16.6333,cand_003,436,216,9,9,440.5,220.5,64.0,255.0,1.0
SCN_012,501,16.6667,cand_001,438,265,10,10,443.0,270.0,81.0,255.0,1.0
SCN_012,501,16.6667,cand_002,217,152,10,10,222.0,157.0,81.0,255.0,1.0
SCN_012,501,16.6667,cand_003,436,216,9,9,440.5,220.5,64.0,255.0,1.0
SCN_012,502,16.7,cand_001,218,151,10,10,223.0,156.0,81.0,255.0,1.0
SCN_012,502,16.7,cand_002,439,265,10,10,444.0,270.0,81.0,255.0,1.0
SCN_012,502,16.7,cand_003,436,216,9,9,440.5,220.5,64.0,255.0,1.0
SCN_012,503,16.7333,cand_001,439,265,10,10,444.0,270.0,81.0,255.0,1.0
SCN_012,503,16.7333,cand_002,218,150,10,10,223.0,155.0,81.0,255.0,1.0
SCN_012,503,16.7333,cand_003,436,216,9,9,440.5,220.5,64.0,255.0,1.0
SCN_012,504,16.7667,cand_001,219,150,10,10,224.0,155.0,81.0,255.0,1.0
SCN_012,504,16.7667,cand_002,440,265,10,10,445.0,270.0,81.0,255.0,1.0
SCN_012,504,16.7667,cand_003,436,216,9,9,440.5,220.5,64.0,255.0,1.0
SCN_012,505,16.8,cand_001,220,149,10,10,225.0,154.0,81.0,255.0,1.0
SCN_012,505,16.8,cand_002,441,265,10,10,446.0,270.0,81.0,255.0,1.0
SCN_012,505,16.8,cand_003,436,216,9,9,440.5,220.5,64.0,255.0,1.0
SCN_012,506,16.8333,cand_001,220,148,10,10,225.0,153.0,81.0,255.0,1.0
SCN_012,506,16.8333,cand_002,441,265,10,10,446.0,270.0,81.0,255.0,1.0
SCN_012,506,16.8333,cand_003,436,216,9,9,440.5,220.5,64.0,255.0,1.0
SCN_012,507,16.8667,cand_001,221,147,10,10,226.0,152.0,81.0,255.0,1.0
SCN_012,507,16.8667,cand_002,442,265,10,10,447.0,270.0,81.0,255.0,1.0
SCN_012,507,16.8667,cand_003,436,216,9,9,440.5,220.5,64.0,255.0,1.0
SCN_012,508,16.9,cand_001,443,265,10,10,448.0,270.0,81.0,255.0,1.0
SCN_012,508,16.9,cand_002,222,147,10,10,227.0,152.0,81.0,255.0,1.0
SCN_012,508,16.9,cand_003,436,216,9,9,440.5,220.5,64.0,255.0,1.0
SCN_012,509,16.9333,cand_001,222,146,10,10,227.0,151.0,81.0,255.0,1.0
SCN_012,509,16.9333,cand_002,443,266,10,10,448.0,271.0,81.0,255.0,1.0
SCN_012,509,16.9333,cand_003,436,216,9,9,440.5,220.5,64.0,255.0,1.0
SCN_012,510,16.9667,cand_001,444,266,10,10,449.0,271.0,81.0,255.0,1.0
SCN_012,510,16.9667,cand_002,223,145,10,10,228.0,150.0,81.0,255.0,1.0
SCN_012,510,16.9667,cand_003,436,216,9,9,440.5,220.5,64.0,255.0,1.0
SCN_012,511,17.0,cand_001,224,144,10,10,229.0,149.0,81.0,255.0,1.0
SCN_012,511,17.0,cand_002,445,266,10,10,450.0,271.0,81.0,255.0,1.0
SCN_012,511,17.0,cand_003,436,216,9,9,440.5,220.5,64.0,255.0,1.0
SCN_012,512,17.0333,cand_001,224,144,10,10,229.0,149.0,81.0,255.0,1.0
SCN_012,512,17.0333,cand_002,445,266,10,10,450.0,271.0,81.0,255.0,1.0
SCN_012,512,17.0333,cand_003,436,216,9,9,440.5,220.5,64.0,255.0,1.0
SCN_012,513,17.0667,cand_001,446,266,10,10,451.0,271.0,81.0,255.0,1.0
SCN_012,513,17.0667,cand_002,225,143,10,10,230.0,148.0,81.0,255.0,1.0
SCN_012,513,17.0667,cand_003,436,216,9,9,440.5,220.5,64.0,255.0,1.0
SCN_012,514,17.1,cand_001,447,266,10,10,452.0,271.0,81.0,255.0,1.0
SCN_012,514,17.1,cand_002,226,142,10,10,231.0,147.0,81.0,255.0,1.0
SCN_012,514,17.1,cand_003,436,216,9,9,440.5,220.5,64.0,255.0,1.0
SCN_012,515,17.1333,cand_001,227,142,10,10,232.0,147.0,81.0,255.0,1.0
SCN_012,515,17.1333,cand_002,447,266,10,10,452.0,271.0,81.0,255.0,1.0
SCN_012,515,17.1333,cand_003,436,216,9,9,440.5,220.5,64.0,255.0,1.0
SCN_012,516,17.1667,cand_001,448,266,10,10,453.0,271.0,81.0,255.0,1.0
SCN_012,516,17.1667,cand_002,227,141,10,10,232.0,146.0,81.0,255.0,1.0
SCN_012,516,17.1667,cand_003,436,216,9,9,440.5,220.5,64.0,255.0,1.0
SCN_012,517,17.2,cand_001,228,140,10,10,233.0,145.0,81.0,255.0,1.0
SCN_012,517,17.2,cand_002,449,266,10,10,454.0,271.0,81.0,255.0,1.0
SCN_012,517,17.2,cand_003,436,216,9,9,440.5,220.5,64.0,255.0,1.0
SCN_012,518,17.2333,cand_001,449,266,10,10,454.0,271.0,81.0,255.0,1.0
SCN_012,518,17.2333,cand_002,229,140,10,10,234.0,145.0,81.0,255.0,1.0
SCN_012,518,17.2333,cand_003,436,216,9,9,440.5,220.5,64.0,255.0,1.0
SCN_012,519,17.2667,cand_001,450,266,10,10,455.0,271.0,81.0,255.0,1.0
SCN_012,519,17.2667,cand_002,230,139,10,10,235.0,144.0,81.0,255.0,1.0
SCN_012,519,17.2667,cand_003,436,216,9,9,440.5,220.5,64.0,255.0,1.0
SCN_012,520,17.3,cand_001,451,266,10,10,456.0,271.0,81.0,255.0,1.0
SCN_012,520,17.3,cand_002,230,138,10,10,235.0,143.0,81.0,255.0,1.0
SCN_012,520,17.3,cand_003,436,216,9,9,440.5,220.5,64.0,255.0,1.0
SCN_012,521,17.3333,cand_001,451,266,10,10,456.0,271.0,81.0,255.0,1.0
SCN_012,521,17.3333,cand_002,231,138,10,10,236.0,143.0,81.0,255.0,1.0
SCN_012,521,17.3333,cand_003,436,216,9,9,440.5,220.5,64.0,255.0,1.0
SCN_012,522,17.3667,cand_001,452,266,10,10,457.0,271.0,81.0,255.0,1.0
SCN_012,522,17.3667,cand_002,232,137,10,10,237.0,142.0,81.0,255.0,1.0
SCN_012,522,17.3667,cand_003,436,216,9,9,440.5,220.5,64.0,255.0,1.0
SCN_012,523,17.4,cand_001,233,136,10,10,238.0,141.0,81.0,255.0,1.0
SCN_012,523,17.4,cand_002,453,266,10,10,458.0,271.0,81.0,255.0,1.0
SCN_012,523,17.4,cand_003,436,216,9,9,440.5,220.5,64.0,255.0,1.0
SCN_012,524,17.4333,cand_001,233,136,10,10,238.0,141.0,81.0,255.0,1.0
SCN_012,524,17.4333,cand_002,453,266,10,10,458.0,271.0,81.0,255.0,1.0
SCN_012,524,17.4333,cand_003,436,216,9,9,440.5,220.5,64.0,255.0,1.0
SCN_012,525,17.4667,cand_001,234,135,10,10,239.0,140.0,81.0,255.0,1.0
SCN_012,525,17.4667,cand_002,454,266,10,10,459.0,271.0,81.0,255.0,1.0
SCN_012,525,17.4667,cand_003,436,216,9,9,440.5,220.5,64.0,255.0,1.0
SCN_012,526,17.5,cand_001,235,134,10,10,240.0,139.0,81.0,255.0,1.0
SCN_012,526,17.5,cand_002,455,267,10,10,460.0,272.0,81.0,255.0,1.0
SCN_012,526,17.5,cand_003,436,216,9,9,440.5,220.5,64.0,255.0,1.0
SCN_012,527,17.5333,cand_001,455,267,10,10,460.0,272.0,81.0,255.0,1.0
SCN_012,527,17.5333,cand_002,236,134,10,10,241.0,139.0,81.0,255.0,1.0
SCN_012,527,17.5333,cand_003,436,216,9,9,440.5,220.5,64.0,255.0,1.0
SCN_012,528,17.5667,cand_001,236,133,10,10,241.0,138.0,81.0,255.0,1.0
SCN_012,528,17.5667,cand_002,456,267,10,10,461.0,272.0,81.0,255.0,1.0
SCN_012,528,17.5667,cand_003,436,216,9,9,440.5,220.5,64.0,255.0,1.0
SCN_012,529,17.6,cand_001,457,267,10,10,462.0,272.0,81.0,255.0,1.0
SCN_012,529,17.6,cand_002,237,133,10,10,242.0,138.0,81.0,255.0,1.0
SCN_012,529,17.6,cand_003,436,216,9,9,440.5,220.5,64.0,255.0,1.0
SCN_012,530,17.6333,cand_001,457,267,10,10,462.0,272.0,81.0,255.0,1.0
SCN_012,530,17.6333,cand_002,238,132,10,10,243.0,137.0,81.0,255.0,1.0
SCN_012,530,17.6333,cand_003,436,216,9,9,440.5,220.5,64.0,255.0,1.0
SCN_012,531,17.6667,cand_001,458,267,10,10,463.0,272.0,81.0,255.0,1.0
SCN_012,531,17.6667,cand_002,239,131,10,10,244.0,136.0,81.0,255.0,1.0
SCN_012,531,17.6667,cand_003,436,216,9,9,440.5,220.5,64.0,255.0,1.0
SCN_012,532,17.7,cand_001,459,267,10,10,464.0,272.0,81.0,255.0,1.0
SCN_012,532,17.7,cand_002,240,131,10,10,245.0,136.0,81.0,255.0,1.0
SCN_012,532,17.7,cand_003,436,216,9,9,440.5,220.5,64.0,255.0,1.0
SCN_012,533,17.7333,cand_001,240,130,10,10,245.0,135.0,81.0,255.0,1.0
SCN_012,533,17.7333,cand_002,459,267,10,10,464.0,272.0,81.0,255.0,1.0
SCN_012,533,17.7333,cand_003,436,216,9,9,440.5,220.5,64.0,255.0,1.0
SCN_012,534,17.7667,cand_001,241,130,10,10,246.0,135.0,81.0,255.0,1.0
SCN_012,534,17.7667,cand_002,460,267,10,10,465.0,272.0,81.0,255.0,1.0
SCN_012,534,17.7667,cand_003,436,216,9,9,440.5,220.5,64.0,255.0,1.0
SCN_012,535,17.8,cand_001,461,267,10,10,466.0,272.0,81.0,255.0,1.0
SCN_012,535,17.8,cand_002,242,129,10,10,247.0,134.0,81.0,255.0,1.0
SCN_012,535,17.8,cand_003,436,216,9,9,440.5,220.5,64.0,255.0,1.0
SCN_012,536,17.8333,cand_001,243,128,10,10,248.0,133.0,81.0,255.0,1.0
SCN_012,536,17.8333,cand_002,461,267,10,10,466.0,272.0,81.0,255.0,1.0
SCN_012,536,17.8333,cand_003,436,216,9,9,440.5,220.5,64.0,255.0,1.0
SCN_012,537,17.8667,cand_001,244,128,10,10,249.0,133.0,81.0,255.0,1.0
SCN_012,537,17.8667,cand_002,462,267,10,10,467.0,272.0,81.0,255.0,1.0
SCN_012,537,17.8667,cand_003,436,216,9,9,440.5,220.5,64.0,255.0,1.0
SCN_012,538,17.9,cand_001,463,267,10,10,468.0,272.0,81.0,255.0,1.0
SCN_012,538,17.9,cand_002,245,127,10,10,250.0,132.0,81.0,255.0,1.0
SCN_012,538,17.9,cand_003,436,216,9,9,440.5,220.5,64.0,255.0,1.0
SCN_012,539,17.9333,cand_001,245,127,10,10,250.0,132.0,81.0,255.0,1.0
SCN_012,539,17.9333,cand_002,463,267,10,10,468.0,272.0,81.0,255.0,1.0
SCN_012,539,17.9333,cand_003,436,216,9,9,440.5,220.5,64.0,255.0,1.0
SCN_012,540,17.9667,cand_001,246,126,10,10,251.0,131.0,81.0,255.0,1.0
SCN_012,540,17.9667,cand_002,464,267,10,10,469.0,272.0,81.0,255.0,1.0
SCN_012,540,17.9667,cand_003,436,216,9,9,440.5,220.5,64.0,255.0,1.0
SCN_012,541,18.0,cand_001,465,267,10,10,470.0,272.0,81.0,255.0,1.0
SCN_012,541,18.0,cand_002,247,126,10,10,252.0,131.0,81.0,255.0,1.0
SCN_012,541,18.0,cand_003,436,216,9,9,440.5,220.5,64.0,255.0,1.0
SCN_012,542,18.0333,cand_001,465,267,10,10,470.0,272.0,81.0,255.0,1.0
SCN_012,542,18.0333,cand_002,248,125,10,10,253.0,130.0,81.0,255.0,1.0
SCN_012,542,18.0333,cand_003,436,216,9,9,440.5,220.5,64.0,255.0,1.0
SCN_012,543,18.0667,cand_001,249,125,10,10,254.0,130.0,81.0,255.0,1.0
SCN_012,543,18.0667,cand_002,466,267,10,10,471.0,272.0,81.0,255.0,1.0
SCN_012,543,18.0667,cand_003,436,216,9,9,440.5,220.5,64.0,255.0,1.0
SCN_012,544,18.1,cand_001,250,124,10,10,255.0,129.0,81.0,255.0,1.0
SCN_012,544,18.1,cand_002,467,268,10,10,472.0,273.0,81.0,255.0,1.0
SCN_012,544,18.1,cand_003,436,216,9,9,440.5,220.5,64.0,255.0,1.0
SCN_012,545,18.1333,cand_001,467,268,10,10,472.0,273.0,81.0,255.0,1.0
SCN_012,545,18.1333,cand_002,251,124,10,10,256.0,129.0,81.0,255.0,1.0
SCN_012,545,18.1333,cand_003,436,216,9,9,440.5,220.5,64.0,255.0,1.0
SCN_012,546,18.1667,cand_001,468,268,10,10,473.0,273.0,81.0,255.0,1.0
SCN_012,546,18.1667,cand_002,251,123,10,10,256.0,128.0,81.0,255.0,1.0
SCN_012,546,18.1667,cand_003,436,216,9,9,440.5,220.5,64.0,255.0,1.0
SCN_012,547,18.2,cand_001,469,268,10,10,474.0,273.0,81.0,255.0,1.0
SCN_012,547,18.2,cand_002,252,123,10,10,257.0,128.0,81.0,255.0,1.0
SCN_012,547,18.2,cand_003,436,216,9,9,440.5,220.5,64.0,255.0,1.0
SCN_012,548,18.2333,cand_001,469,268,10,10,474.0,273.0,81.0,255.0,1.0
SCN_012,548,18.2333,cand_002,253,122,10,10,258.0,127.0,81.0,255.0,1.0
SCN_012,548,18.2333,cand_003,436,216,9,9,440.5,220.5,64.0,255.0,1.0
SCN_012,549,18.2667,cand_001,470,268,10,10,475.0,273.0,81.0,255.0,1.0
SCN_012,549,18.2667,cand_002,254,122,10,10,259.0,127.0,81.0,255.0,1.0
SCN_012,549,18.2667,cand_003,436,216,9,9,440.5,220.5,64.0,255.0,1.0
SCN_012,550,18.3,cand_001,255,121,10,10,260.0,126.0,81.0,255.0,1.0
SCN_012,550,18.3,cand_002,471,268,10,10,476.0,273.0,81.0,255.0,1.0
SCN_012,550,18.3,cand_003,436,216,9,9,440.5,220.5,64.0,255.0,1.0
SCN_012,551,18.3333,cand_001,471,268,10,10,476.0,273.0,81.0,255.0,1.0
SCN_012,551,18.3333,cand_002,256,121,10,10,261.0,126.0,81.0,255.0,1.0
SCN_012,551,18.3333,cand_003,436,216,9,9,440.5,220.5,64.0,255.0,1.0
SCN_012,552,18.3667,cand_001,472,268,10,10,477.0,273.0,81.0,255.0,1.0
SCN_012,552,18.3667,cand_002,257,120,10,10,262.0,125.0,81.0,255.0,1.0
SCN_012,552,18.3667,cand_003,436,216,9,9,440.5,220.5,64.0,255.0,1.0
SCN_012,553,18.4,cand_001,473,268,10,10,478.0,273.0,81.0,255.0,1.0
SCN_012,553,18.4,cand_002,258,120,10,10,263.0,125.0,81.0,255.0,1.0
SCN_012,553,18.4,cand_003,436,216,9,9,440.5,220.5,64.0,255.0,1.0
SCN_012,554,18.4333,cand_001,473,268,10,10,478.0,273.0,81.0,255.0,1.0
SCN_012,554,18.4333,cand_002,258,119,10,10,263.0,124.0,81.0,255.0,1.0
SCN_012,554,18.4333,cand_003,436,216,9,9,440.5,220.5,64.0,255.0,1.0
SCN_012,555,18.4667,cand_001,259,119,10,10,264.0,124.0,81.0,255.0,1.0
SCN_012,555,18.4667,cand_002,474,268,10,10,479.0,273.0,81.0,255.0,1.0
SCN_012,555,18.4667,cand_003,436,216,9,9,440.5,220.5,64.0,255.0,1.0
SCN_012,556,18.5,cand_001,475,268,10,10,480.0,273.0,81.0,255.0,1.0
SCN_012,556,18.5,cand_002,260,119,10,10,265.0,124.0,81.0,255.0,1.0
SCN_012,556,18.5,cand_003,436,216,9,9,440.5,220.5,64.0,255.0,1.0
SCN_012,557,18.5333,cand_001,261,118,10,10,266.0,123.0,81.0,255.0,1.0
SCN_012,557,18.5333,cand_002,475,268,10,10,480.0,273.0,81.0,255.0,1.0
SCN_012,557,18.5333,cand_003,436,216,9,9,440.5,220.5,64.0,255.0,1.0
SCN_012,558,18.5667,cand_001,476,268,10,10,481.0,273.0,81.0,255.0,1.0
SCN_012,558,18.5667,cand_002,262,118,10,10,267.0,123.0,81.0,255.0,1.0
SCN_012,558,18.5667,cand_003,436,216,9,9,440.5,220.5,64.0,255.0,1.0
SCN_012,559,18.6,cand_001,477,268,10,10,482.0,273.0,81.0,255.0,1.0
SCN_012,559,18.6,cand_002,263,117,10,10,268.0,122.0,81.0,255.0,1.0
SCN_012,559,18.6,cand_003,436,216,9,9,440.5,220.5,64.0,255.0,1.0
SCN_012,560,18.6333,cand_001,477,268,10,10,482.0,273.0,81.0,255.0,1.0
SCN_012,560,18.6333,cand_002,264,117,10,10,269.0,122.0,81.0,255.0,1.0
SCN_012,560,18.6333,cand_003,436,216,9,9,440.5,220.5,64.0,255.0,1.0
SCN_012,561,18.6667,cand_001,265,117,10,10,270.0,122.0,81.0,255.0,1.0
SCN_012,561,18.6667,cand_002,478,269,10,10,483.0,274.0,81.0,255.0,1.0
SCN_012,561,18.6667,cand_003,436,216,9,9,440.5,220.5,64.0,255.0,1.0
SCN_012,562,18.7,cand_001,479,269,10,10,484.0,274.0,81.0,255.0,1.0
SCN_012,562,18.7,cand_002,266,116,10,10,271.0,121.0,81.0,255.0,1.0
SCN_012,562,18.7,cand_003,437,216,9,9,441.5,220.5,64.0,255.0,1.0
SCN_012,563,18.7333,cand_001,267,116,10,10,272.0,121.0,81.0,255.0,1.0
SCN_012,563,18.7333,cand_002,479,269,10,10,484.0,274.0,81.0,255.0,1.0
SCN_012,563,18.7333,cand_003,437,216,9,9,441.5,220.5,64.0,255.0,1.0
SCN_012,564,18.7667,cand_001,268,115,10,10,273.0,120.0,81.0,255.0,1.0
SCN_012,564,18.7667,cand_002,480,269,10,10,485.0,274.0,81.0,255.0,1.0
SCN_012,564,18.7667,cand_003,437,216,9,9,441.5,220.5,64.0,255.0,1.0
SCN_012,565,18.8,cand_001,481,269,10,10,486.0,274.0,81.0,255.0,1.0
SCN_012,565,18.8,cand_002,269,115,10,10,274.0,120.0,81.0,255.0,1.0
SCN_012,565,18.8,cand_003,437,216,9,9,441.5,220.5,64.0,255.0,1.0
SCN_012,566,18.8333,cand_001,481,269,10,10,486.0,274.0,81.0,255.0,1.0
SCN_012,566,18.8333,cand_002,269,115,10,10,274.0,120.0,81.0,255.0,1.0
SCN_012,566,18.8333,cand_003,437,216,9,9,441.5,220.5,64.0,255.0,1.0
SCN_012,567,18.8667,cand_001,482,269,10,10,487.0,274.0,81.0,255.0,1.0
SCN_012,567,18.8667,cand_002,270,114,10,10,275.0,119.0,81.0,255.0,1.0
SCN_012,567,18.8667,cand_003,437,216,9,9,441.5,220.5,64.0,255.0,1.0
SCN_012,568,18.9,cand_001,271,114,10,10,276.0,119.0,81.0,255.0,1.0
SCN_012,568,18.9,cand_002,483,269,10,10,488.0,274.0,81.0,255.0,1.0
SCN_012,568,18.9,cand_003,437,216,9,9,441.5,220.5,64.0,255.0,1.0
SCN_012,569,18.9333,cand_001,483,269,10,10,488.0,274.0,81.0,255.0,1.0
SCN_012,569,18.9333,cand_002,272,114,10,10,277.0,119.0,81.0,255.0,1.0
SCN_012,569,18.9333,cand_003,437,216,9,9,441.5,220.5,64.0,255.0,1.0
SCN_012,570,18.9667,cand_001,484,269,10,10,489.0,274.0,81.0,255.0,1.0
SCN_012,570,18.9667,cand_002,273,113,10,10,278.0,118.0,81.0,255.0,1.0
SCN_012,570,18.9667,cand_003,437,216,9,9,441.5,220.5,64.0,255.0,1.0
SCN_012,571,19.0,cand_001,274,113,10,10,279.0,118.0,81.0,255.0,1.0
SCN_012,571,19.0,cand_002,485,269,10,10,490.0,274.0,81.0,255.0,1.0
SCN_012,571,19.0,cand_003,437,216,9,9,441.5,220.5,64.0,255.0,1.0
SCN_012,572,19.0333,cand_001,275,113,10,10,280.0,118.0,81.0,255.0,1.0
SCN_012,572,19.0333,cand_002,485,269,10,10,490.0,274.0,81.0,255.0,1.0
SCN_012,572,19.0333,cand_003,437,216,9,9,441.5,220.5,64.0,255.0,1.0
SCN_012,573,19.0667,cand_001,276,112,10,10,281.0,117.0,81.0,255.0,1.0
SCN_012,573,19.0667,cand_002,486,269,10,10,491.0,274.0,81.0,255.0,1.0
SCN_012,573,19.0667,cand_003,437,216,9,9,441.5,220.5,64.0,255.0,1.0
SCN_012,574,19.1,cand_001,277,112,10,10,282.0,117.0,81.0,255.0,1.0
SCN_012,574,19.1,cand_002,487,269,10,10,492.0,274.0,81.0,255.0,1.0
SCN_012,574,19.1,cand_003,437,216,9,9,441.5,220.5,64.0,255.0,1.0
SCN_012,575,19.1333,cand_001,278,112,10,10,283.0,117.0,81.0,255.0,1.0
SCN_012,575,19.1333,cand_002,487,269,10,10,492.0,274.0,81.0,255.0,1.0
SCN_012,575,19.1333,cand_003,437,216,9,9,441.5,220.5,64.0,255.0,1.0
SCN_012,576,19.1667,cand_001,279,111,10,10,284.0,116.0,81.0,255.0,1.0
SCN_012,576,19.1667,cand_002,488,269,10,10,493.0,274.0,81.0,255.0,1.0
SCN_012,576,19.1667,cand_003,437,216,9,9,441.5,220.5,64.0,255.0,1.0
SCN_012,577,19.2,cand_001,489,269,10,10,494.0,274.0,81.0,255.0,1.0
SCN_012,577,19.2,cand_002,280,111,10,10,285.0,116.0,81.0,255.0,1.0
SCN_012,577,19.2,cand_003,437,216,9,9,441.5,220.5,64.0,255.0,1.0
SCN_012,578,19.2333,cand_001,489,270,10,10,494.0,275.0,81.0,255.0,1.0
SCN_012,578,19.2333,cand_002,281,111,10,10,286.0,116.0,81.0,255.0,1.0
SCN_012,578,19.2333,cand_003,437,216,9,9,441.5,220.5,64.0,255.0,1.0
SCN_012,579,19.2667,cand_001,490,270,10,10,495.0,275.0,81.0,255.0,1.0
SCN_012,579,19.2667,cand_002,282,111,10,10,287.0,116.0,81.0,255.0,1.0
SCN_012,579,19.2667,cand_003,437,216,9,9,441.5,220.5,64.0,255.0,1.0
SCN_012,580,19.3,cand_001,491,270,10,10,496.0,275.0,81.0,255.0,1.0
SCN_012,580,19.3,cand_002,283,110,10,10,288.0,115.0,81.0,255.0,1.0
SCN_012,580,19.3,cand_003,437,216,9,9,441.5,220.5,64.0,255.0,1.0
SCN_012,581,19.3333,cand_001,284,110,10,10,289.0,115.0,81.0,255.0,1.0
SCN_012,581,19.3333,cand_002,491,270,10,10,496.0,275.0,81.0,255.0,1.0
SCN_012,581,19.3333,cand_003,437,216,9,9,441.5,220.5,64.0,255.0,1.0
SCN_012,582,19.3667,cand_001,492,270,10,10,497.0,275.0,81.0,255.0,1.0
SCN_012,582,19.3667,cand_002,285,110,10,10,290.0,115.0,81.0,255.0,1.0
SCN_012,582,19.3667,cand_003,437,216,9,9,441.5,220.5,64.0,255.0,1.0
SCN_012,583,19.4,cand_001,286,110,10,10,291.0,115.0,81.0,255.0,1.0
SCN_012,583,19.4,cand_002,493,270,10,10,498.0,275.0,81.0,255.0,1.0
SCN_012,583,19.4,cand_003,437,216,9,9,441.5,220.5,64.0,255.0,1.0
SCN_012,584,19.4333,cand_001,493,270,10,10,498.0,275.0,81.0,255.0,1.0
SCN_012,584,19.4333,cand_002,287,109,10,10,292.0,114.0,81.0,255.0,1.0
SCN_012,584,19.4333,cand_003,437,216,9,9,441.5,220.5,64.0,255.0,1.0
SCN_012,585,19.4667,cand_001,494,270,10,10,499.0,275.0,81.0,255.0,1.0
SCN_012,585,19.4667,cand_002,288,109,10,10,293.0,114.0,81.0,255.0,1.0
SCN_012,585,19.4667,cand_003,437,216,9,9,441.5,220.5,64.0,255.0,1.0
SCN_012,586,19.5,cand_001,495,270,10,10,500.0,275.0,81.0,255.0,1.0
SCN_012,586,19.5,cand_002,289,109,10,10,294.0,114.0,81.0,255.0,1.0
SCN_012,586,19.5,cand_003,437,216,9,9,441.5,220.5,64.0,255.0,1.0
SCN_012,587,19.5333,cand_001,495,270,10,10,500.0,275.0,81.0,255.0,1.0
SCN_012,587,19.5333,cand_002,290,109,10,10,295.0,114.0,81.0,255.0,1.0
SCN_012,587,19.5333,cand_003,437,216,9,9,441.5,220.5,64.0,255.0,1.0
SCN_012,588,19.5667,cand_001,496,270,10,10,501.0,275.0,81.0,255.0,1.0
SCN_012,588,19.5667,cand_002,291,109,10,10,296.0,114.0,81.0,255.0,1.0
SCN_012,588,19.5667,cand_003,437,216,9,9,441.5,220.5,64.0,255.0,1.0
SCN_012,589,19.6,cand_001,497,270,10,10,502.0,275.0,81.0,255.0,1.0
SCN_012,589,19.6,cand_002,292,108,10,10,297.0,113.0,81.0,255.0,1.0
SCN_012,589,19.6,cand_003,437,216,9,9,441.5,220.5,64.0,255.0,1.0
SCN_012,590,19.6333,cand_001,293,108,10,10,298.0,113.0,81.0,255.0,1.0
SCN_012,590,19.6333,cand_002,497,270,10,10,502.0,275.0,81.0,255.0,1.0
SCN_012,590,19.6333,cand_003,437,216,9,9,441.5,220.5,64.0,255.0,1.0
SCN_012,591,19.6667,cand_001,498,270,10,10,503.0,275.0,81.0,255.0,1.0
SCN_012,591,19.6667,cand_002,294,108,10,10,299.0,113.0,81.0,255.0,1.0
SCN_012,591,19.6667,cand_003,437,216,9,9,441.5,220.5,64.0,255.0,1.0
SCN_012,592,19.7,cand_001,499,270,10,10,504.0,275.0,81.0,255.0,1.0
SCN_012,592,19.7,cand_002,294,108,10,10,299.0,113.0,81.0,255.0,1.0
SCN_012,592,19.7,cand_003,437,216,9,9,441.5,220.5,64.0,255.0,1.0
SCN_012,593,19.7333,cand_001,499,270,10,10,504.0,275.0,81.0,255.0,1.0
SCN_012,593,19.7333,cand_002,295,108,10,10,300.0,113.0,81.0,255.0,1.0
SCN_012,593,19.7333,cand_003,437,216,9,9,441.5,220.5,64.0,255.0,1.0
SCN_012,594,19.7667,cand_001,296,107,10,10,301.0,112.0,81.0,255.0,1.0
SCN_012,594,19.7667,cand_002,500,270,10,10,505.0,275.0,81.0,255.0,1.0
SCN_012,594,19.7667,cand_003,437,216,9,9,441.5,220.5,64.0,255.0,1.0
SCN_012,595,19.8,cand_001,297,107,10,10,302.0,112.0,81.0,255.0,1.0
SCN_012,595,19.8,cand_002,500,271,10,10,505.0,276.0,81.0,255.0,1.0
SCN_012,595,19.8,cand_003,437,216,9,9,441.5,220.5,64.0,255.0,1.0
SCN_012,596,19.8333,cand_001,501,271,10,10,506.0,276.0,81.0,255.0,1.0
SCN_012,596,19.8333,cand_002,298,107,10,10,303.0,112.0,81.0,255.0,1.0
SCN_012,596,19.8333,cand_003,437,216,9,9,441.5,220.5,64.0,255.0,1.0
SCN_012,597,19.8667,cand_001,502,271,10,10,507.0,276.0,81.0,255.0,1.0
SCN_012,597,19.8667,cand_002,299,107,10,10,304.0,112.0,81.0,255.0,1.0
SCN_012,597,19.8667,cand_003,437,216,9,9,441.5,220.5,64.0,255.0,1.0
SCN_012,598,19.9,cand_001,300,107,10,10,305.0,112.0,81.0,255.0,1.0
SCN_012,598,19.9,cand_002,502,271,10,10,507.0,276.0,81.0,255.0,1.0
SCN_012,598,19.9,cand_003,437,216,9,9,441.5,220.5,64.0,255.0,1.0
SCN_012,599,19.9333,cand_001,301,107,10,10,306.0,112.0,81.0,255.0,1.0
SCN_012,599,19.9333,cand_002,503,271,10,10,508.0,276.0,81.0,255.0,1.0
SCN_012,599,19.9333,cand_003,437,216,9,9,441.5,220.5,64.0,255.0,1.0
SCN_012,600,19.9667,cand_001,504,271,10,10,509.0,276.0,81.0,255.0,1.0
SCN_012,600,19.9667,cand_002,437,216,9,9,441.5,220.5,64.0,255.0,1.0
SCN_012,601,20.0,cand_001,504,271,10,10,509.0,276.0,81.0,255.0,1.0
SCN_012,601,20.0,cand_002,437,216,9,9,441.5,220.5,64.0,255.0,1.0
SCN_012,602,20.0333,cand_001,505,271,10,10,510.0,276.0,81.0,255.0,1.0
SCN_012,602,20.0333,cand_002,437,216,9,9,441.5,220.5,64.0,255.0,1.0
SCN_012,603,20.0667,cand_001,506,271,10,10,511.0,276.0,81.0,255.0,1.0
SCN_012,603,20.0667,cand_002,437,216,9,9,441.5,220.5,64.0,255.0,1.0
SCN_012,604,20.1,cand_001,506,271,10,10,511.0,276.0,81.0,255.0,1.0
SCN_012,604,20.1,cand_002,437,216,9,9,441.5,220.5,64.0,255.0,1.0
SCN_012,605,20.1333,cand_001,507,271,10,10,512.0,276.0,81.0,255.0,1.0
SCN_012,605,20.1333,cand_002,436,216,9,9,440.5,220.5,64.0,255.0,1.0
SCN_012,606,20.1667,cand_001,508,271,10,10,513.0,276.0,81.0,255.0,1.0
SCN_012,606,20.1667,cand_002,436,216,9,9,440.5,220.5,64.0,255.0,1.0
SCN_012,607,20.2,cand_001,508,271,10,10,513.0,276.0,81.0,255.0,1.0
SCN_012,607,20.2,cand_002,436,216,9,9,440.5,220.5,64.0,255.0,1.0
SCN_012,608,20.2333,cand_001,509,271,10,10,514.0,276.0,81.0,255.0,1.0
SCN_012,608,20.2333,cand_002,436,216,9,9,440.5,220.5,64.0,255.0,1.0
SCN_012,609,20.2667,cand_001,510,271,10,10,515.0,276.0,81.0,255.0,1.0
SCN_012,609,20.2667,cand_002,436,216,9,9,440.5,220.5,64.0,255.0,1.0
SCN_012,610,20.3,cand_001,510,271,10,10,515.0,276.0,81.0,255.0,1.0
SCN_012,610,20.3,cand_002,436,216,9,9,440.5,220.5,64.0,255.0,1.0
SCN_012,611,20.3333,cand_001,511,271,10,10,516.0,276.0,81.0,255.0,1.0
SCN_012,611,20.3333,cand_002,436,217,9,9,440.5,221.5,64.0,255.0,1.0
SCN_012,612,20.3667,cand_001,512,272,10,10,517.0,277.0,81.0,255.0,1.0
SCN_012,612,20.3667,cand_002,436,217,9,9,440.5,221.5,64.0,255.0,1.0
SCN_012,613,20.4,cand_001,512,272,10,10,517.0,277.0,81.0,255.0,1.0
SCN_012,613,20.4,cand_002,436,217,9,9,440.5,221.5,64.0,255.0,1.0
SCN_012,614,20.4333,cand_001,513,272,10,10,518.0,277.0,81.0,255.0,1.0
SCN_012,614,20.4333,cand_002,436,217,9,9,440.5,221.5,64.0,255.0,1.0
SCN_012,615,20.4667,cand_001,514,272,10,10,519.0,277.0,81.0,255.0,1.0
SCN_012,615,20.4667,cand_002,436,217,9,9,440.5,221.5,64.0,255.0,1.0
SCN_012,616,20.5,cand_001,514,272,10,10,519.0,277.0,81.0,255.0,1.0
SCN_012,616,20.5,cand_002,436,217,9,9,440.5,221.5,64.0,255.0,1.0
SCN_012,617,20.5333,cand_001,515,272,10,10,520.0,277.0,81.0,255.0,1.0
SCN_012,617,20.5333,cand_002,436,217,9,9,440.5,221.5,64.0,255.0,1.0
SCN_012,618,20.5667,cand_001,516,272,10,10,521.0,277.0,81.0,255.0,1.0
SCN_012,618,20.5667,cand_002,436,217,9,9,440.5,221.5,64.0,255.0,1.0
SCN_012,619,20.6,cand_001,516,272,10,10,521.0,277.0,81.0,255.0,1.0
SCN_012,619,20.6,cand_002,436,217,9,9,440.5,221.5,64.0,255.0,1.0
SCN_012,620,20.6333,cand_001,517,272,10,10,522.0,277.0,81.0,255.0,1.0
SCN_012,620,20.6333,cand_002,436,217,9,9,440.5,221.5,64.0,255.0,1.0
SCN_012,621,20.6667,cand_001,518,272,10,10,523.0,277.0,81.0,255.0,1.0
SCN_012,621,20.6667,cand_002,436,217,9,9,440.5,221.5,64.0,255.0,1.0
SCN_012,622,20.7,cand_001,518,272,10,10,523.0,277.0,81.0,255.0,1.0
SCN_012,622,20.7,cand_002,436,217,9,9,440.5,221.5,64.0,255.0,1.0
SCN_012,623,20.7333,cand_001,519,272,10,10,524.0,277.0,81.0,255.0,1.0
SCN_012,623,20.7333,cand_002,436,217,9,9,440.5,221.5,64.0,255.0,1.0
SCN_012,624,20.7667,cand_001,520,272,10,10,525.0,277.0,81.0,255.0,1.0
SCN_012,624,20.7667,cand_002,436,217,9,9,440.5,221.5,64.0,255.0,1.0
SCN_012,625,20.8,cand_001,520,272,10,10,525.0,277.0,81.0,255.0,1.0
SCN_012,625,20.8,cand_002,436,217,9,9,440.5,221.5,64.0,255.0,1.0
SCN_012,626,20.8333,cand_001,521,272,10,10,526.0,277.0,81.0,255.0,1.0
SCN_012,626,20.8333,cand_002,436,217,9,9,440.5,221.5,64.0,255.0,1.0
SCN_012,627,20.8667,cand_001,522,272,10,10,527.0,277.0,81.0,255.0,1.0
SCN_012,627,20.8667,cand_002,436,217,9,9,440.5,221.5,64.0,255.0,1.0
SCN_012,628,20.9,cand_001,522,272,10,10,527.0,277.0,81.0,255.0,1.0
SCN_012,628,20.9,cand_002,436,217,9,9,440.5,221.5,64.0,255.0,1.0
SCN_012,629,20.9333,cand_001,523,272,10,10,528.0,277.0,81.0,255.0,1.0
SCN_012,629,20.9333,cand_002,436,217,9,9,440.5,221.5,64.0,255.0,1.0
SCN_012,630,20.9667,cand_001,524,273,10,10,529.0,278.0,81.0,255.0,1.0
SCN_012,630,20.9667,cand_002,436,217,9,9,440.5,221.5,64.0,255.0,1.0
SCN_012,631,21.0,cand_001,524,273,10,10,529.0,278.0,81.0,255.0,1.0
SCN_012,631,21.0,cand_002,436,217,9,9,440.5,221.5,64.0,255.0,1.0
SCN_012,632,21.0333,cand_001,525,273,10,10,530.0,278.0,81.0,255.0,1.0
SCN_012,632,21.0333,cand_002,436,217,9,9,440.5,221.5,64.0,255.0,1.0
SCN_012,633,21.0667,cand_001,526,273,10,10,531.0,278.0,81.0,255.0,1.0
SCN_012,633,21.0667,cand_002,436,217,9,9,440.5,221.5,64.0,255.0,1.0
SCN_012,634,21.1,cand_001,526,273,10,10,531.0,278.0,81.0,255.0,1.0
SCN_012,634,21.1,cand_002,436,217,9,9,440.5,221.5,64.0,255.0,1.0
SCN_012,635,21.1333,cand_001,527,273,10,10,532.0,278.0,81.0,255.0,1.0
SCN_012,635,21.1333,cand_002,436,217,9,9,440.5,221.5,64.0,255.0,1.0
SCN_012,636,21.1667,cand_001,528,273,10,10,533.0,278.0,81.0,255.0,1.0
SCN_012,636,21.1667,cand_002,436,217,9,9,440.5,221.5,64.0,255.0,1.0
SCN_012,637,21.2,cand_001,528,273,10,10,533.0,278.0,81.0,255.0,1.0
SCN_012,637,21.2,cand_002,436,217,9,9,440.5,221.5,64.0,255.0,1.0
SCN_012,638,21.2333,cand_001,529,273,10,10,534.0,278.0,81.0,255.0,1.0
SCN_012,638,21.2333,cand_002,436,217,9,9,440.5,221.5,64.0,255.0,1.0
SCN_012,639,21.2667,cand_001,530,273,10,10,535.0,278.0,81.0,255.0,1.0
SCN_012,639,21.2667,cand_002,436,217,9,9,440.5,221.5,64.0,255.0,1.0
SCN_012,640,21.3,cand_001,530,273,10,10,535.0,278.0,81.0,255.0,1.0
SCN_012,640,21.3,cand_002,436,217,9,9,440.5,221.5,64.0,255.0,1.0
SCN_012,641,21.3333,cand_001,531,273,10,10,536.0,278.0,81.0,255.0,1.0
SCN_012,641,21.3333,cand_002,436,217,9,9,440.5,221.5,64.0,255.0,1.0
SCN_012,642,21.3667,cand_001,532,273,10,10,537.0,278.0,81.0,255.0,1.0
SCN_012,642,21.3667,cand_002,436,217,9,9,440.5,221.5,64.0,255.0,1.0
SCN_012,643,21.4,cand_001,532,273,10,10,537.0,278.0,81.0,255.0,1.0
SCN_012,643,21.4,cand_002,436,217,9,9,440.5,221.5,64.0,255.0,1.0
SCN_012,644,21.4333,cand_001,533,273,10,10,538.0,278.0,81.0,255.0,1.0
SCN_012,644,21.4333,cand_002,436,217,9,9,440.5,221.5,64.0,255.0,1.0
SCN_012,645,21.4667,cand_001,534,273,10,10,539.0,278.0,81.0,255.0,1.0
SCN_012,645,21.4667,cand_002,436,217,9,9,440.5,221.5,64.0,255.0,1.0
SCN_012,646,21.5,cand_001,534,273,10,10,539.0,278.0,81.0,255.0,1.0
SCN_012,646,21.5,cand_002,436,217,9,9,440.5,221.5,64.0,255.0,1.0
SCN_012,647,21.5333,cand_001,535,274,10,10,540.0,279.0,81.0,255.0,1.0
SCN_012,647,21.5333,cand_002,436,216,9,9,440.5,220.5,64.0,255.0,1.0
SCN_012,648,21.5667,cand_001,536,274,10,10,541.0,279.0,81.0,255.0,1.0
SCN_012,648,21.5667,cand_002,436,216,9,9,440.5,220.5,64.0,255.0,1.0
SCN_012,649,21.6,cand_001,536,274,10,10,541.0,279.0,81.0,255.0,1.0
SCN_012,649,21.6,cand_002,437,216,9,9,441.5,220.5,64.0,255.0,1.0
SCN_012,650,21.6333,cand_001,537,274,10,10,542.0,279.0,81.0,255.0,1.0
SCN_012,650,21.6333,cand_002,437,216,9,9,441.5,220.5,64.0,255.0,1.0
SCN_012,651,21.6667,cand_001,538,274,10,10,543.0,279.0,81.0,255.0,1.0
SCN_012,651,21.6667,cand_002,437,216,9,9,441.5,220.5,64.0,255.0,1.0
SCN_012,652,21.7,cand_001,538,274,10,10,543.0,279.0,81.0,255.0,1.0
SCN_012,652,21.7,cand_002,437,216,9,9,441.5,220.5,64.0,255.0,1.0
SCN_012,653,21.7333,cand_001,539,274,10,10,544.0,279.0,81.0,255.0,1.0
SCN_012,653,21.7333,cand_002,437,216,9,9,441.5,220.5,64.0,255.0,1.0
SCN_012,654,21.7667,cand_001,540,274,10,10,545.0,279.0,81.0,255.0,1.0
SCN_012,654,21.7667,cand_002,437,216,9,9,441.5,220.5,64.0,255.0,1.0
SCN_012,655,21.8,cand_001,540,274,10,10,545.0,279.0,81.0,255.0,1.0
SCN_012,655,21.8,cand_002,437,216,9,9,441.5,220.5,64.0,255.0,1.0
SCN_012,656,21.8333,cand_001,541,274,10,10,546.0,279.0,81.0,255.0,1.0
SCN_012,656,21.8333,cand_002,437,216,9,9,441.5,220.5,64.0,255.0,1.0
SCN_012,657,21.8667,cand_001,542,274,10,10,547.0,279.0,81.0,255.0,1.0
SCN_012,657,21.8667,cand_002,437,216,9,9,441.5,220.5,64.0,255.0,1.0
SCN_012,658,21.9,cand_001,542,274,10,10,547.0,279.0,81.0,255.0,1.0
SCN_012,658,21.9,cand_002,437,216,9,9,441.5,220.5,64.0,255.0,1.0
SCN_012,659,21.9333,cand_001,543,274,10,10,548.0,279.0,81.0,255.0,1.0
SCN_012,659,21.9333,cand_002,437,216,9,9,441.5,220.5,64.0,255.0,1.0
SCN_012,660,21.9667,cand_001,544,274,10,10,549.0,279.0,81.0,255.0,1.0
SCN_012,660,21.9667,cand_002,437,216,9,9,441.5,220.5,64.0,255.0,1.0
SCN_012,661,22.0,cand_001,362,115,10,10,367.0,120.0,81.0,255.0,1.0
SCN_012,661,22.0,cand_002,544,274,10,10,549.0,279.0,81.0,255.0,1.0
SCN_012,661,22.0,cand_003,437,216,9,9,441.5,220.5,64.0,255.0,1.0
SCN_012,662,22.0333,cand_001,363,115,10,10,368.0,120.0,81.0,255.0,1.0
SCN_012,662,22.0333,cand_002,545,274,10,10,550.0,279.0,81.0,255.0,1.0
SCN_012,662,22.0333,cand_003,437,216,9,9,441.5,220.5,64.0,255.0,1.0
SCN_012,663,22.0667,cand_001,364,115,10,10,369.0,120.0,81.0,255.0,1.0
SCN_012,663,22.0667,cand_002,546,274,10,10,551.0,279.0,81.0,255.0,1.0
SCN_012,663,22.0667,cand_003,437,216,9,9,441.5,220.5,64.0,255.0,1.0
SCN_012,664,22.1,cand_001,365,116,10,10,370.0,121.0,81.0,255.0,1.0
SCN_012,664,22.1,cand_002,546,275,10,10,551.0,280.0,81.0,255.0,1.0
SCN_012,664,22.1,cand_003,437,216,9,9,441.5,220.5,64.0,255.0,1.0
SCN_012,665,22.1333,cand_001,366,116,10,10,371.0,121.0,81.0,255.0,1.0
SCN_012,665,22.1333,cand_002,547,275,10,10,552.0,280.0,81.0,255.0,1.0
SCN_012,665,22.1333,cand_003,437,216,9,9,441.5,220.5,64.0,255.0,1.0
SCN_012,666,22.1667,cand_001,548,275,10,10,553.0,280.0,81.0,255.0,1.0
SCN_012,666,22.1667,cand_002,367,116,10,10,372.0,121.0,81.0,255.0,1.0
SCN_012,666,22.1667,cand_003,437,216,9,9,441.5,220.5,64.0,255.0,1.0
SCN_012,667,22.2,cand_001,368,117,10,10,373.0,122.0,81.0,255.0,1.0
SCN_012,667,22.2,cand_002,548,275,10,10,553.0,280.0,81.0,255.0,1.0
SCN_012,667,22.2,cand_003,437,216,9,9,441.5,220.5,64.0,255.0,1.0
SCN_012,668,22.2333,cand_001,549,275,10,10,554.0,280.0,81.0,255.0,1.0
SCN_012,668,22.2333,cand_002,369,117,10,10,374.0,122.0,81.0,255.0,1.0
SCN_012,668,22.2333,cand_003,437,216,9,9,441.5,220.5,64.0,255.0,1.0
SCN_012,669,22.2667,cand_001,370,118,10,10,375.0,123.0,81.0,255.0,1.0
SCN_012,669,22.2667,cand_002,550,275,10,10,555.0,280.0,81.0,255.0,1.0
SCN_012,669,22.2667,cand_003,437,217,9,9,441.5,221.5,64.0,255.0,1.0
SCN_012,670,22.3,cand_001,550,275,10,10,555.0,280.0,81.0,255.0,1.0
SCN_012,670,22.3,cand_002,371,118,10,10,376.0,123.0,81.0,255.0,1.0
SCN_012,670,22.3,cand_003,437,217,9,9,441.5,221.5,64.0,255.0,1.0
SCN_012,671,22.3333,cand_001,372,118,10,10,377.0,123.0,81.0,255.0,1.0
SCN_012,671,22.3333,cand_002,551,275,10,10,556.0,280.0,81.0,255.0,1.0
SCN_012,671,22.3333,cand_003,437,217,9,9,441.5,221.5,64.0,255.0,1.0
SCN_012,672,22.3667,cand_001,552,275,10,10,557.0,280.0,81.0,255.0,1.0
SCN_012,672,22.3667,cand_002,372,119,10,10,377.0,124.0,81.0,255.0,1.0
SCN_012,672,22.3667,cand_003,437,217,9,9,441.5,221.5,64.0,255.0,1.0
SCN_012,673,22.4,cand_001,552,275,10,10,557.0,280.0,81.0,255.0,1.0
SCN_012,673,22.4,cand_002,373,119,10,10,378.0,124.0,81.0,255.0,1.0
SCN_012,673,22.4,cand_003,437,217,9,9,441.5,221.5,64.0,255.0,1.0
SCN_012,674,22.4333,cand_001,553,275,10,10,558.0,280.0,81.0,255.0,1.0
SCN_012,674,22.4333,cand_002,374,120,10,10,379.0,125.0,81.0,255.0,1.0
SCN_012,674,22.4333,cand_003,437,217,9,9,441.5,221.5,64.0,255.0,1.0
SCN_012,675,22.4667,cand_001,554,275,10,10,559.0,280.0,81.0,255.0,1.0
SCN_012,675,22.4667,cand_002,375,120,10,10,380.0,125.0,81.0,255.0,1.0
SCN_012,675,22.4667,cand_003,437,217,9,9,441.5,221.5,64.0,255.0,1.0
SCN_012,676,22.5,cand_001,554,275,10,10,559.0,280.0,81.0,255.0,1.0
SCN_012,676,22.5,cand_002,376,121,10,10,381.0,126.0,81.0,255.0,1.0
SCN_012,676,22.5,cand_003,437,217,9,9,441.5,221.5,64.0,255.0,1.0
SCN_012,677,22.5333,cand_001,377,121,10,10,382.0,126.0,81.0,255.0,1.0
SCN_012,677,22.5333,cand_002,555,275,10,10,560.0,280.0,81.0,255.0,1.0
SCN_012,677,22.5333,cand_003,437,217,9,9,441.5,221.5,64.0,255.0,1.0
SCN_012,678,22.5667,cand_001,378,122,10,10,383.0,127.0,81.0,255.0,1.0
SCN_012,678,22.5667,cand_002,556,275,10,10,561.0,280.0,81.0,255.0,1.0
SCN_012,678,22.5667,cand_003,436,217,9,9,440.5,221.5,64.0,255.0,1.0
SCN_012,679,22.6,cand_001,379,122,10,10,384.0,127.0,81.0,255.0,1.0
SCN_012,679,22.6,cand_002,556,275,10,10,561.0,280.0,81.0,255.0,1.0
SCN_012,679,22.6,cand_003,436,217,9,9,440.5,221.5,64.0,255.0,1.0
SCN_012,680,22.6333,cand_001,557,275,10,10,562.0,280.0,81.0,255.0,1.0
SCN_012,680,22.6333,cand_002,380,123,10,10,385.0,128.0,81.0,255.0,1.0
SCN_012,680,22.6333,cand_003,436,217,9,9,440.5,221.5,64.0,255.0,1.0
SCN_012,681,22.6667,cand_001,380,123,10,10,385.0,128.0,81.0,255.0,1.0
SCN_012,681,22.6667,cand_002,558,276,10,10,563.0,281.0,81.0,255.0,1.0
SCN_012,681,22.6667,cand_003,436,217,9,9,440.5,221.5,64.0,255.0,1.0
SCN_012,682,22.7,cand_001,558,276,10,10,563.0,281.0,81.0,255.0,1.0
SCN_012,682,22.7,cand_002,381,124,10,10,386.0,129.0,81.0,255.0,1.0
SCN_012,682,22.7,cand_003,436,217,9,9,440.5,221.5,64.0,255.0,1.0
SCN_012,683,22.7333,cand_001,382,124,10,10,387.0,129.0,81.0,255.0,1.0
SCN_012,683,22.7333,cand_002,559,276,10,10,564.0,281.0,81.0,255.0,1.0
SCN_012,683,22.7333,cand_003,436,217,9,9,440.5,221.5,64.0,255.0,1.0
SCN_012,684,22.7667,cand_001,560,276,10,10,565.0,281.0,81.0,255.0,1.0
SCN_012,684,22.7667,cand_002,383,125,10,10,388.0,130.0,81.0,255.0,1.0
SCN_012,684,22.7667,cand_003,436,217,9,9,440.5,221.5,64.0,255.0,1.0
SCN_012,685,22.8,cand_001,560,276,10,10,565.0,281.0,81.0,255.0,1.0
SCN_012,685,22.8,cand_002,384,125,10,10,389.0,130.0,81.0,255.0,1.0
SCN_012,685,22.8,cand_003,436,217,9,9,440.5,221.5,64.0,255.0,1.0
SCN_012,686,22.8333,cand_001,561,276,10,10,566.0,281.0,81.0,255.0,1.0
SCN_012,686,22.8333,cand_002,385,126,10,10,390.0,131.0,81.0,255.0,1.0
SCN_012,686,22.8333,cand_003,436,217,9,9,440.5,221.5,64.0,255.0,1.0
SCN_012,687,22.8667,cand_001,386,126,10,10,391.0,131.0,81.0,255.0,1.0
SCN_012,687,22.8667,cand_002,562,276,10,10,567.0,281.0,81.0,255.0,1.0
SCN_012,687,22.8667,cand_003,436,217,9,9,440.5,221.5,64.0,255.0,1.0
SCN_012,688,22.9,cand_001,386,127,10,10,391.0,132.0,81.0,255.0,1.0
SCN_012,688,22.9,cand_002,562,276,10,10,567.0,281.0,81.0,255.0,1.0
SCN_012,688,22.9,cand_003,436,217,9,9,440.5,221.5,64.0,255.0,1.0
SCN_012,689,22.9333,cand_001,387,127,10,10,392.0,132.0,81.0,255.0,1.0
SCN_012,689,22.9333,cand_002,563,276,10,10,568.0,281.0,81.0,255.0,1.0
SCN_012,689,22.9333,cand_003,436,216,9,9,440.5,220.5,64.0,255.0,1.0
SCN_012,690,22.9667,cand_001,564,276,10,10,569.0,281.0,81.0,255.0,1.0
SCN_012,690,22.9667,cand_002,388,128,10,10,393.0,133.0,81.0,255.0,1.0
SCN_012,690,22.9667,cand_003,436,216,9,9,440.5,220.5,64.0,255.0,1.0
SCN_012,691,23.0,cand_001,389,128,10,10,394.0,133.0,81.0,255.0,1.0
SCN_012,691,23.0,cand_002,564,276,10,10,569.0,281.0,81.0,255.0,1.0
SCN_012,691,23.0,cand_003,436,216,9,9,440.5,220.5,64.0,255.0,1.0
SCN_012,692,23.0333,cand_001,565,276,10,10,570.0,281.0,81.0,255.0,1.0
SCN_012,692,23.0333,cand_002,390,129,10,10,395.0,134.0,81.0,255.0,1.0
SCN_012,692,23.0333,cand_003,436,216,9,9,440.5,220.5,64.0,255.0,1.0
SCN_012,693,23.0667,cand_001,566,276,10,10,571.0,281.0,81.0,255.0,1.0
SCN_012,693,23.0667,cand_002,391,129,10,10,396.0,134.0,81.0,255.0,1.0
SCN_012,693,23.0667,cand_003,436,216,9,9,440.5,220.5,64.0,255.0,1.0
SCN_012,694,23.1,cand_001,391,130,10,10,396.0,135.0,81.0,255.0,1.0
SCN_012,694,23.1,cand_002,566,276,10,10,571.0,281.0,81.0,255.0,1.0
SCN_012,694,23.1,cand_003,436,216,9,9,440.5,220.5,64.0,255.0,1.0
SCN_012,695,23.1333,cand_001,567,276,10,10,572.0,281.0,81.0,255.0,1.0
SCN_012,695,23.1333,cand_002,392,131,10,10,397.0,136.0,81.0,255.0,1.0
SCN_012,695,23.1333,cand_003,436,216,9,9,440.5,220.5,64.0,255.0,1.0
SCN_012,696,23.1667,cand_001,393,131,10,10,398.0,136.0,81.0,255.0,1.0
SCN_012,696,23.1667,cand_002,568,276,10,10,573.0,281.0,81.0,255.0,1.0
SCN_012,696,23.1667,cand_003,436,216,9,9,440.5,220.5,64.0,255.0,1.0
SCN_012,697,23.2,cand_001,568,276,10,10,573.0,281.0,81.0,255.0,1.0
SCN_012,697,23.2,cand_002,394,132,10,10,399.0,137.0,81.0,255.0,1.0
SCN_012,697,23.2,cand_003,436,216,9,9,440.5,220.5,64.0,255.0,1.0
SCN_012,698,23.2333,cand_001,395,132,10,10,400.0,137.0,81.0,255.0,1.0
SCN_012,698,23.2333,cand_002,569,276,10,10,574.0,281.0,81.0,255.0,1.0
SCN_012,698,23.2333,cand_003,436,216,9,9,440.5,220.5,64.0,255.0,1.0
SCN_012,699,23.2667,cand_001,395,133,10,10,400.0,138.0,81.0,255.0,1.0
SCN_012,699,23.2667,cand_002,570,277,10,10,575.0,282.0,81.0,255.0,1.0
SCN_012,699,23.2667,cand_003,436,216,9,9,440.5,220.5,64.0,255.0,1.0
SCN_012,700,23.3,cand_001,570,277,10,10,575.0,282.0,81.0,255.0,1.0
SCN_012,700,23.3,cand_002,396,134,10,10,401.0,139.0,81.0,255.0,1.0
SCN_012,700,23.3,cand_003,436,216,9,9,440.5,220.5,64.0,255.0,1.0
SCN_012,701,23.3333,cand_001,571,277,10,10,576.0,282.0,81.0,255.0,1.0
SCN_012,701,23.3333,cand_002,397,134,10,10,402.0,139.0,81.0,255.0,1.0
SCN_012,701,23.3333,cand_003,436,216,9,9,440.5,220.5,64.0,255.0,1.0
SCN_012,702,23.3667,cand_001,398,135,10,10,403.0,140.0,81.0,255.0,1.0
SCN_012,702,23.3667,cand_002,572,277,10,10,577.0,282.0,81.0,255.0,1.0
SCN_012,702,23.3667,cand_003,436,216,9,9,440.5,220.5,64.0,255.0,1.0
SCN_012,703,23.4,cand_001,572,277,10,10,577.0,282.0,81.0,255.0,1.0
SCN_012,703,23.4,cand_002,399,136,10,10,404.0,141.0,81.0,255.0,1.0
SCN_012,703,23.4,cand_003,436,216,9,9,440.5,220.5,64.0,255.0,1.0
SCN_012,704,23.4333,cand_001,399,136,10,10,404.0,141.0,81.0,255.0,1.0
SCN_012,704,23.4333,cand_002,573,277,10,10,578.0,282.0,81.0,255.0,1.0
SCN_012,704,23.4333,cand_003,436,216,9,9,440.5,220.5,64.0,255.0,1.0
SCN_012,705,23.4667,cand_001,574,277,10,10,579.0,282.0,81.0,255.0,1.0
SCN_012,705,23.4667,cand_002,400,137,10,10,405.0,142.0,81.0,255.0,1.0
SCN_012,705,23.4667,cand_003,436,216,9,9,440.5,220.5,64.0,255.0,1.0
SCN_012,706,23.5,cand_001,574,277,10,10,579.0,282.0,81.0,255.0,1.0
SCN_012,706,23.5,cand_002,401,137,10,10,406.0,142.0,81.0,255.0,1.0
SCN_012,706,23.5,cand_003,436,216,9,9,440.5,220.5,64.0,255.0,1.0
SCN_012,707,23.5333,cand_001,575,277,10,10,580.0,282.0,81.0,255.0,1.0
SCN_012,707,23.5333,cand_002,402,138,10,10,407.0,143.0,81.0,255.0,1.0
SCN_012,707,23.5333,cand_003,436,216,9,9,440.5,220.5,64.0,255.0,1.0
SCN_012,708,23.5667,cand_001,576,277,10,10,581.0,282.0,81.0,255.0,1.0
SCN_012,708,23.5667,cand_002,402,139,10,10,407.0,144.0,81.0,255.0,1.0
SCN_012,708,23.5667,cand_003,436,216,9,9,440.5,220.5,64.0,255.0,1.0
SCN_012,709,23.6,cand_001,403,139,10,10,408.0,144.0,81.0,255.0,1.0
SCN_012,709,23.6,cand_002,576,277,10,10,581.0,282.0,81.0,255.0,1.0
SCN_012,709,23.6,cand_003,436,216,9,9,440.5,220.5,64.0,255.0,1.0
SCN_012,710,23.6333,cand_001,404,140,10,10,409.0,145.0,81.0,255.0,1.0
SCN_012,710,23.6333,cand_002,577,277,10,10,582.0,282.0,81.0,255.0,1.0
SCN_012,710,23.6333,cand_003,436,216,9,9,440.5,220.5,64.0,255.0,1.0
SCN_012,711,23.6667,cand_001,578,277,10,10,583.0,282.0,81.0,255.0,1.0
SCN_012,711,23.6667,cand_002,405,141,10,10,410.0,146.0,81.0,255.0,1.0
SCN_012,711,23.6667,cand_003,436,216,9,9,440.5,220.5,64.0,255.0,1.0
SCN_012,712,23.7,cand_001,578,277,10,10,583.0,282.0,81.0,255.0,1.0
SCN_012,712,23.7,cand_002,405,141,10,10,410.0,146.0,81.0,255.0,1.0
SCN_012,712,23.7,cand_003,436,216,9,9,440.5,220.5,64.0,255.0,1.0
SCN_012,713,23.7333,cand_001,579,277,10,10,584.0,282.0,81.0,255.0,1.0
SCN_012,713,23.7333,cand_002,406,142,10,10,411.0,147.0,81.0,255.0,1.0
SCN_012,713,23.7333,cand_003,436,216,9,9,440.5,220.5,64.0,255.0,1.0
SCN_012,714,23.7667,cand_001,407,143,10,10,412.0,148.0,81.0,255.0,1.0
SCN_012,714,23.7667,cand_002,580,277,10,10,585.0,282.0,81.0,255.0,1.0
SCN_012,714,23.7667,cand_003,436,216,9,9,440.5,220.5,64.0,255.0,1.0
SCN_012,715,23.8,cand_001,580,277,10,10,585.0,282.0,81.0,255.0,1.0
SCN_012,715,23.8,cand_002,407,144,10,10,412.0,149.0,81.0,255.0,1.0
SCN_012,715,23.8,cand_003,436,216,9,9,440.5,220.5,64.0,255.0,1.0
SCN_012,716,23.8333,cand_001,408,144,10,10,413.0,149.0,81.0,255.0,1.0
SCN_012,716,23.8333,cand_002,581,278,10,10,586.0,283.0,81.0,255.0,1.0
SCN_012,716,23.8333,cand_003,436,216,9,9,440.5,220.5,64.0,255.0,1.0
SCN_012,717,23.8667,cand_001,409,145,10,10,414.0,150.0,81.0,255.0,1.0
SCN_012,717,23.8667,cand_002,582,278,10,10,587.0,283.0,81.0,255.0,1.0
SCN_012,717,23.8667,cand_003,436,216,9,9,440.5,220.5,64.0,255.0,1.0
SCN_012,718,23.9,cand_001,582,278,10,10,587.0,283.0,81.0,255.0,1.0
SCN_012,718,23.9,cand_002,410,146,10,10,415.0,151.0,81.0,255.0,1.0
SCN_012,718,23.9,cand_003,436,216,9,9,440.5,220.5,64.0,255.0,1.0
SCN_012,719,23.9333,cand_001,410,146,10,10,415.0,151.0,81.0,255.0,1.0
SCN_012,719,23.9333,cand_002,583,278,10,10,588.0,283.0,81.0,255.0,1.0
SCN_012,719,23.9333,cand_003,436,216,9,9,440.5,220.5,64.0,255.0,1.0
SCN_012,720,23.9667,cand_001,584,278,10,10,589.0,283.0,81.0,255.0,1.0
SCN_012,720,23.9667,cand_002,411,147,10,10,416.0,152.0,81.0,255.0,1.0
SCN_012,720,23.9667,cand_003,436,216,9,9,440.5,220.5,64.0,255.0,1.0
SCN_012,721,24.0,cand_001,584,278,10,10,589.0,283.0,81.0,255.0,1.0
SCN_012,721,24.0,cand_002,412,148,10,10,417.0,153.0,81.0,255.0,1.0
SCN_012,721,24.0,cand_003,436,216,9,9,440.5,220.5,64.0,255.0,1.0
SCN_012,722,24.0333,cand_001,585,278,10,10,590.0,283.0,81.0,255.0,1.0
SCN_012,722,24.0333,cand_002,412,149,10,10,417.0,154.0,81.0,255.0,1.0
SCN_012,722,24.0333,cand_003,436,216,9,9,440.5,220.5,64.0,255.0,1.0
SCN_012,723,24.0667,cand_001,413,149,10,10,418.0,154.0,81.0,255.0,1.0
SCN_012,723,24.0667,cand_002,586,278,10,10,591.0,283.0,81.0,255.0,1.0
SCN_012,723,24.0667,cand_003,436,216,9,9,440.5,220.5,64.0,255.0,1.0
SCN_012,724,24.1,cand_001,414,150,10,10,419.0,155.0,81.0,255.0,1.0
SCN_012,724,24.1,cand_002,586,278,10,10,591.0,283.0,81.0,255.0,1.0
SCN_012,724,24.1,cand_003,436,216,9,9,440.5,220.5,64.0,255.0,1.0
SCN_012,725,24.1333,cand_001,414,151,10,10,419.0,156.0,81.0,255.0,1.0
SCN_012,725,24.1333,cand_002,587,278,10,10,592.0,283.0,81.0,255.0,1.0
SCN_012,725,24.1333,cand_003,436,216,9,9,440.5,220.5,64.0,255.0,1.0
SCN_012,726,24.1667,cand_001,587,278,10,10,592.0,283.0,81.0,255.0,1.0
SCN_012,726,24.1667,cand_002,415,152,10,10,420.0,157.0,81.0,255.0,1.0
SCN_012,726,24.1667,cand_003,436,216,9,9,440.5,220.5,64.0,255.0,1.0
SCN_012,727,24.2,cand_001,416,152,10,10,421.0,157.0,81.0,255.0,1.0
SCN_012,727,24.2,cand_002,588,278,10,10,593.0,283.0,81.0,255.0,1.0
SCN_012,727,24.2,cand_003,436,216,9,9,440.5,220.5,64.0,255.0,1.0
SCN_012,728,24.2333,cand_001,589,278,10,10,594.0,283.0,81.0,255.0,1.0
SCN_012,728,24.2333,cand_002,416,153,10,10,421.0,158.0,81.0,255.0,1.0
SCN_012,728,24.2333,cand_003,437,216,9,9,441.5,220.5,64.0,255.0,1.0
SCN_012,729,24.2667,cand_001,589,278,10,10,594.0,283.0,81.0,255.0,1.0
SCN_012,729,24.2667,cand_002,417,154,10,10,422.0,159.0,81.0,255.0,1.0
SCN_012,729,24.2667,cand_003,437,216,9,9,441.5,220.5,64.0,255.0,1.0
SCN_012,730,24.3,cand_001,417,155,10,10,422.0,160.0,81.0,255.0,1.0
SCN_012,730,24.3,cand_002,590,278,10,10,595.0,283.0,81.0,255.0,1.0
SCN_012,730,24.3,cand_003,437,216,9,9,441.5,220.5,64.0,255.0,1.0
SCN_012,731,24.3333,cand_001,418,155,10,10,423.0,160.0,81.0,255.0,1.0
SCN_012,731,24.3333,cand_002,591,278,10,10,596.0,283.0,81.0,255.0,1.0
SCN_012,731,24.3333,cand_003,437,216,9,9,441.5,220.5,64.0,255.0,1.0
SCN_012,732,24.3667,cand_001,591,278,10,10,596.0,283.0,81.0,255.0,1.0
SCN_012,732,24.3667,cand_002,419,156,10,10,424.0,161.0,81.0,255.0,1.0
SCN_012,732,24.3667,cand_003,437,216,9,9,441.5,220.5,64.0,255.0,1.0
SCN_012,733,24.4,cand_001,592,279,10,10,597.0,284.0,81.0,255.0,1.0
SCN_012,733,24.4,cand_002,419,157,10,10,424.0,162.0,81.0,255.0,1.0
SCN_012,733,24.4,cand_003,437,216,9,9,441.5,220.5,64.0,255.0,1.0
SCN_012,734,24.4333,cand_001,593,279,10,10,598.0,284.0,81.0,255.0,1.0
SCN_012,734,24.4333,cand_002,420,158,10,10,425.0,163.0,81.0,255.0,1.0
SCN_012,734,24.4333,cand_003,437,216,9,9,441.5,220.5,64.0,255.0,1.0
SCN_012,735,24.4667,cand_001,421,159,10,10,426.0,164.0,81.0,255.0,1.0
SCN_012,735,24.4667,cand_002,593,279,10,10,598.0,284.0,81.0,255.0,1.0
SCN_012,735,24.4667,cand_003,437,216,9,9,441.5,220.5,64.0,255.0,1.0
SCN_012,736,24.5,cand_001,421,159,10,10,426.0,164.0,81.0,255.0,1.0
SCN_012,736,24.5,cand_002,594,279,10,10,599.0,284.0,81.0,255.0,1.0
SCN_012,736,24.5,cand_003,437,216,9,9,441.5,220.5,64.0,255.0,1.0
SCN_012,737,24.5333,cand_001,595,279,10,10,600.0,284.0,81.0,255.0,1.0
SCN_012,737,24.5333,cand_002,422,160,10,10,427.0,165.0,81.0,255.0,1.0
SCN_012,737,24.5333,cand_003,437,216,9,9,441.5,220.5,64.0,255.0,1.0
SCN_012,738,24.5667,cand_001,595,279,10,10,600.0,284.0,81.0,255.0,1.0
SCN_012,738,24.5667,cand_002,422,161,10,10,427.0,166.0,81.0,255.0,1.0
SCN_012,738,24.5667,cand_003,437,216,9,9,441.5,220.5,64.0,255.0,1.0
SCN_012,739,24.6,cand_001,423,162,10,10,428.0,167.0,81.0,255.0,1.0
SCN_012,739,24.6,cand_002,596,279,10,10,601.0,284.0,81.0,255.0,1.0
SCN_012,739,24.6,cand_003,437,216,9,9,441.5,220.5,64.0,255.0,1.0
SCN_012,740,24.6333,cand_001,597,279,10,10,602.0,284.0,81.0,255.0,1.0
SCN_012,740,24.6333,cand_002,423,163,10,10,428.0,168.0,81.0,255.0,1.0
SCN_012,740,24.6333,cand_003,437,217,9,9,441.5,221.5,64.0,255.0,1.0
SCN_012,741,24.6667,cand_001,597,279,10,10,602.0,284.0,81.0,255.0,1.0
SCN_012,741,24.6667,cand_002,424,164,10,10,429.0,169.0,81.0,255.0,1.0
SCN_012,741,24.6667,cand_003,437,217,9,9,441.5,221.5,64.0,255.0,1.0
SCN_012,742,24.7,cand_001,598,279,10,10,603.0,284.0,81.0,255.0,1.0
SCN_012,742,24.7,cand_002,425,164,10,10,430.0,169.0,81.0,255.0,1.0
SCN_012,742,24.7,cand_003,437,217,9,9,441.5,221.5,64.0,255.0,1.0
SCN_012,743,24.7333,cand_001,425,165,10,10,430.0,170.0,81.0,255.0,1.0
SCN_012,743,24.7333,cand_002,599,279,10,10,604.0,284.0,81.0,255.0,1.0
SCN_012,743,24.7333,cand_003,437,217,9,9,441.5,221.5,64.0,255.0,1.0
SCN_012,744,24.7667,cand_001,599,279,10,10,604.0,284.0,81.0,255.0,1.0
SCN_012,744,24.7667,cand_002,426,166,10,10,431.0,171.0,81.0,255.0,1.0
SCN_012,744,24.7667,cand_003,437,217,9,9,441.5,221.5,64.0,255.0,1.0
SCN_012,745,24.8,cand_001,600,279,10,10,605.0,284.0,81.0,255.0,1.0
SCN_012,745,24.8,cand_002,426,167,10,10,431.0,172.0,81.0,255.0,1.0
SCN_012,745,24.8,cand_003,437,217,9,9,441.5,221.5,64.0,255.0,1.0
SCN_012,746,24.8333,cand_001,427,168,10,10,432.0,173.0,81.0,255.0,1.0
SCN_012,746,24.8333,cand_002,601,279,10,10,606.0,284.0,81.0,255.0,1.0
SCN_012,746,24.8333,cand_003,437,217,9,9,441.5,221.5,64.0,255.0,1.0
SCN_012,747,24.8667,cand_001,427,169,10,10,432.0,174.0,81.0,255.0,1.0
SCN_012,747,24.8667,cand_002,601,279,10,10,606.0,284.0,81.0,255.0,1.0
SCN_012,747,24.8667,cand_003,437,217,9,9,441.5,221.5,64.0,255.0,1.0
SCN_012,748,24.9,cand_001,428,169,10,10,433.0,174.0,81.0,255.0,1.0
SCN_012,748,24.9,cand_002,602,279,10,10,607.0,284.0,81.0,255.0,1.0
SCN_012,748,24.9,cand_003,437,217,9,9,441.5,221.5,64.0,255.0,1.0
SCN_012,749,24.9333,cand_001,428,170,10,10,433.0,175.0,81.0,255.0,1.0
SCN_012,749,24.9333,cand_002,603,279,10,10,608.0,284.0,81.0,255.0,1.0
SCN_012,749,24.9333,cand_003,437,217,9,9,441.5,221.5,64.0,255.0,1.0
SCN_012,750,24.9667,cand_001,429,171,10,10,434.0,176.0,81.0,255.0,1.0
SCN_012,750,24.9667,cand_002,603,280,10,10,608.0,285.0,81.0,255.0,1.0
SCN_012,750,24.9667,cand_003,437,217,9,9,441.5,221.5,64.0,255.0,1.0
SCN_012,751,25.0,cand_001,429,172,10,10,434.0,177.0,81.0,255.0,1.0
SCN_012,751,25.0,cand_002,604,280,10,10,609.0,285.0,81.0,255.0,1.0
SCN_012,751,25.0,cand_003,437,217,9,9,441.5,221.5,64.0,255.0,1.0
SCN_012,752,25.0333,cand_001,430,173,10,10,435.0,178.0,81.0,255.0,1.0
SCN_012,752,25.0333,cand_002,605,280,10,10,610.0,285.0,81.0,255.0,1.0
SCN_012,752,25.0333,cand_003,437,217,9,9,441.5,221.5,64.0,255.0,1.0
SCN_012,753,25.0667,cand_001,430,174,10,10,435.0,179.0,81.0,255.0,1.0
SCN_012,753,25.0667,cand_002,605,280,10,10,610.0,285.0,81.0,255.0,1.0
SCN_012,753,25.0667,cand_003,437,217,9,9,441.5,221.5,64.0,255.0,1.0
SCN_012,754,25.1,cand_001,606,280,10,10,611.0,285.0,81.0,255.0,1.0
SCN_012,754,25.1,cand_002,431,175,10,10,436.0,180.0,81.0,255.0,1.0
SCN_012,754,25.1,cand_003,437,217,9,9,441.5,221.5,64.0,255.0,1.0
SCN_012,755,25.1333,cand_001,431,176,10,10,436.0,181.0,81.0,255.0,1.0
SCN_012,755,25.1333,cand_002,607,280,10,10,612.0,285.0,81.0,255.0,1.0
SCN_012,755,25.1333,cand_003,437,217,9,9,441.5,221.5,64.0,255.0,1.0
SCN_012,756,25.1667,cand_001,432,176,10,10,437.0,181.0,81.0,255.0,1.0
SCN_012,756,25.1667,cand_002,607,280,10,10,612.0,285.0,81.0,255.0,1.0
SCN_012,756,25.1667,cand_003,437,217,9,9,441.5,221.5,64.0,255.0,1.0
SCN_012,757,25.2,cand_001,608,280,10,10,613.0,285.0,81.0,255.0,1.0
SCN_012,757,25.2,cand_002,432,177,10,10,437.0,182.0,81.0,255.0,1.0
SCN_012,757,25.2,cand_003,438,217,9,9,442.5,221.5,64.0,255.0,1.0
SCN_012,758,25.2333,cand_001,609,280,10,10,614.0,285.0,81.0,255.0,1.0
SCN_012,758,25.2333,cand_002,432,178,10,10,437.0,183.0,81.0,255.0,1.0
SCN_012,758,25.2333,cand_003,438,216,9,9,442.5,220.5,64.0,255.0,1.0
SCN_012,759,25.2667,cand_001,609,280,10,10,614.0,285.0,81.0,255.0,1.0
SCN_012,759,25.2667,cand_002,433,179,10,10,438.0,184.0,81.0,255.0,1.0
SCN_012,759,25.2667,cand_003,438,216,9,9,442.5,220.5,64.0,255.0,1.0
SCN_012,760,25.3,cand_001,610,280,10,10,615.0,285.0,81.0,255.0,1.0
SCN_012,760,25.3,cand_002,433,180,10,10,438.0,185.0,81.0,255.0,1.0
SCN_012,760,25.3,cand_003,438,216,9,9,442.5,220.5,64.0,255.0,1.0
SCN_012,761,25.3333,cand_001,611,280,10,10,616.0,285.0,81.0,255.0,1.0
SCN_012,761,25.3333,cand_002,434,181,10,10,439.0,186.0,81.0,255.0,1.0
SCN_012,761,25.3333,cand_003,438,216,9,9,442.5,220.5,64.0,255.0,1.0
SCN_012,762,25.3667,cand_001,611,280,10,10,616.0,285.0,81.0,255.0,1.0
SCN_012,762,25.3667,cand_002,434,182,10,10,439.0,187.0,81.0,255.0,1.0
SCN_012,762,25.3667,cand_003,438,216,9,9,442.5,220.5,64.0,255.0,1.0
SCN_012,763,25.4,cand_001,435,183,10,10,440.0,188.0,81.0,255.0,1.0
SCN_012,763,25.4,cand_002,612,280,10,10,617.0,285.0,81.0,255.0,1.0
SCN_012,763,25.4,cand_003,438,216,9,9,442.5,220.5,64.0,255.0,1.0
SCN_012,764,25.4333,cand_001,435,184,10,10,440.0,189.0,81.0,255.0,1.0
SCN_012,764,25.4333,cand_002,613,280,10,10,618.0,285.0,81.0,255.0,1.0
SCN_012,764,25.4333,cand_003,438,216,9,9,442.5,220.5,64.0,255.0,1.0
SCN_012,765,25.4667,cand_001,435,185,10,10,440.0,190.0,81.0,255.0,1.0
SCN_012,765,25.4667,cand_002,613,280,10,10,618.0,285.0,81.0,255.0,1.0
SCN_012,765,25.4667,cand_003,438,216,9,9,442.5,220.5,64.0,255.0,1.0
SCN_012,766,25.5,cand_001,614,280,10,10,619.0,285.0,81.0,255.0,1.0
SCN_012,766,25.5,cand_002,436,186,10,10,441.0,191.0,81.0,255.0,1.0
SCN_012,766,25.5,cand_003,438,216,9,9,442.5,220.5,64.0,255.0,1.0
SCN_012,767,25.5333,cand_001,436,186,10,10,441.0,191.0,81.0,255.0,1.0
SCN_012,767,25.5333,cand_002,615,281,10,10,620.0,286.0,81.0,255.0,1.0
SCN_012,767,25.5333,cand_003,438,216,9,9,442.5,220.5,64.0,255.0,1.0
SCN_012,768,25.5667,cand_001,437,187,10,10,442.0,192.0,81.0,255.0,1.0
SCN_012,768,25.5667,cand_002,615,281,10,10,620.0,286.0,81.0,255.0,1.0
SCN_012,768,25.5667,cand_003,438,216,9,9,442.5,220.5,64.0,255.0,1.0
SCN_012,769,25.6,cand_001,437,188,10,10,442.0,193.0,81.0,255.0,1.0
SCN_012,769,25.6,cand_002,616,281,10,10,621.0,286.0,81.0,255.0,1.0
SCN_012,769,25.6,cand_003,437,216,9,9,441.5,220.5,64.0,255.0,1.0
SCN_012,770,25.6333,cand_001,437,189,10,10,442.0,194.0,81.0,255.0,1.0
SCN_012,770,25.6333,cand_002,617,281,10,10,622.0,286.0,81.0,255.0,1.0
SCN_012,770,25.6333,cand_003,437,216,9,9,441.5,220.5,64.0,255.0,1.0
SCN_012,771,25.6667,cand_001,617,281,10,10,622.0,286.0,81.0,255.0,1.0
SCN_012,771,25.6667,cand_002,438,190,10,10,443.0,195.0,81.0,255.0,1.0
SCN_012,771,25.6667,cand_003,437,216,9,9,441.5,220.5,64.0,255.0,1.0
SCN_012,772,25.7,cand_001,438,191,10,10,443.0,196.0,81.0,255.0,1.0
SCN_012,772,25.7,cand_002,618,281,10,10,623.0,286.0,81.0,255.0,1.0
SCN_012,772,25.7,cand_003,437,216,9,9,441.5,220.5,64.0,255.0,1.0
SCN_012,773,25.7333,cand_001,619,281,10,10,624.0,286.0,81.0,255.0,1.0
SCN_012,773,25.7333,cand_002,438,192,10,10,443.0,197.0,81.0,255.0,1.0
SCN_012,773,25.7333,cand_003,437,216,9,9,441.5,220.5,64.0,255.0,1.0
SCN_012,774,25.7667,cand_001,439,193,10,10,444.0,198.0,81.0,255.0,1.0
SCN_012,774,25.7667,cand_002,619,281,10,10,624.0,286.0,81.0,255.0,1.0
SCN_012,774,25.7667,cand_003,437,216,9,9,441.5,220.5,64.0,255.0,1.0
SCN_012,775,25.8,cand_001,620,281,10,10,625.0,286.0,81.0,255.0,1.0
SCN_012,775,25.8,cand_002,439,194,10,10,444.0,199.0,81.0,255.0,1.0
SCN_012,775,25.8,cand_003,437,216,9,9,441.5,220.5,64.0,255.0,1.0
SCN_012,776,25.8333,cand_001,439,195,10,10,444.0,200.0,81.0,255.0,1.0
SCN_012,776,25.8333,cand_002,621,281,10,10,626.0,286.0,81.0,255.0,1.0
SCN_012,776,25.8333,cand_003,437,216,9,9,441.5,220.5,64.0,255.0,1.0
SCN_012,777,25.8667,cand_001,440,196,10,10,445.0,201.0,81.0,255.0,1.0
SCN_012,777,25.8667,cand_002,621,281,10,10,626.0,286.0,81.0,255.0,1.0
SCN_012,777,25.8667,cand_003,437,216,9,9,441.5,220.5,64.0,255.0,1.0
SCN_012,778,25.9,cand_001,622,281,10,10,627.0,286.0,81.0,255.0,1.0
SCN_012,778,25.9,cand_002,440,197,10,10,445.0,202.0,81.0,255.0,1.0
SCN_012,778,25.9,cand_003,437,216,9,9,441.5,220.5,64.0,255.0,1.0
SCN_012,779,25.9333,cand_001,623,281,10,10,628.0,286.0,81.0,255.0,1.0
SCN_012,779,25.9333,cand_002,440,198,10,10,445.0,203.0,81.0,255.0,1.0
SCN_012,779,25.9333,cand_003,437,216,9,9,441.5,220.5,64.0,255.0,1.0
SCN_012,780,25.9667,cand_001,623,281,10,10,628.0,286.0,81.0,255.0,1.0
SCN_012,780,25.9667,cand_002,441,199,10,10,446.0,204.0,81.0,255.0,1.0
SCN_012,780,25.9667,cand_003,437,216,9,9,441.5,220.5,64.0,255.0,1.0
SCN_012,781,26.0,cand_001,441,200,10,10,446.0,205.0,81.0,255.0,1.0
SCN_012,781,26.0,cand_002,624,281,10,10,629.0,286.0,81.0,255.0,1.0
SCN_012,781,26.0,cand_003,437,216,9,9,441.5,220.5,64.0,255.0,1.0
SCN_012,782,26.0333,cand_001,625,281,10,10,630.0,286.0,81.0,255.0,1.0
SCN_012,782,26.0333,cand_002,441,201,10,10,446.0,206.0,81.0,255.0,1.0
SCN_012,782,26.0333,cand_003,437,216,9,9,441.5,220.5,64.0,255.0,1.0
SCN_012,783,26.0667,cand_001,625,281,10,10,630.0,286.0,81.0,255.0,1.0
SCN_012,783,26.0667,cand_002,441,202,10,10,446.0,207.0,81.0,255.0,1.0
SCN_012,783,26.0667,cand_003,437,216,9,9,441.5,220.5,64.0,255.0,1.0
SCN_012,784,26.1,cand_001,626,281,10,10,631.0,286.0,81.0,255.0,1.0
SCN_012,784,26.1,cand_002,442,203,10,10,447.0,208.0,81.0,255.0,1.0
SCN_012,784,26.1,cand_003,437,216,9,9,441.5,220.5,64.0,255.0,1.0
SCN_012,785,26.1333,cand_001,627,282,10,10,632.0,287.0,81.0,255.0,1.0
SCN_012,785,26.1333,cand_002,442,204,10,10,447.0,209.0,81.0,255.0,1.0
SCN_012,785,26.1333,cand_003,437,216,9,9,441.5,220.5,64.0,255.0,1.0
SCN_012,786,26.1667,cand_001,627,282,10,10,632.0,287.0,81.0,255.0,1.0
SCN_012,786,26.1667,cand_002,442,205,10,10,447.0,210.0,81.0,255.0,1.0
SCN_012,786,26.1667,cand_003,437,216,9,9,441.5,220.5,64.0,255.0,1.0
SCN_012,787,26.2,cand_001,628,282,10,10,633.0,287.0,81.0,255.0,1.0
SCN_012,787,26.2,cand_002,442,205,10,10,447.0,210.0,81.0,255.0,1.0
SCN_012,787,26.2,cand_003,437,216,9,9,441.5,220.5,64.0,255.0,1.0
SCN_012,788,26.2333,cand_001,629,282,10,10,634.0,287.0,81.0,255.0,1.0
SCN_012,788,26.2333,cand_002,437,206,16,19,445.0,215.5,148.0,255.0,1.0
SCN_012,789,26.2667,cand_001,629,282,10,10,634.0,287.0,81.0,255.0,1.0
SCN_012,789,26.2667,cand_002,437,207,16,18,445.0,216.0,146.0,255.0,1.0
SCN_012,790,26.3,cand_001,630,282,10,10,635.0,287.0,81.0,255.0,1.0
SCN_012,790,26.3,cand_002,437,208,16,18,445.0,217.0,146.0,255.0,1.0
SCN_012,791,26.3333,cand_001,631,282,9,10,635.5,287.0,72.0,255.0,1.0
SCN_012,791,26.3333,cand_002,437,209,16,17,445.0,217.5,144.0,255.0,1.0
SCN_012,792,26.3667,cand_001,631,282,9,10,635.5,287.0,72.0,255.0,1.0
SCN_012,792,26.3667,cand_002,437,210,16,16,445.0,218.0,142.0,255.0,1.0
SCN_012,793,26.4,cand_001,631,282,9,10,635.5,287.0,72.0,255.0,1.0
SCN_012,793,26.4,cand_002,437,211,17,15,445.5,218.5,143.0,255.0,1.0
SCN_012,794,26.4333,cand_001,631,282,9,10,635.5,287.0,72.0,255.0,1.0
SCN_012,794,26.4333,cand_002,437,212,17,14,445.5,219.0,142.0,255.0,1.0
SCN_012,795,26.4667,cand_001,631,282,9,10,635.5,287.0,72.0,255.0,1.0
SCN_012,795,26.4667,cand_002,437,213,17,13,445.5,219.5,141.0,255.0,1.0
SCN_012,796,26.5,cand_001,631,282,9,10,635.5,287.0,72.0,255.0,1.0
SCN_012,796,26.5,cand_002,437,214,17,12,445.5,220.0,140.0,255.0,1.0
SCN_012,797,26.5333,cand_001,631,282,9,10,635.5,287.0,72.0,255.0,1.0
SCN_012,797,26.5333,cand_002,437,215,17,11,445.5,220.5,139.0,255.0,1.0
SCN_012,798,26.5667,cand_001,631,282,9,10,635.5,287.0,72.0,255.0,1.0
SCN_012,798,26.5667,cand_002,437,216,17,10,445.5,221.0,137.5,255.0,1.0
SCN_012,799,26.6,cand_001,631,282,9,10,635.5,287.0,72.0,255.0,1.0
SCN_012,799,26.6,cand_002,437,217,18,10,446.0,222.0,145.5,255.0,1.0
SCN_012,800,26.6333,cand_001,437,217,18,11,446.0,222.5,146.0,255.0,1.0
SCN_012,801,26.6667,cand_001,437,217,18,12,446.0,223.0,146.0,255.0,1.0
SCN_012,802,26.7,cand_001,437,217,18,13,446.0,223.5,146.0,255.0,1.0
SCN_012,803,26.7333,cand_001,437,217,18,14,446.0,224.0,146.0,255.0,1.0
SCN_012,804,26.7667,cand_001,437,217,18,15,446.0,224.5,146.0,255.0,1.0
SCN_012,805,26.8,cand_001,437,217,18,16,446.0,225.0,146.0,255.0,1.0
SCN_012,806,26.8333,cand_001,436,217,19,17,445.5,225.5,147.0,255.0,1.0
SCN_012,807,26.8667,cand_001,446,225,10,10,451.0,230.0,81.0,255.0,1.0
SCN_012,807,26.8667,cand_002,436,217,9,9,440.5,221.5,64.0,255.0,1.0
SCN_012,808,26.9,cand_001,446,226,10,10,451.0,231.0,81.0,255.0,1.0
SCN_012,808,26.9,cand_002,436,217,9,9,440.5,221.5,64.0,255.0,1.0
SCN_012,809,26.9333,cand_001,446,227,10,10,451.0,232.0,81.0,255.0,1.0
SCN_012,809,26.9333,cand_002,436,217,9,9,440.5,221.5,64.0,255.0,1.0
SCN_012,810,26.9667,cand_001,446,228,10,10,451.0,233.0,81.0,255.0,1.0
SCN_012,810,26.9667,cand_002,436,217,9,9,440.5,221.5,64.0,255.0,1.0
SCN_012,811,27.0,cand_001,446,229,10,10,451.0,234.0,81.0,255.0,1.0
SCN_012,811,27.0,cand_002,436,217,9,9,440.5,221.5,64.0,255.0,1.0
SCN_012,812,27.0333,cand_001,446,230,10,10,451.0,235.0,81.0,255.0,1.0
SCN_012,812,27.0333,cand_002,436,217,9,9,440.5,221.5,64.0,255.0,1.0
SCN_012,813,27.0667,cand_001,446,231,10,10,451.0,236.0,81.0,255.0,1.0
SCN_012,813,27.0667,cand_002,436,217,9,9,440.5,221.5,64.0,255.0,1.0
SCN_012,814,27.1,cand_001,446,232,10,10,451.0,237.0,81.0,255.0,1.0
SCN_012,814,27.1,cand_002,436,217,9,9,440.5,221.5,64.0,255.0,1.0
SCN_012,815,27.1333,cand_001,446,233,10,10,451.0,238.0,81.0,255.0,1.0
SCN_012,815,27.1333,cand_002,436,217,9,9,440.5,221.5,64.0,255.0,1.0
SCN_012,816,27.1667,cand_001,446,234,10,10,451.0,239.0,81.0,255.0,1.0
SCN_012,816,27.1667,cand_002,436,217,9,9,440.5,221.5,64.0,255.0,1.0
SCN_012,817,27.2,cand_001,446,235,10,10,451.0,240.0,81.0,255.0,1.0
SCN_012,817,27.2,cand_002,436,217,9,9,440.5,221.5,64.0,255.0,1.0
SCN_012,818,27.2333,cand_001,446,236,10,10,451.0,241.0,81.0,255.0,1.0
SCN_012,818,27.2333,cand_002,436,217,9,9,440.5,221.5,64.0,255.0,1.0
SCN_012,819,27.2667,cand_001,446,237,10,10,451.0,242.0,81.0,255.0,1.0
SCN_012,819,27.2667,cand_002,436,217,9,9,440.5,221.5,64.0,255.0,1.0
SCN_012,820,27.3,cand_001,446,238,10,10,451.0,243.0,81.0,255.0,1.0
SCN_012,820,27.3,cand_002,436,217,9,9,440.5,221.5,64.0,255.0,1.0
SCN_012,821,27.3333,cand_001,446,239,10,10,451.0,244.0,81.0,255.0,1.0
SCN_012,821,27.3333,cand_002,436,217,9,9,440.5,221.5,64.0,255.0,1.0
SCN_012,822,27.3667,cand_001,446,240,10,10,451.0,245.0,81.0,255.0,1.0
SCN_012,822,27.3667,cand_002,436,217,9,9,440.5,221.5,64.0,255.0,1.0
SCN_012,823,27.4,cand_001,446,241,10,10,451.0,246.0,81.0,255.0,1.0
SCN_012,823,27.4,cand_002,436,217,9,9,440.5,221.5,64.0,255.0,1.0
SCN_012,824,27.4333,cand_001,446,242,10,10,451.0,247.0,81.0,255.0,1.0
SCN_012,824,27.4333,cand_002,436,217,9,9,440.5,221.5,64.0,255.0,1.0
SCN_012,825,27.4667,cand_001,446,243,10,10,451.0,248.0,81.0,255.0,1.0
SCN_012,825,27.4667,cand_002,436,217,9,9,440.5,221.5,64.0,255.0,1.0
SCN_012,826,27.5,cand_001,446,244,10,10,451.0,249.0,81.0,255.0,1.0
SCN_012,826,27.5,cand_002,436,217,9,9,440.5,221.5,64.0,255.0,1.0
SCN_012,827,27.5333,cand_001,446,245,10,10,451.0,250.0,81.0,255.0,1.0
SCN_012,827,27.5333,cand_002,436,217,9,9,440.5,221.5,64.0,255.0,1.0
SCN_012,828,27.5667,cand_001,446,246,10,10,451.0,251.0,81.0,255.0,1.0
SCN_012,828,27.5667,cand_002,436,217,9,9,440.5,221.5,64.0,255.0,1.0
SCN_012,829,27.6,cand_001,446,247,10,10,451.0,252.0,81.0,255.0,1.0
SCN_012,829,27.6,cand_002,436,217,9,9,440.5,221.5,64.0,255.0,1.0
SCN_012,830,27.6333,cand_001,445,248,10,10,450.0,253.0,81.0,255.0,1.0
SCN_012,830,27.6333,cand_002,436,217,9,9,440.5,221.5,64.0,255.0,1.0
SCN_012,831,27.6667,cand_001,445,249,10,10,450.0,254.0,81.0,255.0,1.0
SCN_012,831,27.6667,cand_002,436,217,9,9,440.5,221.5,64.0,255.0,1.0
SCN_012,832,27.7,cand_001,445,250,10,10,450.0,255.0,81.0,255.0,1.0
SCN_012,832,27.7,cand_002,436,217,9,9,440.5,221.5,64.0,255.0,1.0
SCN_012,833,27.7333,cand_001,445,251,10,10,450.0,256.0,81.0,255.0,1.0
SCN_012,833,27.7333,cand_002,436,217,9,9,440.5,221.5,64.0,255.0,1.0
SCN_012,834,27.7667,cand_001,445,252,10,10,450.0,257.0,81.0,255.0,1.0
SCN_012,834,27.7667,cand_002,436,217,9,9,440.5,221.5,64.0,255.0,1.0
SCN_012,835,27.8,cand_001,445,253,10,10,450.0,258.0,81.0,255.0,1.0
SCN_012,835,27.8,cand_002,436,217,9,9,440.5,221.5,64.0,255.0,1.0
SCN_012,836,27.8333,cand_001,445,254,10,10,450.0,259.0,81.0,255.0,1.0
SCN_012,836,27.8333,cand_002,436,217,9,9,440.5,221.5,64.0,255.0,1.0
SCN_012,837,27.8667,cand_001,445,255,10,10,450.0,260.0,81.0,255.0,1.0
SCN_012,837,27.8667,cand_002,437,217,9,9,441.5,221.5,64.0,255.0,1.0
SCN_012,838,27.9,cand_001,444,256,10,10,449.0,261.0,81.0,255.0,1.0
SCN_012,838,27.9,cand_002,437,217,9,9,441.5,221.5,64.0,255.0,1.0
SCN_012,839,27.9333,cand_001,444,257,10,10,449.0,262.0,81.0,255.0,1.0
SCN_012,839,27.9333,cand_002,437,217,9,9,441.5,221.5,64.0,255.0,1.0
SCN_012,840,27.9667,cand_001,444,258,10,10,449.0,263.0,81.0,255.0,1.0
SCN_012,840,27.9667,cand_002,437,217,9,9,441.5,221.5,64.0,255.0,1.0
SCN_012,841,28.0,cand_001,444,259,10,10,449.0,264.0,81.0,255.0,1.0
SCN_012,841,28.0,cand_002,437,217,9,9,441.5,221.5,64.0,255.0,1.0
SCN_012,842,28.0333,cand_001,444,260,10,10,449.0,265.0,81.0,255.0,1.0
SCN_012,842,28.0333,cand_002,437,217,9,9,441.5,221.5,64.0,255.0,1.0
SCN_012,843,28.0667,cand_001,444,261,10,10,449.0,266.0,81.0,255.0,1.0
SCN_012,843,28.0667,cand_002,437,217,9,9,441.5,221.5,64.0,255.0,1.0
SCN_012,844,28.1,cand_001,443,262,10,10,448.0,267.0,81.0,255.0,1.0
SCN_012,844,28.1,cand_002,437,217,9,9,441.5,221.5,64.0,255.0,1.0
SCN_012,845,28.1333,cand_001,443,263,10,10,448.0,268.0,81.0,255.0,1.0
SCN_012,845,28.1333,cand_002,437,217,9,9,441.5,221.5,64.0,255.0,1.0
SCN_012,846,28.1667,cand_001,443,264,10,10,448.0,269.0,81.0,255.0,1.0
SCN_012,846,28.1667,cand_002,437,217,9,9,441.5,221.5,64.0,255.0,1.0
SCN_012,847,28.2,cand_001,443,265,10,10,448.0,270.0,81.0,255.0,1.0
SCN_012,847,28.2,cand_002,437,217,9,9,441.5,221.5,64.0,255.0,1.0
SCN_012,848,28.2333,cand_001,443,266,10,10,448.0,271.0,81.0,255.0,1.0
SCN_012,848,28.2333,cand_002,437,217,9,9,441.5,221.5,64.0,255.0,1.0
SCN_012,849,28.2667,cand_001,442,267,10,10,447.0,272.0,81.0,255.0,1.0
SCN_012,849,28.2667,cand_002,437,217,9,9,441.5,221.5,64.0,255.0,1.0
SCN_012,850,28.3,cand_001,442,268,10,10,447.0,273.0,81.0,255.0,1.0
SCN_012,850,28.3,cand_002,437,217,9,9,441.5,221.5,64.0,255.0,1.0
SCN_012,851,28.3333,cand_001,442,269,10,10,447.0,274.0,81.0,255.0,1.0
SCN_012,851,28.3333,cand_002,437,217,9,9,441.5,221.5,64.0,255.0,1.0
SCN_012,852,28.3667,cand_001,442,270,10,10,447.0,275.0,81.0,255.0,1.0
SCN_012,852,28.3667,cand_002,437,217,9,9,441.5,221.5,64.0,255.0,1.0
SCN_012,853,28.4,cand_001,441,271,10,10,446.0,276.0,81.0,255.0,1.0
SCN_012,853,28.4,cand_002,437,217,9,9,441.5,221.5,64.0,255.0,1.0
SCN_012,854,28.4333,cand_001,441,272,10,10,446.0,277.0,81.0,255.0,1.0
SCN_012,854,28.4333,cand_002,437,217,9,9,441.5,221.5,64.0,255.0,1.0
SCN_012,855,28.4667,cand_001,441,273,10,10,446.0,278.0,81.0,255.0,1.0
SCN_012,855,28.4667,cand_002,437,217,9,9,441.5,221.5,64.0,255.0,1.0
SCN_012,856,28.5,cand_001,440,274,10,10,445.0,279.0,81.0,255.0,1.0
SCN_012,856,28.5,cand_002,437,217,9,9,441.5,221.5,64.0,255.0,1.0
SCN_012,857,28.5333,cand_001,440,275,10,10,445.0,280.0,81.0,255.0,1.0
SCN_012,857,28.5333,cand_002,437,217,9,9,441.5,221.5,64.0,255.0,1.0
SCN_012,858,28.5667,cand_001,440,276,10,10,445.0,281.0,81.0,255.0,1.0
SCN_012,858,28.5667,cand_002,437,217,9,9,441.5,221.5,64.0,255.0,1.0
SCN_012,859,28.6,cand_001,440,277,10,10,445.0,282.0,81.0,255.0,1.0
SCN_012,859,28.6,cand_002,437,216,9,9,441.5,220.5,64.0,255.0,1.0
SCN_012,860,28.6333,cand_001,439,277,10,10,444.0,282.0,81.0,255.0,1.0
SCN_012,860,28.6333,cand_002,437,216,9,9,441.5,220.5,64.0,255.0,1.0
SCN_012,861,28.6667,cand_001,439,278,10,10,444.0,283.0,81.0,255.0,1.0
SCN_012,861,28.6667,cand_002,437,216,9,9,441.5,220.5,64.0,255.0,1.0
SCN_012,862,28.7,cand_001,439,279,10,10,444.0,284.0,81.0,255.0,1.0
SCN_012,862,28.7,cand_002,437,216,9,9,441.5,220.5,64.0,255.0,1.0
SCN_012,863,28.7333,cand_001,438,280,10,10,443.0,285.0,81.0,255.0,1.0
SCN_012,863,28.7333,cand_002,437,216,9,9,441.5,220.5,64.0,255.0,1.0
SCN_012,864,28.7667,cand_001,438,281,10,10,443.0,286.0,81.0,255.0,1.0
SCN_012,864,28.7667,cand_002,437,216,9,9,441.5,220.5,64.0,255.0,1.0
SCN_012,865,28.8,cand_001,438,282,10,10,443.0,287.0,81.0,255.0,1.0
SCN_012,865,28.8,cand_002,437,216,9,9,441.5,220.5,64.0,255.0,1.0
SCN_012,866,28.8333,cand_001,437,283,10,10,442.0,288.0,81.0,255.0,1.0
SCN_012,866,28.8333,cand_002,437,216,9,9,441.5,220.5,64.0,255.0,1.0
SCN_012,867,28.8667,cand_001,437,284,10,10,442.0,289.0,81.0,255.0,1.0
SCN_012,867,28.8667,cand_002,437,216,9,9,441.5,220.5,64.0,255.0,1.0
SCN_012,868,28.9,cand_001,436,285,10,10,441.0,290.0,81.0,255.0,1.0
SCN_012,868,28.9,cand_002,437,216,9,9,441.5,220.5,64.0,255.0,1.0
SCN_012,869,28.9333,cand_001,436,286,10,10,441.0,291.0,81.0,255.0,1.0
SCN_012,869,28.9333,cand_002,437,216,9,9,441.5,220.5,64.0,255.0,1.0
SCN_012,870,28.9667,cand_001,436,287,10,10,441.0,292.0,81.0,255.0,1.0
SCN_012,870,28.9667,cand_002,437,216,9,9,441.5,220.5,64.0,255.0,1.0
SCN_012,871,29.0,cand_001,435,288,10,10,440.0,293.0,81.0,255.0,1.0
SCN_012,871,29.0,cand_002,437,216,9,9,441.5,220.5,64.0,255.0,1.0
SCN_012,872,29.0333,cand_001,435,289,10,10,440.0,294.0,81.0,255.0,1.0
SCN_012,872,29.0333,cand_002,437,216,9,9,441.5,220.5,64.0,255.0,1.0
SCN_012,873,29.0667,cand_001,434,290,10,10,439.0,295.0,81.0,255.0,1.0
SCN_012,873,29.0667,cand_002,437,216,9,9,441.5,220.5,64.0,255.0,1.0
SCN_012,874,29.1,cand_001,434,290,10,10,439.0,295.0,81.0,255.0,1.0
SCN_012,874,29.1,cand_002,437,216,9,9,441.5,220.5,64.0,255.0,1.0
SCN_012,875,29.1333,cand_001,434,291,10,10,439.0,296.0,81.0,255.0,1.0
SCN_012,875,29.1333,cand_002,437,216,9,9,441.5,220.5,64.0,255.0,1.0
SCN_012,876,29.1667,cand_001,433,292,10,10,438.0,297.0,81.0,255.0,1.0
SCN_012,876,29.1667,cand_002,437,216,9,9,441.5,220.5,64.0,255.0,1.0
SCN_012,877,29.2,cand_001,433,293,10,10,438.0,298.0,81.0,255.0,1.0
SCN_012,877,29.2,cand_002,437,216,9,9,441.5,220.5,64.0,255.0,1.0
SCN_012,878,29.2333,cand_001,432,294,10,10,437.0,299.0,81.0,255.0,1.0
SCN_012,878,29.2333,cand_002,437,216,9,9,441.5,220.5,64.0,255.0,1.0
SCN_012,879,29.2667,cand_001,432,295,10,10,437.0,300.0,81.0,255.0,1.0
SCN_012,879,29.2667,cand_002,437,216,9,9,441.5,220.5,64.0,255.0,1.0
SCN_012,880,29.3,cand_001,431,296,10,10,436.0,301.0,81.0,255.0,1.0
SCN_012,880,29.3,cand_002,437,216,9,9,441.5,220.5,64.0,255.0,1.0
SCN_012,881,29.3333,cand_001,431,297,10,10,436.0,302.0,81.0,255.0,1.0
SCN_012,881,29.3333,cand_002,437,216,9,9,441.5,220.5,64.0,255.0,1.0
SCN_012,882,29.3667,cand_001,430,298,10,10,435.0,303.0,81.0,255.0,1.0
SCN_012,882,29.3667,cand_002,437,216,9,9,441.5,220.5,64.0,255.0,1.0
SCN_012,883,29.4,cand_001,430,298,10,10,435.0,303.0,81.0,255.0,1.0
SCN_012,883,29.4,cand_002,437,216,9,9,441.5,220.5,64.0,255.0,1.0
SCN_012,884,29.4333,cand_001,430,299,10,10,435.0,304.0,81.0,255.0,1.0
SCN_012,884,29.4333,cand_002,437,216,9,9,441.5,220.5,64.0,255.0,1.0
SCN_012,885,29.4667,cand_001,429,300,10,10,434.0,305.0,81.0,255.0,1.0
SCN_012,885,29.4667,cand_002,437,216,9,9,441.5,220.5,64.0,255.0,1.0
SCN_012,886,29.5,cand_001,429,301,10,10,434.0,306.0,81.0,255.0,1.0
SCN_012,886,29.5,cand_002,437,216,9,9,441.5,220.5,64.0,255.0,1.0
SCN_012,887,29.5333,cand_001,428,302,10,10,433.0,307.0,81.0,255.0,1.0
SCN_012,887,29.5333,cand_002,437,216,9,9,441.5,220.5,64.0,255.0,1.0
SCN_012,888,29.5667,cand_001,428,303,10,10,433.0,308.0,81.0,255.0,1.0
SCN_012,888,29.5667,cand_002,437,216,9,9,441.5,220.5,64.0,255.0,1.0
SCN_012,889,29.6,cand_001,427,304,10,10,432.0,309.0,81.0,255.0,1.0
SCN_012,889,29.6,cand_002,437,216,9,9,441.5,220.5,64.0,255.0,1.0
SCN_012,890,29.6333,cand_001,426,305,10,10,431.0,310.0,81.0,255.0,1.0
SCN_012,890,29.6333,cand_002,437,216,9,9,441.5,220.5,64.0,255.0,1.0
SCN_012,891,29.6667,cand_001,426,305,10,10,431.0,310.0,81.0,255.0,1.0
SCN_012,891,29.6667,cand_002,437,216,9,9,441.5,220.5,64.0,255.0,1.0
SCN_012,892,29.7,cand_001,425,306,10,10,430.0,311.0,81.0,255.0,1.0
SCN_012,892,29.7,cand_002,437,216,9,9,441.5,220.5,64.0,255.0,1.0
SCN_012,893,29.7333,cand_001,425,307,10,10,430.0,312.0,81.0,255.0,1.0
SCN_012,893,29.7333,cand_002,437,216,9,9,441.5,220.5,64.0,255.0,1.0
SCN_012,894,29.7667,cand_001,424,308,10,10,429.0,313.0,81.0,255.0,1.0
SCN_012,894,29.7667,cand_002,437,216,9,9,441.5,220.5,64.0,255.0,1.0
SCN_012,895,29.8,cand_001,424,309,10,10,429.0,314.0,81.0,255.0,1.0
SCN_012,895,29.8,cand_002,437,216,9,9,441.5,220.5,64.0,255.0,1.0
SCN_012,896,29.8333,cand_001,423,310,10,10,428.0,315.0,81.0,255.0,1.0
SCN_012,896,29.8333,cand_002,437,216,9,9,441.5,220.5,64.0,255.0,1.0
SCN_012,897,29.8667,cand_001,423,310,10,10,428.0,315.0,81.0,255.0,1.0
SCN_012,897,29.8667,cand_002,437,217,9,9,441.5,221.5,64.0,255.0,1.0
SCN_012,898,29.9,cand_001,422,311,10,10,427.0,316.0,81.0,255.0,1.0
SCN_012,898,29.9,cand_002,437,217,9,9,441.5,221.5,64.0,255.0,1.0
SCN_012,899,29.9333,cand_001,421,312,10,10,426.0,317.0,81.0,255.0,1.0
SCN_012,899,29.9333,cand_002,437,217,9,9,441.5,221.5,64.0,255.0,1.0
SCN_012,900,29.9667,cand_001,421,313,10,10,426.0,318.0,81.0,255.0,1.0
SCN_012,900,29.9667,cand_002,437,217,9,9,441.5,221.5,64.0,255.0,1.0
