scenario_id,frame_id,timestamp,candidate_id,x,y,width,height,center_x,center_y,area,brightness,confidence
SCN_009,1,0.0,cand_001,116,156,10,10,121.0,161.0,81.0,250.0,1.0
SCN_009,1,0.0,cand_002,456,236,10,10,461.0,241.0,81.0,250.0,1.0
SCN_009,2,0.0333,cand_001,117,156,10,10,122.0,161.0,81.0,250.0,1.0
SCN_009,2,0.0333,cand_002,456,237,10,10,461.0,242.0,81.0,250.0,1.0
SCN_009,3,0.0667,cand_001,456,238,10,10,461.0,243.0,81.0,250.0,1.0
SCN_009,3,0.0667,cand_002,117,157,10,10,122.0,162.0,81.0,250.0,1.0
SCN_009,4,0.1,cand_001,456,239,10,10,461.0,244.0,81.0,250.0,1.0
SCN_009,4,0.1,cand_002,118,157,10,10,123.0,162.0,81.0,250.0,1.0
SCN_009,5,0.1333,cand_001,456,240,10,10,461.0,245.0,81.0,250.0,1.0
SCN_009,5,0.1333,cand_002,118,157,10,10,123.0,162.0,81.0,250.0,1.0
SCN_009,6,0.1667,cand_001,119,157,10,10,124.0,162.0,81.0,250.0,1.0
SCN_009,6,0.1667,cand_002,456,241,10,10,461.0,246.0,81.0,250.0,1.0
SCN_009,7,0.2,cand_001,456,242,10,10,461.0,247.0,81.0,250.0,1.0
SCN_009,7,0.2,cand_002,120,158,10,10,125.0,163.0,81.0,250.0,1.0
SCN_009,8,0.2333,cand_001,456,243,10,10,461.0,248.0,81.0,250.0,1.0
SCN_009,8,0.2333,cand_002,120,158,10,10,125.0,163.0,81.0,250.0,1.0
SCN_009,9,0.2667,cand_001,121,158,10,10,126.0,163.0,81.0,250.0,1.0
SCN_009,9,0.2667,cand_002,456,244,10,10,461.0,249.0,81.0,250.0,1.0
SCN_009,10,0.3,cand_001,456,245,10,10,461.0,250.0,81.0,250.0,1.0
SCN_009,10,0.3,cand_002,121,159,10,10,126.0,164.0,81.0,250.0,1.0
SCN_009,11,0.3333,cand_001,456,246,10,10,461.0,251.0,81.0,250.0,1.0
SCN_009,11,0.3333,cand_002,122,159,10,10,127.0,164.0,81.0,250.0,1.0
SCN_009,12,0.3667,cand_001,456,247,10,10,461.0,252.0,81.0,250.0,1.0
SCN_009,12,0.3667,cand_002,123,159,10,10,128.0,164.0,81.0,250.0,1.0
SCN_009,13,0.4,cand_001,455,248,10,10,460.0,253.0,81.0,250.0,1.0
SCN_009,13,0.4,cand_002,123,159,10,10,128.0,164.0,81.0,250.0,1.0
SCN_009,14,0.4333,cand_001,124,160,10,10,129.0,165.0,81.0,250.0,1.0
SCN_009,14,0.4333,cand_002,455,249,10,10,460.0,254.0,81.0,250.0,1.0
SCN_009,15,0.4667,cand_001,455,250,10,10,460.0,255.0,81.0,250.0,1.0
SCN_009,15,0.4667,cand_002,124,160,10,10,129.0,165.0,81.0,250.0,1.0
SCN_009,16,0.5,cand_001,125,160,10,10,130.0,165.0,81.0,250.0,1.0
SCN_009,16,0.5,cand_002,455,251,10,10,460.0,256.0,81.0,250.0,1.0
SCN_009,17,0.5333,cand_001,455,252,10,10,460.0,257.0,81.0,250.0,1.0
SCN_009,17,0.5333,cand_002,126,161,10,10,131.0,166.0,81.0,250.0,1.0
SCN_009,18,0.5667,cand_001,455,253,10,10,460.0,258.0,81.0,250.0,1.0
SCN_009,18,0.5667,cand_002,126,161,10,10,131.0,166.0,81.0,250.0,1.0
SCN_009,19,0.6,cand_001,127,161,10,10,132.0,166.0,81.0,250.0,1.0
SCN_009,19,0.6,cand_002,455,254,10,10,460.0,259.0,81.0,250.0,1.0
SCN_009,20,0.6333,cand_001,127,161,10,10,132.0,166.0,81.0,250.0,1.0
SCN_009,20,0.6333,cand_002,455,255,10,10,460.0,260.0,81.0,250.0,1.0
SCN_009,21,0.6667,cand_001,128,162,10,10,133.0,167.0,81.0,250.0,1.0
SCN_009,21,0.6667,cand_002,455,256,10,10,460.0,261.0,81.0,250.0,1.0
SCN_009,22,0.7,cand_001,129,162,10,10,134.0,167.0,81.0,250.0,1.0
SCN_009,22,0.7,cand_002,454,257,10,10,459.0,262.0,81.0,250.0,1.0
SCN_009,23,0.7333,cand_001,129,162,10,10,134.0,167.0,81.0,250.0,1.0
SCN_009,23,0.7333,cand_002,454,258,10,10,459.0,263.0,81.0,250.0,1.0
SCN_009,24,0.7667,cand_001,130,162,10,10,135.0,167.0,81.0,250.0,1.0
SCN_009,24,0.7667,cand_002,454,259,10,10,459.0,264.0,81.0,250.0,1.0
SCN_009,25,0.8,cand_001,454,260,10,10,459.0,265.0,81.0,250.0,1.0
SCN_009,25,0.8,cand_002,131,163,10,10,136.0,168.0,81.0,250.0,1.0
SCN_009,26,0.8333,cand_001,454,261,10,10,459.0,266.0,81.0,250.0,1.0
SCN_009,26,0.8333,cand_002,131,163,10,10,136.0,168.0,81.0,250.0,1.0
SCN_009,27,0.8667,cand_001,132,163,10,10,137.0,168.0,81.0,250.0,1.0
SCN_009,27,0.8667,cand_002,454,262,10,10,459.0,267.0,81.0,250.0,1.0
SCN_009,28,0.9,cand_001,453,263,10,10,458.0,268.0,81.0,250.0,1.0
SCN_009,28,0.9,cand_002,132,164,10,10,137.0,169.0,81.0,250.0,1.0
SCN_009,29,0.9333,cand_001,133,164,10,10,138.0,169.0,81.0,250.0,1.0
SCN_009,29,0.9333,cand_002,453,264,10,10,458.0,269.0,81.0,250.0,1.0
SCN_009,30,0.9667,cand_001,134,164,10,10,139.0,169.0,81.0,250.0,1.0
SCN_009,30,0.9667,cand_002,453,265,10,10,458.0,270.0,81.0,250.0,1.0
SCN_009,31,1.0,cand_001,453,266,10,10,458.0,271.0,81.0,250.0,1.0
SCN_009,31,1.0,cand_002,134,164,10,10,139.0,169.0,81.0,250.0,1.0
SCN_009,32,1.0333,cand_001,135,165,10,10,140.0,170.0,81.0,250.0,1.0
SCN_009,32,1.0333,cand_002,453,267,10,10,458.0,272.0,81.0,250.0,1.0
SCN_009,33,1.0667,cand_001,135,165,10,10,140.0,170.0,81.0,250.0,1.0
SCN_009,33,1.0667,cand_002,452,268,10,10,457.0,273.0,81.0,250.0,1.0
SCN_009,34,1.1,cand_001,136,165,10,10,141.0,170.0,81.0,250.0,1.0
SCN_009,34,1.1,cand_002,452,269,10,10,457.0,274.0,81.0,250.0,1.0
SCN_009,35,1.1333,cand_001,452,270,10,10,457.0,275.0,81.0,250.0,1.0
SCN_009,35,1.1333,cand_002,137,166,10,10,142.0,171.0,81.0,250.0,1.0
SCN_009,36,1.1667,cand_001,137,166,10,10,142.0,171.0,81.0,250.0,1.0
SCN_009,36,1.1667,cand_002,452,271,10,10,457.0,276.0,81.0,250.0,1.0
SCN_009,37,1.2,cand_001,451,272,10,10,456.0,277.0,81.0,250.0,1.0
SCN_009,37,1.2,cand_002,138,166,10,10,143.0,171.0,81.0,250.0,1.0
SCN_009,38,1.2333,cand_001,138,166,10,10,143.0,171.0,81.0,250.0,1.0
SCN_009,38,1.2333,cand_002,451,273,10,10,456.0,278.0,81.0,250.0,1.0
SCN_009,39,1.2667,cand_001,451,274,10,10,456.0,279.0,81.0,250.0,1.0
SCN_009,39,1.2667,cand_002,139,167,10,10,144.0,172.0,81.0,250.0,1.0
SCN_009,40,1.3,cand_001,140,167,10,10,145.0,172.0,81.0,250.0,1.0
SCN_009,40,1.3,cand_002,451,274,10,10,456.0,279.0,81.0,250.0,1.0
SCN_009,41,1.3333,cand_001,140,167,10,10,145.0,172.0,81.0,250.0,1.0
SCN_009,41,1.3333,cand_002,450,275,10,10,455.0,280.0,81.0,250.0,1.0
SCN_009,42,1.3667,cand_001,450,276,10,10,455.0,281.0,81.0,250.0,1.0
SCN_009,42,1.3667,cand_002,141,168,10,10,146.0,173.0,81.0,250.0,1.0
SCN_009,43,1.4,cand_001,141,168,10,10,146.0,173.0,81.0,250.0,1.0
SCN_009,43,1.4,cand_002,450,277,10,10,455.0,282.0,81.0,250.0,1.0
SCN_009,44,1.4333,cand_001,449,278,10,10,454.0,283.0,81.0,250.0,1.0
SCN_009,44,1.4333,cand_002,142,168,10,10,147.0,173.0,81.0,250.0,1.0
SCN_009,45,1.4667,cand_001,449,279,10,10,454.0,284.0,81.0,250.0,1.0
SCN_009,45,1.4667,cand_002,143,168,10,10,148.0,173.0,81.0,250.0,1.0
SCN_009,46,1.5,cand_001,449,280,10,10,454.0,285.0,81.0,250.0,1.0
SCN_009,46,1.5,cand_002,143,169,10,10,148.0,174.0,81.0,250.0,1.0
SCN_009,47,1.5333,cand_001,144,169,10,10,149.0,174.0,81.0,250.0,1.0
SCN_009,47,1.5333,cand_002,449,281,10,10,454.0,286.0,81.0,250.0,1.0
SCN_009,48,1.5667,cand_001,448,282,10,10,453.0,287.0,81.0,250.0,1.0
SCN_009,48,1.5667,cand_002,144,169,10,10,149.0,174.0,81.0,250.0,1.0
SCN_009,49,1.6,cand_001,448,283,10,10,453.0,288.0,81.0,250.0,1.0
SCN_009,49,1.6,cand_002,145,170,10,10,150.0,175.0,81.0,250.0,1.0
SCN_009,50,1.6333,cand_001,448,284,10,10,453.0,289.0,81.0,250.0,1.0
SCN_009,50,1.6333,cand_002,146,170,10,10,151.0,175.0,81.0,250.0,1.0
SCN_009,51,1.6667,cand_001,447,285,10,10,452.0,290.0,81.0,250.0,1.0
SCN_009,51,1.6667,cand_002,146,170,10,10,151.0,175.0,81.0,250.0,1.0
SCN_009,52,1.7,cand_001,447,286,10,10,452.0,291.0,81.0,250.0,1.0
SCN_009,52,1.7,cand_002,147,170,10,10,152.0,175.0,81.0,250.0,1.0
SCN_009,53,1.7333,cand_001,147,171,10,10,152.0,176.0,81.0,250.0,1.0
SCN_009,53,1.7333,cand_002,446,287,10,10,451.0,292.0,81.0,250.0,1.0
SCN_009,54,1.7667,cand_001,446,288,10,10,451.0,293.0,81.0,250.0,1.0
SCN_009,54,1.7667,cand_002,148,171,10,10,153.0,176.0,81.0,250.0,1.0
SCN_009,55,1.8,cand_001,446,289,10,10,451.0,294.0,81.0,250.0,1.0
SCN_009,55,1.8,cand_002,149,171,10,10,154.0,176.0,81.0,250.0,1.0
SCN_009,56,1.8333,cand_001,445,290,10,10,450.0,295.0,81.0,250.0,1.0
SCN_009,56,1.8333,cand_002,149,171,10,10,154.0,176.0,81.0,250.0,1.0
SCN_009,57,1.8667,cand_001,445,291,10,10,450.0,296.0,81.0,250.0,1.0
SCN_009,57,1.8667,cand_002,150,172,10,10,155.0,177.0,81.0,250.0,1.0
SCN_009,58,1.9,cand_001,445,291,10,10,450.0,296.0,81.0,250.0,1.0
SCN_009,58,1.9,cand_002,150,172,10,10,155.0,177.0,81.0,250.0,1.0
SCN_009,59,1.9333,cand_001,444,292,10,10,449.0,297.0,81.0,250.0,1.0
SCN_009,59,1.9333,cand_002,151,172,10,10,156.0,177.0,81.0,250.0,1.0
SCN_009,60,1.9667,cand_001,444,293,10,10,449.0,298.0,81.0,250.0,1.0
SCN_009,60,1.9667,cand_002,152,173,10,10,157.0,178.0,81.0,250.0,1.0
SCN_009,61,2.0,cand_001,443,294,10,10,448.0,299.0,81.0,250.0,1.0
SCN_009,61,2.0,cand_002,152,173,10,10,157.0,178.0,81.0,250.0,1.0
SCN_009,62,2.0333,cand_001,443,295,10,10,448.0,300.0,81.0,250.0,1.0
SCN_009,62,2.0333,cand_002,153,173,10,10,158.0,178.0,81.0,250.0,1.0
SCN_009,63,2.0667,cand_001,153,173,10,10,158.0,178.0,81.0,250.0,1.0
SCN_009,63,2.0667,cand_002,442,296,10,10,447.0,301.0,81.0,250.0,1.0
SCN_009,64,2.1,cand_001,154,174,10,10,159.0,179.0,81.0,250.0,1.0
SCN_009,64,2.1,cand_002,442,297,10,10,447.0,302.0,81.0,250.0,1.0
SCN_009,65,2.1333,cand_001,155,174,10,10,160.0,179.0,81.0,250.0,1.0
SCN_009,65,2.1333,cand_002,442,298,10,10,447.0,303.0,81.0,250.0,1.0
SCN_009,66,2.1667,cand_001,155,174,10,10,160.0,179.0,81.0,250.0,1.0
SCN_009,66,2.1667,cand_002,441,299,10,10,446.0,304.0,81.0,250.0,1.0
SCN_009,67,2.2,cand_001,441,300,10,10,446.0,305.0,81.0,250.0,1.0
SCN_009,67,2.2,cand_002,156,175,10,10,161.0,180.0,81.0,250.0,1.0
SCN_009,68,2.2333,cand_001,440,300,10,10,445.0,305.0,81.0,250.0,1.0
SCN_009,68,2.2333,cand_002,156,175,10,10,161.0,180.0,81.0,250.0,1.0
SCN_009,69,2.2667,cand_001,157,175,10,10,162.0,180.0,81.0,250.0,1.0
SCN_009,69,2.2667,cand_002,440,301,10,10,445.0,306.0,81.0,250.0,1.0
SCN_009,70,2.3,cand_001,439,302,10,10,444.0,307.0,81.0,250.0,1.0
SCN_009,70,2.3,cand_002,158,175,10,10,163.0,180.0,81.0,250.0,1.0
SCN_009,71,2.3333,cand_001,439,303,10,10,444.0,308.0,81.0,250.0,1.0
SCN_009,71,2.3333,cand_002,158,176,10,10,163.0,181.0,81.0,250.0,1.0
SCN_009,72,2.3667,cand_001,159,176,10,10,164.0,181.0,81.0,250.0,1.0
SCN_009,72,2.3667,cand_002,438,304,10,10,443.0,309.0,81.0,250.0,1.0
SCN_009,73,2.4,cand_001,160,176,10,10,165.0,181.0,81.0,250.0,1.0
SCN_009,73,2.4,cand_002,438,305,10,10,443.0,310.0,81.0,250.0,1.0
SCN_009,74,2.4333,cand_001,160,177,10,10,165.0,182.0,81.0,250.0,1.0
SCN_009,74,2.4333,cand_002,437,306,10,10,442.0,311.0,81.0,250.0,1.0
SCN_009,75,2.4667,cand_001,437,307,10,10,442.0,312.0,81.0,250.0,1.0
SCN_009,75,2.4667,cand_002,161,177,10,10,166.0,182.0,81.0,250.0,1.0
SCN_009,76,2.5,cand_001,436,307,10,10,441.0,312.0,81.0,250.0,1.0
SCN_009,76,2.5,cand_002,161,177,10,10,166.0,182.0,81.0,250.0,1.0
SCN_009,77,2.5333,cand_001,436,308,10,10,441.0,313.0,81.0,250.0,1.0
SCN_009,77,2.5333,cand_002,162,177,10,10,167.0,182.0,81.0,250.0,1.0
SCN_009,78,2.5667,cand_001,435,309,10,10,440.0,314.0,81.0,250.0,1.0
SCN_009,78,2.5667,cand_002,163,178,10,10,168.0,183.0,81.0,250.0,1.0
SCN_009,79,2.6,cand_001,435,310,10,10,440.0,315.0,81.0,250.0,1.0
SCN_009,79,2.6,cand_002,163,178,10,10,168.0,183.0,81.0,250.0,1.0
SCN_009,80,2.6333,cand_001,164,178,10,10,169.0,183.0,81.0,250.0,1.0
SCN_009,80,2.6333,cand_002,434,311,10,10,439.0,316.0,81.0,250.0,1.0
SCN_009,81,2.6667,cand_001,434,312,10,10,439.0,317.0,81.0,250.0,1.0
SCN_009,81,2.6667,cand_002,164,179,10,10,169.0,184.0,81.0,250.0,1.0
SCN_009,82,2.7,cand_001,433,313,10,10,438.0,318.0,81.0,250.0,1.0
SCN_009,82,2.7,cand_002,165,179,10,10,170.0,184.0,81.0,250.0,1.0
SCN_009,83,2.7333,cand_001,433,313,10,10,438.0,318.0,81.0,250.0,1.0
SCN_009,83,2.7333,cand_002,166,179,10,10,171.0,184.0,81.0,250.0,1.0
SCN_009,84,2.7667,cand_001,432,314,10,10,437.0,319.0,81.0,250.0,1.0
SCN_009,84,2.7667,cand_002,166,179,10,10,171.0,184.0,81.0,250.0,1.0
SCN_009,85,2.8,cand_001,167,180,10,10,172.0,185.0,81.0,250.0,1.0
SCN_009,85,2.8,cand_002,432,315,10,10,437.0,320.0,81.0,250.0,1.0
SCN_009,86,2.8333,cand_001,167,180,10,10,172.0,185.0,81.0,250.0,1.0
SCN_009,86,2.8333,cand_002,431,316,10,10,436.0,321.0,81.0,250.0,1.0
SCN_009,87,2.8667,cand_001,168,180,10,10,173.0,185.0,81.0,250.0,1.0
SCN_009,87,2.8667,cand_002,430,317,10,10,435.0,322.0,81.0,250.0,1.0
SCN_009,88,2.9,cand_001,169,181,10,10,174.0,186.0,81.0,250.0,1.0
SCN_009,88,2.9,cand_002,430,318,10,10,435.0,323.0,81.0,250.0,1.0
SCN_009,89,2.9333,cand_001,169,181,10,10,174.0,186.0,81.0,250.0,1.0
SCN_009,89,2.9333,cand_002,429,318,10,10,434.0,323.0,81.0,250.0,1.0
SCN_009,90,2.9667,cand_001,429,319,10,10,434.0,324.0,81.0,250.0,1.0
SCN_009,90,2.9667,cand_002,170,181,10,10,175.0,186.0,81.0,250.0,1.0
SCN_009,91,3.0,cand_001,428,320,10,10,433.0,325.0,81.0,250.0,1.0
SCN_009,91,3.0,cand_002,170,181,10,10,175.0,186.0,81.0,250.0,1.0
SCN_009,92,3.0333,cand_001,427,321,10,10,432.0,326.0,81.0,250.0,1.0
SCN_009,92,3.0333,cand_002,171,182,10,10,176.0,187.0,81.0,250.0,1.0
SCN_009,93,3.0667,cand_001,427,322,10,10,432.0,327.0,81.0,250.0,1.0
SCN_009,93,3.0667,cand_002,172,182,10,10,177.0,187.0,81.0,250.0,1.0
SCN_009,94,3.1,cand_001,426,322,10,10,431.0,327.0,81.0,250.0,1.0
SCN_009,94,3.1,cand_002,172,182,10,10,177.0,187.0,81.0,250.0,1.0
SCN_009,95,3.1333,cand_001,426,323,10,10,431.0,328.0,81.0,250.0,1.0
SCN_009,95,3.1333,cand_002,173,182,10,10,178.0,187.0,81.0,250.0,1.0
SCN_009,96,3.1667,cand_001,425,324,10,10,430.0,329.0,81.0,250.0,1.0
SCN_009,96,3.1667,cand_002,173,183,10,10,178.0,188.0,81.0,250.0,1.0
SCN_009,97,3.2,cand_001,424,325,10,10,429.0,330.0,81.0,250.0,1.0
SCN_009,97,3.2,cand_002,174,183,10,10,179.0,188.0,81.0,250.0,1.0
SCN_009,98,3.2333,cand_001,424,325,10,10,429.0,330.0,81.0,250.0,1.0
SCN_009,98,3.2333,cand_002,175,183,10,10,180.0,188.0,81.0,250.0,1.0
SCN_009,99,3.2667,cand_001,423,326,10,10,428.0,331.0,81.0,250.0,1.0
SCN_009,99,3.2667,cand_002,175,184,10,10,180.0,189.0,81.0,250.0,1.0
SCN_009,100,3.3,cand_001,176,184,10,10,181.0,189.0,81.0,250.0,1.0
SCN_009,100,3.3,cand_002,422,327,10,10,427.0,332.0,81.0,250.0,1.0
SCN_009,101,3.3333,cand_001,422,328,10,10,427.0,333.0,81.0,250.0,1.0
SCN_009,101,3.3333,cand_002,176,184,10,10,181.0,189.0,81.0,250.0,1.0
SCN_009,102,3.3667,cand_001,421,328,10,10,426.0,333.0,81.0,250.0,1.0
SCN_009,102,3.3667,cand_002,177,184,10,10,182.0,189.0,81.0,250.0,1.0
SCN_009,103,3.4,cand_001,420,329,10,10,425.0,334.0,81.0,250.0,1.0
SCN_009,103,3.4,cand_002,178,185,10,10,183.0,190.0,81.0,250.0,1.0
SCN_009,104,3.4333,cand_001,420,330,10,10,425.0,335.0,81.0,250.0,1.0
SCN_009,104,3.4333,cand_002,178,185,10,10,183.0,190.0,81.0,250.0,1.0
SCN_009,105,3.4667,cand_001,179,185,10,10,184.0,190.0,81.0,250.0,1.0
SCN_009,105,3.4667,cand_002,419,331,10,10,424.0,336.0,81.0,250.0,1.0
SCN_009,106,3.5,cand_001,418,331,10,10,423.0,336.0,81.0,250.0,1.0
SCN_009,106,3.5,cand_002,179,186,10,10,184.0,191.0,81.0,250.0,1.0
SCN_009,107,3.5333,cand_001,418,332,10,10,423.0,337.0,81.0,250.0,1.0
SCN_009,107,3.5333,cand_002,180,186,10,10,185.0,191.0,81.0,250.0,1.0
SCN_009,108,3.5667,cand_001,417,333,10,10,422.0,338.0,81.0,250.0,1.0
SCN_009,108,3.5667,cand_002,181,186,10,10,186.0,191.0,81.0,250.0,1.0
SCN_009,109,3.6,cand_001,181,186,10,10,186.0,191.0,81.0,250.0,1.0
SCN_009,109,3.6,cand_002,416,334,10,10,421.0,339.0,81.0,250.0,1.0
SCN_009,110,3.6333,cand_001,416,334,10,10,421.0,339.0,81.0,250.0,1.0
SCN_009,110,3.6333,cand_002,182,187,10,10,187.0,192.0,81.0,250.0,1.0
SCN_009,111,3.6667,cand_001,415,335,10,10,420.0,340.0,81.0,250.0,1.0
SCN_009,111,3.6667,cand_002,182,187,10,10,187.0,192.0,81.0,250.0,1.0
SCN_009,112,3.7,cand_001,414,336,10,10,419.0,341.0,81.0,250.0,1.0
SCN_009,112,3.7,cand_002,183,187,10,10,188.0,192.0,81.0,250.0,1.0
SCN_009,113,3.7333,cand_001,184,188,10,10,189.0,193.0,81.0,250.0,1.0
SCN_009,113,3.7333,cand_002,414,336,10,10,419.0,341.0,81.0,250.0,1.0
SCN_009,114,3.7667,cand_001,413,337,10,10,418.0,342.0,81.0,250.0,1.0
SCN_009,114,3.7667,cand_002,184,188,10,10,189.0,193.0,81.0,250.0,1.0
SCN_009,115,3.8,cand_001,185,188,10,10,190.0,193.0,81.0,250.0,1.0
SCN_009,115,3.8,cand_002,412,338,10,10,417.0,343.0,81.0,250.0,1.0
SCN_009,116,3.8333,cand_001,185,188,10,10,190.0,193.0,81.0,250.0,1.0
SCN_009,116,3.8333,cand_002,411,338,10,10,416.0,343.0,81.0,250.0,1.0
SCN_009,117,3.8667,cand_001,186,189,10,10,191.0,194.0,81.0,250.0,1.0
SCN_009,117,3.8667,cand_002,411,339,10,10,416.0,344.0,81.0,250.0,1.0
SCN_009,118,3.9,cand_001,187,189,10,10,192.0,194.0,81.0,250.0,1.0
SCN_009,118,3.9,cand_002,410,340,10,10,415.0,345.0,81.0,250.0,1.0
SCN_009,119,3.9333,cand_001,409,341,10,10,414.0,346.0,81.0,250.0,1.0
SCN_009,119,3.9333,cand_002,187,189,10,10,192.0,194.0,81.0,250.0,1.0
SCN_009,120,3.9667,cand_001,408,341,10,10,413.0,346.0,81.0,250.0,1.0
SCN_009,120,3.9667,cand_002,188,190,10,10,193.0,195.0,81.0,250.0,1.0
SCN_009,121,4.0,cand_001,408,342,10,10,413.0,347.0,81.0,250.0,1.0
SCN_009,121,4.0,cand_002,189,190,10,10,194.0,195.0,81.0,250.0,1.0
SCN_009,122,4.0333,cand_001,407,342,10,10,412.0,347.0,81.0,250.0,1.0
SCN_009,122,4.0333,cand_002,189,190,10,10,194.0,195.0,81.0,250.0,1.0
SCN_009,123,4.0667,cand_001,190,190,10,10,195.0,195.0,81.0,250.0,1.0
SCN_009,123,4.0667,cand_002,406,343,10,10,411.0,348.0,81.0,250.0,1.0
SCN_009,124,4.1,cand_001,405,344,10,10,410.0,349.0,81.0,250.0,1.0
SCN_009,124,4.1,cand_002,190,191,10,10,195.0,196.0,81.0,250.0,1.0
SCN_009,125,4.1333,cand_001,405,344,10,10,410.0,349.0,81.0,250.0,1.0
SCN_009,125,4.1333,cand_002,191,191,10,10,196.0,196.0,81.0,250.0,1.0
SCN_009,126,4.1667,cand_001,404,345,10,10,409.0,350.0,81.0,250.0,1.0
SCN_009,126,4.1667,cand_002,192,191,10,10,197.0,196.0,81.0,250.0,1.0
SCN_009,127,4.2,cand_001,403,346,10,10,408.0,351.0,81.0,250.0,1.0
SCN_009,127,4.2,cand_002,192,191,10,10,197.0,196.0,81.0,250.0,1.0
SCN_009,128,4.2333,cand_001,402,346,10,10,407.0,351.0,81.0,250.0,1.0
SCN_009,128,4.2333,cand_002,193,192,10,10,198.0,197.0,81.0,250.0,1.0
SCN_009,129,4.2667,cand_001,401,347,10,10,406.0,352.0,81.0,250.0,1.0
SCN_009,129,4.2667,cand_002,193,192,10,10,198.0,197.0,81.0,250.0,1.0
SCN_009,130,4.3,cand_001,401,348,10,10,406.0,353.0,81.0,250.0,1.0
SCN_009,130,4.3,cand_002,194,192,10,10,199.0,197.0,81.0,250.0,1.0
SCN_009,131,4.3333,cand_001,400,348,10,10,405.0,353.0,81.0,250.0,1.0
SCN_009,131,4.3333,cand_002,195,193,10,10,200.0,198.0,81.0,250.0,1.0
SCN_009,132,4.3667,cand_001,399,349,10,10,404.0,354.0,81.0,250.0,1.0
SCN_009,132,4.3667,cand_002,195,193,10,10,200.0,198.0,81.0,250.0,1.0
SCN_009,133,4.4,cand_001,398,349,10,10,403.0,354.0,81.0,250.0,1.0
SCN_009,133,4.4,cand_002,196,193,10,10,201.0,198.0,81.0,250.0,1.0
SCN_009,134,4.4333,cand_001,196,193,10,10,201.0,198.0,81.0,250.0,1.0
SCN_009,134,4.4333,cand_002,397,350,10,10,402.0,355.0,81.0,250.0,1.0
SCN_009,135,4.4667,cand_001,197,194,10,10,202.0,199.0,81.0,250.0,1.0
SCN_009,135,4.4667,cand_002,397,350,10,10,402.0,355.0,81.0,250.0,1.0
SCN_009,136,4.5,cand_001,396,351,10,10,401.0,356.0,81.0,250.0,1.0
SCN_009,136,4.5,cand_002,198,194,10,10,203.0,199.0,81.0,250.0,1.0
SCN_009,137,4.5333,cand_001,198,194,10,10,203.0,199.0,81.0,250.0,1.0
SCN_009,137,4.5333,cand_002,395,352,10,10,400.0,357.0,81.0,250.0,1.0
SCN_009,138,4.5667,cand_001,199,195,10,10,204.0,200.0,81.0,250.0,1.0
SCN_009,138,4.5667,cand_002,394,352,10,10,399.0,357.0,81.0,250.0,1.0
SCN_009,139,4.6,cand_001,199,195,10,10,204.0,200.0,81.0,250.0,1.0
SCN_009,139,4.6,cand_002,393,353,10,10,398.0,358.0,81.0,250.0,1.0
SCN_009,140,4.6333,cand_001,392,353,10,10,397.0,358.0,81.0,250.0,1.0
SCN_009,140,4.6333,cand_002,200,195,10,10,205.0,200.0,81.0,250.0,1.0
SCN_009,141,4.6667,cand_001,392,354,10,10,397.0,359.0,81.0,250.0,1.0
SCN_009,141,4.6667,cand_002,201,195,10,10,206.0,200.0,81.0,250.0,1.0
SCN_009,142,4.7,cand_001,391,354,10,10,396.0,359.0,81.0,250.0,1.0
SCN_009,142,4.7,cand_002,201,196,10,10,206.0,201.0,81.0,250.0,1.0
SCN_009,143,4.7333,cand_001,390,355,10,10,395.0,360.0,81.0,250.0,1.0
SCN_009,143,4.7333,cand_002,202,196,10,10,207.0,201.0,81.0,250.0,1.0
SCN_009,144,4.7667,cand_001,389,355,10,10,394.0,360.0,81.0,250.0,1.0
SCN_009,144,4.7667,cand_002,202,196,10,10,207.0,201.0,81.0,250.0,1.0
SCN_009,145,4.8,cand_001,388,356,10,10,393.0,361.0,81.0,250.0,1.0
SCN_009,145,4.8,cand_002,203,197,10,10,208.0,202.0,81.0,250.0,1.0
SCN_009,146,4.8333,cand_001,387,356,10,10,392.0,361.0,81.0,250.0,1.0
SCN_009,146,4.8333,cand_002,204,197,10,10,209.0,202.0,81.0,250.0,1.0
SCN_009,147,4.8667,cand_001,204,197,10,10,209.0,202.0,81.0,250.0,1.0
SCN_009,147,4.8667,cand_002,387,357,10,10,392.0,362.0,81.0,250.0,1.0
SCN_009,148,4.9,cand_001,205,197,10,10,210.0,202.0,81.0,250.0,1.0
SCN_009,148,4.9,cand_002,386,357,10,10,391.0,362.0,81.0,250.0,1.0
SCN_009,149,4.9333,cand_001,385,358,10,10,390.0,363.0,81.0,250.0,1.0
SCN_009,149,4.9333,cand_002,205,198,10,10,210.0,203.0,81.0,250.0,1.0
SCN_009,150,4.9667,cand_001,384,358,10,10,389.0,363.0,81.0,250.0,1.0
SCN_009,150,4.9667,cand_002,206,198,10,10,211.0,203.0,81.0,250.0,1.0
SCN_009,151,5.0,cand_001,383,359,10,10,388.0,364.0,81.0,250.0,1.0
SCN_009,151,5.0,cand_002,207,198,10,10,212.0,203.0,81.0,250.0,1.0
SCN_009,152,5.0333,cand_001,382,359,10,10,387.0,364.0,81.0,250.0,1.0
SCN_009,152,5.0333,cand_002,207,199,10,10,212.0,204.0,81.0,250.0,1.0
SCN_009,153,5.0667,cand_001,381,360,10,10,386.0,365.0,81.0,250.0,1.0
SCN_009,153,5.0667,cand_002,208,199,10,10,213.0,204.0,81.0,250.0,1.0
SCN_009,154,5.1,cand_001,380,360,10,10,385.0,365.0,81.0,250.0,1.0
SCN_009,154,5.1,cand_002,208,199,10,10,213.0,204.0,81.0,250.0,1.0
SCN_009,155,5.1333,cand_001,380,361,10,10,385.0,366.0,81.0,250.0,1.0
SCN_009,155,5.1333,cand_002,209,199,10,10,214.0,204.0,81.0,250.0,1.0
SCN_009,156,5.1667,cand_001,379,361,10,10,384.0,366.0,81.0,250.0,1.0
SCN_009,156,5.1667,cand_002,210,200,10,10,215.0,205.0,81.0,250.0,1.0
SCN_009,157,5.2,cand_001,210,200,10,10,215.0,205.0,81.0,250.0,1.0
SCN_009,157,5.2,cand_002,378,362,10,10,383.0,367.0,81.0,250.0,1.0
SCN_009,158,5.2333,cand_001,377,362,10,10,382.0,367.0,81.0,250.0,1.0
SCN_009,158,5.2333,cand_002,211,200,10,10,216.0,205.0,81.0,250.0,1.0
SCN_009,159,5.2667,cand_001,376,363,10,10,381.0,368.0,81.0,250.0,1.0
SCN_009,159,5.2667,cand_002,211,201,10,10,216.0,206.0,81.0,250.0,1.0
SCN_009,160,5.3,cand_001,375,363,10,10,380.0,368.0,81.0,250.0,1.0
SCN_009,160,5.3,cand_002,212,201,10,10,217.0,206.0,81.0,250.0,1.0
SCN_009,161,5.3333,cand_001,374,363,10,10,379.0,368.0,81.0,250.0,1.0
SCN_009,161,5.3333,cand_002,213,201,10,10,218.0,206.0,81.0,250.0,1.0
SCN_009,162,5.3667,cand_001,373,364,10,10,378.0,369.0,81.0,250.0,1.0
SCN_009,162,5.3667,cand_002,213,201,10,10,218.0,206.0,81.0,250.0,1.0
SCN_009,163,5.4,cand_001,372,364,10,10,377.0,369.0,81.0,250.0,1.0
SCN_009,163,5.4,cand_002,214,202,10,10,219.0,207.0,81.0,250.0,1.0
SCN_009,164,5.4333,cand_001,371,365,10,10,376.0,370.0,81.0,250.0,1.0
SCN_009,164,5.4333,cand_002,214,202,10,10,219.0,207.0,81.0,250.0,1.0
SCN_009,165,5.4667,cand_001,370,365,10,10,375.0,370.0,81.0,250.0,1.0
SCN_009,165,5.4667,cand_002,215,202,10,10,220.0,207.0,81.0,250.0,1.0
SCN_009,166,5.5,cand_001,370,365,10,10,375.0,370.0,81.0,250.0,1.0
SCN_009,166,5.5,cand_002,216,202,10,10,221.0,207.0,81.0,250.0,1.0
SCN_009,167,5.5333,cand_001,216,203,10,10,221.0,208.0,81.0,250.0,1.0
SCN_009,167,5.5333,cand_002,369,366,10,10,374.0,371.0,81.0,250.0,1.0
SCN_009,168,5.5667,cand_001,217,203,10,10,222.0,208.0,81.0,250.0,1.0
SCN_009,168,5.5667,cand_002,368,366,10,10,373.0,371.0,81.0,250.0,1.0
SCN_009,169,5.6,cand_001,218,203,10,10,223.0,208.0,81.0,250.0,1.0
SCN_009,169,5.6,cand_002,367,366,10,10,372.0,371.0,81.0,250.0,1.0
SCN_009,170,5.6333,cand_001,366,367,10,10,371.0,372.0,81.0,250.0,1.0
SCN_009,170,5.6333,cand_002,218,204,10,10,223.0,209.0,81.0,250.0,1.0
SCN_009,171,5.6667,cand_001,219,204,10,10,224.0,209.0,81.0,250.0,1.0
SCN_009,171,5.6667,cand_002,365,367,10,10,370.0,372.0,81.0,250.0,1.0
SCN_009,172,5.7,cand_001,219,204,10,10,224.0,209.0,81.0,250.0,1.0
SCN_009,172,5.7,cand_002,364,368,10,10,369.0,373.0,81.0,250.0,1.0
SCN_009,173,5.7333,cand_001,220,204,10,10,225.0,209.0,81.0,250.0,1.0
SCN_009,173,5.7333,cand_002,363,368,10,10,368.0,373.0,81.0,250.0,1.0
SCN_009,174,5.7667,cand_001,221,205,10,10,226.0,210.0,81.0,250.0,1.0
SCN_009,174,5.7667,cand_002,362,368,10,10,367.0,373.0,81.0,250.0,1.0
SCN_009,175,5.8,cand_001,221,205,10,10,226.0,210.0,81.0,250.0,1.0
SCN_009,175,5.8,cand_002,361,369,10,10,366.0,374.0,81.0,250.0,1.0
SCN_009,176,5.8333,cand_001,222,205,10,10,227.0,210.0,81.0,250.0,1.0
SCN_009,176,5.8333,cand_002,360,369,10,10,365.0,374.0,81.0,250.0,1.0
SCN_009,177,5.8667,cand_001,222,206,10,10,227.0,211.0,81.0,250.0,1.0
SCN_009,177,5.8667,cand_002,359,369,10,10,364.0,374.0,81.0,250.0,1.0
SCN_009,178,5.9,cand_001,223,206,10,10,228.0,211.0,81.0,250.0,1.0
SCN_009,178,5.9,cand_002,358,369,10,10,363.0,374.0,81.0,250.0,1.0
SCN_009,179,5.9333,cand_001,357,370,10,10,362.0,375.0,81.0,250.0,1.0
SCN_009,179,5.9333,cand_002,224,206,10,10,229.0,211.0,81.0,250.0,1.0
SCN_009,180,5.9667,cand_001,356,370,10,10,361.0,375.0,81.0,250.0,1.0
SCN_009,180,5.9667,cand_002,224,206,10,10,229.0,211.0,81.0,250.0,1.0
SCN_009,181,6.0,cand_001,355,370,10,10,360.0,375.0,81.0,250.0,1.0
SCN_009,181,6.0,cand_002,225,207,10,10,230.0,212.0,81.0,250.0,1.0
SCN_009,182,6.0333,cand_001,225,207,10,10,230.0,212.0,81.0,250.0,1.0
SCN_009,182,6.0333,cand_002,354,371,10,10,359.0,376.0,81.0,250.0,1.0
SCN_009,183,6.0667,cand_001,353,371,10,10,358.0,376.0,81.0,250.0,1.0
SCN_009,183,6.0667,cand_002,226,207,10,10,231.0,212.0,81.0,250.0,1.0
SCN_009,184,6.1,cand_001,227,208,10,10,232.0,213.0,81.0,250.0,1.0
SCN_009,184,6.1,cand_002,352,371,10,10,357.0,376.0,81.0,250.0,1.0
SCN_009,185,6.1333,cand_001,227,208,10,10,232.0,213.0,81.0,250.0,1.0
SCN_009,185,6.1333,cand_002,352,371,10,10,357.0,376.0,81.0,250.0,1.0
SCN_009,186,6.1667,cand_001,351,372,10,10,356.0,377.0,81.0,250.0,1.0
SCN_009,186,6.1667,cand_002,228,208,10,10,233.0,213.0,81.0,250.0,1.0
SCN_009,187,6.2,cand_001,228,208,10,10,233.0,213.0,81.0,250.0,1.0
SCN_009,187,6.2,cand_002,350,372,10,10,355.0,377.0,81.0,250.0,1.0
SCN_009,188,6.2333,cand_001,229,209,10,10,234.0,214.0,81.0,250.0,1.0
SCN_009,188,6.2333,cand_002,349,372,10,10,354.0,377.0,81.0,250.0,1.0
SCN_009,189,6.2667,cand_001,230,209,10,10,235.0,214.0,81.0,250.0,1.0
SCN_009,189,6.2667,cand_002,348,372,10,10,353.0,377.0,81.0,250.0,1.0
SCN_009,190,6.3,cand_001,230,209,10,10,235.0,214.0,81.0,250.0,1.0
SCN_009,190,6.3,cand_002,347,373,10,10,352.0,378.0,81.0,250.0,1.0
SCN_009,191,6.3333,cand_001,346,373,10,10,351.0,378.0,81.0,250.0,1.0
SCN_009,191,6.3333,cand_002,231,210,10,10,236.0,215.0,81.0,250.0,1.0
SCN_009,192,6.3667,cand_001,345,373,10,10,350.0,378.0,81.0,250.0,1.0
SCN_009,192,6.3667,cand_002,231,210,10,10,236.0,215.0,81.0,250.0,1.0
SCN_009,193,6.4,cand_001,344,373,10,10,349.0,378.0,81.0,250.0,1.0
SCN_009,193,6.4,cand_002,232,210,10,10,237.0,215.0,81.0,250.0,1.0
SCN_009,194,6.4333,cand_001,343,373,10,10,348.0,378.0,81.0,250.0,1.0
SCN_009,194,6.4333,cand_002,233,210,10,10,238.0,215.0,81.0,250.0,1.0
SCN_009,195,6.4667,cand_001,233,211,10,10,238.0,216.0,81.0,250.0,1.0
SCN_009,195,6.4667,cand_002,342,374,10,10,347.0,379.0,81.0,250.0,1.0
SCN_009,196,6.5,cand_001,341,374,10,10,346.0,379.0,81.0,250.0,1.0
SCN_009,196,6.5,cand_002,234,211,10,10,239.0,216.0,81.0,250.0,1.0
SCN_009,197,6.5333,cand_001,234,211,10,10,239.0,216.0,81.0,250.0,1.0
SCN_009,197,6.5333,cand_002,340,374,10,10,345.0,379.0,81.0,250.0,1.0
SCN_009,198,6.5667,cand_001,339,374,10,10,344.0,379.0,81.0,250.0,1.0
SCN_009,198,6.5667,cand_002,235,212,10,10,240.0,217.0,81.0,250.0,1.0
SCN_009,199,6.6,cand_001,338,374,10,10,343.0,379.0,81.0,250.0,1.0
SCN_009,199,6.6,cand_002,236,212,10,10,241.0,217.0,81.0,250.0,1.0
SCN_009,200,6.6333,cand_001,337,374,10,10,342.0,379.0,81.0,250.0,1.0
SCN_009,200,6.6333,cand_002,236,212,10,10,241.0,217.0,81.0,250.0,1.0
SCN_009,201,6.6667,cand_001,336,375,10,10,341.0,380.0,81.0,250.0,1.0
SCN_009,201,6.6667,cand_002,237,212,10,10,242.0,217.0,81.0,250.0,1.0
SCN_009,202,6.7,cand_001,237,213,10,10,242.0,218.0,81.0,250.0,1.0
SCN_009,202,6.7,cand_002,335,375,10,10,340.0,380.0,81.0,250.0,1.0
SCN_009,203,6.7333,cand_001,334,375,10,10,339.0,380.0,81.0,250.0,1.0
SCN_009,203,6.7333,cand_002,238,213,10,10,243.0,218.0,81.0,250.0,1.0
SCN_009,204,6.7667,cand_001,333,375,10,10,338.0,380.0,81.0,250.0,1.0
SCN_009,204,6.7667,cand_002,239,213,10,10,244.0,218.0,81.0,250.0,1.0
SCN_009,205,6.8,cand_001,332,375,10,10,337.0,380.0,81.0,250.0,1.0
SCN_009,205,6.8,cand_002,239,213,10,10,244.0,218.0,81.0,250.0,1.0
SCN_009,206,6.8333,cand_001,331,375,10,10,336.0,380.0,81.0,250.0,1.0
SCN_009,206,6.8333,cand_002,240,214,10,10,245.0,219.0,81.0,250.0,1.0
SCN_009,207,6.8667,cand_001,240,214,10,10,245.0,219.0,81.0,250.0,1.0
SCN_009,207,6.8667,cand_002,330,375,10,10,335.0,380.0,81.0,250.0,1.0
SCN_009,208,6.9,cand_001,329,375,10,10,334.0,380.0,81.0,250.0,1.0
SCN_009,208,6.9,cand_002,241,214,10,10,246.0,219.0,81.0,250.0,1.0
SCN_009,209,6.9333,cand_001,328,375,10,10,333.0,380.0,81.0,250.0,1.0
SCN_009,209,6.9333,cand_002,242,215,10,10,247.0,220.0,81.0,250.0,1.0
SCN_009,210,6.9667,cand_001,327,376,10,10,332.0,381.0,81.0,250.0,1.0
SCN_009,210,6.9667,cand_002,242,215,10,10,247.0,220.0,81.0,250.0,1.0
SCN_009,211,7.0,cand_001,326,376,10,10,331.0,381.0,81.0,250.0,1.0
SCN_009,211,7.0,cand_002,243,215,10,10,248.0,220.0,81.0,250.0,1.0
SCN_009,212,7.0333,cand_001,325,376,10,10,330.0,381.0,81.0,250.0,1.0
SCN_009,212,7.0333,cand_002,243,215,10,10,248.0,220.0,81.0,250.0,1.0
SCN_009,213,7.0667,cand_001,244,216,10,10,249.0,221.0,81.0,250.0,1.0
SCN_009,213,7.0667,cand_002,324,376,10,10,329.0,381.0,81.0,250.0,1.0
SCN_009,214,7.1,cand_001,323,376,10,10,328.0,381.0,81.0,250.0,1.0
SCN_009,214,7.1,cand_002,245,216,10,10,250.0,221.0,81.0,250.0,1.0
SCN_009,215,7.1333,cand_001,322,376,10,10,327.0,381.0,81.0,250.0,1.0
SCN_009,215,7.1333,cand_002,245,216,10,10,250.0,221.0,81.0,250.0,1.0
SCN_009,216,7.1667,cand_001,321,376,10,10,326.0,381.0,81.0,250.0,1.0
SCN_009,216,7.1667,cand_002,246,217,10,10,251.0,222.0,81.0,250.0,1.0
SCN_009,217,7.2,cand_001,247,217,10,10,252.0,222.0,81.0,250.0,1.0
SCN_009,217,7.2,cand_002,320,376,10,10,325.0,381.0,81.0,250.0,1.0
SCN_009,218,7.2333,cand_001,247,217,10,10,252.0,222.0,81.0,250.0,1.0
SCN_009,218,7.2333,cand_002,319,376,10,10,324.0,381.0,81.0,250.0,1.0
SCN_009,219,7.2667,cand_001,248,217,10,10,253.0,222.0,81.0,250.0,1.0
SCN_009,219,7.2667,cand_002,318,376,10,10,323.0,381.0,81.0,250.0,1.0
SCN_009,220,7.3,cand_001,248,218,10,10,253.0,223.0,81.0,250.0,1.0
SCN_009,220,7.3,cand_002,317,376,10,10,322.0,381.0,81.0,250.0,1.0
SCN_009,221,7.3333,cand_001,316,376,10,10,321.0,381.0,81.0,250.0,1.0
SCN_009,221,7.3333,cand_002,249,218,10,10,254.0,223.0,81.0,250.0,1.0
SCN_009,222,7.3667,cand_001,315,376,10,10,320.0,381.0,81.0,250.0,1.0
SCN_009,222,7.3667,cand_002,250,218,10,10,255.0,223.0,81.0,250.0,1.0
SCN_009,223,7.4,cand_001,314,376,10,10,319.0,381.0,81.0,250.0,1.0
SCN_009,223,7.4,cand_002,250,219,10,10,255.0,224.0,81.0,250.0,1.0
SCN_009,224,7.4333,cand_001,313,376,10,10,318.0,381.0,81.0,250.0,1.0
SCN_009,224,7.4333,cand_002,251,219,10,10,256.0,224.0,81.0,250.0,1.0
SCN_009,225,7.4667,cand_001,251,219,10,10,256.0,224.0,81.0,250.0,1.0
SCN_009,225,7.4667,cand_002,312,376,10,10,317.0,381.0,81.0,250.0,1.0
SCN_009,226,7.5,cand_001,311,376,10,10,316.0,381.0,81.0,250.0,1.0
SCN_009,226,7.5,cand_002,252,219,10,10,257.0,224.0,81.0,250.0,1.0
SCN_009,227,7.5333,cand_001,310,376,10,10,315.0,381.0,81.0,250.0,1.0
SCN_009,227,7.5333,cand_002,253,220,10,10,258.0,225.0,81.0,250.0,1.0
SCN_009,228,7.5667,cand_001,309,376,10,10,314.0,381.0,81.0,250.0,1.0
SCN_009,228,7.5667,cand_002,253,220,10,10,258.0,225.0,81.0,250.0,1.0
SCN_009,229,7.6,cand_001,308,376,10,10,313.0,381.0,81.0,250.0,1.0
SCN_009,229,7.6,cand_002,254,220,10,10,259.0,225.0,81.0,250.0,1.0
SCN_009,230,7.6333,cand_001,307,376,10,10,312.0,381.0,81.0,250.0,1.0
SCN_009,230,7.6333,cand_002,254,221,10,10,259.0,226.0,81.0,250.0,1.0
SCN_009,231,7.6667,cand_001,255,221,10,10,260.0,226.0,81.0,250.0,1.0
SCN_009,231,7.6667,cand_002,306,376,10,10,311.0,381.0,81.0,250.0,1.0
SCN_009,232,7.7,cand_001,305,376,10,10,310.0,381.0,81.0,250.0,1.0
SCN_009,232,7.7,cand_002,256,221,10,10,261.0,226.0,81.0,250.0,1.0
SCN_009,233,7.7333,cand_001,304,375,10,10,309.0,380.0,81.0,250.0,1.0
SCN_009,233,7.7333,cand_002,256,221,10,10,261.0,226.0,81.0,250.0,1.0
SCN_009,234,7.7667,cand_001,257,222,10,10,262.0,227.0,81.0,250.0,1.0
SCN_009,234,7.7667,cand_002,303,375,10,10,308.0,380.0,81.0,250.0,1.0
SCN_009,235,7.8,cand_001,257,222,10,10,262.0,227.0,81.0,250.0,1.0
SCN_009,235,7.8,cand_002,302,375,10,10,307.0,380.0,81.0,250.0,1.0
SCN_009,236,7.8333,cand_001,301,375,10,10,306.0,380.0,81.0,250.0,1.0
SCN_009,236,7.8333,cand_002,258,222,10,10,263.0,227.0,81.0,250.0,1.0
SCN_009,237,7.8667,cand_001,259,222,10,10,264.0,227.0,81.0,250.0,1.0
SCN_009,237,7.8667,cand_002,300,375,10,10,305.0,380.0,81.0,250.0,1.0
SCN_009,238,7.9,cand_001,259,223,10,10,264.0,228.0,81.0,250.0,1.0
SCN_009,238,7.9,cand_002,299,375,10,10,304.0,380.0,81.0,250.0,1.0
SCN_009,239,7.9333,cand_001,298,375,10,10,303.0,380.0,81.0,250.0,1.0
SCN_009,239,7.9333,cand_002,260,223,10,10,265.0,228.0,81.0,250.0,1.0
SCN_009,240,7.9667,cand_001,297,375,10,10,302.0,380.0,81.0,250.0,1.0
SCN_009,240,7.9667,cand_002,260,223,10,10,265.0,228.0,81.0,250.0,1.0
SCN_009,241,8.0,cand_001,296,375,10,10,301.0,380.0,81.0,250.0,1.0
SCN_009,241,8.0,cand_002,261,224,10,10,266.0,229.0,81.0,250.0,1.0
SCN_009,242,8.0333,cand_001,295,374,10,10,300.0,379.0,81.0,250.0,1.0
SCN_009,242,8.0333,cand_002,262,224,10,10,267.0,229.0,81.0,250.0,1.0
SCN_009,243,8.0667,cand_001,294,374,10,10,299.0,379.0,81.0,250.0,1.0
SCN_009,243,8.0667,cand_002,262,224,10,10,267.0,229.0,81.0,250.0,1.0
SCN_009,244,8.1,cand_001,293,374,10,10,298.0,379.0,81.0,250.0,1.0
SCN_009,244,8.1,cand_002,263,224,10,10,268.0,229.0,81.0,250.0,1.0
SCN_009,245,8.1333,cand_001,292,374,10,10,297.0,379.0,81.0,250.0,1.0
SCN_009,245,8.1333,cand_002,263,225,10,10,268.0,230.0,81.0,250.0,1.0
SCN_009,246,8.1667,cand_001,291,374,10,10,296.0,379.0,81.0,250.0,1.0
SCN_009,246,8.1667,cand_002,264,225,10,10,269.0,230.0,81.0,250.0,1.0
SCN_009,247,8.2,cand_001,265,225,10,10,270.0,230.0,81.0,250.0,1.0
SCN_009,247,8.2,cand_002,290,374,10,10,295.0,379.0,81.0,250.0,1.0
SCN_009,248,8.2333,cand_001,289,373,10,10,294.0,378.0,81.0,250.0,1.0
SCN_009,248,8.2333,cand_002,265,226,10,10,270.0,231.0,81.0,250.0,1.0
SCN_009,249,8.2667,cand_001,288,373,10,10,293.0,378.0,81.0,250.0,1.0
SCN_009,249,8.2667,cand_002,266,226,10,10,271.0,231.0,81.0,250.0,1.0
SCN_009,250,8.3,cand_001,287,373,10,10,292.0,378.0,81.0,250.0,1.0
SCN_009,250,8.3,cand_002,266,226,10,10,271.0,231.0,81.0,250.0,1.0
SCN_009,251,8.3333,cand_001,286,373,10,10,291.0,378.0,81.0,250.0,1.0
SCN_009,251,8.3333,cand_002,267,226,10,10,272.0,231.0,81.0,250.0,1.0
SCN_009,252,8.3667,cand_001,268,227,10,10,273.0,232.0,81.0,250.0,1.0
SCN_009,252,8.3667,cand_002,285,373,10,10,290.0,378.0,81.0,250.0,1.0
SCN_009,253,8.4,cand_001,268,227,10,10,273.0,232.0,81.0,250.0,1.0
SCN_009,253,8.4,cand_002,284,372,10,10,289.0,377.0,81.0,250.0,1.0
SCN_009,254,8.4333,cand_001,269,227,10,10,274.0,232.0,81.0,250.0,1.0
SCN_009,254,8.4333,cand_002,283,372,10,10,288.0,377.0,81.0,250.0,1.0
SCN_009,255,8.4667,cand_001,269,228,10,10,274.0,233.0,81.0,250.0,1.0
SCN_009,255,8.4667,cand_002,282,372,10,10,287.0,377.0,81.0,250.0,1.0
SCN_009,256,8.5,cand_001,270,228,10,10,275.0,233.0,81.0,250.0,1.0
SCN_009,256,8.5,cand_002,281,372,10,10,286.0,377.0,81.0,250.0,1.0
SCN_009,257,8.5333,cand_001,271,228,10,10,276.0,233.0,81.0,250.0,1.0
SCN_009,257,8.5333,cand_002,280,371,10,10,285.0,376.0,81.0,250.0,1.0
SCN_009,258,8.5667,cand_001,271,228,10,10,276.0,233.0,81.0,250.0,1.0
SCN_009,258,8.5667,cand_002,279,371,10,10,284.0,376.0,81.0,250.0,1.0
SCN_009,259,8.6,cand_001,278,371,10,10,283.0,376.0,81.0,250.0,1.0
SCN_009,259,8.6,cand_002,272,229,10,10,277.0,234.0,81.0,250.0,1.0
SCN_009,260,8.6333,cand_001,277,371,10,10,282.0,376.0,81.0,250.0,1.0
SCN_009,260,8.6333,cand_002,272,229,10,10,277.0,234.0,81.0,250.0,1.0
SCN_009,261,8.6667,cand_001,276,370,10,10,281.0,375.0,81.0,250.0,1.0
SCN_009,261,8.6667,cand_002,273,229,10,10,278.0,234.0,81.0,250.0,1.0
SCN_009,262,8.7,cand_001,275,370,10,10,280.0,375.0,81.0,250.0,1.0
SCN_009,262,8.7,cand_002,274,230,10,10,279.0,235.0,81.0,250.0,1.0
SCN_009,263,8.7333,cand_001,275,370,10,10,280.0,375.0,81.0,250.0,1.0
SCN_009,263,8.7333,cand_002,274,230,10,10,279.0,235.0,81.0,250.0,1.0
SCN_009,264,8.7667,cand_001,274,369,10,10,279.0,374.0,81.0,250.0,1.0
SCN_009,264,8.7667,cand_002,275,230,10,10,280.0,235.0,81.0,250.0,1.0
SCN_009,265,8.8,cand_001,273,369,10,10,278.0,374.0,81.0,250.0,1.0
SCN_009,265,8.8,cand_002,276,230,10,10,281.0,235.0,81.0,250.0,1.0
SCN_009,266,8.8333,cand_001,272,369,10,10,277.0,374.0,81.0,250.0,1.0
SCN_009,266,8.8333,cand_002,276,231,10,10,281.0,236.0,81.0,250.0,1.0
SCN_009,267,8.8667,cand_001,271,368,10,10,276.0,373.0,81.0,250.0,1.0
SCN_009,267,8.8667,cand_002,277,231,10,10,282.0,236.0,81.0,250.0,1.0
SCN_009,268,8.9,cand_001,270,368,10,10,275.0,373.0,81.0,250.0,1.0
SCN_009,268,8.9,cand_002,277,231,10,10,282.0,236.0,81.0,250.0,1.0
SCN_009,269,8.9333,cand_001,269,368,10,10,274.0,373.0,81.0,250.0,1.0
SCN_009,269,8.9333,cand_002,278,232,10,10,283.0,237.0,81.0,250.0,1.0
SCN_009,270,8.9667,cand_001,268,367,10,10,273.0,372.0,81.0,250.0,1.0
SCN_009,270,8.9667,cand_002,279,232,10,10,284.0,237.0,81.0,250.0,1.0
SCN_009,271,9.0,cand_001,267,367,10,10,272.0,372.0,81.0,250.0,1.0
SCN_009,271,9.0,cand_002,279,232,10,10,284.0,237.0,81.0,250.0,1.0
SCN_009,272,9.0333,cand_001,266,367,10,10,271.0,372.0,81.0,250.0,1.0
SCN_009,272,9.0333,cand_002,280,232,10,10,285.0,237.0,81.0,250.0,1.0
SCN_009,273,9.0667,cand_001,265,366,10,10,270.0,371.0,81.0,250.0,1.0
SCN_009,273,9.0667,cand_002,280,233,10,10,285.0,238.0,81.0,250.0,1.0
SCN_009,274,9.1,cand_001,264,366,10,10,269.0,371.0,81.0,250.0,1.0
SCN_009,274,9.1,cand_002,281,233,10,10,286.0,238.0,81.0,250.0,1.0
SCN_009,275,9.1333,cand_001,263,366,10,10,268.0,371.0,81.0,250.0,1.0
SCN_009,275,9.1333,cand_002,282,233,10,10,287.0,238.0,81.0,250.0,1.0
SCN_009,276,9.1667,cand_001,262,365,10,10,267.0,370.0,81.0,250.0,1.0
SCN_009,276,9.1667,cand_002,282,233,10,10,287.0,238.0,81.0,250.0,1.0
SCN_009,277,9.2,cand_001,261,365,10,10,266.0,370.0,81.0,250.0,1.0
SCN_009,277,9.2,cand_002,283,234,10,10,288.0,239.0,81.0,250.0,1.0
SCN_009,278,9.2333,cand_001,260,365,10,10,265.0,370.0,81.0,250.0,1.0
SCN_009,278,9.2333,cand_002,283,234,10,10,288.0,239.0,81.0,250.0,1.0
SCN_009,279,9.2667,cand_001,260,364,10,10,265.0,369.0,81.0,250.0,1.0
SCN_009,279,9.2667,cand_002,284,234,10,10,289.0,239.0,81.0,250.0,1.0
SCN_009,280,9.3,cand_001,259,364,10,10,264.0,369.0,81.0,250.0,1.0
SCN_009,280,9.3,cand_002,285,235,10,10,290.0,240.0,81.0,250.0,1.0
SCN_009,281,9.3333,cand_001,258,363,10,10,263.0,368.0,81.0,250.0,1.0
SCN_009,281,9.3333,cand_002,285,235,10,10,290.0,240.0,81.0,250.0,1.0
SCN_009,282,9.3667,cand_001,257,363,10,10,262.0,368.0,81.0,250.0,1.0
SCN_009,282,9.3667,cand_002,286,235,10,10,291.0,240.0,81.0,250.0,1.0
SCN_009,283,9.4,cand_001,256,362,10,10,261.0,367.0,81.0,250.0,1.0
SCN_009,283,9.4,cand_002,286,235,10,10,291.0,240.0,81.0,250.0,1.0
SCN_009,284,9.4333,cand_001,255,362,10,10,260.0,367.0,81.0,250.0,1.0
SCN_009,284,9.4333,cand_002,287,236,10,10,292.0,241.0,81.0,250.0,1.0
SCN_009,285,9.4667,cand_001,254,362,10,10,259.0,367.0,81.0,250.0,1.0
SCN_009,285,9.4667,cand_002,288,236,10,10,293.0,241.0,81.0,250.0,1.0
SCN_009,286,9.5,cand_001,253,361,10,10,258.0,366.0,81.0,250.0,1.0
SCN_009,286,9.5,cand_002,288,236,10,10,293.0,241.0,81.0,250.0,1.0
SCN_009,287,9.5333,cand_001,252,361,10,10,257.0,366.0,81.0,250.0,1.0
SCN_009,287,9.5333,cand_002,289,237,10,10,294.0,242.0,81.0,250.0,1.0
SCN_009,288,9.5667,cand_001,251,360,10,10,256.0,365.0,81.0,250.0,1.0
SCN_009,288,9.5667,cand_002,289,237,10,10,294.0,242.0,81.0,250.0,1.0
SCN_009,289,9.6,cand_001,251,360,10,10,256.0,365.0,81.0,250.0,1.0
SCN_009,289,9.6,cand_002,290,237,10,10,295.0,242.0,81.0,250.0,1.0
SCN_009,290,9.6333,cand_001,250,359,10,10,255.0,364.0,81.0,250.0,1.0
SCN_009,290,9.6333,cand_002,291,237,10,10,296.0,242.0,81.0,250.0,1.0
SCN_009,291,9.6667,cand_001,249,359,10,10,254.0,364.0,81.0,250.0,1.0
SCN_009,291,9.6667,cand_002,291,238,10,10,296.0,243.0,81.0,250.0,1.0
SCN_009,292,9.7,cand_001,248,358,10,10,253.0,363.0,81.0,250.0,1.0
SCN_009,292,9.7,cand_002,292,238,10,10,297.0,243.0,81.0,250.0,1.0
SCN_009,293,9.7333,cand_001,247,358,10,10,252.0,363.0,81.0,250.0,1.0
SCN_009,293,9.7333,cand_002,292,238,10,10,297.0,243.0,81.0,250.0,1.0
SCN_009,294,9.7667,cand_001,246,357,10,10,251.0,362.0,81.0,250.0,1.0
SCN_009,294,9.7667,cand_002,293,239,10,10,298.0,244.0,81.0,250.0,1.0
SCN_009,295,9.8,cand_001,245,357,10,10,250.0,362.0,81.0,250.0,1.0
SCN_009,295,9.8,cand_002,294,239,10,10,299.0,244.0,81.0,250.0,1.0
SCN_009,296,9.8333,cand_001,244,356,10,10,249.0,361.0,81.0,250.0,1.0
SCN_009,296,9.8333,cand_002,294,239,10,10,299.0,244.0,81.0,250.0,1.0
SCN_009,297,9.8667,cand_001,244,356,10,10,249.0,361.0,81.0,250.0,1.0
SCN_009,297,9.8667,cand_002,295,239,10,10,300.0,244.0,81.0,250.0,1.0
SCN_009,298,9.9,cand_001,295,240,10,10,300.0,245.0,81.0,250.0,1.0
SCN_009,298,9.9,cand_002,243,355,10,10,248.0,360.0,81.0,250.0,1.0
SCN_009,299,9.9333,cand_001,242,355,10,10,247.0,360.0,81.0,250.0,1.0
SCN_009,299,9.9333,cand_002,296,240,10,10,301.0,245.0,81.0,250.0,1.0
SCN_009,300,9.9667,cand_001,241,354,10,10,246.0,359.0,81.0,250.0,1.0
SCN_009,300,9.9667,cand_002,297,240,10,10,302.0,245.0,81.0,250.0,1.0
SCN_009,301,10.0,cand_001,240,354,10,10,245.0,359.0,81.0,250.0,1.0
SCN_009,301,10.0,cand_002,297,241,10,10,302.0,246.0,81.0,250.0,1.0
SCN_009,302,10.0333,cand_001,239,353,10,10,244.0,358.0,81.0,250.0,1.0
SCN_009,302,10.0333,cand_002,298,241,10,10,303.0,246.0,81.0,250.0,1.0
SCN_009,303,10.0667,cand_001,239,353,10,10,244.0,358.0,81.0,250.0,1.0
SCN_009,303,10.0667,cand_002,298,241,10,10,303.0,246.0,81.0,250.0,1.0
SCN_009,304,10.1,cand_001,238,352,10,10,243.0,357.0,81.0,250.0,1.0
SCN_009,304,10.1,cand_002,299,241,10,10,304.0,246.0,81.0,250.0,1.0
SCN_009,305,10.1333,cand_001,237,351,10,10,242.0,356.0,81.0,250.0,1.0
SCN_009,305,10.1333,cand_002,300,242,10,10,305.0,247.0,81.0,250.0,1.0
SCN_009,306,10.1667,cand_001,236,351,10,10,241.0,356.0,81.0,250.0,1.0
SCN_009,306,10.1667,cand_002,300,242,10,10,305.0,247.0,81.0,250.0,1.0
SCN_009,307,10.2,cand_001,235,350,10,10,240.0,355.0,81.0,250.0,1.0
SCN_009,307,10.2,cand_002,301,242,10,10,306.0,247.0,81.0,250.0,1.0
SCN_009,308,10.2333,cand_001,234,350,10,10,239.0,355.0,81.0,250.0,1.0
SCN_009,308,10.2333,cand_002,301,242,10,10,306.0,247.0,81.0,250.0,1.0
SCN_009,309,10.2667,cand_001,234,349,10,10,239.0,354.0,81.0,250.0,1.0
SCN_009,309,10.2667,cand_002,302,243,10,10,307.0,248.0,81.0,250.0,1.0
SCN_009,310,10.3,cand_001,233,349,10,10,238.0,354.0,81.0,250.0,1.0
SCN_009,310,10.3,cand_002,303,243,10,10,308.0,248.0,81.0,250.0,1.0
SCN_009,311,10.3333,cand_001,232,348,10,10,237.0,353.0,81.0,250.0,1.0
SCN_009,311,10.3333,cand_002,303,243,10,10,308.0,248.0,81.0,250.0,1.0
SCN_009,312,10.3667,cand_001,231,347,10,10,236.0,352.0,81.0,250.0,1.0
SCN_009,312,10.3667,cand_002,304,244,10,10,309.0,249.0,81.0,250.0,1.0
SCN_009,313,10.4,cand_001,305,244,10,10,310.0,249.0,81.0,250.0,1.0
SCN_009,313,10.4,cand_002,230,347,10,10,235.0,352.0,81.0,250.0,1.0
SCN_009,314,10.4333,cand_001,305,244,10,10,310.0,249.0,81.0,250.0,1.0
SCN_009,314,10.4333,cand_002,230,346,10,10,235.0,351.0,81.0,250.0,1.0
SCN_009,315,10.4667,cand_001,306,244,10,10,311.0,249.0,81.0,250.0,1.0
SCN_009,315,10.4667,cand_002,229,346,10,10,234.0,351.0,81.0,250.0,1.0
SCN_009,316,10.5,cand_001,306,245,10,10,311.0,250.0,81.0,250.0,1.0
SCN_009,316,10.5,cand_002,228,345,10,10,233.0,350.0,81.0,250.0,1.0
SCN_009,317,10.5333,cand_001,307,245,10,10,312.0,250.0,81.0,250.0,1.0
SCN_009,317,10.5333,cand_002,227,344,10,10,232.0,349.0,81.0,250.0,1.0
SCN_009,318,10.5667,cand_001,227,344,10,10,232.0,349.0,81.0,250.0,1.0
SCN_009,318,10.5667,cand_002,308,245,10,10,313.0,250.0,81.0,250.0,1.0
SCN_009,319,10.6,cand_001,226,343,10,10,231.0,348.0,81.0,250.0,1.0
SCN_009,319,10.6,cand_002,308,246,10,10,313.0,251.0,81.0,250.0,1.0
SCN_009,320,10.6333,cand_001,225,342,10,10,230.0,347.0,81.0,250.0,1.0
SCN_009,320,10.6333,cand_002,309,246,10,10,314.0,251.0,81.0,250.0,1.0
SCN_009,321,10.6667,cand_001,224,342,10,10,229.0,347.0,81.0,250.0,1.0
SCN_009,321,10.6667,cand_002,309,246,10,10,314.0,251.0,81.0,250.0,1.0
SCN_009,322,10.7,cand_001,310,246,10,10,315.0,251.0,81.0,250.0,1.0
SCN_009,322,10.7,cand_002,223,341,10,10,228.0,346.0,81.0,250.0,1.0
SCN_009,323,10.7333,cand_001,311,247,10,10,316.0,252.0,81.0,250.0,1.0
SCN_009,323,10.7333,cand_002,223,340,10,10,228.0,345.0,81.0,250.0,1.0
SCN_009,324,10.7667,cand_001,222,340,10,10,227.0,345.0,81.0,250.0,1.0
SCN_009,324,10.7667,cand_002,311,247,10,10,316.0,252.0,81.0,250.0,1.0
SCN_009,325,10.8,cand_001,221,339,10,10,226.0,344.0,81.0,250.0,1.0
SCN_009,325,10.8,cand_002,312,247,10,10,317.0,252.0,81.0,250.0,1.0
SCN_009,326,10.8333,cand_001,312,248,10,10,317.0,253.0,81.0,250.0,1.0
SCN_009,326,10.8333,cand_002,221,338,10,10,226.0,343.0,81.0,250.0,1.0
SCN_009,327,10.8667,cand_001,313,248,10,10,318.0,253.0,81.0,250.0,1.0
SCN_009,327,10.8667,cand_002,220,338,10,10,225.0,343.0,81.0,250.0,1.0
SCN_009,328,10.9,cand_001,219,337,10,10,224.0,342.0,81.0,250.0,1.0
SCN_009,328,10.9,cand_002,314,248,10,10,319.0,253.0,81.0,250.0,1.0
SCN_009,329,10.9333,cand_001,314,248,10,10,319.0,253.0,81.0,250.0,1.0
SCN_009,329,10.9333,cand_002,218,336,10,10,223.0,341.0,81.0,250.0,1.0
SCN_009,330,10.9667,cand_001,315,249,10,10,320.0,254.0,81.0,250.0,1.0
SCN_009,330,10.9667,cand_002,218,336,10,10,223.0,341.0,81.0,250.0,1.0
SCN_009,331,11.0,cand_001,217,335,10,10,222.0,340.0,81.0,250.0,1.0
SCN_009,331,11.0,cand_002,315,249,10,10,320.0,254.0,81.0,250.0,1.0
SCN_009,332,11.0333,cand_001,216,334,10,10,221.0,339.0,81.0,250.0,1.0
SCN_009,332,11.0333,cand_002,316,249,10,10,321.0,254.0,81.0,250.0,1.0
SCN_009,333,11.0667,cand_001,317,250,10,10,322.0,255.0,81.0,250.0,1.0
SCN_009,333,11.0667,cand_002,216,333,10,10,221.0,338.0,81.0,250.0,1.0
SCN_009,334,11.1,cand_001,317,250,10,10,322.0,255.0,81.0,250.0,1.0
SCN_009,334,11.1,cand_002,215,333,10,10,220.0,338.0,81.0,250.0,1.0
SCN_009,335,11.1333,cand_001,214,332,10,10,219.0,337.0,81.0,250.0,1.0
SCN_009,335,11.1333,cand_002,318,250,10,10,323.0,255.0,81.0,250.0,1.0
SCN_009,336,11.1667,cand_001,213,331,10,10,218.0,336.0,81.0,250.0,1.0
SCN_009,336,11.1667,cand_002,318,250,10,10,323.0,255.0,81.0,250.0,1.0
SCN_009,337,11.2,cand_001,213,331,10,10,218.0,336.0,81.0,250.0,1.0
SCN_009,337,11.2,cand_002,319,251,10,10,324.0,256.0,81.0,250.0,1.0
SCN_009,338,11.2333,cand_001,320,251,10,10,325.0,256.0,81.0,250.0,1.0
SCN_009,338,11.2333,cand_002,212,330,10,10,217.0,335.0,81.0,250.0,1.0
SCN_009,339,11.2667,cand_001,320,251,10,10,325.0,256.0,81.0,250.0,1.0
SCN_009,339,11.2667,cand_002,211,329,10,10,216.0,334.0,81.0,250.0,1.0
SCN_009,340,11.3,cand_001,211,328,10,10,216.0,333.0,81.0,250.0,1.0
SCN_009,340,11.3,cand_002,321,252,10,10,326.0,257.0,81.0,250.0,1.0
SCN_009,341,11.3333,cand_001,210,328,10,10,215.0,333.0,81.0,250.0,1.0
SCN_009,341,11.3333,cand_002,321,252,10,10,326.0,257.0,81.0,250.0,1.0
SCN_009,342,11.3667,cand_001,322,252,10,10,327.0,257.0,81.0,250.0,1.0
SCN_009,342,11.3667,cand_002,209,327,10,10,214.0,332.0,81.0,250.0,1.0
SCN_009,343,11.4,cand_001,323,252,10,10,328.0,257.0,81.0,250.0,1.0
SCN_009,343,11.4,cand_002,209,326,10,10,214.0,331.0,81.0,250.0,1.0
SCN_009,344,11.4333,cand_001,323,253,10,10,328.0,258.0,81.0,250.0,1.0
SCN_009,344,11.4333,cand_002,208,325,10,10,213.0,330.0,81.0,250.0,1.0
SCN_009,345,11.4667,cand_001,324,253,10,10,329.0,258.0,81.0,250.0,1.0
SCN_009,345,11.4667,cand_002,208,325,10,10,213.0,330.0,81.0,250.0,1.0
SCN_009,346,11.5,cand_001,324,253,10,10,329.0,258.0,81.0,250.0,1.0
SCN_009,346,11.5,cand_002,207,324,10,10,212.0,329.0,81.0,250.0,1.0
SCN_009,347,11.5333,cand_001,325,253,10,10,330.0,258.0,81.0,250.0,1.0
SCN_009,347,11.5333,cand_002,206,323,10,10,211.0,328.0,81.0,250.0,1.0
SCN_009,348,11.5667,cand_001,206,322,10,10,211.0,327.0,81.0,250.0,1.0
SCN_009,348,11.5667,cand_002,326,254,10,10,331.0,259.0,81.0,250.0,1.0
SCN_009,349,11.6,cand_001,205,321,10,10,210.0,326.0,81.0,250.0,1.0
SCN_009,349,11.6,cand_002,326,254,10,10,331.0,259.0,81.0,250.0,1.0
SCN_009,350,11.6333,cand_001,204,321,10,10,209.0,326.0,81.0,250.0,1.0
SCN_009,350,11.6333,cand_002,327,254,10,10,332.0,259.0,81.0,250.0,1.0
SCN_009,351,11.6667,cand_001,204,320,10,10,209.0,325.0,81.0,250.0,1.0
SCN_009,351,11.6667,cand_002,327,255,10,10,332.0,260.0,81.0,250.0,1.0
SCN_009,352,11.7,cand_001,203,319,10,10,208.0,324.0,81.0,250.0,1.0
SCN_009,352,11.7,cand_002,328,255,10,10,333.0,260.0,81.0,250.0,1.0
SCN_009,353,11.7333,cand_001,329,255,10,10,334.0,260.0,81.0,250.0,1.0
SCN_009,353,11.7333,cand_002,203,318,10,10,208.0,323.0,81.0,250.0,1.0
SCN_009,354,11.7667,cand_001,329,255,10,10,334.0,260.0,81.0,250.0,1.0
SCN_009,354,11.7667,cand_002,202,317,10,10,207.0,322.0,81.0,250.0,1.0
SCN_009,355,11.8,cand_001,201,317,10,10,206.0,322.0,81.0,250.0,1.0
SCN_009,355,11.8,cand_002,330,256,10,10,335.0,261.0,81.0,250.0,1.0
SCN_009,356,11.8333,cand_001,201,316,10,10,206.0,321.0,81.0,250.0,1.0
SCN_009,356,11.8333,cand_002,330,256,10,10,335.0,261.0,81.0,250.0,1.0
SCN_009,357,11.8667,cand_001,200,315,10,10,205.0,320.0,81.0,250.0,1.0
SCN_009,357,11.8667,cand_002,331,256,10,10,336.0,261.0,81.0,250.0,1.0
SCN_009,358,11.9,cand_001,200,314,10,10,205.0,319.0,81.0,250.0,1.0
SCN_009,358,11.9,cand_002,332,257,10,10,337.0,262.0,81.0,250.0,1.0
SCN_009,359,11.9333,cand_001,199,313,10,10,204.0,318.0,81.0,250.0,1.0
SCN_009,359,11.9333,cand_002,332,257,10,10,337.0,262.0,81.0,250.0,1.0
SCN_009,360,11.9667,cand_001,199,312,10,10,204.0,317.0,81.0,250.0,1.0
SCN_009,360,11.9667,cand_002,333,257,10,10,338.0,262.0,81.0,250.0,1.0
SCN_009,361,12.0,cand_001,198,312,10,10,203.0,317.0,81.0,250.0,1.0
SCN_009,361,12.0,cand_002,334,257,10,10,339.0,262.0,81.0,250.0,1.0
SCN_009,362,12.0333,cand_001,198,311,10,10,203.0,316.0,81.0,250.0,1.0
SCN_009,362,12.0333,cand_002,334,258,10,10,339.0,263.0,81.0,250.0,1.0
SCN_009,363,12.0667,cand_001,197,310,10,10,202.0,315.0,81.0,250.0,1.0
SCN_009,363,12.0667,cand_002,335,258,10,10,340.0,263.0,81.0,250.0,1.0
SCN_009,364,12.1,cand_001,197,309,10,10,202.0,314.0,81.0,250.0,1.0
SCN_009,364,12.1,cand_002,335,258,10,10,340.0,263.0,81.0,250.0,1.0
SCN_009,365,12.1333,cand_001,196,308,10,10,201.0,313.0,81.0,250.0,1.0
SCN_009,365,12.1333,cand_002,336,259,10,10,341.0,264.0,81.0,250.0,1.0
SCN_009,366,12.1667,cand_001,196,307,10,10,201.0,312.0,81.0,250.0,1.0
SCN_009,366,12.1667,cand_002,337,259,10,10,342.0,264.0,81.0,250.0,1.0
SCN_009,367,12.2,cand_001,195,306,10,10,200.0,311.0,81.0,250.0,1.0
SCN_009,367,12.2,cand_002,337,259,10,10,342.0,264.0,81.0,250.0,1.0
SCN_009,368,12.2333,cand_001,195,306,10,10,200.0,311.0,81.0,250.0,1.0
SCN_009,368,12.2333,cand_002,338,259,10,10,343.0,264.0,81.0,250.0,1.0
SCN_009,369,12.2667,cand_001,338,260,10,10,343.0,265.0,81.0,250.0,1.0
SCN_009,369,12.2667,cand_002,194,305,10,10,199.0,310.0,81.0,250.0,1.0
SCN_009,370,12.3,cand_001,194,304,10,10,199.0,309.0,81.0,250.0,1.0
SCN_009,370,12.3,cand_002,339,260,10,10,344.0,265.0,81.0,250.0,1.0
SCN_009,371,12.3333,cand_001,340,260,10,10,345.0,265.0,81.0,250.0,1.0
SCN_009,371,12.3333,cand_002,193,303,10,10,198.0,308.0,81.0,250.0,1.0
SCN_009,372,12.3667,cand_001,340,261,10,10,345.0,266.0,81.0,250.0,1.0
SCN_009,372,12.3667,cand_002,193,302,10,10,198.0,307.0,81.0,250.0,1.0
SCN_009,373,12.4,cand_001,341,261,10,10,346.0,266.0,81.0,250.0,1.0
SCN_009,373,12.4,cand_002,192,301,10,10,197.0,306.0,81.0,250.0,1.0
SCN_009,374,12.4333,cand_001,341,261,10,10,346.0,266.0,81.0,250.0,1.0
SCN_009,374,12.4333,cand_002,192,300,10,10,197.0,305.0,81.0,250.0,1.0
SCN_009,375,12.4667,cand_001,191,299,10,10,196.0,304.0,81.0,250.0,1.0
SCN_009,375,12.4667,cand_002,342,261,10,10,347.0,266.0,81.0,250.0,1.0
SCN_009,376,12.5,cand_001,191,299,10,10,196.0,304.0,81.0,250.0,1.0
SCN_009,376,12.5,cand_002,343,262,10,10,348.0,267.0,81.0,250.0,1.0
SCN_009,377,12.5333,cand_001,190,298,10,10,195.0,303.0,81.0,250.0,1.0
SCN_009,377,12.5333,cand_002,343,262,10,10,348.0,267.0,81.0,250.0,1.0
SCN_009,378,12.5667,cand_001,190,297,10,10,195.0,302.0,81.0,250.0,1.0
SCN_009,378,12.5667,cand_002,344,262,10,10,349.0,267.0,81.0,250.0,1.0
SCN_009,379,12.6,cand_001,189,296,10,10,194.0,301.0,81.0,250.0,1.0
SCN_009,379,12.6,cand_002,344,262,10,10,349.0,267.0,81.0,250.0,1.0
SCN_009,380,12.6333,cand_001,189,295,10,10,194.0,300.0,81.0,250.0,1.0
SCN_009,380,12.6333,cand_002,345,263,10,10,350.0,268.0,81.0,250.0,1.0
SCN_009,381,12.6667,cand_001,189,294,10,10,194.0,299.0,81.0,250.0,1.0
SCN_009,381,12.6667,cand_002,346,263,10,10,351.0,268.0,81.0,250.0,1.0
SCN_009,382,12.7,cand_001,188,293,10,10,193.0,298.0,81.0,250.0,1.0
SCN_009,382,12.7,cand_002,346,263,10,10,351.0,268.0,81.0,250.0,1.0
SCN_009,383,12.7333,cand_001,347,264,10,10,352.0,269.0,81.0,250.0,1.0
SCN_009,383,12.7333,cand_002,188,292,10,10,193.0,297.0,81.0,250.0,1.0
SCN_009,384,12.7667,cand_001,347,264,10,10,352.0,269.0,81.0,250.0,1.0
SCN_009,384,12.7667,cand_002,187,291,10,10,192.0,296.0,81.0,250.0,1.0
SCN_009,385,12.8,cand_001,348,264,10,10,353.0,269.0,81.0,250.0,1.0
SCN_009,385,12.8,cand_002,187,290,10,10,192.0,295.0,81.0,250.0,1.0
SCN_009,386,12.8333,cand_001,349,264,10,10,354.0,269.0,81.0,250.0,1.0
SCN_009,386,12.8333,cand_002,187,289,10,10,192.0,294.0,81.0,250.0,1.0
SCN_009,387,12.8667,cand_001,349,265,10,10,354.0,270.0,81.0,250.0,1.0
SCN_009,387,12.8667,cand_002,186,289,10,10,191.0,294.0,81.0,250.0,1.0
SCN_009,388,12.9,cand_001,350,265,10,10,355.0,270.0,81.0,250.0,1.0
SCN_009,388,12.9,cand_002,186,288,10,10,191.0,293.0,81.0,250.0,1.0
SCN_009,389,12.9333,cand_001,350,265,10,10,355.0,270.0,81.0,250.0,1.0
SCN_009,389,12.9333,cand_002,185,287,10,10,190.0,292.0,81.0,250.0,1.0
SCN_009,390,12.9667,cand_001,351,266,10,10,356.0,271.0,81.0,250.0,1.0
SCN_009,390,12.9667,cand_002,185,286,10,10,190.0,291.0,81.0,250.0,1.0
SCN_009,391,13.0,cand_001,352,266,10,10,357.0,271.0,81.0,250.0,1.0
SCN_009,391,13.0,cand_002,185,285,10,10,190.0,290.0,81.0,250.0,1.0
SCN_009,392,13.0333,cand_001,352,266,10,10,357.0,271.0,81.0,250.0,1.0
SCN_009,392,13.0333,cand_002,184,284,10,10,189.0,289.0,81.0,250.0,1.0
SCN_009,393,13.0667,cand_001,353,266,10,10,358.0,271.0,81.0,250.0,1.0
SCN_009,393,13.0667,cand_002,184,283,10,10,189.0,288.0,81.0,250.0,1.0
SCN_009,394,13.1,cand_001,353,267,10,10,358.0,272.0,81.0,250.0,1.0
SCN_009,394,13.1,cand_002,184,282,10,10,189.0,287.0,81.0,250.0,1.0
SCN_009,395,13.1333,cand_001,354,267,10,10,359.0,272.0,81.0,250.0,1.0
SCN_009,395,13.1333,cand_002,183,281,10,10,188.0,286.0,81.0,250.0,1.0
SCN_009,396,13.1667,cand_001,355,267,10,10,360.0,272.0,81.0,250.0,1.0
SCN_009,396,13.1667,cand_002,183,280,10,10,188.0,285.0,81.0,250.0,1.0
SCN_009,397,13.2,cand_001,183,279,10,10,188.0,284.0,81.0,250.0,1.0
SCN_009,397,13.2,cand_002,355,268,10,10,360.0,273.0,81.0,250.0,1.0
SCN_009,398,13.2333,cand_001,356,268,10,10,361.0,273.0,81.0,250.0,1.0
SCN_009,398,13.2333,cand_002,182,278,10,10,187.0,283.0,81.0,250.0,1.0
SCN_009,399,13.2667,cand_001,356,268,10,10,361.0,273.0,81.0,250.0,1.0
SCN_009,399,13.2667,cand_002,182,277,10,10,187.0,282.0,81.0,250.0,1.0
SCN_009,400,13.3,cand_001,357,268,10,10,362.0,273.0,81.0,250.0,1.0
SCN_009,400,13.3,cand_002,182,276,10,10,187.0,281.0,81.0,250.0,1.0
SCN_009,401,13.3333,cand_001,182,275,10,10,187.0,280.0,81.0,250.0,1.0
SCN_009,401,13.3333,cand_002,358,269,10,10,363.0,274.0,81.0,250.0,1.0
SCN_009,402,13.3667,cand_001,181,274,10,10,186.0,279.0,81.0,250.0,1.0
SCN_009,402,13.3667,cand_002,358,269,10,10,363.0,274.0,81.0,250.0,1.0
SCN_009,403,13.4,cand_001,359,269,10,10,364.0,274.0,81.0,250.0,1.0
SCN_009,403,13.4,cand_002,181,273,10,10,186.0,278.0,81.0,250.0,1.0
SCN_009,404,13.4333,cand_001,359,270,10,10,364.0,275.0,81.0,250.0,1.0
SCN_009,404,13.4333,cand_002,181,272,10,10,186.0,277.0,81.0,250.0,1.0
SCN_009,405,13.4667,cand_001,360,270,10,10,365.0,275.0,81.0,250.0,1.0
SCN_009,405,13.4667,cand_002,181,271,10,10,186.0,276.0,81.0,250.0,1.0
SCN_009,406,13.5,cand_001,361,270,10,10,366.0,275.0,81.0,250.0,1.0
SCN_009,406,13.5,cand_002,180,270,10,10,185.0,275.0,81.0,250.0,1.0
SCN_009,407,13.5333,cand_001,180,269,10,10,185.0,274.0,81.0,250.0,1.0
SCN_009,407,13.5333,cand_002,361,270,10,10,366.0,275.0,81.0,250.0,1.0
SCN_009,408,13.5667,cand_001,180,269,10,10,185.0,274.0,81.0,250.0,1.0
SCN_009,408,13.5667,cand_002,362,271,10,10,367.0,276.0,81.0,250.0,1.0
SCN_009,409,13.6,cand_001,180,268,10,10,185.0,273.0,81.0,250.0,1.0
SCN_009,409,13.6,cand_002,363,271,10,10,368.0,276.0,81.0,250.0,1.0
SCN_009,410,13.6333,cand_001,363,271,10,10,368.0,276.0,81.0,250.0,1.0
SCN_009,410,13.6333,cand_002,179,267,10,10,184.0,272.0,81.0,250.0,1.0
SCN_009,411,13.6667,cand_001,364,272,10,10,369.0,277.0,81.0,250.0,1.0
SCN_009,411,13.6667,cand_002,179,266,10,10,184.0,271.0,81.0,250.0,1.0
SCN_009,412,13.7,cand_001,364,272,10,10,369.0,277.0,81.0,250.0,1.0
SCN_009,412,13.7,cand_002,179,265,10,10,184.0,270.0,81.0,250.0,1.0
SCN_009,413,13.7333,cand_001,365,272,10,10,370.0,277.0,81.0,250.0,1.0
SCN_009,413,13.7333,cand_002,179,264,10,10,184.0,269.0,81.0,250.0,1.0
SCN_009,414,13.7667,cand_001,179,263,10,10,184.0,268.0,81.0,250.0,1.0
SCN_009,414,13.7667,cand_002,366,272,10,10,371.0,277.0,81.0,250.0,1.0
SCN_009,415,13.8,cand_001,366,273,10,10,371.0,278.0,81.0,250.0,1.0
SCN_009,415,13.8,cand_002,178,262,10,10,183.0,267.0,81.0,250.0,1.0
SCN_009,416,13.8333,cand_001,367,273,10,10,372.0,278.0,81.0,250.0,1.0
SCN_009,416,13.8333,cand_002,178,261,10,10,183.0,266.0,81.0,250.0,1.0
SCN_009,417,13.8667,cand_001,367,273,10,10,372.0,278.0,81.0,250.0,1.0
SCN_009,417,13.8667,cand_002,178,260,10,10,183.0,265.0,81.0,250.0,1.0
SCN_009,418,13.9,cand_001,368,273,10,10,373.0,278.0,81.0,250.0,1.0
SCN_009,418,13.9,cand_002,178,259,10,10,183.0,264.0,81.0,250.0,1.0
SCN_009,419,13.9333,cand_001,178,258,10,10,183.0,263.0,81.0,250.0,1.0
SCN_009,419,13.9333,cand_002,369,274,10,10,374.0,279.0,81.0,250.0,1.0
SCN_009,420,13.9667,cand_001,178,257,10,10,183.0,262.0,81.0,250.0,1.0
SCN_009,420,13.9667,cand_002,369,274,10,10,374.0,279.0,81.0,250.0,1.0
SCN_009,421,14.0,cand_001,177,256,10,10,182.0,261.0,81.0,250.0,1.0
SCN_009,421,14.0,cand_002,370,274,10,10,375.0,279.0,81.0,250.0,1.0
SCN_009,422,14.0333,cand_001,177,255,10,10,182.0,260.0,81.0,250.0,1.0
SCN_009,422,14.0333,cand_002,370,275,10,10,375.0,280.0,81.0,250.0,1.0
SCN_009,423,14.0667,cand_001,371,275,10,10,376.0,280.0,81.0,250.0,1.0
SCN_009,423,14.0667,cand_002,177,254,10,10,182.0,259.0,81.0,250.0,1.0
SCN_009,424,14.1,cand_001,372,275,10,10,377.0,280.0,81.0,250.0,1.0
SCN_009,424,14.1,cand_002,177,253,10,10,182.0,258.0,81.0,250.0,1.0
SCN_009,425,14.1333,cand_001,372,275,10,10,377.0,280.0,81.0,250.0,1.0
SCN_009,425,14.1333,cand_002,177,252,10,10,182.0,257.0,81.0,250.0,1.0
SCN_009,426,14.1667,cand_001,373,276,10,10,378.0,281.0,81.0,250.0,1.0
SCN_009,426,14.1667,cand_002,177,251,10,10,182.0,256.0,81.0,250.0,1.0
SCN_009,427,14.2,cand_001,373,276,10,10,378.0,281.0,81.0,250.0,1.0
SCN_009,427,14.2,cand_002,177,250,10,10,182.0,255.0,81.0,250.0,1.0
SCN_009,428,14.2333,cand_001,374,276,10,10,379.0,281.0,81.0,250.0,1.0
SCN_009,428,14.2333,cand_002,177,249,10,10,182.0,254.0,81.0,250.0,1.0
SCN_009,429,14.2667,cand_001,375,277,10,10,380.0,282.0,81.0,250.0,1.0
SCN_009,429,14.2667,cand_002,176,248,10,10,181.0,253.0,81.0,250.0,1.0
SCN_009,430,14.3,cand_001,375,277,10,10,380.0,282.0,81.0,250.0,1.0
SCN_009,430,14.3,cand_002,176,247,10,10,181.0,252.0,81.0,250.0,1.0
SCN_009,431,14.3333,cand_001,176,246,10,10,181.0,251.0,81.0,250.0,1.0
SCN_009,431,14.3333,cand_002,376,277,10,10,381.0,282.0,81.0,250.0,1.0
SCN_009,432,14.3667,cand_001,176,245,10,10,181.0,250.0,81.0,250.0,1.0
SCN_009,432,14.3667,cand_002,376,277,10,10,381.0,282.0,81.0,250.0,1.0
SCN_009,433,14.4,cand_001,377,278,10,10,382.0,283.0,81.0,250.0,1.0
SCN_009,433,14.4,cand_002,176,244,10,10,181.0,249.0,81.0,250.0,1.0
SCN_009,434,14.4333,cand_001,378,278,10,10,383.0,283.0,81.0,250.0,1.0
SCN_009,434,14.4333,cand_002,176,243,10,10,181.0,248.0,81.0,250.0,1.0
SCN_009,435,14.4667,cand_001,378,278,10,10,383.0,283.0,81.0,250.0,1.0
SCN_009,435,14.4667,cand_002,176,242,10,10,181.0,247.0,81.0,250.0,1.0
SCN_009,436,14.5,cand_001,379,279,10,10,384.0,284.0,81.0,250.0,1.0
SCN_009,436,14.5,cand_002,176,241,10,10,181.0,246.0,81.0,250.0,1.0
SCN_009,437,14.5333,cand_001,176,240,10,10,181.0,245.0,81.0,250.0,1.0
SCN_009,437,14.5333,cand_002,379,279,10,10,384.0,284.0,81.0,250.0,1.0
SCN_009,438,14.5667,cand_001,380,279,10,10,385.0,284.0,81.0,250.0,1.0
SCN_009,438,14.5667,cand_002,176,239,10,10,181.0,244.0,81.0,250.0,1.0
SCN_009,439,14.6,cand_001,381,279,10,10,386.0,284.0,81.0,250.0,1.0
SCN_009,439,14.6,cand_002,176,238,10,10,181.0,243.0,81.0,250.0,1.0
SCN_009,440,14.6333,cand_001,381,280,10,10,386.0,285.0,81.0,250.0,1.0
SCN_009,440,14.6333,cand_002,176,237,10,10,181.0,242.0,81.0,250.0,1.0
SCN_009,441,14.6667,cand_001,382,280,10,10,387.0,285.0,81.0,250.0,1.0
SCN_009,441,14.6667,cand_002,176,236,10,10,181.0,241.0,81.0,250.0,1.0
SCN_009,442,14.7,cand_001,176,235,10,10,181.0,240.0,81.0,250.0,1.0
SCN_009,442,14.7,cand_002,382,280,10,10,387.0,285.0,81.0,250.0,1.0
SCN_009,443,14.7333,cand_001,383,281,10,10,388.0,286.0,81.0,250.0,1.0
SCN_009,443,14.7333,cand_002,176,234,10,10,181.0,239.0,81.0,250.0,1.0
SCN_009,444,14.7667,cand_001,384,281,10,10,389.0,286.0,81.0,250.0,1.0
SCN_009,444,14.7667,cand_002,176,233,10,10,181.0,238.0,81.0,250.0,1.0
SCN_009,445,14.8,cand_001,384,281,10,10,389.0,286.0,81.0,250.0,1.0
SCN_009,445,14.8,cand_002,176,232,10,10,181.0,237.0,81.0,250.0,1.0
SCN_009,446,14.8333,cand_001,385,281,10,10,390.0,286.0,81.0,250.0,1.0
SCN_009,446,14.8333,cand_002,176,231,10,10,181.0,236.0,81.0,250.0,1.0
SCN_009,447,14.8667,cand_001,385,282,10,10,390.0,287.0,81.0,250.0,1.0
SCN_009,447,14.8667,cand_002,176,230,10,10,181.0,235.0,81.0,250.0,1.0
SCN_009,448,14.9,cand_001,386,282,10,10,391.0,287.0,81.0,250.0,1.0
SCN_009,448,14.9,cand_002,176,229,10,10,181.0,234.0,81.0,250.0,1.0
SCN_009,449,14.9333,cand_001,387,282,10,10,392.0,287.0,81.0,250.0,1.0
SCN_009,449,14.9333,cand_002,176,228,10,10,181.0,233.0,81.0,250.0,1.0
SCN_009,450,14.9667,cand_001,176,227,10,10,181.0,232.0,81.0,250.0,1.0
SCN_009,450,14.9667,cand_002,387,283,10,10,392.0,288.0,81.0,250.0,1.0
SCN_009,451,15.0,cand_001,388,283,10,10,393.0,288.0,81.0,250.0,1.0
SCN_009,451,15.0,cand_002,176,226,10,10,181.0,231.0,81.0,250.0,1.0
SCN_009,452,15.0333,cand_001,388,283,10,10,393.0,288.0,81.0,250.0,1.0
SCN_009,452,15.0333,cand_002,176,225,10,10,181.0,230.0,81.0,250.0,1.0
SCN_009,453,15.0667,cand_001,177,224,10,10,182.0,229.0,81.0,250.0,1.0
SCN_009,453,15.0667,cand_002,389,283,10,10,394.0,288.0,81.0,250.0,1.0
SCN_009,454,15.1,cand_001,390,284,10,10,395.0,289.0,81.0,250.0,1.0
SCN_009,454,15.1,cand_002,177,223,10,10,182.0,228.0,81.0,250.0,1.0
SCN_009,455,15.1333,cand_001,390,284,10,10,395.0,289.0,81.0,250.0,1.0
SCN_009,455,15.1333,cand_002,177,222,10,10,182.0,227.0,81.0,250.0,1.0
SCN_009,456,15.1667,cand_001,391,284,10,10,396.0,289.0,81.0,250.0,1.0
SCN_009,456,15.1667,cand_002,177,221,10,10,182.0,226.0,81.0,250.0,1.0
SCN_009,457,15.2,cand_001,392,284,10,10,397.0,289.0,81.0,250.0,1.0
SCN_009,457,15.2,cand_002,177,220,10,10,182.0,225.0,81.0,250.0,1.0
SCN_009,458,15.2333,cand_001,392,285,10,10,397.0,290.0,81.0,250.0,1.0
SCN_009,458,15.2333,cand_002,177,219,10,10,182.0,224.0,81.0,250.0,1.0
SCN_009,459,15.2667,cand_001,177,218,10,10,182.0,223.0,81.0,250.0,1.0
SCN_009,459,15.2667,cand_002,393,285,10,10,398.0,290.0,81.0,250.0,1.0
SCN_009,460,15.3,cand_001,177,217,10,10,182.0,222.0,81.0,250.0,1.0
SCN_009,460,15.3,cand_002,393,285,10,10,398.0,290.0,81.0,250.0,1.0
SCN_009,461,15.3333,cand_001,177,216,10,10,182.0,221.0,81.0,250.0,1.0
SCN_009,461,15.3333,cand_002,394,286,10,10,399.0,291.0,81.0,250.0,1.0
SCN_009,462,15.3667,cand_001,178,215,10,10,183.0,220.0,81.0,250.0,1.0
SCN_009,462,15.3667,cand_002,395,286,10,10,400.0,291.0,81.0,250.0,1.0
SCN_009,463,15.4,cand_001,178,214,10,10,183.0,219.0,81.0,250.0,1.0
SCN_009,463,15.4,cand_002,395,286,10,10,400.0,291.0,81.0,250.0,1.0
SCN_009,464,15.4333,cand_001,396,286,10,10,401.0,291.0,81.0,250.0,1.0
SCN_009,464,15.4333,cand_002,178,213,10,10,183.0,218.0,81.0,250.0,1.0
SCN_009,465,15.4667,cand_001,178,212,10,10,183.0,217.0,81.0,250.0,1.0
SCN_009,465,15.4667,cand_002,396,287,10,10,401.0,292.0,81.0,250.0,1.0
SCN_009,466,15.5,cand_001,178,211,10,10,183.0,216.0,81.0,250.0,1.0
SCN_009,466,15.5,cand_002,397,287,10,10,402.0,292.0,81.0,250.0,1.0
SCN_009,467,15.5333,cand_001,398,287,10,10,403.0,292.0,81.0,250.0,1.0
SCN_009,467,15.5333,cand_002,178,210,10,10,183.0,215.0,81.0,250.0,1.0
SCN_009,468,15.5667,cand_001,398,288,10,10,403.0,293.0,81.0,250.0,1.0
SCN_009,468,15.5667,cand_002,179,209,10,10,184.0,214.0,81.0,250.0,1.0
SCN_009,469,15.6,cand_001,399,288,10,10,404.0,293.0,81.0,250.0,1.0
SCN_009,469,15.6,cand_002,179,208,10,10,184.0,213.0,81.0,250.0,1.0
SCN_009,470,15.6333,cand_001,399,288,10,10,404.0,293.0,81.0,250.0,1.0
SCN_009,470,15.6333,cand_002,179,207,10,10,184.0,212.0,81.0,250.0,1.0
SCN_009,471,15.6667,cand_001,400,288,10,10,405.0,293.0,81.0,250.0,1.0
SCN_009,471,15.6667,cand_002,179,206,10,10,184.0,211.0,81.0,250.0,1.0
SCN_009,472,15.7,cand_001,401,289,10,10,406.0,294.0,81.0,250.0,1.0
SCN_009,472,15.7,cand_002,179,205,10,10,184.0,210.0,81.0,250.0,1.0
SCN_009,473,15.7333,cand_001,401,289,10,10,406.0,294.0,81.0,250.0,1.0
SCN_009,473,15.7333,cand_002,180,204,10,10,185.0,209.0,81.0,250.0,1.0
SCN_009,474,15.7667,cand_001,180,203,10,10,185.0,208.0,81.0,250.0,1.0
SCN_009,474,15.7667,cand_002,402,289,10,10,407.0,294.0,81.0,250.0,1.0
SCN_009,475,15.8,cand_001,402,290,10,10,407.0,295.0,81.0,250.0,1.0
SCN_009,475,15.8,cand_002,180,202,10,10,185.0,207.0,81.0,250.0,1.0
SCN_009,476,15.8333,cand_001,403,290,10,10,408.0,295.0,81.0,250.0,1.0
SCN_009,476,15.8333,cand_002,180,201,10,10,185.0,206.0,81.0,250.0,1.0
SCN_009,477,15.8667,cand_001,404,290,10,10,409.0,295.0,81.0,250.0,1.0
SCN_009,477,15.8667,cand_002,181,200,10,10,186.0,205.0,81.0,250.0,1.0
SCN_009,478,15.9,cand_001,404,290,10,10,409.0,295.0,81.0,250.0,1.0
SCN_009,478,15.9,cand_002,181,199,10,10,186.0,204.0,81.0,250.0,1.0
SCN_009,479,15.9333,cand_001,181,198,10,10,186.0,203.0,81.0,250.0,1.0
SCN_009,479,15.9333,cand_002,405,291,10,10,410.0,296.0,81.0,250.0,1.0
SCN_009,480,15.9667,cand_001,181,197,10,10,186.0,202.0,81.0,250.0,1.0
SCN_009,480,15.9667,cand_002,405,291,10,10,410.0,296.0,81.0,250.0,1.0
SCN_009,481,16.0,cand_001,182,196,10,10,187.0,201.0,81.0,250.0,1.0
SCN_009,481,16.0,cand_002,406,291,10,10,411.0,296.0,81.0,250.0,1.0
SCN_009,482,16.0333,cand_001,182,195,10,10,187.0,200.0,81.0,250.0,1.0
SCN_009,482,16.0333,cand_002,407,292,10,10,412.0,297.0,81.0,250.0,1.0
SCN_009,483,16.0667,cand_001,182,194,10,10,187.0,199.0,81.0,250.0,1.0
SCN_009,483,16.0667,cand_002,407,292,10,10,412.0,297.0,81.0,250.0,1.0
SCN_009,484,16.1,cand_001,183,194,10,10,188.0,199.0,81.0,250.0,1.0
SCN_009,484,16.1,cand_002,408,292,10,10,413.0,297.0,81.0,250.0,1.0
SCN_009,485,16.1333,cand_001,183,193,10,10,188.0,198.0,81.0,250.0,1.0
SCN_009,485,16.1333,cand_002,408,292,10,10,413.0,297.0,81.0,250.0,1.0
SCN_009,486,16.1667,cand_001,183,192,10,10,188.0,197.0,81.0,250.0,1.0
SCN_009,486,16.1667,cand_002,409,293,10,10,414.0,298.0,81.0,250.0,1.0
SCN_009,487,16.2,cand_001,410,293,10,10,415.0,298.0,81.0,250.0,1.0
SCN_009,487,16.2,cand_002,184,191,10,10,189.0,196.0,81.0,250.0,1.0
SCN_009,488,16.2333,cand_001,410,293,10,10,415.0,298.0,81.0,250.0,1.0
SCN_009,488,16.2333,cand_002,184,190,10,10,189.0,195.0,81.0,250.0,1.0
SCN_009,489,16.2667,cand_001,411,293,10,10,416.0,298.0,81.0,250.0,1.0
SCN_009,489,16.2667,cand_002,184,189,10,10,189.0,194.0,81.0,250.0,1.0
SCN_009,490,16.3,cand_001,185,188,10,10,190.0,193.0,81.0,250.0,1.0
SCN_009,490,16.3,cand_002,411,294,10,10,416.0,299.0,81.0,250.0,1.0
SCN_009,491,16.3333,cand_001,185,187,10,10,190.0,192.0,81.0,250.0,1.0
SCN_009,491,16.3333,cand_002,412,294,10,10,417.0,299.0,81.0,250.0,1.0
SCN_009,492,16.3667,cand_001,185,186,10,10,190.0,191.0,81.0,250.0,1.0
SCN_009,492,16.3667,cand_002,413,294,10,10,418.0,299.0,81.0,250.0,1.0
SCN_009,493,16.4,cand_001,186,185,10,10,191.0,190.0,81.0,250.0,1.0
SCN_009,493,16.4,cand_002,413,295,10,10,418.0,300.0,81.0,250.0,1.0
SCN_009,494,16.4333,cand_001,414,295,10,10,419.0,300.0,81.0,250.0,1.0
SCN_009,494,16.4333,cand_002,186,184,10,10,191.0,189.0,81.0,250.0,1.0
SCN_009,495,16.4667,cand_001,414,295,10,10,419.0,300.0,81.0,250.0,1.0
SCN_009,495,16.4667,cand_002,186,183,10,10,191.0,188.0,81.0,250.0,1.0
SCN_009,496,16.5,cand_001,415,295,10,10,420.0,300.0,81.0,250.0,1.0
SCN_009,496,16.5,cand_002,187,182,10,10,192.0,187.0,81.0,250.0,1.0
SCN_009,497,16.5333,cand_001,187,181,10,10,192.0,186.0,81.0,250.0,1.0
SCN_009,497,16.5333,cand_002,416,296,10,10,421.0,301.0,81.0,250.0,1.0
SCN_009,498,16.5667,cand_001,188,180,10,10,193.0,185.0,81.0,250.0,1.0
SCN_009,498,16.5667,cand_002,416,296,10,10,421.0,301.0,81.0,250.0,1.0
SCN_009,499,16.6,cand_001,188,179,10,10,193.0,184.0,81.0,250.0,1.0
SCN_009,499,16.6,cand_002,417,296,10,10,422.0,301.0,81.0,250.0,1.0
SCN_009,500,16.6333,cand_001,188,179,10,10,193.0,184.0,81.0,250.0,1.0
SCN_009,500,16.6333,cand_002,417,297,10,10,422.0,302.0,81.0,250.0,1.0
SCN_009,501,16.6667,cand_001,189,178,10,10,194.0,183.0,81.0,250.0,1.0
SCN_009,501,16.6667,cand_002,418,297,10,10,423.0,302.0,81.0,250.0,1.0
SCN_009,502,16.7,cand_001,189,177,10,10,194.0,182.0,81.0,250.0,1.0
SCN_009,502,16.7,cand_002,419,297,10,10,424.0,302.0,81.0,250.0,1.0
SCN_009,503,16.7333,cand_001,419,297,10,10,424.0,302.0,81.0,250.0,1.0
SCN_009,503,16.7333,cand_002,190,176,10,10,195.0,181.0,81.0,250.0,1.0
SCN_009,504,16.7667,cand_001,420,298,10,10,425.0,303.0,81.0,250.0,1.0
SCN_009,504,16.7667,cand_002,190,175,10,10,195.0,180.0,81.0,250.0,1.0
SCN_009,505,16.8,cand_001,421,298,10,10,426.0,303.0,81.0,250.0,1.0
SCN_009,505,16.8,cand_002,190,174,10,10,195.0,179.0,81.0,250.0,1.0
SCN_009,506,16.8333,cand_001,421,298,10,10,426.0,303.0,81.0,250.0,1.0
SCN_009,506,16.8333,cand_002,191,173,10,10,196.0,178.0,81.0,250.0,1.0
SCN_009,507,16.8667,cand_001,422,299,10,10,427.0,304.0,81.0,250.0,1.0
SCN_009,507,16.8667,cand_002,191,172,10,10,196.0,177.0,81.0,250.0,1.0
SCN_009,508,16.9,cand_001,192,171,10,10,197.0,176.0,81.0,250.0,1.0
SCN_009,508,16.9,cand_002,422,299,10,10,427.0,304.0,81.0,250.0,1.0
SCN_009,509,16.9333,cand_001,192,170,10,10,197.0,175.0,81.0,250.0,1.0
SCN_009,509,16.9333,cand_002,423,299,10,10,428.0,304.0,81.0,250.0,1.0
SCN_009,510,16.9667,cand_001,193,170,10,10,198.0,175.0,81.0,250.0,1.0
SCN_009,510,16.9667,cand_002,424,299,10,10,429.0,304.0,81.0,250.0,1.0
SCN_009,511,17.0,cand_001,193,169,10,10,198.0,174.0,81.0,250.0,1.0
SCN_009,511,17.0,cand_002,424,300,10,10,429.0,305.0,81.0,250.0,1.0
SCN_009,512,17.0333,cand_001,425,300,10,10,430.0,305.0,81.0,250.0,1.0
SCN_009,512,17.0333,cand_002,194,168,10,10,199.0,173.0,81.0,250.0,1.0
SCN_009,513,17.0667,cand_001,425,300,10,10,430.0,305.0,81.0,250.0,1.0
SCN_009,513,17.0667,cand_002,194,167,10,10,199.0,172.0,81.0,250.0,1.0
SCN_009,514,17.1,cand_001,426,301,10,10,431.0,306.0,81.0,250.0,1.0
SCN_009,514,17.1,cand_002,195,166,10,10,200.0,171.0,81.0,250.0,1.0
SCN_009,515,17.1333,cand_001,195,165,10,10,200.0,170.0,81.0,250.0,1.0
SCN_009,515,17.1333,cand_002,427,301,10,10,432.0,306.0,81.0,250.0,1.0
SCN_009,516,17.1667,cand_001,196,164,10,10,201.0,169.0,81.0,250.0,1.0
SCN_009,516,17.1667,cand_002,427,301,10,10,432.0,306.0,81.0,250.0,1.0
SCN_009,517,17.2,cand_001,196,164,10,10,201.0,169.0,81.0,250.0,1.0
SCN_009,517,17.2,cand_002,428,301,10,10,433.0,306.0,81.0,250.0,1.0
SCN_009,518,17.2333,cand_001,428,302,10,10,433.0,307.0,81.0,250.0,1.0
SCN_009,518,17.2333,cand_002,197,163,10,10,202.0,168.0,81.0,250.0,1.0
SCN_009,519,17.2667,cand_001,197,162,10,10,202.0,167.0,81.0,250.0,1.0
SCN_009,519,17.2667,cand_002,429,302,10,10,434.0,307.0,81.0,250.0,1.0
SCN_009,520,17.3,cand_001,198,161,10,10,203.0,166.0,81.0,250.0,1.0
SCN_009,520,17.3,cand_002,430,302,10,10,435.0,307.0,81.0,250.0,1.0
SCN_009,521,17.3333,cand_001,198,160,10,10,203.0,165.0,81.0,250.0,1.0
SCN_009,521,17.3333,cand_002,430,303,10,10,435.0,308.0,81.0,250.0,1.0
SCN_009,522,17.3667,cand_001,199,159,10,10,204.0,164.0,81.0,250.0,1.0
SCN_009,522,17.3667,cand_002,431,303,10,10,436.0,308.0,81.0,250.0,1.0
SCN_009,523,17.4,cand_001,199,158,10,10,204.0,163.0,81.0,250.0,1.0
SCN_009,523,17.4,cand_002,431,303,10,10,436.0,308.0,81.0,250.0,1.0
SCN_009,524,17.4333,cand_001,200,158,10,10,205.0,163.0,81.0,250.0,1.0
SCN_009,524,17.4333,cand_002,432,303,10,10,437.0,308.0,81.0,250.0,1.0
SCN_009,525,17.4667,cand_001,201,157,10,10,206.0,162.0,81.0,250.0,1.0
SCN_009,525,17.4667,cand_002,433,304,10,10,438.0,309.0,81.0,250.0,1.0
SCN_009,526,17.5,cand_001,433,304,10,10,438.0,309.0,81.0,250.0,1.0
SCN_009,526,17.5,cand_002,201,156,10,10,206.0,161.0,81.0,250.0,1.0
SCN_009,527,17.5333,cand_001,434,304,10,10,439.0,309.0,81.0,250.0,1.0
SCN_009,527,17.5333,cand_002,202,155,10,10,207.0,160.0,81.0,250.0,1.0
SCN_009,528,17.5667,cand_001,202,154,10,10,207.0,159.0,81.0,250.0,1.0
SCN_009,528,17.5667,cand_002,434,304,10,10,439.0,309.0,81.0,250.0,1.0
SCN_009,529,17.6,cand_001,203,154,10,10,208.0,159.0,81.0,250.0,1.0
SCN_009,529,17.6,cand_002,435,305,10,10,440.0,310.0,81.0,250.0,1.0
SCN_009,530,17.6333,cand_001,203,153,10,10,208.0,158.0,81.0,250.0,1.0
SCN_009,530,17.6333,cand_002,436,305,10,10,441.0,310.0,81.0,250.0,1.0
SCN_009,531,17.6667,cand_001,436,305,10,10,441.0,310.0,81.0,250.0,1.0
SCN_009,531,17.6667,cand_002,204,152,10,10,209.0,157.0,81.0,250.0,1.0
SCN_009,532,17.7,cand_001,437,306,10,10,442.0,311.0,81.0,250.0,1.0
SCN_009,532,17.7,cand_002,205,151,10,10,210.0,156.0,81.0,250.0,1.0
SCN_009,533,17.7333,cand_001,205,150,10,10,210.0,155.0,81.0,250.0,1.0
SCN_009,533,17.7333,cand_002,437,306,10,10,442.0,311.0,81.0,250.0,1.0
SCN_009,534,17.7667,cand_001,206,150,10,10,211.0,155.0,81.0,250.0,1.0
SCN_009,534,17.7667,cand_002,438,306,10,10,443.0,311.0,81.0,250.0,1.0
SCN_009,535,17.8,cand_001,439,306,10,10,444.0,311.0,81.0,250.0,1.0
SCN_009,535,17.8,cand_002,206,149,10,10,211.0,154.0,81.0,250.0,1.0
SCN_009,536,17.8333,cand_001,439,307,10,10,444.0,312.0,81.0,250.0,1.0
SCN_009,536,17.8333,cand_002,207,148,10,10,212.0,153.0,81.0,250.0,1.0
SCN_009,537,17.8667,cand_001,208,147,10,10,213.0,152.0,81.0,250.0,1.0
SCN_009,537,17.8667,cand_002,440,307,10,10,445.0,312.0,81.0,250.0,1.0
SCN_009,538,17.9,cand_001,208,146,10,10,213.0,151.0,81.0,250.0,1.0
SCN_009,538,17.9,cand_002,440,307,10,10,445.0,312.0,81.0,250.0,1.0
SCN_009,539,17.9333,cand_001,209,146,10,10,214.0,151.0,81.0,250.0,1.0
SCN_009,539,17.9333,cand_002,441,308,10,10,446.0,313.0,81.0,250.0,1.0
SCN_009,540,17.9667,cand_001,210,145,10,10,215.0,150.0,81.0,250.0,1.0
SCN_009,540,17.9667,cand_002,442,308,10,10,447.0,313.0,81.0,250.0,1.0
SCN_009,541,18.0,cand_001,210,144,10,10,215.0,149.0,81.0,250.0,1.0
SCN_009,541,18.0,cand_002,442,308,10,10,447.0,313.0,81.0,250.0,1.0
SCN_009,542,18.0333,cand_001,211,143,10,10,216.0,148.0,81.0,250.0,1.0
SCN_009,542,18.0333,cand_002,443,308,10,10,448.0,313.0,81.0,250.0,1.0
SCN_009,543,18.0667,cand_001,212,143,10,10,217.0,148.0,81.0,250.0,1.0
SCN_009,543,18.0667,cand_002,443,309,10,10,448.0,314.0,81.0,250.0,1.0
SCN_009,544,18.1,cand_001,212,142,10,10,217.0,147.0,81.0,250.0,1.0
SCN_009,544,18.1,cand_002,444,309,10,10,449.0,314.0,81.0,250.0,1.0
SCN_009,545,18.1333,cand_001,445,309,10,10,450.0,314.0,81.0,250.0,1.0
SCN_009,545,18.1333,cand_002,213,141,10,10,218.0,146.0,81.0,250.0,1.0
SCN_009,546,18.1667,cand_001,445,310,10,10,450.0,315.0,81.0,250.0,1.0
SCN_009,546,18.1667,cand_002,214,140,10,10,219.0,145.0,81.0,250.0,1.0
SCN_009,547,18.2,cand_001,446,310,10,10,451.0,315.0,81.0,250.0,1.0
SCN_009,547,18.2,cand_002,214,140,10,10,219.0,145.0,81.0,250.0,1.0
SCN_009,548,18.2333,cand_001,215,139,10,10,220.0,144.0,81.0,250.0,1.0
SCN_009,548,18.2333,cand_002,447,310,10,10,452.0,315.0,81.0,250.0,1.0
SCN_009,549,18.2667,cand_001,216,138,10,10,221.0,143.0,81.0,250.0,1.0
SCN_009,549,18.2667,cand_002,447,310,10,10,452.0,315.0,81.0,250.0,1.0
SCN_009,550,18.3,cand_001,216,138,10,10,221.0,143.0,81.0,250.0,1.0
SCN_009,550,18.3,cand_002,448,311,10,10,453.0,316.0,81.0,250.0,1.0
SCN_009,551,18.3333,cand_001,217,137,10,10,222.0,142.0,81.0,250.0,1.0
SCN_009,551,18.3333,cand_002,448,311,10,10,453.0,316.0,81.0,250.0,1.0
SCN_009,552,18.3667,cand_001,218,136,10,10,223.0,141.0,81.0,250.0,1.0
SCN_009,552,18.3667,cand_002,449,311,10,10,454.0,316.0,81.0,250.0,1.0
SCN_009,553,18.4,cand_001,219,135,10,10,224.0,140.0,81.0,250.0,1.0
SCN_009,553,18.4,cand_002,450,312,10,10,455.0,317.0,81.0,250.0,1.0
SCN_009,554,18.4333,cand_001,219,135,10,10,224.0,140.0,81.0,250.0,1.0
SCN_009,554,18.4333,cand_002,450,312,10,10,455.0,317.0,81.0,250.0,1.0
SCN_009,555,18.4667,cand_001,220,134,10,10,225.0,139.0,81.0,250.0,1.0
SCN_009,555,18.4667,cand_002,451,312,10,10,456.0,317.0,81.0,250.0,1.0
SCN_009,556,18.5,cand_001,221,133,10,10,226.0,138.0,81.0,250.0,1.0
SCN_009,556,18.5,cand_002,451,312,10,10,456.0,317.0,81.0,250.0,1.0
SCN_009,557,18.5333,cand_001,452,313,10,10,457.0,318.0,81.0,250.0,1.0
SCN_009,557,18.5333,cand_002,222,133,10,10,227.0,138.0,81.0,250.0,1.0
SCN_009,558,18.5667,cand_001,453,313,10,10,458.0,318.0,81.0,250.0,1.0
SCN_009,558,18.5667,cand_002,222,132,10,10,227.0,137.0,81.0,250.0,1.0
SCN_009,559,18.6,cand_001,453,313,10,10,458.0,318.0,81.0,250.0,1.0
SCN_009,559,18.6,cand_002,223,131,10,10,228.0,136.0,81.0,250.0,1.0
SCN_009,560,18.6333,cand_001,454,313,10,10,459.0,318.0,81.0,250.0,1.0
SCN_009,560,18.6333,cand_002,224,131,10,10,229.0,136.0,81.0,250.0,1.0
SCN_009,561,18.6667,cand_001,454,314,10,10,459.0,319.0,81.0,250.0,1.0
SCN_009,561,18.6667,cand_002,224,130,10,10,229.0,135.0,81.0,250.0,1.0
SCN_009,562,18.7,cand_001,455,314,10,10,460.0,319.0,81.0,250.0,1.0
SCN_009,562,18.7,cand_002,225,129,10,10,230.0,134.0,81.0,250.0,1.0
SCN_009,563,18.7333,cand_001,226,129,10,10,231.0,134.0,81.0,250.0,1.0
SCN_009,563,18.7333,cand_002,456,314,10,10,461.0,319.0,81.0,250.0,1.0
SCN_009,564,18.7667,cand_001,227,128,10,10,232.0,133.0,81.0,250.0,1.0
SCN_009,564,18.7667,cand_002,456,315,10,10,461.0,320.0,81.0,250.0,1.0
SCN_009,565,18.8,cand_001,228,127,10,10,233.0,132.0,81.0,250.0,1.0
SCN_009,565,18.8,cand_002,457,315,10,10,462.0,320.0,81.0,250.0,1.0
SCN_009,566,18.8333,cand_001,228,127,10,10,233.0,132.0,81.0,250.0,1.0
SCN_009,566,18.8333,cand_002,457,315,10,10,462.0,320.0,81.0,250.0,1.0
SCN_009,567,18.8667,cand_001,229,126,10,10,234.0,131.0,81.0,250.0,1.0
SCN_009,567,18.8667,cand_002,458,315,10,10,463.0,320.0,81.0,250.0,1.0
SCN_009,568,18.9,cand_001,230,126,10,10,235.0,131.0,81.0,250.0,1.0
SCN_009,568,18.9,cand_002,459,316,10,10,464.0,321.0,81.0,250.0,1.0
SCN_009,569,18.9333,cand_001,231,125,10,10,236.0,130.0,81.0,250.0,1.0
SCN_009,569,18.9333,cand_002,459,316,10,10,464.0,321.0,81.0,250.0,1.0
SCN_009,570,18.9667,cand_001,231,124,10,10,236.0,129.0,81.0,250.0,1.0
SCN_009,570,18.9667,cand_002,460,316,10,10,465.0,321.0,81.0,250.0,1.0
SCN_009,571,19.0,cand_001,232,124,10,10,237.0,129.0,81.0,250.0,1.0
SCN_009,571,19.0,cand_002,460,317,10,10,465.0,322.0,81.0,250.0,1.0
SCN_009,572,19.0333,cand_001,233,123,10,10,238.0,128.0,81.0,250.0,1.0
SCN_009,572,19.0333,cand_002,461,317,10,10,466.0,322.0,81.0,250.0,1.0
SCN_009,573,19.0667,cand_001,234,123,10,10,239.0,128.0,81.0,250.0,1.0
SCN_009,573,19.0667,cand_002,462,317,10,10,467.0,322.0,81.0,250.0,1.0
SCN_009,574,19.1,cand_001,235,122,10,10,240.0,127.0,81.0,250.0,1.0
SCN_009,574,19.1,cand_002,462,317,10,10,467.0,322.0,81.0,250.0,1.0
SCN_009,575,19.1333,cand_001,463,318,10,10,468.0,323.0,81.0,250.0,1.0
SCN_009,575,19.1333,cand_002,236,121,10,10,241.0,126.0,81.0,250.0,1.0
SCN_009,576,19.1667,cand_001,463,318,10,10,468.0,323.0,81.0,250.0,1.0
SCN_009,576,19.1667,cand_002,236,121,10,10,241.0,126.0,81.0,250.0,1.0
SCN_009,577,19.2,cand_001,464,318,10,10,469.0,323.0,81.0,250.0,1.0
SCN_009,577,19.2,cand_002,237,120,10,10,242.0,125.0,81.0,250.0,1.0
SCN_009,578,19.2333,cand_001,465,319,10,10,470.0,324.0,81.0,250.0,1.0
SCN_009,578,19.2333,cand_002,238,120,10,10,243.0,125.0,81.0,250.0,1.0
SCN_009,579,19.2667,cand_001,239,119,10,10,244.0,124.0,81.0,250.0,1.0
SCN_009,579,19.2667,cand_002,465,319,10,10,470.0,324.0,81.0,250.0,1.0
SCN_009,580,19.3,cand_001,240,119,10,10,245.0,124.0,81.0,250.0,1.0
SCN_009,580,19.3,cand_002,466,319,10,10,471.0,324.0,81.0,250.0,1.0
SCN_009,581,19.3333,cand_001,241,118,10,10,246.0,123.0,81.0,250.0,1.0
SCN_009,581,19.3333,cand_002,466,319,10,10,471.0,324.0,81.0,250.0,1.0
SCN_009,582,19.3667,cand_001,467,320,10,10,472.0,325.0,81.0,250.0,1.0
SCN_009,582,19.3667,cand_002,241,118,10,10,246.0,123.0,81.0,250.0,1.0
SCN_009,583,19.4,cand_001,468,320,10,10,473.0,325.0,81.0,250.0,1.0
SCN_009,583,19.4,cand_002,242,117,10,10,247.0,122.0,81.0,250.0,1.0
SCN_009,584,19.4333,cand_001,468,320,10,10,473.0,325.0,81.0,250.0,1.0
SCN_009,584,19.4333,cand_002,243,117,10,10,248.0,122.0,81.0,250.0,1.0
SCN_009,585,19.4667,cand_001,469,321,10,10,474.0,326.0,81.0,250.0,1.0
SCN_009,585,19.4667,cand_002,244,116,10,10,249.0,121.0,81.0,250.0,1.0
SCN_009,586,19.5,cand_001,245,115,10,10,250.0,120.0,81.0,250.0,1.0
SCN_009,586,19.5,cand_002,469,321,10,10,474.0,326.0,81.0,250.0,1.0
SCN_009,587,19.5333,cand_001,246,115,10,10,251.0,120.0,81.0,250.0,1.0
SCN_009,587,19.5333,cand_002,470,321,10,10,475.0,326.0,81.0,250.0,1.0
SCN_009,588,19.5667,cand_001,246,114,10,10,251.0,119.0,81.0,250.0,1.0
SCN_009,588,19.5667,cand_002,471,321,10,10,476.0,326.0,81.0,250.0,1.0
SCN_009,589,19.6,cand_001,471,322,10,10,476.0,327.0,81.0,250.0,1.0
SCN_009,589,19.6,cand_002,247,114,10,10,252.0,119.0,81.0,250.0,1.0
SCN_009,590,19.6333,cand_001,472,322,10,10,477.0,327.0,81.0,250.0,1.0
SCN_009,590,19.6333,cand_002,248,113,10,10,253.0,118.0,81.0,250.0,1.0
SCN_009,591,19.6667,cand_001,472,322,10,10,477.0,327.0,81.0,250.0,1.0
SCN_009,591,19.6667,cand_002,249,113,10,10,254.0,118.0,81.0,250.0,1.0
SCN_009,592,19.7,cand_001,473,323,10,10,478.0,328.0,81.0,250.0,1.0
SCN_009,592,19.7,cand_002,250,113,10,10,255.0,118.0,81.0,250.0,1.0
SCN_009,593,19.7333,cand_001,474,323,10,10,479.0,328.0,81.0,250.0,1.0
SCN_009,593,19.7333,cand_002,251,112,10,10,256.0,117.0,81.0,250.0,1.0
SCN_009,594,19.7667,cand_001,252,112,10,10,257.0,117.0,81.0,250.0,1.0
SCN_009,594,19.7667,cand_002,474,323,10,10,479.0,328.0,81.0,250.0,1.0
SCN_009,595,19.8,cand_001,253,111,10,10,258.0,116.0,81.0,250.0,1.0
SCN_009,595,19.8,cand_002,475,323,10,10,480.0,328.0,81.0,250.0,1.0
SCN_009,596,19.8333,cand_001,254,111,10,10,259.0,116.0,81.0,250.0,1.0
SCN_009,596,19.8333,cand_002,476,324,10,10,481.0,329.0,81.0,250.0,1.0
SCN_009,597,19.8667,cand_001,476,324,10,10,481.0,329.0,81.0,250.0,1.0
SCN_009,597,19.8667,cand_002,254,110,10,10,259.0,115.0,81.0,250.0,1.0
SCN_009,598,19.9,cand_001,255,110,10,10,260.0,115.0,81.0,250.0,1.0
SCN_009,598,19.9,cand_002,477,324,10,10,482.0,329.0,81.0,250.0,1.0
SCN_009,599,19.9333,cand_001,256,109,10,10,261.0,114.0,81.0,250.0,1.0
SCN_009,599,19.9333,cand_002,477,324,10,10,482.0,329.0,81.0,250.0,1.0
SCN_009,600,19.9667,cand_001,257,109,10,10,262.0,114.0,81.0,250.0,1.0
SCN_009,600,19.9667,cand_002,478,325,10,10,483.0,330.0,81.0,250.0,1.0
SCN_009,601,20.0,cand_001,479,325,10,10,484.0,330.0,81.0,250.0,1.0
SCN_009,601,20.0,cand_002,258,109,10,10,263.0,114.0,81.0,250.0,1.0
SCN_009,602,20.0333,cand_001,259,108,10,10,264.0,113.0,81.0,250.0,1.0
SCN_009,602,20.0333,cand_002,479,325,10,10,484.0,330.0,81.0,250.0,1.0
SCN_009,603,20.0667,cand_001,480,326,10,10,485.0,331.0,81.0,250.0,1.0
SCN_009,603,20.0667,cand_002,260,108,10,10,265.0,113.0,81.0,250.0,1.0
SCN_009,604,20.1,cand_001,480,326,10,10,485.0,331.0,81.0,250.0,1.0
SCN_009,604,20.1,cand_002,261,107,10,10,266.0,112.0,81.0,250.0,1.0
SCN_009,605,20.1333,cand_001,262,107,10,10,267.0,112.0,81.0,250.0,1.0
SCN_009,605,20.1333,cand_002,481,326,10,10,486.0,331.0,81.0,250.0,1.0
SCN_009,606,20.1667,cand_001,263,107,10,10,268.0,112.0,81.0,250.0,1.0
SCN_009,606,20.1667,cand_002,482,326,10,10,487.0,331.0,81.0,250.0,1.0
SCN_009,607,20.2,cand_001,264,106,10,10,269.0,111.0,81.0,250.0,1.0
SCN_009,607,20.2,cand_002,482,327,10,10,487.0,332.0,81.0,250.0,1.0
SCN_009,608,20.2333,cand_001,265,106,10,10,270.0,111.0,81.0,250.0,1.0
SCN_009,608,20.2333,cand_002,483,327,10,10,488.0,332.0,81.0,250.0,1.0
SCN_009,609,20.2667,cand_001,483,327,10,10,488.0,332.0,81.0,250.0,1.0
SCN_009,609,20.2667,cand_002,265,105,10,10,270.0,110.0,81.0,250.0,1.0
SCN_009,610,20.3,cand_001,484,328,10,10,489.0,333.0,81.0,250.0,1.0
SCN_009,610,20.3,cand_002,266,105,10,10,271.0,110.0,81.0,250.0,1.0
SCN_009,611,20.3333,cand_001,485,328,10,10,490.0,333.0,81.0,250.0,1.0
SCN_009,611,20.3333,cand_002,267,105,10,10,272.0,110.0,81.0,250.0,1.0
SCN_009,612,20.3667,cand_001,485,328,10,10,490.0,333.0,81.0,250.0,1.0
SCN_009,612,20.3667,cand_002,268,104,10,10,273.0,109.0,81.0,250.0,1.0
SCN_009,613,20.4,cand_001,486,328,10,10,491.0,333.0,81.0,250.0,1.0
SCN_009,613,20.4,cand_002,269,104,10,10,274.0,109.0,81.0,250.0,1.0
SCN_009,614,20.4333,cand_001,270,104,10,10,275.0,109.0,81.0,250.0,1.0
SCN_009,614,20.4333,cand_002,486,329,10,10,491.0,334.0,81.0,250.0,1.0
SCN_009,615,20.4667,cand_001,271,103,10,10,276.0,108.0,81.0,250.0,1.0
SCN_009,615,20.4667,cand_002,487,329,10,10,492.0,334.0,81.0,250.0,1.0
SCN_009,616,20.5,cand_001,272,103,10,10,277.0,108.0,81.0,250.0,1.0
SCN_009,616,20.5,cand_002,488,329,10,10,493.0,334.0,81.0,250.0,1.0
SCN_009,617,20.5333,cand_001,488,330,10,10,493.0,335.0,81.0,250.0,1.0
SCN_009,617,20.5333,cand_002,273,103,10,10,278.0,108.0,81.0,250.0,1.0
SCN_009,618,20.5667,cand_001,274,102,10,10,279.0,107.0,81.0,250.0,1.0
SCN_009,618,20.5667,cand_002,489,330,10,10,494.0,335.0,81.0,250.0,1.0
SCN_009,619,20.6,cand_001,275,102,10,10,280.0,107.0,81.0,250.0,1.0
SCN_009,619,20.6,cand_002,489,330,10,10,494.0,335.0,81.0,250.0,1.0
SCN_009,620,20.6333,cand_001,276,102,10,10,281.0,107.0,81.0,250.0,1.0
SCN_009,620,20.6333,cand_002,490,330,10,10,495.0,335.0,81.0,250.0,1.0
SCN_009,621,20.6667,cand_001,491,331,10,10,496.0,336.0,81.0,250.0,1.0
SCN_009,621,20.6667,cand_002,277,102,10,10,282.0,107.0,81.0,250.0,1.0
SCN_009,622,20.7,cand_001,491,331,10,10,496.0,336.0,81.0,250.0,1.0
SCN_009,622,20.7,cand_002,278,101,10,10,283.0,106.0,81.0,250.0,1.0
SCN_009,623,20.7333,cand_001,492,331,10,10,497.0,336.0,81.0,250.0,1.0
SCN_009,623,20.7333,cand_002,279,101,10,10,284.0,106.0,81.0,250.0,1.0
SCN_009,624,20.7667,cand_001,492,332,10,10,497.0,337.0,81.0,250.0,1.0
SCN_009,624,20.7667,cand_002,280,101,10,10,285.0,106.0,81.0,250.0,1.0
SCN_009,625,20.8,cand_001,493,332,10,10,498.0,337.0,81.0,250.0,1.0
SCN_009,625,20.8,cand_002,281,101,10,10,286.0,106.0,81.0,250.0,1.0
SCN_009,626,20.8333,cand_001,282,100,10,10,287.0,105.0,81.0,250.0,1.0
SCN_009,626,20.8333,cand_002,494,332,10,10,499.0,337.0,81.0,250.0,1.0
SCN_009,627,20.8667,cand_001,283,100,10,10,288.0,105.0,81.0,250.0,1.0
SCN_009,627,20.8667,cand_002,494,332,10,10,499.0,337.0,81.0,250.0,1.0
SCN_009,628,20.9,cand_001,284,100,10,10,289.0,105.0,81.0,250.0,1.0
SCN_009,628,20.9,cand_002,495,333,10,10,500.0,338.0,81.0,250.0,1.0
SCN_009,629,20.9333,cand_001,495,333,10,10,500.0,338.0,81.0,250.0,1.0
SCN_009,629,20.9333,cand_002,285,100,10,10,290.0,105.0,81.0,250.0,1.0
SCN_009,630,20.9667,cand_001,496,333,10,10,501.0,338.0,81.0,250.0,1.0
SCN_009,630,20.9667,cand_002,286,99,10,10,291.0,104.0,81.0,250.0,1.0
SCN_009,631,21.0,cand_001,286,99,10,10,291.0,104.0,81.0,250.0,1.0
SCN_009,631,21.0,cand_002,497,333,10,10,502.0,338.0,81.0,250.0,1.0
SCN_009,632,21.0333,cand_001,497,334,10,10,502.0,339.0,81.0,250.0,1.0
SCN_009,632,21.0333,cand_002,287,99,10,10,292.0,104.0,81.0,250.0,1.0
SCN_009,633,21.0667,cand_001,498,334,10,10,503.0,339.0,81.0,250.0,1.0
SCN_009,633,21.0667,cand_002,288,99,10,10,293.0,104.0,81.0,250.0,1.0
SCN_009,634,21.1,cand_001,498,334,10,10,503.0,339.0,81.0,250.0,1.0
SCN_009,634,21.1,cand_002,289,99,10,10,294.0,104.0,81.0,250.0,1.0
SCN_009,635,21.1333,cand_001,290,98,10,10,295.0,103.0,81.0,250.0,1.0
SCN_009,635,21.1333,cand_002,499,335,10,10,504.0,340.0,81.0,250.0,1.0
SCN_009,636,21.1667,cand_001,291,98,10,10,296.0,103.0,81.0,250.0,1.0
SCN_009,636,21.1667,cand_002,500,335,10,10,505.0,340.0,81.0,250.0,1.0
SCN_009,637,21.2,cand_001,500,335,10,10,505.0,340.0,81.0,250.0,1.0
SCN_009,637,21.2,cand_002,292,98,10,10,297.0,103.0,81.0,250.0,1.0
SCN_009,638,21.2333,cand_001,501,335,10,10,506.0,340.0,81.0,250.0,1.0
SCN_009,638,21.2333,cand_002,293,98,10,10,298.0,103.0,81.0,250.0,1.0
SCN_009,639,21.2667,cand_001,294,98,10,10,299.0,103.0,81.0,250.0,1.0
SCN_009,639,21.2667,cand_002,501,336,10,10,506.0,341.0,81.0,250.0,1.0
SCN_009,640,21.3,cand_001,502,336,10,10,507.0,341.0,81.0,250.0,1.0
SCN_009,640,21.3,cand_002,295,98,10,10,300.0,103.0,81.0,250.0,1.0
SCN_009,641,21.3333,cand_001,503,336,10,10,508.0,341.0,81.0,250.0,1.0
SCN_009,641,21.3333,cand_002,296,97,10,10,301.0,102.0,81.0,250.0,1.0
SCN_009,642,21.3667,cand_001,503,337,10,10,508.0,342.0,81.0,250.0,1.0
SCN_009,642,21.3667,cand_002,297,97,10,10,302.0,102.0,81.0,250.0,1.0
SCN_009,643,21.4,cand_001,298,97,10,10,303.0,102.0,81.0,250.0,1.0
SCN_009,643,21.4,cand_002,504,337,10,10,509.0,342.0,81.0,250.0,1.0
SCN_009,644,21.4333,cand_001,299,97,10,10,304.0,102.0,81.0,250.0,1.0
SCN_009,644,21.4333,cand_002,505,337,10,10,510.0,342.0,81.0,250.0,1.0
SCN_009,645,21.4667,cand_001,300,97,10,10,305.0,102.0,81.0,250.0,1.0
SCN_009,645,21.4667,cand_002,505,337,10,10,510.0,342.0,81.0,250.0,1.0
SCN_009,646,21.5,cand_001,301,97,10,10,306.0,102.0,81.0,250.0,1.0
SCN_009,646,21.5,cand_002,506,338,10,10,511.0,343.0,81.0,250.0,1.0
SCN_009,647,21.5333,cand_001,506,338,10,10,511.0,343.0,81.0,250.0,1.0
SCN_009,647,21.5333,cand_002,302,97,10,10,307.0,102.0,81.0,250.0,1.0
SCN_009,648,21.5667,cand_001,507,338,10,10,512.0,343.0,81.0,250.0,1.0
SCN_009,648,21.5667,cand_002,303,97,10,10,308.0,102.0,81.0,250.0,1.0
SCN_009,649,21.6,cand_001,508,339,10,10,513.0,344.0,81.0,250.0,1.0
SCN_009,649,21.6,cand_002,304,96,10,10,309.0,101.0,81.0,250.0,1.0
SCN_009,650,21.6333,cand_001,508,339,10,10,513.0,344.0,81.0,250.0,1.0
SCN_009,650,21.6333,cand_002,305,96,10,10,310.0,101.0,81.0,250.0,1.0
SCN_009,651,21.6667,cand_001,306,96,10,10,311.0,101.0,81.0,250.0,1.0
SCN_009,651,21.6667,cand_002,509,339,10,10,514.0,344.0,81.0,250.0,1.0
SCN_009,652,21.7,cand_001,509,339,10,10,514.0,344.0,81.0,250.0,1.0
SCN_009,652,21.7,cand_002,307,96,10,10,312.0,101.0,81.0,250.0,1.0
SCN_009,653,21.7333,cand_001,308,96,10,10,313.0,101.0,81.0,250.0,1.0
SCN_009,653,21.7333,cand_002,510,340,10,10,515.0,345.0,81.0,250.0,1.0
SCN_009,654,21.7667,cand_001,511,340,10,10,516.0,345.0,81.0,250.0,1.0
SCN_009,654,21.7667,cand_002,309,96,10,10,314.0,101.0,81.0,250.0,1.0
SCN_009,655,21.8,cand_001,511,340,10,10,516.0,345.0,81.0,250.0,1.0
SCN_009,655,21.8,cand_002,310,96,10,10,315.0,101.0,81.0,250.0,1.0
SCN_009,656,21.8333,cand_001,512,341,10,10,517.0,346.0,81.0,250.0,1.0
SCN_009,656,21.8333,cand_002,311,96,10,10,316.0,101.0,81.0,250.0,1.0
SCN_009,657,21.8667,cand_001,512,341,10,10,517.0,346.0,81.0,250.0,1.0
SCN_009,657,21.8667,cand_002,312,96,10,10,317.0,101.0,81.0,250.0,1.0
SCN_009,658,21.9,cand_001,313,96,10,10,318.0,101.0,81.0,250.0,1.0
SCN_009,658,21.9,cand_002,513,341,10,10,518.0,346.0,81.0,250.0,1.0
SCN_009,659,21.9333,cand_001,314,96,10,10,319.0,101.0,81.0,250.0,1.0
SCN_009,659,21.9333,cand_002,514,341,10,10,519.0,346.0,81.0,250.0,1.0
SCN_009,660,21.9667,cand_001,514,342,10,10,519.0,347.0,81.0,250.0,1.0
SCN_009,660,21.9667,cand_002,315,96,10,10,320.0,101.0,81.0,250.0,1.0
SCN_009,661,22.0,cand_001,316,96,10,10,321.0,101.0,81.0,250.0,1.0
SCN_009,661,22.0,cand_002,515,342,10,10,520.0,347.0,81.0,250.0,1.0
SCN_009,662,22.0333,cand_001,317,96,10,10,322.0,101.0,81.0,250.0,1.0
SCN_009,662,22.0333,cand_002,515,342,10,10,520.0,347.0,81.0,250.0,1.0
SCN_009,663,22.0667,cand_001,318,96,10,10,323.0,101.0,81.0,250.0,1.0
SCN_009,663,22.0667,cand_002,516,343,10,10,521.0,348.0,81.0,250.0,1.0
SCN_009,664,22.1,cand_001,517,343,10,10,522.0,348.0,81.0,250.0,1.0
SCN_009,664,22.1,cand_002,319,96,10,10,324.0,101.0,81.0,250.0,1.0
SCN_009,665,22.1333,cand_001,320,96,10,10,325.0,101.0,81.0,250.0,1.0
SCN_009,665,22.1333,cand_002,517,343,10,10,522.0,348.0,81.0,250.0,1.0
SCN_009,666,22.1667,cand_001,518,343,10,10,523.0,348.0,81.0,250.0,1.0
SCN_009,666,22.1667,cand_002,321,96,10,10,326.0,101.0,81.0,250.0,1.0
SCN_009,667,22.2,cand_001,518,344,10,10,523.0,349.0,81.0,250.0,1.0
SCN_009,667,22.2,cand_002,322,96,10,10,327.0,101.0,81.0,250.0,1.0
SCN_009,668,22.2333,cand_001,519,344,10,10,524.0,349.0,81.0,250.0,1.0
SCN_009,668,22.2333,cand_002,323,96,10,10,328.0,101.0,81.0,250.0,1.0
SCN_009,669,22.2667,cand_001,520,344,10,10,525.0,349.0,81.0,250.0,1.0
SCN_009,669,22.2667,cand_002,324,96,10,10,329.0,101.0,81.0,250.0,1.0
SCN_009,670,22.3,cand_001,325,96,10,10,330.0,101.0,81.0,250.0,1.0
SCN_009,670,22.3,cand_002,520,344,10,10,525.0,349.0,81.0,250.0,1.0
SCN_009,671,22.3333,cand_001,521,345,10,10,526.0,350.0,81.0,250.0,1.0
SCN_009,671,22.3333,cand_002,326,96,10,10,331.0,101.0,81.0,250.0,1.0
SCN_009,672,22.3667,cand_001,521,345,10,10,526.0,350.0,81.0,250.0,1.0
SCN_009,672,22.3667,cand_002,327,96,10,10,332.0,101.0,81.0,250.0,1.0
SCN_009,673,22.4,cand_001,328,97,10,10,333.0,102.0,81.0,250.0,1.0
SCN_009,673,22.4,cand_002,522,345,10,10,527.0,350.0,81.0,250.0,1.0
SCN_009,674,22.4333,cand_001,329,97,10,10,334.0,102.0,81.0,250.0,1.0
SCN_009,674,22.4333,cand_002,523,346,10,10,528.0,351.0,81.0,250.0,1.0
SCN_009,675,22.4667,cand_001,330,97,10,10,335.0,102.0,81.0,250.0,1.0
SCN_009,675,22.4667,cand_002,523,346,10,10,528.0,351.0,81.0,250.0,1.0
SCN_009,676,22.5,cand_001,331,97,10,10,336.0,102.0,81.0,250.0,1.0
SCN_009,676,22.5,cand_002,524,346,10,10,529.0,351.0,81.0,250.0,1.0
SCN_009,677,22.5333,cand_001,332,97,10,10,337.0,102.0,81.0,250.0,1.0
SCN_009,677,22.5333,cand_002,524,346,10,10,529.0,351.0,81.0,250.0,1.0
SCN_009,678,22.5667,cand_001,333,97,10,10,338.0,102.0,81.0,250.0,1.0
SCN_009,678,22.5667,cand_002,525,347,10,10,530.0,352.0,81.0,250.0,1.0
SCN_009,679,22.6,cand_001,334,97,10,10,339.0,102.0,81.0,250.0,1.0
SCN_009,679,22.6,cand_002,526,347,10,10,531.0,352.0,81.0,250.0,1.0
SCN_009,680,22.6333,cand_001,335,97,10,10,340.0,102.0,81.0,250.0,1.0
SCN_009,680,22.6333,cand_002,526,347,10,10,531.0,352.0,81.0,250.0,1.0
SCN_009,681,22.6667,cand_001,527,348,10,10,532.0,353.0,81.0,250.0,1.0
SCN_009,681,22.6667,cand_002,336,97,10,10,341.0,102.0,81.0,250.0,1.0
SCN_009,682,22.7,cand_001,527,348,10,10,532.0,353.0,81.0,250.0,1.0
SCN_009,682,22.7,cand_002,337,98,10,10,342.0,103.0,81.0,250.0,1.0
SCN_009,683,22.7333,cand_001,528,348,10,10,533.0,353.0,81.0,250.0,1.0
SCN_009,683,22.7333,cand_002,338,98,10,10,343.0,103.0,81.0,250.0,1.0
SCN_009,684,22.7667,cand_001,529,348,10,10,534.0,353.0,81.0,250.0,1.0
SCN_009,684,22.7667,cand_002,339,98,10,10,344.0,103.0,81.0,250.0,1.0
SCN_009,685,22.8,cand_001,529,349,10,10,534.0,354.0,81.0,250.0,1.0
SCN_009,685,22.8,cand_002,340,98,10,10,345.0,103.0,81.0,250.0,1.0
SCN_009,686,22.8333,cand_001,530,349,10,10,535.0,354.0,81.0,250.0,1.0
SCN_009,686,22.8333,cand_002,341,98,10,10,346.0,103.0,81.0,250.0,1.0
SCN_009,687,22.8667,cand_001,530,349,10,10,535.0,354.0,81.0,250.0,1.0
SCN_009,687,22.8667,cand_002,342,98,10,10,347.0,103.0,81.0,250.0,1.0
SCN_009,688,22.9,cand_001,531,350,10,10,536.0,355.0,81.0,250.0,1.0
SCN_009,688,22.9,cand_002,343,99,10,10,348.0,104.0,81.0,250.0,1.0
SCN_009,689,22.9333,cand_001,532,350,10,10,537.0,355.0,81.0,250.0,1.0
SCN_009,689,22.9333,cand_002,344,99,10,10,349.0,104.0,81.0,250.0,1.0
SCN_009,690,22.9667,cand_001,532,350,10,10,537.0,355.0,81.0,250.0,1.0
SCN_009,690,22.9667,cand_002,345,99,10,10,350.0,104.0,81.0,250.0,1.0
SCN_009,691,23.0,cand_001,346,99,10,10,351.0,104.0,81.0,250.0,1.0
SCN_009,691,23.0,cand_002,533,350,10,10,538.0,355.0,81.0,250.0,1.0
SCN_009,692,23.0333,cand_001,534,351,10,10,539.0,356.0,81.0,250.0,1.0
SCN_009,692,23.0333,cand_002,347,99,10,10,352.0,104.0,81.0,250.0,1.0
SCN_009,693,23.0667,cand_001,534,351,10,10,539.0,356.0,81.0,250.0,1.0
SCN_009,693,23.0667,cand_002,348,100,10,10,353.0,105.0,81.0,250.0,1.0
SCN_009,694,23.1,cand_001,535,351,10,10,540.0,356.0,81.0,250.0,1.0
SCN_009,694,23.1,cand_002,349,100,10,10,354.0,105.0,81.0,250.0,1.0
SCN_009,695,23.1333,cand_001,535,352,10,10,540.0,357.0,81.0,250.0,1.0
SCN_009,695,23.1333,cand_002,350,100,10,10,355.0,105.0,81.0,250.0,1.0
SCN_009,696,23.1667,cand_001,536,352,10,10,541.0,357.0,81.0,250.0,1.0
SCN_009,696,23.1667,cand_002,351,100,10,10,356.0,105.0,81.0,250.0,1.0
SCN_009,697,23.2,cand_001,537,352,10,10,542.0,357.0,81.0,250.0,1.0
SCN_009,697,23.2,cand_002,352,101,10,10,357.0,106.0,81.0,250.0,1.0
SCN_009,698,23.2333,cand_001,537,352,10,10,542.0,357.0,81.0,250.0,1.0
SCN_009,698,23.2333,cand_002,353,101,10,10,358.0,106.0,81.0,250.0,1.0
SCN_009,699,23.2667,cand_001,538,353,10,10,543.0,358.0,81.0,250.0,1.0
SCN_009,699,23.2667,cand_002,354,101,10,10,359.0,106.0,81.0,250.0,1.0
SCN_009,700,23.3,cand_001,355,101,10,10,360.0,106.0,81.0,250.0,1.0
SCN_009,700,23.3,cand_002,538,353,10,10,543.0,358.0,81.0,250.0,1.0
SCN_009,701,23.3333,cand_001,356,102,10,10,361.0,107.0,81.0,250.0,1.0
SCN_009,701,23.3333,cand_002,539,353,10,10,544.0,358.0,81.0,250.0,1.0
SCN_009,702,23.3667,cand_001,357,102,10,10,362.0,107.0,81.0,250.0,1.0
SCN_009,702,23.3667,cand_002,540,354,10,10,545.0,359.0,81.0,250.0,1.0
SCN_009,703,23.4,cand_001,358,102,10,10,363.0,107.0,81.0,250.0,1.0
SCN_009,703,23.4,cand_002,540,354,10,10,545.0,359.0,81.0,250.0,1.0
SCN_009,704,23.4333,cand_001,359,103,10,10,364.0,108.0,81.0,250.0,1.0
SCN_009,704,23.4333,cand_002,541,354,10,10,546.0,359.0,81.0,250.0,1.0
SCN_009,705,23.4667,cand_001,541,354,10,10,546.0,359.0,81.0,250.0,1.0
SCN_009,705,23.4667,cand_002,360,103,10,10,365.0,108.0,81.0,250.0,1.0
SCN_009,706,23.5,cand_001,542,355,10,10,547.0,360.0,81.0,250.0,1.0
SCN_009,706,23.5,cand_002,360,103,10,10,365.0,108.0,81.0,250.0,1.0
SCN_009,707,23.5333,cand_001,543,355,10,10,548.0,360.0,81.0,250.0,1.0
SCN_009,707,23.5333,cand_002,361,104,10,10,366.0,109.0,81.0,250.0,1.0
SCN_009,708,23.5667,cand_001,543,355,10,10,548.0,360.0,81.0,250.0,1.0
SCN_009,708,23.5667,cand_002,362,104,10,10,367.0,109.0,81.0,250.0,1.0
SCN_009,709,23.6,cand_001,544,355,10,10,549.0,360.0,81.0,250.0,1.0
SCN_009,709,23.6,cand_002,363,104,10,10,368.0,109.0,81.0,250.0,1.0
SCN_009,710,23.6333,cand_001,364,105,10,10,369.0,110.0,81.0,250.0,1.0
SCN_009,710,23.6333,cand_002,544,356,10,10,549.0,361.0,81.0,250.0,1.0
SCN_009,711,23.6667,cand_001,365,105,10,10,370.0,110.0,81.0,250.0,1.0
SCN_009,711,23.6667,cand_002,545,356,10,10,550.0,361.0,81.0,250.0,1.0
SCN_009,712,23.7,cand_001,366,105,10,10,371.0,110.0,81.0,250.0,1.0
SCN_009,712,23.7,cand_002,546,356,10,10,551.0,361.0,81.0,250.0,1.0
SCN_009,713,23.7333,cand_001,367,106,10,10,372.0,111.0,81.0,250.0,1.0
SCN_009,713,23.7333,cand_002,546,357,10,10,551.0,362.0,81.0,250.0,1.0
SCN_009,714,23.7667,cand_001,368,106,10,10,373.0,111.0,81.0,250.0,1.0
SCN_009,714,23.7667,cand_002,547,357,10,10,552.0,362.0,81.0,250.0,1.0
SCN_009,715,23.8,cand_001,369,106,10,10,374.0,111.0,81.0,250.0,1.0
SCN_009,715,23.8,cand_002,547,357,10,10,552.0,362.0,81.0,250.0,1.0
SCN_009,716,23.8333,cand_001,548,357,10,10,553.0,362.0,81.0,250.0,1.0
SCN_009,716,23.8333,cand_002,370,107,10,10,375.0,112.0,81.0,250.0,1.0
SCN_009,717,23.8667,cand_001,549,358,10,10,554.0,363.0,81.0,250.0,1.0
SCN_009,717,23.8667,cand_002,371,107,10,10,376.0,112.0,81.0,250.0,1.0
SCN_009,718,23.9,cand_001,549,358,10,10,554.0,363.0,81.0,250.0,1.0
SCN_009,718,23.9,cand_002,372,108,10,10,377.0,113.0,81.0,250.0,1.0
SCN_009,719,23.9333,cand_001,550,358,10,10,555.0,363.0,81.0,250.0,1.0
SCN_009,719,23.9333,cand_002,373,108,10,10,378.0,113.0,81.0,250.0,1.0
SCN_009,720,23.9667,cand_001,550,359,10,10,555.0,364.0,81.0,250.0,1.0
SCN_009,720,23.9667,cand_002,374,108,10,10,379.0,113.0,81.0,250.0,1.0
SCN_009,721,24.0,cand_001,551,359,10,10,556.0,364.0,81.0,250.0,1.0
SCN_009,721,24.0,cand_002,374,109,10,10,379.0,114.0,81.0,250.0,1.0
SCN_009,722,24.0333,cand_001,552,359,10,10,557.0,364.0,81.0,250.0,1.0
SCN_009,722,24.0333,cand_002,375,109,10,10,380.0,114.0,81.0,250.0,1.0
SCN_009,723,24.0667,cand_001,552,359,10,10,557.0,364.0,81.0,250.0,1.0
SCN_009,723,24.0667,cand_002,376,110,10,10,381.0,115.0,81.0,250.0,1.0
SCN_009,724,24.1,cand_001,553,360,10,10,558.0,365.0,81.0,250.0,1.0
SCN_009,724,24.1,cand_002,377,110,10,10,382.0,115.0,81.0,250.0,1.0
SCN_009,725,24.1333,cand_001,553,360,10,10,558.0,365.0,81.0,250.0,1.0
SCN_009,725,24.1333,cand_002,378,110,10,10,383.0,115.0,81.0,250.0,1.0
SCN_009,726,24.1667,cand_001,379,111,10,10,384.0,116.0,81.0,250.0,1.0
SCN_009,726,24.1667,cand_002,554,360,10,10,559.0,365.0,81.0,250.0,1.0
SCN_009,727,24.2,cand_001,380,111,10,10,385.0,116.0,81.0,250.0,1.0
SCN_009,727,24.2,cand_002,555,361,10,10,560.0,366.0,81.0,250.0,1.0
SCN_009,728,24.2333,cand_001,381,112,10,10,386.0,117.0,81.0,250.0,1.0
SCN_009,728,24.2333,cand_002,555,361,10,10,560.0,366.0,81.0,250.0,1.0
SCN_009,729,24.2667,cand_001,382,112,10,10,387.0,117.0,81.0,250.0,1.0
SCN_009,729,24.2667,cand_002,556,361,10,10,561.0,366.0,81.0,250.0,1.0
SCN_009,730,24.3,cand_001,382,113,10,10,387.0,118.0,81.0,250.0,1.0
SCN_009,730,24.3,cand_002,556,361,10,10,561.0,366.0,81.0,250.0,1.0
SCN_009,731,24.3333,cand_001,557,362,10,10,562.0,367.0,81.0,250.0,1.0
SCN_009,731,24.3333,cand_002,383,113,10,10,388.0,118.0,81.0,250.0,1.0
SCN_009,732,24.3667,cand_001,558,362,10,10,563.0,367.0,81.0,250.0,1.0
SCN_009,732,24.3667,cand_002,384,114,10,10,389.0,119.0,81.0,250.0,1.0
SCN_009,733,24.4,cand_001,558,362,10,10,563.0,367.0,81.0,250.0,1.0
SCN_009,733,24.4,cand_002,385,114,10,10,390.0,119.0,81.0,250.0,1.0
SCN_009,734,24.4333,cand_001,386,115,10,10,391.0,120.0,81.0,250.0,1.0
SCN_009,734,24.4333,cand_002,559,363,10,10,564.0,368.0,81.0,250.0,1.0
SCN_009,735,24.4667,cand_001,387,115,10,10,392.0,120.0,81.0,250.0,1.0
SCN_009,735,24.4667,cand_002,559,363,10,10,564.0,368.0,81.0,250.0,1.0
SCN_009,736,24.5,cand_001,560,363,10,10,565.0,368.0,81.0,250.0,1.0
SCN_009,736,24.5,cand_002,388,116,10,10,393.0,121.0,81.0,250.0,1.0
SCN_009,737,24.5333,cand_001,561,363,10,10,566.0,368.0,81.0,250.0,1.0
SCN_009,737,24.5333,cand_002,389,116,10,10,394.0,121.0,81.0,250.0,1.0
SCN_009,738,24.5667,cand_001,561,364,10,10,566.0,369.0,81.0,250.0,1.0
SCN_009,738,24.5667,cand_002,389,117,10,10,394.0,122.0,81.0,250.0,1.0
SCN_009,739,24.6,cand_001,562,364,10,10,567.0,369.0,81.0,250.0,1.0
SCN_009,739,24.6,cand_002,390,117,10,10,395.0,122.0,81.0,250.0,1.0
SCN_009,740,24.6333,cand_001,563,364,10,10,568.0,369.0,81.0,250.0,1.0
SCN_009,740,24.6333,cand_002,391,118,10,10,396.0,123.0,81.0,250.0,1.0
SCN_009,741,24.6667,cand_001,563,364,10,10,568.0,369.0,81.0,250.0,1.0
SCN_009,741,24.6667,cand_002,392,118,10,10,397.0,123.0,81.0,250.0,1.0
SCN_009,742,24.7,cand_001,564,365,10,10,569.0,370.0,81.0,250.0,1.0
SCN_009,742,24.7,cand_002,393,119,10,10,398.0,124.0,81.0,250.0,1.0
SCN_009,743,24.7333,cand_001,564,365,10,10,569.0,370.0,81.0,250.0,1.0
SCN_009,743,24.7333,cand_002,394,119,10,10,399.0,124.0,81.0,250.0,1.0
SCN_009,744,24.7667,cand_001,565,365,10,10,570.0,370.0,81.0,250.0,1.0
SCN_009,744,24.7667,cand_002,394,120,10,10,399.0,125.0,81.0,250.0,1.0
SCN_009,745,24.8,cand_001,566,366,10,10,571.0,371.0,81.0,250.0,1.0
SCN_009,745,24.8,cand_002,395,121,10,10,400.0,126.0,81.0,250.0,1.0
SCN_009,746,24.8333,cand_001,566,366,10,10,571.0,371.0,81.0,250.0,1.0
SCN_009,746,24.8333,cand_002,396,121,10,10,401.0,126.0,81.0,250.0,1.0
SCN_009,747,24.8667,cand_001,567,366,10,10,572.0,371.0,81.0,250.0,1.0
SCN_009,747,24.8667,cand_002,397,122,10,10,402.0,127.0,81.0,250.0,1.0
SCN_009,748,24.9,cand_001,567,366,10,10,572.0,371.0,81.0,250.0,1.0
SCN_009,748,24.9,cand_002,398,122,10,10,403.0,127.0,81.0,250.0,1.0
SCN_009,749,24.9333,cand_001,568,367,10,10,573.0,372.0,81.0,250.0,1.0
SCN_009,749,24.9333,cand_002,399,123,10,10,404.0,128.0,81.0,250.0,1.0
SCN_009,750,24.9667,cand_001,399,124,10,10,404.0,129.0,81.0,250.0,1.0
SCN_009,750,24.9667,cand_002,569,367,10,10,574.0,372.0,81.0,250.0,1.0
SCN_009,751,25.0,cand_001,400,124,10,10,405.0,129.0,81.0,250.0,1.0
SCN_009,751,25.0,cand_002,569,367,10,10,574.0,372.0,81.0,250.0,1.0
SCN_009,752,25.0333,cand_001,570,368,10,10,575.0,373.0,81.0,250.0,1.0
SCN_009,752,25.0333,cand_002,401,125,10,10,406.0,130.0,81.0,250.0,1.0
SCN_009,753,25.0667,cand_001,570,368,10,10,575.0,373.0,81.0,250.0,1.0
SCN_009,753,25.0667,cand_002,402,125,10,10,407.0,130.0,81.0,250.0,1.0
SCN_009,754,25.1,cand_001,403,126,10,10,408.0,131.0,81.0,250.0,1.0
SCN_009,754,25.1,cand_002,571,368,10,10,576.0,373.0,81.0,250.0,1.0
SCN_009,755,25.1333,cand_001,572,368,10,10,577.0,373.0,81.0,250.0,1.0
SCN_009,755,25.1333,cand_002,403,127,10,10,408.0,132.0,81.0,250.0,1.0
SCN_009,756,25.1667,cand_001,572,369,10,10,577.0,374.0,81.0,250.0,1.0
SCN_009,756,25.1667,cand_002,404,127,10,10,409.0,132.0,81.0,250.0,1.0
SCN_009,757,25.2,cand_001,405,128,10,10,410.0,133.0,81.0,250.0,1.0
SCN_009,757,25.2,cand_002,573,369,10,10,578.0,374.0,81.0,250.0,1.0
SCN_009,758,25.2333,cand_001,573,369,10,10,578.0,374.0,81.0,250.0,1.0
SCN_009,758,25.2333,cand_002,406,128,10,10,411.0,133.0,81.0,250.0,1.0
SCN_009,759,25.2667,cand_001,406,129,10,10,411.0,134.0,81.0,250.0,1.0
SCN_009,759,25.2667,cand_002,574,370,10,10,579.0,375.0,81.0,250.0,1.0
SCN_009,760,25.3,cand_001,575,370,10,10,580.0,375.0,81.0,250.0,1.0
SCN_009,760,25.3,cand_002,407,130,10,10,412.0,135.0,81.0,250.0,1.0
SCN_009,761,25.3333,cand_001,408,130,10,10,413.0,135.0,81.0,250.0,1.0
SCN_009,761,25.3333,cand_002,575,370,10,10,580.0,375.0,81.0,250.0,1.0
SCN_009,762,25.3667,cand_001,409,131,10,10,414.0,136.0,81.0,250.0,1.0
SCN_009,762,25.3667,cand_002,576,370,10,10,581.0,375.0,81.0,250.0,1.0
SCN_009,763,25.4,cand_001,409,132,10,10,414.0,137.0,81.0,250.0,1.0
SCN_009,763,25.4,cand_002,576,371,10,10,581.0,376.0,81.0,250.0,1.0
SCN_009,764,25.4333,cand_001,410,132,10,10,415.0,137.0,81.0,250.0,1.0
SCN_009,764,25.4333,cand_002,577,371,10,10,582.0,376.0,81.0,250.0,1.0
SCN_009,765,25.4667,cand_001,411,133,10,10,416.0,138.0,81.0,250.0,1.0
SCN_009,765,25.4667,cand_002,578,371,10,10,583.0,376.0,81.0,250.0,1.0
SCN_009,766,25.5,cand_001,412,134,10,10,417.0,139.0,81.0,250.0,1.0
SCN_009,766,25.5,cand_002,578,372,10,10,583.0,377.0,81.0,250.0,1.0
SCN_009,767,25.5333,cand_001,412,134,10,10,417.0,139.0,81.0,250.0,1.0
SCN_009,767,25.5333,cand_002,579,372,10,10,584.0,377.0,81.0,250.0,1.0
SCN_009,768,25.5667,cand_001,579,372,10,10,584.0,377.0,81.0,250.0,1.0
SCN_009,768,25.5667,cand_002,413,135,10,10,418.0,140.0,81.0,250.0,1.0
SCN_009,769,25.6,cand_001,580,372,10,10,585.0,377.0,81.0,250.0,1.0
SCN_009,769,25.6,cand_002,414,136,10,10,419.0,141.0,81.0,250.0,1.0
SCN_009,770,25.6333,cand_001,581,373,10,10,586.0,378.0,81.0,250.0,1.0
SCN_009,770,25.6333,cand_002,415,137,10,10,420.0,142.0,81.0,250.0,1.0
SCN_009,771,25.6667,cand_001,581,373,10,10,586.0,378.0,81.0,250.0,1.0
SCN_009,771,25.6667,cand_002,415,137,10,10,420.0,142.0,81.0,250.0,1.0
SCN_009,772,25.7,cand_001,582,373,10,10,587.0,378.0,81.0,250.0,1.0
SCN_009,772,25.7,cand_002,416,138,10,10,421.0,143.0,81.0,250.0,1.0
SCN_009,773,25.7333,cand_001,582,374,10,10,587.0,379.0,81.0,250.0,1.0
SCN_009,773,25.7333,cand_002,417,139,10,10,422.0,144.0,81.0,250.0,1.0
SCN_009,774,25.7667,cand_001,583,374,10,10,588.0,379.0,81.0,250.0,1.0
SCN_009,774,25.7667,cand_002,417,139,10,10,422.0,144.0,81.0,250.0,1.0
SCN_009,775,25.8,cand_001,584,374,10,10,589.0,379.0,81.0,250.0,1.0
SCN_009,775,25.8,cand_002,418,140,10,10,423.0,145.0,81.0,250.0,1.0
SCN_009,776,25.8333,cand_001,584,374,10,10,589.0,379.0,81.0,250.0,1.0
SCN_009,776,25.8333,cand_002,419,141,10,10,424.0,146.0,81.0,250.0,1.0
SCN_009,777,25.8667,cand_001,419,142,10,10,424.0,147.0,81.0,250.0,1.0
SCN_009,777,25.8667,cand_002,585,375,10,10,590.0,380.0,81.0,250.0,1.0
SCN_009,778,25.9,cand_001,420,142,10,10,425.0,147.0,81.0,250.0,1.0
SCN_009,778,25.9,cand_002,585,375,10,10,590.0,380.0,81.0,250.0,1.0
SCN_009,779,25.9333,cand_001,586,375,10,10,591.0,380.0,81.0,250.0,1.0
SCN_009,779,25.9333,cand_002,421,143,10,10,426.0,148.0,81.0,250.0,1.0
SCN_009,780,25.9667,cand_001,421,144,10,10,426.0,149.0,81.0,250.0,1.0
SCN_009,780,25.9667,cand_002,587,375,10,10,592.0,380.0,81.0,250.0,1.0
SCN_009,781,26.0,cand_001,587,376,10,10,592.0,381.0,81.0,250.0,1.0
SCN_009,781,26.0,cand_002,422,145,10,10,427.0,150.0,81.0,250.0,1.0
SCN_009,782,26.0333,cand_001,588,376,10,10,593.0,381.0,81.0,250.0,1.0
SCN_009,782,26.0333,cand_002,423,145,10,10,428.0,150.0,81.0,250.0,1.0
SCN_009,783,26.0667,cand_001,588,376,10,10,593.0,381.0,81.0,250.0,1.0
SCN_009,783,26.0667,cand_002,423,146,10,10,428.0,151.0,81.0,250.0,1.0
SCN_009,784,26.1,cand_001,424,147,10,10,429.0,152.0,81.0,250.0,1.0
SCN_009,784,26.1,cand_002,589,377,10,10,594.0,382.0,81.0,250.0,1.0
SCN_009,785,26.1333,cand_001,590,377,10,10,595.0,382.0,81.0,250.0,1.0
SCN_009,785,26.1333,cand_002,425,148,10,10,430.0,153.0,81.0,250.0,1.0
SCN_009,786,26.1667,cand_001,590,377,10,10,595.0,382.0,81.0,250.0,1.0
SCN_009,786,26.1667,cand_002,425,148,10,10,430.0,153.0,81.0,250.0,1.0
SCN_009,787,26.2,cand_001,591,377,10,10,596.0,382.0,81.0,250.0,1.0
SCN_009,787,26.2,cand_002,426,149,10,10,431.0,154.0,81.0,250.0,1.0
SCN_009,788,26.2333,cand_001,592,378,10,10,597.0,383.0,81.0,250.0,1.0
SCN_009,788,26.2333,cand_002,426,150,10,10,431.0,155.0,81.0,250.0,1.0
SCN_009,789,26.2667,cand_001,592,378,10,10,597.0,383.0,81.0,250.0,1.0
SCN_009,789,26.2667,cand_002,427,151,10,10,432.0,156.0,81.0,250.0,1.0
SCN_009,790,26.3,cand_001,593,378,10,10,598.0,383.0,81.0,250.0,1.0
SCN_009,790,26.3,cand_002,428,152,10,10,433.0,157.0,81.0,250.0,1.0
SCN_009,791,26.3333,cand_001,593,379,10,10,598.0,384.0,81.0,250.0,1.0
SCN_009,791,26.3333,cand_002,428,152,10,10,433.0,157.0,81.0,250.0,1.0
SCN_009,792,26.3667,cand_001,594,379,10,10,599.0,384.0,81.0,250.0,1.0
SCN_009,792,26.3667,cand_002,429,153,10,10,434.0,158.0,81.0,250.0,1.0
SCN_009,793,26.4,cand_001,595,379,10,10,600.0,384.0,81.0,250.0,1.0
SCN_009,793,26.4,cand_002,429,154,10,10,434.0,159.0,81.0,250.0,1.0
SCN_009,794,26.4333,cand_001,595,379,10,10,600.0,384.0,81.0,250.0,1.0
SCN_009,794,26.4333,cand_002,430,155,10,10,435.0,160.0,81.0,250.0,1.0
SCN_009,795,26.4667,cand_001,596,380,10,10,601.0,385.0,81.0,250.0,1.0
SCN_009,795,26.4667,cand_002,431,156,10,10,436.0,161.0,81.0,250.0,1.0
SCN_009,796,26.5,cand_001,596,380,10,10,601.0,385.0,81.0,250.0,1.0
SCN_009,796,26.5,cand_002,431,156,10,10,436.0,161.0,81.0,250.0,1.0
SCN_009,797,26.5333,cand_001,597,380,10,10,602.0,385.0,81.0,250.0,1.0
SCN_009,797,26.5333,cand_002,432,157,10,10,437.0,162.0,81.0,250.0,1.0
SCN_009,798,26.5667,cand_001,598,381,10,10,603.0,386.0,81.0,250.0,1.0
SCN_009,798,26.5667,cand_002,432,158,10,10,437.0,163.0,81.0,250.0,1.0
SCN_009,799,26.6,cand_001,598,381,10,10,603.0,386.0,81.0,250.0,1.0
SCN_009,799,26.6,cand_002,433,159,10,10,438.0,164.0,81.0,250.0,1.0
SCN_009,800,26.6333,cand_001,599,381,10,10,604.0,386.0,81.0,250.0,1.0
SCN_009,800,26.6333,cand_002,433,160,10,10,438.0,165.0,81.0,250.0,1.0
SCN_009,801,26.6667,cand_001,599,381,10,10,604.0,386.0,81.0,250.0,1.0
SCN_009,801,26.6667,cand_002,434,161,10,10,439.0,166.0,81.0,250.0,1.0
SCN_009,802,26.7,cand_001,600,382,10,10,605.0,387.0,81.0,250.0,1.0
SCN_009,802,26.7,cand_002,434,161,10,10,439.0,166.0,81.0,250.0,1.0
SCN_009,803,26.7333,cand_001,435,162,10,10,440.0,167.0,81.0,250.0,1.0
SCN_009,803,26.7333,cand_002,601,382,10,10,606.0,387.0,81.0,250.0,1.0
SCN_009,804,26.7667,cand_001,601,382,10,10,606.0,387.0,81.0,250.0,1.0
SCN_009,804,26.7667,cand_002,436,163,10,10,441.0,168.0,81.0,250.0,1.0
SCN_009,805,26.8,cand_001,436,164,10,10,441.0,169.0,81.0,250.0,1.0
SCN_009,805,26.8,cand_002,602,383,10,10,607.0,388.0,81.0,250.0,1.0
SCN_009,806,26.8333,cand_001,437,165,10,10,442.0,170.0,81.0,250.0,1.0
SCN_009,806,26.8333,cand_002,602,383,10,10,607.0,388.0,81.0,250.0,1.0
SCN_009,807,26.8667,cand_001,437,166,10,10,442.0,171.0,81.0,250.0,1.0
SCN_009,807,26.8667,cand_002,603,383,10,10,608.0,388.0,81.0,250.0,1.0
SCN_009,808,26.9,cand_001,438,167,10,10,443.0,172.0,81.0,250.0,1.0
SCN_009,808,26.9,cand_002,604,383,10,10,609.0,388.0,81.0,250.0,1.0
SCN_009,809,26.9333,cand_001,604,384,10,10,609.0,389.0,81.0,250.0,1.0
SCN_009,809,26.9333,cand_002,438,167,10,10,443.0,172.0,81.0,250.0,1.0
SCN_009,810,26.9667,cand_001,439,168,10,10,444.0,173.0,81.0,250.0,1.0
SCN_009,810,26.9667,cand_002,605,384,10,10,610.0,389.0,81.0,250.0,1.0
SCN_009,811,27.0,cand_001,605,384,10,10,610.0,389.0,81.0,250.0,1.0
SCN_009,811,27.0,cand_002,439,169,10,10,444.0,174.0,81.0,250.0,1.0
SCN_009,812,27.0333,cand_001,440,170,10,10,445.0,175.0,81.0,250.0,1.0
SCN_009,812,27.0333,cand_002,606,384,10,10,611.0,389.0,81.0,250.0,1.0
SCN_009,813,27.0667,cand_001,440,171,10,10,445.0,176.0,81.0,250.0,1.0
SCN_009,813,27.0667,cand_002,607,385,10,10,612.0,390.0,81.0,250.0,1.0
SCN_009,814,27.1,cand_001,440,172,10,10,445.0,177.0,81.0,250.0,1.0
SCN_009,814,27.1,cand_002,607,385,10,10,612.0,390.0,81.0,250.0,1.0
SCN_009,815,27.1333,cand_001,608,385,10,10,613.0,390.0,81.0,250.0,1.0
SCN_009,815,27.1333,cand_002,441,173,10,10,446.0,178.0,81.0,250.0,1.0
SCN_009,816,27.1667,cand_001,441,174,10,10,446.0,179.0,81.0,250.0,1.0
SCN_009,816,27.1667,cand_002,608,386,10,10,613.0,391.0,81.0,250.0,1.0
SCN_009,817,27.2,cand_001,609,386,10,10,614.0,391.0,81.0,250.0,1.0
SCN_009,817,27.2,cand_002,442,175,10,10,447.0,180.0,81.0,250.0,1.0
SCN_009,818,27.2333,cand_001,442,175,10,10,447.0,180.0,81.0,250.0,1.0
SCN_009,818,27.2333,cand_002,610,386,10,10,615.0,391.0,81.0,250.0,1.0
SCN_009,819,27.2667,cand_001,443,176,10,10,448.0,181.0,81.0,250.0,1.0
SCN_009,819,27.2667,cand_002,610,386,10,10,615.0,391.0,81.0,250.0,1.0
SCN_009,820,27.3,cand_001,443,177,10,10,448.0,182.0,81.0,250.0,1.0
SCN_009,820,27.3,cand_002,611,387,10,10,616.0,392.0,81.0,250.0,1.0
SCN_009,821,27.3333,cand_001,611,387,10,10,616.0,392.0,81.0,250.0,1.0
SCN_009,821,27.3333,cand_002,443,178,10,10,448.0,183.0,81.0,250.0,1.0
SCN_009,822,27.3667,cand_001,612,387,10,10,617.0,392.0,81.0,250.0,1.0
SCN_009,822,27.3667,cand_002,444,179,10,10,449.0,184.0,81.0,250.0,1.0
SCN_009,823,27.4,cand_001,613,388,10,10,618.0,393.0,81.0,250.0,1.0
SCN_009,823,27.4,cand_002,444,180,10,10,449.0,185.0,81.0,250.0,1.0
SCN_009,824,27.4333,cand_001,613,388,10,10,618.0,393.0,81.0,250.0,1.0
SCN_009,824,27.4333,cand_002,445,181,10,10,450.0,186.0,81.0,250.0,1.0
SCN_009,825,27.4667,cand_001,614,388,10,10,619.0,393.0,81.0,250.0,1.0
SCN_009,825,27.4667,cand_002,445,182,10,10,450.0,187.0,81.0,250.0,1.0
SCN_009,826,27.5,cand_001,614,388,10,10,619.0,393.0,81.0,250.0,1.0
SCN_009,826,27.5,cand_002,445,183,10,10,450.0,188.0,81.0,250.0,1.0
SCN_009,827,27.5333,cand_001,615,389,10,10,620.0,394.0,81.0,250.0,1.0
SCN_009,827,27.5333,cand_002,446,184,10,10,451.0,189.0,81.0,250.0,1.0
SCN_009,828,27.5667,cand_001,616,389,10,10,621.0,394.0,81.0,250.0,1.0
SCN_009,828,27.5667,cand_002,446,185,10,10,451.0,190.0,81.0,250.0,1.0
SCN_009,829,27.6,cand_001,616,389,10,10,621.0,394.0,81.0,250.0,1.0
SCN_009,829,27.6,cand_002,447,186,10,10,452.0,191.0,81.0,250.0,1.0
SCN_009,830,27.6333,cand_001,617,390,10,10,622.0,395.0,81.0,250.0,1.0
SCN_009,830,27.6333,cand_002,447,186,10,10,452.0,191.0,81.0,250.0,1.0
SCN_009,831,27.6667,cand_001,617,390,10,10,622.0,395.0,81.0,250.0,1.0
SCN_009,831,27.6667,cand_002,447,187,10,10,452.0,192.0,81.0,250.0,1.0
SCN_009,832,27.7,cand_001,618,390,10,10,623.0,395.0,81.0,250.0,1.0
SCN_009,832,27.7,cand_002,448,188,10,10,453.0,193.0,81.0,250.0,1.0
SCN_009,833,27.7333,cand_001,448,189,10,10,453.0,194.0,81.0,250.0,1.0
SCN_009,833,27.7333,cand_002,619,390,10,10,624.0,395.0,81.0,250.0,1.0
SCN_009,834,27.7667,cand_001,448,190,10,10,453.0,195.0,81.0,250.0,1.0
SCN_009,834,27.7667,cand_002,619,391,10,10,624.0,396.0,81.0,250.0,1.0
SCN_009,835,27.8,cand_001,449,191,10,10,454.0,196.0,81.0,250.0,1.0
SCN_009,835,27.8,cand_002,620,391,10,10,625.0,396.0,81.0,250.0,1.0
SCN_009,836,27.8333,cand_001,449,192,10,10,454.0,197.0,81.0,250.0,1.0
SCN_009,836,27.8333,cand_002,621,391,10,10,626.0,396.0,81.0,250.0,1.0
SCN_009,837,27.8667,cand_001,449,193,10,10,454.0,198.0,81.0,250.0,1.0
SCN_009,837,27.8667,cand_002,621,392,10,10,626.0,397.0,81.0,250.0,1.0
SCN_009,838,27.9,cand_001,450,194,10,10,455.0,199.0,81.0,250.0,1.0
SCN_009,838,27.9,cand_002,622,392,10,10,627.0,397.0,81.0,250.0,1.0
SCN_009,839,27.9333,cand_001,450,195,10,10,455.0,200.0,81.0,250.0,1.0
SCN_009,839,27.9333,cand_002,622,392,10,10,627.0,397.0,81.0,250.0,1.0
SCN_009,840,27.9667,cand_001,450,196,10,10,455.0,201.0,81.0,250.0,1.0
SCN_009,840,27.9667,cand_002,623,392,10,10,628.0,397.0,81.0,250.0,1.0
SCN_009,841,28.0,cand_001,624,393,10,10,629.0,398.0,81.0,250.0,1.0
SCN_009,841,28.0,cand_002,450,197,10,10,455.0,202.0,81.0,250.0,1.0
SCN_009,842,28.0333,cand_001,451,198,10,10,456.0,203.0,81.0,250.0,1.0
SCN_009,842,28.0333,cand_002,624,393,10,10,629.0,398.0,81.0,250.0,1.0
SCN_009,843,28.0667,cand_001,451,199,10,10,456.0,204.0,81.0,250.0,1.0
SCN_009,843,28.0667,cand_002,625,393,10,10,630.0,398.0,81.0,250.0,1.0
SCN_009,844,28.1,cand_001,451,200,10,10,456.0,205.0,81.0,250.0,1.0
SCN_009,844,28.1,cand_002,625,394,10,10,630.0,399.0,81.0,250.0,1.0
SCN_009,845,28.1333,cand_001,451,201,10,10,456.0,206.0,81.0,250.0,1.0
SCN_009,845,28.1333,cand_002,626,394,10,10,631.0,399.0,81.0,250.0,1.0
SCN_009,846,28.1667,cand_001,627,394,10,10,632.0,399.0,81.0,250.0,1.0
SCN_009,846,28.1667,cand_002,452,202,10,10,457.0,207.0,81.0,250.0,1.0
SCN_009,847,28.2,cand_001,627,394,10,10,632.0,399.0,81.0,250.0,1.0
SCN_009,847,28.2,cand_002,452,203,10,10,457.0,208.0,81.0,250.0,1.0
SCN_009,848,28.2333,cand_001,628,395,10,10,633.0,400.0,81.0,250.0,1.0
SCN_009,848,28.2333,cand_002,452,204,10,10,457.0,209.0,81.0,250.0,1.0
SCN_009,849,28.2667,cand_001,628,395,10,10,633.0,400.0,81.0,250.0,1.0
SCN_009,849,28.2667,cand_002,452,205,10,10,457.0,210.0,81.0,250.0,1.0
SCN_009,850,28.3,cand_001,629,395,10,10,634.0,400.0,81.0,250.0,1.0
SCN_009,850,28.3,cand_002,453,206,10,10,458.0,211.0,81.0,250.0,1.0
SCN_009,851,28.3333,cand_001,630,395,10,10,635.0,400.0,81.0,250.0,1.0
SCN_009,851,28.3333,cand_002,453,207,10,10,458.0,212.0,81.0,250.0,1.0
SCN_009,852,28.3667,cand_001,630,396,10,10,635.0,401.0,81.0,250.0,1.0
SCN_009,852,28.3667,cand_002,453,208,10,10,458.0,213.0,81.0,250.0,1.0
SCN_009,853,28.4,cand_001,631,396,9,10,635.5,401.0,72.0,250.0,1.0
SCN_009,853,28.4,cand_002,453,209,10,10,458.0,214.0,81.0,250.0,1.0
SCN_009,854,28.4333,cand_001,631,396,9,10,635.5,401.0,72.0,250.0,1.0
SCN_009,854,28.4333,cand_002,453,210,10,10,458.0,215.0,81.0,250.0,1.0
SCN_009,855,28.4667,cand_001,631,397,9,10,635.5,402.0,72.0,250.0,1.0
SCN_009,855,28.4667,cand_002,454,210,10,10,459.0,215.0,81.0,250.0,1.0
SCN_009,856,28.5,cand_001,631,397,9,10,635.5,402.0,72.0,250.0,1.0
SCN_009,856,28.5,cand_002,454,211,10,10,459.0,216.0,81.0,250.0,1.0
SCN_009,857,28.5333,cand_001,631,397,9,10,635.5,402.0,72.0,250.0,1.0
SCN_009,857,28.5333,cand_002,454,212,10,10,459.0,217.0,81.0,250.0,1.0
SCN_009,858,28.5667,cand_001,631,397,9,10,635.5,402.0,72.0,250.0,1.0
SCN_009,858,28.5667,cand_002,454,213,10,10,459.0,218.0,81.0,250.0,1.0
SCN_009,859,28.6,cand_001,631,398,9,10,635.5,403.0,72.0,250.0,1.0
SCN_009,859,28.6,cand_002,454,214,10,10,459.0,219.0,81.0,250.0,1.0
SCN_009,860,28.6333,cand_001,631,398,9,10,635.5,403.0,72.0,250.0,1.0
SCN_009,860,28.6333,cand_002,454,215,10,10,459.0,220.0,81.0,250.0,1.0
SCN_009,861,28.6667,cand_001,631,398,9,10,635.5,403.0,72.0,250.0,1.0
SCN_009,861,28.6667,cand_002,455,216,10,10,460.0,221.0,81.0,250.0,1.0
SCN_009,862,28.7,cand_001,455,217,10,10,460.0,222.0,81.0,250.0,1.0
SCN_009,863,28.7333,cand_001,455,218,10,10,460.0,223.0,81.0,250.0,1.0
SCN_009,864,28.7667,cand_001,455,219,10,10,460.0,224.0,81.0,250.0,1.0
SCN_009,865,28.8,cand_001,455,220,10,10,460.0,225.0,81.0,250.0,1.0
SCN_009,866,28.8333,cand_001,455,221,10,10,460.0,226.0,81.0,250.0,1.0
SCN_009,867,28.8667,cand_001,455,222,10,10,460.0,227.0,81.0,250.0,1.0
SCN_009,868,28.9,cand_001,455,223,10,10,460.0,228.0,81.0,250.0,1.0
SCN_009,869,28.9333,cand_001,456,224,10,10,461.0,229.0,81.0,250.0,1.0
SCN_009,870,28.9667,cand_001,456,225,10,10,461.0,230.0,81.0,250.0,1.0
SCN_009,871,29.0,cand_001,456,226,10,10,461.0,231.0,81.0,250.0,1.0
SCN_009,872,29.0333,cand_001,456,227,10,10,461.0,232.0,81.0,250.0,1.0
SCN_009,873,29.0667,cand_001,456,228,10,10,461.0,233.0,81.0,250.0,1.0
SCN_009,874,29.1,cand_001,456,229,10,10,461.0,234.0,81.0,250.0,1.0
SCN_009,875,29.1333,cand_001,456,230,10,10,461.0,235.0,81.0,250.0,1.0
SCN_009,876,29.1667,cand_001,456,231,10,10,461.0,236.0,81.0,250.0,1.0
SCN_009,877,29.2,cand_001,456,232,10,10,461.0,237.0,81.0,250.0,1.0
SCN_009,878,29.2333,cand_001,456,233,10,10,461.0,238.0,81.0,250.0,1.0
SCN_009,879,29.2667,cand_001,456,234,10,10,461.0,239.0,81.0,250.0,1.0
SCN_009,880,29.3,cand_001,456,235,10,10,461.0,240.0,81.0,250.0,1.0
SCN_009,881,29.3333,cand_001,456,236,10,10,461.0,241.0,81.0,250.0,1.0
SCN_009,882,29.3667,cand_001,456,237,10,10,461.0,242.0,81.0,250.0,1.0
SCN_009,883,29.4,cand_001,456,238,10,10,461.0,243.0,81.0,250.0,1.0
SCN_009,884,29.4333,cand_001,456,239,10,10,461.0,244.0,81.0,250.0,1.0
SCN_009,885,29.4667,cand_001,456,240,10,10,461.0,245.0,81.0,250.0,1.0
SCN_009,886,29.5,cand_001,456,241,10,10,461.0,246.0,81.0,250.0,1.0
SCN_009,887,29.5333,cand_001,456,242,10,10,461.0,247.0,81.0,250.0,1.0
SCN_009,888,29.5667,cand_001,456,243,10,10,461.0,248.0,81.0,250.0,1.0
SCN_009,889,29.6,cand_001,456,244,10,10,461.0,249.0,81.0,250.0,1.0
SCN_009,890,29.6333,cand_001,456,245,10,10,461.0,250.0,81.0,250.0,1.0
SCN_009,891,29.6667,cand_001,456,246,10,10,461.0,251.0,81.0,250.0,1.0
SCN_009,892,29.7,cand_001,456,247,10,10,461.0,252.0,81.0,250.0,1.0
SCN_009,893,29.7333,cand_001,455,248,10,10,460.0,253.0,81.0,250.0,1.0
SCN_009,894,29.7667,cand_001,455,249,10,10,460.0,254.0,81.0,250.0,1.0
SCN_009,895,29.8,cand_001,455,250,10,10,460.0,255.0,81.0,250.0,1.0
SCN_009,896,29.8333,cand_001,455,251,10,10,460.0,256.0,81.0,250.0,1.0
SCN_009,897,29.8667,cand_001,455,252,10,10,460.0,257.0,81.0,250.0,1.0
SCN_009,898,29.9,cand_001,455,253,10,10,460.0,258.0,81.0,250.0,1.0
SCN_009,899,29.9333,cand_001,455,254,10,10,460.0,259.0,81.0,250.0,1.0
SCN_009,900,29.9667,cand_001,455,255,10,10,460.0,260.0,81.0,250.0,1.0
