scenario_id,frame_id,timestamp,target_id,target_role,detected,detected_center_x,detected_center_y,tracked_x,tracked_y,velocity_x,velocity_y,track_age,consecutive_hits,consecutive_misses,tracking_status,gt_center_x,gt_center_y,tracking_error,selected_for_alignment
SCN_011,1,0.0,TGT_001,COMMUNICATION_TARGET,true,171.0,166.0,171.0,166.0,0.0,0.0,1,1,0,ACQUIRING,170.0,165.0,1.414,True
SCN_011,1,0.0,TGT_002,DECOY_TARGET,true,171.0,326.0,171.0,326.0,0.0,0.0,1,1,0,ACQUIRING,170.0,325.0,1.414,False
SCN_011,1,0.0,TGT_003,DECOY_TARGET,true,331.0,366.0,331.0,366.0,0.0,0.0,1,1,0,ACQUIRING,330.0,365.0,1.414,False
SCN_011,2,0.0333,TGT_001,COMMUNICATION_TARGET,true,172.0,168.0,172.0,168.0,30.0,60.0,2,2,0,ACQUIRING,171.0,167.0,1.414,True
SCN_011,2,0.0333,TGT_002,DECOY_TARGET,true,172.0,327.0,172.0,327.0,30.0,30.0,2,2,0,ACQUIRING,171.0,326.0,1.414,False
SCN_011,2,0.0333,TGT_003,DECOY_TARGET,true,331.0,368.0,331.0,368.0,0.0,60.0,2,2,0,ACQUIRING,330.0,367.0,1.414,False
SCN_011,3,0.0667,TGT_001,COMMUNICATION_TARGET,true,173.0,167.0,173.0,167.0,30.0,-30.0,3,3,0,TRACKING,172.0,166.0,1.414,True
SCN_011,3,0.0667,TGT_002,DECOY_TARGET,true,173.0,325.0,173.0,325.0,30.0,-60.0,3,3,0,TRACKING,172.0,324.0,1.414,False
SCN_011,3,0.0667,TGT_003,DECOY_TARGET,true,330.0,366.0,330.0,366.0,-30.0,-60.0,3,3,0,TRACKING,329.0,365.0,1.414,False
SCN_011,4,0.1,TGT_001,COMMUNICATION_TARGET,true,174.0,164.0,174.0,164.0,30.0,-90.0,4,4,0,TRACKING,173.0,163.0,1.414,True
SCN_011,4,0.1,TGT_002,DECOY_TARGET,true,174.0,321.0,174.0,321.0,30.0,-120.0,4,4,0,TRACKING,173.0,320.0,1.414,False
SCN_011,4,0.1,TGT_003,DECOY_TARGET,true,329.0,362.0,329.0,362.0,-30.0,-120.0,4,4,0,TRACKING,328.0,361.0,1.414,False
SCN_011,5,0.1333,TGT_001,COMMUNICATION_TARGET,true,173.0,159.0,173.0,159.0,-30.0,-150.0,5,5,0,TRACKING,172.0,158.0,1.414,True
SCN_011,5,0.1333,TGT_002,DECOY_TARGET,true,173.0,315.0,173.0,315.0,-30.0,-180.0,5,5,0,TRACKING,172.0,314.0,1.414,False
SCN_011,5,0.1333,TGT_003,DECOY_TARGET,true,327.0,357.0,327.0,357.0,-60.0,-150.0,5,5,0,TRACKING,326.0,356.0,1.414,False
SCN_011,6,0.1667,TGT_001,COMMUNICATION_TARGET,true,174.0,157.0,174.0,157.0,30.0,-60.0,6,6,0,TRACKING,173.0,156.0,1.414,True
SCN_011,6,0.1667,TGT_002,DECOY_TARGET,true,174.0,312.0,174.0,312.0,30.0,-90.0,6,6,0,TRACKING,173.0,311.0,1.414,False
SCN_011,6,0.1667,TGT_003,DECOY_TARGET,true,326.0,354.0,326.0,354.0,-30.0,-90.0,6,6,0,TRACKING,325.0,353.0,1.414,False
SCN_011,7,0.2,TGT_001,COMMUNICATION_TARGET,true,172.0,158.0,172.0,158.0,-60.0,30.0,7,7,0,TRACKING,171.0,157.0,1.414,True
SCN_011,7,0.2,TGT_002,DECOY_TARGET,true,172.0,312.0,172.0,312.0,-60.0,0.0,7,7,0,TRACKING,171.0,311.0,1.414,False
SCN_011,7,0.2,TGT_003,DECOY_TARGET,true,323.0,355.0,323.0,355.0,-90.0,30.0,7,7,0,TRACKING,322.0,354.0,1.414,False
SCN_011,8,0.2333,TGT_001,COMMUNICATION_TARGET,true,169.0,162.0,169.0,162.0,-90.0,120.0,8,8,0,TRACKING,168.0,161.0,1.414,True
SCN_011,8,0.2333,TGT_002,DECOY_TARGET,true,169.0,315.0,169.0,315.0,-90.0,90.0,8,8,0,TRACKING,168.0,314.0,1.414,False
SCN_011,8,0.2333,TGT_003,DECOY_TARGET,true,319.0,358.0,319.0,358.0,-120.0,90.0,8,8,0,TRACKING,318.0,357.0,1.414,False
SCN_011,9,0.2667,TGT_001,COMMUNICATION_TARGET,true,168.0,165.0,168.0,165.0,-30.0,90.0,9,9,0,TRACKING,167.0,164.0,1.414,True
SCN_011,9,0.2667,TGT_002,DECOY_TARGET,true,168.0,317.0,168.0,317.0,-30.0,60.0,9,9,0,TRACKING,167.0,316.0,1.414,False
SCN_011,9,0.2667,TGT_003,DECOY_TARGET,true,316.0,361.0,316.0,361.0,-90.0,90.0,9,9,0,TRACKING,315.0,360.0,1.414,False
SCN_011,10,0.3,TGT_001,COMMUNICATION_TARGET,true,169.0,171.0,169.0,171.0,30.0,180.0,10,10,0,TRACKING,168.0,170.0,1.414,True
SCN_011,10,0.3,TGT_002,DECOY_TARGET,true,169.0,322.0,169.0,322.0,30.0,150.0,10,10,0,TRACKING,168.0,321.0,1.414,False
SCN_011,10,0.3,TGT_003,DECOY_TARGET,true,315.0,366.0,315.0,366.0,-30.0,150.0,10,10,0,TRACKING,314.0,365.0,1.414,False
SCN_011,11,0.3333,TGT_001,COMMUNICATION_TARGET,true,174.0,172.0,174.0,172.0,150.0,30.0,11,11,0,TRACKING,173.0,171.0,1.414,True
SCN_011,11,0.3333,TGT_002,DECOY_TARGET,true,174.0,323.0,174.0,323.0,150.0,30.0,11,11,0,TRACKING,173.0,322.0,1.414,False
SCN_011,11,0.3333,TGT_003,DECOY_TARGET,true,319.0,367.0,319.0,367.0,120.0,30.0,11,11,0,TRACKING,318.0,366.0,1.414,False
SCN_011,12,0.3667,TGT_001,COMMUNICATION_TARGET,true,180.0,171.0,180.0,171.0,180.0,-30.0,12,12,0,TRACKING,179.0,170.0,1.414,True
SCN_011,12,0.3667,TGT_002,DECOY_TARGET,true,180.0,320.0,180.0,320.0,180.0,-90.0,12,12,0,TRACKING,179.0,319.0,1.414,False
SCN_011,12,0.3667,TGT_003,DECOY_TARGET,true,324.0,366.0,324.0,366.0,150.0,-30.0,12,12,0,TRACKING,323.0,365.0,1.414,False
SCN_011,13,0.4,TGT_001,COMMUNICATION_TARGET,true,185.0,171.0,185.0,171.0,150.0,0.0,13,13,0,TRACKING,184.0,170.0,1.414,True
SCN_011,13,0.4,TGT_002,DECOY_TARGET,true,185.0,319.0,185.0,319.0,150.0,-30.0,13,13,0,TRACKING,184.0,318.0,1.414,False
SCN_011,13,0.4,TGT_003,DECOY_TARGET,true,326.0,365.0,326.0,365.0,60.0,-30.0,13,13,0,TRACKING,325.0,364.0,1.414,False
SCN_011,14,0.4333,TGT_001,COMMUNICATION_TARGET,true,185.0,171.0,185.0,171.0,0.0,0.0,14,14,0,TRACKING,184.0,170.0,1.414,True
SCN_011,14,0.4333,TGT_002,DECOY_TARGET,true,185.0,319.0,185.0,319.0,0.0,0.0,14,14,0,TRACKING,184.0,318.0,1.414,False
SCN_011,14,0.4333,TGT_003,DECOY_TARGET,true,325.0,365.0,325.0,365.0,-30.0,0.0,14,14,0,TRACKING,324.0,364.0,1.414,False
SCN_011,15,0.4667,TGT_001,COMMUNICATION_TARGET,true,181.0,173.0,181.0,173.0,-120.0,60.0,15,15,0,TRACKING,180.0,172.0,1.414,True
SCN_011,15,0.4667,TGT_002,DECOY_TARGET,true,181.0,319.0,181.0,319.0,-120.0,0.0,15,15,0,TRACKING,180.0,318.0,1.414,False
SCN_011,15,0.4667,TGT_003,DECOY_TARGET,true,320.0,365.0,320.0,365.0,-150.0,0.0,15,15,0,TRACKING,319.0,364.0,1.414,False
SCN_011,16,0.5,TGT_001,COMMUNICATION_TARGET,true,177.0,173.0,177.0,173.0,-120.0,0.0,16,16,0,TRACKING,176.0,172.0,1.414,True
SCN_011,16,0.5,TGT_002,DECOY_TARGET,true,177.0,318.0,177.0,318.0,-120.0,-30.0,16,16,0,TRACKING,176.0,317.0,1.414,False
SCN_011,16,0.5,TGT_003,DECOY_TARGET,true,314.0,365.0,314.0,365.0,-180.0,0.0,16,16,0,TRACKING,313.0,364.0,1.414,False
SCN_011,17,0.5333,TGT_001,COMMUNICATION_TARGET,true,175.0,172.0,175.0,172.0,-60.0,-30.0,17,17,0,TRACKING,174.0,171.0,1.414,True
SCN_011,17,0.5333,TGT_002,DECOY_TARGET,true,175.0,316.0,175.0,316.0,-60.0,-60.0,17,17,0,TRACKING,174.0,315.0,1.414,False
SCN_011,17,0.5333,TGT_003,DECOY_TARGET,true,310.0,363.0,310.0,363.0,-120.0,-60.0,17,17,0,TRACKING,309.0,362.0,1.414,False
SCN_011,18,0.5667,TGT_001,COMMUNICATION_TARGET,true,175.0,169.0,175.0,169.0,0.0,-90.0,18,18,0,TRACKING,174.0,168.0,1.414,True
SCN_011,18,0.5667,TGT_002,DECOY_TARGET,true,175.0,313.0,175.0,313.0,0.0,-90.0,18,18,0,TRACKING,174.0,312.0,1.414,False
SCN_011,18,0.5667,TGT_003,DECOY_TARGET,true,309.0,360.0,309.0,360.0,-30.0,-90.0,18,18,0,TRACKING,308.0,359.0,1.414,False
SCN_011,19,0.6,TGT_001,COMMUNICATION_TARGET,true,179.0,167.0,179.0,167.0,120.0,-60.0,19,19,0,TRACKING,178.0,166.0,1.414,True
SCN_011,19,0.6,TGT_002,DECOY_TARGET,true,179.0,310.0,179.0,310.0,120.0,-90.0,19,19,0,TRACKING,178.0,309.0,1.414,False
SCN_011,19,0.6,TGT_003,DECOY_TARGET,true,311.0,358.0,311.0,358.0,60.0,-60.0,19,19,0,TRACKING,310.0,357.0,1.414,False
SCN_011,20,0.6333,TGT_001,COMMUNICATION_TARGET,true,181.0,167.0,181.0,167.0,60.0,0.0,20,20,0,TRACKING,180.0,166.0,1.414,True
SCN_011,20,0.6333,TGT_002,DECOY_TARGET,true,181.0,308.0,181.0,308.0,60.0,-60.0,20,20,0,TRACKING,180.0,307.0,1.414,False
SCN_011,20,0.6333,TGT_003,DECOY_TARGET,true,312.0,356.0,312.0,356.0,30.0,-60.0,20,20,0,TRACKING,311.0,355.0,1.414,False
SCN_011,21,0.6667,TGT_001,COMMUNICATION_TARGET,true,183.0,170.0,183.0,170.0,60.0,90.0,21,21,0,TRACKING,182.0,169.0,1.414,True
SCN_011,21,0.6667,TGT_002,DECOY_TARGET,true,183.0,310.0,183.0,310.0,60.0,60.0,21,21,0,TRACKING,182.0,309.0,1.414,False
SCN_011,21,0.6667,TGT_003,DECOY_TARGET,true,313.0,359.0,313.0,359.0,30.0,90.0,21,21,0,TRACKING,312.0,358.0,1.414,False
SCN_011,22,0.7,TGT_001,COMMUNICATION_TARGET,true,184.0,175.0,184.0,175.0,30.0,150.0,22,22,0,TRACKING,183.0,174.0,1.414,True
SCN_011,22,0.7,TGT_002,DECOY_TARGET,true,184.0,314.0,184.0,314.0,30.0,120.0,22,22,0,TRACKING,183.0,313.0,1.414,False
SCN_011,22,0.7,TGT_003,DECOY_TARGET,true,312.0,364.0,312.0,364.0,-30.0,150.0,22,22,0,TRACKING,311.0,363.0,1.414,False
SCN_011,23,0.7333,TGT_001,COMMUNICATION_TARGET,true,186.0,180.0,186.0,180.0,60.0,150.0,23,23,0,TRACKING,185.0,179.0,1.414,True
SCN_011,23,0.7333,TGT_002,DECOY_TARGET,true,186.0,318.0,186.0,318.0,60.0,120.0,23,23,0,TRACKING,185.0,317.0,1.414,False
SCN_011,23,0.7333,TGT_003,DECOY_TARGET,true,312.0,368.0,312.0,368.0,0.0,120.0,23,23,0,TRACKING,311.0,367.0,1.414,False
SCN_011,24,0.7667,TGT_001,COMMUNICATION_TARGET,true,188.0,183.0,188.0,183.0,60.0,90.0,24,24,0,TRACKING,187.0,182.0,1.414,True
SCN_011,24,0.7667,TGT_002,DECOY_TARGET,true,188.0,321.0,188.0,321.0,60.0,90.0,24,24,0,TRACKING,187.0,320.0,1.414,False
SCN_011,24,0.7667,TGT_003,DECOY_TARGET,true,313.0,371.0,313.0,371.0,30.0,90.0,24,24,0,TRACKING,312.0,370.0,1.414,False
SCN_011,25,0.8,TGT_001,COMMUNICATION_TARGET,true,190.0,183.0,190.0,183.0,60.0,0.0,25,25,0,TRACKING,189.0,182.0,1.414,True
SCN_011,25,0.8,TGT_002,DECOY_TARGET,true,190.0,320.0,190.0,320.0,60.0,-30.0,25,25,0,TRACKING,189.0,319.0,1.414,False
SCN_011,25,0.8,TGT_003,DECOY_TARGET,true,313.0,370.0,313.0,370.0,0.0,-30.0,25,25,0,TRACKING,312.0,369.0,1.414,False
SCN_011,26,0.8333,TGT_001,COMMUNICATION_TARGET,true,188.0,180.0,188.0,180.0,-60.0,-90.0,26,26,0,TRACKING,187.0,179.0,1.414,True
SCN_011,26,0.8333,TGT_002,DECOY_TARGET,true,188.0,316.0,188.0,316.0,-60.0,-120.0,26,26,0,TRACKING,187.0,315.0,1.414,False
SCN_011,26,0.8333,TGT_003,DECOY_TARGET,true,310.0,367.0,310.0,367.0,-90.0,-90.0,26,26,0,TRACKING,309.0,366.0,1.414,False
SCN_011,27,0.8667,TGT_001,COMMUNICATION_TARGET,true,185.0,177.0,185.0,177.0,-90.0,-90.0,27,27,0,TRACKING,184.0,176.0,1.414,True
SCN_011,27,0.8667,TGT_002,DECOY_TARGET,true,185.0,312.0,185.0,312.0,-90.0,-120.0,27,27,0,TRACKING,184.0,311.0,1.414,False
SCN_011,27,0.8667,TGT_003,DECOY_TARGET,true,305.0,363.0,305.0,363.0,-150.0,-120.0,27,27,0,TRACKING,304.0,362.0,1.414,False
SCN_011,28,0.9,TGT_001,COMMUNICATION_TARGET,true,181.0,175.0,181.0,175.0,-120.0,-60.0,28,28,0,TRACKING,180.0,174.0,1.414,True
SCN_011,28,0.9,TGT_002,DECOY_TARGET,true,181.0,309.0,181.0,309.0,-120.0,-90.0,28,28,0,TRACKING,180.0,308.0,1.414,False
SCN_011,28,0.9,TGT_003,DECOY_TARGET,true,300.0,360.0,300.0,360.0,-150.0,-90.0,28,28,0,TRACKING,299.0,359.0,1.414,False
SCN_011,29,0.9333,TGT_001,COMMUNICATION_TARGET,true,181.0,176.0,181.0,176.0,0.0,30.0,29,29,0,TRACKING,180.0,175.0,1.414,True
SCN_011,29,0.9333,TGT_002,DECOY_TARGET,true,181.0,309.0,181.0,309.0,0.0,0.0,29,29,0,TRACKING,180.0,308.0,1.414,False
SCN_011,29,0.9333,TGT_003,DECOY_TARGET,true,298.0,361.0,298.0,361.0,-60.0,30.0,29,29,0,TRACKING,297.0,360.0,1.414,False
SCN_011,30,0.9667,TGT_001,COMMUNICATION_TARGET,true,183.0,178.0,183.0,178.0,60.0,60.0,30,30,0,TRACKING,182.0,177.0,1.414,True
SCN_011,30,0.9667,TGT_002,DECOY_TARGET,true,183.0,309.0,183.0,309.0,60.0,0.0,30,30,0,TRACKING,182.0,308.0,1.414,False
SCN_011,30,0.9667,TGT_003,DECOY_TARGET,true,299.0,362.0,299.0,362.0,30.0,30.0,30,30,0,TRACKING,298.0,361.0,1.414,False
SCN_011,31,1.0,TGT_001,COMMUNICATION_TARGET,true,190.0,178.0,190.0,178.0,210.0,0.0,31,31,0,TRACKING,189.0,177.0,1.414,True
SCN_011,31,1.0,TGT_002,DECOY_TARGET,true,190.0,308.0,190.0,308.0,210.0,-30.0,31,31,0,TRACKING,189.0,307.0,1.414,False
SCN_011,31,1.0,TGT_003,DECOY_TARGET,true,305.0,361.0,305.0,361.0,180.0,-30.0,31,31,0,TRACKING,304.0,360.0,1.414,False
SCN_011,32,1.0333,TGT_001,COMMUNICATION_TARGET,true,195.0,179.0,195.0,179.0,150.0,30.0,32,32,0,TRACKING,194.0,178.0,1.414,True
SCN_011,32,1.0333,TGT_002,DECOY_TARGET,true,195.0,309.0,195.0,309.0,150.0,30.0,32,32,0,TRACKING,194.0,308.0,1.414,False
SCN_011,32,1.0333,TGT_003,DECOY_TARGET,true,308.0,362.0,308.0,362.0,90.0,30.0,32,32,0,TRACKING,307.0,361.0,1.414,False
SCN_011,33,1.0667,TGT_001,COMMUNICATION_TARGET,true,197.0,180.0,197.0,180.0,60.0,30.0,33,33,0,TRACKING,196.0,179.0,1.414,True
SCN_011,33,1.0667,TGT_002,DECOY_TARGET,true,197.0,308.0,197.0,308.0,60.0,-30.0,33,33,0,TRACKING,196.0,307.0,1.414,False
SCN_011,33,1.0667,TGT_003,DECOY_TARGET,true,308.0,362.0,308.0,362.0,0.0,0.0,33,33,0,TRACKING,307.0,361.0,1.414,False
SCN_011,34,1.1,TGT_001,COMMUNICATION_TARGET,true,195.0,180.0,195.0,180.0,-60.0,0.0,34,34,0,TRACKING,194.0,179.0,1.414,True
SCN_011,34,1.1,TGT_002,DECOY_TARGET,true,195.0,308.0,195.0,308.0,-60.0,0.0,34,34,0,TRACKING,194.0,307.0,1.414,False
SCN_011,34,1.1,TGT_003,DECOY_TARGET,true,305.0,362.0,305.0,362.0,-90.0,0.0,34,34,0,TRACKING,304.0,361.0,1.414,False
SCN_011,35,1.1333,TGT_001,COMMUNICATION_TARGET,true,192.0,183.0,192.0,183.0,-90.0,90.0,35,35,0,TRACKING,191.0,182.0,1.414,True
SCN_011,35,1.1333,TGT_002,DECOY_TARGET,true,192.0,310.0,192.0,310.0,-90.0,60.0,35,35,0,TRACKING,191.0,309.0,1.414,False
SCN_011,35,1.1333,TGT_003,DECOY_TARGET,true,300.0,364.0,300.0,364.0,-150.0,60.0,35,35,0,TRACKING,299.0,363.0,1.414,False
SCN_011,36,1.1667,TGT_001,COMMUNICATION_TARGET,true,189.0,187.0,189.0,187.0,-90.0,120.0,36,36,0,TRACKING,188.0,186.0,1.414,True
SCN_011,36,1.1667,TGT_002,DECOY_TARGET,true,189.0,312.0,189.0,312.0,-90.0,60.0,36,36,0,TRACKING,188.0,311.0,1.414,False
SCN_011,36,1.1667,TGT_003,DECOY_TARGET,true,296.0,367.0,296.0,367.0,-120.0,90.0,36,36,0,TRACKING,295.0,366.0,1.414,False
SCN_011,37,1.2,TGT_001,COMMUNICATION_TARGET,true,189.0,191.0,189.0,191.0,0.0,120.0,37,37,0,TRACKING,188.0,190.0,1.414,True
SCN_011,37,1.2,TGT_002,DECOY_TARGET,true,189.0,315.0,189.0,315.0,0.0,90.0,37,37,0,TRACKING,188.0,314.0,1.414,False
SCN_011,37,1.2,TGT_003,DECOY_TARGET,true,294.0,370.0,294.0,370.0,-60.0,90.0,37,37,0,TRACKING,293.0,369.0,1.414,False
SCN_011,38,1.2333,TGT_001,COMMUNICATION_TARGET,true,191.0,190.0,191.0,190.0,60.0,-30.0,38,38,0,TRACKING,190.0,189.0,1.414,True
SCN_011,38,1.2333,TGT_002,DECOY_TARGET,true,191.0,314.0,191.0,314.0,60.0,-30.0,38,38,0,TRACKING,190.0,313.0,1.414,False
SCN_011,38,1.2333,TGT_003,DECOY_TARGET,true,295.0,369.0,295.0,369.0,30.0,-30.0,38,38,0,TRACKING,294.0,368.0,1.414,False
SCN_011,39,1.2667,TGT_001,COMMUNICATION_TARGET,true,191.0,189.0,191.0,189.0,0.0,-30.0,39,39,0,TRACKING,190.0,188.0,1.414,True
SCN_011,39,1.2667,TGT_002,DECOY_TARGET,true,191.0,311.0,191.0,311.0,0.0,-90.0,39,39,0,TRACKING,190.0,310.0,1.414,False
SCN_011,39,1.2667,TGT_003,DECOY_TARGET,true,294.0,367.0,294.0,367.0,-30.0,-60.0,39,39,0,TRACKING,293.0,366.0,1.414,False
SCN_011,40,1.3,TGT_001,COMMUNICATION_TARGET,true,192.0,185.0,192.0,185.0,30.0,-120.0,40,40,0,TRACKING,191.0,184.0,1.414,True
SCN_011,40,1.3,TGT_002,DECOY_TARGET,true,192.0,306.0,192.0,306.0,30.0,-150.0,40,40,0,TRACKING,191.0,305.0,1.414,False
SCN_011,40,1.3,TGT_003,DECOY_TARGET,true,293.0,362.0,293.0,362.0,-30.0,-150.0,40,40,0,TRACKING,292.0,361.0,1.414,False
SCN_011,41,1.3333,TGT_001,COMMUNICATION_TARGET,true,192.0,181.0,192.0,181.0,0.0,-120.0,41,41,0,TRACKING,191.0,180.0,1.414,True
SCN_011,41,1.3333,TGT_002,DECOY_TARGET,true,192.0,301.0,192.0,301.0,0.0,-150.0,41,41,0,TRACKING,191.0,300.0,1.414,False
SCN_011,41,1.3333,TGT_003,DECOY_TARGET,true,291.0,358.0,291.0,358.0,-60.0,-120.0,41,41,0,TRACKING,290.0,357.0,1.414,False
SCN_011,42,1.3667,TGT_001,COMMUNICATION_TARGET,true,196.0,179.0,196.0,179.0,120.0,-60.0,42,42,0,TRACKING,195.0,178.0,1.414,True
SCN_011,42,1.3667,TGT_002,DECOY_TARGET,true,196.0,299.0,196.0,299.0,120.0,-60.0,42,42,0,TRACKING,195.0,298.0,1.414,False
SCN_011,42,1.3667,TGT_003,DECOY_TARGET,true,294.0,355.0,294.0,355.0,90.0,-90.0,42,42,0,TRACKING,293.0,354.0,1.414,False
SCN_011,43,1.4,TGT_001,COMMUNICATION_TARGET,true,200.0,181.0,200.0,181.0,120.0,60.0,43,43,0,TRACKING,199.0,180.0,1.414,True
SCN_011,43,1.4,TGT_002,DECOY_TARGET,true,200.0,300.0,200.0,300.0,120.0,30.0,43,43,0,TRACKING,199.0,299.0,1.414,False
SCN_011,43,1.4,TGT_003,DECOY_TARGET,true,296.0,356.0,296.0,356.0,60.0,30.0,43,43,0,TRACKING,295.0,355.0,1.414,False
SCN_011,44,1.4333,TGT_001,COMMUNICATION_TARGET,true,204.0,185.0,204.0,185.0,120.0,120.0,44,44,0,TRACKING,203.0,184.0,1.414,True
SCN_011,44,1.4333,TGT_002,DECOY_TARGET,true,204.0,303.0,204.0,303.0,120.0,90.0,44,44,0,TRACKING,203.0,302.0,1.414,False
SCN_011,44,1.4333,TGT_003,DECOY_TARGET,true,298.0,360.0,298.0,360.0,60.0,120.0,44,44,0,TRACKING,297.0,359.0,1.414,False
SCN_011,45,1.4667,TGT_001,COMMUNICATION_TARGET,true,203.0,189.0,203.0,189.0,-30.0,120.0,45,45,0,TRACKING,202.0,188.0,1.414,True
SCN_011,45,1.4667,TGT_002,DECOY_TARGET,true,203.0,306.0,203.0,306.0,-30.0,90.0,45,45,0,TRACKING,202.0,305.0,1.414,False
SCN_011,45,1.4667,TGT_003,DECOY_TARGET,true,297.0,363.0,297.0,363.0,-30.0,90.0,45,45,0,TRACKING,296.0,362.0,1.414,False
SCN_011,46,1.5,TGT_001,COMMUNICATION_TARGET,true,199.0,192.0,199.0,192.0,-120.0,90.0,46,46,0,TRACKING,198.0,191.0,1.414,True
SCN_011,46,1.5,TGT_002,DECOY_TARGET,true,199.0,308.0,199.0,308.0,-120.0,60.0,46,46,0,TRACKING,198.0,307.0,1.414,False
SCN_011,46,1.5,TGT_003,DECOY_TARGET,true,291.0,366.0,291.0,366.0,-180.0,90.0,46,46,0,TRACKING,290.0,365.0,1.414,False
SCN_011,47,1.5333,TGT_001,COMMUNICATION_TARGET,true,194.0,194.0,194.0,194.0,-150.0,60.0,47,47,0,TRACKING,193.0,193.0,1.414,True
SCN_011,47,1.5333,TGT_002,DECOY_TARGET,true,194.0,308.0,194.0,308.0,-150.0,0.0,47,47,0,TRACKING,193.0,307.0,1.414,False
SCN_011,47,1.5333,TGT_003,DECOY_TARGET,true,284.0,366.0,284.0,366.0,-210.0,0.0,47,47,0,TRACKING,283.0,365.0,1.414,False
SCN_011,48,1.5667,TGT_001,COMMUNICATION_TARGET,true,191.0,192.0,191.0,192.0,-90.0,-60.0,48,48,0,TRACKING,190.0,191.0,1.414,True
SCN_011,48,1.5667,TGT_002,DECOY_TARGET,true,191.0,306.0,191.0,306.0,-90.0,-60.0,48,48,0,TRACKING,190.0,305.0,1.414,False
SCN_011,48,1.5667,TGT_003,DECOY_TARGET,true,280.0,364.0,280.0,364.0,-120.0,-60.0,48,48,0,TRACKING,279.0,363.0,1.414,False
SCN_011,49,1.6,TGT_001,COMMUNICATION_TARGET,true,193.0,192.0,193.0,192.0,60.0,0.0,49,49,0,TRACKING,192.0,191.0,1.414,True
SCN_011,49,1.6,TGT_002,DECOY_TARGET,true,193.0,305.0,193.0,305.0,60.0,-30.0,49,49,0,TRACKING,192.0,304.0,1.414,False
SCN_011,49,1.6,TGT_003,DECOY_TARGET,true,280.0,363.0,280.0,363.0,0.0,-30.0,49,49,0,TRACKING,279.0,362.0,1.414,False
SCN_011,50,1.6333,TGT_001,COMMUNICATION_TARGET,true,198.0,193.0,198.0,193.0,150.0,30.0,50,50,0,TRACKING,197.0,192.0,1.414,True
SCN_011,50,1.6333,TGT_002,DECOY_TARGET,true,198.0,304.0,198.0,304.0,150.0,-30.0,50,50,0,TRACKING,197.0,303.0,1.414,False
SCN_011,50,1.6333,TGT_003,DECOY_TARGET,true,284.0,363.0,284.0,363.0,120.0,0.0,50,50,0,TRACKING,283.0,362.0,1.414,False
SCN_011,51,1.6667,TGT_001,COMMUNICATION_TARGET,true,203.0,193.0,203.0,193.0,150.0,0.0,51,51,0,TRACKING,202.0,192.0,1.414,True
SCN_011,51,1.6667,TGT_002,DECOY_TARGET,true,203.0,303.0,203.0,303.0,150.0,-30.0,51,51,0,TRACKING,202.0,302.0,1.414,False
SCN_011,51,1.6667,TGT_003,DECOY_TARGET,true,288.0,363.0,288.0,363.0,120.0,0.0,51,51,0,TRACKING,287.0,362.0,1.414,False
SCN_011,52,1.7,TGT_001,COMMUNICATION_TARGET,true,206.0,193.0,206.0,193.0,90.0,0.0,52,52,0,TRACKING,205.0,192.0,1.414,True
SCN_011,52,1.7,TGT_002,DECOY_TARGET,true,206.0,303.0,206.0,303.0,90.0,0.0,52,52,0,TRACKING,205.0,302.0,1.414,False
SCN_011,52,1.7,TGT_003,DECOY_TARGET,true,289.0,362.0,289.0,362.0,30.0,-30.0,52,52,0,TRACKING,288.0,361.0,1.414,False
SCN_011,53,1.7333,TGT_001,COMMUNICATION_TARGET,true,206.0,193.0,206.0,193.0,0.0,0.0,53,53,0,TRACKING,205.0,192.0,1.414,True
SCN_011,53,1.7333,TGT_002,DECOY_TARGET,true,206.0,301.0,206.0,301.0,0.0,-60.0,53,53,0,TRACKING,205.0,300.0,1.414,False
SCN_011,53,1.7333,TGT_003,DECOY_TARGET,true,288.0,361.0,288.0,361.0,-30.0,-30.0,53,53,0,TRACKING,287.0,360.0,1.414,False
SCN_011,54,1.7667,TGT_001,COMMUNICATION_TARGET,true,205.0,189.0,205.0,189.0,-30.0,-120.0,54,54,0,TRACKING,204.0,188.0,1.414,True
SCN_011,54,1.7667,TGT_002,DECOY_TARGET,true,205.0,297.0,205.0,297.0,-30.0,-120.0,54,54,0,TRACKING,204.0,296.0,1.414,False
SCN_011,54,1.7667,TGT_003,DECOY_TARGET,true,285.0,357.0,285.0,357.0,-90.0,-120.0,54,54,0,TRACKING,284.0,356.0,1.414,False
SCN_011,55,1.8,TGT_001,COMMUNICATION_TARGET,true,204.0,187.0,204.0,187.0,-30.0,-60.0,55,55,0,TRACKING,203.0,186.0,1.414,True
SCN_011,55,1.8,TGT_002,DECOY_TARGET,true,204.0,294.0,204.0,294.0,-30.0,-90.0,55,55,0,TRACKING,203.0,293.0,1.414,False
SCN_011,55,1.8,TGT_003,DECOY_TARGET,true,282.0,354.0,282.0,354.0,-90.0,-90.0,55,55,0,TRACKING,281.0,353.0,1.414,False
SCN_011,56,1.8333,TGT_001,COMMUNICATION_TARGET,true,203.0,188.0,203.0,188.0,-30.0,30.0,56,56,0,TRACKING,202.0,187.0,1.414,True
SCN_011,56,1.8333,TGT_002,DECOY_TARGET,true,203.0,294.0,203.0,294.0,-30.0,0.0,56,56,0,TRACKING,202.0,293.0,1.414,False
SCN_011,56,1.8333,TGT_003,DECOY_TARGET,true,280.0,355.0,280.0,355.0,-60.0,30.0,56,56,0,TRACKING,279.0,354.0,1.414,False
SCN_011,57,1.8667,TGT_001,COMMUNICATION_TARGET,true,204.0,191.0,204.0,191.0,30.0,90.0,57,57,0,TRACKING,203.0,190.0,1.414,True
SCN_011,57,1.8667,TGT_002,DECOY_TARGET,true,204.0,296.0,204.0,296.0,30.0,60.0,57,57,0,TRACKING,203.0,295.0,1.414,False
SCN_011,57,1.8667,TGT_003,DECOY_TARGET,true,279.0,357.0,279.0,357.0,-30.0,60.0,57,57,0,TRACKING,278.0,356.0,1.414,False
SCN_011,58,1.9,TGT_001,COMMUNICATION_TARGET,true,202.0,196.0,202.0,196.0,-60.0,150.0,58,58,0,TRACKING,201.0,195.0,1.414,True
SCN_011,58,1.9,TGT_002,DECOY_TARGET,true,202.0,300.0,202.0,300.0,-60.0,120.0,58,58,0,TRACKING,201.0,299.0,1.414,False
SCN_011,58,1.9,TGT_003,DECOY_TARGET,true,276.0,361.0,276.0,361.0,-90.0,120.0,58,58,0,TRACKING,275.0,360.0,1.414,False
SCN_011,59,1.9333,TGT_001,COMMUNICATION_TARGET,true,201.0,201.0,201.0,201.0,-30.0,150.0,59,59,0,TRACKING,200.0,200.0,1.414,True
SCN_011,59,1.9333,TGT_002,DECOY_TARGET,true,201.0,304.0,201.0,304.0,-30.0,120.0,59,59,0,TRACKING,200.0,303.0,1.414,False
SCN_011,59,1.9333,TGT_003,DECOY_TARGET,true,273.0,365.0,273.0,365.0,-90.0,120.0,59,59,0,TRACKING,272.0,364.0,1.414,False
SCN_011,60,1.9667,TGT_001,COMMUNICATION_TARGET,true,201.0,203.0,201.0,203.0,0.0,60.0,60,60,0,TRACKING,200.0,202.0,1.414,True
SCN_011,60,1.9667,TGT_002,DECOY_TARGET,true,201.0,305.0,201.0,305.0,0.0,30.0,60,60,0,TRACKING,200.0,304.0,1.414,False
SCN_011,60,1.9667,TGT_003,DECOY_TARGET,true,272.0,366.0,272.0,366.0,-30.0,30.0,60,60,0,TRACKING,271.0,365.0,1.414,False
SCN_011,61,2.0,TGT_001,COMMUNICATION_TARGET,true,204.0,202.0,204.0,202.0,90.0,-30.0,61,61,0,TRACKING,203.0,201.0,1.414,True
SCN_011,61,2.0,TGT_002,DECOY_TARGET,true,204.0,303.0,204.0,303.0,90.0,-60.0,61,61,0,TRACKING,203.0,302.0,1.414,False
SCN_011,61,2.0,TGT_003,DECOY_TARGET,true,273.0,364.0,273.0,364.0,30.0,-60.0,61,61,0,TRACKING,272.0,363.0,1.414,False
SCN_011,62,2.0333,TGT_001,COMMUNICATION_TARGET,true,209.0,199.0,209.0,199.0,150.0,-90.0,62,62,0,TRACKING,208.0,198.0,1.414,True
SCN_011,62,2.0333,TGT_002,DECOY_TARGET,true,209.0,299.0,209.0,299.0,150.0,-120.0,62,62,0,TRACKING,208.0,298.0,1.414,False
SCN_011,62,2.0333,TGT_003,DECOY_TARGET,true,277.0,361.0,277.0,361.0,120.0,-90.0,62,62,0,TRACKING,276.0,360.0,1.414,False
SCN_011,63,2.0667,TGT_001,COMMUNICATION_TARGET,true,214.0,195.0,214.0,195.0,150.0,-120.0,63,63,0,TRACKING,213.0,194.0,1.414,True
SCN_011,63,2.0667,TGT_002,DECOY_TARGET,true,214.0,294.0,214.0,294.0,150.0,-150.0,63,63,0,TRACKING,213.0,293.0,1.414,False
SCN_011,63,2.0667,TGT_003,DECOY_TARGET,true,281.0,356.0,281.0,356.0,120.0,-150.0,63,63,0,TRACKING,280.0,355.0,1.414,False
SCN_011,64,2.1,TGT_001,COMMUNICATION_TARGET,true,216.0,194.0,216.0,194.0,60.0,-30.0,64,64,0,TRACKING,215.0,193.0,1.414,True
SCN_011,64,2.1,TGT_002,DECOY_TARGET,true,216.0,291.0,216.0,291.0,60.0,-90.0,64,64,0,TRACKING,215.0,290.0,1.414,False
SCN_011,64,2.1,TGT_003,DECOY_TARGET,true,281.0,354.0,281.0,354.0,0.0,-60.0,64,64,0,TRACKING,280.0,353.0,1.414,False
SCN_011,65,2.1333,TGT_001,COMMUNICATION_TARGET,true,213.0,194.0,213.0,194.0,-90.0,0.0,65,65,0,TRACKING,212.0,193.0,1.414,True
SCN_011,65,2.1333,TGT_002,DECOY_TARGET,true,213.0,291.0,213.0,291.0,-90.0,0.0,65,65,0,TRACKING,212.0,290.0,1.414,False
SCN_011,65,2.1333,TGT_003,DECOY_TARGET,true,277.0,354.0,277.0,354.0,-120.0,0.0,65,65,0,TRACKING,276.0,353.0,1.414,False
SCN_011,66,2.1667,TGT_001,COMMUNICATION_TARGET,true,208.0,196.0,208.0,196.0,-150.0,60.0,66,66,0,TRACKING,207.0,195.0,1.414,True
SCN_011,66,2.1667,TGT_002,DECOY_TARGET,true,208.0,291.0,208.0,291.0,-150.0,0.0,66,66,0,TRACKING,207.0,290.0,1.414,False
SCN_011,66,2.1667,TGT_003,DECOY_TARGET,true,270.0,354.0,270.0,354.0,-210.0,0.0,66,66,0,TRACKING,269.0,353.0,1.414,False
SCN_011,67,2.2,TGT_001,COMMUNICATION_TARGET,true,205.0,197.0,205.0,197.0,-90.0,30.0,67,67,0,TRACKING,204.0,196.0,1.414,True
SCN_011,67,2.2,TGT_002,DECOY_TARGET,true,205.0,291.0,205.0,291.0,-90.0,0.0,67,67,0,TRACKING,204.0,290.0,1.414,False
SCN_011,67,2.2,TGT_003,DECOY_TARGET,true,265.0,354.0,265.0,354.0,-150.0,0.0,67,67,0,TRACKING,264.0,353.0,1.414,False
SCN_011,68,2.2333,TGT_001,COMMUNICATION_TARGET,true,204.0,198.0,204.0,198.0,-30.0,30.0,68,68,0,TRACKING,203.0,197.0,1.414,True
SCN_011,68,2.2333,TGT_002,DECOY_TARGET,true,204.0,292.0,204.0,292.0,-30.0,30.0,68,68,0,TRACKING,203.0,291.0,1.414,False
SCN_011,68,2.2333,TGT_003,DECOY_TARGET,true,263.0,355.0,263.0,355.0,-60.0,30.0,68,68,0,TRACKING,262.0,354.0,1.414,False
SCN_011,69,2.2667,TGT_001,COMMUNICATION_TARGET,true,208.0,197.0,208.0,197.0,120.0,-30.0,69,69,0,TRACKING,207.0,196.0,1.414,True
SCN_011,69,2.2667,TGT_002,DECOY_TARGET,true,208.0,290.0,208.0,290.0,120.0,-60.0,69,69,0,TRACKING,207.0,289.0,1.414,False
SCN_011,69,2.2667,TGT_003,DECOY_TARGET,true,266.0,354.0,266.0,354.0,90.0,-30.0,69,69,0,TRACKING,265.0,353.0,1.414,False
SCN_011,70,2.3,TGT_001,COMMUNICATION_TARGET,true,212.0,200.0,212.0,200.0,120.0,90.0,70,70,0,TRACKING,211.0,199.0,1.414,True
SCN_011,70,2.3,TGT_002,DECOY_TARGET,true,212.0,291.0,212.0,291.0,120.0,30.0,70,70,0,TRACKING,211.0,290.0,1.414,False
SCN_011,70,2.3,TGT_003,DECOY_TARGET,true,268.0,355.0,268.0,355.0,60.0,30.0,70,70,0,TRACKING,267.0,354.0,1.414,False
SCN_011,71,2.3333,TGT_001,COMMUNICATION_TARGET,true,214.0,201.0,214.0,201.0,60.0,30.0,71,71,0,TRACKING,213.0,200.0,1.414,True
SCN_011,71,2.3333,TGT_002,DECOY_TARGET,true,214.0,292.0,214.0,292.0,60.0,30.0,71,71,0,TRACKING,213.0,291.0,1.414,False
SCN_011,71,2.3333,TGT_003,DECOY_TARGET,true,269.0,356.0,269.0,356.0,30.0,30.0,71,71,0,TRACKING,268.0,355.0,1.414,False
SCN_011,72,2.3667,TGT_001,COMMUNICATION_TARGET,true,215.0,205.0,215.0,205.0,30.0,120.0,72,72,0,TRACKING,214.0,204.0,1.414,True
SCN_011,72,2.3667,TGT_002,DECOY_TARGET,true,215.0,294.0,215.0,294.0,30.0,60.0,72,72,0,TRACKING,214.0,293.0,1.414,False
SCN_011,72,2.3667,TGT_003,DECOY_TARGET,true,269.0,358.0,269.0,358.0,0.0,60.0,72,72,0,TRACKING,268.0,357.0,1.414,False
SCN_011,73,2.4,TGT_001,COMMUNICATION_TARGET,true,216.0,208.0,216.0,208.0,30.0,90.0,73,73,0,TRACKING,215.0,207.0,1.414,True
SCN_011,73,2.4,TGT_002,DECOY_TARGET,true,216.0,297.0,216.0,297.0,30.0,90.0,73,73,0,TRACKING,215.0,296.0,1.414,False
SCN_011,73,2.4,TGT_003,DECOY_TARGET,true,268.0,361.0,268.0,361.0,-30.0,90.0,73,73,0,TRACKING,267.0,360.0,1.414,False
SCN_011,74,2.4333,TGT_001,COMMUNICATION_TARGET,true,216.0,208.0,216.0,208.0,0.0,0.0,74,74,0,TRACKING,215.0,207.0,1.414,True
SCN_011,74,2.4333,TGT_002,DECOY_TARGET,true,216.0,295.0,216.0,295.0,0.0,-60.0,74,74,0,TRACKING,215.0,294.0,1.414,False
SCN_011,74,2.4333,TGT_003,DECOY_TARGET,true,266.0,360.0,266.0,360.0,-60.0,-30.0,74,74,0,TRACKING,265.0,359.0,1.414,False
SCN_011,75,2.4667,TGT_001,COMMUNICATION_TARGET,true,218.0,204.0,218.0,204.0,60.0,-120.0,75,75,0,TRACKING,217.0,203.0,1.414,True
SCN_011,75,2.4667,TGT_002,DECOY_TARGET,true,218.0,291.0,218.0,291.0,60.0,-120.0,75,75,0,TRACKING,217.0,290.0,1.414,False
SCN_011,75,2.4667,TGT_003,DECOY_TARGET,true,267.0,356.0,267.0,356.0,30.0,-120.0,75,75,0,TRACKING,266.0,355.0,1.414,False
SCN_011,76,2.5,TGT_001,COMMUNICATION_TARGET,true,218.0,200.0,218.0,200.0,0.0,-120.0,76,76,0,TRACKING,217.0,199.0,1.414,True
SCN_011,76,2.5,TGT_002,DECOY_TARGET,true,218.0,286.0,218.0,286.0,0.0,-150.0,76,76,0,TRACKING,217.0,285.0,1.414,False
SCN_011,76,2.5,TGT_003,DECOY_TARGET,true,266.0,350.0,266.0,350.0,-30.0,-180.0,76,76,0,TRACKING,265.0,349.0,1.414,False
SCN_011,77,2.5333,TGT_001,COMMUNICATION_TARGET,true,216.0,197.0,216.0,197.0,-60.0,-90.0,77,77,0,TRACKING,215.0,196.0,1.414,True
SCN_011,77,2.5333,TGT_002,DECOY_TARGET,true,216.0,281.0,216.0,281.0,-60.0,-150.0,77,77,0,TRACKING,215.0,280.0,1.414,False
SCN_011,77,2.5333,TGT_003,DECOY_TARGET,true,262.0,346.0,262.0,346.0,-120.0,-120.0,77,77,0,TRACKING,261.0,345.0,1.414,False
SCN_011,78,2.5667,TGT_001,COMMUNICATION_TARGET,true,212.0,195.0,212.0,195.0,-120.0,-60.0,78,78,0,TRACKING,211.0,194.0,1.414,True
SCN_011,78,2.5667,TGT_002,DECOY_TARGET,true,212.0,279.0,212.0,279.0,-120.0,-60.0,78,78,0,TRACKING,211.0,278.0,1.414,False
SCN_011,78,2.5667,TGT_003,DECOY_TARGET,true,257.0,344.0,257.0,344.0,-150.0,-60.0,78,78,0,TRACKING,256.0,343.0,1.414,False
SCN_011,79,2.6,TGT_001,COMMUNICATION_TARGET,true,211.0,198.0,211.0,198.0,-30.0,90.0,79,79,0,TRACKING,210.0,197.0,1.414,True
SCN_011,79,2.6,TGT_002,DECOY_TARGET,true,211.0,281.0,211.0,281.0,-30.0,60.0,79,79,0,TRACKING,210.0,280.0,1.414,False
SCN_011,79,2.6,TGT_003,DECOY_TARGET,true,254.0,346.0,254.0,346.0,-90.0,60.0,79,79,0,TRACKING,253.0,345.0,1.414,False
SCN_011,80,2.6333,TGT_001,COMMUNICATION_TARGET,true,212.0,202.0,212.0,202.0,30.0,120.0,80,80,0,TRACKING,211.0,201.0,1.414,True
SCN_011,80,2.6333,TGT_002,DECOY_TARGET,true,212.0,284.0,212.0,284.0,30.0,90.0,80,80,0,TRACKING,211.0,283.0,1.414,False
SCN_011,80,2.6333,TGT_003,DECOY_TARGET,true,253.0,349.0,253.0,349.0,-30.0,90.0,80,80,0,TRACKING,252.0,348.0,1.414,False
SCN_011,81,2.6667,TGT_001,COMMUNICATION_TARGET,true,217.0,205.0,217.0,205.0,150.0,90.0,81,81,0,TRACKING,216.0,204.0,1.414,True
SCN_011,81,2.6667,TGT_002,DECOY_TARGET,true,217.0,286.0,217.0,286.0,150.0,60.0,81,81,0,TRACKING,216.0,285.0,1.414,False
SCN_011,81,2.6667,TGT_003,DECOY_TARGET,true,258.0,352.0,258.0,352.0,150.0,90.0,81,81,0,TRACKING,257.0,351.0,1.414,False
SCN_011,82,2.7,TGT_001,COMMUNICATION_TARGET,true,224.0,208.0,224.0,208.0,210.0,90.0,82,82,0,TRACKING,223.0,207.0,1.414,True
SCN_011,82,2.7,TGT_002,DECOY_TARGET,true,224.0,288.0,224.0,288.0,210.0,60.0,82,82,0,TRACKING,223.0,287.0,1.414,False
SCN_011,82,2.7,TGT_003,DECOY_TARGET,true,263.0,354.0,263.0,354.0,150.0,60.0,82,82,0,TRACKING,262.0,353.0,1.414,False
SCN_011,83,2.7333,TGT_001,COMMUNICATION_TARGET,true,227.0,208.0,227.0,208.0,90.0,0.0,83,83,0,TRACKING,226.0,207.0,1.414,True
SCN_011,83,2.7333,TGT_002,DECOY_TARGET,true,227.0,287.0,227.0,287.0,90.0,-30.0,83,83,0,TRACKING,226.0,286.0,1.414,False
SCN_011,83,2.7333,TGT_003,DECOY_TARGET,true,265.0,353.0,265.0,353.0,60.0,-30.0,83,83,0,TRACKING,264.0,352.0,1.414,False
SCN_011,84,2.7667,TGT_001,COMMUNICATION_TARGET,true,227.0,207.0,227.0,207.0,0.0,-30.0,84,84,0,TRACKING,226.0,206.0,1.414,True
SCN_011,84,2.7667,TGT_002,DECOY_TARGET,true,227.0,285.0,227.0,285.0,0.0,-60.0,84,84,0,TRACKING,226.0,284.0,1.414,False
SCN_011,84,2.7667,TGT_003,DECOY_TARGET,true,263.0,351.0,263.0,351.0,-60.0,-60.0,84,84,0,TRACKING,262.0,350.0,1.414,False
SCN_011,85,2.8,TGT_001,COMMUNICATION_TARGET,true,223.0,208.0,223.0,208.0,-120.0,30.0,85,85,0,TRACKING,222.0,207.0,1.414,True
SCN_011,85,2.8,TGT_002,DECOY_TARGET,true,223.0,285.0,223.0,285.0,-120.0,0.0,85,85,0,TRACKING,222.0,284.0,1.414,False
SCN_011,85,2.8,TGT_003,DECOY_TARGET,true,258.0,351.0,258.0,351.0,-150.0,0.0,85,85,0,TRACKING,257.0,350.0,1.414,False
SCN_011,86,2.8333,TGT_001,COMMUNICATION_TARGET,true,219.0,207.0,219.0,207.0,-120.0,-30.0,86,86,0,TRACKING,218.0,206.0,1.414,True
SCN_011,86,2.8333,TGT_002,DECOY_TARGET,true,219.0,283.0,219.0,283.0,-120.0,-60.0,86,86,0,TRACKING,218.0,282.0,1.414,False
SCN_011,86,2.8333,TGT_003,DECOY_TARGET,true,253.0,349.0,253.0,349.0,-150.0,-60.0,86,86,0,TRACKING,252.0,348.0,1.414,False
SCN_011,87,2.8667,TGT_001,COMMUNICATION_TARGET,true,218.0,208.0,218.0,208.0,-30.0,30.0,87,87,0,TRACKING,217.0,207.0,1.414,True
SCN_011,87,2.8667,TGT_002,DECOY_TARGET,true,218.0,283.0,218.0,283.0,-30.0,0.0,87,87,0,TRACKING,217.0,282.0,1.414,False
SCN_011,87,2.8667,TGT_003,DECOY_TARGET,true,250.0,349.0,250.0,349.0,-90.0,0.0,87,87,0,TRACKING,249.0,348.0,1.414,False
SCN_011,88,2.9,TGT_001,COMMUNICATION_TARGET,true,220.0,207.0,220.0,207.0,60.0,-30.0,88,88,0,TRACKING,219.0,206.0,1.414,True
SCN_011,88,2.9,TGT_002,DECOY_TARGET,true,220.0,281.0,220.0,281.0,60.0,-60.0,88,88,0,TRACKING,219.0,280.0,1.414,False
SCN_011,88,2.9,TGT_003,DECOY_TARGET,true,250.0,348.0,250.0,348.0,0.0,-30.0,88,88,0,TRACKING,249.0,347.0,1.414,False
SCN_011,89,2.9333,TGT_001,COMMUNICATION_TARGET,true,221.0,206.0,221.0,206.0,30.0,-30.0,89,89,0,TRACKING,220.0,205.0,1.414,True
SCN_011,89,2.9333,TGT_002,DECOY_TARGET,true,221.0,279.0,221.0,279.0,30.0,-60.0,89,89,0,TRACKING,220.0,278.0,1.414,False
SCN_011,89,2.9333,TGT_003,DECOY_TARGET,true,250.0,345.0,250.0,345.0,0.0,-90.0,89,89,0,TRACKING,249.0,344.0,1.414,False
SCN_011,90,2.9667,TGT_001,COMMUNICATION_TARGET,true,224.0,202.0,224.0,202.0,90.0,-120.0,90,90,0,TRACKING,223.0,201.0,1.414,True
SCN_011,90,2.9667,TGT_002,DECOY_TARGET,true,224.0,274.0,224.0,274.0,90.0,-150.0,90,90,0,TRACKING,223.0,273.0,1.414,False
SCN_011,90,2.9667,TGT_003,DECOY_TARGET,true,252.0,341.0,252.0,341.0,60.0,-120.0,90,90,0,TRACKING,251.0,340.0,1.414,False
SCN_011,91,3.0,TGT_001,COMMUNICATION_TARGET,true,225.0,201.0,225.0,201.0,30.0,-30.0,91,91,0,TRACKING,224.0,200.0,1.414,True
SCN_011,91,3.0,TGT_002,DECOY_TARGET,true,225.0,272.0,225.0,272.0,30.0,-60.0,91,91,0,TRACKING,224.0,271.0,1.414,False
SCN_011,91,3.0,TGT_003,DECOY_TARGET,true,251.0,338.0,251.0,338.0,-30.0,-90.0,91,91,0,TRACKING,250.0,337.0,1.414,False
SCN_011,92,3.0333,TGT_001,COMMUNICATION_TARGET,true,228.0,201.0,228.0,201.0,90.0,0.0,92,92,0,TRACKING,227.0,200.0,1.414,True
SCN_011,92,3.0333,TGT_002,DECOY_TARGET,true,228.0,271.0,228.0,271.0,90.0,-30.0,92,92,0,TRACKING,227.0,270.0,1.414,False
SCN_011,92,3.0333,TGT_003,DECOY_TARGET,true,252.0,338.0,252.0,338.0,30.0,0.0,92,92,0,TRACKING,251.0,337.0,1.414,False
SCN_011,93,3.0667,TGT_001,COMMUNICATION_TARGET,true,229.0,206.0,229.0,206.0,30.0,150.0,93,93,0,TRACKING,228.0,205.0,1.414,True
SCN_011,93,3.0667,TGT_002,DECOY_TARGET,true,229.0,275.0,229.0,275.0,30.0,120.0,93,93,0,TRACKING,228.0,274.0,1.414,False
SCN_011,93,3.0667,TGT_003,DECOY_TARGET,true,252.0,342.0,252.0,342.0,0.0,120.0,93,93,0,TRACKING,251.0,341.0,1.414,False
SCN_011,94,3.1,TGT_001,COMMUNICATION_TARGET,true,233.0,210.0,233.0,210.0,120.0,120.0,94,94,0,TRACKING,232.0,209.0,1.414,True
SCN_011,94,3.1,TGT_002,DECOY_TARGET,true,233.0,278.0,233.0,278.0,120.0,90.0,94,94,0,TRACKING,232.0,277.0,1.414,False
SCN_011,94,3.1,TGT_003,DECOY_TARGET,true,255.0,346.0,255.0,346.0,90.0,120.0,94,94,0,TRACKING,254.0,345.0,1.414,False
SCN_011,95,3.1333,TGT_001,COMMUNICATION_TARGET,true,234.0,215.0,234.0,215.0,30.0,150.0,95,95,0,TRACKING,233.0,214.0,1.414,True
SCN_011,95,3.1333,TGT_002,DECOY_TARGET,true,234.0,282.0,234.0,282.0,30.0,120.0,95,95,0,TRACKING,233.0,281.0,1.414,False
SCN_011,95,3.1333,TGT_003,DECOY_TARGET,true,254.0,349.0,254.0,349.0,-30.0,90.0,95,95,0,TRACKING,253.0,348.0,1.414,False
SCN_011,96,3.1667,TGT_001,COMMUNICATION_TARGET,true,231.0,216.0,231.0,216.0,-90.0,30.0,96,96,0,TRACKING,230.0,215.0,1.414,True
SCN_011,96,3.1667,TGT_002,DECOY_TARGET,true,231.0,282.0,231.0,282.0,-90.0,0.0,96,96,0,TRACKING,230.0,281.0,1.414,False
SCN_011,96,3.1667,TGT_003,DECOY_TARGET,true,250.0,349.0,250.0,349.0,-120.0,0.0,96,96,0,TRACKING,249.0,348.0,1.414,False
SCN_011,97,3.2,TGT_001,COMMUNICATION_TARGET,true,228.0,214.0,228.0,214.0,-90.0,-60.0,97,97,0,TRACKING,227.0,213.0,1.414,True
SCN_011,97,3.2,TGT_002,DECOY_TARGET,true,228.0,279.0,228.0,279.0,-90.0,-90.0,97,97,0,TRACKING,227.0,278.0,1.414,False
SCN_011,97,3.2,TGT_003,DECOY_TARGET,true,245.0,346.0,245.0,346.0,-150.0,-90.0,97,97,0,TRACKING,244.0,345.0,1.414,False
SCN_011,98,3.2333,TGT_001,COMMUNICATION_TARGET,true,223.0,210.0,223.0,210.0,-150.0,-120.0,98,98,0,TRACKING,222.0,209.0,1.414,True
SCN_011,98,3.2333,TGT_002,DECOY_TARGET,true,223.0,274.0,223.0,274.0,-150.0,-150.0,98,98,0,TRACKING,222.0,273.0,1.414,False
SCN_011,98,3.2333,TGT_003,DECOY_TARGET,true,240.0,342.0,240.0,342.0,-150.0,-120.0,98,98,0,TRACKING,239.0,341.0,1.414,False
SCN_011,99,3.2667,TGT_001,COMMUNICATION_TARGET,true,224.0,207.0,224.0,207.0,30.0,-90.0,99,99,0,TRACKING,223.0,206.0,1.414,True
SCN_011,99,3.2667,TGT_002,DECOY_TARGET,true,224.0,270.0,224.0,270.0,30.0,-120.0,99,99,0,TRACKING,223.0,269.0,1.414,False
SCN_011,99,3.2667,TGT_003,DECOY_TARGET,true,239.0,338.0,239.0,338.0,-30.0,-120.0,99,99,0,TRACKING,238.0,337.0,1.414,False
SCN_011,100,3.3,TGT_001,COMMUNICATION_TARGET,true,228.0,206.0,228.0,206.0,120.0,-30.0,100,100,0,TRACKING,227.0,205.0,1.414,True
SCN_011,100,3.3,TGT_002,DECOY_TARGET,true,228.0,269.0,228.0,269.0,120.0,-30.0,100,100,0,TRACKING,227.0,268.0,1.414,False
SCN_011,100,3.3,TGT_003,DECOY_TARGET,true,242.0,336.0,242.0,336.0,90.0,-60.0,100,100,0,TRACKING,241.0,335.0,1.414,False
SCN_011,101,3.3333,TGT_001,COMMUNICATION_TARGET,true,235.0,206.0,235.0,206.0,210.0,0.0,101,101,0,TRACKING,234.0,205.0,1.414,True
SCN_011,101,3.3333,TGT_002,DECOY_TARGET,true,235.0,268.0,235.0,268.0,210.0,-30.0,101,101,0,TRACKING,234.0,267.0,1.414,False
SCN_011,101,3.3333,TGT_003,DECOY_TARGET,true,247.0,335.0,247.0,335.0,150.0,-30.0,101,101,0,TRACKING,246.0,334.0,1.414,False
SCN_011,102,3.3667,TGT_001,COMMUNICATION_TARGET,true,240.0,209.0,240.0,209.0,150.0,90.0,102,102,0,TRACKING,239.0,208.0,1.414,True
SCN_011,102,3.3667,TGT_002,DECOY_TARGET,true,240.0,269.0,240.0,269.0,150.0,30.0,102,102,0,TRACKING,239.0,268.0,1.414,False
SCN_011,102,3.3667,TGT_003,DECOY_TARGET,true,251.0,337.0,251.0,337.0,120.0,60.0,102,102,0,TRACKING,250.0,336.0,1.414,False
SCN_011,103,3.4,TGT_001,COMMUNICATION_TARGET,true,241.0,210.0,241.0,210.0,30.0,30.0,103,103,0,TRACKING,240.0,209.0,1.414,True
SCN_011,103,3.4,TGT_002,DECOY_TARGET,true,241.0,269.0,241.0,269.0,30.0,0.0,103,103,0,TRACKING,240.0,268.0,1.414,False
SCN_011,103,3.4,TGT_003,DECOY_TARGET,true,250.0,337.0,250.0,337.0,-30.0,0.0,103,103,0,TRACKING,249.0,336.0,1.414,False
SCN_011,104,3.4333,TGT_001,COMMUNICATION_TARGET,true,239.0,210.0,239.0,210.0,-60.0,0.0,104,104,0,TRACKING,238.0,209.0,1.414,True
SCN_011,104,3.4333,TGT_002,DECOY_TARGET,true,239.0,268.0,239.0,268.0,-60.0,-30.0,104,104,0,TRACKING,238.0,267.0,1.414,False
SCN_011,104,3.4333,TGT_003,DECOY_TARGET,true,247.0,336.0,247.0,336.0,-90.0,-30.0,104,104,0,TRACKING,246.0,335.0,1.414,False
SCN_011,105,3.4667,TGT_001,COMMUNICATION_TARGET,true,237.0,210.0,237.0,210.0,-60.0,0.0,105,105,0,TRACKING,236.0,209.0,1.414,True
SCN_011,105,3.4667,TGT_002,DECOY_TARGET,true,237.0,267.0,237.0,267.0,-60.0,-30.0,105,105,0,TRACKING,236.0,266.0,1.414,False
SCN_011,105,3.4667,TGT_003,DECOY_TARGET,true,243.0,335.0,243.0,335.0,-120.0,-30.0,105,105,0,TRACKING,242.0,334.0,1.414,False
SCN_011,106,3.5,TGT_001,COMMUNICATION_TARGET,true,236.0,211.0,236.0,211.0,-30.0,30.0,106,106,0,TRACKING,235.0,210.0,1.414,True
SCN_011,106,3.5,TGT_002,DECOY_TARGET,true,236.0,267.0,236.0,267.0,-30.0,0.0,106,106,0,TRACKING,235.0,266.0,1.414,False
SCN_011,106,3.5,TGT_003,DECOY_TARGET,true,241.0,335.0,241.0,335.0,-60.0,0.0,106,106,0,TRACKING,240.0,334.0,1.414,False
SCN_011,107,3.5333,TGT_001,COMMUNICATION_TARGET,true,236.0,215.0,236.0,215.0,0.0,120.0,107,107,0,TRACKING,235.0,214.0,1.414,True
SCN_011,107,3.5333,TGT_002,DECOY_TARGET,true,236.0,270.0,236.0,270.0,0.0,90.0,107,107,0,TRACKING,235.0,269.0,1.414,False
SCN_011,107,3.5333,TGT_003,DECOY_TARGET,true,240.0,338.0,240.0,338.0,-30.0,90.0,107,107,0,TRACKING,239.0,337.0,1.414,False
SCN_011,108,3.5667,TGT_001,COMMUNICATION_TARGET,true,236.0,218.0,236.0,218.0,0.0,90.0,108,108,0,TRACKING,235.0,217.0,1.414,True
SCN_011,108,3.5667,TGT_002,DECOY_TARGET,true,236.0,272.0,236.0,272.0,0.0,60.0,108,108,0,TRACKING,235.0,271.0,1.414,False
SCN_011,108,3.5667,TGT_003,DECOY_TARGET,true,239.0,340.0,239.0,340.0,-30.0,60.0,108,108,0,TRACKING,238.0,339.0,1.414,False
SCN_011,109,3.6,TGT_001,COMMUNICATION_TARGET,true,237.0,219.0,237.0,219.0,30.0,30.0,109,109,0,TRACKING,236.0,218.0,1.414,True
SCN_011,109,3.6,TGT_002,DECOY_TARGET,true,237.0,272.0,237.0,272.0,30.0,0.0,109,109,0,TRACKING,236.0,271.0,1.414,False
SCN_011,109,3.6,TGT_003,DECOY_TARGET,true,238.0,341.0,238.0,341.0,-30.0,30.0,109,109,0,TRACKING,237.0,340.0,1.414,False
SCN_011,110,3.6333,TGT_001,COMMUNICATION_TARGET,true,237.0,219.0,237.0,219.0,0.0,0.0,110,110,0,TRACKING,236.0,218.0,1.414,True
SCN_011,110,3.6333,TGT_002,DECOY_TARGET,true,237.0,271.0,237.0,271.0,0.0,-30.0,110,110,0,TRACKING,236.0,270.0,1.414,False
SCN_011,110,3.6333,TGT_003,DECOY_TARGET,true,237.0,339.0,237.0,339.0,-30.0,-60.0,110,110,0,TRACKING,236.0,338.0,1.414,False
SCN_011,111,3.6667,TGT_001,COMMUNICATION_TARGET,true,239.0,215.0,239.0,215.0,60.0,-120.0,111,111,0,TRACKING,238.0,214.0,1.414,True
SCN_011,111,3.6667,TGT_002,DECOY_TARGET,true,239.0,266.0,239.0,266.0,60.0,-150.0,111,111,0,TRACKING,238.0,265.0,1.414,False
SCN_011,111,3.6667,TGT_003,DECOY_TARGET,true,237.0,335.0,237.0,335.0,0.0,-120.0,111,111,0,TRACKING,236.0,334.0,1.414,False
SCN_011,112,3.7,TGT_001,COMMUNICATION_TARGET,true,243.0,211.0,243.0,211.0,120.0,-120.0,112,112,0,TRACKING,242.0,210.0,1.414,True
SCN_011,112,3.7,TGT_002,DECOY_TARGET,true,243.0,261.0,243.0,261.0,120.0,-150.0,112,112,0,TRACKING,242.0,260.0,1.414,False
SCN_011,112,3.7,TGT_003,DECOY_TARGET,true,240.0,329.0,240.0,329.0,90.0,-180.0,112,112,0,TRACKING,239.0,328.0,1.414,False
SCN_011,113,3.7333,TGT_001,COMMUNICATION_TARGET,true,248.0,208.0,248.0,208.0,150.0,-90.0,113,113,0,TRACKING,247.0,207.0,1.414,True
SCN_011,113,3.7333,TGT_002,DECOY_TARGET,true,248.0,257.0,248.0,257.0,150.0,-120.0,113,113,0,TRACKING,247.0,256.0,1.414,False
SCN_011,113,3.7333,TGT_003,DECOY_TARGET,true,244.0,325.0,244.0,325.0,120.0,-120.0,113,113,0,TRACKING,243.0,324.0,1.414,False
SCN_011,114,3.7667,TGT_001,COMMUNICATION_TARGET,true,251.0,208.0,251.0,208.0,90.0,0.0,114,114,0,TRACKING,250.0,207.0,1.414,True
SCN_011,114,3.7667,TGT_002,DECOY_TARGET,true,251.0,256.0,251.0,256.0,90.0,-30.0,114,114,0,TRACKING,250.0,255.0,1.414,False
SCN_011,114,3.7667,TGT_003,DECOY_TARGET,true,246.0,324.0,246.0,324.0,60.0,-30.0,114,114,0,TRACKING,245.0,323.0,1.414,False
SCN_011,115,3.8,TGT_001,COMMUNICATION_TARGET,true,250.0,210.0,250.0,210.0,-30.0,60.0,115,115,0,TRACKING,249.0,209.0,1.414,True
SCN_011,115,3.8,TGT_002,DECOY_TARGET,true,250.0,257.0,250.0,257.0,-30.0,30.0,115,115,0,TRACKING,249.0,256.0,1.414,False
SCN_011,115,3.8,TGT_003,DECOY_TARGET,true,243.0,326.0,243.0,326.0,-90.0,60.0,115,115,0,TRACKING,242.0,325.0,1.414,False
SCN_011,116,3.8333,TGT_001,COMMUNICATION_TARGET,true,246.0,215.0,246.0,215.0,-120.0,150.0,116,116,0,TRACKING,245.0,214.0,1.414,True
SCN_011,116,3.8333,TGT_002,DECOY_TARGET,true,246.0,261.0,246.0,261.0,-120.0,120.0,116,116,0,TRACKING,245.0,260.0,1.414,False
SCN_011,116,3.8333,TGT_003,DECOY_TARGET,true,238.0,330.0,238.0,330.0,-150.0,120.0,116,116,0,TRACKING,237.0,329.0,1.414,False
SCN_011,117,3.8667,TGT_001,COMMUNICATION_TARGET,true,242.0,218.0,242.0,218.0,-120.0,90.0,117,117,0,TRACKING,241.0,217.0,1.414,True
SCN_011,117,3.8667,TGT_002,DECOY_TARGET,true,242.0,263.0,242.0,263.0,-120.0,60.0,117,117,0,TRACKING,241.0,262.0,1.414,False
SCN_011,117,3.8667,TGT_003,DECOY_TARGET,true,232.0,332.0,232.0,332.0,-180.0,60.0,117,117,0,TRACKING,231.0,331.0,1.414,False
SCN_011,118,3.9,TGT_001,COMMUNICATION_TARGET,true,240.0,220.0,240.0,220.0,-60.0,60.0,118,118,0,TRACKING,239.0,219.0,1.414,True
SCN_011,118,3.9,TGT_002,DECOY_TARGET,true,240.0,264.0,240.0,264.0,-60.0,30.0,118,118,0,TRACKING,239.0,263.0,1.414,False
SCN_011,118,3.9,TGT_003,DECOY_TARGET,true,229.0,333.0,229.0,333.0,-90.0,30.0,118,118,0,TRACKING,228.0,332.0,1.414,False
SCN_011,119,3.9333,TGT_001,COMMUNICATION_TARGET,true,243.0,220.0,243.0,220.0,90.0,0.0,119,119,0,TRACKING,242.0,219.0,1.414,True
SCN_011,119,3.9333,TGT_002,DECOY_TARGET,true,243.0,263.0,243.0,263.0,90.0,-30.0,119,119,0,TRACKING,242.0,262.0,1.414,False
SCN_011,119,3.9333,TGT_003,DECOY_TARGET,true,230.0,332.0,230.0,332.0,30.0,-30.0,119,119,0,TRACKING,229.0,331.0,1.414,False
SCN_011,120,3.9667,TGT_001,COMMUNICATION_TARGET,true,248.0,219.0,248.0,219.0,150.0,-30.0,120,120,0,TRACKING,247.0,218.0,1.414,True
SCN_011,120,3.9667,TGT_002,DECOY_TARGET,true,248.0,261.0,248.0,261.0,150.0,-60.0,120,120,0,TRACKING,247.0,260.0,1.414,False
SCN_011,120,3.9667,TGT_003,DECOY_TARGET,true,234.0,330.0,234.0,330.0,120.0,-60.0,120,120,0,TRACKING,233.0,329.0,1.414,False
SCN_011,121,4.0,TGT_001,COMMUNICATION_TARGET,true,253.0,219.0,253.0,219.0,150.0,0.0,121,121,0,TRACKING,252.0,218.0,1.414,True
SCN_011,121,4.0,TGT_002,DECOY_TARGET,true,253.0,260.0,253.0,260.0,150.0,-30.0,121,121,0,TRACKING,252.0,259.0,1.414,False
SCN_011,121,4.0,TGT_003,DECOY_TARGET,true,238.0,329.0,238.0,329.0,120.0,-30.0,121,121,0,TRACKING,237.0,328.0,1.414,False
SCN_011,122,4.0333,TGT_001,COMMUNICATION_TARGET,true,255.0,219.0,255.0,219.0,60.0,0.0,122,122,0,TRACKING,254.0,218.0,1.414,True
SCN_011,122,4.0333,TGT_002,DECOY_TARGET,true,255.0,260.0,255.0,260.0,60.0,0.0,122,122,0,TRACKING,254.0,259.0,1.414,False
SCN_011,122,4.0333,TGT_003,DECOY_TARGET,true,239.0,328.0,239.0,328.0,30.0,-30.0,122,122,0,TRACKING,238.0,327.0,1.414,False
SCN_011,123,4.0667,TGT_001,COMMUNICATION_TARGET,true,256.0,219.0,256.0,219.0,30.0,0.0,123,123,0,TRACKING,255.0,218.0,1.414,True
SCN_011,123,4.0667,TGT_002,DECOY_TARGET,true,256.0,258.0,256.0,258.0,30.0,-60.0,123,123,0,TRACKING,255.0,257.0,1.414,False
SCN_011,123,4.0667,TGT_003,DECOY_TARGET,true,238.0,327.0,238.0,327.0,-30.0,-30.0,123,123,0,TRACKING,237.0,326.0,1.414,False
SCN_011,124,4.1,TGT_001,COMMUNICATION_TARGET,true,255.0,219.0,255.0,219.0,-30.0,0.0,124,124,0,TRACKING,254.0,218.0,1.414,True
SCN_011,124,4.1,TGT_002,DECOY_TARGET,true,255.0,257.0,255.0,257.0,-30.0,-30.0,124,124,0,TRACKING,254.0,256.0,1.414,False
SCN_011,124,4.1,TGT_003,DECOY_TARGET,true,236.0,326.0,236.0,326.0,-60.0,-30.0,124,124,0,TRACKING,235.0,325.0,1.414,False
SCN_011,125,4.1333,TGT_001,COMMUNICATION_TARGET,true,256.0,216.0,256.0,216.0,30.0,-90.0,125,125,0,TRACKING,255.0,215.0,1.414,True
SCN_011,125,4.1333,TGT_002,DECOY_TARGET,true,256.0,253.0,256.0,253.0,30.0,-120.0,125,125,0,TRACKING,255.0,252.0,1.414,False
SCN_011,125,4.1333,TGT_003,DECOY_TARGET,true,235.0,321.0,235.0,321.0,-30.0,-150.0,125,125,0,TRACKING,234.0,320.0,1.414,False
SCN_011,126,4.1667,TGT_001,COMMUNICATION_TARGET,true,256.0,214.0,256.0,214.0,0.0,-60.0,126,126,0,TRACKING,255.0,213.0,1.414,True
SCN_011,126,4.1667,TGT_002,DECOY_TARGET,true,256.0,250.0,256.0,250.0,0.0,-90.0,126,126,0,TRACKING,255.0,249.0,1.414,False
SCN_011,126,4.1667,TGT_003,DECOY_TARGET,true,234.0,319.0,234.0,319.0,-30.0,-60.0,126,126,0,TRACKING,233.0,318.0,1.414,False
SCN_011,127,4.2,TGT_001,COMMUNICATION_TARGET,true,256.0,213.0,256.0,213.0,0.0,-30.0,127,127,0,TRACKING,255.0,212.0,1.414,True
SCN_011,127,4.2,TGT_002,DECOY_TARGET,true,256.0,248.0,256.0,248.0,0.0,-60.0,127,127,0,TRACKING,255.0,247.0,1.414,False
SCN_011,127,4.2,TGT_003,DECOY_TARGET,true,233.0,317.0,233.0,317.0,-30.0,-60.0,127,127,0,TRACKING,232.0,316.0,1.414,False
SCN_011,128,4.2333,TGT_001,COMMUNICATION_TARGET,true,253.0,215.0,253.0,215.0,-90.0,60.0,128,128,0,TRACKING,252.0,214.0,1.414,True
SCN_011,128,4.2333,TGT_002,DECOY_TARGET,true,253.0,249.0,253.0,249.0,-90.0,30.0,128,128,0,TRACKING,252.0,248.0,1.414,False
SCN_011,128,4.2333,TGT_003,DECOY_TARGET,true,229.0,318.0,229.0,318.0,-120.0,30.0,128,128,0,TRACKING,228.0,317.0,1.414,False
SCN_011,129,4.2667,TGT_001,COMMUNICATION_TARGET,true,252.0,219.0,252.0,219.0,-30.0,120.0,129,129,0,TRACKING,251.0,218.0,1.414,True
SCN_011,129,4.2667,TGT_002,DECOY_TARGET,true,252.0,253.0,252.0,253.0,-30.0,120.0,129,129,0,TRACKING,251.0,252.0,1.414,False
SCN_011,129,4.2667,TGT_003,DECOY_TARGET,true,226.0,321.0,226.0,321.0,-90.0,90.0,129,129,0,TRACKING,225.0,320.0,1.414,False
SCN_011,130,4.3,TGT_001,COMMUNICATION_TARGET,true,253.0,225.0,253.0,225.0,30.0,180.0,130,130,0,TRACKING,252.0,224.0,1.414,True
SCN_011,130,4.3,TGT_002,DECOY_TARGET,true,253.0,257.0,253.0,257.0,30.0,120.0,130,130,0,TRACKING,252.0,256.0,1.414,False
SCN_011,130,4.3,TGT_003,DECOY_TARGET,true,225.0,326.0,225.0,326.0,-30.0,150.0,130,130,0,TRACKING,224.0,325.0,1.414,False
SCN_011,131,4.3333,TGT_001,COMMUNICATION_TARGET,true,258.0,228.0,258.0,228.0,150.0,90.0,131,131,0,TRACKING,257.0,227.0,1.414,True
SCN_011,131,4.3333,TGT_002,DECOY_TARGET,true,258.0,259.0,258.0,259.0,150.0,60.0,131,131,0,TRACKING,257.0,258.0,1.414,False
SCN_011,131,4.3333,TGT_003,DECOY_TARGET,true,230.0,328.0,230.0,328.0,150.0,60.0,131,131,0,TRACKING,229.0,327.0,1.414,False
SCN_011,132,4.3667,TGT_001,COMMUNICATION_TARGET,true,264.0,228.0,264.0,228.0,180.0,0.0,132,132,0,TRACKING,263.0,227.0,1.414,True
SCN_011,132,4.3667,TGT_002,DECOY_TARGET,true,264.0,259.0,264.0,259.0,180.0,0.0,132,132,0,TRACKING,263.0,258.0,1.414,False
SCN_011,132,4.3667,TGT_003,DECOY_TARGET,true,235.0,327.0,235.0,327.0,150.0,-30.0,132,132,0,TRACKING,234.0,326.0,1.414,False
SCN_011,133,4.4,TGT_001,COMMUNICATION_TARGET,true,269.0,226.0,269.0,226.0,150.0,-60.0,133,133,0,TRACKING,268.0,225.0,1.414,True
SCN_011,133,4.4,TGT_002,DECOY_TARGET,true,269.0,255.0,269.0,255.0,150.0,-120.0,133,133,0,TRACKING,268.0,254.0,1.414,False
SCN_011,133,4.4,TGT_003,DECOY_TARGET,true,238.0,324.0,238.0,324.0,90.0,-90.0,133,133,0,TRACKING,237.0,323.0,1.414,False
SCN_011,134,4.4333,TGT_001,COMMUNICATION_TARGET,true,270.0,222.0,270.0,222.0,30.0,-120.0,134,134,0,TRACKING,269.0,221.0,1.414,True
SCN_011,134,4.4333,TGT_002,DECOY_TARGET,true,270.0,250.0,270.0,250.0,30.0,-150.0,134,134,0,TRACKING,269.0,249.0,1.414,False
SCN_011,134,4.4333,TGT_003,DECOY_TARGET,true,238.0,318.0,238.0,318.0,0.0,-180.0,134,134,0,TRACKING,237.0,317.0,1.414,False
SCN_011,135,4.4667,TGT_001,COMMUNICATION_TARGET,true,266.0,220.0,266.0,220.0,-120.0,-60.0,135,135,0,TRACKING,265.0,219.0,1.414,True
SCN_011,135,4.4667,TGT_002,DECOY_TARGET,true,266.0,247.0,266.0,247.0,-120.0,-90.0,135,135,0,TRACKING,265.0,246.0,1.414,False
SCN_011,135,4.4667,TGT_003,DECOY_TARGET,true,233.0,316.0,233.0,316.0,-150.0,-60.0,135,135,0,TRACKING,232.0,315.0,1.414,False
SCN_011,136,4.5,TGT_001,COMMUNICATION_TARGET,true,261.0,219.0,261.0,219.0,-150.0,-30.0,136,136,0,TRACKING,260.0,218.0,1.414,True
SCN_011,136,4.5,TGT_002,DECOY_TARGET,true,261.0,245.0,261.0,245.0,-150.0,-60.0,136,136,0,TRACKING,260.0,244.0,1.414,False
SCN_011,136,4.5,TGT_003,DECOY_TARGET,true,226.0,313.0,226.0,313.0,-210.0,-90.0,136,136,0,TRACKING,225.0,312.0,1.414,False
SCN_011,137,4.5333,TGT_001,COMMUNICATION_TARGET,true,260.0,220.0,260.0,220.0,-30.0,30.0,137,137,0,TRACKING,259.0,219.0,1.414,True
SCN_011,137,4.5333,TGT_002,DECOY_TARGET,true,260.0,245.0,260.0,245.0,-30.0,0.0,137,137,0,TRACKING,259.0,244.0,1.414,False
SCN_011,137,4.5333,TGT_003,DECOY_TARGET,true,224.0,313.0,224.0,313.0,-60.0,0.0,137,137,0,TRACKING,223.0,312.0,1.414,False
SCN_011,138,4.5667,TGT_001,COMMUNICATION_TARGET,true,260.0,221.0,260.0,221.0,0.0,30.0,138,138,0,TRACKING,259.0,220.0,1.414,True
SCN_011,138,4.5667,TGT_002,DECOY_TARGET,true,260.0,246.0,260.0,246.0,0.0,30.0,138,138,0,TRACKING,259.0,245.0,1.414,False
SCN_011,138,4.5667,TGT_003,DECOY_TARGET,true,223.0,314.0,223.0,314.0,-30.0,30.0,138,138,0,TRACKING,222.0,313.0,1.414,False
SCN_011,139,4.6,TGT_001,COMMUNICATION_TARGET,true,265.0,222.0,265.0,222.0,150.0,30.0,139,139,0,TRACKING,264.0,221.0,1.414,True
SCN_011,139,4.6,TGT_002,DECOY_TARGET,true,265.0,246.0,265.0,246.0,150.0,0.0,139,139,0,TRACKING,264.0,245.0,1.414,False
SCN_011,139,4.6,TGT_003,DECOY_TARGET,true,226.0,314.0,226.0,314.0,90.0,0.0,139,139,0,TRACKING,225.0,313.0,1.414,False
SCN_011,140,4.6333,TGT_001,COMMUNICATION_TARGET,true,269.0,223.0,269.0,223.0,120.0,30.0,140,140,0,TRACKING,268.0,222.0,1.414,True
SCN_011,140,4.6333,TGT_002,DECOY_TARGET,true,269.0,245.0,269.0,245.0,120.0,-30.0,140,140,0,TRACKING,268.0,244.0,1.414,False
SCN_011,140,4.6333,TGT_003,DECOY_TARGET,true,229.0,313.0,229.0,313.0,90.0,-30.0,140,140,0,TRACKING,228.0,312.0,1.414,False
SCN_011,141,4.6667,TGT_001,COMMUNICATION_TARGET,true,271.0,223.0,271.0,223.0,60.0,0.0,141,141,0,TRACKING,270.0,222.0,1.414,True
SCN_011,141,4.6667,TGT_002,DECOY_TARGET,true,271.0,245.0,271.0,245.0,60.0,0.0,141,141,0,TRACKING,270.0,244.0,1.414,False
SCN_011,141,4.6667,TGT_003,DECOY_TARGET,true,230.0,313.0,230.0,313.0,30.0,0.0,141,141,0,TRACKING,229.0,312.0,1.414,False
SCN_011,142,4.7,TGT_001,COMMUNICATION_TARGET,true,272.0,225.0,272.0,225.0,30.0,60.0,142,142,0,TRACKING,271.0,224.0,1.414,True
SCN_011,142,4.7,TGT_002,DECOY_TARGET,true,272.0,245.0,272.0,245.0,30.0,0.0,142,142,0,TRACKING,271.0,244.0,1.414,False
SCN_011,142,4.7,TGT_003,DECOY_TARGET,true,230.0,313.0,230.0,313.0,0.0,0.0,142,142,0,TRACKING,229.0,312.0,1.414,False
SCN_011,143,4.7333,TGT_001,COMMUNICATION_TARGET,true,274.0,229.0,274.0,229.0,60.0,120.0,143,143,0,TRACKING,273.0,228.0,1.414,True
SCN_011,143,4.7333,TGT_002,DECOY_TARGET,true,274.0,248.0,274.0,248.0,60.0,90.0,143,143,0,TRACKING,273.0,247.0,1.414,False
SCN_011,143,4.7333,TGT_003,DECOY_TARGET,true,231.0,316.0,231.0,316.0,30.0,90.0,143,143,0,TRACKING,230.0,315.0,1.414,False
SCN_011,144,4.7667,TGT_001,COMMUNICATION_TARGET,true,275.0,232.0,275.0,232.0,30.0,90.0,144,144,0,TRACKING,274.0,231.0,1.414,True
SCN_011,144,4.7667,TGT_002,DECOY_TARGET,true,275.0,250.0,275.0,250.0,30.0,60.0,144,144,0,TRACKING,274.0,249.0,1.414,False
SCN_011,144,4.7667,TGT_003,DECOY_TARGET,true,230.0,318.0,230.0,318.0,-30.0,60.0,144,144,0,TRACKING,229.0,317.0,1.414,False
SCN_011,145,4.8,TGT_001,COMMUNICATION_TARGET,true,278.0,233.0,278.0,233.0,90.0,30.0,145,145,0,TRACKING,277.0,232.0,1.414,True
SCN_011,145,4.8,TGT_002,DECOY_TARGET,true,278.0,251.0,278.0,251.0,90.0,30.0,145,145,0,TRACKING,277.0,250.0,1.414,False
SCN_011,145,4.8,TGT_003,DECOY_TARGET,true,232.0,319.0,232.0,319.0,60.0,30.0,145,145,0,TRACKING,231.0,318.0,1.414,False
SCN_011,146,4.8333,TGT_001,COMMUNICATION_TARGET,true,278.0,231.0,278.0,231.0,0.0,-60.0,146,146,0,TRACKING,277.0,230.0,1.414,True
SCN_011,146,4.8333,TGT_002,DECOY_TARGET,true,278.0,248.0,278.0,248.0,0.0,-90.0,146,146,0,TRACKING,277.0,247.0,1.414,False
SCN_011,146,4.8333,TGT_003,DECOY_TARGET,true,230.0,316.0,230.0,316.0,-60.0,-90.0,146,146,0,TRACKING,229.0,315.0,1.414,False
SCN_011,147,4.8667,TGT_001,COMMUNICATION_TARGET,true,274.0,227.0,274.0,227.0,-120.0,-120.0,147,147,0,TRACKING,273.0,226.0,1.414,True
SCN_011,147,4.8667,TGT_002,DECOY_TARGET,true,274.0,243.0,274.0,243.0,-120.0,-150.0,147,147,0,TRACKING,273.0,242.0,1.414,False
SCN_011,147,4.8667,TGT_003,DECOY_TARGET,true,226.0,310.0,226.0,310.0,-120.0,-180.0,147,147,0,TRACKING,225.0,309.0,1.414,False
SCN_011,148,4.9,TGT_001,COMMUNICATION_TARGET,true,271.0,223.0,271.0,223.0,-90.0,-120.0,148,148,0,TRACKING,270.0,222.0,1.414,True
SCN_011,148,4.9,TGT_002,DECOY_TARGET,true,271.0,238.0,271.0,238.0,-90.0,-150.0,148,148,0,TRACKING,270.0,237.0,1.414,False
SCN_011,148,4.9,TGT_003,DECOY_TARGET,true,221.0,305.0,221.0,305.0,-150.0,-150.0,148,148,0,TRACKING,220.0,304.0,1.414,False
SCN_011,149,4.9333,TGT_001,COMMUNICATION_TARGET,true,270.0,222.0,270.0,222.0,-30.0,-30.0,149,149,0,TRACKING,269.0,221.0,1.414,True
SCN_011,149,4.9333,TGT_002,DECOY_TARGET,true,270.0,235.0,270.0,235.0,-30.0,-90.0,149,149,0,TRACKING,269.0,234.0,1.414,False
SCN_011,149,4.9333,TGT_003,DECOY_TARGET,true,219.0,303.0,219.0,303.0,-60.0,-60.0,149,149,0,TRACKING,218.0,302.0,1.414,False
SCN_011,150,4.9667,TGT_001,COMMUNICATION_TARGET,true,273.0,222.0,273.0,222.0,90.0,0.0,150,150,0,TRACKING,272.0,221.0,1.414,True
SCN_011,150,4.9667,TGT_002,DECOY_TARGET,true,273.0,235.0,273.0,235.0,90.0,0.0,150,150,0,TRACKING,272.0,234.0,1.414,False
SCN_011,150,4.9667,TGT_003,DECOY_TARGET,true,221.0,302.0,221.0,302.0,60.0,-30.0,150,150,0,TRACKING,220.0,301.0,1.414,False
SCN_011,151,5.0,TGT_001,COMMUNICATION_TARGET,true,280.0,226.0,280.0,226.0,210.0,120.0,151,151,0,TRACKING,279.0,225.0,1.414,True
SCN_011,151,5.0,TGT_002,DECOY_TARGET,true,280.0,237.0,280.0,237.0,210.0,60.0,151,151,0,TRACKING,279.0,236.0,1.414,False
SCN_011,151,5.0,TGT_003,DECOY_TARGET,true,227.0,305.0,227.0,305.0,180.0,90.0,151,151,0,TRACKING,226.0,304.0,1.414,False
SCN_011,152,5.0333,TGT_001,COMMUNICATION_TARGET,true,287.0,230.0,287.0,230.0,210.0,120.0,152,152,0,TRACKING,286.0,229.0,1.414,True
SCN_011,152,5.0333,TGT_002,DECOY_TARGET,true,287.0,241.0,287.0,241.0,210.0,120.0,152,152,0,TRACKING,286.0,240.0,1.414,False
SCN_011,152,5.0333,TGT_003,DECOY_TARGET,true,232.0,308.0,232.0,308.0,150.0,90.0,152,152,0,TRACKING,231.0,307.0,1.414,False
SCN_011,153,5.0667,TGT_001,COMMUNICATION_TARGET,true,289.0,238.0,289.0,238.0,60.0,240.0,153,153,0,TRACKING,288.0,232.0,6.083,True
SCN_011,153,5.0667,TGT_002,DECOY_TARGET,false,,,,,210.0,120.0,152,0,1,TEMPORARILY_LOST,288.0,242.0,,False
SCN_011,153,5.0667,TGT_003,DECOY_TARGET,true,233.0,310.0,233.0,310.0,30.0,60.0,153,153,0,TRACKING,232.0,309.0,1.414,False
SCN_011,154,5.1,TGT_001,COMMUNICATION_TARGET,true,288.0,239.5,288.0,239.5,-30.0,45.0,154,154,0,TRACKING,287.0,234.0,5.59,True
SCN_011,154,5.1,TGT_002,DECOY_TARGET,false,,,,,210.0,120.0,152,0,2,TEMPORARILY_LOST,287.0,243.0,,False
SCN_011,154,5.1,TGT_003,DECOY_TARGET,true,231.0,311.0,231.0,311.0,-60.0,30.0,154,154,0,TRACKING,230.0,310.0,1.414,False
SCN_011,155,5.1333,TGT_001,COMMUNICATION_TARGET,true,285.0,238.0,285.0,238.0,-90.0,-45.0,155,155,0,TRACKING,284.0,233.0,5.099,True
SCN_011,155,5.1333,TGT_002,DECOY_TARGET,false,,,,,210.0,120.0,152,0,3,TEMPORARILY_LOST,284.0,241.0,,False
SCN_011,155,5.1333,TGT_003,DECOY_TARGET,true,226.0,309.0,226.0,309.0,-150.0,-60.0,155,155,0,TRACKING,225.0,308.0,1.414,False
SCN_011,156,5.1667,TGT_001,COMMUNICATION_TARGET,true,282.0,237.5,282.0,237.5,-90.0,-15.0,156,156,0,TRACKING,281.0,233.0,4.61,True
SCN_011,156,5.1667,TGT_002,DECOY_TARGET,false,,,,,210.0,120.0,152,0,4,TEMPORARILY_LOST,281.0,240.0,,False
SCN_011,156,5.1667,TGT_003,DECOY_TARGET,true,222.0,308.0,222.0,308.0,-120.0,-30.0,156,156,0,TRACKING,221.0,307.0,1.414,False
SCN_011,157,5.2,TGT_001,COMMUNICATION_TARGET,true,282.0,237.0,282.0,237.0,0.0,-15.0,157,157,0,TRACKING,281.0,233.0,4.123,True
SCN_011,157,5.2,TGT_002,DECOY_TARGET,false,,,,,210.0,120.0,152,0,5,TEMPORARILY_LOST,281.0,239.0,,False
SCN_011,157,5.2,TGT_003,DECOY_TARGET,true,221.0,307.0,221.0,307.0,-30.0,-30.0,157,157,0,TRACKING,220.0,306.0,1.414,False
SCN_011,158,5.2333,TGT_001,COMMUNICATION_TARGET,true,284.0,237.5,284.0,237.5,60.0,15.0,158,158,0,TRACKING,283.0,234.0,3.64,True
SCN_011,158,5.2333,TGT_002,DECOY_TARGET,false,,,,,210.0,120.0,152,0,6,LOST,283.0,239.0,,False
SCN_011,158,5.2333,TGT_003,DECOY_TARGET,true,221.0,307.0,221.0,307.0,0.0,0.0,158,158,0,TRACKING,220.0,306.0,1.414,False
SCN_011,159,5.2667,TGT_001,COMMUNICATION_TARGET,true,286.0,237.5,286.0,237.5,60.0,0.0,159,159,0,TRACKING,285.0,235.0,2.693,True
SCN_011,159,5.2667,TGT_002,DECOY_TARGET,false,,,,,210.0,120.0,152,0,7,LOST,285.0,238.0,,False
SCN_011,159,5.2667,TGT_003,DECOY_TARGET,true,222.0,306.0,222.0,306.0,30.0,-30.0,159,159,0,TRACKING,221.0,305.0,1.414,False
SCN_011,160,5.3,TGT_001,COMMUNICATION_TARGET,true,286.0,234.5,286.0,234.5,0.0,-90.0,160,160,0,TRACKING,285.0,232.0,2.693,True
SCN_011,160,5.3,TGT_002,DECOY_TARGET,false,,,,,210.0,120.0,152,0,8,LOST,285.0,235.0,,False
SCN_011,160,5.3,TGT_003,DECOY_TARGET,true,221.0,302.0,221.0,302.0,-30.0,-120.0,160,160,0,TRACKING,220.0,301.0,1.414,False
SCN_011,161,5.3333,TGT_001,COMMUNICATION_TARGET,true,289.0,232.0,289.0,232.0,90.0,-75.0,161,161,0,TRACKING,288.0,230.0,2.236,True
SCN_011,161,5.3333,TGT_002,DECOY_TARGET,false,,,,,210.0,120.0,152,0,9,LOST,288.0,232.0,,False
SCN_011,161,5.3333,TGT_003,DECOY_TARGET,true,223.0,299.0,223.0,299.0,60.0,-90.0,161,161,0,TRACKING,222.0,298.0,1.414,False
SCN_011,162,5.3667,TGT_001,COMMUNICATION_TARGET,true,291.0,229.0,291.0,229.0,60.0,-90.0,162,162,0,TRACKING,290.0,228.0,1.414,True
SCN_011,162,5.3667,TGT_002,DECOY_TARGET,false,,,,,210.0,120.0,152,0,10,LOST,290.0,228.0,,False
SCN_011,162,5.3667,TGT_003,DECOY_TARGET,true,223.0,296.0,223.0,296.0,0.0,-90.0,162,162,0,TRACKING,222.0,295.0,1.414,False
SCN_011,163,5.4,TGT_001,COMMUNICATION_TARGET,true,295.0,229.0,295.0,229.0,120.0,0.0,163,163,0,TRACKING,294.0,228.0,1.414,True
SCN_011,163,5.4,TGT_002,DECOY_TARGET,false,,,,,210.0,120.0,152,0,11,LOST,294.0,228.0,,False
SCN_011,163,5.4,TGT_003,DECOY_TARGET,true,226.0,295.0,226.0,295.0,90.0,-30.0,163,163,0,TRACKING,225.0,294.0,1.414,False
SCN_011,164,5.4333,TGT_001,COMMUNICATION_TARGET,true,299.0,231.0,299.0,231.0,120.0,60.0,164,164,0,TRACKING,298.0,231.0,1.0,True
SCN_011,164,5.4333,TGT_002,DECOY_TARGET,false,,,,,210.0,120.0,152,0,12,LOST,298.0,229.0,,False
SCN_011,164,5.4333,TGT_003,DECOY_TARGET,true,230.0,296.0,230.0,296.0,120.0,30.0,164,164,0,TRACKING,229.0,295.0,1.414,False
SCN_011,165,5.4667,TGT_001,COMMUNICATION_TARGET,true,299.0,237.0,299.0,237.0,0.0,180.0,165,165,0,TRACKING,298.0,237.0,1.0,True
SCN_011,165,5.4667,TGT_002,DECOY_TARGET,false,,,,,210.0,120.0,152,0,13,LOST,298.0,235.0,,False
SCN_011,165,5.4667,TGT_003,DECOY_TARGET,true,229.0,302.0,229.0,302.0,-30.0,180.0,165,165,0,TRACKING,228.0,301.0,1.414,False
SCN_011,166,5.5,TGT_001,COMMUNICATION_TARGET,true,296.0,241.0,296.0,241.0,-90.0,120.0,166,166,0,TRACKING,295.0,242.0,1.414,True
SCN_011,166,5.5,TGT_002,DECOY_TARGET,false,,,,,210.0,120.0,152,0,14,LOST,295.0,238.0,,False
SCN_011,166,5.5,TGT_003,DECOY_TARGET,true,224.0,305.0,224.0,305.0,-150.0,90.0,166,166,0,TRACKING,223.0,304.0,1.414,False
SCN_011,167,5.5333,TGT_001,COMMUNICATION_TARGET,true,292.0,243.5,292.0,243.5,-120.0,75.0,167,167,0,TRACKING,291.0,245.0,1.803,True
SCN_011,167,5.5333,TGT_002,DECOY_TARGET,false,,,,,210.0,120.0,152,0,15,LOST,291.0,240.0,,False
SCN_011,167,5.5333,TGT_003,DECOY_TARGET,true,219.0,307.0,219.0,307.0,-150.0,60.0,167,167,0,TRACKING,218.0,306.0,1.414,False
SCN_011,168,5.5667,TGT_001,COMMUNICATION_TARGET,true,289.0,242.0,289.0,242.0,-90.0,-45.0,168,168,0,TRACKING,288.0,244.0,2.236,True
SCN_011,168,5.5667,TGT_002,DECOY_TARGET,false,,,,,210.0,120.0,152,0,16,LOST,288.0,238.0,,False
SCN_011,168,5.5667,TGT_003,DECOY_TARGET,true,215.0,305.0,215.0,305.0,-120.0,-60.0,168,168,0,TRACKING,214.0,304.0,1.414,False
SCN_011,169,5.6,TGT_001,COMMUNICATION_TARGET,true,290.0,239.0,290.0,239.0,30.0,-90.0,169,169,0,TRACKING,289.0,241.0,2.236,True
SCN_011,169,5.6,TGT_002,DECOY_TARGET,false,,,,,210.0,120.0,152,0,17,LOST,289.0,235.0,,False
SCN_011,169,5.6,TGT_003,DECOY_TARGET,true,215.0,302.0,215.0,302.0,0.0,-90.0,169,169,0,TRACKING,214.0,301.0,1.414,False
SCN_011,170,5.6333,TGT_001,COMMUNICATION_TARGET,true,296.0,235.5,296.0,235.5,180.0,-105.0,170,170,0,TRACKING,295.0,238.0,2.693,True
SCN_011,170,5.6333,TGT_002,DECOY_TARGET,false,,,,,210.0,120.0,152,0,18,LOST,295.0,231.0,,False
SCN_011,170,5.6333,TGT_003,DECOY_TARGET,true,219.0,297.0,219.0,297.0,120.0,-150.0,170,170,0,TRACKING,218.0,296.0,1.414,False
SCN_011,171,5.6667,TGT_001,COMMUNICATION_TARGET,true,302.0,234.0,302.0,234.0,180.0,-45.0,171,171,0,TRACKING,301.0,237.0,3.162,True
SCN_011,171,5.6667,TGT_002,DECOY_TARGET,false,,,,,210.0,120.0,152,0,19,LOST,301.0,229.0,,False
SCN_011,171,5.6667,TGT_003,DECOY_TARGET,true,224.0,295.0,224.0,295.0,150.0,-60.0,171,171,0,TRACKING,223.0,294.0,1.414,False
SCN_011,172,5.7,TGT_001,COMMUNICATION_TARGET,true,307.0,233.0,307.0,233.0,150.0,-30.0,172,172,0,TRACKING,306.0,237.0,4.123,True
SCN_011,172,5.7,TGT_002,DECOY_TARGET,false,,,,,210.0,120.0,152,0,20,LOST,306.0,227.0,,False
SCN_011,172,5.7,TGT_003,DECOY_TARGET,true,228.0,293.0,228.0,293.0,120.0,-60.0,172,172,0,TRACKING,227.0,292.0,1.414,False
SCN_011,173,5.7333,TGT_001,COMMUNICATION_TARGET,true,307.0,234.0,307.0,234.0,0.0,30.0,173,173,0,TRACKING,306.0,238.0,4.123,True
SCN_011,173,5.7333,TGT_002,DECOY_TARGET,false,,,,,210.0,120.0,152,0,21,LOST,306.0,228.0,,False
SCN_011,173,5.7333,TGT_003,DECOY_TARGET,true,227.0,294.0,227.0,294.0,-30.0,30.0,173,173,0,TRACKING,226.0,293.0,1.414,False
SCN_011,174,5.7667,TGT_001,COMMUNICATION_TARGET,true,305.0,240.0,305.0,240.0,-60.0,180.0,174,174,0,TRACKING,304.0,239.0,1.414,True
SCN_011,174,5.7667,TGT_002,DECOY_TARGET,true,305.0,229.0,305.0,229.0,0.0,0.0,1,1,0,REACQUIRED,304.0,228.0,1.414,False
SCN_011,174,5.7667,TGT_003,DECOY_TARGET,true,224.0,293.0,224.0,293.0,-90.0,-30.0,174,174,0,TRACKING,223.0,292.0,1.414,False
SCN_011,175,5.8,TGT_001,COMMUNICATION_TARGET,true,304.0,241.0,304.0,241.0,-30.0,30.0,175,175,0,TRACKING,303.0,240.0,1.414,True
SCN_011,175,5.8,TGT_002,DECOY_TARGET,true,304.0,229.0,304.0,229.0,-30.0,0.0,2,2,0,TRACKING,303.0,228.0,1.414,False
SCN_011,175,5.8,TGT_003,DECOY_TARGET,true,221.0,293.0,221.0,293.0,-90.0,0.0,175,175,0,TRACKING,220.0,292.0,1.414,False
SCN_011,176,5.8333,TGT_001,COMMUNICATION_TARGET,true,304.0,242.0,304.0,242.0,0.0,30.0,176,176,0,TRACKING,303.0,241.0,1.414,True
SCN_011,176,5.8333,TGT_002,DECOY_TARGET,true,304.0,229.0,304.0,229.0,0.0,0.0,3,3,0,TRACKING,303.0,228.0,1.414,False
SCN_011,176,5.8333,TGT_003,DECOY_TARGET,true,220.0,293.0,220.0,293.0,-30.0,0.0,176,176,0,TRACKING,219.0,292.0,1.414,False
SCN_011,177,5.8667,TGT_001,COMMUNICATION_TARGET,true,304.0,242.0,304.0,242.0,0.0,0.0,177,177,0,TRACKING,303.0,241.0,1.414,True
SCN_011,177,5.8667,TGT_002,DECOY_TARGET,true,304.0,228.0,304.0,228.0,0.0,-30.0,4,4,0,TRACKING,303.0,227.0,1.414,False
SCN_011,177,5.8667,TGT_003,DECOY_TARGET,true,219.0,292.0,219.0,292.0,-30.0,-30.0,177,177,0,TRACKING,218.0,291.0,1.414,False
SCN_011,178,5.9,TGT_001,COMMUNICATION_TARGET,true,304.0,245.0,304.0,245.0,0.0,90.0,178,178,0,TRACKING,303.0,244.0,1.414,True
SCN_011,178,5.9,TGT_002,DECOY_TARGET,true,304.0,230.0,304.0,230.0,0.0,60.0,5,5,0,TRACKING,303.0,229.0,1.414,False
SCN_011,178,5.9,TGT_003,DECOY_TARGET,true,218.0,294.0,218.0,294.0,-30.0,60.0,178,178,0,TRACKING,217.0,293.0,1.414,False
SCN_011,179,5.9333,TGT_001,COMMUNICATION_TARGET,true,304.0,249.0,304.0,249.0,0.0,120.0,179,179,0,TRACKING,303.0,248.0,1.414,True
SCN_011,179,5.9333,TGT_002,DECOY_TARGET,true,304.0,233.0,304.0,233.0,0.0,90.0,6,6,0,TRACKING,303.0,232.0,1.414,False
SCN_011,179,5.9333,TGT_003,DECOY_TARGET,true,217.0,297.0,217.0,297.0,-30.0,90.0,179,179,0,TRACKING,216.0,296.0,1.414,False
SCN_011,180,5.9667,TGT_001,COMMUNICATION_TARGET,true,303.0,253.0,303.0,253.0,-30.0,120.0,180,180,0,TRACKING,302.0,252.0,1.414,True
SCN_011,180,5.9667,TGT_002,DECOY_TARGET,true,303.0,236.0,303.0,236.0,-30.0,90.0,7,7,0,TRACKING,302.0,235.0,1.414,False
SCN_011,180,5.9667,TGT_003,DECOY_TARGET,true,215.0,299.0,215.0,299.0,-60.0,60.0,180,180,0,TRACKING,214.0,298.0,1.414,False
SCN_011,181,6.0,TGT_001,COMMUNICATION_TARGET,true,307.0,253.0,307.0,253.0,120.0,0.0,181,181,0,TRACKING,306.0,252.0,1.414,True
SCN_011,181,6.0,TGT_002,DECOY_TARGET,true,307.0,235.0,307.0,235.0,120.0,-30.0,8,8,0,TRACKING,306.0,234.0,1.414,False
SCN_011,181,6.0,TGT_003,DECOY_TARGET,true,217.0,299.0,217.0,299.0,60.0,0.0,181,181,0,TRACKING,216.0,298.0,1.414,False
SCN_011,182,6.0333,TGT_001,COMMUNICATION_TARGET,true,312.0,251.0,312.0,251.0,150.0,-60.0,182,182,0,TRACKING,311.0,250.0,1.414,True
SCN_011,182,6.0333,TGT_002,DECOY_TARGET,true,312.0,232.0,312.0,232.0,150.0,-90.0,9,9,0,TRACKING,311.0,231.0,1.414,False
SCN_011,182,6.0333,TGT_003,DECOY_TARGET,true,221.0,295.0,221.0,295.0,120.0,-120.0,182,182,0,TRACKING,220.0,294.0,1.414,False
SCN_011,183,6.0667,TGT_001,COMMUNICATION_TARGET,true,317.0,247.0,317.0,247.0,150.0,-120.0,183,183,0,TRACKING,316.0,246.0,1.414,True
SCN_011,183,6.0667,TGT_002,DECOY_TARGET,true,317.0,227.0,317.0,227.0,150.0,-150.0,10,10,0,TRACKING,316.0,226.0,1.414,False
SCN_011,183,6.0667,TGT_003,DECOY_TARGET,true,225.0,290.0,225.0,290.0,120.0,-150.0,183,183,0,TRACKING,224.0,289.0,1.414,False
SCN_011,184,6.1,TGT_001,COMMUNICATION_TARGET,true,320.0,243.0,320.0,243.0,90.0,-120.0,184,184,0,TRACKING,319.0,242.0,1.414,True
SCN_011,184,6.1,TGT_002,DECOY_TARGET,true,320.0,222.0,320.0,222.0,90.0,-150.0,11,11,0,TRACKING,319.0,221.0,1.414,False
SCN_011,184,6.1,TGT_003,DECOY_TARGET,true,227.0,285.0,227.0,285.0,60.0,-150.0,184,184,0,TRACKING,226.0,284.0,1.414,False
SCN_011,185,6.1333,TGT_001,COMMUNICATION_TARGET,true,318.0,243.0,318.0,243.0,-60.0,0.0,185,185,0,TRACKING,317.0,242.0,1.414,True
SCN_011,185,6.1333,TGT_002,DECOY_TARGET,true,318.0,221.0,318.0,221.0,-60.0,-30.0,12,12,0,TRACKING,317.0,220.0,1.414,False
SCN_011,185,6.1333,TGT_003,DECOY_TARGET,true,224.0,284.0,224.0,284.0,-90.0,-30.0,185,185,0,TRACKING,223.0,283.0,1.414,False
SCN_011,186,6.1667,TGT_001,COMMUNICATION_TARGET,true,313.0,244.0,313.0,244.0,-150.0,30.0,186,186,0,TRACKING,312.0,243.0,1.414,True
SCN_011,186,6.1667,TGT_002,DECOY_TARGET,true,313.0,221.0,313.0,221.0,-150.0,0.0,13,13,0,TRACKING,312.0,220.0,1.414,False
SCN_011,186,6.1667,TGT_003,DECOY_TARGET,true,218.0,284.0,218.0,284.0,-180.0,0.0,186,186,0,TRACKING,217.0,283.0,1.414,False
SCN_011,187,6.2,TGT_001,COMMUNICATION_TARGET,true,309.0,248.0,309.0,248.0,-120.0,120.0,187,187,0,TRACKING,308.0,247.0,1.414,True
SCN_011,187,6.2,TGT_002,DECOY_TARGET,true,309.0,224.0,309.0,224.0,-120.0,90.0,14,14,0,TRACKING,308.0,223.0,1.414,False
SCN_011,187,6.2,TGT_003,DECOY_TARGET,true,213.0,287.0,213.0,287.0,-150.0,90.0,187,187,0,TRACKING,212.0,286.0,1.414,False
SCN_011,188,6.2333,TGT_001,COMMUNICATION_TARGET,true,308.0,253.0,308.0,253.0,-30.0,150.0,188,188,0,TRACKING,307.0,252.0,1.414,True
SCN_011,188,6.2333,TGT_002,DECOY_TARGET,true,308.0,228.0,308.0,228.0,-30.0,120.0,15,15,0,TRACKING,307.0,227.0,1.414,False
SCN_011,188,6.2333,TGT_003,DECOY_TARGET,true,211.0,290.0,211.0,290.0,-60.0,90.0,188,188,0,TRACKING,210.0,289.0,1.414,False
SCN_011,189,6.2667,TGT_001,COMMUNICATION_TARGET,true,311.0,255.0,311.0,255.0,90.0,60.0,189,189,0,TRACKING,310.0,254.0,1.414,True
SCN_011,189,6.2667,TGT_002,DECOY_TARGET,true,311.0,230.0,311.0,230.0,90.0,60.0,16,16,0,TRACKING,310.0,229.0,1.414,False
SCN_011,189,6.2667,TGT_003,DECOY_TARGET,true,213.0,292.0,213.0,292.0,60.0,60.0,189,189,0,TRACKING,212.0,291.0,1.414,False
SCN_011,190,6.3,TGT_001,COMMUNICATION_TARGET,true,316.0,256.0,316.0,256.0,150.0,30.0,190,190,0,TRACKING,315.0,255.0,1.414,True
SCN_011,190,6.3,TGT_002,DECOY_TARGET,true,316.0,229.0,316.0,229.0,150.0,-30.0,17,17,0,TRACKING,315.0,228.0,1.414,False
SCN_011,190,6.3,TGT_003,DECOY_TARGET,true,217.0,291.0,217.0,291.0,120.0,-30.0,190,190,0,TRACKING,216.0,290.0,1.414,False
SCN_011,191,6.3333,TGT_001,COMMUNICATION_TARGET,true,320.0,256.0,320.0,256.0,120.0,0.0,191,191,0,TRACKING,319.0,255.0,1.414,True
SCN_011,191,6.3333,TGT_002,DECOY_TARGET,true,320.0,228.0,320.0,228.0,120.0,-30.0,18,18,0,TRACKING,319.0,227.0,1.414,False
SCN_011,191,6.3333,TGT_003,DECOY_TARGET,true,220.0,290.0,220.0,290.0,90.0,-30.0,191,191,0,TRACKING,219.0,289.0,1.414,False
SCN_011,192,6.3667,TGT_001,COMMUNICATION_TARGET,true,322.0,256.0,322.0,256.0,60.0,0.0,192,192,0,TRACKING,321.0,255.0,1.414,True
SCN_011,192,6.3667,TGT_002,DECOY_TARGET,true,322.0,227.0,322.0,227.0,60.0,-30.0,19,19,0,TRACKING,321.0,226.0,1.414,False
SCN_011,192,6.3667,TGT_003,DECOY_TARGET,true,221.0,289.0,221.0,289.0,30.0,-30.0,192,192,0,TRACKING,220.0,288.0,1.414,False
SCN_011,193,6.4,TGT_001,COMMUNICATION_TARGET,true,323.0,256.0,323.0,256.0,30.0,0.0,193,193,0,TRACKING,322.0,255.0,1.414,True
SCN_011,193,6.4,TGT_002,DECOY_TARGET,true,323.0,226.0,323.0,226.0,30.0,-30.0,20,20,0,TRACKING,322.0,225.0,1.414,False
SCN_011,193,6.4,TGT_003,DECOY_TARGET,true,221.0,288.0,221.0,288.0,0.0,-30.0,193,193,0,TRACKING,220.0,287.0,1.414,False
SCN_011,194,6.4333,TGT_001,COMMUNICATION_TARGET,true,322.0,257.0,322.0,257.0,-30.0,30.0,194,194,0,TRACKING,321.0,256.0,1.414,True
SCN_011,194,6.4333,TGT_002,DECOY_TARGET,true,322.0,226.0,322.0,226.0,-30.0,0.0,21,21,0,TRACKING,321.0,225.0,1.414,False
SCN_011,194,6.4333,TGT_003,DECOY_TARGET,true,219.0,288.0,219.0,288.0,-60.0,0.0,194,194,0,TRACKING,218.0,287.0,1.414,False
SCN_011,195,6.4667,TGT_001,COMMUNICATION_TARGET,true,323.0,257.0,323.0,257.0,30.0,0.0,195,195,0,TRACKING,322.0,256.0,1.414,True
SCN_011,195,6.4667,TGT_002,DECOY_TARGET,true,323.0,225.0,323.0,225.0,30.0,-30.0,22,22,0,TRACKING,322.0,224.0,1.414,False
SCN_011,195,6.4667,TGT_003,DECOY_TARGET,true,219.0,286.0,219.0,286.0,0.0,-60.0,195,195,0,TRACKING,218.0,285.0,1.414,False
SCN_011,196,6.5,TGT_001,COMMUNICATION_TARGET,true,324.0,255.0,324.0,255.0,30.0,-60.0,196,196,0,TRACKING,323.0,254.0,1.414,True
SCN_011,196,6.5,TGT_002,DECOY_TARGET,true,324.0,222.0,324.0,222.0,30.0,-90.0,23,23,0,TRACKING,323.0,221.0,1.414,False
SCN_011,196,6.5,TGT_003,DECOY_TARGET,true,218.0,283.0,218.0,283.0,-30.0,-90.0,196,196,0,TRACKING,217.0,282.0,1.414,False
SCN_011,197,6.5333,TGT_001,COMMUNICATION_TARGET,true,322.0,253.0,322.0,253.0,-60.0,-60.0,197,197,0,TRACKING,321.0,252.0,1.414,True
SCN_011,197,6.5333,TGT_002,DECOY_TARGET,true,322.0,219.0,322.0,219.0,-60.0,-90.0,24,24,0,TRACKING,321.0,218.0,1.414,False
SCN_011,197,6.5333,TGT_003,DECOY_TARGET,true,215.0,280.0,215.0,280.0,-90.0,-90.0,197,197,0,TRACKING,214.0,279.0,1.414,False
SCN_011,198,6.5667,TGT_001,COMMUNICATION_TARGET,true,320.0,251.0,320.0,251.0,-60.0,-60.0,198,198,0,TRACKING,319.0,250.0,1.414,True
SCN_011,198,6.5667,TGT_002,DECOY_TARGET,true,320.0,216.0,320.0,216.0,-60.0,-90.0,25,25,0,TRACKING,319.0,215.0,1.414,False
SCN_011,198,6.5667,TGT_003,DECOY_TARGET,true,212.0,277.0,212.0,277.0,-90.0,-90.0,198,198,0,TRACKING,211.0,276.0,1.414,False
SCN_011,199,6.6,TGT_001,COMMUNICATION_TARGET,true,317.0,252.0,317.0,252.0,-90.0,30.0,199,199,0,TRACKING,316.0,251.0,1.414,True
SCN_011,199,6.6,TGT_002,DECOY_TARGET,true,317.0,217.0,317.0,217.0,-90.0,30.0,26,26,0,TRACKING,316.0,216.0,1.414,False
SCN_011,199,6.6,TGT_003,DECOY_TARGET,true,208.0,277.0,208.0,277.0,-120.0,0.0,199,199,0,TRACKING,207.0,276.0,1.414,False
SCN_011,200,6.6333,TGT_001,COMMUNICATION_TARGET,true,320.0,257.0,320.0,257.0,90.0,150.0,200,200,0,TRACKING,319.0,256.0,1.414,True
SCN_011,200,6.6333,TGT_002,DECOY_TARGET,true,320.0,220.0,320.0,220.0,90.0,90.0,27,27,0,TRACKING,319.0,219.0,1.414,False
SCN_011,200,6.6333,TGT_003,DECOY_TARGET,true,210.0,280.0,210.0,280.0,60.0,90.0,200,200,0,TRACKING,209.0,279.0,1.414,False
SCN_011,201,6.6667,TGT_001,COMMUNICATION_TARGET,true,325.0,263.0,325.0,263.0,150.0,180.0,201,201,0,TRACKING,324.0,262.0,1.414,True
SCN_011,201,6.6667,TGT_002,DECOY_TARGET,true,325.0,225.0,325.0,225.0,150.0,150.0,28,28,0,TRACKING,324.0,224.0,1.414,False
SCN_011,201,6.6667,TGT_003,DECOY_TARGET,true,214.0,285.0,214.0,285.0,120.0,150.0,201,201,0,TRACKING,213.0,284.0,1.414,False
SCN_011,202,6.7,TGT_001,COMMUNICATION_TARGET,true,331.0,267.0,331.0,267.0,180.0,120.0,202,202,0,TRACKING,330.0,266.0,1.414,True
SCN_011,202,6.7,TGT_002,DECOY_TARGET,true,331.0,228.0,331.0,228.0,180.0,90.0,29,29,0,TRACKING,330.0,227.0,1.414,False
SCN_011,202,6.7,TGT_003,DECOY_TARGET,true,218.0,288.0,218.0,288.0,120.0,90.0,202,202,0,TRACKING,217.0,287.0,1.414,False
SCN_011,203,6.7333,TGT_001,COMMUNICATION_TARGET,true,335.0,269.0,335.0,269.0,120.0,60.0,203,203,0,TRACKING,334.0,268.0,1.414,True
SCN_011,203,6.7333,TGT_002,DECOY_TARGET,true,335.0,229.0,335.0,229.0,120.0,30.0,30,30,0,TRACKING,334.0,228.0,1.414,False
SCN_011,203,6.7333,TGT_003,DECOY_TARGET,true,222.0,288.0,222.0,288.0,120.0,0.0,203,203,0,TRACKING,221.0,287.0,1.414,False
SCN_011,204,6.7667,TGT_001,COMMUNICATION_TARGET,true,335.0,267.0,335.0,267.0,0.0,-60.0,204,204,0,TRACKING,334.0,266.0,1.414,True
SCN_011,204,6.7667,TGT_002,DECOY_TARGET,true,335.0,226.0,335.0,226.0,0.0,-90.0,31,31,0,TRACKING,334.0,225.0,1.414,False
SCN_011,204,6.7667,TGT_003,DECOY_TARGET,true,221.0,286.0,221.0,286.0,-30.0,-60.0,204,204,0,TRACKING,220.0,285.0,1.414,False
SCN_011,205,6.8,TGT_001,COMMUNICATION_TARGET,true,332.0,264.0,332.0,264.0,-90.0,-90.0,205,205,0,TRACKING,331.0,263.0,1.414,True
SCN_011,205,6.8,TGT_002,DECOY_TARGET,true,332.0,222.0,332.0,222.0,-90.0,-120.0,32,32,0,TRACKING,331.0,221.0,1.414,False
SCN_011,205,6.8,TGT_003,DECOY_TARGET,true,217.0,281.0,217.0,281.0,-120.0,-150.0,205,205,0,TRACKING,216.0,280.0,1.414,False
SCN_011,206,6.8333,TGT_001,COMMUNICATION_TARGET,true,327.0,261.0,327.0,261.0,-150.0,-90.0,206,206,0,TRACKING,326.0,260.0,1.414,True
SCN_011,206,6.8333,TGT_002,DECOY_TARGET,true,327.0,218.0,327.0,218.0,-150.0,-120.0,33,33,0,TRACKING,326.0,217.0,1.414,False
SCN_011,206,6.8333,TGT_003,DECOY_TARGET,true,211.0,277.0,211.0,277.0,-180.0,-120.0,206,206,0,TRACKING,210.0,276.0,1.414,False
SCN_011,207,6.8667,TGT_001,COMMUNICATION_TARGET,true,326.0,260.0,326.0,260.0,-30.0,-30.0,207,207,0,TRACKING,325.0,259.0,1.414,True
SCN_011,207,6.8667,TGT_002,DECOY_TARGET,true,326.0,216.0,326.0,216.0,-30.0,-60.0,34,34,0,TRACKING,325.0,215.0,1.414,False
SCN_011,207,6.8667,TGT_003,DECOY_TARGET,true,209.0,275.0,209.0,275.0,-60.0,-60.0,207,207,0,TRACKING,208.0,274.0,1.414,False
SCN_011,208,6.9,TGT_001,COMMUNICATION_TARGET,true,327.0,261.0,327.0,261.0,30.0,30.0,208,208,0,TRACKING,326.0,260.0,1.414,True
SCN_011,208,6.9,TGT_002,DECOY_TARGET,true,327.0,216.0,327.0,216.0,30.0,0.0,35,35,0,TRACKING,326.0,215.0,1.414,False
SCN_011,208,6.9,TGT_003,DECOY_TARGET,true,209.0,275.0,209.0,275.0,0.0,0.0,208,208,0,TRACKING,208.0,274.0,1.414,False
SCN_011,209,6.9333,TGT_001,COMMUNICATION_TARGET,true,329.0,263.0,329.0,263.0,60.0,60.0,209,209,0,TRACKING,328.0,262.0,1.414,True
SCN_011,209,6.9333,TGT_002,DECOY_TARGET,true,329.0,217.0,329.0,217.0,60.0,30.0,36,36,0,TRACKING,328.0,216.0,1.414,False
SCN_011,209,6.9333,TGT_003,DECOY_TARGET,true,210.0,275.0,210.0,275.0,30.0,0.0,209,209,0,TRACKING,209.0,274.0,1.414,False
SCN_011,210,6.9667,TGT_001,COMMUNICATION_TARGET,true,332.0,264.0,332.0,264.0,90.0,30.0,210,210,0,TRACKING,331.0,263.0,1.414,True
SCN_011,210,6.9667,TGT_002,DECOY_TARGET,true,332.0,218.0,332.0,218.0,90.0,30.0,37,37,0,TRACKING,331.0,217.0,1.414,False
SCN_011,210,6.9667,TGT_003,DECOY_TARGET,true,212.0,276.0,212.0,276.0,60.0,30.0,210,210,0,TRACKING,211.0,275.0,1.414,False
SCN_011,211,7.0,TGT_001,COMMUNICATION_TARGET,true,334.0,265.0,334.0,265.0,60.0,30.0,211,211,0,TRACKING,333.0,264.0,1.414,True
SCN_011,211,7.0,TGT_002,DECOY_TARGET,true,334.0,217.0,334.0,217.0,60.0,-30.0,38,38,0,TRACKING,333.0,216.0,1.414,False
SCN_011,211,7.0,TGT_003,DECOY_TARGET,true,213.0,275.0,213.0,275.0,30.0,-30.0,211,211,0,TRACKING,212.0,274.0,1.414,False
SCN_011,212,7.0333,TGT_001,COMMUNICATION_TARGET,true,336.0,265.0,336.0,265.0,60.0,0.0,212,212,0,TRACKING,335.0,264.0,1.414,True
SCN_011,212,7.0333,TGT_002,DECOY_TARGET,true,336.0,216.0,336.0,216.0,60.0,-30.0,39,39,0,TRACKING,335.0,215.0,1.414,False
SCN_011,212,7.0333,TGT_003,DECOY_TARGET,true,214.0,274.0,214.0,274.0,30.0,-30.0,212,212,0,TRACKING,213.0,273.0,1.414,False
SCN_011,213,7.0667,TGT_001,COMMUNICATION_TARGET,true,338.0,267.0,338.0,267.0,60.0,60.0,213,213,0,TRACKING,337.0,266.0,1.414,True
SCN_011,213,7.0667,TGT_002,DECOY_TARGET,true,338.0,218.0,338.0,218.0,60.0,60.0,40,40,0,TRACKING,337.0,217.0,1.414,False
SCN_011,213,7.0667,TGT_003,DECOY_TARGET,true,215.0,275.0,215.0,275.0,30.0,30.0,213,213,0,TRACKING,214.0,274.0,1.414,False
SCN_011,214,7.1,TGT_001,COMMUNICATION_TARGET,true,341.0,270.0,341.0,270.0,90.0,90.0,214,214,0,TRACKING,340.0,269.0,1.414,True
SCN_011,214,7.1,TGT_002,DECOY_TARGET,true,341.0,220.0,341.0,220.0,90.0,60.0,41,41,0,TRACKING,340.0,219.0,1.414,False
SCN_011,214,7.1,TGT_003,DECOY_TARGET,true,217.0,277.0,217.0,277.0,60.0,60.0,214,214,0,TRACKING,216.0,276.0,1.414,False
SCN_011,215,7.1333,TGT_001,COMMUNICATION_TARGET,true,341.0,274.0,341.0,274.0,0.0,120.0,215,215,0,TRACKING,340.0,273.0,1.414,True
SCN_011,215,7.1333,TGT_002,DECOY_TARGET,true,341.0,222.0,341.0,222.0,0.0,60.0,42,42,0,TRACKING,340.0,221.0,1.414,False
SCN_011,215,7.1333,TGT_003,DECOY_TARGET,true,216.0,279.0,216.0,279.0,-30.0,60.0,215,215,0,TRACKING,215.0,278.0,1.414,False
SCN_011,216,7.1667,TGT_001,COMMUNICATION_TARGET,true,340.0,276.0,340.0,276.0,-30.0,60.0,216,216,0,TRACKING,339.0,275.0,1.414,True
SCN_011,216,7.1667,TGT_002,DECOY_TARGET,true,340.0,224.0,340.0,224.0,-30.0,60.0,43,43,0,TRACKING,339.0,223.0,1.414,False
SCN_011,216,7.1667,TGT_003,DECOY_TARGET,true,214.0,281.0,214.0,281.0,-60.0,60.0,216,216,0,TRACKING,213.0,280.0,1.414,False
SCN_011,217,7.2,TGT_001,COMMUNICATION_TARGET,true,336.0,276.0,336.0,276.0,-120.0,0.0,217,217,0,TRACKING,335.0,275.0,1.414,True
SCN_011,217,7.2,TGT_002,DECOY_TARGET,true,336.0,222.0,336.0,222.0,-120.0,-60.0,44,44,0,TRACKING,335.0,221.0,1.414,False
SCN_011,217,7.2,TGT_003,DECOY_TARGET,true,209.0,279.0,209.0,279.0,-150.0,-60.0,217,217,0,TRACKING,208.0,278.0,1.414,False
SCN_011,218,7.2333,TGT_001,COMMUNICATION_TARGET,true,332.0,273.0,332.0,273.0,-120.0,-90.0,218,218,0,TRACKING,331.0,272.0,1.414,True
SCN_011,218,7.2333,TGT_002,DECOY_TARGET,true,332.0,219.0,332.0,219.0,-120.0,-90.0,45,45,0,TRACKING,331.0,218.0,1.414,False
SCN_011,218,7.2333,TGT_003,DECOY_TARGET,true,204.0,275.0,204.0,275.0,-150.0,-120.0,218,218,0,TRACKING,203.0,274.0,1.414,False
SCN_011,219,7.2667,TGT_001,COMMUNICATION_TARGET,true,331.0,269.0,331.0,269.0,-30.0,-120.0,219,219,0,TRACKING,330.0,268.0,1.414,True
SCN_011,219,7.2667,TGT_002,DECOY_TARGET,true,331.0,213.0,331.0,213.0,-30.0,-180.0,46,46,0,TRACKING,330.0,212.0,1.414,False
SCN_011,219,7.2667,TGT_003,DECOY_TARGET,true,202.0,270.0,202.0,270.0,-60.0,-150.0,219,219,0,TRACKING,201.0,269.0,1.414,False
SCN_011,220,7.3,TGT_001,COMMUNICATION_TARGET,true,336.0,266.0,336.0,266.0,150.0,-90.0,220,220,0,TRACKING,335.0,265.0,1.414,True
SCN_011,220,7.3,TGT_002,DECOY_TARGET,true,336.0,209.0,336.0,209.0,150.0,-120.0,47,47,0,TRACKING,335.0,208.0,1.414,False
SCN_011,220,7.3,TGT_003,DECOY_TARGET,true,206.0,265.0,206.0,265.0,120.0,-150.0,220,220,0,TRACKING,205.0,264.0,1.414,False
SCN_011,221,7.3333,TGT_001,COMMUNICATION_TARGET,true,341.0,266.0,341.0,266.0,150.0,0.0,221,221,0,TRACKING,340.0,265.0,1.414,True
SCN_011,221,7.3333,TGT_002,DECOY_TARGET,true,341.0,208.0,341.0,208.0,150.0,-30.0,48,48,0,TRACKING,340.0,207.0,1.414,False
SCN_011,221,7.3333,TGT_003,DECOY_TARGET,true,210.0,264.0,210.0,264.0,120.0,-30.0,221,221,0,TRACKING,209.0,263.0,1.414,False
SCN_011,222,7.3667,TGT_001,COMMUNICATION_TARGET,true,348.0,269.0,348.0,269.0,210.0,90.0,222,222,0,TRACKING,347.0,268.0,1.414,True
SCN_011,222,7.3667,TGT_002,DECOY_TARGET,true,348.0,211.0,348.0,211.0,210.0,90.0,49,49,0,TRACKING,347.0,210.0,1.414,False
SCN_011,222,7.3667,TGT_003,DECOY_TARGET,true,216.0,266.0,216.0,266.0,180.0,60.0,222,222,0,TRACKING,215.0,265.0,1.414,False
SCN_011,223,7.4,TGT_001,COMMUNICATION_TARGET,true,349.0,274.0,349.0,274.0,30.0,150.0,223,223,0,TRACKING,348.0,273.0,1.414,True
SCN_011,223,7.4,TGT_002,DECOY_TARGET,true,349.0,214.0,349.0,214.0,30.0,90.0,50,50,0,TRACKING,348.0,213.0,1.414,False
SCN_011,223,7.4,TGT_003,DECOY_TARGET,true,216.0,269.0,216.0,269.0,0.0,90.0,223,223,0,TRACKING,215.0,268.0,1.414,False
SCN_011,224,7.4333,TGT_001,COMMUNICATION_TARGET,true,347.0,277.0,347.0,277.0,-60.0,90.0,224,224,0,TRACKING,346.0,276.0,1.414,True
SCN_011,224,7.4333,TGT_002,DECOY_TARGET,true,347.0,217.0,347.0,217.0,-60.0,90.0,51,51,0,TRACKING,346.0,216.0,1.414,False
SCN_011,224,7.4333,TGT_003,DECOY_TARGET,true,213.0,272.0,213.0,272.0,-90.0,90.0,224,224,0,TRACKING,212.0,271.0,1.414,False
SCN_011,225,7.4667,TGT_001,COMMUNICATION_TARGET,true,344.0,279.0,344.0,279.0,-90.0,60.0,225,225,0,TRACKING,343.0,278.0,1.414,True
SCN_011,225,7.4667,TGT_002,DECOY_TARGET,true,344.0,217.0,344.0,217.0,-90.0,0.0,52,52,0,TRACKING,343.0,216.0,1.414,False
SCN_011,225,7.4667,TGT_003,DECOY_TARGET,true,209.0,272.0,209.0,272.0,-120.0,0.0,225,225,0,TRACKING,208.0,271.0,1.414,False
SCN_011,226,7.5,TGT_001,COMMUNICATION_TARGET,true,342.0,280.0,342.0,280.0,-60.0,30.0,226,226,0,TRACKING,341.0,279.0,1.414,True
SCN_011,226,7.5,TGT_002,DECOY_TARGET,true,342.0,218.0,342.0,218.0,-60.0,30.0,53,53,0,TRACKING,341.0,217.0,1.414,False
SCN_011,226,7.5,TGT_003,DECOY_TARGET,true,206.0,272.0,206.0,272.0,-90.0,0.0,226,226,0,TRACKING,205.0,271.0,1.414,False
SCN_011,227,7.5333,TGT_001,COMMUNICATION_TARGET,true,341.0,280.0,341.0,280.0,-30.0,0.0,227,227,0,TRACKING,340.0,279.0,1.414,True
SCN_011,227,7.5333,TGT_002,DECOY_TARGET,true,341.0,216.0,341.0,216.0,-30.0,-60.0,54,54,0,TRACKING,340.0,215.0,1.414,False
SCN_011,227,7.5333,TGT_003,DECOY_TARGET,true,205.0,271.0,205.0,271.0,-30.0,-30.0,227,227,0,TRACKING,204.0,270.0,1.414,False
SCN_011,228,7.5667,TGT_001,COMMUNICATION_TARGET,true,343.0,279.0,343.0,279.0,60.0,-30.0,228,228,0,TRACKING,342.0,278.0,1.414,True
SCN_011,228,7.5667,TGT_002,DECOY_TARGET,true,343.0,214.0,343.0,214.0,60.0,-60.0,55,55,0,TRACKING,342.0,213.0,1.414,False
SCN_011,228,7.5667,TGT_003,DECOY_TARGET,true,205.0,268.0,205.0,268.0,0.0,-90.0,228,228,0,TRACKING,204.0,267.0,1.414,False
SCN_011,229,7.6,TGT_001,COMMUNICATION_TARGET,true,343.0,280.0,343.0,280.0,0.0,30.0,229,229,0,TRACKING,342.0,279.0,1.414,True
SCN_011,229,7.6,TGT_002,DECOY_TARGET,true,343.0,214.0,343.0,214.0,0.0,0.0,56,56,0,TRACKING,342.0,213.0,1.414,False
SCN_011,229,7.6,TGT_003,DECOY_TARGET,true,204.0,268.0,204.0,268.0,-30.0,0.0,229,229,0,TRACKING,203.0,267.0,1.414,False
SCN_011,230,7.6333,TGT_001,COMMUNICATION_TARGET,true,344.0,281.0,344.0,281.0,30.0,30.0,230,230,0,TRACKING,343.0,280.0,1.414,True
SCN_011,230,7.6333,TGT_002,DECOY_TARGET,true,344.0,214.0,344.0,214.0,30.0,0.0,57,57,0,TRACKING,343.0,213.0,1.414,False
SCN_011,230,7.6333,TGT_003,DECOY_TARGET,true,204.0,268.0,204.0,268.0,0.0,0.0,230,230,0,TRACKING,203.0,267.0,1.414,False
SCN_011,231,7.6667,TGT_001,COMMUNICATION_TARGET,true,344.0,281.0,344.0,281.0,0.0,0.0,231,231,0,TRACKING,343.0,280.0,1.414,True
SCN_011,231,7.6667,TGT_002,DECOY_TARGET,true,344.0,213.0,344.0,213.0,0.0,-30.0,58,58,0,TRACKING,343.0,212.0,1.414,False
SCN_011,231,7.6667,TGT_003,DECOY_TARGET,true,204.0,267.0,204.0,267.0,0.0,-30.0,231,231,0,TRACKING,203.0,266.0,1.414,False
SCN_011,232,7.7,TGT_001,COMMUNICATION_TARGET,true,348.0,278.0,348.0,278.0,120.0,-90.0,232,232,0,TRACKING,347.0,277.0,1.414,True
SCN_011,232,7.7,TGT_002,DECOY_TARGET,true,348.0,210.0,348.0,210.0,120.0,-90.0,59,59,0,TRACKING,347.0,209.0,1.414,False
SCN_011,232,7.7,TGT_003,DECOY_TARGET,true,206.0,263.0,206.0,263.0,60.0,-120.0,232,232,0,TRACKING,205.0,262.0,1.414,False
SCN_011,233,7.7333,TGT_001,COMMUNICATION_TARGET,true,352.0,276.0,352.0,276.0,120.0,-60.0,233,233,0,TRACKING,351.0,275.0,1.414,True
SCN_011,233,7.7333,TGT_002,DECOY_TARGET,true,352.0,207.0,352.0,207.0,120.0,-90.0,60,60,0,TRACKING,351.0,206.0,1.414,False
SCN_011,233,7.7333,TGT_003,DECOY_TARGET,true,210.0,260.0,210.0,260.0,120.0,-90.0,233,233,0,TRACKING,209.0,259.0,1.414,False
SCN_011,234,7.7667,TGT_001,COMMUNICATION_TARGET,true,356.0,275.0,356.0,275.0,120.0,-30.0,234,234,0,TRACKING,355.0,274.0,1.414,True
SCN_011,234,7.7667,TGT_002,DECOY_TARGET,true,356.0,205.0,356.0,205.0,120.0,-60.0,61,61,0,TRACKING,355.0,204.0,1.414,False
SCN_011,234,7.7667,TGT_003,DECOY_TARGET,true,213.0,257.0,213.0,257.0,90.0,-90.0,234,234,0,TRACKING,212.0,256.0,1.414,False
SCN_011,235,7.8,TGT_001,COMMUNICATION_TARGET,true,355.0,277.0,355.0,277.0,-30.0,60.0,235,235,0,TRACKING,354.0,276.0,1.414,True
SCN_011,235,7.8,TGT_002,DECOY_TARGET,true,355.0,205.0,355.0,205.0,-30.0,0.0,62,62,0,TRACKING,354.0,204.0,1.414,False
SCN_011,235,7.8,TGT_003,DECOY_TARGET,true,211.0,258.0,211.0,258.0,-60.0,30.0,235,235,0,TRACKING,210.0,257.0,1.414,False
SCN_011,236,7.8333,TGT_001,COMMUNICATION_TARGET,true,351.0,281.0,351.0,281.0,-120.0,120.0,236,236,0,TRACKING,350.0,280.0,1.414,True
SCN_011,236,7.8333,TGT_002,DECOY_TARGET,true,351.0,208.0,351.0,208.0,-120.0,90.0,63,63,0,TRACKING,350.0,207.0,1.414,False
SCN_011,236,7.8333,TGT_003,DECOY_TARGET,true,206.0,261.0,206.0,261.0,-150.0,90.0,236,236,0,TRACKING,205.0,260.0,1.414,False
SCN_011,237,7.8667,TGT_001,COMMUNICATION_TARGET,true,346.0,287.0,346.0,287.0,-150.0,180.0,237,237,0,TRACKING,345.0,286.0,1.414,True
SCN_011,237,7.8667,TGT_002,DECOY_TARGET,true,346.0,213.0,346.0,213.0,-150.0,150.0,64,64,0,TRACKING,345.0,212.0,1.414,False
SCN_011,237,7.8667,TGT_003,DECOY_TARGET,true,200.0,265.0,200.0,265.0,-180.0,120.0,237,237,0,TRACKING,199.0,264.0,1.414,False
SCN_011,238,7.9,TGT_001,COMMUNICATION_TARGET,true,343.0,290.0,343.0,290.0,-90.0,90.0,238,238,0,TRACKING,342.0,289.0,1.414,True
SCN_011,238,7.9,TGT_002,DECOY_TARGET,true,343.0,216.0,343.0,216.0,-90.0,90.0,65,65,0,TRACKING,342.0,215.0,1.414,False
SCN_011,238,7.9,TGT_003,DECOY_TARGET,true,197.0,268.0,197.0,268.0,-90.0,90.0,238,238,0,TRACKING,196.0,267.0,1.414,False
SCN_011,239,7.9333,TGT_001,COMMUNICATION_TARGET,true,346.0,291.0,346.0,291.0,90.0,30.0,239,239,0,TRACKING,345.0,290.0,1.414,True
SCN_011,239,7.9333,TGT_002,DECOY_TARGET,true,346.0,216.0,346.0,216.0,90.0,0.0,66,66,0,TRACKING,345.0,215.0,1.414,False
SCN_011,239,7.9333,TGT_003,DECOY_TARGET,true,198.0,267.0,198.0,267.0,30.0,-30.0,239,239,0,TRACKING,197.0,266.0,1.414,False
SCN_011,240,7.9667,TGT_001,COMMUNICATION_TARGET,true,351.0,289.0,351.0,289.0,150.0,-60.0,240,240,0,TRACKING,350.0,288.0,1.414,True
SCN_011,240,7.9667,TGT_002,DECOY_TARGET,true,351.0,212.0,351.0,212.0,150.0,-120.0,67,67,0,TRACKING,350.0,211.0,1.414,False
SCN_011,240,7.9667,TGT_003,DECOY_TARGET,true,202.0,264.0,202.0,264.0,120.0,-90.0,240,240,0,TRACKING,201.0,263.0,1.414,False
SCN_011,241,8.0,TGT_001,COMMUNICATION_TARGET,true,356.0,286.0,356.0,286.0,150.0,-90.0,241,241,0,TRACKING,355.0,285.0,1.414,True
SCN_011,241,8.0,TGT_002,DECOY_TARGET,true,356.0,209.0,356.0,209.0,150.0,-90.0,68,68,0,TRACKING,355.0,208.0,1.414,False
SCN_011,241,8.0,TGT_003,DECOY_TARGET,true,207.0,260.0,207.0,260.0,150.0,-120.0,241,241,0,TRACKING,206.0,259.0,1.414,False
SCN_011,242,8.0333,TGT_001,COMMUNICATION_TARGET,true,358.0,283.0,358.0,283.0,60.0,-90.0,242,242,0,TRACKING,357.0,282.0,1.414,True
SCN_011,242,8.0333,TGT_002,DECOY_TARGET,true,358.0,205.0,358.0,205.0,60.0,-120.0,69,69,0,TRACKING,357.0,204.0,1.414,False
SCN_011,242,8.0333,TGT_003,DECOY_TARGET,true,208.0,256.0,208.0,256.0,30.0,-120.0,242,242,0,TRACKING,207.0,255.0,1.414,False
SCN_011,243,8.0667,TGT_001,COMMUNICATION_TARGET,true,359.0,282.0,359.0,282.0,30.0,-30.0,243,243,0,TRACKING,358.0,281.0,1.414,True
SCN_011,243,8.0667,TGT_002,DECOY_TARGET,true,359.0,203.0,359.0,203.0,30.0,-60.0,70,70,0,TRACKING,358.0,202.0,1.414,False
SCN_011,243,8.0667,TGT_003,DECOY_TARGET,true,208.0,254.0,208.0,254.0,0.0,-60.0,243,243,0,TRACKING,207.0,253.0,1.414,False
SCN_011,244,8.1,TGT_001,COMMUNICATION_TARGET,true,357.0,283.0,357.0,283.0,-60.0,30.0,244,244,0,TRACKING,356.0,282.0,1.414,True
SCN_011,244,8.1,TGT_002,DECOY_TARGET,true,357.0,203.0,357.0,203.0,-60.0,0.0,71,71,0,TRACKING,356.0,202.0,1.414,False
SCN_011,244,8.1,TGT_003,DECOY_TARGET,true,205.0,253.0,205.0,253.0,-90.0,-30.0,244,244,0,TRACKING,204.0,252.0,1.414,False
SCN_011,245,8.1333,TGT_001,COMMUNICATION_TARGET,true,356.0,286.0,356.0,286.0,-30.0,90.0,245,245,0,TRACKING,355.0,285.0,1.414,True
SCN_011,245,8.1333,TGT_002,DECOY_TARGET,true,356.0,204.0,356.0,204.0,-30.0,30.0,72,72,0,TRACKING,355.0,203.0,1.414,False
SCN_011,245,8.1333,TGT_003,DECOY_TARGET,true,204.0,255.0,204.0,255.0,-30.0,60.0,245,245,0,TRACKING,203.0,254.0,1.414,False
SCN_011,246,8.1667,TGT_001,COMMUNICATION_TARGET,true,357.0,286.0,357.0,286.0,30.0,0.0,246,246,0,TRACKING,356.0,285.0,1.414,True
SCN_011,246,8.1667,TGT_002,DECOY_TARGET,true,357.0,204.0,357.0,204.0,30.0,0.0,73,73,0,TRACKING,356.0,203.0,1.414,False
SCN_011,246,8.1667,TGT_003,DECOY_TARGET,true,203.0,254.0,203.0,254.0,-30.0,-30.0,246,246,0,TRACKING,202.0,253.0,1.414,False
SCN_011,247,8.2,TGT_001,COMMUNICATION_TARGET,true,356.0,286.0,356.0,286.0,-30.0,0.0,247,247,0,TRACKING,355.0,285.0,1.414,True
SCN_011,247,8.2,TGT_002,DECOY_TARGET,true,356.0,203.0,356.0,203.0,-30.0,-30.0,74,74,0,TRACKING,355.0,202.0,1.414,False
SCN_011,247,8.2,TGT_003,DECOY_TARGET,true,202.0,253.0,202.0,253.0,-30.0,-30.0,247,247,0,TRACKING,201.0,252.0,1.414,False
SCN_011,248,8.2333,TGT_001,COMMUNICATION_TARGET,true,355.0,287.0,355.0,287.0,-30.0,30.0,248,248,0,TRACKING,354.0,286.0,1.414,True
SCN_011,248,8.2333,TGT_002,DECOY_TARGET,true,355.0,203.0,355.0,203.0,-30.0,0.0,75,75,0,TRACKING,354.0,202.0,1.414,False
SCN_011,248,8.2333,TGT_003,DECOY_TARGET,true,199.0,252.0,199.0,252.0,-90.0,-30.0,248,248,0,TRACKING,198.0,251.0,1.414,False
SCN_011,249,8.2667,TGT_001,COMMUNICATION_TARGET,true,352.0,289.0,352.0,289.0,-90.0,60.0,249,249,0,TRACKING,351.0,288.0,1.414,True
SCN_011,249,8.2667,TGT_002,DECOY_TARGET,true,352.0,204.0,352.0,204.0,-90.0,30.0,76,76,0,TRACKING,351.0,203.0,1.414,False
SCN_011,249,8.2667,TGT_003,DECOY_TARGET,true,196.0,253.0,196.0,253.0,-90.0,30.0,249,249,0,TRACKING,195.0,252.0,1.414,False
SCN_011,250,8.3,TGT_001,COMMUNICATION_TARGET,true,353.0,292.0,353.0,292.0,30.0,90.0,250,250,0,TRACKING,352.0,291.0,1.414,True
SCN_011,250,8.3,TGT_002,DECOY_TARGET,true,353.0,206.0,353.0,206.0,30.0,60.0,77,77,0,TRACKING,352.0,205.0,1.414,False
SCN_011,250,8.3,TGT_003,DECOY_TARGET,true,196.0,255.0,196.0,255.0,0.0,60.0,250,250,0,TRACKING,195.0,254.0,1.414,False
SCN_011,251,8.3333,TGT_001,COMMUNICATION_TARGET,true,356.0,295.0,356.0,295.0,90.0,90.0,251,251,0,TRACKING,355.0,294.0,1.414,True
SCN_011,251,8.3333,TGT_002,DECOY_TARGET,true,356.0,208.0,356.0,208.0,90.0,60.0,78,78,0,TRACKING,355.0,207.0,1.414,False
SCN_011,251,8.3333,TGT_003,DECOY_TARGET,true,198.0,257.0,198.0,257.0,60.0,60.0,251,251,0,TRACKING,197.0,256.0,1.414,False
SCN_011,252,8.3667,TGT_001,COMMUNICATION_TARGET,true,363.0,297.0,363.0,297.0,210.0,60.0,252,252,0,TRACKING,362.0,296.0,1.414,True
SCN_011,252,8.3667,TGT_002,DECOY_TARGET,true,363.0,209.0,363.0,209.0,210.0,30.0,79,79,0,TRACKING,362.0,208.0,1.414,False
SCN_011,252,8.3667,TGT_003,DECOY_TARGET,true,204.0,258.0,204.0,258.0,180.0,30.0,252,252,0,TRACKING,203.0,257.0,1.414,False
SCN_011,253,8.4,TGT_001,COMMUNICATION_TARGET,true,367.0,296.0,367.0,296.0,120.0,-30.0,253,253,0,TRACKING,366.0,295.0,1.414,True
SCN_011,253,8.4,TGT_002,DECOY_TARGET,true,367.0,207.0,367.0,207.0,120.0,-60.0,80,80,0,TRACKING,366.0,206.0,1.414,False
SCN_011,253,8.4,TGT_003,DECOY_TARGET,true,207.0,256.0,207.0,256.0,90.0,-60.0,253,253,0,TRACKING,206.0,255.0,1.414,False
SCN_011,254,8.4333,TGT_001,COMMUNICATION_TARGET,true,368.0,293.0,368.0,293.0,30.0,-90.0,254,254,0,TRACKING,367.0,292.0,1.414,True
SCN_011,254,8.4333,TGT_002,DECOY_TARGET,true,368.0,203.0,368.0,203.0,30.0,-120.0,81,81,0,TRACKING,367.0,202.0,1.414,False
SCN_011,254,8.4333,TGT_003,DECOY_TARGET,true,208.0,251.0,208.0,251.0,30.0,-150.0,254,254,0,TRACKING,207.0,250.0,1.414,False
SCN_011,255,8.4667,TGT_001,COMMUNICATION_TARGET,true,365.0,288.0,365.0,288.0,-90.0,-150.0,255,255,0,TRACKING,364.0,287.0,1.414,True
SCN_011,255,8.4667,TGT_002,DECOY_TARGET,true,365.0,197.0,365.0,197.0,-90.0,-180.0,82,82,0,TRACKING,364.0,196.0,1.414,False
SCN_011,255,8.4667,TGT_003,DECOY_TARGET,true,204.0,245.0,204.0,245.0,-120.0,-180.0,255,255,0,TRACKING,203.0,244.0,1.414,False
SCN_011,256,8.5,TGT_001,COMMUNICATION_TARGET,true,360.0,286.0,360.0,286.0,-150.0,-60.0,256,256,0,TRACKING,359.0,285.0,1.414,True
SCN_011,256,8.5,TGT_002,DECOY_TARGET,true,360.0,194.0,360.0,194.0,-150.0,-90.0,83,83,0,TRACKING,359.0,193.0,1.414,False
SCN_011,256,8.5,TGT_003,DECOY_TARGET,true,198.0,242.0,198.0,242.0,-180.0,-90.0,256,256,0,TRACKING,197.0,241.0,1.414,False
SCN_011,257,8.5333,TGT_001,COMMUNICATION_TARGET,true,357.0,287.0,357.0,287.0,-90.0,30.0,257,257,0,TRACKING,356.0,286.0,1.414,True
SCN_011,257,8.5333,TGT_002,DECOY_TARGET,true,357.0,193.0,357.0,193.0,-90.0,-30.0,84,84,0,TRACKING,356.0,192.0,1.414,False
SCN_011,257,8.5333,TGT_003,DECOY_TARGET,true,194.0,241.0,194.0,241.0,-120.0,-30.0,257,257,0,TRACKING,193.0,240.0,1.414,False
SCN_011,258,8.5667,TGT_001,COMMUNICATION_TARGET,true,356.0,290.0,356.0,290.0,-30.0,90.0,258,258,0,TRACKING,355.0,289.0,1.414,True
SCN_011,258,8.5667,TGT_002,DECOY_TARGET,true,356.0,196.0,356.0,196.0,-30.0,90.0,85,85,0,TRACKING,355.0,195.0,1.414,False
SCN_011,258,8.5667,TGT_003,DECOY_TARGET,true,192.0,243.0,192.0,243.0,-60.0,60.0,258,258,0,TRACKING,191.0,242.0,1.414,False
SCN_011,259,8.6,TGT_001,COMMUNICATION_TARGET,true,360.0,294.0,360.0,294.0,120.0,120.0,259,259,0,TRACKING,359.0,293.0,1.414,True
SCN_011,259,8.6,TGT_002,DECOY_TARGET,true,360.0,199.0,360.0,199.0,120.0,90.0,86,86,0,TRACKING,359.0,198.0,1.414,False
SCN_011,259,8.6,TGT_003,DECOY_TARGET,true,196.0,246.0,196.0,246.0,120.0,90.0,259,259,0,TRACKING,195.0,245.0,1.414,False
SCN_011,260,8.6333,TGT_001,COMMUNICATION_TARGET,true,364.0,297.0,364.0,297.0,120.0,90.0,260,260,0,TRACKING,363.0,296.0,1.414,True
SCN_011,260,8.6333,TGT_002,DECOY_TARGET,true,364.0,201.0,364.0,201.0,120.0,60.0,87,87,0,TRACKING,363.0,200.0,1.414,False
SCN_011,260,8.6333,TGT_003,DECOY_TARGET,true,199.0,248.0,199.0,248.0,90.0,60.0,260,260,0,TRACKING,198.0,247.0,1.414,False
SCN_011,261,8.6667,TGT_001,COMMUNICATION_TARGET,true,366.0,300.0,366.0,300.0,60.0,90.0,261,261,0,TRACKING,365.0,299.0,1.414,True
SCN_011,261,8.6667,TGT_002,DECOY_TARGET,true,366.0,203.0,366.0,203.0,60.0,60.0,88,88,0,TRACKING,365.0,202.0,1.414,False
SCN_011,261,8.6667,TGT_003,DECOY_TARGET,true,201.0,249.0,201.0,249.0,60.0,30.0,261,261,0,TRACKING,200.0,248.0,1.414,False
SCN_011,262,8.7,TGT_001,COMMUNICATION_TARGET,true,367.0,299.0,367.0,299.0,30.0,-30.0,262,262,0,TRACKING,366.0,298.0,1.414,True
SCN_011,262,8.7,TGT_002,DECOY_TARGET,true,367.0,200.0,367.0,200.0,30.0,-90.0,89,89,0,TRACKING,366.0,199.0,1.414,False
SCN_011,262,8.7,TGT_003,DECOY_TARGET,true,200.0,247.0,200.0,247.0,-30.0,-60.0,262,262,0,TRACKING,199.0,246.0,1.414,False
SCN_011,263,8.7333,TGT_001,COMMUNICATION_TARGET,true,366.0,298.0,366.0,298.0,-30.0,-30.0,263,263,0,TRACKING,365.0,297.0,1.414,True
SCN_011,263,8.7333,TGT_002,DECOY_TARGET,true,366.0,199.0,366.0,199.0,-30.0,-30.0,90,90,0,TRACKING,365.0,198.0,1.414,False
SCN_011,263,8.7333,TGT_003,DECOY_TARGET,true,199.0,245.0,199.0,245.0,-30.0,-60.0,263,263,0,TRACKING,198.0,244.0,1.414,False
SCN_011,264,8.7667,TGT_001,COMMUNICATION_TARGET,true,369.0,299.0,369.0,299.0,90.0,30.0,264,264,0,TRACKING,368.0,298.0,1.414,True
SCN_011,264,8.7667,TGT_002,DECOY_TARGET,true,369.0,198.0,369.0,198.0,90.0,-30.0,91,91,0,TRACKING,368.0,197.0,1.414,False
SCN_011,264,8.7667,TGT_003,DECOY_TARGET,true,200.0,244.0,200.0,244.0,30.0,-30.0,264,264,0,TRACKING,199.0,243.0,1.414,False
SCN_011,265,8.8,TGT_001,COMMUNICATION_TARGET,true,371.0,298.0,371.0,298.0,60.0,-30.0,265,265,0,TRACKING,370.0,297.0,1.414,True
SCN_011,265,8.8,TGT_002,DECOY_TARGET,true,371.0,197.0,371.0,197.0,60.0,-30.0,92,92,0,TRACKING,370.0,196.0,1.414,False
SCN_011,265,8.8,TGT_003,DECOY_TARGET,true,202.0,243.0,202.0,243.0,60.0,-30.0,265,265,0,TRACKING,201.0,242.0,1.414,False
SCN_011,266,8.8333,TGT_001,COMMUNICATION_TARGET,true,370.0,298.0,370.0,298.0,-30.0,0.0,266,266,0,TRACKING,369.0,297.0,1.414,True
SCN_011,266,8.8333,TGT_002,DECOY_TARGET,true,370.0,196.0,370.0,196.0,-30.0,-30.0,93,93,0,TRACKING,369.0,195.0,1.414,False
SCN_011,266,8.8333,TGT_003,DECOY_TARGET,true,200.0,242.0,200.0,242.0,-60.0,-30.0,266,266,0,TRACKING,199.0,241.0,1.414,False
SCN_011,267,8.8667,TGT_001,COMMUNICATION_TARGET,true,367.0,298.0,367.0,298.0,-90.0,0.0,267,267,0,TRACKING,366.0,297.0,1.414,True
SCN_011,267,8.8667,TGT_002,DECOY_TARGET,true,367.0,195.0,367.0,195.0,-90.0,-30.0,94,94,0,TRACKING,366.0,194.0,1.414,False
SCN_011,267,8.8667,TGT_003,DECOY_TARGET,true,196.0,240.0,196.0,240.0,-120.0,-60.0,267,267,0,TRACKING,195.0,239.0,1.414,False
SCN_011,268,8.9,TGT_001,COMMUNICATION_TARGET,true,365.0,295.0,365.0,295.0,-60.0,-90.0,268,268,0,TRACKING,364.0,294.0,1.414,True
SCN_011,268,8.9,TGT_002,DECOY_TARGET,true,365.0,191.0,365.0,191.0,-60.0,-120.0,95,95,0,TRACKING,364.0,190.0,1.414,False
SCN_011,268,8.9,TGT_003,DECOY_TARGET,true,194.0,236.0,194.0,236.0,-60.0,-120.0,268,268,0,TRACKING,193.0,235.0,1.414,False
SCN_011,269,8.9333,TGT_001,COMMUNICATION_TARGET,true,362.0,293.0,362.0,293.0,-90.0,-60.0,269,269,0,TRACKING,361.0,292.0,1.414,True
SCN_011,269,8.9333,TGT_002,DECOY_TARGET,true,362.0,188.0,362.0,188.0,-90.0,-90.0,96,96,0,TRACKING,361.0,187.0,1.414,False
SCN_011,269,8.9333,TGT_003,DECOY_TARGET,true,190.0,233.0,190.0,233.0,-120.0,-90.0,269,269,0,TRACKING,189.0,232.0,1.414,False
SCN_011,270,8.9667,TGT_001,COMMUNICATION_TARGET,true,364.0,293.0,364.0,293.0,60.0,0.0,270,270,0,TRACKING,363.0,292.0,1.414,True
SCN_011,270,8.9667,TGT_002,DECOY_TARGET,true,364.0,187.0,364.0,187.0,60.0,-30.0,97,97,0,TRACKING,363.0,186.0,1.414,False
SCN_011,270,8.9667,TGT_003,DECOY_TARGET,true,192.0,231.0,192.0,231.0,60.0,-60.0,270,270,0,TRACKING,191.0,230.0,1.414,False
SCN_011,271,9.0,TGT_001,COMMUNICATION_TARGET,true,370.0,295.0,370.0,295.0,180.0,60.0,271,271,0,TRACKING,369.0,294.0,1.414,True
SCN_011,271,9.0,TGT_002,DECOY_TARGET,true,370.0,187.0,370.0,187.0,180.0,0.0,98,98,0,TRACKING,369.0,186.0,1.414,False
SCN_011,271,9.0,TGT_003,DECOY_TARGET,true,196.0,232.0,196.0,232.0,120.0,30.0,271,271,0,TRACKING,195.0,231.0,1.414,False
SCN_011,272,9.0333,TGT_001,COMMUNICATION_TARGET,true,377.0,300.0,377.0,300.0,210.0,150.0,272,272,0,TRACKING,376.0,299.0,1.414,True
SCN_011,272,9.0333,TGT_002,DECOY_TARGET,true,377.0,191.0,377.0,191.0,210.0,120.0,99,99,0,TRACKING,376.0,190.0,1.414,False
SCN_011,272,9.0333,TGT_003,DECOY_TARGET,true,203.0,235.0,203.0,235.0,210.0,90.0,272,272,0,TRACKING,202.0,234.0,1.414,False
SCN_011,273,9.0667,TGT_001,COMMUNICATION_TARGET,true,379.0,304.0,379.0,304.0,60.0,120.0,273,273,0,TRACKING,378.0,303.0,1.414,True
SCN_011,273,9.0667,TGT_002,DECOY_TARGET,true,379.0,195.0,379.0,195.0,60.0,120.0,100,100,0,TRACKING,378.0,194.0,1.414,False
SCN_011,273,9.0667,TGT_003,DECOY_TARGET,true,205.0,239.0,205.0,239.0,60.0,120.0,273,273,0,TRACKING,204.0,238.0,1.414,False
SCN_011,274,9.1,TGT_001,COMMUNICATION_TARGET,true,378.0,307.0,378.0,307.0,-30.0,90.0,274,274,0,TRACKING,377.0,306.0,1.414,True
SCN_011,274,9.1,TGT_002,DECOY_TARGET,true,378.0,197.0,378.0,197.0,-30.0,60.0,101,101,0,TRACKING,377.0,196.0,1.414,False
SCN_011,274,9.1,TGT_003,DECOY_TARGET,true,202.0,240.0,202.0,240.0,-90.0,30.0,274,274,0,TRACKING,201.0,239.0,1.414,False
SCN_011,275,9.1333,TGT_001,COMMUNICATION_TARGET,true,375.0,307.0,375.0,307.0,-90.0,0.0,275,275,0,TRACKING,374.0,306.0,1.414,True
SCN_011,275,9.1333,TGT_002,DECOY_TARGET,true,375.0,196.0,375.0,196.0,-90.0,-30.0,102,102,0,TRACKING,374.0,195.0,1.414,False
SCN_011,275,9.1333,TGT_003,DECOY_TARGET,true,198.0,239.0,198.0,239.0,-120.0,-30.0,275,275,0,TRACKING,197.0,238.0,1.414,False
SCN_011,276,9.1667,TGT_001,COMMUNICATION_TARGET,true,371.0,304.0,371.0,304.0,-120.0,-90.0,276,276,0,TRACKING,370.0,303.0,1.414,True
SCN_011,276,9.1667,TGT_002,DECOY_TARGET,true,371.0,192.0,371.0,192.0,-120.0,-120.0,103,103,0,TRACKING,370.0,191.0,1.414,False
SCN_011,276,9.1667,TGT_003,DECOY_TARGET,true,194.0,235.0,194.0,235.0,-120.0,-120.0,276,276,0,TRACKING,193.0,234.0,1.414,False
SCN_011,277,9.2,TGT_001,COMMUNICATION_TARGET,true,370.0,302.0,370.0,302.0,-30.0,-60.0,277,277,0,TRACKING,369.0,301.0,1.414,True
SCN_011,277,9.2,TGT_002,DECOY_TARGET,true,370.0,189.0,370.0,189.0,-30.0,-90.0,104,104,0,TRACKING,369.0,188.0,1.414,False
SCN_011,277,9.2,TGT_003,DECOY_TARGET,true,192.0,231.0,192.0,231.0,-60.0,-120.0,277,277,0,TRACKING,191.0,230.0,1.414,False
SCN_011,278,9.2333,TGT_001,COMMUNICATION_TARGET,true,371.0,298.0,371.0,298.0,30.0,-120.0,278,278,0,TRACKING,370.0,297.0,1.414,True
SCN_011,278,9.2333,TGT_002,DECOY_TARGET,true,371.0,184.0,371.0,184.0,30.0,-150.0,105,105,0,TRACKING,370.0,183.0,1.414,False
SCN_011,278,9.2333,TGT_003,DECOY_TARGET,true,193.0,227.0,193.0,227.0,30.0,-120.0,278,278,0,TRACKING,192.0,226.0,1.414,False
SCN_011,279,9.2667,TGT_001,COMMUNICATION_TARGET,true,373.0,299.0,373.0,299.0,60.0,30.0,279,279,0,TRACKING,372.0,298.0,1.414,True
SCN_011,279,9.2667,TGT_002,DECOY_TARGET,true,373.0,184.0,373.0,184.0,60.0,0.0,106,106,0,TRACKING,372.0,183.0,1.414,False
SCN_011,279,9.2667,TGT_003,DECOY_TARGET,true,194.0,226.0,194.0,226.0,30.0,-30.0,279,279,0,TRACKING,193.0,225.0,1.414,False
SCN_011,280,9.3,TGT_001,COMMUNICATION_TARGET,true,375.0,299.0,375.0,299.0,60.0,0.0,280,280,0,TRACKING,374.0,298.0,1.414,True
SCN_011,280,9.3,TGT_002,DECOY_TARGET,true,375.0,184.0,375.0,184.0,60.0,0.0,107,107,0,TRACKING,374.0,183.0,1.414,False
SCN_011,280,9.3,TGT_003,DECOY_TARGET,true,195.0,226.0,195.0,226.0,30.0,0.0,280,280,0,TRACKING,194.0,225.0,1.414,False
SCN_011,281,9.3333,TGT_001,COMMUNICATION_TARGET,true,377.0,301.0,377.0,301.0,60.0,60.0,281,281,0,TRACKING,376.0,300.0,1.414,True
SCN_011,281,9.3333,TGT_002,DECOY_TARGET,true,377.0,184.0,377.0,184.0,60.0,0.0,108,108,0,TRACKING,376.0,183.0,1.414,False
SCN_011,281,9.3333,TGT_003,DECOY_TARGET,true,197.0,226.0,197.0,226.0,60.0,0.0,281,281,0,TRACKING,196.0,225.0,1.414,False
SCN_011,282,9.3667,TGT_001,COMMUNICATION_TARGET,true,377.0,301.0,377.0,301.0,0.0,0.0,282,282,0,TRACKING,376.0,300.0,1.414,True
SCN_011,282,9.3667,TGT_002,DECOY_TARGET,true,377.0,183.0,377.0,183.0,0.0,-30.0,109,109,0,TRACKING,376.0,182.0,1.414,False
SCN_011,282,9.3667,TGT_003,DECOY_TARGET,true,196.0,225.0,196.0,225.0,-30.0,-30.0,282,282,0,TRACKING,195.0,224.0,1.414,False
SCN_011,283,9.4,TGT_001,COMMUNICATION_TARGET,true,381.0,301.0,381.0,301.0,120.0,0.0,283,283,0,TRACKING,380.0,300.0,1.414,True
SCN_011,283,9.4,TGT_002,DECOY_TARGET,true,381.0,182.0,381.0,182.0,120.0,-30.0,110,110,0,TRACKING,380.0,181.0,1.414,False
SCN_011,283,9.4,TGT_003,DECOY_TARGET,true,199.0,223.0,199.0,223.0,90.0,-60.0,283,283,0,TRACKING,198.0,222.0,1.414,False
SCN_011,284,9.4333,TGT_001,COMMUNICATION_TARGET,true,384.0,302.0,384.0,302.0,90.0,30.0,284,284,0,TRACKING,383.0,301.0,1.414,True
SCN_011,284,9.4333,TGT_002,DECOY_TARGET,true,384.0,182.0,384.0,182.0,90.0,0.0,111,111,0,TRACKING,383.0,181.0,1.414,False
SCN_011,284,9.4333,TGT_003,DECOY_TARGET,true,202.0,223.0,202.0,223.0,90.0,0.0,284,284,0,TRACKING,201.0,222.0,1.414,False
SCN_011,285,9.4667,TGT_001,COMMUNICATION_TARGET,true,386.0,304.0,386.0,304.0,60.0,60.0,285,285,0,TRACKING,385.0,303.0,1.414,True
SCN_011,285,9.4667,TGT_002,DECOY_TARGET,true,386.0,183.0,386.0,183.0,60.0,30.0,112,112,0,TRACKING,385.0,182.0,1.414,False
SCN_011,285,9.4667,TGT_003,DECOY_TARGET,true,202.0,224.0,202.0,224.0,0.0,30.0,285,285,0,TRACKING,201.0,223.0,1.414,False
SCN_011,286,9.5,TGT_001,COMMUNICATION_TARGET,true,383.0,308.0,383.0,308.0,-90.0,120.0,286,286,0,TRACKING,382.0,307.0,1.414,True
SCN_011,286,9.5,TGT_002,DECOY_TARGET,true,383.0,186.0,383.0,186.0,-90.0,90.0,113,113,0,TRACKING,382.0,185.0,1.414,False
SCN_011,286,9.5,TGT_003,DECOY_TARGET,true,199.0,227.0,199.0,227.0,-90.0,90.0,286,286,0,TRACKING,198.0,226.0,1.414,False
SCN_011,287,9.5333,TGT_001,COMMUNICATION_TARGET,true,378.0,311.0,378.0,311.0,-150.0,90.0,287,287,0,TRACKING,377.0,310.0,1.414,True
SCN_011,287,9.5333,TGT_002,DECOY_TARGET,true,378.0,188.0,378.0,188.0,-150.0,60.0,114,114,0,TRACKING,377.0,187.0,1.414,False
SCN_011,287,9.5333,TGT_003,DECOY_TARGET,true,194.0,228.0,194.0,228.0,-150.0,30.0,287,287,0,TRACKING,193.0,227.0,1.414,False
SCN_011,288,9.5667,TGT_001,COMMUNICATION_TARGET,true,375.0,312.0,375.0,312.0,-90.0,30.0,288,288,0,TRACKING,374.0,311.0,1.414,True
SCN_011,288,9.5667,TGT_002,DECOY_TARGET,true,375.0,188.0,375.0,188.0,-90.0,0.0,115,115,0,TRACKING,374.0,187.0,1.414,False
SCN_011,288,9.5667,TGT_003,DECOY_TARGET,true,190.0,228.0,190.0,228.0,-120.0,0.0,288,288,0,TRACKING,189.0,227.0,1.414,False
SCN_011,289,9.6,TGT_001,COMMUNICATION_TARGET,true,375.0,309.0,375.0,309.0,0.0,-90.0,289,289,0,TRACKING,374.0,308.0,1.414,True
SCN_011,289,9.6,TGT_002,DECOY_TARGET,true,375.0,184.0,375.0,184.0,0.0,-120.0,116,116,0,TRACKING,374.0,183.0,1.414,False
SCN_011,289,9.6,TGT_003,DECOY_TARGET,true,189.0,224.0,189.0,224.0,-30.0,-120.0,289,289,0,TRACKING,188.0,223.0,1.414,False
SCN_011,290,9.6333,TGT_001,COMMUNICATION_TARGET,true,380.0,305.0,380.0,305.0,150.0,-120.0,290,290,0,TRACKING,379.0,304.0,1.414,True
SCN_011,290,9.6333,TGT_002,DECOY_TARGET,true,380.0,179.0,380.0,179.0,150.0,-150.0,117,117,0,TRACKING,379.0,178.0,1.414,False
SCN_011,290,9.6333,TGT_003,DECOY_TARGET,true,194.0,219.0,194.0,219.0,150.0,-150.0,290,290,0,TRACKING,193.0,218.0,1.414,False
SCN_011,291,9.6667,TGT_001,COMMUNICATION_TARGET,true,386.0,301.0,386.0,301.0,180.0,-120.0,291,291,0,TRACKING,385.0,300.0,1.414,True
SCN_011,291,9.6667,TGT_002,DECOY_TARGET,true,386.0,174.0,386.0,174.0,180.0,-150.0,118,118,0,TRACKING,385.0,173.0,1.414,False
SCN_011,291,9.6667,TGT_003,DECOY_TARGET,true,199.0,214.0,199.0,214.0,150.0,-150.0,291,291,0,TRACKING,198.0,213.0,1.414,False
SCN_011,292,9.7,TGT_001,COMMUNICATION_TARGET,true,390.0,299.0,390.0,299.0,120.0,-60.0,292,292,0,TRACKING,389.0,298.0,1.414,True
SCN_011,292,9.7,TGT_002,DECOY_TARGET,true,390.0,171.0,390.0,171.0,120.0,-90.0,119,119,0,TRACKING,389.0,170.0,1.414,False
SCN_011,292,9.7,TGT_003,DECOY_TARGET,true,203.0,210.0,203.0,210.0,120.0,-120.0,292,292,0,TRACKING,202.0,209.0,1.414,False
SCN_011,293,9.7333,TGT_001,COMMUNICATION_TARGET,true,392.0,301.0,392.0,301.0,60.0,60.0,293,293,0,TRACKING,391.0,300.0,1.414,True
SCN_011,293,9.7333,TGT_002,DECOY_TARGET,true,392.0,172.0,392.0,172.0,60.0,30.0,120,120,0,TRACKING,391.0,171.0,1.414,False
SCN_011,293,9.7333,TGT_003,DECOY_TARGET,true,203.0,211.0,203.0,211.0,0.0,30.0,293,293,0,TRACKING,202.0,210.0,1.414,False
SCN_011,294,9.7667,TGT_001,COMMUNICATION_TARGET,true,390.0,305.0,390.0,305.0,-60.0,120.0,294,294,0,TRACKING,389.0,304.0,1.414,True
SCN_011,294,9.7667,TGT_002,DECOY_TARGET,true,390.0,175.0,390.0,175.0,-60.0,90.0,121,121,0,TRACKING,389.0,174.0,1.414,False
SCN_011,294,9.7667,TGT_003,DECOY_TARGET,true,201.0,214.0,201.0,214.0,-60.0,90.0,294,294,0,TRACKING,200.0,213.0,1.414,False
SCN_011,295,9.8,TGT_001,COMMUNICATION_TARGET,true,387.0,309.0,387.0,309.0,-90.0,120.0,295,295,0,TRACKING,386.0,308.0,1.414,True
SCN_011,295,9.8,TGT_002,DECOY_TARGET,true,387.0,178.0,387.0,178.0,-90.0,90.0,122,122,0,TRACKING,386.0,177.0,1.414,False
SCN_011,295,9.8,TGT_003,DECOY_TARGET,true,197.0,216.0,197.0,216.0,-120.0,60.0,295,295,0,TRACKING,196.0,215.0,1.414,False
SCN_011,296,9.8333,TGT_001,COMMUNICATION_TARGET,true,386.0,311.0,386.0,311.0,-30.0,60.0,296,296,0,TRACKING,385.0,310.0,1.414,True
SCN_011,296,9.8333,TGT_002,DECOY_TARGET,true,386.0,179.0,386.0,179.0,-30.0,30.0,123,123,0,TRACKING,385.0,178.0,1.414,False
SCN_011,296,9.8333,TGT_003,DECOY_TARGET,true,196.0,217.0,196.0,217.0,-30.0,30.0,296,296,0,TRACKING,195.0,216.0,1.414,False
SCN_011,297,9.8667,TGT_001,COMMUNICATION_TARGET,true,386.0,312.0,386.0,312.0,0.0,30.0,297,297,0,TRACKING,385.0,311.0,1.414,True
SCN_011,297,9.8667,TGT_002,DECOY_TARGET,true,386.0,180.0,386.0,180.0,0.0,30.0,124,124,0,TRACKING,385.0,179.0,1.414,False
SCN_011,297,9.8667,TGT_003,DECOY_TARGET,true,195.0,218.0,195.0,218.0,-30.0,30.0,297,297,0,TRACKING,194.0,217.0,1.414,False
SCN_011,298,9.9,TGT_001,COMMUNICATION_TARGET,true,387.0,311.0,387.0,311.0,30.0,-30.0,298,298,0,TRACKING,386.0,310.0,1.414,True
SCN_011,298,9.9,TGT_002,DECOY_TARGET,true,387.0,178.0,387.0,178.0,30.0,-60.0,125,125,0,TRACKING,386.0,177.0,1.414,False
SCN_011,298,9.9,TGT_003,DECOY_TARGET,true,195.0,215.0,195.0,215.0,0.0,-90.0,298,298,0,TRACKING,194.0,214.0,1.414,False
SCN_011,299,9.9333,TGT_001,COMMUNICATION_TARGET,true,386.0,310.0,386.0,310.0,-30.0,-30.0,299,299,0,TRACKING,385.0,309.0,1.414,True
SCN_011,299,9.9333,TGT_002,DECOY_TARGET,true,386.0,176.0,386.0,176.0,-30.0,-60.0,126,126,0,TRACKING,385.0,175.0,1.414,False
SCN_011,299,9.9333,TGT_003,DECOY_TARGET,true,194.0,213.0,194.0,213.0,-30.0,-60.0,299,299,0,TRACKING,193.0,212.0,1.414,False
SCN_011,300,9.9667,TGT_001,COMMUNICATION_TARGET,true,386.0,311.0,386.0,311.0,0.0,30.0,300,300,0,TRACKING,385.0,310.0,1.414,True
SCN_011,300,9.9667,TGT_002,DECOY_TARGET,true,386.0,175.0,386.0,175.0,0.0,-30.0,127,127,0,TRACKING,385.0,174.0,1.414,False
SCN_011,300,9.9667,TGT_003,DECOY_TARGET,true,193.0,212.0,193.0,212.0,-30.0,-30.0,300,300,0,TRACKING,192.0,211.0,1.414,False
SCN_011,301,10.0,TGT_001,COMMUNICATION_TARGET,true,389.0,311.0,389.0,311.0,90.0,0.0,301,301,0,TRACKING,388.0,310.0,1.414,True
SCN_011,301,10.0,TGT_002,DECOY_TARGET,true,389.0,174.0,389.0,174.0,90.0,-30.0,128,128,0,TRACKING,388.0,173.0,1.414,False
SCN_011,301,10.0,TGT_003,DECOY_TARGET,true,195.0,212.0,195.0,212.0,60.0,0.0,301,301,0,TRACKING,194.0,211.0,1.414,False
SCN_011,302,10.0333,TGT_001,COMMUNICATION_TARGET,true,394.0,311.0,394.0,311.0,150.0,0.0,302,302,0,TRACKING,393.0,310.0,1.414,True
SCN_011,302,10.0333,TGT_002,DECOY_TARGET,true,394.0,173.0,394.0,173.0,150.0,-30.0,129,129,0,TRACKING,393.0,172.0,1.414,False
SCN_011,302,10.0333,TGT_003,DECOY_TARGET,true,200.0,210.0,200.0,210.0,150.0,-60.0,302,302,0,TRACKING,199.0,209.0,1.414,False
SCN_011,303,10.0667,TGT_001,COMMUNICATION_TARGET,true,399.0,310.0,399.0,310.0,150.0,-30.0,303,303,0,TRACKING,398.0,309.0,1.414,True
SCN_011,303,10.0667,TGT_002,DECOY_TARGET,true,399.0,171.0,399.0,171.0,150.0,-60.0,130,130,0,TRACKING,398.0,170.0,1.414,False
SCN_011,303,10.0667,TGT_003,DECOY_TARGET,true,204.0,208.0,204.0,208.0,120.0,-60.0,303,303,0,TRACKING,203.0,207.0,1.414,False
SCN_011,304,10.1,TGT_001,COMMUNICATION_TARGET,true,402.0,307.0,402.0,307.0,90.0,-90.0,304,304,0,TRACKING,401.0,306.0,1.414,True
SCN_011,304,10.1,TGT_002,DECOY_TARGET,true,402.0,168.0,402.0,168.0,90.0,-90.0,131,131,0,TRACKING,401.0,167.0,1.414,False
SCN_011,304,10.1,TGT_003,DECOY_TARGET,true,206.0,204.0,206.0,204.0,60.0,-120.0,304,304,0,TRACKING,205.0,203.0,1.414,False
SCN_011,305,10.1333,TGT_001,COMMUNICATION_TARGET,true,400.0,305.0,400.0,305.0,-60.0,-60.0,305,305,0,TRACKING,399.0,304.0,1.414,True
SCN_011,305,10.1333,TGT_002,DECOY_TARGET,true,400.0,164.0,400.0,164.0,-60.0,-120.0,132,132,0,TRACKING,399.0,163.0,1.414,False
SCN_011,305,10.1333,TGT_003,DECOY_TARGET,true,204.0,201.0,204.0,201.0,-60.0,-90.0,305,305,0,TRACKING,203.0,200.0,1.414,False
SCN_011,306,10.1667,TGT_001,COMMUNICATION_TARGET,true,395.0,305.0,395.0,305.0,-150.0,0.0,306,306,0,TRACKING,394.0,304.0,1.414,True
SCN_011,306,10.1667,TGT_002,DECOY_TARGET,true,395.0,163.0,395.0,163.0,-150.0,-30.0,133,133,0,TRACKING,394.0,162.0,1.414,False
SCN_011,306,10.1667,TGT_003,DECOY_TARGET,true,199.0,199.0,199.0,199.0,-150.0,-60.0,306,306,0,TRACKING,198.0,198.0,1.414,False
SCN_011,307,10.2,TGT_001,COMMUNICATION_TARGET,true,391.0,308.0,391.0,308.0,-120.0,90.0,307,307,0,TRACKING,390.0,307.0,1.414,True
SCN_011,307,10.2,TGT_002,DECOY_TARGET,true,391.0,165.0,391.0,165.0,-120.0,60.0,134,134,0,TRACKING,390.0,164.0,1.414,False
SCN_011,307,10.2,TGT_003,DECOY_TARGET,true,194.0,201.0,194.0,201.0,-150.0,60.0,307,307,0,TRACKING,193.0,200.0,1.414,False
SCN_011,308,10.2333,TGT_001,COMMUNICATION_TARGET,true,389.0,313.0,389.0,313.0,-60.0,150.0,308,308,0,TRACKING,388.0,312.0,1.414,True
SCN_011,308,10.2333,TGT_002,DECOY_TARGET,true,389.0,169.0,389.0,169.0,-60.0,120.0,135,135,0,TRACKING,388.0,168.0,1.414,False
SCN_011,308,10.2333,TGT_003,DECOY_TARGET,true,192.0,205.0,192.0,205.0,-60.0,120.0,308,308,0,TRACKING,191.0,204.0,1.414,False
SCN_011,309,10.2667,TGT_001,COMMUNICATION_TARGET,true,392.0,318.0,392.0,318.0,90.0,150.0,309,309,0,TRACKING,391.0,317.0,1.414,True
SCN_011,309,10.2667,TGT_002,DECOY_TARGET,true,392.0,173.0,392.0,173.0,90.0,120.0,136,136,0,TRACKING,391.0,172.0,1.414,False
SCN_011,309,10.2667,TGT_003,DECOY_TARGET,true,194.0,209.0,194.0,209.0,60.0,120.0,309,309,0,TRACKING,193.0,208.0,1.414,False
SCN_011,310,10.3,TGT_001,COMMUNICATION_TARGET,true,398.0,320.0,398.0,320.0,180.0,60.0,310,310,0,TRACKING,397.0,319.0,1.414,True
SCN_011,310,10.3,TGT_002,DECOY_TARGET,true,398.0,174.0,398.0,174.0,180.0,30.0,137,137,0,TRACKING,397.0,173.0,1.414,False
SCN_011,310,10.3,TGT_003,DECOY_TARGET,true,199.0,210.0,199.0,210.0,150.0,30.0,310,310,0,TRACKING,198.0,209.0,1.414,False
SCN_011,311,10.3333,TGT_001,COMMUNICATION_TARGET,true,402.0,319.0,402.0,319.0,120.0,-30.0,311,311,0,TRACKING,401.0,318.0,1.414,True
SCN_011,311,10.3333,TGT_002,DECOY_TARGET,true,402.0,172.0,402.0,172.0,120.0,-60.0,138,138,0,TRACKING,401.0,171.0,1.414,False
SCN_011,311,10.3333,TGT_003,DECOY_TARGET,true,203.0,207.0,203.0,207.0,120.0,-90.0,311,311,0,TRACKING,202.0,206.0,1.414,False
SCN_011,312,10.3667,TGT_001,COMMUNICATION_TARGET,true,405.0,315.0,405.0,315.0,90.0,-120.0,312,312,0,TRACKING,404.0,314.0,1.414,True
SCN_011,312,10.3667,TGT_002,DECOY_TARGET,true,405.0,167.0,405.0,167.0,90.0,-150.0,139,139,0,TRACKING,404.0,166.0,1.414,False
SCN_011,312,10.3667,TGT_003,DECOY_TARGET,true,205.0,202.0,205.0,202.0,60.0,-150.0,312,312,0,TRACKING,204.0,201.0,1.414,False
SCN_011,313,10.4,TGT_001,COMMUNICATION_TARGET,true,404.0,312.0,404.0,312.0,-30.0,-90.0,313,313,0,TRACKING,403.0,311.0,1.414,True
SCN_011,313,10.4,TGT_002,DECOY_TARGET,true,404.0,163.0,404.0,163.0,-30.0,-120.0,140,140,0,TRACKING,403.0,162.0,1.414,False
SCN_011,313,10.4,TGT_003,DECOY_TARGET,true,204.0,198.0,204.0,198.0,-30.0,-120.0,313,313,0,TRACKING,203.0,197.0,1.414,False
SCN_011,314,10.4333,TGT_001,COMMUNICATION_TARGET,true,404.0,309.0,404.0,309.0,0.0,-90.0,314,314,0,TRACKING,403.0,308.0,1.414,True
SCN_011,314,10.4333,TGT_002,DECOY_TARGET,true,404.0,160.0,404.0,160.0,0.0,-90.0,141,141,0,TRACKING,403.0,159.0,1.414,False
SCN_011,314,10.4333,TGT_003,DECOY_TARGET,true,203.0,194.0,203.0,194.0,-30.0,-120.0,314,314,0,TRACKING,202.0,193.0,1.414,False
SCN_011,315,10.4667,TGT_001,COMMUNICATION_TARGET,true,405.0,310.0,405.0,310.0,30.0,30.0,315,315,0,TRACKING,404.0,309.0,1.414,True
SCN_011,315,10.4667,TGT_002,DECOY_TARGET,true,405.0,159.0,405.0,159.0,30.0,-30.0,142,142,0,TRACKING,404.0,158.0,1.414,False
SCN_011,315,10.4667,TGT_003,DECOY_TARGET,true,203.0,194.0,203.0,194.0,0.0,0.0,315,315,0,TRACKING,202.0,193.0,1.414,False
SCN_011,316,10.5,TGT_001,COMMUNICATION_TARGET,true,406.0,312.0,406.0,312.0,30.0,60.0,316,316,0,TRACKING,405.0,311.0,1.414,True
SCN_011,316,10.5,TGT_002,DECOY_TARGET,true,406.0,160.0,406.0,160.0,30.0,30.0,143,143,0,TRACKING,405.0,159.0,1.414,False
SCN_011,316,10.5,TGT_003,DECOY_TARGET,true,204.0,195.0,204.0,195.0,30.0,30.0,316,316,0,TRACKING,203.0,194.0,1.414,False
SCN_011,317,10.5333,TGT_001,COMMUNICATION_TARGET,true,405.0,313.0,405.0,313.0,-30.0,30.0,317,317,0,TRACKING,404.0,312.0,1.414,True
SCN_011,317,10.5333,TGT_002,DECOY_TARGET,true,405.0,160.0,405.0,160.0,-30.0,0.0,144,144,0,TRACKING,404.0,159.0,1.414,False
SCN_011,317,10.5333,TGT_003,DECOY_TARGET,true,202.0,194.0,202.0,194.0,-60.0,-30.0,317,317,0,TRACKING,201.0,193.0,1.414,False
SCN_011,318,10.5667,TGT_001,COMMUNICATION_TARGET,true,403.0,313.0,403.0,313.0,-60.0,0.0,318,318,0,TRACKING,402.0,312.0,1.414,True
SCN_011,318,10.5667,TGT_002,DECOY_TARGET,true,403.0,160.0,403.0,160.0,-60.0,0.0,145,145,0,TRACKING,402.0,159.0,1.414,False
SCN_011,318,10.5667,TGT_003,DECOY_TARGET,true,200.0,194.0,200.0,194.0,-60.0,0.0,318,318,0,TRACKING,199.0,193.0,1.414,False
SCN_011,319,10.6,TGT_001,COMMUNICATION_TARGET,true,401.0,313.0,401.0,313.0,-60.0,0.0,319,319,0,TRACKING,400.0,312.0,1.414,True
SCN_011,319,10.6,TGT_002,DECOY_TARGET,true,401.0,158.0,401.0,158.0,-60.0,-60.0,146,146,0,TRACKING,400.0,157.0,1.414,False
SCN_011,319,10.6,TGT_003,DECOY_TARGET,true,198.0,192.0,198.0,192.0,-60.0,-60.0,319,319,0,TRACKING,197.0,191.0,1.414,False
SCN_011,320,10.6333,TGT_001,COMMUNICATION_TARGET,true,402.0,314.0,402.0,314.0,30.0,30.0,320,320,0,TRACKING,401.0,313.0,1.414,True
SCN_011,320,10.6333,TGT_002,DECOY_TARGET,true,402.0,158.0,402.0,158.0,30.0,0.0,147,147,0,TRACKING,401.0,157.0,1.414,False
SCN_011,320,10.6333,TGT_003,DECOY_TARGET,true,198.0,192.0,198.0,192.0,0.0,0.0,320,320,0,TRACKING,197.0,191.0,1.414,False
SCN_011,321,10.6667,TGT_001,COMMUNICATION_TARGET,true,406.0,317.0,406.0,317.0,120.0,90.0,321,321,0,TRACKING,405.0,316.0,1.414,True
SCN_011,321,10.6667,TGT_002,DECOY_TARGET,true,406.0,161.0,406.0,161.0,120.0,90.0,148,148,0,TRACKING,405.0,160.0,1.414,False
SCN_011,321,10.6667,TGT_003,DECOY_TARGET,true,202.0,194.0,202.0,194.0,120.0,60.0,321,321,0,TRACKING,201.0,193.0,1.414,False
SCN_011,322,10.7,TGT_001,COMMUNICATION_TARGET,true,413.0,321.0,413.0,321.0,210.0,120.0,322,322,0,TRACKING,412.0,320.0,1.414,True
SCN_011,322,10.7,TGT_002,DECOY_TARGET,true,413.0,163.0,413.0,163.0,210.0,60.0,149,149,0,TRACKING,412.0,162.0,1.414,False
SCN_011,322,10.7,TGT_003,DECOY_TARGET,true,208.0,196.0,208.0,196.0,180.0,60.0,322,322,0,TRACKING,207.0,195.0,1.414,False
SCN_011,323,10.7333,TGT_001,COMMUNICATION_TARGET,true,417.0,323.0,417.0,323.0,120.0,60.0,323,323,0,TRACKING,416.0,322.0,1.414,True
SCN_011,323,10.7333,TGT_002,DECOY_TARGET,true,417.0,164.0,417.0,164.0,120.0,30.0,150,150,0,TRACKING,416.0,163.0,1.414,False
SCN_011,323,10.7333,TGT_003,DECOY_TARGET,true,212.0,197.0,212.0,197.0,120.0,30.0,323,323,0,TRACKING,211.0,196.0,1.414,False
SCN_011,324,10.7667,TGT_001,COMMUNICATION_TARGET,true,418.0,323.0,418.0,323.0,30.0,0.0,324,324,0,TRACKING,417.0,322.0,1.414,True
SCN_011,324,10.7667,TGT_002,DECOY_TARGET,true,418.0,163.0,418.0,163.0,30.0,-30.0,151,151,0,TRACKING,417.0,162.0,1.414,False
SCN_011,324,10.7667,TGT_003,DECOY_TARGET,true,212.0,196.0,212.0,196.0,0.0,-30.0,324,324,0,TRACKING,211.0,195.0,1.414,False
SCN_011,325,10.8,TGT_001,COMMUNICATION_TARGET,true,415.0,320.0,415.0,320.0,-90.0,-90.0,325,325,0,TRACKING,414.0,319.0,1.414,True
SCN_011,325,10.8,TGT_002,DECOY_TARGET,true,415.0,160.0,415.0,160.0,-90.0,-90.0,152,152,0,TRACKING,414.0,159.0,1.414,False
SCN_011,325,10.8,TGT_003,DECOY_TARGET,true,209.0,192.0,209.0,192.0,-90.0,-120.0,325,325,0,TRACKING,208.0,191.0,1.414,False
SCN_011,326,10.8333,TGT_001,COMMUNICATION_TARGET,true,411.0,316.0,411.0,316.0,-120.0,-120.0,326,326,0,TRACKING,410.0,315.0,1.414,True
SCN_011,326,10.8333,TGT_002,DECOY_TARGET,true,411.0,155.0,411.0,155.0,-120.0,-150.0,153,153,0,TRACKING,410.0,154.0,1.414,False
SCN_011,326,10.8333,TGT_003,DECOY_TARGET,true,204.0,187.0,204.0,187.0,-150.0,-150.0,326,326,0,TRACKING,203.0,186.0,1.414,False
SCN_011,327,10.8667,TGT_001,COMMUNICATION_TARGET,true,409.0,312.0,409.0,312.0,-60.0,-120.0,327,327,0,TRACKING,408.0,311.0,1.414,True
SCN_011,327,10.8667,TGT_002,DECOY_TARGET,true,409.0,149.0,409.0,149.0,-60.0,-180.0,154,154,0,TRACKING,408.0,148.0,1.414,False
SCN_011,327,10.8667,TGT_003,DECOY_TARGET,true,201.0,181.0,201.0,181.0,-90.0,-180.0,327,327,0,TRACKING,200.0,180.0,1.414,False
SCN_011,328,10.9,TGT_001,COMMUNICATION_TARGET,true,410.0,312.0,410.0,312.0,30.0,0.0,328,328,0,TRACKING,409.0,311.0,1.414,True
SCN_011,328,10.9,TGT_002,DECOY_TARGET,true,410.0,149.0,410.0,149.0,30.0,0.0,155,155,0,TRACKING,409.0,148.0,1.414,False
SCN_011,328,10.9,TGT_003,DECOY_TARGET,true,202.0,181.0,202.0,181.0,30.0,0.0,328,328,0,TRACKING,201.0,180.0,1.414,False
SCN_011,329,10.9333,TGT_001,COMMUNICATION_TARGET,true,413.0,313.0,413.0,313.0,90.0,30.0,329,329,0,TRACKING,412.0,312.0,1.414,True
SCN_011,329,10.9333,TGT_002,DECOY_TARGET,true,413.0,149.0,413.0,149.0,90.0,0.0,156,156,0,TRACKING,412.0,148.0,1.414,False
SCN_011,329,10.9333,TGT_003,DECOY_TARGET,true,205.0,181.0,205.0,181.0,90.0,0.0,329,329,0,TRACKING,204.0,180.0,1.414,False
SCN_011,330,10.9667,TGT_001,COMMUNICATION_TARGET,true,417.0,318.0,417.0,318.0,120.0,150.0,330,330,0,TRACKING,416.0,317.0,1.414,True
SCN_011,330,10.9667,TGT_002,DECOY_TARGET,true,417.0,152.0,417.0,152.0,120.0,90.0,157,157,0,TRACKING,416.0,151.0,1.414,False
SCN_011,330,10.9667,TGT_003,DECOY_TARGET,true,208.0,184.0,208.0,184.0,90.0,90.0,330,330,0,TRACKING,207.0,183.0,1.414,False
SCN_011,331,11.0,TGT_001,COMMUNICATION_TARGET,true,419.0,321.0,419.0,321.0,60.0,90.0,331,331,0,TRACKING,418.0,320.0,1.414,True
SCN_011,331,11.0,TGT_002,DECOY_TARGET,true,419.0,154.0,419.0,154.0,60.0,60.0,158,158,0,TRACKING,418.0,153.0,1.414,False
SCN_011,331,11.0,TGT_003,DECOY_TARGET,true,209.0,186.0,209.0,186.0,30.0,60.0,331,331,0,TRACKING,208.0,185.0,1.414,False
SCN_011,332,11.0333,TGT_001,COMMUNICATION_TARGET,true,420.0,323.0,420.0,323.0,30.0,60.0,332,332,0,TRACKING,419.0,322.0,1.414,True
SCN_011,332,11.0333,TGT_002,DECOY_TARGET,true,420.0,156.0,420.0,156.0,30.0,60.0,159,159,0,TRACKING,419.0,155.0,1.414,False
SCN_011,332,11.0333,TGT_003,DECOY_TARGET,true,210.0,187.0,210.0,187.0,30.0,30.0,332,332,0,TRACKING,209.0,186.0,1.414,False
SCN_011,333,11.0667,TGT_001,COMMUNICATION_TARGET,true,421.0,325.0,421.0,325.0,30.0,60.0,333,333,0,TRACKING,420.0,324.0,1.414,True
SCN_011,333,11.0667,TGT_002,DECOY_TARGET,true,421.0,156.0,421.0,156.0,30.0,0.0,160,160,0,TRACKING,420.0,155.0,1.414,False
SCN_011,333,11.0667,TGT_003,DECOY_TARGET,true,211.0,188.0,211.0,188.0,30.0,30.0,333,333,0,TRACKING,210.0,187.0,1.414,False
SCN_011,334,11.1,TGT_001,COMMUNICATION_TARGET,true,425.0,323.0,425.0,323.0,120.0,-60.0,334,334,0,TRACKING,424.0,322.0,1.414,True
SCN_011,334,11.1,TGT_002,DECOY_TARGET,true,425.0,154.0,425.0,154.0,120.0,-60.0,161,161,0,TRACKING,424.0,153.0,1.414,False
SCN_011,334,11.1,TGT_003,DECOY_TARGET,true,214.0,185.0,214.0,185.0,90.0,-90.0,334,334,0,TRACKING,213.0,184.0,1.414,False
SCN_011,335,11.1333,TGT_001,COMMUNICATION_TARGET,true,426.0,322.0,426.0,322.0,30.0,-30.0,335,335,0,TRACKING,425.0,321.0,1.414,True
SCN_011,335,11.1333,TGT_002,DECOY_TARGET,true,426.0,152.0,426.0,152.0,30.0,-60.0,162,162,0,TRACKING,425.0,151.0,1.414,False
SCN_011,335,11.1333,TGT_003,DECOY_TARGET,true,215.0,183.0,215.0,183.0,30.0,-60.0,335,335,0,TRACKING,214.0,182.0,1.414,False
SCN_011,336,11.1667,TGT_001,COMMUNICATION_TARGET,true,425.0,323.0,425.0,323.0,-30.0,30.0,336,336,0,TRACKING,424.0,322.0,1.414,True
SCN_011,336,11.1667,TGT_002,DECOY_TARGET,true,425.0,152.0,425.0,152.0,-30.0,0.0,163,163,0,TRACKING,424.0,151.0,1.414,False
SCN_011,336,11.1667,TGT_003,DECOY_TARGET,true,213.0,183.0,213.0,183.0,-60.0,0.0,336,336,0,TRACKING,212.0,182.0,1.414,False
SCN_011,337,11.2,TGT_001,COMMUNICATION_TARGET,true,423.0,324.0,423.0,324.0,-60.0,30.0,337,337,0,TRACKING,422.0,323.0,1.414,True
SCN_011,337,11.2,TGT_002,DECOY_TARGET,true,423.0,152.0,423.0,152.0,-60.0,0.0,164,164,0,TRACKING,422.0,151.0,1.414,False
SCN_011,337,11.2,TGT_003,DECOY_TARGET,true,211.0,182.0,211.0,182.0,-60.0,-30.0,337,337,0,TRACKING,210.0,181.0,1.414,False
SCN_011,338,11.2333,TGT_001,COMMUNICATION_TARGET,true,419.0,323.0,419.0,323.0,-120.0,-30.0,338,338,0,TRACKING,418.0,322.0,1.414,True
SCN_011,338,11.2333,TGT_002,DECOY_TARGET,true,419.0,149.0,419.0,149.0,-120.0,-90.0,165,165,0,TRACKING,418.0,148.0,1.414,False
SCN_011,338,11.2333,TGT_003,DECOY_TARGET,true,206.0,180.0,206.0,180.0,-150.0,-60.0,338,338,0,TRACKING,205.0,179.0,1.414,False
SCN_011,339,11.2667,TGT_001,COMMUNICATION_TARGET,true,418.0,321.0,418.0,321.0,-30.0,-60.0,339,339,0,TRACKING,417.0,320.0,1.414,True
SCN_011,339,11.2667,TGT_002,DECOY_TARGET,true,418.0,147.0,418.0,147.0,-30.0,-60.0,166,166,0,TRACKING,417.0,146.0,1.414,False
SCN_011,339,11.2667,TGT_003,DECOY_TARGET,true,205.0,177.0,205.0,177.0,-30.0,-90.0,339,339,0,TRACKING,204.0,176.0,1.414,False
SCN_011,340,11.3,TGT_001,COMMUNICATION_TARGET,true,422.0,318.0,422.0,318.0,120.0,-90.0,340,340,0,TRACKING,421.0,317.0,1.414,True
SCN_011,340,11.3,TGT_002,DECOY_TARGET,true,422.0,143.0,422.0,143.0,120.0,-120.0,167,167,0,TRACKING,421.0,142.0,1.414,False
SCN_011,340,11.3,TGT_003,DECOY_TARGET,true,209.0,173.0,209.0,173.0,120.0,-120.0,340,340,0,TRACKING,208.0,172.0,1.414,False
SCN_011,341,11.3333,TGT_001,COMMUNICATION_TARGET,true,429.0,318.0,429.0,318.0,210.0,0.0,341,341,0,TRACKING,428.0,317.0,1.414,True
SCN_011,341,11.3333,TGT_002,DECOY_TARGET,true,429.0,141.0,429.0,141.0,210.0,-60.0,168,168,0,TRACKING,428.0,140.0,1.414,False
SCN_011,341,11.3333,TGT_003,DECOY_TARGET,true,215.0,171.0,215.0,171.0,180.0,-60.0,341,341,0,TRACKING,214.0,170.0,1.414,False
SCN_011,342,11.3667,TGT_001,COMMUNICATION_TARGET,true,434.0,319.0,434.0,319.0,150.0,30.0,342,342,0,TRACKING,433.0,318.0,1.414,True
SCN_011,342,11.3667,TGT_002,DECOY_TARGET,true,434.0,141.0,434.0,141.0,150.0,0.0,169,169,0,TRACKING,433.0,140.0,1.414,False
SCN_011,342,11.3667,TGT_003,DECOY_TARGET,true,220.0,171.0,220.0,171.0,150.0,0.0,342,342,0,TRACKING,219.0,170.0,1.414,False
SCN_011,343,11.4,TGT_001,COMMUNICATION_TARGET,true,437.0,322.0,437.0,322.0,90.0,90.0,343,343,0,TRACKING,436.0,321.0,1.414,True
SCN_011,343,11.4,TGT_002,DECOY_TARGET,true,437.0,144.0,437.0,144.0,90.0,90.0,170,170,0,TRACKING,436.0,143.0,1.414,False
SCN_011,343,11.4,TGT_003,DECOY_TARGET,true,223.0,174.0,223.0,174.0,90.0,90.0,343,343,0,TRACKING,222.0,173.0,1.414,False
SCN_011,344,11.4333,TGT_001,COMMUNICATION_TARGET,true,436.0,328.0,436.0,328.0,-30.0,180.0,344,344,0,TRACKING,435.0,327.0,1.414,True
SCN_011,344,11.4333,TGT_002,DECOY_TARGET,true,436.0,149.0,436.0,149.0,-30.0,150.0,171,171,0,TRACKING,435.0,148.0,1.414,False
SCN_011,344,11.4333,TGT_003,DECOY_TARGET,true,220.0,178.0,220.0,178.0,-90.0,120.0,344,344,0,TRACKING,219.0,177.0,1.414,False
SCN_011,345,11.4667,TGT_001,COMMUNICATION_TARGET,true,433.0,331.0,433.0,331.0,-90.0,90.0,345,345,0,TRACKING,432.0,330.0,1.414,True
SCN_011,345,11.4667,TGT_002,DECOY_TARGET,true,433.0,151.0,433.0,151.0,-90.0,60.0,172,172,0,TRACKING,432.0,150.0,1.414,False
SCN_011,345,11.4667,TGT_003,DECOY_TARGET,true,217.0,180.0,217.0,180.0,-90.0,60.0,345,345,0,TRACKING,216.0,179.0,1.414,False
SCN_011,346,11.5,TGT_001,COMMUNICATION_TARGET,true,430.0,333.0,430.0,333.0,-90.0,60.0,346,346,0,TRACKING,429.0,332.0,1.414,True
SCN_011,346,11.5,TGT_002,DECOY_TARGET,true,430.0,151.0,430.0,151.0,-90.0,0.0,173,173,0,TRACKING,429.0,150.0,1.414,False
SCN_011,346,11.5,TGT_003,DECOY_TARGET,true,214.0,181.0,214.0,181.0,-90.0,30.0,346,346,0,TRACKING,213.0,180.0,1.414,False
SCN_011,347,11.5333,TGT_001,COMMUNICATION_TARGET,true,431.0,331.0,431.0,331.0,30.0,-60.0,347,347,0,TRACKING,430.0,330.0,1.414,True
SCN_011,347,11.5333,TGT_002,DECOY_TARGET,true,431.0,149.0,431.0,149.0,30.0,-60.0,174,174,0,TRACKING,430.0,148.0,1.414,False
SCN_011,347,11.5333,TGT_003,DECOY_TARGET,true,214.0,178.0,214.0,178.0,0.0,-90.0,347,347,0,TRACKING,213.0,177.0,1.414,False
SCN_011,348,11.5667,TGT_001,COMMUNICATION_TARGET,true,432.0,328.0,432.0,328.0,30.0,-90.0,348,348,0,TRACKING,431.0,327.0,1.414,True
SCN_011,348,11.5667,TGT_002,DECOY_TARGET,true,432.0,144.0,432.0,144.0,30.0,-150.0,175,175,0,TRACKING,431.0,143.0,1.414,False
SCN_011,348,11.5667,TGT_003,DECOY_TARGET,true,215.0,173.0,215.0,173.0,30.0,-150.0,348,348,0,TRACKING,214.0,172.0,1.414,False
SCN_011,349,11.6,TGT_001,COMMUNICATION_TARGET,true,433.0,325.0,433.0,325.0,30.0,-90.0,349,349,0,TRACKING,432.0,324.0,1.414,True
SCN_011,349,11.6,TGT_002,DECOY_TARGET,true,433.0,141.0,433.0,141.0,30.0,-90.0,176,176,0,TRACKING,432.0,140.0,1.414,False
SCN_011,349,11.6,TGT_003,DECOY_TARGET,true,216.0,170.0,216.0,170.0,30.0,-90.0,349,349,0,TRACKING,215.0,169.0,1.414,False
SCN_011,350,11.6333,TGT_001,COMMUNICATION_TARGET,true,435.0,324.0,435.0,324.0,60.0,-30.0,350,350,0,TRACKING,434.0,323.0,1.414,True
SCN_011,350,11.6333,TGT_002,DECOY_TARGET,true,435.0,139.0,435.0,139.0,60.0,-60.0,177,177,0,TRACKING,434.0,138.0,1.414,False
SCN_011,350,11.6333,TGT_003,DECOY_TARGET,true,217.0,167.0,217.0,167.0,30.0,-90.0,350,350,0,TRACKING,216.0,166.0,1.414,False
SCN_011,351,11.6667,TGT_001,COMMUNICATION_TARGET,true,436.0,325.0,436.0,325.0,30.0,30.0,351,351,0,TRACKING,435.0,324.0,1.414,True
SCN_011,351,11.6667,TGT_002,DECOY_TARGET,true,436.0,139.0,436.0,139.0,30.0,0.0,178,178,0,TRACKING,435.0,138.0,1.414,False
SCN_011,351,11.6667,TGT_003,DECOY_TARGET,true,218.0,167.0,218.0,167.0,30.0,0.0,351,351,0,TRACKING,217.0,166.0,1.414,False
SCN_011,352,11.7,TGT_001,COMMUNICATION_TARGET,true,439.0,326.0,439.0,326.0,90.0,30.0,352,352,0,TRACKING,438.0,325.0,1.414,True
SCN_011,352,11.7,TGT_002,DECOY_TARGET,true,439.0,139.0,439.0,139.0,90.0,0.0,179,179,0,TRACKING,438.0,138.0,1.414,False
SCN_011,352,11.7,TGT_003,DECOY_TARGET,true,220.0,168.0,220.0,168.0,60.0,30.0,352,352,0,TRACKING,219.0,167.0,1.414,False
SCN_011,353,11.7333,TGT_001,COMMUNICATION_TARGET,true,444.0,327.0,444.0,327.0,150.0,30.0,353,353,0,TRACKING,443.0,326.0,1.414,True
SCN_011,353,11.7333,TGT_002,DECOY_TARGET,true,444.0,139.0,444.0,139.0,150.0,0.0,180,180,0,TRACKING,443.0,138.0,1.414,False
SCN_011,353,11.7333,TGT_003,DECOY_TARGET,true,225.0,168.0,225.0,168.0,150.0,0.0,353,353,0,TRACKING,224.0,167.0,1.414,False
SCN_011,354,11.7667,TGT_001,COMMUNICATION_TARGET,true,447.0,328.0,447.0,328.0,90.0,30.0,354,354,0,TRACKING,446.0,327.0,1.414,True
SCN_011,354,11.7667,TGT_002,DECOY_TARGET,true,447.0,139.0,447.0,139.0,90.0,0.0,181,181,0,TRACKING,446.0,138.0,1.414,False
SCN_011,354,11.7667,TGT_003,DECOY_TARGET,true,227.0,167.0,227.0,167.0,60.0,-30.0,354,354,0,TRACKING,226.0,166.0,1.414,False
SCN_011,355,11.8,TGT_001,COMMUNICATION_TARGET,true,448.0,328.0,448.0,328.0,30.0,0.0,355,355,0,TRACKING,447.0,327.0,1.414,True
SCN_011,355,11.8,TGT_002,DECOY_TARGET,true,448.0,138.0,448.0,138.0,30.0,-30.0,182,182,0,TRACKING,447.0,137.0,1.414,False
SCN_011,355,11.8,TGT_003,DECOY_TARGET,true,229.0,166.0,229.0,166.0,60.0,-30.0,355,355,0,TRACKING,228.0,165.0,1.414,False
SCN_011,356,11.8333,TGT_001,COMMUNICATION_TARGET,true,445.0,330.0,445.0,330.0,-90.0,60.0,356,356,0,TRACKING,444.0,329.0,1.414,True
SCN_011,356,11.8333,TGT_002,DECOY_TARGET,true,445.0,139.0,445.0,139.0,-90.0,30.0,183,183,0,TRACKING,444.0,138.0,1.414,False
SCN_011,356,11.8333,TGT_003,DECOY_TARGET,true,225.0,167.0,225.0,167.0,-120.0,30.0,356,356,0,TRACKING,224.0,166.0,1.414,False
SCN_011,357,11.8667,TGT_001,COMMUNICATION_TARGET,true,441.0,334.0,441.0,334.0,-120.0,120.0,357,357,0,TRACKING,440.0,333.0,1.414,True
SCN_011,357,11.8667,TGT_002,DECOY_TARGET,true,441.0,142.0,441.0,142.0,-120.0,90.0,184,184,0,TRACKING,440.0,141.0,1.414,False
SCN_011,357,11.8667,TGT_003,DECOY_TARGET,true,220.0,170.0,220.0,170.0,-150.0,90.0,357,357,0,TRACKING,219.0,169.0,1.414,False
SCN_011,358,11.9,TGT_001,COMMUNICATION_TARGET,true,438.0,337.0,438.0,337.0,-90.0,90.0,358,358,0,TRACKING,437.0,336.0,1.414,True
SCN_011,358,11.9,TGT_002,DECOY_TARGET,true,438.0,144.0,438.0,144.0,-90.0,60.0,185,185,0,TRACKING,437.0,143.0,1.414,False
SCN_011,358,11.9,TGT_003,DECOY_TARGET,true,217.0,172.0,217.0,172.0,-90.0,60.0,358,358,0,TRACKING,216.0,171.0,1.414,False
SCN_011,359,11.9333,TGT_001,COMMUNICATION_TARGET,true,439.0,339.0,439.0,339.0,30.0,60.0,359,359,0,TRACKING,438.0,338.0,1.414,True
SCN_011,359,11.9333,TGT_002,DECOY_TARGET,true,439.0,145.0,439.0,145.0,30.0,30.0,186,186,0,TRACKING,438.0,144.0,1.414,False
SCN_011,359,11.9333,TGT_003,DECOY_TARGET,true,217.0,173.0,217.0,173.0,0.0,30.0,359,359,0,TRACKING,216.0,172.0,1.414,False
SCN_011,360,11.9667,TGT_001,COMMUNICATION_TARGET,true,444.0,339.0,444.0,339.0,150.0,0.0,360,360,0,TRACKING,443.0,338.0,1.414,True
SCN_011,360,11.9667,TGT_002,DECOY_TARGET,true,444.0,143.0,444.0,143.0,150.0,-60.0,187,187,0,TRACKING,443.0,142.0,1.414,False
SCN_011,360,11.9667,TGT_003,DECOY_TARGET,true,222.0,171.0,222.0,171.0,150.0,-60.0,360,360,0,TRACKING,221.0,170.0,1.414,False
SCN_011,361,12.0,TGT_001,COMMUNICATION_TARGET,true,451.0,335.0,451.0,335.0,210.0,-120.0,361,361,0,TRACKING,450.0,334.0,1.414,True
SCN_011,361,12.0,TGT_002,DECOY_TARGET,true,451.0,139.0,451.0,139.0,210.0,-120.0,188,188,0,TRACKING,450.0,138.0,1.414,False
SCN_011,361,12.0,TGT_003,DECOY_TARGET,true,229.0,166.0,229.0,166.0,210.0,-150.0,361,361,0,TRACKING,228.0,165.0,1.414,False
SCN_011,362,12.0333,TGT_001,COMMUNICATION_TARGET,true,454.0,332.0,454.0,332.0,90.0,-90.0,362,362,0,TRACKING,453.0,331.0,1.414,True
SCN_011,362,12.0333,TGT_002,DECOY_TARGET,true,454.0,135.0,454.0,135.0,90.0,-120.0,189,189,0,TRACKING,453.0,134.0,1.414,False
SCN_011,362,12.0333,TGT_003,DECOY_TARGET,true,232.0,162.0,232.0,162.0,90.0,-120.0,362,362,0,TRACKING,231.0,161.0,1.414,False
SCN_011,363,12.0667,TGT_001,COMMUNICATION_TARGET,true,455.0,328.0,455.0,328.0,30.0,-120.0,363,363,0,TRACKING,454.0,327.0,1.414,True
SCN_011,363,12.0667,TGT_002,DECOY_TARGET,true,455.0,130.0,455.0,130.0,30.0,-150.0,190,190,0,TRACKING,454.0,129.0,1.414,False
SCN_011,363,12.0667,TGT_003,DECOY_TARGET,true,232.0,157.0,232.0,157.0,0.0,-150.0,363,363,0,TRACKING,231.0,156.0,1.414,False
SCN_011,364,12.1,TGT_001,COMMUNICATION_TARGET,true,454.0,328.0,454.0,328.0,-30.0,0.0,364,364,0,TRACKING,453.0,327.0,1.414,True
SCN_011,364,12.1,TGT_002,DECOY_TARGET,true,454.0,129.0,454.0,129.0,-30.0,-30.0,191,191,0,TRACKING,453.0,128.0,1.414,False
SCN_011,364,12.1,TGT_003,DECOY_TARGET,true,231.0,156.0,231.0,156.0,-30.0,-30.0,364,364,0,TRACKING,230.0,155.0,1.414,False
SCN_011,365,12.1333,TGT_001,COMMUNICATION_TARGET,true,453.0,332.0,453.0,332.0,-30.0,120.0,365,365,0,TRACKING,452.0,331.0,1.414,True
SCN_011,365,12.1333,TGT_002,DECOY_TARGET,true,453.0,132.0,453.0,132.0,-30.0,90.0,192,192,0,TRACKING,452.0,131.0,1.414,False
SCN_011,365,12.1333,TGT_003,DECOY_TARGET,true,229.0,159.0,229.0,159.0,-60.0,90.0,365,365,0,TRACKING,228.0,158.0,1.414,False
SCN_011,366,12.1667,TGT_001,COMMUNICATION_TARGET,true,452.0,336.0,452.0,336.0,-30.0,120.0,366,366,0,TRACKING,451.0,335.0,1.414,True
SCN_011,366,12.1667,TGT_002,DECOY_TARGET,true,452.0,135.0,452.0,135.0,-30.0,90.0,193,193,0,TRACKING,451.0,134.0,1.414,False
SCN_011,366,12.1667,TGT_003,DECOY_TARGET,true,229.0,162.0,229.0,162.0,0.0,90.0,366,366,0,TRACKING,228.0,161.0,1.414,False
SCN_011,367,12.2,TGT_001,COMMUNICATION_TARGET,true,453.0,339.0,453.0,339.0,30.0,90.0,367,367,0,TRACKING,452.0,338.0,1.414,True
SCN_011,367,12.2,TGT_002,DECOY_TARGET,true,453.0,137.0,453.0,137.0,30.0,60.0,194,194,0,TRACKING,452.0,136.0,1.414,False
SCN_011,367,12.2,TGT_003,DECOY_TARGET,true,229.0,164.0,229.0,164.0,0.0,60.0,367,367,0,TRACKING,228.0,163.0,1.414,False
SCN_011,368,12.2333,TGT_001,COMMUNICATION_TARGET,true,453.0,341.0,453.0,341.0,0.0,60.0,368,368,0,TRACKING,452.0,340.0,1.414,True
SCN_011,368,12.2333,TGT_002,DECOY_TARGET,true,453.0,138.0,453.0,138.0,0.0,30.0,195,195,0,TRACKING,452.0,137.0,1.414,False
SCN_011,368,12.2333,TGT_003,DECOY_TARGET,true,228.0,165.0,228.0,165.0,-30.0,30.0,368,368,0,TRACKING,227.0,164.0,1.414,False
SCN_011,369,12.2667,TGT_001,COMMUNICATION_TARGET,true,451.0,341.0,451.0,341.0,-60.0,0.0,369,369,0,TRACKING,450.0,340.0,1.414,True
SCN_011,369,12.2667,TGT_002,DECOY_TARGET,true,451.0,137.0,451.0,137.0,-60.0,-30.0,196,196,0,TRACKING,450.0,136.0,1.414,False
SCN_011,369,12.2667,TGT_003,DECOY_TARGET,true,227.0,164.0,227.0,164.0,-30.0,-30.0,369,369,0,TRACKING,226.0,163.0,1.414,False
SCN_011,370,12.3,TGT_001,COMMUNICATION_TARGET,true,451.0,341.0,451.0,341.0,0.0,0.0,370,370,0,TRACKING,450.0,340.0,1.414,True
SCN_011,370,12.3,TGT_002,DECOY_TARGET,true,451.0,136.0,451.0,136.0,0.0,-30.0,197,197,0,TRACKING,450.0,135.0,1.414,False
SCN_011,370,12.3,TGT_003,DECOY_TARGET,true,226.0,162.0,226.0,162.0,-30.0,-60.0,370,370,0,TRACKING,225.0,161.0,1.414,False
SCN_011,371,12.3333,TGT_001,COMMUNICATION_TARGET,true,455.0,341.0,455.0,341.0,120.0,0.0,371,371,0,TRACKING,454.0,340.0,1.414,True
SCN_011,371,12.3333,TGT_002,DECOY_TARGET,true,455.0,135.0,455.0,135.0,120.0,-30.0,198,198,0,TRACKING,454.0,134.0,1.414,False
SCN_011,371,12.3333,TGT_003,DECOY_TARGET,true,230.0,162.0,230.0,162.0,120.0,0.0,371,371,0,TRACKING,229.0,161.0,1.414,False
SCN_011,372,12.3667,TGT_001,COMMUNICATION_TARGET,true,461.0,342.0,461.0,342.0,180.0,30.0,372,372,0,TRACKING,460.0,341.0,1.414,True
SCN_011,372,12.3667,TGT_002,DECOY_TARGET,true,461.0,135.0,461.0,135.0,180.0,0.0,199,199,0,TRACKING,460.0,134.0,1.414,False
SCN_011,372,12.3667,TGT_003,DECOY_TARGET,true,235.0,161.0,235.0,161.0,150.0,-30.0,372,372,0,TRACKING,234.0,160.0,1.414,False
SCN_011,373,12.4,TGT_001,COMMUNICATION_TARGET,true,466.0,342.0,466.0,342.0,150.0,0.0,373,373,0,TRACKING,465.0,341.0,1.414,True
SCN_011,373,12.4,TGT_002,DECOY_TARGET,true,466.0,134.0,466.0,134.0,150.0,-30.0,200,200,0,TRACKING,465.0,133.0,1.414,False
SCN_011,373,12.4,TGT_003,DECOY_TARGET,true,240.0,161.0,240.0,161.0,150.0,0.0,373,373,0,TRACKING,239.0,160.0,1.414,False
SCN_011,374,12.4333,TGT_001,COMMUNICATION_TARGET,true,468.0,341.0,468.0,341.0,60.0,-30.0,374,374,0,TRACKING,467.0,340.0,1.414,True
SCN_011,374,12.4333,TGT_002,DECOY_TARGET,true,468.0,132.0,468.0,132.0,60.0,-60.0,201,201,0,TRACKING,467.0,131.0,1.414,False
SCN_011,374,12.4333,TGT_003,DECOY_TARGET,true,242.0,159.0,242.0,159.0,60.0,-60.0,374,374,0,TRACKING,241.0,158.0,1.414,False
SCN_011,375,12.4667,TGT_001,COMMUNICATION_TARGET,true,467.0,339.0,467.0,339.0,-30.0,-60.0,375,375,0,TRACKING,466.0,338.0,1.414,True
SCN_011,375,12.4667,TGT_002,DECOY_TARGET,true,467.0,129.0,467.0,129.0,-30.0,-90.0,202,202,0,TRACKING,466.0,128.0,1.414,False
SCN_011,375,12.4667,TGT_003,DECOY_TARGET,true,240.0,156.0,240.0,156.0,-60.0,-90.0,375,375,0,TRACKING,239.0,155.0,1.414,False
SCN_011,376,12.5,TGT_001,COMMUNICATION_TARGET,true,461.0,337.0,461.0,337.0,-180.0,-60.0,376,376,0,TRACKING,460.0,336.0,1.414,True
SCN_011,376,12.5,TGT_002,DECOY_TARGET,true,461.0,126.0,461.0,126.0,-180.0,-90.0,203,203,0,TRACKING,460.0,125.0,1.414,False
SCN_011,376,12.5,TGT_003,DECOY_TARGET,true,234.0,152.0,234.0,152.0,-180.0,-120.0,376,376,0,TRACKING,233.0,151.0,1.414,False
SCN_011,377,12.5333,TGT_001,COMMUNICATION_TARGET,true,458.0,336.0,458.0,336.0,-90.0,-30.0,377,377,0,TRACKING,457.0,335.0,1.414,True
SCN_011,377,12.5333,TGT_002,DECOY_TARGET,true,458.0,124.0,458.0,124.0,-90.0,-60.0,204,204,0,TRACKING,457.0,123.0,1.414,False
SCN_011,377,12.5333,TGT_003,DECOY_TARGET,true,231.0,150.0,231.0,150.0,-90.0,-60.0,377,377,0,TRACKING,230.0,149.0,1.414,False
SCN_011,378,12.5667,TGT_001,COMMUNICATION_TARGET,true,458.0,340.0,458.0,340.0,0.0,120.0,378,378,0,TRACKING,457.0,339.0,1.414,True
SCN_011,378,12.5667,TGT_002,DECOY_TARGET,true,458.0,127.0,458.0,127.0,0.0,90.0,205,205,0,TRACKING,457.0,126.0,1.414,False
SCN_011,378,12.5667,TGT_003,DECOY_TARGET,true,230.0,153.0,230.0,153.0,-30.0,90.0,378,378,0,TRACKING,229.0,152.0,1.414,False
SCN_011,379,12.6,TGT_001,COMMUNICATION_TARGET,true,461.0,344.0,461.0,344.0,90.0,120.0,379,379,0,TRACKING,460.0,343.0,1.414,True
SCN_011,379,12.6,TGT_002,DECOY_TARGET,true,461.0,130.0,461.0,130.0,90.0,90.0,206,206,0,TRACKING,460.0,129.0,1.414,False
SCN_011,379,12.6,TGT_003,DECOY_TARGET,true,233.0,156.0,233.0,156.0,90.0,90.0,379,379,0,TRACKING,232.0,155.0,1.414,False
SCN_011,380,12.6333,TGT_001,COMMUNICATION_TARGET,true,466.0,349.0,466.0,349.0,150.0,150.0,380,380,0,TRACKING,465.0,348.0,1.414,True
SCN_011,380,12.6333,TGT_002,DECOY_TARGET,true,466.0,134.0,466.0,134.0,150.0,120.0,207,207,0,TRACKING,465.0,133.0,1.414,False
SCN_011,380,12.6333,TGT_003,DECOY_TARGET,true,238.0,160.0,238.0,160.0,150.0,120.0,380,380,0,TRACKING,237.0,159.0,1.414,False
SCN_011,381,12.6667,TGT_001,COMMUNICATION_TARGET,true,469.0,353.0,469.0,353.0,90.0,120.0,381,381,0,TRACKING,468.0,352.0,1.414,True
SCN_011,381,12.6667,TGT_002,DECOY_TARGET,true,469.0,137.0,469.0,137.0,90.0,90.0,208,208,0,TRACKING,468.0,136.0,1.414,False
SCN_011,381,12.6667,TGT_003,DECOY_TARGET,true,240.0,163.0,240.0,163.0,60.0,90.0,381,381,0,TRACKING,239.0,162.0,1.414,False
SCN_011,382,12.7,TGT_001,COMMUNICATION_TARGET,true,471.0,353.0,471.0,353.0,60.0,0.0,382,382,0,TRACKING,470.0,352.0,1.414,True
SCN_011,382,12.7,TGT_002,DECOY_TARGET,true,471.0,136.0,471.0,136.0,60.0,-30.0,209,209,0,TRACKING,470.0,135.0,1.414,False
SCN_011,382,12.7,TGT_003,DECOY_TARGET,true,243.0,162.0,243.0,162.0,90.0,-30.0,382,382,0,TRACKING,242.0,161.0,1.414,False
SCN_011,383,12.7333,TGT_001,COMMUNICATION_TARGET,true,472.0,351.0,472.0,351.0,30.0,-60.0,383,383,0,TRACKING,471.0,350.0,1.414,True
SCN_011,383,12.7333,TGT_002,DECOY_TARGET,true,472.0,133.0,472.0,133.0,30.0,-90.0,210,210,0,TRACKING,471.0,132.0,1.414,False
SCN_011,383,12.7333,TGT_003,DECOY_TARGET,true,243.0,159.0,243.0,159.0,0.0,-90.0,383,383,0,TRACKING,242.0,158.0,1.414,False
SCN_011,384,12.7667,TGT_001,COMMUNICATION_TARGET,true,473.0,348.0,473.0,348.0,30.0,-90.0,384,384,0,TRACKING,472.0,347.0,1.414,True
SCN_011,384,12.7667,TGT_002,DECOY_TARGET,true,473.0,129.0,473.0,129.0,30.0,-120.0,211,211,0,TRACKING,472.0,128.0,1.414,False
SCN_011,384,12.7667,TGT_003,DECOY_TARGET,true,244.0,155.0,244.0,155.0,30.0,-120.0,384,384,0,TRACKING,243.0,154.0,1.414,False
SCN_011,385,12.8,TGT_001,COMMUNICATION_TARGET,true,474.0,346.0,474.0,346.0,30.0,-60.0,385,385,0,TRACKING,473.0,345.0,1.414,True
SCN_011,385,12.8,TGT_002,DECOY_TARGET,true,474.0,126.0,474.0,126.0,30.0,-90.0,212,212,0,TRACKING,473.0,125.0,1.414,False
SCN_011,385,12.8,TGT_003,DECOY_TARGET,true,244.0,152.0,244.0,152.0,0.0,-90.0,385,385,0,TRACKING,243.0,151.0,1.414,False
SCN_011,386,12.8333,TGT_001,COMMUNICATION_TARGET,true,475.0,345.0,475.0,345.0,30.0,-30.0,386,386,0,TRACKING,474.0,344.0,1.414,True
SCN_011,386,12.8333,TGT_002,DECOY_TARGET,true,475.0,125.0,475.0,125.0,30.0,-30.0,213,213,0,TRACKING,474.0,124.0,1.414,False
SCN_011,386,12.8333,TGT_003,DECOY_TARGET,true,245.0,151.0,245.0,151.0,30.0,-30.0,386,386,0,TRACKING,244.0,150.0,1.414,False
SCN_011,387,12.8667,TGT_001,COMMUNICATION_TARGET,true,472.0,347.0,472.0,347.0,-90.0,60.0,387,387,0,TRACKING,471.0,346.0,1.414,True
SCN_011,387,12.8667,TGT_002,DECOY_TARGET,true,472.0,125.0,472.0,125.0,-90.0,0.0,214,214,0,TRACKING,471.0,124.0,1.414,False
SCN_011,387,12.8667,TGT_003,DECOY_TARGET,true,242.0,151.0,242.0,151.0,-90.0,0.0,387,387,0,TRACKING,241.0,150.0,1.414,False
SCN_011,388,12.9,TGT_001,COMMUNICATION_TARGET,true,469.0,348.0,469.0,348.0,-90.0,30.0,388,388,0,TRACKING,468.0,347.0,1.414,True
SCN_011,388,12.9,TGT_002,DECOY_TARGET,true,469.0,125.0,469.0,125.0,-90.0,0.0,215,215,0,TRACKING,468.0,124.0,1.414,False
SCN_011,388,12.9,TGT_003,DECOY_TARGET,true,239.0,151.0,239.0,151.0,-90.0,0.0,388,388,0,TRACKING,238.0,150.0,1.414,False
SCN_011,389,12.9333,TGT_001,COMMUNICATION_TARGET,true,468.0,349.0,468.0,349.0,-30.0,30.0,389,389,0,TRACKING,467.0,348.0,1.414,True
SCN_011,389,12.9333,TGT_002,DECOY_TARGET,true,468.0,125.0,468.0,125.0,-30.0,0.0,216,216,0,TRACKING,467.0,124.0,1.414,False
SCN_011,389,12.9333,TGT_003,DECOY_TARGET,true,237.0,151.0,237.0,151.0,-60.0,0.0,389,389,0,TRACKING,236.0,150.0,1.414,False
SCN_011,390,12.9667,TGT_001,COMMUNICATION_TARGET,true,470.0,350.0,470.0,350.0,60.0,30.0,390,390,0,TRACKING,469.0,349.0,1.414,True
SCN_011,390,12.9667,TGT_002,DECOY_TARGET,true,470.0,125.0,470.0,125.0,60.0,0.0,217,217,0,TRACKING,469.0,124.0,1.414,False
SCN_011,390,12.9667,TGT_003,DECOY_TARGET,true,239.0,151.0,239.0,151.0,60.0,0.0,390,390,0,TRACKING,238.0,150.0,1.414,False
SCN_011,391,13.0,TGT_001,COMMUNICATION_TARGET,true,475.0,350.0,475.0,350.0,150.0,0.0,391,391,0,TRACKING,474.0,349.0,1.414,True
SCN_011,391,13.0,TGT_002,DECOY_TARGET,true,475.0,124.0,475.0,124.0,150.0,-30.0,218,218,0,TRACKING,474.0,123.0,1.414,False
SCN_011,391,13.0,TGT_003,DECOY_TARGET,true,244.0,150.0,244.0,150.0,150.0,-30.0,391,391,0,TRACKING,243.0,149.0,1.414,False
SCN_011,392,13.0333,TGT_001,COMMUNICATION_TARGET,true,482.0,353.0,482.0,353.0,210.0,90.0,392,392,0,TRACKING,481.0,352.0,1.414,True
SCN_011,392,13.0333,TGT_002,DECOY_TARGET,true,482.0,126.0,482.0,126.0,210.0,60.0,219,219,0,TRACKING,481.0,125.0,1.414,False
SCN_011,392,13.0333,TGT_003,DECOY_TARGET,true,250.0,152.0,250.0,152.0,180.0,60.0,392,392,0,TRACKING,249.0,151.0,1.414,False
SCN_011,393,13.0667,TGT_001,COMMUNICATION_TARGET,true,486.0,357.0,486.0,357.0,120.0,120.0,393,393,0,TRACKING,485.0,356.0,1.414,True
SCN_011,393,13.0667,TGT_002,DECOY_TARGET,true,486.0,129.0,486.0,129.0,120.0,90.0,220,220,0,TRACKING,485.0,128.0,1.414,False
SCN_011,393,13.0667,TGT_003,DECOY_TARGET,true,254.0,155.0,254.0,155.0,120.0,90.0,393,393,0,TRACKING,253.0,154.0,1.414,False
SCN_011,394,13.1,TGT_001,COMMUNICATION_TARGET,true,486.0,360.0,486.0,360.0,0.0,90.0,394,394,0,TRACKING,485.0,359.0,1.414,True
SCN_011,394,13.1,TGT_002,DECOY_TARGET,true,486.0,131.0,486.0,131.0,0.0,60.0,221,221,0,TRACKING,485.0,130.0,1.414,False
SCN_011,394,13.1,TGT_003,DECOY_TARGET,true,254.0,157.0,254.0,157.0,0.0,60.0,394,394,0,TRACKING,253.0,156.0,1.414,False
SCN_011,395,13.1333,TGT_001,COMMUNICATION_TARGET,true,482.0,361.0,482.0,361.0,-120.0,30.0,395,395,0,TRACKING,481.0,360.0,1.414,True
SCN_011,395,13.1333,TGT_002,DECOY_TARGET,true,482.0,132.0,482.0,132.0,-120.0,30.0,222,222,0,TRACKING,481.0,131.0,1.414,False
SCN_011,395,13.1333,TGT_003,DECOY_TARGET,true,249.0,157.0,249.0,157.0,-150.0,0.0,395,395,0,TRACKING,248.0,156.0,1.414,False
SCN_011,396,13.1667,TGT_001,COMMUNICATION_TARGET,true,478.0,360.0,478.0,360.0,-120.0,-30.0,396,396,0,TRACKING,477.0,359.0,1.414,True
SCN_011,396,13.1667,TGT_002,DECOY_TARGET,true,478.0,129.0,478.0,129.0,-120.0,-90.0,223,223,0,TRACKING,477.0,128.0,1.414,False
SCN_011,396,13.1667,TGT_003,DECOY_TARGET,true,245.0,155.0,245.0,155.0,-120.0,-60.0,396,396,0,TRACKING,244.0,154.0,1.414,False
SCN_011,397,13.2,TGT_001,COMMUNICATION_TARGET,true,476.0,356.0,476.0,356.0,-60.0,-120.0,397,397,0,TRACKING,475.0,355.0,1.414,True
SCN_011,397,13.2,TGT_002,DECOY_TARGET,true,476.0,125.0,476.0,125.0,-60.0,-120.0,224,224,0,TRACKING,475.0,124.0,1.414,False
SCN_011,397,13.2,TGT_003,DECOY_TARGET,true,243.0,150.0,243.0,150.0,-60.0,-150.0,397,397,0,TRACKING,242.0,149.0,1.414,False
SCN_011,398,13.2333,TGT_001,COMMUNICATION_TARGET,true,477.0,352.0,477.0,352.0,30.0,-120.0,398,398,0,TRACKING,476.0,351.0,1.414,True
SCN_011,398,13.2333,TGT_002,DECOY_TARGET,true,477.0,120.0,477.0,120.0,30.0,-150.0,225,225,0,TRACKING,476.0,119.0,1.414,False
SCN_011,398,13.2333,TGT_003,DECOY_TARGET,true,244.0,145.0,244.0,145.0,30.0,-150.0,398,398,0,TRACKING,243.0,144.0,1.414,False
SCN_011,399,13.2667,TGT_001,COMMUNICATION_TARGET,true,481.0,349.0,481.0,349.0,120.0,-90.0,399,399,0,TRACKING,480.0,348.0,1.414,True
SCN_011,399,13.2667,TGT_002,DECOY_TARGET,true,481.0,116.0,481.0,116.0,120.0,-120.0,226,226,0,TRACKING,480.0,115.0,1.414,False
SCN_011,399,13.2667,TGT_003,DECOY_TARGET,true,247.0,142.0,247.0,142.0,90.0,-90.0,399,399,0,TRACKING,246.0,141.0,1.414,False
SCN_011,400,13.3,TGT_001,COMMUNICATION_TARGET,true,483.0,351.0,483.0,351.0,60.0,60.0,400,400,0,TRACKING,482.0,350.0,1.414,True
SCN_011,400,13.3,TGT_002,DECOY_TARGET,true,483.0,116.0,483.0,116.0,60.0,0.0,227,227,0,TRACKING,482.0,115.0,1.414,False
SCN_011,400,13.3,TGT_003,DECOY_TARGET,true,249.0,142.0,249.0,142.0,60.0,0.0,400,400,0,TRACKING,248.0,141.0,1.414,False
SCN_011,401,13.3333,TGT_001,COMMUNICATION_TARGET,true,484.0,356.0,484.0,356.0,30.0,150.0,401,401,0,TRACKING,483.0,355.0,1.414,True
SCN_011,401,13.3333,TGT_002,DECOY_TARGET,true,484.0,120.0,484.0,120.0,30.0,120.0,228,228,0,TRACKING,483.0,119.0,1.414,False
SCN_011,401,13.3333,TGT_003,DECOY_TARGET,true,251.0,146.0,251.0,146.0,60.0,120.0,401,401,0,TRACKING,250.0,145.0,1.414,False
SCN_011,402,13.3667,TGT_001,COMMUNICATION_TARGET,true,487.0,360.0,487.0,360.0,90.0,120.0,402,402,0,TRACKING,486.0,359.0,1.414,True
SCN_011,402,13.3667,TGT_002,DECOY_TARGET,true,487.0,123.0,487.0,123.0,90.0,90.0,229,229,0,TRACKING,486.0,122.0,1.414,False
SCN_011,402,13.3667,TGT_003,DECOY_TARGET,true,253.0,149.0,253.0,149.0,60.0,90.0,402,402,0,TRACKING,252.0,148.0,1.414,False
SCN_011,403,13.4,TGT_001,COMMUNICATION_TARGET,true,489.0,363.0,489.0,363.0,60.0,90.0,403,403,0,TRACKING,488.0,362.0,1.414,True
SCN_011,403,13.4,TGT_002,DECOY_TARGET,true,489.0,125.0,489.0,125.0,60.0,60.0,230,230,0,TRACKING,488.0,124.0,1.414,False
SCN_011,403,13.4,TGT_003,DECOY_TARGET,true,255.0,151.0,255.0,151.0,60.0,60.0,403,403,0,TRACKING,254.0,150.0,1.414,False
SCN_011,404,13.4333,TGT_001,COMMUNICATION_TARGET,true,492.0,365.0,492.0,365.0,90.0,60.0,404,404,0,TRACKING,491.0,364.0,1.414,True
SCN_011,404,13.4333,TGT_002,DECOY_TARGET,true,492.0,126.0,492.0,126.0,90.0,30.0,231,231,0,TRACKING,491.0,125.0,1.414,False
SCN_011,404,13.4333,TGT_003,DECOY_TARGET,true,258.0,152.0,258.0,152.0,90.0,30.0,404,404,0,TRACKING,257.0,151.0,1.414,False
SCN_011,405,13.4667,TGT_001,COMMUNICATION_TARGET,true,492.0,364.0,492.0,364.0,0.0,-30.0,405,405,0,TRACKING,491.0,363.0,1.414,True
SCN_011,405,13.4667,TGT_002,DECOY_TARGET,true,492.0,125.0,492.0,125.0,0.0,-30.0,232,232,0,TRACKING,491.0,124.0,1.414,False
SCN_011,405,13.4667,TGT_003,DECOY_TARGET,true,258.0,151.0,258.0,151.0,0.0,-30.0,405,405,0,TRACKING,257.0,150.0,1.414,False
SCN_011,406,13.5,TGT_001,COMMUNICATION_TARGET,true,490.0,364.0,490.0,364.0,-60.0,0.0,406,406,0,TRACKING,489.0,363.0,1.414,True
SCN_011,406,13.5,TGT_002,DECOY_TARGET,true,490.0,123.0,490.0,123.0,-60.0,-60.0,233,233,0,TRACKING,489.0,122.0,1.414,False
SCN_011,406,13.5,TGT_003,DECOY_TARGET,true,256.0,149.0,256.0,149.0,-60.0,-60.0,406,406,0,TRACKING,255.0,148.0,1.414,False
SCN_011,407,13.5333,TGT_001,COMMUNICATION_TARGET,true,486.0,364.0,486.0,364.0,-120.0,0.0,407,407,0,TRACKING,485.0,363.0,1.414,True
SCN_011,407,13.5333,TGT_002,DECOY_TARGET,true,486.0,123.0,486.0,123.0,-120.0,0.0,234,234,0,TRACKING,485.0,122.0,1.414,False
SCN_011,407,13.5333,TGT_003,DECOY_TARGET,true,251.0,149.0,251.0,149.0,-150.0,0.0,407,407,0,TRACKING,250.0,148.0,1.414,False
SCN_011,408,13.5667,TGT_001,COMMUNICATION_TARGET,true,483.0,366.0,483.0,366.0,-90.0,60.0,408,408,0,TRACKING,482.0,365.0,1.414,True
SCN_011,408,13.5667,TGT_002,DECOY_TARGET,true,483.0,124.0,483.0,124.0,-90.0,30.0,235,235,0,TRACKING,482.0,123.0,1.414,False
SCN_011,408,13.5667,TGT_003,DECOY_TARGET,true,248.0,150.0,248.0,150.0,-90.0,30.0,408,408,0,TRACKING,247.0,149.0,1.414,False
SCN_011,409,13.6,TGT_001,COMMUNICATION_TARGET,true,483.0,366.0,483.0,366.0,0.0,0.0,409,409,0,TRACKING,482.0,365.0,1.414,True
SCN_011,409,13.6,TGT_002,DECOY_TARGET,true,483.0,122.0,483.0,122.0,0.0,-60.0,236,236,0,TRACKING,482.0,121.0,1.414,False
SCN_011,409,13.6,TGT_003,DECOY_TARGET,true,248.0,148.0,248.0,148.0,0.0,-60.0,409,409,0,TRACKING,247.0,147.0,1.414,False
SCN_011,410,13.6333,TGT_001,COMMUNICATION_TARGET,true,487.0,365.0,487.0,365.0,120.0,-30.0,410,410,0,TRACKING,486.0,364.0,1.414,True
SCN_011,410,13.6333,TGT_002,DECOY_TARGET,true,487.0,120.0,487.0,120.0,120.0,-60.0,237,237,0,TRACKING,486.0,119.0,1.414,False
SCN_011,410,13.6333,TGT_003,DECOY_TARGET,true,251.0,147.0,251.0,147.0,90.0,-30.0,410,410,0,TRACKING,250.0,146.0,1.414,False
SCN_011,411,13.6667,TGT_001,COMMUNICATION_TARGET,true,494.0,362.0,494.0,362.0,210.0,-90.0,411,411,0,TRACKING,493.0,361.0,1.414,True
SCN_011,411,13.6667,TGT_002,DECOY_TARGET,true,494.0,116.0,494.0,116.0,210.0,-120.0,238,238,0,TRACKING,493.0,115.0,1.414,False
SCN_011,411,13.6667,TGT_003,DECOY_TARGET,true,258.0,143.0,258.0,143.0,210.0,-120.0,411,411,0,TRACKING,257.0,142.0,1.414,False
SCN_011,412,13.7,TGT_001,COMMUNICATION_TARGET,true,498.0,360.0,498.0,360.0,120.0,-60.0,412,412,0,TRACKING,497.0,359.0,1.414,True
SCN_011,412,13.7,TGT_002,DECOY_TARGET,true,498.0,113.0,498.0,113.0,120.0,-90.0,239,239,0,TRACKING,497.0,112.0,1.414,False
SCN_011,412,13.7,TGT_003,DECOY_TARGET,true,262.0,140.0,262.0,140.0,120.0,-90.0,412,412,0,TRACKING,261.0,139.0,1.414,False
SCN_011,413,13.7333,TGT_001,COMMUNICATION_TARGET,true,501.0,360.0,501.0,360.0,90.0,0.0,413,413,0,TRACKING,500.0,359.0,1.414,True
SCN_011,413,13.7333,TGT_002,DECOY_TARGET,true,501.0,113.0,501.0,113.0,90.0,0.0,240,240,0,TRACKING,500.0,112.0,1.414,False
SCN_011,413,13.7333,TGT_003,DECOY_TARGET,true,264.0,139.0,264.0,139.0,60.0,-30.0,413,413,0,TRACKING,263.0,138.0,1.414,False
SCN_011,414,13.7667,TGT_001,COMMUNICATION_TARGET,true,499.0,365.0,499.0,365.0,-60.0,150.0,414,414,0,TRACKING,498.0,364.0,1.414,True
SCN_011,414,13.7667,TGT_002,DECOY_TARGET,true,499.0,116.0,499.0,116.0,-60.0,90.0,241,241,0,TRACKING,498.0,115.0,1.414,False
SCN_011,414,13.7667,TGT_003,DECOY_TARGET,true,262.0,143.0,262.0,143.0,-60.0,120.0,414,414,0,TRACKING,261.0,142.0,1.414,False
SCN_011,415,13.8,TGT_001,COMMUNICATION_TARGET,true,495.0,369.0,495.0,369.0,-120.0,120.0,415,415,0,TRACKING,494.0,368.0,1.414,True
SCN_011,415,13.8,TGT_002,DECOY_TARGET,true,495.0,120.0,495.0,120.0,-120.0,120.0,242,242,0,TRACKING,494.0,119.0,1.414,False
SCN_011,415,13.8,TGT_003,DECOY_TARGET,true,258.0,146.0,258.0,146.0,-120.0,90.0,415,415,0,TRACKING,257.0,145.0,1.414,False
SCN_011,416,13.8333,TGT_001,COMMUNICATION_TARGET,true,493.0,374.0,493.0,374.0,-60.0,150.0,416,416,0,TRACKING,492.0,373.0,1.414,True
SCN_011,416,13.8333,TGT_002,DECOY_TARGET,true,493.0,124.0,493.0,124.0,-60.0,120.0,243,243,0,TRACKING,492.0,123.0,1.414,False
SCN_011,416,13.8333,TGT_003,DECOY_TARGET,true,256.0,150.0,256.0,150.0,-60.0,120.0,416,416,0,TRACKING,255.0,149.0,1.414,False
SCN_011,417,13.8667,TGT_001,COMMUNICATION_TARGET,true,494.0,377.0,494.0,377.0,30.0,90.0,417,417,0,TRACKING,493.0,376.0,1.414,True
SCN_011,417,13.8667,TGT_002,DECOY_TARGET,true,494.0,125.0,494.0,125.0,30.0,30.0,244,244,0,TRACKING,493.0,124.0,1.414,False
SCN_011,417,13.8667,TGT_003,DECOY_TARGET,true,257.0,152.0,257.0,152.0,30.0,60.0,417,417,0,TRACKING,256.0,151.0,1.414,False
SCN_011,418,13.9,TGT_001,COMMUNICATION_TARGET,true,495.0,377.0,495.0,377.0,30.0,0.0,418,418,0,TRACKING,494.0,376.0,1.414,True
SCN_011,418,13.9,TGT_002,DECOY_TARGET,true,495.0,124.0,495.0,124.0,30.0,-30.0,245,245,0,TRACKING,494.0,123.0,1.414,False
SCN_011,418,13.9,TGT_003,DECOY_TARGET,true,258.0,151.0,258.0,151.0,30.0,-30.0,418,418,0,TRACKING,257.0,150.0,1.414,False
SCN_011,419,13.9333,TGT_001,COMMUNICATION_TARGET,true,495.0,374.0,495.0,374.0,0.0,-90.0,419,419,0,TRACKING,494.0,373.0,1.414,True
SCN_011,419,13.9333,TGT_002,DECOY_TARGET,true,495.0,120.0,495.0,120.0,0.0,-120.0,246,246,0,TRACKING,494.0,119.0,1.414,False
SCN_011,419,13.9333,TGT_003,DECOY_TARGET,true,258.0,147.0,258.0,147.0,0.0,-120.0,419,419,0,TRACKING,257.0,146.0,1.414,False
SCN_011,420,13.9667,TGT_001,COMMUNICATION_TARGET,true,495.0,371.0,495.0,371.0,0.0,-90.0,420,420,0,TRACKING,494.0,370.0,1.414,True
SCN_011,420,13.9667,TGT_002,DECOY_TARGET,true,495.0,116.0,495.0,116.0,0.0,-120.0,247,247,0,TRACKING,494.0,115.0,1.414,False
SCN_011,420,13.9667,TGT_003,DECOY_TARGET,true,257.0,143.0,257.0,143.0,-30.0,-120.0,420,420,0,TRACKING,256.0,142.0,1.414,False
SCN_011,421,14.0,TGT_001,COMMUNICATION_TARGET,true,497.0,369.0,497.0,369.0,60.0,-60.0,421,421,0,TRACKING,496.0,368.0,1.414,True
SCN_011,421,14.0,TGT_002,DECOY_TARGET,true,497.0,113.0,497.0,113.0,60.0,-90.0,248,248,0,TRACKING,496.0,112.0,1.414,False
SCN_011,421,14.0,TGT_003,DECOY_TARGET,true,259.0,140.0,259.0,140.0,60.0,-90.0,421,421,0,TRACKING,258.0,139.0,1.414,False
SCN_011,422,14.0333,TGT_001,COMMUNICATION_TARGET,true,500.0,369.0,500.0,369.0,90.0,0.0,422,422,0,TRACKING,499.0,368.0,1.414,True
SCN_011,422,14.0333,TGT_002,DECOY_TARGET,true,500.0,113.0,500.0,113.0,90.0,0.0,249,249,0,TRACKING,499.0,112.0,1.414,False
SCN_011,422,14.0333,TGT_003,DECOY_TARGET,true,262.0,140.0,262.0,140.0,90.0,0.0,422,422,0,TRACKING,261.0,139.0,1.414,False
SCN_011,423,14.0667,TGT_001,COMMUNICATION_TARGET,true,505.0,370.0,505.0,370.0,150.0,30.0,423,423,0,TRACKING,504.0,369.0,1.414,True
SCN_011,423,14.0667,TGT_002,DECOY_TARGET,true,505.0,113.0,505.0,113.0,150.0,0.0,250,250,0,TRACKING,504.0,112.0,1.414,False
SCN_011,423,14.0667,TGT_003,DECOY_TARGET,true,267.0,140.0,267.0,140.0,150.0,0.0,423,423,0,TRACKING,266.0,139.0,1.414,False
SCN_011,424,14.1,TGT_001,COMMUNICATION_TARGET,true,508.0,372.0,508.0,372.0,90.0,60.0,424,424,0,TRACKING,507.0,371.0,1.414,True
SCN_011,424,14.1,TGT_002,DECOY_TARGET,true,508.0,113.0,508.0,113.0,90.0,0.0,251,251,0,TRACKING,507.0,112.0,1.414,False
SCN_011,424,14.1,TGT_003,DECOY_TARGET,true,270.0,141.0,270.0,141.0,90.0,30.0,424,424,0,TRACKING,269.0,140.0,1.414,False
SCN_011,425,14.1333,TGT_001,COMMUNICATION_TARGET,true,508.0,373.0,508.0,373.0,0.0,30.0,425,425,0,TRACKING,507.0,372.0,1.414,True
SCN_011,425,14.1333,TGT_002,DECOY_TARGET,true,508.0,114.0,508.0,114.0,0.0,30.0,252,252,0,TRACKING,507.0,113.0,1.414,False
SCN_011,425,14.1333,TGT_003,DECOY_TARGET,true,269.0,141.0,269.0,141.0,-30.0,0.0,425,425,0,TRACKING,268.0,140.0,1.414,False
SCN_011,426,14.1667,TGT_001,COMMUNICATION_TARGET,true,503.0,374.0,503.0,374.0,-150.0,30.0,426,426,0,TRACKING,502.0,373.0,1.414,True
SCN_011,426,14.1667,TGT_002,DECOY_TARGET,true,503.0,114.0,503.0,114.0,-150.0,0.0,253,253,0,TRACKING,502.0,113.0,1.414,False
SCN_011,426,14.1667,TGT_003,DECOY_TARGET,true,264.0,142.0,264.0,142.0,-150.0,30.0,426,426,0,TRACKING,263.0,141.0,1.414,False
SCN_011,427,14.2,TGT_001,COMMUNICATION_TARGET,true,498.0,375.0,498.0,375.0,-150.0,30.0,427,427,0,TRACKING,497.0,374.0,1.414,True
SCN_011,427,14.2,TGT_002,DECOY_TARGET,true,498.0,113.0,498.0,113.0,-150.0,-30.0,254,254,0,TRACKING,497.0,112.0,1.414,False
SCN_011,427,14.2,TGT_003,DECOY_TARGET,true,259.0,141.0,259.0,141.0,-150.0,-30.0,427,427,0,TRACKING,258.0,140.0,1.414,False
SCN_011,428,14.2333,TGT_001,COMMUNICATION_TARGET,true,496.0,377.0,496.0,377.0,-60.0,60.0,428,428,0,TRACKING,495.0,376.0,1.414,True
SCN_011,428,14.2333,TGT_002,DECOY_TARGET,true,496.0,115.0,496.0,115.0,-60.0,60.0,255,255,0,TRACKING,495.0,114.0,1.414,False
SCN_011,428,14.2333,TGT_003,DECOY_TARGET,true,257.0,143.0,257.0,143.0,-60.0,60.0,428,428,0,TRACKING,256.0,142.0,1.414,False
SCN_011,429,14.2667,TGT_001,COMMUNICATION_TARGET,true,498.0,381.0,498.0,381.0,60.0,120.0,429,429,0,TRACKING,497.0,380.0,1.414,True
SCN_011,429,14.2667,TGT_002,DECOY_TARGET,true,498.0,118.0,498.0,118.0,60.0,90.0,256,256,0,TRACKING,497.0,117.0,1.414,False
SCN_011,429,14.2667,TGT_003,DECOY_TARGET,true,258.0,145.0,258.0,145.0,30.0,60.0,429,429,0,TRACKING,257.0,144.0,1.414,False
SCN_011,430,14.3,TGT_001,COMMUNICATION_TARGET,true,503.0,383.0,503.0,383.0,150.0,60.0,430,430,0,TRACKING,502.0,382.0,1.414,True
SCN_011,430,14.3,TGT_002,DECOY_TARGET,true,503.0,119.0,503.0,119.0,150.0,30.0,257,257,0,TRACKING,502.0,118.0,1.414,False
SCN_011,430,14.3,TGT_003,DECOY_TARGET,true,264.0,147.0,264.0,147.0,180.0,60.0,430,430,0,TRACKING,263.0,146.0,1.414,False
SCN_011,431,14.3333,TGT_001,COMMUNICATION_TARGET,true,508.0,384.0,508.0,384.0,150.0,30.0,431,431,0,TRACKING,507.0,383.0,1.414,True
SCN_011,431,14.3333,TGT_002,DECOY_TARGET,true,508.0,119.0,508.0,119.0,150.0,0.0,258,258,0,TRACKING,507.0,118.0,1.414,False
SCN_011,431,14.3333,TGT_003,DECOY_TARGET,true,269.0,147.0,269.0,147.0,150.0,0.0,431,431,0,TRACKING,268.0,146.0,1.414,False
SCN_011,432,14.3667,TGT_001,COMMUNICATION_TARGET,true,510.0,382.0,510.0,382.0,60.0,-60.0,432,432,0,TRACKING,509.0,381.0,1.414,True
SCN_011,432,14.3667,TGT_002,DECOY_TARGET,true,510.0,116.0,510.0,116.0,60.0,-90.0,259,259,0,TRACKING,509.0,115.0,1.414,False
SCN_011,432,14.3667,TGT_003,DECOY_TARGET,true,271.0,144.0,271.0,144.0,60.0,-90.0,432,432,0,TRACKING,270.0,143.0,1.414,False
SCN_011,433,14.4,TGT_001,COMMUNICATION_TARGET,true,510.0,378.0,510.0,378.0,0.0,-120.0,433,433,0,TRACKING,509.0,377.0,1.414,True
SCN_011,433,14.4,TGT_002,DECOY_TARGET,true,510.0,111.0,510.0,111.0,0.0,-150.0,260,260,0,TRACKING,509.0,110.0,1.414,False
SCN_011,433,14.4,TGT_003,DECOY_TARGET,true,270.0,140.0,270.0,140.0,-30.0,-120.0,433,433,0,TRACKING,269.0,139.0,1.414,False
SCN_011,434,14.4333,TGT_001,COMMUNICATION_TARGET,true,509.0,374.0,509.0,374.0,-30.0,-120.0,434,434,0,TRACKING,508.0,373.0,1.414,True
SCN_011,434,14.4333,TGT_002,DECOY_TARGET,true,509.0,106.0,509.0,106.0,-30.0,-150.0,261,261,0,TRACKING,508.0,105.0,1.414,False
SCN_011,434,14.4333,TGT_003,DECOY_TARGET,true,269.0,135.0,269.0,135.0,-30.0,-150.0,434,434,0,TRACKING,268.0,134.0,1.414,False
SCN_011,435,14.4667,TGT_001,COMMUNICATION_TARGET,true,509.0,373.0,509.0,373.0,0.0,-30.0,435,435,0,TRACKING,508.0,372.0,1.414,True
SCN_011,435,14.4667,TGT_002,DECOY_TARGET,true,509.0,104.0,509.0,104.0,0.0,-60.0,262,262,0,TRACKING,508.0,103.0,1.414,False
SCN_011,435,14.4667,TGT_003,DECOY_TARGET,true,269.0,133.0,269.0,133.0,0.0,-60.0,435,435,0,TRACKING,268.0,132.0,1.414,False
SCN_011,436,14.5,TGT_001,COMMUNICATION_TARGET,true,509.0,376.0,509.0,376.0,0.0,90.0,436,436,0,TRACKING,508.0,375.0,1.414,True
SCN_011,436,14.5,TGT_002,DECOY_TARGET,true,509.0,106.0,509.0,106.0,0.0,60.0,263,263,0,TRACKING,508.0,105.0,1.414,False
SCN_011,436,14.5,TGT_003,DECOY_TARGET,true,269.0,134.0,269.0,134.0,0.0,30.0,436,436,0,TRACKING,268.0,133.0,1.414,False
SCN_011,437,14.5333,TGT_001,COMMUNICATION_TARGET,true,508.0,380.0,508.0,380.0,-30.0,120.0,437,437,0,TRACKING,507.0,379.0,1.414,True
SCN_011,437,14.5333,TGT_002,DECOY_TARGET,true,508.0,108.0,508.0,108.0,-30.0,60.0,264,264,0,TRACKING,507.0,107.0,1.414,False
SCN_011,437,14.5333,TGT_003,DECOY_TARGET,true,268.0,138.0,268.0,138.0,-30.0,120.0,437,437,0,TRACKING,267.0,137.0,1.414,False
SCN_011,438,14.5667,TGT_001,COMMUNICATION_TARGET,true,507.0,384.0,507.0,384.0,-30.0,120.0,438,438,0,TRACKING,506.0,383.0,1.414,True
SCN_011,438,14.5667,TGT_002,DECOY_TARGET,true,507.0,112.0,507.0,112.0,-30.0,120.0,265,265,0,TRACKING,506.0,111.0,1.414,False
SCN_011,438,14.5667,TGT_003,DECOY_TARGET,true,267.0,141.0,267.0,141.0,-30.0,90.0,438,438,0,TRACKING,266.0,140.0,1.414,False
SCN_011,439,14.6,TGT_001,COMMUNICATION_TARGET,true,505.0,387.0,505.0,387.0,-60.0,90.0,439,439,0,TRACKING,504.0,386.0,1.414,True
SCN_011,439,14.6,TGT_002,DECOY_TARGET,true,505.0,113.0,505.0,113.0,-60.0,30.0,266,266,0,TRACKING,504.0,112.0,1.414,False
SCN_011,439,14.6,TGT_003,DECOY_TARGET,true,264.0,143.0,264.0,143.0,-90.0,60.0,439,439,0,TRACKING,263.0,142.0,1.414,False
SCN_011,440,14.6333,TGT_001,COMMUNICATION_TARGET,true,506.0,388.0,506.0,388.0,30.0,30.0,440,440,0,TRACKING,505.0,387.0,1.414,True
SCN_011,440,14.6333,TGT_002,DECOY_TARGET,true,506.0,113.0,506.0,113.0,30.0,0.0,267,267,0,TRACKING,505.0,112.0,1.414,False
SCN_011,440,14.6333,TGT_003,DECOY_TARGET,true,265.0,143.0,265.0,143.0,30.0,0.0,440,440,0,TRACKING,264.0,142.0,1.414,False
SCN_011,441,14.6667,TGT_001,COMMUNICATION_TARGET,true,509.0,387.0,509.0,387.0,90.0,-30.0,441,441,0,TRACKING,508.0,386.0,1.414,True
SCN_011,441,14.6667,TGT_002,DECOY_TARGET,true,509.0,112.0,509.0,112.0,90.0,-30.0,268,268,0,TRACKING,508.0,111.0,1.414,False
SCN_011,441,14.6667,TGT_003,DECOY_TARGET,true,268.0,142.0,268.0,142.0,90.0,-30.0,441,441,0,TRACKING,267.0,141.0,1.414,False
SCN_011,442,14.7,TGT_001,COMMUNICATION_TARGET,true,515.0,387.0,515.0,387.0,180.0,0.0,442,442,0,TRACKING,514.0,386.0,1.414,True
SCN_011,442,14.7,TGT_002,DECOY_TARGET,true,515.0,111.0,515.0,111.0,180.0,-30.0,269,269,0,TRACKING,514.0,110.0,1.414,False
SCN_011,442,14.7,TGT_003,DECOY_TARGET,true,274.0,141.0,274.0,141.0,180.0,-30.0,442,442,0,TRACKING,273.0,140.0,1.414,False
SCN_011,443,14.7333,TGT_001,COMMUNICATION_TARGET,true,519.0,388.0,519.0,388.0,120.0,30.0,443,443,0,TRACKING,518.0,387.0,1.414,True
SCN_011,443,14.7333,TGT_002,DECOY_TARGET,true,519.0,111.0,519.0,111.0,120.0,0.0,270,270,0,TRACKING,518.0,110.0,1.414,False
SCN_011,443,14.7333,TGT_003,DECOY_TARGET,true,278.0,141.0,278.0,141.0,120.0,0.0,443,443,0,TRACKING,277.0,140.0,1.414,False
SCN_011,444,14.7667,TGT_001,COMMUNICATION_TARGET,true,520.0,388.0,520.0,388.0,30.0,0.0,444,444,0,TRACKING,519.0,387.0,1.414,True
SCN_011,444,14.7667,TGT_002,DECOY_TARGET,true,520.0,110.0,520.0,110.0,30.0,-30.0,271,271,0,TRACKING,519.0,109.0,1.414,False
SCN_011,444,14.7667,TGT_003,DECOY_TARGET,true,279.0,140.0,279.0,140.0,30.0,-30.0,444,444,0,TRACKING,278.0,139.0,1.414,False
SCN_011,445,14.8,TGT_001,COMMUNICATION_TARGET,true,517.0,388.0,517.0,388.0,-90.0,0.0,445,445,0,TRACKING,516.0,387.0,1.414,True
SCN_011,445,14.8,TGT_002,DECOY_TARGET,true,517.0,108.0,517.0,108.0,-90.0,-60.0,272,272,0,TRACKING,516.0,107.0,1.414,False
SCN_011,445,14.8,TGT_003,DECOY_TARGET,true,275.0,139.0,275.0,139.0,-120.0,-30.0,445,445,0,TRACKING,274.0,138.0,1.414,False
SCN_011,446,14.8333,TGT_001,COMMUNICATION_TARGET,true,513.0,386.0,513.0,386.0,-120.0,-60.0,446,446,0,TRACKING,512.0,385.0,1.414,True
SCN_011,446,14.8333,TGT_002,DECOY_TARGET,true,513.0,105.0,513.0,105.0,-120.0,-90.0,273,273,0,TRACKING,512.0,104.0,1.414,False
SCN_011,446,14.8333,TGT_003,DECOY_TARGET,true,271.0,136.0,271.0,136.0,-120.0,-90.0,446,446,0,TRACKING,270.0,135.0,1.414,False
SCN_011,447,14.8667,TGT_001,COMMUNICATION_TARGET,true,509.0,383.0,509.0,383.0,-120.0,-90.0,447,447,0,TRACKING,508.0,382.0,1.414,True
SCN_011,447,14.8667,TGT_002,DECOY_TARGET,true,509.0,102.0,509.0,102.0,-120.0,-90.0,274,274,0,TRACKING,508.0,101.0,1.414,False
SCN_011,447,14.8667,TGT_003,DECOY_TARGET,true,267.0,133.0,267.0,133.0,-120.0,-90.0,447,447,0,TRACKING,266.0,132.0,1.414,False
SCN_011,448,14.9,TGT_001,COMMUNICATION_TARGET,true,509.0,380.0,509.0,380.0,0.0,-90.0,448,448,0,TRACKING,508.0,379.0,1.414,True
SCN_011,448,14.9,TGT_002,DECOY_TARGET,true,509.0,98.0,509.0,98.0,0.0,-120.0,275,275,0,TRACKING,508.0,97.0,1.414,False
SCN_011,448,14.9,TGT_003,DECOY_TARGET,true,268.0,129.0,268.0,129.0,30.0,-120.0,448,448,0,TRACKING,267.0,128.0,1.414,False
SCN_011,449,14.9333,TGT_001,COMMUNICATION_TARGET,true,513.0,383.0,513.0,383.0,120.0,90.0,449,449,0,TRACKING,512.0,382.0,1.414,True
SCN_011,449,14.9333,TGT_002,DECOY_TARGET,true,513.0,100.0,513.0,100.0,120.0,60.0,276,276,0,TRACKING,512.0,99.0,1.414,False
SCN_011,449,14.9333,TGT_003,DECOY_TARGET,true,271.0,131.0,271.0,131.0,90.0,60.0,449,449,0,TRACKING,270.0,130.0,1.414,False
SCN_011,450,14.9667,TGT_001,COMMUNICATION_TARGET,true,516.0,387.0,516.0,387.0,90.0,120.0,450,450,0,TRACKING,515.0,386.0,1.414,True
SCN_011,450,14.9667,TGT_002,DECOY_TARGET,true,516.0,103.0,516.0,103.0,90.0,90.0,277,277,0,TRACKING,515.0,102.0,1.414,False
SCN_011,450,14.9667,TGT_003,DECOY_TARGET,true,274.0,134.0,274.0,134.0,90.0,90.0,450,450,0,TRACKING,273.0,133.0,1.414,False
SCN_011,451,15.0,TGT_001,COMMUNICATION_TARGET,true,519.0,391.0,519.0,391.0,90.0,120.0,451,451,0,TRACKING,518.0,390.0,1.414,True
SCN_011,451,15.0,TGT_002,DECOY_TARGET,true,519.0,106.0,519.0,106.0,90.0,90.0,278,278,0,TRACKING,518.0,105.0,1.414,False
SCN_011,451,15.0,TGT_003,DECOY_TARGET,true,277.0,138.0,277.0,138.0,90.0,120.0,451,451,0,TRACKING,276.0,137.0,1.414,False
SCN_011,452,15.0333,TGT_001,COMMUNICATION_TARGET,true,519.0,396.0,519.0,396.0,0.0,150.0,452,452,0,TRACKING,518.0,395.0,1.414,True
SCN_011,452,15.0333,TGT_002,DECOY_TARGET,true,519.0,110.0,519.0,110.0,0.0,120.0,279,279,0,TRACKING,518.0,109.0,1.414,False
SCN_011,452,15.0333,TGT_003,DECOY_TARGET,true,277.0,142.0,277.0,142.0,0.0,120.0,452,452,0,TRACKING,276.0,141.0,1.414,False
SCN_011,453,15.0667,TGT_001,COMMUNICATION_TARGET,true,521.0,398.0,521.0,398.0,60.0,60.0,453,453,0,TRACKING,520.0,397.0,1.414,True
SCN_011,453,15.0667,TGT_002,DECOY_TARGET,true,521.0,111.0,521.0,111.0,60.0,30.0,280,280,0,TRACKING,520.0,110.0,1.414,False
SCN_011,453,15.0667,TGT_003,DECOY_TARGET,true,279.0,143.0,279.0,143.0,60.0,30.0,453,453,0,TRACKING,278.0,142.0,1.414,False
SCN_011,454,15.1,TGT_001,COMMUNICATION_TARGET,true,522.0,396.0,522.0,396.0,30.0,-60.0,454,454,0,TRACKING,521.0,395.0,1.414,True
SCN_011,454,15.1,TGT_002,DECOY_TARGET,true,522.0,108.0,522.0,108.0,30.0,-90.0,281,281,0,TRACKING,521.0,107.0,1.414,False
SCN_011,454,15.1,TGT_003,DECOY_TARGET,true,280.0,141.0,280.0,141.0,30.0,-60.0,454,454,0,TRACKING,279.0,140.0,1.414,False
SCN_011,455,15.1333,TGT_001,COMMUNICATION_TARGET,true,523.0,393.0,523.0,393.0,30.0,-90.0,455,455,0,TRACKING,522.0,392.0,1.414,True
SCN_011,455,15.1333,TGT_002,DECOY_TARGET,true,523.0,104.0,523.0,104.0,30.0,-120.0,282,282,0,TRACKING,522.0,103.0,1.414,False
SCN_011,455,15.1333,TGT_003,DECOY_TARGET,true,281.0,137.0,281.0,137.0,30.0,-120.0,455,455,0,TRACKING,280.0,136.0,1.414,False
SCN_011,456,15.1667,TGT_001,COMMUNICATION_TARGET,true,522.0,390.0,522.0,390.0,-30.0,-90.0,456,456,0,TRACKING,521.0,389.0,1.414,True
SCN_011,456,15.1667,TGT_002,DECOY_TARGET,true,522.0,100.0,522.0,100.0,-30.0,-120.0,283,283,0,TRACKING,521.0,99.0,1.414,False
SCN_011,456,15.1667,TGT_003,DECOY_TARGET,true,280.0,133.0,280.0,133.0,-30.0,-120.0,456,456,0,TRACKING,279.0,132.0,1.414,False
SCN_011,457,15.2,TGT_001,COMMUNICATION_TARGET,true,519.0,389.0,519.0,389.0,-90.0,-30.0,457,457,0,TRACKING,518.0,388.0,1.414,True
SCN_011,457,15.2,TGT_002,DECOY_TARGET,true,519.0,98.0,519.0,98.0,-90.0,-60.0,284,284,0,TRACKING,518.0,97.0,1.414,False
SCN_011,457,15.2,TGT_003,DECOY_TARGET,true,277.0,131.0,277.0,131.0,-90.0,-60.0,457,457,0,TRACKING,276.0,130.0,1.414,False
SCN_011,458,15.2333,TGT_001,COMMUNICATION_TARGET,true,516.0,389.0,516.0,389.0,-90.0,0.0,458,458,0,TRACKING,515.0,388.0,1.414,True
SCN_011,458,15.2333,TGT_002,DECOY_TARGET,true,516.0,97.0,516.0,97.0,-90.0,-30.0,285,285,0,TRACKING,515.0,96.0,1.414,False
SCN_011,458,15.2333,TGT_003,DECOY_TARGET,true,274.0,130.0,274.0,130.0,-90.0,-30.0,458,458,0,TRACKING,273.0,129.0,1.414,False
SCN_011,459,15.2667,TGT_001,COMMUNICATION_TARGET,true,514.0,391.0,514.0,391.0,-60.0,60.0,459,459,0,TRACKING,513.0,390.0,1.414,True
SCN_011,459,15.2667,TGT_002,DECOY_TARGET,true,514.0,98.0,514.0,98.0,-60.0,30.0,286,286,0,TRACKING,513.0,97.0,1.414,False
SCN_011,459,15.2667,TGT_003,DECOY_TARGET,true,271.0,131.0,271.0,131.0,-90.0,30.0,459,459,0,TRACKING,270.0,130.0,1.414,False
SCN_011,460,15.3,TGT_001,COMMUNICATION_TARGET,true,517.0,392.0,517.0,392.0,90.0,30.0,460,460,0,TRACKING,516.0,391.0,1.414,True
SCN_011,460,15.3,TGT_002,DECOY_TARGET,true,517.0,98.0,517.0,98.0,90.0,0.0,287,287,0,TRACKING,516.0,97.0,1.414,False
SCN_011,460,15.3,TGT_003,DECOY_TARGET,true,274.0,132.0,274.0,132.0,90.0,30.0,460,460,0,TRACKING,273.0,131.0,1.414,False
SCN_011,461,15.3333,TGT_001,COMMUNICATION_TARGET,true,523.0,391.0,523.0,391.0,180.0,-30.0,461,461,0,TRACKING,522.0,390.0,1.414,True
SCN_011,461,15.3333,TGT_002,DECOY_TARGET,true,523.0,96.0,523.0,96.0,180.0,-60.0,288,288,0,TRACKING,522.0,95.0,1.414,False
SCN_011,461,15.3333,TGT_003,DECOY_TARGET,true,280.0,130.0,280.0,130.0,180.0,-60.0,461,461,0,TRACKING,279.0,129.0,1.414,False
SCN_011,462,15.3667,TGT_001,COMMUNICATION_TARGET,true,529.0,392.0,529.0,392.0,180.0,30.0,462,462,0,TRACKING,528.0,391.0,1.414,True
SCN_011,462,15.3667,TGT_002,DECOY_TARGET,true,529.0,96.0,529.0,96.0,180.0,0.0,289,289,0,TRACKING,528.0,95.0,1.414,False
SCN_011,462,15.3667,TGT_003,DECOY_TARGET,true,286.0,130.0,286.0,130.0,180.0,0.0,462,462,0,TRACKING,285.0,129.0,1.414,False
SCN_011,463,15.4,TGT_001,COMMUNICATION_TARGET,true,531.0,394.0,531.0,394.0,60.0,60.0,463,463,0,TRACKING,530.0,393.0,1.414,True
SCN_011,463,15.4,TGT_002,DECOY_TARGET,true,531.0,97.0,531.0,97.0,60.0,30.0,290,290,0,TRACKING,530.0,96.0,1.414,False
SCN_011,463,15.4,TGT_003,DECOY_TARGET,true,288.0,132.0,288.0,132.0,60.0,60.0,463,463,0,TRACKING,287.0,131.0,1.414,False
SCN_011,464,15.4333,TGT_001,COMMUNICATION_TARGET,true,530.0,397.0,530.0,397.0,-30.0,90.0,464,464,0,TRACKING,529.0,396.0,1.414,True
SCN_011,464,15.4333,TGT_002,DECOY_TARGET,true,530.0,99.0,530.0,99.0,-30.0,60.0,291,291,0,TRACKING,529.0,98.0,1.414,False
SCN_011,464,15.4333,TGT_003,DECOY_TARGET,true,287.0,134.0,287.0,134.0,-30.0,60.0,464,464,0,TRACKING,286.0,133.0,1.414,False
SCN_011,465,15.4667,TGT_001,COMMUNICATION_TARGET,true,526.0,401.0,526.0,401.0,-120.0,120.0,465,465,0,TRACKING,525.0,400.0,1.414,True
SCN_011,465,15.4667,TGT_002,DECOY_TARGET,true,526.0,102.0,526.0,102.0,-120.0,90.0,292,292,0,TRACKING,525.0,101.0,1.414,False
SCN_011,465,15.4667,TGT_003,DECOY_TARGET,true,282.0,137.0,282.0,137.0,-150.0,90.0,465,465,0,TRACKING,281.0,136.0,1.414,False
SCN_011,466,15.5,TGT_001,COMMUNICATION_TARGET,true,523.0,403.0,523.0,403.0,-90.0,60.0,466,466,0,TRACKING,522.0,402.0,1.414,True
SCN_011,466,15.5,TGT_002,DECOY_TARGET,true,523.0,103.0,523.0,103.0,-90.0,30.0,293,293,0,TRACKING,522.0,102.0,1.414,False
SCN_011,466,15.5,TGT_003,DECOY_TARGET,true,279.0,138.0,279.0,138.0,-90.0,30.0,466,466,0,TRACKING,278.0,137.0,1.414,False
SCN_011,467,15.5333,TGT_001,COMMUNICATION_TARGET,true,522.0,403.0,522.0,403.0,-30.0,0.0,467,467,0,TRACKING,521.0,402.0,1.414,True
SCN_011,467,15.5333,TGT_002,DECOY_TARGET,true,522.0,102.0,522.0,102.0,-30.0,-30.0,294,294,0,TRACKING,521.0,101.0,1.414,False
SCN_011,467,15.5333,TGT_003,DECOY_TARGET,true,278.0,137.0,278.0,137.0,-30.0,-30.0,467,467,0,TRACKING,277.0,136.0,1.414,False
SCN_011,468,15.5667,TGT_001,COMMUNICATION_TARGET,true,524.0,399.0,524.0,399.0,60.0,-120.0,468,468,0,TRACKING,523.0,398.0,1.414,True
SCN_011,468,15.5667,TGT_002,DECOY_TARGET,true,524.0,97.0,524.0,97.0,60.0,-150.0,295,295,0,TRACKING,523.0,96.0,1.414,False
SCN_011,468,15.5667,TGT_003,DECOY_TARGET,true,281.0,133.0,281.0,133.0,90.0,-120.0,468,468,0,TRACKING,280.0,132.0,1.414,False
SCN_011,469,15.6,TGT_001,COMMUNICATION_TARGET,true,525.0,395.0,525.0,395.0,30.0,-120.0,469,469,0,TRACKING,524.0,394.0,1.414,True
SCN_011,469,15.6,TGT_002,DECOY_TARGET,true,525.0,92.0,525.0,92.0,30.0,-150.0,296,296,0,TRACKING,524.0,91.0,1.414,False
SCN_011,469,15.6,TGT_003,DECOY_TARGET,true,281.0,128.0,281.0,128.0,0.0,-150.0,469,469,0,TRACKING,280.0,127.0,1.414,False
SCN_011,470,15.6333,TGT_001,COMMUNICATION_TARGET,true,527.0,391.0,527.0,391.0,60.0,-120.0,470,470,0,TRACKING,526.0,390.0,1.414,True
SCN_011,470,15.6333,TGT_002,DECOY_TARGET,true,527.0,87.0,527.0,87.0,60.0,-150.0,297,297,0,TRACKING,526.0,86.0,1.414,False
SCN_011,470,15.6333,TGT_003,DECOY_TARGET,true,283.0,124.0,283.0,124.0,60.0,-120.0,470,470,0,TRACKING,282.0,123.0,1.414,False
SCN_011,471,15.6667,TGT_001,COMMUNICATION_TARGET,true,528.0,391.0,528.0,391.0,30.0,0.0,471,471,0,TRACKING,527.0,390.0,1.414,True
SCN_011,471,15.6667,TGT_002,DECOY_TARGET,true,528.0,86.0,528.0,86.0,30.0,-30.0,298,298,0,TRACKING,527.0,85.0,1.414,False
SCN_011,471,15.6667,TGT_003,DECOY_TARGET,true,284.0,123.0,284.0,123.0,30.0,-30.0,471,471,0,TRACKING,283.0,122.0,1.414,False
SCN_011,472,15.7,TGT_001,COMMUNICATION_TARGET,true,530.0,394.0,530.0,394.0,60.0,90.0,472,472,0,TRACKING,529.0,393.0,1.414,True
SCN_011,472,15.7,TGT_002,DECOY_TARGET,true,530.0,88.0,530.0,88.0,60.0,60.0,299,299,0,TRACKING,529.0,87.0,1.414,False
SCN_011,472,15.7,TGT_003,DECOY_TARGET,true,286.0,125.0,286.0,125.0,60.0,60.0,472,472,0,TRACKING,285.0,124.0,1.414,False
SCN_011,473,15.7333,TGT_001,COMMUNICATION_TARGET,true,533.0,399.0,533.0,399.0,90.0,150.0,473,473,0,TRACKING,532.0,398.0,1.414,True
SCN_011,473,15.7333,TGT_002,DECOY_TARGET,true,533.0,92.0,533.0,92.0,90.0,120.0,300,300,0,TRACKING,532.0,91.0,1.414,False
SCN_011,473,15.7333,TGT_003,DECOY_TARGET,true,289.0,129.0,289.0,129.0,90.0,120.0,473,473,0,TRACKING,288.0,128.0,1.414,False
SCN_011,474,15.7667,TGT_001,COMMUNICATION_TARGET,true,537.0,401.0,537.0,401.0,120.0,60.0,474,474,0,TRACKING,536.0,400.0,1.414,True
SCN_011,474,15.7667,TGT_002,DECOY_TARGET,true,537.0,93.0,537.0,93.0,120.0,30.0,301,301,0,TRACKING,536.0,92.0,1.414,False
SCN_011,474,15.7667,TGT_003,DECOY_TARGET,true,293.0,131.0,293.0,131.0,120.0,60.0,474,474,0,TRACKING,292.0,130.0,1.414,False
SCN_011,475,15.8,TGT_001,COMMUNICATION_TARGET,true,538.0,404.0,538.0,404.0,30.0,90.0,475,475,0,TRACKING,537.0,403.0,1.414,True
SCN_011,475,15.8,TGT_002,DECOY_TARGET,true,538.0,95.0,538.0,95.0,30.0,60.0,302,302,0,TRACKING,537.0,94.0,1.414,False
SCN_011,475,15.8,TGT_003,DECOY_TARGET,true,293.0,133.0,293.0,133.0,0.0,60.0,475,475,0,TRACKING,292.0,132.0,1.414,False
SCN_011,476,15.8333,TGT_001,COMMUNICATION_TARGET,true,534.0,403.0,534.0,403.0,-120.0,-30.0,476,476,0,TRACKING,533.0,402.0,1.414,True
SCN_011,476,15.8333,TGT_002,DECOY_TARGET,true,534.0,94.0,534.0,94.0,-120.0,-30.0,303,303,0,TRACKING,533.0,93.0,1.414,False
SCN_011,476,15.8333,TGT_003,DECOY_TARGET,true,289.0,132.0,289.0,132.0,-120.0,-30.0,476,476,0,TRACKING,288.0,131.0,1.414,False
SCN_011,477,15.8667,TGT_001,COMMUNICATION_TARGET,true,529.0,402.0,529.0,402.0,-150.0,-30.0,477,477,0,TRACKING,528.0,401.0,1.414,True
SCN_011,477,15.8667,TGT_002,DECOY_TARGET,true,529.0,91.0,529.0,91.0,-150.0,-90.0,304,304,0,TRACKING,528.0,90.0,1.414,False
SCN_011,477,15.8667,TGT_003,DECOY_TARGET,true,285.0,130.0,285.0,130.0,-120.0,-60.0,477,477,0,TRACKING,284.0,129.0,1.414,False
SCN_011,478,15.9,TGT_001,COMMUNICATION_TARGET,true,526.0,403.0,526.0,403.0,-90.0,30.0,478,478,0,TRACKING,525.0,402.0,1.414,True
SCN_011,478,15.9,TGT_002,DECOY_TARGET,true,526.0,91.0,526.0,91.0,-90.0,0.0,305,305,0,TRACKING,525.0,90.0,1.414,False
SCN_011,478,15.9,TGT_003,DECOY_TARGET,true,282.0,130.0,282.0,130.0,-90.0,0.0,478,478,0,TRACKING,281.0,129.0,1.414,False
SCN_011,479,15.9333,TGT_001,COMMUNICATION_TARGET,true,526.0,403.0,526.0,403.0,0.0,0.0,479,479,0,TRACKING,525.0,402.0,1.414,True
SCN_011,479,15.9333,TGT_002,DECOY_TARGET,true,526.0,90.0,526.0,90.0,0.0,-30.0,306,306,0,TRACKING,525.0,89.0,1.414,False
SCN_011,479,15.9333,TGT_003,DECOY_TARGET,true,282.0,129.0,282.0,129.0,0.0,-30.0,479,479,0,TRACKING,281.0,128.0,1.414,False
SCN_011,480,15.9667,TGT_001,COMMUNICATION_TARGET,true,532.0,403.0,532.0,403.0,180.0,0.0,480,480,0,TRACKING,531.0,402.0,1.414,True
SCN_011,480,15.9667,TGT_002,DECOY_TARGET,true,532.0,89.0,532.0,89.0,180.0,-30.0,307,307,0,TRACKING,531.0,88.0,1.414,False
SCN_011,480,15.9667,TGT_003,DECOY_TARGET,true,287.0,129.0,287.0,129.0,150.0,0.0,480,480,0,TRACKING,286.0,128.0,1.414,False
SCN_011,481,16.0,TGT_001,COMMUNICATION_TARGET,true,538.0,402.0,538.0,402.0,180.0,-30.0,481,481,0,TRACKING,537.0,401.0,1.414,True
SCN_011,481,16.0,TGT_002,DECOY_TARGET,true,538.0,87.0,538.0,87.0,180.0,-60.0,308,308,0,TRACKING,537.0,86.0,1.414,False
SCN_011,481,16.0,TGT_003,DECOY_TARGET,true,293.0,127.0,293.0,127.0,180.0,-60.0,481,481,0,TRACKING,292.0,126.0,1.414,False
SCN_011,482,16.0333,TGT_001,COMMUNICATION_TARGET,true,542.0,401.0,542.0,401.0,120.0,-30.0,482,482,0,TRACKING,541.0,400.0,1.414,True
SCN_011,482,16.0333,TGT_002,DECOY_TARGET,true,542.0,85.0,542.0,85.0,120.0,-60.0,309,309,0,TRACKING,541.0,84.0,1.414,False
SCN_011,482,16.0333,TGT_003,DECOY_TARGET,true,297.0,125.0,297.0,125.0,120.0,-60.0,482,482,0,TRACKING,296.0,124.0,1.414,False
SCN_011,483,16.0667,TGT_001,COMMUNICATION_TARGET,true,542.0,397.0,542.0,397.0,0.0,-120.0,483,483,0,TRACKING,541.0,396.0,1.414,True
SCN_011,483,16.0667,TGT_002,DECOY_TARGET,true,542.0,81.0,542.0,81.0,0.0,-120.0,310,310,0,TRACKING,541.0,80.0,1.414,False
SCN_011,483,16.0667,TGT_003,DECOY_TARGET,true,297.0,121.0,297.0,121.0,0.0,-120.0,483,483,0,TRACKING,296.0,120.0,1.414,False
SCN_011,484,16.1,TGT_001,COMMUNICATION_TARGET,true,541.0,397.0,541.0,397.0,-30.0,0.0,484,484,0,TRACKING,540.0,396.0,1.414,True
SCN_011,484,16.1,TGT_002,DECOY_TARGET,true,541.0,79.0,541.0,79.0,-30.0,-60.0,311,311,0,TRACKING,540.0,78.0,1.414,False
SCN_011,484,16.1,TGT_003,DECOY_TARGET,true,296.0,120.0,296.0,120.0,-30.0,-30.0,484,484,0,TRACKING,295.0,119.0,1.414,False
SCN_011,485,16.1333,TGT_001,COMMUNICATION_TARGET,true,538.0,398.0,538.0,398.0,-90.0,30.0,485,485,0,TRACKING,537.0,397.0,1.414,True
SCN_011,485,16.1333,TGT_002,DECOY_TARGET,true,538.0,79.0,538.0,79.0,-90.0,0.0,312,312,0,TRACKING,537.0,78.0,1.414,False
SCN_011,485,16.1333,TGT_003,DECOY_TARGET,true,293.0,121.0,293.0,121.0,-90.0,30.0,485,485,0,TRACKING,292.0,120.0,1.414,False
SCN_011,486,16.1667,TGT_001,COMMUNICATION_TARGET,true,538.0,402.0,538.0,402.0,0.0,120.0,486,486,0,TRACKING,537.0,401.0,1.414,True
SCN_011,486,16.1667,TGT_002,DECOY_TARGET,true,538.0,82.0,538.0,82.0,0.0,90.0,313,313,0,TRACKING,537.0,81.0,1.414,False
SCN_011,486,16.1667,TGT_003,DECOY_TARGET,true,293.0,124.0,293.0,124.0,0.0,90.0,486,486,0,TRACKING,292.0,123.0,1.414,False
SCN_011,487,16.2,TGT_001,COMMUNICATION_TARGET,true,538.0,408.0,538.0,408.0,0.0,180.0,487,487,0,TRACKING,537.0,407.0,1.414,True
SCN_011,487,16.2,TGT_002,DECOY_TARGET,true,538.0,87.0,538.0,87.0,0.0,150.0,314,314,0,TRACKING,537.0,86.0,1.414,False
SCN_011,487,16.2,TGT_003,DECOY_TARGET,true,293.0,129.0,293.0,129.0,0.0,150.0,487,487,0,TRACKING,292.0,128.0,1.414,False
SCN_011,488,16.2333,TGT_001,COMMUNICATION_TARGET,true,538.0,411.0,538.0,411.0,0.0,90.0,488,488,0,TRACKING,537.0,410.0,1.414,True
SCN_011,488,16.2333,TGT_002,DECOY_TARGET,true,538.0,89.0,538.0,89.0,0.0,60.0,315,315,0,TRACKING,537.0,88.0,1.414,False
SCN_011,488,16.2333,TGT_003,DECOY_TARGET,true,293.0,132.0,293.0,132.0,0.0,90.0,488,488,0,TRACKING,292.0,131.0,1.414,False
SCN_011,489,16.2667,TGT_001,COMMUNICATION_TARGET,true,537.0,412.0,537.0,412.0,-30.0,30.0,489,489,0,TRACKING,536.0,411.0,1.414,True
SCN_011,489,16.2667,TGT_002,DECOY_TARGET,true,537.0,89.0,537.0,89.0,-30.0,0.0,316,316,0,TRACKING,536.0,88.0,1.414,False
SCN_011,489,16.2667,TGT_003,DECOY_TARGET,true,292.0,132.0,292.0,132.0,-30.0,0.0,489,489,0,TRACKING,291.0,131.0,1.414,False
SCN_011,490,16.3,TGT_001,COMMUNICATION_TARGET,true,538.0,409.0,538.0,409.0,30.0,-90.0,490,490,0,TRACKING,537.0,408.0,1.414,True
SCN_011,490,16.3,TGT_002,DECOY_TARGET,true,538.0,86.0,538.0,86.0,30.0,-90.0,317,317,0,TRACKING,537.0,85.0,1.414,False
SCN_011,490,16.3,TGT_003,DECOY_TARGET,true,292.0,129.0,292.0,129.0,0.0,-90.0,490,490,0,TRACKING,291.0,128.0,1.414,False
SCN_011,491,16.3333,TGT_001,COMMUNICATION_TARGET,true,539.0,406.0,539.0,406.0,30.0,-90.0,491,491,0,TRACKING,538.0,405.0,1.414,True
SCN_011,491,16.3333,TGT_002,DECOY_TARGET,true,539.0,82.0,539.0,82.0,30.0,-120.0,318,318,0,TRACKING,538.0,81.0,1.414,False
SCN_011,491,16.3333,TGT_003,DECOY_TARGET,true,294.0,125.0,294.0,125.0,60.0,-120.0,491,491,0,TRACKING,293.0,124.0,1.414,False
SCN_011,492,16.3667,TGT_001,COMMUNICATION_TARGET,true,544.0,403.0,544.0,403.0,150.0,-90.0,492,492,0,TRACKING,543.0,402.0,1.414,True
SCN_011,492,16.3667,TGT_002,DECOY_TARGET,true,544.0,77.0,544.0,77.0,150.0,-150.0,319,319,0,TRACKING,543.0,76.0,1.414,False
SCN_011,492,16.3667,TGT_003,DECOY_TARGET,true,299.0,121.0,299.0,121.0,150.0,-120.0,492,492,0,TRACKING,298.0,120.0,1.414,False
SCN_011,493,16.4,TGT_001,COMMUNICATION_TARGET,true,549.0,402.0,549.0,402.0,150.0,-30.0,493,493,0,TRACKING,548.0,401.0,1.414,True
SCN_011,493,16.4,TGT_002,DECOY_TARGET,true,549.0,75.0,549.0,75.0,150.0,-60.0,320,320,0,TRACKING,548.0,74.0,1.414,False
SCN_011,493,16.4,TGT_003,DECOY_TARGET,true,304.0,120.0,304.0,120.0,150.0,-30.0,493,493,0,TRACKING,303.0,119.0,1.414,False
SCN_011,494,16.4333,TGT_001,COMMUNICATION_TARGET,true,552.0,404.0,552.0,404.0,90.0,60.0,494,494,0,TRACKING,551.0,403.0,1.414,True
SCN_011,494,16.4333,TGT_002,DECOY_TARGET,true,552.0,76.0,552.0,76.0,90.0,30.0,321,321,0,TRACKING,551.0,75.0,1.414,False
SCN_011,494,16.4333,TGT_003,DECOY_TARGET,true,306.0,121.0,306.0,121.0,60.0,30.0,494,494,0,TRACKING,305.0,120.0,1.414,False
SCN_011,495,16.4667,TGT_001,COMMUNICATION_TARGET,true,550.0,405.0,550.0,405.0,-60.0,30.0,495,495,0,TRACKING,549.0,404.0,1.414,True
SCN_011,495,16.4667,TGT_002,DECOY_TARGET,true,550.0,76.0,550.0,76.0,-60.0,0.0,322,322,0,TRACKING,549.0,75.0,1.414,False
SCN_011,495,16.4667,TGT_003,DECOY_TARGET,true,304.0,121.0,304.0,121.0,-60.0,0.0,495,495,0,TRACKING,303.0,120.0,1.414,False
SCN_011,496,16.5,TGT_001,COMMUNICATION_TARGET,true,546.0,405.0,546.0,405.0,-120.0,0.0,496,496,0,TRACKING,545.0,404.0,1.414,True
SCN_011,496,16.5,TGT_002,DECOY_TARGET,true,546.0,75.0,546.0,75.0,-120.0,-30.0,323,323,0,TRACKING,545.0,74.0,1.414,False
SCN_011,496,16.5,TGT_003,DECOY_TARGET,true,300.0,121.0,300.0,121.0,-120.0,0.0,496,496,0,TRACKING,299.0,120.0,1.414,False
SCN_011,497,16.5333,TGT_001,COMMUNICATION_TARGET,true,541.0,405.0,541.0,405.0,-150.0,0.0,497,497,0,TRACKING,540.0,404.0,1.414,True
SCN_011,497,16.5333,TGT_002,DECOY_TARGET,true,541.0,74.0,541.0,74.0,-150.0,-30.0,324,324,0,TRACKING,540.0,73.0,1.414,False
SCN_011,497,16.5333,TGT_003,DECOY_TARGET,true,295.0,120.0,295.0,120.0,-150.0,-30.0,497,497,0,TRACKING,294.0,119.0,1.414,False
SCN_011,498,16.5667,TGT_001,COMMUNICATION_TARGET,true,540.0,405.0,540.0,405.0,-30.0,0.0,498,498,0,TRACKING,539.0,404.0,1.414,True
SCN_011,498,16.5667,TGT_002,DECOY_TARGET,true,540.0,74.0,540.0,74.0,-30.0,0.0,325,325,0,TRACKING,539.0,73.0,1.414,False
SCN_011,498,16.5667,TGT_003,DECOY_TARGET,true,294.0,120.0,294.0,120.0,-30.0,0.0,498,498,0,TRACKING,293.0,119.0,1.414,False
SCN_011,499,16.6,TGT_001,COMMUNICATION_TARGET,true,542.0,408.0,542.0,408.0,60.0,90.0,499,499,0,TRACKING,541.0,407.0,1.414,True
SCN_011,499,16.6,TGT_002,DECOY_TARGET,true,542.0,75.0,542.0,75.0,60.0,30.0,326,326,0,TRACKING,541.0,74.0,1.414,False
SCN_011,499,16.6,TGT_003,DECOY_TARGET,true,296.0,122.0,296.0,122.0,60.0,60.0,499,499,0,TRACKING,295.0,121.0,1.414,False
SCN_011,500,16.6333,TGT_001,COMMUNICATION_TARGET,true,549.0,411.0,549.0,411.0,210.0,90.0,500,500,0,TRACKING,548.0,410.0,1.414,True
SCN_011,500,16.6333,TGT_002,DECOY_TARGET,true,549.0,77.0,549.0,77.0,210.0,60.0,327,327,0,TRACKING,548.0,76.0,1.414,False
SCN_011,500,16.6333,TGT_003,DECOY_TARGET,true,303.0,124.0,303.0,124.0,210.0,60.0,500,500,0,TRACKING,302.0,123.0,1.414,False
SCN_011,501,16.6667,TGT_001,COMMUNICATION_TARGET,true,553.0,414.0,553.0,414.0,120.0,90.0,501,501,0,TRACKING,552.0,413.0,1.414,True
SCN_011,501,16.6667,TGT_002,DECOY_TARGET,true,553.0,80.0,553.0,80.0,120.0,90.0,328,328,0,TRACKING,552.0,79.0,1.414,False
SCN_011,501,16.6667,TGT_003,DECOY_TARGET,true,307.0,127.0,307.0,127.0,120.0,90.0,501,501,0,TRACKING,306.0,126.0,1.414,False
SCN_011,502,16.7,TGT_001,COMMUNICATION_TARGET,true,554.0,414.0,554.0,414.0,30.0,0.0,502,502,0,TRACKING,553.0,413.0,1.414,True
SCN_011,502,16.7,TGT_002,DECOY_TARGET,true,554.0,79.0,554.0,79.0,30.0,-30.0,329,329,0,TRACKING,553.0,78.0,1.414,False
SCN_011,502,16.7,TGT_003,DECOY_TARGET,true,308.0,127.0,308.0,127.0,30.0,0.0,502,502,0,TRACKING,307.0,126.0,1.414,False
SCN_011,503,16.7333,TGT_001,COMMUNICATION_TARGET,true,554.0,414.0,554.0,414.0,0.0,0.0,503,503,0,TRACKING,553.0,413.0,1.414,True
SCN_011,503,16.7333,TGT_002,DECOY_TARGET,true,554.0,78.0,554.0,78.0,0.0,-30.0,330,330,0,TRACKING,553.0,77.0,1.414,False
SCN_011,503,16.7333,TGT_003,DECOY_TARGET,true,308.0,126.0,308.0,126.0,0.0,-30.0,503,503,0,TRACKING,307.0,125.0,1.414,False
SCN_011,504,16.7667,TGT_001,COMMUNICATION_TARGET,true,554.0,410.0,554.0,410.0,0.0,-120.0,504,504,0,TRACKING,553.0,409.0,1.414,True
SCN_011,504,16.7667,TGT_002,DECOY_TARGET,true,554.0,73.0,554.0,73.0,0.0,-150.0,331,331,0,TRACKING,553.0,72.0,1.414,False
SCN_011,504,16.7667,TGT_003,DECOY_TARGET,true,308.0,122.0,308.0,122.0,0.0,-120.0,504,504,0,TRACKING,307.0,121.0,1.414,False
SCN_011,505,16.8,TGT_001,COMMUNICATION_TARGET,true,555.0,405.0,555.0,405.0,30.0,-150.0,505,505,0,TRACKING,554.0,404.0,1.414,True
SCN_011,505,16.8,TGT_002,DECOY_TARGET,true,555.0,67.0,555.0,67.0,30.0,-180.0,332,332,0,TRACKING,554.0,66.0,1.414,False
SCN_011,505,16.8,TGT_003,DECOY_TARGET,true,309.0,116.0,309.0,116.0,30.0,-180.0,505,505,0,TRACKING,308.0,115.0,1.414,False
SCN_011,506,16.8333,TGT_001,COMMUNICATION_TARGET,true,556.0,403.0,556.0,403.0,30.0,-60.0,506,506,0,TRACKING,555.0,402.0,1.414,True
SCN_011,506,16.8333,TGT_002,DECOY_TARGET,true,556.0,64.0,556.0,64.0,30.0,-90.0,333,333,0,TRACKING,555.0,63.0,1.414,False
SCN_011,506,16.8333,TGT_003,DECOY_TARGET,true,310.0,113.0,310.0,113.0,30.0,-90.0,506,506,0,TRACKING,309.0,112.0,1.414,False
SCN_011,507,16.8667,TGT_001,COMMUNICATION_TARGET,true,554.0,403.0,554.0,403.0,-60.0,0.0,507,507,0,TRACKING,553.0,402.0,1.414,True
SCN_011,507,16.8667,TGT_002,DECOY_TARGET,true,554.0,62.0,554.0,62.0,-60.0,-60.0,334,334,0,TRACKING,553.0,61.0,1.414,False
SCN_011,507,16.8667,TGT_003,DECOY_TARGET,true,308.0,113.0,308.0,113.0,-60.0,0.0,507,507,0,TRACKING,307.0,112.0,1.414,False
SCN_011,508,16.9,TGT_001,COMMUNICATION_TARGET,true,552.0,407.0,552.0,407.0,-60.0,120.0,508,508,0,TRACKING,551.0,406.0,1.414,True
SCN_011,508,16.9,TGT_002,DECOY_TARGET,true,552.0,65.0,552.0,65.0,-60.0,90.0,335,335,0,TRACKING,551.0,64.0,1.414,False
SCN_011,508,16.9,TGT_003,DECOY_TARGET,true,305.0,116.0,305.0,116.0,-90.0,90.0,508,508,0,TRACKING,304.0,115.0,1.414,False
SCN_011,509,16.9333,TGT_001,COMMUNICATION_TARGET,true,550.0,411.0,550.0,411.0,-60.0,120.0,509,509,0,TRACKING,549.0,410.0,1.414,True
SCN_011,509,16.9333,TGT_002,DECOY_TARGET,true,550.0,69.0,550.0,69.0,-60.0,120.0,336,336,0,TRACKING,549.0,68.0,1.414,False
SCN_011,509,16.9333,TGT_003,DECOY_TARGET,true,303.0,120.0,303.0,120.0,-60.0,120.0,509,509,0,TRACKING,302.0,119.0,1.414,False
SCN_011,510,16.9667,TGT_001,COMMUNICATION_TARGET,true,551.0,414.0,551.0,414.0,30.0,90.0,510,510,0,TRACKING,550.0,413.0,1.414,True
SCN_011,510,16.9667,TGT_002,DECOY_TARGET,true,551.0,71.0,551.0,71.0,30.0,60.0,337,337,0,TRACKING,550.0,70.0,1.414,False
SCN_011,510,16.9667,TGT_003,DECOY_TARGET,true,305.0,123.0,305.0,123.0,60.0,90.0,510,510,0,TRACKING,304.0,122.0,1.414,False
SCN_011,511,17.0,TGT_001,COMMUNICATION_TARGET,true,556.0,415.0,556.0,415.0,150.0,30.0,511,511,0,TRACKING,555.0,414.0,1.414,True
SCN_011,511,17.0,TGT_002,DECOY_TARGET,true,556.0,71.0,556.0,71.0,150.0,0.0,338,338,0,TRACKING,555.0,70.0,1.414,False
SCN_011,511,17.0,TGT_003,DECOY_TARGET,true,309.0,123.0,309.0,123.0,120.0,0.0,511,511,0,TRACKING,308.0,122.0,1.414,False
SCN_011,512,17.0333,TGT_001,COMMUNICATION_TARGET,true,563.0,414.0,563.0,414.0,210.0,-30.0,512,512,0,TRACKING,562.0,413.0,1.414,True
SCN_011,512,17.0333,TGT_002,DECOY_TARGET,true,563.0,69.0,563.0,69.0,210.0,-60.0,339,339,0,TRACKING,562.0,68.0,1.414,False
SCN_011,512,17.0333,TGT_003,DECOY_TARGET,true,316.0,122.0,316.0,122.0,210.0,-30.0,512,512,0,TRACKING,315.0,121.0,1.414,False
SCN_011,513,17.0667,TGT_001,COMMUNICATION_TARGET,true,568.0,414.0,568.0,414.0,150.0,0.0,513,513,0,TRACKING,567.0,413.0,1.414,True
SCN_011,513,17.0667,TGT_002,DECOY_TARGET,true,568.0,68.0,568.0,68.0,150.0,-30.0,340,340,0,TRACKING,567.0,67.0,1.414,False
SCN_011,513,17.0667,TGT_003,DECOY_TARGET,true,321.0,121.0,321.0,121.0,150.0,-30.0,513,513,0,TRACKING,320.0,120.0,1.414,False
SCN_011,514,17.1,TGT_001,COMMUNICATION_TARGET,true,567.0,414.0,567.0,414.0,-30.0,0.0,514,514,0,TRACKING,566.0,413.0,1.414,True
SCN_011,514,17.1,TGT_002,DECOY_TARGET,true,567.0,67.0,567.0,67.0,-30.0,-30.0,341,341,0,TRACKING,566.0,66.0,1.414,False
SCN_011,514,17.1,TGT_003,DECOY_TARGET,true,320.0,121.0,320.0,121.0,-30.0,0.0,514,514,0,TRACKING,319.0,120.0,1.414,False
SCN_011,515,17.1333,TGT_001,COMMUNICATION_TARGET,true,564.0,415.0,564.0,415.0,-90.0,30.0,515,515,0,TRACKING,563.0,414.0,1.414,True
SCN_011,515,17.1333,TGT_002,DECOY_TARGET,true,564.0,66.0,564.0,66.0,-90.0,-30.0,342,342,0,TRACKING,563.0,65.0,1.414,False
SCN_011,515,17.1333,TGT_003,DECOY_TARGET,true,317.0,121.0,317.0,121.0,-90.0,0.0,515,515,0,TRACKING,316.0,120.0,1.414,False
SCN_011,516,17.1667,TGT_001,COMMUNICATION_TARGET,true,560.0,414.0,560.0,414.0,-120.0,-30.0,516,516,0,TRACKING,559.0,413.0,1.414,True
SCN_011,516,17.1667,TGT_002,DECOY_TARGET,true,560.0,65.0,560.0,65.0,-120.0,-30.0,343,343,0,TRACKING,559.0,64.0,1.414,False
SCN_011,516,17.1667,TGT_003,DECOY_TARGET,true,313.0,120.0,313.0,120.0,-120.0,-30.0,516,516,0,TRACKING,312.0,119.0,1.414,False
SCN_011,517,17.2,TGT_001,COMMUNICATION_TARGET,true,558.0,413.0,558.0,413.0,-60.0,-30.0,517,517,0,TRACKING,557.0,412.0,1.414,True
SCN_011,517,17.2,TGT_002,DECOY_TARGET,true,558.0,63.0,558.0,63.0,-60.0,-60.0,344,344,0,TRACKING,557.0,62.0,1.414,False
SCN_011,517,17.2,TGT_003,DECOY_TARGET,true,311.0,118.0,311.0,118.0,-60.0,-60.0,517,517,0,TRACKING,310.0,117.0,1.414,False
SCN_011,518,17.2333,TGT_001,COMMUNICATION_TARGET,true,560.0,411.0,560.0,411.0,60.0,-60.0,518,518,0,TRACKING,559.0,410.0,1.414,True
SCN_011,518,17.2333,TGT_002,DECOY_TARGET,true,560.0,59.0,560.0,59.0,60.0,-120.0,345,345,0,TRACKING,559.0,58.0,1.414,False
SCN_011,518,17.2333,TGT_003,DECOY_TARGET,true,313.0,115.0,313.0,115.0,60.0,-90.0,518,518,0,TRACKING,312.0,114.0,1.414,False
SCN_011,519,17.2667,TGT_001,COMMUNICATION_TARGET,true,563.0,408.0,563.0,408.0,90.0,-90.0,519,519,0,TRACKING,562.0,407.0,1.414,True
SCN_011,519,17.2667,TGT_002,DECOY_TARGET,true,563.0,56.0,563.0,56.0,90.0,-90.0,346,346,0,TRACKING,562.0,55.0,1.414,False
SCN_011,519,17.2667,TGT_003,DECOY_TARGET,true,316.0,112.0,316.0,112.0,90.0,-90.0,519,519,0,TRACKING,315.0,111.0,1.414,False
SCN_011,520,17.3,TGT_001,COMMUNICATION_TARGET,true,565.0,408.0,565.0,408.0,60.0,0.0,520,520,0,TRACKING,564.0,407.0,1.414,True
SCN_011,520,17.3,TGT_002,DECOY_TARGET,true,565.0,54.0,565.0,54.0,60.0,-60.0,347,347,0,TRACKING,564.0,53.0,1.414,False
SCN_011,520,17.3,TGT_003,DECOY_TARGET,true,318.0,111.0,318.0,111.0,60.0,-30.0,520,520,0,TRACKING,317.0,110.0,1.414,False
SCN_011,521,17.3333,TGT_001,COMMUNICATION_TARGET,true,567.0,410.0,567.0,410.0,60.0,60.0,521,521,0,TRACKING,566.0,409.0,1.414,True
SCN_011,521,17.3333,TGT_002,DECOY_TARGET,true,567.0,56.0,567.0,56.0,60.0,60.0,348,348,0,TRACKING,566.0,55.0,1.414,False
SCN_011,521,17.3333,TGT_003,DECOY_TARGET,true,320.0,113.0,320.0,113.0,60.0,60.0,521,521,0,TRACKING,319.0,112.0,1.414,False
SCN_011,522,17.3667,TGT_001,COMMUNICATION_TARGET,true,569.0,415.0,569.0,415.0,60.0,150.0,522,522,0,TRACKING,568.0,414.0,1.414,True
SCN_011,522,17.3667,TGT_002,DECOY_TARGET,true,569.0,60.0,569.0,60.0,60.0,120.0,349,349,0,TRACKING,568.0,59.0,1.414,False
SCN_011,522,17.3667,TGT_003,DECOY_TARGET,true,321.0,118.0,321.0,118.0,30.0,150.0,522,522,0,TRACKING,320.0,117.0,1.414,False
SCN_011,523,17.4,TGT_001,COMMUNICATION_TARGET,true,571.0,420.0,571.0,420.0,60.0,150.0,523,523,0,TRACKING,570.0,419.0,1.414,True
SCN_011,523,17.4,TGT_002,DECOY_TARGET,true,571.0,64.0,571.0,64.0,60.0,120.0,350,350,0,TRACKING,570.0,63.0,1.414,False
SCN_011,523,17.4,TGT_003,DECOY_TARGET,true,324.0,122.0,324.0,122.0,90.0,120.0,523,523,0,TRACKING,323.0,121.0,1.414,False
SCN_011,524,17.4333,TGT_001,COMMUNICATION_TARGET,true,573.0,423.0,573.0,423.0,60.0,90.0,524,524,0,TRACKING,572.0,422.0,1.414,True
SCN_011,524,17.4333,TGT_002,DECOY_TARGET,true,573.0,66.0,573.0,66.0,60.0,60.0,351,351,0,TRACKING,572.0,65.0,1.414,False
SCN_011,524,17.4333,TGT_003,DECOY_TARGET,true,326.0,125.0,326.0,125.0,60.0,90.0,524,524,0,TRACKING,325.0,124.0,1.414,False
SCN_011,525,17.4667,TGT_001,COMMUNICATION_TARGET,true,576.0,423.0,576.0,423.0,90.0,0.0,525,525,0,TRACKING,575.0,422.0,1.414,True
SCN_011,525,17.4667,TGT_002,DECOY_TARGET,true,576.0,65.0,576.0,65.0,90.0,-30.0,352,352,0,TRACKING,575.0,64.0,1.414,False
SCN_011,525,17.4667,TGT_003,DECOY_TARGET,true,328.0,124.0,328.0,124.0,60.0,-30.0,525,525,0,TRACKING,327.0,123.0,1.414,False
SCN_011,526,17.5,TGT_001,COMMUNICATION_TARGET,true,575.0,420.0,575.0,420.0,-30.0,-90.0,526,526,0,TRACKING,574.0,419.0,1.414,True
SCN_011,526,17.5,TGT_002,DECOY_TARGET,true,575.0,61.0,575.0,61.0,-30.0,-120.0,353,353,0,TRACKING,574.0,60.0,1.414,False
SCN_011,526,17.5,TGT_003,DECOY_TARGET,true,328.0,121.0,328.0,121.0,0.0,-90.0,526,526,0,TRACKING,327.0,120.0,1.414,False
SCN_011,527,17.5333,TGT_001,COMMUNICATION_TARGET,true,570.0,417.0,570.0,417.0,-150.0,-90.0,527,527,0,TRACKING,569.0,416.0,1.414,True
SCN_011,527,17.5333,TGT_002,DECOY_TARGET,true,570.0,56.0,570.0,56.0,-150.0,-150.0,354,354,0,TRACKING,569.0,55.0,1.414,False
SCN_011,527,17.5333,TGT_003,DECOY_TARGET,true,323.0,117.0,323.0,117.0,-150.0,-120.0,527,527,0,TRACKING,322.0,116.0,1.414,False
SCN_011,528,17.5667,TGT_001,COMMUNICATION_TARGET,true,567.0,414.0,567.0,414.0,-90.0,-90.0,528,528,0,TRACKING,566.0,413.0,1.414,True
SCN_011,528,17.5667,TGT_002,DECOY_TARGET,true,567.0,52.0,567.0,52.0,-90.0,-120.0,355,355,0,TRACKING,566.0,51.0,1.414,False
SCN_011,528,17.5667,TGT_003,DECOY_TARGET,true,319.0,113.0,319.0,113.0,-120.0,-120.0,528,528,0,TRACKING,318.0,112.0,1.414,False
SCN_011,529,17.6,TGT_001,COMMUNICATION_TARGET,true,567.0,414.0,567.0,414.0,0.0,0.0,529,529,0,TRACKING,566.0,413.0,1.414,True
SCN_011,529,17.6,TGT_002,DECOY_TARGET,true,567.0,52.0,567.0,52.0,0.0,0.0,356,356,0,TRACKING,566.0,51.0,1.414,False
SCN_011,529,17.6,TGT_003,DECOY_TARGET,true,319.0,113.0,319.0,113.0,0.0,0.0,529,529,0,TRACKING,318.0,112.0,1.414,False
SCN_011,530,17.6333,TGT_001,COMMUNICATION_TARGET,true,570.0,415.0,570.0,415.0,90.0,30.0,530,530,0,TRACKING,569.0,414.0,1.414,True
SCN_011,530,17.6333,TGT_002,DECOY_TARGET,true,570.0,52.0,570.0,52.0,90.0,0.0,357,357,0,TRACKING,569.0,51.0,1.414,False
SCN_011,530,17.6333,TGT_003,DECOY_TARGET,true,322.0,114.0,322.0,114.0,90.0,30.0,530,530,0,TRACKING,321.0,113.0,1.414,False
SCN_011,531,17.6667,TGT_001,COMMUNICATION_TARGET,true,577.0,416.0,577.0,416.0,210.0,30.0,531,531,0,TRACKING,576.0,415.0,1.414,True
SCN_011,531,17.6667,TGT_002,DECOY_TARGET,true,577.0,52.0,577.0,52.0,210.0,0.0,358,358,0,TRACKING,576.0,51.0,1.414,False
SCN_011,531,17.6667,TGT_003,DECOY_TARGET,true,329.0,115.0,329.0,115.0,210.0,30.0,531,531,0,TRACKING,328.0,114.0,1.414,False
SCN_011,532,17.7,TGT_001,COMMUNICATION_TARGET,true,583.0,417.0,583.0,417.0,180.0,30.0,532,532,0,TRACKING,582.0,416.0,1.414,True
SCN_011,532,17.7,TGT_002,DECOY_TARGET,true,583.0,52.0,583.0,52.0,180.0,0.0,359,359,0,TRACKING,582.0,51.0,1.414,False
SCN_011,532,17.7,TGT_003,DECOY_TARGET,true,335.0,115.0,335.0,115.0,180.0,0.0,532,532,0,TRACKING,334.0,114.0,1.414,False
SCN_011,533,17.7333,TGT_001,COMMUNICATION_TARGET,true,585.0,417.0,585.0,417.0,60.0,0.0,533,533,0,TRACKING,584.0,416.0,1.414,True
SCN_011,533,17.7333,TGT_002,DECOY_TARGET,true,585.0,50.0,585.0,50.0,60.0,-60.0,360,360,0,TRACKING,584.0,49.0,1.414,False
SCN_011,533,17.7333,TGT_003,DECOY_TARGET,true,337.0,114.0,337.0,114.0,60.0,-30.0,533,533,0,TRACKING,336.0,113.0,1.414,False
SCN_011,534,17.7667,TGT_001,COMMUNICATION_TARGET,true,584.0,418.0,584.0,418.0,-30.0,30.0,534,534,0,TRACKING,583.0,417.0,1.414,True
SCN_011,534,17.7667,TGT_002,DECOY_TARGET,true,584.0,51.0,584.0,51.0,-30.0,30.0,361,361,0,TRACKING,583.0,50.0,1.414,False
SCN_011,534,17.7667,TGT_003,DECOY_TARGET,true,335.0,115.0,335.0,115.0,-60.0,30.0,534,534,0,TRACKING,334.0,114.0,1.414,False
SCN_011,535,17.8,TGT_001,COMMUNICATION_TARGET,true,581.0,421.0,581.0,421.0,-90.0,90.0,535,535,0,TRACKING,580.0,420.0,1.414,True
SCN_011,535,17.8,TGT_002,DECOY_TARGET,true,581.0,53.0,581.0,53.0,-90.0,60.0,362,362,0,TRACKING,580.0,52.0,1.414,False
SCN_011,535,17.8,TGT_003,DECOY_TARGET,true,333.0,118.0,333.0,118.0,-60.0,90.0,535,535,0,TRACKING,332.0,117.0,1.414,False
SCN_011,536,17.8333,TGT_001,COMMUNICATION_TARGET,true,579.0,424.0,579.0,424.0,-60.0,90.0,536,536,0,TRACKING,578.0,423.0,1.414,True
SCN_011,536,17.8333,TGT_002,DECOY_TARGET,true,579.0,55.0,579.0,55.0,-60.0,60.0,363,363,0,TRACKING,578.0,54.0,1.414,False
SCN_011,536,17.8333,TGT_003,DECOY_TARGET,true,330.0,121.0,330.0,121.0,-90.0,90.0,536,536,0,TRACKING,329.0,120.0,1.414,False
SCN_011,537,17.8667,TGT_001,COMMUNICATION_TARGET,true,579.0,427.0,579.0,427.0,0.0,90.0,537,537,0,TRACKING,578.0,426.0,1.414,True
SCN_011,537,17.8667,TGT_002,DECOY_TARGET,true,579.0,57.0,579.0,57.0,0.0,60.0,364,364,0,TRACKING,578.0,56.0,1.414,False
SCN_011,537,17.8667,TGT_003,DECOY_TARGET,true,330.0,123.0,330.0,123.0,0.0,60.0,537,537,0,TRACKING,329.0,122.0,1.414,False
SCN_011,538,17.9,TGT_001,COMMUNICATION_TARGET,true,581.0,428.0,581.0,428.0,60.0,30.0,538,538,0,TRACKING,580.0,427.0,1.414,True
SCN_011,538,17.9,TGT_002,DECOY_TARGET,true,581.0,57.0,581.0,57.0,60.0,0.0,365,365,0,TRACKING,580.0,56.0,1.414,False
SCN_011,538,17.9,TGT_003,DECOY_TARGET,true,332.0,124.0,332.0,124.0,60.0,30.0,538,538,0,TRACKING,331.0,123.0,1.414,False
SCN_011,539,17.9333,TGT_001,COMMUNICATION_TARGET,true,582.0,426.0,582.0,426.0,30.0,-60.0,539,539,0,TRACKING,581.0,425.0,1.414,True
SCN_011,539,17.9333,TGT_002,DECOY_TARGET,true,582.0,54.0,582.0,54.0,30.0,-90.0,366,366,0,TRACKING,581.0,53.0,1.414,False
SCN_011,539,17.9333,TGT_003,DECOY_TARGET,true,333.0,121.0,333.0,121.0,30.0,-90.0,539,539,0,TRACKING,332.0,120.0,1.414,False
SCN_011,540,17.9667,TGT_001,COMMUNICATION_TARGET,true,582.0,421.0,582.0,421.0,0.0,-150.0,540,540,0,TRACKING,581.0,420.0,1.414,True
SCN_011,540,17.9667,TGT_002,DECOY_TARGET,true,582.0,48.0,582.0,48.0,0.0,-180.0,367,367,0,TRACKING,581.0,47.0,1.414,False
SCN_011,540,17.9667,TGT_003,DECOY_TARGET,true,334.0,116.0,334.0,116.0,30.0,-150.0,540,540,0,TRACKING,333.0,115.0,1.414,False
SCN_011,541,18.0,TGT_001,COMMUNICATION_TARGET,true,585.0,417.0,585.0,417.0,90.0,-120.0,541,541,0,TRACKING,584.0,416.0,1.414,True
SCN_011,541,18.0,TGT_002,DECOY_TARGET,true,585.0,43.0,585.0,43.0,90.0,-150.0,368,368,0,TRACKING,584.0,42.0,1.414,False
SCN_011,541,18.0,TGT_003,DECOY_TARGET,true,336.0,112.0,336.0,112.0,60.0,-120.0,541,541,0,TRACKING,335.0,111.0,1.414,False
SCN_011,542,18.0333,TGT_001,COMMUNICATION_TARGET,true,587.0,416.0,587.0,416.0,60.0,-30.0,542,542,0,TRACKING,586.0,415.0,1.414,True
SCN_011,542,18.0333,TGT_002,DECOY_TARGET,true,587.0,41.0,587.0,41.0,60.0,-60.0,369,369,0,TRACKING,586.0,40.0,1.414,False
SCN_011,542,18.0333,TGT_003,DECOY_TARGET,true,339.0,110.0,339.0,110.0,90.0,-60.0,542,542,0,TRACKING,338.0,109.0,1.414,False
SCN_011,543,18.0667,TGT_001,COMMUNICATION_TARGET,true,593.0,418.0,593.0,418.0,180.0,60.0,543,543,0,TRACKING,592.0,417.0,1.414,True
SCN_011,543,18.0667,TGT_002,DECOY_TARGET,true,593.0,42.0,593.0,42.0,180.0,30.0,370,370,0,TRACKING,592.0,41.0,1.414,False
SCN_011,543,18.0667,TGT_003,DECOY_TARGET,true,344.0,111.0,344.0,111.0,150.0,30.0,543,543,0,TRACKING,343.0,110.0,1.414,False
SCN_011,544,18.1,TGT_001,COMMUNICATION_TARGET,true,596.0,422.0,596.0,422.0,90.0,120.0,544,544,0,TRACKING,595.0,421.0,1.414,True
SCN_011,544,18.1,TGT_002,DECOY_TARGET,true,596.0,45.0,596.0,45.0,90.0,90.0,371,371,0,TRACKING,595.0,44.0,1.414,False
SCN_011,544,18.1,TGT_003,DECOY_TARGET,true,348.0,115.0,348.0,115.0,120.0,120.0,544,544,0,TRACKING,347.0,114.0,1.414,False
SCN_011,545,18.1333,TGT_001,COMMUNICATION_TARGET,true,596.0,426.0,596.0,426.0,0.0,120.0,545,545,0,TRACKING,595.0,425.0,1.414,True
SCN_011,545,18.1333,TGT_002,DECOY_TARGET,true,596.0,47.0,596.0,47.0,0.0,60.0,372,372,0,TRACKING,595.0,46.0,1.414,False
SCN_011,545,18.1333,TGT_003,DECOY_TARGET,true,347.0,118.0,347.0,118.0,-30.0,90.0,545,545,0,TRACKING,346.0,117.0,1.414,False
SCN_011,546,18.1667,TGT_001,COMMUNICATION_TARGET,true,593.0,428.0,593.0,428.0,-90.0,60.0,546,546,0,TRACKING,592.0,427.0,1.414,True
SCN_011,546,18.1667,TGT_002,DECOY_TARGET,true,593.0,49.0,593.0,49.0,-90.0,60.0,373,373,0,TRACKING,592.0,48.0,1.414,False
SCN_011,546,18.1667,TGT_003,DECOY_TARGET,true,344.0,120.0,344.0,120.0,-90.0,60.0,546,546,0,TRACKING,343.0,119.0,1.414,False
SCN_011,547,18.2,TGT_001,COMMUNICATION_TARGET,true,588.0,429.0,588.0,429.0,-150.0,30.0,547,547,0,TRACKING,587.0,428.0,1.414,True
SCN_011,547,18.2,TGT_002,DECOY_TARGET,true,588.0,49.0,588.0,49.0,-150.0,0.0,374,374,0,TRACKING,587.0,48.0,1.414,False
SCN_011,547,18.2,TGT_003,DECOY_TARGET,true,339.0,121.0,339.0,121.0,-150.0,30.0,547,547,0,TRACKING,338.0,120.0,1.414,False
SCN_011,548,18.2333,TGT_001,COMMUNICATION_TARGET,true,586.0,429.0,586.0,429.0,-60.0,0.0,548,548,0,TRACKING,585.0,428.0,1.414,True
SCN_011,548,18.2333,TGT_002,DECOY_TARGET,true,586.0,48.0,586.0,48.0,-60.0,-30.0,375,375,0,TRACKING,585.0,47.0,1.414,False
SCN_011,548,18.2333,TGT_003,DECOY_TARGET,true,337.0,121.0,337.0,121.0,-60.0,0.0,548,548,0,TRACKING,336.0,120.0,1.414,False
SCN_011,549,18.2667,TGT_001,COMMUNICATION_TARGET,true,589.0,428.0,589.0,428.0,90.0,-30.0,549,549,0,TRACKING,588.0,427.0,1.414,True
SCN_011,549,18.2667,TGT_002,DECOY_TARGET,true,589.0,46.0,589.0,46.0,90.0,-60.0,376,376,0,TRACKING,588.0,45.0,1.414,False
SCN_011,549,18.2667,TGT_003,DECOY_TARGET,true,339.0,119.0,339.0,119.0,60.0,-60.0,549,549,0,TRACKING,338.0,118.0,1.414,False
SCN_011,550,18.3,TGT_001,COMMUNICATION_TARGET,true,593.0,428.0,593.0,428.0,120.0,0.0,550,550,0,TRACKING,592.0,427.0,1.414,True
SCN_011,550,18.3,TGT_002,DECOY_TARGET,true,593.0,45.0,593.0,45.0,120.0,-30.0,377,377,0,TRACKING,592.0,44.0,1.414,False
SCN_011,550,18.3,TGT_003,DECOY_TARGET,true,344.0,119.0,344.0,119.0,150.0,0.0,550,550,0,TRACKING,343.0,118.0,1.414,False
SCN_011,551,18.3333,TGT_001,COMMUNICATION_TARGET,true,599.0,429.0,599.0,429.0,180.0,30.0,551,551,0,TRACKING,598.0,428.0,1.414,True
SCN_011,551,18.3333,TGT_002,DECOY_TARGET,true,599.0,45.0,599.0,45.0,180.0,0.0,378,378,0,TRACKING,598.0,44.0,1.414,False
SCN_011,551,18.3333,TGT_003,DECOY_TARGET,true,350.0,120.0,350.0,120.0,180.0,30.0,551,551,0,TRACKING,349.0,119.0,1.414,False
SCN_011,552,18.3667,TGT_001,COMMUNICATION_TARGET,true,603.0,429.0,603.0,429.0,120.0,0.0,552,552,0,TRACKING,602.0,428.0,1.414,True
SCN_011,552,18.3667,TGT_002,DECOY_TARGET,true,603.0,44.0,603.0,44.0,120.0,-30.0,379,379,0,TRACKING,602.0,43.0,1.414,False
SCN_011,552,18.3667,TGT_003,DECOY_TARGET,true,353.0,120.0,353.0,120.0,90.0,0.0,552,552,0,TRACKING,352.0,119.0,1.414,False
SCN_011,553,18.4,TGT_001,COMMUNICATION_TARGET,true,602.0,427.0,602.0,427.0,-30.0,-60.0,553,553,0,TRACKING,601.0,426.0,1.414,True
SCN_011,553,18.4,TGT_002,DECOY_TARGET,true,602.0,41.0,602.0,41.0,-30.0,-90.0,380,380,0,TRACKING,601.0,40.0,1.414,False
SCN_011,553,18.4,TGT_003,DECOY_TARGET,true,353.0,117.0,353.0,117.0,0.0,-90.0,553,553,0,TRACKING,352.0,116.0,1.414,False
SCN_011,554,18.4333,TGT_001,COMMUNICATION_TARGET,true,602.0,424.0,602.0,424.0,0.0,-90.0,554,554,0,TRACKING,601.0,423.0,1.414,True
SCN_011,554,18.4333,TGT_002,DECOY_TARGET,true,602.0,37.0,602.0,37.0,0.0,-120.0,381,381,0,TRACKING,601.0,36.0,1.414,False
SCN_011,554,18.4333,TGT_003,DECOY_TARGET,true,353.0,114.0,353.0,114.0,0.0,-90.0,554,554,0,TRACKING,352.0,113.0,1.414,False
SCN_011,555,18.4667,TGT_001,COMMUNICATION_TARGET,true,601.0,422.0,601.0,422.0,-30.0,-60.0,555,555,0,TRACKING,600.0,421.0,1.414,True
SCN_011,555,18.4667,TGT_002,DECOY_TARGET,true,601.0,34.0,601.0,34.0,-30.0,-90.0,382,382,0,TRACKING,600.0,33.0,1.414,False
SCN_011,555,18.4667,TGT_003,DECOY_TARGET,true,352.0,112.0,352.0,112.0,-30.0,-60.0,555,555,0,TRACKING,351.0,111.0,1.414,False
SCN_011,556,18.5,TGT_001,COMMUNICATION_TARGET,true,602.0,423.0,602.0,423.0,30.0,30.0,556,556,0,TRACKING,601.0,422.0,1.414,True
SCN_011,556,18.5,TGT_002,DECOY_TARGET,true,602.0,34.0,602.0,34.0,30.0,0.0,383,383,0,TRACKING,601.0,33.0,1.414,False
SCN_011,556,18.5,TGT_003,DECOY_TARGET,true,353.0,112.0,353.0,112.0,30.0,0.0,556,556,0,TRACKING,352.0,111.0,1.414,False
SCN_011,557,18.5333,TGT_001,COMMUNICATION_TARGET,true,602.0,427.0,602.0,427.0,0.0,120.0,557,557,0,TRACKING,601.0,426.0,1.414,True
SCN_011,557,18.5333,TGT_002,DECOY_TARGET,true,602.0,37.0,602.0,37.0,0.0,90.0,384,384,0,TRACKING,601.0,36.0,1.414,False
SCN_011,557,18.5333,TGT_003,DECOY_TARGET,true,352.0,115.0,352.0,115.0,-30.0,90.0,557,557,0,TRACKING,351.0,114.0,1.414,False
SCN_011,558,18.5667,TGT_001,COMMUNICATION_TARGET,true,601.0,432.0,601.0,432.0,-30.0,150.0,558,558,0,TRACKING,600.0,431.0,1.414,True
SCN_011,558,18.5667,TGT_002,DECOY_TARGET,true,601.0,41.0,601.0,41.0,-30.0,120.0,385,385,0,TRACKING,600.0,40.0,1.414,False
SCN_011,558,18.5667,TGT_003,DECOY_TARGET,true,351.0,121.0,351.0,121.0,-30.0,180.0,558,558,0,TRACKING,350.0,120.0,1.414,False
SCN_011,559,18.6,TGT_001,COMMUNICATION_TARGET,true,599.0,438.0,599.0,438.0,-60.0,180.0,559,559,0,TRACKING,598.0,437.0,1.414,True
SCN_011,559,18.6,TGT_002,DECOY_TARGET,true,599.0,46.0,599.0,46.0,-60.0,150.0,386,386,0,TRACKING,598.0,45.0,1.414,False
SCN_011,559,18.6,TGT_003,DECOY_TARGET,true,349.0,126.0,349.0,126.0,-60.0,150.0,559,559,0,TRACKING,348.0,125.0,1.414,False
SCN_011,560,18.6333,TGT_001,COMMUNICATION_TARGET,true,600.0,439.0,600.0,439.0,30.0,30.0,560,560,0,TRACKING,599.0,438.0,1.414,True
SCN_011,560,18.6333,TGT_002,DECOY_TARGET,true,600.0,46.0,600.0,46.0,30.0,0.0,387,387,0,TRACKING,599.0,45.0,1.414,False
SCN_011,560,18.6333,TGT_003,DECOY_TARGET,true,350.0,127.0,350.0,127.0,30.0,30.0,560,560,0,TRACKING,349.0,126.0,1.414,False
SCN_011,561,18.6667,TGT_001,COMMUNICATION_TARGET,true,604.0,438.0,604.0,438.0,120.0,-30.0,561,561,0,TRACKING,603.0,437.0,1.414,True
SCN_011,561,18.6667,TGT_002,DECOY_TARGET,true,604.0,44.0,604.0,44.0,120.0,-60.0,388,388,0,TRACKING,603.0,43.0,1.414,False
SCN_011,561,18.6667,TGT_003,DECOY_TARGET,true,354.0,126.0,354.0,126.0,120.0,-30.0,561,561,0,TRACKING,353.0,125.0,1.414,False
SCN_011,562,18.7,TGT_001,COMMUNICATION_TARGET,true,609.0,435.0,609.0,435.0,150.0,-90.0,562,562,0,TRACKING,608.0,434.0,1.414,True
SCN_011,562,18.7,TGT_002,DECOY_TARGET,true,609.0,41.0,609.0,41.0,150.0,-90.0,389,389,0,TRACKING,608.0,40.0,1.414,False
SCN_011,562,18.7,TGT_003,DECOY_TARGET,true,359.0,123.0,359.0,123.0,150.0,-90.0,562,562,0,TRACKING,358.0,122.0,1.414,False
SCN_011,563,18.7333,TGT_001,COMMUNICATION_TARGET,true,615.0,432.0,615.0,432.0,180.0,-90.0,563,563,0,TRACKING,614.0,431.0,1.414,True
SCN_011,563,18.7333,TGT_002,DECOY_TARGET,true,615.0,36.0,615.0,36.0,180.0,-150.0,390,390,0,TRACKING,614.0,35.0,1.414,False
SCN_011,563,18.7333,TGT_003,DECOY_TARGET,true,365.0,119.0,365.0,119.0,180.0,-120.0,563,563,0,TRACKING,364.0,118.0,1.414,False
SCN_011,564,18.7667,TGT_001,COMMUNICATION_TARGET,true,617.0,431.0,617.0,431.0,60.0,-30.0,564,564,0,TRACKING,616.0,430.0,1.414,True
SCN_011,564,18.7667,TGT_002,DECOY_TARGET,true,617.0,34.0,617.0,34.0,60.0,-60.0,391,391,0,TRACKING,616.0,33.0,1.414,False
SCN_011,564,18.7667,TGT_003,DECOY_TARGET,true,367.0,118.0,367.0,118.0,60.0,-30.0,564,564,0,TRACKING,366.0,117.0,1.414,False
SCN_011,565,18.8,TGT_001,COMMUNICATION_TARGET,true,615.0,431.0,615.0,431.0,-60.0,0.0,565,565,0,TRACKING,614.0,430.0,1.414,True
SCN_011,565,18.8,TGT_002,DECOY_TARGET,true,615.0,33.0,615.0,33.0,-60.0,-30.0,392,392,0,TRACKING,614.0,32.0,1.414,False
SCN_011,565,18.8,TGT_003,DECOY_TARGET,true,364.0,118.0,364.0,118.0,-90.0,0.0,565,565,0,TRACKING,363.0,117.0,1.414,False
SCN_011,566,18.8333,TGT_001,COMMUNICATION_TARGET,true,610.0,433.0,610.0,433.0,-150.0,60.0,566,566,0,TRACKING,609.0,432.0,1.414,True
SCN_011,566,18.8333,TGT_002,DECOY_TARGET,true,610.0,34.0,610.0,34.0,-150.0,30.0,393,393,0,TRACKING,609.0,33.0,1.414,False
SCN_011,566,18.8333,TGT_003,DECOY_TARGET,true,359.0,119.0,359.0,119.0,-150.0,30.0,566,566,0,TRACKING,358.0,118.0,1.414,False
SCN_011,567,18.8667,TGT_001,COMMUNICATION_TARGET,true,606.0,435.0,606.0,435.0,-120.0,60.0,567,567,0,TRACKING,605.0,434.0,1.414,True
SCN_011,567,18.8667,TGT_002,DECOY_TARGET,true,606.0,35.0,606.0,35.0,-120.0,30.0,394,394,0,TRACKING,605.0,34.0,1.414,False
SCN_011,567,18.8667,TGT_003,DECOY_TARGET,true,356.0,121.0,356.0,121.0,-90.0,60.0,567,567,0,TRACKING,355.0,120.0,1.414,False
SCN_011,568,18.9,TGT_001,COMMUNICATION_TARGET,true,606.0,435.0,606.0,435.0,0.0,0.0,568,568,0,TRACKING,605.0,434.0,1.414,True
SCN_011,568,18.9,TGT_002,DECOY_TARGET,true,606.0,34.0,606.0,34.0,0.0,-30.0,395,395,0,TRACKING,605.0,33.0,1.414,False
SCN_011,568,18.9,TGT_003,DECOY_TARGET,true,355.0,121.0,355.0,121.0,-30.0,0.0,568,568,0,TRACKING,354.0,120.0,1.414,False
SCN_011,569,18.9333,TGT_001,COMMUNICATION_TARGET,true,610.0,436.0,610.0,436.0,120.0,30.0,569,569,0,TRACKING,609.0,435.0,1.414,True
SCN_011,569,18.9333,TGT_002,DECOY_TARGET,true,610.0,34.0,610.0,34.0,120.0,0.0,396,396,0,TRACKING,609.0,33.0,1.414,False
SCN_011,569,18.9333,TGT_003,DECOY_TARGET,true,359.0,121.0,359.0,121.0,120.0,0.0,569,569,0,TRACKING,358.0,120.0,1.414,False
SCN_011,570,18.9667,TGT_001,COMMUNICATION_TARGET,true,615.0,436.0,615.0,436.0,150.0,0.0,570,570,0,TRACKING,614.0,435.0,1.414,True
SCN_011,570,18.9667,TGT_002,DECOY_TARGET,true,615.0,33.0,615.0,33.0,150.0,-30.0,397,397,0,TRACKING,614.0,32.0,1.414,False
SCN_011,570,18.9667,TGT_003,DECOY_TARGET,true,364.0,121.0,364.0,121.0,150.0,0.0,570,570,0,TRACKING,363.0,120.0,1.414,False
SCN_011,571,19.0,TGT_001,COMMUNICATION_TARGET,true,619.0,439.0,619.0,439.0,120.0,90.0,571,571,0,TRACKING,618.0,438.0,1.414,True
SCN_011,571,19.0,TGT_002,DECOY_TARGET,true,619.0,35.0,619.0,35.0,120.0,60.0,398,398,0,TRACKING,618.0,34.0,1.414,False
SCN_011,571,19.0,TGT_003,DECOY_TARGET,true,368.0,124.0,368.0,124.0,120.0,90.0,571,571,0,TRACKING,367.0,123.0,1.414,False
SCN_011,572,19.0333,TGT_001,COMMUNICATION_TARGET,true,620.0,443.0,620.0,443.0,30.0,120.0,572,572,0,TRACKING,619.0,442.0,1.414,True
SCN_011,572,19.0333,TGT_002,DECOY_TARGET,true,620.0,38.0,620.0,38.0,30.0,90.0,399,399,0,TRACKING,619.0,37.0,1.414,False
SCN_011,572,19.0333,TGT_003,DECOY_TARGET,true,369.0,127.0,369.0,127.0,30.0,90.0,572,572,0,TRACKING,368.0,126.0,1.414,False
SCN_011,573,19.0667,TGT_001,COMMUNICATION_TARGET,true,620.0,446.0,620.0,446.0,0.0,90.0,573,573,0,TRACKING,619.0,445.0,1.414,True
SCN_011,573,19.0667,TGT_002,DECOY_TARGET,true,620.0,41.0,620.0,41.0,0.0,90.0,400,400,0,TRACKING,619.0,40.0,1.414,False
SCN_011,573,19.0667,TGT_003,DECOY_TARGET,true,368.0,131.0,368.0,131.0,-30.0,120.0,573,573,0,TRACKING,367.0,130.0,1.414,False
SCN_011,574,19.1,TGT_001,COMMUNICATION_TARGET,true,621.0,446.0,621.0,446.0,30.0,0.0,574,574,0,TRACKING,620.0,445.0,1.414,True
SCN_011,574,19.1,TGT_002,DECOY_TARGET,true,621.0,39.0,621.0,39.0,30.0,-60.0,401,401,0,TRACKING,620.0,38.0,1.414,False
SCN_011,574,19.1,TGT_003,DECOY_TARGET,true,370.0,130.0,370.0,130.0,60.0,-30.0,574,574,0,TRACKING,369.0,129.0,1.414,False
SCN_011,575,19.1333,TGT_001,COMMUNICATION_TARGET,true,623.0,444.0,623.0,444.0,60.0,-60.0,575,575,0,TRACKING,622.0,443.0,1.414,True
SCN_011,575,19.1333,TGT_002,DECOY_TARGET,true,623.0,36.0,623.0,36.0,60.0,-90.0,402,402,0,TRACKING,622.0,35.0,1.414,False
SCN_011,575,19.1333,TGT_003,DECOY_TARGET,true,372.0,128.0,372.0,128.0,60.0,-60.0,575,575,0,TRACKING,371.0,127.0,1.414,False
SCN_011,576,19.1667,TGT_001,COMMUNICATION_TARGET,true,623.0,440.0,623.0,440.0,0.0,-120.0,576,576,0,TRACKING,622.0,439.0,1.414,True
SCN_011,576,19.1667,TGT_002,DECOY_TARGET,true,623.0,31.0,623.0,31.0,0.0,-150.0,403,403,0,TRACKING,622.0,30.0,1.414,False
SCN_011,576,19.1667,TGT_003,DECOY_TARGET,true,372.0,123.0,372.0,123.0,0.0,-150.0,576,576,0,TRACKING,371.0,122.0,1.414,False
SCN_011,577,19.2,TGT_001,COMMUNICATION_TARGET,true,621.0,435.0,621.0,435.0,-60.0,-150.0,577,577,0,TRACKING,620.0,434.0,1.414,True
SCN_011,577,19.2,TGT_002,DECOY_TARGET,true,621.0,25.0,621.0,25.0,-60.0,-180.0,404,404,0,TRACKING,620.0,24.0,1.414,False
SCN_011,577,19.2,TGT_003,DECOY_TARGET,true,370.0,119.0,370.0,119.0,-60.0,-120.0,577,577,0,TRACKING,369.0,118.0,1.414,False
SCN_011,578,19.2333,TGT_001,COMMUNICATION_TARGET,true,619.0,436.0,619.0,436.0,-60.0,30.0,578,578,0,TRACKING,618.0,435.0,1.414,True
SCN_011,578,19.2333,TGT_002,DECOY_TARGET,true,619.0,25.0,619.0,25.0,-60.0,0.0,405,405,0,TRACKING,618.0,24.0,1.414,False
SCN_011,578,19.2333,TGT_003,DECOY_TARGET,true,367.0,119.0,367.0,119.0,-90.0,0.0,578,578,0,TRACKING,366.0,118.0,1.414,False
SCN_011,579,19.2667,TGT_001,COMMUNICATION_TARGET,true,617.0,439.0,617.0,439.0,-60.0,90.0,579,579,0,TRACKING,616.0,438.0,1.414,True
SCN_011,579,19.2667,TGT_002,DECOY_TARGET,true,617.0,27.0,617.0,27.0,-60.0,60.0,406,406,0,TRACKING,616.0,26.0,1.414,False
SCN_011,579,19.2667,TGT_003,DECOY_TARGET,true,365.0,122.0,365.0,122.0,-60.0,90.0,579,579,0,TRACKING,364.0,121.0,1.414,False
SCN_011,580,19.3,TGT_001,COMMUNICATION_TARGET,true,620.0,442.0,620.0,442.0,90.0,90.0,580,580,0,TRACKING,619.0,441.0,1.414,True
SCN_011,580,19.3,TGT_002,DECOY_TARGET,true,620.0,29.0,620.0,29.0,90.0,60.0,407,407,0,TRACKING,619.0,28.0,1.414,False
SCN_011,580,19.3,TGT_003,DECOY_TARGET,true,368.0,125.0,368.0,125.0,90.0,90.0,580,580,0,TRACKING,367.0,124.0,1.414,False
SCN_011,581,19.3333,TGT_001,COMMUNICATION_TARGET,true,625.0,446.0,625.0,446.0,150.0,120.0,581,581,0,TRACKING,624.0,445.0,1.414,True
SCN_011,581,19.3333,TGT_002,DECOY_TARGET,true,625.0,33.0,625.0,33.0,150.0,120.0,408,408,0,TRACKING,624.0,32.0,1.414,False
SCN_011,581,19.3333,TGT_003,DECOY_TARGET,true,372.0,129.0,372.0,129.0,120.0,120.0,581,581,0,TRACKING,371.0,128.0,1.414,False
SCN_011,582,19.3667,TGT_001,COMMUNICATION_TARGET,true,632.0,448.0,632.0,448.0,210.0,60.0,582,582,0,TRACKING,631.0,447.0,1.414,True
SCN_011,582,19.3667,TGT_002,DECOY_TARGET,true,632.0,34.0,632.0,34.0,210.0,30.0,409,409,0,TRACKING,631.0,33.0,1.414,False
SCN_011,582,19.3667,TGT_003,DECOY_TARGET,true,379.0,131.0,379.0,131.0,210.0,60.0,582,582,0,TRACKING,378.0,130.0,1.414,False
SCN_011,583,19.4,TGT_001,COMMUNICATION_TARGET,true,635.0,450.0,635.0,450.0,90.0,60.0,583,583,0,TRACKING,634.0,449.0,1.414,True
SCN_011,583,19.4,TGT_002,DECOY_TARGET,true,635.0,34.0,635.0,34.0,90.0,0.0,410,410,0,TRACKING,634.0,33.0,1.414,False
SCN_011,583,19.4,TGT_003,DECOY_TARGET,true,383.0,132.0,383.0,132.0,120.0,30.0,583,583,0,TRACKING,382.0,131.0,1.414,False
SCN_011,584,19.4333,TGT_001,COMMUNICATION_TARGET,true,635.0,449.0,635.0,449.0,0.0,-30.0,584,584,0,TRACKING,634.0,448.0,1.414,True
SCN_011,584,19.4333,TGT_002,DECOY_TARGET,true,635.0,32.0,635.0,32.0,0.0,-60.0,411,411,0,TRACKING,634.0,31.0,1.414,False
SCN_011,584,19.4333,TGT_003,DECOY_TARGET,true,382.0,131.0,382.0,131.0,-30.0,-30.0,584,584,0,TRACKING,381.0,130.0,1.414,False
SCN_011,585,19.4667,TGT_001,COMMUNICATION_TARGET,true,632.0,449.0,632.0,449.0,-90.0,0.0,585,585,0,TRACKING,631.0,448.0,1.414,True
SCN_011,585,19.4667,TGT_002,DECOY_TARGET,true,632.0,31.0,632.0,31.0,-90.0,-30.0,412,412,0,TRACKING,631.0,30.0,1.414,False
SCN_011,585,19.4667,TGT_003,DECOY_TARGET,true,379.0,131.0,379.0,131.0,-90.0,0.0,585,585,0,TRACKING,378.0,130.0,1.414,False
SCN_011,586,19.5,TGT_001,COMMUNICATION_TARGET,true,627.0,450.0,627.0,450.0,-150.0,30.0,586,586,0,TRACKING,626.0,449.0,1.414,True
SCN_011,586,19.5,TGT_002,DECOY_TARGET,true,627.0,31.0,627.0,31.0,-150.0,0.0,413,413,0,TRACKING,626.0,30.0,1.414,False
SCN_011,586,19.5,TGT_003,DECOY_TARGET,true,375.0,132.0,375.0,132.0,-120.0,30.0,586,586,0,TRACKING,374.0,131.0,1.414,False
SCN_011,587,19.5333,TGT_001,COMMUNICATION_TARGET,true,627.0,451.0,627.0,451.0,0.0,30.0,587,587,0,TRACKING,626.0,450.0,1.414,True
SCN_011,587,19.5333,TGT_002,DECOY_TARGET,true,627.0,31.0,627.0,31.0,0.0,0.0,414,414,0,TRACKING,626.0,30.0,1.414,False
SCN_011,587,19.5333,TGT_003,DECOY_TARGET,true,374.0,132.0,374.0,132.0,-30.0,0.0,587,587,0,TRACKING,373.0,131.0,1.414,False
SCN_011,588,19.5667,TGT_001,COMMUNICATION_TARGET,true,629.0,450.0,629.0,450.0,60.0,-30.0,588,588,0,TRACKING,628.0,449.0,1.414,True
SCN_011,588,19.5667,TGT_002,DECOY_TARGET,true,629.0,30.0,629.0,30.0,60.0,-30.0,415,415,0,TRACKING,628.0,29.0,1.414,False
SCN_011,588,19.5667,TGT_003,DECOY_TARGET,true,376.0,132.0,376.0,132.0,60.0,0.0,588,588,0,TRACKING,375.0,131.0,1.414,False
SCN_011,589,19.6,TGT_001,COMMUNICATION_TARGET,true,631.0,448.0,631.0,448.0,60.0,-60.0,589,589,0,TRACKING,630.0,447.0,1.414,True
SCN_011,589,19.6,TGT_002,DECOY_TARGET,true,631.0,26.0,631.0,26.0,60.0,-120.0,416,416,0,TRACKING,630.0,25.0,1.414,False
SCN_011,589,19.6,TGT_003,DECOY_TARGET,true,378.0,129.0,378.0,129.0,60.0,-90.0,589,589,0,TRACKING,377.0,128.0,1.414,False
SCN_011,590,19.6333,TGT_001,COMMUNICATION_TARGET,true,633.0,447.0,633.0,447.0,60.0,-30.0,590,590,0,TRACKING,632.0,446.0,1.414,True
SCN_011,590,19.6333,TGT_002,DECOY_TARGET,true,633.0,24.0,633.0,24.0,60.0,-60.0,417,417,0,TRACKING,632.0,23.0,1.414,False
SCN_011,590,19.6333,TGT_003,DECOY_TARGET,true,380.0,128.0,380.0,128.0,60.0,-30.0,590,590,0,TRACKING,379.0,127.0,1.414,False
SCN_011,591,19.6667,TGT_001,COMMUNICATION_TARGET,true,634.0,444.0,634.0,444.0,30.0,-90.0,591,591,0,TRACKING,633.0,443.0,1.414,True
SCN_011,591,19.6667,TGT_002,DECOY_TARGET,true,634.0,21.0,634.0,21.0,30.0,-90.0,418,418,0,TRACKING,633.0,20.0,1.414,False
SCN_011,591,19.6667,TGT_003,DECOY_TARGET,true,381.0,125.0,381.0,125.0,30.0,-90.0,591,591,0,TRACKING,380.0,124.0,1.414,False
SCN_011,592,19.7,TGT_001,COMMUNICATION_TARGET,true,635.5,445.0,635.5,445.0,45.0,30.0,592,592,0,TRACKING,635.0,444.0,1.118,True
SCN_011,592,19.7,TGT_002,DECOY_TARGET,true,635.5,21.0,635.5,21.0,45.0,0.0,419,419,0,TRACKING,635.0,20.0,1.118,False
SCN_011,592,19.7,TGT_003,DECOY_TARGET,true,383.0,126.0,383.0,126.0,60.0,30.0,592,592,0,TRACKING,382.0,125.0,1.414,False
SCN_011,593,19.7333,TGT_001,COMMUNICATION_TARGET,true,635.5,450.0,635.5,450.0,0.0,150.0,593,593,0,TRACKING,635.0,449.0,1.118,True
SCN_011,593,19.7333,TGT_002,DECOY_TARGET,true,635.5,25.0,635.5,25.0,0.0,120.0,420,420,0,TRACKING,635.0,24.0,1.118,False
SCN_011,593,19.7333,TGT_003,DECOY_TARGET,true,385.0,131.0,385.0,131.0,60.0,150.0,593,593,0,TRACKING,384.0,130.0,1.414,False
SCN_011,594,19.7667,TGT_001,COMMUNICATION_TARGET,false,,,,,0.0,150.0,593,0,1,TEMPORARILY_LOST,635.0,455.0,,True
SCN_011,594,19.7667,TGT_002,DECOY_TARGET,false,,,,,0.0,120.0,420,0,1,TEMPORARILY_LOST,635.0,28.0,,False
SCN_011,594,19.7667,TGT_003,DECOY_TARGET,true,389.0,136.0,389.0,136.0,120.0,150.0,594,594,0,TRACKING,388.0,135.0,1.414,False
SCN_011,595,19.8,TGT_001,COMMUNICATION_TARGET,false,,,,,0.0,150.0,593,0,2,TEMPORARILY_LOST,635.0,460.0,,True
SCN_011,595,19.8,TGT_002,DECOY_TARGET,false,,,,,0.0,120.0,420,0,2,TEMPORARILY_LOST,635.0,32.0,,False
SCN_011,595,19.8,TGT_003,DECOY_TARGET,true,390.0,141.0,390.0,141.0,30.0,150.0,595,595,0,TRACKING,389.0,140.0,1.414,False
SCN_011,596,19.8333,TGT_001,COMMUNICATION_TARGET,false,,,,,0.0,150.0,593,0,3,TEMPORARILY_LOST,635.0,460.0,,True
SCN_011,596,19.8333,TGT_002,DECOY_TARGET,false,,,,,0.0,120.0,420,0,3,TEMPORARILY_LOST,635.0,31.0,,False
SCN_011,596,19.8333,TGT_003,DECOY_TARGET,true,387.0,141.0,387.0,141.0,-90.0,0.0,596,596,0,TRACKING,386.0,140.0,1.414,False
SCN_011,597,19.8667,TGT_001,COMMUNICATION_TARGET,true,635.5,459.0,635.5,459.0,0.0,0.0,1,1,0,REACQUIRED,635.0,458.0,1.118,True
SCN_011,597,19.8667,TGT_002,DECOY_TARGET,true,635.5,30.0,635.5,30.0,0.0,0.0,1,1,0,REACQUIRED,635.0,29.0,1.118,False
SCN_011,597,19.8667,TGT_003,DECOY_TARGET,true,383.0,139.0,383.0,139.0,-120.0,-60.0,597,597,0,TRACKING,382.0,138.0,1.414,False
SCN_011,598,19.9,TGT_001,COMMUNICATION_TARGET,true,633.0,457.0,633.0,457.0,-75.0,-60.0,2,2,0,TRACKING,632.0,456.0,1.414,True
SCN_011,598,19.9,TGT_002,DECOY_TARGET,true,633.0,26.0,633.0,26.0,-75.0,-120.0,2,2,0,TRACKING,632.0,25.0,1.414,False
SCN_011,598,19.9,TGT_003,DECOY_TARGET,true,379.0,137.0,379.0,137.0,-120.0,-60.0,598,598,0,TRACKING,378.0,136.0,1.414,False
SCN_011,599,19.9333,TGT_001,COMMUNICATION_TARGET,true,634.0,454.0,634.0,454.0,30.0,-90.0,3,3,0,TRACKING,633.0,453.0,1.414,True
SCN_011,599,19.9333,TGT_002,DECOY_TARGET,true,634.0,23.0,634.0,23.0,30.0,-90.0,3,3,0,TRACKING,633.0,22.0,1.414,False
SCN_011,599,19.9333,TGT_003,DECOY_TARGET,true,379.0,134.0,379.0,134.0,0.0,-90.0,599,599,0,TRACKING,378.0,133.0,1.414,False
SCN_011,600,19.9667,TGT_001,COMMUNICATION_TARGET,true,635.5,453.0,635.5,453.0,45.0,-30.0,4,4,0,TRACKING,635.0,452.0,1.118,True
SCN_011,600,19.9667,TGT_002,DECOY_TARGET,true,635.5,21.0,635.5,21.0,45.0,-60.0,4,4,0,TRACKING,635.0,20.0,1.118,False
SCN_011,600,19.9667,TGT_003,DECOY_TARGET,true,383.0,133.0,383.0,133.0,120.0,-30.0,600,600,0,TRACKING,382.0,132.0,1.414,False
SCN_011,601,20.0,TGT_001,COMMUNICATION_TARGET,false,,,,,45.0,-30.0,4,0,1,TEMPORARILY_LOST,635.0,453.0,,True
SCN_011,601,20.0,TGT_002,DECOY_TARGET,false,,,,,45.0,-60.0,4,0,1,TEMPORARILY_LOST,635.0,20.0,,False
SCN_011,601,20.0,TGT_003,DECOY_TARGET,true,390.0,134.0,390.0,134.0,210.0,30.0,601,601,0,TRACKING,389.0,133.0,1.414,False
SCN_011,602,20.0333,TGT_001,COMMUNICATION_TARGET,false,,,,,45.0,-30.0,4,0,2,TEMPORARILY_LOST,635.0,455.0,,True
SCN_011,602,20.0333,TGT_002,DECOY_TARGET,false,,,,,45.0,-60.0,4,0,2,TEMPORARILY_LOST,635.0,21.0,,False
SCN_011,602,20.0333,TGT_003,DECOY_TARGET,true,395.0,136.0,395.0,136.0,150.0,60.0,602,602,0,TRACKING,394.0,135.0,1.414,False
SCN_011,603,20.0667,TGT_001,COMMUNICATION_TARGET,false,,,,,45.0,-30.0,4,0,3,TEMPORARILY_LOST,635.0,456.0,,True
SCN_011,603,20.0667,TGT_002,DECOY_TARGET,false,,,,,45.0,-60.0,4,0,3,TEMPORARILY_LOST,635.0,20.0,,False
SCN_011,603,20.0667,TGT_003,DECOY_TARGET,true,396.0,136.0,396.0,136.0,30.0,0.0,603,603,0,TRACKING,395.0,135.0,1.414,False
SCN_011,604,20.1,TGT_001,COMMUNICATION_TARGET,false,,,,,45.0,-30.0,4,0,4,TEMPORARILY_LOST,635.0,457.0,,True
SCN_011,604,20.1,TGT_002,DECOY_TARGET,false,,,,,45.0,-60.0,4,0,4,TEMPORARILY_LOST,635.0,21.0,,False
SCN_011,604,20.1,TGT_003,DECOY_TARGET,true,393.0,137.0,393.0,137.0,-90.0,30.0,604,604,0,TRACKING,392.0,136.0,1.414,False
SCN_011,605,20.1333,TGT_001,COMMUNICATION_TARGET,false,,,,,45.0,-30.0,4,0,5,TEMPORARILY_LOST,635.0,457.0,,True
SCN_011,605,20.1333,TGT_002,DECOY_TARGET,false,,,,,45.0,-60.0,4,0,5,TEMPORARILY_LOST,635.0,20.0,,False
SCN_011,605,20.1333,TGT_003,DECOY_TARGET,true,392.0,137.0,392.0,137.0,-30.0,0.0,605,605,0,TRACKING,391.0,136.0,1.414,False
SCN_011,606,20.1667,TGT_001,COMMUNICATION_TARGET,false,,,,,45.0,-30.0,4,0,6,LOST,635.0,459.0,,True
SCN_011,606,20.1667,TGT_002,DECOY_TARGET,false,,,,,45.0,-60.0,4,0,6,LOST,635.0,21.0,,False
SCN_011,606,20.1667,TGT_003,DECOY_TARGET,true,390.0,139.0,390.0,139.0,-60.0,60.0,606,606,0,TRACKING,389.0,138.0,1.414,False
SCN_011,607,20.2,TGT_001,COMMUNICATION_TARGET,false,,,,,45.0,-30.0,4,0,7,LOST,635.0,463.0,,True
SCN_011,607,20.2,TGT_002,DECOY_TARGET,false,,,,,45.0,-60.0,4,0,7,LOST,635.0,24.0,,False
SCN_011,607,20.2,TGT_003,DECOY_TARGET,true,389.0,143.0,389.0,143.0,-30.0,120.0,607,607,0,TRACKING,388.0,142.0,1.414,False
SCN_011,608,20.2333,TGT_001,COMMUNICATION_TARGET,false,,,,,45.0,-30.0,4,0,8,LOST,635.0,467.0,,True
SCN_011,608,20.2333,TGT_002,DECOY_TARGET,false,,,,,45.0,-60.0,4,0,8,LOST,635.0,26.0,,False
SCN_011,608,20.2333,TGT_003,DECOY_TARGET,true,390.0,146.0,390.0,146.0,30.0,90.0,608,608,0,TRACKING,389.0,145.0,1.414,False
SCN_011,609,20.2667,TGT_001,COMMUNICATION_TARGET,false,,,,,45.0,-30.0,4,0,9,LOST,635.0,469.0,,True
SCN_011,609,20.2667,TGT_002,DECOY_TARGET,false,,,,,45.0,-60.0,4,0,9,LOST,635.0,27.0,,False
SCN_011,609,20.2667,TGT_003,DECOY_TARGET,true,390.0,148.0,390.0,148.0,0.0,60.0,609,609,0,TRACKING,389.0,147.0,1.414,False
SCN_011,610,20.3,TGT_001,COMMUNICATION_TARGET,false,,,,,45.0,-30.0,4,0,10,LOST,635.0,468.0,,True
SCN_011,610,20.3,TGT_002,DECOY_TARGET,false,,,,,45.0,-60.0,4,0,10,LOST,635.0,25.0,,False
SCN_011,610,20.3,TGT_003,DECOY_TARGET,true,389.0,147.0,389.0,147.0,-30.0,-30.0,610,610,0,TRACKING,388.0,146.0,1.414,False
SCN_011,611,20.3333,TGT_001,COMMUNICATION_TARGET,false,,,,,45.0,-30.0,4,0,11,LOST,635.0,465.0,,True
SCN_011,611,20.3333,TGT_002,DECOY_TARGET,false,,,,,45.0,-60.0,4,0,11,LOST,635.0,22.0,,False
SCN_011,611,20.3333,TGT_003,DECOY_TARGET,true,392.0,145.0,392.0,145.0,90.0,-60.0,611,611,0,TRACKING,391.0,144.0,1.414,False
SCN_011,612,20.3667,TGT_001,COMMUNICATION_TARGET,false,,,,,45.0,-30.0,4,0,12,LOST,635.0,461.0,,True
SCN_011,612,20.3667,TGT_002,DECOY_TARGET,false,,,,,45.0,-60.0,4,0,12,LOST,635.0,17.0,,False
SCN_011,612,20.3667,TGT_003,DECOY_TARGET,true,396.0,140.0,396.0,140.0,120.0,-150.0,612,612,0,TRACKING,395.0,139.0,1.414,False
SCN_011,613,20.4,TGT_001,COMMUNICATION_TARGET,false,,,,,45.0,-30.0,4,0,13,LOST,635.0,458.0,,True
SCN_011,613,20.4,TGT_002,DECOY_TARGET,false,,,,,45.0,-60.0,4,0,13,LOST,635.0,12.0,,False
SCN_011,613,20.4,TGT_003,DECOY_TARGET,true,400.0,137.0,400.0,137.0,120.0,-90.0,613,613,0,TRACKING,399.0,136.0,1.414,False
SCN_011,614,20.4333,TGT_001,COMMUNICATION_TARGET,false,,,,,45.0,-30.0,4,0,14,LOST,635.0,458.0,,True
SCN_011,614,20.4333,TGT_002,DECOY_TARGET,false,,,,,45.0,-60.0,4,0,14,LOST,635.0,12.0,,False
SCN_011,614,20.4333,TGT_003,DECOY_TARGET,true,403.0,137.0,403.0,137.0,90.0,0.0,614,614,0,TRACKING,402.0,136.0,1.414,False
SCN_011,615,20.4667,TGT_001,COMMUNICATION_TARGET,false,,,,,45.0,-30.0,4,0,15,LOST,635.0,462.0,,True
SCN_011,615,20.4667,TGT_002,DECOY_TARGET,false,,,,,45.0,-60.0,4,0,15,LOST,635.0,15.0,,False
SCN_011,615,20.4667,TGT_003,DECOY_TARGET,true,403.0,141.0,403.0,141.0,0.0,120.0,615,615,0,TRACKING,402.0,140.0,1.414,False
SCN_011,616,20.5,TGT_001,COMMUNICATION_TARGET,false,,,,,45.0,-30.0,4,0,16,LOST,635.0,467.0,,True
SCN_011,616,20.5,TGT_002,DECOY_TARGET,false,,,,,45.0,-60.0,4,0,16,LOST,635.0,18.0,,False
SCN_011,616,20.5,TGT_003,DECOY_TARGET,true,398.0,145.0,398.0,145.0,-150.0,120.0,616,616,0,TRACKING,397.0,144.0,1.414,False
SCN_011,617,20.5333,TGT_001,COMMUNICATION_TARGET,false,,,,,45.0,-30.0,4,0,17,LOST,635.0,471.0,,True
SCN_011,617,20.5333,TGT_002,DECOY_TARGET,false,,,,,45.0,-60.0,4,0,17,LOST,635.0,22.0,,False
SCN_011,617,20.5333,TGT_003,DECOY_TARGET,true,392.0,150.0,392.0,150.0,-180.0,150.0,617,617,0,TRACKING,391.0,149.0,1.414,False
SCN_011,618,20.5667,TGT_001,COMMUNICATION_TARGET,false,,,,,45.0,-30.0,4,0,18,LOST,635.0,472.0,,True
SCN_011,618,20.5667,TGT_002,DECOY_TARGET,false,,,,,45.0,-60.0,4,0,18,LOST,635.0,21.0,,False
SCN_011,618,20.5667,TGT_003,DECOY_TARGET,true,390.0,150.0,390.0,150.0,-60.0,0.0,618,618,0,TRACKING,389.0,149.0,1.414,False
SCN_011,619,20.6,TGT_001,COMMUNICATION_TARGET,false,,,,,45.0,-30.0,4,0,19,LOST,635.0,471.0,,True
SCN_011,619,20.6,TGT_002,DECOY_TARGET,false,,,,,45.0,-60.0,4,0,19,LOST,635.0,20.0,,False
SCN_011,619,20.6,TGT_003,DECOY_TARGET,true,392.0,150.0,392.0,150.0,60.0,0.0,619,619,0,TRACKING,391.0,149.0,1.414,False
SCN_011,620,20.6333,TGT_001,COMMUNICATION_TARGET,false,,,,,45.0,-30.0,4,0,20,LOST,635.0,472.0,,True
SCN_011,620,20.6333,TGT_002,DECOY_TARGET,false,,,,,45.0,-60.0,4,0,20,LOST,635.0,19.0,,False
SCN_011,620,20.6333,TGT_003,DECOY_TARGET,true,398.0,150.0,398.0,150.0,180.0,0.0,620,620,0,TRACKING,397.0,149.0,1.414,False
SCN_011,621,20.6667,TGT_001,COMMUNICATION_TARGET,false,,,,,45.0,-30.0,4,0,21,LOST,635.0,471.0,,True
SCN_011,621,20.6667,TGT_002,DECOY_TARGET,false,,,,,45.0,-60.0,4,0,21,LOST,635.0,17.0,,False
SCN_011,621,20.6667,TGT_003,DECOY_TARGET,true,402.0,149.0,402.0,149.0,120.0,-30.0,621,621,0,TRACKING,401.0,148.0,1.414,False
SCN_011,622,20.7,TGT_001,COMMUNICATION_TARGET,false,,,,,45.0,-30.0,4,0,22,LOST,635.0,472.0,,True
SCN_011,622,20.7,TGT_002,DECOY_TARGET,false,,,,,45.0,-60.0,4,0,22,LOST,635.0,18.0,,False
SCN_011,622,20.7,TGT_003,DECOY_TARGET,true,403.0,151.0,403.0,151.0,30.0,60.0,622,622,0,TRACKING,402.0,150.0,1.414,False
SCN_011,623,20.7333,TGT_001,COMMUNICATION_TARGET,false,,,,,45.0,-30.0,4,0,23,LOST,635.0,473.0,,True
SCN_011,623,20.7333,TGT_002,DECOY_TARGET,false,,,,,45.0,-60.0,4,0,23,LOST,635.0,18.0,,False
SCN_011,623,20.7333,TGT_003,DECOY_TARGET,true,403.0,151.0,403.0,151.0,0.0,0.0,623,623,0,TRACKING,402.0,150.0,1.414,False
SCN_011,624,20.7667,TGT_001,COMMUNICATION_TARGET,false,,,,,45.0,-30.0,4,0,24,LOST,635.0,472.0,,True
SCN_011,624,20.7667,TGT_002,DECOY_TARGET,false,,,,,45.0,-60.0,4,0,24,LOST,635.0,16.0,,False
SCN_011,624,20.7667,TGT_003,DECOY_TARGET,true,402.0,151.0,402.0,151.0,-30.0,0.0,624,624,0,TRACKING,401.0,150.0,1.414,False
SCN_011,625,20.8,TGT_001,COMMUNICATION_TARGET,false,,,,,45.0,-30.0,4,0,25,LOST,635.0,470.0,,True
SCN_011,625,20.8,TGT_002,DECOY_TARGET,false,,,,,45.0,-60.0,4,0,25,LOST,635.0,13.0,,False
SCN_011,625,20.8,TGT_003,DECOY_TARGET,true,403.0,149.0,403.0,149.0,30.0,-60.0,625,625,0,TRACKING,402.0,148.0,1.414,False
SCN_011,626,20.8333,TGT_001,COMMUNICATION_TARGET,false,,,,,45.0,-30.0,4,0,26,LOST,635.0,468.0,,True
SCN_011,626,20.8333,TGT_002,DECOY_TARGET,false,,,,,45.0,-60.0,4,0,26,LOST,635.0,9.0,,False
SCN_011,626,20.8333,TGT_003,DECOY_TARGET,true,403.0,146.0,403.0,146.0,0.0,-90.0,626,626,0,TRACKING,402.0,145.0,1.414,False
SCN_011,627,20.8667,TGT_001,COMMUNICATION_TARGET,false,,,,,45.0,-30.0,4,0,27,LOST,635.0,468.0,,True
SCN_011,627,20.8667,TGT_002,DECOY_TARGET,false,,,,,45.0,-60.0,4,0,27,LOST,635.0,9.0,,False
SCN_011,627,20.8667,TGT_003,DECOY_TARGET,true,401.0,146.0,401.0,146.0,-60.0,0.0,627,627,0,TRACKING,400.0,145.0,1.414,False
SCN_011,628,20.9,TGT_001,COMMUNICATION_TARGET,false,,,,,45.0,-30.0,4,0,28,LOST,635.0,469.0,,True
SCN_011,628,20.9,TGT_002,DECOY_TARGET,false,,,,,45.0,-60.0,4,0,28,LOST,635.0,9.0,,False
SCN_011,628,20.9,TGT_003,DECOY_TARGET,true,399.0,148.0,399.0,148.0,-60.0,60.0,628,628,0,TRACKING,398.0,147.0,1.414,False
SCN_011,629,20.9333,TGT_001,COMMUNICATION_TARGET,false,,,,,45.0,-30.0,4,0,29,LOST,635.0,475.0,,True
SCN_011,629,20.9333,TGT_002,DECOY_TARGET,false,,,,,45.0,-60.0,4,0,29,LOST,635.0,13.0,,False
SCN_011,629,20.9333,TGT_003,DECOY_TARGET,true,397.0,153.0,397.0,153.0,-60.0,150.0,629,629,0,TRACKING,396.0,152.0,1.414,False
SCN_011,630,20.9667,TGT_001,COMMUNICATION_TARGET,false,,,,,45.0,-30.0,4,0,30,LOST,635.0,475.0,,True
SCN_011,630,20.9667,TGT_002,DECOY_TARGET,false,,,,,45.0,-60.0,4,0,30,LOST,635.0,18.0,,False
SCN_011,630,20.9667,TGT_003,DECOY_TARGET,true,397.0,158.0,397.0,158.0,0.0,150.0,630,630,0,TRACKING,396.0,157.0,1.414,False
SCN_011,631,21.0,TGT_001,COMMUNICATION_TARGET,false,,,,,45.0,-30.0,4,0,31,LOST,635.0,475.0,,True
SCN_011,631,21.0,TGT_002,DECOY_TARGET,false,,,,,45.0,-60.0,4,0,31,LOST,635.0,21.0,,False
SCN_011,631,21.0,TGT_003,DECOY_TARGET,true,400.0,162.0,400.0,162.0,90.0,120.0,631,631,0,TRACKING,399.0,161.0,1.414,False
SCN_011,632,21.0333,TGT_001,COMMUNICATION_TARGET,false,,,,,45.0,-30.0,4,0,32,LOST,635.0,475.0,,True
SCN_011,632,21.0333,TGT_002,DECOY_TARGET,false,,,,,45.0,-60.0,4,0,32,LOST,635.0,20.0,,False
SCN_011,632,21.0333,TGT_003,DECOY_TARGET,true,406.0,162.0,406.0,162.0,180.0,0.0,632,632,0,TRACKING,405.0,161.0,1.414,False
SCN_011,633,21.0667,TGT_001,COMMUNICATION_TARGET,false,,,,,45.0,-30.0,4,0,33,LOST,635.0,475.0,,True
SCN_011,633,21.0667,TGT_002,DECOY_TARGET,false,,,,,45.0,-60.0,4,0,33,LOST,635.0,17.0,,False
SCN_011,633,21.0667,TGT_003,DECOY_TARGET,true,412.0,160.0,412.0,160.0,180.0,-60.0,633,633,0,TRACKING,411.0,159.0,1.414,False
SCN_011,634,21.1,TGT_001,COMMUNICATION_TARGET,false,,,,,45.0,-30.0,4,0,34,LOST,635.0,475.0,,True
SCN_011,634,21.1,TGT_002,DECOY_TARGET,false,,,,,45.0,-60.0,4,0,34,LOST,635.0,12.0,,False
SCN_011,634,21.1,TGT_003,DECOY_TARGET,true,412.0,156.0,412.0,156.0,0.0,-120.0,634,634,0,TRACKING,411.0,155.0,1.414,False
SCN_011,635,21.1333,TGT_001,COMMUNICATION_TARGET,false,,,,,45.0,-30.0,4,0,35,LOST,635.0,475.0,,True
SCN_011,635,21.1333,TGT_002,DECOY_TARGET,false,,,,,45.0,-60.0,4,0,35,LOST,635.0,8.0,,False
SCN_011,635,21.1333,TGT_003,DECOY_TARGET,true,408.0,154.0,408.0,154.0,-120.0,-60.0,635,635,0,TRACKING,407.0,153.0,1.414,False
SCN_011,636,21.1667,TGT_001,COMMUNICATION_TARGET,false,,,,,45.0,-30.0,4,0,36,LOST,635.0,475.0,,True
SCN_011,636,21.1667,TGT_002,DECOY_TARGET,false,,,,,45.0,-60.0,4,0,36,LOST,635.0,7.0,,False
SCN_011,636,21.1667,TGT_003,DECOY_TARGET,true,403.0,154.0,403.0,154.0,-150.0,0.0,636,636,0,TRACKING,402.0,153.0,1.414,False
SCN_011,637,21.2,TGT_001,COMMUNICATION_TARGET,false,,,,,45.0,-30.0,4,0,37,LOST,635.0,475.0,,True
SCN_011,637,21.2,TGT_002,DECOY_TARGET,false,,,,,45.0,-60.0,4,0,37,LOST,635.0,7.0,,False
SCN_011,637,21.2,TGT_003,DECOY_TARGET,true,400.0,155.0,400.0,155.0,-90.0,30.0,637,637,0,TRACKING,399.0,154.0,1.414,False
SCN_011,638,21.2333,TGT_001,COMMUNICATION_TARGET,false,,,,,45.0,-30.0,4,0,38,LOST,635.0,475.0,,True
SCN_011,638,21.2333,TGT_002,DECOY_TARGET,false,,,,,45.0,-60.0,4,0,38,LOST,635.0,8.0,,False
SCN_011,638,21.2333,TGT_003,DECOY_TARGET,true,400.0,156.0,400.0,156.0,0.0,30.0,638,638,0,TRACKING,399.0,155.0,1.414,False
SCN_011,639,21.2667,TGT_001,COMMUNICATION_TARGET,false,,,,,45.0,-30.0,4,0,39,LOST,635.0,475.0,,True
SCN_011,639,21.2667,TGT_002,DECOY_TARGET,false,,,,,45.0,-60.0,4,0,39,LOST,635.0,8.0,,False
SCN_011,639,21.2667,TGT_003,DECOY_TARGET,true,402.0,158.0,402.0,158.0,60.0,60.0,639,639,0,TRACKING,401.0,157.0,1.414,False
SCN_011,640,21.3,TGT_001,COMMUNICATION_TARGET,false,,,,,45.0,-30.0,4,0,40,LOST,635.0,475.0,,True
SCN_011,640,21.3,TGT_002,DECOY_TARGET,false,,,,,45.0,-60.0,4,0,40,LOST,635.0,7.0,,False
SCN_011,640,21.3,TGT_003,DECOY_TARGET,true,406.0,158.0,406.0,158.0,120.0,0.0,640,640,0,TRACKING,405.0,157.0,1.414,False
SCN_011,641,21.3333,TGT_001,COMMUNICATION_TARGET,false,,,,,45.0,-30.0,4,0,41,LOST,635.0,475.0,,True
SCN_011,641,21.3333,TGT_002,DECOY_TARGET,false,,,,,45.0,-60.0,4,0,41,LOST,635.0,7.0,,False
SCN_011,641,21.3333,TGT_003,DECOY_TARGET,true,408.0,159.0,408.0,159.0,60.0,30.0,641,641,0,TRACKING,407.0,158.0,1.414,False
SCN_011,642,21.3667,TGT_001,COMMUNICATION_TARGET,false,,,,,45.0,-30.0,4,0,42,LOST,635.0,475.0,,True
SCN_011,642,21.3667,TGT_002,DECOY_TARGET,false,,,,,45.0,-60.0,4,0,42,LOST,635.0,9.0,,False
SCN_011,642,21.3667,TGT_003,DECOY_TARGET,true,409.0,161.0,409.0,161.0,30.0,60.0,642,642,0,TRACKING,408.0,160.0,1.414,False
SCN_011,643,21.4,TGT_001,COMMUNICATION_TARGET,false,,,,,45.0,-30.0,4,0,43,LOST,635.0,475.0,,True
SCN_011,643,21.4,TGT_002,DECOY_TARGET,false,,,,,45.0,-60.0,4,0,43,LOST,635.0,11.0,,False
SCN_011,643,21.4,TGT_003,DECOY_TARGET,true,409.0,164.0,409.0,164.0,0.0,90.0,643,643,0,TRACKING,408.0,163.0,1.414,False
SCN_011,644,21.4333,TGT_001,COMMUNICATION_TARGET,false,,,,,45.0,-30.0,4,0,44,LOST,635.0,475.0,,True
SCN_011,644,21.4333,TGT_002,DECOY_TARGET,false,,,,,45.0,-60.0,4,0,44,LOST,635.0,14.0,,False
SCN_011,644,21.4333,TGT_003,DECOY_TARGET,true,411.0,168.0,411.0,168.0,60.0,120.0,644,644,0,TRACKING,410.0,167.0,1.414,False
SCN_011,645,21.4667,TGT_001,COMMUNICATION_TARGET,false,,,,,45.0,-30.0,4,0,45,LOST,635.0,475.0,,True
SCN_011,645,21.4667,TGT_002,DECOY_TARGET,false,,,,,45.0,-60.0,4,0,45,LOST,635.0,13.0,,False
SCN_011,645,21.4667,TGT_003,DECOY_TARGET,true,412.0,168.0,412.0,168.0,30.0,0.0,645,645,0,TRACKING,411.0,167.0,1.414,False
SCN_011,646,21.5,TGT_001,COMMUNICATION_TARGET,false,,,,,45.0,-30.0,4,0,46,LOST,635.0,475.0,,True
SCN_011,646,21.5,TGT_002,DECOY_TARGET,false,,,,,45.0,-60.0,4,0,46,LOST,635.0,11.0,,False
SCN_011,646,21.5,TGT_003,DECOY_TARGET,true,411.0,168.0,411.0,168.0,-30.0,0.0,646,646,0,TRACKING,410.0,167.0,1.414,False
SCN_011,647,21.5333,TGT_001,COMMUNICATION_TARGET,false,,,,,45.0,-30.0,4,0,47,LOST,635.0,475.0,,True
SCN_011,647,21.5333,TGT_002,DECOY_TARGET,false,,,,,45.0,-60.0,4,0,47,LOST,635.0,6.0,,False
SCN_011,647,21.5333,TGT_003,DECOY_TARGET,true,406.0,164.0,406.0,164.0,-150.0,-120.0,647,647,0,TRACKING,405.0,163.0,1.414,False
SCN_011,648,21.5667,TGT_001,COMMUNICATION_TARGET,false,,,,,45.0,-30.0,4,0,48,LOST,635.0,475.0,,True
SCN_011,648,21.5667,TGT_002,DECOY_TARGET,false,,,,,45.0,-60.0,4,0,48,LOST,635.0,5.0,,False
SCN_011,648,21.5667,TGT_003,DECOY_TARGET,true,403.0,159.0,403.0,159.0,-90.0,-150.0,648,648,0,TRACKING,402.0,158.0,1.414,False
SCN_011,649,21.6,TGT_001,COMMUNICATION_TARGET,false,,,,,45.0,-30.0,4,0,49,LOST,635.0,475.0,,True
SCN_011,649,21.6,TGT_002,DECOY_TARGET,false,,,,,45.0,-60.0,4,0,49,LOST,635.0,5.0,,False
SCN_011,649,21.6,TGT_003,DECOY_TARGET,true,402.0,157.0,402.0,157.0,-30.0,-60.0,649,649,0,TRACKING,401.0,156.0,1.414,False
SCN_011,650,21.6333,TGT_001,COMMUNICATION_TARGET,false,,,,,45.0,-30.0,4,0,50,LOST,635.0,475.0,,True
SCN_011,650,21.6333,TGT_002,DECOY_TARGET,false,,,,,45.0,-60.0,4,0,50,LOST,635.0,5.0,,False
SCN_011,650,21.6333,TGT_003,DECOY_TARGET,true,405.0,159.0,405.0,159.0,90.0,60.0,650,650,0,TRACKING,404.0,158.0,1.414,False
SCN_011,651,21.6667,TGT_001,COMMUNICATION_TARGET,false,,,,,45.0,-30.0,4,0,51,LOST,635.0,475.0,,True
SCN_011,651,21.6667,TGT_002,DECOY_TARGET,false,,,,,45.0,-60.0,4,0,51,LOST,635.0,5.0,,False
SCN_011,651,21.6667,TGT_003,DECOY_TARGET,true,411.0,162.0,411.0,162.0,180.0,90.0,651,651,0,TRACKING,410.0,161.0,1.414,False
SCN_011,652,21.7,TGT_001,COMMUNICATION_TARGET,false,,,,,45.0,-30.0,4,0,52,LOST,635.0,475.0,,True
SCN_011,652,21.7,TGT_002,DECOY_TARGET,false,,,,,45.0,-60.0,4,0,52,LOST,635.0,5.0,,False
SCN_011,652,21.7,TGT_003,DECOY_TARGET,true,415.0,166.0,415.0,166.0,120.0,120.0,652,652,0,TRACKING,414.0,165.0,1.414,False
SCN_011,653,21.7333,TGT_001,COMMUNICATION_TARGET,false,,,,,45.0,-30.0,4,0,53,LOST,635.0,475.0,,True
SCN_011,653,21.7333,TGT_002,DECOY_TARGET,false,,,,,45.0,-60.0,4,0,53,LOST,635.0,7.0,,False
SCN_011,653,21.7333,TGT_003,DECOY_TARGET,true,418.0,170.0,418.0,170.0,90.0,120.0,653,653,0,TRACKING,417.0,169.0,1.414,False
SCN_011,654,21.7667,TGT_001,COMMUNICATION_TARGET,false,,,,,45.0,-30.0,4,0,54,LOST,635.0,475.0,,True
SCN_011,654,21.7667,TGT_002,DECOY_TARGET,false,,,,,45.0,-60.0,4,0,54,LOST,635.0,7.0,,False
SCN_011,654,21.7667,TGT_003,DECOY_TARGET,true,415.0,172.0,415.0,172.0,-90.0,60.0,654,654,0,TRACKING,414.0,171.0,1.414,False
SCN_011,655,21.8,TGT_001,COMMUNICATION_TARGET,false,,,,,45.0,-30.0,4,0,55,LOST,635.0,475.0,,True
SCN_011,655,21.8,TGT_002,DECOY_TARGET,false,,,,,45.0,-60.0,4,0,55,LOST,635.0,5.0,,False
SCN_011,655,21.8,TGT_003,DECOY_TARGET,true,411.0,171.0,411.0,171.0,-120.0,-30.0,655,655,0,TRACKING,410.0,170.0,1.414,False
SCN_011,656,21.8333,TGT_001,COMMUNICATION_TARGET,false,,,,,45.0,-30.0,4,0,56,LOST,635.0,475.0,,True
SCN_011,656,21.8333,TGT_002,DECOY_TARGET,false,,,,,45.0,-60.0,4,0,56,LOST,635.0,5.0,,False
SCN_011,656,21.8333,TGT_003,DECOY_TARGET,true,409.0,170.0,409.0,170.0,-60.0,-30.0,656,656,0,TRACKING,408.0,169.0,1.414,False
SCN_011,657,21.8667,TGT_001,COMMUNICATION_TARGET,false,,,,,45.0,-30.0,4,0,57,LOST,635.0,475.0,,True
SCN_011,657,21.8667,TGT_002,DECOY_TARGET,false,,,,,45.0,-60.0,4,0,57,LOST,635.0,5.0,,False
SCN_011,657,21.8667,TGT_003,DECOY_TARGET,true,407.0,171.0,407.0,171.0,-60.0,30.0,657,657,0,TRACKING,406.0,170.0,1.414,False
SCN_011,658,21.9,TGT_001,COMMUNICATION_TARGET,false,,,,,45.0,-30.0,4,0,58,LOST,635.0,475.0,,True
SCN_011,658,21.9,TGT_002,DECOY_TARGET,false,,,,,45.0,-60.0,4,0,58,LOST,635.0,5.0,,False
SCN_011,658,21.9,TGT_003,DECOY_TARGET,true,408.0,172.0,408.0,172.0,30.0,30.0,658,658,0,TRACKING,407.0,171.0,1.414,False
SCN_011,659,21.9333,TGT_001,COMMUNICATION_TARGET,false,,,,,45.0,-30.0,4,0,59,LOST,635.0,475.0,,True
SCN_011,659,21.9333,TGT_002,DECOY_TARGET,false,,,,,45.0,-60.0,4,0,59,LOST,635.0,5.0,,False
SCN_011,659,21.9333,TGT_003,DECOY_TARGET,true,408.0,172.0,408.0,172.0,0.0,0.0,659,659,0,TRACKING,407.0,171.0,1.414,False
SCN_011,660,21.9667,TGT_001,COMMUNICATION_TARGET,false,,,,,45.0,-30.0,4,0,60,LOST,635.0,475.0,,True
SCN_011,660,21.9667,TGT_002,DECOY_TARGET,false,,,,,45.0,-60.0,4,0,60,LOST,635.0,5.0,,False
SCN_011,660,21.9667,TGT_003,DECOY_TARGET,true,410.0,171.0,410.0,171.0,60.0,-30.0,660,660,0,TRACKING,409.0,170.0,1.414,False
SCN_011,661,22.0,TGT_001,COMMUNICATION_TARGET,false,,,,,45.0,-30.0,4,0,61,LOST,635.0,475.0,,True
SCN_011,661,22.0,TGT_002,DECOY_TARGET,false,,,,,45.0,-60.0,4,0,61,LOST,635.0,5.0,,False
SCN_011,661,22.0,TGT_003,DECOY_TARGET,true,410.0,168.0,410.0,168.0,0.0,-90.0,661,661,0,TRACKING,409.0,167.0,1.414,False
SCN_011,662,22.0333,TGT_001,COMMUNICATION_TARGET,false,,,,,45.0,-30.0,4,0,62,LOST,635.0,475.0,,True
SCN_011,662,22.0333,TGT_002,DECOY_TARGET,false,,,,,45.0,-60.0,4,0,62,LOST,635.0,5.0,,False
SCN_011,662,22.0333,TGT_003,DECOY_TARGET,true,413.0,166.0,413.0,166.0,90.0,-60.0,662,662,0,TRACKING,412.0,165.0,1.414,False
SCN_011,663,22.0667,TGT_001,COMMUNICATION_TARGET,false,,,,,45.0,-30.0,4,0,63,LOST,635.0,475.0,,True
SCN_011,663,22.0667,TGT_002,DECOY_TARGET,false,,,,,45.0,-60.0,4,0,63,LOST,635.0,5.0,,False
SCN_011,663,22.0667,TGT_003,DECOY_TARGET,true,416.0,165.0,416.0,165.0,90.0,-30.0,663,663,0,TRACKING,415.0,164.0,1.414,False
SCN_011,664,22.1,TGT_001,COMMUNICATION_TARGET,false,,,,,45.0,-30.0,4,0,64,LOST,635.0,475.0,,True
SCN_011,664,22.1,TGT_002,DECOY_TARGET,false,,,,,45.0,-60.0,4,0,64,LOST,635.0,5.0,,False
SCN_011,664,22.1,TGT_003,DECOY_TARGET,true,419.0,169.0,419.0,169.0,90.0,120.0,664,664,0,TRACKING,418.0,168.0,1.414,False
SCN_011,665,22.1333,TGT_001,COMMUNICATION_TARGET,false,,,,,45.0,-30.0,4,0,65,LOST,635.0,475.0,,True
SCN_011,665,22.1333,TGT_002,DECOY_TARGET,false,,,,,45.0,-60.0,4,0,65,LOST,635.0,5.0,,False
SCN_011,665,22.1333,TGT_003,DECOY_TARGET,true,419.0,174.0,419.0,174.0,0.0,150.0,665,665,0,TRACKING,418.0,173.0,1.414,False
SCN_011,666,22.1667,TGT_001,COMMUNICATION_TARGET,false,,,,,45.0,-30.0,4,0,66,LOST,635.0,475.0,,True
SCN_011,666,22.1667,TGT_002,DECOY_TARGET,false,,,,,45.0,-60.0,4,0,66,LOST,635.0,5.0,,False
SCN_011,666,22.1667,TGT_003,DECOY_TARGET,true,416.0,179.0,416.0,179.0,-90.0,150.0,666,666,0,TRACKING,415.0,178.0,1.414,False
SCN_011,667,22.2,TGT_001,COMMUNICATION_TARGET,false,,,,,45.0,-30.0,4,0,67,LOST,635.0,475.0,,True
SCN_011,667,22.2,TGT_002,DECOY_TARGET,false,,,,,45.0,-60.0,4,0,67,LOST,635.0,5.0,,False
SCN_011,667,22.2,TGT_003,DECOY_TARGET,true,409.0,181.0,409.0,181.0,-210.0,60.0,667,667,0,TRACKING,408.0,180.0,1.414,False
SCN_011,668,22.2333,TGT_001,COMMUNICATION_TARGET,false,,,,,45.0,-30.0,4,0,68,LOST,635.0,475.0,,True
SCN_011,668,22.2333,TGT_002,DECOY_TARGET,false,,,,,45.0,-60.0,4,0,68,LOST,635.0,5.0,,False
SCN_011,668,22.2333,TGT_003,DECOY_TARGET,true,406.0,181.0,406.0,181.0,-90.0,0.0,668,668,0,TRACKING,405.0,180.0,1.414,False
SCN_011,669,22.2667,TGT_001,COMMUNICATION_TARGET,false,,,,,45.0,-30.0,4,0,69,LOST,635.0,475.0,,True
SCN_011,669,22.2667,TGT_002,DECOY_TARGET,false,,,,,45.0,-60.0,4,0,69,LOST,635.0,5.0,,False
SCN_011,669,22.2667,TGT_003,DECOY_TARGET,true,407.0,178.0,407.0,178.0,30.0,-90.0,669,669,0,TRACKING,406.0,177.0,1.414,False
SCN_011,670,22.3,TGT_001,COMMUNICATION_TARGET,false,,,,,45.0,-30.0,4,0,70,LOST,635.0,475.0,,True
SCN_011,670,22.3,TGT_002,DECOY_TARGET,false,,,,,45.0,-60.0,4,0,70,LOST,635.0,5.0,,False
SCN_011,670,22.3,TGT_003,DECOY_TARGET,true,412.0,175.0,412.0,175.0,150.0,-90.0,670,670,0,TRACKING,411.0,174.0,1.414,False
SCN_011,671,22.3333,TGT_001,COMMUNICATION_TARGET,false,,,,,45.0,-30.0,4,0,71,LOST,635.0,475.0,,True
SCN_011,671,22.3333,TGT_002,DECOY_TARGET,false,,,,,45.0,-60.0,4,0,71,LOST,635.0,5.0,,False
SCN_011,671,22.3333,TGT_003,DECOY_TARGET,true,417.0,173.0,417.0,173.0,150.0,-60.0,671,671,0,TRACKING,416.0,172.0,1.414,False
SCN_011,672,22.3667,TGT_001,COMMUNICATION_TARGET,false,,,,,45.0,-30.0,4,0,72,LOST,635.0,475.0,,True
SCN_011,672,22.3667,TGT_002,DECOY_TARGET,false,,,,,45.0,-60.0,4,0,72,LOST,635.0,5.0,,False
SCN_011,672,22.3667,TGT_003,DECOY_TARGET,true,420.0,173.0,420.0,173.0,90.0,0.0,672,672,0,TRACKING,419.0,172.0,1.414,False
SCN_011,673,22.4,TGT_001,COMMUNICATION_TARGET,false,,,,,45.0,-30.0,4,0,73,LOST,635.0,475.0,,True
SCN_011,673,22.4,TGT_002,DECOY_TARGET,false,,,,,45.0,-60.0,4,0,73,LOST,635.0,5.0,,False
SCN_011,673,22.4,TGT_003,DECOY_TARGET,true,421.0,175.0,421.0,175.0,30.0,60.0,673,673,0,TRACKING,420.0,174.0,1.414,False
SCN_011,674,22.4333,TGT_001,COMMUNICATION_TARGET,false,,,,,45.0,-30.0,4,0,74,LOST,635.0,475.0,,True
SCN_011,674,22.4333,TGT_002,DECOY_TARGET,false,,,,,45.0,-60.0,4,0,74,LOST,635.0,5.0,,False
SCN_011,674,22.4333,TGT_003,DECOY_TARGET,true,417.0,176.0,417.0,176.0,-120.0,30.0,674,674,0,TRACKING,416.0,175.0,1.414,False
SCN_011,675,22.4667,TGT_001,COMMUNICATION_TARGET,false,,,,,45.0,-30.0,4,0,75,LOST,635.0,475.0,,True
SCN_011,675,22.4667,TGT_002,DECOY_TARGET,false,,,,,45.0,-60.0,4,0,75,LOST,635.0,5.0,,False
SCN_011,675,22.4667,TGT_003,DECOY_TARGET,true,416.0,176.0,416.0,176.0,-30.0,0.0,675,675,0,TRACKING,415.0,175.0,1.414,False
SCN_011,676,22.5,TGT_001,COMMUNICATION_TARGET,false,,,,,45.0,-30.0,4,0,76,LOST,635.0,475.0,,True
SCN_011,676,22.5,TGT_002,DECOY_TARGET,false,,,,,45.0,-60.0,4,0,76,LOST,635.0,5.0,,False
SCN_011,676,22.5,TGT_003,DECOY_TARGET,true,416.0,177.0,416.0,177.0,0.0,30.0,676,676,0,TRACKING,415.0,176.0,1.414,False
SCN_011,677,22.5333,TGT_001,COMMUNICATION_TARGET,false,,,,,45.0,-30.0,4,0,77,LOST,635.0,475.0,,True
SCN_011,677,22.5333,TGT_002,DECOY_TARGET,false,,,,,45.0,-60.0,4,0,77,LOST,635.0,5.0,,False
SCN_011,677,22.5333,TGT_003,DECOY_TARGET,true,415.0,178.0,415.0,178.0,-30.0,30.0,677,677,0,TRACKING,414.0,177.0,1.414,False
SCN_011,678,22.5667,TGT_001,COMMUNICATION_TARGET,false,,,,,45.0,-30.0,4,0,78,LOST,635.0,475.0,,True
SCN_011,678,22.5667,TGT_002,DECOY_TARGET,false,,,,,45.0,-60.0,4,0,78,LOST,635.0,5.0,,False
SCN_011,678,22.5667,TGT_003,DECOY_TARGET,true,414.0,180.0,414.0,180.0,-30.0,60.0,678,678,0,TRACKING,413.0,179.0,1.414,False
SCN_011,679,22.6,TGT_001,COMMUNICATION_TARGET,false,,,,,45.0,-30.0,4,0,79,LOST,635.0,475.0,,True
SCN_011,679,22.6,TGT_002,DECOY_TARGET,false,,,,,45.0,-60.0,4,0,79,LOST,635.0,5.0,,False
SCN_011,679,22.6,TGT_003,DECOY_TARGET,true,413.0,184.0,413.0,184.0,-30.0,120.0,679,679,0,TRACKING,412.0,183.0,1.414,False
SCN_011,680,22.6333,TGT_001,COMMUNICATION_TARGET,false,,,,,45.0,-30.0,4,0,80,LOST,635.0,475.0,,True
SCN_011,680,22.6333,TGT_002,DECOY_TARGET,false,,,,,45.0,-60.0,4,0,80,LOST,635.0,5.0,,False
SCN_011,680,22.6333,TGT_003,DECOY_TARGET,true,413.0,186.0,413.0,186.0,0.0,60.0,680,680,0,TRACKING,412.0,185.0,1.414,False
SCN_011,681,22.6667,TGT_001,COMMUNICATION_TARGET,false,,,,,45.0,-30.0,4,0,81,LOST,635.0,475.0,,True
SCN_011,681,22.6667,TGT_002,DECOY_TARGET,false,,,,,45.0,-60.0,4,0,81,LOST,635.0,5.0,,False
SCN_011,681,22.6667,TGT_003,DECOY_TARGET,true,414.0,187.0,414.0,187.0,30.0,30.0,681,681,0,TRACKING,413.0,186.0,1.414,False
SCN_011,682,22.7,TGT_001,COMMUNICATION_TARGET,false,,,,,45.0,-30.0,4,0,82,LOST,635.0,475.0,,True
SCN_011,682,22.7,TGT_002,DECOY_TARGET,false,,,,,45.0,-60.0,4,0,82,LOST,635.0,5.0,,False
SCN_011,682,22.7,TGT_003,DECOY_TARGET,true,418.0,185.0,418.0,185.0,120.0,-60.0,682,682,0,TRACKING,417.0,184.0,1.414,False
SCN_011,683,22.7333,TGT_001,COMMUNICATION_TARGET,false,,,,,45.0,-30.0,4,0,83,LOST,635.0,475.0,,True
SCN_011,683,22.7333,TGT_002,DECOY_TARGET,false,,,,,45.0,-60.0,4,0,83,LOST,635.0,5.0,,False
SCN_011,683,22.7333,TGT_003,DECOY_TARGET,true,424.0,181.0,424.0,181.0,180.0,-120.0,683,683,0,TRACKING,423.0,180.0,1.414,False
SCN_011,684,22.7667,TGT_001,COMMUNICATION_TARGET,false,,,,,45.0,-30.0,4,0,84,LOST,635.0,475.0,,True
SCN_011,684,22.7667,TGT_002,DECOY_TARGET,false,,,,,45.0,-60.0,4,0,84,LOST,635.0,5.0,,False
SCN_011,684,22.7667,TGT_003,DECOY_TARGET,true,426.0,177.0,426.0,177.0,60.0,-120.0,684,684,0,TRACKING,425.0,176.0,1.414,False
SCN_011,685,22.8,TGT_001,COMMUNICATION_TARGET,false,,,,,45.0,-30.0,4,0,85,LOST,635.0,475.0,,True
SCN_011,685,22.8,TGT_002,DECOY_TARGET,false,,,,,45.0,-60.0,4,0,85,LOST,635.0,5.0,,False
SCN_011,685,22.8,TGT_003,DECOY_TARGET,true,423.0,176.0,423.0,176.0,-90.0,-30.0,685,685,0,TRACKING,422.0,175.0,1.414,False
SCN_011,686,22.8333,TGT_001,COMMUNICATION_TARGET,false,,,,,45.0,-30.0,4,0,86,LOST,635.0,475.0,,True
SCN_011,686,22.8333,TGT_002,DECOY_TARGET,false,,,,,45.0,-60.0,4,0,86,LOST,635.0,5.0,,False
SCN_011,686,22.8333,TGT_003,DECOY_TARGET,true,417.0,177.0,417.0,177.0,-180.0,30.0,686,686,0,TRACKING,416.0,176.0,1.414,False
SCN_011,687,22.8667,TGT_001,COMMUNICATION_TARGET,false,,,,,45.0,-30.0,4,0,87,LOST,635.0,475.0,,True
SCN_011,687,22.8667,TGT_002,DECOY_TARGET,false,,,,,45.0,-60.0,4,0,87,LOST,635.0,5.0,,False
SCN_011,687,22.8667,TGT_003,DECOY_TARGET,true,413.0,181.0,413.0,181.0,-120.0,120.0,687,687,0,TRACKING,412.0,180.0,1.414,False
SCN_011,688,22.9,TGT_001,COMMUNICATION_TARGET,false,,,,,45.0,-30.0,4,0,88,LOST,635.0,475.0,,True
SCN_011,688,22.9,TGT_002,DECOY_TARGET,false,,,,,45.0,-60.0,4,0,88,LOST,635.0,5.0,,False
SCN_011,688,22.9,TGT_003,DECOY_TARGET,true,412.0,186.0,412.0,186.0,-30.0,150.0,688,688,0,TRACKING,411.0,185.0,1.414,False
SCN_011,689,22.9333,TGT_001,COMMUNICATION_TARGET,false,,,,,45.0,-30.0,4,0,89,LOST,635.0,475.0,,True
SCN_011,689,22.9333,TGT_002,DECOY_TARGET,false,,,,,45.0,-60.0,4,0,89,LOST,635.0,5.0,,False
SCN_011,689,22.9333,TGT_003,DECOY_TARGET,true,415.0,189.0,415.0,189.0,90.0,90.0,689,689,0,TRACKING,414.0,188.0,1.414,False
SCN_011,690,22.9667,TGT_001,COMMUNICATION_TARGET,false,,,,,45.0,-30.0,4,0,90,LOST,635.0,475.0,,True
SCN_011,690,22.9667,TGT_002,DECOY_TARGET,false,,,,,45.0,-60.0,4,0,90,LOST,635.0,5.0,,False
SCN_011,690,22.9667,TGT_003,DECOY_TARGET,true,419.0,189.0,419.0,189.0,120.0,0.0,690,690,0,TRACKING,418.0,188.0,1.414,False
SCN_011,691,23.0,TGT_001,COMMUNICATION_TARGET,false,,,,,45.0,-30.0,4,0,91,LOST,635.0,475.0,,True
SCN_011,691,23.0,TGT_002,DECOY_TARGET,false,,,,,45.0,-60.0,4,0,91,LOST,635.0,5.0,,False
SCN_011,691,23.0,TGT_003,DECOY_TARGET,true,423.0,188.0,423.0,188.0,120.0,-30.0,691,691,0,TRACKING,422.0,187.0,1.414,False
SCN_011,692,23.0333,TGT_001,COMMUNICATION_TARGET,false,,,,,45.0,-30.0,4,0,92,LOST,635.0,475.0,,True
SCN_011,692,23.0333,TGT_002,DECOY_TARGET,false,,,,,45.0,-60.0,4,0,92,LOST,635.0,5.0,,False
SCN_011,692,23.0333,TGT_003,DECOY_TARGET,true,423.0,189.0,423.0,189.0,0.0,30.0,692,692,0,TRACKING,422.0,188.0,1.414,False
SCN_011,693,23.0667,TGT_001,COMMUNICATION_TARGET,false,,,,,45.0,-30.0,4,0,93,LOST,635.0,475.0,,True
SCN_011,693,23.0667,TGT_002,DECOY_TARGET,false,,,,,45.0,-60.0,4,0,93,LOST,635.0,5.0,,False
SCN_011,693,23.0667,TGT_003,DECOY_TARGET,true,423.0,188.0,423.0,188.0,0.0,-30.0,693,693,0,TRACKING,422.0,187.0,1.414,False
SCN_011,694,23.1,TGT_001,COMMUNICATION_TARGET,false,,,,,45.0,-30.0,4,0,94,LOST,635.0,475.0,,True
SCN_011,694,23.1,TGT_002,DECOY_TARGET,false,,,,,45.0,-60.0,4,0,94,LOST,635.0,5.0,,False
SCN_011,694,23.1,TGT_003,DECOY_TARGET,true,423.0,189.0,423.0,189.0,0.0,30.0,694,694,0,TRACKING,422.0,188.0,1.414,False
SCN_011,695,23.1333,TGT_001,COMMUNICATION_TARGET,false,,,,,45.0,-30.0,4,0,95,LOST,635.0,475.0,,True
SCN_011,695,23.1333,TGT_002,DECOY_TARGET,false,,,,,45.0,-60.0,4,0,95,LOST,635.0,5.0,,False
SCN_011,695,23.1333,TGT_003,DECOY_TARGET,true,423.0,188.0,423.0,188.0,0.0,-30.0,695,695,0,TRACKING,422.0,187.0,1.414,False
SCN_011,696,23.1667,TGT_001,COMMUNICATION_TARGET,false,,,,,45.0,-30.0,4,0,96,LOST,635.0,475.0,,True
SCN_011,696,23.1667,TGT_002,DECOY_TARGET,false,,,,,45.0,-60.0,4,0,96,LOST,635.0,5.0,,False
SCN_011,696,23.1667,TGT_003,DECOY_TARGET,true,423.0,187.0,423.0,187.0,0.0,-30.0,696,696,0,TRACKING,422.0,186.0,1.414,False
SCN_011,697,23.2,TGT_001,COMMUNICATION_TARGET,false,,,,,45.0,-30.0,4,0,97,LOST,635.0,475.0,,True
SCN_011,697,23.2,TGT_002,DECOY_TARGET,false,,,,,45.0,-60.0,4,0,97,LOST,635.0,5.0,,False
SCN_011,697,23.2,TGT_003,DECOY_TARGET,true,421.0,184.0,421.0,184.0,-60.0,-90.0,697,697,0,TRACKING,420.0,183.0,1.414,False
SCN_011,698,23.2333,TGT_001,COMMUNICATION_TARGET,false,,,,,45.0,-30.0,4,0,98,LOST,635.0,475.0,,True
SCN_011,698,23.2333,TGT_002,DECOY_TARGET,false,,,,,45.0,-60.0,4,0,98,LOST,635.0,5.0,,False
SCN_011,698,23.2333,TGT_003,DECOY_TARGET,true,418.0,183.0,418.0,183.0,-90.0,-30.0,698,698,0,TRACKING,417.0,182.0,1.414,False
SCN_011,699,23.2667,TGT_001,COMMUNICATION_TARGET,false,,,,,45.0,-30.0,4,0,99,LOST,635.0,475.0,,True
SCN_011,699,23.2667,TGT_002,DECOY_TARGET,false,,,,,45.0,-60.0,4,0,99,LOST,635.0,5.0,,False
SCN_011,699,23.2667,TGT_003,DECOY_TARGET,true,415.0,183.0,415.0,183.0,-90.0,0.0,699,699,0,TRACKING,414.0,182.0,1.414,False
SCN_011,700,23.3,TGT_001,COMMUNICATION_TARGET,false,,,,,45.0,-30.0,4,0,100,LOST,635.0,475.0,,True
SCN_011,700,23.3,TGT_002,DECOY_TARGET,false,,,,,45.0,-60.0,4,0,100,LOST,635.0,5.0,,False
SCN_011,700,23.3,TGT_003,DECOY_TARGET,true,417.0,187.0,417.0,187.0,60.0,120.0,700,700,0,TRACKING,416.0,186.0,1.414,False
SCN_011,701,23.3333,TGT_001,COMMUNICATION_TARGET,false,,,,,45.0,-30.0,4,0,101,LOST,635.0,475.0,,True
SCN_011,701,23.3333,TGT_002,DECOY_TARGET,false,,,,,45.0,-60.0,4,0,101,LOST,635.0,5.0,,False
SCN_011,701,23.3333,TGT_003,DECOY_TARGET,true,421.0,193.0,421.0,193.0,120.0,180.0,701,701,0,TRACKING,420.0,192.0,1.414,False
SCN_011,702,23.3667,TGT_001,COMMUNICATION_TARGET,false,,,,,45.0,-30.0,4,0,102,LOST,635.0,475.0,,True
SCN_011,702,23.3667,TGT_002,DECOY_TARGET,false,,,,,45.0,-60.0,4,0,102,LOST,635.0,5.0,,False
SCN_011,702,23.3667,TGT_003,DECOY_TARGET,true,427.0,197.0,427.0,197.0,180.0,120.0,702,702,0,TRACKING,426.0,196.0,1.414,False
SCN_011,703,23.4,TGT_001,COMMUNICATION_TARGET,false,,,,,45.0,-30.0,4,0,103,LOST,635.0,475.0,,True
SCN_011,703,23.4,TGT_002,DECOY_TARGET,false,,,,,45.0,-60.0,4,0,103,LOST,635.0,5.0,,False
SCN_011,703,23.4,TGT_003,DECOY_TARGET,true,431.0,199.0,431.0,199.0,120.0,60.0,703,703,0,TRACKING,430.0,198.0,1.414,False
SCN_011,704,23.4333,TGT_001,COMMUNICATION_TARGET,false,,,,,45.0,-30.0,4,0,104,LOST,635.0,475.0,,True
SCN_011,704,23.4333,TGT_002,DECOY_TARGET,false,,,,,45.0,-60.0,4,0,104,LOST,635.0,5.0,,False
SCN_011,704,23.4333,TGT_003,DECOY_TARGET,true,431.0,197.0,431.0,197.0,0.0,-60.0,704,704,0,TRACKING,430.0,196.0,1.414,False
SCN_011,705,23.4667,TGT_001,COMMUNICATION_TARGET,false,,,,,45.0,-30.0,4,0,105,LOST,635.0,475.0,,True
SCN_011,705,23.4667,TGT_002,DECOY_TARGET,false,,,,,45.0,-60.0,4,0,105,LOST,635.0,5.0,,False
SCN_011,705,23.4667,TGT_003,DECOY_TARGET,true,426.0,194.0,426.0,194.0,-150.0,-90.0,705,705,0,TRACKING,425.0,193.0,1.414,False
SCN_011,706,23.5,TGT_001,COMMUNICATION_TARGET,false,,,,,45.0,-30.0,4,0,106,LOST,635.0,475.0,,True
SCN_011,706,23.5,TGT_002,DECOY_TARGET,false,,,,,45.0,-60.0,4,0,106,LOST,635.0,5.0,,False
SCN_011,706,23.5,TGT_003,DECOY_TARGET,true,422.0,191.0,422.0,191.0,-120.0,-90.0,706,706,0,TRACKING,421.0,190.0,1.414,False
SCN_011,707,23.5333,TGT_001,COMMUNICATION_TARGET,false,,,,,45.0,-30.0,4,0,107,LOST,635.0,475.0,,True
SCN_011,707,23.5333,TGT_002,DECOY_TARGET,false,,,,,45.0,-60.0,4,0,107,LOST,635.0,5.0,,False
SCN_011,707,23.5333,TGT_003,DECOY_TARGET,true,419.0,190.0,419.0,190.0,-90.0,-30.0,707,707,0,TRACKING,418.0,189.0,1.414,False
SCN_011,708,23.5667,TGT_001,COMMUNICATION_TARGET,false,,,,,45.0,-30.0,4,0,108,LOST,635.0,475.0,,True
SCN_011,708,23.5667,TGT_002,DECOY_TARGET,false,,,,,45.0,-60.0,4,0,108,LOST,635.0,5.0,,False
SCN_011,708,23.5667,TGT_003,DECOY_TARGET,true,421.0,190.0,421.0,190.0,60.0,0.0,708,708,0,TRACKING,420.0,189.0,1.414,False
SCN_011,709,23.6,TGT_001,COMMUNICATION_TARGET,false,,,,,45.0,-30.0,4,0,109,LOST,635.0,475.0,,True
SCN_011,709,23.6,TGT_002,DECOY_TARGET,false,,,,,45.0,-60.0,4,0,109,LOST,635.0,5.0,,False
SCN_011,709,23.6,TGT_003,DECOY_TARGET,true,423.0,192.0,423.0,192.0,60.0,60.0,709,709,0,TRACKING,422.0,191.0,1.414,False
SCN_011,710,23.6333,TGT_001,COMMUNICATION_TARGET,false,,,,,45.0,-30.0,4,0,110,LOST,635.0,475.0,,True
SCN_011,710,23.6333,TGT_002,DECOY_TARGET,false,,,,,45.0,-60.0,4,0,110,LOST,635.0,5.0,,False
SCN_011,710,23.6333,TGT_003,DECOY_TARGET,true,424.0,194.0,424.0,194.0,30.0,60.0,710,710,0,TRACKING,423.0,193.0,1.414,False
SCN_011,711,23.6667,TGT_001,COMMUNICATION_TARGET,false,,,,,45.0,-30.0,4,0,111,LOST,635.0,475.0,,True
SCN_011,711,23.6667,TGT_002,DECOY_TARGET,false,,,,,45.0,-60.0,4,0,111,LOST,635.0,5.0,,False
SCN_011,711,23.6667,TGT_003,DECOY_TARGET,true,426.0,193.0,426.0,193.0,60.0,-30.0,711,711,0,TRACKING,425.0,192.0,1.414,False
SCN_011,712,23.7,TGT_001,COMMUNICATION_TARGET,false,,,,,45.0,-30.0,4,0,112,LOST,635.0,475.0,,True
SCN_011,712,23.7,TGT_002,DECOY_TARGET,false,,,,,45.0,-60.0,4,0,112,LOST,635.0,5.0,,False
SCN_011,712,23.7,TGT_003,DECOY_TARGET,true,427.0,194.0,427.0,194.0,30.0,30.0,712,712,0,TRACKING,426.0,193.0,1.414,False
SCN_011,713,23.7333,TGT_001,COMMUNICATION_TARGET,false,,,,,45.0,-30.0,4,0,113,LOST,635.0,475.0,,True
SCN_011,713,23.7333,TGT_002,DECOY_TARGET,false,,,,,45.0,-60.0,4,0,113,LOST,635.0,5.0,,False
SCN_011,713,23.7333,TGT_003,DECOY_TARGET,true,429.0,195.0,429.0,195.0,60.0,30.0,713,713,0,TRACKING,428.0,194.0,1.414,False
SCN_011,714,23.7667,TGT_001,COMMUNICATION_TARGET,false,,,,,45.0,-30.0,4,0,114,LOST,635.0,475.0,,True
SCN_011,714,23.7667,TGT_002,DECOY_TARGET,false,,,,,45.0,-60.0,4,0,114,LOST,635.0,5.0,,False
SCN_011,714,23.7667,TGT_003,DECOY_TARGET,true,431.0,198.0,431.0,198.0,60.0,90.0,714,714,0,TRACKING,430.0,197.0,1.414,False
SCN_011,715,23.8,TGT_001,COMMUNICATION_TARGET,false,,,,,45.0,-30.0,4,0,115,LOST,635.0,475.0,,True
SCN_011,715,23.8,TGT_002,DECOY_TARGET,false,,,,,45.0,-60.0,4,0,115,LOST,635.0,5.0,,False
SCN_011,715,23.8,TGT_003,DECOY_TARGET,true,432.0,202.0,432.0,202.0,30.0,120.0,715,715,0,TRACKING,431.0,201.0,1.414,False
SCN_011,716,23.8333,TGT_001,COMMUNICATION_TARGET,false,,,,,45.0,-30.0,4,0,116,LOST,635.0,475.0,,True
SCN_011,716,23.8333,TGT_002,DECOY_TARGET,false,,,,,45.0,-60.0,4,0,116,LOST,635.0,5.0,,False
SCN_011,716,23.8333,TGT_003,DECOY_TARGET,true,430.0,204.0,430.0,204.0,-60.0,60.0,716,716,0,TRACKING,429.0,203.0,1.414,False
SCN_011,717,23.8667,TGT_001,COMMUNICATION_TARGET,false,,,,,45.0,-30.0,4,0,117,LOST,635.0,475.0,,True
SCN_011,717,23.8667,TGT_002,DECOY_TARGET,false,,,,,45.0,-60.0,4,0,117,LOST,635.0,5.0,,False
SCN_011,717,23.8667,TGT_003,DECOY_TARGET,true,427.0,204.0,427.0,204.0,-90.0,0.0,717,717,0,TRACKING,426.0,203.0,1.414,False
SCN_011,718,23.9,TGT_001,COMMUNICATION_TARGET,false,,,,,45.0,-30.0,4,0,118,LOST,635.0,475.0,,True
SCN_011,718,23.9,TGT_002,DECOY_TARGET,false,,,,,45.0,-60.0,4,0,118,LOST,635.0,5.0,,False
SCN_011,718,23.9,TGT_003,DECOY_TARGET,true,422.0,201.0,422.0,201.0,-150.0,-90.0,718,718,0,TRACKING,421.0,200.0,1.414,False
SCN_011,719,23.9333,TGT_001,COMMUNICATION_TARGET,false,,,,,45.0,-30.0,4,0,119,LOST,635.0,475.0,,True
SCN_011,719,23.9333,TGT_002,DECOY_TARGET,false,,,,,45.0,-60.0,4,0,119,LOST,635.0,5.0,,False
SCN_011,719,23.9333,TGT_003,DECOY_TARGET,true,421.0,197.0,421.0,197.0,-30.0,-120.0,719,719,0,TRACKING,420.0,196.0,1.414,False
SCN_011,720,23.9667,TGT_001,COMMUNICATION_TARGET,false,,,,,45.0,-30.0,4,0,120,LOST,635.0,475.0,,True
SCN_011,720,23.9667,TGT_002,DECOY_TARGET,false,,,,,45.0,-60.0,4,0,120,LOST,635.0,5.0,,False
SCN_011,720,23.9667,TGT_003,DECOY_TARGET,true,425.0,193.0,425.0,193.0,120.0,-120.0,720,720,0,TRACKING,424.0,192.0,1.414,False
SCN_011,721,24.0,TGT_001,COMMUNICATION_TARGET,false,,,,,45.0,-30.0,4,0,121,LOST,635.0,475.0,,True
SCN_011,721,24.0,TGT_002,DECOY_TARGET,false,,,,,45.0,-60.0,4,0,121,LOST,635.0,5.0,,False
SCN_011,721,24.0,TGT_003,DECOY_TARGET,true,431.0,194.0,431.0,194.0,180.0,30.0,721,721,0,TRACKING,430.0,193.0,1.414,False
SCN_011,722,24.0333,TGT_001,COMMUNICATION_TARGET,false,,,,,45.0,-30.0,4,0,122,LOST,635.0,475.0,,True
SCN_011,722,24.0333,TGT_002,DECOY_TARGET,false,,,,,45.0,-60.0,4,0,122,LOST,635.0,5.0,,False
SCN_011,722,24.0333,TGT_003,DECOY_TARGET,true,435.0,197.0,435.0,197.0,120.0,90.0,722,722,0,TRACKING,434.0,196.0,1.414,False
SCN_011,723,24.0667,TGT_001,COMMUNICATION_TARGET,false,,,,,45.0,-30.0,4,0,123,LOST,635.0,475.0,,True
SCN_011,723,24.0667,TGT_002,DECOY_TARGET,false,,,,,45.0,-60.0,4,0,123,LOST,635.0,5.0,,False
SCN_011,723,24.0667,TGT_003,DECOY_TARGET,true,437.0,200.0,437.0,200.0,60.0,90.0,723,723,0,TRACKING,436.0,199.0,1.414,False
SCN_011,724,24.1,TGT_001,COMMUNICATION_TARGET,false,,,,,45.0,-30.0,4,0,124,LOST,635.0,475.0,,True
SCN_011,724,24.1,TGT_002,DECOY_TARGET,false,,,,,45.0,-60.0,4,0,124,LOST,635.0,5.0,,False
SCN_011,724,24.1,TGT_003,DECOY_TARGET,true,434.0,204.0,434.0,204.0,-90.0,120.0,724,724,0,TRACKING,433.0,203.0,1.414,False
SCN_011,725,24.1333,TGT_001,COMMUNICATION_TARGET,false,,,,,45.0,-30.0,4,0,125,LOST,635.0,475.0,,True
SCN_011,725,24.1333,TGT_002,DECOY_TARGET,false,,,,,45.0,-60.0,4,0,125,LOST,635.0,5.0,,False
SCN_011,725,24.1333,TGT_003,DECOY_TARGET,true,431.0,207.0,431.0,207.0,-90.0,90.0,725,725,0,TRACKING,430.0,206.0,1.414,False
SCN_011,726,24.1667,TGT_001,COMMUNICATION_TARGET,false,,,,,45.0,-30.0,4,0,126,LOST,635.0,475.0,,True
SCN_011,726,24.1667,TGT_002,DECOY_TARGET,false,,,,,45.0,-60.0,4,0,126,LOST,635.0,5.0,,False
SCN_011,726,24.1667,TGT_003,DECOY_TARGET,true,429.0,207.0,429.0,207.0,-60.0,0.0,726,726,0,TRACKING,428.0,206.0,1.414,False
SCN_011,727,24.2,TGT_001,COMMUNICATION_TARGET,false,,,,,45.0,-30.0,4,0,127,LOST,635.0,475.0,,True
SCN_011,727,24.2,TGT_002,DECOY_TARGET,false,,,,,45.0,-60.0,4,0,127,LOST,635.0,5.0,,False
SCN_011,727,24.2,TGT_003,DECOY_TARGET,true,429.0,206.0,429.0,206.0,0.0,-30.0,727,727,0,TRACKING,428.0,205.0,1.414,False
SCN_011,728,24.2333,TGT_001,COMMUNICATION_TARGET,false,,,,,45.0,-30.0,4,0,128,LOST,635.0,475.0,,True
SCN_011,728,24.2333,TGT_002,DECOY_TARGET,false,,,,,45.0,-60.0,4,0,128,LOST,635.0,5.0,,False
SCN_011,728,24.2333,TGT_003,DECOY_TARGET,true,430.0,206.0,430.0,206.0,30.0,0.0,728,728,0,TRACKING,429.0,205.0,1.414,False
SCN_011,729,24.2667,TGT_001,COMMUNICATION_TARGET,false,,,,,45.0,-30.0,4,0,129,LOST,635.0,475.0,,True
SCN_011,729,24.2667,TGT_002,DECOY_TARGET,false,,,,,45.0,-60.0,4,0,129,LOST,635.0,5.0,,False
SCN_011,729,24.2667,TGT_003,DECOY_TARGET,true,429.0,207.0,429.0,207.0,-30.0,30.0,729,729,0,TRACKING,428.0,206.0,1.414,False
SCN_011,730,24.3,TGT_001,COMMUNICATION_TARGET,false,,,,,45.0,-30.0,4,0,130,LOST,635.0,475.0,,True
SCN_011,730,24.3,TGT_002,DECOY_TARGET,false,,,,,45.0,-60.0,4,0,130,LOST,635.0,5.0,,False
SCN_011,730,24.3,TGT_003,DECOY_TARGET,true,430.0,208.0,430.0,208.0,30.0,30.0,730,730,0,TRACKING,429.0,207.0,1.414,False
SCN_011,731,24.3333,TGT_001,COMMUNICATION_TARGET,false,,,,,45.0,-30.0,4,0,131,LOST,635.0,475.0,,True
SCN_011,731,24.3333,TGT_002,DECOY_TARGET,false,,,,,45.0,-60.0,4,0,131,LOST,635.0,5.0,,False
SCN_011,731,24.3333,TGT_003,DECOY_TARGET,true,431.0,206.0,431.0,206.0,30.0,-60.0,731,731,0,TRACKING,430.0,205.0,1.414,False
SCN_011,732,24.3667,TGT_001,COMMUNICATION_TARGET,false,,,,,45.0,-30.0,4,0,132,LOST,635.0,475.0,,True
SCN_011,732,24.3667,TGT_002,DECOY_TARGET,false,,,,,45.0,-60.0,4,0,132,LOST,635.0,5.0,,False
SCN_011,732,24.3667,TGT_003,DECOY_TARGET,true,435.0,205.0,435.0,205.0,120.0,-30.0,732,732,0,TRACKING,434.0,204.0,1.414,False
SCN_011,733,24.4,TGT_001,COMMUNICATION_TARGET,false,,,,,45.0,-30.0,4,0,133,LOST,635.0,475.0,,True
SCN_011,733,24.4,TGT_002,DECOY_TARGET,false,,,,,45.0,-60.0,4,0,133,LOST,635.0,5.0,,False
SCN_011,733,24.4,TGT_003,DECOY_TARGET,true,439.0,203.0,439.0,203.0,120.0,-60.0,733,733,0,TRACKING,438.0,202.0,1.414,False
SCN_011,734,24.4333,TGT_001,COMMUNICATION_TARGET,false,,,,,45.0,-30.0,4,0,134,LOST,635.0,475.0,,True
SCN_011,734,24.4333,TGT_002,DECOY_TARGET,false,,,,,45.0,-60.0,4,0,134,LOST,635.0,5.0,,False
SCN_011,734,24.4333,TGT_003,DECOY_TARGET,true,442.0,202.0,442.0,202.0,90.0,-30.0,734,734,0,TRACKING,441.0,201.0,1.414,False
SCN_011,735,24.4667,TGT_001,COMMUNICATION_TARGET,false,,,,,45.0,-30.0,4,0,135,LOST,635.0,475.0,,True
SCN_011,735,24.4667,TGT_002,DECOY_TARGET,false,,,,,45.0,-60.0,4,0,135,LOST,635.0,5.0,,False
SCN_011,735,24.4667,TGT_003,DECOY_TARGET,true,440.0,204.0,440.0,204.0,-60.0,60.0,735,735,0,TRACKING,439.0,203.0,1.414,False
SCN_011,736,24.5,TGT_001,COMMUNICATION_TARGET,false,,,,,45.0,-30.0,4,0,136,LOST,635.0,475.0,,True
SCN_011,736,24.5,TGT_002,DECOY_TARGET,false,,,,,45.0,-60.0,4,0,136,LOST,635.0,5.0,,False
SCN_011,736,24.5,TGT_003,DECOY_TARGET,true,435.0,208.0,435.0,208.0,-150.0,120.0,736,736,0,TRACKING,434.0,207.0,1.414,False
SCN_011,737,24.5333,TGT_001,COMMUNICATION_TARGET,false,,,,,45.0,-30.0,4,0,137,LOST,635.0,475.0,,True
SCN_011,737,24.5333,TGT_002,DECOY_TARGET,false,,,,,45.0,-60.0,4,0,137,LOST,635.0,5.0,,False
SCN_011,737,24.5333,TGT_003,DECOY_TARGET,true,431.0,214.0,431.0,214.0,-120.0,180.0,737,737,0,TRACKING,430.0,213.0,1.414,False
SCN_011,738,24.5667,TGT_001,COMMUNICATION_TARGET,false,,,,,45.0,-30.0,4,0,138,LOST,635.0,475.0,,True
SCN_011,738,24.5667,TGT_002,DECOY_TARGET,false,,,,,45.0,-60.0,4,0,138,LOST,635.0,5.0,,False
SCN_011,738,24.5667,TGT_003,DECOY_TARGET,true,428.0,217.0,428.0,217.0,-90.0,90.0,738,738,0,TRACKING,427.0,216.0,1.414,False
SCN_011,739,24.6,TGT_001,COMMUNICATION_TARGET,false,,,,,45.0,-30.0,4,0,139,LOST,635.0,475.0,,True
SCN_011,739,24.6,TGT_002,DECOY_TARGET,false,,,,,45.0,-60.0,4,0,139,LOST,635.0,5.0,,False
SCN_011,739,24.6,TGT_003,DECOY_TARGET,true,430.0,218.0,430.0,218.0,60.0,30.0,739,739,0,TRACKING,429.0,217.0,1.414,False
SCN_011,740,24.6333,TGT_001,COMMUNICATION_TARGET,false,,,,,45.0,-30.0,4,0,140,LOST,635.0,475.0,,True
SCN_011,740,24.6333,TGT_002,DECOY_TARGET,false,,,,,45.0,-60.0,4,0,140,LOST,635.0,5.0,,False
SCN_011,740,24.6333,TGT_003,DECOY_TARGET,true,434.0,217.0,434.0,217.0,120.0,-30.0,740,740,0,TRACKING,433.0,216.0,1.414,False
SCN_011,741,24.6667,TGT_001,COMMUNICATION_TARGET,false,,,,,45.0,-30.0,4,0,141,LOST,635.0,475.0,,True
SCN_011,741,24.6667,TGT_002,DECOY_TARGET,false,,,,,45.0,-60.0,4,0,141,LOST,635.0,5.0,,False
SCN_011,741,24.6667,TGT_003,DECOY_TARGET,true,440.0,213.0,440.0,213.0,180.0,-120.0,741,741,0,TRACKING,439.0,212.0,1.414,False
SCN_011,742,24.7,TGT_001,COMMUNICATION_TARGET,false,,,,,45.0,-30.0,4,0,142,LOST,635.0,475.0,,True
SCN_011,742,24.7,TGT_002,DECOY_TARGET,false,,,,,45.0,-60.0,4,0,142,LOST,635.0,5.0,,False
SCN_011,742,24.7,TGT_003,DECOY_TARGET,true,442.0,211.0,442.0,211.0,60.0,-60.0,742,742,0,TRACKING,441.0,210.0,1.414,False
SCN_011,743,24.7333,TGT_001,COMMUNICATION_TARGET,false,,,,,45.0,-30.0,4,0,143,LOST,635.0,475.0,,True
SCN_011,743,24.7333,TGT_002,DECOY_TARGET,false,,,,,45.0,-60.0,4,0,143,LOST,635.0,5.0,,False
SCN_011,743,24.7333,TGT_003,DECOY_TARGET,true,441.0,210.0,441.0,210.0,-30.0,-30.0,743,743,0,TRACKING,440.0,209.0,1.414,False
SCN_011,744,24.7667,TGT_001,COMMUNICATION_TARGET,false,,,,,45.0,-30.0,4,0,144,LOST,635.0,475.0,,True
SCN_011,744,24.7667,TGT_002,DECOY_TARGET,false,,,,,45.0,-60.0,4,0,144,LOST,635.0,5.0,,False
SCN_011,744,24.7667,TGT_003,DECOY_TARGET,true,440.0,211.0,440.0,211.0,-30.0,30.0,744,744,0,TRACKING,439.0,210.0,1.414,False
SCN_011,745,24.8,TGT_001,COMMUNICATION_TARGET,false,,,,,45.0,-30.0,4,0,145,LOST,635.0,475.0,,True
SCN_011,745,24.8,TGT_002,DECOY_TARGET,false,,,,,45.0,-60.0,4,0,145,LOST,635.0,5.0,,False
SCN_011,745,24.8,TGT_003,DECOY_TARGET,true,439.0,213.0,439.0,213.0,-30.0,60.0,745,745,0,TRACKING,438.0,212.0,1.414,False
SCN_011,746,24.8333,TGT_001,COMMUNICATION_TARGET,false,,,,,45.0,-30.0,4,0,146,LOST,635.0,475.0,,True
SCN_011,746,24.8333,TGT_002,DECOY_TARGET,false,,,,,45.0,-60.0,4,0,146,LOST,635.0,5.0,,False
SCN_011,746,24.8333,TGT_003,DECOY_TARGET,true,439.0,214.0,439.0,214.0,0.0,30.0,746,746,0,TRACKING,438.0,213.0,1.414,False
SCN_011,747,24.8667,TGT_001,COMMUNICATION_TARGET,false,,,,,45.0,-30.0,4,0,147,LOST,635.0,475.0,,True
SCN_011,747,24.8667,TGT_002,DECOY_TARGET,false,,,,,45.0,-60.0,4,0,147,LOST,635.0,5.0,,False
SCN_011,747,24.8667,TGT_003,DECOY_TARGET,true,438.0,215.0,438.0,215.0,-30.0,30.0,747,747,0,TRACKING,437.0,214.0,1.414,False
SCN_011,748,24.9,TGT_001,COMMUNICATION_TARGET,false,,,,,45.0,-30.0,4,0,148,LOST,635.0,475.0,,True
SCN_011,748,24.9,TGT_002,DECOY_TARGET,false,,,,,45.0,-60.0,4,0,148,LOST,635.0,5.0,,False
SCN_011,748,24.9,TGT_003,DECOY_TARGET,true,436.0,216.0,436.0,216.0,-60.0,30.0,748,748,0,TRACKING,435.0,215.0,1.414,False
SCN_011,749,24.9333,TGT_001,COMMUNICATION_TARGET,false,,,,,45.0,-30.0,4,0,149,LOST,635.0,475.0,,True
SCN_011,749,24.9333,TGT_002,DECOY_TARGET,false,,,,,45.0,-60.0,4,0,149,LOST,635.0,5.0,,False
SCN_011,749,24.9333,TGT_003,DECOY_TARGET,true,435.0,218.0,435.0,218.0,-30.0,60.0,749,749,0,TRACKING,434.0,217.0,1.414,False
SCN_011,750,24.9667,TGT_001,COMMUNICATION_TARGET,false,,,,,45.0,-30.0,4,0,150,LOST,635.0,475.0,,True
SCN_011,750,24.9667,TGT_002,DECOY_TARGET,false,,,,,45.0,-60.0,4,0,150,LOST,635.0,5.0,,False
SCN_011,750,24.9667,TGT_003,DECOY_TARGET,true,435.0,221.0,435.0,221.0,0.0,90.0,750,750,0,TRACKING,434.0,220.0,1.414,False
SCN_011,751,25.0,TGT_001,COMMUNICATION_TARGET,false,,,,,45.0,-30.0,4,0,151,LOST,635.0,475.0,,True
SCN_011,751,25.0,TGT_002,DECOY_TARGET,false,,,,,45.0,-60.0,4,0,151,LOST,635.0,5.0,,False
SCN_011,751,25.0,TGT_003,DECOY_TARGET,true,438.0,226.0,438.0,226.0,90.0,150.0,751,751,0,TRACKING,437.0,225.0,1.414,False
SCN_011,752,25.0333,TGT_001,COMMUNICATION_TARGET,false,,,,,45.0,-30.0,4,0,152,LOST,635.0,475.0,,True
SCN_011,752,25.0333,TGT_002,DECOY_TARGET,false,,,,,45.0,-60.0,4,0,152,LOST,635.0,5.0,,False
SCN_011,752,25.0333,TGT_003,DECOY_TARGET,true,442.0,228.0,442.0,228.0,120.0,60.0,752,752,0,TRACKING,441.0,227.0,1.414,False
SCN_011,753,25.0667,TGT_001,COMMUNICATION_TARGET,false,,,,,45.0,-30.0,4,0,153,LOST,635.0,475.0,,True
SCN_011,753,25.0667,TGT_002,DECOY_TARGET,false,,,,,45.0,-60.0,4,0,153,LOST,635.0,5.0,,False
SCN_011,753,25.0667,TGT_003,DECOY_TARGET,true,448.0,226.0,448.0,226.0,180.0,-60.0,753,753,0,TRACKING,447.0,225.0,1.414,False
SCN_011,754,25.1,TGT_001,COMMUNICATION_TARGET,false,,,,,45.0,-30.0,4,0,154,LOST,635.0,475.0,,True
SCN_011,754,25.1,TGT_002,DECOY_TARGET,false,,,,,45.0,-60.0,4,0,154,LOST,635.0,5.0,,False
SCN_011,754,25.1,TGT_003,DECOY_TARGET,true,449.0,223.0,449.0,223.0,30.0,-90.0,754,754,0,TRACKING,448.0,222.0,1.414,False
SCN_011,755,25.1333,TGT_001,COMMUNICATION_TARGET,false,,,,,45.0,-30.0,4,0,155,LOST,635.0,475.0,,True
SCN_011,755,25.1333,TGT_002,DECOY_TARGET,false,,,,,45.0,-60.0,4,0,155,LOST,635.0,5.0,,False
SCN_011,755,25.1333,TGT_003,DECOY_TARGET,true,445.0,219.0,445.0,219.0,-120.0,-120.0,755,755,0,TRACKING,444.0,218.0,1.414,False
SCN_011,756,25.1667,TGT_001,COMMUNICATION_TARGET,false,,,,,45.0,-30.0,4,0,156,LOST,635.0,475.0,,True
SCN_011,756,25.1667,TGT_002,DECOY_TARGET,false,,,,,45.0,-60.0,4,0,156,LOST,635.0,5.0,,False
SCN_011,756,25.1667,TGT_003,DECOY_TARGET,true,440.0,216.0,440.0,216.0,-150.0,-90.0,756,756,0,TRACKING,439.0,215.0,1.414,False
SCN_011,757,25.2,TGT_001,COMMUNICATION_TARGET,false,,,,,45.0,-30.0,4,0,157,LOST,635.0,475.0,,True
SCN_011,757,25.2,TGT_002,DECOY_TARGET,false,,,,,45.0,-60.0,4,0,157,LOST,635.0,5.0,,False
SCN_011,757,25.2,TGT_003,DECOY_TARGET,true,437.0,217.0,437.0,217.0,-90.0,30.0,757,757,0,TRACKING,436.0,216.0,1.414,False
SCN_011,758,25.2333,TGT_001,COMMUNICATION_TARGET,false,,,,,45.0,-30.0,4,0,158,LOST,635.0,475.0,,True
SCN_011,758,25.2333,TGT_002,DECOY_TARGET,false,,,,,45.0,-60.0,4,0,158,LOST,635.0,5.0,,False
SCN_011,758,25.2333,TGT_003,DECOY_TARGET,true,435.0,221.0,435.0,221.0,-60.0,120.0,758,758,0,TRACKING,434.0,220.0,1.414,False
SCN_011,759,25.2667,TGT_001,COMMUNICATION_TARGET,false,,,,,45.0,-30.0,4,0,159,LOST,635.0,475.0,,True
SCN_011,759,25.2667,TGT_002,DECOY_TARGET,false,,,,,45.0,-60.0,4,0,159,LOST,635.0,5.0,,False
SCN_011,759,25.2667,TGT_003,DECOY_TARGET,true,438.0,226.0,438.0,226.0,90.0,150.0,759,759,0,TRACKING,437.0,225.0,1.414,False
SCN_011,760,25.3,TGT_001,COMMUNICATION_TARGET,false,,,,,45.0,-30.0,4,0,160,LOST,635.0,475.0,,True
SCN_011,760,25.3,TGT_002,DECOY_TARGET,false,,,,,45.0,-60.0,4,0,160,LOST,635.0,5.0,,False
SCN_011,760,25.3,TGT_003,DECOY_TARGET,true,442.0,229.0,442.0,229.0,120.0,90.0,760,760,0,TRACKING,441.0,228.0,1.414,False
SCN_011,761,25.3333,TGT_001,COMMUNICATION_TARGET,false,,,,,45.0,-30.0,4,0,161,LOST,635.0,475.0,,True
SCN_011,761,25.3333,TGT_002,DECOY_TARGET,false,,,,,45.0,-60.0,4,0,161,LOST,635.0,5.0,,False
SCN_011,761,25.3333,TGT_003,DECOY_TARGET,true,445.0,231.0,445.0,231.0,90.0,60.0,761,761,0,TRACKING,444.0,230.0,1.414,False
SCN_011,762,25.3667,TGT_001,COMMUNICATION_TARGET,false,,,,,45.0,-30.0,4,0,162,LOST,635.0,475.0,,True
SCN_011,762,25.3667,TGT_002,DECOY_TARGET,false,,,,,45.0,-60.0,4,0,162,LOST,635.0,5.0,,False
SCN_011,762,25.3667,TGT_003,DECOY_TARGET,true,446.0,231.0,446.0,231.0,30.0,0.0,762,762,0,TRACKING,445.0,230.0,1.414,False
SCN_011,763,25.4,TGT_001,COMMUNICATION_TARGET,false,,,,,45.0,-30.0,4,0,163,LOST,635.0,475.0,,True
SCN_011,763,25.4,TGT_002,DECOY_TARGET,false,,,,,45.0,-60.0,4,0,163,LOST,635.0,5.0,,False
SCN_011,763,25.4,TGT_003,DECOY_TARGET,true,447.0,231.0,447.0,231.0,30.0,0.0,763,763,0,TRACKING,446.0,230.0,1.414,False
SCN_011,764,25.4333,TGT_001,COMMUNICATION_TARGET,false,,,,,45.0,-30.0,4,0,164,LOST,635.0,475.0,,True
SCN_011,764,25.4333,TGT_002,DECOY_TARGET,false,,,,,45.0,-60.0,4,0,164,LOST,635.0,5.0,,False
SCN_011,764,25.4333,TGT_003,DECOY_TARGET,true,446.0,232.0,446.0,232.0,-30.0,30.0,764,764,0,TRACKING,445.0,231.0,1.414,False
SCN_011,765,25.4667,TGT_001,COMMUNICATION_TARGET,false,,,,,45.0,-30.0,4,0,165,LOST,635.0,475.0,,True
SCN_011,765,25.4667,TGT_002,DECOY_TARGET,false,,,,,45.0,-60.0,4,0,165,LOST,635.0,5.0,,False
SCN_011,765,25.4667,TGT_003,DECOY_TARGET,true,447.0,232.0,447.0,232.0,30.0,0.0,765,765,0,TRACKING,446.0,231.0,1.414,False
SCN_011,766,25.5,TGT_001,COMMUNICATION_TARGET,false,,,,,45.0,-30.0,4,0,166,LOST,635.0,475.0,,True
SCN_011,766,25.5,TGT_002,DECOY_TARGET,false,,,,,45.0,-60.0,4,0,166,LOST,635.0,5.0,,False
SCN_011,766,25.5,TGT_003,DECOY_TARGET,true,446.0,234.0,446.0,234.0,-30.0,60.0,766,766,0,TRACKING,445.0,233.0,1.414,False
SCN_011,767,25.5333,TGT_001,COMMUNICATION_TARGET,false,,,,,45.0,-30.0,4,0,167,LOST,635.0,475.0,,True
SCN_011,767,25.5333,TGT_002,DECOY_TARGET,false,,,,,45.0,-60.0,4,0,167,LOST,635.0,5.0,,False
SCN_011,767,25.5333,TGT_003,DECOY_TARGET,true,444.0,231.0,444.0,231.0,-60.0,-90.0,767,767,0,TRACKING,443.0,230.0,1.414,False
SCN_011,768,25.5667,TGT_001,COMMUNICATION_TARGET,false,,,,,45.0,-30.0,4,0,168,LOST,635.0,475.0,,True
SCN_011,768,25.5667,TGT_002,DECOY_TARGET,false,,,,,45.0,-60.0,4,0,168,LOST,635.0,5.0,,False
SCN_011,768,25.5667,TGT_003,DECOY_TARGET,true,440.0,230.0,440.0,230.0,-120.0,-30.0,768,768,0,TRACKING,439.0,229.0,1.414,False
SCN_011,769,25.6,TGT_001,COMMUNICATION_TARGET,false,,,,,45.0,-30.0,4,0,169,LOST,635.0,475.0,,True
SCN_011,769,25.6,TGT_002,DECOY_TARGET,false,,,,,45.0,-60.0,4,0,169,LOST,635.0,5.0,,False
SCN_011,769,25.6,TGT_003,DECOY_TARGET,true,438.0,228.0,438.0,228.0,-60.0,-60.0,769,769,0,TRACKING,437.0,227.0,1.414,False
SCN_011,770,25.6333,TGT_001,COMMUNICATION_TARGET,false,,,,,45.0,-30.0,4,0,170,LOST,635.0,475.0,,True
SCN_011,770,25.6333,TGT_002,DECOY_TARGET,false,,,,,45.0,-60.0,4,0,170,LOST,635.0,5.0,,False
SCN_011,770,25.6333,TGT_003,DECOY_TARGET,true,440.0,228.0,440.0,228.0,60.0,0.0,770,770,0,TRACKING,439.0,227.0,1.414,False
SCN_011,771,25.6667,TGT_001,COMMUNICATION_TARGET,false,,,,,45.0,-30.0,4,0,171,LOST,635.0,475.0,,True
SCN_011,771,25.6667,TGT_002,DECOY_TARGET,false,,,,,45.0,-60.0,4,0,171,LOST,635.0,5.0,,False
SCN_011,771,25.6667,TGT_003,DECOY_TARGET,true,446.0,232.0,446.0,232.0,180.0,120.0,771,771,0,TRACKING,445.0,231.0,1.414,False
SCN_011,772,25.7,TGT_001,COMMUNICATION_TARGET,false,,,,,45.0,-30.0,4,0,172,LOST,635.0,475.0,,True
SCN_011,772,25.7,TGT_002,DECOY_TARGET,false,,,,,45.0,-60.0,4,0,172,LOST,635.0,5.0,,False
SCN_011,772,25.7,TGT_003,DECOY_TARGET,true,451.0,236.0,451.0,236.0,150.0,120.0,772,772,0,TRACKING,450.0,235.0,1.414,False
SCN_011,773,25.7333,TGT_001,COMMUNICATION_TARGET,false,,,,,45.0,-30.0,4,0,173,LOST,635.0,475.0,,True
SCN_011,773,25.7333,TGT_002,DECOY_TARGET,false,,,,,45.0,-60.0,4,0,173,LOST,635.0,5.0,,False
SCN_011,773,25.7333,TGT_003,DECOY_TARGET,true,453.0,242.0,453.0,242.0,60.0,180.0,773,773,0,TRACKING,452.0,241.0,1.414,False
SCN_011,774,25.7667,TGT_001,COMMUNICATION_TARGET,false,,,,,45.0,-30.0,4,0,174,LOST,635.0,475.0,,True
SCN_011,774,25.7667,TGT_002,DECOY_TARGET,false,,,,,45.0,-60.0,4,0,174,LOST,635.0,5.0,,False
SCN_011,774,25.7667,TGT_003,DECOY_TARGET,true,451.0,245.0,451.0,245.0,-60.0,90.0,774,774,0,TRACKING,450.0,244.0,1.414,False
SCN_011,775,25.8,TGT_001,COMMUNICATION_TARGET,false,,,,,45.0,-30.0,4,0,175,LOST,635.0,475.0,,True
SCN_011,775,25.8,TGT_002,DECOY_TARGET,false,,,,,45.0,-60.0,4,0,175,LOST,635.0,5.0,,False
SCN_011,775,25.8,TGT_003,DECOY_TARGET,true,447.0,245.0,447.0,245.0,-120.0,0.0,775,775,0,TRACKING,446.0,244.0,1.414,False
SCN_011,776,25.8333,TGT_001,COMMUNICATION_TARGET,false,,,,,45.0,-30.0,4,0,176,LOST,635.0,475.0,,True
SCN_011,776,25.8333,TGT_002,DECOY_TARGET,false,,,,,45.0,-60.0,4,0,176,LOST,635.0,5.0,,False
SCN_011,776,25.8333,TGT_003,DECOY_TARGET,true,444.0,243.0,444.0,243.0,-90.0,-60.0,776,776,0,TRACKING,443.0,242.0,1.414,False
SCN_011,777,25.8667,TGT_001,COMMUNICATION_TARGET,false,,,,,45.0,-30.0,4,0,177,LOST,635.0,475.0,,True
SCN_011,777,25.8667,TGT_002,DECOY_TARGET,false,,,,,45.0,-60.0,4,0,177,LOST,635.0,5.0,,False
SCN_011,777,25.8667,TGT_003,DECOY_TARGET,true,442.0,240.0,442.0,240.0,-60.0,-90.0,777,777,0,TRACKING,441.0,239.0,1.414,False
SCN_011,778,25.9,TGT_001,COMMUNICATION_TARGET,false,,,,,45.0,-30.0,4,0,178,LOST,635.0,475.0,,True
SCN_011,778,25.9,TGT_002,DECOY_TARGET,false,,,,,45.0,-60.0,4,0,178,LOST,635.0,5.0,,False
SCN_011,778,25.9,TGT_003,DECOY_TARGET,true,443.0,239.0,443.0,239.0,30.0,-30.0,778,778,0,TRACKING,442.0,238.0,1.414,False
SCN_011,779,25.9333,TGT_001,COMMUNICATION_TARGET,false,,,,,45.0,-30.0,4,0,179,LOST,635.0,475.0,,True
SCN_011,779,25.9333,TGT_002,DECOY_TARGET,false,,,,,45.0,-60.0,4,0,179,LOST,635.0,5.0,,False
SCN_011,779,25.9333,TGT_003,DECOY_TARGET,true,444.0,238.0,444.0,238.0,30.0,-30.0,779,779,0,TRACKING,443.0,237.0,1.414,False
SCN_011,780,25.9667,TGT_001,COMMUNICATION_TARGET,false,,,,,45.0,-30.0,4,0,180,LOST,635.0,475.0,,True
SCN_011,780,25.9667,TGT_002,DECOY_TARGET,false,,,,,45.0,-60.0,4,0,180,LOST,635.0,5.0,,False
SCN_011,780,25.9667,TGT_003,DECOY_TARGET,true,445.0,240.0,445.0,240.0,30.0,60.0,780,780,0,TRACKING,444.0,239.0,1.414,False
SCN_011,781,26.0,TGT_001,COMMUNICATION_TARGET,false,,,,,45.0,-30.0,4,0,181,LOST,635.0,475.0,,True
SCN_011,781,26.0,TGT_002,DECOY_TARGET,false,,,,,45.0,-60.0,4,0,181,LOST,635.0,5.0,,False
SCN_011,781,26.0,TGT_003,DECOY_TARGET,true,446.0,242.0,446.0,242.0,30.0,60.0,781,781,0,TRACKING,445.0,241.0,1.414,False
SCN_011,782,26.0333,TGT_001,COMMUNICATION_TARGET,false,,,,,45.0,-30.0,4,0,182,LOST,635.0,475.0,,True
SCN_011,782,26.0333,TGT_002,DECOY_TARGET,false,,,,,45.0,-60.0,4,0,182,LOST,635.0,5.0,,False
SCN_011,782,26.0333,TGT_003,DECOY_TARGET,true,447.0,243.0,447.0,243.0,30.0,30.0,782,782,0,TRACKING,446.0,242.0,1.414,False
SCN_011,783,26.0667,TGT_001,COMMUNICATION_TARGET,false,,,,,45.0,-30.0,4,0,183,LOST,635.0,475.0,,True
SCN_011,783,26.0667,TGT_002,DECOY_TARGET,false,,,,,45.0,-60.0,4,0,183,LOST,635.0,5.0,,False
SCN_011,783,26.0667,TGT_003,DECOY_TARGET,true,450.0,243.0,450.0,243.0,90.0,0.0,783,783,0,TRACKING,449.0,242.0,1.414,False
SCN_011,784,26.1,TGT_001,COMMUNICATION_TARGET,false,,,,,45.0,-30.0,4,0,184,LOST,635.0,475.0,,True
SCN_011,784,26.1,TGT_002,DECOY_TARGET,false,,,,,45.0,-60.0,4,0,184,LOST,635.0,5.0,,False
SCN_011,784,26.1,TGT_003,DECOY_TARGET,true,452.0,246.0,452.0,246.0,60.0,90.0,784,784,0,TRACKING,451.0,245.0,1.414,False
SCN_011,785,26.1333,TGT_001,COMMUNICATION_TARGET,false,,,,,45.0,-30.0,4,0,185,LOST,635.0,475.0,,True
SCN_011,785,26.1333,TGT_002,DECOY_TARGET,false,,,,,45.0,-60.0,4,0,185,LOST,635.0,5.0,,False
SCN_011,785,26.1333,TGT_003,DECOY_TARGET,true,452.0,248.0,452.0,248.0,0.0,60.0,785,785,0,TRACKING,451.0,247.0,1.414,False
SCN_011,786,26.1667,TGT_001,COMMUNICATION_TARGET,false,,,,,45.0,-30.0,4,0,186,LOST,635.0,475.0,,True
SCN_011,786,26.1667,TGT_002,DECOY_TARGET,false,,,,,45.0,-60.0,4,0,186,LOST,635.0,5.0,,False
SCN_011,786,26.1667,TGT_003,DECOY_TARGET,true,450.0,252.0,450.0,252.0,-60.0,120.0,786,786,0,TRACKING,449.0,251.0,1.414,False
SCN_011,787,26.2,TGT_001,COMMUNICATION_TARGET,false,,,,,45.0,-30.0,4,0,187,LOST,635.0,475.0,,True
SCN_011,787,26.2,TGT_002,DECOY_TARGET,false,,,,,45.0,-60.0,4,0,187,LOST,635.0,5.0,,False
SCN_011,787,26.2,TGT_003,DECOY_TARGET,true,444.0,256.0,444.0,256.0,-180.0,120.0,787,787,0,TRACKING,443.0,255.0,1.414,False
SCN_011,788,26.2333,TGT_001,COMMUNICATION_TARGET,false,,,,,45.0,-30.0,4,0,188,LOST,635.0,475.0,,True
SCN_011,788,26.2333,TGT_002,DECOY_TARGET,false,,,,,45.0,-60.0,4,0,188,LOST,635.0,5.0,,False
SCN_011,788,26.2333,TGT_003,DECOY_TARGET,true,439.0,257.0,439.0,257.0,-150.0,30.0,788,788,0,TRACKING,438.0,256.0,1.414,False
SCN_011,789,26.2667,TGT_001,COMMUNICATION_TARGET,false,,,,,45.0,-30.0,4,0,189,LOST,635.0,475.0,,True
SCN_011,789,26.2667,TGT_002,DECOY_TARGET,false,,,,,45.0,-60.0,4,0,189,LOST,635.0,5.0,,False
SCN_011,789,26.2667,TGT_003,DECOY_TARGET,true,439.0,255.0,439.0,255.0,0.0,-60.0,789,789,0,TRACKING,438.0,254.0,1.414,False
SCN_011,790,26.3,TGT_001,COMMUNICATION_TARGET,false,,,,,45.0,-30.0,4,0,190,LOST,635.0,475.0,,True
SCN_011,790,26.3,TGT_002,DECOY_TARGET,false,,,,,45.0,-60.0,4,0,190,LOST,635.0,5.0,,False
SCN_011,790,26.3,TGT_003,DECOY_TARGET,true,443.0,251.0,443.0,251.0,120.0,-120.0,790,790,0,TRACKING,442.0,250.0,1.414,False
SCN_011,791,26.3333,TGT_001,COMMUNICATION_TARGET,false,,,,,45.0,-30.0,4,0,191,LOST,635.0,475.0,,True
SCN_011,791,26.3333,TGT_002,DECOY_TARGET,false,,,,,45.0,-60.0,4,0,191,LOST,635.0,5.0,,False
SCN_011,791,26.3333,TGT_003,DECOY_TARGET,true,449.0,247.0,449.0,247.0,180.0,-120.0,791,791,0,TRACKING,448.0,246.0,1.414,False
SCN_011,792,26.3667,TGT_001,COMMUNICATION_TARGET,false,,,,,45.0,-30.0,4,0,192,LOST,635.0,475.0,,True
SCN_011,792,26.3667,TGT_002,DECOY_TARGET,false,,,,,45.0,-60.0,4,0,192,LOST,635.0,5.0,,False
SCN_011,792,26.3667,TGT_003,DECOY_TARGET,true,452.0,247.0,452.0,247.0,90.0,0.0,792,792,0,TRACKING,451.0,246.0,1.414,False
SCN_011,793,26.4,TGT_001,COMMUNICATION_TARGET,false,,,,,45.0,-30.0,4,0,193,LOST,635.0,475.0,,True
SCN_011,793,26.4,TGT_002,DECOY_TARGET,false,,,,,45.0,-60.0,4,0,193,LOST,635.0,5.0,,False
SCN_011,793,26.4,TGT_003,DECOY_TARGET,true,453.0,248.0,453.0,248.0,30.0,30.0,793,793,0,TRACKING,452.0,247.0,1.414,False
SCN_011,794,26.4333,TGT_001,COMMUNICATION_TARGET,false,,,,,45.0,-30.0,4,0,194,LOST,635.0,475.0,,True
SCN_011,794,26.4333,TGT_002,DECOY_TARGET,false,,,,,45.0,-60.0,4,0,194,LOST,635.0,5.0,,False
SCN_011,794,26.4333,TGT_003,DECOY_TARGET,true,450.0,253.0,450.0,253.0,-90.0,150.0,794,794,0,TRACKING,449.0,252.0,1.414,False
SCN_011,795,26.4667,TGT_001,COMMUNICATION_TARGET,false,,,,,45.0,-30.0,4,0,195,LOST,635.0,475.0,,True
SCN_011,795,26.4667,TGT_002,DECOY_TARGET,false,,,,,45.0,-60.0,4,0,195,LOST,635.0,5.0,,False
SCN_011,795,26.4667,TGT_003,DECOY_TARGET,true,447.0,258.0,447.0,258.0,-90.0,150.0,795,795,0,TRACKING,446.0,257.0,1.414,False
SCN_011,796,26.5,TGT_001,COMMUNICATION_TARGET,false,,,,,45.0,-30.0,4,0,196,LOST,635.0,475.0,,True
SCN_011,796,26.5,TGT_002,DECOY_TARGET,false,,,,,45.0,-60.0,4,0,196,LOST,635.0,5.0,,False
SCN_011,796,26.5,TGT_003,DECOY_TARGET,true,445.0,261.0,445.0,261.0,-60.0,90.0,796,796,0,TRACKING,444.0,260.0,1.414,False
SCN_011,797,26.5333,TGT_001,COMMUNICATION_TARGET,false,,,,,45.0,-30.0,4,0,197,LOST,635.0,475.0,,True
SCN_011,797,26.5333,TGT_002,DECOY_TARGET,false,,,,,45.0,-60.0,4,0,197,LOST,635.0,5.0,,False
SCN_011,797,26.5333,TGT_003,DECOY_TARGET,true,445.0,262.0,445.0,262.0,0.0,30.0,797,797,0,TRACKING,444.0,261.0,1.414,False
SCN_011,798,26.5667,TGT_001,COMMUNICATION_TARGET,false,,,,,45.0,-30.0,4,0,198,LOST,635.0,475.0,,True
SCN_011,798,26.5667,TGT_002,DECOY_TARGET,false,,,,,45.0,-60.0,4,0,198,LOST,635.0,5.0,,False
SCN_011,798,26.5667,TGT_003,DECOY_TARGET,true,444.0,262.0,444.0,262.0,-30.0,0.0,798,798,0,TRACKING,443.0,261.0,1.414,False
SCN_011,799,26.6,TGT_001,COMMUNICATION_TARGET,false,,,,,45.0,-30.0,4,0,199,LOST,635.0,475.0,,True
SCN_011,799,26.6,TGT_002,DECOY_TARGET,false,,,,,45.0,-60.0,4,0,199,LOST,635.0,5.0,,False
SCN_011,799,26.6,TGT_003,DECOY_TARGET,true,443.0,262.0,443.0,262.0,-30.0,0.0,799,799,0,TRACKING,442.0,261.0,1.414,False
SCN_011,800,26.6333,TGT_001,COMMUNICATION_TARGET,false,,,,,45.0,-30.0,4,0,200,LOST,635.0,475.0,,True
SCN_011,800,26.6333,TGT_002,DECOY_TARGET,false,,,,,45.0,-60.0,4,0,200,LOST,635.0,5.0,,False
SCN_011,800,26.6333,TGT_003,DECOY_TARGET,true,442.0,264.0,442.0,264.0,-30.0,60.0,800,800,0,TRACKING,441.0,263.0,1.414,False
SCN_011,801,26.6667,TGT_001,COMMUNICATION_TARGET,false,,,,,45.0,-30.0,4,0,201,LOST,635.0,475.0,,True
SCN_011,801,26.6667,TGT_002,DECOY_TARGET,false,,,,,45.0,-60.0,4,0,201,LOST,635.0,5.0,,False
SCN_011,801,26.6667,TGT_003,DECOY_TARGET,true,444.0,264.0,444.0,264.0,60.0,0.0,801,801,0,TRACKING,443.0,263.0,1.414,False
SCN_011,802,26.7,TGT_001,COMMUNICATION_TARGET,false,,,,,45.0,-30.0,4,0,202,LOST,635.0,475.0,,True
SCN_011,802,26.7,TGT_002,DECOY_TARGET,false,,,,,45.0,-60.0,4,0,202,LOST,635.0,5.0,,False
SCN_011,802,26.7,TGT_003,DECOY_TARGET,true,447.0,264.0,447.0,264.0,90.0,0.0,802,802,0,TRACKING,446.0,263.0,1.414,False
SCN_011,803,26.7333,TGT_001,COMMUNICATION_TARGET,false,,,,,45.0,-30.0,4,0,203,LOST,635.0,475.0,,True
SCN_011,803,26.7333,TGT_002,DECOY_TARGET,false,,,,,45.0,-60.0,4,0,203,LOST,635.0,5.0,,False
SCN_011,803,26.7333,TGT_003,DECOY_TARGET,true,451.0,263.0,451.0,263.0,120.0,-30.0,803,803,0,TRACKING,450.0,262.0,1.414,False
SCN_011,804,26.7667,TGT_001,COMMUNICATION_TARGET,false,,,,,45.0,-30.0,4,0,204,LOST,635.0,475.0,,True
SCN_011,804,26.7667,TGT_002,DECOY_TARGET,false,,,,,45.0,-60.0,4,0,204,LOST,635.0,5.0,,False
SCN_011,804,26.7667,TGT_003,DECOY_TARGET,true,454.0,261.0,454.0,261.0,90.0,-60.0,804,804,0,TRACKING,453.0,260.0,1.414,False
SCN_011,805,26.8,TGT_001,COMMUNICATION_TARGET,false,,,,,45.0,-30.0,4,0,205,LOST,635.0,475.0,,True
SCN_011,805,26.8,TGT_002,DECOY_TARGET,false,,,,,45.0,-60.0,4,0,205,LOST,635.0,5.0,,False
SCN_011,805,26.8,TGT_003,DECOY_TARGET,true,451.0,259.0,451.0,259.0,-90.0,-60.0,805,805,0,TRACKING,450.0,258.0,1.414,False
SCN_011,806,26.8333,TGT_001,COMMUNICATION_TARGET,false,,,,,45.0,-30.0,4,0,206,LOST,635.0,475.0,,True
SCN_011,806,26.8333,TGT_002,DECOY_TARGET,false,,,,,45.0,-60.0,4,0,206,LOST,635.0,5.0,,False
SCN_011,806,26.8333,TGT_003,DECOY_TARGET,true,446.0,261.0,446.0,261.0,-150.0,60.0,806,806,0,TRACKING,445.0,260.0,1.414,False
SCN_011,807,26.8667,TGT_001,COMMUNICATION_TARGET,false,,,,,45.0,-30.0,4,0,207,LOST,635.0,475.0,,True
SCN_011,807,26.8667,TGT_002,DECOY_TARGET,false,,,,,45.0,-60.0,4,0,207,LOST,635.0,5.0,,False
SCN_011,807,26.8667,TGT_003,DECOY_TARGET,true,439.0,264.0,439.0,264.0,-210.0,90.0,807,807,0,TRACKING,438.0,263.0,1.414,False
SCN_011,808,26.9,TGT_001,COMMUNICATION_TARGET,false,,,,,45.0,-30.0,4,0,208,LOST,635.0,475.0,,True
SCN_011,808,26.9,TGT_002,DECOY_TARGET,false,,,,,45.0,-60.0,4,0,208,LOST,635.0,5.0,,False
SCN_011,808,26.9,TGT_003,DECOY_TARGET,true,438.0,270.0,438.0,270.0,-30.0,180.0,808,808,0,TRACKING,437.0,269.0,1.414,False
SCN_011,809,26.9333,TGT_001,COMMUNICATION_TARGET,false,,,,,45.0,-30.0,4,0,209,LOST,635.0,475.0,,True
SCN_011,809,26.9333,TGT_002,DECOY_TARGET,false,,,,,45.0,-60.0,4,0,209,LOST,635.0,5.0,,False
SCN_011,809,26.9333,TGT_003,DECOY_TARGET,true,439.0,275.0,439.0,275.0,30.0,150.0,809,809,0,TRACKING,438.0,274.0,1.414,False
SCN_011,810,26.9667,TGT_001,COMMUNICATION_TARGET,false,,,,,45.0,-30.0,4,0,210,LOST,635.0,475.0,,True
SCN_011,810,26.9667,TGT_002,DECOY_TARGET,false,,,,,45.0,-60.0,4,0,210,LOST,635.0,5.0,,False
SCN_011,810,26.9667,TGT_003,DECOY_TARGET,true,444.0,278.0,444.0,278.0,150.0,90.0,810,810,0,TRACKING,443.0,277.0,1.414,False
SCN_011,811,27.0,TGT_001,COMMUNICATION_TARGET,false,,,,,45.0,-30.0,4,0,211,LOST,635.0,475.0,,True
SCN_011,811,27.0,TGT_002,DECOY_TARGET,false,,,,,45.0,-60.0,4,0,211,LOST,635.0,5.0,,False
SCN_011,811,27.0,TGT_003,DECOY_TARGET,true,447.0,277.0,447.0,277.0,90.0,-30.0,811,811,0,TRACKING,446.0,276.0,1.414,False
SCN_011,812,27.0333,TGT_001,COMMUNICATION_TARGET,false,,,,,45.0,-30.0,4,0,212,LOST,635.0,475.0,,True
SCN_011,812,27.0333,TGT_002,DECOY_TARGET,false,,,,,45.0,-60.0,4,0,212,LOST,635.0,5.0,,False
SCN_011,812,27.0333,TGT_003,DECOY_TARGET,true,448.0,274.0,448.0,274.0,30.0,-90.0,812,812,0,TRACKING,447.0,273.0,1.414,False
SCN_011,813,27.0667,TGT_001,COMMUNICATION_TARGET,false,,,,,45.0,-30.0,4,0,213,LOST,635.0,475.0,,True
SCN_011,813,27.0667,TGT_002,DECOY_TARGET,false,,,,,45.0,-60.0,4,0,213,LOST,635.0,5.0,,False
SCN_011,813,27.0667,TGT_003,DECOY_TARGET,true,447.0,271.0,447.0,271.0,-30.0,-90.0,813,813,0,TRACKING,446.0,270.0,1.414,False
SCN_011,814,27.1,TGT_001,COMMUNICATION_TARGET,false,,,,,45.0,-30.0,4,0,214,LOST,635.0,475.0,,True
SCN_011,814,27.1,TGT_002,DECOY_TARGET,false,,,,,45.0,-60.0,4,0,214,LOST,635.0,5.0,,False
SCN_011,814,27.1,TGT_003,DECOY_TARGET,true,445.0,270.0,445.0,270.0,-60.0,-30.0,814,814,0,TRACKING,444.0,269.0,1.414,False
SCN_011,815,27.1333,TGT_001,COMMUNICATION_TARGET,false,,,,,45.0,-30.0,4,0,215,LOST,635.0,475.0,,True
SCN_011,815,27.1333,TGT_002,DECOY_TARGET,false,,,,,45.0,-60.0,4,0,215,LOST,635.0,5.0,,False
SCN_011,815,27.1333,TGT_003,DECOY_TARGET,true,445.0,271.0,445.0,271.0,0.0,30.0,815,815,0,TRACKING,444.0,270.0,1.414,False
SCN_011,816,27.1667,TGT_001,COMMUNICATION_TARGET,false,,,,,45.0,-30.0,4,0,216,LOST,635.0,475.0,,True
SCN_011,816,27.1667,TGT_002,DECOY_TARGET,false,,,,,45.0,-60.0,4,0,216,LOST,635.0,5.0,,False
SCN_011,816,27.1667,TGT_003,DECOY_TARGET,true,444.0,273.0,444.0,273.0,-30.0,60.0,816,816,0,TRACKING,443.0,272.0,1.414,False
SCN_011,817,27.2,TGT_001,COMMUNICATION_TARGET,false,,,,,45.0,-30.0,4,0,217,LOST,635.0,475.0,,True
SCN_011,817,27.2,TGT_002,DECOY_TARGET,false,,,,,45.0,-60.0,4,0,217,LOST,635.0,5.0,,False
SCN_011,817,27.2,TGT_003,DECOY_TARGET,true,442.0,275.0,442.0,275.0,-60.0,60.0,817,817,0,TRACKING,441.0,274.0,1.414,False
SCN_011,818,27.2333,TGT_001,COMMUNICATION_TARGET,false,,,,,45.0,-30.0,4,0,218,LOST,635.0,475.0,,True
SCN_011,818,27.2333,TGT_002,DECOY_TARGET,false,,,,,45.0,-60.0,4,0,218,LOST,635.0,5.0,,False
SCN_011,818,27.2333,TGT_003,DECOY_TARGET,true,438.0,276.0,438.0,276.0,-120.0,30.0,818,818,0,TRACKING,437.0,275.0,1.414,False
SCN_011,819,27.2667,TGT_001,COMMUNICATION_TARGET,false,,,,,45.0,-30.0,4,0,219,LOST,635.0,475.0,,True
SCN_011,819,27.2667,TGT_002,DECOY_TARGET,false,,,,,45.0,-60.0,4,0,219,LOST,635.0,5.0,,False
SCN_011,819,27.2667,TGT_003,DECOY_TARGET,true,437.0,276.0,437.0,276.0,-30.0,0.0,819,819,0,TRACKING,436.0,275.0,1.414,False
SCN_011,820,27.3,TGT_001,COMMUNICATION_TARGET,false,,,,,45.0,-30.0,4,0,220,LOST,635.0,475.0,,True
SCN_011,820,27.3,TGT_002,DECOY_TARGET,false,,,,,45.0,-60.0,4,0,220,LOST,635.0,5.0,,False
SCN_011,820,27.3,TGT_003,DECOY_TARGET,true,436.0,277.0,436.0,277.0,-30.0,30.0,820,820,0,TRACKING,435.0,276.0,1.414,False
SCN_011,821,27.3333,TGT_001,COMMUNICATION_TARGET,false,,,,,45.0,-30.0,4,0,221,LOST,635.0,475.0,,True
SCN_011,821,27.3333,TGT_002,DECOY_TARGET,false,,,,,45.0,-60.0,4,0,221,LOST,635.0,5.0,,False
SCN_011,821,27.3333,TGT_003,DECOY_TARGET,true,439.0,280.0,439.0,280.0,90.0,90.0,821,821,0,TRACKING,438.0,279.0,1.414,False
SCN_011,822,27.3667,TGT_001,COMMUNICATION_TARGET,false,,,,,45.0,-30.0,4,0,222,LOST,635.0,475.0,,True
SCN_011,822,27.3667,TGT_002,DECOY_TARGET,false,,,,,45.0,-60.0,4,0,222,LOST,635.0,5.0,,False
SCN_011,822,27.3667,TGT_003,DECOY_TARGET,true,444.0,285.0,444.0,285.0,150.0,150.0,822,822,0,TRACKING,443.0,284.0,1.414,False
SCN_011,823,27.4,TGT_001,COMMUNICATION_TARGET,false,,,,,45.0,-30.0,4,0,223,LOST,635.0,475.0,,True
SCN_011,823,27.4,TGT_002,DECOY_TARGET,false,,,,,45.0,-60.0,4,0,223,LOST,635.0,5.0,,False
SCN_011,823,27.4,TGT_003,DECOY_TARGET,true,448.0,287.0,448.0,287.0,120.0,60.0,823,823,0,TRACKING,447.0,286.0,1.414,False
SCN_011,824,27.4333,TGT_001,COMMUNICATION_TARGET,false,,,,,45.0,-30.0,4,0,224,LOST,635.0,475.0,,True
SCN_011,824,27.4333,TGT_002,DECOY_TARGET,false,,,,,45.0,-60.0,4,0,224,LOST,635.0,5.0,,False
SCN_011,824,27.4333,TGT_003,DECOY_TARGET,true,448.0,288.0,448.0,288.0,0.0,30.0,824,824,0,TRACKING,447.0,287.0,1.414,False
SCN_011,825,27.4667,TGT_001,COMMUNICATION_TARGET,false,,,,,45.0,-30.0,4,0,225,LOST,635.0,475.0,,True
SCN_011,825,27.4667,TGT_002,DECOY_TARGET,false,,,,,45.0,-60.0,4,0,225,LOST,635.0,5.0,,False
SCN_011,825,27.4667,TGT_003,DECOY_TARGET,true,442.0,286.0,442.0,286.0,-180.0,-60.0,825,825,0,TRACKING,441.0,285.0,1.414,False
SCN_011,826,27.5,TGT_001,COMMUNICATION_TARGET,false,,,,,45.0,-30.0,4,0,226,LOST,635.0,475.0,,True
SCN_011,826,27.5,TGT_002,DECOY_TARGET,false,,,,,45.0,-60.0,4,0,226,LOST,635.0,5.0,,False
SCN_011,826,27.5,TGT_003,DECOY_TARGET,true,437.0,282.0,437.0,282.0,-150.0,-120.0,826,826,0,TRACKING,436.0,281.0,1.414,False
SCN_011,827,27.5333,TGT_001,COMMUNICATION_TARGET,false,,,,,45.0,-30.0,4,0,227,LOST,635.0,475.0,,True
SCN_011,827,27.5333,TGT_002,DECOY_TARGET,false,,,,,45.0,-60.0,4,0,227,LOST,635.0,5.0,,False
SCN_011,827,27.5333,TGT_003,DECOY_TARGET,true,434.0,279.0,434.0,279.0,-90.0,-90.0,827,827,0,TRACKING,433.0,278.0,1.414,False
SCN_011,828,27.5667,TGT_001,COMMUNICATION_TARGET,false,,,,,45.0,-30.0,4,0,228,LOST,635.0,475.0,,True
SCN_011,828,27.5667,TGT_002,DECOY_TARGET,false,,,,,45.0,-60.0,4,0,228,LOST,635.0,5.0,,False
SCN_011,828,27.5667,TGT_003,DECOY_TARGET,true,433.0,279.0,433.0,279.0,-30.0,0.0,828,828,0,TRACKING,432.0,278.0,1.414,False
SCN_011,829,27.6,TGT_001,COMMUNICATION_TARGET,false,,,,,45.0,-30.0,4,0,229,LOST,635.0,475.0,,True
SCN_011,829,27.6,TGT_002,DECOY_TARGET,false,,,,,45.0,-60.0,4,0,229,LOST,635.0,5.0,,False
SCN_011,829,27.6,TGT_003,DECOY_TARGET,true,435.0,281.0,435.0,281.0,60.0,60.0,829,829,0,TRACKING,434.0,280.0,1.414,False
SCN_011,830,27.6333,TGT_001,COMMUNICATION_TARGET,false,,,,,45.0,-30.0,4,0,230,LOST,635.0,475.0,,True
SCN_011,830,27.6333,TGT_002,DECOY_TARGET,false,,,,,45.0,-60.0,4,0,230,LOST,635.0,5.0,,False
SCN_011,830,27.6333,TGT_003,DECOY_TARGET,true,438.0,285.0,438.0,285.0,90.0,120.0,830,830,0,TRACKING,437.0,284.0,1.414,False
SCN_011,831,27.6667,TGT_001,COMMUNICATION_TARGET,false,,,,,45.0,-30.0,4,0,231,LOST,635.0,475.0,,True
SCN_011,831,27.6667,TGT_002,DECOY_TARGET,false,,,,,45.0,-60.0,4,0,231,LOST,635.0,5.0,,False
SCN_011,831,27.6667,TGT_003,DECOY_TARGET,true,438.0,290.0,438.0,290.0,0.0,150.0,831,831,0,TRACKING,437.0,289.0,1.414,False
SCN_011,832,27.7,TGT_001,COMMUNICATION_TARGET,false,,,,,45.0,-30.0,4,0,232,LOST,635.0,475.0,,True
SCN_011,832,27.7,TGT_002,DECOY_TARGET,false,,,,,45.0,-60.0,4,0,232,LOST,635.0,5.0,,False
SCN_011,832,27.7,TGT_003,DECOY_TARGET,true,437.0,292.0,437.0,292.0,-30.0,60.0,832,832,0,TRACKING,436.0,291.0,1.414,False
SCN_011,833,27.7333,TGT_001,COMMUNICATION_TARGET,false,,,,,45.0,-30.0,4,0,233,LOST,635.0,475.0,,True
SCN_011,833,27.7333,TGT_002,DECOY_TARGET,false,,,,,45.0,-60.0,4,0,233,LOST,635.0,5.0,,False
SCN_011,833,27.7333,TGT_003,DECOY_TARGET,true,438.0,294.0,438.0,294.0,30.0,60.0,833,833,0,TRACKING,437.0,293.0,1.414,False
SCN_011,834,27.7667,TGT_001,COMMUNICATION_TARGET,false,,,,,45.0,-30.0,4,0,234,LOST,635.0,475.0,,True
SCN_011,834,27.7667,TGT_002,DECOY_TARGET,false,,,,,45.0,-60.0,4,0,234,LOST,635.0,5.0,,False
SCN_011,834,27.7667,TGT_003,DECOY_TARGET,true,440.0,293.0,440.0,293.0,60.0,-30.0,834,834,0,TRACKING,439.0,292.0,1.414,False
SCN_011,835,27.8,TGT_001,COMMUNICATION_TARGET,false,,,,,45.0,-30.0,4,0,235,LOST,635.0,475.0,,True
SCN_011,835,27.8,TGT_002,DECOY_TARGET,false,,,,,45.0,-60.0,4,0,235,LOST,635.0,5.0,,False
SCN_011,835,27.8,TGT_003,DECOY_TARGET,true,440.0,293.0,440.0,293.0,0.0,0.0,835,835,0,TRACKING,439.0,292.0,1.414,False
SCN_011,836,27.8333,TGT_001,COMMUNICATION_TARGET,false,,,,,45.0,-30.0,4,0,236,LOST,635.0,475.0,,True
SCN_011,836,27.8333,TGT_002,DECOY_TARGET,false,,,,,45.0,-60.0,4,0,236,LOST,635.0,5.0,,False
SCN_011,836,27.8333,TGT_003,DECOY_TARGET,true,438.0,295.0,438.0,295.0,-60.0,60.0,836,836,0,TRACKING,437.0,294.0,1.414,False
SCN_011,837,27.8667,TGT_001,COMMUNICATION_TARGET,false,,,,,45.0,-30.0,4,0,237,LOST,635.0,475.0,,True
SCN_011,837,27.8667,TGT_002,DECOY_TARGET,false,,,,,45.0,-60.0,4,0,237,LOST,635.0,5.0,,False
SCN_011,837,27.8667,TGT_003,DECOY_TARGET,true,434.0,295.0,434.0,295.0,-120.0,0.0,837,837,0,TRACKING,433.0,294.0,1.414,False
SCN_011,838,27.9,TGT_001,COMMUNICATION_TARGET,false,,,,,45.0,-30.0,4,0,238,LOST,635.0,475.0,,True
SCN_011,838,27.9,TGT_002,DECOY_TARGET,false,,,,,45.0,-60.0,4,0,238,LOST,635.0,5.0,,False
SCN_011,838,27.9,TGT_003,DECOY_TARGET,true,429.0,294.0,429.0,294.0,-150.0,-30.0,838,838,0,TRACKING,428.0,293.0,1.414,False
SCN_011,839,27.9333,TGT_001,COMMUNICATION_TARGET,false,,,,,45.0,-30.0,4,0,239,LOST,635.0,475.0,,True
SCN_011,839,27.9333,TGT_002,DECOY_TARGET,false,,,,,45.0,-60.0,4,0,239,LOST,635.0,5.0,,False
SCN_011,839,27.9333,TGT_003,DECOY_TARGET,true,427.0,293.0,427.0,293.0,-60.0,-30.0,839,839,0,TRACKING,426.0,292.0,1.414,False
SCN_011,840,27.9667,TGT_001,COMMUNICATION_TARGET,false,,,,,45.0,-30.0,4,0,240,LOST,635.0,475.0,,True
SCN_011,840,27.9667,TGT_002,DECOY_TARGET,false,,,,,45.0,-60.0,4,0,240,LOST,635.0,5.0,,False
SCN_011,840,27.9667,TGT_003,DECOY_TARGET,true,428.0,290.0,428.0,290.0,30.0,-90.0,840,840,0,TRACKING,427.0,289.0,1.414,False
SCN_011,841,28.0,TGT_001,COMMUNICATION_TARGET,false,,,,,45.0,-30.0,4,0,241,LOST,635.0,475.0,,True
SCN_011,841,28.0,TGT_002,DECOY_TARGET,false,,,,,45.0,-60.0,4,0,241,LOST,635.0,5.0,,False
SCN_011,841,28.0,TGT_003,DECOY_TARGET,true,433.0,289.0,433.0,289.0,150.0,-30.0,841,841,0,TRACKING,432.0,288.0,1.414,False
SCN_011,842,28.0333,TGT_001,COMMUNICATION_TARGET,false,,,,,45.0,-30.0,4,0,242,LOST,635.0,475.0,,True
SCN_011,842,28.0333,TGT_002,DECOY_TARGET,false,,,,,45.0,-60.0,4,0,242,LOST,635.0,5.0,,False
SCN_011,842,28.0333,TGT_003,DECOY_TARGET,true,438.0,291.0,438.0,291.0,150.0,60.0,842,842,0,TRACKING,437.0,290.0,1.414,False
SCN_011,843,28.0667,TGT_001,COMMUNICATION_TARGET,false,,,,,45.0,-30.0,4,0,243,LOST,635.0,475.0,,True
SCN_011,843,28.0667,TGT_002,DECOY_TARGET,false,,,,,45.0,-60.0,4,0,243,LOST,635.0,5.0,,False
SCN_011,843,28.0667,TGT_003,DECOY_TARGET,true,439.0,294.0,439.0,294.0,30.0,90.0,843,843,0,TRACKING,438.0,293.0,1.414,False
SCN_011,844,28.1,TGT_001,COMMUNICATION_TARGET,false,,,,,45.0,-30.0,4,0,244,LOST,635.0,475.0,,True
SCN_011,844,28.1,TGT_002,DECOY_TARGET,false,,,,,45.0,-60.0,4,0,244,LOST,635.0,5.0,,False
SCN_011,844,28.1,TGT_003,DECOY_TARGET,true,436.0,299.0,436.0,299.0,-90.0,150.0,844,844,0,TRACKING,435.0,298.0,1.414,False
SCN_011,845,28.1333,TGT_001,COMMUNICATION_TARGET,false,,,,,45.0,-30.0,4,0,245,LOST,635.0,475.0,,True
SCN_011,845,28.1333,TGT_002,DECOY_TARGET,false,,,,,45.0,-60.0,4,0,245,LOST,635.0,5.0,,False
SCN_011,845,28.1333,TGT_003,DECOY_TARGET,true,431.0,305.0,431.0,305.0,-150.0,180.0,845,845,0,TRACKING,430.0,304.0,1.414,False
SCN_011,846,28.1667,TGT_001,COMMUNICATION_TARGET,false,,,,,45.0,-30.0,4,0,246,LOST,635.0,475.0,,True
SCN_011,846,28.1667,TGT_002,DECOY_TARGET,false,,,,,45.0,-60.0,4,0,246,LOST,635.0,5.0,,False
SCN_011,846,28.1667,TGT_003,DECOY_TARGET,true,428.0,306.0,428.0,306.0,-90.0,30.0,846,846,0,TRACKING,427.0,305.0,1.414,False
SCN_011,847,28.2,TGT_001,COMMUNICATION_TARGET,false,,,,,45.0,-30.0,4,0,247,LOST,635.0,475.0,,True
SCN_011,847,28.2,TGT_002,DECOY_TARGET,false,,,,,45.0,-60.0,4,0,247,LOST,635.0,5.0,,False
SCN_011,847,28.2,TGT_003,DECOY_TARGET,true,426.0,304.0,426.0,304.0,-60.0,-60.0,847,847,0,TRACKING,425.0,303.0,1.414,False
SCN_011,848,28.2333,TGT_001,COMMUNICATION_TARGET,false,,,,,45.0,-30.0,4,0,248,LOST,635.0,475.0,,True
SCN_011,848,28.2333,TGT_002,DECOY_TARGET,false,,,,,45.0,-60.0,4,0,248,LOST,635.0,5.0,,False
SCN_011,848,28.2333,TGT_003,DECOY_TARGET,true,427.0,302.0,427.0,302.0,30.0,-60.0,848,848,0,TRACKING,426.0,301.0,1.414,False
SCN_011,849,28.2667,TGT_001,COMMUNICATION_TARGET,false,,,,,45.0,-30.0,4,0,249,LOST,635.0,475.0,,True
SCN_011,849,28.2667,TGT_002,DECOY_TARGET,false,,,,,45.0,-60.0,4,0,249,LOST,635.0,5.0,,False
SCN_011,849,28.2667,TGT_003,DECOY_TARGET,true,425.0,299.0,425.0,299.0,-60.0,-90.0,849,849,0,TRACKING,424.0,298.0,1.414,False
SCN_011,850,28.3,TGT_001,COMMUNICATION_TARGET,false,,,,,45.0,-30.0,4,0,250,LOST,635.0,475.0,,True
SCN_011,850,28.3,TGT_002,DECOY_TARGET,false,,,,,45.0,-60.0,4,0,250,LOST,635.0,5.0,,False
SCN_011,850,28.3,TGT_003,DECOY_TARGET,true,426.0,297.0,426.0,297.0,30.0,-60.0,850,850,0,TRACKING,425.0,296.0,1.414,False
SCN_011,851,28.3333,TGT_001,COMMUNICATION_TARGET,false,,,,,45.0,-30.0,4,0,251,LOST,635.0,475.0,,True
SCN_011,851,28.3333,TGT_002,DECOY_TARGET,false,,,,,45.0,-60.0,4,0,251,LOST,635.0,5.0,,False
SCN_011,851,28.3333,TGT_003,DECOY_TARGET,true,425.0,300.0,425.0,300.0,-30.0,90.0,851,851,0,TRACKING,424.0,299.0,1.414,False
SCN_011,852,28.3667,TGT_001,COMMUNICATION_TARGET,false,,,,,45.0,-30.0,4,0,252,LOST,635.0,475.0,,True
SCN_011,852,28.3667,TGT_002,DECOY_TARGET,false,,,,,45.0,-60.0,4,0,252,LOST,635.0,5.0,,False
SCN_011,852,28.3667,TGT_003,DECOY_TARGET,true,427.0,301.0,427.0,301.0,60.0,30.0,852,852,0,TRACKING,426.0,300.0,1.414,False
SCN_011,853,28.4,TGT_001,COMMUNICATION_TARGET,false,,,,,45.0,-30.0,4,0,253,LOST,635.0,475.0,,True
SCN_011,853,28.4,TGT_002,DECOY_TARGET,false,,,,,45.0,-60.0,4,0,253,LOST,635.0,5.0,,False
SCN_011,853,28.4,TGT_003,DECOY_TARGET,true,430.0,301.0,430.0,301.0,90.0,0.0,853,853,0,TRACKING,429.0,300.0,1.414,False
SCN_011,854,28.4333,TGT_001,COMMUNICATION_TARGET,false,,,,,45.0,-30.0,4,0,254,LOST,635.0,475.0,,True
SCN_011,854,28.4333,TGT_002,DECOY_TARGET,false,,,,,45.0,-60.0,4,0,254,LOST,635.0,5.0,,False
SCN_011,854,28.4333,TGT_003,DECOY_TARGET,true,432.0,302.0,432.0,302.0,60.0,30.0,854,854,0,TRACKING,431.0,301.0,1.414,False
SCN_011,855,28.4667,TGT_001,COMMUNICATION_TARGET,false,,,,,45.0,-30.0,4,0,255,LOST,635.0,475.0,,True
SCN_011,855,28.4667,TGT_002,DECOY_TARGET,false,,,,,45.0,-60.0,4,0,255,LOST,635.0,5.0,,False
SCN_011,855,28.4667,TGT_003,DECOY_TARGET,true,431.0,304.0,431.0,304.0,-30.0,60.0,855,855,0,TRACKING,430.0,303.0,1.414,False
SCN_011,856,28.5,TGT_001,COMMUNICATION_TARGET,false,,,,,45.0,-30.0,4,0,256,LOST,635.0,475.0,,True
SCN_011,856,28.5,TGT_002,DECOY_TARGET,false,,,,,45.0,-60.0,4,0,256,LOST,635.0,5.0,,False
SCN_011,856,28.5,TGT_003,DECOY_TARGET,true,426.0,305.0,426.0,305.0,-150.0,30.0,856,856,0,TRACKING,425.0,304.0,1.414,False
SCN_011,857,28.5333,TGT_001,COMMUNICATION_TARGET,false,,,,,45.0,-30.0,4,0,257,LOST,635.0,475.0,,True
SCN_011,857,28.5333,TGT_002,DECOY_TARGET,false,,,,,45.0,-60.0,4,0,257,LOST,635.0,5.0,,False
SCN_011,857,28.5333,TGT_003,DECOY_TARGET,true,420.0,308.0,420.0,308.0,-180.0,90.0,857,857,0,TRACKING,419.0,307.0,1.414,False
SCN_011,858,28.5667,TGT_001,COMMUNICATION_TARGET,false,,,,,45.0,-30.0,4,0,258,LOST,635.0,475.0,,True
SCN_011,858,28.5667,TGT_002,DECOY_TARGET,false,,,,,45.0,-60.0,4,0,258,LOST,635.0,5.0,,False
SCN_011,858,28.5667,TGT_003,DECOY_TARGET,true,416.0,311.0,416.0,311.0,-120.0,90.0,858,858,0,TRACKING,415.0,310.0,1.414,False
SCN_011,859,28.6,TGT_001,COMMUNICATION_TARGET,false,,,,,45.0,-30.0,4,0,259,LOST,635.0,475.0,,True
SCN_011,859,28.6,TGT_002,DECOY_TARGET,false,,,,,45.0,-60.0,4,0,259,LOST,635.0,5.0,,False
SCN_011,859,28.6,TGT_003,DECOY_TARGET,true,416.0,314.0,416.0,314.0,0.0,90.0,859,859,0,TRACKING,415.0,313.0,1.414,False
SCN_011,860,28.6333,TGT_001,COMMUNICATION_TARGET,false,,,,,45.0,-30.0,4,0,260,LOST,635.0,475.0,,True
SCN_011,860,28.6333,TGT_002,DECOY_TARGET,false,,,,,45.0,-60.0,4,0,260,LOST,635.0,5.0,,False
SCN_011,860,28.6333,TGT_003,DECOY_TARGET,true,420.0,314.0,420.0,314.0,120.0,0.0,860,860,0,TRACKING,419.0,313.0,1.414,False
SCN_011,861,28.6667,TGT_001,COMMUNICATION_TARGET,false,,,,,45.0,-30.0,4,0,261,LOST,635.0,475.0,,True
SCN_011,861,28.6667,TGT_002,DECOY_TARGET,false,,,,,45.0,-60.0,4,0,261,LOST,635.0,5.0,,False
SCN_011,861,28.6667,TGT_003,DECOY_TARGET,true,424.0,310.0,424.0,310.0,120.0,-120.0,861,861,0,TRACKING,423.0,309.0,1.414,False
SCN_011,862,28.7,TGT_001,COMMUNICATION_TARGET,false,,,,,45.0,-30.0,4,0,262,LOST,635.0,475.0,,True
SCN_011,862,28.7,TGT_002,DECOY_TARGET,false,,,,,45.0,-60.0,4,0,262,LOST,635.0,5.0,,False
SCN_011,862,28.7,TGT_003,DECOY_TARGET,true,426.0,305.0,426.0,305.0,60.0,-150.0,862,862,0,TRACKING,425.0,304.0,1.414,False
SCN_011,863,28.7333,TGT_001,COMMUNICATION_TARGET,false,,,,,45.0,-30.0,4,0,263,LOST,635.0,475.0,,True
SCN_011,863,28.7333,TGT_002,DECOY_TARGET,false,,,,,45.0,-60.0,4,0,263,LOST,635.0,5.0,,False
SCN_011,863,28.7333,TGT_003,DECOY_TARGET,true,426.0,303.0,426.0,303.0,0.0,-60.0,863,863,0,TRACKING,425.0,302.0,1.414,False
SCN_011,864,28.7667,TGT_001,COMMUNICATION_TARGET,false,,,,,45.0,-30.0,4,0,264,LOST,635.0,475.0,,True
SCN_011,864,28.7667,TGT_002,DECOY_TARGET,false,,,,,45.0,-60.0,4,0,264,LOST,635.0,5.0,,False
SCN_011,864,28.7667,TGT_003,DECOY_TARGET,true,422.0,303.0,422.0,303.0,-120.0,0.0,864,864,0,TRACKING,421.0,302.0,1.414,False
SCN_011,865,28.8,TGT_001,COMMUNICATION_TARGET,false,,,,,45.0,-30.0,4,0,265,LOST,635.0,475.0,,True
SCN_011,865,28.8,TGT_002,DECOY_TARGET,false,,,,,45.0,-60.0,4,0,265,LOST,635.0,5.0,,False
SCN_011,865,28.8,TGT_003,DECOY_TARGET,true,420.0,307.0,420.0,307.0,-60.0,120.0,865,865,0,TRACKING,419.0,306.0,1.414,False
SCN_011,866,28.8333,TGT_001,COMMUNICATION_TARGET,false,,,,,45.0,-30.0,4,0,266,LOST,635.0,475.0,,True
SCN_011,866,28.8333,TGT_002,DECOY_TARGET,false,,,,,45.0,-60.0,4,0,266,LOST,635.0,5.0,,False
SCN_011,866,28.8333,TGT_003,DECOY_TARGET,true,418.0,310.0,418.0,310.0,-60.0,90.0,866,866,0,TRACKING,417.0,309.0,1.414,False
SCN_011,867,28.8667,TGT_001,COMMUNICATION_TARGET,false,,,,,45.0,-30.0,4,0,267,LOST,635.0,475.0,,True
SCN_011,867,28.8667,TGT_002,DECOY_TARGET,false,,,,,45.0,-60.0,4,0,267,LOST,635.0,5.0,,False
SCN_011,867,28.8667,TGT_003,DECOY_TARGET,true,418.0,315.0,418.0,315.0,0.0,150.0,867,867,0,TRACKING,417.0,314.0,1.414,False
SCN_011,868,28.9,TGT_001,COMMUNICATION_TARGET,false,,,,,45.0,-30.0,4,0,268,LOST,635.0,475.0,,True
SCN_011,868,28.9,TGT_002,DECOY_TARGET,false,,,,,45.0,-60.0,4,0,268,LOST,635.0,5.0,,False
SCN_011,868,28.9,TGT_003,DECOY_TARGET,true,416.0,316.0,416.0,316.0,-60.0,30.0,868,868,0,TRACKING,415.0,315.0,1.414,False
SCN_011,869,28.9333,TGT_001,COMMUNICATION_TARGET,false,,,,,45.0,-30.0,4,0,269,LOST,635.0,475.0,,True
SCN_011,869,28.9333,TGT_002,DECOY_TARGET,false,,,,,45.0,-60.0,4,0,269,LOST,635.0,5.0,,False
SCN_011,869,28.9333,TGT_003,DECOY_TARGET,true,412.0,316.0,412.0,316.0,-120.0,0.0,869,869,0,TRACKING,411.0,315.0,1.414,False
SCN_011,870,28.9667,TGT_001,COMMUNICATION_TARGET,false,,,,,45.0,-30.0,4,0,270,LOST,635.0,475.0,,True
SCN_011,870,28.9667,TGT_002,DECOY_TARGET,false,,,,,45.0,-60.0,4,0,270,LOST,635.0,5.0,,False
SCN_011,870,28.9667,TGT_003,DECOY_TARGET,true,412.0,316.0,412.0,316.0,0.0,0.0,870,870,0,TRACKING,411.0,315.0,1.414,False
SCN_011,871,29.0,TGT_001,COMMUNICATION_TARGET,false,,,,,45.0,-30.0,4,0,271,LOST,635.0,475.0,,True
SCN_011,871,29.0,TGT_002,DECOY_TARGET,false,,,,,45.0,-60.0,4,0,271,LOST,635.0,5.0,,False
SCN_011,871,29.0,TGT_003,DECOY_TARGET,true,413.0,315.0,413.0,315.0,30.0,-30.0,871,871,0,TRACKING,412.0,314.0,1.414,False
SCN_011,872,29.0333,TGT_001,COMMUNICATION_TARGET,false,,,,,45.0,-30.0,4,0,272,LOST,635.0,475.0,,True
SCN_011,872,29.0333,TGT_002,DECOY_TARGET,false,,,,,45.0,-60.0,4,0,272,LOST,635.0,5.0,,False
SCN_011,872,29.0333,TGT_003,DECOY_TARGET,true,417.0,316.0,417.0,316.0,120.0,30.0,872,872,0,TRACKING,416.0,315.0,1.414,False
SCN_011,873,29.0667,TGT_001,COMMUNICATION_TARGET,false,,,,,45.0,-30.0,4,0,273,LOST,635.0,475.0,,True
SCN_011,873,29.0667,TGT_002,DECOY_TARGET,false,,,,,45.0,-60.0,4,0,273,LOST,635.0,5.0,,False
SCN_011,873,29.0667,TGT_003,DECOY_TARGET,true,421.0,316.0,421.0,316.0,120.0,0.0,873,873,0,TRACKING,420.0,315.0,1.414,False
SCN_011,874,29.1,TGT_001,COMMUNICATION_TARGET,false,,,,,45.0,-30.0,4,0,274,LOST,635.0,475.0,,True
SCN_011,874,29.1,TGT_002,DECOY_TARGET,false,,,,,45.0,-60.0,4,0,274,LOST,635.0,5.0,,False
SCN_011,874,29.1,TGT_003,DECOY_TARGET,true,422.0,315.0,422.0,315.0,30.0,-30.0,874,874,0,TRACKING,421.0,314.0,1.414,False
SCN_011,875,29.1333,TGT_001,COMMUNICATION_TARGET,false,,,,,45.0,-30.0,4,0,275,LOST,635.0,475.0,,True
SCN_011,875,29.1333,TGT_002,DECOY_TARGET,false,,,,,45.0,-60.0,4,0,275,LOST,635.0,5.0,,False
SCN_011,875,29.1333,TGT_003,DECOY_TARGET,true,417.0,313.0,417.0,313.0,-150.0,-60.0,875,875,0,TRACKING,416.0,312.0,1.414,False
SCN_011,876,29.1667,TGT_001,COMMUNICATION_TARGET,false,,,,,45.0,-30.0,4,0,276,LOST,635.0,475.0,,True
SCN_011,876,29.1667,TGT_002,DECOY_TARGET,false,,,,,45.0,-60.0,4,0,276,LOST,635.0,5.0,,False
SCN_011,876,29.1667,TGT_003,DECOY_TARGET,true,411.0,311.0,411.0,311.0,-180.0,-60.0,876,876,0,TRACKING,410.0,310.0,1.414,False
SCN_011,877,29.2,TGT_001,COMMUNICATION_TARGET,false,,,,,45.0,-30.0,4,0,277,LOST,635.0,475.0,,True
SCN_011,877,29.2,TGT_002,DECOY_TARGET,false,,,,,45.0,-60.0,4,0,277,LOST,635.0,5.0,,False
SCN_011,877,29.2,TGT_003,DECOY_TARGET,true,407.0,310.0,407.0,310.0,-120.0,-30.0,877,877,0,TRACKING,406.0,309.0,1.414,False
SCN_011,878,29.2333,TGT_001,COMMUNICATION_TARGET,false,,,,,45.0,-30.0,4,0,278,LOST,635.0,475.0,,True
SCN_011,878,29.2333,TGT_002,DECOY_TARGET,false,,,,,45.0,-60.0,4,0,278,LOST,635.0,5.0,,False
SCN_011,878,29.2333,TGT_003,DECOY_TARGET,true,405.0,312.0,405.0,312.0,-60.0,60.0,878,878,0,TRACKING,404.0,311.0,1.414,False
SCN_011,879,29.2667,TGT_001,COMMUNICATION_TARGET,false,,,,,45.0,-30.0,4,0,279,LOST,635.0,475.0,,True
SCN_011,879,29.2667,TGT_002,DECOY_TARGET,false,,,,,45.0,-60.0,4,0,279,LOST,635.0,5.0,,False
SCN_011,879,29.2667,TGT_003,DECOY_TARGET,true,407.0,317.0,407.0,317.0,60.0,150.0,879,879,0,TRACKING,406.0,316.0,1.414,False
SCN_011,880,29.3,TGT_001,COMMUNICATION_TARGET,false,,,,,45.0,-30.0,4,0,280,LOST,635.0,475.0,,True
SCN_011,880,29.3,TGT_002,DECOY_TARGET,false,,,,,45.0,-60.0,4,0,280,LOST,635.0,5.0,,False
SCN_011,880,29.3,TGT_003,DECOY_TARGET,true,410.0,322.0,410.0,322.0,90.0,150.0,880,880,0,TRACKING,409.0,321.0,1.414,False
SCN_011,881,29.3333,TGT_001,COMMUNICATION_TARGET,false,,,,,45.0,-30.0,4,0,281,LOST,635.0,475.0,,True
SCN_011,881,29.3333,TGT_002,DECOY_TARGET,false,,,,,45.0,-60.0,4,0,281,LOST,635.0,5.0,,False
SCN_011,881,29.3333,TGT_003,DECOY_TARGET,true,412.0,325.0,412.0,325.0,60.0,90.0,881,881,0,TRACKING,411.0,324.0,1.414,False
SCN_011,882,29.3667,TGT_001,COMMUNICATION_TARGET,false,,,,,45.0,-30.0,4,0,282,LOST,635.0,475.0,,True
SCN_011,882,29.3667,TGT_002,DECOY_TARGET,false,,,,,45.0,-60.0,4,0,282,LOST,635.0,5.0,,False
SCN_011,882,29.3667,TGT_003,DECOY_TARGET,true,412.0,326.0,412.0,326.0,0.0,30.0,882,882,0,TRACKING,411.0,325.0,1.414,False
SCN_011,883,29.4,TGT_001,COMMUNICATION_TARGET,false,,,,,45.0,-30.0,4,0,283,LOST,635.0,475.0,,True
SCN_011,883,29.4,TGT_002,DECOY_TARGET,false,,,,,45.0,-60.0,4,0,283,LOST,635.0,5.0,,False
SCN_011,883,29.4,TGT_003,DECOY_TARGET,true,411.0,323.0,411.0,323.0,-30.0,-90.0,883,883,0,TRACKING,410.0,322.0,1.414,False
SCN_011,884,29.4333,TGT_001,COMMUNICATION_TARGET,false,,,,,45.0,-30.0,4,0,284,LOST,635.0,475.0,,True
SCN_011,884,29.4333,TGT_002,DECOY_TARGET,false,,,,,45.0,-60.0,4,0,284,LOST,635.0,5.0,,False
SCN_011,884,29.4333,TGT_003,DECOY_TARGET,true,410.0,319.0,410.0,319.0,-30.0,-120.0,884,884,0,TRACKING,409.0,318.0,1.414,False
SCN_011,885,29.4667,TGT_001,COMMUNICATION_TARGET,false,,,,,45.0,-30.0,4,0,285,LOST,635.0,475.0,,True
SCN_011,885,29.4667,TGT_002,DECOY_TARGET,false,,,,,45.0,-60.0,4,0,285,LOST,635.0,5.0,,False
SCN_011,885,29.4667,TGT_003,DECOY_TARGET,true,410.0,317.0,410.0,317.0,0.0,-60.0,885,885,0,TRACKING,409.0,316.0,1.414,False
SCN_011,886,29.5,TGT_001,COMMUNICATION_TARGET,false,,,,,45.0,-30.0,4,0,286,LOST,635.0,475.0,,True
SCN_011,886,29.5,TGT_002,DECOY_TARGET,false,,,,,45.0,-60.0,4,0,286,LOST,635.0,5.0,,False
SCN_011,886,29.5,TGT_003,DECOY_TARGET,true,410.0,316.0,410.0,316.0,0.0,-30.0,886,886,0,TRACKING,409.0,315.0,1.414,False
SCN_011,887,29.5333,TGT_001,COMMUNICATION_TARGET,false,,,,,45.0,-30.0,4,0,287,LOST,635.0,475.0,,True
SCN_011,887,29.5333,TGT_002,DECOY_TARGET,false,,,,,45.0,-60.0,4,0,287,LOST,635.0,5.0,,False
SCN_011,887,29.5333,TGT_003,DECOY_TARGET,true,406.0,318.0,406.0,318.0,-120.0,60.0,887,887,0,TRACKING,405.0,317.0,1.414,False
SCN_011,888,29.5667,TGT_001,COMMUNICATION_TARGET,false,,,,,45.0,-30.0,4,0,288,LOST,635.0,475.0,,True
SCN_011,888,29.5667,TGT_002,DECOY_TARGET,false,,,,,45.0,-60.0,4,0,288,LOST,635.0,5.0,,False
SCN_011,888,29.5667,TGT_003,DECOY_TARGET,true,402.0,319.0,402.0,319.0,-120.0,30.0,888,888,0,TRACKING,401.0,318.0,1.414,False
SCN_011,889,29.6,TGT_001,COMMUNICATION_TARGET,false,,,,,45.0,-30.0,4,0,289,LOST,635.0,475.0,,True
SCN_011,889,29.6,TGT_002,DECOY_TARGET,false,,,,,45.0,-60.0,4,0,289,LOST,635.0,5.0,,False
SCN_011,889,29.6,TGT_003,DECOY_TARGET,true,398.0,320.0,398.0,320.0,-120.0,30.0,889,889,0,TRACKING,397.0,319.0,1.414,False
SCN_011,890,29.6333,TGT_001,COMMUNICATION_TARGET,false,,,,,45.0,-30.0,4,0,290,LOST,635.0,475.0,,True
SCN_011,890,29.6333,TGT_002,DECOY_TARGET,false,,,,,45.0,-60.0,4,0,290,LOST,635.0,5.0,,False
SCN_011,890,29.6333,TGT_003,DECOY_TARGET,true,398.0,320.0,398.0,320.0,0.0,0.0,890,890,0,TRACKING,397.0,319.0,1.414,False
SCN_011,891,29.6667,TGT_001,COMMUNICATION_TARGET,false,,,,,45.0,-30.0,4,0,291,LOST,635.0,475.0,,True
SCN_011,891,29.6667,TGT_002,DECOY_TARGET,false,,,,,45.0,-60.0,4,0,291,LOST,635.0,5.0,,False
SCN_011,891,29.6667,TGT_003,DECOY_TARGET,true,403.0,321.0,403.0,321.0,150.0,30.0,891,891,0,TRACKING,402.0,320.0,1.414,False
SCN_011,892,29.7,TGT_001,COMMUNICATION_TARGET,false,,,,,45.0,-30.0,4,0,292,LOST,635.0,475.0,,True
SCN_011,892,29.7,TGT_002,DECOY_TARGET,false,,,,,45.0,-60.0,4,0,292,LOST,635.0,5.0,,False
SCN_011,892,29.7,TGT_003,DECOY_TARGET,true,408.0,323.0,408.0,323.0,150.0,60.0,892,892,0,TRACKING,407.0,322.0,1.414,False
SCN_011,893,29.7333,TGT_001,COMMUNICATION_TARGET,false,,,,,45.0,-30.0,4,0,293,LOST,635.0,475.0,,True
SCN_011,893,29.7333,TGT_002,DECOY_TARGET,false,,,,,45.0,-60.0,4,0,293,LOST,635.0,5.0,,False
SCN_011,893,29.7333,TGT_003,DECOY_TARGET,true,411.0,326.0,411.0,326.0,90.0,90.0,893,893,0,TRACKING,410.0,325.0,1.414,False
SCN_011,894,29.7667,TGT_001,COMMUNICATION_TARGET,false,,,,,45.0,-30.0,4,0,294,LOST,635.0,475.0,,True
SCN_011,894,29.7667,TGT_002,DECOY_TARGET,false,,,,,45.0,-60.0,4,0,294,LOST,635.0,5.0,,False
SCN_011,894,29.7667,TGT_003,DECOY_TARGET,true,408.0,329.0,408.0,329.0,-90.0,90.0,894,894,0,TRACKING,407.0,328.0,1.414,False
SCN_011,895,29.8,TGT_001,COMMUNICATION_TARGET,false,,,,,45.0,-30.0,4,0,295,LOST,635.0,475.0,,True
SCN_011,895,29.8,TGT_002,DECOY_TARGET,false,,,,,45.0,-60.0,4,0,295,LOST,635.0,5.0,,False
SCN_011,895,29.8,TGT_003,DECOY_TARGET,true,405.0,331.0,405.0,331.0,-90.0,60.0,895,895,0,TRACKING,404.0,330.0,1.414,False
SCN_011,896,29.8333,TGT_001,COMMUNICATION_TARGET,false,,,,,45.0,-30.0,4,0,296,LOST,635.0,475.0,,True
SCN_011,896,29.8333,TGT_002,DECOY_TARGET,false,,,,,45.0,-60.0,4,0,296,LOST,635.0,5.0,,False
SCN_011,896,29.8333,TGT_003,DECOY_TARGET,true,398.0,328.0,398.0,328.0,-210.0,-90.0,896,896,0,TRACKING,397.0,327.0,1.414,False
SCN_011,897,29.8667,TGT_001,COMMUNICATION_TARGET,false,,,,,45.0,-30.0,4,0,297,LOST,635.0,475.0,,True
SCN_011,897,29.8667,TGT_002,DECOY_TARGET,false,,,,,45.0,-60.0,4,0,297,LOST,635.0,5.0,,False
SCN_011,897,29.8667,TGT_003,DECOY_TARGET,true,396.0,324.0,396.0,324.0,-60.0,-120.0,897,897,0,TRACKING,395.0,323.0,1.414,False
SCN_011,898,29.9,TGT_001,COMMUNICATION_TARGET,false,,,,,45.0,-30.0,4,0,298,LOST,635.0,475.0,,True
SCN_011,898,29.9,TGT_002,DECOY_TARGET,false,,,,,45.0,-60.0,4,0,298,LOST,635.0,5.0,,False
SCN_011,898,29.9,TGT_003,DECOY_TARGET,true,396.0,321.0,396.0,321.0,0.0,-90.0,898,898,0,TRACKING,395.0,320.0,1.414,False
SCN_011,899,29.9333,TGT_001,COMMUNICATION_TARGET,false,,,,,45.0,-30.0,4,0,299,LOST,635.0,475.0,,True
SCN_011,899,29.9333,TGT_002,DECOY_TARGET,false,,,,,45.0,-60.0,4,0,299,LOST,635.0,5.0,,False
SCN_011,899,29.9333,TGT_003,DECOY_TARGET,true,398.0,318.0,398.0,318.0,60.0,-90.0,899,899,0,TRACKING,397.0,317.0,1.414,False
SCN_011,900,29.9667,TGT_001,COMMUNICATION_TARGET,false,,,,,45.0,-30.0,4,0,300,LOST,635.0,475.0,,True
SCN_011,900,29.9667,TGT_002,DECOY_TARGET,false,,,,,45.0,-60.0,4,0,300,LOST,635.0,5.0,,False
SCN_011,900,29.9667,TGT_003,DECOY_TARGET,true,399.0,319.0,399.0,319.0,30.0,30.0,900,900,0,TRACKING,398.0,318.0,1.414,False
