scenario_id,frame_id,timestamp,visible,detected,detected_center_x,detected_center_y,tracked_x,tracked_y,velocity_x,velocity_y,track_age,consecutive_hits,consecutive_misses,tracking_status,gt_center_x,gt_center_y,tracking_error_x,tracking_error_y,tracking_error
SCN_008,1,0.0,true,true,334.0,253.0,334.0,253.0,0.0,0.0,1,1,0,ACQUIRING,333.0,252.0,1.0,1.0,1.4142135623730951
SCN_008,2,0.0333,true,true,336.0,252.0,336.0,252.0,60.0,-30.0,2,2,0,ACQUIRING,335.0,251.0,1.0,1.0,1.4142135623730951
SCN_008,3,0.0667,true,true,335.0,242.0,335.0,242.0,-30.0,-300.0,3,3,0,TRACKING,334.0,241.0,1.0,1.0,1.4142135623730951
SCN_008,4,0.1,true,true,336.0,231.0,336.0,231.0,30.0,-330.0,4,4,0,TRACKING,335.0,230.0,1.0,1.0,1.4142135623730951
SCN_008,5,0.1333,true,true,331.0,229.0,331.0,229.0,-150.0,-60.0,5,5,0,TRACKING,330.0,228.0,1.0,1.0,1.4142135623730951
SCN_008,6,0.1667,true,true,321.0,238.0,321.0,238.0,-300.0,270.0,6,6,0,TRACKING,320.0,237.0,1.0,1.0,1.4142135623730951
SCN_008,7,0.2,true,true,321.0,247.0,321.0,247.0,0.0,270.0,7,7,0,TRACKING,320.0,246.0,1.0,1.0,1.4142135623730951
SCN_008,8,0.2333,true,true,334.0,248.0,334.0,248.0,390.0,30.0,8,8,0,TRACKING,333.0,247.0,1.0,1.0,1.4142135623730951
SCN_008,9,0.2667,true,true,347.0,245.0,347.0,245.0,390.0,-90.0,9,9,0,TRACKING,346.0,244.0,1.0,1.0,1.4142135623730951
SCN_008,10,0.3,true,true,341.0,244.0,341.0,244.0,-180.0,-30.0,10,10,0,TRACKING,340.0,243.0,1.0,1.0,1.4142135623730951
SCN_008,11,0.3333,true,true,328.0,246.0,328.0,246.0,-390.0,60.0,11,11,0,TRACKING,327.0,245.0,1.0,1.0,1.4142135623730951
SCN_008,12,0.3667,true,true,323.0,240.0,323.0,240.0,-150.0,-180.0,12,12,0,TRACKING,322.0,239.0,1.0,1.0,1.4142135623730951
SCN_008,13,0.4,true,true,327.0,230.0,327.0,230.0,120.0,-300.0,13,13,0,TRACKING,326.0,229.0,1.0,1.0,1.4142135623730951
SCN_008,14,0.4333,true,true,333.0,232.0,333.0,232.0,180.0,60.0,14,14,0,TRACKING,332.0,231.0,1.0,1.0,1.4142135623730951
SCN_008,15,0.4667,true,true,334.0,242.0,334.0,242.0,30.0,300.0,15,15,0,TRACKING,333.0,241.0,1.0,1.0,1.4142135623730951
SCN_008,16,0.5,true,true,339.0,254.0,339.0,254.0,150.0,360.0,16,16,0,TRACKING,338.0,253.0,1.0,1.0,1.4142135623730951
SCN_008,17,0.5333,true,true,343.0,254.0,343.0,254.0,120.0,0.0,17,17,0,TRACKING,342.0,253.0,1.0,1.0,1.4142135623730951
SCN_008,18,0.5667,true,true,335.0,245.0,335.0,245.0,-240.0,-270.0,18,18,0,TRACKING,334.0,244.0,1.0,1.0,1.4142135623730951
SCN_008,19,0.6,true,true,321.0,237.0,321.0,237.0,-420.0,-240.0,19,19,0,TRACKING,320.0,236.0,1.0,1.0,1.4142135623730951
SCN_008,20,0.6333,true,true,320.0,236.0,320.0,236.0,-30.0,-30.0,20,20,0,TRACKING,319.0,235.0,1.0,1.0,1.4142135623730951
SCN_008,21,0.6667,true,true,336.0,240.0,336.0,240.0,480.0,120.0,21,21,0,TRACKING,335.0,239.0,1.0,1.0,1.4142135623730951
SCN_008,22,0.7,true,true,346.0,238.0,346.0,238.0,300.0,-60.0,22,22,0,TRACKING,345.0,237.0,1.0,1.0,1.4142135623730951
SCN_008,23,0.7333,true,true,341.0,240.0,341.0,240.0,-150.0,60.0,23,23,0,TRACKING,340.0,239.0,1.0,1.0,1.4142135623730951
SCN_008,24,0.7667,true,true,331.0,247.0,331.0,247.0,-300.0,210.0,24,24,0,TRACKING,330.0,246.0,1.0,1.0,1.4142135623730951
SCN_008,25,0.8,true,true,327.0,255.0,327.0,255.0,-120.0,240.0,25,25,0,TRACKING,326.0,254.0,1.0,1.0,1.4142135623730951
SCN_008,26,0.8333,true,true,328.0,253.0,328.0,253.0,30.0,-60.0,26,26,0,TRACKING,327.0,252.0,1.0,1.0,1.4142135623730951
SCN_008,27,0.8667,true,true,330.0,242.0,330.0,242.0,60.0,-330.0,27,27,0,TRACKING,329.0,241.0,1.0,1.0,1.4142135623730951
SCN_008,28,0.9,true,true,331.0,231.0,331.0,231.0,30.0,-330.0,28,28,0,TRACKING,330.0,230.0,1.0,1.0,1.4142135623730951
SCN_008,29,0.9333,true,true,339.0,233.0,339.0,233.0,240.0,60.0,29,29,0,TRACKING,338.0,232.0,1.0,1.0,1.4142135623730951
SCN_008,30,0.9667,true,true,347.0,243.0,347.0,243.0,240.0,300.0,30,30,0,TRACKING,346.0,242.0,1.0,1.0,1.4142135623730951
SCN_008,31,1.0,true,true,333.0,251.0,333.0,251.0,-420.0,240.0,31,31,0,TRACKING,332.0,250.0,1.0,1.0,1.4142135623730951
SCN_008,32,1.0333,true,true,322.0,251.0,322.0,251.0,-330.0,0.0,32,32,0,TRACKING,321.0,250.0,1.0,1.0,1.4142135623730951
SCN_008,33,1.0667,true,true,321.0,249.0,321.0,249.0,-30.0,-60.0,33,33,0,TRACKING,320.0,248.0,1.0,1.0,1.4142135623730951
SCN_008,34,1.1,true,true,333.0,249.0,333.0,249.0,360.0,0.0,34,34,0,TRACKING,332.0,248.0,1.0,1.0,1.4142135623730951
SCN_008,35,1.1333,true,true,341.0,248.0,341.0,248.0,240.0,-30.0,35,35,0,TRACKING,340.0,247.0,1.0,1.0,1.4142135623730951
SCN_008,36,1.1667,true,true,339.0,243.0,339.0,243.0,-60.0,-150.0,36,36,0,TRACKING,338.0,242.0,1.0,1.0,1.4142135623730951
SCN_008,37,1.2,true,true,333.0,233.0,333.0,233.0,-180.0,-300.0,37,37,0,TRACKING,332.0,232.0,1.0,1.0,1.4142135623730951
SCN_008,38,1.2333,true,true,331.0,236.0,331.0,236.0,-60.0,90.0,38,38,0,TRACKING,330.0,235.0,1.0,1.0,1.4142135623730951
SCN_008,39,1.2667,true,true,328.0,249.0,328.0,249.0,-90.0,390.0,39,39,0,TRACKING,327.0,248.0,1.0,1.0,1.4142135623730951
SCN_008,40,1.3,true,true,321.0,258.0,321.0,258.0,-210.0,270.0,40,40,0,TRACKING,320.0,257.0,1.0,1.0,1.4142135623730951
SCN_008,41,1.3333,true,true,326.0,257.0,326.0,257.0,150.0,-30.0,41,41,0,TRACKING,325.0,256.0,1.0,1.0,1.4142135623730951
SCN_008,42,1.3667,true,true,339.0,247.0,339.0,247.0,390.0,-300.0,42,42,0,TRACKING,338.0,246.0,1.0,1.0,1.4142135623730951
SCN_008,43,1.4,true,true,345.0,239.0,345.0,239.0,180.0,-240.0,43,43,0,TRACKING,344.0,238.0,1.0,1.0,1.4142135623730951
SCN_008,44,1.4333,true,true,333.0,241.0,333.0,241.0,-360.0,60.0,44,44,0,TRACKING,332.0,240.0,1.0,1.0,1.4142135623730951
SCN_008,45,1.4667,true,true,319.0,242.0,319.0,242.0,-420.0,30.0,45,45,0,TRACKING,318.0,241.0,1.0,1.0,1.4142135623730951
SCN_008,46,1.5,true,true,318.0,242.0,318.0,242.0,-30.0,0.0,46,46,0,TRACKING,317.0,241.0,1.0,1.0,1.4142135623730951
SCN_008,47,1.5333,true,true,329.0,246.0,329.0,246.0,330.0,120.0,47,47,0,TRACKING,328.0,245.0,1.0,1.0,1.4142135623730951
SCN_008,48,1.5667,true,true,334.0,252.0,334.0,252.0,150.0,180.0,48,48,0,TRACKING,333.0,251.0,1.0,1.0,1.4142135623730951
SCN_008,49,1.6,true,true,334.0,260.0,334.0,260.0,0.0,240.0,49,49,0,TRACKING,333.0,259.0,1.0,1.0,1.4142135623730951
SCN_008,50,1.6333,true,true,335.0,257.0,335.0,257.0,30.0,-90.0,50,50,0,TRACKING,334.0,256.0,1.0,1.0,1.4142135623730951
SCN_008,51,1.6667,true,true,333.0,244.0,333.0,244.0,-60.0,-390.0,51,51,0,TRACKING,332.0,243.0,1.0,1.0,1.4142135623730951
SCN_008,52,1.7,true,true,323.0,235.0,323.0,235.0,-300.0,-270.0,52,52,0,TRACKING,322.0,234.0,1.0,1.0,1.4142135623730951
SCN_008,53,1.7333,true,true,314.0,237.0,314.0,237.0,-270.0,60.0,53,53,0,TRACKING,313.0,236.0,1.0,1.0,1.4142135623730951
SCN_008,54,1.7667,true,true,321.0,247.0,321.0,247.0,210.0,300.0,54,54,0,TRACKING,320.0,246.0,1.0,1.0,1.4142135623730951
SCN_008,55,1.8,true,true,336.0,255.0,336.0,255.0,450.0,240.0,55,55,0,TRACKING,335.0,254.0,1.0,1.0,1.4142135623730951
SCN_008,56,1.8333,true,true,340.0,254.0,340.0,254.0,120.0,-30.0,56,56,0,TRACKING,339.0,253.0,1.0,1.0,1.4142135623730951
SCN_008,57,1.8667,true,true,329.0,251.0,329.0,251.0,-330.0,-90.0,57,57,0,TRACKING,328.0,250.0,1.0,1.0,1.4142135623730951
SCN_008,58,1.9,true,true,319.0,252.0,319.0,252.0,-300.0,30.0,58,58,0,TRACKING,318.0,251.0,1.0,1.0,1.4142135623730951
SCN_008,59,1.9333,true,true,319.0,252.0,319.0,252.0,0.0,0.0,59,59,0,TRACKING,318.0,251.0,1.0,1.0,1.4142135623730951
SCN_008,60,1.9667,true,true,322.0,242.0,322.0,242.0,90.0,-300.0,60,60,0,TRACKING,321.0,241.0,1.0,1.0,1.4142135623730951
SCN_008,61,2.0,true,true,324.0,235.0,324.0,235.0,60.0,-210.0,61,61,0,TRACKING,323.0,234.0,1.0,1.0,1.4142135623730951
SCN_008,62,2.0333,true,true,327.0,240.0,327.0,240.0,90.0,150.0,62,62,0,TRACKING,326.0,239.0,1.0,1.0,1.4142135623730951
SCN_008,63,2.0667,true,true,335.0,254.0,335.0,254.0,240.0,420.0,63,63,0,TRACKING,334.0,253.0,1.0,1.0,1.4142135623730951
SCN_008,64,2.1,true,true,332.0,262.0,332.0,262.0,-90.0,240.0,64,64,0,TRACKING,331.0,261.0,1.0,1.0,1.4142135623730951
SCN_008,65,2.1333,true,true,320.0,256.0,320.0,256.0,-360.0,-180.0,65,65,0,TRACKING,319.0,255.0,1.0,1.0,1.4142135623730951
SCN_008,66,2.1667,true,true,309.0,248.0,309.0,248.0,-330.0,-240.0,66,66,0,TRACKING,308.0,247.0,1.0,1.0,1.4142135623730951
SCN_008,67,2.2,true,true,316.0,241.0,316.0,241.0,210.0,-210.0,67,67,0,TRACKING,315.0,240.0,1.0,1.0,1.4142135623730951
SCN_008,68,2.2333,true,true,332.0,242.0,332.0,242.0,480.0,30.0,68,68,0,TRACKING,331.0,241.0,1.0,1.0,1.4142135623730951
SCN_008,69,2.2667,true,true,334.0,245.0,334.0,245.0,60.0,90.0,69,69,0,TRACKING,333.0,244.0,1.0,1.0,1.4142135623730951
SCN_008,70,2.3,true,true,327.0,245.0,327.0,245.0,-210.0,0.0,70,70,0,TRACKING,326.0,244.0,1.0,1.0,1.4142135623730951
SCN_008,71,2.3333,true,true,319.0,249.0,319.0,249.0,-240.0,120.0,71,71,0,TRACKING,318.0,248.0,1.0,1.0,1.4142135623730951
SCN_008,72,2.3667,true,true,317.0,256.0,317.0,256.0,-60.0,210.0,72,72,0,TRACKING,316.0,255.0,1.0,1.0,1.4142135623730951
SCN_008,73,2.4,true,true,315.0,262.0,315.0,262.0,-60.0,180.0,73,73,0,TRACKING,314.0,261.0,1.0,1.0,1.4142135623730951
SCN_008,74,2.4333,true,true,314.0,255.0,314.0,255.0,-30.0,-210.0,74,74,0,TRACKING,313.0,254.0,1.0,1.0,1.4142135623730951
SCN_008,75,2.4667,true,true,321.0,243.0,321.0,243.0,210.0,-360.0,75,75,0,TRACKING,320.0,242.0,1.0,1.0,1.4142135623730951
SCN_008,76,2.5,true,true,333.0,236.0,333.0,236.0,360.0,-210.0,76,76,0,TRACKING,332.0,235.0,1.0,1.0,1.4142135623730951
SCN_008,77,2.5333,true,true,330.0,240.0,330.0,240.0,-90.0,120.0,77,77,0,TRACKING,329.0,239.0,1.0,1.0,1.4142135623730951
SCN_008,78,2.5667,true,true,315.0,253.0,315.0,253.0,-450.0,390.0,78,78,0,TRACKING,314.0,252.0,1.0,1.0,1.4142135623730951
SCN_008,79,2.6,true,true,305.0,255.0,305.0,255.0,-300.0,60.0,79,79,0,TRACKING,304.0,254.0,1.0,1.0,1.4142135623730951
SCN_008,80,2.6333,true,true,311.0,254.0,311.0,254.0,180.0,-30.0,80,80,0,TRACKING,310.0,253.0,1.0,1.0,1.4142135623730951
SCN_008,81,2.6667,true,true,323.0,253.0,323.0,253.0,360.0,-30.0,81,81,0,TRACKING,322.0,252.0,1.0,1.0,1.4142135623730951
SCN_008,82,2.7,true,true,326.0,254.0,326.0,254.0,90.0,30.0,82,82,0,TRACKING,325.0,253.0,1.0,1.0,1.4142135623730951
SCN_008,83,2.7333,true,true,321.0,251.0,321.0,251.0,-150.0,-90.0,83,83,0,TRACKING,320.0,250.0,1.0,1.0,1.4142135623730951
SCN_008,84,2.7667,true,true,320.0,242.0,320.0,242.0,-30.0,-270.0,84,84,0,TRACKING,319.0,241.0,1.0,1.0,1.4142135623730951
SCN_008,85,2.8,true,true,318.0,236.0,318.0,236.0,-60.0,-180.0,85,85,0,TRACKING,317.0,235.0,1.0,1.0,1.4142135623730951
SCN_008,86,2.8333,true,true,310.0,245.0,310.0,245.0,-240.0,270.0,86,86,0,TRACKING,309.0,244.0,1.0,1.0,1.4142135623730951
SCN_008,87,2.8667,true,true,306.0,257.0,306.0,257.0,-120.0,360.0,87,87,0,TRACKING,305.0,256.0,1.0,1.0,1.4142135623730951
SCN_008,88,2.9,true,true,316.0,263.0,316.0,263.0,300.0,180.0,88,88,0,TRACKING,315.0,262.0,1.0,1.0,1.4142135623730951
SCN_008,89,2.9333,true,true,331.0,257.0,331.0,257.0,450.0,-180.0,89,89,0,TRACKING,330.0,256.0,1.0,1.0,1.4142135623730951
SCN_008,90,2.9667,true,true,327.0,247.0,327.0,247.0,-120.0,-300.0,90,90,0,TRACKING,326.0,246.0,1.0,1.0,1.4142135623730951
SCN_008,91,3.0,true,true,311.0,242.0,311.0,242.0,-480.0,-150.0,91,91,0,TRACKING,310.0,241.0,1.0,1.0,1.4142135623730951
SCN_008,92,3.0333,true,true,303.0,246.0,303.0,246.0,-240.0,120.0,92,92,0,TRACKING,302.0,245.0,1.0,1.0,1.4142135623730951
SCN_008,93,3.0667,true,true,309.0,246.0,309.0,246.0,180.0,0.0,93,93,0,TRACKING,308.0,245.0,1.0,1.0,1.4142135623730951
SCN_008,94,3.1,true,true,316.0,246.0,316.0,246.0,210.0,0.0,94,94,0,TRACKING,315.0,245.0,1.0,1.0,1.4142135623730951
SCN_008,95,3.1333,true,true,316.0,249.0,316.0,249.0,0.0,90.0,95,95,0,TRACKING,315.0,248.0,1.0,1.0,1.4142135623730951
SCN_008,96,3.1667,true,true,319.0,257.0,319.0,257.0,90.0,240.0,96,96,0,TRACKING,318.0,256.0,1.0,1.0,1.4142135623730951
SCN_008,97,3.2,true,true,323.0,262.0,323.0,262.0,120.0,150.0,97,97,0,TRACKING,322.0,261.0,1.0,1.0,1.4142135623730951
SCN_008,98,3.2333,true,true,316.0,253.0,316.0,253.0,-210.0,-270.0,98,98,0,TRACKING,315.0,252.0,1.0,1.0,1.4142135623730951
SCN_008,99,3.2667,true,true,303.0,240.0,303.0,240.0,-390.0,-390.0,99,99,0,TRACKING,302.0,239.0,1.0,1.0,1.4142135623730951
SCN_008,100,3.3,true,true,299.0,235.0,299.0,235.0,-120.0,-150.0,100,100,0,TRACKING,298.0,234.0,1.0,1.0,1.4142135623730951
SCN_008,101,3.3333,true,true,313.0,242.0,313.0,242.0,420.0,210.0,101,101,0,TRACKING,312.0,241.0,1.0,1.0,1.4142135623730951
SCN_008,102,3.3667,true,true,325.0,252.0,325.0,252.0,360.0,300.0,102,102,0,TRACKING,324.0,251.0,1.0,1.0,1.4142135623730951
SCN_008,103,3.4,true,true,321.0,256.0,321.0,256.0,-120.0,120.0,103,103,0,TRACKING,320.0,255.0,1.0,1.0,1.4142135623730951
SCN_008,104,3.4333,true,true,310.0,253.0,310.0,253.0,-330.0,-90.0,104,104,0,TRACKING,309.0,252.0,1.0,1.0,1.4142135623730951
SCN_008,105,3.4667,true,true,304.0,252.0,304.0,252.0,-180.0,-30.0,105,105,0,TRACKING,303.0,251.0,1.0,1.0,1.4142135623730951
SCN_008,106,3.5,true,true,306.0,251.0,306.0,251.0,60.0,-30.0,106,106,0,TRACKING,305.0,250.0,1.0,1.0,1.4142135623730951
SCN_008,107,3.5333,true,true,308.0,248.0,308.0,248.0,60.0,-90.0,107,107,0,TRACKING,307.0,247.0,1.0,1.0,1.4142135623730951
SCN_008,108,3.5667,true,true,310.0,239.0,310.0,239.0,60.0,-270.0,108,108,0,TRACKING,309.0,238.0,1.0,1.0,1.4142135623730951
SCN_008,109,3.6,true,true,317.0,236.0,317.0,236.0,210.0,-90.0,109,109,0,TRACKING,316.0,235.0,1.0,1.0,1.4142135623730951
SCN_008,110,3.6333,true,true,322.0,245.0,322.0,245.0,150.0,270.0,110,110,0,TRACKING,321.0,244.0,1.0,1.0,1.4142135623730951
SCN_008,111,3.6667,true,true,314.0,258.0,314.0,258.0,-240.0,390.0,111,111,0,TRACKING,313.0,257.0,1.0,1.0,1.4142135623730951
SCN_008,112,3.7,true,true,298.0,261.0,298.0,261.0,-480.0,90.0,112,112,0,TRACKING,297.0,260.0,1.0,1.0,1.4142135623730951
SCN_008,113,3.7333,true,true,297.0,253.0,297.0,253.0,-30.0,-240.0,113,113,0,TRACKING,296.0,252.0,1.0,1.0,1.4142135623730951
SCN_008,114,3.7667,true,true,310.0,244.0,310.0,244.0,390.0,-270.0,114,114,0,TRACKING,309.0,243.0,1.0,1.0,1.4142135623730951
SCN_008,115,3.8,true,true,319.0,240.0,319.0,240.0,270.0,-120.0,115,115,0,TRACKING,318.0,239.0,1.0,1.0,1.4142135623730951
SCN_008,116,3.8333,true,true,316.0,242.0,316.0,242.0,-90.0,60.0,116,116,0,TRACKING,315.0,241.0,1.0,1.0,1.4142135623730951
SCN_008,117,3.8667,true,true,310.0,244.0,310.0,244.0,-180.0,60.0,117,117,0,TRACKING,309.0,243.0,1.0,1.0,1.4142135623730951
SCN_008,118,3.9,true,true,307.0,244.0,307.0,244.0,-90.0,0.0,118,118,0,TRACKING,306.0,243.0,1.0,1.0,1.4142135623730951
SCN_008,119,3.9333,true,true,305.0,249.0,305.0,249.0,-60.0,150.0,119,119,0,TRACKING,304.0,248.0,1.0,1.0,1.4142135623730951
SCN_008,120,3.9667,true,true,300.0,256.0,300.0,256.0,-150.0,210.0,120,120,0,TRACKING,299.0,255.0,1.0,1.0,1.4142135623730951
SCN_008,121,4.0,true,true,305.0,257.0,305.0,257.0,150.0,30.0,121,121,0,TRACKING,304.0,256.0,1.0,1.0,1.4142135623730951
SCN_008,122,4.0333,true,true,317.0,248.0,317.0,248.0,360.0,-270.0,122,122,0,TRACKING,316.0,247.0,1.0,1.0,1.4142135623730951
SCN_008,123,4.0667,true,true,323.0,234.0,323.0,234.0,180.0,-420.0,123,123,0,TRACKING,322.0,233.0,1.0,1.0,1.4142135623730951
SCN_008,124,4.1,true,true,313.0,233.0,313.0,233.0,-300.0,-30.0,124,124,0,TRACKING,312.0,232.0,1.0,1.0,1.4142135623730951
SCN_008,125,4.1333,true,true,299.0,243.0,299.0,243.0,-420.0,300.0,125,125,0,TRACKING,298.0,242.0,1.0,1.0,1.4142135623730951
SCN_008,126,4.1667,true,true,297.0,250.0,297.0,250.0,-60.0,210.0,126,126,0,TRACKING,296.0,249.0,1.0,1.0,1.4142135623730951
SCN_008,127,4.2,true,true,308.0,252.0,308.0,252.0,330.0,60.0,127,127,0,TRACKING,307.0,251.0,1.0,1.0,1.4142135623730951
SCN_008,128,4.2333,true,true,316.0,248.0,316.0,248.0,240.0,-120.0,128,128,0,TRACKING,315.0,247.0,1.0,1.0,1.4142135623730951
SCN_008,129,4.2667,true,true,313.0,248.0,313.0,248.0,-90.0,0.0,129,129,0,TRACKING,312.0,247.0,1.0,1.0,1.4142135623730951
SCN_008,130,4.3,true,true,315.0,247.0,315.0,247.0,60.0,-30.0,130,130,0,TRACKING,314.0,246.0,1.0,1.0,1.4142135623730951
SCN_008,131,4.3333,true,true,314.0,242.0,314.0,242.0,-30.0,-150.0,131,131,0,TRACKING,313.0,241.0,1.0,1.0,1.4142135623730951
SCN_008,132,4.3667,true,true,304.0,233.0,304.0,233.0,-300.0,-270.0,132,132,0,TRACKING,303.0,232.0,1.0,1.0,1.4142135623730951
SCN_008,133,4.4,true,true,296.0,232.0,296.0,232.0,-240.0,-30.0,133,133,0,TRACKING,295.0,231.0,1.0,1.0,1.4142135623730951
SCN_008,134,4.4333,true,true,303.0,241.0,303.0,241.0,210.0,270.0,134,134,0,TRACKING,302.0,240.0,1.0,1.0,1.4142135623730951
SCN_008,135,4.4667,true,true,316.0,254.0,316.0,254.0,390.0,390.0,135,135,0,TRACKING,315.0,253.0,1.0,1.0,1.4142135623730951
SCN_008,136,4.5,true,true,324.0,255.0,324.0,255.0,240.0,30.0,136,136,0,TRACKING,323.0,254.0,1.0,1.0,1.4142135623730951
SCN_008,137,4.5333,true,true,313.0,247.0,313.0,247.0,-330.0,-240.0,137,137,0,TRACKING,312.0,246.0,1.0,1.0,1.4142135623730951
SCN_008,138,4.5667,true,true,301.0,238.0,301.0,238.0,-360.0,-270.0,138,138,0,TRACKING,300.0,237.0,1.0,1.0,1.4142135623730951
SCN_008,139,4.6,true,true,300.0,236.0,300.0,236.0,-30.0,-60.0,139,139,0,TRACKING,299.0,235.0,1.0,1.0,1.4142135623730951
SCN_008,140,4.6333,true,true,307.0,237.0,307.0,237.0,210.0,30.0,140,140,0,TRACKING,306.0,236.0,1.0,1.0,1.4142135623730951
SCN_008,141,4.6667,true,true,309.0,238.0,309.0,238.0,60.0,30.0,141,141,0,TRACKING,308.0,237.0,1.0,1.0,1.4142135623730951
SCN_008,142,4.7,true,true,312.0,239.0,312.0,239.0,90.0,30.0,142,142,0,TRACKING,311.0,238.0,1.0,1.0,1.4142135623730951
SCN_008,143,4.7333,true,true,316.0,244.0,316.0,244.0,120.0,150.0,143,143,0,TRACKING,315.0,243.0,1.0,1.0,1.4142135623730951
SCN_008,144,4.7667,true,true,319.0,254.0,319.0,254.0,90.0,300.0,144,144,0,TRACKING,318.0,253.0,1.0,1.0,1.4142135623730951
SCN_008,145,4.8,true,true,305.0,253.0,305.0,253.0,-420.0,-30.0,145,145,0,TRACKING,304.0,252.0,1.0,1.0,1.4142135623730951
SCN_008,146,4.8333,true,true,295.0,240.0,295.0,240.0,-300.0,-390.0,146,146,0,TRACKING,294.0,239.0,1.0,1.0,1.4142135623730951
SCN_008,147,4.8667,true,true,303.0,229.0,303.0,229.0,240.0,-330.0,147,147,0,TRACKING,302.0,228.0,1.0,1.0,1.4142135623730951
SCN_008,148,4.9,true,true,317.0,229.0,317.0,229.0,420.0,0.0,148,148,0,TRACKING,316.0,228.0,1.0,1.0,1.4142135623730951
SCN_008,149,4.9333,true,true,323.0,239.0,323.0,239.0,180.0,300.0,149,149,0,TRACKING,322.0,238.0,1.0,1.0,1.4142135623730951
SCN_008,150,4.9667,true,true,316.0,248.0,316.0,248.0,-210.0,270.0,150,150,0,TRACKING,315.0,247.0,1.0,1.0,1.4142135623730951
SCN_008,151,5.0,true,true,307.0,246.0,307.0,246.0,-270.0,-60.0,151,151,0,TRACKING,306.0,245.0,1.0,1.0,1.4142135623730951
SCN_008,152,5.0333,true,true,305.0,244.0,305.0,244.0,-60.0,-60.0,152,152,0,TRACKING,304.0,243.0,1.0,1.0,1.4142135623730951
SCN_008,153,5.0667,true,true,306.0,243.0,306.0,243.0,30.0,-30.0,153,153,0,TRACKING,305.0,242.0,1.0,1.0,1.4142135623730951
SCN_008,154,5.1,true,true,305.0,242.0,305.0,242.0,-30.0,-30.0,154,154,0,TRACKING,304.0,241.0,1.0,1.0,1.4142135623730951
SCN_008,155,5.1333,true,true,312.0,237.0,312.0,237.0,210.0,-150.0,155,155,0,TRACKING,311.0,236.0,1.0,1.0,1.4142135623730951
SCN_008,156,5.1667,true,true,322.0,228.0,322.0,228.0,300.0,-270.0,156,156,0,TRACKING,321.0,227.0,1.0,1.0,1.4142135623730951
SCN_008,157,5.2,true,true,321.0,230.0,321.0,230.0,-30.0,60.0,157,157,0,TRACKING,320.0,229.0,1.0,1.0,1.4142135623730951
SCN_008,158,5.2333,true,true,306.0,241.0,306.0,241.0,-450.0,330.0,158,158,0,TRACKING,305.0,240.0,1.0,1.0,1.4142135623730951
SCN_008,159,5.2667,true,true,295.0,251.0,295.0,251.0,-330.0,300.0,159,159,0,TRACKING,294.0,250.0,1.0,1.0,1.4142135623730951
SCN_008,160,5.3,true,true,304.0,252.0,304.0,252.0,270.0,30.0,160,160,0,TRACKING,303.0,251.0,1.0,1.0,1.4142135623730951
SCN_008,161,5.3333,true,true,315.0,241.0,315.0,241.0,330.0,-330.0,161,161,0,TRACKING,314.0,240.0,1.0,1.0,1.4142135623730951
SCN_008,162,5.3667,true,true,319.0,234.0,319.0,234.0,120.0,-210.0,162,162,0,TRACKING,318.0,233.0,1.0,1.0,1.4142135623730951
SCN_008,163,5.4,true,true,315.0,231.0,315.0,231.0,-120.0,-90.0,163,163,0,TRACKING,314.0,230.0,1.0,1.0,1.4142135623730951
SCN_008,164,5.4333,true,true,312.0,235.0,312.0,235.0,-90.0,120.0,164,164,0,TRACKING,311.0,234.0,1.0,1.0,1.4142135623730951
SCN_008,165,5.4667,true,true,310.0,235.0,310.0,235.0,-60.0,0.0,165,165,0,TRACKING,309.0,234.0,1.0,1.0,1.4142135623730951
SCN_008,166,5.5,true,true,303.0,235.0,303.0,235.0,-210.0,0.0,166,166,0,TRACKING,302.0,234.0,1.0,1.0,1.4142135623730951
SCN_008,167,5.5333,true,true,300.0,243.0,300.0,243.0,-90.0,240.0,167,167,0,TRACKING,299.0,242.0,1.0,1.0,1.4142135623730951
SCN_008,168,5.5667,true,true,310.0,251.0,310.0,251.0,300.0,240.0,168,168,0,TRACKING,309.0,250.0,1.0,1.0,1.4142135623730951
SCN_008,169,5.6,true,true,324.0,245.0,324.0,245.0,420.0,-180.0,169,169,0,TRACKING,323.0,244.0,1.0,1.0,1.4142135623730951
SCN_008,170,5.6333,true,true,322.0,234.0,322.0,234.0,-60.0,-330.0,170,170,0,TRACKING,321.0,233.0,1.0,1.0,1.4142135623730951
SCN_008,171,5.6667,true,true,308.0,225.0,308.0,225.0,-420.0,-270.0,171,171,0,TRACKING,307.0,224.0,1.0,1.0,1.4142135623730951
SCN_008,172,5.7,true,true,299.0,227.0,299.0,227.0,-270.0,60.0,172,172,0,TRACKING,298.0,226.0,1.0,1.0,1.4142135623730951
SCN_008,173,5.7333,true,true,303.0,238.0,303.0,238.0,120.0,330.0,173,173,0,TRACKING,302.0,237.0,1.0,1.0,1.4142135623730951
SCN_008,174,5.7667,true,true,313.0,244.0,313.0,244.0,300.0,180.0,174,174,0,TRACKING,312.0,243.0,1.0,1.0,1.4142135623730951
SCN_008,175,5.8,true,true,315.0,242.0,315.0,242.0,60.0,-60.0,175,175,0,TRACKING,314.0,241.0,1.0,1.0,1.4142135623730951
SCN_008,176,5.8333,true,true,316.0,240.0,316.0,240.0,30.0,-60.0,176,176,0,TRACKING,315.0,239.0,1.0,1.0,1.4142135623730951
SCN_008,177,5.8667,true,true,317.0,240.0,317.0,240.0,30.0,0.0,177,177,0,TRACKING,316.0,239.0,1.0,1.0,1.4142135623730951
SCN_008,178,5.9,true,true,315.0,239.0,315.0,239.0,-60.0,-30.0,178,178,0,TRACKING,314.0,238.0,1.0,1.0,1.4142135623730951
SCN_008,179,5.9333,true,true,302.0,231.0,302.0,231.0,-390.0,-240.0,179,179,0,TRACKING,301.0,230.0,1.0,1.0,1.4142135623730951
SCN_008,180,5.9667,true,true,298.0,223.0,298.0,223.0,-120.0,-240.0,180,180,0,TRACKING,297.0,222.0,1.0,1.0,1.4142135623730951
SCN_008,181,6.0,true,true,309.0,228.0,309.0,228.0,330.0,150.0,181,181,0,TRACKING,308.0,227.0,1.0,1.0,1.4142135623730951
SCN_008,182,6.0333,true,true,324.0,239.0,324.0,239.0,450.0,330.0,182,182,0,TRACKING,323.0,238.0,1.0,1.0,1.4142135623730951
SCN_008,183,6.0667,true,true,324.0,249.0,324.0,249.0,0.0,300.0,183,183,0,TRACKING,323.0,248.0,1.0,1.0,1.4142135623730951
SCN_008,184,6.1,true,true,311.0,245.0,311.0,245.0,-390.0,-120.0,184,184,0,TRACKING,310.0,244.0,1.0,1.0,1.4142135623730951
SCN_008,185,6.1333,true,true,304.0,233.0,304.0,233.0,-210.0,-360.0,185,185,0,TRACKING,303.0,232.0,1.0,1.0,1.4142135623730951
SCN_008,186,6.1667,true,true,307.0,228.0,307.0,228.0,90.0,-150.0,186,186,0,TRACKING,306.0,227.0,1.0,1.0,1.4142135623730951
SCN_008,187,6.2,true,true,311.0,228.0,311.0,228.0,120.0,0.0,187,187,0,TRACKING,310.0,227.0,1.0,1.0,1.4142135623730951
SCN_008,188,6.2333,true,true,310.0,233.0,310.0,233.0,-30.0,150.0,188,188,0,TRACKING,309.0,232.0,1.0,1.0,1.4142135623730951
SCN_008,189,6.2667,true,true,321.0,230.0,321.0,230.0,330.0,-90.0,189,189,0,TRACKING,320.0,229.0,1.0,1.0,1.4142135623730951
SCN_008,190,6.3,true,true,325.0,232.0,325.0,232.0,120.0,60.0,190,190,0,TRACKING,324.0,231.0,1.0,1.0,1.4142135623730951
SCN_008,191,6.3333,true,true,318.0,240.0,318.0,240.0,-210.0,240.0,191,191,0,TRACKING,317.0,239.0,1.0,1.0,1.4142135623730951
SCN_008,192,6.3667,true,true,303.0,246.0,303.0,246.0,-450.0,180.0,192,192,0,TRACKING,302.0,245.0,1.0,1.0,1.4142135623730951
SCN_008,193,6.4,true,true,301.0,240.0,301.0,240.0,-60.0,-180.0,193,193,0,TRACKING,300.0,239.0,1.0,1.0,1.4142135623730951
SCN_008,194,6.4333,true,true,314.0,229.0,314.0,229.0,390.0,-330.0,194,194,0,TRACKING,313.0,228.0,1.0,1.0,1.4142135623730951
SCN_008,195,6.4667,true,true,326.0,219.0,326.0,219.0,360.0,-300.0,195,195,0,TRACKING,325.0,218.0,1.0,1.0,1.4142135623730951
SCN_008,196,6.5,true,true,323.0,226.0,323.0,226.0,-90.0,210.0,196,196,0,TRACKING,322.0,225.0,1.0,1.0,1.4142135623730951
SCN_008,197,6.5333,true,true,316.0,235.0,316.0,235.0,-210.0,270.0,197,197,0,TRACKING,315.0,234.0,1.0,1.0,1.4142135623730951
SCN_008,198,6.5667,true,true,313.0,240.0,313.0,240.0,-90.0,150.0,198,198,0,TRACKING,312.0,239.0,1.0,1.0,1.4142135623730951
SCN_008,199,6.6,true,true,311.0,239.0,311.0,239.0,-60.0,-30.0,199,199,0,TRACKING,310.0,238.0,1.0,1.0,1.4142135623730951
SCN_008,200,6.6333,true,true,309.0,235.0,309.0,235.0,-60.0,-120.0,200,200,0,TRACKING,308.0,234.0,1.0,1.0,1.4142135623730951
SCN_008,201,6.6667,true,true,311.0,237.0,311.0,237.0,60.0,60.0,201,201,0,TRACKING,310.0,236.0,1.0,1.0,1.4142135623730951
SCN_008,202,6.7,true,true,322.0,233.0,322.0,233.0,330.0,-120.0,202,202,0,TRACKING,321.0,232.0,1.0,1.0,1.4142135623730951
SCN_008,203,6.7333,true,true,331.0,227.0,331.0,227.0,270.0,-180.0,203,203,0,TRACKING,330.0,226.0,1.0,1.0,1.4142135623730951
SCN_008,204,6.7667,true,true,323.0,220.0,323.0,220.0,-240.0,-210.0,204,204,0,TRACKING,322.0,219.0,1.0,1.0,1.4142135623730951
SCN_008,205,6.8,true,true,308.0,224.0,308.0,224.0,-450.0,120.0,205,205,0,TRACKING,307.0,223.0,1.0,1.0,1.4142135623730951
SCN_008,206,6.8333,true,true,305.0,238.0,305.0,238.0,-90.0,420.0,206,206,0,TRACKING,304.0,237.0,1.0,1.0,1.4142135623730951
SCN_008,207,6.8667,true,true,315.0,247.0,315.0,247.0,300.0,270.0,207,207,0,TRACKING,314.0,246.0,1.0,1.0,1.4142135623730951
SCN_008,208,6.9,true,true,325.0,241.0,325.0,241.0,300.0,-180.0,208,208,0,TRACKING,324.0,240.0,1.0,1.0,1.4142135623730951
SCN_008,209,6.9333,true,true,323.0,229.0,323.0,229.0,-60.0,-360.0,209,209,0,TRACKING,322.0,228.0,1.0,1.0,1.4142135623730951
SCN_008,210,6.9667,true,true,321.0,227.0,321.0,227.0,-60.0,-60.0,210,210,0,TRACKING,320.0,226.0,1.0,1.0,1.4142135623730951
SCN_008,211,7.0,true,true,320.0,228.0,320.0,228.0,-30.0,30.0,211,211,0,TRACKING,319.0,227.0,1.0,1.0,1.4142135623730951
SCN_008,212,7.0333,true,true,315.0,229.0,315.0,229.0,-150.0,30.0,212,212,0,TRACKING,314.0,228.0,1.0,1.0,1.4142135623730951
SCN_008,213,7.0667,true,true,307.0,227.0,307.0,227.0,-240.0,-60.0,213,213,0,TRACKING,306.0,226.0,1.0,1.0,1.4142135623730951
SCN_008,214,7.1,true,true,311.0,231.0,311.0,231.0,120.0,120.0,214,214,0,TRACKING,310.0,230.0,1.0,1.0,1.4142135623730951
SCN_008,215,7.1333,true,true,325.0,241.0,325.0,241.0,420.0,300.0,215,215,0,TRACKING,324.0,240.0,1.0,1.0,1.4142135623730951
SCN_008,216,7.1667,true,true,334.0,246.0,334.0,246.0,270.0,150.0,216,216,0,TRACKING,333.0,245.0,1.0,1.0,1.4142135623730951
SCN_008,217,7.2,true,true,325.0,237.0,325.0,237.0,-270.0,-270.0,217,217,0,TRACKING,324.0,236.0,1.0,1.0,1.4142135623730951
SCN_008,218,7.2333,true,true,311.0,225.0,311.0,225.0,-420.0,-360.0,218,218,0,TRACKING,310.0,224.0,1.0,1.0,1.4142135623730951
SCN_008,219,7.2667,true,true,308.0,219.0,308.0,219.0,-90.0,-180.0,219,219,0,TRACKING,307.0,218.0,1.0,1.0,1.4142135623730951
SCN_008,220,7.3,true,true,317.0,226.0,317.0,226.0,270.0,210.0,220,220,0,TRACKING,316.0,225.0,1.0,1.0,1.4142135623730951
SCN_008,221,7.3333,true,true,322.0,235.0,322.0,235.0,150.0,270.0,221,221,0,TRACKING,321.0,234.0,1.0,1.0,1.4142135623730951
SCN_008,222,7.3667,true,true,323.0,239.0,323.0,239.0,30.0,120.0,222,222,0,TRACKING,322.0,238.0,1.0,1.0,1.4142135623730951
SCN_008,223,7.4,true,true,327.0,237.0,327.0,237.0,120.0,-60.0,223,223,0,TRACKING,326.0,236.0,1.0,1.0,1.4142135623730951
SCN_008,224,7.4333,true,true,329.0,235.0,329.0,235.0,60.0,-60.0,224,224,0,TRACKING,328.0,234.0,1.0,1.0,1.4142135623730951
SCN_008,225,7.4667,true,true,317.0,236.0,317.0,236.0,-360.0,30.0,225,225,0,TRACKING,316.0,235.0,1.0,1.0,1.4142135623730951
SCN_008,226,7.5,true,true,306.0,233.0,306.0,233.0,-330.0,-90.0,226,226,0,TRACKING,305.0,232.0,1.0,1.0,1.4142135623730951
SCN_008,227,7.5333,true,true,309.0,224.0,309.0,224.0,90.0,-270.0,227,227,0,TRACKING,308.0,223.0,1.0,1.0,1.4142135623730951
SCN_008,228,7.5667,true,true,327.0,221.0,327.0,221.0,540.0,-90.0,228,228,0,TRACKING,326.0,220.0,1.0,1.0,1.4142135623730951
SCN_008,229,7.6,true,true,335.0,229.0,335.0,229.0,240.0,240.0,229,229,0,TRACKING,334.0,228.0,1.0,1.0,1.4142135623730951
SCN_008,230,7.6333,true,true,327.0,242.0,327.0,242.0,-240.0,390.0,230,230,0,TRACKING,326.0,241.0,1.0,1.0,1.4142135623730951
SCN_008,231,7.6667,true,true,316.0,246.0,316.0,246.0,-330.0,120.0,231,231,0,TRACKING,315.0,245.0,1.0,1.0,1.4142135623730951
SCN_008,232,7.7,true,true,315.0,237.0,315.0,237.0,-30.0,-270.0,232,232,0,TRACKING,314.0,236.0,1.0,1.0,1.4142135623730951
SCN_008,233,7.7333,true,true,316.0,229.0,316.0,229.0,30.0,-240.0,233,233,0,TRACKING,315.0,228.0,1.0,1.0,1.4142135623730951
SCN_008,234,7.7667,true,true,319.0,226.0,319.0,226.0,90.0,-90.0,234,234,0,TRACKING,318.0,225.0,1.0,1.0,1.4142135623730951
SCN_008,235,7.8,true,true,320.0,229.0,320.0,229.0,30.0,90.0,235,235,0,TRACKING,319.0,228.0,1.0,1.0,1.4142135623730951
SCN_008,236,7.8333,true,true,331.0,229.0,331.0,229.0,330.0,0.0,236,236,0,TRACKING,330.0,228.0,1.0,1.0,1.4142135623730951
SCN_008,237,7.8667,true,true,332.0,228.0,332.0,228.0,30.0,-30.0,237,237,0,TRACKING,331.0,227.0,1.0,1.0,1.4142135623730951
SCN_008,238,7.9,true,true,320.0,234.0,320.0,234.0,-360.0,180.0,238,238,0,TRACKING,319.0,233.0,1.0,1.0,1.4142135623730951
SCN_008,239,7.9333,true,true,308.0,242.0,308.0,242.0,-360.0,240.0,239,239,0,TRACKING,307.0,241.0,1.0,1.0,1.4142135623730951
SCN_008,240,7.9667,false,false,,,308.0,242.0,0.0,0.0,240,0,1,TEMPORARILY_LOST,312.0,244.0,,,
SCN_008,241,8.0,false,false,,,308.0,242.0,0.0,0.0,241,0,2,TEMPORARILY_LOST,326.0,234.0,,,
SCN_008,242,8.0333,false,false,,,308.0,242.0,0.0,0.0,242,0,3,TEMPORARILY_LOST,331.0,222.0,,,
SCN_008,243,8.0667,false,false,,,308.0,242.0,0.0,0.0,243,0,4,TEMPORARILY_LOST,328.0,219.0,,,
SCN_008,244,8.1,false,false,,,308.0,242.0,0.0,0.0,244,0,5,TEMPORARILY_LOST,324.0,229.0,,,
SCN_008,245,8.1333,false,false,,,,,,,0,0,6,LOST,322.0,235.0,,,
SCN_008,246,8.1667,false,false,,,,,,,0,0,7,LOST,318.0,239.0,,,
SCN_008,247,8.2,false,false,,,,,,,0,0,8,LOST,314.0,236.0,,,
SCN_008,248,8.2333,false,false,,,,,,,0,0,9,LOST,322.0,234.0,,,
SCN_008,249,8.2667,false,false,,,,,,,0,0,10,LOST,336.0,236.0,,,
SCN_008,250,8.3,false,false,,,,,,,0,0,11,LOST,338.0,230.0,,,
SCN_008,251,8.3333,false,false,,,,,,,0,0,12,LOST,323.0,221.0,,,
SCN_008,252,8.3667,false,false,,,,,,,0,0,13,LOST,313.0,221.0,,,
SCN_008,253,8.4,false,false,,,,,,,0,0,14,LOST,317.0,232.0,,,
SCN_008,254,8.4333,false,false,,,,,,,0,0,15,LOST,327.0,245.0,,,
SCN_008,255,8.4667,false,false,,,,,,,0,0,16,LOST,329.0,248.0,,,
SCN_008,256,8.5,false,false,,,,,,,0,0,17,LOST,329.0,237.0,,,
SCN_008,257,8.5333,false,false,,,,,,,0,0,18,LOST,331.0,228.0,,,
SCN_008,258,8.5667,false,false,,,,,,,0,0,19,LOST,327.0,226.0,,,
SCN_008,259,8.6,false,false,,,,,,,0,0,20,LOST,317.0,229.0,,,
SCN_008,260,8.6333,false,false,,,,,,,0,0,21,LOST,312.0,230.0,,,
SCN_008,261,8.6667,false,false,,,,,,,0,0,22,LOST,325.0,231.0,,,
SCN_008,262,8.7,false,false,,,,,,,0,0,23,LOST,338.0,237.0,,,
SCN_008,263,8.7333,false,false,,,,,,,0,0,24,LOST,339.0,246.0,,,
SCN_008,264,8.7667,false,false,,,,,,,0,0,25,LOST,326.0,246.0,,,
SCN_008,265,8.8,false,false,,,,,,,0,0,26,LOST,318.0,236.0,,,
SCN_008,266,8.8333,false,false,,,,,,,0,0,27,LOST,319.0,223.0,,,
SCN_008,267,8.8667,false,false,,,,,,,0,0,28,LOST,324.0,223.0,,,
SCN_008,268,8.9,false,false,,,,,,,0,0,29,LOST,327.0,234.0,,,
SCN_008,269,8.9333,false,false,,,,,,,0,0,30,LOST,331.0,242.0,,,
SCN_008,270,8.9667,false,false,,,,,,,0,0,31,LOST,336.0,243.0,,,
SCN_008,271,9.0,false,false,,,,,,,0,0,32,LOST,332.0,240.0,,,
SCN_008,272,9.0333,false,false,,,,,,,0,0,33,LOST,318.0,241.0,,,
SCN_008,273,9.0667,false,false,,,,,,,0,0,34,LOST,314.0,241.0,,,
SCN_008,274,9.1,false,false,,,,,,,0,0,35,LOST,325.0,234.0,,,
SCN_008,275,9.1333,false,false,,,,,,,0,0,36,LOST,340.0,225.0,,,
SCN_008,276,9.1667,false,false,,,,,,,0,0,37,LOST,337.0,227.0,,,
SCN_008,277,9.2,false,false,,,,,,,0,0,38,LOST,328.0,240.0,,,
SCN_008,278,9.2333,false,false,,,,,,,0,0,39,LOST,324.0,250.0,,,
SCN_008,279,9.2667,false,false,,,,,,,0,0,40,LOST,324.0,249.0,,,
SCN_008,280,9.3,false,false,,,,,,,0,0,41,LOST,322.0,240.0,,,
SCN_008,281,9.3333,false,false,,,,,,,0,0,42,LOST,324.0,233.0,,,
SCN_008,282,9.3667,false,false,,,,,,,0,0,43,LOST,334.0,233.0,,,
SCN_008,283,9.4,false,false,,,,,,,0,0,44,LOST,342.0,236.0,,,
SCN_008,284,9.4333,false,false,,,,,,,0,0,45,LOST,335.0,235.0,,,
SCN_008,285,9.4667,false,false,,,,,,,0,0,46,LOST,318.0,236.0,,,
SCN_008,286,9.5,false,false,,,,,,,0,0,47,LOST,316.0,244.0,,,
SCN_008,287,9.5333,false,false,,,,,,,0,0,48,LOST,325.0,250.0,,,
SCN_008,288,9.5667,false,false,,,,,,,0,0,49,LOST,337.0,249.0,,,
SCN_008,289,9.6,false,false,,,,,,,0,0,50,LOST,337.0,237.0,,,
SCN_008,290,9.6333,false,false,,,,,,,0,0,51,LOST,331.0,228.0,,,
SCN_008,291,9.6667,false,false,,,,,,,0,0,52,LOST,330.0,229.0,,,
SCN_008,292,9.7,false,false,,,,,,,0,0,53,LOST,327.0,240.0,,,
SCN_008,293,9.7333,false,false,,,,,,,0,0,54,LOST,318.0,247.0,,,
SCN_008,294,9.7667,false,false,,,,,,,0,0,55,LOST,321.0,245.0,,,
SCN_008,295,9.8,false,false,,,,,,,0,0,56,LOST,334.0,245.0,,,
SCN_008,296,9.8333,false,false,,,,,,,0,0,57,LOST,343.0,244.0,,,
SCN_008,297,9.8667,false,false,,,,,,,0,0,58,LOST,335.0,243.0,,,
SCN_008,298,9.9,false,false,,,,,,,0,0,59,LOST,320.0,236.0,,,
SCN_008,299,9.9333,false,false,,,,,,,0,0,60,LOST,317.0,229.0,,,
SCN_008,300,9.9667,false,false,,,,,,,0,0,61,LOST,327.0,233.0,,,
SCN_008,301,10.0,true,true,332.0,247.0,332.0,247.0,0.0,0.0,1,1,0,ACQUIRING,331.0,246.0,1.0,1.0,1.4142135623730951
SCN_008,302,10.0333,true,true,334.0,258.0,334.0,258.0,60.0,330.0,2,2,0,ACQUIRING,333.0,257.0,1.0,1.0,1.4142135623730951
SCN_008,303,10.0667,true,true,336.0,253.0,336.0,253.0,60.0,-150.0,3,3,0,TRACKING,335.0,252.0,1.0,1.0,1.4142135623730951
SCN_008,304,10.1,true,true,338.0,243.0,338.0,243.0,60.0,-300.0,4,4,0,TRACKING,337.0,242.0,1.0,1.0,1.4142135623730951
SCN_008,305,10.1333,true,true,329.0,236.0,329.0,236.0,-270.0,-210.0,5,5,0,TRACKING,328.0,235.0,1.0,1.0,1.4142135623730951
SCN_008,306,10.1667,true,true,317.0,239.0,317.0,239.0,-360.0,90.0,6,6,0,TRACKING,316.0,238.0,1.0,1.0,1.4142135623730951
SCN_008,307,10.2,true,true,319.0,240.0,319.0,240.0,60.0,30.0,7,7,0,TRACKING,318.0,239.0,1.0,1.0,1.4142135623730951
SCN_008,308,10.2333,true,true,335.0,238.0,335.0,238.0,480.0,-60.0,8,8,0,TRACKING,334.0,237.0,1.0,1.0,1.4142135623730951
SCN_008,309,10.2667,true,true,344.0,241.0,344.0,241.0,270.0,90.0,9,9,0,TRACKING,343.0,240.0,1.0,1.0,1.4142135623730951
SCN_008,310,10.3,true,true,336.0,248.0,336.0,248.0,-240.0,210.0,10,10,0,TRACKING,335.0,247.0,1.0,1.0,1.4142135623730951
SCN_008,311,10.3333,true,true,324.0,257.0,324.0,257.0,-360.0,270.0,11,11,0,TRACKING,323.0,256.0,1.0,1.0,1.4142135623730951
SCN_008,312,10.3667,true,true,323.0,252.0,323.0,252.0,-30.0,-150.0,12,12,0,TRACKING,322.0,251.0,1.0,1.0,1.4142135623730951
SCN_008,313,10.4,true,true,325.0,237.0,325.0,237.0,60.0,-450.0,13,13,0,TRACKING,324.0,236.0,1.0,1.0,1.4142135623730951
SCN_008,314,10.4333,true,true,327.0,231.0,327.0,231.0,60.0,-180.0,14,14,0,TRACKING,326.0,230.0,1.0,1.0,1.4142135623730951
SCN_008,315,10.4667,true,true,330.0,234.0,330.0,234.0,90.0,90.0,15,15,0,TRACKING,329.0,233.0,1.0,1.0,1.4142135623730951
SCN_008,316,10.5,true,true,338.0,248.0,338.0,248.0,240.0,420.0,16,16,0,TRACKING,337.0,247.0,1.0,1.0,1.4142135623730951
SCN_008,317,10.5333,true,true,340.0,252.0,340.0,252.0,60.0,120.0,17,17,0,TRACKING,339.0,251.0,1.0,1.0,1.4142135623730951
SCN_008,318,10.5667,true,true,327.0,251.0,327.0,251.0,-390.0,-30.0,18,18,0,TRACKING,326.0,250.0,1.0,1.0,1.4142135623730951
SCN_008,319,10.6,true,true,315.0,247.0,315.0,247.0,-360.0,-120.0,19,19,0,TRACKING,314.0,246.0,1.0,1.0,1.4142135623730951
SCN_008,320,10.6333,true,true,318.0,248.0,318.0,248.0,90.0,30.0,20,20,0,TRACKING,317.0,247.0,1.0,1.0,1.4142135623730951
SCN_008,321,10.6667,true,true,333.0,245.0,333.0,245.0,450.0,-90.0,21,21,0,TRACKING,332.0,244.0,1.0,1.0,1.4142135623730951
SCN_008,322,10.7,true,true,340.0,239.0,340.0,239.0,210.0,-180.0,22,22,0,TRACKING,339.0,238.0,1.0,1.0,1.4142135623730951
SCN_008,323,10.7333,true,true,333.0,233.0,333.0,233.0,-210.0,-180.0,23,23,0,TRACKING,332.0,232.0,1.0,1.0,1.4142135623730951
SCN_008,324,10.7667,true,true,327.0,238.0,327.0,238.0,-180.0,150.0,24,24,0,TRACKING,326.0,237.0,1.0,1.0,1.4142135623730951
SCN_008,325,10.8,true,true,325.0,251.0,325.0,251.0,-60.0,390.0,25,25,0,TRACKING,324.0,250.0,1.0,1.0,1.4142135623730951
SCN_008,326,10.8333,true,true,324.0,260.0,324.0,260.0,-30.0,270.0,26,26,0,TRACKING,323.0,259.0,1.0,1.0,1.4142135623730951
SCN_008,327,10.8667,true,true,320.0,254.0,320.0,254.0,-120.0,-180.0,27,27,0,TRACKING,319.0,253.0,1.0,1.0,1.4142135623730951
SCN_008,328,10.9,true,true,326.0,244.0,326.0,244.0,180.0,-300.0,28,28,0,TRACKING,325.0,243.0,1.0,1.0,1.4142135623730951
SCN_008,329,10.9333,true,true,338.0,239.0,338.0,239.0,360.0,-150.0,29,29,0,TRACKING,337.0,238.0,1.0,1.0,1.4142135623730951
SCN_008,330,10.9667,true,true,341.0,241.0,341.0,241.0,90.0,60.0,30,30,0,TRACKING,340.0,240.0,1.0,1.0,1.4142135623730951
SCN_008,331,11.0,true,true,327.0,243.0,327.0,243.0,-420.0,60.0,31,31,0,TRACKING,326.0,242.0,1.0,1.0,1.4142135623730951
SCN_008,332,11.0333,true,true,314.0,242.0,314.0,242.0,-390.0,-30.0,32,32,0,TRACKING,313.0,241.0,1.0,1.0,1.4142135623730951
SCN_008,333,11.0667,true,true,319.0,247.0,319.0,247.0,150.0,150.0,33,33,0,TRACKING,318.0,246.0,1.0,1.0,1.4142135623730951
SCN_008,334,11.1,true,true,330.0,254.0,330.0,254.0,330.0,210.0,34,34,0,TRACKING,329.0,253.0,1.0,1.0,1.4142135623730951
SCN_008,335,11.1333,true,true,334.0,259.0,334.0,259.0,120.0,150.0,35,35,0,TRACKING,333.0,258.0,1.0,1.0,1.4142135623730951
SCN_008,336,11.1667,true,true,333.0,252.0,333.0,252.0,-30.0,-210.0,36,36,0,TRACKING,332.0,251.0,1.0,1.0,1.4142135623730951
SCN_008,337,11.2,true,true,331.0,240.0,331.0,240.0,-60.0,-360.0,37,37,0,TRACKING,330.0,239.0,1.0,1.0,1.4142135623730951
SCN_008,338,11.2333,true,true,330.0,233.0,330.0,233.0,-30.0,-210.0,38,38,0,TRACKING,329.0,232.0,1.0,1.0,1.4142135623730951
SCN_008,339,11.2667,true,true,320.0,240.0,320.0,240.0,-300.0,210.0,39,39,0,TRACKING,319.0,239.0,1.0,1.0,1.4142135623730951
SCN_008,340,11.3,true,true,315.0,249.0,315.0,249.0,-150.0,270.0,40,40,0,TRACKING,314.0,248.0,1.0,1.0,1.4142135623730951
SCN_008,341,11.3333,true,true,323.0,253.0,323.0,253.0,240.0,120.0,41,41,0,TRACKING,322.0,252.0,1.0,1.0,1.4142135623730951
SCN_008,342,11.3667,true,true,338.0,252.0,338.0,252.0,450.0,-30.0,42,42,0,TRACKING,337.0,251.0,1.0,1.0,1.4142135623730951
SCN_008,343,11.4,true,true,340.0,252.0,340.0,252.0,60.0,0.0,43,43,0,TRACKING,339.0,251.0,1.0,1.0,1.4142135623730951
SCN_008,344,11.4333,true,true,327.0,252.0,327.0,252.0,-390.0,0.0,44,44,0,TRACKING,326.0,251.0,1.0,1.0,1.4142135623730951
SCN_008,345,11.4667,true,true,316.0,248.0,316.0,248.0,-330.0,-120.0,45,45,0,TRACKING,315.0,247.0,1.0,1.0,1.4142135623730951
SCN_008,346,11.5,true,true,319.0,238.0,319.0,238.0,90.0,-300.0,46,46,0,TRACKING,318.0,237.0,1.0,1.0,1.4142135623730951
SCN_008,347,11.5333,true,true,325.0,235.0,325.0,235.0,180.0,-90.0,47,47,0,TRACKING,324.0,234.0,1.0,1.0,1.4142135623730951
SCN_008,348,11.5667,true,true,326.0,244.0,326.0,244.0,30.0,270.0,48,48,0,TRACKING,325.0,243.0,1.0,1.0,1.4142135623730951
SCN_008,349,11.6,true,true,330.0,257.0,330.0,257.0,120.0,390.0,49,49,0,TRACKING,329.0,256.0,1.0,1.0,1.4142135623730951
SCN_008,350,11.6333,true,true,335.0,262.0,335.0,262.0,150.0,150.0,50,50,0,TRACKING,334.0,261.0,1.0,1.0,1.4142135623730951
SCN_008,351,11.6667,true,true,330.0,254.0,330.0,254.0,-150.0,-240.0,51,51,0,TRACKING,329.0,253.0,1.0,1.0,1.4142135623730951
SCN_008,352,11.7,true,true,316.0,243.0,316.0,243.0,-420.0,-330.0,52,52,0,TRACKING,315.0,242.0,1.0,1.0,1.4142135623730951
SCN_008,353,11.7333,true,true,311.0,242.0,311.0,242.0,-150.0,-30.0,53,53,0,TRACKING,310.0,241.0,1.0,1.0,1.4142135623730951
SCN_008,354,11.7667,true,true,320.0,243.0,320.0,243.0,270.0,30.0,54,54,0,TRACKING,319.0,242.0,1.0,1.0,1.4142135623730951
SCN_008,355,11.8,true,true,335.0,244.0,335.0,244.0,450.0,30.0,55,55,0,TRACKING,334.0,243.0,1.0,1.0,1.4142135623730951
SCN_008,356,11.8333,true,true,336.0,244.0,336.0,244.0,30.0,0.0,56,56,0,TRACKING,335.0,243.0,1.0,1.0,1.4142135623730951
SCN_008,357,11.8667,true,true,327.0,249.0,327.0,249.0,-270.0,150.0,57,57,0,TRACKING,326.0,248.0,1.0,1.0,1.4142135623730951
SCN_008,358,11.9,true,true,321.0,257.0,321.0,257.0,-180.0,240.0,58,58,0,TRACKING,320.0,256.0,1.0,1.0,1.4142135623730951
SCN_008,359,11.9333,true,true,320.0,261.0,320.0,261.0,-30.0,120.0,59,59,0,TRACKING,319.0,260.0,1.0,1.0,1.4142135623730951
SCN_008,360,11.9667,true,true,320.0,251.0,320.0,251.0,0.0,-300.0,60,60,0,TRACKING,319.0,250.0,1.0,1.0,1.4142135623730951
SCN_008,361,12.0,true,true,320.0,239.0,320.0,239.0,0.0,-360.0,61,61,0,TRACKING,319.0,238.0,1.0,1.0,1.4142135623730951
SCN_008,362,12.0333,true,true,328.0,236.0,328.0,236.0,240.0,-90.0,62,62,0,TRACKING,327.0,235.0,1.0,1.0,1.4142135623730951
SCN_008,363,12.0667,true,true,337.0,242.0,337.0,242.0,270.0,180.0,63,63,0,TRACKING,336.0,241.0,1.0,1.0,1.4142135623730951
SCN_008,364,12.1,true,true,331.0,253.0,331.0,253.0,-180.0,330.0,64,64,0,TRACKING,330.0,252.0,1.0,1.0,1.4142135623730951
SCN_008,365,12.1333,true,true,315.0,255.0,315.0,255.0,-480.0,60.0,65,65,0,TRACKING,314.0,254.0,1.0,1.0,1.4142135623730951
SCN_008,366,12.1667,true,true,310.0,253.0,310.0,253.0,-150.0,-60.0,66,66,0,TRACKING,309.0,252.0,1.0,1.0,1.4142135623730951
SCN_008,367,12.2,true,true,320.0,251.0,320.0,251.0,300.0,-60.0,67,67,0,TRACKING,319.0,250.0,1.0,1.0,1.4142135623730951
SCN_008,368,12.2333,true,true,331.0,253.0,331.0,253.0,330.0,60.0,68,68,0,TRACKING,330.0,252.0,1.0,1.0,1.4142135623730951
SCN_008,369,12.2667,true,true,330.0,247.0,330.0,247.0,-30.0,-180.0,69,69,0,TRACKING,329.0,246.0,1.0,1.0,1.4142135623730951
SCN_008,370,12.3,true,true,326.0,238.0,326.0,238.0,-120.0,-270.0,70,70,0,TRACKING,325.0,237.0,1.0,1.0,1.4142135623730951
SCN_008,371,12.3333,true,true,322.0,237.0,322.0,237.0,-120.0,-30.0,71,71,0,TRACKING,321.0,236.0,1.0,1.0,1.4142135623730951
SCN_008,372,12.3667,true,true,318.0,247.0,318.0,247.0,-120.0,300.0,72,72,0,TRACKING,317.0,246.0,1.0,1.0,1.4142135623730951
SCN_008,373,12.4,true,true,314.0,258.0,314.0,258.0,-120.0,330.0,73,73,0,TRACKING,313.0,257.0,1.0,1.0,1.4142135623730951
SCN_008,374,12.4333,true,true,314.0,259.0,314.0,259.0,0.0,30.0,74,74,0,TRACKING,313.0,258.0,1.0,1.0,1.4142135623730951
SCN_008,375,12.4667,true,true,326.0,252.0,326.0,252.0,360.0,-210.0,75,75,0,TRACKING,325.0,251.0,1.0,1.0,1.4142135623730951
SCN_008,376,12.5,true,true,335.0,243.0,335.0,243.0,270.0,-270.0,76,76,0,TRACKING,334.0,242.0,1.0,1.0,1.4142135623730951
SCN_008,377,12.5333,true,true,330.0,242.0,330.0,242.0,-150.0,-30.0,77,77,0,TRACKING,329.0,241.0,1.0,1.0,1.4142135623730951
SCN_008,378,12.5667,true,true,314.0,244.0,314.0,244.0,-480.0,60.0,78,78,0,TRACKING,313.0,243.0,1.0,1.0,1.4142135623730951
SCN_008,379,12.6,true,true,308.0,244.0,308.0,244.0,-180.0,0.0,79,79,0,TRACKING,307.0,243.0,1.0,1.0,1.4142135623730951
SCN_008,380,12.6333,true,true,317.0,245.0,317.0,245.0,270.0,30.0,80,80,0,TRACKING,316.0,244.0,1.0,1.0,1.4142135623730951
SCN_008,381,12.6667,true,true,325.0,250.0,325.0,250.0,240.0,150.0,81,81,0,TRACKING,324.0,249.0,1.0,1.0,1.4142135623730951
SCN_008,382,12.7,true,true,326.0,259.0,326.0,259.0,30.0,270.0,82,82,0,TRACKING,325.0,258.0,1.0,1.0,1.4142135623730951
SCN_008,383,12.7333,true,true,326.0,260.0,326.0,260.0,0.0,30.0,83,83,0,TRACKING,325.0,259.0,1.0,1.0,1.4142135623730951
SCN_008,384,12.7667,true,true,325.0,249.0,325.0,249.0,-30.0,-330.0,84,84,0,TRACKING,324.0,248.0,1.0,1.0,1.4142135623730951
SCN_008,385,12.8,true,true,318.0,235.0,318.0,235.0,-210.0,-420.0,85,85,0,TRACKING,317.0,234.0,1.0,1.0,1.4142135623730951
SCN_008,386,12.8333,true,true,309.0,235.0,309.0,235.0,-270.0,0.0,86,86,0,TRACKING,308.0,234.0,1.0,1.0,1.4142135623730951
SCN_008,387,12.8667,true,true,308.0,245.0,308.0,245.0,-30.0,300.0,87,87,0,TRACKING,307.0,244.0,1.0,1.0,1.4142135623730951
SCN_008,388,12.9,true,true,324.0,252.0,324.0,252.0,480.0,210.0,88,88,0,TRACKING,323.0,251.0,1.0,1.0,1.4142135623730951
SCN_008,389,12.9333,true,true,334.0,253.0,334.0,253.0,300.0,30.0,89,89,0,TRACKING,333.0,252.0,1.0,1.0,1.4142135623730951
SCN_008,390,12.9667,true,true,326.0,251.0,326.0,251.0,-240.0,-60.0,90,90,0,TRACKING,325.0,250.0,1.0,1.0,1.4142135623730951
SCN_008,391,13.0,true,true,314.0,250.0,314.0,250.0,-360.0,-30.0,91,91,0,TRACKING,313.0,249.0,1.0,1.0,1.4142135623730951
SCN_008,392,13.0333,true,true,310.0,250.0,310.0,250.0,-120.0,0.0,92,92,0,TRACKING,309.0,249.0,1.0,1.0,1.4142135623730951
SCN_008,393,13.0667,true,true,314.0,245.0,314.0,245.0,120.0,-150.0,93,93,0,TRACKING,313.0,244.0,1.0,1.0,1.4142135623730951
SCN_008,394,13.1,true,true,317.0,236.0,317.0,236.0,90.0,-270.0,94,94,0,TRACKING,316.0,235.0,1.0,1.0,1.4142135623730951
SCN_008,395,13.1333,true,true,319.0,236.0,319.0,236.0,60.0,0.0,95,95,0,TRACKING,318.0,235.0,1.0,1.0,1.4142135623730951
SCN_008,396,13.1667,true,true,324.0,247.0,324.0,247.0,150.0,330.0,96,96,0,TRACKING,323.0,246.0,1.0,1.0,1.4142135623730951
SCN_008,397,13.2,true,true,329.0,260.0,329.0,260.0,150.0,390.0,97,97,0,TRACKING,328.0,259.0,1.0,1.0,1.4142135623730951
SCN_008,398,13.2333,true,true,319.0,258.0,319.0,258.0,-300.0,-60.0,98,98,0,TRACKING,318.0,257.0,1.0,1.0,1.4142135623730951
SCN_008,399,13.2667,true,true,305.0,247.0,305.0,247.0,-420.0,-330.0,99,99,0,TRACKING,304.0,246.0,1.0,1.0,1.4142135623730951
SCN_008,400,13.3,true,true,306.0,240.0,306.0,240.0,30.0,-210.0,100,100,0,TRACKING,305.0,239.0,1.0,1.0,1.4142135623730951
SCN_008,401,13.3333,true,true,321.0,240.0,321.0,240.0,450.0,0.0,101,101,0,TRACKING,320.0,239.0,1.0,1.0,1.4142135623730951
SCN_008,402,13.3667,true,true,330.0,240.0,330.0,240.0,270.0,0.0,102,102,0,TRACKING,329.0,239.0,1.0,1.0,1.4142135623730951
SCN_008,403,13.4,true,true,324.0,243.0,324.0,243.0,-180.0,90.0,103,103,0,TRACKING,323.0,242.0,1.0,1.0,1.4142135623730951
SCN_008,404,13.4333,true,true,314.0,244.0,314.0,244.0,-300.0,30.0,104,104,0,TRACKING,313.0,243.0,1.0,1.0,1.4142135623730951
SCN_008,405,13.4667,true,true,312.0,250.0,312.0,250.0,-60.0,180.0,105,105,0,TRACKING,311.0,249.0,1.0,1.0,1.4142135623730951
SCN_008,406,13.5,true,true,311.0,257.0,311.0,257.0,-30.0,210.0,106,106,0,TRACKING,310.0,256.0,1.0,1.0,1.4142135623730951
SCN_008,407,13.5333,true,true,309.0,256.0,309.0,256.0,-60.0,-30.0,107,107,0,TRACKING,308.0,255.0,1.0,1.0,1.4142135623730951
SCN_008,408,13.5667,true,true,314.0,243.0,314.0,243.0,150.0,-390.0,108,108,0,TRACKING,313.0,242.0,1.0,1.0,1.4142135623730951
SCN_008,409,13.6,true,true,326.0,232.0,326.0,232.0,360.0,-330.0,109,109,0,TRACKING,325.0,231.0,1.0,1.0,1.4142135623730951
SCN_008,410,13.6333,true,true,329.0,235.0,329.0,235.0,90.0,90.0,110,110,0,TRACKING,328.0,234.0,1.0,1.0,1.4142135623730951
SCN_008,411,13.6667,true,true,316.0,245.0,316.0,245.0,-390.0,300.0,111,111,0,TRACKING,315.0,244.0,1.0,1.0,1.4142135623730951
SCN_008,412,13.7,true,true,303.0,251.0,303.0,251.0,-390.0,180.0,112,112,0,TRACKING,302.0,250.0,1.0,1.0,1.4142135623730951
SCN_008,413,13.7333,true,true,304.0,251.0,304.0,251.0,30.0,0.0,113,113,0,TRACKING,303.0,250.0,1.0,1.0,1.4142135623730951
SCN_008,414,13.7667,true,true,318.0,250.0,318.0,250.0,420.0,-30.0,114,114,0,TRACKING,317.0,249.0,1.0,1.0,1.4142135623730951
SCN_008,415,13.8,true,true,324.0,251.0,324.0,251.0,180.0,30.0,115,115,0,TRACKING,323.0,250.0,1.0,1.0,1.4142135623730951
SCN_008,416,13.8333,true,true,320.0,248.0,320.0,248.0,-120.0,-90.0,116,116,0,TRACKING,319.0,247.0,1.0,1.0,1.4142135623730951
SCN_008,417,13.8667,true,true,318.0,240.0,318.0,240.0,-60.0,-240.0,117,117,0,TRACKING,317.0,239.0,1.0,1.0,1.4142135623730951
SCN_008,418,13.9,true,true,317.0,235.0,317.0,235.0,-30.0,-150.0,118,118,0,TRACKING,316.0,234.0,1.0,1.0,1.4142135623730951
SCN_008,419,13.9333,true,true,309.0,237.0,309.0,237.0,-240.0,60.0,119,119,0,TRACKING,308.0,236.0,1.0,1.0,1.4142135623730951
SCN_008,420,13.9667,true,true,303.0,248.0,303.0,248.0,-180.0,330.0,120,120,0,TRACKING,302.0,247.0,1.0,1.0,1.4142135623730951
SCN_008,421,14.0,true,true,309.0,259.0,309.0,259.0,180.0,330.0,121,121,0,TRACKING,308.0,258.0,1.0,1.0,1.4142135623730951
SCN_008,422,14.0333,true,true,325.0,256.0,325.0,256.0,480.0,-90.0,122,122,0,TRACKING,324.0,255.0,1.0,1.0,1.4142135623730951
SCN_008,423,14.0667,true,true,328.0,246.0,328.0,246.0,90.0,-300.0,123,123,0,TRACKING,327.0,245.0,1.0,1.0,1.4142135623730951
SCN_008,424,14.1,true,true,316.0,239.0,316.0,239.0,-360.0,-210.0,124,124,0,TRACKING,315.0,238.0,1.0,1.0,1.4142135623730951
SCN_008,425,14.1333,true,true,304.0,237.0,304.0,237.0,-360.0,-60.0,125,125,0,TRACKING,303.0,236.0,1.0,1.0,1.4142135623730951
SCN_008,426,14.1667,true,true,305.0,242.0,305.0,242.0,30.0,150.0,126,126,0,TRACKING,304.0,241.0,1.0,1.0,1.4142135623730951
SCN_008,427,14.2,true,true,314.0,241.0,314.0,241.0,270.0,-30.0,127,127,0,TRACKING,313.0,240.0,1.0,1.0,1.4142135623730951
SCN_008,428,14.2333,true,true,318.0,242.0,318.0,242.0,120.0,30.0,128,128,0,TRACKING,317.0,241.0,1.0,1.0,1.4142135623730951
SCN_008,429,14.2667,true,true,317.0,249.0,317.0,249.0,-30.0,210.0,129,129,0,TRACKING,316.0,248.0,1.0,1.0,1.4142135623730951
SCN_008,430,14.3,true,true,321.0,256.0,321.0,256.0,120.0,210.0,130,130,0,TRACKING,320.0,255.0,1.0,1.0,1.4142135623730951
SCN_008,431,14.3333,true,true,320.0,253.0,320.0,253.0,-30.0,-90.0,131,131,0,TRACKING,319.0,252.0,1.0,1.0,1.4142135623730951
SCN_008,432,14.3667,true,true,307.0,239.0,307.0,239.0,-390.0,-420.0,132,132,0,TRACKING,306.0,238.0,1.0,1.0,1.4142135623730951
SCN_008,433,14.4,true,true,299.0,230.0,299.0,230.0,-240.0,-270.0,133,133,0,TRACKING,298.0,229.0,1.0,1.0,1.4142135623730951
SCN_008,434,14.4333,true,true,308.0,236.0,308.0,236.0,270.0,180.0,134,134,0,TRACKING,307.0,235.0,1.0,1.0,1.4142135623730951
SCN_008,435,14.4667,true,true,323.0,244.0,323.0,244.0,450.0,240.0,135,135,0,TRACKING,322.0,243.0,1.0,1.0,1.4142135623730951
SCN_008,436,14.5,true,true,327.0,250.0,327.0,250.0,120.0,180.0,136,136,0,TRACKING,326.0,249.0,1.0,1.0,1.4142135623730951
SCN_008,437,14.5333,true,true,315.0,250.0,315.0,250.0,-360.0,0.0,137,137,0,TRACKING,314.0,249.0,1.0,1.0,1.4142135623730951
SCN_008,438,14.5667,true,true,307.0,248.0,307.0,248.0,-240.0,-60.0,138,138,0,TRACKING,306.0,247.0,1.0,1.0,1.4142135623730951
SCN_008,439,14.6,true,true,306.0,247.0,306.0,247.0,-30.0,-30.0,139,139,0,TRACKING,305.0,246.0,1.0,1.0,1.4142135623730951
SCN_008,440,14.6333,true,true,310.0,247.0,310.0,247.0,120.0,0.0,140,140,0,TRACKING,309.0,246.0,1.0,1.0,1.4142135623730951
SCN_008,441,14.6667,true,true,310.0,238.0,310.0,238.0,0.0,-270.0,141,141,0,TRACKING,309.0,237.0,1.0,1.0,1.4142135623730951
SCN_008,442,14.7,true,true,315.0,232.0,315.0,232.0,150.0,-180.0,142,142,0,TRACKING,314.0,231.0,1.0,1.0,1.4142135623730951
SCN_008,443,14.7333,true,true,325.0,237.0,325.0,237.0,300.0,150.0,143,143,0,TRACKING,324.0,236.0,1.0,1.0,1.4142135623730951
SCN_008,444,14.7667,true,true,321.0,248.0,321.0,248.0,-120.0,330.0,144,144,0,TRACKING,320.0,247.0,1.0,1.0,1.4142135623730951
SCN_008,445,14.8,true,true,306.0,257.0,306.0,257.0,-450.0,270.0,145,145,0,TRACKING,305.0,256.0,1.0,1.0,1.4142135623730951
SCN_008,446,14.8333,true,true,299.0,252.0,299.0,252.0,-210.0,-150.0,146,146,0,TRACKING,298.0,251.0,1.0,1.0,1.4142135623730951
SCN_008,447,14.8667,true,true,309.0,241.0,309.0,241.0,300.0,-330.0,147,147,0,TRACKING,308.0,240.0,1.0,1.0,1.4142135623730951
SCN_008,448,14.9,true,true,322.0,237.0,322.0,237.0,390.0,-120.0,148,148,0,TRACKING,321.0,236.0,1.0,1.0,1.4142135623730951
SCN_008,449,14.9333,true,true,322.0,236.0,322.0,236.0,0.0,-30.0,149,149,0,TRACKING,321.0,235.0,1.0,1.0,1.4142135623730951
SCN_008,450,14.9667,true,true,316.0,240.0,316.0,240.0,-180.0,120.0,150,150,0,TRACKING,315.0,239.0,1.0,1.0,1.4142135623730951
SCN_008,451,15.0,true,true,313.0,239.0,313.0,239.0,-90.0,-30.0,151,151,0,TRACKING,312.0,238.0,1.0,1.0,1.4142135623730951
SCN_008,452,15.0333,true,true,310.0,241.0,310.0,241.0,-90.0,60.0,152,152,0,TRACKING,309.0,240.0,1.0,1.0,1.4142135623730951
SCN_008,453,15.0667,true,true,306.0,249.0,306.0,249.0,-120.0,240.0,153,153,0,TRACKING,305.0,248.0,1.0,1.0,1.4142135623730951
SCN_008,454,15.1,true,true,305.0,254.0,305.0,254.0,-30.0,150.0,154,154,0,TRACKING,304.0,253.0,1.0,1.0,1.4142135623730951
SCN_008,455,15.1333,true,true,316.0,247.0,316.0,247.0,330.0,-210.0,155,155,0,TRACKING,315.0,246.0,1.0,1.0,1.4142135623730951
SCN_008,456,15.1667,true,true,327.5,235.0,327.5,235.0,345.0,-360.0,156,156,0,TRACKING,327.0,234.0,0.5,1.0,1.118033988749895
SCN_008,457,15.2,true,true,323.0,229.0,323.0,229.0,-135.0,-180.0,157,157,0,TRACKING,322.0,228.0,1.0,1.0,1.4142135623730951
SCN_008,458,15.2333,true,true,307.0,233.0,307.0,233.0,-480.0,120.0,158,158,0,TRACKING,306.0,232.0,1.0,1.0,1.4142135623730951
SCN_008,459,15.2667,true,true,302.0,243.0,302.0,243.0,-150.0,300.0,159,159,0,TRACKING,301.0,242.0,1.0,1.0,1.4142135623730951
SCN_008,460,15.3,true,true,309.0,248.0,309.0,248.0,210.0,150.0,160,160,0,TRACKING,308.0,247.0,1.0,1.0,1.4142135623730951
SCN_008,461,15.3333,true,true,319.0,247.0,319.0,247.0,300.0,-30.0,161,161,0,TRACKING,318.0,246.0,1.0,1.0,1.4142135623730951
SCN_008,462,15.3667,true,true,320.0,243.0,320.0,243.0,30.0,-120.0,162,162,0,TRACKING,319.0,242.0,1.0,1.0,1.4142135623730951
SCN_008,463,15.4,true,true,318.0,243.0,318.0,243.0,-60.0,0.0,163,163,0,TRACKING,317.0,242.0,1.0,1.0,1.4142135623730951
SCN_008,464,15.4333,true,true,319.0,241.0,319.0,241.0,30.0,-60.0,164,164,0,TRACKING,318.0,240.0,1.0,1.0,1.4142135623730951
SCN_008,465,15.4667,true,true,314.0,234.0,314.0,234.0,-150.0,-210.0,165,165,0,TRACKING,313.0,233.0,1.0,1.0,1.4142135623730951
SCN_008,466,15.5,true,true,305.0,228.0,305.0,228.0,-270.0,-180.0,166,166,0,TRACKING,304.0,227.0,1.0,1.0,1.4142135623730951
SCN_008,467,15.5333,true,true,304.0,234.0,304.0,234.0,-30.0,180.0,167,167,0,TRACKING,303.0,233.0,1.0,1.0,1.4142135623730951
SCN_008,468,15.5667,true,true,318.0,247.0,318.0,247.0,420.0,390.0,168,168,0,TRACKING,317.0,246.0,1.0,1.0,1.4142135623730951
SCN_008,469,15.6,true,true,330.0,253.0,330.0,253.0,360.0,180.0,169,169,0,TRACKING,329.0,252.0,1.0,1.0,1.4142135623730951
SCN_008,470,15.6333,true,true,324.0,245.0,324.0,245.0,-180.0,-240.0,170,170,0,TRACKING,323.0,244.0,1.0,1.0,1.4142135623730951
SCN_008,471,15.6667,true,true,310.0,236.0,310.0,236.0,-420.0,-270.0,171,171,0,TRACKING,309.0,235.0,1.0,1.0,1.4142135623730951
SCN_008,472,15.7,true,true,305.0,231.0,305.0,231.0,-150.0,-150.0,172,172,0,TRACKING,304.0,230.0,1.0,1.0,1.4142135623730951
SCN_008,473,15.7333,true,true,312.0,235.0,312.0,235.0,210.0,120.0,173,173,0,TRACKING,311.0,234.0,1.0,1.0,1.4142135623730951
SCN_008,474,15.7667,true,true,315.0,234.0,315.0,234.0,90.0,-30.0,174,174,0,TRACKING,314.0,233.0,1.0,1.0,1.4142135623730951
SCN_008,475,15.8,true,true,317.0,234.0,317.0,234.0,60.0,0.0,175,175,0,TRACKING,316.0,233.0,1.0,1.0,1.4142135623730951
SCN_008,476,15.8333,true,true,321.0,239.0,321.0,239.0,120.0,150.0,176,176,0,TRACKING,320.0,238.0,1.0,1.0,1.4142135623730951
SCN_008,477,15.8667,true,true,326.0,247.0,326.0,247.0,150.0,240.0,177,177,0,TRACKING,325.0,246.0,1.0,1.0,1.4142135623730951
SCN_008,478,15.9,true,true,317.0,250.0,317.0,250.0,-270.0,90.0,178,178,0,TRACKING,316.0,249.0,1.0,1.0,1.4142135623730951
SCN_008,479,15.9333,true,true,304.0,243.0,304.0,243.0,-390.0,-210.0,179,179,0,TRACKING,303.0,242.0,1.0,1.0,1.4142135623730951
SCN_008,480,15.9667,true,true,306.0,228.0,306.0,228.0,60.0,-450.0,180,180,0,TRACKING,305.0,227.0,1.0,1.0,1.4142135623730951
SCN_008,481,16.0,true,true,319.0,223.0,319.0,223.0,390.0,-150.0,181,181,0,TRACKING,318.0,222.0,1.0,1.0,1.4142135623730951
SCN_008,482,16.0333,true,true,330.0,230.0,330.0,230.0,330.0,210.0,182,182,0,TRACKING,329.0,229.0,1.0,1.0,1.4142135623730951
SCN_008,483,16.0667,true,true,325.0,241.0,325.0,241.0,-150.0,330.0,183,183,0,TRACKING,324.0,240.0,1.0,1.0,1.4142135623730951
SCN_008,484,16.1,true,true,316.0,244.0,316.0,244.0,-270.0,90.0,184,184,0,TRACKING,315.0,243.0,1.0,1.0,1.4142135623730951
SCN_008,485,16.1333,true,true,312.0,241.0,312.0,241.0,-120.0,-90.0,185,185,0,TRACKING,311.0,240.0,1.0,1.0,1.4142135623730951
SCN_008,486,16.1667,true,true,314.0,240.0,314.0,240.0,60.0,-30.0,186,186,0,TRACKING,313.0,239.0,1.0,1.0,1.4142135623730951
SCN_008,487,16.2,true,true,314.0,240.0,314.0,240.0,0.0,0.0,187,187,0,TRACKING,313.0,239.0,1.0,1.0,1.4142135623730951
SCN_008,488,16.2333,true,true,318.0,235.0,318.0,235.0,120.0,-150.0,188,188,0,TRACKING,317.0,234.0,1.0,1.0,1.4142135623730951
SCN_008,489,16.2667,true,true,327.0,227.0,327.0,227.0,270.0,-240.0,189,189,0,TRACKING,326.0,226.0,1.0,1.0,1.4142135623730951
SCN_008,490,16.3,true,true,332.0,223.0,332.0,223.0,150.0,-120.0,190,190,0,TRACKING,331.0,222.0,1.0,1.0,1.4142135623730951
SCN_008,491,16.3333,true,true,320.0,234.0,320.0,234.0,-360.0,330.0,191,191,0,TRACKING,319.0,233.0,1.0,1.0,1.4142135623730951
SCN_008,492,16.3667,true,true,305.0,248.0,305.0,248.0,-450.0,420.0,192,192,0,TRACKING,304.0,247.0,1.0,1.0,1.4142135623730951
SCN_008,493,16.4,true,true,308.0,249.0,308.0,249.0,90.0,30.0,193,193,0,TRACKING,307.0,248.0,1.0,1.0,1.4142135623730951
SCN_008,494,16.4333,true,true,320.0,241.0,320.0,241.0,360.0,-240.0,194,194,0,TRACKING,319.0,240.0,1.0,1.0,1.4142135623730951
SCN_008,495,16.4667,true,true,329.0,231.0,329.0,231.0,270.0,-300.0,195,195,0,TRACKING,328.0,230.0,1.0,1.0,1.4142135623730951
SCN_008,496,16.5,true,true,325.0,229.0,325.0,229.0,-120.0,-60.0,196,196,0,TRACKING,324.0,228.0,1.0,1.0,1.4142135623730951
SCN_008,497,16.5333,true,true,320.0,230.0,320.0,230.0,-150.0,30.0,197,197,0,TRACKING,319.0,229.0,1.0,1.0,1.4142135623730951
SCN_008,498,16.5667,true,true,319.0,233.0,319.0,233.0,-30.0,90.0,198,198,0,TRACKING,318.0,232.0,1.0,1.0,1.4142135623730951
SCN_008,499,16.6,true,true,315.0,233.0,315.0,233.0,-120.0,0.0,199,199,0,TRACKING,314.0,232.0,1.0,1.0,1.4142135623730951
SCN_008,500,16.6333,true,true,308.0,237.0,308.0,237.0,-210.0,120.0,200,200,0,TRACKING,307.0,236.0,1.0,1.0,1.4142135623730951
SCN_008,501,16.6667,true,true,315.0,247.0,315.0,247.0,210.0,300.0,201,201,0,TRACKING,314.0,246.0,1.0,1.0,1.4142135623730951
SCN_008,502,16.7,true,true,329.0,248.0,329.0,248.0,420.0,30.0,202,202,0,TRACKING,328.0,247.0,1.0,1.0,1.4142135623730951
SCN_008,503,16.7333,true,true,335.0,236.0,335.0,236.0,180.0,-360.0,203,203,0,TRACKING,334.0,235.0,1.0,1.0,1.4142135623730951
SCN_008,504,16.7667,true,true,322.0,226.0,322.0,226.0,-390.0,-300.0,204,204,0,TRACKING,321.0,225.0,1.0,1.0,1.4142135623730951
SCN_008,505,16.8,true,true,310.0,224.0,310.0,224.0,-360.0,-60.0,205,205,0,TRACKING,309.0,223.0,1.0,1.0,1.4142135623730951
SCN_008,506,16.8333,true,true,311.0,232.0,311.0,232.0,30.0,240.0,206,206,0,TRACKING,310.0,231.0,1.0,1.0,1.4142135623730951
SCN_008,507,16.8667,true,true,319.0,242.0,319.0,242.0,240.0,300.0,207,207,0,TRACKING,318.0,241.0,1.0,1.0,1.4142135623730951
SCN_008,508,16.9,true,true,325.0,243.0,325.0,243.0,180.0,30.0,208,208,0,TRACKING,324.0,242.0,1.0,1.0,1.4142135623730951
SCN_008,509,16.9333,true,true,324.0,241.0,324.0,241.0,-30.0,-60.0,209,209,0,TRACKING,323.0,240.0,1.0,1.0,1.4142135623730951
SCN_008,510,16.9667,true,true,328.0,239.0,328.0,239.0,120.0,-60.0,210,210,0,TRACKING,327.0,238.0,1.0,1.0,1.4142135623730951
SCN_008,511,17.0,true,true,326.5,238.0,326.5,238.0,-45.0,-30.0,211,211,0,TRACKING,325.0,237.0,1.5,1.0,1.8027756377319946
SCN_008,512,17.0333,true,true,316.0,233.0,316.0,233.0,-315.0,-150.0,212,212,0,TRACKING,315.0,232.0,1.0,1.0,1.4142135623730951
SCN_008,513,17.0667,true,true,308.0,223.0,308.0,223.0,-240.0,-300.0,213,213,0,TRACKING,307.0,222.0,1.0,1.0,1.4142135623730951
SCN_008,514,17.1,true,true,315.0,224.0,315.0,224.0,210.0,30.0,214,214,0,TRACKING,314.0,223.0,1.0,1.0,1.4142135623730951
SCN_008,515,17.1333,true,true,331.0,234.0,331.0,234.0,480.0,300.0,215,215,0,TRACKING,330.0,233.0,1.0,1.0,1.4142135623730951
SCN_008,516,17.1667,true,true,335.0,246.0,335.0,246.0,120.0,360.0,216,216,0,TRACKING,334.0,245.0,1.0,1.0,1.4142135623730951
SCN_008,517,17.2,true,true,325.0,248.0,325.0,248.0,-300.0,60.0,217,217,0,TRACKING,324.0,247.0,1.0,1.0,1.4142135623730951
SCN_008,518,17.2333,true,true,315.0,237.0,315.0,237.0,-300.0,-330.0,218,218,0,TRACKING,314.0,236.0,1.0,1.0,1.4142135623730951
SCN_008,519,17.2667,true,true,314.0,230.0,314.0,230.0,-30.0,-210.0,219,219,0,TRACKING,313.0,229.0,1.0,1.0,1.4142135623730951
SCN_008,520,17.3,true,true,320.0,229.0,320.0,229.0,180.0,-30.0,220,220,0,TRACKING,319.0,228.0,1.0,1.0,1.4142135623730951
SCN_008,521,17.3333,true,true,321.0,232.0,321.0,232.0,30.0,90.0,221,221,0,TRACKING,320.0,231.0,1.0,1.0,1.4142135623730951
SCN_008,522,17.3667,true,true,326.0,232.0,326.0,232.0,150.0,0.0,222,222,0,TRACKING,325.0,231.0,1.0,1.0,1.4142135623730951
SCN_008,523,17.4,true,true,333.0,232.0,333.0,232.0,210.0,0.0,223,223,0,TRACKING,332.0,231.0,1.0,1.0,1.4142135623730951
SCN_008,524,17.4333,true,true,330.0,239.0,330.0,239.0,-90.0,210.0,224,224,0,TRACKING,329.0,238.0,1.0,1.0,1.4142135623730951
SCN_008,525,17.4667,true,true,318.0,247.0,318.0,247.0,-360.0,240.0,225,225,0,TRACKING,317.0,246.0,1.0,1.0,1.4142135623730951
SCN_008,526,17.5,true,true,308.0,247.0,308.0,247.0,-300.0,0.0,226,226,0,TRACKING,307.0,246.0,1.0,1.0,1.4142135623730951
SCN_008,527,17.5333,true,true,317.0,232.0,317.0,232.0,270.0,-450.0,227,227,0,TRACKING,316.0,231.0,1.0,1.0,1.4142135623730951
SCN_008,528,17.5667,true,true,332.0,224.0,332.0,224.0,450.0,-240.0,228,228,0,TRACKING,331.0,223.0,1.0,1.0,1.4142135623730951
SCN_008,529,17.6,true,true,334.0,224.0,334.0,224.0,60.0,0.0,229,229,0,TRACKING,333.0,223.0,1.0,1.0,1.4142135623730951
SCN_008,530,17.6333,true,true,326.0,233.0,326.0,233.0,-240.0,270.0,230,230,0,TRACKING,325.0,232.0,1.0,1.0,1.4142135623730951
SCN_008,531,17.6667,true,true,321.0,244.0,321.0,244.0,-150.0,330.0,231,231,0,TRACKING,320.0,243.0,1.0,1.0,1.4142135623730951
SCN_008,532,17.7,true,true,319.0,242.0,319.0,242.0,-60.0,-60.0,232,232,0,TRACKING,318.0,241.0,1.0,1.0,1.4142135623730951
SCN_008,533,17.7333,true,true,318.0,238.0,318.0,238.0,-30.0,-120.0,233,233,0,TRACKING,317.0,237.0,1.0,1.0,1.4142135623730951
SCN_008,534,17.7667,true,true,318.0,239.0,318.0,239.0,0.0,30.0,234,234,0,TRACKING,317.0,238.0,1.0,1.0,1.4142135623730951
SCN_008,535,17.8,true,true,327.0,237.0,327.0,237.0,270.0,-60.0,235,235,0,TRACKING,326.0,236.0,1.0,1.0,1.4142135623730951
SCN_008,536,17.8333,true,true,338.0,230.0,338.0,230.0,330.0,-210.0,236,236,0,TRACKING,337.0,229.0,1.0,1.0,1.4142135623730951
SCN_008,537,17.8667,true,true,335.0,224.0,335.0,224.0,-90.0,-180.0,237,237,0,TRACKING,334.0,223.0,1.0,1.0,1.4142135623730951
SCN_008,538,17.9,true,true,319.0,224.0,319.0,224.0,-480.0,0.0,238,238,0,TRACKING,318.0,223.0,1.0,1.0,1.4142135623730951
SCN_008,539,17.9333,true,true,310.0,238.0,310.0,238.0,-270.0,420.0,239,239,0,TRACKING,309.0,237.0,1.0,1.0,1.4142135623730951
SCN_008,540,17.9667,true,true,319.0,249.0,319.0,249.0,270.0,330.0,240,240,0,TRACKING,318.0,248.0,1.0,1.0,1.4142135623730951
SCN_008,541,18.0,true,true,329.0,248.0,329.0,248.0,300.0,-30.0,241,241,0,TRACKING,328.0,247.0,1.0,1.0,1.4142135623730951
SCN_008,542,18.0333,true,true,333.0,236.0,333.0,236.0,120.0,-360.0,242,242,0,TRACKING,332.0,235.0,1.0,1.0,1.4142135623730951
SCN_008,543,18.0667,true,true,330.0,229.0,330.0,229.0,-90.0,-210.0,243,243,0,TRACKING,329.0,228.0,1.0,1.0,1.4142135623730951
SCN_008,544,18.1,true,true,328.0,228.0,328.0,228.0,-60.0,-30.0,244,244,0,TRACKING,327.0,227.0,1.0,1.0,1.4142135623730951
SCN_008,545,18.1333,true,true,327.0,232.0,327.0,232.0,-30.0,120.0,245,245,0,TRACKING,326.0,231.0,1.0,1.0,1.4142135623730951
SCN_008,546,18.1667,true,true,316.0,232.0,316.0,232.0,-330.0,0.0,246,246,0,TRACKING,315.0,231.0,1.0,1.0,1.4142135623730951
SCN_008,547,18.2,true,true,316.0,233.0,316.0,233.0,0.0,30.0,247,247,0,TRACKING,315.0,232.0,1.0,1.0,1.4142135623730951
SCN_008,548,18.2333,true,true,327.0,242.0,327.0,242.0,330.0,270.0,248,248,0,TRACKING,326.0,241.0,1.0,1.0,1.4142135623730951
SCN_008,549,18.2667,true,true,341.0,248.0,341.0,248.0,420.0,180.0,249,249,0,TRACKING,340.0,247.0,1.0,1.0,1.4142135623730951
SCN_008,550,18.3,true,true,337.0,245.0,337.0,245.0,-120.0,-90.0,250,250,0,TRACKING,336.0,244.0,1.0,1.0,1.4142135623730951
SCN_008,551,18.3333,true,true,322.0,232.0,322.0,232.0,-450.0,-390.0,251,251,0,TRACKING,321.0,231.0,1.0,1.0,1.4142135623730951
SCN_008,552,18.3667,true,true,315.0,222.0,315.0,222.0,-210.0,-300.0,252,252,0,TRACKING,314.0,221.0,1.0,1.0,1.4142135623730951
SCN_008,553,18.4,true,true,322.0,226.0,322.0,226.0,210.0,120.0,253,253,0,TRACKING,321.0,225.0,1.0,1.0,1.4142135623730951
SCN_008,554,18.4333,true,true,329.0,237.0,329.0,237.0,210.0,330.0,254,254,0,TRACKING,328.0,236.0,1.0,1.0,1.4142135623730951
SCN_008,555,18.4667,true,true,329.0,241.0,329.0,241.0,0.0,120.0,255,255,0,TRACKING,328.0,240.0,1.0,1.0,1.4142135623730951
SCN_008,556,18.5,true,true,333.0,243.0,333.0,243.0,120.0,60.0,256,256,0,TRACKING,332.0,242.0,1.0,1.0,1.4142135623730951
SCN_008,557,18.5333,true,true,336.0,239.0,336.0,239.0,90.0,-120.0,257,257,0,TRACKING,335.0,238.0,1.0,1.0,1.4142135623730951
SCN_008,558,18.5667,true,true,329.0,239.0,329.0,239.0,-210.0,0.0,258,258,0,TRACKING,328.0,238.0,1.0,1.0,1.4142135623730951
SCN_008,559,18.6,true,true,317.0,239.0,317.0,239.0,-360.0,0.0,259,259,0,TRACKING,316.0,238.0,1.0,1.0,1.4142135623730951
SCN_008,560,18.6333,true,true,314.0,231.0,314.0,231.0,-90.0,-240.0,260,260,0,TRACKING,313.0,230.0,1.0,1.0,1.4142135623730951
SCN_008,561,18.6667,true,true,329.0,224.0,329.0,224.0,450.0,-210.0,261,261,0,TRACKING,328.0,223.0,1.0,1.0,1.4142135623730951
SCN_008,562,18.7,true,true,342.0,227.0,342.0,227.0,390.0,90.0,262,262,0,TRACKING,341.0,226.0,1.0,1.0,1.4142135623730951
SCN_008,563,18.7333,true,true,338.0,242.0,338.0,242.0,-120.0,450.0,263,263,0,TRACKING,337.0,241.0,1.0,1.0,1.4142135623730951
SCN_008,564,18.7667,true,true,327.0,249.0,327.0,249.0,-330.0,210.0,264,264,0,TRACKING,326.0,248.0,1.0,1.0,1.4142135623730951
SCN_008,565,18.8,true,true,323.0,245.0,323.0,245.0,-120.0,-120.0,265,265,0,TRACKING,322.0,244.0,1.0,1.0,1.4142135623730951
SCN_008,566,18.8333,true,true,324.0,234.0,324.0,234.0,30.0,-330.0,266,266,0,TRACKING,323.0,233.0,1.0,1.0,1.4142135623730951
SCN_008,567,18.8667,true,true,325.0,229.0,325.0,229.0,30.0,-150.0,267,267,0,TRACKING,324.0,228.0,1.0,1.0,1.4142135623730951
SCN_008,568,18.9,true,true,327.0,232.0,327.0,232.0,60.0,90.0,268,268,0,TRACKING,326.0,231.0,1.0,1.0,1.4142135623730951
SCN_008,569,18.9333,true,true,336.0,233.0,336.0,233.0,270.0,30.0,269,269,0,TRACKING,335.0,232.0,1.0,1.0,1.4142135623730951
SCN_008,570,18.9667,true,true,341.0,233.0,341.0,233.0,150.0,0.0,270,270,0,TRACKING,340.0,232.0,1.0,1.0,1.4142135623730951
SCN_008,571,19.0,true,true,333.0,236.0,333.0,236.0,-240.0,90.0,271,271,0,TRACKING,332.0,235.0,1.0,1.0,1.4142135623730951
SCN_008,572,19.0333,true,true,317.0,244.0,317.0,244.0,-480.0,240.0,272,272,0,TRACKING,316.0,243.0,1.0,1.0,1.4142135623730951
SCN_008,573,19.0667,true,true,317.0,248.0,317.0,248.0,0.0,120.0,273,273,0,TRACKING,316.0,247.0,1.0,1.0,1.4142135623730951
SCN_008,574,19.1,true,true,330.0,242.0,330.0,242.0,390.0,-180.0,274,274,0,TRACKING,329.0,241.0,1.0,1.0,1.4142135623730951
SCN_008,575,19.1333,true,true,340.0,231.0,340.0,231.0,300.0,-330.0,275,275,0,TRACKING,339.0,230.0,1.0,1.0,1.4142135623730951
SCN_008,576,19.1667,true,true,338.0,223.0,338.0,223.0,-60.0,-240.0,276,276,0,TRACKING,337.0,222.0,1.0,1.0,1.4142135623730951
SCN_008,577,19.2,true,true,331.0,230.0,331.0,230.0,-210.0,210.0,277,277,0,TRACKING,330.0,229.0,1.0,1.0,1.4142135623730951
SCN_008,578,19.2333,true,true,330.0,239.0,330.0,239.0,-30.0,270.0,278,278,0,TRACKING,329.0,238.0,1.0,1.0,1.4142135623730951
SCN_008,579,19.2667,true,true,326.0,243.0,326.0,243.0,-120.0,120.0,279,279,0,TRACKING,325.0,242.0,1.0,1.0,1.4142135623730951
SCN_008,580,19.3,true,true,322.0,244.0,322.0,244.0,-120.0,30.0,280,280,0,TRACKING,321.0,243.0,1.0,1.0,1.4142135623730951
SCN_008,581,19.3333,true,true,325.0,242.0,325.0,242.0,90.0,-60.0,281,281,0,TRACKING,324.0,241.0,1.0,1.0,1.4142135623730951
SCN_008,582,19.3667,true,true,341.0,242.0,341.0,242.0,480.0,0.0,282,282,0,TRACKING,340.0,241.0,1.0,1.0,1.4142135623730951
SCN_008,583,19.4,true,true,346.0,238.0,346.0,238.0,150.0,-120.0,283,283,0,TRACKING,345.0,237.0,1.0,1.0,1.4142135623730951
SCN_008,584,19.4333,true,true,336.0,230.0,336.0,230.0,-300.0,-240.0,284,284,0,TRACKING,335.0,229.0,1.0,1.0,1.4142135623730951
SCN_008,585,19.4667,true,true,321.0,225.0,321.0,225.0,-450.0,-150.0,285,285,0,TRACKING,320.0,224.0,1.0,1.0,1.4142135623730951
SCN_008,586,19.5,true,true,320.0,233.0,320.0,233.0,-30.0,240.0,286,286,0,TRACKING,319.0,232.0,1.0,1.0,1.4142135623730951
SCN_008,587,19.5333,true,true,332.0,245.0,332.0,245.0,360.0,360.0,287,287,0,TRACKING,331.0,244.0,1.0,1.0,1.4142135623730951
SCN_008,588,19.5667,true,true,336.0,250.0,336.0,250.0,120.0,150.0,288,288,0,TRACKING,335.0,249.0,1.0,1.0,1.4142135623730951
SCN_008,589,19.6,true,true,337.0,246.0,337.0,246.0,30.0,-120.0,289,289,0,TRACKING,336.0,245.0,1.0,1.0,1.4142135623730951
SCN_008,590,19.6333,true,true,336.0,235.0,336.0,235.0,-30.0,-330.0,290,290,0,TRACKING,335.0,234.0,1.0,1.0,1.4142135623730951
SCN_008,591,19.6667,true,true,336.0,233.0,336.0,233.0,0.0,-60.0,291,291,0,TRACKING,335.0,232.0,1.0,1.0,1.4142135623730951
SCN_008,592,19.7,true,true,329.0,234.0,329.0,234.0,-210.0,30.0,292,292,0,TRACKING,328.0,233.0,1.0,1.0,1.4142135623730951
SCN_008,593,19.7333,true,true,319.0,236.0,319.0,236.0,-300.0,60.0,293,293,0,TRACKING,318.0,235.0,1.0,1.0,1.4142135623730951
SCN_008,594,19.7667,true,true,324.0,234.0,324.0,234.0,150.0,-60.0,294,294,0,TRACKING,323.0,233.0,1.0,1.0,1.4142135623730951
SCN_008,595,19.8,true,true,341.0,239.0,341.0,239.0,510.0,150.0,295,295,0,TRACKING,340.0,238.0,1.0,1.0,1.4142135623730951
SCN_008,596,19.8333,true,true,347.0,248.0,347.0,248.0,180.0,270.0,296,296,0,TRACKING,346.0,247.0,1.0,1.0,1.4142135623730951
SCN_008,597,19.8667,true,true,336.0,251.0,336.0,251.0,-330.0,90.0,297,297,0,TRACKING,335.0,250.0,1.0,1.0,1.4142135623730951
SCN_008,598,19.9,true,true,323.0,245.0,323.0,245.0,-390.0,-180.0,298,298,0,TRACKING,322.0,244.0,1.0,1.0,1.4142135623730951
SCN_008,599,19.9333,true,true,324.0,232.0,324.0,232.0,30.0,-390.0,299,299,0,TRACKING,323.0,231.0,1.0,1.0,1.4142135623730951
SCN_008,600,19.9667,false,false,,,324.0,232.0,0.0,0.0,300,0,1,TEMPORARILY_LOST,328.0,226.0,,,
SCN_008,601,20.0,false,false,,,324.0,232.0,0.0,0.0,301,0,2,TEMPORARILY_LOST,332.0,233.0,,,
SCN_008,602,20.0333,false,false,,,324.0,232.0,0.0,0.0,302,0,3,TEMPORARILY_LOST,334.0,242.0,,,
SCN_008,603,20.0667,false,false,,,324.0,232.0,0.0,0.0,303,0,4,TEMPORARILY_LOST,340.0,247.0,,,
SCN_008,604,20.1,false,false,,,324.0,232.0,0.0,0.0,304,0,5,TEMPORARILY_LOST,340.0,244.0,,,
SCN_008,605,20.1333,false,false,,,,,,,0,0,6,LOST,327.0,244.0,,,
SCN_008,606,20.1667,false,false,,,,,,,0,0,7,LOST,317.0,244.0,,,
SCN_008,607,20.2,false,false,,,,,,,0,0,8,LOST,324.0,241.0,,,
SCN_008,608,20.2333,false,false,,,,,,,0,0,9,LOST,340.0,231.0,,,
SCN_008,609,20.2667,false,false,,,,,,,0,0,10,LOST,342.0,228.0,,,
SCN_008,610,20.3,false,false,,,,,,,0,0,11,LOST,335.0,238.0,,,
SCN_008,611,20.3333,false,false,,,,,,,0,0,12,LOST,327.0,250.0,,,
SCN_008,612,20.3667,false,false,,,,,,,0,0,13,LOST,328.0,254.0,,,
SCN_008,613,20.4,false,false,,,,,,,0,0,14,LOST,326.0,248.0,,,
SCN_008,614,20.4333,false,false,,,,,,,0,0,15,LOST,325.0,236.0,,,
SCN_008,615,20.4667,false,false,,,,,,,0,0,16,LOST,333.0,234.0,,,
SCN_008,616,20.5,false,false,,,,,,,0,0,17,LOST,342.0,237.0,,,
SCN_008,617,20.5333,false,false,,,,,,,0,0,18,LOST,342.0,239.0,,,
SCN_008,618,20.5667,false,false,,,,,,,0,0,19,LOST,326.0,239.0,,,
SCN_008,619,20.6,false,false,,,,,,,0,0,20,LOST,317.0,243.0,,,
SCN_008,620,20.6333,false,false,,,,,,,0,0,21,LOST,324.0,253.0,,,
SCN_008,621,20.6667,false,false,,,,,,,0,0,22,LOST,334.0,255.0,,,
SCN_008,622,20.7,false,false,,,,,,,0,0,23,LOST,339.0,245.0,,,
SCN_008,623,20.7333,false,false,,,,,,,0,0,24,LOST,334.0,233.0,,,
SCN_008,624,20.7667,false,false,,,,,,,0,0,25,LOST,332.0,232.0,,,
SCN_008,625,20.8,false,false,,,,,,,0,0,26,LOST,329.0,239.0,,,
SCN_008,626,20.8333,false,false,,,,,,,0,0,27,LOST,322.0,248.0,,,
SCN_008,627,20.8667,false,false,,,,,,,0,0,28,LOST,319.0,249.0,,,
SCN_008,628,20.9,false,false,,,,,,,0,0,29,LOST,330.0,248.0,,,
SCN_008,629,20.9333,false,false,,,,,,,0,0,30,LOST,344.0,248.0,,,
SCN_008,630,20.9667,false,false,,,,,,,0,0,31,LOST,340.0,247.0,,,
SCN_008,631,21.0,false,false,,,,,,,0,0,32,LOST,326.0,242.0,,,
SCN_008,632,21.0333,false,false,,,,,,,0,0,33,LOST,316.0,233.0,,,
SCN_008,633,21.0667,false,false,,,,,,,0,0,34,LOST,322.0,233.0,,,
SCN_008,634,21.1,false,false,,,,,,,0,0,35,LOST,329.0,244.0,,,
SCN_008,635,21.1333,false,false,,,,,,,0,0,36,LOST,332.0,257.0,,,
SCN_008,636,21.1667,false,false,,,,,,,0,0,37,LOST,333.0,257.0,,,
SCN_008,637,21.2,false,false,,,,,,,0,0,38,LOST,334.0,248.0,,,
SCN_008,638,21.2333,false,false,,,,,,,0,0,39,LOST,330.0,241.0,,,
SCN_008,639,21.2667,false,false,,,,,,,0,0,40,LOST,318.0,237.0,,,
SCN_008,640,21.3,false,false,,,,,,,0,0,41,LOST,314.0,242.0,,,
SCN_008,641,21.3333,false,false,,,,,,,0,0,42,LOST,326.0,242.0,,,
SCN_008,642,21.3667,false,false,,,,,,,0,0,43,LOST,341.0,243.0,,,
SCN_008,643,21.4,false,false,,,,,,,0,0,44,LOST,336.0,248.0,,,
SCN_008,644,21.4333,false,false,,,,,,,0,0,45,LOST,323.0,256.0,,,
SCN_008,645,21.4667,false,false,,,,,,,0,0,46,LOST,319.0,257.0,,,
SCN_008,646,21.5,false,false,,,,,,,0,0,47,LOST,320.0,245.0,,,
SCN_008,647,21.5333,false,false,,,,,,,0,0,48,LOST,322.0,234.0,,,
SCN_008,648,21.5667,false,false,,,,,,,0,0,49,LOST,323.0,234.0,,,
SCN_008,649,21.6,false,false,,,,,,,0,0,50,LOST,331.0,245.0,,,
SCN_008,650,21.6333,false,false,,,,,,,0,0,51,LOST,336.0,252.0,,,
SCN_008,651,21.6667,false,false,,,,,,,0,0,52,LOST,328.0,254.0,,,
SCN_008,652,21.7,false,false,,,,,,,0,0,53,LOST,314.0,250.0,,,
SCN_008,653,21.7333,false,false,,,,,,,0,0,54,LOST,311.0,251.0,,,
SCN_008,654,21.7667,false,false,,,,,,,0,0,55,LOST,323.0,251.0,,,
SCN_008,655,21.8,false,false,,,,,,,0,0,56,LOST,334.0,245.0,,,
SCN_008,656,21.8333,false,false,,,,,,,0,0,57,LOST,331.0,236.0,,,
SCN_008,657,21.8667,false,false,,,,,,,0,0,58,LOST,324.0,238.0,,,
SCN_008,658,21.9,false,false,,,,,,,0,0,59,LOST,321.0,249.0,,,
SCN_008,659,21.9333,false,false,,,,,,,0,0,60,LOST,318.0,261.0,,,
SCN_008,660,21.9667,false,false,,,,,,,0,0,61,LOST,313.0,260.0,,,
SCN_008,661,22.0,true,true,318.0,250.0,318.0,250.0,0.0,0.0,1,1,0,ACQUIRING,317.0,249.0,1.0,1.0,1.4142135623730951
SCN_008,662,22.0333,true,true,331.0,243.0,331.0,243.0,390.0,-210.0,2,2,0,ACQUIRING,330.0,242.0,1.0,1.0,1.4142135623730951
SCN_008,663,22.0667,true,true,336.0,243.0,336.0,243.0,150.0,0.0,3,3,0,TRACKING,335.0,242.0,1.0,1.0,1.4142135623730951
SCN_008,664,22.1,true,true,328.0,245.0,328.0,245.0,-240.0,60.0,4,4,0,TRACKING,327.0,244.0,1.0,1.0,1.4142135623730951
SCN_008,665,22.1333,true,true,313.0,247.0,313.0,247.0,-450.0,60.0,5,5,0,TRACKING,312.0,246.0,1.0,1.0,1.4142135623730951
SCN_008,666,22.1667,true,true,310.0,247.0,310.0,247.0,-90.0,0.0,6,6,0,TRACKING,309.0,246.0,1.0,1.0,1.4142135623730951
SCN_008,667,22.2,true,true,321.0,254.0,321.0,254.0,330.0,210.0,7,7,0,TRACKING,320.0,253.0,1.0,1.0,1.4142135623730951
SCN_008,668,22.2333,true,true,327.0,261.0,327.0,261.0,180.0,210.0,8,8,0,TRACKING,326.0,260.0,1.0,1.0,1.4142135623730951
SCN_008,669,22.2667,true,true,326.0,260.0,326.0,260.0,-30.0,-30.0,9,9,0,TRACKING,325.0,259.0,1.0,1.0,1.4142135623730951
SCN_008,670,22.3,true,true,326.0,248.0,326.0,248.0,0.0,-360.0,10,10,0,TRACKING,325.0,247.0,1.0,1.0,1.4142135623730951
SCN_008,671,22.3333,true,true,324.0,238.0,324.0,238.0,-60.0,-300.0,11,11,0,TRACKING,323.0,237.0,1.0,1.0,1.4142135623730951
SCN_008,672,22.3667,true,true,319.0,242.0,319.0,242.0,-150.0,120.0,12,12,0,TRACKING,318.0,241.0,1.0,1.0,1.4142135623730951
SCN_008,673,22.4,true,true,308.0,251.0,308.0,251.0,-330.0,270.0,13,13,0,TRACKING,307.0,250.0,1.0,1.0,1.4142135623730951
SCN_008,674,22.4333,true,true,313.0,257.0,313.0,257.0,150.0,180.0,14,14,0,TRACKING,312.0,256.0,1.0,1.0,1.4142135623730951
SCN_008,675,22.4667,true,true,328.0,257.0,328.0,257.0,450.0,0.0,15,15,0,TRACKING,327.0,256.0,1.0,1.0,1.4142135623730951
SCN_008,676,22.5,true,true,336.0,254.0,336.0,254.0,240.0,-90.0,16,16,0,TRACKING,335.0,253.0,1.0,1.0,1.4142135623730951
SCN_008,677,22.5333,true,true,325.0,255.0,325.0,255.0,-330.0,30.0,17,17,0,TRACKING,324.0,254.0,1.0,1.0,1.4142135623730951
SCN_008,678,22.5667,true,true,312.0,254.0,312.0,254.0,-390.0,-30.0,18,18,0,TRACKING,311.0,253.0,1.0,1.0,1.4142135623730951
SCN_008,679,22.6,true,true,310.0,246.0,310.0,246.0,-60.0,-240.0,19,19,0,TRACKING,309.0,245.0,1.0,1.0,1.4142135623730951
SCN_008,680,22.6333,true,true,317.0,239.0,317.0,239.0,210.0,-210.0,20,20,0,TRACKING,316.0,238.0,1.0,1.0,1.4142135623730951
SCN_008,681,22.6667,true,true,321.0,243.0,321.0,243.0,120.0,120.0,21,21,0,TRACKING,320.0,242.0,1.0,1.0,1.4142135623730951
SCN_008,682,22.7,true,true,322.0,256.0,322.0,256.0,30.0,390.0,22,22,0,TRACKING,321.0,255.0,1.0,1.0,1.4142135623730951
SCN_008,683,22.7333,true,true,327.0,265.0,327.0,265.0,150.0,270.0,23,23,0,TRACKING,326.0,264.0,1.0,1.0,1.4142135623730951
SCN_008,684,22.7667,true,true,327.0,261.0,327.0,261.0,0.0,-120.0,24,24,0,TRACKING,326.0,260.0,1.0,1.0,1.4142135623730951
SCN_008,685,22.8,true,true,315.0,252.0,315.0,252.0,-360.0,-270.0,25,25,0,TRACKING,314.0,251.0,1.0,1.0,1.4142135623730951
SCN_008,686,22.8333,true,true,305.0,246.0,305.0,246.0,-300.0,-180.0,26,26,0,TRACKING,304.0,245.0,1.0,1.0,1.4142135623730951
SCN_008,687,22.8667,true,true,310.0,246.0,310.0,246.0,150.0,0.0,27,27,0,TRACKING,309.0,245.0,1.0,1.0,1.4142135623730951
SCN_008,688,22.9,true,true,325.0,249.0,325.0,249.0,450.0,90.0,28,28,0,TRACKING,324.0,248.0,1.0,1.0,1.4142135623730951
SCN_008,689,22.9333,true,true,330.0,248.0,330.0,248.0,150.0,-30.0,29,29,0,TRACKING,329.0,247.0,1.0,1.0,1.4142135623730951
SCN_008,690,22.9667,true,true,322.0,250.0,322.0,250.0,-240.0,60.0,30,30,0,TRACKING,321.0,249.0,1.0,1.0,1.4142135623730951
SCN_008,691,23.0,true,true,314.0,259.0,314.0,259.0,-240.0,270.0,31,31,0,TRACKING,313.0,258.0,1.0,1.0,1.4142135623730951
SCN_008,692,23.0333,true,true,311.0,264.0,311.0,264.0,-90.0,150.0,32,32,0,TRACKING,310.0,263.0,1.0,1.0,1.4142135623730951
SCN_008,693,23.0667,true,true,312.0,259.0,312.0,259.0,30.0,-150.0,33,33,0,TRACKING,311.0,258.0,1.0,1.0,1.4142135623730951
SCN_008,694,23.1,true,true,313.0,246.0,313.0,246.0,30.0,-390.0,34,34,0,TRACKING,312.0,245.0,1.0,1.0,1.4142135623730951
SCN_008,695,23.1333,true,true,317.0,237.0,317.0,237.0,120.0,-270.0,35,35,0,TRACKING,316.0,236.0,1.0,1.0,1.4142135623730951
SCN_008,696,23.1667,true,true,328.0,242.0,328.0,242.0,330.0,150.0,36,36,0,TRACKING,327.0,241.0,1.0,1.0,1.4142135623730951
SCN_008,697,23.2,true,true,327.0,253.0,327.0,253.0,-30.0,330.0,37,37,0,TRACKING,326.0,252.0,1.0,1.0,1.4142135623730951
SCN_008,698,23.2333,true,true,312.0,258.0,312.0,258.0,-450.0,150.0,38,38,0,TRACKING,311.0,257.0,1.0,1.0,1.4142135623730951
SCN_008,699,23.2667,true,true,301.0,258.0,301.0,258.0,-330.0,0.0,39,39,0,TRACKING,300.0,257.0,1.0,1.0,1.4142135623730951
SCN_008,700,23.3,true,true,306.0,255.0,306.0,255.0,150.0,-90.0,40,40,0,TRACKING,305.0,254.0,1.0,1.0,1.4142135623730951
SCN_008,701,23.3333,true,true,321.0,254.0,321.0,254.0,450.0,-30.0,41,41,0,TRACKING,320.0,253.0,1.0,1.0,1.4142135623730951
SCN_008,702,23.3667,true,true,324.0,253.0,324.0,253.0,90.0,-30.0,42,42,0,TRACKING,323.0,252.0,1.0,1.0,1.4142135623730951
SCN_008,703,23.4,true,true,318.0,244.0,318.0,244.0,-180.0,-270.0,43,43,0,TRACKING,317.0,243.0,1.0,1.0,1.4142135623730951
SCN_008,704,23.4333,true,true,316.0,239.0,316.0,239.0,-60.0,-150.0,44,44,0,TRACKING,315.0,238.0,1.0,1.0,1.4142135623730951
SCN_008,705,23.4667,true,true,312.0,244.0,312.0,244.0,-120.0,150.0,45,45,0,TRACKING,311.0,243.0,1.0,1.0,1.4142135623730951
SCN_008,706,23.5,true,true,307.0,258.0,307.0,258.0,-150.0,420.0,46,46,0,TRACKING,306.0,257.0,1.0,1.0,1.4142135623730951
SCN_008,707,23.5333,true,true,304.0,265.0,304.0,265.0,-90.0,210.0,47,47,0,TRACKING,303.0,264.0,1.0,1.0,1.4142135623730951
SCN_008,708,23.5667,true,true,312.0,259.0,312.0,259.0,240.0,-180.0,48,48,0,TRACKING,311.0,258.0,1.0,1.0,1.4142135623730951
SCN_008,709,23.6,true,true,323.0,247.0,323.0,247.0,330.0,-360.0,49,49,0,TRACKING,322.0,246.0,1.0,1.0,1.4142135623730951
SCN_008,710,23.6333,true,true,324.0,242.0,324.0,242.0,30.0,-150.0,50,50,0,TRACKING,323.0,241.0,1.0,1.0,1.4142135623730951
SCN_008,711,23.6667,true,true,309.0,245.0,309.0,245.0,-450.0,90.0,51,51,0,TRACKING,308.0,244.0,1.0,1.0,1.4142135623730951
SCN_008,712,23.7,true,true,299.0,246.0,299.0,246.0,-300.0,30.0,52,52,0,TRACKING,298.0,245.0,1.0,1.0,1.4142135623730951
SCN_008,713,23.7333,true,true,305.0,246.0,305.0,246.0,180.0,0.0,53,53,0,TRACKING,304.0,245.0,1.0,1.0,1.4142135623730951
SCN_008,714,23.7667,true,true,314.0,249.0,314.0,249.0,270.0,90.0,54,54,0,TRACKING,313.0,248.0,1.0,1.0,1.4142135623730951
SCN_008,715,23.8,true,true,317.0,257.0,317.0,257.0,90.0,240.0,55,55,0,TRACKING,316.0,256.0,1.0,1.0,1.4142135623730951
SCN_008,716,23.8333,true,true,315.0,261.0,315.0,261.0,-60.0,120.0,56,56,0,TRACKING,314.0,260.0,1.0,1.0,1.4142135623730951
SCN_008,717,23.8667,true,true,317.0,253.0,317.0,253.0,60.0,-240.0,57,57,0,TRACKING,316.0,252.0,1.0,1.0,1.4142135623730951
SCN_008,718,23.9,true,true,311.0,239.0,311.0,239.0,-180.0,-420.0,58,58,0,TRACKING,310.0,238.0,1.0,1.0,1.4142135623730951
SCN_008,719,23.9333,true,true,302.0,234.0,302.0,234.0,-270.0,-150.0,59,59,0,TRACKING,301.0,233.0,1.0,1.0,1.4142135623730951
SCN_008,720,23.9667,true,true,298.0,242.0,298.0,242.0,-120.0,240.0,60,60,0,TRACKING,297.0,241.0,1.0,1.0,1.4142135623730951
SCN_008,721,24.0,true,true,310.0,252.0,310.0,252.0,360.0,300.0,61,61,0,TRACKING,309.0,251.0,1.0,1.0,1.4142135623730951
SCN_008,722,24.0333,true,true,322.0,254.0,322.0,254.0,360.0,60.0,62,62,0,TRACKING,321.0,253.0,1.0,1.0,1.4142135623730951
SCN_008,723,24.0667,true,true,321.0,250.0,321.0,250.0,-30.0,-120.0,63,63,0,TRACKING,320.0,249.0,1.0,1.0,1.4142135623730951
SCN_008,724,24.1,true,true,308.0,250.0,308.0,250.0,-390.0,0.0,64,64,0,TRACKING,307.0,249.0,1.0,1.0,1.4142135623730951
SCN_008,725,24.1333,true,true,300.0,250.0,300.0,250.0,-240.0,0.0,65,65,0,TRACKING,299.0,249.0,1.0,1.0,1.4142135623730951
SCN_008,726,24.1667,true,true,302.0,244.0,302.0,244.0,60.0,-180.0,66,66,0,TRACKING,301.0,243.0,1.0,1.0,1.4142135623730951
SCN_008,727,24.2,true,true,306.0,237.0,306.0,237.0,120.0,-210.0,67,67,0,TRACKING,305.0,236.0,1.0,1.0,1.4142135623730951
SCN_008,728,24.2333,true,true,309.0,233.0,309.0,233.0,90.0,-120.0,68,68,0,TRACKING,308.0,232.0,1.0,1.0,1.4142135623730951
SCN_008,729,24.2667,true,true,314.0,243.0,314.0,243.0,150.0,300.0,69,69,0,TRACKING,313.0,242.0,1.0,1.0,1.4142135623730951
SCN_008,730,24.3,true,true,319.0,254.0,319.0,254.0,150.0,330.0,70,70,0,TRACKING,318.0,253.0,1.0,1.0,1.4142135623730951
SCN_008,731,24.3333,true,true,313.0,258.0,313.0,258.0,-180.0,120.0,71,71,0,TRACKING,312.0,257.0,1.0,1.0,1.4142135623730951
SCN_008,732,24.3667,true,true,298.0,250.0,298.0,250.0,-450.0,-240.0,72,72,0,TRACKING,297.0,249.0,1.0,1.0,1.4142135623730951
SCN_008,733,24.4,true,true,294.0,242.0,294.0,242.0,-120.0,-240.0,73,73,0,TRACKING,293.0,241.0,1.0,1.0,1.4142135623730951
SCN_008,734,24.4333,true,true,306.0,238.0,306.0,238.0,360.0,-120.0,74,74,0,TRACKING,305.0,237.0,1.0,1.0,1.4142135623730951
SCN_008,735,24.4667,true,true,319.0,240.0,319.0,240.0,390.0,60.0,75,75,0,TRACKING,318.0,239.0,1.0,1.0,1.4142135623730951
SCN_008,736,24.5,true,true,317.0,242.0,317.0,242.0,-60.0,60.0,76,76,0,TRACKING,316.0,241.0,1.0,1.0,1.4142135623730951
SCN_008,737,24.5333,true,true,308.0,239.0,308.0,239.0,-270.0,-90.0,77,77,0,TRACKING,307.0,238.0,1.0,1.0,1.4142135623730951
SCN_008,738,24.5667,true,true,305.0,244.0,305.0,244.0,-90.0,150.0,78,78,0,TRACKING,304.0,243.0,1.0,1.0,1.4142135623730951
SCN_008,739,24.6,true,true,303.0,254.0,303.0,254.0,-60.0,300.0,79,79,0,TRACKING,302.0,253.0,1.0,1.0,1.4142135623730951
SCN_008,740,24.6333,true,true,300.0,255.0,300.0,255.0,-90.0,30.0,80,80,0,TRACKING,299.0,254.0,1.0,1.0,1.4142135623730951
SCN_008,741,24.6667,true,true,303.0,245.0,303.0,245.0,90.0,-300.0,81,81,0,TRACKING,302.0,244.0,1.0,1.0,1.4142135623730951
SCN_008,742,24.7,true,true,314.0,233.0,314.0,233.0,330.0,-360.0,82,82,0,TRACKING,313.0,232.0,1.0,1.0,1.4142135623730951
SCN_008,743,24.7333,true,true,322.0,229.0,322.0,229.0,240.0,-120.0,83,83,0,TRACKING,321.0,228.0,1.0,1.0,1.4142135623730951
SCN_008,744,24.7667,true,true,313.0,239.0,313.0,239.0,-270.0,300.0,84,84,0,TRACKING,312.0,238.0,1.0,1.0,1.4142135623730951
SCN_008,745,24.8,true,true,298.0,247.0,298.0,247.0,-450.0,240.0,85,85,0,TRACKING,297.0,246.0,1.0,1.0,1.4142135623730951
SCN_008,746,24.8333,true,true,294.0,250.0,294.0,250.0,-120.0,90.0,86,86,0,TRACKING,293.0,249.0,1.0,1.0,1.4142135623730951
SCN_008,747,24.8667,true,true,305.0,246.0,305.0,246.0,330.0,-120.0,87,87,0,TRACKING,304.0,245.0,1.0,1.0,1.4142135623730951
SCN_008,748,24.9,true,true,315.0,244.0,315.0,244.0,300.0,-60.0,88,88,0,TRACKING,314.0,243.0,1.0,1.0,1.4142135623730951
SCN_008,749,24.9333,true,true,314.0,246.0,314.0,246.0,-30.0,60.0,89,89,0,TRACKING,313.0,245.0,1.0,1.0,1.4142135623730951
SCN_008,750,24.9667,true,true,311.0,240.0,311.0,240.0,-90.0,-180.0,90,90,0,TRACKING,310.0,239.0,1.0,1.0,1.4142135623730951
SCN_008,751,25.0,true,true,309.0,230.0,309.0,230.0,-60.0,-300.0,91,91,0,TRACKING,308.0,229.0,1.0,1.0,1.4142135623730951
SCN_008,752,25.0333,true,true,304.0,230.0,304.0,230.0,-150.0,0.0,92,92,0,TRACKING,303.0,229.0,1.0,1.0,1.4142135623730951
SCN_008,753,25.0667,true,true,297.0,239.0,297.0,239.0,-210.0,270.0,93,93,0,TRACKING,296.0,238.0,1.0,1.0,1.4142135623730951
SCN_008,754,25.1,true,true,299.0,251.0,299.0,251.0,60.0,360.0,94,94,0,TRACKING,298.0,250.0,1.0,1.0,1.4142135623730951
SCN_008,755,25.1333,true,true,315.0,253.0,315.0,253.0,480.0,60.0,95,95,0,TRACKING,314.0,252.0,1.0,1.0,1.4142135623730951
SCN_008,756,25.1667,true,true,323.0,244.0,323.0,244.0,240.0,-270.0,96,96,0,TRACKING,322.0,243.0,1.0,1.0,1.4142135623730951
SCN_008,757,25.2,true,true,314.0,235.0,314.0,235.0,-270.0,-270.0,97,97,0,TRACKING,313.0,234.0,1.0,1.0,1.4142135623730951
SCN_008,758,25.2333,true,true,300.0,233.0,300.0,233.0,-420.0,-60.0,98,98,0,TRACKING,299.0,232.0,1.0,1.0,1.4142135623730951
SCN_008,759,25.2667,true,true,297.0,235.0,297.0,235.0,-90.0,60.0,99,99,0,TRACKING,296.0,234.0,1.0,1.0,1.4142135623730951
SCN_008,760,25.3,true,true,306.0,234.0,306.0,234.0,270.0,-30.0,100,100,0,TRACKING,305.0,233.0,1.0,1.0,1.4142135623730951
SCN_008,761,25.3333,true,true,311.0,237.0,311.0,237.0,150.0,90.0,101,101,0,TRACKING,310.0,236.0,1.0,1.0,1.4142135623730951
SCN_008,762,25.3667,true,true,312.0,242.0,312.0,242.0,30.0,150.0,102,102,0,TRACKING,311.0,241.0,1.0,1.0,1.4142135623730951
SCN_008,763,25.4,true,true,317.0,249.0,317.0,249.0,150.0,210.0,103,103,0,TRACKING,316.0,248.0,1.0,1.0,1.4142135623730951
SCN_008,764,25.4333,true,true,314.0,249.0,314.0,249.0,-90.0,0.0,104,104,0,TRACKING,313.0,248.0,1.0,1.0,1.4142135623730951
SCN_008,765,25.4667,true,true,308.0,238.0,308.0,238.0,-180.0,-330.0,105,105,0,TRACKING,307.0,237.0,1.0,1.0,1.4142135623730951
SCN_008,766,25.5,true,true,296.0,226.0,296.0,226.0,-360.0,-360.0,106,106,0,TRACKING,295.0,225.0,1.0,1.0,1.4142135623730951
SCN_008,767,25.5333,true,true,300.0,225.0,300.0,225.0,120.0,-30.0,107,107,0,TRACKING,299.0,224.0,1.0,1.0,1.4142135623730951
SCN_008,768,25.5667,true,true,316.0,235.0,316.0,235.0,480.0,300.0,108,108,0,TRACKING,315.0,234.0,1.0,1.0,1.4142135623730951
SCN_008,769,25.6,true,true,324.0,243.0,324.0,243.0,240.0,240.0,109,109,0,TRACKING,323.0,242.0,1.0,1.0,1.4142135623730951
SCN_008,770,25.6333,true,true,315.0,243.0,315.0,243.0,-270.0,0.0,110,110,0,TRACKING,314.0,242.0,1.0,1.0,1.4142135623730951
SCN_008,771,25.6667,true,true,305.0,241.0,305.0,241.0,-300.0,-60.0,111,111,0,TRACKING,304.0,240.0,1.0,1.0,1.4142135623730951
SCN_008,772,25.7,true,true,302.0,239.0,302.0,239.0,-90.0,-60.0,112,112,0,TRACKING,301.0,238.0,1.0,1.0,1.4142135623730951
SCN_008,773,25.7333,true,true,306.0,240.0,306.0,240.0,120.0,30.0,113,113,0,TRACKING,305.0,239.0,1.0,1.0,1.4142135623730951
SCN_008,774,25.7667,true,true,307.0,232.0,307.0,232.0,30.0,-240.0,114,114,0,TRACKING,306.0,231.0,1.0,1.0,1.4142135623730951
SCN_008,775,25.8,true,true,311.0,225.0,311.0,225.0,120.0,-210.0,115,115,0,TRACKING,310.0,224.0,1.0,1.0,1.4142135623730951
SCN_008,776,25.8333,true,true,321.0,226.0,321.0,226.0,300.0,30.0,116,116,0,TRACKING,320.0,225.0,1.0,1.0,1.4142135623730951
SCN_008,777,25.8667,true,true,321.0,238.0,321.0,238.0,0.0,360.0,117,117,0,TRACKING,320.0,237.0,1.0,1.0,1.4142135623730951
SCN_008,778,25.9,true,true,309.0,247.0,309.0,247.0,-360.0,270.0,118,118,0,TRACKING,308.0,246.0,1.0,1.0,1.4142135623730951
SCN_008,779,25.9333,true,true,298.0,247.0,298.0,247.0,-330.0,0.0,119,119,0,TRACKING,297.0,246.0,1.0,1.0,1.4142135623730951
SCN_008,780,25.9667,true,true,302.0,237.0,302.0,237.0,120.0,-300.0,120,120,0,TRACKING,301.0,236.0,1.0,1.0,1.4142135623730951
SCN_008,781,26.0,true,true,316.0,228.0,316.0,228.0,420.0,-270.0,121,121,0,TRACKING,315.0,227.0,1.0,1.0,1.4142135623730951
SCN_008,782,26.0333,true,true,322.0,228.0,322.0,228.0,180.0,0.0,122,122,0,TRACKING,321.0,227.0,1.0,1.0,1.4142135623730951
SCN_008,783,26.0667,true,true,316.0,232.0,316.0,232.0,-180.0,120.0,123,123,0,TRACKING,315.0,231.0,1.0,1.0,1.4142135623730951
SCN_008,784,26.1,true,true,311.0,234.0,311.0,234.0,-150.0,60.0,124,124,0,TRACKING,310.0,233.0,1.0,1.0,1.4142135623730951
SCN_008,785,26.1333,true,true,310.0,231.0,310.0,231.0,-30.0,-90.0,125,125,0,TRACKING,309.0,230.0,1.0,1.0,1.4142135623730951
SCN_008,786,26.1667,true,true,307.0,239.0,307.0,239.0,-90.0,240.0,126,126,0,TRACKING,306.0,238.0,1.0,1.0,1.4142135623730951
SCN_008,787,26.2,true,true,303.0,247.0,303.0,247.0,-120.0,240.0,127,127,0,TRACKING,302.0,246.0,1.0,1.0,1.4142135623730951
SCN_008,788,26.2333,true,true,311.0,243.0,311.0,243.0,240.0,-120.0,128,128,0,TRACKING,310.0,242.0,1.0,1.0,1.4142135623730951
SCN_008,789,26.2667,true,true,324.0,232.0,324.0,232.0,390.0,-330.0,129,129,0,TRACKING,323.0,231.0,1.0,1.0,1.4142135623730951
SCN_008,790,26.3,true,true,327.0,222.0,327.0,222.0,90.0,-300.0,130,130,0,TRACKING,326.0,221.0,1.0,1.0,1.4142135623730951
SCN_008,791,26.3333,true,true,311.0,223.0,311.0,223.0,-480.0,30.0,131,131,0,TRACKING,310.0,222.0,1.0,1.0,1.4142135623730951
SCN_008,792,26.3667,true,true,300.0,235.0,300.0,235.0,-330.0,360.0,132,132,0,TRACKING,299.0,234.0,1.0,1.0,1.4142135623730951
SCN_008,793,26.4,true,true,305.0,240.0,305.0,240.0,150.0,150.0,133,133,0,TRACKING,304.0,239.0,1.0,1.0,1.4142135623730951
SCN_008,794,26.4333,true,true,316.0,240.0,316.0,240.0,330.0,0.0,134,134,0,TRACKING,315.0,239.0,1.0,1.0,1.4142135623730951
SCN_008,795,26.4667,true,true,319.0,237.0,319.0,237.0,90.0,-90.0,135,135,0,TRACKING,318.0,236.0,1.0,1.0,1.4142135623730951
SCN_008,796,26.5,true,true,320.0,237.0,320.0,237.0,30.0,0.0,136,136,0,TRACKING,319.0,236.0,1.0,1.0,1.4142135623730951
SCN_008,797,26.5333,true,true,320.0,236.0,320.0,236.0,0.0,-30.0,137,137,0,TRACKING,319.0,235.0,1.0,1.0,1.4142135623730951
SCN_008,798,26.5667,true,true,316.0,228.0,316.0,228.0,-120.0,-240.0,138,138,0,TRACKING,315.0,227.0,1.0,1.0,1.4142135623730951
SCN_008,799,26.6,true,true,306.0,221.0,306.0,221.0,-300.0,-210.0,139,139,0,TRACKING,305.0,220.0,1.0,1.0,1.4142135623730951
SCN_008,800,26.6333,true,true,302.0,223.0,302.0,223.0,-120.0,60.0,140,140,0,TRACKING,301.0,222.0,1.0,1.0,1.4142135623730951
SCN_008,801,26.6667,true,true,312.0,237.0,312.0,237.0,300.0,420.0,141,141,0,TRACKING,311.0,236.0,1.0,1.0,1.4142135623730951
SCN_008,802,26.7,true,true,326.0,246.0,326.0,246.0,420.0,270.0,142,142,0,TRACKING,325.0,245.0,1.0,1.0,1.4142135623730951
SCN_008,803,26.7333,true,true,329.0,244.0,329.0,244.0,90.0,-60.0,143,143,0,TRACKING,328.0,243.0,1.0,1.0,1.4142135623730951
SCN_008,804,26.7667,true,true,316.0,233.0,316.0,233.0,-390.0,-330.0,144,144,0,TRACKING,315.0,232.0,1.0,1.0,1.4142135623730951
SCN_008,805,26.8,true,true,306.0,226.0,306.0,226.0,-300.0,-210.0,145,145,0,TRACKING,305.0,225.0,1.0,1.0,1.4142135623730951
SCN_008,806,26.8333,true,true,310.0,228.0,310.0,228.0,120.0,60.0,146,146,0,TRACKING,309.0,227.0,1.0,1.0,1.4142135623730951
SCN_008,807,26.8667,true,true,315.0,228.0,315.0,228.0,150.0,0.0,147,147,0,TRACKING,314.0,227.0,1.0,1.0,1.4142135623730951
SCN_008,808,26.9,true,true,316.0,229.0,316.0,229.0,30.0,30.0,148,148,0,TRACKING,315.0,228.0,1.0,1.0,1.4142135623730951
SCN_008,809,26.9333,true,true,321.0,231.0,321.0,231.0,150.0,60.0,149,149,0,TRACKING,320.0,230.0,1.0,1.0,1.4142135623730951
SCN_008,810,26.9667,true,true,326.0,239.0,326.0,239.0,150.0,240.0,150,150,0,TRACKING,325.0,238.0,1.0,1.0,1.4142135623730951
SCN_008,811,27.0,true,true,324.0,246.0,324.0,246.0,-60.0,210.0,151,151,0,TRACKING,323.0,245.0,1.0,1.0,1.4142135623730951
SCN_008,812,27.0333,true,true,310.0,240.0,310.0,240.0,-420.0,-180.0,152,152,0,TRACKING,309.0,239.0,1.0,1.0,1.4142135623730951
SCN_008,813,27.0667,true,true,304.0,228.0,304.0,228.0,-180.0,-360.0,153,153,0,TRACKING,303.0,227.0,1.0,1.0,1.4142135623730951
SCN_008,814,27.1,true,true,316.0,219.0,316.0,219.0,360.0,-270.0,154,154,0,TRACKING,315.0,218.0,1.0,1.0,1.4142135623730951
SCN_008,815,27.1333,true,true,330.0,225.0,330.0,225.0,420.0,180.0,155,155,0,TRACKING,329.0,224.0,1.0,1.0,1.4142135623730951
SCN_008,816,27.1667,true,true,330.0,235.0,330.0,235.0,0.0,300.0,156,156,0,TRACKING,329.0,234.0,1.0,1.0,1.4142135623730951
SCN_008,817,27.2,true,true,319.0,240.0,319.0,240.0,-330.0,150.0,157,157,0,TRACKING,318.0,239.0,1.0,1.0,1.4142135623730951
SCN_008,818,27.2333,true,true,314.0,239.0,314.0,239.0,-150.0,-30.0,158,158,0,TRACKING,313.0,238.0,1.0,1.0,1.4142135623730951
SCN_008,819,27.2667,true,true,314.0,237.0,314.0,237.0,0.0,-60.0,159,159,0,TRACKING,313.0,236.0,1.0,1.0,1.4142135623730951
SCN_008,820,27.3,true,true,313.0,237.0,313.0,237.0,-30.0,0.0,160,160,0,TRACKING,312.0,236.0,1.0,1.0,1.4142135623730951
SCN_008,821,27.3333,true,true,316.0,234.0,316.0,234.0,90.0,-90.0,161,161,0,TRACKING,315.0,233.0,1.0,1.0,1.4142135623730951
SCN_008,822,27.3667,true,true,324.0,226.0,324.0,226.0,240.0,-240.0,162,162,0,TRACKING,323.0,225.0,1.0,1.0,1.4142135623730951
SCN_008,823,27.4,true,true,332.0,220.0,332.0,220.0,240.0,-180.0,163,163,0,TRACKING,331.0,219.0,1.0,1.0,1.4142135623730951
SCN_008,824,27.4333,true,true,326.0,226.0,326.0,226.0,-180.0,180.0,164,164,0,TRACKING,325.0,225.0,1.0,1.0,1.4142135623730951
SCN_008,825,27.4667,true,true,313.0,241.0,313.0,241.0,-390.0,450.0,165,165,0,TRACKING,312.0,240.0,1.0,1.0,1.4142135623730951
SCN_008,826,27.5,true,true,305.0,246.0,305.0,246.0,-240.0,150.0,166,166,0,TRACKING,304.0,245.0,1.0,1.0,1.4142135623730951
SCN_008,827,27.5333,true,true,317.0,240.0,317.0,240.0,360.0,-180.0,167,167,0,TRACKING,316.0,239.0,1.0,1.0,1.4142135623730951
SCN_008,828,27.5667,true,true,329.0,230.0,329.0,230.0,360.0,-300.0,168,168,0,TRACKING,328.0,229.0,1.0,1.0,1.4142135623730951
SCN_008,829,27.6,true,true,328.0,226.0,328.0,226.0,-30.0,-120.0,169,169,0,TRACKING,327.0,225.0,1.0,1.0,1.4142135623730951
SCN_008,830,27.6333,true,true,324.0,229.0,324.0,229.0,-120.0,90.0,170,170,0,TRACKING,323.0,228.0,1.0,1.0,1.4142135623730951
SCN_008,831,27.6667,true,true,323.0,230.0,323.0,230.0,-30.0,30.0,171,171,0,TRACKING,322.0,229.0,1.0,1.0,1.4142135623730951
SCN_008,832,27.7,true,true,319.0,229.0,319.0,229.0,-120.0,-30.0,172,172,0,TRACKING,318.0,228.0,1.0,1.0,1.4142135623730951
SCN_008,833,27.7333,true,true,313.0,233.0,313.0,233.0,-180.0,120.0,173,173,0,TRACKING,312.0,232.0,1.0,1.0,1.4142135623730951
SCN_008,834,27.7667,true,true,313.0,240.0,313.0,240.0,0.0,210.0,174,174,0,TRACKING,312.0,239.0,1.0,1.0,1.4142135623730951
SCN_008,835,27.8,true,true,326.0,245.0,326.0,245.0,390.0,150.0,175,175,0,TRACKING,325.0,244.0,1.0,1.0,1.4142135623730951
SCN_008,836,27.8333,true,true,337.0,238.0,337.0,238.0,330.0,-210.0,176,176,0,TRACKING,336.0,237.0,1.0,1.0,1.4142135623730951
SCN_008,837,27.8667,true,true,330.0,226.0,330.0,226.0,-210.0,-360.0,177,177,0,TRACKING,329.0,225.0,1.0,1.0,1.4142135623730951
SCN_008,838,27.9,true,true,315.0,220.0,315.0,220.0,-450.0,-180.0,178,178,0,TRACKING,314.0,219.0,1.0,1.0,1.4142135623730951
SCN_008,839,27.9333,true,true,311.0,227.0,311.0,227.0,-120.0,210.0,179,179,0,TRACKING,310.0,226.0,1.0,1.0,1.4142135623730951
SCN_008,840,27.9667,true,true,319.0,237.0,319.0,237.0,240.0,300.0,180,180,0,TRACKING,318.0,236.0,1.0,1.0,1.4142135623730951
SCN_008,841,28.0,true,true,328.0,242.0,328.0,242.0,270.0,150.0,181,181,0,TRACKING,327.0,241.0,1.0,1.0,1.4142135623730951
SCN_008,842,28.0333,true,true,328.0,238.0,328.0,238.0,0.0,-120.0,182,182,0,TRACKING,327.0,237.0,1.0,1.0,1.4142135623730951
SCN_008,843,28.0667,true,true,329.0,237.0,329.0,237.0,30.0,-30.0,183,183,0,TRACKING,328.0,236.0,1.0,1.0,1.4142135623730951
SCN_008,844,28.1,true,true,330.0,237.0,330.0,237.0,30.0,0.0,184,184,0,TRACKING,329.0,236.0,1.0,1.0,1.4142135623730951
SCN_008,845,28.1333,true,true,323.0,234.0,323.0,234.0,-210.0,-90.0,185,185,0,TRACKING,322.0,233.0,1.0,1.0,1.4142135623730951
SCN_008,846,28.1667,true,true,312.0,225.0,312.0,225.0,-330.0,-270.0,186,186,0,TRACKING,311.0,224.0,1.0,1.0,1.4142135623730951
SCN_008,847,28.2,true,true,314.0,222.0,314.0,222.0,60.0,-90.0,187,187,0,TRACKING,313.0,221.0,1.0,1.0,1.4142135623730951
SCN_008,848,28.2333,true,true,329.0,229.0,329.0,229.0,450.0,210.0,188,188,0,TRACKING,328.0,228.0,1.0,1.0,1.4142135623730951
SCN_008,849,28.2667,true,true,339.0,243.0,339.0,243.0,300.0,420.0,189,189,0,TRACKING,338.0,242.0,1.0,1.0,1.4142135623730951
SCN_008,850,28.3,true,true,332.0,249.0,332.0,249.0,-210.0,180.0,190,190,0,TRACKING,331.0,248.0,1.0,1.0,1.4142135623730951
SCN_008,851,28.3333,true,true,319.0,240.0,319.0,240.0,-390.0,-270.0,191,191,0,TRACKING,318.0,239.0,1.0,1.0,1.4142135623730951
SCN_008,852,28.3667,true,true,317.0,232.0,317.0,232.0,-60.0,-240.0,192,192,0,TRACKING,316.0,231.0,1.0,1.0,1.4142135623730951
SCN_008,853,28.4,true,true,321.0,225.0,321.0,225.0,120.0,-210.0,193,193,0,TRACKING,320.0,224.0,1.0,1.0,1.4142135623730951
SCN_008,854,28.4333,true,true,324.0,230.0,324.0,230.0,90.0,150.0,194,194,0,TRACKING,323.0,229.0,1.0,1.0,1.4142135623730951
SCN_008,855,28.4667,true,true,325.0,231.0,325.0,231.0,30.0,30.0,195,195,0,TRACKING,324.0,230.0,1.0,1.0,1.4142135623730951
SCN_008,856,28.5,true,true,334.0,232.0,334.0,232.0,270.0,30.0,196,196,0,TRACKING,333.0,231.0,1.0,1.0,1.4142135623730951
SCN_008,857,28.5333,true,true,337.0,236.0,337.0,236.0,90.0,120.0,197,197,0,TRACKING,336.0,235.0,1.0,1.0,1.4142135623730951
SCN_008,858,28.5667,true,true,325.0,244.0,325.0,244.0,-360.0,240.0,198,198,0,TRACKING,324.0,243.0,1.0,1.0,1.4142135623730951
SCN_008,859,28.6,true,true,312.0,249.0,312.0,249.0,-390.0,150.0,199,199,0,TRACKING,311.0,248.0,1.0,1.0,1.4142135623730951
SCN_008,860,28.6333,true,true,316.0,239.0,316.0,239.0,120.0,-300.0,200,200,0,TRACKING,315.0,238.0,1.0,1.0,1.4142135623730951
SCN_008,861,28.6667,true,true,331.0,226.0,331.0,226.0,450.0,-390.0,201,201,0,TRACKING,330.0,225.0,1.0,1.0,1.4142135623730951
SCN_008,862,28.7,true,true,338.0,221.0,338.0,221.0,210.0,-150.0,202,202,0,TRACKING,337.0,220.0,1.0,1.0,1.4142135623730951
SCN_008,863,28.7333,true,true,333.0,230.0,333.0,230.0,-150.0,270.0,203,203,0,TRACKING,332.0,229.0,1.0,1.0,1.4142135623730951
SCN_008,864,28.7667,true,true,326.0,240.0,326.0,240.0,-210.0,300.0,204,204,0,TRACKING,325.0,239.0,1.0,1.0,1.4142135623730951
SCN_008,865,28.8,true,true,325.0,243.0,325.0,243.0,-30.0,90.0,205,205,0,TRACKING,324.0,242.0,1.0,1.0,1.4142135623730951
SCN_008,866,28.8333,true,true,322.0,240.0,322.0,240.0,-90.0,-90.0,206,206,0,TRACKING,321.0,239.0,1.0,1.0,1.4142135623730951
SCN_008,867,28.8667,true,true,320.0,240.0,320.0,240.0,-60.0,0.0,207,207,0,TRACKING,319.0,239.0,1.0,1.0,1.4142135623730951
SCN_008,868,28.9,true,true,327.0,240.0,327.0,240.0,210.0,0.0,208,208,0,TRACKING,326.0,239.0,1.0,1.0,1.4142135623730951
SCN_008,869,28.9333,true,true,338.0,234.0,338.0,234.0,330.0,-180.0,209,209,0,TRACKING,337.0,233.0,1.0,1.0,1.4142135623730951
SCN_008,870,28.9667,true,true,342.0,227.0,342.0,227.0,120.0,-210.0,210,210,0,TRACKING,341.0,226.0,1.0,1.0,1.4142135623730951
SCN_008,871,29.0,true,true,329.0,224.0,329.0,224.0,-390.0,-90.0,211,211,0,TRACKING,328.0,223.0,1.0,1.0,1.4142135623730951
SCN_008,872,29.0333,true,true,317.0,235.0,317.0,235.0,-360.0,330.0,212,212,0,TRACKING,316.0,234.0,1.0,1.0,1.4142135623730951
SCN_008,873,29.0667,true,true,318.0,248.0,318.0,248.0,30.0,390.0,213,213,0,TRACKING,317.0,247.0,1.0,1.0,1.4142135623730951
SCN_008,874,29.1,true,true,332.0,250.0,332.0,250.0,420.0,60.0,214,214,0,TRACKING,331.0,249.0,1.0,1.0,1.4142135623730951
SCN_008,875,29.1333,true,true,336.0,242.0,336.0,242.0,120.0,-240.0,215,215,0,TRACKING,335.0,241.0,1.0,1.0,1.4142135623730951
SCN_008,876,29.1667,true,true,334.0,232.0,334.0,232.0,-60.0,-300.0,216,216,0,TRACKING,333.0,231.0,1.0,1.0,1.4142135623730951
SCN_008,877,29.2,true,true,333.0,232.0,333.0,232.0,-30.0,0.0,217,217,0,TRACKING,332.0,231.0,1.0,1.0,1.4142135623730951
SCN_008,878,29.2333,true,true,331.0,234.0,331.0,234.0,-60.0,60.0,218,218,0,TRACKING,330.0,233.0,1.0,1.0,1.4142135623730951
SCN_008,879,29.2667,true,true,324.0,236.0,324.0,236.0,-210.0,60.0,219,219,0,TRACKING,323.0,235.0,1.0,1.0,1.4142135623730951
SCN_008,880,29.3,true,true,319.0,236.0,319.0,236.0,-150.0,0.0,220,220,0,TRACKING,318.0,235.0,1.0,1.0,1.4142135623730951
SCN_008,881,29.3333,true,true,325.0,240.0,325.0,240.0,180.0,120.0,221,221,0,TRACKING,324.0,239.0,1.0,1.0,1.4142135623730951
SCN_008,882,29.3667,true,true,340.0,250.0,340.0,250.0,450.0,300.0,222,222,0,TRACKING,339.0,249.0,1.0,1.0,1.4142135623730951
SCN_008,883,29.4,true,true,343.0,250.0,343.0,250.0,90.0,0.0,223,223,0,TRACKING,342.0,249.0,1.0,1.0,1.4142135623730951
SCN_008,884,29.4333,true,true,331.0,240.0,331.0,240.0,-360.0,-300.0,224,224,0,TRACKING,330.0,239.0,1.0,1.0,1.4142135623730951
SCN_008,885,29.4667,true,true,321.0,229.0,321.0,229.0,-300.0,-330.0,225,225,0,TRACKING,320.0,228.0,1.0,1.0,1.4142135623730951
SCN_008,886,29.5,true,true,323.0,226.0,323.0,226.0,60.0,-90.0,226,226,0,TRACKING,322.0,225.0,1.0,1.0,1.4142135623730951
SCN_008,887,29.5333,true,true,330.0,236.0,330.0,236.0,210.0,300.0,227,227,0,TRACKING,329.0,235.0,1.0,1.0,1.4142135623730951
SCN_008,888,29.5667,true,true,332.0,245.0,332.0,245.0,60.0,270.0,228,228,0,TRACKING,331.0,244.0,1.0,1.0,1.4142135623730951
SCN_008,889,29.6,true,true,335.0,247.0,335.0,247.0,90.0,60.0,229,229,0,TRACKING,334.0,246.0,1.0,1.0,1.4142135623730951
SCN_008,890,29.6333,true,true,339.0,245.0,339.0,245.0,120.0,-60.0,230,230,0,TRACKING,338.0,244.0,1.0,1.0,1.4142135623730951
SCN_008,891,29.6667,true,true,336.0,244.0,336.0,244.0,-90.0,-30.0,231,231,0,TRACKING,335.0,243.0,1.0,1.0,1.4142135623730951
SCN_008,892,29.7,true,true,324.0,244.0,324.0,244.0,-360.0,0.0,232,232,0,TRACKING,323.0,243.0,1.0,1.0,1.4142135623730951
SCN_008,893,29.7333,true,true,317.0,237.0,317.0,237.0,-210.0,-210.0,233,233,0,TRACKING,316.0,236.0,1.0,1.0,1.4142135623730951
SCN_008,894,29.7667,true,true,326.0,230.0,326.0,230.0,270.0,-210.0,234,234,0,TRACKING,325.0,229.0,1.0,1.0,1.4142135623730951
SCN_008,895,29.8,true,true,340.0,231.0,340.0,231.0,420.0,30.0,235,235,0,TRACKING,339.0,230.0,1.0,1.0,1.4142135623730951
SCN_008,896,29.8333,true,true,342.0,243.0,342.0,243.0,60.0,360.0,236,236,0,TRACKING,341.0,242.0,1.0,1.0,1.4142135623730951
SCN_008,897,29.8667,true,true,332.0,252.0,332.0,252.0,-300.0,270.0,237,237,0,TRACKING,331.0,251.0,1.0,1.0,1.4142135623730951
SCN_008,898,29.9,true,true,324.0,253.0,324.0,253.0,-240.0,30.0,238,238,0,TRACKING,323.0,252.0,1.0,1.0,1.4142135623730951
SCN_008,899,29.9333,true,true,325.0,244.0,325.0,244.0,30.0,-270.0,239,239,0,TRACKING,324.0,243.0,1.0,1.0,1.4142135623730951
SCN_008,900,29.9667,true,true,326.0,236.0,326.0,236.0,30.0,-240.0,240,240,0,TRACKING,325.0,235.0,1.0,1.0,1.4142135623730951
