scenario_id,frame_id,timestamp,target_id,target_role,detected,detected_center_x,detected_center_y,tracked_x,tracked_y,velocity_x,velocity_y,track_age,consecutive_hits,consecutive_misses,tracking_status,gt_center_x,gt_center_y,tracking_error,selected_for_alignment
SCN_012,1,0.0,TGT_001,COMMUNICATION_TARGET,true,451.0,241.0,451.0,241.0,0.0,0.0,1,1,0,ACQUIRING,450.0,240.0,1.414,True
SCN_012,1,0.0,TGT_002,DECOY_TARGET,true,111.0,241.0,111.0,241.0,0.0,0.0,1,1,0,ACQUIRING,110.0,240.0,1.414,False
SCN_012,1,0.0,TGT_003,DECOY_TARGET,true,441.5,221.5,441.5,221.5,0.0,0.0,1,1,0,ACQUIRING,440.5,220.5,1.414,False
SCN_012,2,0.0333,TGT_001,COMMUNICATION_TARGET,true,451.0,242.0,451.0,242.0,0.0,30.0,2,2,0,ACQUIRING,450.0,241.0,1.414,True
SCN_012,2,0.0333,TGT_002,DECOY_TARGET,true,112.0,241.0,112.0,241.0,30.0,0.0,2,2,0,ACQUIRING,111.0,240.0,1.414,False
SCN_012,2,0.0333,TGT_003,DECOY_TARGET,true,441.5,221.5,441.5,221.5,0.0,0.0,2,2,0,ACQUIRING,440.5,220.5,1.414,False
SCN_012,3,0.0667,TGT_001,COMMUNICATION_TARGET,true,451.0,243.0,451.0,243.0,0.0,30.0,3,3,0,TRACKING,450.0,242.0,1.414,True
SCN_012,3,0.0667,TGT_002,DECOY_TARGET,true,112.0,241.0,112.0,241.0,0.0,0.0,3,3,0,TRACKING,111.0,240.0,1.414,False
SCN_012,3,0.0667,TGT_003,DECOY_TARGET,true,441.5,221.5,441.5,221.5,0.0,0.0,3,3,0,TRACKING,440.5,220.5,1.414,False
SCN_012,4,0.1,TGT_001,COMMUNICATION_TARGET,true,451.0,244.0,451.0,244.0,0.0,30.0,4,4,0,TRACKING,450.0,243.0,1.414,True
SCN_012,4,0.1,TGT_002,DECOY_TARGET,true,113.0,241.0,113.0,241.0,30.0,0.0,4,4,0,TRACKING,112.0,240.0,1.414,False
SCN_012,4,0.1,TGT_003,DECOY_TARGET,true,441.5,221.5,441.5,221.5,0.0,0.0,4,4,0,TRACKING,440.5,220.5,1.414,False
SCN_012,5,0.1333,TGT_001,COMMUNICATION_TARGET,true,451.0,245.0,451.0,245.0,0.0,30.0,5,5,0,TRACKING,450.0,244.0,1.414,True
SCN_012,5,0.1333,TGT_002,DECOY_TARGET,true,114.0,241.0,114.0,241.0,30.0,0.0,5,5,0,TRACKING,113.0,240.0,1.414,False
SCN_012,5,0.1333,TGT_003,DECOY_TARGET,true,441.5,221.5,441.5,221.5,0.0,0.0,5,5,0,TRACKING,440.5,220.5,1.414,False
SCN_012,6,0.1667,TGT_001,COMMUNICATION_TARGET,true,451.0,246.0,451.0,246.0,0.0,30.0,6,6,0,TRACKING,450.0,245.0,1.414,True
SCN_012,6,0.1667,TGT_002,DECOY_TARGET,true,114.0,241.0,114.0,241.0,0.0,0.0,6,6,0,TRACKING,113.0,240.0,1.414,False
SCN_012,6,0.1667,TGT_003,DECOY_TARGET,true,441.5,221.5,441.5,221.5,0.0,0.0,6,6,0,TRACKING,440.5,220.5,1.414,False
SCN_012,7,0.2,TGT_001,COMMUNICATION_TARGET,true,451.0,247.0,451.0,247.0,0.0,30.0,7,7,0,TRACKING,450.0,246.0,1.414,True
SCN_012,7,0.2,TGT_002,DECOY_TARGET,true,115.0,241.0,115.0,241.0,30.0,0.0,7,7,0,TRACKING,114.0,240.0,1.414,False
SCN_012,7,0.2,TGT_003,DECOY_TARGET,true,441.5,221.5,441.5,221.5,0.0,0.0,7,7,0,TRACKING,440.5,220.5,1.414,False
SCN_012,8,0.2333,TGT_001,COMMUNICATION_TARGET,true,451.0,248.0,451.0,248.0,0.0,30.0,8,8,0,TRACKING,450.0,247.0,1.414,True
SCN_012,8,0.2333,TGT_002,DECOY_TARGET,true,116.0,241.0,116.0,241.0,30.0,0.0,8,8,0,TRACKING,115.0,240.0,1.414,False
SCN_012,8,0.2333,TGT_003,DECOY_TARGET,true,441.5,221.5,441.5,221.5,0.0,0.0,8,8,0,TRACKING,440.5,220.5,1.414,False
SCN_012,9,0.2667,TGT_001,COMMUNICATION_TARGET,true,451.0,249.0,451.0,249.0,0.0,30.0,9,9,0,TRACKING,450.0,248.0,1.414,True
SCN_012,9,0.2667,TGT_002,DECOY_TARGET,true,116.0,241.0,116.0,241.0,0.0,0.0,9,9,0,TRACKING,115.0,240.0,1.414,False
SCN_012,9,0.2667,TGT_003,DECOY_TARGET,true,441.5,221.5,441.5,221.5,0.0,0.0,9,9,0,TRACKING,440.5,220.5,1.414,False
SCN_012,10,0.3,TGT_001,COMMUNICATION_TARGET,true,451.0,250.0,451.0,250.0,0.0,30.0,10,10,0,TRACKING,450.0,249.0,1.414,True
SCN_012,10,0.3,TGT_002,DECOY_TARGET,true,117.0,242.0,117.0,242.0,30.0,30.0,10,10,0,TRACKING,116.0,241.0,1.414,False
SCN_012,10,0.3,TGT_003,DECOY_TARGET,true,441.5,221.5,441.5,221.5,0.0,0.0,10,10,0,TRACKING,440.5,220.5,1.414,False
SCN_012,11,0.3333,TGT_001,COMMUNICATION_TARGET,true,451.0,251.0,451.0,251.0,0.0,30.0,11,11,0,TRACKING,450.0,250.0,1.414,True
SCN_012,11,0.3333,TGT_002,DECOY_TARGET,true,118.0,242.0,118.0,242.0,30.0,0.0,11,11,0,TRACKING,117.0,241.0,1.414,False
SCN_012,11,0.3333,TGT_003,DECOY_TARGET,true,441.5,221.5,441.5,221.5,0.0,0.0,11,11,0,TRACKING,440.5,220.5,1.414,False
SCN_012,12,0.3667,TGT_001,COMMUNICATION_TARGET,true,451.0,252.0,451.0,252.0,0.0,30.0,12,12,0,TRACKING,450.0,251.0,1.414,True
SCN_012,12,0.3667,TGT_002,DECOY_TARGET,true,118.0,242.0,118.0,242.0,0.0,0.0,12,12,0,TRACKING,117.0,241.0,1.414,False
SCN_012,12,0.3667,TGT_003,DECOY_TARGET,true,441.5,221.5,441.5,221.5,0.0,0.0,12,12,0,TRACKING,440.5,220.5,1.414,False
SCN_012,13,0.4,TGT_001,COMMUNICATION_TARGET,true,450.0,253.0,450.0,253.0,-30.0,30.0,13,13,0,TRACKING,449.0,252.0,1.414,True
SCN_012,13,0.4,TGT_002,DECOY_TARGET,true,119.0,242.0,119.0,242.0,30.0,0.0,13,13,0,TRACKING,118.0,241.0,1.414,False
SCN_012,13,0.4,TGT_003,DECOY_TARGET,true,441.5,221.5,441.5,221.5,0.0,0.0,13,13,0,TRACKING,440.5,220.5,1.414,False
SCN_012,14,0.4333,TGT_001,COMMUNICATION_TARGET,true,450.0,254.0,450.0,254.0,0.0,30.0,14,14,0,TRACKING,449.0,253.0,1.414,True
SCN_012,14,0.4333,TGT_002,DECOY_TARGET,true,120.0,242.0,120.0,242.0,30.0,0.0,14,14,0,TRACKING,119.0,241.0,1.414,False
SCN_012,14,0.4333,TGT_003,DECOY_TARGET,true,441.5,221.5,441.5,221.5,0.0,0.0,14,14,0,TRACKING,440.5,220.5,1.414,False
SCN_012,15,0.4667,TGT_001,COMMUNICATION_TARGET,true,450.0,255.0,450.0,255.0,0.0,30.0,15,15,0,TRACKING,449.0,254.0,1.414,True
SCN_012,15,0.4667,TGT_002,DECOY_TARGET,true,120.0,242.0,120.0,242.0,0.0,0.0,15,15,0,TRACKING,119.0,241.0,1.414,False
SCN_012,15,0.4667,TGT_003,DECOY_TARGET,true,442.5,221.5,442.5,221.5,30.0,0.0,15,15,0,TRACKING,441.5,220.5,1.414,False
SCN_012,16,0.5,TGT_001,COMMUNICATION_TARGET,true,450.0,256.0,450.0,256.0,0.0,30.0,16,16,0,TRACKING,449.0,255.0,1.414,True
SCN_012,16,0.5,TGT_002,DECOY_TARGET,true,121.0,242.0,121.0,242.0,30.0,0.0,16,16,0,TRACKING,120.0,241.0,1.414,False
SCN_012,16,0.5,TGT_003,DECOY_TARGET,true,442.5,221.5,442.5,221.5,0.0,0.0,16,16,0,TRACKING,441.5,220.5,1.414,False
SCN_012,17,0.5333,TGT_001,COMMUNICATION_TARGET,true,450.0,257.0,450.0,257.0,0.0,30.0,17,17,0,TRACKING,449.0,256.0,1.414,True
SCN_012,17,0.5333,TGT_002,DECOY_TARGET,true,122.0,242.0,122.0,242.0,30.0,0.0,17,17,0,TRACKING,121.0,241.0,1.414,False
SCN_012,17,0.5333,TGT_003,DECOY_TARGET,true,442.5,221.5,442.5,221.5,0.0,0.0,17,17,0,TRACKING,441.5,220.5,1.414,False
SCN_012,18,0.5667,TGT_001,COMMUNICATION_TARGET,true,450.0,258.0,450.0,258.0,0.0,30.0,18,18,0,TRACKING,449.0,257.0,1.414,True
SCN_012,18,0.5667,TGT_002,DECOY_TARGET,true,122.0,242.0,122.0,242.0,0.0,0.0,18,18,0,TRACKING,121.0,241.0,1.414,False
SCN_012,18,0.5667,TGT_003,DECOY_TARGET,true,442.5,221.5,442.5,221.5,0.0,0.0,18,18,0,TRACKING,441.5,220.5,1.414,False
SCN_012,19,0.6,TGT_001,COMMUNICATION_TARGET,true,450.0,259.0,450.0,259.0,0.0,30.0,19,19,0,TRACKING,449.0,258.0,1.414,True
SCN_012,19,0.6,TGT_002,DECOY_TARGET,true,123.0,242.0,123.0,242.0,30.0,0.0,19,19,0,TRACKING,122.0,241.0,1.414,False
SCN_012,19,0.6,TGT_003,DECOY_TARGET,true,442.5,221.5,442.5,221.5,0.0,0.0,19,19,0,TRACKING,441.5,220.5,1.414,False
SCN_012,20,0.6333,TGT_001,COMMUNICATION_TARGET,true,450.0,260.0,450.0,260.0,0.0,30.0,20,20,0,TRACKING,449.0,259.0,1.414,True
SCN_012,20,0.6333,TGT_002,DECOY_TARGET,true,124.0,242.0,124.0,242.0,30.0,0.0,20,20,0,TRACKING,123.0,241.0,1.414,False
SCN_012,20,0.6333,TGT_003,DECOY_TARGET,true,442.5,222.5,442.5,222.5,0.0,30.0,20,20,0,TRACKING,441.5,221.5,1.414,False
SCN_012,21,0.6667,TGT_001,COMMUNICATION_TARGET,true,449.0,261.0,449.0,261.0,-30.0,30.0,21,21,0,TRACKING,448.0,260.0,1.414,True
SCN_012,21,0.6667,TGT_002,DECOY_TARGET,true,124.0,242.0,124.0,242.0,0.0,0.0,21,21,0,TRACKING,123.0,241.0,1.414,False
SCN_012,21,0.6667,TGT_003,DECOY_TARGET,true,442.5,222.5,442.5,222.5,0.0,0.0,21,21,0,TRACKING,441.5,221.5,1.414,False
SCN_012,22,0.7,TGT_001,COMMUNICATION_TARGET,true,449.0,262.0,449.0,262.0,0.0,30.0,22,22,0,TRACKING,448.0,261.0,1.414,True
SCN_012,22,0.7,TGT_002,DECOY_TARGET,true,125.0,242.0,125.0,242.0,30.0,0.0,22,22,0,TRACKING,124.0,241.0,1.414,False
SCN_012,22,0.7,TGT_003,DECOY_TARGET,true,442.5,222.5,442.5,222.5,0.0,0.0,22,22,0,TRACKING,441.5,221.5,1.414,False
SCN_012,23,0.7333,TGT_001,COMMUNICATION_TARGET,true,449.0,263.0,449.0,263.0,0.0,30.0,23,23,0,TRACKING,448.0,262.0,1.414,True
SCN_012,23,0.7333,TGT_002,DECOY_TARGET,true,126.0,242.0,126.0,242.0,30.0,0.0,23,23,0,TRACKING,125.0,241.0,1.414,False
SCN_012,23,0.7333,TGT_003,DECOY_TARGET,true,442.5,222.5,442.5,222.5,0.0,0.0,23,23,0,TRACKING,441.5,221.5,1.414,False
SCN_012,24,0.7667,TGT_001,COMMUNICATION_TARGET,true,449.0,264.0,449.0,264.0,0.0,30.0,24,24,0,TRACKING,448.0,263.0,1.414,True
SCN_012,24,0.7667,TGT_002,DECOY_TARGET,true,126.0,242.0,126.0,242.0,0.0,0.0,24,24,0,TRACKING,125.0,241.0,1.414,False
SCN_012,24,0.7667,TGT_003,DECOY_TARGET,true,442.5,222.5,442.5,222.5,0.0,0.0,24,24,0,TRACKING,441.5,221.5,1.414,False
SCN_012,25,0.8,TGT_001,COMMUNICATION_TARGET,true,449.0,265.0,449.0,265.0,0.0,30.0,25,25,0,TRACKING,448.0,264.0,1.414,True
SCN_012,25,0.8,TGT_002,DECOY_TARGET,true,127.0,242.0,127.0,242.0,30.0,0.0,25,25,0,TRACKING,126.0,241.0,1.414,False
SCN_012,25,0.8,TGT_003,DECOY_TARGET,true,442.5,222.5,442.5,222.5,0.0,0.0,25,25,0,TRACKING,441.5,221.5,1.414,False
SCN_012,26,0.8333,TGT_001,COMMUNICATION_TARGET,true,449.0,266.0,449.0,266.0,0.0,30.0,26,26,0,TRACKING,448.0,265.0,1.414,True
SCN_012,26,0.8333,TGT_002,DECOY_TARGET,true,128.0,242.0,128.0,242.0,30.0,0.0,26,26,0,TRACKING,127.0,241.0,1.414,False
SCN_012,26,0.8333,TGT_003,DECOY_TARGET,true,442.5,222.5,442.5,222.5,0.0,0.0,26,26,0,TRACKING,441.5,221.5,1.414,False
SCN_012,27,0.8667,TGT_001,COMMUNICATION_TARGET,true,448.0,267.0,448.0,267.0,-30.0,30.0,27,27,0,TRACKING,447.0,266.0,1.414,True
SCN_012,27,0.8667,TGT_002,DECOY_TARGET,true,128.0,243.0,128.0,243.0,0.0,30.0,27,27,0,TRACKING,127.0,242.0,1.414,False
SCN_012,27,0.8667,TGT_003,DECOY_TARGET,true,442.5,222.5,442.5,222.5,0.0,0.0,27,27,0,TRACKING,441.5,221.5,1.414,False
SCN_012,28,0.9,TGT_001,COMMUNICATION_TARGET,true,448.0,268.0,448.0,268.0,0.0,30.0,28,28,0,TRACKING,447.0,267.0,1.414,True
SCN_012,28,0.9,TGT_002,DECOY_TARGET,true,129.0,243.0,129.0,243.0,30.0,0.0,28,28,0,TRACKING,128.0,242.0,1.414,False
SCN_012,28,0.9,TGT_003,DECOY_TARGET,true,442.5,222.5,442.5,222.5,0.0,0.0,28,28,0,TRACKING,441.5,221.5,1.414,False
SCN_012,29,0.9333,TGT_001,COMMUNICATION_TARGET,true,448.0,269.0,448.0,269.0,0.0,30.0,29,29,0,TRACKING,447.0,268.0,1.414,True
SCN_012,29,0.9333,TGT_002,DECOY_TARGET,true,130.0,243.0,130.0,243.0,30.0,0.0,29,29,0,TRACKING,129.0,242.0,1.414,False
SCN_012,29,0.9333,TGT_003,DECOY_TARGET,true,442.5,222.5,442.5,222.5,0.0,0.0,29,29,0,TRACKING,441.5,221.5,1.414,False
SCN_012,30,0.9667,TGT_001,COMMUNICATION_TARGET,true,448.0,270.0,448.0,270.0,0.0,30.0,30,30,0,TRACKING,447.0,269.0,1.414,True
SCN_012,30,0.9667,TGT_002,DECOY_TARGET,true,130.0,243.0,130.0,243.0,0.0,0.0,30,30,0,TRACKING,129.0,242.0,1.414,False
SCN_012,30,0.9667,TGT_003,DECOY_TARGET,true,442.5,222.5,442.5,222.5,0.0,0.0,30,30,0,TRACKING,441.5,221.5,1.414,False
SCN_012,31,1.0,TGT_001,COMMUNICATION_TARGET,true,448.0,271.0,448.0,271.0,0.0,30.0,31,31,0,TRACKING,447.0,270.0,1.414,True
SCN_012,31,1.0,TGT_002,DECOY_TARGET,true,131.0,243.0,131.0,243.0,30.0,0.0,31,31,0,TRACKING,130.0,242.0,1.414,False
SCN_012,31,1.0,TGT_003,DECOY_TARGET,true,442.5,222.5,442.5,222.5,0.0,0.0,31,31,0,TRACKING,441.5,221.5,1.414,False
SCN_012,32,1.0333,TGT_001,COMMUNICATION_TARGET,true,447.0,272.0,447.0,272.0,-30.0,30.0,32,32,0,TRACKING,446.0,271.0,1.414,True
SCN_012,32,1.0333,TGT_002,DECOY_TARGET,true,132.0,243.0,132.0,243.0,30.0,0.0,32,32,0,TRACKING,131.0,242.0,1.414,False
SCN_012,32,1.0333,TGT_003,DECOY_TARGET,true,442.5,222.5,442.5,222.5,0.0,0.0,32,32,0,TRACKING,441.5,221.5,1.414,False
SCN_012,33,1.0667,TGT_001,COMMUNICATION_TARGET,true,447.0,273.0,447.0,273.0,0.0,30.0,33,33,0,TRACKING,446.0,272.0,1.414,True
SCN_012,33,1.0667,TGT_002,DECOY_TARGET,true,132.0,243.0,132.0,243.0,0.0,0.0,33,33,0,TRACKING,131.0,242.0,1.414,False
SCN_012,33,1.0667,TGT_003,DECOY_TARGET,true,442.5,222.5,442.5,222.5,0.0,0.0,33,33,0,TRACKING,441.5,221.5,1.414,False
SCN_012,34,1.1,TGT_001,COMMUNICATION_TARGET,true,447.0,274.0,447.0,274.0,0.0,30.0,34,34,0,TRACKING,446.0,273.0,1.414,True
SCN_012,34,1.1,TGT_002,DECOY_TARGET,true,133.0,243.0,133.0,243.0,30.0,0.0,34,34,0,TRACKING,132.0,242.0,1.414,False
SCN_012,34,1.1,TGT_003,DECOY_TARGET,true,442.5,222.5,442.5,222.5,0.0,0.0,34,34,0,TRACKING,441.5,221.5,1.414,False
SCN_012,35,1.1333,TGT_001,COMMUNICATION_TARGET,true,447.0,275.0,447.0,275.0,0.0,30.0,35,35,0,TRACKING,446.0,274.0,1.414,True
SCN_012,35,1.1333,TGT_002,DECOY_TARGET,true,134.0,243.0,134.0,243.0,30.0,0.0,35,35,0,TRACKING,133.0,242.0,1.414,False
SCN_012,35,1.1333,TGT_003,DECOY_TARGET,true,442.5,222.5,442.5,222.5,0.0,0.0,35,35,0,TRACKING,441.5,221.5,1.414,False
SCN_012,36,1.1667,TGT_001,COMMUNICATION_TARGET,true,446.0,276.0,446.0,276.0,-30.0,30.0,36,36,0,TRACKING,445.0,275.0,1.414,True
SCN_012,36,1.1667,TGT_002,DECOY_TARGET,true,134.0,243.0,134.0,243.0,0.0,0.0,36,36,0,TRACKING,133.0,242.0,1.414,False
SCN_012,36,1.1667,TGT_003,DECOY_TARGET,true,442.5,221.5,442.5,221.5,0.0,-30.0,36,36,0,TRACKING,441.5,220.5,1.414,False
SCN_012,37,1.2,TGT_001,COMMUNICATION_TARGET,true,446.0,277.0,446.0,277.0,0.0,30.0,37,37,0,TRACKING,445.0,276.0,1.414,True
SCN_012,37,1.2,TGT_002,DECOY_TARGET,true,135.0,243.0,135.0,243.0,30.0,0.0,37,37,0,TRACKING,134.0,242.0,1.414,False
SCN_012,37,1.2,TGT_003,DECOY_TARGET,true,442.5,221.5,442.5,221.5,0.0,0.0,37,37,0,TRACKING,441.5,220.5,1.414,False
SCN_012,38,1.2333,TGT_001,COMMUNICATION_TARGET,true,446.0,278.0,446.0,278.0,0.0,30.0,38,38,0,TRACKING,445.0,277.0,1.414,True
SCN_012,38,1.2333,TGT_002,DECOY_TARGET,true,136.0,243.0,136.0,243.0,30.0,0.0,38,38,0,TRACKING,135.0,242.0,1.414,False
SCN_012,38,1.2333,TGT_003,DECOY_TARGET,true,442.5,221.5,442.5,221.5,0.0,0.0,38,38,0,TRACKING,441.5,220.5,1.414,False
SCN_012,39,1.2667,TGT_001,COMMUNICATION_TARGET,true,445.0,278.0,445.0,278.0,-30.0,0.0,39,39,0,TRACKING,444.0,277.0,1.414,True
SCN_012,39,1.2667,TGT_002,DECOY_TARGET,true,136.0,243.0,136.0,243.0,0.0,0.0,39,39,0,TRACKING,135.0,242.0,1.414,False
SCN_012,39,1.2667,TGT_003,DECOY_TARGET,true,442.5,221.5,442.5,221.5,0.0,0.0,39,39,0,TRACKING,441.5,220.5,1.414,False
SCN_012,40,1.3,TGT_001,COMMUNICATION_TARGET,true,445.0,279.0,445.0,279.0,0.0,30.0,40,40,0,TRACKING,444.0,278.0,1.414,True
SCN_012,40,1.3,TGT_002,DECOY_TARGET,true,137.0,243.0,137.0,243.0,30.0,0.0,40,40,0,TRACKING,136.0,242.0,1.414,False
SCN_012,40,1.3,TGT_003,DECOY_TARGET,true,442.5,221.5,442.5,221.5,0.0,0.0,40,40,0,TRACKING,441.5,220.5,1.414,False
SCN_012,41,1.3333,TGT_001,COMMUNICATION_TARGET,true,445.0,280.0,445.0,280.0,0.0,30.0,41,41,0,TRACKING,444.0,279.0,1.414,True
SCN_012,41,1.3333,TGT_002,DECOY_TARGET,true,138.0,243.0,138.0,243.0,30.0,0.0,41,41,0,TRACKING,137.0,242.0,1.414,False
SCN_012,41,1.3333,TGT_003,DECOY_TARGET,true,442.5,221.5,442.5,221.5,0.0,0.0,41,41,0,TRACKING,441.5,220.5,1.414,False
SCN_012,42,1.3667,TGT_001,COMMUNICATION_TARGET,true,445.0,281.0,445.0,281.0,0.0,30.0,42,42,0,TRACKING,444.0,280.0,1.414,True
SCN_012,42,1.3667,TGT_002,DECOY_TARGET,true,138.0,243.0,138.0,243.0,0.0,0.0,42,42,0,TRACKING,137.0,242.0,1.414,False
SCN_012,42,1.3667,TGT_003,DECOY_TARGET,true,442.5,221.5,442.5,221.5,0.0,0.0,42,42,0,TRACKING,441.5,220.5,1.414,False
SCN_012,43,1.4,TGT_001,COMMUNICATION_TARGET,true,444.0,282.0,444.0,282.0,-30.0,30.0,43,43,0,TRACKING,443.0,281.0,1.414,True
SCN_012,43,1.4,TGT_002,DECOY_TARGET,true,139.0,243.0,139.0,243.0,30.0,0.0,43,43,0,TRACKING,138.0,242.0,1.414,False
SCN_012,43,1.4,TGT_003,DECOY_TARGET,true,442.5,221.5,442.5,221.5,0.0,0.0,43,43,0,TRACKING,441.5,220.5,1.414,False
SCN_012,44,1.4333,TGT_001,COMMUNICATION_TARGET,true,444.0,283.0,444.0,283.0,0.0,30.0,44,44,0,TRACKING,443.0,282.0,1.414,True
SCN_012,44,1.4333,TGT_002,DECOY_TARGET,true,140.0,243.0,140.0,243.0,30.0,0.0,44,44,0,TRACKING,139.0,242.0,1.414,False
SCN_012,44,1.4333,TGT_003,DECOY_TARGET,true,442.5,221.5,442.5,221.5,0.0,0.0,44,44,0,TRACKING,441.5,220.5,1.414,False
SCN_012,45,1.4667,TGT_001,COMMUNICATION_TARGET,true,444.0,284.0,444.0,284.0,0.0,30.0,45,45,0,TRACKING,443.0,283.0,1.414,True
SCN_012,45,1.4667,TGT_002,DECOY_TARGET,true,140.0,244.0,140.0,244.0,0.0,30.0,45,45,0,TRACKING,139.0,243.0,1.414,False
SCN_012,45,1.4667,TGT_003,DECOY_TARGET,true,442.5,221.5,442.5,221.5,0.0,0.0,45,45,0,TRACKING,441.5,220.5,1.414,False
SCN_012,46,1.5,TGT_001,COMMUNICATION_TARGET,true,443.0,285.0,443.0,285.0,-30.0,30.0,46,46,0,TRACKING,442.0,284.0,1.414,True
SCN_012,46,1.5,TGT_002,DECOY_TARGET,true,141.0,244.0,141.0,244.0,30.0,0.0,46,46,0,TRACKING,140.0,243.0,1.414,False
SCN_012,46,1.5,TGT_003,DECOY_TARGET,true,442.5,221.5,442.5,221.5,0.0,0.0,46,46,0,TRACKING,441.5,220.5,1.414,False
SCN_012,47,1.5333,TGT_001,COMMUNICATION_TARGET,true,443.0,286.0,443.0,286.0,0.0,30.0,47,47,0,TRACKING,442.0,285.0,1.414,True
SCN_012,47,1.5333,TGT_002,DECOY_TARGET,true,142.0,244.0,142.0,244.0,30.0,0.0,47,47,0,TRACKING,141.0,243.0,1.414,False
SCN_012,47,1.5333,TGT_003,DECOY_TARGET,true,442.5,221.5,442.5,221.5,0.0,0.0,47,47,0,TRACKING,441.5,220.5,1.414,False
SCN_012,48,1.5667,TGT_001,COMMUNICATION_TARGET,true,443.0,287.0,443.0,287.0,0.0,30.0,48,48,0,TRACKING,442.0,286.0,1.414,True
SCN_012,48,1.5667,TGT_002,DECOY_TARGET,true,142.0,244.0,142.0,244.0,0.0,0.0,48,48,0,TRACKING,141.0,243.0,1.414,False
SCN_012,48,1.5667,TGT_003,DECOY_TARGET,true,442.5,221.5,442.5,221.5,0.0,0.0,48,48,0,TRACKING,441.5,220.5,1.414,False
SCN_012,49,1.6,TGT_001,COMMUNICATION_TARGET,true,442.0,288.0,442.0,288.0,-30.0,30.0,49,49,0,TRACKING,441.0,287.0,1.414,True
SCN_012,49,1.6,TGT_002,DECOY_TARGET,true,143.0,244.0,143.0,244.0,30.0,0.0,49,49,0,TRACKING,142.0,243.0,1.414,False
SCN_012,49,1.6,TGT_003,DECOY_TARGET,true,442.5,221.5,442.5,221.5,0.0,0.0,49,49,0,TRACKING,441.5,220.5,1.414,False
SCN_012,50,1.6333,TGT_001,COMMUNICATION_TARGET,true,442.0,289.0,442.0,289.0,0.0,30.0,50,50,0,TRACKING,441.0,288.0,1.414,True
SCN_012,50,1.6333,TGT_002,DECOY_TARGET,true,144.0,244.0,144.0,244.0,30.0,0.0,50,50,0,TRACKING,143.0,243.0,1.414,False
SCN_012,50,1.6333,TGT_003,DECOY_TARGET,true,441.5,221.5,441.5,221.5,-30.0,0.0,50,50,0,TRACKING,440.5,220.5,1.414,False
SCN_012,51,1.6667,TGT_001,COMMUNICATION_TARGET,true,442.0,290.0,442.0,290.0,0.0,30.0,51,51,0,TRACKING,441.0,289.0,1.414,True
SCN_012,51,1.6667,TGT_002,DECOY_TARGET,true,144.0,244.0,144.0,244.0,0.0,0.0,51,51,0,TRACKING,143.0,243.0,1.414,False
SCN_012,51,1.6667,TGT_003,DECOY_TARGET,true,441.5,221.5,441.5,221.5,0.0,0.0,51,51,0,TRACKING,440.5,220.5,1.414,False
SCN_012,52,1.7,TGT_001,COMMUNICATION_TARGET,true,441.0,291.0,441.0,291.0,-30.0,30.0,52,52,0,TRACKING,440.0,290.0,1.414,True
SCN_012,52,1.7,TGT_002,DECOY_TARGET,true,145.0,244.0,145.0,244.0,30.0,0.0,52,52,0,TRACKING,144.0,243.0,1.414,False
SCN_012,52,1.7,TGT_003,DECOY_TARGET,true,441.5,221.5,441.5,221.5,0.0,0.0,52,52,0,TRACKING,440.5,220.5,1.414,False
SCN_012,53,1.7333,TGT_001,COMMUNICATION_TARGET,true,441.0,292.0,441.0,292.0,0.0,30.0,53,53,0,TRACKING,440.0,291.0,1.414,True
SCN_012,53,1.7333,TGT_002,DECOY_TARGET,true,146.0,244.0,146.0,244.0,30.0,0.0,53,53,0,TRACKING,145.0,243.0,1.414,False
SCN_012,53,1.7333,TGT_003,DECOY_TARGET,true,441.5,221.5,441.5,221.5,0.0,0.0,53,53,0,TRACKING,440.5,220.5,1.414,False
SCN_012,54,1.7667,TGT_001,COMMUNICATION_TARGET,true,440.0,293.0,440.0,293.0,-30.0,30.0,54,54,0,TRACKING,439.0,292.0,1.414,True
SCN_012,54,1.7667,TGT_002,DECOY_TARGET,true,146.0,244.0,146.0,244.0,0.0,0.0,54,54,0,TRACKING,145.0,243.0,1.414,False
SCN_012,54,1.7667,TGT_003,DECOY_TARGET,true,441.5,221.5,441.5,221.5,0.0,0.0,54,54,0,TRACKING,440.5,220.5,1.414,False
SCN_012,55,1.8,TGT_001,COMMUNICATION_TARGET,true,440.0,293.0,440.0,293.0,0.0,0.0,55,55,0,TRACKING,439.0,292.0,1.414,True
SCN_012,55,1.8,TGT_002,DECOY_TARGET,true,147.0,244.0,147.0,244.0,30.0,0.0,55,55,0,TRACKING,146.0,243.0,1.414,False
SCN_012,55,1.8,TGT_003,DECOY_TARGET,true,441.5,221.5,441.5,221.5,0.0,0.0,55,55,0,TRACKING,440.5,220.5,1.414,False
SCN_012,56,1.8333,TGT_001,COMMUNICATION_TARGET,true,440.0,294.0,440.0,294.0,0.0,30.0,56,56,0,TRACKING,439.0,293.0,1.414,True
SCN_012,56,1.8333,TGT_002,DECOY_TARGET,true,148.0,244.0,148.0,244.0,30.0,0.0,56,56,0,TRACKING,147.0,243.0,1.414,False
SCN_012,56,1.8333,TGT_003,DECOY_TARGET,true,441.5,221.5,441.5,221.5,0.0,0.0,56,56,0,TRACKING,440.5,220.5,1.414,False
SCN_012,57,1.8667,TGT_001,COMMUNICATION_TARGET,true,439.0,295.0,439.0,295.0,-30.0,30.0,57,57,0,TRACKING,438.0,294.0,1.414,True
SCN_012,57,1.8667,TGT_002,DECOY_TARGET,true,148.0,244.0,148.0,244.0,0.0,0.0,57,57,0,TRACKING,147.0,243.0,1.414,False
SCN_012,57,1.8667,TGT_003,DECOY_TARGET,true,441.5,221.5,441.5,221.5,0.0,0.0,57,57,0,TRACKING,440.5,220.5,1.414,False
SCN_012,58,1.9,TGT_001,COMMUNICATION_TARGET,true,439.0,296.0,439.0,296.0,0.0,30.0,58,58,0,TRACKING,438.0,295.0,1.414,True
SCN_012,58,1.9,TGT_002,DECOY_TARGET,true,149.0,244.0,149.0,244.0,30.0,0.0,58,58,0,TRACKING,148.0,243.0,1.414,False
SCN_012,58,1.9,TGT_003,DECOY_TARGET,true,441.5,221.5,441.5,221.5,0.0,0.0,58,58,0,TRACKING,440.5,220.5,1.414,False
SCN_012,59,1.9333,TGT_001,COMMUNICATION_TARGET,true,438.0,297.0,438.0,297.0,-30.0,30.0,59,59,0,TRACKING,437.0,296.0,1.414,True
SCN_012,59,1.9333,TGT_002,DECOY_TARGET,true,150.0,244.0,150.0,244.0,30.0,0.0,59,59,0,TRACKING,149.0,243.0,1.414,False
SCN_012,59,1.9333,TGT_003,DECOY_TARGET,true,441.5,221.5,441.5,221.5,0.0,0.0,59,59,0,TRACKING,440.5,220.5,1.414,False
SCN_012,60,1.9667,TGT_001,COMMUNICATION_TARGET,true,438.0,298.0,438.0,298.0,0.0,30.0,60,60,0,TRACKING,437.0,297.0,1.414,True
SCN_012,60,1.9667,TGT_002,DECOY_TARGET,true,150.0,244.0,150.0,244.0,0.0,0.0,60,60,0,TRACKING,149.0,243.0,1.414,False
SCN_012,60,1.9667,TGT_003,DECOY_TARGET,true,441.5,221.5,441.5,221.5,0.0,0.0,60,60,0,TRACKING,440.5,220.5,1.414,False
SCN_012,61,2.0,TGT_001,COMMUNICATION_TARGET,true,437.0,299.0,437.0,299.0,-30.0,30.0,61,61,0,TRACKING,436.0,298.0,1.414,True
SCN_012,61,2.0,TGT_002,DECOY_TARGET,true,151.0,244.0,151.0,244.0,30.0,0.0,61,61,0,TRACKING,150.0,243.0,1.414,False
SCN_012,61,2.0,TGT_003,DECOY_TARGET,true,441.5,221.5,441.5,221.5,0.0,0.0,61,61,0,TRACKING,440.5,220.5,1.414,False
SCN_012,62,2.0333,TGT_001,COMMUNICATION_TARGET,true,437.0,300.0,437.0,300.0,0.0,30.0,62,62,0,TRACKING,436.0,299.0,1.414,True
SCN_012,62,2.0333,TGT_002,DECOY_TARGET,true,152.0,245.0,152.0,245.0,30.0,30.0,62,62,0,TRACKING,151.0,244.0,1.414,False
SCN_012,62,2.0333,TGT_003,DECOY_TARGET,true,441.5,221.5,441.5,221.5,0.0,0.0,62,62,0,TRACKING,440.5,220.5,1.414,False
SCN_012,63,2.0667,TGT_001,COMMUNICATION_TARGET,true,436.0,301.0,436.0,301.0,-30.0,30.0,63,63,0,TRACKING,435.0,300.0,1.414,True
SCN_012,63,2.0667,TGT_002,DECOY_TARGET,true,152.0,245.0,152.0,245.0,0.0,0.0,63,63,0,TRACKING,151.0,244.0,1.414,False
SCN_012,63,2.0667,TGT_003,DECOY_TARGET,true,441.5,221.5,441.5,221.5,0.0,0.0,63,63,0,TRACKING,440.5,220.5,1.414,False
SCN_012,64,2.1,TGT_001,COMMUNICATION_TARGET,true,436.0,302.0,436.0,302.0,0.0,30.0,64,64,0,TRACKING,435.0,301.0,1.414,True
SCN_012,64,2.1,TGT_002,DECOY_TARGET,true,153.0,245.0,153.0,245.0,30.0,0.0,64,64,0,TRACKING,152.0,244.0,1.414,False
SCN_012,64,2.1,TGT_003,DECOY_TARGET,true,441.5,221.5,441.5,221.5,0.0,0.0,64,64,0,TRACKING,440.5,220.5,1.414,False
SCN_012,65,2.1333,TGT_001,COMMUNICATION_TARGET,true,436.0,302.0,436.0,302.0,0.0,0.0,65,65,0,TRACKING,435.0,301.0,1.414,True
SCN_012,65,2.1333,TGT_002,DECOY_TARGET,true,154.0,245.0,154.0,245.0,30.0,0.0,65,65,0,TRACKING,153.0,244.0,1.414,False
SCN_012,65,2.1333,TGT_003,DECOY_TARGET,true,441.5,221.5,441.5,221.5,0.0,0.0,65,65,0,TRACKING,440.5,220.5,1.414,False
SCN_012,66,2.1667,TGT_001,COMMUNICATION_TARGET,true,435.0,303.0,435.0,303.0,-30.0,30.0,66,66,0,TRACKING,434.0,302.0,1.414,True
SCN_012,66,2.1667,TGT_002,DECOY_TARGET,true,154.0,245.0,154.0,245.0,0.0,0.0,66,66,0,TRACKING,153.0,244.0,1.414,False
SCN_012,66,2.1667,TGT_003,DECOY_TARGET,true,441.5,221.5,441.5,221.5,0.0,0.0,66,66,0,TRACKING,440.5,220.5,1.414,False
SCN_012,67,2.2,TGT_001,COMMUNICATION_TARGET,true,435.0,304.0,435.0,304.0,0.0,30.0,67,67,0,TRACKING,434.0,303.0,1.414,True
SCN_012,67,2.2,TGT_002,DECOY_TARGET,true,155.0,245.0,155.0,245.0,30.0,0.0,67,67,0,TRACKING,154.0,244.0,1.414,False
SCN_012,67,2.2,TGT_003,DECOY_TARGET,true,441.5,221.5,441.5,221.5,0.0,0.0,67,67,0,TRACKING,440.5,220.5,1.414,False
SCN_012,68,2.2333,TGT_001,COMMUNICATION_TARGET,true,434.0,305.0,434.0,305.0,-30.0,30.0,68,68,0,TRACKING,433.0,304.0,1.414,True
SCN_012,68,2.2333,TGT_002,DECOY_TARGET,true,155.0,245.0,155.0,245.0,0.0,0.0,68,68,0,TRACKING,154.0,244.0,1.414,False
SCN_012,68,2.2333,TGT_003,DECOY_TARGET,true,441.5,221.5,441.5,221.5,0.0,0.0,68,68,0,TRACKING,440.5,220.5,1.414,False
SCN_012,69,2.2667,TGT_001,COMMUNICATION_TARGET,true,434.0,306.0,434.0,306.0,0.0,30.0,69,69,0,TRACKING,433.0,305.0,1.414,True
SCN_012,69,2.2667,TGT_002,DECOY_TARGET,true,156.0,245.0,156.0,245.0,30.0,0.0,69,69,0,TRACKING,155.0,244.0,1.414,False
SCN_012,69,2.2667,TGT_003,DECOY_TARGET,true,441.5,221.5,441.5,221.5,0.0,0.0,69,69,0,TRACKING,440.5,220.5,1.414,False
SCN_012,70,2.3,TGT_001,COMMUNICATION_TARGET,true,433.0,307.0,433.0,307.0,-30.0,30.0,70,70,0,TRACKING,432.0,306.0,1.414,True
SCN_012,70,2.3,TGT_002,DECOY_TARGET,true,157.0,245.0,157.0,245.0,30.0,0.0,70,70,0,TRACKING,156.0,244.0,1.414,False
SCN_012,70,2.3,TGT_003,DECOY_TARGET,true,441.5,221.5,441.5,221.5,0.0,0.0,70,70,0,TRACKING,440.5,220.5,1.414,False
SCN_012,71,2.3333,TGT_001,COMMUNICATION_TARGET,true,433.0,308.0,433.0,308.0,0.0,30.0,71,71,0,TRACKING,432.0,307.0,1.414,True
SCN_012,71,2.3333,TGT_002,DECOY_TARGET,true,157.0,245.0,157.0,245.0,0.0,0.0,71,71,0,TRACKING,156.0,244.0,1.414,False
SCN_012,71,2.3333,TGT_003,DECOY_TARGET,true,441.5,221.5,441.5,221.5,0.0,0.0,71,71,0,TRACKING,440.5,220.5,1.414,False
SCN_012,72,2.3667,TGT_001,COMMUNICATION_TARGET,true,432.0,309.0,432.0,309.0,-30.0,30.0,72,72,0,TRACKING,431.0,308.0,1.414,True
SCN_012,72,2.3667,TGT_002,DECOY_TARGET,true,158.0,245.0,158.0,245.0,30.0,0.0,72,72,0,TRACKING,157.0,244.0,1.414,False
SCN_012,72,2.3667,TGT_003,DECOY_TARGET,true,441.5,221.5,441.5,221.5,0.0,0.0,72,72,0,TRACKING,440.5,220.5,1.414,False
SCN_012,73,2.4,TGT_001,COMMUNICATION_TARGET,true,432.0,309.0,432.0,309.0,0.0,0.0,73,73,0,TRACKING,431.0,308.0,1.414,True
SCN_012,73,2.4,TGT_002,DECOY_TARGET,true,159.0,245.0,159.0,245.0,30.0,0.0,73,73,0,TRACKING,158.0,244.0,1.414,False
SCN_012,73,2.4,TGT_003,DECOY_TARGET,true,441.5,221.5,441.5,221.5,0.0,0.0,73,73,0,TRACKING,440.5,220.5,1.414,False
SCN_012,74,2.4333,TGT_001,COMMUNICATION_TARGET,true,431.0,310.0,431.0,310.0,-30.0,30.0,74,74,0,TRACKING,430.0,309.0,1.414,True
SCN_012,74,2.4333,TGT_002,DECOY_TARGET,true,159.0,245.0,159.0,245.0,0.0,0.0,74,74,0,TRACKING,158.0,244.0,1.414,False
SCN_012,74,2.4333,TGT_003,DECOY_TARGET,true,441.5,221.5,441.5,221.5,0.0,0.0,74,74,0,TRACKING,440.5,220.5,1.414,False
SCN_012,75,2.4667,TGT_001,COMMUNICATION_TARGET,true,431.0,311.0,431.0,311.0,0.0,30.0,75,75,0,TRACKING,430.0,310.0,1.414,True
SCN_012,75,2.4667,TGT_002,DECOY_TARGET,true,160.0,245.0,160.0,245.0,30.0,0.0,75,75,0,TRACKING,159.0,244.0,1.414,False
SCN_012,75,2.4667,TGT_003,DECOY_TARGET,true,441.5,221.5,441.5,221.5,0.0,0.0,75,75,0,TRACKING,440.5,220.5,1.414,False
SCN_012,76,2.5,TGT_001,COMMUNICATION_TARGET,true,430.0,312.0,430.0,312.0,-30.0,30.0,76,76,0,TRACKING,429.0,311.0,1.414,True
SCN_012,76,2.5,TGT_002,DECOY_TARGET,true,161.0,245.0,161.0,245.0,30.0,0.0,76,76,0,TRACKING,160.0,244.0,1.414,False
SCN_012,76,2.5,TGT_003,DECOY_TARGET,true,441.5,221.5,441.5,221.5,0.0,0.0,76,76,0,TRACKING,440.5,220.5,1.414,False
SCN_012,77,2.5333,TGT_001,COMMUNICATION_TARGET,true,429.0,313.0,429.0,313.0,-30.0,30.0,77,77,0,TRACKING,428.0,312.0,1.414,True
SCN_012,77,2.5333,TGT_002,DECOY_TARGET,true,161.0,245.0,161.0,245.0,0.0,0.0,77,77,0,TRACKING,160.0,244.0,1.414,False
SCN_012,77,2.5333,TGT_003,DECOY_TARGET,true,441.5,221.5,441.5,221.5,0.0,0.0,77,77,0,TRACKING,440.5,220.5,1.414,False
SCN_012,78,2.5667,TGT_001,COMMUNICATION_TARGET,true,429.0,314.0,429.0,314.0,0.0,30.0,78,78,0,TRACKING,428.0,313.0,1.414,True
SCN_012,78,2.5667,TGT_002,DECOY_TARGET,true,162.0,245.0,162.0,245.0,30.0,0.0,78,78,0,TRACKING,161.0,244.0,1.414,False
SCN_012,78,2.5667,TGT_003,DECOY_TARGET,true,441.5,221.5,441.5,221.5,0.0,0.0,78,78,0,TRACKING,440.5,220.5,1.414,False
SCN_012,79,2.6,TGT_001,COMMUNICATION_TARGET,true,428.0,314.0,428.0,314.0,-30.0,0.0,79,79,0,TRACKING,427.0,313.0,1.414,True
SCN_012,79,2.6,TGT_002,DECOY_TARGET,true,163.0,246.0,163.0,246.0,30.0,30.0,79,79,0,TRACKING,162.0,245.0,1.414,False
SCN_012,79,2.6,TGT_003,DECOY_TARGET,true,441.5,221.5,441.5,221.5,0.0,0.0,79,79,0,TRACKING,440.5,220.5,1.414,False
SCN_012,80,2.6333,TGT_001,COMMUNICATION_TARGET,true,428.0,315.0,428.0,315.0,0.0,30.0,80,80,0,TRACKING,427.0,314.0,1.414,True
SCN_012,80,2.6333,TGT_002,DECOY_TARGET,true,163.0,246.0,163.0,246.0,0.0,0.0,80,80,0,TRACKING,162.0,245.0,1.414,False
SCN_012,80,2.6333,TGT_003,DECOY_TARGET,true,441.5,221.5,441.5,221.5,0.0,0.0,80,80,0,TRACKING,440.5,220.5,1.414,False
SCN_012,81,2.6667,TGT_001,COMMUNICATION_TARGET,true,427.0,316.0,427.0,316.0,-30.0,30.0,81,81,0,TRACKING,426.0,315.0,1.414,True
SCN_012,81,2.6667,TGT_002,DECOY_TARGET,true,164.0,246.0,164.0,246.0,30.0,0.0,81,81,0,TRACKING,163.0,245.0,1.414,False
SCN_012,81,2.6667,TGT_003,DECOY_TARGET,true,441.5,221.5,441.5,221.5,0.0,0.0,81,81,0,TRACKING,440.5,220.5,1.414,False
SCN_012,82,2.7,TGT_001,COMMUNICATION_TARGET,true,427.0,317.0,427.0,317.0,0.0,30.0,82,82,0,TRACKING,426.0,316.0,1.414,True
SCN_012,82,2.7,TGT_002,DECOY_TARGET,true,165.0,246.0,165.0,246.0,30.0,0.0,82,82,0,TRACKING,164.0,245.0,1.414,False
SCN_012,82,2.7,TGT_003,DECOY_TARGET,true,441.5,221.5,441.5,221.5,0.0,0.0,82,82,0,TRACKING,440.5,220.5,1.414,False
SCN_012,83,2.7333,TGT_001,COMMUNICATION_TARGET,true,426.0,318.0,426.0,318.0,-30.0,30.0,83,83,0,TRACKING,425.0,317.0,1.414,True
SCN_012,83,2.7333,TGT_002,DECOY_TARGET,true,165.0,246.0,165.0,246.0,0.0,0.0,83,83,0,TRACKING,164.0,245.0,1.414,False
SCN_012,83,2.7333,TGT_003,DECOY_TARGET,true,441.5,220.5,441.5,220.5,0.0,-30.0,83,83,0,TRACKING,440.5,219.5,1.414,False
SCN_012,84,2.7667,TGT_001,COMMUNICATION_TARGET,true,425.0,318.0,425.0,318.0,-30.0,0.0,84,84,0,TRACKING,424.0,317.0,1.414,True
SCN_012,84,2.7667,TGT_002,DECOY_TARGET,true,166.0,246.0,166.0,246.0,30.0,0.0,84,84,0,TRACKING,165.0,245.0,1.414,False
SCN_012,84,2.7667,TGT_003,DECOY_TARGET,true,441.5,220.5,441.5,220.5,0.0,0.0,84,84,0,TRACKING,440.5,219.5,1.414,False
SCN_012,85,2.8,TGT_001,COMMUNICATION_TARGET,true,425.0,319.0,425.0,319.0,0.0,30.0,85,85,0,TRACKING,424.0,318.0,1.414,True
SCN_012,85,2.8,TGT_002,DECOY_TARGET,true,167.0,246.0,167.0,246.0,30.0,0.0,85,85,0,TRACKING,166.0,245.0,1.414,False
SCN_012,85,2.8,TGT_003,DECOY_TARGET,true,441.5,220.5,441.5,220.5,0.0,0.0,85,85,0,TRACKING,440.5,219.5,1.414,False
SCN_012,86,2.8333,TGT_001,COMMUNICATION_TARGET,true,424.0,320.0,424.0,320.0,-30.0,30.0,86,86,0,TRACKING,423.0,319.0,1.414,True
SCN_012,86,2.8333,TGT_002,DECOY_TARGET,true,167.0,246.0,167.0,246.0,0.0,0.0,86,86,0,TRACKING,166.0,245.0,1.414,False
SCN_012,86,2.8333,TGT_003,DECOY_TARGET,true,440.5,220.5,440.5,220.5,-30.0,0.0,86,86,0,TRACKING,439.5,219.5,1.414,False
SCN_012,87,2.8667,TGT_001,COMMUNICATION_TARGET,true,424.0,321.0,424.0,321.0,0.0,30.0,87,87,0,TRACKING,423.0,320.0,1.414,True
SCN_012,87,2.8667,TGT_002,DECOY_TARGET,true,168.0,246.0,168.0,246.0,30.0,0.0,87,87,0,TRACKING,167.0,245.0,1.414,False
SCN_012,87,2.8667,TGT_003,DECOY_TARGET,true,440.5,220.5,440.5,220.5,0.0,0.0,87,87,0,TRACKING,439.5,219.5,1.414,False
SCN_012,88,2.9,TGT_001,COMMUNICATION_TARGET,true,423.0,322.0,423.0,322.0,-30.0,30.0,88,88,0,TRACKING,422.0,321.0,1.414,True
SCN_012,88,2.9,TGT_002,DECOY_TARGET,true,169.0,246.0,169.0,246.0,30.0,0.0,88,88,0,TRACKING,168.0,245.0,1.414,False
SCN_012,88,2.9,TGT_003,DECOY_TARGET,true,440.5,220.5,440.5,220.5,0.0,0.0,88,88,0,TRACKING,439.5,219.5,1.414,False
SCN_012,89,2.9333,TGT_001,COMMUNICATION_TARGET,true,422.0,322.0,422.0,322.0,-30.0,0.0,89,89,0,TRACKING,421.0,321.0,1.414,True
SCN_012,89,2.9333,TGT_002,DECOY_TARGET,true,169.0,246.0,169.0,246.0,0.0,0.0,89,89,0,TRACKING,168.0,245.0,1.414,False
SCN_012,89,2.9333,TGT_003,DECOY_TARGET,true,440.5,220.5,440.5,220.5,0.0,0.0,89,89,0,TRACKING,439.5,219.5,1.414,False
SCN_012,90,2.9667,TGT_001,COMMUNICATION_TARGET,true,422.0,323.0,422.0,323.0,0.0,30.0,90,90,0,TRACKING,421.0,322.0,1.414,True
SCN_012,90,2.9667,TGT_002,DECOY_TARGET,true,170.0,246.0,170.0,246.0,30.0,0.0,90,90,0,TRACKING,169.0,245.0,1.414,False
SCN_012,90,2.9667,TGT_003,DECOY_TARGET,true,440.5,220.5,440.5,220.5,0.0,0.0,90,90,0,TRACKING,439.5,219.5,1.414,False
SCN_012,91,3.0,TGT_001,COMMUNICATION_TARGET,true,421.0,324.0,421.0,324.0,-30.0,30.0,91,91,0,TRACKING,420.0,323.0,1.414,True
SCN_012,91,3.0,TGT_002,DECOY_TARGET,true,171.0,246.0,171.0,246.0,30.0,0.0,91,91,0,TRACKING,170.0,245.0,1.414,False
SCN_012,91,3.0,TGT_003,DECOY_TARGET,true,440.5,220.5,440.5,220.5,0.0,0.0,91,91,0,TRACKING,439.5,219.5,1.414,False
SCN_012,92,3.0333,TGT_001,COMMUNICATION_TARGET,true,420.0,325.0,420.0,325.0,-30.0,30.0,92,92,0,TRACKING,419.0,324.0,1.414,True
SCN_012,92,3.0333,TGT_002,DECOY_TARGET,true,171.0,246.0,171.0,246.0,0.0,0.0,92,92,0,TRACKING,170.0,245.0,1.414,False
SCN_012,92,3.0333,TGT_003,DECOY_TARGET,true,440.5,220.5,440.5,220.5,0.0,0.0,92,92,0,TRACKING,439.5,219.5,1.414,False
SCN_012,93,3.0667,TGT_001,COMMUNICATION_TARGET,true,420.0,326.0,420.0,326.0,0.0,30.0,93,93,0,TRACKING,419.0,325.0,1.414,True
SCN_012,93,3.0667,TGT_002,DECOY_TARGET,true,172.0,246.0,172.0,246.0,30.0,0.0,93,93,0,TRACKING,171.0,245.0,1.414,False
SCN_012,93,3.0667,TGT_003,DECOY_TARGET,true,440.5,220.5,440.5,220.5,0.0,0.0,93,93,0,TRACKING,439.5,219.5,1.414,False
SCN_012,94,3.1,TGT_001,COMMUNICATION_TARGET,true,419.0,326.0,419.0,326.0,-30.0,0.0,94,94,0,TRACKING,418.0,325.0,1.414,True
SCN_012,94,3.1,TGT_002,DECOY_TARGET,true,173.0,246.0,173.0,246.0,30.0,0.0,94,94,0,TRACKING,172.0,245.0,1.414,False
SCN_012,94,3.1,TGT_003,DECOY_TARGET,true,440.5,220.5,440.5,220.5,0.0,0.0,94,94,0,TRACKING,439.5,219.5,1.414,False
SCN_012,95,3.1333,TGT_001,COMMUNICATION_TARGET,true,418.0,327.0,418.0,327.0,-30.0,30.0,95,95,0,TRACKING,417.0,326.0,1.414,True
SCN_012,95,3.1333,TGT_002,DECOY_TARGET,true,173.0,246.0,173.0,246.0,0.0,0.0,95,95,0,TRACKING,172.0,245.0,1.414,False
SCN_012,95,3.1333,TGT_003,DECOY_TARGET,true,440.5,220.5,440.5,220.5,0.0,0.0,95,95,0,TRACKING,439.5,219.5,1.414,False
SCN_012,96,3.1667,TGT_001,COMMUNICATION_TARGET,true,418.0,328.0,418.0,328.0,0.0,30.0,96,96,0,TRACKING,417.0,327.0,1.414,True
SCN_012,96,3.1667,TGT_002,DECOY_TARGET,true,174.0,247.0,174.0,247.0,30.0,30.0,96,96,0,TRACKING,173.0,246.0,1.414,False
SCN_012,96,3.1667,TGT_003,DECOY_TARGET,true,440.5,220.5,440.5,220.5,0.0,0.0,96,96,0,TRACKING,439.5,219.5,1.414,False
SCN_012,97,3.2,TGT_001,COMMUNICATION_TARGET,true,417.0,329.0,417.0,329.0,-30.0,30.0,97,97,0,TRACKING,416.0,328.0,1.414,True
SCN_012,97,3.2,TGT_002,DECOY_TARGET,true,175.0,247.0,175.0,247.0,30.0,0.0,97,97,0,TRACKING,174.0,246.0,1.414,False
SCN_012,97,3.2,TGT_003,DECOY_TARGET,true,440.5,220.5,440.5,220.5,0.0,0.0,97,97,0,TRACKING,439.5,219.5,1.414,False
SCN_012,98,3.2333,TGT_001,COMMUNICATION_TARGET,true,416.0,329.0,416.0,329.0,-30.0,0.0,98,98,0,TRACKING,415.0,328.0,1.414,True
SCN_012,98,3.2333,TGT_002,DECOY_TARGET,true,175.0,247.0,175.0,247.0,0.0,0.0,98,98,0,TRACKING,174.0,246.0,1.414,False
SCN_012,98,3.2333,TGT_003,DECOY_TARGET,true,440.5,220.5,440.5,220.5,0.0,0.0,98,98,0,TRACKING,439.5,219.5,1.414,False
SCN_012,99,3.2667,TGT_001,COMMUNICATION_TARGET,true,416.0,330.0,416.0,330.0,0.0,30.0,99,99,0,TRACKING,415.0,329.0,1.414,True
SCN_012,99,3.2667,TGT_002,DECOY_TARGET,true,176.0,247.0,176.0,247.0,30.0,0.0,99,99,0,TRACKING,175.0,246.0,1.414,False
SCN_012,99,3.2667,TGT_003,DECOY_TARGET,true,440.5,220.5,440.5,220.5,0.0,0.0,99,99,0,TRACKING,439.5,219.5,1.414,False
SCN_012,100,3.3,TGT_001,COMMUNICATION_TARGET,true,415.0,331.0,415.0,331.0,-30.0,30.0,100,100,0,TRACKING,414.0,330.0,1.414,True
SCN_012,100,3.3,TGT_002,DECOY_TARGET,true,177.0,247.0,177.0,247.0,30.0,0.0,100,100,0,TRACKING,176.0,246.0,1.414,False
SCN_012,100,3.3,TGT_003,DECOY_TARGET,true,440.5,220.5,440.5,220.5,0.0,0.0,100,100,0,TRACKING,439.5,219.5,1.414,False
SCN_012,101,3.3333,TGT_001,COMMUNICATION_TARGET,true,414.0,331.0,414.0,331.0,-30.0,0.0,101,101,0,TRACKING,413.0,330.0,1.414,True
SCN_012,101,3.3333,TGT_002,DECOY_TARGET,true,177.0,247.0,177.0,247.0,0.0,0.0,101,101,0,TRACKING,176.0,246.0,1.414,False
SCN_012,101,3.3333,TGT_003,DECOY_TARGET,true,440.5,220.5,440.5,220.5,0.0,0.0,101,101,0,TRACKING,439.5,219.5,1.414,False
SCN_012,102,3.3667,TGT_001,COMMUNICATION_TARGET,true,414.0,332.0,414.0,332.0,0.0,30.0,102,102,0,TRACKING,413.0,331.0,1.414,True
SCN_012,102,3.3667,TGT_002,DECOY_TARGET,true,178.0,247.0,178.0,247.0,30.0,0.0,102,102,0,TRACKING,177.0,246.0,1.414,False
SCN_012,102,3.3667,TGT_003,DECOY_TARGET,true,440.5,220.5,440.5,220.5,0.0,0.0,102,102,0,TRACKING,439.5,219.5,1.414,False
SCN_012,103,3.4,TGT_001,COMMUNICATION_TARGET,true,413.0,333.0,413.0,333.0,-30.0,30.0,103,103,0,TRACKING,412.0,332.0,1.414,True
SCN_012,103,3.4,TGT_002,DECOY_TARGET,true,179.0,247.0,179.0,247.0,30.0,0.0,103,103,0,TRACKING,178.0,246.0,1.414,False
SCN_012,103,3.4,TGT_003,DECOY_TARGET,true,440.5,220.5,440.5,220.5,0.0,0.0,103,103,0,TRACKING,439.5,219.5,1.414,False
SCN_012,104,3.4333,TGT_001,COMMUNICATION_TARGET,true,412.0,334.0,412.0,334.0,-30.0,30.0,104,104,0,TRACKING,411.0,333.0,1.414,True
SCN_012,104,3.4333,TGT_002,DECOY_TARGET,true,179.0,247.0,179.0,247.0,0.0,0.0,104,104,0,TRACKING,178.0,246.0,1.414,False
SCN_012,104,3.4333,TGT_003,DECOY_TARGET,true,440.5,220.5,440.5,220.5,0.0,0.0,104,104,0,TRACKING,439.5,219.5,1.414,False
SCN_012,105,3.4667,TGT_001,COMMUNICATION_TARGET,true,412.0,334.0,412.0,334.0,0.0,0.0,105,105,0,TRACKING,411.0,333.0,1.414,True
SCN_012,105,3.4667,TGT_002,DECOY_TARGET,true,180.0,247.0,180.0,247.0,30.0,0.0,105,105,0,TRACKING,179.0,246.0,1.414,False
SCN_012,105,3.4667,TGT_003,DECOY_TARGET,true,440.5,220.5,440.5,220.5,0.0,0.0,105,105,0,TRACKING,439.5,219.5,1.414,False
SCN_012,106,3.5,TGT_001,COMMUNICATION_TARGET,true,411.0,335.0,411.0,335.0,-30.0,30.0,106,106,0,TRACKING,410.0,334.0,1.414,True
SCN_012,106,3.5,TGT_002,DECOY_TARGET,true,181.0,247.0,181.0,247.0,30.0,0.0,106,106,0,TRACKING,180.0,246.0,1.414,False
SCN_012,106,3.5,TGT_003,DECOY_TARGET,true,440.5,220.5,440.5,220.5,0.0,0.0,106,106,0,TRACKING,439.5,219.5,1.414,False
SCN_012,107,3.5333,TGT_001,COMMUNICATION_TARGET,true,410.0,336.0,410.0,336.0,-30.0,30.0,107,107,0,TRACKING,409.0,335.0,1.414,True
SCN_012,107,3.5333,TGT_002,DECOY_TARGET,true,181.0,247.0,181.0,247.0,0.0,0.0,107,107,0,TRACKING,180.0,246.0,1.414,False
SCN_012,107,3.5333,TGT_003,DECOY_TARGET,true,440.5,220.5,440.5,220.5,0.0,0.0,107,107,0,TRACKING,439.5,219.5,1.414,False
SCN_012,108,3.5667,TGT_001,COMMUNICATION_TARGET,true,409.0,336.0,409.0,336.0,-30.0,0.0,108,108,0,TRACKING,408.0,335.0,1.414,True
SCN_012,108,3.5667,TGT_002,DECOY_TARGET,true,182.0,247.0,182.0,247.0,30.0,0.0,108,108,0,TRACKING,181.0,246.0,1.414,False
SCN_012,108,3.5667,TGT_003,DECOY_TARGET,true,440.5,220.5,440.5,220.5,0.0,0.0,108,108,0,TRACKING,439.5,219.5,1.414,False
SCN_012,109,3.6,TGT_001,COMMUNICATION_TARGET,true,409.0,337.0,409.0,337.0,0.0,30.0,109,109,0,TRACKING,408.0,336.0,1.414,True
SCN_012,109,3.6,TGT_002,DECOY_TARGET,true,183.0,247.0,183.0,247.0,30.0,0.0,109,109,0,TRACKING,182.0,246.0,1.414,False
SCN_012,109,3.6,TGT_003,DECOY_TARGET,true,440.5,220.5,440.5,220.5,0.0,0.0,109,109,0,TRACKING,439.5,219.5,1.414,False
SCN_012,110,3.6333,TGT_001,COMMUNICATION_TARGET,true,408.0,338.0,408.0,338.0,-30.0,30.0,110,110,0,TRACKING,407.0,337.0,1.414,True
SCN_012,110,3.6333,TGT_002,DECOY_TARGET,true,183.0,247.0,183.0,247.0,0.0,0.0,110,110,0,TRACKING,182.0,246.0,1.414,False
SCN_012,110,3.6333,TGT_003,DECOY_TARGET,true,440.5,220.5,440.5,220.5,0.0,0.0,110,110,0,TRACKING,439.5,219.5,1.414,False
SCN_012,111,3.6667,TGT_001,COMMUNICATION_TARGET,true,407.0,338.0,407.0,338.0,-30.0,0.0,111,111,0,TRACKING,406.0,337.0,1.414,True
SCN_012,111,3.6667,TGT_002,DECOY_TARGET,true,184.0,247.0,184.0,247.0,30.0,0.0,111,111,0,TRACKING,183.0,246.0,1.414,False
SCN_012,111,3.6667,TGT_003,DECOY_TARGET,true,440.5,220.5,440.5,220.5,0.0,0.0,111,111,0,TRACKING,439.5,219.5,1.414,False
SCN_012,112,3.7,TGT_001,COMMUNICATION_TARGET,true,406.0,339.0,406.0,339.0,-30.0,30.0,112,112,0,TRACKING,405.0,338.0,1.414,True
SCN_012,112,3.7,TGT_002,DECOY_TARGET,true,185.0,247.0,185.0,247.0,30.0,0.0,112,112,0,TRACKING,184.0,246.0,1.414,False
SCN_012,112,3.7,TGT_003,DECOY_TARGET,true,440.5,220.5,440.5,220.5,0.0,0.0,112,112,0,TRACKING,439.5,219.5,1.414,False
SCN_012,113,3.7333,TGT_001,COMMUNICATION_TARGET,true,406.0,340.0,406.0,340.0,0.0,30.0,113,113,0,TRACKING,405.0,339.0,1.414,True
SCN_012,113,3.7333,TGT_002,DECOY_TARGET,true,185.0,248.0,185.0,248.0,0.0,30.0,113,113,0,TRACKING,184.0,247.0,1.414,False
SCN_012,113,3.7333,TGT_003,DECOY_TARGET,true,440.5,220.5,440.5,220.5,0.0,0.0,113,113,0,TRACKING,439.5,219.5,1.414,False
SCN_012,114,3.7667,TGT_001,COMMUNICATION_TARGET,true,405.0,340.0,405.0,340.0,-30.0,0.0,114,114,0,TRACKING,404.0,339.0,1.414,True
SCN_012,114,3.7667,TGT_002,DECOY_TARGET,true,186.0,248.0,186.0,248.0,30.0,0.0,114,114,0,TRACKING,185.0,247.0,1.414,False
SCN_012,114,3.7667,TGT_003,DECOY_TARGET,true,440.5,220.5,440.5,220.5,0.0,0.0,114,114,0,TRACKING,439.5,219.5,1.414,False
SCN_012,115,3.8,TGT_001,COMMUNICATION_TARGET,true,404.0,341.0,404.0,341.0,-30.0,30.0,115,115,0,TRACKING,403.0,340.0,1.414,True
SCN_012,115,3.8,TGT_002,DECOY_TARGET,true,187.0,248.0,187.0,248.0,30.0,0.0,115,115,0,TRACKING,186.0,247.0,1.414,False
SCN_012,115,3.8,TGT_003,DECOY_TARGET,true,440.5,220.5,440.5,220.5,0.0,0.0,115,115,0,TRACKING,439.5,219.5,1.414,False
SCN_012,116,3.8333,TGT_001,COMMUNICATION_TARGET,true,403.0,342.0,403.0,342.0,-30.0,30.0,116,116,0,TRACKING,402.0,341.0,1.414,True
SCN_012,116,3.8333,TGT_002,DECOY_TARGET,true,187.0,248.0,187.0,248.0,0.0,0.0,116,116,0,TRACKING,186.0,247.0,1.414,False
SCN_012,116,3.8333,TGT_003,DECOY_TARGET,true,440.5,220.5,440.5,220.5,0.0,0.0,116,116,0,TRACKING,439.5,219.5,1.414,False
SCN_012,117,3.8667,TGT_001,COMMUNICATION_TARGET,true,403.0,342.0,403.0,342.0,0.0,0.0,117,117,0,TRACKING,402.0,341.0,1.414,True
SCN_012,117,3.8667,TGT_002,DECOY_TARGET,true,188.0,248.0,188.0,248.0,30.0,0.0,117,117,0,TRACKING,187.0,247.0,1.414,False
SCN_012,117,3.8667,TGT_003,DECOY_TARGET,true,440.5,220.5,440.5,220.5,0.0,0.0,117,117,0,TRACKING,439.5,219.5,1.414,False
SCN_012,118,3.9,TGT_001,COMMUNICATION_TARGET,true,402.0,343.0,402.0,343.0,-30.0,30.0,118,118,0,TRACKING,401.0,342.0,1.414,True
SCN_012,118,3.9,TGT_002,DECOY_TARGET,true,189.0,248.0,189.0,248.0,30.0,0.0,118,118,0,TRACKING,188.0,247.0,1.414,False
SCN_012,118,3.9,TGT_003,DECOY_TARGET,true,440.5,220.5,440.5,220.5,0.0,0.0,118,118,0,TRACKING,439.5,219.5,1.414,False
SCN_012,119,3.9333,TGT_001,COMMUNICATION_TARGET,true,401.0,343.0,401.0,343.0,-30.0,0.0,119,119,0,TRACKING,400.0,342.0,1.414,True
SCN_012,119,3.9333,TGT_002,DECOY_TARGET,true,189.0,248.0,189.0,248.0,0.0,0.0,119,119,0,TRACKING,188.0,247.0,1.414,False
SCN_012,119,3.9333,TGT_003,DECOY_TARGET,true,440.5,220.5,440.5,220.5,0.0,0.0,119,119,0,TRACKING,439.5,219.5,1.414,False
SCN_012,120,3.9667,TGT_001,COMMUNICATION_TARGET,true,400.0,344.0,400.0,344.0,-30.0,30.0,120,120,0,TRACKING,399.0,343.0,1.414,True
SCN_012,120,3.9667,TGT_002,DECOY_TARGET,true,190.0,248.0,190.0,248.0,30.0,0.0,120,120,0,TRACKING,189.0,247.0,1.414,False
SCN_012,120,3.9667,TGT_003,DECOY_TARGET,true,440.5,220.5,440.5,220.5,0.0,0.0,120,120,0,TRACKING,439.5,219.5,1.414,False
SCN_012,121,4.0,TGT_001,COMMUNICATION_TARGET,true,399.0,345.0,399.0,345.0,-30.0,30.0,121,121,0,TRACKING,398.0,344.0,1.414,True
SCN_012,121,4.0,TGT_002,DECOY_TARGET,true,191.0,248.0,191.0,248.0,30.0,0.0,121,121,0,TRACKING,190.0,247.0,1.414,False
SCN_012,121,4.0,TGT_003,DECOY_TARGET,true,440.5,220.5,440.5,220.5,0.0,0.0,121,121,0,TRACKING,439.5,219.5,1.414,False
SCN_012,122,4.0333,TGT_001,COMMUNICATION_TARGET,true,399.0,345.0,399.0,345.0,0.0,0.0,122,122,0,TRACKING,398.0,344.0,1.414,True
SCN_012,122,4.0333,TGT_002,DECOY_TARGET,true,191.0,248.0,191.0,248.0,0.0,0.0,122,122,0,TRACKING,190.0,247.0,1.414,False
SCN_012,122,4.0333,TGT_003,DECOY_TARGET,true,439.5,220.5,439.5,220.5,-30.0,0.0,122,122,0,TRACKING,438.5,219.5,1.414,False
SCN_012,123,4.0667,TGT_001,COMMUNICATION_TARGET,true,398.0,346.0,398.0,346.0,-30.0,30.0,123,123,0,TRACKING,397.0,345.0,1.414,True
SCN_012,123,4.0667,TGT_002,DECOY_TARGET,true,192.0,248.0,192.0,248.0,30.0,0.0,123,123,0,TRACKING,191.0,247.0,1.414,False
SCN_012,123,4.0667,TGT_003,DECOY_TARGET,true,439.5,220.5,439.5,220.5,0.0,0.0,123,123,0,TRACKING,438.5,219.5,1.414,False
SCN_012,124,4.1,TGT_001,COMMUNICATION_TARGET,true,397.0,346.0,397.0,346.0,-30.0,0.0,124,124,0,TRACKING,396.0,345.0,1.414,True
SCN_012,124,4.1,TGT_002,DECOY_TARGET,true,193.0,248.0,193.0,248.0,30.0,0.0,124,124,0,TRACKING,192.0,247.0,1.414,False
SCN_012,124,4.1,TGT_003,DECOY_TARGET,true,439.5,220.5,439.5,220.5,0.0,0.0,124,124,0,TRACKING,438.5,219.5,1.414,False
SCN_012,125,4.1333,TGT_001,COMMUNICATION_TARGET,true,396.0,347.0,396.0,347.0,-30.0,30.0,125,125,0,TRACKING,395.0,346.0,1.414,True
SCN_012,125,4.1333,TGT_002,DECOY_TARGET,true,193.0,248.0,193.0,248.0,0.0,0.0,125,125,0,TRACKING,192.0,247.0,1.414,False
SCN_012,125,4.1333,TGT_003,DECOY_TARGET,true,439.5,220.5,439.5,220.5,0.0,0.0,125,125,0,TRACKING,438.5,219.5,1.414,False
SCN_012,126,4.1667,TGT_001,COMMUNICATION_TARGET,true,395.0,348.0,395.0,348.0,-30.0,30.0,126,126,0,TRACKING,394.0,347.0,1.414,True
SCN_012,126,4.1667,TGT_002,DECOY_TARGET,true,194.0,248.0,194.0,248.0,30.0,0.0,126,126,0,TRACKING,193.0,247.0,1.414,False
SCN_012,126,4.1667,TGT_003,DECOY_TARGET,true,439.5,220.5,439.5,220.5,0.0,0.0,126,126,0,TRACKING,438.5,219.5,1.414,False
SCN_012,127,4.2,TGT_001,COMMUNICATION_TARGET,true,395.0,348.0,395.0,348.0,0.0,0.0,127,127,0,TRACKING,394.0,347.0,1.414,True
SCN_012,127,4.2,TGT_002,DECOY_TARGET,true,195.0,248.0,195.0,248.0,30.0,0.0,127,127,0,TRACKING,194.0,247.0,1.414,False
SCN_012,127,4.2,TGT_003,DECOY_TARGET,true,439.5,220.5,439.5,220.5,0.0,0.0,127,127,0,TRACKING,438.5,219.5,1.414,False
SCN_012,128,4.2333,TGT_001,COMMUNICATION_TARGET,true,394.0,349.0,394.0,349.0,-30.0,30.0,128,128,0,TRACKING,393.0,348.0,1.414,True
SCN_012,128,4.2333,TGT_002,DECOY_TARGET,true,195.0,248.0,195.0,248.0,0.0,0.0,128,128,0,TRACKING,194.0,247.0,1.414,False
SCN_012,128,4.2333,TGT_003,DECOY_TARGET,true,440.5,220.5,440.5,220.5,30.0,0.0,128,128,0,TRACKING,439.5,219.5,1.414,False
SCN_012,129,4.2667,TGT_001,COMMUNICATION_TARGET,true,393.0,349.0,393.0,349.0,-30.0,0.0,129,129,0,TRACKING,392.0,348.0,1.414,True
SCN_012,129,4.2667,TGT_002,DECOY_TARGET,true,196.0,248.0,196.0,248.0,30.0,0.0,129,129,0,TRACKING,195.0,247.0,1.414,False
SCN_012,129,4.2667,TGT_003,DECOY_TARGET,true,440.5,220.5,440.5,220.5,0.0,0.0,129,129,0,TRACKING,439.5,219.5,1.414,False
SCN_012,130,4.3,TGT_001,COMMUNICATION_TARGET,true,392.0,350.0,392.0,350.0,-30.0,30.0,130,130,0,TRACKING,391.0,349.0,1.414,True
SCN_012,130,4.3,TGT_002,DECOY_TARGET,true,197.0,248.0,197.0,248.0,30.0,0.0,130,130,0,TRACKING,196.0,247.0,1.414,False
SCN_012,130,4.3,TGT_003,DECOY_TARGET,true,440.5,220.5,440.5,220.5,0.0,0.0,130,130,0,TRACKING,439.5,219.5,1.414,False
SCN_012,131,4.3333,TGT_001,COMMUNICATION_TARGET,true,391.0,350.0,391.0,350.0,-30.0,0.0,131,131,0,TRACKING,390.0,349.0,1.414,True
SCN_012,131,4.3333,TGT_002,DECOY_TARGET,true,197.0,249.0,197.0,249.0,0.0,30.0,131,131,0,TRACKING,196.0,248.0,1.414,False
SCN_012,131,4.3333,TGT_003,DECOY_TARGET,true,440.5,220.5,440.5,220.5,0.0,0.0,131,131,0,TRACKING,439.5,219.5,1.414,False
SCN_012,132,4.3667,TGT_001,COMMUNICATION_TARGET,true,390.0,351.0,390.0,351.0,-30.0,30.0,132,132,0,TRACKING,389.0,350.0,1.414,True
SCN_012,132,4.3667,TGT_002,DECOY_TARGET,true,198.0,249.0,198.0,249.0,30.0,0.0,132,132,0,TRACKING,197.0,248.0,1.414,False
SCN_012,132,4.3667,TGT_003,DECOY_TARGET,true,440.5,220.5,440.5,220.5,0.0,0.0,132,132,0,TRACKING,439.5,219.5,1.414,False
SCN_012,133,4.4,TGT_001,COMMUNICATION_TARGET,true,390.0,351.0,390.0,351.0,0.0,0.0,133,133,0,TRACKING,389.0,350.0,1.414,True
SCN_012,133,4.4,TGT_002,DECOY_TARGET,true,199.0,249.0,199.0,249.0,30.0,0.0,133,133,0,TRACKING,198.0,248.0,1.414,False
SCN_012,133,4.4,TGT_003,DECOY_TARGET,true,440.5,220.5,440.5,220.5,0.0,0.0,133,133,0,TRACKING,439.5,219.5,1.414,False
SCN_012,134,4.4333,TGT_001,COMMUNICATION_TARGET,true,389.0,352.0,389.0,352.0,-30.0,30.0,134,134,0,TRACKING,388.0,351.0,1.414,True
SCN_012,134,4.4333,TGT_002,DECOY_TARGET,true,199.0,249.0,199.0,249.0,0.0,0.0,134,134,0,TRACKING,198.0,248.0,1.414,False
SCN_012,134,4.4333,TGT_003,DECOY_TARGET,true,440.5,220.5,440.5,220.5,0.0,0.0,134,134,0,TRACKING,439.5,219.5,1.414,False
SCN_012,135,4.4667,TGT_001,COMMUNICATION_TARGET,true,388.0,353.0,388.0,353.0,-30.0,30.0,135,135,0,TRACKING,387.0,352.0,1.414,True
SCN_012,135,4.4667,TGT_002,DECOY_TARGET,true,200.0,249.0,200.0,249.0,30.0,0.0,135,135,0,TRACKING,199.0,248.0,1.414,False
SCN_012,135,4.4667,TGT_003,DECOY_TARGET,true,440.5,220.5,440.5,220.5,0.0,0.0,135,135,0,TRACKING,439.5,219.5,1.414,False
SCN_012,136,4.5,TGT_001,COMMUNICATION_TARGET,true,387.0,353.0,387.0,353.0,-30.0,0.0,136,136,0,TRACKING,386.0,352.0,1.414,True
SCN_012,136,4.5,TGT_002,DECOY_TARGET,true,201.0,249.0,201.0,249.0,30.0,0.0,136,136,0,TRACKING,200.0,248.0,1.414,False
SCN_012,136,4.5,TGT_003,DECOY_TARGET,true,440.5,220.5,440.5,220.5,0.0,0.0,136,136,0,TRACKING,439.5,219.5,1.414,False
SCN_012,137,4.5333,TGT_001,COMMUNICATION_TARGET,true,386.0,354.0,386.0,354.0,-30.0,30.0,137,137,0,TRACKING,385.0,353.0,1.414,True
SCN_012,137,4.5333,TGT_002,DECOY_TARGET,true,201.0,249.0,201.0,249.0,0.0,0.0,137,137,0,TRACKING,200.0,248.0,1.414,False
SCN_012,137,4.5333,TGT_003,DECOY_TARGET,true,440.5,220.5,440.5,220.5,0.0,0.0,137,137,0,TRACKING,439.5,219.5,1.414,False
SCN_012,138,4.5667,TGT_001,COMMUNICATION_TARGET,true,385.0,354.0,385.0,354.0,-30.0,0.0,138,138,0,TRACKING,384.0,353.0,1.414,True
SCN_012,138,4.5667,TGT_002,DECOY_TARGET,true,202.0,249.0,202.0,249.0,30.0,0.0,138,138,0,TRACKING,201.0,248.0,1.414,False
SCN_012,138,4.5667,TGT_003,DECOY_TARGET,true,440.5,220.5,440.5,220.5,0.0,0.0,138,138,0,TRACKING,439.5,219.5,1.414,False
SCN_012,139,4.6,TGT_001,COMMUNICATION_TARGET,true,384.0,355.0,384.0,355.0,-30.0,30.0,139,139,0,TRACKING,383.0,354.0,1.414,True
SCN_012,139,4.6,TGT_002,DECOY_TARGET,true,203.0,249.0,203.0,249.0,30.0,0.0,139,139,0,TRACKING,202.0,248.0,1.414,False
SCN_012,139,4.6,TGT_003,DECOY_TARGET,true,440.5,220.5,440.5,220.5,0.0,0.0,139,139,0,TRACKING,439.5,219.5,1.414,False
SCN_012,140,4.6333,TGT_001,COMMUNICATION_TARGET,true,384.0,355.0,384.0,355.0,0.0,0.0,140,140,0,TRACKING,383.0,354.0,1.414,True
SCN_012,140,4.6333,TGT_002,DECOY_TARGET,true,203.0,249.0,203.0,249.0,0.0,0.0,140,140,0,TRACKING,202.0,248.0,1.414,False
SCN_012,140,4.6333,TGT_003,DECOY_TARGET,true,440.5,220.5,440.5,220.5,0.0,0.0,140,140,0,TRACKING,439.5,219.5,1.414,False
SCN_012,141,4.6667,TGT_001,COMMUNICATION_TARGET,true,383.0,355.0,383.0,355.0,-30.0,0.0,141,141,0,TRACKING,382.0,354.0,1.414,True
SCN_012,141,4.6667,TGT_002,DECOY_TARGET,true,204.0,249.0,204.0,249.0,30.0,0.0,141,141,0,TRACKING,203.0,248.0,1.414,False
SCN_012,141,4.6667,TGT_003,DECOY_TARGET,true,440.5,220.5,440.5,220.5,0.0,0.0,141,141,0,TRACKING,439.5,219.5,1.414,False
SCN_012,142,4.7,TGT_001,COMMUNICATION_TARGET,true,382.0,356.0,382.0,356.0,-30.0,30.0,142,142,0,TRACKING,381.0,355.0,1.414,True
SCN_012,142,4.7,TGT_002,DECOY_TARGET,true,205.0,249.0,205.0,249.0,30.0,0.0,142,142,0,TRACKING,204.0,248.0,1.414,False
SCN_012,142,4.7,TGT_003,DECOY_TARGET,true,440.5,220.5,440.5,220.5,0.0,0.0,142,142,0,TRACKING,439.5,219.5,1.414,False
SCN_012,143,4.7333,TGT_001,COMMUNICATION_TARGET,true,381.0,356.0,381.0,356.0,-30.0,0.0,143,143,0,TRACKING,380.0,355.0,1.414,True
SCN_012,143,4.7333,TGT_002,DECOY_TARGET,true,205.0,249.0,205.0,249.0,0.0,0.0,143,143,0,TRACKING,204.0,248.0,1.414,False
SCN_012,143,4.7333,TGT_003,DECOY_TARGET,true,440.5,220.5,440.5,220.5,0.0,0.0,143,143,0,TRACKING,439.5,219.5,1.414,False
SCN_012,144,4.7667,TGT_001,COMMUNICATION_TARGET,true,380.0,357.0,380.0,357.0,-30.0,30.0,144,144,0,TRACKING,379.0,356.0,1.414,True
SCN_012,144,4.7667,TGT_002,DECOY_TARGET,true,206.0,249.0,206.0,249.0,30.0,0.0,144,144,0,TRACKING,205.0,248.0,1.414,False
SCN_012,144,4.7667,TGT_003,DECOY_TARGET,true,440.5,220.5,440.5,220.5,0.0,0.0,144,144,0,TRACKING,439.5,219.5,1.414,False
SCN_012,145,4.8,TGT_001,COMMUNICATION_TARGET,true,379.0,357.0,379.0,357.0,-30.0,0.0,145,145,0,TRACKING,378.0,356.0,1.414,True
SCN_012,145,4.8,TGT_002,DECOY_TARGET,true,207.0,249.0,207.0,249.0,30.0,0.0,145,145,0,TRACKING,206.0,248.0,1.414,False
SCN_012,145,4.8,TGT_003,DECOY_TARGET,true,440.5,220.5,440.5,220.5,0.0,0.0,145,145,0,TRACKING,439.5,219.5,1.414,False
SCN_012,146,4.8333,TGT_001,COMMUNICATION_TARGET,true,378.0,358.0,378.0,358.0,-30.0,30.0,146,146,0,TRACKING,377.0,357.0,1.414,True
SCN_012,146,4.8333,TGT_002,DECOY_TARGET,true,207.0,249.0,207.0,249.0,0.0,0.0,146,146,0,TRACKING,206.0,248.0,1.414,False
SCN_012,146,4.8333,TGT_003,DECOY_TARGET,true,440.5,220.5,440.5,220.5,0.0,0.0,146,146,0,TRACKING,439.5,219.5,1.414,False
SCN_012,147,4.8667,TGT_001,COMMUNICATION_TARGET,true,377.0,358.0,377.0,358.0,-30.0,0.0,147,147,0,TRACKING,376.0,357.0,1.414,True
SCN_012,147,4.8667,TGT_002,DECOY_TARGET,true,208.0,249.0,208.0,249.0,30.0,0.0,147,147,0,TRACKING,207.0,248.0,1.414,False
SCN_012,147,4.8667,TGT_003,DECOY_TARGET,true,440.5,220.5,440.5,220.5,0.0,0.0,147,147,0,TRACKING,439.5,219.5,1.414,False
SCN_012,148,4.9,TGT_001,COMMUNICATION_TARGET,true,376.0,359.0,376.0,359.0,-30.0,30.0,148,148,0,TRACKING,375.0,358.0,1.414,True
SCN_012,148,4.9,TGT_002,DECOY_TARGET,true,209.0,250.0,209.0,250.0,30.0,30.0,148,148,0,TRACKING,208.0,249.0,1.414,False
SCN_012,148,4.9,TGT_003,DECOY_TARGET,true,440.5,220.5,440.5,220.5,0.0,0.0,148,148,0,TRACKING,439.5,219.5,1.414,False
SCN_012,149,4.9333,TGT_001,COMMUNICATION_TARGET,true,375.0,359.0,375.0,359.0,-30.0,0.0,149,149,0,TRACKING,374.0,358.0,1.414,True
SCN_012,149,4.9333,TGT_002,DECOY_TARGET,true,209.0,250.0,209.0,250.0,0.0,0.0,149,149,0,TRACKING,208.0,249.0,1.414,False
SCN_012,149,4.9333,TGT_003,DECOY_TARGET,true,440.5,220.5,440.5,220.5,0.0,0.0,149,149,0,TRACKING,439.5,219.5,1.414,False
SCN_012,150,4.9667,TGT_001,COMMUNICATION_TARGET,true,375.0,359.0,375.0,359.0,0.0,0.0,150,150,0,TRACKING,374.0,358.0,1.414,True
SCN_012,150,4.9667,TGT_002,DECOY_TARGET,true,210.0,250.0,210.0,250.0,30.0,0.0,150,150,0,TRACKING,209.0,249.0,1.414,False
SCN_012,150,4.9667,TGT_003,DECOY_TARGET,true,440.5,220.5,440.5,220.5,0.0,0.0,150,150,0,TRACKING,439.5,219.5,1.414,False
SCN_012,151,5.0,TGT_001,COMMUNICATION_TARGET,true,374.0,360.0,374.0,360.0,-30.0,30.0,151,151,0,TRACKING,373.0,359.0,1.414,True
SCN_012,151,5.0,TGT_002,DECOY_TARGET,true,211.0,250.0,211.0,250.0,30.0,0.0,151,151,0,TRACKING,210.0,249.0,1.414,False
SCN_012,151,5.0,TGT_003,DECOY_TARGET,true,440.5,220.5,440.5,220.5,0.0,0.0,151,151,0,TRACKING,439.5,219.5,1.414,False
SCN_012,152,5.0333,TGT_001,COMMUNICATION_TARGET,true,373.0,360.0,373.0,360.0,-30.0,0.0,152,152,0,TRACKING,372.0,359.0,1.414,True
SCN_012,152,5.0333,TGT_002,DECOY_TARGET,true,211.0,250.0,211.0,250.0,0.0,0.0,152,152,0,TRACKING,210.0,249.0,1.414,False
SCN_012,152,5.0333,TGT_003,DECOY_TARGET,true,440.5,220.5,440.5,220.5,0.0,0.0,152,152,0,TRACKING,439.5,219.5,1.414,False
SCN_012,153,5.0667,TGT_001,COMMUNICATION_TARGET,true,372.0,361.0,372.0,361.0,-30.0,30.0,153,153,0,TRACKING,371.0,360.0,1.414,True
SCN_012,153,5.0667,TGT_002,DECOY_TARGET,true,212.0,250.0,212.0,250.0,30.0,0.0,153,153,0,TRACKING,211.0,249.0,1.414,False
SCN_012,153,5.0667,TGT_003,DECOY_TARGET,true,440.5,220.5,440.5,220.5,0.0,0.0,153,153,0,TRACKING,439.5,219.5,1.414,False
SCN_012,154,5.1,TGT_001,COMMUNICATION_TARGET,true,371.0,361.0,371.0,361.0,-30.0,0.0,154,154,0,TRACKING,370.0,360.0,1.414,True
SCN_012,154,5.1,TGT_002,DECOY_TARGET,true,213.0,250.0,213.0,250.0,30.0,0.0,154,154,0,TRACKING,212.0,249.0,1.414,False
SCN_012,154,5.1,TGT_003,DECOY_TARGET,true,440.5,220.5,440.5,220.5,0.0,0.0,154,154,0,TRACKING,439.5,219.5,1.414,False
SCN_012,155,5.1333,TGT_001,COMMUNICATION_TARGET,true,370.0,361.0,370.0,361.0,-30.0,0.0,155,155,0,TRACKING,369.0,360.0,1.414,True
SCN_012,155,5.1333,TGT_002,DECOY_TARGET,true,213.0,250.0,213.0,250.0,0.0,0.0,155,155,0,TRACKING,212.0,249.0,1.414,False
SCN_012,155,5.1333,TGT_003,DECOY_TARGET,true,440.5,220.5,440.5,220.5,0.0,0.0,155,155,0,TRACKING,439.5,219.5,1.414,False
SCN_012,156,5.1667,TGT_001,COMMUNICATION_TARGET,true,369.0,362.0,369.0,362.0,-30.0,30.0,156,156,0,TRACKING,368.0,361.0,1.414,True
SCN_012,156,5.1667,TGT_002,DECOY_TARGET,true,214.0,250.0,214.0,250.0,30.0,0.0,156,156,0,TRACKING,213.0,249.0,1.414,False
SCN_012,156,5.1667,TGT_003,DECOY_TARGET,true,440.5,220.5,440.5,220.5,0.0,0.0,156,156,0,TRACKING,439.5,219.5,1.414,False
SCN_012,157,5.2,TGT_001,COMMUNICATION_TARGET,true,368.0,362.0,368.0,362.0,-30.0,0.0,157,157,0,TRACKING,367.0,361.0,1.414,True
SCN_012,157,5.2,TGT_002,DECOY_TARGET,true,215.0,250.0,215.0,250.0,30.0,0.0,157,157,0,TRACKING,214.0,249.0,1.414,False
SCN_012,157,5.2,TGT_003,DECOY_TARGET,true,440.5,220.5,440.5,220.5,0.0,0.0,157,157,0,TRACKING,439.5,219.5,1.414,False
SCN_012,158,5.2333,TGT_001,COMMUNICATION_TARGET,true,367.0,363.0,367.0,363.0,-30.0,30.0,158,158,0,TRACKING,366.0,362.0,1.414,True
SCN_012,158,5.2333,TGT_002,DECOY_TARGET,true,215.0,250.0,215.0,250.0,0.0,0.0,158,158,0,TRACKING,214.0,249.0,1.414,False
SCN_012,158,5.2333,TGT_003,DECOY_TARGET,true,441.5,220.5,441.5,220.5,30.0,0.0,158,158,0,TRACKING,440.5,219.5,1.414,False
SCN_012,159,5.2667,TGT_001,COMMUNICATION_TARGET,true,366.0,363.0,366.0,363.0,-30.0,0.0,159,159,0,TRACKING,365.0,362.0,1.414,True
SCN_012,159,5.2667,TGT_002,DECOY_TARGET,true,216.0,250.0,216.0,250.0,30.0,0.0,159,159,0,TRACKING,215.0,249.0,1.414,False
SCN_012,159,5.2667,TGT_003,DECOY_TARGET,true,440.5,220.5,440.5,220.5,-30.0,0.0,159,159,0,TRACKING,439.5,219.5,1.414,False
SCN_012,160,5.3,TGT_001,COMMUNICATION_TARGET,true,365.0,363.0,365.0,363.0,-30.0,0.0,160,160,0,TRACKING,364.0,362.0,1.414,True
SCN_012,160,5.3,TGT_002,DECOY_TARGET,true,217.0,250.0,217.0,250.0,30.0,0.0,160,160,0,TRACKING,216.0,249.0,1.414,False
SCN_012,160,5.3,TGT_003,DECOY_TARGET,true,440.5,220.5,440.5,220.5,0.0,0.0,160,160,0,TRACKING,439.5,219.5,1.414,False
SCN_012,161,5.3333,TGT_001,COMMUNICATION_TARGET,true,364.0,364.0,364.0,364.0,-30.0,30.0,161,161,0,TRACKING,363.0,363.0,1.414,True
SCN_012,161,5.3333,TGT_002,DECOY_TARGET,true,217.0,250.0,217.0,250.0,0.0,0.0,161,161,0,TRACKING,216.0,249.0,1.414,False
SCN_012,161,5.3333,TGT_003,DECOY_TARGET,true,440.5,220.5,440.5,220.5,0.0,0.0,161,161,0,TRACKING,439.5,219.5,1.414,False
SCN_012,162,5.3667,TGT_001,COMMUNICATION_TARGET,true,363.0,364.0,363.0,364.0,-30.0,0.0,162,162,0,TRACKING,362.0,363.0,1.414,True
SCN_012,162,5.3667,TGT_002,DECOY_TARGET,true,218.0,250.0,218.0,250.0,30.0,0.0,162,162,0,TRACKING,217.0,249.0,1.414,False
SCN_012,162,5.3667,TGT_003,DECOY_TARGET,true,440.5,220.5,440.5,220.5,0.0,0.0,162,162,0,TRACKING,439.5,219.5,1.414,False
SCN_012,163,5.4,TGT_001,COMMUNICATION_TARGET,true,362.0,364.0,362.0,364.0,-30.0,0.0,163,163,0,TRACKING,361.0,363.0,1.414,True
SCN_012,163,5.4,TGT_002,DECOY_TARGET,true,219.0,250.0,219.0,250.0,30.0,0.0,163,163,0,TRACKING,218.0,249.0,1.414,False
SCN_012,163,5.4,TGT_003,DECOY_TARGET,true,440.5,220.5,440.5,220.5,0.0,0.0,163,163,0,TRACKING,439.5,219.5,1.414,False
SCN_012,164,5.4333,TGT_001,COMMUNICATION_TARGET,true,362.0,365.0,362.0,365.0,0.0,30.0,164,164,0,TRACKING,361.0,364.0,1.414,True
SCN_012,164,5.4333,TGT_002,DECOY_TARGET,true,219.0,250.0,219.0,250.0,0.0,0.0,164,164,0,TRACKING,218.0,249.0,1.414,False
SCN_012,164,5.4333,TGT_003,DECOY_TARGET,true,440.5,220.5,440.5,220.5,0.0,0.0,164,164,0,TRACKING,439.5,219.5,1.414,False
SCN_012,165,5.4667,TGT_001,COMMUNICATION_TARGET,true,361.0,365.0,361.0,365.0,-30.0,0.0,165,165,0,TRACKING,360.0,364.0,1.414,True
SCN_012,165,5.4667,TGT_002,DECOY_TARGET,true,220.0,251.0,220.0,251.0,30.0,30.0,165,165,0,TRACKING,219.0,250.0,1.414,False
SCN_012,165,5.4667,TGT_003,DECOY_TARGET,true,440.5,220.5,440.5,220.5,0.0,0.0,165,165,0,TRACKING,439.5,219.5,1.414,False
SCN_012,166,5.5,TGT_001,COMMUNICATION_TARGET,true,360.0,365.0,360.0,365.0,-30.0,0.0,166,166,0,TRACKING,359.0,364.0,1.414,True
SCN_012,166,5.5,TGT_002,DECOY_TARGET,true,221.0,251.0,221.0,251.0,30.0,0.0,166,166,0,TRACKING,220.0,250.0,1.414,False
SCN_012,166,5.5,TGT_003,DECOY_TARGET,true,440.5,220.5,440.5,220.5,0.0,0.0,166,166,0,TRACKING,439.5,219.5,1.414,False
SCN_012,167,5.5333,TGT_001,COMMUNICATION_TARGET,true,359.0,365.0,359.0,365.0,-30.0,0.0,167,167,0,TRACKING,358.0,364.0,1.414,True
SCN_012,167,5.5333,TGT_002,DECOY_TARGET,true,221.0,251.0,221.0,251.0,0.0,0.0,167,167,0,TRACKING,220.0,250.0,1.414,False
SCN_012,167,5.5333,TGT_003,DECOY_TARGET,true,440.5,220.5,440.5,220.5,0.0,0.0,167,167,0,TRACKING,439.5,219.5,1.414,False
SCN_012,168,5.5667,TGT_001,COMMUNICATION_TARGET,true,358.0,366.0,358.0,366.0,-30.0,30.0,168,168,0,TRACKING,357.0,365.0,1.414,True
SCN_012,168,5.5667,TGT_002,DECOY_TARGET,true,222.0,251.0,222.0,251.0,30.0,0.0,168,168,0,TRACKING,221.0,250.0,1.414,False
SCN_012,168,5.5667,TGT_003,DECOY_TARGET,true,440.5,220.5,440.5,220.5,0.0,0.0,168,168,0,TRACKING,439.5,219.5,1.414,False
SCN_012,169,5.6,TGT_001,COMMUNICATION_TARGET,true,357.0,366.0,357.0,366.0,-30.0,0.0,169,169,0,TRACKING,356.0,365.0,1.414,True
SCN_012,169,5.6,TGT_002,DECOY_TARGET,true,223.0,251.0,223.0,251.0,30.0,0.0,169,169,0,TRACKING,222.0,250.0,1.414,False
SCN_012,169,5.6,TGT_003,DECOY_TARGET,true,440.5,220.5,440.5,220.5,0.0,0.0,169,169,0,TRACKING,439.5,219.5,1.414,False
SCN_012,170,5.6333,TGT_001,COMMUNICATION_TARGET,true,356.0,366.0,356.0,366.0,-30.0,0.0,170,170,0,TRACKING,355.0,365.0,1.414,True
SCN_012,170,5.6333,TGT_002,DECOY_TARGET,true,223.0,251.0,223.0,251.0,0.0,0.0,170,170,0,TRACKING,222.0,250.0,1.414,False
SCN_012,170,5.6333,TGT_003,DECOY_TARGET,true,440.5,220.5,440.5,220.5,0.0,0.0,170,170,0,TRACKING,439.5,219.5,1.414,False
SCN_012,171,5.6667,TGT_001,COMMUNICATION_TARGET,true,355.0,367.0,355.0,367.0,-30.0,30.0,171,171,0,TRACKING,354.0,366.0,1.414,True
SCN_012,171,5.6667,TGT_002,DECOY_TARGET,true,224.0,251.0,224.0,251.0,30.0,0.0,171,171,0,TRACKING,223.0,250.0,1.414,False
SCN_012,171,5.6667,TGT_003,DECOY_TARGET,true,440.5,220.5,440.5,220.5,0.0,0.0,171,171,0,TRACKING,439.5,219.5,1.414,False
SCN_012,172,5.7,TGT_001,COMMUNICATION_TARGET,true,354.0,367.0,354.0,367.0,-30.0,0.0,172,172,0,TRACKING,353.0,366.0,1.414,True
SCN_012,172,5.7,TGT_002,DECOY_TARGET,true,225.0,251.0,225.0,251.0,30.0,0.0,172,172,0,TRACKING,224.0,250.0,1.414,False
SCN_012,172,5.7,TGT_003,DECOY_TARGET,true,440.5,220.5,440.5,220.5,0.0,0.0,172,172,0,TRACKING,439.5,219.5,1.414,False
SCN_012,173,5.7333,TGT_001,COMMUNICATION_TARGET,true,353.0,367.0,353.0,367.0,-30.0,0.0,173,173,0,TRACKING,352.0,366.0,1.414,True
SCN_012,173,5.7333,TGT_002,DECOY_TARGET,true,225.0,251.0,225.0,251.0,0.0,0.0,173,173,0,TRACKING,224.0,250.0,1.414,False
SCN_012,173,5.7333,TGT_003,DECOY_TARGET,true,440.5,220.5,440.5,220.5,0.0,0.0,173,173,0,TRACKING,439.5,219.5,1.414,False
SCN_012,174,5.7667,TGT_001,COMMUNICATION_TARGET,true,352.0,367.0,352.0,367.0,-30.0,0.0,174,174,0,TRACKING,351.0,366.0,1.414,True
SCN_012,174,5.7667,TGT_002,DECOY_TARGET,true,226.0,251.0,226.0,251.0,30.0,0.0,174,174,0,TRACKING,225.0,250.0,1.414,False
SCN_012,174,5.7667,TGT_003,DECOY_TARGET,true,440.5,220.5,440.5,220.5,0.0,0.0,174,174,0,TRACKING,439.5,219.5,1.414,False
SCN_012,175,5.8,TGT_001,COMMUNICATION_TARGET,true,351.0,368.0,351.0,368.0,-30.0,30.0,175,175,0,TRACKING,350.0,367.0,1.414,True
SCN_012,175,5.8,TGT_002,DECOY_TARGET,true,227.0,251.0,227.0,251.0,30.0,0.0,175,175,0,TRACKING,226.0,250.0,1.414,False
SCN_012,175,5.8,TGT_003,DECOY_TARGET,true,440.5,220.5,440.5,220.5,0.0,0.0,175,175,0,TRACKING,439.5,219.5,1.414,False
SCN_012,176,5.8333,TGT_001,COMMUNICATION_TARGET,true,350.0,368.0,350.0,368.0,-30.0,0.0,176,176,0,TRACKING,349.0,367.0,1.414,True
SCN_012,176,5.8333,TGT_002,DECOY_TARGET,true,227.0,251.0,227.0,251.0,0.0,0.0,176,176,0,TRACKING,226.0,250.0,1.414,False
SCN_012,176,5.8333,TGT_003,DECOY_TARGET,true,440.5,220.5,440.5,220.5,0.0,0.0,176,176,0,TRACKING,439.5,219.5,1.414,False
SCN_012,177,5.8667,TGT_001,COMMUNICATION_TARGET,true,349.0,368.0,349.0,368.0,-30.0,0.0,177,177,0,TRACKING,348.0,367.0,1.414,True
SCN_012,177,5.8667,TGT_002,DECOY_TARGET,true,228.0,251.0,228.0,251.0,30.0,0.0,177,177,0,TRACKING,227.0,250.0,1.414,False
SCN_012,177,5.8667,TGT_003,DECOY_TARGET,true,440.5,220.5,440.5,220.5,0.0,0.0,177,177,0,TRACKING,439.5,219.5,1.414,False
SCN_012,178,5.9,TGT_001,COMMUNICATION_TARGET,true,348.0,368.0,348.0,368.0,-30.0,0.0,178,178,0,TRACKING,347.0,367.0,1.414,True
SCN_012,178,5.9,TGT_002,DECOY_TARGET,true,229.0,251.0,229.0,251.0,30.0,0.0,178,178,0,TRACKING,228.0,250.0,1.414,False
SCN_012,178,5.9,TGT_003,DECOY_TARGET,true,440.5,220.5,440.5,220.5,0.0,0.0,178,178,0,TRACKING,439.5,219.5,1.414,False
SCN_012,179,5.9333,TGT_001,COMMUNICATION_TARGET,true,347.0,368.0,347.0,368.0,-30.0,0.0,179,179,0,TRACKING,346.0,367.0,1.414,True
SCN_012,179,5.9333,TGT_002,DECOY_TARGET,true,229.0,251.0,229.0,251.0,0.0,0.0,179,179,0,TRACKING,228.0,250.0,1.414,False
SCN_012,179,5.9333,TGT_003,DECOY_TARGET,true,440.5,220.5,440.5,220.5,0.0,0.0,179,179,0,TRACKING,439.5,219.5,1.414,False
SCN_012,180,5.9667,TGT_001,COMMUNICATION_TARGET,true,346.0,369.0,346.0,369.0,-30.0,30.0,180,180,0,TRACKING,345.0,368.0,1.414,True
SCN_012,180,5.9667,TGT_002,DECOY_TARGET,true,230.0,251.0,230.0,251.0,30.0,0.0,180,180,0,TRACKING,229.0,250.0,1.414,False
SCN_012,180,5.9667,TGT_003,DECOY_TARGET,true,440.5,220.5,440.5,220.5,0.0,0.0,180,180,0,TRACKING,439.5,219.5,1.414,False
SCN_012,181,6.0,TGT_001,COMMUNICATION_TARGET,true,345.0,369.0,345.0,369.0,-30.0,0.0,181,181,0,TRACKING,344.0,368.0,1.414,True
SCN_012,181,6.0,TGT_002,DECOY_TARGET,true,231.0,251.0,231.0,251.0,30.0,0.0,181,181,0,TRACKING,230.0,250.0,1.414,False
SCN_012,181,6.0,TGT_003,DECOY_TARGET,true,440.5,220.5,440.5,220.5,0.0,0.0,181,181,0,TRACKING,439.5,219.5,1.414,False
SCN_012,182,6.0333,TGT_001,COMMUNICATION_TARGET,true,344.0,369.0,344.0,369.0,-30.0,0.0,182,182,0,TRACKING,343.0,368.0,1.414,True
SCN_012,182,6.0333,TGT_002,DECOY_TARGET,true,231.0,252.0,231.0,252.0,0.0,30.0,182,182,0,TRACKING,230.0,251.0,1.414,False
SCN_012,182,6.0333,TGT_003,DECOY_TARGET,true,440.5,220.5,440.5,220.5,0.0,0.0,182,182,0,TRACKING,439.5,219.5,1.414,False
SCN_012,183,6.0667,TGT_001,COMMUNICATION_TARGET,true,343.0,369.0,343.0,369.0,-30.0,0.0,183,183,0,TRACKING,342.0,368.0,1.414,True
SCN_012,183,6.0667,TGT_002,DECOY_TARGET,true,232.0,252.0,232.0,252.0,30.0,0.0,183,183,0,TRACKING,231.0,251.0,1.414,False
SCN_012,183,6.0667,TGT_003,DECOY_TARGET,true,440.5,220.5,440.5,220.5,0.0,0.0,183,183,0,TRACKING,439.5,219.5,1.414,False
SCN_012,184,6.1,TGT_001,COMMUNICATION_TARGET,true,342.0,369.0,342.0,369.0,-30.0,0.0,184,184,0,TRACKING,341.0,368.0,1.414,True
SCN_012,184,6.1,TGT_002,DECOY_TARGET,true,233.0,252.0,233.0,252.0,30.0,0.0,184,184,0,TRACKING,232.0,251.0,1.414,False
SCN_012,184,6.1,TGT_003,DECOY_TARGET,true,440.5,220.5,440.5,220.5,0.0,0.0,184,184,0,TRACKING,439.5,219.5,1.414,False
SCN_012,185,6.1333,TGT_001,COMMUNICATION_TARGET,true,341.0,369.0,341.0,369.0,-30.0,0.0,185,185,0,TRACKING,340.0,368.0,1.414,True
SCN_012,185,6.1333,TGT_002,DECOY_TARGET,true,233.0,252.0,233.0,252.0,0.0,0.0,185,185,0,TRACKING,232.0,251.0,1.414,False
SCN_012,185,6.1333,TGT_003,DECOY_TARGET,true,440.5,220.5,440.5,220.5,0.0,0.0,185,185,0,TRACKING,439.5,219.5,1.414,False
SCN_012,186,6.1667,TGT_001,COMMUNICATION_TARGET,true,340.0,370.0,340.0,370.0,-30.0,30.0,186,186,0,TRACKING,339.0,369.0,1.414,True
SCN_012,186,6.1667,TGT_002,DECOY_TARGET,true,234.0,252.0,234.0,252.0,30.0,0.0,186,186,0,TRACKING,233.0,251.0,1.414,False
SCN_012,186,6.1667,TGT_003,DECOY_TARGET,true,440.5,220.5,440.5,220.5,0.0,0.0,186,186,0,TRACKING,439.5,219.5,1.414,False
SCN_012,187,6.2,TGT_001,COMMUNICATION_TARGET,true,339.0,370.0,339.0,370.0,-30.0,0.0,187,187,0,TRACKING,338.0,369.0,1.414,True
SCN_012,187,6.2,TGT_002,DECOY_TARGET,true,235.0,252.0,235.0,252.0,30.0,0.0,187,187,0,TRACKING,234.0,251.0,1.414,False
SCN_012,187,6.2,TGT_003,DECOY_TARGET,true,440.5,220.5,440.5,220.5,0.0,0.0,187,187,0,TRACKING,439.5,219.5,1.414,False
SCN_012,188,6.2333,TGT_001,COMMUNICATION_TARGET,true,338.0,370.0,338.0,370.0,-30.0,0.0,188,188,0,TRACKING,337.0,369.0,1.414,True
SCN_012,188,6.2333,TGT_002,DECOY_TARGET,true,235.0,252.0,235.0,252.0,0.0,0.0,188,188,0,TRACKING,234.0,251.0,1.414,False
SCN_012,188,6.2333,TGT_003,DECOY_TARGET,true,441.5,220.5,441.5,220.5,30.0,0.0,188,188,0,TRACKING,440.5,219.5,1.414,False
SCN_012,189,6.2667,TGT_001,COMMUNICATION_TARGET,true,337.0,370.0,337.0,370.0,-30.0,0.0,189,189,0,TRACKING,336.0,369.0,1.414,True
SCN_012,189,6.2667,TGT_002,DECOY_TARGET,true,236.0,252.0,236.0,252.0,30.0,0.0,189,189,0,TRACKING,235.0,251.0,1.414,False
SCN_012,189,6.2667,TGT_003,DECOY_TARGET,true,441.5,220.5,441.5,220.5,0.0,0.0,189,189,0,TRACKING,440.5,219.5,1.414,False
SCN_012,190,6.3,TGT_001,COMMUNICATION_TARGET,true,336.0,370.0,336.0,370.0,-30.0,0.0,190,190,0,TRACKING,335.0,369.0,1.414,True
SCN_012,190,6.3,TGT_002,DECOY_TARGET,true,237.0,252.0,237.0,252.0,30.0,0.0,190,190,0,TRACKING,236.0,251.0,1.414,False
SCN_012,190,6.3,TGT_003,DECOY_TARGET,true,441.5,220.5,441.5,220.5,0.0,0.0,190,190,0,TRACKING,440.5,219.5,1.414,False
SCN_012,191,6.3333,TGT_001,COMMUNICATION_TARGET,true,335.0,370.0,335.0,370.0,-30.0,0.0,191,191,0,TRACKING,334.0,369.0,1.414,True
SCN_012,191,6.3333,TGT_002,DECOY_TARGET,true,237.0,252.0,237.0,252.0,0.0,0.0,191,191,0,TRACKING,236.0,251.0,1.414,False
SCN_012,191,6.3333,TGT_003,DECOY_TARGET,true,441.5,220.5,441.5,220.5,0.0,0.0,191,191,0,TRACKING,440.5,219.5,1.414,False
SCN_012,192,6.3667,TGT_001,COMMUNICATION_TARGET,true,334.0,370.0,334.0,370.0,-30.0,0.0,192,192,0,TRACKING,333.0,369.0,1.414,True
SCN_012,192,6.3667,TGT_002,DECOY_TARGET,true,238.0,252.0,238.0,252.0,30.0,0.0,192,192,0,TRACKING,237.0,251.0,1.414,False
SCN_012,192,6.3667,TGT_003,DECOY_TARGET,true,441.5,220.5,441.5,220.5,0.0,0.0,192,192,0,TRACKING,440.5,219.5,1.414,False
SCN_012,193,6.4,TGT_001,COMMUNICATION_TARGET,true,333.0,370.0,333.0,370.0,-30.0,0.0,193,193,0,TRACKING,332.0,369.0,1.414,True
SCN_012,193,6.4,TGT_002,DECOY_TARGET,true,239.0,252.0,239.0,252.0,30.0,0.0,193,193,0,TRACKING,238.0,251.0,1.414,False
SCN_012,193,6.4,TGT_003,DECOY_TARGET,true,441.5,220.5,441.5,220.5,0.0,0.0,193,193,0,TRACKING,440.5,219.5,1.414,False
SCN_012,194,6.4333,TGT_001,COMMUNICATION_TARGET,true,332.0,371.0,332.0,371.0,-30.0,30.0,194,194,0,TRACKING,331.0,370.0,1.414,True
SCN_012,194,6.4333,TGT_002,DECOY_TARGET,true,239.0,252.0,239.0,252.0,0.0,0.0,194,194,0,TRACKING,238.0,251.0,1.414,False
SCN_012,194,6.4333,TGT_003,DECOY_TARGET,true,441.5,220.5,441.5,220.5,0.0,0.0,194,194,0,TRACKING,440.5,219.5,1.414,False
SCN_012,195,6.4667,TGT_001,COMMUNICATION_TARGET,true,331.0,371.0,331.0,371.0,-30.0,0.0,195,195,0,TRACKING,330.0,370.0,1.414,True
SCN_012,195,6.4667,TGT_002,DECOY_TARGET,true,240.0,252.0,240.0,252.0,30.0,0.0,195,195,0,TRACKING,239.0,251.0,1.414,False
SCN_012,195,6.4667,TGT_003,DECOY_TARGET,true,441.5,220.5,441.5,220.5,0.0,0.0,195,195,0,TRACKING,440.5,219.5,1.414,False
SCN_012,196,6.5,TGT_001,COMMUNICATION_TARGET,true,330.0,371.0,330.0,371.0,-30.0,0.0,196,196,0,TRACKING,329.0,370.0,1.414,True
SCN_012,196,6.5,TGT_002,DECOY_TARGET,true,241.0,252.0,241.0,252.0,30.0,0.0,196,196,0,TRACKING,240.0,251.0,1.414,False
SCN_012,196,6.5,TGT_003,DECOY_TARGET,true,441.5,220.5,441.5,220.5,0.0,0.0,196,196,0,TRACKING,440.5,219.5,1.414,False
SCN_012,197,6.5333,TGT_001,COMMUNICATION_TARGET,true,329.0,371.0,329.0,371.0,-30.0,0.0,197,197,0,TRACKING,328.0,370.0,1.414,True
SCN_012,197,6.5333,TGT_002,DECOY_TARGET,true,241.0,252.0,241.0,252.0,0.0,0.0,197,197,0,TRACKING,240.0,251.0,1.414,False
SCN_012,197,6.5333,TGT_003,DECOY_TARGET,true,441.5,220.5,441.5,220.5,0.0,0.0,197,197,0,TRACKING,440.5,219.5,1.414,False
SCN_012,198,6.5667,TGT_001,COMMUNICATION_TARGET,true,328.0,371.0,328.0,371.0,-30.0,0.0,198,198,0,TRACKING,327.0,370.0,1.414,True
SCN_012,198,6.5667,TGT_002,DECOY_TARGET,true,242.0,252.0,242.0,252.0,30.0,0.0,198,198,0,TRACKING,241.0,251.0,1.414,False
SCN_012,198,6.5667,TGT_003,DECOY_TARGET,true,441.5,220.5,441.5,220.5,0.0,0.0,198,198,0,TRACKING,440.5,219.5,1.414,False
SCN_012,199,6.6,TGT_001,COMMUNICATION_TARGET,true,327.0,371.0,327.0,371.0,-30.0,0.0,199,199,0,TRACKING,326.0,370.0,1.414,True
SCN_012,199,6.6,TGT_002,DECOY_TARGET,true,242.0,253.0,242.0,253.0,0.0,30.0,199,199,0,TRACKING,241.0,252.0,1.414,False
SCN_012,199,6.6,TGT_003,DECOY_TARGET,true,441.5,220.5,441.5,220.5,0.0,0.0,199,199,0,TRACKING,440.5,219.5,1.414,False
SCN_012,200,6.6333,TGT_001,COMMUNICATION_TARGET,true,326.0,371.0,326.0,371.0,-30.0,0.0,200,200,0,TRACKING,325.0,370.0,1.414,True
SCN_012,200,6.6333,TGT_002,DECOY_TARGET,true,243.0,253.0,243.0,253.0,30.0,0.0,200,200,0,TRACKING,242.0,252.0,1.414,False
SCN_012,200,6.6333,TGT_003,DECOY_TARGET,true,441.5,220.5,441.5,220.5,0.0,0.0,200,200,0,TRACKING,440.5,219.5,1.414,False
SCN_012,201,6.6667,TGT_001,COMMUNICATION_TARGET,true,325.0,371.0,325.0,371.0,-30.0,0.0,201,201,0,TRACKING,324.0,370.0,1.414,True
SCN_012,201,6.6667,TGT_002,DECOY_TARGET,true,244.0,253.0,244.0,253.0,30.0,0.0,201,201,0,TRACKING,243.0,252.0,1.414,False
SCN_012,201,6.6667,TGT_003,DECOY_TARGET,true,441.5,220.5,441.5,220.5,0.0,0.0,201,201,0,TRACKING,440.5,219.5,1.414,False
SCN_012,202,6.7,TGT_001,COMMUNICATION_TARGET,true,324.0,371.0,324.0,371.0,-30.0,0.0,202,202,0,TRACKING,323.0,370.0,1.414,True
SCN_012,202,6.7,TGT_002,DECOY_TARGET,true,244.0,253.0,244.0,253.0,0.0,0.0,202,202,0,TRACKING,243.0,252.0,1.414,False
SCN_012,202,6.7,TGT_003,DECOY_TARGET,true,441.5,220.5,441.5,220.5,0.0,0.0,202,202,0,TRACKING,440.5,219.5,1.414,False
SCN_012,203,6.7333,TGT_001,COMMUNICATION_TARGET,true,323.0,371.0,323.0,371.0,-30.0,0.0,203,203,0,TRACKING,322.0,370.0,1.414,True
SCN_012,203,6.7333,TGT_002,DECOY_TARGET,true,245.0,253.0,245.0,253.0,30.0,0.0,203,203,0,TRACKING,244.0,252.0,1.414,False
SCN_012,203,6.7333,TGT_003,DECOY_TARGET,true,441.5,220.5,441.5,220.5,0.0,0.0,203,203,0,TRACKING,440.5,219.5,1.414,False
SCN_012,204,6.7667,TGT_001,COMMUNICATION_TARGET,true,322.0,371.0,322.0,371.0,-30.0,0.0,204,204,0,TRACKING,321.0,370.0,1.414,True
SCN_012,204,6.7667,TGT_002,DECOY_TARGET,true,246.0,253.0,246.0,253.0,30.0,0.0,204,204,0,TRACKING,245.0,252.0,1.414,False
SCN_012,204,6.7667,TGT_003,DECOY_TARGET,true,441.5,220.5,441.5,220.5,0.0,0.0,204,204,0,TRACKING,440.5,219.5,1.414,False
SCN_012,205,6.8,TGT_001,COMMUNICATION_TARGET,true,321.0,371.0,321.0,371.0,-30.0,0.0,205,205,0,TRACKING,320.0,370.0,1.414,True
SCN_012,205,6.8,TGT_002,DECOY_TARGET,true,246.0,253.0,246.0,253.0,0.0,0.0,205,205,0,TRACKING,245.0,252.0,1.414,False
SCN_012,205,6.8,TGT_003,DECOY_TARGET,true,441.5,220.5,441.5,220.5,0.0,0.0,205,205,0,TRACKING,440.5,219.5,1.414,False
SCN_012,206,6.8333,TGT_001,COMMUNICATION_TARGET,true,320.0,371.0,320.0,371.0,-30.0,0.0,206,206,0,TRACKING,319.0,370.0,1.414,True
SCN_012,206,6.8333,TGT_002,DECOY_TARGET,true,247.0,253.0,247.0,253.0,30.0,0.0,206,206,0,TRACKING,246.0,252.0,1.414,False
SCN_012,206,6.8333,TGT_003,DECOY_TARGET,true,441.5,220.5,441.5,220.5,0.0,0.0,206,206,0,TRACKING,440.5,219.5,1.414,False
SCN_012,207,6.8667,TGT_001,COMMUNICATION_TARGET,true,319.0,371.0,319.0,371.0,-30.0,0.0,207,207,0,TRACKING,318.0,370.0,1.414,True
SCN_012,207,6.8667,TGT_002,DECOY_TARGET,true,248.0,253.0,248.0,253.0,30.0,0.0,207,207,0,TRACKING,247.0,252.0,1.414,False
SCN_012,207,6.8667,TGT_003,DECOY_TARGET,true,441.5,220.5,441.5,220.5,0.0,0.0,207,207,0,TRACKING,440.5,219.5,1.414,False
SCN_012,208,6.9,TGT_001,COMMUNICATION_TARGET,true,318.0,371.0,318.0,371.0,-30.0,0.0,208,208,0,TRACKING,317.0,370.0,1.414,True
SCN_012,208,6.9,TGT_002,DECOY_TARGET,true,248.0,253.0,248.0,253.0,0.0,0.0,208,208,0,TRACKING,247.0,252.0,1.414,False
SCN_012,208,6.9,TGT_003,DECOY_TARGET,true,441.5,220.5,441.5,220.5,0.0,0.0,208,208,0,TRACKING,440.5,219.5,1.414,False
SCN_012,209,6.9333,TGT_001,COMMUNICATION_TARGET,true,317.0,371.0,317.0,371.0,-30.0,0.0,209,209,0,TRACKING,316.0,370.0,1.414,True
SCN_012,209,6.9333,TGT_002,DECOY_TARGET,true,249.0,253.0,249.0,253.0,30.0,0.0,209,209,0,TRACKING,248.0,252.0,1.414,False
SCN_012,209,6.9333,TGT_003,DECOY_TARGET,true,441.5,220.5,441.5,220.5,0.0,0.0,209,209,0,TRACKING,440.5,219.5,1.414,False
SCN_012,210,6.9667,TGT_001,COMMUNICATION_TARGET,true,316.0,371.0,316.0,371.0,-30.0,0.0,210,210,0,TRACKING,315.0,370.0,1.414,True
SCN_012,210,6.9667,TGT_002,DECOY_TARGET,true,250.0,253.0,250.0,253.0,30.0,0.0,210,210,0,TRACKING,249.0,252.0,1.414,False
SCN_012,210,6.9667,TGT_003,DECOY_TARGET,true,441.5,220.5,441.5,220.5,0.0,0.0,210,210,0,TRACKING,440.5,219.5,1.414,False
SCN_012,211,7.0,TGT_001,COMMUNICATION_TARGET,true,315.0,371.0,315.0,371.0,-30.0,0.0,211,211,0,TRACKING,314.0,370.0,1.414,True
SCN_012,211,7.0,TGT_002,DECOY_TARGET,true,250.0,253.0,250.0,253.0,0.0,0.0,211,211,0,TRACKING,249.0,252.0,1.414,False
SCN_012,211,7.0,TGT_003,DECOY_TARGET,true,441.5,220.5,441.5,220.5,0.0,0.0,211,211,0,TRACKING,440.5,219.5,1.414,False
SCN_012,212,7.0333,TGT_001,COMMUNICATION_TARGET,true,314.0,371.0,314.0,371.0,-30.0,0.0,212,212,0,TRACKING,313.0,370.0,1.414,True
SCN_012,212,7.0333,TGT_002,DECOY_TARGET,true,251.0,253.0,251.0,253.0,30.0,0.0,212,212,0,TRACKING,250.0,252.0,1.414,False
SCN_012,212,7.0333,TGT_003,DECOY_TARGET,true,441.5,220.5,441.5,220.5,0.0,0.0,212,212,0,TRACKING,440.5,219.5,1.414,False
SCN_012,213,7.0667,TGT_001,COMMUNICATION_TARGET,true,313.0,371.0,313.0,371.0,-30.0,0.0,213,213,0,TRACKING,312.0,370.0,1.414,True
SCN_012,213,7.0667,TGT_002,DECOY_TARGET,true,252.0,253.0,252.0,253.0,30.0,0.0,213,213,0,TRACKING,251.0,252.0,1.414,False
SCN_012,213,7.0667,TGT_003,DECOY_TARGET,true,441.5,220.5,441.5,220.5,0.0,0.0,213,213,0,TRACKING,440.5,219.5,1.414,False
SCN_012,214,7.1,TGT_001,COMMUNICATION_TARGET,true,312.0,371.0,312.0,371.0,-30.0,0.0,214,214,0,TRACKING,311.0,370.0,1.414,True
SCN_012,214,7.1,TGT_002,DECOY_TARGET,true,252.0,253.0,252.0,253.0,0.0,0.0,214,214,0,TRACKING,251.0,252.0,1.414,False
SCN_012,214,7.1,TGT_003,DECOY_TARGET,true,441.5,220.5,441.5,220.5,0.0,0.0,214,214,0,TRACKING,440.5,219.5,1.414,False
SCN_012,215,7.1333,TGT_001,COMMUNICATION_TARGET,true,311.0,371.0,311.0,371.0,-30.0,0.0,215,215,0,TRACKING,310.0,370.0,1.414,True
SCN_012,215,7.1333,TGT_002,DECOY_TARGET,true,253.0,253.0,253.0,253.0,30.0,0.0,215,215,0,TRACKING,252.0,252.0,1.414,False
SCN_012,215,7.1333,TGT_003,DECOY_TARGET,true,441.5,220.5,441.5,220.5,0.0,0.0,215,215,0,TRACKING,440.5,219.5,1.414,False
SCN_012,216,7.1667,TGT_001,COMMUNICATION_TARGET,true,310.0,371.0,310.0,371.0,-30.0,0.0,216,216,0,TRACKING,309.0,370.0,1.414,True
SCN_012,216,7.1667,TGT_002,DECOY_TARGET,true,254.0,253.0,254.0,253.0,30.0,0.0,216,216,0,TRACKING,253.0,252.0,1.414,False
SCN_012,216,7.1667,TGT_003,DECOY_TARGET,true,441.5,221.5,441.5,221.5,0.0,30.0,216,216,0,TRACKING,440.5,220.5,1.414,False
SCN_012,217,7.2,TGT_001,COMMUNICATION_TARGET,true,309.0,370.0,309.0,370.0,-30.0,-30.0,217,217,0,TRACKING,308.0,369.0,1.414,True
SCN_012,217,7.2,TGT_002,DECOY_TARGET,true,254.0,254.0,254.0,254.0,0.0,30.0,217,217,0,TRACKING,253.0,253.0,1.414,False
SCN_012,217,7.2,TGT_003,DECOY_TARGET,true,441.5,221.5,441.5,221.5,0.0,0.0,217,217,0,TRACKING,440.5,220.5,1.414,False
SCN_012,218,7.2333,TGT_001,COMMUNICATION_TARGET,true,308.0,370.0,308.0,370.0,-30.0,0.0,218,218,0,TRACKING,307.0,369.0,1.414,True
SCN_012,218,7.2333,TGT_002,DECOY_TARGET,true,255.0,254.0,255.0,254.0,30.0,0.0,218,218,0,TRACKING,254.0,253.0,1.414,False
SCN_012,218,7.2333,TGT_003,DECOY_TARGET,true,441.5,221.5,441.5,221.5,0.0,0.0,218,218,0,TRACKING,440.5,220.5,1.414,False
SCN_012,219,7.2667,TGT_001,COMMUNICATION_TARGET,true,307.0,370.0,307.0,370.0,-30.0,0.0,219,219,0,TRACKING,306.0,369.0,1.414,True
SCN_012,219,7.2667,TGT_002,DECOY_TARGET,true,256.0,254.0,256.0,254.0,30.0,0.0,219,219,0,TRACKING,255.0,253.0,1.414,False
SCN_012,219,7.2667,TGT_003,DECOY_TARGET,true,441.5,221.5,441.5,221.5,0.0,0.0,219,219,0,TRACKING,440.5,220.5,1.414,False
SCN_012,220,7.3,TGT_001,COMMUNICATION_TARGET,true,306.0,370.0,306.0,370.0,-30.0,0.0,220,220,0,TRACKING,305.0,369.0,1.414,True
SCN_012,220,7.3,TGT_002,DECOY_TARGET,true,256.0,254.0,256.0,254.0,0.0,0.0,220,220,0,TRACKING,255.0,253.0,1.414,False
SCN_012,220,7.3,TGT_003,DECOY_TARGET,true,441.5,221.5,441.5,221.5,0.0,0.0,220,220,0,TRACKING,440.5,220.5,1.414,False
SCN_012,221,7.3333,TGT_001,COMMUNICATION_TARGET,true,305.0,370.0,305.0,370.0,-30.0,0.0,221,221,0,TRACKING,304.0,369.0,1.414,True
SCN_012,221,7.3333,TGT_002,DECOY_TARGET,true,257.0,254.0,257.0,254.0,30.0,0.0,221,221,0,TRACKING,256.0,253.0,1.414,False
SCN_012,221,7.3333,TGT_003,DECOY_TARGET,true,441.5,221.5,441.5,221.5,0.0,0.0,221,221,0,TRACKING,440.5,220.5,1.414,False
SCN_012,222,7.3667,TGT_001,COMMUNICATION_TARGET,true,304.0,370.0,304.0,370.0,-30.0,0.0,222,222,0,TRACKING,303.0,369.0,1.414,True
SCN_012,222,7.3667,TGT_002,DECOY_TARGET,true,258.0,254.0,258.0,254.0,30.0,0.0,222,222,0,TRACKING,257.0,253.0,1.414,False
SCN_012,222,7.3667,TGT_003,DECOY_TARGET,true,441.5,221.5,441.5,221.5,0.0,0.0,222,222,0,TRACKING,440.5,220.5,1.414,False
SCN_012,223,7.4,TGT_001,COMMUNICATION_TARGET,true,303.0,370.0,303.0,370.0,-30.0,0.0,223,223,0,TRACKING,302.0,369.0,1.414,True
SCN_012,223,7.4,TGT_002,DECOY_TARGET,true,258.0,254.0,258.0,254.0,0.0,0.0,223,223,0,TRACKING,257.0,253.0,1.414,False
SCN_012,223,7.4,TGT_003,DECOY_TARGET,true,441.5,221.5,441.5,221.5,0.0,0.0,223,223,0,TRACKING,440.5,220.5,1.414,False
SCN_012,224,7.4333,TGT_001,COMMUNICATION_TARGET,true,302.0,370.0,302.0,370.0,-30.0,0.0,224,224,0,TRACKING,301.0,369.0,1.414,True
SCN_012,224,7.4333,TGT_002,DECOY_TARGET,true,259.0,254.0,259.0,254.0,30.0,0.0,224,224,0,TRACKING,258.0,253.0,1.414,False
SCN_012,224,7.4333,TGT_003,DECOY_TARGET,true,441.5,221.5,441.5,221.5,0.0,0.0,224,224,0,TRACKING,440.5,220.5,1.414,False
SCN_012,225,7.4667,TGT_001,COMMUNICATION_TARGET,true,301.0,369.0,301.0,369.0,-30.0,-30.0,225,225,0,TRACKING,300.0,368.0,1.414,True
SCN_012,225,7.4667,TGT_002,DECOY_TARGET,true,260.0,254.0,260.0,254.0,30.0,0.0,225,225,0,TRACKING,259.0,253.0,1.414,False
SCN_012,225,7.4667,TGT_003,DECOY_TARGET,true,441.5,221.5,441.5,221.5,0.0,0.0,225,225,0,TRACKING,440.5,220.5,1.414,False
SCN_012,226,7.5,TGT_001,COMMUNICATION_TARGET,true,300.0,369.0,300.0,369.0,-30.0,0.0,226,226,0,TRACKING,299.0,368.0,1.414,True
SCN_012,226,7.5,TGT_002,DECOY_TARGET,true,260.0,254.0,260.0,254.0,0.0,0.0,226,226,0,TRACKING,259.0,253.0,1.414,False
SCN_012,226,7.5,TGT_003,DECOY_TARGET,true,441.5,221.5,441.5,221.5,0.0,0.0,226,226,0,TRACKING,440.5,220.5,1.414,False
SCN_012,227,7.5333,TGT_001,COMMUNICATION_TARGET,true,299.0,369.0,299.0,369.0,-30.0,0.0,227,227,0,TRACKING,298.0,368.0,1.414,True
SCN_012,227,7.5333,TGT_002,DECOY_TARGET,true,261.0,254.0,261.0,254.0,30.0,0.0,227,227,0,TRACKING,260.0,253.0,1.414,False
SCN_012,227,7.5333,TGT_003,DECOY_TARGET,true,441.5,221.5,441.5,221.5,0.0,0.0,227,227,0,TRACKING,440.5,220.5,1.414,False
SCN_012,228,7.5667,TGT_001,COMMUNICATION_TARGET,true,298.0,369.0,298.0,369.0,-30.0,0.0,228,228,0,TRACKING,297.0,368.0,1.414,True
SCN_012,228,7.5667,TGT_002,DECOY_TARGET,true,262.0,254.0,262.0,254.0,30.0,0.0,228,228,0,TRACKING,261.0,253.0,1.414,False
SCN_012,228,7.5667,TGT_003,DECOY_TARGET,true,441.5,221.5,441.5,221.5,0.0,0.0,228,228,0,TRACKING,440.5,220.5,1.414,False
SCN_012,229,7.6,TGT_001,COMMUNICATION_TARGET,true,297.0,369.0,297.0,369.0,-30.0,0.0,229,229,0,TRACKING,296.0,368.0,1.414,True
SCN_012,229,7.6,TGT_002,DECOY_TARGET,true,262.0,254.0,262.0,254.0,0.0,0.0,229,229,0,TRACKING,261.0,253.0,1.414,False
SCN_012,229,7.6,TGT_003,DECOY_TARGET,true,441.5,221.5,441.5,221.5,0.0,0.0,229,229,0,TRACKING,440.5,220.5,1.414,False
SCN_012,230,7.6333,TGT_001,COMMUNICATION_TARGET,true,296.0,369.0,296.0,369.0,-30.0,0.0,230,230,0,TRACKING,295.0,368.0,1.414,True
SCN_012,230,7.6333,TGT_002,DECOY_TARGET,true,263.0,254.0,263.0,254.0,30.0,0.0,230,230,0,TRACKING,262.0,253.0,1.414,False
SCN_012,230,7.6333,TGT_003,DECOY_TARGET,true,441.5,221.5,441.5,221.5,0.0,0.0,230,230,0,TRACKING,440.5,220.5,1.414,False
SCN_012,231,7.6667,TGT_001,COMMUNICATION_TARGET,true,295.0,368.0,295.0,368.0,-30.0,-30.0,231,231,0,TRACKING,294.0,367.0,1.414,True
SCN_012,231,7.6667,TGT_002,DECOY_TARGET,true,264.0,254.0,264.0,254.0,30.0,0.0,231,231,0,TRACKING,263.0,253.0,1.414,False
SCN_012,231,7.6667,TGT_003,DECOY_TARGET,true,441.5,221.5,441.5,221.5,0.0,0.0,231,231,0,TRACKING,440.5,220.5,1.414,False
SCN_012,232,7.7,TGT_001,COMMUNICATION_TARGET,true,294.0,368.0,294.0,368.0,-30.0,0.0,232,232,0,TRACKING,293.0,367.0,1.414,True
SCN_012,232,7.7,TGT_002,DECOY_TARGET,true,264.0,254.0,264.0,254.0,0.0,0.0,232,232,0,TRACKING,263.0,253.0,1.414,False
SCN_012,232,7.7,TGT_003,DECOY_TARGET,true,441.5,221.5,441.5,221.5,0.0,0.0,232,232,0,TRACKING,440.5,220.5,1.414,False
SCN_012,233,7.7333,TGT_001,COMMUNICATION_TARGET,true,293.0,368.0,293.0,368.0,-30.0,0.0,233,233,0,TRACKING,292.0,367.0,1.414,True
SCN_012,233,7.7333,TGT_002,DECOY_TARGET,true,265.0,254.0,265.0,254.0,30.0,0.0,233,233,0,TRACKING,264.0,253.0,1.414,False
SCN_012,233,7.7333,TGT_003,DECOY_TARGET,true,441.5,221.5,441.5,221.5,0.0,0.0,233,233,0,TRACKING,440.5,220.5,1.414,False
SCN_012,234,7.7667,TGT_001,COMMUNICATION_TARGET,true,292.0,368.0,292.0,368.0,-30.0,0.0,234,234,0,TRACKING,291.0,367.0,1.414,True
SCN_012,234,7.7667,TGT_002,DECOY_TARGET,true,266.0,255.0,266.0,255.0,30.0,30.0,234,234,0,TRACKING,265.0,254.0,1.414,False
SCN_012,234,7.7667,TGT_003,DECOY_TARGET,true,441.5,221.5,441.5,221.5,0.0,0.0,234,234,0,TRACKING,440.5,220.5,1.414,False
SCN_012,235,7.8,TGT_001,COMMUNICATION_TARGET,true,291.0,368.0,291.0,368.0,-30.0,0.0,235,235,0,TRACKING,290.0,367.0,1.414,True
SCN_012,235,7.8,TGT_002,DECOY_TARGET,true,266.0,255.0,266.0,255.0,0.0,0.0,235,235,0,TRACKING,265.0,254.0,1.414,False
SCN_012,235,7.8,TGT_003,DECOY_TARGET,true,441.5,221.5,441.5,221.5,0.0,0.0,235,235,0,TRACKING,440.5,220.5,1.414,False
SCN_012,236,7.8333,TGT_001,COMMUNICATION_TARGET,true,290.0,367.0,290.0,367.0,-30.0,-30.0,236,236,0,TRACKING,289.0,366.0,1.414,True
SCN_012,236,7.8333,TGT_002,DECOY_TARGET,true,267.0,255.0,267.0,255.0,30.0,0.0,236,236,0,TRACKING,266.0,254.0,1.414,False
SCN_012,236,7.8333,TGT_003,DECOY_TARGET,true,441.5,221.5,441.5,221.5,0.0,0.0,236,236,0,TRACKING,440.5,220.5,1.414,False
SCN_012,237,7.8667,TGT_001,COMMUNICATION_TARGET,true,290.0,367.0,290.0,367.0,0.0,0.0,237,237,0,TRACKING,289.0,366.0,1.414,True
SCN_012,237,7.8667,TGT_002,DECOY_TARGET,true,268.0,255.0,268.0,255.0,30.0,0.0,237,237,0,TRACKING,267.0,254.0,1.414,False
SCN_012,237,7.8667,TGT_003,DECOY_TARGET,true,441.5,221.5,441.5,221.5,0.0,0.0,237,237,0,TRACKING,440.5,220.5,1.414,False
SCN_012,238,7.9,TGT_001,COMMUNICATION_TARGET,true,289.0,367.0,289.0,367.0,-30.0,0.0,238,238,0,TRACKING,288.0,366.0,1.414,True
SCN_012,238,7.9,TGT_002,DECOY_TARGET,true,268.0,255.0,268.0,255.0,0.0,0.0,238,238,0,TRACKING,267.0,254.0,1.414,False
SCN_012,238,7.9,TGT_003,DECOY_TARGET,true,441.5,221.5,441.5,221.5,0.0,0.0,238,238,0,TRACKING,440.5,220.5,1.414,False
SCN_012,239,7.9333,TGT_001,COMMUNICATION_TARGET,true,288.0,367.0,288.0,367.0,-30.0,0.0,239,239,0,TRACKING,287.0,366.0,1.414,True
SCN_012,239,7.9333,TGT_002,DECOY_TARGET,true,269.0,255.0,269.0,255.0,30.0,0.0,239,239,0,TRACKING,268.0,254.0,1.414,False
SCN_012,239,7.9333,TGT_003,DECOY_TARGET,true,441.5,221.5,441.5,221.5,0.0,0.0,239,239,0,TRACKING,440.5,220.5,1.414,False
SCN_012,240,7.9667,TGT_001,COMMUNICATION_TARGET,false,,,,,-30.0,0.0,239,0,1,TEMPORARILY_LOST,286.0,365.0,,True
SCN_012,240,7.9667,TGT_002,DECOY_TARGET,true,270.0,255.0,270.0,255.0,30.0,0.0,240,240,0,TRACKING,269.0,254.0,1.414,False
SCN_012,240,7.9667,TGT_003,DECOY_TARGET,true,441.5,221.5,441.5,221.5,0.0,0.0,240,240,0,TRACKING,440.5,220.5,1.414,False
SCN_012,241,8.0,TGT_001,COMMUNICATION_TARGET,false,,,,,-30.0,0.0,239,0,2,TEMPORARILY_LOST,285.0,365.0,,True
SCN_012,241,8.0,TGT_002,DECOY_TARGET,true,270.0,255.0,270.0,255.0,0.0,0.0,241,241,0,TRACKING,269.0,254.0,1.414,False
SCN_012,241,8.0,TGT_003,DECOY_TARGET,true,441.5,220.5,441.5,220.5,0.0,-30.0,241,241,0,TRACKING,440.5,219.5,1.414,False
SCN_012,242,8.0333,TGT_001,COMMUNICATION_TARGET,false,,,,,-30.0,0.0,239,0,3,TEMPORARILY_LOST,284.0,365.0,,True
SCN_012,242,8.0333,TGT_002,DECOY_TARGET,true,271.0,255.0,271.0,255.0,30.0,0.0,242,242,0,TRACKING,270.0,254.0,1.414,False
SCN_012,242,8.0333,TGT_003,DECOY_TARGET,true,441.5,220.5,441.5,220.5,0.0,0.0,242,242,0,TRACKING,440.5,219.5,1.414,False
SCN_012,243,8.0667,TGT_001,COMMUNICATION_TARGET,false,,,,,-30.0,0.0,239,0,4,TEMPORARILY_LOST,283.0,365.0,,True
SCN_012,243,8.0667,TGT_002,DECOY_TARGET,true,272.0,255.0,272.0,255.0,30.0,0.0,243,243,0,TRACKING,271.0,254.0,1.414,False
SCN_012,243,8.0667,TGT_003,DECOY_TARGET,true,441.5,220.5,441.5,220.5,0.0,0.0,243,243,0,TRACKING,440.5,219.5,1.414,False
SCN_012,244,8.1,TGT_001,COMMUNICATION_TARGET,false,,,,,-30.0,0.0,239,0,5,TEMPORARILY_LOST,282.0,364.0,,True
SCN_012,244,8.1,TGT_002,DECOY_TARGET,true,272.0,255.0,272.0,255.0,0.0,0.0,244,244,0,TRACKING,271.0,254.0,1.414,False
SCN_012,244,8.1,TGT_003,DECOY_TARGET,true,441.5,220.5,441.5,220.5,0.0,0.0,244,244,0,TRACKING,440.5,219.5,1.414,False
SCN_012,245,8.1333,TGT_001,COMMUNICATION_TARGET,false,,,,,-30.0,0.0,239,0,6,LOST,281.0,364.0,,True
SCN_012,245,8.1333,TGT_002,DECOY_TARGET,true,273.0,255.0,273.0,255.0,30.0,0.0,245,245,0,TRACKING,272.0,254.0,1.414,False
SCN_012,245,8.1333,TGT_003,DECOY_TARGET,true,441.5,220.5,441.5,220.5,0.0,0.0,245,245,0,TRACKING,440.5,219.5,1.414,False
SCN_012,246,8.1667,TGT_001,COMMUNICATION_TARGET,false,,,,,-30.0,0.0,239,0,7,LOST,280.0,364.0,,True
SCN_012,246,8.1667,TGT_002,DECOY_TARGET,true,274.0,255.0,274.0,255.0,30.0,0.0,246,246,0,TRACKING,273.0,254.0,1.414,False
SCN_012,246,8.1667,TGT_003,DECOY_TARGET,true,441.5,220.5,441.5,220.5,0.0,0.0,246,246,0,TRACKING,440.5,219.5,1.414,False
SCN_012,247,8.2,TGT_001,COMMUNICATION_TARGET,false,,,,,-30.0,0.0,239,0,8,LOST,279.0,363.0,,True
SCN_012,247,8.2,TGT_002,DECOY_TARGET,true,274.0,255.0,274.0,255.0,0.0,0.0,247,247,0,TRACKING,273.0,254.0,1.414,False
SCN_012,247,8.2,TGT_003,DECOY_TARGET,true,441.5,220.5,441.5,220.5,0.0,0.0,247,247,0,TRACKING,440.5,219.5,1.414,False
SCN_012,248,8.2333,TGT_001,COMMUNICATION_TARGET,false,,,,,-30.0,0.0,239,0,9,LOST,278.0,363.0,,True
SCN_012,248,8.2333,TGT_002,DECOY_TARGET,true,275.0,255.0,275.0,255.0,30.0,0.0,248,248,0,TRACKING,274.0,254.0,1.414,False
SCN_012,248,8.2333,TGT_003,DECOY_TARGET,true,441.5,220.5,441.5,220.5,0.0,0.0,248,248,0,TRACKING,440.5,219.5,1.414,False
SCN_012,249,8.2667,TGT_001,COMMUNICATION_TARGET,false,,,,,-30.0,0.0,239,0,10,LOST,277.0,363.0,,True
SCN_012,249,8.2667,TGT_002,DECOY_TARGET,true,276.0,255.0,276.0,255.0,30.0,0.0,249,249,0,TRACKING,275.0,254.0,1.414,False
SCN_012,249,8.2667,TGT_003,DECOY_TARGET,true,441.5,220.5,441.5,220.5,0.0,0.0,249,249,0,TRACKING,440.5,219.5,1.414,False
SCN_012,250,8.3,TGT_001,COMMUNICATION_TARGET,false,,,,,-30.0,0.0,239,0,11,LOST,276.0,362.0,,True
SCN_012,250,8.3,TGT_002,DECOY_TARGET,true,276.0,255.0,276.0,255.0,0.0,0.0,250,250,0,TRACKING,275.0,254.0,1.414,False
SCN_012,250,8.3,TGT_003,DECOY_TARGET,true,441.5,220.5,441.5,220.5,0.0,0.0,250,250,0,TRACKING,440.5,219.5,1.414,False
SCN_012,251,8.3333,TGT_001,COMMUNICATION_TARGET,false,,,,,-30.0,0.0,239,0,12,LOST,275.0,362.0,,True
SCN_012,251,8.3333,TGT_002,DECOY_TARGET,true,277.0,256.0,277.0,256.0,30.0,30.0,251,251,0,TRACKING,276.0,255.0,1.414,False
SCN_012,251,8.3333,TGT_003,DECOY_TARGET,true,441.5,220.5,441.5,220.5,0.0,0.0,251,251,0,TRACKING,440.5,219.5,1.414,False
SCN_012,252,8.3667,TGT_001,COMMUNICATION_TARGET,false,,,,,-30.0,0.0,239,0,13,LOST,274.0,362.0,,True
SCN_012,252,8.3667,TGT_002,DECOY_TARGET,true,278.0,256.0,278.0,256.0,30.0,0.0,252,252,0,TRACKING,277.0,255.0,1.414,False
SCN_012,252,8.3667,TGT_003,DECOY_TARGET,true,441.5,220.5,441.5,220.5,0.0,0.0,252,252,0,TRACKING,440.5,219.5,1.414,False
SCN_012,253,8.4,TGT_001,COMMUNICATION_TARGET,false,,,,,-30.0,0.0,239,0,14,LOST,273.0,361.0,,True
SCN_012,253,8.4,TGT_002,DECOY_TARGET,true,278.0,256.0,278.0,256.0,0.0,0.0,253,253,0,TRACKING,277.0,255.0,1.414,False
SCN_012,253,8.4,TGT_003,DECOY_TARGET,true,441.5,220.5,441.5,220.5,0.0,0.0,253,253,0,TRACKING,440.5,219.5,1.414,False
SCN_012,254,8.4333,TGT_001,COMMUNICATION_TARGET,false,,,,,-30.0,0.0,239,0,15,LOST,272.0,361.0,,True
SCN_012,254,8.4333,TGT_002,DECOY_TARGET,true,279.0,256.0,279.0,256.0,30.0,0.0,254,254,0,TRACKING,278.0,255.0,1.414,False
SCN_012,254,8.4333,TGT_003,DECOY_TARGET,true,441.5,220.5,441.5,220.5,0.0,0.0,254,254,0,TRACKING,440.5,219.5,1.414,False
SCN_012,255,8.4667,TGT_001,COMMUNICATION_TARGET,false,,,,,-30.0,0.0,239,0,16,LOST,271.0,361.0,,True
SCN_012,255,8.4667,TGT_002,DECOY_TARGET,true,280.0,256.0,280.0,256.0,30.0,0.0,255,255,0,TRACKING,279.0,255.0,1.414,False
SCN_012,255,8.4667,TGT_003,DECOY_TARGET,true,441.5,220.5,441.5,220.5,0.0,0.0,255,255,0,TRACKING,440.5,219.5,1.414,False
SCN_012,256,8.5,TGT_001,COMMUNICATION_TARGET,false,,,,,-30.0,0.0,239,0,17,LOST,270.0,360.0,,True
SCN_012,256,8.5,TGT_002,DECOY_TARGET,true,280.0,256.0,280.0,256.0,0.0,0.0,256,256,0,TRACKING,279.0,255.0,1.414,False
SCN_012,256,8.5,TGT_003,DECOY_TARGET,true,441.5,220.5,441.5,220.5,0.0,0.0,256,256,0,TRACKING,440.5,219.5,1.414,False
SCN_012,257,8.5333,TGT_001,COMMUNICATION_TARGET,false,,,,,-30.0,0.0,239,0,18,LOST,270.0,360.0,,True
SCN_012,257,8.5333,TGT_002,DECOY_TARGET,true,281.0,256.0,281.0,256.0,30.0,0.0,257,257,0,TRACKING,280.0,255.0,1.414,False
SCN_012,257,8.5333,TGT_003,DECOY_TARGET,true,441.5,220.5,441.5,220.5,0.0,0.0,257,257,0,TRACKING,440.5,219.5,1.414,False
SCN_012,258,8.5667,TGT_001,COMMUNICATION_TARGET,false,,,,,-30.0,0.0,239,0,19,LOST,269.0,359.0,,True
SCN_012,258,8.5667,TGT_002,DECOY_TARGET,true,282.0,256.0,282.0,256.0,30.0,0.0,258,258,0,TRACKING,281.0,255.0,1.414,False
SCN_012,258,8.5667,TGT_003,DECOY_TARGET,true,441.5,220.5,441.5,220.5,0.0,0.0,258,258,0,TRACKING,440.5,219.5,1.414,False
SCN_012,259,8.6,TGT_001,COMMUNICATION_TARGET,false,,,,,-30.0,0.0,239,0,20,LOST,268.0,359.0,,True
SCN_012,259,8.6,TGT_002,DECOY_TARGET,true,282.0,256.0,282.0,256.0,0.0,0.0,259,259,0,TRACKING,281.0,255.0,1.414,False
SCN_012,259,8.6,TGT_003,DECOY_TARGET,true,441.5,220.5,441.5,220.5,0.0,0.0,259,259,0,TRACKING,440.5,219.5,1.414,False
SCN_012,260,8.6333,TGT_001,COMMUNICATION_TARGET,false,,,,,-30.0,0.0,239,0,21,LOST,267.0,359.0,,True
SCN_012,260,8.6333,TGT_002,DECOY_TARGET,true,283.0,256.0,283.0,256.0,30.0,0.0,260,260,0,TRACKING,282.0,255.0,1.414,False
SCN_012,260,8.6333,TGT_003,DECOY_TARGET,true,441.5,220.5,441.5,220.5,0.0,0.0,260,260,0,TRACKING,440.5,219.5,1.414,False
SCN_012,261,8.6667,TGT_001,COMMUNICATION_TARGET,false,,,,,-30.0,0.0,239,0,22,LOST,266.0,358.0,,True
SCN_012,261,8.6667,TGT_002,DECOY_TARGET,true,284.0,256.0,284.0,256.0,30.0,0.0,261,261,0,TRACKING,283.0,255.0,1.414,False
SCN_012,261,8.6667,TGT_003,DECOY_TARGET,true,441.5,220.5,441.5,220.5,0.0,0.0,261,261,0,TRACKING,440.5,219.5,1.414,False
SCN_012,262,8.7,TGT_001,COMMUNICATION_TARGET,false,,,,,-30.0,0.0,239,0,23,LOST,265.0,358.0,,True
SCN_012,262,8.7,TGT_002,DECOY_TARGET,true,284.0,256.0,284.0,256.0,0.0,0.0,262,262,0,TRACKING,283.0,255.0,1.414,False
SCN_012,262,8.7,TGT_003,DECOY_TARGET,true,441.5,220.5,441.5,220.5,0.0,0.0,262,262,0,TRACKING,440.5,219.5,1.414,False
SCN_012,263,8.7333,TGT_001,COMMUNICATION_TARGET,false,,,,,-30.0,0.0,239,0,24,LOST,264.0,357.0,,True
SCN_012,263,8.7333,TGT_002,DECOY_TARGET,true,285.0,256.0,285.0,256.0,30.0,0.0,263,263,0,TRACKING,284.0,255.0,1.414,False
SCN_012,263,8.7333,TGT_003,DECOY_TARGET,true,441.5,220.5,441.5,220.5,0.0,0.0,263,263,0,TRACKING,440.5,219.5,1.414,False
SCN_012,264,8.7667,TGT_001,COMMUNICATION_TARGET,false,,,,,-30.0,0.0,239,0,25,LOST,263.0,357.0,,True
SCN_012,264,8.7667,TGT_002,DECOY_TARGET,true,286.0,256.0,286.0,256.0,30.0,0.0,264,264,0,TRACKING,285.0,255.0,1.414,False
SCN_012,264,8.7667,TGT_003,DECOY_TARGET,true,441.5,220.5,441.5,220.5,0.0,0.0,264,264,0,TRACKING,440.5,219.5,1.414,False
SCN_012,265,8.8,TGT_001,COMMUNICATION_TARGET,false,,,,,-30.0,0.0,239,0,26,LOST,262.0,356.0,,True
SCN_012,265,8.8,TGT_002,DECOY_TARGET,true,286.0,256.0,286.0,256.0,0.0,0.0,265,265,0,TRACKING,285.0,255.0,1.414,False
SCN_012,265,8.8,TGT_003,DECOY_TARGET,true,441.5,220.5,441.5,220.5,0.0,0.0,265,265,0,TRACKING,440.5,219.5,1.414,False
SCN_012,266,8.8333,TGT_001,COMMUNICATION_TARGET,false,,,,,-30.0,0.0,239,0,27,LOST,261.0,356.0,,True
SCN_012,266,8.8333,TGT_002,DECOY_TARGET,true,287.0,256.0,287.0,256.0,30.0,0.0,266,266,0,TRACKING,286.0,255.0,1.414,False
SCN_012,266,8.8333,TGT_003,DECOY_TARGET,true,441.5,220.5,441.5,220.5,0.0,0.0,266,266,0,TRACKING,440.5,219.5,1.414,False
SCN_012,267,8.8667,TGT_001,COMMUNICATION_TARGET,false,,,,,-30.0,0.0,239,0,28,LOST,261.0,356.0,,True
SCN_012,267,8.8667,TGT_002,DECOY_TARGET,true,288.0,256.0,288.0,256.0,30.0,0.0,267,267,0,TRACKING,287.0,255.0,1.414,False
SCN_012,267,8.8667,TGT_003,DECOY_TARGET,true,441.5,220.5,441.5,220.5,0.0,0.0,267,267,0,TRACKING,440.5,219.5,1.414,False
SCN_012,268,8.9,TGT_001,COMMUNICATION_TARGET,false,,,,,-30.0,0.0,239,0,29,LOST,260.0,355.0,,True
SCN_012,268,8.9,TGT_002,DECOY_TARGET,true,288.0,257.0,288.0,257.0,0.0,30.0,268,268,0,TRACKING,287.0,256.0,1.414,False
SCN_012,268,8.9,TGT_003,DECOY_TARGET,true,441.5,220.5,441.5,220.5,0.0,0.0,268,268,0,TRACKING,440.5,219.5,1.414,False
SCN_012,269,8.9333,TGT_001,COMMUNICATION_TARGET,false,,,,,-30.0,0.0,239,0,30,LOST,259.0,355.0,,True
SCN_012,269,8.9333,TGT_002,DECOY_TARGET,true,289.0,257.0,289.0,257.0,30.0,0.0,269,269,0,TRACKING,288.0,256.0,1.414,False
SCN_012,269,8.9333,TGT_003,DECOY_TARGET,true,441.5,220.5,441.5,220.5,0.0,0.0,269,269,0,TRACKING,440.5,219.5,1.414,False
SCN_012,270,8.9667,TGT_001,COMMUNICATION_TARGET,false,,,,,-30.0,0.0,239,0,31,LOST,258.0,354.0,,True
SCN_012,270,8.9667,TGT_002,DECOY_TARGET,true,290.0,257.0,290.0,257.0,30.0,0.0,270,270,0,TRACKING,289.0,256.0,1.414,False
SCN_012,270,8.9667,TGT_003,DECOY_TARGET,true,441.5,220.5,441.5,220.5,0.0,0.0,270,270,0,TRACKING,440.5,219.5,1.414,False
SCN_012,271,9.0,TGT_001,COMMUNICATION_TARGET,false,,,,,-30.0,0.0,239,0,32,LOST,257.0,354.0,,True
SCN_012,271,9.0,TGT_002,DECOY_TARGET,true,290.0,257.0,290.0,257.0,0.0,0.0,271,271,0,TRACKING,289.0,256.0,1.414,False
SCN_012,271,9.0,TGT_003,DECOY_TARGET,true,441.5,220.5,441.5,220.5,0.0,0.0,271,271,0,TRACKING,440.5,219.5,1.414,False
SCN_012,272,9.0333,TGT_001,COMMUNICATION_TARGET,false,,,,,-30.0,0.0,239,0,33,LOST,256.0,353.0,,True
SCN_012,272,9.0333,TGT_002,DECOY_TARGET,true,291.0,257.0,291.0,257.0,30.0,0.0,272,272,0,TRACKING,290.0,256.0,1.414,False
SCN_012,272,9.0333,TGT_003,DECOY_TARGET,true,441.5,220.5,441.5,220.5,0.0,0.0,272,272,0,TRACKING,440.5,219.5,1.414,False
SCN_012,273,9.0667,TGT_001,COMMUNICATION_TARGET,false,,,,,-30.0,0.0,239,0,34,LOST,255.0,353.0,,True
SCN_012,273,9.0667,TGT_002,DECOY_TARGET,true,292.0,257.0,292.0,257.0,30.0,0.0,273,273,0,TRACKING,291.0,256.0,1.414,False
SCN_012,273,9.0667,TGT_003,DECOY_TARGET,true,441.5,220.5,441.5,220.5,0.0,0.0,273,273,0,TRACKING,440.5,219.5,1.414,False
SCN_012,274,9.1,TGT_001,COMMUNICATION_TARGET,false,,,,,-30.0,0.0,239,0,35,LOST,254.0,352.0,,True
SCN_012,274,9.1,TGT_002,DECOY_TARGET,true,292.0,257.0,292.0,257.0,0.0,0.0,274,274,0,TRACKING,291.0,256.0,1.414,False
SCN_012,274,9.1,TGT_003,DECOY_TARGET,true,441.5,220.5,441.5,220.5,0.0,0.0,274,274,0,TRACKING,440.5,219.5,1.414,False
SCN_012,275,9.1333,TGT_001,COMMUNICATION_TARGET,false,,,,,-30.0,0.0,239,0,36,LOST,254.0,352.0,,True
SCN_012,275,9.1333,TGT_002,DECOY_TARGET,true,293.0,257.0,293.0,257.0,30.0,0.0,275,275,0,TRACKING,292.0,256.0,1.414,False
SCN_012,275,9.1333,TGT_003,DECOY_TARGET,true,441.5,220.5,441.5,220.5,0.0,0.0,275,275,0,TRACKING,440.5,219.5,1.414,False
SCN_012,276,9.1667,TGT_001,COMMUNICATION_TARGET,false,,,,,-30.0,0.0,239,0,37,LOST,253.0,351.0,,True
SCN_012,276,9.1667,TGT_002,DECOY_TARGET,true,294.0,257.0,294.0,257.0,30.0,0.0,276,276,0,TRACKING,293.0,256.0,1.414,False
SCN_012,276,9.1667,TGT_003,DECOY_TARGET,true,441.5,220.5,441.5,220.5,0.0,0.0,276,276,0,TRACKING,440.5,219.5,1.414,False
SCN_012,277,9.2,TGT_001,COMMUNICATION_TARGET,false,,,,,-30.0,0.0,239,0,38,LOST,252.0,351.0,,True
SCN_012,277,9.2,TGT_002,DECOY_TARGET,true,294.0,257.0,294.0,257.0,0.0,0.0,277,277,0,TRACKING,293.0,256.0,1.414,False
SCN_012,277,9.2,TGT_003,DECOY_TARGET,true,441.5,220.5,441.5,220.5,0.0,0.0,277,277,0,TRACKING,440.5,219.5,1.414,False
SCN_012,278,9.2333,TGT_001,COMMUNICATION_TARGET,false,,,,,-30.0,0.0,239,0,39,LOST,251.0,350.0,,True
SCN_012,278,9.2333,TGT_002,DECOY_TARGET,true,295.0,257.0,295.0,257.0,30.0,0.0,278,278,0,TRACKING,294.0,256.0,1.414,False
SCN_012,278,9.2333,TGT_003,DECOY_TARGET,true,441.5,220.5,441.5,220.5,0.0,0.0,278,278,0,TRACKING,440.5,219.5,1.414,False
SCN_012,279,9.2667,TGT_001,COMMUNICATION_TARGET,false,,,,,-30.0,0.0,239,0,40,LOST,250.0,350.0,,True
SCN_012,279,9.2667,TGT_002,DECOY_TARGET,true,296.0,257.0,296.0,257.0,30.0,0.0,279,279,0,TRACKING,295.0,256.0,1.414,False
SCN_012,279,9.2667,TGT_003,DECOY_TARGET,true,441.5,220.5,441.5,220.5,0.0,0.0,279,279,0,TRACKING,440.5,219.5,1.414,False
SCN_012,280,9.3,TGT_001,COMMUNICATION_TARGET,false,,,,,-30.0,0.0,239,0,41,LOST,249.0,349.0,,True
SCN_012,280,9.3,TGT_002,DECOY_TARGET,true,296.0,257.0,296.0,257.0,0.0,0.0,280,280,0,TRACKING,295.0,256.0,1.414,False
SCN_012,280,9.3,TGT_003,DECOY_TARGET,true,441.5,220.5,441.5,220.5,0.0,0.0,280,280,0,TRACKING,440.5,219.5,1.414,False
SCN_012,281,9.3333,TGT_001,COMMUNICATION_TARGET,false,,,,,-30.0,0.0,239,0,42,LOST,248.0,349.0,,True
SCN_012,281,9.3333,TGT_002,DECOY_TARGET,true,297.0,257.0,297.0,257.0,30.0,0.0,281,281,0,TRACKING,296.0,256.0,1.414,False
SCN_012,281,9.3333,TGT_003,DECOY_TARGET,true,441.5,220.5,441.5,220.5,0.0,0.0,281,281,0,TRACKING,440.5,219.5,1.414,False
SCN_012,282,9.3667,TGT_001,COMMUNICATION_TARGET,false,,,,,-30.0,0.0,239,0,43,LOST,248.0,348.0,,True
SCN_012,282,9.3667,TGT_002,DECOY_TARGET,true,298.0,257.0,298.0,257.0,30.0,0.0,282,282,0,TRACKING,297.0,256.0,1.414,False
SCN_012,282,9.3667,TGT_003,DECOY_TARGET,true,441.5,220.5,441.5,220.5,0.0,0.0,282,282,0,TRACKING,440.5,219.5,1.414,False
SCN_012,283,9.4,TGT_001,COMMUNICATION_TARGET,false,,,,,-30.0,0.0,239,0,44,LOST,247.0,347.0,,True
SCN_012,283,9.4,TGT_002,DECOY_TARGET,true,298.0,257.0,298.0,257.0,0.0,0.0,283,283,0,TRACKING,297.0,256.0,1.414,False
SCN_012,283,9.4,TGT_003,DECOY_TARGET,true,441.5,220.5,441.5,220.5,0.0,0.0,283,283,0,TRACKING,440.5,219.5,1.414,False
SCN_012,284,9.4333,TGT_001,COMMUNICATION_TARGET,false,,,,,-30.0,0.0,239,0,45,LOST,246.0,347.0,,True
SCN_012,284,9.4333,TGT_002,DECOY_TARGET,true,299.0,257.0,299.0,257.0,30.0,0.0,284,284,0,TRACKING,298.0,256.0,1.414,False
SCN_012,284,9.4333,TGT_003,DECOY_TARGET,true,441.5,220.5,441.5,220.5,0.0,0.0,284,284,0,TRACKING,440.5,219.5,1.414,False
SCN_012,285,9.4667,TGT_001,COMMUNICATION_TARGET,false,,,,,-30.0,0.0,239,0,46,LOST,245.0,346.0,,True
SCN_012,285,9.4667,TGT_002,DECOY_TARGET,true,300.0,258.0,300.0,258.0,30.0,30.0,285,285,0,TRACKING,299.0,257.0,1.414,False
SCN_012,285,9.4667,TGT_003,DECOY_TARGET,true,441.5,220.5,441.5,220.5,0.0,0.0,285,285,0,TRACKING,440.5,219.5,1.414,False
SCN_012,286,9.5,TGT_001,COMMUNICATION_TARGET,false,,,,,-30.0,0.0,239,0,47,LOST,244.0,346.0,,True
SCN_012,286,9.5,TGT_002,DECOY_TARGET,true,300.0,258.0,300.0,258.0,0.0,0.0,286,286,0,TRACKING,299.0,257.0,1.414,False
SCN_012,286,9.5,TGT_003,DECOY_TARGET,true,441.5,220.5,441.5,220.5,0.0,0.0,286,286,0,TRACKING,440.5,219.5,1.414,False
SCN_012,287,9.5333,TGT_001,COMMUNICATION_TARGET,false,,,,,-30.0,0.0,239,0,48,LOST,243.0,345.0,,True
SCN_012,287,9.5333,TGT_002,DECOY_TARGET,true,301.0,258.0,301.0,258.0,30.0,0.0,287,287,0,TRACKING,300.0,257.0,1.414,False
SCN_012,287,9.5333,TGT_003,DECOY_TARGET,true,441.5,220.5,441.5,220.5,0.0,0.0,287,287,0,TRACKING,440.5,219.5,1.414,False
SCN_012,288,9.5667,TGT_001,COMMUNICATION_TARGET,false,,,,,-30.0,0.0,239,0,49,LOST,243.0,345.0,,True
SCN_012,288,9.5667,TGT_002,DECOY_TARGET,true,302.0,258.0,302.0,258.0,30.0,0.0,288,288,0,TRACKING,301.0,257.0,1.414,False
SCN_012,288,9.5667,TGT_003,DECOY_TARGET,true,441.5,220.5,441.5,220.5,0.0,0.0,288,288,0,TRACKING,440.5,219.5,1.414,False
SCN_012,289,9.6,TGT_001,COMMUNICATION_TARGET,false,,,,,-30.0,0.0,239,0,50,LOST,242.0,344.0,,True
SCN_012,289,9.6,TGT_002,DECOY_TARGET,true,302.0,258.0,302.0,258.0,0.0,0.0,289,289,0,TRACKING,301.0,257.0,1.414,False
SCN_012,289,9.6,TGT_003,DECOY_TARGET,true,441.5,220.5,441.5,220.5,0.0,0.0,289,289,0,TRACKING,440.5,219.5,1.414,False
SCN_012,290,9.6333,TGT_001,COMMUNICATION_TARGET,false,,,,,-30.0,0.0,239,0,51,LOST,241.0,343.0,,True
SCN_012,290,9.6333,TGT_002,DECOY_TARGET,true,303.0,258.0,303.0,258.0,30.0,0.0,290,290,0,TRACKING,302.0,257.0,1.414,False
SCN_012,290,9.6333,TGT_003,DECOY_TARGET,true,441.5,220.5,441.5,220.5,0.0,0.0,290,290,0,TRACKING,440.5,219.5,1.414,False
SCN_012,291,9.6667,TGT_001,COMMUNICATION_TARGET,false,,,,,-30.0,0.0,239,0,52,LOST,240.0,343.0,,True
SCN_012,291,9.6667,TGT_002,DECOY_TARGET,true,304.0,258.0,304.0,258.0,30.0,0.0,291,291,0,TRACKING,303.0,257.0,1.414,False
SCN_012,291,9.6667,TGT_003,DECOY_TARGET,true,441.5,220.5,441.5,220.5,0.0,0.0,291,291,0,TRACKING,440.5,219.5,1.414,False
SCN_012,292,9.7,TGT_001,COMMUNICATION_TARGET,false,,,,,-30.0,0.0,239,0,53,LOST,240.0,342.0,,True
SCN_012,292,9.7,TGT_002,DECOY_TARGET,true,304.0,258.0,304.0,258.0,0.0,0.0,292,292,0,TRACKING,303.0,257.0,1.414,False
SCN_012,292,9.7,TGT_003,DECOY_TARGET,true,441.5,220.5,441.5,220.5,0.0,0.0,292,292,0,TRACKING,440.5,219.5,1.414,False
SCN_012,293,9.7333,TGT_001,COMMUNICATION_TARGET,false,,,,,-30.0,0.0,239,0,54,LOST,239.0,341.0,,True
SCN_012,293,9.7333,TGT_002,DECOY_TARGET,true,305.0,258.0,305.0,258.0,30.0,0.0,293,293,0,TRACKING,304.0,257.0,1.414,False
SCN_012,293,9.7333,TGT_003,DECOY_TARGET,true,441.5,220.5,441.5,220.5,0.0,0.0,293,293,0,TRACKING,440.5,219.5,1.414,False
SCN_012,294,9.7667,TGT_001,COMMUNICATION_TARGET,false,,,,,-30.0,0.0,239,0,55,LOST,238.0,341.0,,True
SCN_012,294,9.7667,TGT_002,DECOY_TARGET,true,306.0,258.0,306.0,258.0,30.0,0.0,294,294,0,TRACKING,305.0,257.0,1.414,False
SCN_012,294,9.7667,TGT_003,DECOY_TARGET,true,441.5,220.5,441.5,220.5,0.0,0.0,294,294,0,TRACKING,440.5,219.5,1.414,False
SCN_012,295,9.8,TGT_001,COMMUNICATION_TARGET,false,,,,,-30.0,0.0,239,0,56,LOST,237.0,340.0,,True
SCN_012,295,9.8,TGT_002,DECOY_TARGET,true,306.0,258.0,306.0,258.0,0.0,0.0,295,295,0,TRACKING,305.0,257.0,1.414,False
SCN_012,295,9.8,TGT_003,DECOY_TARGET,true,441.5,220.5,441.5,220.5,0.0,0.0,295,295,0,TRACKING,440.5,219.5,1.414,False
SCN_012,296,9.8333,TGT_001,COMMUNICATION_TARGET,false,,,,,-30.0,0.0,239,0,57,LOST,236.0,340.0,,True
SCN_012,296,9.8333,TGT_002,DECOY_TARGET,true,307.0,258.0,307.0,258.0,30.0,0.0,296,296,0,TRACKING,306.0,257.0,1.414,False
SCN_012,296,9.8333,TGT_003,DECOY_TARGET,true,441.5,220.5,441.5,220.5,0.0,0.0,296,296,0,TRACKING,440.5,219.5,1.414,False
SCN_012,297,9.8667,TGT_001,COMMUNICATION_TARGET,false,,,,,-30.0,0.0,239,0,58,LOST,236.0,339.0,,True
SCN_012,297,9.8667,TGT_002,DECOY_TARGET,true,308.0,258.0,308.0,258.0,30.0,0.0,297,297,0,TRACKING,307.0,257.0,1.414,False
SCN_012,297,9.8667,TGT_003,DECOY_TARGET,true,441.5,220.5,441.5,220.5,0.0,0.0,297,297,0,TRACKING,440.5,219.5,1.414,False
SCN_012,298,9.9,TGT_001,COMMUNICATION_TARGET,false,,,,,-30.0,0.0,239,0,59,LOST,235.0,338.0,,True
SCN_012,298,9.9,TGT_002,DECOY_TARGET,true,308.0,258.0,308.0,258.0,0.0,0.0,298,298,0,TRACKING,307.0,257.0,1.414,False
SCN_012,298,9.9,TGT_003,DECOY_TARGET,true,441.5,220.5,441.5,220.5,0.0,0.0,298,298,0,TRACKING,440.5,219.5,1.414,False
SCN_012,299,9.9333,TGT_001,COMMUNICATION_TARGET,false,,,,,-30.0,0.0,239,0,60,LOST,234.0,338.0,,True
SCN_012,299,9.9333,TGT_002,DECOY_TARGET,true,309.0,258.0,309.0,258.0,30.0,0.0,299,299,0,TRACKING,308.0,257.0,1.414,False
SCN_012,299,9.9333,TGT_003,DECOY_TARGET,true,441.5,220.5,441.5,220.5,0.0,0.0,299,299,0,TRACKING,440.5,219.5,1.414,False
SCN_012,300,9.9667,TGT_001,COMMUNICATION_TARGET,false,,,,,-30.0,0.0,239,0,61,LOST,233.0,337.0,,True
SCN_012,300,9.9667,TGT_002,DECOY_TARGET,true,310.0,258.0,310.0,258.0,30.0,0.0,300,300,0,TRACKING,309.0,257.0,1.414,False
SCN_012,300,9.9667,TGT_003,DECOY_TARGET,true,441.5,220.5,441.5,220.5,0.0,0.0,300,300,0,TRACKING,440.5,219.5,1.414,False
SCN_012,301,10.0,TGT_001,COMMUNICATION_TARGET,true,234.0,337.0,234.0,337.0,0.0,0.0,1,1,0,REACQUIRED,233.0,336.0,1.414,True
SCN_012,301,10.0,TGT_002,DECOY_TARGET,true,310.0,258.0,310.0,258.0,0.0,0.0,301,301,0,TRACKING,309.0,257.0,1.414,False
SCN_012,301,10.0,TGT_003,DECOY_TARGET,true,441.5,221.5,441.5,221.5,0.0,30.0,301,301,0,TRACKING,440.5,220.5,1.414,False
SCN_012,302,10.0333,TGT_001,COMMUNICATION_TARGET,true,233.0,337.0,233.0,337.0,-30.0,0.0,2,2,0,TRACKING,232.0,336.0,1.414,True
SCN_012,302,10.0333,TGT_002,DECOY_TARGET,true,311.0,258.0,311.0,258.0,30.0,0.0,302,302,0,TRACKING,310.0,257.0,1.414,False
SCN_012,302,10.0333,TGT_003,DECOY_TARGET,true,441.5,221.5,441.5,221.5,0.0,0.0,302,302,0,TRACKING,440.5,220.5,1.414,False
SCN_012,303,10.0667,TGT_001,COMMUNICATION_TARGET,true,232.0,336.0,232.0,336.0,-30.0,-30.0,3,3,0,TRACKING,231.0,335.0,1.414,True
SCN_012,303,10.0667,TGT_002,DECOY_TARGET,true,312.0,259.0,312.0,259.0,30.0,30.0,303,303,0,TRACKING,311.0,258.0,1.414,False
SCN_012,303,10.0667,TGT_003,DECOY_TARGET,true,441.5,221.5,441.5,221.5,0.0,0.0,303,303,0,TRACKING,440.5,220.5,1.414,False
SCN_012,304,10.1,TGT_001,COMMUNICATION_TARGET,true,231.0,335.0,231.0,335.0,-30.0,-30.0,4,4,0,TRACKING,230.0,334.0,1.414,True
SCN_012,304,10.1,TGT_002,DECOY_TARGET,true,312.0,259.0,312.0,259.0,0.0,0.0,304,304,0,TRACKING,311.0,258.0,1.414,False
SCN_012,304,10.1,TGT_003,DECOY_TARGET,true,441.5,221.5,441.5,221.5,0.0,0.0,304,304,0,TRACKING,440.5,220.5,1.414,False
SCN_012,305,10.1333,TGT_001,COMMUNICATION_TARGET,true,231.0,335.0,231.0,335.0,0.0,0.0,5,5,0,TRACKING,230.0,334.0,1.414,True
SCN_012,305,10.1333,TGT_002,DECOY_TARGET,true,313.0,259.0,313.0,259.0,30.0,0.0,305,305,0,TRACKING,312.0,258.0,1.414,False
SCN_012,305,10.1333,TGT_003,DECOY_TARGET,true,441.5,221.5,441.5,221.5,0.0,0.0,305,305,0,TRACKING,440.5,220.5,1.414,False
SCN_012,306,10.1667,TGT_001,COMMUNICATION_TARGET,true,230.0,334.0,230.0,334.0,-30.0,-30.0,6,6,0,TRACKING,229.0,333.0,1.414,True
SCN_012,306,10.1667,TGT_002,DECOY_TARGET,true,314.0,259.0,314.0,259.0,30.0,0.0,306,306,0,TRACKING,313.0,258.0,1.414,False
SCN_012,306,10.1667,TGT_003,DECOY_TARGET,true,441.5,221.5,441.5,221.5,0.0,0.0,306,306,0,TRACKING,440.5,220.5,1.414,False
SCN_012,307,10.2,TGT_001,COMMUNICATION_TARGET,true,229.0,333.0,229.0,333.0,-30.0,-30.0,7,7,0,TRACKING,228.0,332.0,1.414,True
SCN_012,307,10.2,TGT_002,DECOY_TARGET,true,314.0,259.0,314.0,259.0,0.0,0.0,307,307,0,TRACKING,313.0,258.0,1.414,False
SCN_012,307,10.2,TGT_003,DECOY_TARGET,true,441.5,221.5,441.5,221.5,0.0,0.0,307,307,0,TRACKING,440.5,220.5,1.414,False
SCN_012,308,10.2333,TGT_001,COMMUNICATION_TARGET,true,229.0,332.0,229.0,332.0,0.0,-30.0,8,8,0,TRACKING,228.0,331.0,1.414,True
SCN_012,308,10.2333,TGT_002,DECOY_TARGET,true,315.0,259.0,315.0,259.0,30.0,0.0,308,308,0,TRACKING,314.0,258.0,1.414,False
SCN_012,308,10.2333,TGT_003,DECOY_TARGET,true,441.5,221.5,441.5,221.5,0.0,0.0,308,308,0,TRACKING,440.5,220.5,1.414,False
SCN_012,309,10.2667,TGT_001,COMMUNICATION_TARGET,true,228.0,332.0,228.0,332.0,-30.0,0.0,9,9,0,TRACKING,227.0,331.0,1.414,True
SCN_012,309,10.2667,TGT_002,DECOY_TARGET,true,316.0,259.0,316.0,259.0,30.0,0.0,309,309,0,TRACKING,315.0,258.0,1.414,False
SCN_012,309,10.2667,TGT_003,DECOY_TARGET,true,441.5,221.5,441.5,221.5,0.0,0.0,309,309,0,TRACKING,440.5,220.5,1.414,False
SCN_012,310,10.3,TGT_001,COMMUNICATION_TARGET,true,227.0,331.0,227.0,331.0,-30.0,-30.0,10,10,0,TRACKING,226.0,330.0,1.414,True
SCN_012,310,10.3,TGT_002,DECOY_TARGET,true,316.0,259.0,316.0,259.0,0.0,0.0,310,310,0,TRACKING,315.0,258.0,1.414,False
SCN_012,310,10.3,TGT_003,DECOY_TARGET,true,441.5,221.5,441.5,221.5,0.0,0.0,310,310,0,TRACKING,440.5,220.5,1.414,False
SCN_012,311,10.3333,TGT_001,COMMUNICATION_TARGET,true,227.0,330.0,227.0,330.0,0.0,-30.0,11,11,0,TRACKING,226.0,329.0,1.414,True
SCN_012,311,10.3333,TGT_002,DECOY_TARGET,true,317.0,259.0,317.0,259.0,30.0,0.0,311,311,0,TRACKING,316.0,258.0,1.414,False
SCN_012,311,10.3333,TGT_003,DECOY_TARGET,true,441.5,221.5,441.5,221.5,0.0,0.0,311,311,0,TRACKING,440.5,220.5,1.414,False
SCN_012,312,10.3667,TGT_001,COMMUNICATION_TARGET,true,226.0,330.0,226.0,330.0,-30.0,0.0,12,12,0,TRACKING,225.0,329.0,1.414,True
SCN_012,312,10.3667,TGT_002,DECOY_TARGET,true,318.0,259.0,318.0,259.0,30.0,0.0,312,312,0,TRACKING,317.0,258.0,1.414,False
SCN_012,312,10.3667,TGT_003,DECOY_TARGET,true,441.5,221.5,441.5,221.5,0.0,0.0,312,312,0,TRACKING,440.5,220.5,1.414,False
SCN_012,313,10.4,TGT_001,COMMUNICATION_TARGET,true,225.0,329.0,225.0,329.0,-30.0,-30.0,13,13,0,TRACKING,224.0,328.0,1.414,True
SCN_012,313,10.4,TGT_002,DECOY_TARGET,true,318.0,259.0,318.0,259.0,0.0,0.0,313,313,0,TRACKING,317.0,258.0,1.414,False
SCN_012,313,10.4,TGT_003,DECOY_TARGET,true,441.5,221.5,441.5,221.5,0.0,0.0,313,313,0,TRACKING,440.5,220.5,1.414,False
SCN_012,314,10.4333,TGT_001,COMMUNICATION_TARGET,true,224.0,328.0,224.0,328.0,-30.0,-30.0,14,14,0,TRACKING,223.0,327.0,1.414,True
SCN_012,314,10.4333,TGT_002,DECOY_TARGET,true,319.0,259.0,319.0,259.0,30.0,0.0,314,314,0,TRACKING,318.0,258.0,1.414,False
SCN_012,314,10.4333,TGT_003,DECOY_TARGET,true,441.5,221.5,441.5,221.5,0.0,0.0,314,314,0,TRACKING,440.5,220.5,1.414,False
SCN_012,315,10.4667,TGT_001,COMMUNICATION_TARGET,true,224.0,327.0,224.0,327.0,0.0,-30.0,15,15,0,TRACKING,223.0,326.0,1.414,True
SCN_012,315,10.4667,TGT_002,DECOY_TARGET,true,320.0,259.0,320.0,259.0,30.0,0.0,315,315,0,TRACKING,319.0,258.0,1.414,False
SCN_012,315,10.4667,TGT_003,DECOY_TARGET,true,441.5,221.5,441.5,221.5,0.0,0.0,315,315,0,TRACKING,440.5,220.5,1.414,False
SCN_012,316,10.5,TGT_001,COMMUNICATION_TARGET,true,223.0,327.0,223.0,327.0,-30.0,0.0,16,16,0,TRACKING,222.0,326.0,1.414,True
SCN_012,316,10.5,TGT_002,DECOY_TARGET,true,320.0,259.0,320.0,259.0,0.0,0.0,316,316,0,TRACKING,319.0,258.0,1.414,False
SCN_012,316,10.5,TGT_003,DECOY_TARGET,true,441.5,221.5,441.5,221.5,0.0,0.0,316,316,0,TRACKING,440.5,220.5,1.414,False
SCN_012,317,10.5333,TGT_001,COMMUNICATION_TARGET,true,222.0,326.0,222.0,326.0,-30.0,-30.0,17,17,0,TRACKING,221.0,325.0,1.414,True
SCN_012,317,10.5333,TGT_002,DECOY_TARGET,true,321.0,259.0,321.0,259.0,30.0,0.0,317,317,0,TRACKING,320.0,258.0,1.414,False
SCN_012,317,10.5333,TGT_003,DECOY_TARGET,true,441.5,221.5,441.5,221.5,0.0,0.0,317,317,0,TRACKING,440.5,220.5,1.414,False
SCN_012,318,10.5667,TGT_001,COMMUNICATION_TARGET,true,222.0,325.0,222.0,325.0,0.0,-30.0,18,18,0,TRACKING,221.0,324.0,1.414,True
SCN_012,318,10.5667,TGT_002,DECOY_TARGET,true,322.0,259.0,322.0,259.0,30.0,0.0,318,318,0,TRACKING,321.0,258.0,1.414,False
SCN_012,318,10.5667,TGT_003,DECOY_TARGET,true,441.5,221.5,441.5,221.5,0.0,0.0,318,318,0,TRACKING,440.5,220.5,1.414,False
SCN_012,319,10.6,TGT_001,COMMUNICATION_TARGET,true,221.0,324.0,221.0,324.0,-30.0,-30.0,19,19,0,TRACKING,220.0,323.0,1.414,True
SCN_012,319,10.6,TGT_002,DECOY_TARGET,true,322.0,259.0,322.0,259.0,0.0,0.0,319,319,0,TRACKING,321.0,258.0,1.414,False
SCN_012,319,10.6,TGT_003,DECOY_TARGET,true,441.5,221.5,441.5,221.5,0.0,0.0,319,319,0,TRACKING,440.5,220.5,1.414,False
SCN_012,320,10.6333,TGT_001,COMMUNICATION_TARGET,true,221.0,324.0,221.0,324.0,0.0,0.0,20,20,0,TRACKING,220.0,323.0,1.414,True
SCN_012,320,10.6333,TGT_002,DECOY_TARGET,true,323.0,260.0,323.0,260.0,30.0,30.0,320,320,0,TRACKING,322.0,259.0,1.414,False
SCN_012,320,10.6333,TGT_003,DECOY_TARGET,true,441.5,221.5,441.5,221.5,0.0,0.0,320,320,0,TRACKING,440.5,220.5,1.414,False
SCN_012,321,10.6667,TGT_001,COMMUNICATION_TARGET,true,220.0,323.0,220.0,323.0,-30.0,-30.0,21,21,0,TRACKING,219.0,322.0,1.414,True
SCN_012,321,10.6667,TGT_002,DECOY_TARGET,true,324.0,260.0,324.0,260.0,30.0,0.0,321,321,0,TRACKING,323.0,259.0,1.414,False
SCN_012,321,10.6667,TGT_003,DECOY_TARGET,true,441.5,221.5,441.5,221.5,0.0,0.0,321,321,0,TRACKING,440.5,220.5,1.414,False
SCN_012,322,10.7,TGT_001,COMMUNICATION_TARGET,true,219.0,322.0,219.0,322.0,-30.0,-30.0,22,22,0,TRACKING,218.0,321.0,1.414,True
SCN_012,322,10.7,TGT_002,DECOY_TARGET,true,324.0,260.0,324.0,260.0,0.0,0.0,322,322,0,TRACKING,323.0,259.0,1.414,False
SCN_012,322,10.7,TGT_003,DECOY_TARGET,true,441.5,221.5,441.5,221.5,0.0,0.0,322,322,0,TRACKING,440.5,220.5,1.414,False
SCN_012,323,10.7333,TGT_001,COMMUNICATION_TARGET,true,219.0,321.0,219.0,321.0,0.0,-30.0,23,23,0,TRACKING,218.0,320.0,1.414,True
SCN_012,323,10.7333,TGT_002,DECOY_TARGET,true,325.0,260.0,325.0,260.0,30.0,0.0,323,323,0,TRACKING,324.0,259.0,1.414,False
SCN_012,323,10.7333,TGT_003,DECOY_TARGET,true,441.5,221.5,441.5,221.5,0.0,0.0,323,323,0,TRACKING,440.5,220.5,1.414,False
SCN_012,324,10.7667,TGT_001,COMMUNICATION_TARGET,true,218.0,320.0,218.0,320.0,-30.0,-30.0,24,24,0,TRACKING,217.0,319.0,1.414,True
SCN_012,324,10.7667,TGT_002,DECOY_TARGET,true,326.0,260.0,326.0,260.0,30.0,0.0,324,324,0,TRACKING,325.0,259.0,1.414,False
SCN_012,324,10.7667,TGT_003,DECOY_TARGET,true,441.5,221.5,441.5,221.5,0.0,0.0,324,324,0,TRACKING,440.5,220.5,1.414,False
SCN_012,325,10.8,TGT_001,COMMUNICATION_TARGET,true,217.0,320.0,217.0,320.0,-30.0,0.0,25,25,0,TRACKING,216.0,319.0,1.414,True
SCN_012,325,10.8,TGT_002,DECOY_TARGET,true,326.0,260.0,326.0,260.0,0.0,0.0,325,325,0,TRACKING,325.0,259.0,1.414,False
SCN_012,325,10.8,TGT_003,DECOY_TARGET,true,440.5,221.5,440.5,221.5,-30.0,0.0,325,325,0,TRACKING,439.5,220.5,1.414,False
SCN_012,326,10.8333,TGT_001,COMMUNICATION_TARGET,true,217.0,319.0,217.0,319.0,0.0,-30.0,26,26,0,TRACKING,216.0,318.0,1.414,True
SCN_012,326,10.8333,TGT_002,DECOY_TARGET,true,327.0,260.0,327.0,260.0,30.0,0.0,326,326,0,TRACKING,326.0,259.0,1.414,False
SCN_012,326,10.8333,TGT_003,DECOY_TARGET,true,440.5,221.5,440.5,221.5,0.0,0.0,326,326,0,TRACKING,439.5,220.5,1.414,False
SCN_012,327,10.8667,TGT_001,COMMUNICATION_TARGET,true,216.0,318.0,216.0,318.0,-30.0,-30.0,27,27,0,TRACKING,215.0,317.0,1.414,True
SCN_012,327,10.8667,TGT_002,DECOY_TARGET,true,328.0,260.0,328.0,260.0,30.0,0.0,327,327,0,TRACKING,327.0,259.0,1.414,False
SCN_012,327,10.8667,TGT_003,DECOY_TARGET,true,440.5,221.5,440.5,221.5,0.0,0.0,327,327,0,TRACKING,439.5,220.5,1.414,False
SCN_012,328,10.9,TGT_001,COMMUNICATION_TARGET,true,216.0,317.0,216.0,317.0,0.0,-30.0,28,28,0,TRACKING,215.0,316.0,1.414,True
SCN_012,328,10.9,TGT_002,DECOY_TARGET,true,328.0,260.0,328.0,260.0,0.0,0.0,328,328,0,TRACKING,327.0,259.0,1.414,False
SCN_012,328,10.9,TGT_003,DECOY_TARGET,true,440.5,221.5,440.5,221.5,0.0,0.0,328,328,0,TRACKING,439.5,220.5,1.414,False
SCN_012,329,10.9333,TGT_001,COMMUNICATION_TARGET,true,215.0,316.0,215.0,316.0,-30.0,-30.0,29,29,0,TRACKING,214.0,315.0,1.414,True
SCN_012,329,10.9333,TGT_002,DECOY_TARGET,true,329.0,260.0,329.0,260.0,30.0,0.0,329,329,0,TRACKING,328.0,259.0,1.414,False
SCN_012,329,10.9333,TGT_003,DECOY_TARGET,true,440.5,221.5,440.5,221.5,0.0,0.0,329,329,0,TRACKING,439.5,220.5,1.414,False
SCN_012,330,10.9667,TGT_001,COMMUNICATION_TARGET,true,215.0,316.0,215.0,316.0,0.0,0.0,30,30,0,TRACKING,214.0,315.0,1.414,True
SCN_012,330,10.9667,TGT_002,DECOY_TARGET,true,329.0,260.0,329.0,260.0,0.0,0.0,330,330,0,TRACKING,328.0,259.0,1.414,False
SCN_012,330,10.9667,TGT_003,DECOY_TARGET,true,440.5,221.5,440.5,221.5,0.0,0.0,330,330,0,TRACKING,439.5,220.5,1.414,False
SCN_012,331,11.0,TGT_001,COMMUNICATION_TARGET,true,214.0,315.0,214.0,315.0,-30.0,-30.0,31,31,0,TRACKING,213.0,314.0,1.414,True
SCN_012,331,11.0,TGT_002,DECOY_TARGET,true,330.0,260.0,330.0,260.0,30.0,0.0,331,331,0,TRACKING,329.0,259.0,1.414,False
SCN_012,331,11.0,TGT_003,DECOY_TARGET,true,440.5,221.5,440.5,221.5,0.0,0.0,331,331,0,TRACKING,439.5,220.5,1.414,False
SCN_012,332,11.0333,TGT_001,COMMUNICATION_TARGET,true,213.0,314.0,213.0,314.0,-30.0,-30.0,32,32,0,TRACKING,212.0,313.0,1.414,True
SCN_012,332,11.0333,TGT_002,DECOY_TARGET,true,331.0,260.0,331.0,260.0,30.0,0.0,332,332,0,TRACKING,330.0,259.0,1.414,False
SCN_012,332,11.0333,TGT_003,DECOY_TARGET,true,440.5,221.5,440.5,221.5,0.0,0.0,332,332,0,TRACKING,439.5,220.5,1.414,False
SCN_012,333,11.0667,TGT_001,COMMUNICATION_TARGET,true,213.0,313.0,213.0,313.0,0.0,-30.0,33,33,0,TRACKING,212.0,312.0,1.414,True
SCN_012,333,11.0667,TGT_002,DECOY_TARGET,true,331.0,260.0,331.0,260.0,0.0,0.0,333,333,0,TRACKING,330.0,259.0,1.414,False
SCN_012,333,11.0667,TGT_003,DECOY_TARGET,true,440.5,221.5,440.5,221.5,0.0,0.0,333,333,0,TRACKING,439.5,220.5,1.414,False
SCN_012,334,11.1,TGT_001,COMMUNICATION_TARGET,true,212.0,312.0,212.0,312.0,-30.0,-30.0,34,34,0,TRACKING,211.0,311.0,1.414,True
SCN_012,334,11.1,TGT_002,DECOY_TARGET,true,332.0,260.0,332.0,260.0,30.0,0.0,334,334,0,TRACKING,331.0,259.0,1.414,False
SCN_012,334,11.1,TGT_003,DECOY_TARGET,true,440.5,221.5,440.5,221.5,0.0,0.0,334,334,0,TRACKING,439.5,220.5,1.414,False
SCN_012,335,11.1333,TGT_001,COMMUNICATION_TARGET,true,212.0,311.0,212.0,311.0,0.0,-30.0,35,35,0,TRACKING,211.0,310.0,1.414,True
SCN_012,335,11.1333,TGT_002,DECOY_TARGET,true,333.0,260.0,333.0,260.0,30.0,0.0,335,335,0,TRACKING,332.0,259.0,1.414,False
SCN_012,335,11.1333,TGT_003,DECOY_TARGET,true,440.5,221.5,440.5,221.5,0.0,0.0,335,335,0,TRACKING,439.5,220.5,1.414,False
SCN_012,336,11.1667,TGT_001,COMMUNICATION_TARGET,true,211.0,311.0,211.0,311.0,-30.0,0.0,36,36,0,TRACKING,210.0,310.0,1.414,True
SCN_012,336,11.1667,TGT_002,DECOY_TARGET,true,333.0,260.0,333.0,260.0,0.0,0.0,336,336,0,TRACKING,332.0,259.0,1.414,False
SCN_012,336,11.1667,TGT_003,DECOY_TARGET,true,440.5,221.5,440.5,221.5,0.0,0.0,336,336,0,TRACKING,439.5,220.5,1.414,False
SCN_012,337,11.2,TGT_001,COMMUNICATION_TARGET,true,211.0,310.0,211.0,310.0,0.0,-30.0,37,37,0,TRACKING,210.0,309.0,1.414,True
SCN_012,337,11.2,TGT_002,DECOY_TARGET,true,334.0,261.0,334.0,261.0,30.0,30.0,337,337,0,TRACKING,333.0,260.0,1.414,False
SCN_012,337,11.2,TGT_003,DECOY_TARGET,true,441.5,221.5,441.5,221.5,30.0,0.0,337,337,0,TRACKING,440.5,220.5,1.414,False
SCN_012,338,11.2333,TGT_001,COMMUNICATION_TARGET,true,210.0,309.0,210.0,309.0,-30.0,-30.0,38,38,0,TRACKING,209.0,308.0,1.414,True
SCN_012,338,11.2333,TGT_002,DECOY_TARGET,true,335.0,261.0,335.0,261.0,30.0,0.0,338,338,0,TRACKING,334.0,260.0,1.414,False
SCN_012,338,11.2333,TGT_003,DECOY_TARGET,true,441.5,221.5,441.5,221.5,0.0,0.0,338,338,0,TRACKING,440.5,220.5,1.414,False
SCN_012,339,11.2667,TGT_001,COMMUNICATION_TARGET,true,210.0,308.0,210.0,308.0,0.0,-30.0,39,39,0,TRACKING,209.0,307.0,1.414,True
SCN_012,339,11.2667,TGT_002,DECOY_TARGET,true,335.0,261.0,335.0,261.0,0.0,0.0,339,339,0,TRACKING,334.0,260.0,1.414,False
SCN_012,339,11.2667,TGT_003,DECOY_TARGET,true,441.5,221.5,441.5,221.5,0.0,0.0,339,339,0,TRACKING,440.5,220.5,1.414,False
SCN_012,340,11.3,TGT_001,COMMUNICATION_TARGET,true,209.0,307.0,209.0,307.0,-30.0,-30.0,40,40,0,TRACKING,208.0,306.0,1.414,True
SCN_012,340,11.3,TGT_002,DECOY_TARGET,true,336.0,261.0,336.0,261.0,30.0,0.0,340,340,0,TRACKING,335.0,260.0,1.414,False
SCN_012,340,11.3,TGT_003,DECOY_TARGET,true,441.5,221.5,441.5,221.5,0.0,0.0,340,340,0,TRACKING,440.5,220.5,1.414,False
SCN_012,341,11.3333,TGT_001,COMMUNICATION_TARGET,true,209.0,306.0,209.0,306.0,0.0,-30.0,41,41,0,TRACKING,208.0,305.0,1.414,True
SCN_012,341,11.3333,TGT_002,DECOY_TARGET,true,337.0,261.0,337.0,261.0,30.0,0.0,341,341,0,TRACKING,336.0,260.0,1.414,False
SCN_012,341,11.3333,TGT_003,DECOY_TARGET,true,441.5,221.5,441.5,221.5,0.0,0.0,341,341,0,TRACKING,440.5,220.5,1.414,False
SCN_012,342,11.3667,TGT_001,COMMUNICATION_TARGET,true,208.0,305.0,208.0,305.0,-30.0,-30.0,42,42,0,TRACKING,207.0,304.0,1.414,True
SCN_012,342,11.3667,TGT_002,DECOY_TARGET,true,337.0,261.0,337.0,261.0,0.0,0.0,342,342,0,TRACKING,336.0,260.0,1.414,False
SCN_012,342,11.3667,TGT_003,DECOY_TARGET,true,441.5,221.5,441.5,221.5,0.0,0.0,342,342,0,TRACKING,440.5,220.5,1.414,False
SCN_012,343,11.4,TGT_001,COMMUNICATION_TARGET,true,208.0,305.0,208.0,305.0,0.0,0.0,43,43,0,TRACKING,207.0,304.0,1.414,True
SCN_012,343,11.4,TGT_002,DECOY_TARGET,true,338.0,261.0,338.0,261.0,30.0,0.0,343,343,0,TRACKING,337.0,260.0,1.414,False
SCN_012,343,11.4,TGT_003,DECOY_TARGET,true,441.5,221.5,441.5,221.5,0.0,0.0,343,343,0,TRACKING,440.5,220.5,1.414,False
SCN_012,344,11.4333,TGT_001,COMMUNICATION_TARGET,true,207.0,304.0,207.0,304.0,-30.0,-30.0,44,44,0,TRACKING,206.0,303.0,1.414,True
SCN_012,344,11.4333,TGT_002,DECOY_TARGET,true,339.0,261.0,339.0,261.0,30.0,0.0,344,344,0,TRACKING,338.0,260.0,1.414,False
SCN_012,344,11.4333,TGT_003,DECOY_TARGET,true,441.5,221.5,441.5,221.5,0.0,0.0,344,344,0,TRACKING,440.5,220.5,1.414,False
SCN_012,345,11.4667,TGT_001,COMMUNICATION_TARGET,true,207.0,303.0,207.0,303.0,0.0,-30.0,45,45,0,TRACKING,206.0,302.0,1.414,True
SCN_012,345,11.4667,TGT_002,DECOY_TARGET,true,339.0,261.0,339.0,261.0,0.0,0.0,345,345,0,TRACKING,338.0,260.0,1.414,False
SCN_012,345,11.4667,TGT_003,DECOY_TARGET,true,441.5,221.5,441.5,221.5,0.0,0.0,345,345,0,TRACKING,440.5,220.5,1.414,False
SCN_012,346,11.5,TGT_001,COMMUNICATION_TARGET,true,206.0,302.0,206.0,302.0,-30.0,-30.0,46,46,0,TRACKING,205.0,301.0,1.414,True
SCN_012,346,11.5,TGT_002,DECOY_TARGET,true,340.0,261.0,340.0,261.0,30.0,0.0,346,346,0,TRACKING,339.0,260.0,1.414,False
SCN_012,346,11.5,TGT_003,DECOY_TARGET,true,441.5,221.5,441.5,221.5,0.0,0.0,346,346,0,TRACKING,440.5,220.5,1.414,False
SCN_012,347,11.5333,TGT_001,COMMUNICATION_TARGET,true,206.0,301.0,206.0,301.0,0.0,-30.0,47,47,0,TRACKING,205.0,300.0,1.414,True
SCN_012,347,11.5333,TGT_002,DECOY_TARGET,true,341.0,261.0,341.0,261.0,30.0,0.0,347,347,0,TRACKING,340.0,260.0,1.414,False
SCN_012,347,11.5333,TGT_003,DECOY_TARGET,true,441.5,221.5,441.5,221.5,0.0,0.0,347,347,0,TRACKING,440.5,220.5,1.414,False
SCN_012,348,11.5667,TGT_001,COMMUNICATION_TARGET,true,205.0,300.0,205.0,300.0,-30.0,-30.0,48,48,0,TRACKING,204.0,299.0,1.414,True
SCN_012,348,11.5667,TGT_002,DECOY_TARGET,true,341.0,261.0,341.0,261.0,0.0,0.0,348,348,0,TRACKING,340.0,260.0,1.414,False
SCN_012,348,11.5667,TGT_003,DECOY_TARGET,true,441.5,221.5,441.5,221.5,0.0,0.0,348,348,0,TRACKING,440.5,220.5,1.414,False
SCN_012,349,11.6,TGT_001,COMMUNICATION_TARGET,true,205.0,299.0,205.0,299.0,0.0,-30.0,49,49,0,TRACKING,204.0,298.0,1.414,True
SCN_012,349,11.6,TGT_002,DECOY_TARGET,true,342.0,261.0,342.0,261.0,30.0,0.0,349,349,0,TRACKING,341.0,260.0,1.414,False
SCN_012,349,11.6,TGT_003,DECOY_TARGET,true,441.5,221.5,441.5,221.5,0.0,0.0,349,349,0,TRACKING,440.5,220.5,1.414,False
SCN_012,350,11.6333,TGT_001,COMMUNICATION_TARGET,true,204.0,298.0,204.0,298.0,-30.0,-30.0,50,50,0,TRACKING,203.0,297.0,1.414,True
SCN_012,350,11.6333,TGT_002,DECOY_TARGET,true,343.0,261.0,343.0,261.0,30.0,0.0,350,350,0,TRACKING,342.0,260.0,1.414,False
SCN_012,350,11.6333,TGT_003,DECOY_TARGET,true,441.5,221.5,441.5,221.5,0.0,0.0,350,350,0,TRACKING,440.5,220.5,1.414,False
SCN_012,351,11.6667,TGT_001,COMMUNICATION_TARGET,true,204.0,297.0,204.0,297.0,0.0,-30.0,51,51,0,TRACKING,203.0,296.0,1.414,True
SCN_012,351,11.6667,TGT_002,DECOY_TARGET,true,343.0,261.0,343.0,261.0,0.0,0.0,351,351,0,TRACKING,342.0,260.0,1.414,False
SCN_012,351,11.6667,TGT_003,DECOY_TARGET,true,441.5,221.5,441.5,221.5,0.0,0.0,351,351,0,TRACKING,440.5,220.5,1.414,False
SCN_012,352,11.7,TGT_001,COMMUNICATION_TARGET,true,203.0,297.0,203.0,297.0,-30.0,0.0,52,52,0,TRACKING,202.0,296.0,1.414,True
SCN_012,352,11.7,TGT_002,DECOY_TARGET,true,344.0,261.0,344.0,261.0,30.0,0.0,352,352,0,TRACKING,343.0,260.0,1.414,False
SCN_012,352,11.7,TGT_003,DECOY_TARGET,true,441.5,221.5,441.5,221.5,0.0,0.0,352,352,0,TRACKING,440.5,220.5,1.414,False
SCN_012,353,11.7333,TGT_001,COMMUNICATION_TARGET,true,203.0,296.0,203.0,296.0,0.0,-30.0,53,53,0,TRACKING,202.0,295.0,1.414,True
SCN_012,353,11.7333,TGT_002,DECOY_TARGET,true,345.0,261.0,345.0,261.0,30.0,0.0,353,353,0,TRACKING,344.0,260.0,1.414,False
SCN_012,353,11.7333,TGT_003,DECOY_TARGET,true,441.5,221.5,441.5,221.5,0.0,0.0,353,353,0,TRACKING,440.5,220.5,1.414,False
SCN_012,354,11.7667,TGT_001,COMMUNICATION_TARGET,true,203.0,295.0,203.0,295.0,0.0,-30.0,54,54,0,TRACKING,202.0,294.0,1.414,True
SCN_012,354,11.7667,TGT_002,DECOY_TARGET,true,345.0,262.0,345.0,262.0,0.0,30.0,354,354,0,TRACKING,344.0,261.0,1.414,False
SCN_012,354,11.7667,TGT_003,DECOY_TARGET,true,441.5,221.5,441.5,221.5,0.0,0.0,354,354,0,TRACKING,440.5,220.5,1.414,False
SCN_012,355,11.8,TGT_001,COMMUNICATION_TARGET,true,202.0,294.0,202.0,294.0,-30.0,-30.0,55,55,0,TRACKING,201.0,293.0,1.414,True
SCN_012,355,11.8,TGT_002,DECOY_TARGET,true,346.0,262.0,346.0,262.0,30.0,0.0,355,355,0,TRACKING,345.0,261.0,1.414,False
SCN_012,355,11.8,TGT_003,DECOY_TARGET,true,441.5,221.5,441.5,221.5,0.0,0.0,355,355,0,TRACKING,440.5,220.5,1.414,False
SCN_012,356,11.8333,TGT_001,COMMUNICATION_TARGET,true,202.0,293.0,202.0,293.0,0.0,-30.0,56,56,0,TRACKING,201.0,292.0,1.414,True
SCN_012,356,11.8333,TGT_002,DECOY_TARGET,true,347.0,262.0,347.0,262.0,30.0,0.0,356,356,0,TRACKING,346.0,261.0,1.414,False
SCN_012,356,11.8333,TGT_003,DECOY_TARGET,true,441.5,221.5,441.5,221.5,0.0,0.0,356,356,0,TRACKING,440.5,220.5,1.414,False
SCN_012,357,11.8667,TGT_001,COMMUNICATION_TARGET,true,201.0,292.0,201.0,292.0,-30.0,-30.0,57,57,0,TRACKING,200.0,291.0,1.414,True
SCN_012,357,11.8667,TGT_002,DECOY_TARGET,true,347.0,262.0,347.0,262.0,0.0,0.0,357,357,0,TRACKING,346.0,261.0,1.414,False
SCN_012,357,11.8667,TGT_003,DECOY_TARGET,true,441.5,221.5,441.5,221.5,0.0,0.0,357,357,0,TRACKING,440.5,220.5,1.414,False
SCN_012,358,11.9,TGT_001,COMMUNICATION_TARGET,true,201.0,291.0,201.0,291.0,0.0,-30.0,58,58,0,TRACKING,200.0,290.0,1.414,True
SCN_012,358,11.9,TGT_002,DECOY_TARGET,true,348.0,262.0,348.0,262.0,30.0,0.0,358,358,0,TRACKING,347.0,261.0,1.414,False
SCN_012,358,11.9,TGT_003,DECOY_TARGET,true,441.5,221.5,441.5,221.5,0.0,0.0,358,358,0,TRACKING,440.5,220.5,1.414,False
SCN_012,359,11.9333,TGT_001,COMMUNICATION_TARGET,true,201.0,290.0,201.0,290.0,0.0,-30.0,59,59,0,TRACKING,200.0,289.0,1.414,True
SCN_012,359,11.9333,TGT_002,DECOY_TARGET,true,349.0,262.0,349.0,262.0,30.0,0.0,359,359,0,TRACKING,348.0,261.0,1.414,False
SCN_012,359,11.9333,TGT_003,DECOY_TARGET,true,441.5,220.5,441.5,220.5,0.0,-30.0,359,359,0,TRACKING,440.5,219.5,1.414,False
SCN_012,360,11.9667,TGT_001,COMMUNICATION_TARGET,true,200.0,289.0,200.0,289.0,-30.0,-30.0,60,60,0,TRACKING,199.0,288.0,1.414,True
SCN_012,360,11.9667,TGT_002,DECOY_TARGET,true,349.0,262.0,349.0,262.0,0.0,0.0,360,360,0,TRACKING,348.0,261.0,1.414,False
SCN_012,360,11.9667,TGT_003,DECOY_TARGET,true,441.5,220.5,441.5,220.5,0.0,0.0,360,360,0,TRACKING,440.5,219.5,1.414,False
SCN_012,361,12.0,TGT_001,COMMUNICATION_TARGET,true,200.0,288.0,200.0,288.0,0.0,-30.0,61,61,0,TRACKING,199.0,287.0,1.414,True
SCN_012,361,12.0,TGT_002,DECOY_TARGET,true,350.0,262.0,350.0,262.0,30.0,0.0,361,361,0,TRACKING,349.0,261.0,1.414,False
SCN_012,361,12.0,TGT_003,DECOY_TARGET,true,441.5,220.5,441.5,220.5,0.0,0.0,361,361,0,TRACKING,440.5,219.5,1.414,False
SCN_012,362,12.0333,TGT_001,COMMUNICATION_TARGET,true,200.0,287.0,200.0,287.0,0.0,-30.0,62,62,0,TRACKING,199.0,286.0,1.414,True
SCN_012,362,12.0333,TGT_002,DECOY_TARGET,true,351.0,262.0,351.0,262.0,30.0,0.0,362,362,0,TRACKING,350.0,261.0,1.414,False
SCN_012,362,12.0333,TGT_003,DECOY_TARGET,true,441.5,220.5,441.5,220.5,0.0,0.0,362,362,0,TRACKING,440.5,219.5,1.414,False
SCN_012,363,12.0667,TGT_001,COMMUNICATION_TARGET,true,199.0,286.0,199.0,286.0,-30.0,-30.0,63,63,0,TRACKING,198.0,285.0,1.414,True
SCN_012,363,12.0667,TGT_002,DECOY_TARGET,true,351.0,262.0,351.0,262.0,0.0,0.0,363,363,0,TRACKING,350.0,261.0,1.414,False
SCN_012,363,12.0667,TGT_003,DECOY_TARGET,true,441.5,220.5,441.5,220.5,0.0,0.0,363,363,0,TRACKING,440.5,219.5,1.414,False
SCN_012,364,12.1,TGT_001,COMMUNICATION_TARGET,true,199.0,285.0,199.0,285.0,0.0,-30.0,64,64,0,TRACKING,198.0,284.0,1.414,True
SCN_012,364,12.1,TGT_002,DECOY_TARGET,true,352.0,262.0,352.0,262.0,30.0,0.0,364,364,0,TRACKING,351.0,261.0,1.414,False
SCN_012,364,12.1,TGT_003,DECOY_TARGET,true,441.5,220.5,441.5,220.5,0.0,0.0,364,364,0,TRACKING,440.5,219.5,1.414,False
SCN_012,365,12.1333,TGT_001,COMMUNICATION_TARGET,true,199.0,285.0,199.0,285.0,0.0,0.0,65,65,0,TRACKING,198.0,284.0,1.414,True
SCN_012,365,12.1333,TGT_002,DECOY_TARGET,true,353.0,262.0,353.0,262.0,30.0,0.0,365,365,0,TRACKING,352.0,261.0,1.414,False
SCN_012,365,12.1333,TGT_003,DECOY_TARGET,true,441.5,220.5,441.5,220.5,0.0,0.0,365,365,0,TRACKING,440.5,219.5,1.414,False
SCN_012,366,12.1667,TGT_001,COMMUNICATION_TARGET,true,198.0,284.0,198.0,284.0,-30.0,-30.0,66,66,0,TRACKING,197.0,283.0,1.414,True
SCN_012,366,12.1667,TGT_002,DECOY_TARGET,true,353.0,262.0,353.0,262.0,0.0,0.0,366,366,0,TRACKING,352.0,261.0,1.414,False
SCN_012,366,12.1667,TGT_003,DECOY_TARGET,true,441.5,220.5,441.5,220.5,0.0,0.0,366,366,0,TRACKING,440.5,219.5,1.414,False
SCN_012,367,12.2,TGT_001,COMMUNICATION_TARGET,true,198.0,283.0,198.0,283.0,0.0,-30.0,67,67,0,TRACKING,197.0,282.0,1.414,True
SCN_012,367,12.2,TGT_002,DECOY_TARGET,true,354.0,262.0,354.0,262.0,30.0,0.0,367,367,0,TRACKING,353.0,261.0,1.414,False
SCN_012,367,12.2,TGT_003,DECOY_TARGET,true,441.5,220.5,441.5,220.5,0.0,0.0,367,367,0,TRACKING,440.5,219.5,1.414,False
SCN_012,368,12.2333,TGT_001,COMMUNICATION_TARGET,true,198.0,282.0,198.0,282.0,0.0,-30.0,68,68,0,TRACKING,197.0,281.0,1.414,True
SCN_012,368,12.2333,TGT_002,DECOY_TARGET,true,355.0,262.0,355.0,262.0,30.0,0.0,368,368,0,TRACKING,354.0,261.0,1.414,False
SCN_012,368,12.2333,TGT_003,DECOY_TARGET,true,441.5,220.5,441.5,220.5,0.0,0.0,368,368,0,TRACKING,440.5,219.5,1.414,False
SCN_012,369,12.2667,TGT_001,COMMUNICATION_TARGET,true,197.0,281.0,197.0,281.0,-30.0,-30.0,69,69,0,TRACKING,196.0,280.0,1.414,True
SCN_012,369,12.2667,TGT_002,DECOY_TARGET,true,355.0,262.0,355.0,262.0,0.0,0.0,369,369,0,TRACKING,354.0,261.0,1.414,False
SCN_012,369,12.2667,TGT_003,DECOY_TARGET,true,441.5,220.5,441.5,220.5,0.0,0.0,369,369,0,TRACKING,440.5,219.5,1.414,False
SCN_012,370,12.3,TGT_001,COMMUNICATION_TARGET,true,197.0,280.0,197.0,280.0,0.0,-30.0,70,70,0,TRACKING,196.0,279.0,1.414,True
SCN_012,370,12.3,TGT_002,DECOY_TARGET,true,356.0,262.0,356.0,262.0,30.0,0.0,370,370,0,TRACKING,355.0,261.0,1.414,False
SCN_012,370,12.3,TGT_003,DECOY_TARGET,true,441.5,220.5,441.5,220.5,0.0,0.0,370,370,0,TRACKING,440.5,219.5,1.414,False
SCN_012,371,12.3333,TGT_001,COMMUNICATION_TARGET,true,197.0,279.0,197.0,279.0,0.0,-30.0,71,71,0,TRACKING,196.0,278.0,1.414,True
SCN_012,371,12.3333,TGT_002,DECOY_TARGET,true,357.0,262.0,357.0,262.0,30.0,0.0,371,371,0,TRACKING,356.0,261.0,1.414,False
SCN_012,371,12.3333,TGT_003,DECOY_TARGET,true,441.5,220.5,441.5,220.5,0.0,0.0,371,371,0,TRACKING,440.5,219.5,1.414,False
SCN_012,372,12.3667,TGT_001,COMMUNICATION_TARGET,true,196.0,278.0,196.0,278.0,-30.0,-30.0,72,72,0,TRACKING,195.0,277.0,1.414,True
SCN_012,372,12.3667,TGT_002,DECOY_TARGET,true,357.0,263.0,357.0,263.0,0.0,30.0,372,372,0,TRACKING,356.0,262.0,1.414,False
SCN_012,372,12.3667,TGT_003,DECOY_TARGET,true,441.5,220.5,441.5,220.5,0.0,0.0,372,372,0,TRACKING,440.5,219.5,1.414,False
SCN_012,373,12.4,TGT_001,COMMUNICATION_TARGET,true,196.0,277.0,196.0,277.0,0.0,-30.0,73,73,0,TRACKING,195.0,276.0,1.414,True
SCN_012,373,12.4,TGT_002,DECOY_TARGET,true,358.0,263.0,358.0,263.0,30.0,0.0,373,373,0,TRACKING,357.0,262.0,1.414,False
SCN_012,373,12.4,TGT_003,DECOY_TARGET,true,441.5,220.5,441.5,220.5,0.0,0.0,373,373,0,TRACKING,440.5,219.5,1.414,False
SCN_012,374,12.4333,TGT_001,COMMUNICATION_TARGET,true,196.0,276.0,196.0,276.0,0.0,-30.0,74,74,0,TRACKING,195.0,275.0,1.414,True
SCN_012,374,12.4333,TGT_002,DECOY_TARGET,true,359.0,263.0,359.0,263.0,30.0,0.0,374,374,0,TRACKING,358.0,262.0,1.414,False
SCN_012,374,12.4333,TGT_003,DECOY_TARGET,true,441.5,220.5,441.5,220.5,0.0,0.0,374,374,0,TRACKING,440.5,219.5,1.414,False
SCN_012,375,12.4667,TGT_001,COMMUNICATION_TARGET,true,196.0,275.0,196.0,275.0,0.0,-30.0,75,75,0,TRACKING,195.0,274.0,1.414,True
SCN_012,375,12.4667,TGT_002,DECOY_TARGET,true,359.0,263.0,359.0,263.0,0.0,0.0,375,375,0,TRACKING,358.0,262.0,1.414,False
SCN_012,375,12.4667,TGT_003,DECOY_TARGET,true,441.5,220.5,441.5,220.5,0.0,0.0,375,375,0,TRACKING,440.5,219.5,1.414,False
SCN_012,376,12.5,TGT_001,COMMUNICATION_TARGET,true,195.0,274.0,195.0,274.0,-30.0,-30.0,76,76,0,TRACKING,194.0,273.0,1.414,True
SCN_012,376,12.5,TGT_002,DECOY_TARGET,true,360.0,263.0,360.0,263.0,30.0,0.0,376,376,0,TRACKING,359.0,262.0,1.414,False
SCN_012,376,12.5,TGT_003,DECOY_TARGET,true,441.5,220.5,441.5,220.5,0.0,0.0,376,376,0,TRACKING,440.5,219.5,1.414,False
SCN_012,377,12.5333,TGT_001,COMMUNICATION_TARGET,true,195.0,273.0,195.0,273.0,0.0,-30.0,77,77,0,TRACKING,194.0,272.0,1.414,True
SCN_012,377,12.5333,TGT_002,DECOY_TARGET,true,361.0,263.0,361.0,263.0,30.0,0.0,377,377,0,TRACKING,360.0,262.0,1.414,False
SCN_012,377,12.5333,TGT_003,DECOY_TARGET,true,441.5,220.5,441.5,220.5,0.0,0.0,377,377,0,TRACKING,440.5,219.5,1.414,False
SCN_012,378,12.5667,TGT_001,COMMUNICATION_TARGET,true,195.0,272.0,195.0,272.0,0.0,-30.0,78,78,0,TRACKING,194.0,271.0,1.414,True
SCN_012,378,12.5667,TGT_002,DECOY_TARGET,true,361.0,263.0,361.0,263.0,0.0,0.0,378,378,0,TRACKING,360.0,262.0,1.414,False
SCN_012,378,12.5667,TGT_003,DECOY_TARGET,true,441.5,220.5,441.5,220.5,0.0,0.0,378,378,0,TRACKING,440.5,219.5,1.414,False
SCN_012,379,12.6,TGT_001,COMMUNICATION_TARGET,true,195.0,271.0,195.0,271.0,0.0,-30.0,79,79,0,TRACKING,194.0,270.0,1.414,True
SCN_012,379,12.6,TGT_002,DECOY_TARGET,true,362.0,263.0,362.0,263.0,30.0,0.0,379,379,0,TRACKING,361.0,262.0,1.414,False
SCN_012,379,12.6,TGT_003,DECOY_TARGET,true,441.5,220.5,441.5,220.5,0.0,0.0,379,379,0,TRACKING,440.5,219.5,1.414,False
SCN_012,380,12.6333,TGT_001,COMMUNICATION_TARGET,true,194.0,270.0,194.0,270.0,-30.0,-30.0,80,80,0,TRACKING,193.0,269.0,1.414,True
SCN_012,380,12.6333,TGT_002,DECOY_TARGET,true,363.0,263.0,363.0,263.0,30.0,0.0,380,380,0,TRACKING,362.0,262.0,1.414,False
SCN_012,380,12.6333,TGT_003,DECOY_TARGET,true,441.5,220.5,441.5,220.5,0.0,0.0,380,380,0,TRACKING,440.5,219.5,1.414,False
SCN_012,381,12.6667,TGT_001,COMMUNICATION_TARGET,true,194.0,269.0,194.0,269.0,0.0,-30.0,81,81,0,TRACKING,193.0,268.0,1.414,True
SCN_012,381,12.6667,TGT_002,DECOY_TARGET,true,363.0,263.0,363.0,263.0,0.0,0.0,381,381,0,TRACKING,362.0,262.0,1.414,False
SCN_012,381,12.6667,TGT_003,DECOY_TARGET,true,441.5,220.5,441.5,220.5,0.0,0.0,381,381,0,TRACKING,440.5,219.5,1.414,False
SCN_012,382,12.7,TGT_001,COMMUNICATION_TARGET,true,194.0,268.0,194.0,268.0,0.0,-30.0,82,82,0,TRACKING,193.0,267.0,1.414,True
SCN_012,382,12.7,TGT_002,DECOY_TARGET,true,364.0,263.0,364.0,263.0,30.0,0.0,382,382,0,TRACKING,363.0,262.0,1.414,False
SCN_012,382,12.7,TGT_003,DECOY_TARGET,true,441.5,220.5,441.5,220.5,0.0,0.0,382,382,0,TRACKING,440.5,219.5,1.414,False
SCN_012,383,12.7333,TGT_001,COMMUNICATION_TARGET,true,194.0,267.0,194.0,267.0,0.0,-30.0,83,83,0,TRACKING,193.0,266.0,1.414,True
SCN_012,383,12.7333,TGT_002,DECOY_TARGET,true,365.0,263.0,365.0,263.0,30.0,0.0,383,383,0,TRACKING,364.0,262.0,1.414,False
SCN_012,383,12.7333,TGT_003,DECOY_TARGET,true,441.5,220.5,441.5,220.5,0.0,0.0,383,383,0,TRACKING,440.5,219.5,1.414,False
SCN_012,384,12.7667,TGT_001,COMMUNICATION_TARGET,true,193.0,266.0,193.0,266.0,-30.0,-30.0,84,84,0,TRACKING,192.0,265.0,1.414,True
SCN_012,384,12.7667,TGT_002,DECOY_TARGET,true,365.0,263.0,365.0,263.0,0.0,0.0,384,384,0,TRACKING,364.0,262.0,1.414,False
SCN_012,384,12.7667,TGT_003,DECOY_TARGET,true,441.5,220.5,441.5,220.5,0.0,0.0,384,384,0,TRACKING,440.5,219.5,1.414,False
SCN_012,385,12.8,TGT_001,COMMUNICATION_TARGET,true,193.0,265.0,193.0,265.0,0.0,-30.0,85,85,0,TRACKING,192.0,264.0,1.414,True
SCN_012,385,12.8,TGT_002,DECOY_TARGET,true,366.0,263.0,366.0,263.0,30.0,0.0,385,385,0,TRACKING,365.0,262.0,1.414,False
SCN_012,385,12.8,TGT_003,DECOY_TARGET,true,441.5,220.5,441.5,220.5,0.0,0.0,385,385,0,TRACKING,440.5,219.5,1.414,False
SCN_012,386,12.8333,TGT_001,COMMUNICATION_TARGET,true,193.0,264.0,193.0,264.0,0.0,-30.0,86,86,0,TRACKING,192.0,263.0,1.414,True
SCN_012,386,12.8333,TGT_002,DECOY_TARGET,true,367.0,263.0,367.0,263.0,30.0,0.0,386,386,0,TRACKING,366.0,262.0,1.414,False
SCN_012,386,12.8333,TGT_003,DECOY_TARGET,true,441.5,220.5,441.5,220.5,0.0,0.0,386,386,0,TRACKING,440.5,219.5,1.414,False
SCN_012,387,12.8667,TGT_001,COMMUNICATION_TARGET,true,193.0,263.0,193.0,263.0,0.0,-30.0,87,87,0,TRACKING,192.0,262.0,1.414,True
SCN_012,387,12.8667,TGT_002,DECOY_TARGET,true,367.0,263.0,367.0,263.0,0.0,0.0,387,387,0,TRACKING,366.0,262.0,1.414,False
SCN_012,387,12.8667,TGT_003,DECOY_TARGET,true,441.5,220.5,441.5,220.5,0.0,0.0,387,387,0,TRACKING,440.5,219.5,1.414,False
SCN_012,388,12.9,TGT_001,COMMUNICATION_TARGET,true,193.0,262.0,193.0,262.0,0.0,-30.0,88,88,0,TRACKING,192.0,261.0,1.414,True
SCN_012,388,12.9,TGT_002,DECOY_TARGET,true,368.0,263.0,368.0,263.0,30.0,0.0,388,388,0,TRACKING,367.0,262.0,1.414,False
SCN_012,388,12.9,TGT_003,DECOY_TARGET,true,441.5,220.5,441.5,220.5,0.0,0.0,388,388,0,TRACKING,440.5,219.5,1.414,False
SCN_012,389,12.9333,TGT_001,COMMUNICATION_TARGET,true,193.0,261.0,193.0,261.0,0.0,-30.0,89,89,0,TRACKING,192.0,260.0,1.414,True
SCN_012,389,12.9333,TGT_002,DECOY_TARGET,true,369.0,264.0,369.0,264.0,30.0,30.0,389,389,0,TRACKING,368.0,263.0,1.414,False
SCN_012,389,12.9333,TGT_003,DECOY_TARGET,true,441.5,220.5,441.5,220.5,0.0,0.0,389,389,0,TRACKING,440.5,219.5,1.414,False
SCN_012,390,12.9667,TGT_001,COMMUNICATION_TARGET,true,192.0,260.0,192.0,260.0,-30.0,-30.0,90,90,0,TRACKING,191.0,259.0,1.414,True
SCN_012,390,12.9667,TGT_002,DECOY_TARGET,true,369.0,264.0,369.0,264.0,0.0,0.0,390,390,0,TRACKING,368.0,263.0,1.414,False
SCN_012,390,12.9667,TGT_003,DECOY_TARGET,true,441.5,220.5,441.5,220.5,0.0,0.0,390,390,0,TRACKING,440.5,219.5,1.414,False
SCN_012,391,13.0,TGT_001,COMMUNICATION_TARGET,true,192.0,259.0,192.0,259.0,0.0,-30.0,91,91,0,TRACKING,191.0,258.0,1.414,True
SCN_012,391,13.0,TGT_002,DECOY_TARGET,true,370.0,264.0,370.0,264.0,30.0,0.0,391,391,0,TRACKING,369.0,263.0,1.414,False
SCN_012,391,13.0,TGT_003,DECOY_TARGET,true,441.5,220.5,441.5,220.5,0.0,0.0,391,391,0,TRACKING,440.5,219.5,1.414,False
SCN_012,392,13.0333,TGT_001,COMMUNICATION_TARGET,true,192.0,258.0,192.0,258.0,0.0,-30.0,92,92,0,TRACKING,191.0,257.0,1.414,True
SCN_012,392,13.0333,TGT_002,DECOY_TARGET,true,371.0,264.0,371.0,264.0,30.0,0.0,392,392,0,TRACKING,370.0,263.0,1.414,False
SCN_012,392,13.0333,TGT_003,DECOY_TARGET,true,441.5,220.5,441.5,220.5,0.0,0.0,392,392,0,TRACKING,440.5,219.5,1.414,False
SCN_012,393,13.0667,TGT_001,COMMUNICATION_TARGET,true,192.0,257.0,192.0,257.0,0.0,-30.0,93,93,0,TRACKING,191.0,256.0,1.414,True
SCN_012,393,13.0667,TGT_002,DECOY_TARGET,true,371.0,264.0,371.0,264.0,0.0,0.0,393,393,0,TRACKING,370.0,263.0,1.414,False
SCN_012,393,13.0667,TGT_003,DECOY_TARGET,true,441.5,220.5,441.5,220.5,0.0,0.0,393,393,0,TRACKING,440.5,219.5,1.414,False
SCN_012,394,13.1,TGT_001,COMMUNICATION_TARGET,true,192.0,256.0,192.0,256.0,0.0,-30.0,94,94,0,TRACKING,191.0,255.0,1.414,True
SCN_012,394,13.1,TGT_002,DECOY_TARGET,true,372.0,264.0,372.0,264.0,30.0,0.0,394,394,0,TRACKING,371.0,263.0,1.414,False
SCN_012,394,13.1,TGT_003,DECOY_TARGET,true,441.5,220.5,441.5,220.5,0.0,0.0,394,394,0,TRACKING,440.5,219.5,1.414,False
SCN_012,395,13.1333,TGT_001,COMMUNICATION_TARGET,true,192.0,255.0,192.0,255.0,0.0,-30.0,95,95,0,TRACKING,191.0,254.0,1.414,True
SCN_012,395,13.1333,TGT_002,DECOY_TARGET,true,373.0,264.0,373.0,264.0,30.0,0.0,395,395,0,TRACKING,372.0,263.0,1.414,False
SCN_012,395,13.1333,TGT_003,DECOY_TARGET,true,441.5,220.5,441.5,220.5,0.0,0.0,395,395,0,TRACKING,440.5,219.5,1.414,False
SCN_012,396,13.1667,TGT_001,COMMUNICATION_TARGET,true,192.0,254.0,192.0,254.0,0.0,-30.0,96,96,0,TRACKING,191.0,253.0,1.414,True
SCN_012,396,13.1667,TGT_002,DECOY_TARGET,true,373.0,264.0,373.0,264.0,0.0,0.0,396,396,0,TRACKING,372.0,263.0,1.414,False
SCN_012,396,13.1667,TGT_003,DECOY_TARGET,true,441.5,220.5,441.5,220.5,0.0,0.0,396,396,0,TRACKING,440.5,219.5,1.414,False
SCN_012,397,13.2,TGT_001,COMMUNICATION_TARGET,true,192.0,253.0,192.0,253.0,0.0,-30.0,97,97,0,TRACKING,191.0,252.0,1.414,True
SCN_012,397,13.2,TGT_002,DECOY_TARGET,true,374.0,264.0,374.0,264.0,30.0,0.0,397,397,0,TRACKING,373.0,263.0,1.414,False
SCN_012,397,13.2,TGT_003,DECOY_TARGET,true,441.5,220.5,441.5,220.5,0.0,0.0,397,397,0,TRACKING,440.5,219.5,1.414,False
SCN_012,398,13.2333,TGT_001,COMMUNICATION_TARGET,true,192.0,252.0,192.0,252.0,0.0,-30.0,98,98,0,TRACKING,191.0,251.0,1.414,True
SCN_012,398,13.2333,TGT_002,DECOY_TARGET,true,375.0,264.0,375.0,264.0,30.0,0.0,398,398,0,TRACKING,374.0,263.0,1.414,False
SCN_012,398,13.2333,TGT_003,DECOY_TARGET,true,441.5,220.5,441.5,220.5,0.0,0.0,398,398,0,TRACKING,440.5,219.5,1.414,False
SCN_012,399,13.2667,TGT_001,COMMUNICATION_TARGET,true,191.0,251.0,191.0,251.0,-30.0,-30.0,99,99,0,TRACKING,190.0,250.0,1.414,True
SCN_012,399,13.2667,TGT_002,DECOY_TARGET,true,375.0,264.0,375.0,264.0,0.0,0.0,399,399,0,TRACKING,374.0,263.0,1.414,False
SCN_012,399,13.2667,TGT_003,DECOY_TARGET,true,441.5,220.5,441.5,220.5,0.0,0.0,399,399,0,TRACKING,440.5,219.5,1.414,False
SCN_012,400,13.3,TGT_001,COMMUNICATION_TARGET,true,191.0,250.0,191.0,250.0,0.0,-30.0,100,100,0,TRACKING,190.0,249.0,1.414,True
SCN_012,400,13.3,TGT_002,DECOY_TARGET,true,376.0,264.0,376.0,264.0,30.0,0.0,400,400,0,TRACKING,375.0,263.0,1.414,False
SCN_012,400,13.3,TGT_003,DECOY_TARGET,true,441.5,220.5,441.5,220.5,0.0,0.0,400,400,0,TRACKING,440.5,219.5,1.414,False
SCN_012,401,13.3333,TGT_001,COMMUNICATION_TARGET,true,191.0,249.0,191.0,249.0,0.0,-30.0,101,101,0,TRACKING,190.0,248.0,1.414,True
SCN_012,401,13.3333,TGT_002,DECOY_TARGET,true,377.0,264.0,377.0,264.0,30.0,0.0,401,401,0,TRACKING,376.0,263.0,1.414,False
SCN_012,401,13.3333,TGT_003,DECOY_TARGET,true,441.5,220.5,441.5,220.5,0.0,0.0,401,401,0,TRACKING,440.5,219.5,1.414,False
SCN_012,402,13.3667,TGT_001,COMMUNICATION_TARGET,true,191.0,248.0,191.0,248.0,0.0,-30.0,102,102,0,TRACKING,190.0,247.0,1.414,True
SCN_012,402,13.3667,TGT_002,DECOY_TARGET,true,377.0,264.0,377.0,264.0,0.0,0.0,402,402,0,TRACKING,376.0,263.0,1.414,False
SCN_012,402,13.3667,TGT_003,DECOY_TARGET,true,441.5,220.5,441.5,220.5,0.0,0.0,402,402,0,TRACKING,440.5,219.5,1.414,False
SCN_012,403,13.4,TGT_001,COMMUNICATION_TARGET,true,191.0,247.0,191.0,247.0,0.0,-30.0,103,103,0,TRACKING,190.0,246.0,1.414,True
SCN_012,403,13.4,TGT_002,DECOY_TARGET,true,378.0,264.0,378.0,264.0,30.0,0.0,403,403,0,TRACKING,377.0,263.0,1.414,False
SCN_012,403,13.4,TGT_003,DECOY_TARGET,true,441.5,220.5,441.5,220.5,0.0,0.0,403,403,0,TRACKING,440.5,219.5,1.414,False
SCN_012,404,13.4333,TGT_001,COMMUNICATION_TARGET,true,191.0,246.0,191.0,246.0,0.0,-30.0,104,104,0,TRACKING,190.0,245.0,1.414,True
SCN_012,404,13.4333,TGT_002,DECOY_TARGET,true,379.0,264.0,379.0,264.0,30.0,0.0,404,404,0,TRACKING,378.0,263.0,1.414,False
SCN_012,404,13.4333,TGT_003,DECOY_TARGET,true,441.5,220.5,441.5,220.5,0.0,0.0,404,404,0,TRACKING,440.5,219.5,1.414,False
SCN_012,405,13.4667,TGT_001,COMMUNICATION_TARGET,true,191.0,245.0,191.0,245.0,0.0,-30.0,105,105,0,TRACKING,190.0,244.0,1.414,True
SCN_012,405,13.4667,TGT_002,DECOY_TARGET,true,379.0,264.0,379.0,264.0,0.0,0.0,405,405,0,TRACKING,378.0,263.0,1.414,False
SCN_012,405,13.4667,TGT_003,DECOY_TARGET,true,441.5,220.5,441.5,220.5,0.0,0.0,405,405,0,TRACKING,440.5,219.5,1.414,False
SCN_012,406,13.5,TGT_001,COMMUNICATION_TARGET,true,191.0,244.0,191.0,244.0,0.0,-30.0,106,106,0,TRACKING,190.0,243.0,1.414,True
SCN_012,406,13.5,TGT_002,DECOY_TARGET,true,380.0,265.0,380.0,265.0,30.0,30.0,406,406,0,TRACKING,379.0,264.0,1.414,False
SCN_012,406,13.5,TGT_003,DECOY_TARGET,true,441.5,220.5,441.5,220.5,0.0,0.0,406,406,0,TRACKING,440.5,219.5,1.414,False
SCN_012,407,13.5333,TGT_001,COMMUNICATION_TARGET,true,191.0,243.0,191.0,243.0,0.0,-30.0,107,107,0,TRACKING,190.0,242.0,1.414,True
SCN_012,407,13.5333,TGT_002,DECOY_TARGET,true,381.0,265.0,381.0,265.0,30.0,0.0,407,407,0,TRACKING,380.0,264.0,1.414,False
SCN_012,407,13.5333,TGT_003,DECOY_TARGET,true,441.5,220.5,441.5,220.5,0.0,0.0,407,407,0,TRACKING,440.5,219.5,1.414,False
SCN_012,408,13.5667,TGT_001,COMMUNICATION_TARGET,true,191.0,242.0,191.0,242.0,0.0,-30.0,108,108,0,TRACKING,190.0,241.0,1.414,True
SCN_012,408,13.5667,TGT_002,DECOY_TARGET,true,381.0,265.0,381.0,265.0,0.0,0.0,408,408,0,TRACKING,380.0,264.0,1.414,False
SCN_012,408,13.5667,TGT_003,DECOY_TARGET,true,441.5,220.5,441.5,220.5,0.0,0.0,408,408,0,TRACKING,440.5,219.5,1.414,False
SCN_012,409,13.6,TGT_001,COMMUNICATION_TARGET,true,191.0,241.0,191.0,241.0,0.0,-30.0,109,109,0,TRACKING,190.0,240.0,1.414,True
SCN_012,409,13.6,TGT_002,DECOY_TARGET,true,382.0,265.0,382.0,265.0,30.0,0.0,409,409,0,TRACKING,381.0,264.0,1.414,False
SCN_012,409,13.6,TGT_003,DECOY_TARGET,true,441.5,220.5,441.5,220.5,0.0,0.0,409,409,0,TRACKING,440.5,219.5,1.414,False
SCN_012,410,13.6333,TGT_001,COMMUNICATION_TARGET,true,191.0,240.0,191.0,240.0,0.0,-30.0,110,110,0,TRACKING,190.0,239.0,1.414,True
SCN_012,410,13.6333,TGT_002,DECOY_TARGET,true,383.0,265.0,383.0,265.0,30.0,0.0,410,410,0,TRACKING,382.0,264.0,1.414,False
SCN_012,410,13.6333,TGT_003,DECOY_TARGET,true,441.5,220.5,441.5,220.5,0.0,0.0,410,410,0,TRACKING,440.5,219.5,1.414,False
SCN_012,411,13.6667,TGT_001,COMMUNICATION_TARGET,true,191.0,239.0,191.0,239.0,0.0,-30.0,111,111,0,TRACKING,190.0,238.0,1.414,True
SCN_012,411,13.6667,TGT_002,DECOY_TARGET,true,383.0,265.0,383.0,265.0,0.0,0.0,411,411,0,TRACKING,382.0,264.0,1.414,False
SCN_012,411,13.6667,TGT_003,DECOY_TARGET,true,441.5,220.5,441.5,220.5,0.0,0.0,411,411,0,TRACKING,440.5,219.5,1.414,False
SCN_012,412,13.7,TGT_001,COMMUNICATION_TARGET,true,191.0,238.0,191.0,238.0,0.0,-30.0,112,112,0,TRACKING,190.0,237.0,1.414,True
SCN_012,412,13.7,TGT_002,DECOY_TARGET,true,384.0,265.0,384.0,265.0,30.0,0.0,412,412,0,TRACKING,383.0,264.0,1.414,False
SCN_012,412,13.7,TGT_003,DECOY_TARGET,true,441.5,220.5,441.5,220.5,0.0,0.0,412,412,0,TRACKING,440.5,219.5,1.414,False
SCN_012,413,13.7333,TGT_001,COMMUNICATION_TARGET,true,191.0,237.0,191.0,237.0,0.0,-30.0,113,113,0,TRACKING,190.0,236.0,1.414,True
SCN_012,413,13.7333,TGT_002,DECOY_TARGET,true,385.0,265.0,385.0,265.0,30.0,0.0,413,413,0,TRACKING,384.0,264.0,1.414,False
SCN_012,413,13.7333,TGT_003,DECOY_TARGET,true,441.5,220.5,441.5,220.5,0.0,0.0,413,413,0,TRACKING,440.5,219.5,1.414,False
SCN_012,414,13.7667,TGT_001,COMMUNICATION_TARGET,true,191.0,236.0,191.0,236.0,0.0,-30.0,114,114,0,TRACKING,190.0,235.0,1.414,True
SCN_012,414,13.7667,TGT_002,DECOY_TARGET,true,385.0,265.0,385.0,265.0,0.0,0.0,414,414,0,TRACKING,384.0,264.0,1.414,False
SCN_012,414,13.7667,TGT_003,DECOY_TARGET,true,441.5,220.5,441.5,220.5,0.0,0.0,414,414,0,TRACKING,440.5,219.5,1.414,False
SCN_012,415,13.8,TGT_001,COMMUNICATION_TARGET,true,191.0,235.0,191.0,235.0,0.0,-30.0,115,115,0,TRACKING,190.0,234.0,1.414,True
SCN_012,415,13.8,TGT_002,DECOY_TARGET,true,386.0,265.0,386.0,265.0,30.0,0.0,415,415,0,TRACKING,385.0,264.0,1.414,False
SCN_012,415,13.8,TGT_003,DECOY_TARGET,true,441.5,220.5,441.5,220.5,0.0,0.0,415,415,0,TRACKING,440.5,219.5,1.414,False
SCN_012,416,13.8333,TGT_001,COMMUNICATION_TARGET,true,191.0,234.0,191.0,234.0,0.0,-30.0,116,116,0,TRACKING,190.0,233.0,1.414,True
SCN_012,416,13.8333,TGT_002,DECOY_TARGET,true,387.0,265.0,387.0,265.0,30.0,0.0,416,416,0,TRACKING,386.0,264.0,1.414,False
SCN_012,416,13.8333,TGT_003,DECOY_TARGET,true,441.5,220.5,441.5,220.5,0.0,0.0,416,416,0,TRACKING,440.5,219.5,1.414,False
SCN_012,417,13.8667,TGT_001,COMMUNICATION_TARGET,true,191.0,233.0,191.0,233.0,0.0,-30.0,117,117,0,TRACKING,190.0,232.0,1.414,True
SCN_012,417,13.8667,TGT_002,DECOY_TARGET,true,387.0,265.0,387.0,265.0,0.0,0.0,417,417,0,TRACKING,386.0,264.0,1.414,False
SCN_012,417,13.8667,TGT_003,DECOY_TARGET,true,441.5,220.5,441.5,220.5,0.0,0.0,417,417,0,TRACKING,440.5,219.5,1.414,False
SCN_012,418,13.9,TGT_001,COMMUNICATION_TARGET,true,191.0,232.0,191.0,232.0,0.0,-30.0,118,118,0,TRACKING,190.0,231.0,1.414,True
SCN_012,418,13.9,TGT_002,DECOY_TARGET,true,388.0,265.0,388.0,265.0,30.0,0.0,418,418,0,TRACKING,387.0,264.0,1.414,False
SCN_012,418,13.9,TGT_003,DECOY_TARGET,true,441.5,220.5,441.5,220.5,0.0,0.0,418,418,0,TRACKING,440.5,219.5,1.414,False
SCN_012,419,13.9333,TGT_001,COMMUNICATION_TARGET,true,191.0,231.0,191.0,231.0,0.0,-30.0,119,119,0,TRACKING,190.0,230.0,1.414,True
SCN_012,419,13.9333,TGT_002,DECOY_TARGET,true,389.0,265.0,389.0,265.0,30.0,0.0,419,419,0,TRACKING,388.0,264.0,1.414,False
SCN_012,419,13.9333,TGT_003,DECOY_TARGET,true,441.5,220.5,441.5,220.5,0.0,0.0,419,419,0,TRACKING,440.5,219.5,1.414,False
SCN_012,420,13.9667,TGT_001,COMMUNICATION_TARGET,true,191.0,230.0,191.0,230.0,0.0,-30.0,120,120,0,TRACKING,190.0,229.0,1.414,True
SCN_012,420,13.9667,TGT_002,DECOY_TARGET,true,389.0,265.0,389.0,265.0,0.0,0.0,420,420,0,TRACKING,388.0,264.0,1.414,False
SCN_012,420,13.9667,TGT_003,DECOY_TARGET,true,441.5,220.5,441.5,220.5,0.0,0.0,420,420,0,TRACKING,440.5,219.5,1.414,False
SCN_012,421,14.0,TGT_001,COMMUNICATION_TARGET,true,192.0,229.0,192.0,229.0,30.0,-30.0,121,121,0,TRACKING,191.0,228.0,1.414,True
SCN_012,421,14.0,TGT_002,DECOY_TARGET,true,390.0,265.0,390.0,265.0,30.0,0.0,421,421,0,TRACKING,389.0,264.0,1.414,False
SCN_012,421,14.0,TGT_003,DECOY_TARGET,true,441.5,220.5,441.5,220.5,0.0,0.0,421,421,0,TRACKING,440.5,219.5,1.414,False
SCN_012,422,14.0333,TGT_001,COMMUNICATION_TARGET,true,192.0,228.0,192.0,228.0,0.0,-30.0,122,122,0,TRACKING,191.0,227.0,1.414,True
SCN_012,422,14.0333,TGT_002,DECOY_TARGET,true,391.0,265.0,391.0,265.0,30.0,0.0,422,422,0,TRACKING,390.0,264.0,1.414,False
SCN_012,422,14.0333,TGT_003,DECOY_TARGET,true,441.5,220.5,441.5,220.5,0.0,0.0,422,422,0,TRACKING,440.5,219.5,1.414,False
SCN_012,423,14.0667,TGT_001,COMMUNICATION_TARGET,true,192.0,227.0,192.0,227.0,0.0,-30.0,123,123,0,TRACKING,191.0,226.0,1.414,True
SCN_012,423,14.0667,TGT_002,DECOY_TARGET,true,391.0,266.0,391.0,266.0,0.0,30.0,423,423,0,TRACKING,390.0,265.0,1.414,False
SCN_012,423,14.0667,TGT_003,DECOY_TARGET,true,441.5,220.5,441.5,220.5,0.0,0.0,423,423,0,TRACKING,440.5,219.5,1.414,False
SCN_012,424,14.1,TGT_001,COMMUNICATION_TARGET,true,192.0,226.0,192.0,226.0,0.0,-30.0,124,124,0,TRACKING,191.0,225.0,1.414,True
SCN_012,424,14.1,TGT_002,DECOY_TARGET,true,392.0,266.0,392.0,266.0,30.0,0.0,424,424,0,TRACKING,391.0,265.0,1.414,False
SCN_012,424,14.1,TGT_003,DECOY_TARGET,true,441.5,221.5,441.5,221.5,0.0,30.0,424,424,0,TRACKING,440.5,220.5,1.414,False
SCN_012,425,14.1333,TGT_001,COMMUNICATION_TARGET,true,192.0,225.0,192.0,225.0,0.0,-30.0,125,125,0,TRACKING,191.0,224.0,1.414,True
SCN_012,425,14.1333,TGT_002,DECOY_TARGET,true,393.0,266.0,393.0,266.0,30.0,0.0,425,425,0,TRACKING,392.0,265.0,1.414,False
SCN_012,425,14.1333,TGT_003,DECOY_TARGET,true,441.5,221.5,441.5,221.5,0.0,0.0,425,425,0,TRACKING,440.5,220.5,1.414,False
SCN_012,426,14.1667,TGT_001,COMMUNICATION_TARGET,true,192.0,224.0,192.0,224.0,0.0,-30.0,126,126,0,TRACKING,191.0,223.0,1.414,True
SCN_012,426,14.1667,TGT_002,DECOY_TARGET,true,393.0,266.0,393.0,266.0,0.0,0.0,426,426,0,TRACKING,392.0,265.0,1.414,False
SCN_012,426,14.1667,TGT_003,DECOY_TARGET,true,441.5,221.5,441.5,221.5,0.0,0.0,426,426,0,TRACKING,440.5,220.5,1.414,False
SCN_012,427,14.2,TGT_001,COMMUNICATION_TARGET,true,192.0,223.0,192.0,223.0,0.0,-30.0,127,127,0,TRACKING,191.0,222.0,1.414,True
SCN_012,427,14.2,TGT_002,DECOY_TARGET,true,394.0,266.0,394.0,266.0,30.0,0.0,427,427,0,TRACKING,393.0,265.0,1.414,False
SCN_012,427,14.2,TGT_003,DECOY_TARGET,true,441.5,221.5,441.5,221.5,0.0,0.0,427,427,0,TRACKING,440.5,220.5,1.414,False
SCN_012,428,14.2333,TGT_001,COMMUNICATION_TARGET,true,192.0,222.0,192.0,222.0,0.0,-30.0,128,128,0,TRACKING,191.0,221.0,1.414,True
SCN_012,428,14.2333,TGT_002,DECOY_TARGET,true,395.0,266.0,395.0,266.0,30.0,0.0,428,428,0,TRACKING,394.0,265.0,1.414,False
SCN_012,428,14.2333,TGT_003,DECOY_TARGET,true,441.5,221.5,441.5,221.5,0.0,0.0,428,428,0,TRACKING,440.5,220.5,1.414,False
SCN_012,429,14.2667,TGT_001,COMMUNICATION_TARGET,true,192.0,221.0,192.0,221.0,0.0,-30.0,129,129,0,TRACKING,191.0,220.0,1.414,True
SCN_012,429,14.2667,TGT_002,DECOY_TARGET,true,395.0,266.0,395.0,266.0,0.0,0.0,429,429,0,TRACKING,394.0,265.0,1.414,False
SCN_012,429,14.2667,TGT_003,DECOY_TARGET,true,441.5,221.5,441.5,221.5,0.0,0.0,429,429,0,TRACKING,440.5,220.5,1.414,False
SCN_012,430,14.3,TGT_001,COMMUNICATION_TARGET,true,193.0,220.0,193.0,220.0,30.0,-30.0,130,130,0,TRACKING,192.0,219.0,1.414,True
SCN_012,430,14.3,TGT_002,DECOY_TARGET,true,396.0,266.0,396.0,266.0,30.0,0.0,430,430,0,TRACKING,395.0,265.0,1.414,False
SCN_012,430,14.3,TGT_003,DECOY_TARGET,true,441.5,221.5,441.5,221.5,0.0,0.0,430,430,0,TRACKING,440.5,220.5,1.414,False
SCN_012,431,14.3333,TGT_001,COMMUNICATION_TARGET,true,193.0,220.0,193.0,220.0,0.0,0.0,131,131,0,TRACKING,192.0,219.0,1.414,True
SCN_012,431,14.3333,TGT_002,DECOY_TARGET,true,397.0,266.0,397.0,266.0,30.0,0.0,431,431,0,TRACKING,396.0,265.0,1.414,False
SCN_012,431,14.3333,TGT_003,DECOY_TARGET,true,441.5,221.5,441.5,221.5,0.0,0.0,431,431,0,TRACKING,440.5,220.5,1.414,False
SCN_012,432,14.3667,TGT_001,COMMUNICATION_TARGET,true,193.0,219.0,193.0,219.0,0.0,-30.0,132,132,0,TRACKING,192.0,218.0,1.414,True
SCN_012,432,14.3667,TGT_002,DECOY_TARGET,true,397.0,266.0,397.0,266.0,0.0,0.0,432,432,0,TRACKING,396.0,265.0,1.414,False
SCN_012,432,14.3667,TGT_003,DECOY_TARGET,true,441.5,221.5,441.5,221.5,0.0,0.0,432,432,0,TRACKING,440.5,220.5,1.414,False
SCN_012,433,14.4,TGT_001,COMMUNICATION_TARGET,true,193.0,218.0,193.0,218.0,0.0,-30.0,133,133,0,TRACKING,192.0,217.0,1.414,True
SCN_012,433,14.4,TGT_002,DECOY_TARGET,true,398.0,266.0,398.0,266.0,30.0,0.0,433,433,0,TRACKING,397.0,265.0,1.414,False
SCN_012,433,14.4,TGT_003,DECOY_TARGET,true,441.5,221.5,441.5,221.5,0.0,0.0,433,433,0,TRACKING,440.5,220.5,1.414,False
SCN_012,434,14.4333,TGT_001,COMMUNICATION_TARGET,true,193.0,217.0,193.0,217.0,0.0,-30.0,134,134,0,TRACKING,192.0,216.0,1.414,True
SCN_012,434,14.4333,TGT_002,DECOY_TARGET,true,399.0,266.0,399.0,266.0,30.0,0.0,434,434,0,TRACKING,398.0,265.0,1.414,False
SCN_012,434,14.4333,TGT_003,DECOY_TARGET,true,441.5,221.5,441.5,221.5,0.0,0.0,434,434,0,TRACKING,440.5,220.5,1.414,False
SCN_012,435,14.4667,TGT_001,COMMUNICATION_TARGET,true,194.0,216.0,194.0,216.0,30.0,-30.0,135,135,0,TRACKING,193.0,215.0,1.414,True
SCN_012,435,14.4667,TGT_002,DECOY_TARGET,true,399.0,266.0,399.0,266.0,0.0,0.0,435,435,0,TRACKING,398.0,265.0,1.414,False
SCN_012,435,14.4667,TGT_003,DECOY_TARGET,true,441.5,221.5,441.5,221.5,0.0,0.0,435,435,0,TRACKING,440.5,220.5,1.414,False
SCN_012,436,14.5,TGT_001,COMMUNICATION_TARGET,true,194.0,215.0,194.0,215.0,0.0,-30.0,136,136,0,TRACKING,193.0,214.0,1.414,True
SCN_012,436,14.5,TGT_002,DECOY_TARGET,true,400.0,266.0,400.0,266.0,30.0,0.0,436,436,0,TRACKING,399.0,265.0,1.414,False
SCN_012,436,14.5,TGT_003,DECOY_TARGET,true,441.5,221.5,441.5,221.5,0.0,0.0,436,436,0,TRACKING,440.5,220.5,1.414,False
SCN_012,437,14.5333,TGT_001,COMMUNICATION_TARGET,true,194.0,214.0,194.0,214.0,0.0,-30.0,137,137,0,TRACKING,193.0,213.0,1.414,True
SCN_012,437,14.5333,TGT_002,DECOY_TARGET,true,401.0,266.0,401.0,266.0,30.0,0.0,437,437,0,TRACKING,400.0,265.0,1.414,False
SCN_012,437,14.5333,TGT_003,DECOY_TARGET,true,441.5,221.5,441.5,221.5,0.0,0.0,437,437,0,TRACKING,440.5,220.5,1.414,False
SCN_012,438,14.5667,TGT_001,COMMUNICATION_TARGET,true,194.0,213.0,194.0,213.0,0.0,-30.0,138,138,0,TRACKING,193.0,212.0,1.414,True
SCN_012,438,14.5667,TGT_002,DECOY_TARGET,true,401.0,266.0,401.0,266.0,0.0,0.0,438,438,0,TRACKING,400.0,265.0,1.414,False
SCN_012,438,14.5667,TGT_003,DECOY_TARGET,true,441.5,221.5,441.5,221.5,0.0,0.0,438,438,0,TRACKING,440.5,220.5,1.414,False
SCN_012,439,14.6,TGT_001,COMMUNICATION_TARGET,true,194.0,212.0,194.0,212.0,0.0,-30.0,139,139,0,TRACKING,193.0,211.0,1.414,True
SCN_012,439,14.6,TGT_002,DECOY_TARGET,true,402.0,266.0,402.0,266.0,30.0,0.0,439,439,0,TRACKING,401.0,265.0,1.414,False
SCN_012,439,14.6,TGT_003,DECOY_TARGET,true,441.5,221.5,441.5,221.5,0.0,0.0,439,439,0,TRACKING,440.5,220.5,1.414,False
SCN_012,440,14.6333,TGT_001,COMMUNICATION_TARGET,true,195.0,211.0,195.0,211.0,30.0,-30.0,140,140,0,TRACKING,194.0,210.0,1.414,True
SCN_012,440,14.6333,TGT_002,DECOY_TARGET,true,403.0,267.0,403.0,267.0,30.0,30.0,440,440,0,TRACKING,402.0,266.0,1.414,False
SCN_012,440,14.6333,TGT_003,DECOY_TARGET,true,441.5,221.5,441.5,221.5,0.0,0.0,440,440,0,TRACKING,440.5,220.5,1.414,False
SCN_012,441,14.6667,TGT_001,COMMUNICATION_TARGET,true,195.0,210.0,195.0,210.0,0.0,-30.0,141,141,0,TRACKING,194.0,209.0,1.414,True
SCN_012,441,14.6667,TGT_002,DECOY_TARGET,true,403.0,267.0,403.0,267.0,0.0,0.0,441,441,0,TRACKING,402.0,266.0,1.414,False
SCN_012,441,14.6667,TGT_003,DECOY_TARGET,true,441.5,221.5,441.5,221.5,0.0,0.0,441,441,0,TRACKING,440.5,220.5,1.414,False
SCN_012,442,14.7,TGT_001,COMMUNICATION_TARGET,true,195.0,209.0,195.0,209.0,0.0,-30.0,142,142,0,TRACKING,194.0,208.0,1.414,True
SCN_012,442,14.7,TGT_002,DECOY_TARGET,true,404.0,267.0,404.0,267.0,30.0,0.0,442,442,0,TRACKING,403.0,266.0,1.414,False
SCN_012,442,14.7,TGT_003,DECOY_TARGET,true,441.5,221.5,441.5,221.5,0.0,0.0,442,442,0,TRACKING,440.5,220.5,1.414,False
SCN_012,443,14.7333,TGT_001,COMMUNICATION_TARGET,true,195.0,208.0,195.0,208.0,0.0,-30.0,143,143,0,TRACKING,194.0,207.0,1.414,True
SCN_012,443,14.7333,TGT_002,DECOY_TARGET,true,405.0,267.0,405.0,267.0,30.0,0.0,443,443,0,TRACKING,404.0,266.0,1.414,False
SCN_012,443,14.7333,TGT_003,DECOY_TARGET,true,441.5,221.5,441.5,221.5,0.0,0.0,443,443,0,TRACKING,440.5,220.5,1.414,False
SCN_012,444,14.7667,TGT_001,COMMUNICATION_TARGET,true,196.0,207.0,196.0,207.0,30.0,-30.0,144,144,0,TRACKING,195.0,206.0,1.414,True
SCN_012,444,14.7667,TGT_002,DECOY_TARGET,true,405.0,267.0,405.0,267.0,0.0,0.0,444,444,0,TRACKING,404.0,266.0,1.414,False
SCN_012,444,14.7667,TGT_003,DECOY_TARGET,true,441.5,221.5,441.5,221.5,0.0,0.0,444,444,0,TRACKING,440.5,220.5,1.414,False
SCN_012,445,14.8,TGT_001,COMMUNICATION_TARGET,true,196.0,206.0,196.0,206.0,0.0,-30.0,145,145,0,TRACKING,195.0,205.0,1.414,True
SCN_012,445,14.8,TGT_002,DECOY_TARGET,true,406.0,267.0,406.0,267.0,30.0,0.0,445,445,0,TRACKING,405.0,266.0,1.414,False
SCN_012,445,14.8,TGT_003,DECOY_TARGET,true,441.5,221.5,441.5,221.5,0.0,0.0,445,445,0,TRACKING,440.5,220.5,1.414,False
SCN_012,446,14.8333,TGT_001,COMMUNICATION_TARGET,true,196.0,205.0,196.0,205.0,0.0,-30.0,146,146,0,TRACKING,195.0,204.0,1.414,True
SCN_012,446,14.8333,TGT_002,DECOY_TARGET,true,407.0,267.0,407.0,267.0,30.0,0.0,446,446,0,TRACKING,406.0,266.0,1.414,False
SCN_012,446,14.8333,TGT_003,DECOY_TARGET,true,441.5,221.5,441.5,221.5,0.0,0.0,446,446,0,TRACKING,440.5,220.5,1.414,False
SCN_012,447,14.8667,TGT_001,COMMUNICATION_TARGET,true,196.0,204.0,196.0,204.0,0.0,-30.0,147,147,0,TRACKING,195.0,203.0,1.414,True
SCN_012,447,14.8667,TGT_002,DECOY_TARGET,true,407.0,267.0,407.0,267.0,0.0,0.0,447,447,0,TRACKING,406.0,266.0,1.414,False
SCN_012,447,14.8667,TGT_003,DECOY_TARGET,true,441.5,221.5,441.5,221.5,0.0,0.0,447,447,0,TRACKING,440.5,220.5,1.414,False
SCN_012,448,14.9,TGT_001,COMMUNICATION_TARGET,true,197.0,203.0,197.0,203.0,30.0,-30.0,148,148,0,TRACKING,196.0,202.0,1.414,True
SCN_012,448,14.9,TGT_002,DECOY_TARGET,true,408.0,267.0,408.0,267.0,30.0,0.0,448,448,0,TRACKING,407.0,266.0,1.414,False
SCN_012,448,14.9,TGT_003,DECOY_TARGET,true,441.5,221.5,441.5,221.5,0.0,0.0,448,448,0,TRACKING,440.5,220.5,1.414,False
SCN_012,449,14.9333,TGT_001,COMMUNICATION_TARGET,true,197.0,202.0,197.0,202.0,0.0,-30.0,149,149,0,TRACKING,196.0,201.0,1.414,True
SCN_012,449,14.9333,TGT_002,DECOY_TARGET,true,409.0,267.0,409.0,267.0,30.0,0.0,449,449,0,TRACKING,408.0,266.0,1.414,False
SCN_012,449,14.9333,TGT_003,DECOY_TARGET,true,441.5,221.5,441.5,221.5,0.0,0.0,449,449,0,TRACKING,440.5,220.5,1.414,False
SCN_012,450,14.9667,TGT_001,COMMUNICATION_TARGET,true,197.0,201.0,197.0,201.0,0.0,-30.0,150,150,0,TRACKING,196.0,200.0,1.414,True
SCN_012,450,14.9667,TGT_002,DECOY_TARGET,true,409.0,267.0,409.0,267.0,0.0,0.0,450,450,0,TRACKING,408.0,266.0,1.414,False
SCN_012,450,14.9667,TGT_003,DECOY_TARGET,true,441.5,221.5,441.5,221.5,0.0,0.0,450,450,0,TRACKING,440.5,220.5,1.414,False
SCN_012,451,15.0,TGT_001,COMMUNICATION_TARGET,true,198.0,200.0,198.0,200.0,30.0,-30.0,151,151,0,TRACKING,197.0,199.0,1.414,True
SCN_012,451,15.0,TGT_002,DECOY_TARGET,true,410.0,267.0,410.0,267.0,30.0,0.0,451,451,0,TRACKING,409.0,266.0,1.414,False
SCN_012,451,15.0,TGT_003,DECOY_TARGET,true,441.5,221.5,441.5,221.5,0.0,0.0,451,451,0,TRACKING,440.5,220.5,1.414,False
SCN_012,452,15.0333,TGT_001,COMMUNICATION_TARGET,true,198.0,199.0,198.0,199.0,0.0,-30.0,152,152,0,TRACKING,197.0,198.0,1.414,True
SCN_012,452,15.0333,TGT_002,DECOY_TARGET,true,411.0,267.0,411.0,267.0,30.0,0.0,452,452,0,TRACKING,410.0,266.0,1.414,False
SCN_012,452,15.0333,TGT_003,DECOY_TARGET,true,441.5,221.5,441.5,221.5,0.0,0.0,452,452,0,TRACKING,440.5,220.5,1.414,False
SCN_012,453,15.0667,TGT_001,COMMUNICATION_TARGET,true,198.0,198.0,198.0,198.0,0.0,-30.0,153,153,0,TRACKING,197.0,197.0,1.414,True
SCN_012,453,15.0667,TGT_002,DECOY_TARGET,true,411.0,267.0,411.0,267.0,0.0,0.0,453,453,0,TRACKING,410.0,266.0,1.414,False
SCN_012,453,15.0667,TGT_003,DECOY_TARGET,true,441.5,221.5,441.5,221.5,0.0,0.0,453,453,0,TRACKING,440.5,220.5,1.414,False
SCN_012,454,15.1,TGT_001,COMMUNICATION_TARGET,true,199.0,197.0,199.0,197.0,30.0,-30.0,154,154,0,TRACKING,198.0,196.0,1.414,True
SCN_012,454,15.1,TGT_002,DECOY_TARGET,true,412.0,267.0,412.0,267.0,30.0,0.0,454,454,0,TRACKING,411.0,266.0,1.414,False
SCN_012,454,15.1,TGT_003,DECOY_TARGET,true,441.5,221.5,441.5,221.5,0.0,0.0,454,454,0,TRACKING,440.5,220.5,1.414,False
SCN_012,455,15.1333,TGT_001,COMMUNICATION_TARGET,true,199.0,196.0,199.0,196.0,0.0,-30.0,155,155,0,TRACKING,198.0,195.0,1.414,True
SCN_012,455,15.1333,TGT_002,DECOY_TARGET,true,413.0,267.0,413.0,267.0,30.0,0.0,455,455,0,TRACKING,412.0,266.0,1.414,False
SCN_012,455,15.1333,TGT_003,DECOY_TARGET,true,441.5,221.5,441.5,221.5,0.0,0.0,455,455,0,TRACKING,440.5,220.5,1.414,False
SCN_012,456,15.1667,TGT_001,COMMUNICATION_TARGET,true,199.0,195.0,199.0,195.0,0.0,-30.0,156,156,0,TRACKING,198.0,194.0,1.414,True
SCN_012,456,15.1667,TGT_002,DECOY_TARGET,true,413.0,267.0,413.0,267.0,0.0,0.0,456,456,0,TRACKING,412.0,266.0,1.414,False
SCN_012,456,15.1667,TGT_003,DECOY_TARGET,true,441.5,221.5,441.5,221.5,0.0,0.0,456,456,0,TRACKING,440.5,220.5,1.414,False
SCN_012,457,15.2,TGT_001,COMMUNICATION_TARGET,true,200.0,194.0,200.0,194.0,30.0,-30.0,157,157,0,TRACKING,199.0,193.0,1.414,True
SCN_012,457,15.2,TGT_002,DECOY_TARGET,true,414.0,267.0,414.0,267.0,30.0,0.0,457,457,0,TRACKING,413.0,266.0,1.414,False
SCN_012,457,15.2,TGT_003,DECOY_TARGET,true,441.5,221.5,441.5,221.5,0.0,0.0,457,457,0,TRACKING,440.5,220.5,1.414,False
SCN_012,458,15.2333,TGT_001,COMMUNICATION_TARGET,true,200.0,194.0,200.0,194.0,0.0,0.0,158,158,0,TRACKING,199.0,193.0,1.414,True
SCN_012,458,15.2333,TGT_002,DECOY_TARGET,true,415.0,268.0,415.0,268.0,30.0,30.0,458,458,0,TRACKING,414.0,267.0,1.414,False
SCN_012,458,15.2333,TGT_003,DECOY_TARGET,true,441.5,221.5,441.5,221.5,0.0,0.0,458,458,0,TRACKING,440.5,220.5,1.414,False
SCN_012,459,15.2667,TGT_001,COMMUNICATION_TARGET,true,200.0,193.0,200.0,193.0,0.0,-30.0,159,159,0,TRACKING,199.0,192.0,1.414,True
SCN_012,459,15.2667,TGT_002,DECOY_TARGET,true,415.0,268.0,415.0,268.0,0.0,0.0,459,459,0,TRACKING,414.0,267.0,1.414,False
SCN_012,459,15.2667,TGT_003,DECOY_TARGET,true,441.5,221.5,441.5,221.5,0.0,0.0,459,459,0,TRACKING,440.5,220.5,1.414,False
SCN_012,460,15.3,TGT_001,COMMUNICATION_TARGET,true,201.0,192.0,201.0,192.0,30.0,-30.0,160,160,0,TRACKING,200.0,191.0,1.414,True
SCN_012,460,15.3,TGT_002,DECOY_TARGET,true,416.0,268.0,416.0,268.0,30.0,0.0,460,460,0,TRACKING,415.0,267.0,1.414,False
SCN_012,460,15.3,TGT_003,DECOY_TARGET,true,441.5,221.5,441.5,221.5,0.0,0.0,460,460,0,TRACKING,440.5,220.5,1.414,False
SCN_012,461,15.3333,TGT_001,COMMUNICATION_TARGET,true,201.0,191.0,201.0,191.0,0.0,-30.0,161,161,0,TRACKING,200.0,190.0,1.414,True
SCN_012,461,15.3333,TGT_002,DECOY_TARGET,true,416.0,268.0,416.0,268.0,0.0,0.0,461,461,0,TRACKING,415.0,267.0,1.414,False
SCN_012,461,15.3333,TGT_003,DECOY_TARGET,true,441.5,221.5,441.5,221.5,0.0,0.0,461,461,0,TRACKING,440.5,220.5,1.414,False
SCN_012,462,15.3667,TGT_001,COMMUNICATION_TARGET,true,201.0,190.0,201.0,190.0,0.0,-30.0,162,162,0,TRACKING,200.0,189.0,1.414,True
SCN_012,462,15.3667,TGT_002,DECOY_TARGET,true,417.0,268.0,417.0,268.0,30.0,0.0,462,462,0,TRACKING,416.0,267.0,1.414,False
SCN_012,462,15.3667,TGT_003,DECOY_TARGET,true,441.5,221.5,441.5,221.5,0.0,0.0,462,462,0,TRACKING,440.5,220.5,1.414,False
SCN_012,463,15.4,TGT_001,COMMUNICATION_TARGET,true,202.0,189.0,202.0,189.0,30.0,-30.0,163,163,0,TRACKING,201.0,188.0,1.414,True
SCN_012,463,15.4,TGT_002,DECOY_TARGET,true,418.0,268.0,418.0,268.0,30.0,0.0,463,463,0,TRACKING,417.0,267.0,1.414,False
SCN_012,463,15.4,TGT_003,DECOY_TARGET,true,441.5,221.5,441.5,221.5,0.0,0.0,463,463,0,TRACKING,440.5,220.5,1.414,False
SCN_012,464,15.4333,TGT_001,COMMUNICATION_TARGET,true,202.0,188.0,202.0,188.0,0.0,-30.0,164,164,0,TRACKING,201.0,187.0,1.414,True
SCN_012,464,15.4333,TGT_002,DECOY_TARGET,true,418.0,268.0,418.0,268.0,0.0,0.0,464,464,0,TRACKING,417.0,267.0,1.414,False
SCN_012,464,15.4333,TGT_003,DECOY_TARGET,true,441.5,221.5,441.5,221.5,0.0,0.0,464,464,0,TRACKING,440.5,220.5,1.414,False
SCN_012,465,15.4667,TGT_001,COMMUNICATION_TARGET,true,203.0,187.0,203.0,187.0,30.0,-30.0,165,165,0,TRACKING,202.0,186.0,1.414,True
SCN_012,465,15.4667,TGT_002,DECOY_TARGET,true,419.0,268.0,419.0,268.0,30.0,0.0,465,465,0,TRACKING,418.0,267.0,1.414,False
SCN_012,465,15.4667,TGT_003,DECOY_TARGET,true,441.5,221.5,441.5,221.5,0.0,0.0,465,465,0,TRACKING,440.5,220.5,1.414,False
SCN_012,466,15.5,TGT_001,COMMUNICATION_TARGET,true,203.0,186.0,203.0,186.0,0.0,-30.0,166,166,0,TRACKING,202.0,185.0,1.414,True
SCN_012,466,15.5,TGT_002,DECOY_TARGET,true,420.0,268.0,420.0,268.0,30.0,0.0,466,466,0,TRACKING,419.0,267.0,1.414,False
SCN_012,466,15.5,TGT_003,DECOY_TARGET,true,441.5,221.5,441.5,221.5,0.0,0.0,466,466,0,TRACKING,440.5,220.5,1.414,False
SCN_012,467,15.5333,TGT_001,COMMUNICATION_TARGET,true,204.0,185.0,204.0,185.0,30.0,-30.0,167,167,0,TRACKING,203.0,184.0,1.414,True
SCN_012,467,15.5333,TGT_002,DECOY_TARGET,true,420.0,268.0,420.0,268.0,0.0,0.0,467,467,0,TRACKING,419.0,267.0,1.414,False
SCN_012,467,15.5333,TGT_003,DECOY_TARGET,true,441.5,221.5,441.5,221.5,0.0,0.0,467,467,0,TRACKING,440.5,220.5,1.414,False
SCN_012,468,15.5667,TGT_001,COMMUNICATION_TARGET,true,204.0,184.0,204.0,184.0,0.0,-30.0,168,168,0,TRACKING,203.0,183.0,1.414,True
SCN_012,468,15.5667,TGT_002,DECOY_TARGET,true,421.0,268.0,421.0,268.0,30.0,0.0,468,468,0,TRACKING,420.0,267.0,1.414,False
SCN_012,468,15.5667,TGT_003,DECOY_TARGET,true,441.5,221.5,441.5,221.5,0.0,0.0,468,468,0,TRACKING,440.5,220.5,1.414,False
SCN_012,469,15.6,TGT_001,COMMUNICATION_TARGET,true,204.0,183.0,204.0,183.0,0.0,-30.0,169,169,0,TRACKING,203.0,182.0,1.414,True
SCN_012,469,15.6,TGT_002,DECOY_TARGET,true,422.0,268.0,422.0,268.0,30.0,0.0,469,469,0,TRACKING,421.0,267.0,1.414,False
SCN_012,469,15.6,TGT_003,DECOY_TARGET,true,441.5,221.5,441.5,221.5,0.0,0.0,469,469,0,TRACKING,440.5,220.5,1.414,False
SCN_012,470,15.6333,TGT_001,COMMUNICATION_TARGET,true,205.0,183.0,205.0,183.0,30.0,0.0,170,170,0,TRACKING,204.0,182.0,1.414,True
SCN_012,470,15.6333,TGT_002,DECOY_TARGET,true,422.0,268.0,422.0,268.0,0.0,0.0,470,470,0,TRACKING,421.0,267.0,1.414,False
SCN_012,470,15.6333,TGT_003,DECOY_TARGET,true,441.5,221.5,441.5,221.5,0.0,0.0,470,470,0,TRACKING,440.5,220.5,1.414,False
SCN_012,471,15.6667,TGT_001,COMMUNICATION_TARGET,true,205.0,182.0,205.0,182.0,0.0,-30.0,171,171,0,TRACKING,204.0,181.0,1.414,True
SCN_012,471,15.6667,TGT_002,DECOY_TARGET,true,423.0,268.0,423.0,268.0,30.0,0.0,471,471,0,TRACKING,422.0,267.0,1.414,False
SCN_012,471,15.6667,TGT_003,DECOY_TARGET,true,441.5,221.5,441.5,221.5,0.0,0.0,471,471,0,TRACKING,440.5,220.5,1.414,False
SCN_012,472,15.7,TGT_001,COMMUNICATION_TARGET,true,206.0,181.0,206.0,181.0,30.0,-30.0,172,172,0,TRACKING,205.0,180.0,1.414,True
SCN_012,472,15.7,TGT_002,DECOY_TARGET,true,424.0,268.0,424.0,268.0,30.0,0.0,472,472,0,TRACKING,423.0,267.0,1.414,False
SCN_012,472,15.7,TGT_003,DECOY_TARGET,true,441.5,221.5,441.5,221.5,0.0,0.0,472,472,0,TRACKING,440.5,220.5,1.414,False
SCN_012,473,15.7333,TGT_001,COMMUNICATION_TARGET,true,206.0,180.0,206.0,180.0,0.0,-30.0,173,173,0,TRACKING,205.0,179.0,1.414,True
SCN_012,473,15.7333,TGT_002,DECOY_TARGET,true,424.0,268.0,424.0,268.0,0.0,0.0,473,473,0,TRACKING,423.0,267.0,1.414,False
SCN_012,473,15.7333,TGT_003,DECOY_TARGET,true,441.5,221.5,441.5,221.5,0.0,0.0,473,473,0,TRACKING,440.5,220.5,1.414,False
SCN_012,474,15.7667,TGT_001,COMMUNICATION_TARGET,true,207.0,179.0,207.0,179.0,30.0,-30.0,174,174,0,TRACKING,206.0,178.0,1.414,True
SCN_012,474,15.7667,TGT_002,DECOY_TARGET,true,425.0,268.0,425.0,268.0,30.0,0.0,474,474,0,TRACKING,424.0,267.0,1.414,False
SCN_012,474,15.7667,TGT_003,DECOY_TARGET,true,441.5,221.5,441.5,221.5,0.0,0.0,474,474,0,TRACKING,440.5,220.5,1.414,False
SCN_012,475,15.8,TGT_001,COMMUNICATION_TARGET,true,207.0,178.0,207.0,178.0,0.0,-30.0,175,175,0,TRACKING,206.0,177.0,1.414,True
SCN_012,475,15.8,TGT_002,DECOY_TARGET,true,426.0,269.0,426.0,269.0,30.0,30.0,475,475,0,TRACKING,425.0,268.0,1.414,False
SCN_012,475,15.8,TGT_003,DECOY_TARGET,true,441.5,221.5,441.5,221.5,0.0,0.0,475,475,0,TRACKING,440.5,220.5,1.414,False
SCN_012,476,15.8333,TGT_001,COMMUNICATION_TARGET,true,208.0,177.0,208.0,177.0,30.0,-30.0,176,176,0,TRACKING,207.0,176.0,1.414,True
SCN_012,476,15.8333,TGT_002,DECOY_TARGET,true,426.0,269.0,426.0,269.0,0.0,0.0,476,476,0,TRACKING,425.0,268.0,1.414,False
SCN_012,476,15.8333,TGT_003,DECOY_TARGET,true,441.5,221.5,441.5,221.5,0.0,0.0,476,476,0,TRACKING,440.5,220.5,1.414,False
SCN_012,477,15.8667,TGT_001,COMMUNICATION_TARGET,true,208.0,176.0,208.0,176.0,0.0,-30.0,177,177,0,TRACKING,207.0,175.0,1.414,True
SCN_012,477,15.8667,TGT_002,DECOY_TARGET,true,427.0,269.0,427.0,269.0,30.0,0.0,477,477,0,TRACKING,426.0,268.0,1.414,False
SCN_012,477,15.8667,TGT_003,DECOY_TARGET,true,441.5,221.5,441.5,221.5,0.0,0.0,477,477,0,TRACKING,440.5,220.5,1.414,False
SCN_012,478,15.9,TGT_001,COMMUNICATION_TARGET,true,209.0,176.0,209.0,176.0,30.0,0.0,178,178,0,TRACKING,208.0,175.0,1.414,True
SCN_012,478,15.9,TGT_002,DECOY_TARGET,true,428.0,269.0,428.0,269.0,30.0,0.0,478,478,0,TRACKING,427.0,268.0,1.414,False
SCN_012,478,15.9,TGT_003,DECOY_TARGET,true,441.5,221.5,441.5,221.5,0.0,0.0,478,478,0,TRACKING,440.5,220.5,1.414,False
SCN_012,479,15.9333,TGT_001,COMMUNICATION_TARGET,true,209.0,175.0,209.0,175.0,0.0,-30.0,179,179,0,TRACKING,208.0,174.0,1.414,True
SCN_012,479,15.9333,TGT_002,DECOY_TARGET,true,428.0,269.0,428.0,269.0,0.0,0.0,479,479,0,TRACKING,427.0,268.0,1.414,False
SCN_012,479,15.9333,TGT_003,DECOY_TARGET,true,441.5,221.5,441.5,221.5,0.0,0.0,479,479,0,TRACKING,440.5,220.5,1.414,False
SCN_012,480,15.9667,TGT_001,COMMUNICATION_TARGET,true,210.0,174.0,210.0,174.0,30.0,-30.0,180,180,0,TRACKING,209.0,173.0,1.414,True
SCN_012,480,15.9667,TGT_002,DECOY_TARGET,true,429.0,269.0,429.0,269.0,30.0,0.0,480,480,0,TRACKING,428.0,268.0,1.414,False
SCN_012,480,15.9667,TGT_003,DECOY_TARGET,true,441.5,221.5,441.5,221.5,0.0,0.0,480,480,0,TRACKING,440.5,220.5,1.414,False
SCN_012,481,16.0,TGT_001,COMMUNICATION_TARGET,true,210.0,173.0,210.0,173.0,0.0,-30.0,181,181,0,TRACKING,209.0,172.0,1.414,True
SCN_012,481,16.0,TGT_002,DECOY_TARGET,true,430.0,269.0,430.0,269.0,30.0,0.0,481,481,0,TRACKING,429.0,268.0,1.414,False
SCN_012,481,16.0,TGT_003,DECOY_TARGET,true,441.5,221.5,441.5,221.5,0.0,0.0,481,481,0,TRACKING,440.5,220.5,1.414,False
SCN_012,482,16.0333,TGT_001,COMMUNICATION_TARGET,true,211.0,172.0,211.0,172.0,30.0,-30.0,182,182,0,TRACKING,210.0,171.0,1.414,True
SCN_012,482,16.0333,TGT_002,DECOY_TARGET,true,430.0,269.0,430.0,269.0,0.0,0.0,482,482,0,TRACKING,429.0,268.0,1.414,False
SCN_012,482,16.0333,TGT_003,DECOY_TARGET,true,441.5,221.5,441.5,221.5,0.0,0.0,482,482,0,TRACKING,440.5,220.5,1.414,False
SCN_012,483,16.0667,TGT_001,COMMUNICATION_TARGET,true,211.0,171.0,211.0,171.0,0.0,-30.0,183,183,0,TRACKING,210.0,170.0,1.414,True
SCN_012,483,16.0667,TGT_002,DECOY_TARGET,true,431.0,269.0,431.0,269.0,30.0,0.0,483,483,0,TRACKING,430.0,268.0,1.414,False
SCN_012,483,16.0667,TGT_003,DECOY_TARGET,true,441.5,221.5,441.5,221.5,0.0,0.0,483,483,0,TRACKING,440.5,220.5,1.414,False
SCN_012,484,16.1,TGT_001,COMMUNICATION_TARGET,true,212.0,170.0,212.0,170.0,30.0,-30.0,184,184,0,TRACKING,211.0,169.0,1.414,True
SCN_012,484,16.1,TGT_002,DECOY_TARGET,true,432.0,269.0,432.0,269.0,30.0,0.0,484,484,0,TRACKING,431.0,268.0,1.414,False
SCN_012,484,16.1,TGT_003,DECOY_TARGET,true,440.5,221.5,440.5,221.5,-30.0,0.0,484,484,0,TRACKING,439.5,220.5,1.414,False
SCN_012,485,16.1333,TGT_001,COMMUNICATION_TARGET,true,212.0,170.0,212.0,170.0,0.0,0.0,185,185,0,TRACKING,211.0,169.0,1.414,True
SCN_012,485,16.1333,TGT_002,DECOY_TARGET,true,432.0,269.0,432.0,269.0,0.0,0.0,485,485,0,TRACKING,431.0,268.0,1.414,False
SCN_012,485,16.1333,TGT_003,DECOY_TARGET,true,440.5,221.5,440.5,221.5,0.0,0.0,485,485,0,TRACKING,439.5,220.5,1.414,False
SCN_012,486,16.1667,TGT_001,COMMUNICATION_TARGET,true,213.0,169.0,213.0,169.0,30.0,-30.0,186,186,0,TRACKING,212.0,168.0,1.414,True
SCN_012,486,16.1667,TGT_002,DECOY_TARGET,true,433.0,269.0,433.0,269.0,30.0,0.0,486,486,0,TRACKING,432.0,268.0,1.414,False
SCN_012,486,16.1667,TGT_003,DECOY_TARGET,true,440.5,221.5,440.5,221.5,0.0,0.0,486,486,0,TRACKING,439.5,220.5,1.414,False
SCN_012,487,16.2,TGT_001,COMMUNICATION_TARGET,true,213.0,168.0,213.0,168.0,0.0,-30.0,187,187,0,TRACKING,212.0,167.0,1.414,True
SCN_012,487,16.2,TGT_002,DECOY_TARGET,true,434.0,269.0,434.0,269.0,30.0,0.0,487,487,0,TRACKING,433.0,268.0,1.414,False
SCN_012,487,16.2,TGT_003,DECOY_TARGET,true,440.5,220.5,440.5,220.5,0.0,-30.0,487,487,0,TRACKING,439.5,219.5,1.414,False
SCN_012,488,16.2333,TGT_001,COMMUNICATION_TARGET,true,214.0,167.0,214.0,167.0,30.0,-30.0,188,188,0,TRACKING,213.0,166.0,1.414,True
SCN_012,488,16.2333,TGT_002,DECOY_TARGET,true,434.0,269.0,434.0,269.0,0.0,0.0,488,488,0,TRACKING,433.0,268.0,1.414,False
SCN_012,488,16.2333,TGT_003,DECOY_TARGET,true,440.5,220.5,440.5,220.5,0.0,0.0,488,488,0,TRACKING,439.5,219.5,1.414,False
SCN_012,489,16.2667,TGT_001,COMMUNICATION_TARGET,true,215.0,166.0,215.0,166.0,30.0,-30.0,189,189,0,TRACKING,214.0,165.0,1.414,True
SCN_012,489,16.2667,TGT_002,DECOY_TARGET,true,435.0,269.0,435.0,269.0,30.0,0.0,489,489,0,TRACKING,434.0,268.0,1.414,False
SCN_012,489,16.2667,TGT_003,DECOY_TARGET,true,440.5,220.5,440.5,220.5,0.0,0.0,489,489,0,TRACKING,439.5,219.5,1.414,False
SCN_012,490,16.3,TGT_001,COMMUNICATION_TARGET,true,215.0,165.0,215.0,165.0,0.0,-30.0,190,190,0,TRACKING,214.0,164.0,1.414,True
SCN_012,490,16.3,TGT_002,DECOY_TARGET,true,436.0,269.0,436.0,269.0,30.0,0.0,490,490,0,TRACKING,435.0,268.0,1.414,False
SCN_012,490,16.3,TGT_003,DECOY_TARGET,true,440.5,220.5,440.5,220.5,0.0,0.0,490,490,0,TRACKING,439.5,219.5,1.414,False
SCN_012,491,16.3333,TGT_001,COMMUNICATION_TARGET,true,216.0,165.0,216.0,165.0,30.0,0.0,191,191,0,TRACKING,215.0,164.0,1.414,True
SCN_012,491,16.3333,TGT_002,DECOY_TARGET,true,436.0,269.0,436.0,269.0,0.0,0.0,491,491,0,TRACKING,435.0,268.0,1.414,False
SCN_012,491,16.3333,TGT_003,DECOY_TARGET,true,440.5,220.5,440.5,220.5,0.0,0.0,491,491,0,TRACKING,439.5,219.5,1.414,False
SCN_012,492,16.3667,TGT_001,COMMUNICATION_TARGET,true,216.0,164.0,216.0,164.0,0.0,-30.0,192,192,0,TRACKING,215.0,163.0,1.414,True
SCN_012,492,16.3667,TGT_002,DECOY_TARGET,true,437.0,270.0,437.0,270.0,30.0,30.0,492,492,0,TRACKING,436.0,269.0,1.414,False
SCN_012,492,16.3667,TGT_003,DECOY_TARGET,true,440.5,220.5,440.5,220.5,0.0,0.0,492,492,0,TRACKING,439.5,219.5,1.414,False
SCN_012,493,16.4,TGT_001,COMMUNICATION_TARGET,true,217.0,163.0,217.0,163.0,30.0,-30.0,193,193,0,TRACKING,216.0,162.0,1.414,True
SCN_012,493,16.4,TGT_002,DECOY_TARGET,true,438.0,270.0,438.0,270.0,30.0,0.0,493,493,0,TRACKING,437.0,269.0,1.414,False
SCN_012,493,16.4,TGT_003,DECOY_TARGET,true,440.5,220.5,440.5,220.5,0.0,0.0,493,493,0,TRACKING,439.5,219.5,1.414,False
SCN_012,494,16.4333,TGT_001,COMMUNICATION_TARGET,true,218.0,162.0,218.0,162.0,30.0,-30.0,194,194,0,TRACKING,217.0,161.0,1.414,True
SCN_012,494,16.4333,TGT_002,DECOY_TARGET,true,438.0,270.0,438.0,270.0,0.0,0.0,494,494,0,TRACKING,437.0,269.0,1.414,False
SCN_012,494,16.4333,TGT_003,DECOY_TARGET,true,440.5,220.5,440.5,220.5,0.0,0.0,494,494,0,TRACKING,439.5,219.5,1.414,False
SCN_012,495,16.4667,TGT_001,COMMUNICATION_TARGET,true,218.0,161.0,218.0,161.0,0.0,-30.0,195,195,0,TRACKING,217.0,160.0,1.414,True
SCN_012,495,16.4667,TGT_002,DECOY_TARGET,true,439.0,270.0,439.0,270.0,30.0,0.0,495,495,0,TRACKING,438.0,269.0,1.414,False
SCN_012,495,16.4667,TGT_003,DECOY_TARGET,true,440.5,220.5,440.5,220.5,0.0,0.0,495,495,0,TRACKING,439.5,219.5,1.414,False
SCN_012,496,16.5,TGT_001,COMMUNICATION_TARGET,true,219.0,161.0,219.0,161.0,30.0,0.0,196,196,0,TRACKING,218.0,160.0,1.414,True
SCN_012,496,16.5,TGT_002,DECOY_TARGET,true,440.0,270.0,440.0,270.0,30.0,0.0,496,496,0,TRACKING,439.0,269.0,1.414,False
SCN_012,496,16.5,TGT_003,DECOY_TARGET,true,440.5,220.5,440.5,220.5,0.0,0.0,496,496,0,TRACKING,439.5,219.5,1.414,False
SCN_012,497,16.5333,TGT_001,COMMUNICATION_TARGET,true,219.0,160.0,219.0,160.0,0.0,-30.0,197,197,0,TRACKING,218.0,159.0,1.414,True
SCN_012,497,16.5333,TGT_002,DECOY_TARGET,true,440.0,270.0,440.0,270.0,0.0,0.0,497,497,0,TRACKING,439.0,269.0,1.414,False
SCN_012,497,16.5333,TGT_003,DECOY_TARGET,true,440.5,220.5,440.5,220.5,0.0,0.0,497,497,0,TRACKING,439.5,219.5,1.414,False
SCN_012,498,16.5667,TGT_001,COMMUNICATION_TARGET,true,220.0,159.0,220.0,159.0,30.0,-30.0,198,198,0,TRACKING,219.0,158.0,1.414,True
SCN_012,498,16.5667,TGT_002,DECOY_TARGET,true,441.0,270.0,441.0,270.0,30.0,0.0,498,498,0,TRACKING,440.0,269.0,1.414,False
SCN_012,498,16.5667,TGT_003,DECOY_TARGET,true,440.5,220.5,440.5,220.5,0.0,0.0,498,498,0,TRACKING,439.5,219.5,1.414,False
SCN_012,499,16.6,TGT_001,COMMUNICATION_TARGET,true,221.0,158.0,221.0,158.0,30.0,-30.0,199,199,0,TRACKING,220.0,157.0,1.414,True
SCN_012,499,16.6,TGT_002,DECOY_TARGET,true,442.0,270.0,442.0,270.0,30.0,0.0,499,499,0,TRACKING,441.0,269.0,1.414,False
SCN_012,499,16.6,TGT_003,DECOY_TARGET,true,440.5,220.5,440.5,220.5,0.0,0.0,499,499,0,TRACKING,439.5,219.5,1.414,False
SCN_012,500,16.6333,TGT_001,COMMUNICATION_TARGET,true,221.0,158.0,221.0,158.0,0.0,0.0,200,200,0,TRACKING,220.0,157.0,1.414,True
SCN_012,500,16.6333,TGT_002,DECOY_TARGET,true,442.0,270.0,442.0,270.0,0.0,0.0,500,500,0,TRACKING,441.0,269.0,1.414,False
SCN_012,500,16.6333,TGT_003,DECOY_TARGET,true,440.5,220.5,440.5,220.5,0.0,0.0,500,500,0,TRACKING,439.5,219.5,1.414,False
SCN_012,501,16.6667,TGT_001,COMMUNICATION_TARGET,true,222.0,157.0,222.0,157.0,30.0,-30.0,201,201,0,TRACKING,221.0,156.0,1.414,True
SCN_012,501,16.6667,TGT_002,DECOY_TARGET,true,443.0,270.0,443.0,270.0,30.0,0.0,501,501,0,TRACKING,442.0,269.0,1.414,False
SCN_012,501,16.6667,TGT_003,DECOY_TARGET,true,440.5,220.5,440.5,220.5,0.0,0.0,501,501,0,TRACKING,439.5,219.5,1.414,False
SCN_012,502,16.7,TGT_001,COMMUNICATION_TARGET,true,223.0,156.0,223.0,156.0,30.0,-30.0,202,202,0,TRACKING,222.0,155.0,1.414,True
SCN_012,502,16.7,TGT_002,DECOY_TARGET,true,444.0,270.0,444.0,270.0,30.0,0.0,502,502,0,TRACKING,443.0,269.0,1.414,False
SCN_012,502,16.7,TGT_003,DECOY_TARGET,true,440.5,220.5,440.5,220.5,0.0,0.0,502,502,0,TRACKING,439.5,219.5,1.414,False
SCN_012,503,16.7333,TGT_001,COMMUNICATION_TARGET,true,223.0,155.0,223.0,155.0,0.0,-30.0,203,203,0,TRACKING,222.0,154.0,1.414,True
SCN_012,503,16.7333,TGT_002,DECOY_TARGET,true,444.0,270.0,444.0,270.0,0.0,0.0,503,503,0,TRACKING,443.0,269.0,1.414,False
SCN_012,503,16.7333,TGT_003,DECOY_TARGET,true,440.5,220.5,440.5,220.5,0.0,0.0,503,503,0,TRACKING,439.5,219.5,1.414,False
SCN_012,504,16.7667,TGT_001,COMMUNICATION_TARGET,true,224.0,155.0,224.0,155.0,30.0,0.0,204,204,0,TRACKING,223.0,154.0,1.414,True
SCN_012,504,16.7667,TGT_002,DECOY_TARGET,true,445.0,270.0,445.0,270.0,30.0,0.0,504,504,0,TRACKING,444.0,269.0,1.414,False
SCN_012,504,16.7667,TGT_003,DECOY_TARGET,true,440.5,220.5,440.5,220.5,0.0,0.0,504,504,0,TRACKING,439.5,219.5,1.414,False
SCN_012,505,16.8,TGT_001,COMMUNICATION_TARGET,true,225.0,154.0,225.0,154.0,30.0,-30.0,205,205,0,TRACKING,224.0,153.0,1.414,True
SCN_012,505,16.8,TGT_002,DECOY_TARGET,true,446.0,270.0,446.0,270.0,30.0,0.0,505,505,0,TRACKING,445.0,269.0,1.414,False
SCN_012,505,16.8,TGT_003,DECOY_TARGET,true,440.5,220.5,440.5,220.5,0.0,0.0,505,505,0,TRACKING,439.5,219.5,1.414,False
SCN_012,506,16.8333,TGT_001,COMMUNICATION_TARGET,true,225.0,153.0,225.0,153.0,0.0,-30.0,206,206,0,TRACKING,224.0,152.0,1.414,True
SCN_012,506,16.8333,TGT_002,DECOY_TARGET,true,446.0,270.0,446.0,270.0,0.0,0.0,506,506,0,TRACKING,445.0,269.0,1.414,False
SCN_012,506,16.8333,TGT_003,DECOY_TARGET,true,440.5,220.5,440.5,220.5,0.0,0.0,506,506,0,TRACKING,439.5,219.5,1.414,False
SCN_012,507,16.8667,TGT_001,COMMUNICATION_TARGET,true,226.0,152.0,226.0,152.0,30.0,-30.0,207,207,0,TRACKING,225.0,151.0,1.414,True
SCN_012,507,16.8667,TGT_002,DECOY_TARGET,true,447.0,270.0,447.0,270.0,30.0,0.0,507,507,0,TRACKING,446.0,269.0,1.414,False
SCN_012,507,16.8667,TGT_003,DECOY_TARGET,true,440.5,220.5,440.5,220.5,0.0,0.0,507,507,0,TRACKING,439.5,219.5,1.414,False
SCN_012,508,16.9,TGT_001,COMMUNICATION_TARGET,true,227.0,152.0,227.0,152.0,30.0,0.0,208,208,0,TRACKING,226.0,151.0,1.414,True
SCN_012,508,16.9,TGT_002,DECOY_TARGET,true,448.0,270.0,448.0,270.0,30.0,0.0,508,508,0,TRACKING,447.0,269.0,1.414,False
SCN_012,508,16.9,TGT_003,DECOY_TARGET,true,440.5,220.5,440.5,220.5,0.0,0.0,508,508,0,TRACKING,439.5,219.5,1.414,False
SCN_012,509,16.9333,TGT_001,COMMUNICATION_TARGET,true,227.0,151.0,227.0,151.0,0.0,-30.0,209,209,0,TRACKING,226.0,150.0,1.414,True
SCN_012,509,16.9333,TGT_002,DECOY_TARGET,true,448.0,271.0,448.0,271.0,0.0,30.0,509,509,0,TRACKING,447.0,270.0,1.414,False
SCN_012,509,16.9333,TGT_003,DECOY_TARGET,true,440.5,220.5,440.5,220.5,0.0,0.0,509,509,0,TRACKING,439.5,219.5,1.414,False
SCN_012,510,16.9667,TGT_001,COMMUNICATION_TARGET,true,228.0,150.0,228.0,150.0,30.0,-30.0,210,210,0,TRACKING,227.0,149.0,1.414,True
SCN_012,510,16.9667,TGT_002,DECOY_TARGET,true,449.0,271.0,449.0,271.0,30.0,0.0,510,510,0,TRACKING,448.0,270.0,1.414,False
SCN_012,510,16.9667,TGT_003,DECOY_TARGET,true,440.5,220.5,440.5,220.5,0.0,0.0,510,510,0,TRACKING,439.5,219.5,1.414,False
SCN_012,511,17.0,TGT_001,COMMUNICATION_TARGET,true,229.0,149.0,229.0,149.0,30.0,-30.0,211,211,0,TRACKING,228.0,148.0,1.414,True
SCN_012,511,17.0,TGT_002,DECOY_TARGET,true,450.0,271.0,450.0,271.0,30.0,0.0,511,511,0,TRACKING,449.0,270.0,1.414,False
SCN_012,511,17.0,TGT_003,DECOY_TARGET,true,440.5,220.5,440.5,220.5,0.0,0.0,511,511,0,TRACKING,439.5,219.5,1.414,False
SCN_012,512,17.0333,TGT_001,COMMUNICATION_TARGET,true,229.0,149.0,229.0,149.0,0.0,0.0,212,212,0,TRACKING,228.0,148.0,1.414,True
SCN_012,512,17.0333,TGT_002,DECOY_TARGET,true,450.0,271.0,450.0,271.0,0.0,0.0,512,512,0,TRACKING,449.0,270.0,1.414,False
SCN_012,512,17.0333,TGT_003,DECOY_TARGET,true,440.5,220.5,440.5,220.5,0.0,0.0,512,512,0,TRACKING,439.5,219.5,1.414,False
SCN_012,513,17.0667,TGT_001,COMMUNICATION_TARGET,true,230.0,148.0,230.0,148.0,30.0,-30.0,213,213,0,TRACKING,229.0,147.0,1.414,True
SCN_012,513,17.0667,TGT_002,DECOY_TARGET,true,451.0,271.0,451.0,271.0,30.0,0.0,513,513,0,TRACKING,450.0,270.0,1.414,False
SCN_012,513,17.0667,TGT_003,DECOY_TARGET,true,440.5,220.5,440.5,220.5,0.0,0.0,513,513,0,TRACKING,439.5,219.5,1.414,False
SCN_012,514,17.1,TGT_001,COMMUNICATION_TARGET,true,231.0,147.0,231.0,147.0,30.0,-30.0,214,214,0,TRACKING,230.0,146.0,1.414,True
SCN_012,514,17.1,TGT_002,DECOY_TARGET,true,452.0,271.0,452.0,271.0,30.0,0.0,514,514,0,TRACKING,451.0,270.0,1.414,False
SCN_012,514,17.1,TGT_003,DECOY_TARGET,true,440.5,220.5,440.5,220.5,0.0,0.0,514,514,0,TRACKING,439.5,219.5,1.414,False
SCN_012,515,17.1333,TGT_001,COMMUNICATION_TARGET,true,232.0,147.0,232.0,147.0,30.0,0.0,215,215,0,TRACKING,231.0,146.0,1.414,True
SCN_012,515,17.1333,TGT_002,DECOY_TARGET,true,452.0,271.0,452.0,271.0,0.0,0.0,515,515,0,TRACKING,451.0,270.0,1.414,False
SCN_012,515,17.1333,TGT_003,DECOY_TARGET,true,440.5,220.5,440.5,220.5,0.0,0.0,515,515,0,TRACKING,439.5,219.5,1.414,False
SCN_012,516,17.1667,TGT_001,COMMUNICATION_TARGET,true,232.0,146.0,232.0,146.0,0.0,-30.0,216,216,0,TRACKING,231.0,145.0,1.414,True
SCN_012,516,17.1667,TGT_002,DECOY_TARGET,true,453.0,271.0,453.0,271.0,30.0,0.0,516,516,0,TRACKING,452.0,270.0,1.414,False
SCN_012,516,17.1667,TGT_003,DECOY_TARGET,true,440.5,220.5,440.5,220.5,0.0,0.0,516,516,0,TRACKING,439.5,219.5,1.414,False
SCN_012,517,17.2,TGT_001,COMMUNICATION_TARGET,true,233.0,145.0,233.0,145.0,30.0,-30.0,217,217,0,TRACKING,232.0,144.0,1.414,True
SCN_012,517,17.2,TGT_002,DECOY_TARGET,true,454.0,271.0,454.0,271.0,30.0,0.0,517,517,0,TRACKING,453.0,270.0,1.414,False
SCN_012,517,17.2,TGT_003,DECOY_TARGET,true,440.5,220.5,440.5,220.5,0.0,0.0,517,517,0,TRACKING,439.5,219.5,1.414,False
SCN_012,518,17.2333,TGT_001,COMMUNICATION_TARGET,true,234.0,145.0,234.0,145.0,30.0,0.0,218,218,0,TRACKING,233.0,144.0,1.414,True
SCN_012,518,17.2333,TGT_002,DECOY_TARGET,true,454.0,271.0,454.0,271.0,0.0,0.0,518,518,0,TRACKING,453.0,270.0,1.414,False
SCN_012,518,17.2333,TGT_003,DECOY_TARGET,true,440.5,220.5,440.5,220.5,0.0,0.0,518,518,0,TRACKING,439.5,219.5,1.414,False
SCN_012,519,17.2667,TGT_001,COMMUNICATION_TARGET,true,235.0,144.0,235.0,144.0,30.0,-30.0,219,219,0,TRACKING,234.0,143.0,1.414,True
SCN_012,519,17.2667,TGT_002,DECOY_TARGET,true,455.0,271.0,455.0,271.0,30.0,0.0,519,519,0,TRACKING,454.0,270.0,1.414,False
SCN_012,519,17.2667,TGT_003,DECOY_TARGET,true,440.5,220.5,440.5,220.5,0.0,0.0,519,519,0,TRACKING,439.5,219.5,1.414,False
SCN_012,520,17.3,TGT_001,COMMUNICATION_TARGET,true,235.0,143.0,235.0,143.0,0.0,-30.0,220,220,0,TRACKING,234.0,142.0,1.414,True
SCN_012,520,17.3,TGT_002,DECOY_TARGET,true,456.0,271.0,456.0,271.0,30.0,0.0,520,520,0,TRACKING,455.0,270.0,1.414,False
SCN_012,520,17.3,TGT_003,DECOY_TARGET,true,440.5,220.5,440.5,220.5,0.0,0.0,520,520,0,TRACKING,439.5,219.5,1.414,False
SCN_012,521,17.3333,TGT_001,COMMUNICATION_TARGET,true,236.0,143.0,236.0,143.0,30.0,0.0,221,221,0,TRACKING,235.0,142.0,1.414,True
SCN_012,521,17.3333,TGT_002,DECOY_TARGET,true,456.0,271.0,456.0,271.0,0.0,0.0,521,521,0,TRACKING,455.0,270.0,1.414,False
SCN_012,521,17.3333,TGT_003,DECOY_TARGET,true,440.5,220.5,440.5,220.5,0.0,0.0,521,521,0,TRACKING,439.5,219.5,1.414,False
SCN_012,522,17.3667,TGT_001,COMMUNICATION_TARGET,true,237.0,142.0,237.0,142.0,30.0,-30.0,222,222,0,TRACKING,236.0,141.0,1.414,True
SCN_012,522,17.3667,TGT_002,DECOY_TARGET,true,457.0,271.0,457.0,271.0,30.0,0.0,522,522,0,TRACKING,456.0,270.0,1.414,False
SCN_012,522,17.3667,TGT_003,DECOY_TARGET,true,440.5,220.5,440.5,220.5,0.0,0.0,522,522,0,TRACKING,439.5,219.5,1.414,False
SCN_012,523,17.4,TGT_001,COMMUNICATION_TARGET,true,238.0,141.0,238.0,141.0,30.0,-30.0,223,223,0,TRACKING,237.0,140.0,1.414,True
SCN_012,523,17.4,TGT_002,DECOY_TARGET,true,458.0,271.0,458.0,271.0,30.0,0.0,523,523,0,TRACKING,457.0,270.0,1.414,False
SCN_012,523,17.4,TGT_003,DECOY_TARGET,true,440.5,220.5,440.5,220.5,0.0,0.0,523,523,0,TRACKING,439.5,219.5,1.414,False
SCN_012,524,17.4333,TGT_001,COMMUNICATION_TARGET,true,238.0,141.0,238.0,141.0,0.0,0.0,224,224,0,TRACKING,237.0,140.0,1.414,True
SCN_012,524,17.4333,TGT_002,DECOY_TARGET,true,458.0,271.0,458.0,271.0,0.0,0.0,524,524,0,TRACKING,457.0,270.0,1.414,False
SCN_012,524,17.4333,TGT_003,DECOY_TARGET,true,440.5,220.5,440.5,220.5,0.0,0.0,524,524,0,TRACKING,439.5,219.5,1.414,False
SCN_012,525,17.4667,TGT_001,COMMUNICATION_TARGET,true,239.0,140.0,239.0,140.0,30.0,-30.0,225,225,0,TRACKING,238.0,139.0,1.414,True
SCN_012,525,17.4667,TGT_002,DECOY_TARGET,true,459.0,271.0,459.0,271.0,30.0,0.0,525,525,0,TRACKING,458.0,270.0,1.414,False
SCN_012,525,17.4667,TGT_003,DECOY_TARGET,true,440.5,220.5,440.5,220.5,0.0,0.0,525,525,0,TRACKING,439.5,219.5,1.414,False
SCN_012,526,17.5,TGT_001,COMMUNICATION_TARGET,true,240.0,139.0,240.0,139.0,30.0,-30.0,226,226,0,TRACKING,239.0,138.0,1.414,True
SCN_012,526,17.5,TGT_002,DECOY_TARGET,true,460.0,272.0,460.0,272.0,30.0,30.0,526,526,0,TRACKING,459.0,271.0,1.414,False
SCN_012,526,17.5,TGT_003,DECOY_TARGET,true,440.5,220.5,440.5,220.5,0.0,0.0,526,526,0,TRACKING,439.5,219.5,1.414,False
SCN_012,527,17.5333,TGT_001,COMMUNICATION_TARGET,true,241.0,139.0,241.0,139.0,30.0,0.0,227,227,0,TRACKING,240.0,138.0,1.414,True
SCN_012,527,17.5333,TGT_002,DECOY_TARGET,true,460.0,272.0,460.0,272.0,0.0,0.0,527,527,0,TRACKING,459.0,271.0,1.414,False
SCN_012,527,17.5333,TGT_003,DECOY_TARGET,true,440.5,220.5,440.5,220.5,0.0,0.0,527,527,0,TRACKING,439.5,219.5,1.414,False
SCN_012,528,17.5667,TGT_001,COMMUNICATION_TARGET,true,241.0,138.0,241.0,138.0,0.0,-30.0,228,228,0,TRACKING,240.0,137.0,1.414,True
SCN_012,528,17.5667,TGT_002,DECOY_TARGET,true,461.0,272.0,461.0,272.0,30.0,0.0,528,528,0,TRACKING,460.0,271.0,1.414,False
SCN_012,528,17.5667,TGT_003,DECOY_TARGET,true,440.5,220.5,440.5,220.5,0.0,0.0,528,528,0,TRACKING,439.5,219.5,1.414,False
SCN_012,529,17.6,TGT_001,COMMUNICATION_TARGET,true,242.0,138.0,242.0,138.0,30.0,0.0,229,229,0,TRACKING,241.0,137.0,1.414,True
SCN_012,529,17.6,TGT_002,DECOY_TARGET,true,462.0,272.0,462.0,272.0,30.0,0.0,529,529,0,TRACKING,461.0,271.0,1.414,False
SCN_012,529,17.6,TGT_003,DECOY_TARGET,true,440.5,220.5,440.5,220.5,0.0,0.0,529,529,0,TRACKING,439.5,219.5,1.414,False
SCN_012,530,17.6333,TGT_001,COMMUNICATION_TARGET,true,243.0,137.0,243.0,137.0,30.0,-30.0,230,230,0,TRACKING,242.0,136.0,1.414,True
SCN_012,530,17.6333,TGT_002,DECOY_TARGET,true,462.0,272.0,462.0,272.0,0.0,0.0,530,530,0,TRACKING,461.0,271.0,1.414,False
SCN_012,530,17.6333,TGT_003,DECOY_TARGET,true,440.5,220.5,440.5,220.5,0.0,0.0,530,530,0,TRACKING,439.5,219.5,1.414,False
SCN_012,531,17.6667,TGT_001,COMMUNICATION_TARGET,true,244.0,136.0,244.0,136.0,30.0,-30.0,231,231,0,TRACKING,243.0,135.0,1.414,True
SCN_012,531,17.6667,TGT_002,DECOY_TARGET,true,463.0,272.0,463.0,272.0,30.0,0.0,531,531,0,TRACKING,462.0,271.0,1.414,False
SCN_012,531,17.6667,TGT_003,DECOY_TARGET,true,440.5,220.5,440.5,220.5,0.0,0.0,531,531,0,TRACKING,439.5,219.5,1.414,False
SCN_012,532,17.7,TGT_001,COMMUNICATION_TARGET,true,245.0,136.0,245.0,136.0,30.0,0.0,232,232,0,TRACKING,244.0,135.0,1.414,True
SCN_012,532,17.7,TGT_002,DECOY_TARGET,true,464.0,272.0,464.0,272.0,30.0,0.0,532,532,0,TRACKING,463.0,271.0,1.414,False
SCN_012,532,17.7,TGT_003,DECOY_TARGET,true,440.5,220.5,440.5,220.5,0.0,0.0,532,532,0,TRACKING,439.5,219.5,1.414,False
SCN_012,533,17.7333,TGT_001,COMMUNICATION_TARGET,true,245.0,135.0,245.0,135.0,0.0,-30.0,233,233,0,TRACKING,244.0,134.0,1.414,True
SCN_012,533,17.7333,TGT_002,DECOY_TARGET,true,464.0,272.0,464.0,272.0,0.0,0.0,533,533,0,TRACKING,463.0,271.0,1.414,False
SCN_012,533,17.7333,TGT_003,DECOY_TARGET,true,440.5,220.5,440.5,220.5,0.0,0.0,533,533,0,TRACKING,439.5,219.5,1.414,False
SCN_012,534,17.7667,TGT_001,COMMUNICATION_TARGET,true,246.0,135.0,246.0,135.0,30.0,0.0,234,234,0,TRACKING,245.0,134.0,1.414,True
SCN_012,534,17.7667,TGT_002,DECOY_TARGET,true,465.0,272.0,465.0,272.0,30.0,0.0,534,534,0,TRACKING,464.0,271.0,1.414,False
SCN_012,534,17.7667,TGT_003,DECOY_TARGET,true,440.5,220.5,440.5,220.5,0.0,0.0,534,534,0,TRACKING,439.5,219.5,1.414,False
SCN_012,535,17.8,TGT_001,COMMUNICATION_TARGET,true,247.0,134.0,247.0,134.0,30.0,-30.0,235,235,0,TRACKING,246.0,133.0,1.414,True
SCN_012,535,17.8,TGT_002,DECOY_TARGET,true,466.0,272.0,466.0,272.0,30.0,0.0,535,535,0,TRACKING,465.0,271.0,1.414,False
SCN_012,535,17.8,TGT_003,DECOY_TARGET,true,440.5,220.5,440.5,220.5,0.0,0.0,535,535,0,TRACKING,439.5,219.5,1.414,False
SCN_012,536,17.8333,TGT_001,COMMUNICATION_TARGET,true,248.0,133.0,248.0,133.0,30.0,-30.0,236,236,0,TRACKING,247.0,132.0,1.414,True
SCN_012,536,17.8333,TGT_002,DECOY_TARGET,true,466.0,272.0,466.0,272.0,0.0,0.0,536,536,0,TRACKING,465.0,271.0,1.414,False
SCN_012,536,17.8333,TGT_003,DECOY_TARGET,true,440.5,220.5,440.5,220.5,0.0,0.0,536,536,0,TRACKING,439.5,219.5,1.414,False
SCN_012,537,17.8667,TGT_001,COMMUNICATION_TARGET,true,249.0,133.0,249.0,133.0,30.0,0.0,237,237,0,TRACKING,248.0,132.0,1.414,True
SCN_012,537,17.8667,TGT_002,DECOY_TARGET,true,467.0,272.0,467.0,272.0,30.0,0.0,537,537,0,TRACKING,466.0,271.0,1.414,False
SCN_012,537,17.8667,TGT_003,DECOY_TARGET,true,440.5,220.5,440.5,220.5,0.0,0.0,537,537,0,TRACKING,439.5,219.5,1.414,False
SCN_012,538,17.9,TGT_001,COMMUNICATION_TARGET,true,250.0,132.0,250.0,132.0,30.0,-30.0,238,238,0,TRACKING,249.0,131.0,1.414,True
SCN_012,538,17.9,TGT_002,DECOY_TARGET,true,468.0,272.0,468.0,272.0,30.0,0.0,538,538,0,TRACKING,467.0,271.0,1.414,False
SCN_012,538,17.9,TGT_003,DECOY_TARGET,true,440.5,220.5,440.5,220.5,0.0,0.0,538,538,0,TRACKING,439.5,219.5,1.414,False
SCN_012,539,17.9333,TGT_001,COMMUNICATION_TARGET,true,250.0,132.0,250.0,132.0,0.0,0.0,239,239,0,TRACKING,249.0,131.0,1.414,True
SCN_012,539,17.9333,TGT_002,DECOY_TARGET,true,468.0,272.0,468.0,272.0,0.0,0.0,539,539,0,TRACKING,467.0,271.0,1.414,False
SCN_012,539,17.9333,TGT_003,DECOY_TARGET,true,440.5,220.5,440.5,220.5,0.0,0.0,539,539,0,TRACKING,439.5,219.5,1.414,False
SCN_012,540,17.9667,TGT_001,COMMUNICATION_TARGET,true,251.0,131.0,251.0,131.0,30.0,-30.0,240,240,0,TRACKING,250.0,130.0,1.414,True
SCN_012,540,17.9667,TGT_002,DECOY_TARGET,true,469.0,272.0,469.0,272.0,30.0,0.0,540,540,0,TRACKING,468.0,271.0,1.414,False
SCN_012,540,17.9667,TGT_003,DECOY_TARGET,true,440.5,220.5,440.5,220.5,0.0,0.0,540,540,0,TRACKING,439.5,219.5,1.414,False
SCN_012,541,18.0,TGT_001,COMMUNICATION_TARGET,true,252.0,131.0,252.0,131.0,30.0,0.0,241,241,0,TRACKING,251.0,130.0,1.414,True
SCN_012,541,18.0,TGT_002,DECOY_TARGET,true,470.0,272.0,470.0,272.0,30.0,0.0,541,541,0,TRACKING,469.0,271.0,1.414,False
SCN_012,541,18.0,TGT_003,DECOY_TARGET,true,440.5,220.5,440.5,220.5,0.0,0.0,541,541,0,TRACKING,439.5,219.5,1.414,False
SCN_012,542,18.0333,TGT_001,COMMUNICATION_TARGET,true,253.0,130.0,253.0,130.0,30.0,-30.0,242,242,0,TRACKING,252.0,129.0,1.414,True
SCN_012,542,18.0333,TGT_002,DECOY_TARGET,true,470.0,272.0,470.0,272.0,0.0,0.0,542,542,0,TRACKING,469.0,271.0,1.414,False
SCN_012,542,18.0333,TGT_003,DECOY_TARGET,true,440.5,220.5,440.5,220.5,0.0,0.0,542,542,0,TRACKING,439.5,219.5,1.414,False
SCN_012,543,18.0667,TGT_001,COMMUNICATION_TARGET,true,254.0,130.0,254.0,130.0,30.0,0.0,243,243,0,TRACKING,253.0,129.0,1.414,True
SCN_012,543,18.0667,TGT_002,DECOY_TARGET,true,471.0,272.0,471.0,272.0,30.0,0.0,543,543,0,TRACKING,470.0,271.0,1.414,False
SCN_012,543,18.0667,TGT_003,DECOY_TARGET,true,440.5,220.5,440.5,220.5,0.0,0.0,543,543,0,TRACKING,439.5,219.5,1.414,False
SCN_012,544,18.1,TGT_001,COMMUNICATION_TARGET,true,255.0,129.0,255.0,129.0,30.0,-30.0,244,244,0,TRACKING,254.0,128.0,1.414,True
SCN_012,544,18.1,TGT_002,DECOY_TARGET,true,472.0,273.0,472.0,273.0,30.0,30.0,544,544,0,TRACKING,471.0,272.0,1.414,False
SCN_012,544,18.1,TGT_003,DECOY_TARGET,true,440.5,220.5,440.5,220.5,0.0,0.0,544,544,0,TRACKING,439.5,219.5,1.414,False
SCN_012,545,18.1333,TGT_001,COMMUNICATION_TARGET,true,256.0,129.0,256.0,129.0,30.0,0.0,245,245,0,TRACKING,255.0,128.0,1.414,True
SCN_012,545,18.1333,TGT_002,DECOY_TARGET,true,472.0,273.0,472.0,273.0,0.0,0.0,545,545,0,TRACKING,471.0,272.0,1.414,False
SCN_012,545,18.1333,TGT_003,DECOY_TARGET,true,440.5,220.5,440.5,220.5,0.0,0.0,545,545,0,TRACKING,439.5,219.5,1.414,False
SCN_012,546,18.1667,TGT_001,COMMUNICATION_TARGET,true,256.0,128.0,256.0,128.0,0.0,-30.0,246,246,0,TRACKING,255.0,127.0,1.414,True
SCN_012,546,18.1667,TGT_002,DECOY_TARGET,true,473.0,273.0,473.0,273.0,30.0,0.0,546,546,0,TRACKING,472.0,272.0,1.414,False
SCN_012,546,18.1667,TGT_003,DECOY_TARGET,true,440.5,220.5,440.5,220.5,0.0,0.0,546,546,0,TRACKING,439.5,219.5,1.414,False
SCN_012,547,18.2,TGT_001,COMMUNICATION_TARGET,true,257.0,128.0,257.0,128.0,30.0,0.0,247,247,0,TRACKING,256.0,127.0,1.414,True
SCN_012,547,18.2,TGT_002,DECOY_TARGET,true,474.0,273.0,474.0,273.0,30.0,0.0,547,547,0,TRACKING,473.0,272.0,1.414,False
SCN_012,547,18.2,TGT_003,DECOY_TARGET,true,440.5,220.5,440.5,220.5,0.0,0.0,547,547,0,TRACKING,439.5,219.5,1.414,False
SCN_012,548,18.2333,TGT_001,COMMUNICATION_TARGET,true,258.0,127.0,258.0,127.0,30.0,-30.0,248,248,0,TRACKING,257.0,126.0,1.414,True
SCN_012,548,18.2333,TGT_002,DECOY_TARGET,true,474.0,273.0,474.0,273.0,0.0,0.0,548,548,0,TRACKING,473.0,272.0,1.414,False
SCN_012,548,18.2333,TGT_003,DECOY_TARGET,true,440.5,220.5,440.5,220.5,0.0,0.0,548,548,0,TRACKING,439.5,219.5,1.414,False
SCN_012,549,18.2667,TGT_001,COMMUNICATION_TARGET,true,259.0,127.0,259.0,127.0,30.0,0.0,249,249,0,TRACKING,258.0,126.0,1.414,True
SCN_012,549,18.2667,TGT_002,DECOY_TARGET,true,475.0,273.0,475.0,273.0,30.0,0.0,549,549,0,TRACKING,474.0,272.0,1.414,False
SCN_012,549,18.2667,TGT_003,DECOY_TARGET,true,440.5,220.5,440.5,220.5,0.0,0.0,549,549,0,TRACKING,439.5,219.5,1.414,False
SCN_012,550,18.3,TGT_001,COMMUNICATION_TARGET,true,260.0,126.0,260.0,126.0,30.0,-30.0,250,250,0,TRACKING,259.0,125.0,1.414,True
SCN_012,550,18.3,TGT_002,DECOY_TARGET,true,476.0,273.0,476.0,273.0,30.0,0.0,550,550,0,TRACKING,475.0,272.0,1.414,False
SCN_012,550,18.3,TGT_003,DECOY_TARGET,true,440.5,220.5,440.5,220.5,0.0,0.0,550,550,0,TRACKING,439.5,219.5,1.414,False
SCN_012,551,18.3333,TGT_001,COMMUNICATION_TARGET,true,261.0,126.0,261.0,126.0,30.0,0.0,251,251,0,TRACKING,260.0,125.0,1.414,True
SCN_012,551,18.3333,TGT_002,DECOY_TARGET,true,476.0,273.0,476.0,273.0,0.0,0.0,551,551,0,TRACKING,475.0,272.0,1.414,False
SCN_012,551,18.3333,TGT_003,DECOY_TARGET,true,440.5,220.5,440.5,220.5,0.0,0.0,551,551,0,TRACKING,439.5,219.5,1.414,False
SCN_012,552,18.3667,TGT_001,COMMUNICATION_TARGET,true,262.0,125.0,262.0,125.0,30.0,-30.0,252,252,0,TRACKING,261.0,124.0,1.414,True
SCN_012,552,18.3667,TGT_002,DECOY_TARGET,true,477.0,273.0,477.0,273.0,30.0,0.0,552,552,0,TRACKING,476.0,272.0,1.414,False
SCN_012,552,18.3667,TGT_003,DECOY_TARGET,true,440.5,220.5,440.5,220.5,0.0,0.0,552,552,0,TRACKING,439.5,219.5,1.414,False
SCN_012,553,18.4,TGT_001,COMMUNICATION_TARGET,true,263.0,125.0,263.0,125.0,30.0,0.0,253,253,0,TRACKING,262.0,124.0,1.414,True
SCN_012,553,18.4,TGT_002,DECOY_TARGET,true,478.0,273.0,478.0,273.0,30.0,0.0,553,553,0,TRACKING,477.0,272.0,1.414,False
SCN_012,553,18.4,TGT_003,DECOY_TARGET,true,440.5,220.5,440.5,220.5,0.0,0.0,553,553,0,TRACKING,439.5,219.5,1.414,False
SCN_012,554,18.4333,TGT_001,COMMUNICATION_TARGET,true,263.0,124.0,263.0,124.0,0.0,-30.0,254,254,0,TRACKING,262.0,123.0,1.414,True
SCN_012,554,18.4333,TGT_002,DECOY_TARGET,true,478.0,273.0,478.0,273.0,0.0,0.0,554,554,0,TRACKING,477.0,272.0,1.414,False
SCN_012,554,18.4333,TGT_003,DECOY_TARGET,true,440.5,220.5,440.5,220.5,0.0,0.0,554,554,0,TRACKING,439.5,219.5,1.414,False
SCN_012,555,18.4667,TGT_001,COMMUNICATION_TARGET,true,264.0,124.0,264.0,124.0,30.0,0.0,255,255,0,TRACKING,263.0,123.0,1.414,True
SCN_012,555,18.4667,TGT_002,DECOY_TARGET,true,479.0,273.0,479.0,273.0,30.0,0.0,555,555,0,TRACKING,478.0,272.0,1.414,False
SCN_012,555,18.4667,TGT_003,DECOY_TARGET,true,440.5,220.5,440.5,220.5,0.0,0.0,555,555,0,TRACKING,439.5,219.5,1.414,False
SCN_012,556,18.5,TGT_001,COMMUNICATION_TARGET,true,265.0,124.0,265.0,124.0,30.0,0.0,256,256,0,TRACKING,264.0,123.0,1.414,True
SCN_012,556,18.5,TGT_002,DECOY_TARGET,true,480.0,273.0,480.0,273.0,30.0,0.0,556,556,0,TRACKING,479.0,272.0,1.414,False
SCN_012,556,18.5,TGT_003,DECOY_TARGET,true,440.5,220.5,440.5,220.5,0.0,0.0,556,556,0,TRACKING,439.5,219.5,1.414,False
SCN_012,557,18.5333,TGT_001,COMMUNICATION_TARGET,true,266.0,123.0,266.0,123.0,30.0,-30.0,257,257,0,TRACKING,265.0,122.0,1.414,True
SCN_012,557,18.5333,TGT_002,DECOY_TARGET,true,480.0,273.0,480.0,273.0,0.0,0.0,557,557,0,TRACKING,479.0,272.0,1.414,False
SCN_012,557,18.5333,TGT_003,DECOY_TARGET,true,440.5,220.5,440.5,220.5,0.0,0.0,557,557,0,TRACKING,439.5,219.5,1.414,False
SCN_012,558,18.5667,TGT_001,COMMUNICATION_TARGET,true,267.0,123.0,267.0,123.0,30.0,0.0,258,258,0,TRACKING,266.0,122.0,1.414,True
SCN_012,558,18.5667,TGT_002,DECOY_TARGET,true,481.0,273.0,481.0,273.0,30.0,0.0,558,558,0,TRACKING,480.0,272.0,1.414,False
SCN_012,558,18.5667,TGT_003,DECOY_TARGET,true,440.5,220.5,440.5,220.5,0.0,0.0,558,558,0,TRACKING,439.5,219.5,1.414,False
SCN_012,559,18.6,TGT_001,COMMUNICATION_TARGET,true,268.0,122.0,268.0,122.0,30.0,-30.0,259,259,0,TRACKING,267.0,121.0,1.414,True
SCN_012,559,18.6,TGT_002,DECOY_TARGET,true,482.0,273.0,482.0,273.0,30.0,0.0,559,559,0,TRACKING,481.0,272.0,1.414,False
SCN_012,559,18.6,TGT_003,DECOY_TARGET,true,440.5,220.5,440.5,220.5,0.0,0.0,559,559,0,TRACKING,439.5,219.5,1.414,False
SCN_012,560,18.6333,TGT_001,COMMUNICATION_TARGET,true,269.0,122.0,269.0,122.0,30.0,0.0,260,260,0,TRACKING,268.0,121.0,1.414,True
SCN_012,560,18.6333,TGT_002,DECOY_TARGET,true,482.0,273.0,482.0,273.0,0.0,0.0,560,560,0,TRACKING,481.0,272.0,1.414,False
SCN_012,560,18.6333,TGT_003,DECOY_TARGET,true,440.5,220.5,440.5,220.5,0.0,0.0,560,560,0,TRACKING,439.5,219.5,1.414,False
SCN_012,561,18.6667,TGT_001,COMMUNICATION_TARGET,true,270.0,122.0,270.0,122.0,30.0,0.0,261,261,0,TRACKING,269.0,121.0,1.414,True
SCN_012,561,18.6667,TGT_002,DECOY_TARGET,true,483.0,274.0,483.0,274.0,30.0,30.0,561,561,0,TRACKING,482.0,273.0,1.414,False
SCN_012,561,18.6667,TGT_003,DECOY_TARGET,true,440.5,220.5,440.5,220.5,0.0,0.0,561,561,0,TRACKING,439.5,219.5,1.414,False
SCN_012,562,18.7,TGT_001,COMMUNICATION_TARGET,true,271.0,121.0,271.0,121.0,30.0,-30.0,262,262,0,TRACKING,270.0,120.0,1.414,True
SCN_012,562,18.7,TGT_002,DECOY_TARGET,true,484.0,274.0,484.0,274.0,30.0,0.0,562,562,0,TRACKING,483.0,273.0,1.414,False
SCN_012,562,18.7,TGT_003,DECOY_TARGET,true,441.5,220.5,441.5,220.5,30.0,0.0,562,562,0,TRACKING,440.5,219.5,1.414,False
SCN_012,563,18.7333,TGT_001,COMMUNICATION_TARGET,true,272.0,121.0,272.0,121.0,30.0,0.0,263,263,0,TRACKING,271.0,120.0,1.414,True
SCN_012,563,18.7333,TGT_002,DECOY_TARGET,true,484.0,274.0,484.0,274.0,0.0,0.0,563,563,0,TRACKING,483.0,273.0,1.414,False
SCN_012,563,18.7333,TGT_003,DECOY_TARGET,true,441.5,220.5,441.5,220.5,0.0,0.0,563,563,0,TRACKING,440.5,219.5,1.414,False
SCN_012,564,18.7667,TGT_001,COMMUNICATION_TARGET,true,273.0,120.0,273.0,120.0,30.0,-30.0,264,264,0,TRACKING,272.0,119.0,1.414,True
SCN_012,564,18.7667,TGT_002,DECOY_TARGET,true,485.0,274.0,485.0,274.0,30.0,0.0,564,564,0,TRACKING,484.0,273.0,1.414,False
SCN_012,564,18.7667,TGT_003,DECOY_TARGET,true,441.5,220.5,441.5,220.5,0.0,0.0,564,564,0,TRACKING,440.5,219.5,1.414,False
SCN_012,565,18.8,TGT_001,COMMUNICATION_TARGET,true,274.0,120.0,274.0,120.0,30.0,0.0,265,265,0,TRACKING,273.0,119.0,1.414,True
SCN_012,565,18.8,TGT_002,DECOY_TARGET,true,486.0,274.0,486.0,274.0,30.0,0.0,565,565,0,TRACKING,485.0,273.0,1.414,False
SCN_012,565,18.8,TGT_003,DECOY_TARGET,true,441.5,220.5,441.5,220.5,0.0,0.0,565,565,0,TRACKING,440.5,219.5,1.414,False
SCN_012,566,18.8333,TGT_001,COMMUNICATION_TARGET,true,274.0,120.0,274.0,120.0,0.0,0.0,266,266,0,TRACKING,273.0,119.0,1.414,True
SCN_012,566,18.8333,TGT_002,DECOY_TARGET,true,486.0,274.0,486.0,274.0,0.0,0.0,566,566,0,TRACKING,485.0,273.0,1.414,False
SCN_012,566,18.8333,TGT_003,DECOY_TARGET,true,441.5,220.5,441.5,220.5,0.0,0.0,566,566,0,TRACKING,440.5,219.5,1.414,False
SCN_012,567,18.8667,TGT_001,COMMUNICATION_TARGET,true,275.0,119.0,275.0,119.0,30.0,-30.0,267,267,0,TRACKING,274.0,118.0,1.414,True
SCN_012,567,18.8667,TGT_002,DECOY_TARGET,true,487.0,274.0,487.0,274.0,30.0,0.0,567,567,0,TRACKING,486.0,273.0,1.414,False
SCN_012,567,18.8667,TGT_003,DECOY_TARGET,true,441.5,220.5,441.5,220.5,0.0,0.0,567,567,0,TRACKING,440.5,219.5,1.414,False
SCN_012,568,18.9,TGT_001,COMMUNICATION_TARGET,true,276.0,119.0,276.0,119.0,30.0,0.0,268,268,0,TRACKING,275.0,118.0,1.414,True
SCN_012,568,18.9,TGT_002,DECOY_TARGET,true,488.0,274.0,488.0,274.0,30.0,0.0,568,568,0,TRACKING,487.0,273.0,1.414,False
SCN_012,568,18.9,TGT_003,DECOY_TARGET,true,441.5,220.5,441.5,220.5,0.0,0.0,568,568,0,TRACKING,440.5,219.5,1.414,False
SCN_012,569,18.9333,TGT_001,COMMUNICATION_TARGET,true,277.0,119.0,277.0,119.0,30.0,0.0,269,269,0,TRACKING,276.0,118.0,1.414,True
SCN_012,569,18.9333,TGT_002,DECOY_TARGET,true,488.0,274.0,488.0,274.0,0.0,0.0,569,569,0,TRACKING,487.0,273.0,1.414,False
SCN_012,569,18.9333,TGT_003,DECOY_TARGET,true,441.5,220.5,441.5,220.5,0.0,0.0,569,569,0,TRACKING,440.5,219.5,1.414,False
SCN_012,570,18.9667,TGT_001,COMMUNICATION_TARGET,true,278.0,118.0,278.0,118.0,30.0,-30.0,270,270,0,TRACKING,277.0,117.0,1.414,True
SCN_012,570,18.9667,TGT_002,DECOY_TARGET,true,489.0,274.0,489.0,274.0,30.0,0.0,570,570,0,TRACKING,488.0,273.0,1.414,False
SCN_012,570,18.9667,TGT_003,DECOY_TARGET,true,441.5,220.5,441.5,220.5,0.0,0.0,570,570,0,TRACKING,440.5,219.5,1.414,False
SCN_012,571,19.0,TGT_001,COMMUNICATION_TARGET,true,279.0,118.0,279.0,118.0,30.0,0.0,271,271,0,TRACKING,278.0,117.0,1.414,True
SCN_012,571,19.0,TGT_002,DECOY_TARGET,true,490.0,274.0,490.0,274.0,30.0,0.0,571,571,0,TRACKING,489.0,273.0,1.414,False
SCN_012,571,19.0,TGT_003,DECOY_TARGET,true,441.5,220.5,441.5,220.5,0.0,0.0,571,571,0,TRACKING,440.5,219.5,1.414,False
SCN_012,572,19.0333,TGT_001,COMMUNICATION_TARGET,true,280.0,118.0,280.0,118.0,30.0,0.0,272,272,0,TRACKING,279.0,117.0,1.414,True
SCN_012,572,19.0333,TGT_002,DECOY_TARGET,true,490.0,274.0,490.0,274.0,0.0,0.0,572,572,0,TRACKING,489.0,273.0,1.414,False
SCN_012,572,19.0333,TGT_003,DECOY_TARGET,true,441.5,220.5,441.5,220.5,0.0,0.0,572,572,0,TRACKING,440.5,219.5,1.414,False
SCN_012,573,19.0667,TGT_001,COMMUNICATION_TARGET,true,281.0,117.0,281.0,117.0,30.0,-30.0,273,273,0,TRACKING,280.0,116.0,1.414,True
SCN_012,573,19.0667,TGT_002,DECOY_TARGET,true,491.0,274.0,491.0,274.0,30.0,0.0,573,573,0,TRACKING,490.0,273.0,1.414,False
SCN_012,573,19.0667,TGT_003,DECOY_TARGET,true,441.5,220.5,441.5,220.5,0.0,0.0,573,573,0,TRACKING,440.5,219.5,1.414,False
SCN_012,574,19.1,TGT_001,COMMUNICATION_TARGET,true,282.0,117.0,282.0,117.0,30.0,0.0,274,274,0,TRACKING,281.0,116.0,1.414,True
SCN_012,574,19.1,TGT_002,DECOY_TARGET,true,492.0,274.0,492.0,274.0,30.0,0.0,574,574,0,TRACKING,491.0,273.0,1.414,False
SCN_012,574,19.1,TGT_003,DECOY_TARGET,true,441.5,220.5,441.5,220.5,0.0,0.0,574,574,0,TRACKING,440.5,219.5,1.414,False
SCN_012,575,19.1333,TGT_001,COMMUNICATION_TARGET,true,283.0,117.0,283.0,117.0,30.0,0.0,275,275,0,TRACKING,282.0,116.0,1.414,True
SCN_012,575,19.1333,TGT_002,DECOY_TARGET,true,492.0,274.0,492.0,274.0,0.0,0.0,575,575,0,TRACKING,491.0,273.0,1.414,False
SCN_012,575,19.1333,TGT_003,DECOY_TARGET,true,441.5,220.5,441.5,220.5,0.0,0.0,575,575,0,TRACKING,440.5,219.5,1.414,False
SCN_012,576,19.1667,TGT_001,COMMUNICATION_TARGET,true,284.0,116.0,284.0,116.0,30.0,-30.0,276,276,0,TRACKING,283.0,115.0,1.414,True
SCN_012,576,19.1667,TGT_002,DECOY_TARGET,true,493.0,274.0,493.0,274.0,30.0,0.0,576,576,0,TRACKING,492.0,273.0,1.414,False
SCN_012,576,19.1667,TGT_003,DECOY_TARGET,true,441.5,220.5,441.5,220.5,0.0,0.0,576,576,0,TRACKING,440.5,219.5,1.414,False
SCN_012,577,19.2,TGT_001,COMMUNICATION_TARGET,true,285.0,116.0,285.0,116.0,30.0,0.0,277,277,0,TRACKING,284.0,115.0,1.414,True
SCN_012,577,19.2,TGT_002,DECOY_TARGET,true,494.0,274.0,494.0,274.0,30.0,0.0,577,577,0,TRACKING,493.0,273.0,1.414,False
SCN_012,577,19.2,TGT_003,DECOY_TARGET,true,441.5,220.5,441.5,220.5,0.0,0.0,577,577,0,TRACKING,440.5,219.5,1.414,False
SCN_012,578,19.2333,TGT_001,COMMUNICATION_TARGET,true,286.0,116.0,286.0,116.0,30.0,0.0,278,278,0,TRACKING,285.0,115.0,1.414,True
SCN_012,578,19.2333,TGT_002,DECOY_TARGET,true,494.0,275.0,494.0,275.0,0.0,30.0,578,578,0,TRACKING,493.0,274.0,1.414,False
SCN_012,578,19.2333,TGT_003,DECOY_TARGET,true,441.5,220.5,441.5,220.5,0.0,0.0,578,578,0,TRACKING,440.5,219.5,1.414,False
SCN_012,579,19.2667,TGT_001,COMMUNICATION_TARGET,true,287.0,116.0,287.0,116.0,30.0,0.0,279,279,0,TRACKING,286.0,115.0,1.414,True
SCN_012,579,19.2667,TGT_002,DECOY_TARGET,true,495.0,275.0,495.0,275.0,30.0,0.0,579,579,0,TRACKING,494.0,274.0,1.414,False
SCN_012,579,19.2667,TGT_003,DECOY_TARGET,true,441.5,220.5,441.5,220.5,0.0,0.0,579,579,0,TRACKING,440.5,219.5,1.414,False
SCN_012,580,19.3,TGT_001,COMMUNICATION_TARGET,true,288.0,115.0,288.0,115.0,30.0,-30.0,280,280,0,TRACKING,287.0,114.0,1.414,True
SCN_012,580,19.3,TGT_002,DECOY_TARGET,true,496.0,275.0,496.0,275.0,30.0,0.0,580,580,0,TRACKING,495.0,274.0,1.414,False
SCN_012,580,19.3,TGT_003,DECOY_TARGET,true,441.5,220.5,441.5,220.5,0.0,0.0,580,580,0,TRACKING,440.5,219.5,1.414,False
SCN_012,581,19.3333,TGT_001,COMMUNICATION_TARGET,true,289.0,115.0,289.0,115.0,30.0,0.0,281,281,0,TRACKING,288.0,114.0,1.414,True
SCN_012,581,19.3333,TGT_002,DECOY_TARGET,true,496.0,275.0,496.0,275.0,0.0,0.0,581,581,0,TRACKING,495.0,274.0,1.414,False
SCN_012,581,19.3333,TGT_003,DECOY_TARGET,true,441.5,220.5,441.5,220.5,0.0,0.0,581,581,0,TRACKING,440.5,219.5,1.414,False
SCN_012,582,19.3667,TGT_001,COMMUNICATION_TARGET,true,290.0,115.0,290.0,115.0,30.0,0.0,282,282,0,TRACKING,289.0,114.0,1.414,True
SCN_012,582,19.3667,TGT_002,DECOY_TARGET,true,497.0,275.0,497.0,275.0,30.0,0.0,582,582,0,TRACKING,496.0,274.0,1.414,False
SCN_012,582,19.3667,TGT_003,DECOY_TARGET,true,441.5,220.5,441.5,220.5,0.0,0.0,582,582,0,TRACKING,440.5,219.5,1.414,False
SCN_012,583,19.4,TGT_001,COMMUNICATION_TARGET,true,291.0,115.0,291.0,115.0,30.0,0.0,283,283,0,TRACKING,290.0,114.0,1.414,True
SCN_012,583,19.4,TGT_002,DECOY_TARGET,true,498.0,275.0,498.0,275.0,30.0,0.0,583,583,0,TRACKING,497.0,274.0,1.414,False
SCN_012,583,19.4,TGT_003,DECOY_TARGET,true,441.5,220.5,441.5,220.5,0.0,0.0,583,583,0,TRACKING,440.5,219.5,1.414,False
SCN_012,584,19.4333,TGT_001,COMMUNICATION_TARGET,true,292.0,114.0,292.0,114.0,30.0,-30.0,284,284,0,TRACKING,291.0,113.0,1.414,True
SCN_012,584,19.4333,TGT_002,DECOY_TARGET,true,498.0,275.0,498.0,275.0,0.0,0.0,584,584,0,TRACKING,497.0,274.0,1.414,False
SCN_012,584,19.4333,TGT_003,DECOY_TARGET,true,441.5,220.5,441.5,220.5,0.0,0.0,584,584,0,TRACKING,440.5,219.5,1.414,False
SCN_012,585,19.4667,TGT_001,COMMUNICATION_TARGET,true,293.0,114.0,293.0,114.0,30.0,0.0,285,285,0,TRACKING,292.0,113.0,1.414,True
SCN_012,585,19.4667,TGT_002,DECOY_TARGET,true,499.0,275.0,499.0,275.0,30.0,0.0,585,585,0,TRACKING,498.0,274.0,1.414,False
SCN_012,585,19.4667,TGT_003,DECOY_TARGET,true,441.5,220.5,441.5,220.5,0.0,0.0,585,585,0,TRACKING,440.5,219.5,1.414,False
SCN_012,586,19.5,TGT_001,COMMUNICATION_TARGET,true,294.0,114.0,294.0,114.0,30.0,0.0,286,286,0,TRACKING,293.0,113.0,1.414,True
SCN_012,586,19.5,TGT_002,DECOY_TARGET,true,500.0,275.0,500.0,275.0,30.0,0.0,586,586,0,TRACKING,499.0,274.0,1.414,False
SCN_012,586,19.5,TGT_003,DECOY_TARGET,true,441.5,220.5,441.5,220.5,0.0,0.0,586,586,0,TRACKING,440.5,219.5,1.414,False
SCN_012,587,19.5333,TGT_001,COMMUNICATION_TARGET,true,295.0,114.0,295.0,114.0,30.0,0.0,287,287,0,TRACKING,294.0,113.0,1.414,True
SCN_012,587,19.5333,TGT_002,DECOY_TARGET,true,500.0,275.0,500.0,275.0,0.0,0.0,587,587,0,TRACKING,499.0,274.0,1.414,False
SCN_012,587,19.5333,TGT_003,DECOY_TARGET,true,441.5,220.5,441.5,220.5,0.0,0.0,587,587,0,TRACKING,440.5,219.5,1.414,False
SCN_012,588,19.5667,TGT_001,COMMUNICATION_TARGET,true,296.0,114.0,296.0,114.0,30.0,0.0,288,288,0,TRACKING,295.0,113.0,1.414,True
SCN_012,588,19.5667,TGT_002,DECOY_TARGET,true,501.0,275.0,501.0,275.0,30.0,0.0,588,588,0,TRACKING,500.0,274.0,1.414,False
SCN_012,588,19.5667,TGT_003,DECOY_TARGET,true,441.5,220.5,441.5,220.5,0.0,0.0,588,588,0,TRACKING,440.5,219.5,1.414,False
SCN_012,589,19.6,TGT_001,COMMUNICATION_TARGET,true,297.0,113.0,297.0,113.0,30.0,-30.0,289,289,0,TRACKING,296.0,112.0,1.414,True
SCN_012,589,19.6,TGT_002,DECOY_TARGET,true,502.0,275.0,502.0,275.0,30.0,0.0,589,589,0,TRACKING,501.0,274.0,1.414,False
SCN_012,589,19.6,TGT_003,DECOY_TARGET,true,441.5,220.5,441.5,220.5,0.0,0.0,589,589,0,TRACKING,440.5,219.5,1.414,False
SCN_012,590,19.6333,TGT_001,COMMUNICATION_TARGET,true,298.0,113.0,298.0,113.0,30.0,0.0,290,290,0,TRACKING,297.0,112.0,1.414,True
SCN_012,590,19.6333,TGT_002,DECOY_TARGET,true,502.0,275.0,502.0,275.0,0.0,0.0,590,590,0,TRACKING,501.0,274.0,1.414,False
SCN_012,590,19.6333,TGT_003,DECOY_TARGET,true,441.5,220.5,441.5,220.5,0.0,0.0,590,590,0,TRACKING,440.5,219.5,1.414,False
SCN_012,591,19.6667,TGT_001,COMMUNICATION_TARGET,true,299.0,113.0,299.0,113.0,30.0,0.0,291,291,0,TRACKING,298.0,112.0,1.414,True
SCN_012,591,19.6667,TGT_002,DECOY_TARGET,true,503.0,275.0,503.0,275.0,30.0,0.0,591,591,0,TRACKING,502.0,274.0,1.414,False
SCN_012,591,19.6667,TGT_003,DECOY_TARGET,true,441.5,220.5,441.5,220.5,0.0,0.0,591,591,0,TRACKING,440.5,219.5,1.414,False
SCN_012,592,19.7,TGT_001,COMMUNICATION_TARGET,true,299.0,113.0,299.0,113.0,0.0,0.0,292,292,0,TRACKING,298.0,112.0,1.414,True
SCN_012,592,19.7,TGT_002,DECOY_TARGET,true,504.0,275.0,504.0,275.0,30.0,0.0,592,592,0,TRACKING,503.0,274.0,1.414,False
SCN_012,592,19.7,TGT_003,DECOY_TARGET,true,441.5,220.5,441.5,220.5,0.0,0.0,592,592,0,TRACKING,440.5,219.5,1.414,False
SCN_012,593,19.7333,TGT_001,COMMUNICATION_TARGET,true,300.0,113.0,300.0,113.0,30.0,0.0,293,293,0,TRACKING,299.0,112.0,1.414,True
SCN_012,593,19.7333,TGT_002,DECOY_TARGET,true,504.0,275.0,504.0,275.0,0.0,0.0,593,593,0,TRACKING,503.0,274.0,1.414,False
SCN_012,593,19.7333,TGT_003,DECOY_TARGET,true,441.5,220.5,441.5,220.5,0.0,0.0,593,593,0,TRACKING,440.5,219.5,1.414,False
SCN_012,594,19.7667,TGT_001,COMMUNICATION_TARGET,true,301.0,112.0,301.0,112.0,30.0,-30.0,294,294,0,TRACKING,300.0,111.0,1.414,True
SCN_012,594,19.7667,TGT_002,DECOY_TARGET,true,505.0,275.0,505.0,275.0,30.0,0.0,594,594,0,TRACKING,504.0,274.0,1.414,False
SCN_012,594,19.7667,TGT_003,DECOY_TARGET,true,441.5,220.5,441.5,220.5,0.0,0.0,594,594,0,TRACKING,440.5,219.5,1.414,False
SCN_012,595,19.8,TGT_001,COMMUNICATION_TARGET,true,302.0,112.0,302.0,112.0,30.0,0.0,295,295,0,TRACKING,301.0,111.0,1.414,True
SCN_012,595,19.8,TGT_002,DECOY_TARGET,true,505.0,276.0,505.0,276.0,0.0,30.0,595,595,0,TRACKING,504.0,275.0,1.414,False
SCN_012,595,19.8,TGT_003,DECOY_TARGET,true,441.5,220.5,441.5,220.5,0.0,0.0,595,595,0,TRACKING,440.5,219.5,1.414,False
SCN_012,596,19.8333,TGT_001,COMMUNICATION_TARGET,true,303.0,112.0,303.0,112.0,30.0,0.0,296,296,0,TRACKING,302.0,111.0,1.414,True
SCN_012,596,19.8333,TGT_002,DECOY_TARGET,true,506.0,276.0,506.0,276.0,30.0,0.0,596,596,0,TRACKING,505.0,275.0,1.414,False
SCN_012,596,19.8333,TGT_003,DECOY_TARGET,true,441.5,220.5,441.5,220.5,0.0,0.0,596,596,0,TRACKING,440.5,219.5,1.414,False
SCN_012,597,19.8667,TGT_001,COMMUNICATION_TARGET,true,304.0,112.0,304.0,112.0,30.0,0.0,297,297,0,TRACKING,303.0,111.0,1.414,True
SCN_012,597,19.8667,TGT_002,DECOY_TARGET,true,507.0,276.0,507.0,276.0,30.0,0.0,597,597,0,TRACKING,506.0,275.0,1.414,False
SCN_012,597,19.8667,TGT_003,DECOY_TARGET,true,441.5,220.5,441.5,220.5,0.0,0.0,597,597,0,TRACKING,440.5,219.5,1.414,False
SCN_012,598,19.9,TGT_001,COMMUNICATION_TARGET,true,305.0,112.0,305.0,112.0,30.0,0.0,298,298,0,TRACKING,304.0,111.0,1.414,True
SCN_012,598,19.9,TGT_002,DECOY_TARGET,true,507.0,276.0,507.0,276.0,0.0,0.0,598,598,0,TRACKING,506.0,275.0,1.414,False
SCN_012,598,19.9,TGT_003,DECOY_TARGET,true,441.5,220.5,441.5,220.5,0.0,0.0,598,598,0,TRACKING,440.5,219.5,1.414,False
SCN_012,599,19.9333,TGT_001,COMMUNICATION_TARGET,true,306.0,112.0,306.0,112.0,30.0,0.0,299,299,0,TRACKING,305.0,111.0,1.414,True
SCN_012,599,19.9333,TGT_002,DECOY_TARGET,true,508.0,276.0,508.0,276.0,30.0,0.0,599,599,0,TRACKING,507.0,275.0,1.414,False
SCN_012,599,19.9333,TGT_003,DECOY_TARGET,true,441.5,220.5,441.5,220.5,0.0,0.0,599,599,0,TRACKING,440.5,219.5,1.414,False
SCN_012,600,19.9667,TGT_001,COMMUNICATION_TARGET,false,,,,,30.0,0.0,299,0,1,TEMPORARILY_LOST,306.0,111.0,,True
SCN_012,600,19.9667,TGT_002,DECOY_TARGET,true,509.0,276.0,509.0,276.0,30.0,0.0,600,600,0,TRACKING,508.0,275.0,1.414,False
SCN_012,600,19.9667,TGT_003,DECOY_TARGET,true,441.5,220.5,441.5,220.5,0.0,0.0,600,600,0,TRACKING,440.5,219.5,1.414,False
SCN_012,601,20.0,TGT_001,COMMUNICATION_TARGET,false,,,,,30.0,0.0,299,0,2,TEMPORARILY_LOST,307.0,111.0,,True
SCN_012,601,20.0,TGT_002,DECOY_TARGET,true,509.0,276.0,509.0,276.0,0.0,0.0,601,601,0,TRACKING,508.0,275.0,1.414,False
SCN_012,601,20.0,TGT_003,DECOY_TARGET,true,441.5,220.5,441.5,220.5,0.0,0.0,601,601,0,TRACKING,440.5,219.5,1.414,False
SCN_012,602,20.0333,TGT_001,COMMUNICATION_TARGET,false,,,,,30.0,0.0,299,0,3,TEMPORARILY_LOST,308.0,111.0,,True
SCN_012,602,20.0333,TGT_002,DECOY_TARGET,true,510.0,276.0,510.0,276.0,30.0,0.0,602,602,0,TRACKING,509.0,275.0,1.414,False
SCN_012,602,20.0333,TGT_003,DECOY_TARGET,true,441.5,220.5,441.5,220.5,0.0,0.0,602,602,0,TRACKING,440.5,219.5,1.414,False
SCN_012,603,20.0667,TGT_001,COMMUNICATION_TARGET,false,,,,,30.0,0.0,299,0,4,TEMPORARILY_LOST,309.0,110.0,,True
SCN_012,603,20.0667,TGT_002,DECOY_TARGET,true,511.0,276.0,511.0,276.0,30.0,0.0,603,603,0,TRACKING,510.0,275.0,1.414,False
SCN_012,603,20.0667,TGT_003,DECOY_TARGET,true,441.5,220.5,441.5,220.5,0.0,0.0,603,603,0,TRACKING,440.5,219.5,1.414,False
SCN_012,604,20.1,TGT_001,COMMUNICATION_TARGET,false,,,,,30.0,0.0,299,0,5,TEMPORARILY_LOST,310.0,110.0,,True
SCN_012,604,20.1,TGT_002,DECOY_TARGET,true,511.0,276.0,511.0,276.0,0.0,0.0,604,604,0,TRACKING,510.0,275.0,1.414,False
SCN_012,604,20.1,TGT_003,DECOY_TARGET,true,441.5,220.5,441.5,220.5,0.0,0.0,604,604,0,TRACKING,440.5,219.5,1.414,False
SCN_012,605,20.1333,TGT_001,COMMUNICATION_TARGET,false,,,,,30.0,0.0,299,0,6,LOST,311.0,110.0,,True
SCN_012,605,20.1333,TGT_002,DECOY_TARGET,true,512.0,276.0,512.0,276.0,30.0,0.0,605,605,0,TRACKING,511.0,275.0,1.414,False
SCN_012,605,20.1333,TGT_003,DECOY_TARGET,true,440.5,220.5,440.5,220.5,-30.0,0.0,605,605,0,TRACKING,439.5,219.5,1.414,False
SCN_012,606,20.1667,TGT_001,COMMUNICATION_TARGET,false,,,,,30.0,0.0,299,0,7,LOST,312.0,110.0,,True
SCN_012,606,20.1667,TGT_002,DECOY_TARGET,true,513.0,276.0,513.0,276.0,30.0,0.0,606,606,0,TRACKING,512.0,275.0,1.414,False
SCN_012,606,20.1667,TGT_003,DECOY_TARGET,true,440.5,220.5,440.5,220.5,0.0,0.0,606,606,0,TRACKING,439.5,219.5,1.414,False
SCN_012,607,20.2,TGT_001,COMMUNICATION_TARGET,false,,,,,30.0,0.0,299,0,8,LOST,313.0,110.0,,True
SCN_012,607,20.2,TGT_002,DECOY_TARGET,true,513.0,276.0,513.0,276.0,0.0,0.0,607,607,0,TRACKING,512.0,275.0,1.414,False
SCN_012,607,20.2,TGT_003,DECOY_TARGET,true,440.5,220.5,440.5,220.5,0.0,0.0,607,607,0,TRACKING,439.5,219.5,1.414,False
SCN_012,608,20.2333,TGT_001,COMMUNICATION_TARGET,false,,,,,30.0,0.0,299,0,9,LOST,314.0,110.0,,True
SCN_012,608,20.2333,TGT_002,DECOY_TARGET,true,514.0,276.0,514.0,276.0,30.0,0.0,608,608,0,TRACKING,513.0,275.0,1.414,False
SCN_012,608,20.2333,TGT_003,DECOY_TARGET,true,440.5,220.5,440.5,220.5,0.0,0.0,608,608,0,TRACKING,439.5,219.5,1.414,False
SCN_012,609,20.2667,TGT_001,COMMUNICATION_TARGET,false,,,,,30.0,0.0,299,0,10,LOST,315.0,110.0,,True
SCN_012,609,20.2667,TGT_002,DECOY_TARGET,true,515.0,276.0,515.0,276.0,30.0,0.0,609,609,0,TRACKING,514.0,275.0,1.414,False
SCN_012,609,20.2667,TGT_003,DECOY_TARGET,true,440.5,220.5,440.5,220.5,0.0,0.0,609,609,0,TRACKING,439.5,219.5,1.414,False
SCN_012,610,20.3,TGT_001,COMMUNICATION_TARGET,false,,,,,30.0,0.0,299,0,11,LOST,316.0,110.0,,True
SCN_012,610,20.3,TGT_002,DECOY_TARGET,true,515.0,276.0,515.0,276.0,0.0,0.0,610,610,0,TRACKING,514.0,275.0,1.414,False
SCN_012,610,20.3,TGT_003,DECOY_TARGET,true,440.5,220.5,440.5,220.5,0.0,0.0,610,610,0,TRACKING,439.5,219.5,1.414,False
SCN_012,611,20.3333,TGT_001,COMMUNICATION_TARGET,false,,,,,30.0,0.0,299,0,12,LOST,317.0,110.0,,True
SCN_012,611,20.3333,TGT_002,DECOY_TARGET,true,516.0,276.0,516.0,276.0,30.0,0.0,611,611,0,TRACKING,515.0,275.0,1.414,False
SCN_012,611,20.3333,TGT_003,DECOY_TARGET,true,440.5,221.5,440.5,221.5,0.0,30.0,611,611,0,TRACKING,439.5,220.5,1.414,False
SCN_012,612,20.3667,TGT_001,COMMUNICATION_TARGET,false,,,,,30.0,0.0,299,0,13,LOST,318.0,110.0,,True
SCN_012,612,20.3667,TGT_002,DECOY_TARGET,true,517.0,277.0,517.0,277.0,30.0,30.0,612,612,0,TRACKING,516.0,276.0,1.414,False
SCN_012,612,20.3667,TGT_003,DECOY_TARGET,true,440.5,221.5,440.5,221.5,0.0,0.0,612,612,0,TRACKING,439.5,220.5,1.414,False
SCN_012,613,20.4,TGT_001,COMMUNICATION_TARGET,false,,,,,30.0,0.0,299,0,14,LOST,319.0,110.0,,True
SCN_012,613,20.4,TGT_002,DECOY_TARGET,true,517.0,277.0,517.0,277.0,0.0,0.0,613,613,0,TRACKING,516.0,276.0,1.414,False
SCN_012,613,20.4,TGT_003,DECOY_TARGET,true,440.5,221.5,440.5,221.5,0.0,0.0,613,613,0,TRACKING,439.5,220.5,1.414,False
SCN_012,614,20.4333,TGT_001,COMMUNICATION_TARGET,false,,,,,30.0,0.0,299,0,15,LOST,320.0,110.0,,True
SCN_012,614,20.4333,TGT_002,DECOY_TARGET,true,518.0,277.0,518.0,277.0,30.0,0.0,614,614,0,TRACKING,517.0,276.0,1.414,False
SCN_012,614,20.4333,TGT_003,DECOY_TARGET,true,440.5,221.5,440.5,221.5,0.0,0.0,614,614,0,TRACKING,439.5,220.5,1.414,False
SCN_012,615,20.4667,TGT_001,COMMUNICATION_TARGET,false,,,,,30.0,0.0,299,0,16,LOST,321.0,110.0,,True
SCN_012,615,20.4667,TGT_002,DECOY_TARGET,true,519.0,277.0,519.0,277.0,30.0,0.0,615,615,0,TRACKING,518.0,276.0,1.414,False
SCN_012,615,20.4667,TGT_003,DECOY_TARGET,true,440.5,221.5,440.5,221.5,0.0,0.0,615,615,0,TRACKING,439.5,220.5,1.414,False
SCN_012,616,20.5,TGT_001,COMMUNICATION_TARGET,false,,,,,30.0,0.0,299,0,17,LOST,322.0,110.0,,True
SCN_012,616,20.5,TGT_002,DECOY_TARGET,true,519.0,277.0,519.0,277.0,0.0,0.0,616,616,0,TRACKING,518.0,276.0,1.414,False
SCN_012,616,20.5,TGT_003,DECOY_TARGET,true,440.5,221.5,440.5,221.5,0.0,0.0,616,616,0,TRACKING,439.5,220.5,1.414,False
SCN_012,617,20.5333,TGT_001,COMMUNICATION_TARGET,false,,,,,30.0,0.0,299,0,18,LOST,323.0,110.0,,True
SCN_012,617,20.5333,TGT_002,DECOY_TARGET,true,520.0,277.0,520.0,277.0,30.0,0.0,617,617,0,TRACKING,519.0,276.0,1.414,False
SCN_012,617,20.5333,TGT_003,DECOY_TARGET,true,440.5,221.5,440.5,221.5,0.0,0.0,617,617,0,TRACKING,439.5,220.5,1.414,False
SCN_012,618,20.5667,TGT_001,COMMUNICATION_TARGET,false,,,,,30.0,0.0,299,0,19,LOST,324.0,110.0,,True
SCN_012,618,20.5667,TGT_002,DECOY_TARGET,true,521.0,277.0,521.0,277.0,30.0,0.0,618,618,0,TRACKING,520.0,276.0,1.414,False
SCN_012,618,20.5667,TGT_003,DECOY_TARGET,true,440.5,221.5,440.5,221.5,0.0,0.0,618,618,0,TRACKING,439.5,220.5,1.414,False
SCN_012,619,20.6,TGT_001,COMMUNICATION_TARGET,false,,,,,30.0,0.0,299,0,20,LOST,325.0,110.0,,True
SCN_012,619,20.6,TGT_002,DECOY_TARGET,true,521.0,277.0,521.0,277.0,0.0,0.0,619,619,0,TRACKING,520.0,276.0,1.414,False
SCN_012,619,20.6,TGT_003,DECOY_TARGET,true,440.5,221.5,440.5,221.5,0.0,0.0,619,619,0,TRACKING,439.5,220.5,1.414,False
SCN_012,620,20.6333,TGT_001,COMMUNICATION_TARGET,false,,,,,30.0,0.0,299,0,21,LOST,326.0,110.0,,True
SCN_012,620,20.6333,TGT_002,DECOY_TARGET,true,522.0,277.0,522.0,277.0,30.0,0.0,620,620,0,TRACKING,521.0,276.0,1.414,False
SCN_012,620,20.6333,TGT_003,DECOY_TARGET,true,440.5,221.5,440.5,221.5,0.0,0.0,620,620,0,TRACKING,439.5,220.5,1.414,False
SCN_012,621,20.6667,TGT_001,COMMUNICATION_TARGET,false,,,,,30.0,0.0,299,0,22,LOST,327.0,110.0,,True
SCN_012,621,20.6667,TGT_002,DECOY_TARGET,true,523.0,277.0,523.0,277.0,30.0,0.0,621,621,0,TRACKING,522.0,276.0,1.414,False
SCN_012,621,20.6667,TGT_003,DECOY_TARGET,true,440.5,221.5,440.5,221.5,0.0,0.0,621,621,0,TRACKING,439.5,220.5,1.414,False
SCN_012,622,20.7,TGT_001,COMMUNICATION_TARGET,false,,,,,30.0,0.0,299,0,23,LOST,328.0,110.0,,True
SCN_012,622,20.7,TGT_002,DECOY_TARGET,true,523.0,277.0,523.0,277.0,0.0,0.0,622,622,0,TRACKING,522.0,276.0,1.414,False
SCN_012,622,20.7,TGT_003,DECOY_TARGET,true,440.5,221.5,440.5,221.5,0.0,0.0,622,622,0,TRACKING,439.5,220.5,1.414,False
SCN_012,623,20.7333,TGT_001,COMMUNICATION_TARGET,false,,,,,30.0,0.0,299,0,24,LOST,329.0,110.0,,True
SCN_012,623,20.7333,TGT_002,DECOY_TARGET,true,524.0,277.0,524.0,277.0,30.0,0.0,623,623,0,TRACKING,523.0,276.0,1.414,False
SCN_012,623,20.7333,TGT_003,DECOY_TARGET,true,440.5,221.5,440.5,221.5,0.0,0.0,623,623,0,TRACKING,439.5,220.5,1.414,False
SCN_012,624,20.7667,TGT_001,COMMUNICATION_TARGET,false,,,,,30.0,0.0,299,0,25,LOST,330.0,110.0,,True
SCN_012,624,20.7667,TGT_002,DECOY_TARGET,true,525.0,277.0,525.0,277.0,30.0,0.0,624,624,0,TRACKING,524.0,276.0,1.414,False
SCN_012,624,20.7667,TGT_003,DECOY_TARGET,true,440.5,221.5,440.5,221.5,0.0,0.0,624,624,0,TRACKING,439.5,220.5,1.414,False
SCN_012,625,20.8,TGT_001,COMMUNICATION_TARGET,false,,,,,30.0,0.0,299,0,26,LOST,331.0,110.0,,True
SCN_012,625,20.8,TGT_002,DECOY_TARGET,true,525.0,277.0,525.0,277.0,0.0,0.0,625,625,0,TRACKING,524.0,276.0,1.414,False
SCN_012,625,20.8,TGT_003,DECOY_TARGET,true,440.5,221.5,440.5,221.5,0.0,0.0,625,625,0,TRACKING,439.5,220.5,1.414,False
SCN_012,626,20.8333,TGT_001,COMMUNICATION_TARGET,false,,,,,30.0,0.0,299,0,27,LOST,332.0,111.0,,True
SCN_012,626,20.8333,TGT_002,DECOY_TARGET,true,526.0,277.0,526.0,277.0,30.0,0.0,626,626,0,TRACKING,525.0,276.0,1.414,False
SCN_012,626,20.8333,TGT_003,DECOY_TARGET,true,440.5,221.5,440.5,221.5,0.0,0.0,626,626,0,TRACKING,439.5,220.5,1.414,False
SCN_012,627,20.8667,TGT_001,COMMUNICATION_TARGET,false,,,,,30.0,0.0,299,0,28,LOST,333.0,111.0,,True
SCN_012,627,20.8667,TGT_002,DECOY_TARGET,true,527.0,277.0,527.0,277.0,30.0,0.0,627,627,0,TRACKING,526.0,276.0,1.414,False
SCN_012,627,20.8667,TGT_003,DECOY_TARGET,true,440.5,221.5,440.5,221.5,0.0,0.0,627,627,0,TRACKING,439.5,220.5,1.414,False
SCN_012,628,20.9,TGT_001,COMMUNICATION_TARGET,false,,,,,30.0,0.0,299,0,29,LOST,334.0,111.0,,True
SCN_012,628,20.9,TGT_002,DECOY_TARGET,true,527.0,277.0,527.0,277.0,0.0,0.0,628,628,0,TRACKING,526.0,276.0,1.414,False
SCN_012,628,20.9,TGT_003,DECOY_TARGET,true,440.5,221.5,440.5,221.5,0.0,0.0,628,628,0,TRACKING,439.5,220.5,1.414,False
SCN_012,629,20.9333,TGT_001,COMMUNICATION_TARGET,false,,,,,30.0,0.0,299,0,30,LOST,335.0,111.0,,True
SCN_012,629,20.9333,TGT_002,DECOY_TARGET,true,528.0,277.0,528.0,277.0,30.0,0.0,629,629,0,TRACKING,527.0,276.0,1.414,False
SCN_012,629,20.9333,TGT_003,DECOY_TARGET,true,440.5,221.5,440.5,221.5,0.0,0.0,629,629,0,TRACKING,439.5,220.5,1.414,False
SCN_012,630,20.9667,TGT_001,COMMUNICATION_TARGET,false,,,,,30.0,0.0,299,0,31,LOST,336.0,111.0,,True
SCN_012,630,20.9667,TGT_002,DECOY_TARGET,true,529.0,278.0,529.0,278.0,30.0,30.0,630,630,0,TRACKING,528.0,277.0,1.414,False
SCN_012,630,20.9667,TGT_003,DECOY_TARGET,true,440.5,221.5,440.5,221.5,0.0,0.0,630,630,0,TRACKING,439.5,220.5,1.414,False
SCN_012,631,21.0,TGT_001,COMMUNICATION_TARGET,false,,,,,30.0,0.0,299,0,32,LOST,337.0,111.0,,True
SCN_012,631,21.0,TGT_002,DECOY_TARGET,true,529.0,278.0,529.0,278.0,0.0,0.0,631,631,0,TRACKING,528.0,277.0,1.414,False
SCN_012,631,21.0,TGT_003,DECOY_TARGET,true,440.5,221.5,440.5,221.5,0.0,0.0,631,631,0,TRACKING,439.5,220.5,1.414,False
SCN_012,632,21.0333,TGT_001,COMMUNICATION_TARGET,false,,,,,30.0,0.0,299,0,33,LOST,338.0,111.0,,True
SCN_012,632,21.0333,TGT_002,DECOY_TARGET,true,530.0,278.0,530.0,278.0,30.0,0.0,632,632,0,TRACKING,529.0,277.0,1.414,False
SCN_012,632,21.0333,TGT_003,DECOY_TARGET,true,440.5,221.5,440.5,221.5,0.0,0.0,632,632,0,TRACKING,439.5,220.5,1.414,False
SCN_012,633,21.0667,TGT_001,COMMUNICATION_TARGET,false,,,,,30.0,0.0,299,0,34,LOST,339.0,111.0,,True
SCN_012,633,21.0667,TGT_002,DECOY_TARGET,true,531.0,278.0,531.0,278.0,30.0,0.0,633,633,0,TRACKING,530.0,277.0,1.414,False
SCN_012,633,21.0667,TGT_003,DECOY_TARGET,true,440.5,221.5,440.5,221.5,0.0,0.0,633,633,0,TRACKING,439.5,220.5,1.414,False
SCN_012,634,21.1,TGT_001,COMMUNICATION_TARGET,false,,,,,30.0,0.0,299,0,35,LOST,340.0,112.0,,True
SCN_012,634,21.1,TGT_002,DECOY_TARGET,true,531.0,278.0,531.0,278.0,0.0,0.0,634,634,0,TRACKING,530.0,277.0,1.414,False
SCN_012,634,21.1,TGT_003,DECOY_TARGET,true,440.5,221.5,440.5,221.5,0.0,0.0,634,634,0,TRACKING,439.5,220.5,1.414,False
SCN_012,635,21.1333,TGT_001,COMMUNICATION_TARGET,false,,,,,30.0,0.0,299,0,36,LOST,341.0,112.0,,True
SCN_012,635,21.1333,TGT_002,DECOY_TARGET,true,532.0,278.0,532.0,278.0,30.0,0.0,635,635,0,TRACKING,531.0,277.0,1.414,False
SCN_012,635,21.1333,TGT_003,DECOY_TARGET,true,440.5,221.5,440.5,221.5,0.0,0.0,635,635,0,TRACKING,439.5,220.5,1.414,False
SCN_012,636,21.1667,TGT_001,COMMUNICATION_TARGET,false,,,,,30.0,0.0,299,0,37,LOST,342.0,112.0,,True
SCN_012,636,21.1667,TGT_002,DECOY_TARGET,true,533.0,278.0,533.0,278.0,30.0,0.0,636,636,0,TRACKING,532.0,277.0,1.414,False
SCN_012,636,21.1667,TGT_003,DECOY_TARGET,true,440.5,221.5,440.5,221.5,0.0,0.0,636,636,0,TRACKING,439.5,220.5,1.414,False
SCN_012,637,21.2,TGT_001,COMMUNICATION_TARGET,false,,,,,30.0,0.0,299,0,38,LOST,343.0,112.0,,True
SCN_012,637,21.2,TGT_002,DECOY_TARGET,true,533.0,278.0,533.0,278.0,0.0,0.0,637,637,0,TRACKING,532.0,277.0,1.414,False
SCN_012,637,21.2,TGT_003,DECOY_TARGET,true,440.5,221.5,440.5,221.5,0.0,0.0,637,637,0,TRACKING,439.5,220.5,1.414,False
SCN_012,638,21.2333,TGT_001,COMMUNICATION_TARGET,false,,,,,30.0,0.0,299,0,39,LOST,344.0,112.0,,True
SCN_012,638,21.2333,TGT_002,DECOY_TARGET,true,534.0,278.0,534.0,278.0,30.0,0.0,638,638,0,TRACKING,533.0,277.0,1.414,False
SCN_012,638,21.2333,TGT_003,DECOY_TARGET,true,440.5,221.5,440.5,221.5,0.0,0.0,638,638,0,TRACKING,439.5,220.5,1.414,False
SCN_012,639,21.2667,TGT_001,COMMUNICATION_TARGET,false,,,,,30.0,0.0,299,0,40,LOST,345.0,112.0,,True
SCN_012,639,21.2667,TGT_002,DECOY_TARGET,true,535.0,278.0,535.0,278.0,30.0,0.0,639,639,0,TRACKING,534.0,277.0,1.414,False
SCN_012,639,21.2667,TGT_003,DECOY_TARGET,true,440.5,221.5,440.5,221.5,0.0,0.0,639,639,0,TRACKING,439.5,220.5,1.414,False
SCN_012,640,21.3,TGT_001,COMMUNICATION_TARGET,false,,,,,30.0,0.0,299,0,41,LOST,346.0,113.0,,True
SCN_012,640,21.3,TGT_002,DECOY_TARGET,true,535.0,278.0,535.0,278.0,0.0,0.0,640,640,0,TRACKING,534.0,277.0,1.414,False
SCN_012,640,21.3,TGT_003,DECOY_TARGET,true,440.5,221.5,440.5,221.5,0.0,0.0,640,640,0,TRACKING,439.5,220.5,1.414,False
SCN_012,641,21.3333,TGT_001,COMMUNICATION_TARGET,false,,,,,30.0,0.0,299,0,42,LOST,347.0,113.0,,True
SCN_012,641,21.3333,TGT_002,DECOY_TARGET,true,536.0,278.0,536.0,278.0,30.0,0.0,641,641,0,TRACKING,535.0,277.0,1.414,False
SCN_012,641,21.3333,TGT_003,DECOY_TARGET,true,440.5,221.5,440.5,221.5,0.0,0.0,641,641,0,TRACKING,439.5,220.5,1.414,False
SCN_012,642,21.3667,TGT_001,COMMUNICATION_TARGET,false,,,,,30.0,0.0,299,0,43,LOST,348.0,113.0,,True
SCN_012,642,21.3667,TGT_002,DECOY_TARGET,true,537.0,278.0,537.0,278.0,30.0,0.0,642,642,0,TRACKING,536.0,277.0,1.414,False
SCN_012,642,21.3667,TGT_003,DECOY_TARGET,true,440.5,221.5,440.5,221.5,0.0,0.0,642,642,0,TRACKING,439.5,220.5,1.414,False
SCN_012,643,21.4,TGT_001,COMMUNICATION_TARGET,false,,,,,30.0,0.0,299,0,44,LOST,349.0,113.0,,True
SCN_012,643,21.4,TGT_002,DECOY_TARGET,true,537.0,278.0,537.0,278.0,0.0,0.0,643,643,0,TRACKING,536.0,277.0,1.414,False
SCN_012,643,21.4,TGT_003,DECOY_TARGET,true,440.5,221.5,440.5,221.5,0.0,0.0,643,643,0,TRACKING,439.5,220.5,1.414,False
SCN_012,644,21.4333,TGT_001,COMMUNICATION_TARGET,false,,,,,30.0,0.0,299,0,45,LOST,350.0,114.0,,True
SCN_012,644,21.4333,TGT_002,DECOY_TARGET,true,538.0,278.0,538.0,278.0,30.0,0.0,644,644,0,TRACKING,537.0,277.0,1.414,False
SCN_012,644,21.4333,TGT_003,DECOY_TARGET,true,440.5,221.5,440.5,221.5,0.0,0.0,644,644,0,TRACKING,439.5,220.5,1.414,False
SCN_012,645,21.4667,TGT_001,COMMUNICATION_TARGET,false,,,,,30.0,0.0,299,0,46,LOST,351.0,114.0,,True
SCN_012,645,21.4667,TGT_002,DECOY_TARGET,true,539.0,278.0,539.0,278.0,30.0,0.0,645,645,0,TRACKING,538.0,277.0,1.414,False
SCN_012,645,21.4667,TGT_003,DECOY_TARGET,true,440.5,221.5,440.5,221.5,0.0,0.0,645,645,0,TRACKING,439.5,220.5,1.414,False
SCN_012,646,21.5,TGT_001,COMMUNICATION_TARGET,false,,,,,30.0,0.0,299,0,47,LOST,352.0,114.0,,True
SCN_012,646,21.5,TGT_002,DECOY_TARGET,true,539.0,278.0,539.0,278.0,0.0,0.0,646,646,0,TRACKING,538.0,277.0,1.414,False
SCN_012,646,21.5,TGT_003,DECOY_TARGET,true,440.5,221.5,440.5,221.5,0.0,0.0,646,646,0,TRACKING,439.5,220.5,1.414,False
SCN_012,647,21.5333,TGT_001,COMMUNICATION_TARGET,false,,,,,30.0,0.0,299,0,48,LOST,353.0,114.0,,True
SCN_012,647,21.5333,TGT_002,DECOY_TARGET,true,540.0,279.0,540.0,279.0,30.0,30.0,647,647,0,TRACKING,539.0,278.0,1.414,False
SCN_012,647,21.5333,TGT_003,DECOY_TARGET,true,440.5,220.5,440.5,220.5,0.0,-30.0,647,647,0,TRACKING,439.5,219.5,1.414,False
SCN_012,648,21.5667,TGT_001,COMMUNICATION_TARGET,false,,,,,30.0,0.0,299,0,49,LOST,354.0,115.0,,True
SCN_012,648,21.5667,TGT_002,DECOY_TARGET,true,541.0,279.0,541.0,279.0,30.0,0.0,648,648,0,TRACKING,540.0,278.0,1.414,False
SCN_012,648,21.5667,TGT_003,DECOY_TARGET,true,440.5,220.5,440.5,220.5,0.0,0.0,648,648,0,TRACKING,439.5,219.5,1.414,False
SCN_012,649,21.6,TGT_001,COMMUNICATION_TARGET,false,,,,,30.0,0.0,299,0,50,LOST,355.0,115.0,,True
SCN_012,649,21.6,TGT_002,DECOY_TARGET,true,541.0,279.0,541.0,279.0,0.0,0.0,649,649,0,TRACKING,540.0,278.0,1.414,False
SCN_012,649,21.6,TGT_003,DECOY_TARGET,true,441.5,220.5,441.5,220.5,30.0,0.0,649,649,0,TRACKING,440.5,219.5,1.414,False
SCN_012,650,21.6333,TGT_001,COMMUNICATION_TARGET,false,,,,,30.0,0.0,299,0,51,LOST,356.0,115.0,,True
SCN_012,650,21.6333,TGT_002,DECOY_TARGET,true,542.0,279.0,542.0,279.0,30.0,0.0,650,650,0,TRACKING,541.0,278.0,1.414,False
SCN_012,650,21.6333,TGT_003,DECOY_TARGET,true,441.5,220.5,441.5,220.5,0.0,0.0,650,650,0,TRACKING,440.5,219.5,1.414,False
SCN_012,651,21.6667,TGT_001,COMMUNICATION_TARGET,false,,,,,30.0,0.0,299,0,52,LOST,357.0,115.0,,True
SCN_012,651,21.6667,TGT_002,DECOY_TARGET,true,543.0,279.0,543.0,279.0,30.0,0.0,651,651,0,TRACKING,542.0,278.0,1.414,False
SCN_012,651,21.6667,TGT_003,DECOY_TARGET,true,441.5,220.5,441.5,220.5,0.0,0.0,651,651,0,TRACKING,440.5,219.5,1.414,False
SCN_012,652,21.7,TGT_001,COMMUNICATION_TARGET,false,,,,,30.0,0.0,299,0,53,LOST,358.0,116.0,,True
SCN_012,652,21.7,TGT_002,DECOY_TARGET,true,543.0,279.0,543.0,279.0,0.0,0.0,652,652,0,TRACKING,542.0,278.0,1.414,False
SCN_012,652,21.7,TGT_003,DECOY_TARGET,true,441.5,220.5,441.5,220.5,0.0,0.0,652,652,0,TRACKING,440.5,219.5,1.414,False
SCN_012,653,21.7333,TGT_001,COMMUNICATION_TARGET,false,,,,,30.0,0.0,299,0,54,LOST,359.0,116.0,,True
SCN_012,653,21.7333,TGT_002,DECOY_TARGET,true,544.0,279.0,544.0,279.0,30.0,0.0,653,653,0,TRACKING,543.0,278.0,1.414,False
SCN_012,653,21.7333,TGT_003,DECOY_TARGET,true,441.5,220.5,441.5,220.5,0.0,0.0,653,653,0,TRACKING,440.5,219.5,1.414,False
SCN_012,654,21.7667,TGT_001,COMMUNICATION_TARGET,false,,,,,30.0,0.0,299,0,55,LOST,360.0,116.0,,True
SCN_012,654,21.7667,TGT_002,DECOY_TARGET,true,545.0,279.0,545.0,279.0,30.0,0.0,654,654,0,TRACKING,544.0,278.0,1.414,False
SCN_012,654,21.7667,TGT_003,DECOY_TARGET,true,441.5,220.5,441.5,220.5,0.0,0.0,654,654,0,TRACKING,440.5,219.5,1.414,False
SCN_012,655,21.8,TGT_001,COMMUNICATION_TARGET,false,,,,,30.0,0.0,299,0,56,LOST,361.0,117.0,,True
SCN_012,655,21.8,TGT_002,DECOY_TARGET,true,545.0,279.0,545.0,279.0,0.0,0.0,655,655,0,TRACKING,544.0,278.0,1.414,False
SCN_012,655,21.8,TGT_003,DECOY_TARGET,true,441.5,220.5,441.5,220.5,0.0,0.0,655,655,0,TRACKING,440.5,219.5,1.414,False
SCN_012,656,21.8333,TGT_001,COMMUNICATION_TARGET,false,,,,,30.0,0.0,299,0,57,LOST,362.0,117.0,,True
SCN_012,656,21.8333,TGT_002,DECOY_TARGET,true,546.0,279.0,546.0,279.0,30.0,0.0,656,656,0,TRACKING,545.0,278.0,1.414,False
SCN_012,656,21.8333,TGT_003,DECOY_TARGET,true,441.5,220.5,441.5,220.5,0.0,0.0,656,656,0,TRACKING,440.5,219.5,1.414,False
SCN_012,657,21.8667,TGT_001,COMMUNICATION_TARGET,false,,,,,30.0,0.0,299,0,58,LOST,363.0,117.0,,True
SCN_012,657,21.8667,TGT_002,DECOY_TARGET,true,547.0,279.0,547.0,279.0,30.0,0.0,657,657,0,TRACKING,546.0,278.0,1.414,False
SCN_012,657,21.8667,TGT_003,DECOY_TARGET,true,441.5,220.5,441.5,220.5,0.0,0.0,657,657,0,TRACKING,440.5,219.5,1.414,False
SCN_012,658,21.9,TGT_001,COMMUNICATION_TARGET,false,,,,,30.0,0.0,299,0,59,LOST,364.0,118.0,,True
SCN_012,658,21.9,TGT_002,DECOY_TARGET,true,547.0,279.0,547.0,279.0,0.0,0.0,658,658,0,TRACKING,546.0,278.0,1.414,False
SCN_012,658,21.9,TGT_003,DECOY_TARGET,true,441.5,220.5,441.5,220.5,0.0,0.0,658,658,0,TRACKING,440.5,219.5,1.414,False
SCN_012,659,21.9333,TGT_001,COMMUNICATION_TARGET,false,,,,,30.0,0.0,299,0,60,LOST,364.0,118.0,,True
SCN_012,659,21.9333,TGT_002,DECOY_TARGET,true,548.0,279.0,548.0,279.0,30.0,0.0,659,659,0,TRACKING,547.0,278.0,1.414,False
SCN_012,659,21.9333,TGT_003,DECOY_TARGET,true,441.5,220.5,441.5,220.5,0.0,0.0,659,659,0,TRACKING,440.5,219.5,1.414,False
SCN_012,660,21.9667,TGT_001,COMMUNICATION_TARGET,false,,,,,30.0,0.0,299,0,61,LOST,365.0,118.0,,True
SCN_012,660,21.9667,TGT_002,DECOY_TARGET,true,549.0,279.0,549.0,279.0,30.0,0.0,660,660,0,TRACKING,548.0,278.0,1.414,False
SCN_012,660,21.9667,TGT_003,DECOY_TARGET,true,441.5,220.5,441.5,220.5,0.0,0.0,660,660,0,TRACKING,440.5,219.5,1.414,False
SCN_012,661,22.0,TGT_001,COMMUNICATION_TARGET,true,367.0,120.0,367.0,120.0,0.0,0.0,1,1,0,REACQUIRED,366.0,119.0,1.414,True
SCN_012,661,22.0,TGT_002,DECOY_TARGET,true,549.0,279.0,549.0,279.0,0.0,0.0,661,661,0,TRACKING,548.0,278.0,1.414,False
SCN_012,661,22.0,TGT_003,DECOY_TARGET,true,441.5,220.5,441.5,220.5,0.0,0.0,661,661,0,TRACKING,440.5,219.5,1.414,False
SCN_012,662,22.0333,TGT_001,COMMUNICATION_TARGET,true,368.0,120.0,368.0,120.0,30.0,0.0,2,2,0,TRACKING,367.0,119.0,1.414,True
SCN_012,662,22.0333,TGT_002,DECOY_TARGET,true,550.0,279.0,550.0,279.0,30.0,0.0,662,662,0,TRACKING,549.0,278.0,1.414,False
SCN_012,662,22.0333,TGT_003,DECOY_TARGET,true,441.5,220.5,441.5,220.5,0.0,0.0,662,662,0,TRACKING,440.5,219.5,1.414,False
SCN_012,663,22.0667,TGT_001,COMMUNICATION_TARGET,true,369.0,120.0,369.0,120.0,30.0,0.0,3,3,0,TRACKING,368.0,119.0,1.414,True
SCN_012,663,22.0667,TGT_002,DECOY_TARGET,true,551.0,279.0,551.0,279.0,30.0,0.0,663,663,0,TRACKING,550.0,278.0,1.414,False
SCN_012,663,22.0667,TGT_003,DECOY_TARGET,true,441.5,220.5,441.5,220.5,0.0,0.0,663,663,0,TRACKING,440.5,219.5,1.414,False
SCN_012,664,22.1,TGT_001,COMMUNICATION_TARGET,true,370.0,121.0,370.0,121.0,30.0,30.0,4,4,0,TRACKING,369.0,120.0,1.414,True
SCN_012,664,22.1,TGT_002,DECOY_TARGET,true,551.0,280.0,551.0,280.0,0.0,30.0,664,664,0,TRACKING,550.0,279.0,1.414,False
SCN_012,664,22.1,TGT_003,DECOY_TARGET,true,441.5,220.5,441.5,220.5,0.0,0.0,664,664,0,TRACKING,440.5,219.5,1.414,False
SCN_012,665,22.1333,TGT_001,COMMUNICATION_TARGET,true,371.0,121.0,371.0,121.0,30.0,0.0,5,5,0,TRACKING,370.0,120.0,1.414,True
SCN_012,665,22.1333,TGT_002,DECOY_TARGET,true,552.0,280.0,552.0,280.0,30.0,0.0,665,665,0,TRACKING,551.0,279.0,1.414,False
SCN_012,665,22.1333,TGT_003,DECOY_TARGET,true,441.5,220.5,441.5,220.5,0.0,0.0,665,665,0,TRACKING,440.5,219.5,1.414,False
SCN_012,666,22.1667,TGT_001,COMMUNICATION_TARGET,true,372.0,121.0,372.0,121.0,30.0,0.0,6,6,0,TRACKING,371.0,120.0,1.414,True
SCN_012,666,22.1667,TGT_002,DECOY_TARGET,true,553.0,280.0,553.0,280.0,30.0,0.0,666,666,0,TRACKING,552.0,279.0,1.414,False
SCN_012,666,22.1667,TGT_003,DECOY_TARGET,true,441.5,220.5,441.5,220.5,0.0,0.0,666,666,0,TRACKING,440.5,219.5,1.414,False
SCN_012,667,22.2,TGT_001,COMMUNICATION_TARGET,true,373.0,122.0,373.0,122.0,30.0,30.0,7,7,0,TRACKING,372.0,121.0,1.414,True
SCN_012,667,22.2,TGT_002,DECOY_TARGET,true,553.0,280.0,553.0,280.0,0.0,0.0,667,667,0,TRACKING,552.0,279.0,1.414,False
SCN_012,667,22.2,TGT_003,DECOY_TARGET,true,441.5,220.5,441.5,220.5,0.0,0.0,667,667,0,TRACKING,440.5,219.5,1.414,False
SCN_012,668,22.2333,TGT_001,COMMUNICATION_TARGET,true,374.0,122.0,374.0,122.0,30.0,0.0,8,8,0,TRACKING,373.0,121.0,1.414,True
SCN_012,668,22.2333,TGT_002,DECOY_TARGET,true,554.0,280.0,554.0,280.0,30.0,0.0,668,668,0,TRACKING,553.0,279.0,1.414,False
SCN_012,668,22.2333,TGT_003,DECOY_TARGET,true,441.5,220.5,441.5,220.5,0.0,0.0,668,668,0,TRACKING,440.5,219.5,1.414,False
SCN_012,669,22.2667,TGT_001,COMMUNICATION_TARGET,true,375.0,123.0,375.0,123.0,30.0,30.0,9,9,0,TRACKING,374.0,122.0,1.414,True
SCN_012,669,22.2667,TGT_002,DECOY_TARGET,true,555.0,280.0,555.0,280.0,30.0,0.0,669,669,0,TRACKING,554.0,279.0,1.414,False
SCN_012,669,22.2667,TGT_003,DECOY_TARGET,true,441.5,221.5,441.5,221.5,0.0,30.0,669,669,0,TRACKING,440.5,220.5,1.414,False
SCN_012,670,22.3,TGT_001,COMMUNICATION_TARGET,true,376.0,123.0,376.0,123.0,30.0,0.0,10,10,0,TRACKING,375.0,122.0,1.414,True
SCN_012,670,22.3,TGT_002,DECOY_TARGET,true,555.0,280.0,555.0,280.0,0.0,0.0,670,670,0,TRACKING,554.0,279.0,1.414,False
SCN_012,670,22.3,TGT_003,DECOY_TARGET,true,441.5,221.5,441.5,221.5,0.0,0.0,670,670,0,TRACKING,440.5,220.5,1.414,False
SCN_012,671,22.3333,TGT_001,COMMUNICATION_TARGET,true,377.0,123.0,377.0,123.0,30.0,0.0,11,11,0,TRACKING,376.0,122.0,1.414,True
SCN_012,671,22.3333,TGT_002,DECOY_TARGET,true,556.0,280.0,556.0,280.0,30.0,0.0,671,671,0,TRACKING,555.0,279.0,1.414,False
SCN_012,671,22.3333,TGT_003,DECOY_TARGET,true,441.5,221.5,441.5,221.5,0.0,0.0,671,671,0,TRACKING,440.5,220.5,1.414,False
SCN_012,672,22.3667,TGT_001,COMMUNICATION_TARGET,true,377.0,124.0,377.0,124.0,0.0,30.0,12,12,0,TRACKING,376.0,123.0,1.414,True
SCN_012,672,22.3667,TGT_002,DECOY_TARGET,true,557.0,280.0,557.0,280.0,30.0,0.0,672,672,0,TRACKING,556.0,279.0,1.414,False
SCN_012,672,22.3667,TGT_003,DECOY_TARGET,true,441.5,221.5,441.5,221.5,0.0,0.0,672,672,0,TRACKING,440.5,220.5,1.414,False
SCN_012,673,22.4,TGT_001,COMMUNICATION_TARGET,true,378.0,124.0,378.0,124.0,30.0,0.0,13,13,0,TRACKING,377.0,123.0,1.414,True
SCN_012,673,22.4,TGT_002,DECOY_TARGET,true,557.0,280.0,557.0,280.0,0.0,0.0,673,673,0,TRACKING,556.0,279.0,1.414,False
SCN_012,673,22.4,TGT_003,DECOY_TARGET,true,441.5,221.5,441.5,221.5,0.0,0.0,673,673,0,TRACKING,440.5,220.5,1.414,False
SCN_012,674,22.4333,TGT_001,COMMUNICATION_TARGET,true,379.0,125.0,379.0,125.0,30.0,30.0,14,14,0,TRACKING,378.0,124.0,1.414,True
SCN_012,674,22.4333,TGT_002,DECOY_TARGET,true,558.0,280.0,558.0,280.0,30.0,0.0,674,674,0,TRACKING,557.0,279.0,1.414,False
SCN_012,674,22.4333,TGT_003,DECOY_TARGET,true,441.5,221.5,441.5,221.5,0.0,0.0,674,674,0,TRACKING,440.5,220.5,1.414,False
SCN_012,675,22.4667,TGT_001,COMMUNICATION_TARGET,true,380.0,125.0,380.0,125.0,30.0,0.0,15,15,0,TRACKING,379.0,124.0,1.414,True
SCN_012,675,22.4667,TGT_002,DECOY_TARGET,true,559.0,280.0,559.0,280.0,30.0,0.0,675,675,0,TRACKING,558.0,279.0,1.414,False
SCN_012,675,22.4667,TGT_003,DECOY_TARGET,true,441.5,221.5,441.5,221.5,0.0,0.0,675,675,0,TRACKING,440.5,220.5,1.414,False
SCN_012,676,22.5,TGT_001,COMMUNICATION_TARGET,true,381.0,126.0,381.0,126.0,30.0,30.0,16,16,0,TRACKING,380.0,125.0,1.414,True
SCN_012,676,22.5,TGT_002,DECOY_TARGET,true,559.0,280.0,559.0,280.0,0.0,0.0,676,676,0,TRACKING,558.0,279.0,1.414,False
SCN_012,676,22.5,TGT_003,DECOY_TARGET,true,441.5,221.5,441.5,221.5,0.0,0.0,676,676,0,TRACKING,440.5,220.5,1.414,False
SCN_012,677,22.5333,TGT_001,COMMUNICATION_TARGET,true,382.0,126.0,382.0,126.0,30.0,0.0,17,17,0,TRACKING,381.0,125.0,1.414,True
SCN_012,677,22.5333,TGT_002,DECOY_TARGET,true,560.0,280.0,560.0,280.0,30.0,0.0,677,677,0,TRACKING,559.0,279.0,1.414,False
SCN_012,677,22.5333,TGT_003,DECOY_TARGET,true,441.5,221.5,441.5,221.5,0.0,0.0,677,677,0,TRACKING,440.5,220.5,1.414,False
SCN_012,678,22.5667,TGT_001,COMMUNICATION_TARGET,true,383.0,127.0,383.0,127.0,30.0,30.0,18,18,0,TRACKING,382.0,126.0,1.414,True
SCN_012,678,22.5667,TGT_002,DECOY_TARGET,true,561.0,280.0,561.0,280.0,30.0,0.0,678,678,0,TRACKING,560.0,279.0,1.414,False
SCN_012,678,22.5667,TGT_003,DECOY_TARGET,true,440.5,221.5,440.5,221.5,-30.0,0.0,678,678,0,TRACKING,439.5,220.5,1.414,False
SCN_012,679,22.6,TGT_001,COMMUNICATION_TARGET,true,384.0,127.0,384.0,127.0,30.0,0.0,19,19,0,TRACKING,383.0,126.0,1.414,True
SCN_012,679,22.6,TGT_002,DECOY_TARGET,true,561.0,280.0,561.0,280.0,0.0,0.0,679,679,0,TRACKING,560.0,279.0,1.414,False
SCN_012,679,22.6,TGT_003,DECOY_TARGET,true,440.5,221.5,440.5,221.5,0.0,0.0,679,679,0,TRACKING,439.5,220.5,1.414,False
SCN_012,680,22.6333,TGT_001,COMMUNICATION_TARGET,true,385.0,128.0,385.0,128.0,30.0,30.0,20,20,0,TRACKING,384.0,127.0,1.414,True
SCN_012,680,22.6333,TGT_002,DECOY_TARGET,true,562.0,280.0,562.0,280.0,30.0,0.0,680,680,0,TRACKING,561.0,279.0,1.414,False
SCN_012,680,22.6333,TGT_003,DECOY_TARGET,true,440.5,221.5,440.5,221.5,0.0,0.0,680,680,0,TRACKING,439.5,220.5,1.414,False
SCN_012,681,22.6667,TGT_001,COMMUNICATION_TARGET,true,385.0,128.0,385.0,128.0,0.0,0.0,21,21,0,TRACKING,384.0,127.0,1.414,True
SCN_012,681,22.6667,TGT_002,DECOY_TARGET,true,563.0,281.0,563.0,281.0,30.0,30.0,681,681,0,TRACKING,562.0,280.0,1.414,False
SCN_012,681,22.6667,TGT_003,DECOY_TARGET,true,440.5,221.5,440.5,221.5,0.0,0.0,681,681,0,TRACKING,439.5,220.5,1.414,False
SCN_012,682,22.7,TGT_001,COMMUNICATION_TARGET,true,386.0,129.0,386.0,129.0,30.0,30.0,22,22,0,TRACKING,385.0,128.0,1.414,True
SCN_012,682,22.7,TGT_002,DECOY_TARGET,true,563.0,281.0,563.0,281.0,0.0,0.0,682,682,0,TRACKING,562.0,280.0,1.414,False
SCN_012,682,22.7,TGT_003,DECOY_TARGET,true,440.5,221.5,440.5,221.5,0.0,0.0,682,682,0,TRACKING,439.5,220.5,1.414,False
SCN_012,683,22.7333,TGT_001,COMMUNICATION_TARGET,true,387.0,129.0,387.0,129.0,30.0,0.0,23,23,0,TRACKING,386.0,128.0,1.414,True
SCN_012,683,22.7333,TGT_002,DECOY_TARGET,true,564.0,281.0,564.0,281.0,30.0,0.0,683,683,0,TRACKING,563.0,280.0,1.414,False
SCN_012,683,22.7333,TGT_003,DECOY_TARGET,true,440.5,221.5,440.5,221.5,0.0,0.0,683,683,0,TRACKING,439.5,220.5,1.414,False
SCN_012,684,22.7667,TGT_001,COMMUNICATION_TARGET,true,388.0,130.0,388.0,130.0,30.0,30.0,24,24,0,TRACKING,387.0,129.0,1.414,True
SCN_012,684,22.7667,TGT_002,DECOY_TARGET,true,565.0,281.0,565.0,281.0,30.0,0.0,684,684,0,TRACKING,564.0,280.0,1.414,False
SCN_012,684,22.7667,TGT_003,DECOY_TARGET,true,440.5,221.5,440.5,221.5,0.0,0.0,684,684,0,TRACKING,439.5,220.5,1.414,False
SCN_012,685,22.8,TGT_001,COMMUNICATION_TARGET,true,389.0,130.0,389.0,130.0,30.0,0.0,25,25,0,TRACKING,388.0,129.0,1.414,True
SCN_012,685,22.8,TGT_002,DECOY_TARGET,true,565.0,281.0,565.0,281.0,0.0,0.0,685,685,0,TRACKING,564.0,280.0,1.414,False
SCN_012,685,22.8,TGT_003,DECOY_TARGET,true,440.5,221.5,440.5,221.5,0.0,0.0,685,685,0,TRACKING,439.5,220.5,1.414,False
SCN_012,686,22.8333,TGT_001,COMMUNICATION_TARGET,true,390.0,131.0,390.0,131.0,30.0,30.0,26,26,0,TRACKING,389.0,130.0,1.414,True
SCN_012,686,22.8333,TGT_002,DECOY_TARGET,true,566.0,281.0,566.0,281.0,30.0,0.0,686,686,0,TRACKING,565.0,280.0,1.414,False
SCN_012,686,22.8333,TGT_003,DECOY_TARGET,true,440.5,221.5,440.5,221.5,0.0,0.0,686,686,0,TRACKING,439.5,220.5,1.414,False
SCN_012,687,22.8667,TGT_001,COMMUNICATION_TARGET,true,391.0,131.0,391.0,131.0,30.0,0.0,27,27,0,TRACKING,390.0,130.0,1.414,True
SCN_012,687,22.8667,TGT_002,DECOY_TARGET,true,567.0,281.0,567.0,281.0,30.0,0.0,687,687,0,TRACKING,566.0,280.0,1.414,False
SCN_012,687,22.8667,TGT_003,DECOY_TARGET,true,440.5,221.5,440.5,221.5,0.0,0.0,687,687,0,TRACKING,439.5,220.5,1.414,False
SCN_012,688,22.9,TGT_001,COMMUNICATION_TARGET,true,391.0,132.0,391.0,132.0,0.0,30.0,28,28,0,TRACKING,390.0,131.0,1.414,True
SCN_012,688,22.9,TGT_002,DECOY_TARGET,true,567.0,281.0,567.0,281.0,0.0,0.0,688,688,0,TRACKING,566.0,280.0,1.414,False
SCN_012,688,22.9,TGT_003,DECOY_TARGET,true,440.5,221.5,440.5,221.5,0.0,0.0,688,688,0,TRACKING,439.5,220.5,1.414,False
SCN_012,689,22.9333,TGT_001,COMMUNICATION_TARGET,true,392.0,132.0,392.0,132.0,30.0,0.0,29,29,0,TRACKING,391.0,131.0,1.414,True
SCN_012,689,22.9333,TGT_002,DECOY_TARGET,true,568.0,281.0,568.0,281.0,30.0,0.0,689,689,0,TRACKING,567.0,280.0,1.414,False
SCN_012,689,22.9333,TGT_003,DECOY_TARGET,true,440.5,220.5,440.5,220.5,0.0,-30.0,689,689,0,TRACKING,439.5,219.5,1.414,False
SCN_012,690,22.9667,TGT_001,COMMUNICATION_TARGET,true,393.0,133.0,393.0,133.0,30.0,30.0,30,30,0,TRACKING,392.0,132.0,1.414,True
SCN_012,690,22.9667,TGT_002,DECOY_TARGET,true,569.0,281.0,569.0,281.0,30.0,0.0,690,690,0,TRACKING,568.0,280.0,1.414,False
SCN_012,690,22.9667,TGT_003,DECOY_TARGET,true,440.5,220.5,440.5,220.5,0.0,0.0,690,690,0,TRACKING,439.5,219.5,1.414,False
SCN_012,691,23.0,TGT_001,COMMUNICATION_TARGET,true,394.0,133.0,394.0,133.0,30.0,0.0,31,31,0,TRACKING,393.0,132.0,1.414,True
SCN_012,691,23.0,TGT_002,DECOY_TARGET,true,569.0,281.0,569.0,281.0,0.0,0.0,691,691,0,TRACKING,568.0,280.0,1.414,False
SCN_012,691,23.0,TGT_003,DECOY_TARGET,true,440.5,220.5,440.5,220.5,0.0,0.0,691,691,0,TRACKING,439.5,219.5,1.414,False
SCN_012,692,23.0333,TGT_001,COMMUNICATION_TARGET,true,395.0,134.0,395.0,134.0,30.0,30.0,32,32,0,TRACKING,394.0,133.0,1.414,True
SCN_012,692,23.0333,TGT_002,DECOY_TARGET,true,570.0,281.0,570.0,281.0,30.0,0.0,692,692,0,TRACKING,569.0,280.0,1.414,False
SCN_012,692,23.0333,TGT_003,DECOY_TARGET,true,440.5,220.5,440.5,220.5,0.0,0.0,692,692,0,TRACKING,439.5,219.5,1.414,False
SCN_012,693,23.0667,TGT_001,COMMUNICATION_TARGET,true,396.0,134.0,396.0,134.0,30.0,0.0,33,33,0,TRACKING,395.0,133.0,1.414,True
SCN_012,693,23.0667,TGT_002,DECOY_TARGET,true,571.0,281.0,571.0,281.0,30.0,0.0,693,693,0,TRACKING,570.0,280.0,1.414,False
SCN_012,693,23.0667,TGT_003,DECOY_TARGET,true,440.5,220.5,440.5,220.5,0.0,0.0,693,693,0,TRACKING,439.5,219.5,1.414,False
SCN_012,694,23.1,TGT_001,COMMUNICATION_TARGET,true,396.0,135.0,396.0,135.0,0.0,30.0,34,34,0,TRACKING,395.0,134.0,1.414,True
SCN_012,694,23.1,TGT_002,DECOY_TARGET,true,571.0,281.0,571.0,281.0,0.0,0.0,694,694,0,TRACKING,570.0,280.0,1.414,False
SCN_012,694,23.1,TGT_003,DECOY_TARGET,true,440.5,220.5,440.5,220.5,0.0,0.0,694,694,0,TRACKING,439.5,219.5,1.414,False
SCN_012,695,23.1333,TGT_001,COMMUNICATION_TARGET,true,397.0,136.0,397.0,136.0,30.0,30.0,35,35,0,TRACKING,396.0,135.0,1.414,True
SCN_012,695,23.1333,TGT_002,DECOY_TARGET,true,572.0,281.0,572.0,281.0,30.0,0.0,695,695,0,TRACKING,571.0,280.0,1.414,False
SCN_012,695,23.1333,TGT_003,DECOY_TARGET,true,440.5,220.5,440.5,220.5,0.0,0.0,695,695,0,TRACKING,439.5,219.5,1.414,False
SCN_012,696,23.1667,TGT_001,COMMUNICATION_TARGET,true,398.0,136.0,398.0,136.0,30.0,0.0,36,36,0,TRACKING,397.0,135.0,1.414,True
SCN_012,696,23.1667,TGT_002,DECOY_TARGET,true,573.0,281.0,573.0,281.0,30.0,0.0,696,696,0,TRACKING,572.0,280.0,1.414,False
SCN_012,696,23.1667,TGT_003,DECOY_TARGET,true,440.5,220.5,440.5,220.5,0.0,0.0,696,696,0,TRACKING,439.5,219.5,1.414,False
SCN_012,697,23.2,TGT_001,COMMUNICATION_TARGET,true,399.0,137.0,399.0,137.0,30.0,30.0,37,37,0,TRACKING,398.0,136.0,1.414,True
SCN_012,697,23.2,TGT_002,DECOY_TARGET,true,573.0,281.0,573.0,281.0,0.0,0.0,697,697,0,TRACKING,572.0,280.0,1.414,False
SCN_012,697,23.2,TGT_003,DECOY_TARGET,true,440.5,220.5,440.5,220.5,0.0,0.0,697,697,0,TRACKING,439.5,219.5,1.414,False
SCN_012,698,23.2333,TGT_001,COMMUNICATION_TARGET,true,400.0,137.0,400.0,137.0,30.0,0.0,38,38,0,TRACKING,399.0,136.0,1.414,True
SCN_012,698,23.2333,TGT_002,DECOY_TARGET,true,574.0,281.0,574.0,281.0,30.0,0.0,698,698,0,TRACKING,573.0,280.0,1.414,False
SCN_012,698,23.2333,TGT_003,DECOY_TARGET,true,440.5,220.5,440.5,220.5,0.0,0.0,698,698,0,TRACKING,439.5,219.5,1.414,False
SCN_012,699,23.2667,TGT_001,COMMUNICATION_TARGET,true,400.0,138.0,400.0,138.0,0.0,30.0,39,39,0,TRACKING,399.0,137.0,1.414,True
SCN_012,699,23.2667,TGT_002,DECOY_TARGET,true,575.0,282.0,575.0,282.0,30.0,30.0,699,699,0,TRACKING,574.0,281.0,1.414,False
SCN_012,699,23.2667,TGT_003,DECOY_TARGET,true,440.5,220.5,440.5,220.5,0.0,0.0,699,699,0,TRACKING,439.5,219.5,1.414,False
SCN_012,700,23.3,TGT_001,COMMUNICATION_TARGET,true,401.0,139.0,401.0,139.0,30.0,30.0,40,40,0,TRACKING,400.0,138.0,1.414,True
SCN_012,700,23.3,TGT_002,DECOY_TARGET,true,575.0,282.0,575.0,282.0,0.0,0.0,700,700,0,TRACKING,574.0,281.0,1.414,False
SCN_012,700,23.3,TGT_003,DECOY_TARGET,true,440.5,220.5,440.5,220.5,0.0,0.0,700,700,0,TRACKING,439.5,219.5,1.414,False
SCN_012,701,23.3333,TGT_001,COMMUNICATION_TARGET,true,402.0,139.0,402.0,139.0,30.0,0.0,41,41,0,TRACKING,401.0,138.0,1.414,True
SCN_012,701,23.3333,TGT_002,DECOY_TARGET,true,576.0,282.0,576.0,282.0,30.0,0.0,701,701,0,TRACKING,575.0,281.0,1.414,False
SCN_012,701,23.3333,TGT_003,DECOY_TARGET,true,440.5,220.5,440.5,220.5,0.0,0.0,701,701,0,TRACKING,439.5,219.5,1.414,False
SCN_012,702,23.3667,TGT_001,COMMUNICATION_TARGET,true,403.0,140.0,403.0,140.0,30.0,30.0,42,42,0,TRACKING,402.0,139.0,1.414,True
SCN_012,702,23.3667,TGT_002,DECOY_TARGET,true,577.0,282.0,577.0,282.0,30.0,0.0,702,702,0,TRACKING,576.0,281.0,1.414,False
SCN_012,702,23.3667,TGT_003,DECOY_TARGET,true,440.5,220.5,440.5,220.5,0.0,0.0,702,702,0,TRACKING,439.5,219.5,1.414,False
SCN_012,703,23.4,TGT_001,COMMUNICATION_TARGET,true,404.0,141.0,404.0,141.0,30.0,30.0,43,43,0,TRACKING,403.0,140.0,1.414,True
SCN_012,703,23.4,TGT_002,DECOY_TARGET,true,577.0,282.0,577.0,282.0,0.0,0.0,703,703,0,TRACKING,576.0,281.0,1.414,False
SCN_012,703,23.4,TGT_003,DECOY_TARGET,true,440.5,220.5,440.5,220.5,0.0,0.0,703,703,0,TRACKING,439.5,219.5,1.414,False
SCN_012,704,23.4333,TGT_001,COMMUNICATION_TARGET,true,404.0,141.0,404.0,141.0,0.0,0.0,44,44,0,TRACKING,403.0,140.0,1.414,True
SCN_012,704,23.4333,TGT_002,DECOY_TARGET,true,578.0,282.0,578.0,282.0,30.0,0.0,704,704,0,TRACKING,577.0,281.0,1.414,False
SCN_012,704,23.4333,TGT_003,DECOY_TARGET,true,440.5,220.5,440.5,220.5,0.0,0.0,704,704,0,TRACKING,439.5,219.5,1.414,False
SCN_012,705,23.4667,TGT_001,COMMUNICATION_TARGET,true,405.0,142.0,405.0,142.0,30.0,30.0,45,45,0,TRACKING,404.0,141.0,1.414,True
SCN_012,705,23.4667,TGT_002,DECOY_TARGET,true,579.0,282.0,579.0,282.0,30.0,0.0,705,705,0,TRACKING,578.0,281.0,1.414,False
SCN_012,705,23.4667,TGT_003,DECOY_TARGET,true,440.5,220.5,440.5,220.5,0.0,0.0,705,705,0,TRACKING,439.5,219.5,1.414,False
SCN_012,706,23.5,TGT_001,COMMUNICATION_TARGET,true,406.0,142.0,406.0,142.0,30.0,0.0,46,46,0,TRACKING,405.0,141.0,1.414,True
SCN_012,706,23.5,TGT_002,DECOY_TARGET,true,579.0,282.0,579.0,282.0,0.0,0.0,706,706,0,TRACKING,578.0,281.0,1.414,False
SCN_012,706,23.5,TGT_003,DECOY_TARGET,true,440.5,220.5,440.5,220.5,0.0,0.0,706,706,0,TRACKING,439.5,219.5,1.414,False
SCN_012,707,23.5333,TGT_001,COMMUNICATION_TARGET,true,407.0,143.0,407.0,143.0,30.0,30.0,47,47,0,TRACKING,406.0,142.0,1.414,True
SCN_012,707,23.5333,TGT_002,DECOY_TARGET,true,580.0,282.0,580.0,282.0,30.0,0.0,707,707,0,TRACKING,579.0,281.0,1.414,False
SCN_012,707,23.5333,TGT_003,DECOY_TARGET,true,440.5,220.5,440.5,220.5,0.0,0.0,707,707,0,TRACKING,439.5,219.5,1.414,False
SCN_012,708,23.5667,TGT_001,COMMUNICATION_TARGET,true,407.0,144.0,407.0,144.0,0.0,30.0,48,48,0,TRACKING,406.0,143.0,1.414,True
SCN_012,708,23.5667,TGT_002,DECOY_TARGET,true,581.0,282.0,581.0,282.0,30.0,0.0,708,708,0,TRACKING,580.0,281.0,1.414,False
SCN_012,708,23.5667,TGT_003,DECOY_TARGET,true,440.5,220.5,440.5,220.5,0.0,0.0,708,708,0,TRACKING,439.5,219.5,1.414,False
SCN_012,709,23.6,TGT_001,COMMUNICATION_TARGET,true,408.0,144.0,408.0,144.0,30.0,0.0,49,49,0,TRACKING,407.0,143.0,1.414,True
SCN_012,709,23.6,TGT_002,DECOY_TARGET,true,581.0,282.0,581.0,282.0,0.0,0.0,709,709,0,TRACKING,580.0,281.0,1.414,False
SCN_012,709,23.6,TGT_003,DECOY_TARGET,true,440.5,220.5,440.5,220.5,0.0,0.0,709,709,0,TRACKING,439.5,219.5,1.414,False
SCN_012,710,23.6333,TGT_001,COMMUNICATION_TARGET,true,409.0,145.0,409.0,145.0,30.0,30.0,50,50,0,TRACKING,408.0,144.0,1.414,True
SCN_012,710,23.6333,TGT_002,DECOY_TARGET,true,582.0,282.0,582.0,282.0,30.0,0.0,710,710,0,TRACKING,581.0,281.0,1.414,False
SCN_012,710,23.6333,TGT_003,DECOY_TARGET,true,440.5,220.5,440.5,220.5,0.0,0.0,710,710,0,TRACKING,439.5,219.5,1.414,False
SCN_012,711,23.6667,TGT_001,COMMUNICATION_TARGET,true,410.0,146.0,410.0,146.0,30.0,30.0,51,51,0,TRACKING,409.0,145.0,1.414,True
SCN_012,711,23.6667,TGT_002,DECOY_TARGET,true,583.0,282.0,583.0,282.0,30.0,0.0,711,711,0,TRACKING,582.0,281.0,1.414,False
SCN_012,711,23.6667,TGT_003,DECOY_TARGET,true,440.5,220.5,440.5,220.5,0.0,0.0,711,711,0,TRACKING,439.5,219.5,1.414,False
SCN_012,712,23.7,TGT_001,COMMUNICATION_TARGET,true,410.0,146.0,410.0,146.0,0.0,0.0,52,52,0,TRACKING,409.0,145.0,1.414,True
SCN_012,712,23.7,TGT_002,DECOY_TARGET,true,583.0,282.0,583.0,282.0,0.0,0.0,712,712,0,TRACKING,582.0,281.0,1.414,False
SCN_012,712,23.7,TGT_003,DECOY_TARGET,true,440.5,220.5,440.5,220.5,0.0,0.0,712,712,0,TRACKING,439.5,219.5,1.414,False
SCN_012,713,23.7333,TGT_001,COMMUNICATION_TARGET,true,411.0,147.0,411.0,147.0,30.0,30.0,53,53,0,TRACKING,410.0,146.0,1.414,True
SCN_012,713,23.7333,TGT_002,DECOY_TARGET,true,584.0,282.0,584.0,282.0,30.0,0.0,713,713,0,TRACKING,583.0,281.0,1.414,False
SCN_012,713,23.7333,TGT_003,DECOY_TARGET,true,440.5,220.5,440.5,220.5,0.0,0.0,713,713,0,TRACKING,439.5,219.5,1.414,False
SCN_012,714,23.7667,TGT_001,COMMUNICATION_TARGET,true,412.0,148.0,412.0,148.0,30.0,30.0,54,54,0,TRACKING,411.0,147.0,1.414,True
SCN_012,714,23.7667,TGT_002,DECOY_TARGET,true,585.0,282.0,585.0,282.0,30.0,0.0,714,714,0,TRACKING,584.0,281.0,1.414,False
SCN_012,714,23.7667,TGT_003,DECOY_TARGET,true,440.5,220.5,440.5,220.5,0.0,0.0,714,714,0,TRACKING,439.5,219.5,1.414,False
SCN_012,715,23.8,TGT_001,COMMUNICATION_TARGET,true,412.0,149.0,412.0,149.0,0.0,30.0,55,55,0,TRACKING,411.0,148.0,1.414,True
SCN_012,715,23.8,TGT_002,DECOY_TARGET,true,585.0,282.0,585.0,282.0,0.0,0.0,715,715,0,TRACKING,584.0,281.0,1.414,False
SCN_012,715,23.8,TGT_003,DECOY_TARGET,true,440.5,220.5,440.5,220.5,0.0,0.0,715,715,0,TRACKING,439.5,219.5,1.414,False
SCN_012,716,23.8333,TGT_001,COMMUNICATION_TARGET,true,413.0,149.0,413.0,149.0,30.0,0.0,56,56,0,TRACKING,412.0,148.0,1.414,True
SCN_012,716,23.8333,TGT_002,DECOY_TARGET,true,586.0,283.0,586.0,283.0,30.0,30.0,716,716,0,TRACKING,585.0,282.0,1.414,False
SCN_012,716,23.8333,TGT_003,DECOY_TARGET,true,440.5,220.5,440.5,220.5,0.0,0.0,716,716,0,TRACKING,439.5,219.5,1.414,False
SCN_012,717,23.8667,TGT_001,COMMUNICATION_TARGET,true,414.0,150.0,414.0,150.0,30.0,30.0,57,57,0,TRACKING,413.0,149.0,1.414,True
SCN_012,717,23.8667,TGT_002,DECOY_TARGET,true,587.0,283.0,587.0,283.0,30.0,0.0,717,717,0,TRACKING,586.0,282.0,1.414,False
SCN_012,717,23.8667,TGT_003,DECOY_TARGET,true,440.5,220.5,440.5,220.5,0.0,0.0,717,717,0,TRACKING,439.5,219.5,1.414,False
SCN_012,718,23.9,TGT_001,COMMUNICATION_TARGET,true,415.0,151.0,415.0,151.0,30.0,30.0,58,58,0,TRACKING,414.0,150.0,1.414,True
SCN_012,718,23.9,TGT_002,DECOY_TARGET,true,587.0,283.0,587.0,283.0,0.0,0.0,718,718,0,TRACKING,586.0,282.0,1.414,False
SCN_012,718,23.9,TGT_003,DECOY_TARGET,true,440.5,220.5,440.5,220.5,0.0,0.0,718,718,0,TRACKING,439.5,219.5,1.414,False
SCN_012,719,23.9333,TGT_001,COMMUNICATION_TARGET,true,415.0,151.0,415.0,151.0,0.0,0.0,59,59,0,TRACKING,414.0,150.0,1.414,True
SCN_012,719,23.9333,TGT_002,DECOY_TARGET,true,588.0,283.0,588.0,283.0,30.0,0.0,719,719,0,TRACKING,587.0,282.0,1.414,False
SCN_012,719,23.9333,TGT_003,DECOY_TARGET,true,440.5,220.5,440.5,220.5,0.0,0.0,719,719,0,TRACKING,439.5,219.5,1.414,False
SCN_012,720,23.9667,TGT_001,COMMUNICATION_TARGET,true,416.0,152.0,416.0,152.0,30.0,30.0,60,60,0,TRACKING,415.0,151.0,1.414,True
SCN_012,720,23.9667,TGT_002,DECOY_TARGET,true,589.0,283.0,589.0,283.0,30.0,0.0,720,720,0,TRACKING,588.0,282.0,1.414,False
SCN_012,720,23.9667,TGT_003,DECOY_TARGET,true,440.5,220.5,440.5,220.5,0.0,0.0,720,720,0,TRACKING,439.5,219.5,1.414,False
SCN_012,721,24.0,TGT_001,COMMUNICATION_TARGET,true,417.0,153.0,417.0,153.0,30.0,30.0,61,61,0,TRACKING,416.0,152.0,1.414,True
SCN_012,721,24.0,TGT_002,DECOY_TARGET,true,589.0,283.0,589.0,283.0,0.0,0.0,721,721,0,TRACKING,588.0,282.0,1.414,False
SCN_012,721,24.0,TGT_003,DECOY_TARGET,true,440.5,220.5,440.5,220.5,0.0,0.0,721,721,0,TRACKING,439.5,219.5,1.414,False
SCN_012,722,24.0333,TGT_001,COMMUNICATION_TARGET,true,417.0,154.0,417.0,154.0,0.0,30.0,62,62,0,TRACKING,416.0,153.0,1.414,True
SCN_012,722,24.0333,TGT_002,DECOY_TARGET,true,590.0,283.0,590.0,283.0,30.0,0.0,722,722,0,TRACKING,589.0,282.0,1.414,False
SCN_012,722,24.0333,TGT_003,DECOY_TARGET,true,440.5,220.5,440.5,220.5,0.0,0.0,722,722,0,TRACKING,439.5,219.5,1.414,False
SCN_012,723,24.0667,TGT_001,COMMUNICATION_TARGET,true,418.0,154.0,418.0,154.0,30.0,0.0,63,63,0,TRACKING,417.0,153.0,1.414,True
SCN_012,723,24.0667,TGT_002,DECOY_TARGET,true,591.0,283.0,591.0,283.0,30.0,0.0,723,723,0,TRACKING,590.0,282.0,1.414,False
SCN_012,723,24.0667,TGT_003,DECOY_TARGET,true,440.5,220.5,440.5,220.5,0.0,0.0,723,723,0,TRACKING,439.5,219.5,1.414,False
SCN_012,724,24.1,TGT_001,COMMUNICATION_TARGET,true,419.0,155.0,419.0,155.0,30.0,30.0,64,64,0,TRACKING,418.0,154.0,1.414,True
SCN_012,724,24.1,TGT_002,DECOY_TARGET,true,591.0,283.0,591.0,283.0,0.0,0.0,724,724,0,TRACKING,590.0,282.0,1.414,False
SCN_012,724,24.1,TGT_003,DECOY_TARGET,true,440.5,220.5,440.5,220.5,0.0,0.0,724,724,0,TRACKING,439.5,219.5,1.414,False
SCN_012,725,24.1333,TGT_001,COMMUNICATION_TARGET,true,419.0,156.0,419.0,156.0,0.0,30.0,65,65,0,TRACKING,418.0,155.0,1.414,True
SCN_012,725,24.1333,TGT_002,DECOY_TARGET,true,592.0,283.0,592.0,283.0,30.0,0.0,725,725,0,TRACKING,591.0,282.0,1.414,False
SCN_012,725,24.1333,TGT_003,DECOY_TARGET,true,440.5,220.5,440.5,220.5,0.0,0.0,725,725,0,TRACKING,439.5,219.5,1.414,False
SCN_012,726,24.1667,TGT_001,COMMUNICATION_TARGET,true,420.0,157.0,420.0,157.0,30.0,30.0,66,66,0,TRACKING,419.0,156.0,1.414,True
SCN_012,726,24.1667,TGT_002,DECOY_TARGET,true,592.0,283.0,592.0,283.0,0.0,0.0,726,726,0,TRACKING,591.0,282.0,1.414,False
SCN_012,726,24.1667,TGT_003,DECOY_TARGET,true,440.5,220.5,440.5,220.5,0.0,0.0,726,726,0,TRACKING,439.5,219.5,1.414,False
SCN_012,727,24.2,TGT_001,COMMUNICATION_TARGET,true,421.0,157.0,421.0,157.0,30.0,0.0,67,67,0,TRACKING,420.0,156.0,1.414,True
SCN_012,727,24.2,TGT_002,DECOY_TARGET,true,593.0,283.0,593.0,283.0,30.0,0.0,727,727,0,TRACKING,592.0,282.0,1.414,False
SCN_012,727,24.2,TGT_003,DECOY_TARGET,true,440.5,220.5,440.5,220.5,0.0,0.0,727,727,0,TRACKING,439.5,219.5,1.414,False
SCN_012,728,24.2333,TGT_001,COMMUNICATION_TARGET,true,421.0,158.0,421.0,158.0,0.0,30.0,68,68,0,TRACKING,420.0,157.0,1.414,True
SCN_012,728,24.2333,TGT_002,DECOY_TARGET,true,594.0,283.0,594.0,283.0,30.0,0.0,728,728,0,TRACKING,593.0,282.0,1.414,False
SCN_012,728,24.2333,TGT_003,DECOY_TARGET,true,441.5,220.5,441.5,220.5,30.0,0.0,728,728,0,TRACKING,440.5,219.5,1.414,False
SCN_012,729,24.2667,TGT_001,COMMUNICATION_TARGET,true,422.0,159.0,422.0,159.0,30.0,30.0,69,69,0,TRACKING,421.0,158.0,1.414,True
SCN_012,729,24.2667,TGT_002,DECOY_TARGET,true,594.0,283.0,594.0,283.0,0.0,0.0,729,729,0,TRACKING,593.0,282.0,1.414,False
SCN_012,729,24.2667,TGT_003,DECOY_TARGET,true,441.5,220.5,441.5,220.5,0.0,0.0,729,729,0,TRACKING,440.5,219.5,1.414,False
SCN_012,730,24.3,TGT_001,COMMUNICATION_TARGET,true,422.0,160.0,422.0,160.0,0.0,30.0,70,70,0,TRACKING,421.0,159.0,1.414,True
SCN_012,730,24.3,TGT_002,DECOY_TARGET,true,595.0,283.0,595.0,283.0,30.0,0.0,730,730,0,TRACKING,594.0,282.0,1.414,False
SCN_012,730,24.3,TGT_003,DECOY_TARGET,true,441.5,220.5,441.5,220.5,0.0,0.0,730,730,0,TRACKING,440.5,219.5,1.414,False
SCN_012,731,24.3333,TGT_001,COMMUNICATION_TARGET,true,423.0,160.0,423.0,160.0,30.0,0.0,71,71,0,TRACKING,422.0,159.0,1.414,True
SCN_012,731,24.3333,TGT_002,DECOY_TARGET,true,596.0,283.0,596.0,283.0,30.0,0.0,731,731,0,TRACKING,595.0,282.0,1.414,False
SCN_012,731,24.3333,TGT_003,DECOY_TARGET,true,441.5,220.5,441.5,220.5,0.0,0.0,731,731,0,TRACKING,440.5,219.5,1.414,False
SCN_012,732,24.3667,TGT_001,COMMUNICATION_TARGET,true,424.0,161.0,424.0,161.0,30.0,30.0,72,72,0,TRACKING,423.0,160.0,1.414,True
SCN_012,732,24.3667,TGT_002,DECOY_TARGET,true,596.0,283.0,596.0,283.0,0.0,0.0,732,732,0,TRACKING,595.0,282.0,1.414,False
SCN_012,732,24.3667,TGT_003,DECOY_TARGET,true,441.5,220.5,441.5,220.5,0.0,0.0,732,732,0,TRACKING,440.5,219.5,1.414,False
SCN_012,733,24.4,TGT_001,COMMUNICATION_TARGET,true,424.0,162.0,424.0,162.0,0.0,30.0,73,73,0,TRACKING,423.0,161.0,1.414,True
SCN_012,733,24.4,TGT_002,DECOY_TARGET,true,597.0,284.0,597.0,284.0,30.0,30.0,733,733,0,TRACKING,596.0,283.0,1.414,False
SCN_012,733,24.4,TGT_003,DECOY_TARGET,true,441.5,220.5,441.5,220.5,0.0,0.0,733,733,0,TRACKING,440.5,219.5,1.414,False
SCN_012,734,24.4333,TGT_001,COMMUNICATION_TARGET,true,425.0,163.0,425.0,163.0,30.0,30.0,74,74,0,TRACKING,424.0,162.0,1.414,True
SCN_012,734,24.4333,TGT_002,DECOY_TARGET,true,598.0,284.0,598.0,284.0,30.0,0.0,734,734,0,TRACKING,597.0,283.0,1.414,False
SCN_012,734,24.4333,TGT_003,DECOY_TARGET,true,441.5,220.5,441.5,220.5,0.0,0.0,734,734,0,TRACKING,440.5,219.5,1.414,False
SCN_012,735,24.4667,TGT_001,COMMUNICATION_TARGET,true,426.0,164.0,426.0,164.0,30.0,30.0,75,75,0,TRACKING,425.0,163.0,1.414,True
SCN_012,735,24.4667,TGT_002,DECOY_TARGET,true,598.0,284.0,598.0,284.0,0.0,0.0,735,735,0,TRACKING,597.0,283.0,1.414,False
SCN_012,735,24.4667,TGT_003,DECOY_TARGET,true,441.5,220.5,441.5,220.5,0.0,0.0,735,735,0,TRACKING,440.5,219.5,1.414,False
SCN_012,736,24.5,TGT_001,COMMUNICATION_TARGET,true,426.0,164.0,426.0,164.0,0.0,0.0,76,76,0,TRACKING,425.0,163.0,1.414,True
SCN_012,736,24.5,TGT_002,DECOY_TARGET,true,599.0,284.0,599.0,284.0,30.0,0.0,736,736,0,TRACKING,598.0,283.0,1.414,False
SCN_012,736,24.5,TGT_003,DECOY_TARGET,true,441.5,220.5,441.5,220.5,0.0,0.0,736,736,0,TRACKING,440.5,219.5,1.414,False
SCN_012,737,24.5333,TGT_001,COMMUNICATION_TARGET,true,427.0,165.0,427.0,165.0,30.0,30.0,77,77,0,TRACKING,426.0,164.0,1.414,True
SCN_012,737,24.5333,TGT_002,DECOY_TARGET,true,600.0,284.0,600.0,284.0,30.0,0.0,737,737,0,TRACKING,599.0,283.0,1.414,False
SCN_012,737,24.5333,TGT_003,DECOY_TARGET,true,441.5,220.5,441.5,220.5,0.0,0.0,737,737,0,TRACKING,440.5,219.5,1.414,False
SCN_012,738,24.5667,TGT_001,COMMUNICATION_TARGET,true,427.0,166.0,427.0,166.0,0.0,30.0,78,78,0,TRACKING,426.0,165.0,1.414,True
SCN_012,738,24.5667,TGT_002,DECOY_TARGET,true,600.0,284.0,600.0,284.0,0.0,0.0,738,738,0,TRACKING,599.0,283.0,1.414,False
SCN_012,738,24.5667,TGT_003,DECOY_TARGET,true,441.5,220.5,441.5,220.5,0.0,0.0,738,738,0,TRACKING,440.5,219.5,1.414,False
SCN_012,739,24.6,TGT_001,COMMUNICATION_TARGET,true,428.0,167.0,428.0,167.0,30.0,30.0,79,79,0,TRACKING,427.0,166.0,1.414,True
SCN_012,739,24.6,TGT_002,DECOY_TARGET,true,601.0,284.0,601.0,284.0,30.0,0.0,739,739,0,TRACKING,600.0,283.0,1.414,False
SCN_012,739,24.6,TGT_003,DECOY_TARGET,true,441.5,220.5,441.5,220.5,0.0,0.0,739,739,0,TRACKING,440.5,219.5,1.414,False
SCN_012,740,24.6333,TGT_001,COMMUNICATION_TARGET,true,428.0,168.0,428.0,168.0,0.0,30.0,80,80,0,TRACKING,427.0,167.0,1.414,True
SCN_012,740,24.6333,TGT_002,DECOY_TARGET,true,602.0,284.0,602.0,284.0,30.0,0.0,740,740,0,TRACKING,601.0,283.0,1.414,False
SCN_012,740,24.6333,TGT_003,DECOY_TARGET,true,441.5,221.5,441.5,221.5,0.0,30.0,740,740,0,TRACKING,440.5,220.5,1.414,False
SCN_012,741,24.6667,TGT_001,COMMUNICATION_TARGET,true,429.0,169.0,429.0,169.0,30.0,30.0,81,81,0,TRACKING,428.0,168.0,1.414,True
SCN_012,741,24.6667,TGT_002,DECOY_TARGET,true,602.0,284.0,602.0,284.0,0.0,0.0,741,741,0,TRACKING,601.0,283.0,1.414,False
SCN_012,741,24.6667,TGT_003,DECOY_TARGET,true,441.5,221.5,441.5,221.5,0.0,0.0,741,741,0,TRACKING,440.5,220.5,1.414,False
SCN_012,742,24.7,TGT_001,COMMUNICATION_TARGET,true,430.0,169.0,430.0,169.0,30.0,0.0,82,82,0,TRACKING,429.0,168.0,1.414,True
SCN_012,742,24.7,TGT_002,DECOY_TARGET,true,603.0,284.0,603.0,284.0,30.0,0.0,742,742,0,TRACKING,602.0,283.0,1.414,False
SCN_012,742,24.7,TGT_003,DECOY_TARGET,true,441.5,221.5,441.5,221.5,0.0,0.0,742,742,0,TRACKING,440.5,220.5,1.414,False
SCN_012,743,24.7333,TGT_001,COMMUNICATION_TARGET,true,430.0,170.0,430.0,170.0,0.0,30.0,83,83,0,TRACKING,429.0,169.0,1.414,True
SCN_012,743,24.7333,TGT_002,DECOY_TARGET,true,604.0,284.0,604.0,284.0,30.0,0.0,743,743,0,TRACKING,603.0,283.0,1.414,False
SCN_012,743,24.7333,TGT_003,DECOY_TARGET,true,441.5,221.5,441.5,221.5,0.0,0.0,743,743,0,TRACKING,440.5,220.5,1.414,False
SCN_012,744,24.7667,TGT_001,COMMUNICATION_TARGET,true,431.0,171.0,431.0,171.0,30.0,30.0,84,84,0,TRACKING,430.0,170.0,1.414,True
SCN_012,744,24.7667,TGT_002,DECOY_TARGET,true,604.0,284.0,604.0,284.0,0.0,0.0,744,744,0,TRACKING,603.0,283.0,1.414,False
SCN_012,744,24.7667,TGT_003,DECOY_TARGET,true,441.5,221.5,441.5,221.5,0.0,0.0,744,744,0,TRACKING,440.5,220.5,1.414,False
SCN_012,745,24.8,TGT_001,COMMUNICATION_TARGET,true,431.0,172.0,431.0,172.0,0.0,30.0,85,85,0,TRACKING,430.0,171.0,1.414,True
SCN_012,745,24.8,TGT_002,DECOY_TARGET,true,605.0,284.0,605.0,284.0,30.0,0.0,745,745,0,TRACKING,604.0,283.0,1.414,False
SCN_012,745,24.8,TGT_003,DECOY_TARGET,true,441.5,221.5,441.5,221.5,0.0,0.0,745,745,0,TRACKING,440.5,220.5,1.414,False
SCN_012,746,24.8333,TGT_001,COMMUNICATION_TARGET,true,432.0,173.0,432.0,173.0,30.0,30.0,86,86,0,TRACKING,431.0,172.0,1.414,True
SCN_012,746,24.8333,TGT_002,DECOY_TARGET,true,606.0,284.0,606.0,284.0,30.0,0.0,746,746,0,TRACKING,605.0,283.0,1.414,False
SCN_012,746,24.8333,TGT_003,DECOY_TARGET,true,441.5,221.5,441.5,221.5,0.0,0.0,746,746,0,TRACKING,440.5,220.5,1.414,False
SCN_012,747,24.8667,TGT_001,COMMUNICATION_TARGET,true,432.0,174.0,432.0,174.0,0.0,30.0,87,87,0,TRACKING,431.0,173.0,1.414,True
SCN_012,747,24.8667,TGT_002,DECOY_TARGET,true,606.0,284.0,606.0,284.0,0.0,0.0,747,747,0,TRACKING,605.0,283.0,1.414,False
SCN_012,747,24.8667,TGT_003,DECOY_TARGET,true,441.5,221.5,441.5,221.5,0.0,0.0,747,747,0,TRACKING,440.5,220.5,1.414,False
SCN_012,748,24.9,TGT_001,COMMUNICATION_TARGET,true,433.0,174.0,433.0,174.0,30.0,0.0,88,88,0,TRACKING,432.0,173.0,1.414,True
SCN_012,748,24.9,TGT_002,DECOY_TARGET,true,607.0,284.0,607.0,284.0,30.0,0.0,748,748,0,TRACKING,606.0,283.0,1.414,False
SCN_012,748,24.9,TGT_003,DECOY_TARGET,true,441.5,221.5,441.5,221.5,0.0,0.0,748,748,0,TRACKING,440.5,220.5,1.414,False
SCN_012,749,24.9333,TGT_001,COMMUNICATION_TARGET,true,433.0,175.0,433.0,175.0,0.0,30.0,89,89,0,TRACKING,432.0,174.0,1.414,True
SCN_012,749,24.9333,TGT_002,DECOY_TARGET,true,608.0,284.0,608.0,284.0,30.0,0.0,749,749,0,TRACKING,607.0,283.0,1.414,False
SCN_012,749,24.9333,TGT_003,DECOY_TARGET,true,441.5,221.5,441.5,221.5,0.0,0.0,749,749,0,TRACKING,440.5,220.5,1.414,False
SCN_012,750,24.9667,TGT_001,COMMUNICATION_TARGET,true,434.0,176.0,434.0,176.0,30.0,30.0,90,90,0,TRACKING,433.0,175.0,1.414,True
SCN_012,750,24.9667,TGT_002,DECOY_TARGET,true,608.0,285.0,608.0,285.0,0.0,30.0,750,750,0,TRACKING,607.0,284.0,1.414,False
SCN_012,750,24.9667,TGT_003,DECOY_TARGET,true,441.5,221.5,441.5,221.5,0.0,0.0,750,750,0,TRACKING,440.5,220.5,1.414,False
SCN_012,751,25.0,TGT_001,COMMUNICATION_TARGET,true,434.0,177.0,434.0,177.0,0.0,30.0,91,91,0,TRACKING,433.0,176.0,1.414,True
SCN_012,751,25.0,TGT_002,DECOY_TARGET,true,609.0,285.0,609.0,285.0,30.0,0.0,751,751,0,TRACKING,608.0,284.0,1.414,False
SCN_012,751,25.0,TGT_003,DECOY_TARGET,true,441.5,221.5,441.5,221.5,0.0,0.0,751,751,0,TRACKING,440.5,220.5,1.414,False
SCN_012,752,25.0333,TGT_001,COMMUNICATION_TARGET,true,435.0,178.0,435.0,178.0,30.0,30.0,92,92,0,TRACKING,434.0,177.0,1.414,True
SCN_012,752,25.0333,TGT_002,DECOY_TARGET,true,610.0,285.0,610.0,285.0,30.0,0.0,752,752,0,TRACKING,609.0,284.0,1.414,False
SCN_012,752,25.0333,TGT_003,DECOY_TARGET,true,441.5,221.5,441.5,221.5,0.0,0.0,752,752,0,TRACKING,440.5,220.5,1.414,False
SCN_012,753,25.0667,TGT_001,COMMUNICATION_TARGET,true,435.0,179.0,435.0,179.0,0.0,30.0,93,93,0,TRACKING,434.0,178.0,1.414,True
SCN_012,753,25.0667,TGT_002,DECOY_TARGET,true,610.0,285.0,610.0,285.0,0.0,0.0,753,753,0,TRACKING,609.0,284.0,1.414,False
SCN_012,753,25.0667,TGT_003,DECOY_TARGET,true,441.5,221.5,441.5,221.5,0.0,0.0,753,753,0,TRACKING,440.5,220.5,1.414,False
SCN_012,754,25.1,TGT_001,COMMUNICATION_TARGET,true,436.0,180.0,436.0,180.0,30.0,30.0,94,94,0,TRACKING,435.0,179.0,1.414,True
SCN_012,754,25.1,TGT_002,DECOY_TARGET,true,611.0,285.0,611.0,285.0,30.0,0.0,754,754,0,TRACKING,610.0,284.0,1.414,False
SCN_012,754,25.1,TGT_003,DECOY_TARGET,true,441.5,221.5,441.5,221.5,0.0,0.0,754,754,0,TRACKING,440.5,220.5,1.414,False
SCN_012,755,25.1333,TGT_001,COMMUNICATION_TARGET,true,436.0,181.0,436.0,181.0,0.0,30.0,95,95,0,TRACKING,435.0,180.0,1.414,True
SCN_012,755,25.1333,TGT_002,DECOY_TARGET,true,612.0,285.0,612.0,285.0,30.0,0.0,755,755,0,TRACKING,611.0,284.0,1.414,False
SCN_012,755,25.1333,TGT_003,DECOY_TARGET,true,441.5,221.5,441.5,221.5,0.0,0.0,755,755,0,TRACKING,440.5,220.5,1.414,False
SCN_012,756,25.1667,TGT_001,COMMUNICATION_TARGET,true,437.0,181.0,437.0,181.0,30.0,0.0,96,96,0,TRACKING,436.0,180.0,1.414,True
SCN_012,756,25.1667,TGT_002,DECOY_TARGET,true,612.0,285.0,612.0,285.0,0.0,0.0,756,756,0,TRACKING,611.0,284.0,1.414,False
SCN_012,756,25.1667,TGT_003,DECOY_TARGET,true,441.5,221.5,441.5,221.5,0.0,0.0,756,756,0,TRACKING,440.5,220.5,1.414,False
SCN_012,757,25.2,TGT_001,COMMUNICATION_TARGET,true,437.0,182.0,437.0,182.0,0.0,30.0,97,97,0,TRACKING,436.0,181.0,1.414,True
SCN_012,757,25.2,TGT_002,DECOY_TARGET,true,613.0,285.0,613.0,285.0,30.0,0.0,757,757,0,TRACKING,612.0,284.0,1.414,False
SCN_012,757,25.2,TGT_003,DECOY_TARGET,true,442.5,221.5,442.5,221.5,30.0,0.0,757,757,0,TRACKING,441.5,220.5,1.414,False
SCN_012,758,25.2333,TGT_001,COMMUNICATION_TARGET,true,437.0,183.0,437.0,183.0,0.0,30.0,98,98,0,TRACKING,436.0,182.0,1.414,True
SCN_012,758,25.2333,TGT_002,DECOY_TARGET,true,614.0,285.0,614.0,285.0,30.0,0.0,758,758,0,TRACKING,613.0,284.0,1.414,False
SCN_012,758,25.2333,TGT_003,DECOY_TARGET,true,442.5,220.5,442.5,220.5,0.0,-30.0,758,758,0,TRACKING,441.5,219.5,1.414,False
SCN_012,759,25.2667,TGT_001,COMMUNICATION_TARGET,true,438.0,184.0,438.0,184.0,30.0,30.0,99,99,0,TRACKING,437.0,183.0,1.414,True
SCN_012,759,25.2667,TGT_002,DECOY_TARGET,true,614.0,285.0,614.0,285.0,0.0,0.0,759,759,0,TRACKING,613.0,284.0,1.414,False
SCN_012,759,25.2667,TGT_003,DECOY_TARGET,true,442.5,220.5,442.5,220.5,0.0,0.0,759,759,0,TRACKING,441.5,219.5,1.414,False
SCN_012,760,25.3,TGT_001,COMMUNICATION_TARGET,true,438.0,185.0,438.0,185.0,0.0,30.0,100,100,0,TRACKING,437.0,184.0,1.414,True
SCN_012,760,25.3,TGT_002,DECOY_TARGET,true,615.0,285.0,615.0,285.0,30.0,0.0,760,760,0,TRACKING,614.0,284.0,1.414,False
SCN_012,760,25.3,TGT_003,DECOY_TARGET,true,442.5,220.5,442.5,220.5,0.0,0.0,760,760,0,TRACKING,441.5,219.5,1.414,False
SCN_012,761,25.3333,TGT_001,COMMUNICATION_TARGET,true,439.0,186.0,439.0,186.0,30.0,30.0,101,101,0,TRACKING,438.0,185.0,1.414,True
SCN_012,761,25.3333,TGT_002,DECOY_TARGET,true,616.0,285.0,616.0,285.0,30.0,0.0,761,761,0,TRACKING,615.0,284.0,1.414,False
SCN_012,761,25.3333,TGT_003,DECOY_TARGET,true,442.5,220.5,442.5,220.5,0.0,0.0,761,761,0,TRACKING,441.5,219.5,1.414,False
SCN_012,762,25.3667,TGT_001,COMMUNICATION_TARGET,true,439.0,187.0,439.0,187.0,0.0,30.0,102,102,0,TRACKING,438.0,186.0,1.414,True
SCN_012,762,25.3667,TGT_002,DECOY_TARGET,true,616.0,285.0,616.0,285.0,0.0,0.0,762,762,0,TRACKING,615.0,284.0,1.414,False
SCN_012,762,25.3667,TGT_003,DECOY_TARGET,true,442.5,220.5,442.5,220.5,0.0,0.0,762,762,0,TRACKING,441.5,219.5,1.414,False
SCN_012,763,25.4,TGT_001,COMMUNICATION_TARGET,true,440.0,188.0,440.0,188.0,30.0,30.0,103,103,0,TRACKING,439.0,187.0,1.414,True
SCN_012,763,25.4,TGT_002,DECOY_TARGET,true,617.0,285.0,617.0,285.0,30.0,0.0,763,763,0,TRACKING,616.0,284.0,1.414,False
SCN_012,763,25.4,TGT_003,DECOY_TARGET,true,442.5,220.5,442.5,220.5,0.0,0.0,763,763,0,TRACKING,441.5,219.5,1.414,False
SCN_012,764,25.4333,TGT_001,COMMUNICATION_TARGET,true,440.0,189.0,440.0,189.0,0.0,30.0,104,104,0,TRACKING,439.0,188.0,1.414,True
SCN_012,764,25.4333,TGT_002,DECOY_TARGET,true,618.0,285.0,618.0,285.0,30.0,0.0,764,764,0,TRACKING,617.0,284.0,1.414,False
SCN_012,764,25.4333,TGT_003,DECOY_TARGET,true,442.5,220.5,442.5,220.5,0.0,0.0,764,764,0,TRACKING,441.5,219.5,1.414,False
SCN_012,765,25.4667,TGT_001,COMMUNICATION_TARGET,true,440.0,190.0,440.0,190.0,0.0,30.0,105,105,0,TRACKING,439.0,189.0,1.414,True
SCN_012,765,25.4667,TGT_002,DECOY_TARGET,true,618.0,285.0,618.0,285.0,0.0,0.0,765,765,0,TRACKING,617.0,284.0,1.414,False
SCN_012,765,25.4667,TGT_003,DECOY_TARGET,true,442.5,220.5,442.5,220.5,0.0,0.0,765,765,0,TRACKING,441.5,219.5,1.414,False
SCN_012,766,25.5,TGT_001,COMMUNICATION_TARGET,true,441.0,191.0,441.0,191.0,30.0,30.0,106,106,0,TRACKING,440.0,190.0,1.414,True
SCN_012,766,25.5,TGT_002,DECOY_TARGET,true,619.0,285.0,619.0,285.0,30.0,0.0,766,766,0,TRACKING,618.0,284.0,1.414,False
SCN_012,766,25.5,TGT_003,DECOY_TARGET,true,442.5,220.5,442.5,220.5,0.0,0.0,766,766,0,TRACKING,441.5,219.5,1.414,False
SCN_012,767,25.5333,TGT_001,COMMUNICATION_TARGET,true,441.0,191.0,441.0,191.0,0.0,0.0,107,107,0,TRACKING,440.0,190.0,1.414,True
SCN_012,767,25.5333,TGT_002,DECOY_TARGET,true,620.0,286.0,620.0,286.0,30.0,30.0,767,767,0,TRACKING,619.0,285.0,1.414,False
SCN_012,767,25.5333,TGT_003,DECOY_TARGET,true,442.5,220.5,442.5,220.5,0.0,0.0,767,767,0,TRACKING,441.5,219.5,1.414,False
SCN_012,768,25.5667,TGT_001,COMMUNICATION_TARGET,true,442.0,192.0,442.0,192.0,30.0,30.0,108,108,0,TRACKING,441.0,191.0,1.414,True
SCN_012,768,25.5667,TGT_002,DECOY_TARGET,true,620.0,286.0,620.0,286.0,0.0,0.0,768,768,0,TRACKING,619.0,285.0,1.414,False
SCN_012,768,25.5667,TGT_003,DECOY_TARGET,true,442.5,220.5,442.5,220.5,0.0,0.0,768,768,0,TRACKING,441.5,219.5,1.414,False
SCN_012,769,25.6,TGT_001,COMMUNICATION_TARGET,true,442.0,193.0,442.0,193.0,0.0,30.0,109,109,0,TRACKING,441.0,192.0,1.414,True
SCN_012,769,25.6,TGT_002,DECOY_TARGET,true,621.0,286.0,621.0,286.0,30.0,0.0,769,769,0,TRACKING,620.0,285.0,1.414,False
SCN_012,769,25.6,TGT_003,DECOY_TARGET,true,441.5,220.5,441.5,220.5,-30.0,0.0,769,769,0,TRACKING,440.5,219.5,1.414,False
SCN_012,770,25.6333,TGT_001,COMMUNICATION_TARGET,true,442.0,194.0,442.0,194.0,0.0,30.0,110,110,0,TRACKING,441.0,193.0,1.414,True
SCN_012,770,25.6333,TGT_002,DECOY_TARGET,true,622.0,286.0,622.0,286.0,30.0,0.0,770,770,0,TRACKING,621.0,285.0,1.414,False
SCN_012,770,25.6333,TGT_003,DECOY_TARGET,true,441.5,220.5,441.5,220.5,0.0,0.0,770,770,0,TRACKING,440.5,219.5,1.414,False
SCN_012,771,25.6667,TGT_001,COMMUNICATION_TARGET,true,443.0,195.0,443.0,195.0,30.0,30.0,111,111,0,TRACKING,442.0,194.0,1.414,True
SCN_012,771,25.6667,TGT_002,DECOY_TARGET,true,622.0,286.0,622.0,286.0,0.0,0.0,771,771,0,TRACKING,621.0,285.0,1.414,False
SCN_012,771,25.6667,TGT_003,DECOY_TARGET,true,441.5,220.5,441.5,220.5,0.0,0.0,771,771,0,TRACKING,440.5,219.5,1.414,False
SCN_012,772,25.7,TGT_001,COMMUNICATION_TARGET,true,443.0,196.0,443.0,196.0,0.0,30.0,112,112,0,TRACKING,442.0,195.0,1.414,True
SCN_012,772,25.7,TGT_002,DECOY_TARGET,true,623.0,286.0,623.0,286.0,30.0,0.0,772,772,0,TRACKING,622.0,285.0,1.414,False
SCN_012,772,25.7,TGT_003,DECOY_TARGET,true,441.5,220.5,441.5,220.5,0.0,0.0,772,772,0,TRACKING,440.5,219.5,1.414,False
SCN_012,773,25.7333,TGT_001,COMMUNICATION_TARGET,true,443.0,197.0,443.0,197.0,0.0,30.0,113,113,0,TRACKING,442.0,196.0,1.414,True
SCN_012,773,25.7333,TGT_002,DECOY_TARGET,true,624.0,286.0,624.0,286.0,30.0,0.0,773,773,0,TRACKING,623.0,285.0,1.414,False
SCN_012,773,25.7333,TGT_003,DECOY_TARGET,true,441.5,220.5,441.5,220.5,0.0,0.0,773,773,0,TRACKING,440.5,219.5,1.414,False
SCN_012,774,25.7667,TGT_001,COMMUNICATION_TARGET,true,444.0,198.0,444.0,198.0,30.0,30.0,114,114,0,TRACKING,443.0,197.0,1.414,True
SCN_012,774,25.7667,TGT_002,DECOY_TARGET,true,624.0,286.0,624.0,286.0,0.0,0.0,774,774,0,TRACKING,623.0,285.0,1.414,False
SCN_012,774,25.7667,TGT_003,DECOY_TARGET,true,441.5,220.5,441.5,220.5,0.0,0.0,774,774,0,TRACKING,440.5,219.5,1.414,False
SCN_012,775,25.8,TGT_001,COMMUNICATION_TARGET,true,444.0,199.0,444.0,199.0,0.0,30.0,115,115,0,TRACKING,443.0,198.0,1.414,True
SCN_012,775,25.8,TGT_002,DECOY_TARGET,true,625.0,286.0,625.0,286.0,30.0,0.0,775,775,0,TRACKING,624.0,285.0,1.414,False
SCN_012,775,25.8,TGT_003,DECOY_TARGET,true,441.5,220.5,441.5,220.5,0.0,0.0,775,775,0,TRACKING,440.5,219.5,1.414,False
SCN_012,776,25.8333,TGT_001,COMMUNICATION_TARGET,true,444.0,200.0,444.0,200.0,0.0,30.0,116,116,0,TRACKING,443.0,199.0,1.414,True
SCN_012,776,25.8333,TGT_002,DECOY_TARGET,true,626.0,286.0,626.0,286.0,30.0,0.0,776,776,0,TRACKING,625.0,285.0,1.414,False
SCN_012,776,25.8333,TGT_003,DECOY_TARGET,true,441.5,220.5,441.5,220.5,0.0,0.0,776,776,0,TRACKING,440.5,219.5,1.414,False
SCN_012,777,25.8667,TGT_001,COMMUNICATION_TARGET,true,445.0,201.0,445.0,201.0,30.0,30.0,117,117,0,TRACKING,444.0,200.0,1.414,True
SCN_012,777,25.8667,TGT_002,DECOY_TARGET,true,626.0,286.0,626.0,286.0,0.0,0.0,777,777,0,TRACKING,625.0,285.0,1.414,False
SCN_012,777,25.8667,TGT_003,DECOY_TARGET,true,441.5,220.5,441.5,220.5,0.0,0.0,777,777,0,TRACKING,440.5,219.5,1.414,False
SCN_012,778,25.9,TGT_001,COMMUNICATION_TARGET,true,445.0,202.0,445.0,202.0,0.0,30.0,118,118,0,TRACKING,444.0,201.0,1.414,True
SCN_012,778,25.9,TGT_002,DECOY_TARGET,true,627.0,286.0,627.0,286.0,30.0,0.0,778,778,0,TRACKING,626.0,285.0,1.414,False
SCN_012,778,25.9,TGT_003,DECOY_TARGET,true,441.5,220.5,441.5,220.5,0.0,0.0,778,778,0,TRACKING,440.5,219.5,1.414,False
SCN_012,779,25.9333,TGT_001,COMMUNICATION_TARGET,true,445.0,203.0,445.0,203.0,0.0,30.0,119,119,0,TRACKING,444.0,202.0,1.414,True
SCN_012,779,25.9333,TGT_002,DECOY_TARGET,true,628.0,286.0,628.0,286.0,30.0,0.0,779,779,0,TRACKING,627.0,285.0,1.414,False
SCN_012,779,25.9333,TGT_003,DECOY_TARGET,true,441.5,220.5,441.5,220.5,0.0,0.0,779,779,0,TRACKING,440.5,219.5,1.414,False
SCN_012,780,25.9667,TGT_001,COMMUNICATION_TARGET,true,446.0,204.0,446.0,204.0,30.0,30.0,120,120,0,TRACKING,445.0,203.0,1.414,True
SCN_012,780,25.9667,TGT_002,DECOY_TARGET,true,628.0,286.0,628.0,286.0,0.0,0.0,780,780,0,TRACKING,627.0,285.0,1.414,False
SCN_012,780,25.9667,TGT_003,DECOY_TARGET,true,441.5,220.5,441.5,220.5,0.0,0.0,780,780,0,TRACKING,440.5,219.5,1.414,False
SCN_012,781,26.0,TGT_001,COMMUNICATION_TARGET,true,446.0,205.0,446.0,205.0,0.0,30.0,121,121,0,TRACKING,445.0,204.0,1.414,True
SCN_012,781,26.0,TGT_002,DECOY_TARGET,true,629.0,286.0,629.0,286.0,30.0,0.0,781,781,0,TRACKING,628.0,285.0,1.414,False
SCN_012,781,26.0,TGT_003,DECOY_TARGET,true,441.5,220.5,441.5,220.5,0.0,0.0,781,781,0,TRACKING,440.5,219.5,1.414,False
SCN_012,782,26.0333,TGT_001,COMMUNICATION_TARGET,true,446.0,206.0,446.0,206.0,0.0,30.0,122,122,0,TRACKING,445.0,205.0,1.414,True
SCN_012,782,26.0333,TGT_002,DECOY_TARGET,true,630.0,286.0,630.0,286.0,30.0,0.0,782,782,0,TRACKING,629.0,285.0,1.414,False
SCN_012,782,26.0333,TGT_003,DECOY_TARGET,true,441.5,220.5,441.5,220.5,0.0,0.0,782,782,0,TRACKING,440.5,219.5,1.414,False
SCN_012,783,26.0667,TGT_001,COMMUNICATION_TARGET,true,446.0,207.0,446.0,207.0,0.0,30.0,123,123,0,TRACKING,445.0,206.0,1.414,True
SCN_012,783,26.0667,TGT_002,DECOY_TARGET,true,630.0,286.0,630.0,286.0,0.0,0.0,783,783,0,TRACKING,629.0,285.0,1.414,False
SCN_012,783,26.0667,TGT_003,DECOY_TARGET,true,441.5,220.5,441.5,220.5,0.0,0.0,783,783,0,TRACKING,440.5,219.5,1.414,False
SCN_012,784,26.1,TGT_001,COMMUNICATION_TARGET,true,447.0,208.0,447.0,208.0,30.0,30.0,124,124,0,TRACKING,446.0,207.0,1.414,True
SCN_012,784,26.1,TGT_002,DECOY_TARGET,true,631.0,286.0,631.0,286.0,30.0,0.0,784,784,0,TRACKING,630.0,285.0,1.414,False
SCN_012,784,26.1,TGT_003,DECOY_TARGET,true,441.5,220.5,441.5,220.5,0.0,0.0,784,784,0,TRACKING,440.5,219.5,1.414,False
SCN_012,785,26.1333,TGT_001,COMMUNICATION_TARGET,true,447.0,209.0,447.0,209.0,0.0,30.0,125,125,0,TRACKING,446.0,208.0,1.414,True
SCN_012,785,26.1333,TGT_002,DECOY_TARGET,true,632.0,287.0,632.0,287.0,30.0,30.0,785,785,0,TRACKING,631.0,286.0,1.414,False
SCN_012,785,26.1333,TGT_003,DECOY_TARGET,true,441.5,220.5,441.5,220.5,0.0,0.0,785,785,0,TRACKING,440.5,219.5,1.414,False
SCN_012,786,26.1667,TGT_001,COMMUNICATION_TARGET,true,447.0,210.0,447.0,210.0,0.0,30.0,126,126,0,TRACKING,446.0,209.0,1.414,True
SCN_012,786,26.1667,TGT_002,DECOY_TARGET,true,632.0,287.0,632.0,287.0,0.0,0.0,786,786,0,TRACKING,631.0,286.0,1.414,False
SCN_012,786,26.1667,TGT_003,DECOY_TARGET,true,441.5,220.5,441.5,220.5,0.0,0.0,786,786,0,TRACKING,440.5,219.5,1.414,False
SCN_012,787,26.2,TGT_001,COMMUNICATION_TARGET,true,447.0,210.0,447.0,210.0,0.0,0.0,127,127,0,TRACKING,446.0,209.0,1.414,True
SCN_012,787,26.2,TGT_002,DECOY_TARGET,true,633.0,287.0,633.0,287.0,30.0,0.0,787,787,0,TRACKING,632.0,286.0,1.414,False
SCN_012,787,26.2,TGT_003,DECOY_TARGET,true,441.5,220.5,441.5,220.5,0.0,0.0,787,787,0,TRACKING,440.5,219.5,1.414,False
SCN_012,788,26.2333,TGT_001,COMMUNICATION_TARGET,true,445.0,215.5,445.0,215.5,-60.0,165.0,128,128,0,TRACKING,447.0,210.0,5.852,True
SCN_012,788,26.2333,TGT_002,DECOY_TARGET,true,634.0,287.0,634.0,287.0,30.0,0.0,788,788,0,TRACKING,633.0,286.0,1.414,False
SCN_012,788,26.2333,TGT_003,DECOY_TARGET,false,,,,,0.0,0.0,787,0,1,TEMPORARILY_LOST,440.5,219.5,,False
SCN_012,789,26.2667,TGT_001,COMMUNICATION_TARGET,true,445.0,216.0,445.0,216.0,0.0,15.0,129,129,0,TRACKING,447.0,211.0,5.385,True
SCN_012,789,26.2667,TGT_002,DECOY_TARGET,true,634.0,287.0,634.0,287.0,0.0,0.0,789,789,0,TRACKING,633.0,286.0,1.414,False
SCN_012,789,26.2667,TGT_003,DECOY_TARGET,false,,,,,0.0,0.0,787,0,2,TEMPORARILY_LOST,440.5,219.5,,False
SCN_012,790,26.3,TGT_001,COMMUNICATION_TARGET,true,445.0,217.0,445.0,217.0,0.0,30.0,130,130,0,TRACKING,447.0,212.0,5.385,True
SCN_012,790,26.3,TGT_002,DECOY_TARGET,true,635.0,287.0,635.0,287.0,30.0,0.0,790,790,0,TRACKING,634.0,286.0,1.414,False
SCN_012,790,26.3,TGT_003,DECOY_TARGET,false,,,,,0.0,0.0,787,0,3,TEMPORARILY_LOST,440.5,220.5,,False
SCN_012,791,26.3333,TGT_001,COMMUNICATION_TARGET,true,445.0,217.5,445.0,217.5,0.0,15.0,131,131,0,TRACKING,447.0,213.0,4.924,True
SCN_012,791,26.3333,TGT_002,DECOY_TARGET,true,635.5,287.0,635.5,287.0,15.0,0.0,791,791,0,TRACKING,635.0,286.0,1.118,False
SCN_012,791,26.3333,TGT_003,DECOY_TARGET,false,,,,,0.0,0.0,787,0,4,TEMPORARILY_LOST,440.5,220.5,,False
SCN_012,792,26.3667,TGT_001,COMMUNICATION_TARGET,true,445.0,218.0,445.0,218.0,0.0,15.0,132,132,0,TRACKING,447.0,214.0,4.472,True
SCN_012,792,26.3667,TGT_002,DECOY_TARGET,true,635.5,287.0,635.5,287.0,0.0,0.0,792,792,0,TRACKING,635.0,286.0,1.118,False
SCN_012,792,26.3667,TGT_003,DECOY_TARGET,false,,,,,0.0,0.0,787,0,5,TEMPORARILY_LOST,440.5,220.5,,False
SCN_012,793,26.4,TGT_001,COMMUNICATION_TARGET,true,445.5,218.5,445.5,218.5,15.0,15.0,133,133,0,TRACKING,448.0,215.0,4.301,True
SCN_012,793,26.4,TGT_002,DECOY_TARGET,true,635.5,287.0,635.5,287.0,0.0,0.0,793,793,0,TRACKING,635.0,286.0,1.118,False
SCN_012,793,26.4,TGT_003,DECOY_TARGET,false,,,,,0.0,0.0,787,0,6,LOST,440.5,220.5,,False
SCN_012,794,26.4333,TGT_001,COMMUNICATION_TARGET,true,445.5,219.0,445.5,219.0,0.0,15.0,134,134,0,TRACKING,448.0,216.0,3.905,True
SCN_012,794,26.4333,TGT_002,DECOY_TARGET,true,635.5,287.0,635.5,287.0,0.0,0.0,794,794,0,TRACKING,635.0,286.0,1.118,False
SCN_012,794,26.4333,TGT_003,DECOY_TARGET,false,,,,,0.0,0.0,787,0,7,LOST,440.5,220.5,,False
SCN_012,795,26.4667,TGT_001,COMMUNICATION_TARGET,true,445.5,219.5,445.5,219.5,0.0,15.0,135,135,0,TRACKING,448.0,217.0,3.536,True
SCN_012,795,26.4667,TGT_002,DECOY_TARGET,true,635.5,287.0,635.5,287.0,0.0,0.0,795,795,0,TRACKING,635.0,286.0,1.118,False
SCN_012,795,26.4667,TGT_003,DECOY_TARGET,false,,,,,0.0,0.0,787,0,8,LOST,440.5,220.5,,False
SCN_012,796,26.5,TGT_001,COMMUNICATION_TARGET,true,445.5,220.0,445.5,220.0,0.0,15.0,136,136,0,TRACKING,448.0,218.0,3.202,True
SCN_012,796,26.5,TGT_002,DECOY_TARGET,true,635.5,287.0,635.5,287.0,0.0,0.0,796,796,0,TRACKING,635.0,286.0,1.118,False
SCN_012,796,26.5,TGT_003,DECOY_TARGET,false,,,,,0.0,0.0,787,0,9,LOST,440.5,220.5,,False
SCN_012,797,26.5333,TGT_001,COMMUNICATION_TARGET,true,445.5,220.5,445.5,220.5,0.0,15.0,137,137,0,TRACKING,448.0,219.0,2.915,True
SCN_012,797,26.5333,TGT_002,DECOY_TARGET,true,635.5,287.0,635.5,287.0,0.0,0.0,797,797,0,TRACKING,635.0,286.0,1.118,False
SCN_012,797,26.5333,TGT_003,DECOY_TARGET,false,,,,,0.0,0.0,787,0,10,LOST,440.5,220.5,,False
SCN_012,798,26.5667,TGT_001,COMMUNICATION_TARGET,true,445.5,221.0,445.5,221.0,0.0,15.0,138,138,0,TRACKING,448.0,220.0,2.693,True
SCN_012,798,26.5667,TGT_002,DECOY_TARGET,true,635.5,287.0,635.5,287.0,0.0,0.0,798,798,0,TRACKING,635.0,286.0,1.118,False
SCN_012,798,26.5667,TGT_003,DECOY_TARGET,false,,,,,0.0,0.0,787,0,11,LOST,440.5,220.5,,False
SCN_012,799,26.6,TGT_001,COMMUNICATION_TARGET,true,446.0,222.0,446.0,222.0,15.0,30.0,139,139,0,TRACKING,449.0,221.0,3.162,True
SCN_012,799,26.6,TGT_002,DECOY_TARGET,true,635.5,287.0,635.5,287.0,0.0,0.0,799,799,0,TRACKING,635.0,286.0,1.118,False
SCN_012,799,26.6,TGT_003,DECOY_TARGET,false,,,,,0.0,0.0,787,0,12,LOST,440.5,220.5,,False
SCN_012,800,26.6333,TGT_001,COMMUNICATION_TARGET,true,446.0,222.5,446.0,222.5,0.0,15.0,140,140,0,TRACKING,449.0,222.0,3.041,True
SCN_012,800,26.6333,TGT_002,DECOY_TARGET,false,,,,,0.0,0.0,799,0,1,TEMPORARILY_LOST,635.0,286.0,,False
SCN_012,800,26.6333,TGT_003,DECOY_TARGET,false,,,,,0.0,0.0,787,0,13,LOST,440.5,220.5,,False
SCN_012,801,26.6667,TGT_001,COMMUNICATION_TARGET,true,446.0,223.0,446.0,223.0,0.0,15.0,141,141,0,TRACKING,449.0,223.0,3.0,True
SCN_012,801,26.6667,TGT_002,DECOY_TARGET,false,,,,,0.0,0.0,799,0,2,TEMPORARILY_LOST,635.0,286.0,,False
SCN_012,801,26.6667,TGT_003,DECOY_TARGET,false,,,,,0.0,0.0,787,0,14,LOST,440.5,220.5,,False
SCN_012,802,26.7,TGT_001,COMMUNICATION_TARGET,true,446.0,223.5,446.0,223.5,0.0,15.0,142,142,0,TRACKING,449.0,224.0,3.041,True
SCN_012,802,26.7,TGT_002,DECOY_TARGET,false,,,,,0.0,0.0,799,0,3,TEMPORARILY_LOST,635.0,287.0,,False
SCN_012,802,26.7,TGT_003,DECOY_TARGET,false,,,,,0.0,0.0,787,0,15,LOST,440.5,220.5,,False
SCN_012,803,26.7333,TGT_001,COMMUNICATION_TARGET,true,446.0,224.0,446.0,224.0,0.0,15.0,143,143,0,TRACKING,449.0,225.0,3.162,True
SCN_012,803,26.7333,TGT_002,DECOY_TARGET,false,,,,,0.0,0.0,799,0,4,TEMPORARILY_LOST,635.0,287.0,,False
SCN_012,803,26.7333,TGT_003,DECOY_TARGET,false,,,,,0.0,0.0,787,0,16,LOST,440.5,220.5,,False
SCN_012,804,26.7667,TGT_001,COMMUNICATION_TARGET,true,446.0,224.5,446.0,224.5,0.0,15.0,144,144,0,TRACKING,449.0,226.0,3.354,True
SCN_012,804,26.7667,TGT_002,DECOY_TARGET,false,,,,,0.0,0.0,799,0,5,TEMPORARILY_LOST,635.0,287.0,,False
SCN_012,804,26.7667,TGT_003,DECOY_TARGET,false,,,,,0.0,0.0,787,0,17,LOST,440.5,220.5,,False
SCN_012,805,26.8,TGT_001,COMMUNICATION_TARGET,true,446.0,225.0,446.0,225.0,0.0,15.0,145,145,0,TRACKING,449.0,227.0,3.606,True
SCN_012,805,26.8,TGT_002,DECOY_TARGET,false,,,,,0.0,0.0,799,0,6,LOST,635.0,287.0,,False
SCN_012,805,26.8,TGT_003,DECOY_TARGET,false,,,,,0.0,0.0,787,0,18,LOST,440.5,220.5,,False
SCN_012,806,26.8333,TGT_001,COMMUNICATION_TARGET,true,445.5,225.5,445.5,225.5,-15.0,15.0,146,146,0,TRACKING,449.0,228.0,4.301,True
SCN_012,806,26.8333,TGT_002,DECOY_TARGET,false,,,,,0.0,0.0,799,0,7,LOST,635.0,287.0,,False
SCN_012,806,26.8333,TGT_003,DECOY_TARGET,false,,,,,0.0,0.0,787,0,19,LOST,439.5,220.5,,False
SCN_012,807,26.8667,TGT_001,COMMUNICATION_TARGET,true,440.5,221.5,440.5,221.5,-150.0,-120.0,147,147,0,TRACKING,450.0,229.0,12.104,True
SCN_012,807,26.8667,TGT_002,DECOY_TARGET,false,,,,,0.0,0.0,799,0,8,LOST,635.0,287.0,,False
SCN_012,807,26.8667,TGT_003,DECOY_TARGET,true,451.0,230.0,451.0,230.0,0.0,0.0,1,1,0,REACQUIRED,439.5,220.5,14.916,False
SCN_012,808,26.9,TGT_001,COMMUNICATION_TARGET,true,440.5,221.5,440.5,221.5,0.0,0.0,148,148,0,TRACKING,450.0,230.0,12.748,True
SCN_012,808,26.9,TGT_002,DECOY_TARGET,false,,,,,0.0,0.0,799,0,9,LOST,635.0,287.0,,False
SCN_012,808,26.9,TGT_003,DECOY_TARGET,true,451.0,231.0,451.0,231.0,0.0,30.0,2,2,0,TRACKING,439.5,220.5,15.572,False
SCN_012,809,26.9333,TGT_001,COMMUNICATION_TARGET,true,440.5,221.5,440.5,221.5,0.0,0.0,149,149,0,TRACKING,450.0,231.0,13.435,True
SCN_012,809,26.9333,TGT_002,DECOY_TARGET,false,,,,,0.0,0.0,799,0,10,LOST,635.0,287.0,,False
SCN_012,809,26.9333,TGT_003,DECOY_TARGET,true,451.0,232.0,451.0,232.0,0.0,30.0,3,3,0,TRACKING,439.5,220.5,16.263,False
SCN_012,810,26.9667,TGT_001,COMMUNICATION_TARGET,true,440.5,221.5,440.5,221.5,0.0,0.0,150,150,0,TRACKING,450.0,232.0,14.16,True
SCN_012,810,26.9667,TGT_002,DECOY_TARGET,false,,,,,0.0,0.0,799,0,11,LOST,635.0,287.0,,False
SCN_012,810,26.9667,TGT_003,DECOY_TARGET,true,451.0,233.0,451.0,233.0,0.0,30.0,4,4,0,TRACKING,439.5,220.5,16.985,False
SCN_012,811,27.0,TGT_001,COMMUNICATION_TARGET,true,440.5,221.5,440.5,221.5,0.0,0.0,151,151,0,TRACKING,450.0,233.0,14.916,True
SCN_012,811,27.0,TGT_002,DECOY_TARGET,false,,,,,0.0,0.0,799,0,12,LOST,635.0,287.0,,False
SCN_012,811,27.0,TGT_003,DECOY_TARGET,true,451.0,234.0,451.0,234.0,0.0,30.0,5,5,0,TRACKING,439.5,220.5,17.734,False
SCN_012,812,27.0333,TGT_001,COMMUNICATION_TARGET,true,440.5,221.5,440.5,221.5,0.0,0.0,152,152,0,TRACKING,450.0,234.0,15.7,True
SCN_012,812,27.0333,TGT_002,DECOY_TARGET,false,,,,,0.0,0.0,799,0,13,LOST,635.0,287.0,,False
SCN_012,812,27.0333,TGT_003,DECOY_TARGET,true,451.0,235.0,451.0,235.0,0.0,30.0,6,6,0,TRACKING,439.5,220.5,18.507,False
SCN_012,813,27.0667,TGT_001,COMMUNICATION_TARGET,true,440.5,221.5,440.5,221.5,0.0,0.0,153,153,0,TRACKING,450.0,235.0,16.508,True
SCN_012,813,27.0667,TGT_002,DECOY_TARGET,false,,,,,0.0,0.0,799,0,14,LOST,635.0,287.0,,False
SCN_012,813,27.0667,TGT_003,DECOY_TARGET,true,451.0,236.0,451.0,236.0,0.0,30.0,7,7,0,TRACKING,439.5,220.5,19.3,False
SCN_012,814,27.1,TGT_001,COMMUNICATION_TARGET,true,440.5,221.5,440.5,221.5,0.0,0.0,154,154,0,TRACKING,450.0,236.0,17.335,True
SCN_012,814,27.1,TGT_002,DECOY_TARGET,false,,,,,0.0,0.0,799,0,15,LOST,635.0,287.0,,False
SCN_012,814,27.1,TGT_003,DECOY_TARGET,true,451.0,237.0,451.0,237.0,0.0,30.0,8,8,0,TRACKING,439.5,220.5,20.112,False
SCN_012,815,27.1333,TGT_001,COMMUNICATION_TARGET,true,440.5,221.5,440.5,221.5,0.0,0.0,155,155,0,TRACKING,450.0,237.0,18.18,True
SCN_012,815,27.1333,TGT_002,DECOY_TARGET,false,,,,,0.0,0.0,799,0,16,LOST,635.0,287.0,,False
SCN_012,815,27.1333,TGT_003,DECOY_TARGET,true,451.0,238.0,451.0,238.0,0.0,30.0,9,9,0,TRACKING,439.5,220.5,20.94,False
SCN_012,816,27.1667,TGT_001,COMMUNICATION_TARGET,true,440.5,221.5,440.5,221.5,0.0,0.0,156,156,0,TRACKING,450.0,238.0,19.039,True
SCN_012,816,27.1667,TGT_002,DECOY_TARGET,false,,,,,0.0,0.0,799,0,17,LOST,635.0,287.0,,False
SCN_012,816,27.1667,TGT_003,DECOY_TARGET,true,451.0,239.0,451.0,239.0,0.0,30.0,10,10,0,TRACKING,439.5,220.5,21.783,False
SCN_012,817,27.2,TGT_001,COMMUNICATION_TARGET,true,440.5,221.5,440.5,221.5,0.0,0.0,157,157,0,TRACKING,450.0,239.0,19.912,True
SCN_012,817,27.2,TGT_002,DECOY_TARGET,false,,,,,0.0,0.0,799,0,18,LOST,635.0,287.0,,False
SCN_012,817,27.2,TGT_003,DECOY_TARGET,true,451.0,240.0,451.0,240.0,0.0,30.0,11,11,0,TRACKING,439.5,220.5,22.638,False
SCN_012,818,27.2333,TGT_001,COMMUNICATION_TARGET,true,440.5,221.5,440.5,221.5,0.0,0.0,158,158,0,TRACKING,450.0,240.0,20.797,True
SCN_012,818,27.2333,TGT_002,DECOY_TARGET,false,,,,,0.0,0.0,799,0,19,LOST,635.0,287.0,,False
SCN_012,818,27.2333,TGT_003,DECOY_TARGET,true,451.0,241.0,451.0,241.0,0.0,30.0,12,12,0,TRACKING,439.5,220.5,23.505,False
SCN_012,819,27.2667,TGT_001,COMMUNICATION_TARGET,true,440.5,221.5,440.5,221.5,0.0,0.0,159,159,0,TRACKING,450.0,241.0,21.691,True
SCN_012,819,27.2667,TGT_002,DECOY_TARGET,false,,,,,0.0,0.0,799,0,20,LOST,635.0,288.0,,False
SCN_012,819,27.2667,TGT_003,DECOY_TARGET,true,451.0,242.0,451.0,242.0,0.0,30.0,13,13,0,TRACKING,439.5,220.5,24.382,False
SCN_012,820,27.3,TGT_001,COMMUNICATION_TARGET,true,440.5,221.5,440.5,221.5,0.0,0.0,160,160,0,TRACKING,450.0,242.0,22.594,True
SCN_012,820,27.3,TGT_002,DECOY_TARGET,false,,,,,0.0,0.0,799,0,21,LOST,635.0,288.0,,False
SCN_012,820,27.3,TGT_003,DECOY_TARGET,true,451.0,243.0,451.0,243.0,0.0,30.0,14,14,0,TRACKING,439.5,220.5,25.269,False
SCN_012,821,27.3333,TGT_001,COMMUNICATION_TARGET,true,440.5,221.5,440.5,221.5,0.0,0.0,161,161,0,TRACKING,450.0,243.0,23.505,True
SCN_012,821,27.3333,TGT_002,DECOY_TARGET,false,,,,,0.0,0.0,799,0,22,LOST,635.0,288.0,,False
SCN_012,821,27.3333,TGT_003,DECOY_TARGET,true,451.0,244.0,451.0,244.0,0.0,30.0,15,15,0,TRACKING,439.5,220.5,26.163,False
SCN_012,822,27.3667,TGT_001,COMMUNICATION_TARGET,true,440.5,221.5,440.5,221.5,0.0,0.0,162,162,0,TRACKING,450.0,244.0,24.423,True
SCN_012,822,27.3667,TGT_002,DECOY_TARGET,false,,,,,0.0,0.0,799,0,23,LOST,635.0,288.0,,False
SCN_012,822,27.3667,TGT_003,DECOY_TARGET,true,451.0,245.0,451.0,245.0,0.0,30.0,16,16,0,TRACKING,439.5,220.5,27.065,False
SCN_012,823,27.4,TGT_001,COMMUNICATION_TARGET,true,440.5,221.5,440.5,221.5,0.0,0.0,163,163,0,TRACKING,450.0,245.0,25.348,True
SCN_012,823,27.4,TGT_002,DECOY_TARGET,false,,,,,0.0,0.0,799,0,24,LOST,635.0,288.0,,False
SCN_012,823,27.4,TGT_003,DECOY_TARGET,true,451.0,246.0,451.0,246.0,0.0,30.0,17,17,0,TRACKING,439.5,220.5,27.973,False
SCN_012,824,27.4333,TGT_001,COMMUNICATION_TARGET,true,440.5,221.5,440.5,221.5,0.0,0.0,164,164,0,TRACKING,450.0,246.0,26.277,True
SCN_012,824,27.4333,TGT_002,DECOY_TARGET,false,,,,,0.0,0.0,799,0,25,LOST,635.0,288.0,,False
SCN_012,824,27.4333,TGT_003,DECOY_TARGET,true,451.0,247.0,451.0,247.0,0.0,30.0,18,18,0,TRACKING,439.5,220.5,28.888,False
SCN_012,825,27.4667,TGT_001,COMMUNICATION_TARGET,true,440.5,221.5,440.5,221.5,0.0,0.0,165,165,0,TRACKING,450.0,247.0,27.212,True
SCN_012,825,27.4667,TGT_002,DECOY_TARGET,false,,,,,0.0,0.0,799,0,26,LOST,635.0,288.0,,False
SCN_012,825,27.4667,TGT_003,DECOY_TARGET,true,451.0,248.0,451.0,248.0,0.0,30.0,19,19,0,TRACKING,439.5,220.5,29.808,False
SCN_012,826,27.5,TGT_001,COMMUNICATION_TARGET,true,440.5,221.5,440.5,221.5,0.0,0.0,166,166,0,TRACKING,450.0,248.0,28.151,True
SCN_012,826,27.5,TGT_002,DECOY_TARGET,false,,,,,0.0,0.0,799,0,27,LOST,635.0,288.0,,False
SCN_012,826,27.5,TGT_003,DECOY_TARGET,true,451.0,249.0,451.0,249.0,0.0,30.0,20,20,0,TRACKING,439.5,220.5,30.733,False
SCN_012,827,27.5333,TGT_001,COMMUNICATION_TARGET,true,440.5,221.5,440.5,221.5,0.0,0.0,167,167,0,TRACKING,450.0,249.0,29.095,True
SCN_012,827,27.5333,TGT_002,DECOY_TARGET,false,,,,,0.0,0.0,799,0,28,LOST,635.0,288.0,,False
SCN_012,827,27.5333,TGT_003,DECOY_TARGET,true,451.0,250.0,451.0,250.0,0.0,30.0,21,21,0,TRACKING,439.5,220.5,31.662,False
SCN_012,828,27.5667,TGT_001,COMMUNICATION_TARGET,true,440.5,221.5,440.5,221.5,0.0,0.0,168,168,0,TRACKING,450.0,250.0,30.042,True
SCN_012,828,27.5667,TGT_002,DECOY_TARGET,false,,,,,0.0,0.0,799,0,29,LOST,635.0,288.0,,False
SCN_012,828,27.5667,TGT_003,DECOY_TARGET,true,451.0,251.0,451.0,251.0,0.0,30.0,22,22,0,TRACKING,439.5,220.5,32.596,False
SCN_012,829,27.6,TGT_001,COMMUNICATION_TARGET,true,440.5,221.5,440.5,221.5,0.0,0.0,169,169,0,TRACKING,450.0,251.0,30.992,True
SCN_012,829,27.6,TGT_002,DECOY_TARGET,false,,,,,0.0,0.0,799,0,30,LOST,635.0,288.0,,False
SCN_012,829,27.6,TGT_003,DECOY_TARGET,true,451.0,252.0,451.0,252.0,0.0,30.0,23,23,0,TRACKING,439.5,220.5,33.534,False
SCN_012,830,27.6333,TGT_001,COMMUNICATION_TARGET,true,440.5,221.5,440.5,221.5,0.0,0.0,170,170,0,TRACKING,449.0,252.0,31.662,True
SCN_012,830,27.6333,TGT_002,DECOY_TARGET,false,,,,,0.0,0.0,799,0,31,LOST,635.0,288.0,,False
SCN_012,830,27.6333,TGT_003,DECOY_TARGET,true,450.0,253.0,450.0,253.0,-30.0,30.0,24,24,0,TRACKING,439.5,220.5,34.154,False
SCN_012,831,27.6667,TGT_001,COMMUNICATION_TARGET,true,440.5,221.5,440.5,221.5,0.0,0.0,171,171,0,TRACKING,449.0,253.0,32.627,True
SCN_012,831,27.6667,TGT_002,DECOY_TARGET,false,,,,,0.0,0.0,799,0,32,LOST,635.0,288.0,,False
SCN_012,831,27.6667,TGT_003,DECOY_TARGET,true,450.0,254.0,450.0,254.0,0.0,30.0,25,25,0,TRACKING,439.5,220.5,35.107,False
SCN_012,832,27.7,TGT_001,COMMUNICATION_TARGET,true,440.5,221.5,440.5,221.5,0.0,0.0,172,172,0,TRACKING,449.0,254.0,33.593,True
SCN_012,832,27.7,TGT_002,DECOY_TARGET,false,,,,,0.0,0.0,799,0,33,LOST,635.0,288.0,,False
SCN_012,832,27.7,TGT_003,DECOY_TARGET,true,450.0,255.0,450.0,255.0,0.0,30.0,26,26,0,TRACKING,439.5,220.5,36.062,False
SCN_012,833,27.7333,TGT_001,COMMUNICATION_TARGET,true,440.5,221.5,440.5,221.5,0.0,0.0,173,173,0,TRACKING,449.0,255.0,34.562,True
SCN_012,833,27.7333,TGT_002,DECOY_TARGET,false,,,,,0.0,0.0,799,0,34,LOST,635.0,288.0,,False
SCN_012,833,27.7333,TGT_003,DECOY_TARGET,true,450.0,256.0,450.0,256.0,0.0,30.0,27,27,0,TRACKING,439.5,220.5,37.02,False
SCN_012,834,27.7667,TGT_001,COMMUNICATION_TARGET,true,440.5,221.5,440.5,221.5,0.0,0.0,174,174,0,TRACKING,449.0,256.0,35.532,True
SCN_012,834,27.7667,TGT_002,DECOY_TARGET,false,,,,,0.0,0.0,799,0,35,LOST,635.0,288.0,,False
SCN_012,834,27.7667,TGT_003,DECOY_TARGET,true,450.0,257.0,450.0,257.0,0.0,30.0,28,28,0,TRACKING,439.5,220.5,37.98,False
SCN_012,835,27.8,TGT_001,COMMUNICATION_TARGET,true,440.5,221.5,440.5,221.5,0.0,0.0,175,175,0,TRACKING,449.0,257.0,36.503,True
SCN_012,835,27.8,TGT_002,DECOY_TARGET,false,,,,,0.0,0.0,799,0,36,LOST,635.0,288.0,,False
SCN_012,835,27.8,TGT_003,DECOY_TARGET,true,450.0,258.0,450.0,258.0,0.0,30.0,29,29,0,TRACKING,439.5,220.5,38.942,False
SCN_012,836,27.8333,TGT_001,COMMUNICATION_TARGET,true,440.5,221.5,440.5,221.5,0.0,0.0,176,176,0,TRACKING,449.0,258.0,37.477,True
SCN_012,836,27.8333,TGT_002,DECOY_TARGET,false,,,,,0.0,0.0,799,0,37,LOST,635.0,289.0,,False
SCN_012,836,27.8333,TGT_003,DECOY_TARGET,true,450.0,259.0,450.0,259.0,0.0,30.0,30,30,0,TRACKING,439.5,220.5,39.906,False
SCN_012,837,27.8667,TGT_001,COMMUNICATION_TARGET,true,441.5,221.5,441.5,221.5,30.0,0.0,177,177,0,TRACKING,449.0,259.0,38.243,True
SCN_012,837,27.8667,TGT_002,DECOY_TARGET,false,,,,,0.0,0.0,799,0,38,LOST,635.0,289.0,,False
SCN_012,837,27.8667,TGT_003,DECOY_TARGET,true,450.0,260.0,450.0,260.0,0.0,30.0,31,31,0,TRACKING,440.5,220.5,40.626,False
SCN_012,838,27.9,TGT_001,COMMUNICATION_TARGET,true,441.5,221.5,441.5,221.5,0.0,0.0,178,178,0,TRACKING,448.0,260.0,39.045,True
SCN_012,838,27.9,TGT_002,DECOY_TARGET,false,,,,,0.0,0.0,799,0,39,LOST,635.0,289.0,,False
SCN_012,838,27.9,TGT_003,DECOY_TARGET,true,449.0,261.0,449.0,261.0,-30.0,30.0,32,32,0,TRACKING,440.5,220.5,41.382,False
SCN_012,839,27.9333,TGT_001,COMMUNICATION_TARGET,true,441.5,221.5,441.5,221.5,0.0,0.0,179,179,0,TRACKING,448.0,261.0,40.031,True
SCN_012,839,27.9333,TGT_002,DECOY_TARGET,false,,,,,0.0,0.0,799,0,40,LOST,635.0,289.0,,False
SCN_012,839,27.9333,TGT_003,DECOY_TARGET,true,449.0,262.0,449.0,262.0,0.0,30.0,33,33,0,TRACKING,440.5,220.5,42.362,False
SCN_012,840,27.9667,TGT_001,COMMUNICATION_TARGET,true,441.5,221.5,441.5,221.5,0.0,0.0,180,180,0,TRACKING,448.0,262.0,41.018,True
SCN_012,840,27.9667,TGT_002,DECOY_TARGET,false,,,,,0.0,0.0,799,0,41,LOST,635.0,289.0,,False
SCN_012,840,27.9667,TGT_003,DECOY_TARGET,true,449.0,263.0,449.0,263.0,0.0,30.0,34,34,0,TRACKING,440.5,220.5,43.342,False
SCN_012,841,28.0,TGT_001,COMMUNICATION_TARGET,true,441.5,221.5,441.5,221.5,0.0,0.0,181,181,0,TRACKING,448.0,263.0,42.006,True
SCN_012,841,28.0,TGT_002,DECOY_TARGET,false,,,,,0.0,0.0,799,0,42,LOST,635.0,289.0,,False
SCN_012,841,28.0,TGT_003,DECOY_TARGET,true,449.0,264.0,449.0,264.0,0.0,30.0,35,35,0,TRACKING,440.5,220.5,44.323,False
SCN_012,842,28.0333,TGT_001,COMMUNICATION_TARGET,true,441.5,221.5,441.5,221.5,0.0,0.0,182,182,0,TRACKING,448.0,264.0,42.994,True
SCN_012,842,28.0333,TGT_002,DECOY_TARGET,false,,,,,0.0,0.0,799,0,43,LOST,635.0,289.0,,False
SCN_012,842,28.0333,TGT_003,DECOY_TARGET,true,449.0,265.0,449.0,265.0,0.0,30.0,36,36,0,TRACKING,440.5,220.5,45.305,False
SCN_012,843,28.0667,TGT_001,COMMUNICATION_TARGET,true,441.5,221.5,441.5,221.5,0.0,0.0,183,183,0,TRACKING,448.0,265.0,43.983,True
SCN_012,843,28.0667,TGT_002,DECOY_TARGET,false,,,,,0.0,0.0,799,0,44,LOST,635.0,289.0,,False
SCN_012,843,28.0667,TGT_003,DECOY_TARGET,true,449.0,266.0,449.0,266.0,0.0,30.0,37,37,0,TRACKING,440.5,220.5,46.287,False
SCN_012,844,28.1,TGT_001,COMMUNICATION_TARGET,true,441.5,221.5,441.5,221.5,0.0,0.0,184,184,0,TRACKING,447.0,266.0,44.839,True
SCN_012,844,28.1,TGT_002,DECOY_TARGET,false,,,,,0.0,0.0,799,0,45,LOST,635.0,289.0,,False
SCN_012,844,28.1,TGT_003,DECOY_TARGET,true,448.0,267.0,448.0,267.0,-30.0,30.0,38,38,0,TRACKING,440.5,220.5,47.101,False
SCN_012,845,28.1333,TGT_001,COMMUNICATION_TARGET,true,441.5,221.5,441.5,221.5,0.0,0.0,185,185,0,TRACKING,447.0,267.0,45.831,True
SCN_012,845,28.1333,TGT_002,DECOY_TARGET,false,,,,,0.0,0.0,799,0,46,LOST,635.0,289.0,,False
SCN_012,845,28.1333,TGT_003,DECOY_TARGET,true,448.0,268.0,448.0,268.0,0.0,30.0,39,39,0,TRACKING,440.5,220.5,48.088,False
SCN_012,846,28.1667,TGT_001,COMMUNICATION_TARGET,true,441.5,221.5,441.5,221.5,0.0,0.0,186,186,0,TRACKING,447.0,268.0,46.824,True
SCN_012,846,28.1667,TGT_002,DECOY_TARGET,false,,,,,0.0,0.0,799,0,47,LOST,635.0,289.0,,False
SCN_012,846,28.1667,TGT_003,DECOY_TARGET,true,448.0,269.0,448.0,269.0,0.0,30.0,40,40,0,TRACKING,440.5,220.5,49.076,False
SCN_012,847,28.2,TGT_001,COMMUNICATION_TARGET,true,441.5,221.5,441.5,221.5,0.0,0.0,187,187,0,TRACKING,447.0,269.0,47.817,True
SCN_012,847,28.2,TGT_002,DECOY_TARGET,false,,,,,0.0,0.0,799,0,48,LOST,635.0,289.0,,False
SCN_012,847,28.2,TGT_003,DECOY_TARGET,true,448.0,270.0,448.0,270.0,0.0,30.0,41,41,0,TRACKING,440.5,220.5,50.065,False
SCN_012,848,28.2333,TGT_001,COMMUNICATION_TARGET,true,441.5,221.5,441.5,221.5,0.0,0.0,188,188,0,TRACKING,447.0,270.0,48.811,True
SCN_012,848,28.2333,TGT_002,DECOY_TARGET,false,,,,,0.0,0.0,799,0,49,LOST,635.0,289.0,,False
SCN_012,848,28.2333,TGT_003,DECOY_TARGET,true,448.0,271.0,448.0,271.0,0.0,30.0,42,42,0,TRACKING,440.5,220.5,51.054,False
SCN_012,849,28.2667,TGT_001,COMMUNICATION_TARGET,true,441.5,221.5,441.5,221.5,0.0,0.0,189,189,0,TRACKING,446.0,271.0,49.704,True
SCN_012,849,28.2667,TGT_002,DECOY_TARGET,false,,,,,0.0,0.0,799,0,50,LOST,635.0,289.0,,False
SCN_012,849,28.2667,TGT_003,DECOY_TARGET,true,447.0,272.0,447.0,272.0,-30.0,30.0,43,43,0,TRACKING,440.5,220.5,51.909,False
SCN_012,850,28.3,TGT_001,COMMUNICATION_TARGET,true,441.5,221.5,441.5,221.5,0.0,0.0,190,190,0,TRACKING,446.0,272.0,50.7,True
SCN_012,850,28.3,TGT_002,DECOY_TARGET,false,,,,,0.0,0.0,799,0,51,LOST,635.0,289.0,,False
SCN_012,850,28.3,TGT_003,DECOY_TARGET,true,447.0,273.0,447.0,273.0,0.0,30.0,44,44,0,TRACKING,440.5,220.5,52.901,False
SCN_012,851,28.3333,TGT_001,COMMUNICATION_TARGET,true,441.5,221.5,441.5,221.5,0.0,0.0,191,191,0,TRACKING,446.0,273.0,51.696,True
SCN_012,851,28.3333,TGT_002,DECOY_TARGET,false,,,,,0.0,0.0,799,0,52,LOST,635.0,289.0,,False
SCN_012,851,28.3333,TGT_003,DECOY_TARGET,true,447.0,274.0,447.0,274.0,0.0,30.0,45,45,0,TRACKING,440.5,220.5,53.893,False
SCN_012,852,28.3667,TGT_001,COMMUNICATION_TARGET,true,441.5,221.5,441.5,221.5,0.0,0.0,192,192,0,TRACKING,446.0,274.0,52.693,True
SCN_012,852,28.3667,TGT_002,DECOY_TARGET,false,,,,,0.0,0.0,799,0,53,LOST,635.0,289.0,,False
SCN_012,852,28.3667,TGT_003,DECOY_TARGET,true,447.0,275.0,447.0,275.0,0.0,30.0,46,46,0,TRACKING,440.5,220.5,54.886,False
SCN_012,853,28.4,TGT_001,COMMUNICATION_TARGET,true,441.5,221.5,441.5,221.5,0.0,0.0,193,193,0,TRACKING,445.0,275.0,53.614,True
SCN_012,853,28.4,TGT_002,DECOY_TARGET,false,,,,,0.0,0.0,799,0,54,LOST,635.0,290.0,,False
SCN_012,853,28.4,TGT_003,DECOY_TARGET,true,446.0,276.0,446.0,276.0,-30.0,30.0,47,47,0,TRACKING,440.5,220.5,55.772,False
SCN_012,854,28.4333,TGT_001,COMMUNICATION_TARGET,true,441.5,221.5,441.5,221.5,0.0,0.0,194,194,0,TRACKING,445.0,276.0,54.612,True
SCN_012,854,28.4333,TGT_002,DECOY_TARGET,false,,,,,0.0,0.0,799,0,55,LOST,635.0,290.0,,False
SCN_012,854,28.4333,TGT_003,DECOY_TARGET,true,446.0,277.0,446.0,277.0,0.0,30.0,48,48,0,TRACKING,440.5,220.5,56.767,False
SCN_012,855,28.4667,TGT_001,COMMUNICATION_TARGET,true,441.5,221.5,441.5,221.5,0.0,0.0,195,195,0,TRACKING,445.0,277.0,55.61,True
SCN_012,855,28.4667,TGT_002,DECOY_TARGET,false,,,,,0.0,0.0,799,0,56,LOST,635.0,290.0,,False
SCN_012,855,28.4667,TGT_003,DECOY_TARGET,true,446.0,278.0,446.0,278.0,0.0,30.0,49,49,0,TRACKING,440.5,220.5,57.762,False
SCN_012,856,28.5,TGT_001,COMMUNICATION_TARGET,true,441.5,221.5,441.5,221.5,0.0,0.0,196,196,0,TRACKING,444.0,278.0,56.555,True
SCN_012,856,28.5,TGT_002,DECOY_TARGET,false,,,,,0.0,0.0,799,0,57,LOST,635.0,290.0,,False
SCN_012,856,28.5,TGT_003,DECOY_TARGET,true,445.0,279.0,445.0,279.0,-30.0,30.0,50,50,0,TRACKING,440.5,220.5,58.673,False
SCN_012,857,28.5333,TGT_001,COMMUNICATION_TARGET,true,441.5,221.5,441.5,221.5,0.0,0.0,197,197,0,TRACKING,444.0,279.0,57.554,True
SCN_012,857,28.5333,TGT_002,DECOY_TARGET,false,,,,,0.0,0.0,799,0,58,LOST,635.0,290.0,,False
SCN_012,857,28.5333,TGT_003,DECOY_TARGET,true,445.0,280.0,445.0,280.0,0.0,30.0,51,51,0,TRACKING,440.5,220.5,59.67,False
SCN_012,858,28.5667,TGT_001,COMMUNICATION_TARGET,true,441.5,221.5,441.5,221.5,0.0,0.0,198,198,0,TRACKING,444.0,280.0,58.553,True
SCN_012,858,28.5667,TGT_002,DECOY_TARGET,false,,,,,0.0,0.0,799,0,59,LOST,635.0,290.0,,False
SCN_012,858,28.5667,TGT_003,DECOY_TARGET,true,445.0,281.0,445.0,281.0,0.0,30.0,52,52,0,TRACKING,440.5,220.5,60.667,False
SCN_012,859,28.6,TGT_001,COMMUNICATION_TARGET,true,441.5,220.5,441.5,220.5,0.0,-30.0,199,199,0,TRACKING,444.0,281.0,60.552,True
SCN_012,859,28.6,TGT_002,DECOY_TARGET,false,,,,,0.0,0.0,799,0,60,LOST,635.0,290.0,,False
SCN_012,859,28.6,TGT_003,DECOY_TARGET,true,445.0,282.0,445.0,282.0,0.0,30.0,53,53,0,TRACKING,440.5,219.5,62.662,False
SCN_012,860,28.6333,TGT_001,COMMUNICATION_TARGET,true,441.5,220.5,441.5,220.5,0.0,0.0,200,200,0,TRACKING,443.0,281.0,60.519,True
SCN_012,860,28.6333,TGT_002,DECOY_TARGET,false,,,,,0.0,0.0,799,0,61,LOST,635.0,290.0,,False
SCN_012,860,28.6333,TGT_003,DECOY_TARGET,true,444.0,282.0,444.0,282.0,-30.0,0.0,54,54,0,TRACKING,440.5,219.5,62.598,False
SCN_012,861,28.6667,TGT_001,COMMUNICATION_TARGET,true,441.5,220.5,441.5,220.5,0.0,0.0,201,201,0,TRACKING,443.0,282.0,61.518,True
SCN_012,861,28.6667,TGT_002,DECOY_TARGET,false,,,,,0.0,0.0,799,0,62,LOST,635.0,290.0,,False
SCN_012,861,28.6667,TGT_003,DECOY_TARGET,true,444.0,283.0,444.0,283.0,0.0,30.0,55,55,0,TRACKING,440.5,219.5,63.596,False
SCN_012,862,28.7,TGT_001,COMMUNICATION_TARGET,true,441.5,220.5,441.5,220.5,0.0,0.0,202,202,0,TRACKING,443.0,283.0,62.518,True
SCN_012,862,28.7,TGT_002,DECOY_TARGET,false,,,,,0.0,0.0,799,0,63,LOST,635.0,290.0,,False
SCN_012,862,28.7,TGT_003,DECOY_TARGET,true,444.0,284.0,444.0,284.0,0.0,30.0,56,56,0,TRACKING,440.5,219.5,64.595,False
SCN_012,863,28.7333,TGT_001,COMMUNICATION_TARGET,true,441.5,220.5,441.5,220.5,0.0,0.0,203,203,0,TRACKING,442.0,284.0,63.502,True
SCN_012,863,28.7333,TGT_002,DECOY_TARGET,false,,,,,0.0,0.0,799,0,64,LOST,635.0,290.0,,False
SCN_012,863,28.7333,TGT_003,DECOY_TARGET,true,443.0,285.0,443.0,285.0,-30.0,30.0,57,57,0,TRACKING,440.5,219.5,65.548,False
SCN_012,864,28.7667,TGT_001,COMMUNICATION_TARGET,true,441.5,220.5,441.5,220.5,0.0,0.0,204,204,0,TRACKING,442.0,285.0,64.502,True
SCN_012,864,28.7667,TGT_002,DECOY_TARGET,false,,,,,0.0,0.0,799,0,65,LOST,635.0,290.0,,False
SCN_012,864,28.7667,TGT_003,DECOY_TARGET,true,443.0,286.0,443.0,286.0,0.0,30.0,58,58,0,TRACKING,440.5,219.5,66.547,False
SCN_012,865,28.8,TGT_001,COMMUNICATION_TARGET,true,441.5,220.5,441.5,220.5,0.0,0.0,205,205,0,TRACKING,442.0,286.0,65.502,True
SCN_012,865,28.8,TGT_002,DECOY_TARGET,false,,,,,0.0,0.0,799,0,66,LOST,635.0,290.0,,False
SCN_012,865,28.8,TGT_003,DECOY_TARGET,true,443.0,287.0,443.0,287.0,0.0,30.0,59,59,0,TRACKING,440.5,219.5,67.546,False
SCN_012,866,28.8333,TGT_001,COMMUNICATION_TARGET,true,441.5,220.5,441.5,220.5,0.0,0.0,206,206,0,TRACKING,441.0,287.0,66.502,True
SCN_012,866,28.8333,TGT_002,DECOY_TARGET,false,,,,,0.0,0.0,799,0,67,LOST,635.0,290.0,,False
SCN_012,866,28.8333,TGT_003,DECOY_TARGET,true,442.0,288.0,442.0,288.0,-30.0,30.0,60,60,0,TRACKING,440.5,219.5,68.516,False
SCN_012,867,28.8667,TGT_001,COMMUNICATION_TARGET,true,441.5,220.5,441.5,220.5,0.0,0.0,207,207,0,TRACKING,441.0,288.0,67.502,True
SCN_012,867,28.8667,TGT_002,DECOY_TARGET,false,,,,,0.0,0.0,799,0,68,LOST,635.0,290.0,,False
SCN_012,867,28.8667,TGT_003,DECOY_TARGET,true,442.0,289.0,442.0,289.0,0.0,30.0,61,61,0,TRACKING,440.5,219.5,69.516,False
SCN_012,868,28.9,TGT_001,COMMUNICATION_TARGET,true,441.5,220.5,441.5,220.5,0.0,0.0,208,208,0,TRACKING,440.0,289.0,68.516,True
SCN_012,868,28.9,TGT_002,DECOY_TARGET,false,,,,,0.0,0.0,799,0,69,LOST,635.0,290.0,,False
SCN_012,868,28.9,TGT_003,DECOY_TARGET,true,441.0,290.0,441.0,290.0,-30.0,30.0,62,62,0,TRACKING,440.5,219.5,70.502,False
SCN_012,869,28.9333,TGT_001,COMMUNICATION_TARGET,true,441.5,220.5,441.5,220.5,0.0,0.0,209,209,0,TRACKING,440.0,290.0,69.516,True
SCN_012,869,28.9333,TGT_002,DECOY_TARGET,false,,,,,0.0,0.0,799,0,70,LOST,635.0,290.0,,False
SCN_012,869,28.9333,TGT_003,DECOY_TARGET,true,441.0,291.0,441.0,291.0,0.0,30.0,63,63,0,TRACKING,440.5,219.5,71.502,False
SCN_012,870,28.9667,TGT_001,COMMUNICATION_TARGET,true,441.5,220.5,441.5,220.5,0.0,0.0,210,210,0,TRACKING,440.0,291.0,70.516,True
SCN_012,870,28.9667,TGT_002,DECOY_TARGET,false,,,,,0.0,0.0,799,0,71,LOST,635.0,290.0,,False
SCN_012,870,28.9667,TGT_003,DECOY_TARGET,true,441.0,292.0,441.0,292.0,0.0,30.0,64,64,0,TRACKING,440.5,219.5,72.502,False
SCN_012,871,29.0,TGT_001,COMMUNICATION_TARGET,true,441.5,220.5,441.5,220.5,0.0,0.0,211,211,0,TRACKING,439.0,292.0,71.544,True
SCN_012,871,29.0,TGT_002,DECOY_TARGET,false,,,,,0.0,0.0,799,0,72,LOST,635.0,291.0,,False
SCN_012,871,29.0,TGT_003,DECOY_TARGET,true,440.0,293.0,440.0,293.0,-30.0,30.0,65,65,0,TRACKING,440.5,219.5,73.502,False
SCN_012,872,29.0333,TGT_001,COMMUNICATION_TARGET,true,441.5,220.5,441.5,220.5,0.0,0.0,212,212,0,TRACKING,439.0,293.0,72.543,True
SCN_012,872,29.0333,TGT_002,DECOY_TARGET,false,,,,,0.0,0.0,799,0,73,LOST,635.0,291.0,,False
SCN_012,872,29.0333,TGT_003,DECOY_TARGET,true,440.0,294.0,440.0,294.0,0.0,30.0,66,66,0,TRACKING,440.5,219.5,74.502,False
SCN_012,873,29.0667,TGT_001,COMMUNICATION_TARGET,true,441.5,220.5,441.5,220.5,0.0,0.0,213,213,0,TRACKING,438.0,294.0,73.583,True
SCN_012,873,29.0667,TGT_002,DECOY_TARGET,false,,,,,0.0,0.0,799,0,74,LOST,635.0,291.0,,False
SCN_012,873,29.0667,TGT_003,DECOY_TARGET,true,439.0,295.0,439.0,295.0,-30.0,30.0,67,67,0,TRACKING,440.5,219.5,75.515,False
SCN_012,874,29.1,TGT_001,COMMUNICATION_TARGET,true,441.5,220.5,441.5,220.5,0.0,0.0,214,214,0,TRACKING,438.0,294.0,73.583,True
SCN_012,874,29.1,TGT_002,DECOY_TARGET,false,,,,,0.0,0.0,799,0,75,LOST,635.0,291.0,,False
SCN_012,874,29.1,TGT_003,DECOY_TARGET,true,439.0,295.0,439.0,295.0,0.0,0.0,68,68,0,TRACKING,440.5,219.5,75.515,False
SCN_012,875,29.1333,TGT_001,COMMUNICATION_TARGET,true,441.5,220.5,441.5,220.5,0.0,0.0,215,215,0,TRACKING,438.0,295.0,74.582,True
SCN_012,875,29.1333,TGT_002,DECOY_TARGET,false,,,,,0.0,0.0,799,0,76,LOST,635.0,291.0,,False
SCN_012,875,29.1333,TGT_003,DECOY_TARGET,true,439.0,296.0,439.0,296.0,0.0,30.0,69,69,0,TRACKING,440.5,219.5,76.515,False
SCN_012,876,29.1667,TGT_001,COMMUNICATION_TARGET,true,441.5,220.5,441.5,220.5,0.0,0.0,216,216,0,TRACKING,437.0,296.0,75.634,True
SCN_012,876,29.1667,TGT_002,DECOY_TARGET,false,,,,,0.0,0.0,799,0,77,LOST,635.0,291.0,,False
SCN_012,876,29.1667,TGT_003,DECOY_TARGET,true,438.0,297.0,438.0,297.0,-30.0,30.0,70,70,0,TRACKING,440.5,219.5,77.54,False
SCN_012,877,29.2,TGT_001,COMMUNICATION_TARGET,true,441.5,220.5,441.5,220.5,0.0,0.0,217,217,0,TRACKING,437.0,297.0,76.632,True
SCN_012,877,29.2,TGT_002,DECOY_TARGET,false,,,,,0.0,0.0,799,0,78,LOST,635.0,291.0,,False
SCN_012,877,29.2,TGT_003,DECOY_TARGET,true,438.0,298.0,438.0,298.0,0.0,30.0,71,71,0,TRACKING,440.5,219.5,78.54,False
SCN_012,878,29.2333,TGT_001,COMMUNICATION_TARGET,true,441.5,220.5,441.5,220.5,0.0,0.0,218,218,0,TRACKING,436.0,298.0,77.695,True
SCN_012,878,29.2333,TGT_002,DECOY_TARGET,false,,,,,0.0,0.0,799,0,79,LOST,635.0,291.0,,False
SCN_012,878,29.2333,TGT_003,DECOY_TARGET,true,437.0,299.0,437.0,299.0,-30.0,30.0,72,72,0,TRACKING,440.5,219.5,79.577,False
SCN_012,879,29.2667,TGT_001,COMMUNICATION_TARGET,true,441.5,220.5,441.5,220.5,0.0,0.0,219,219,0,TRACKING,436.0,299.0,78.692,True
SCN_012,879,29.2667,TGT_002,DECOY_TARGET,false,,,,,0.0,0.0,799,0,80,LOST,635.0,291.0,,False
SCN_012,879,29.2667,TGT_003,DECOY_TARGET,true,437.0,300.0,437.0,300.0,0.0,30.0,73,73,0,TRACKING,440.5,219.5,80.576,False
SCN_012,880,29.3,TGT_001,COMMUNICATION_TARGET,true,441.5,220.5,441.5,220.5,0.0,0.0,220,220,0,TRACKING,435.0,300.0,79.765,True
SCN_012,880,29.3,TGT_002,DECOY_TARGET,false,,,,,0.0,0.0,799,0,81,LOST,635.0,291.0,,False
SCN_012,880,29.3,TGT_003,DECOY_TARGET,true,436.0,301.0,436.0,301.0,-30.0,30.0,74,74,0,TRACKING,440.5,219.5,81.624,False
SCN_012,881,29.3333,TGT_001,COMMUNICATION_TARGET,true,441.5,220.5,441.5,220.5,0.0,0.0,221,221,0,TRACKING,435.0,301.0,80.762,True
SCN_012,881,29.3333,TGT_002,DECOY_TARGET,false,,,,,0.0,0.0,799,0,82,LOST,635.0,291.0,,False
SCN_012,881,29.3333,TGT_003,DECOY_TARGET,true,436.0,302.0,436.0,302.0,0.0,30.0,75,75,0,TRACKING,440.5,219.5,82.623,False
SCN_012,882,29.3667,TGT_001,COMMUNICATION_TARGET,true,441.5,220.5,441.5,220.5,0.0,0.0,222,222,0,TRACKING,434.0,302.0,81.844,True
SCN_012,882,29.3667,TGT_002,DECOY_TARGET,false,,,,,0.0,0.0,799,0,83,LOST,635.0,291.0,,False
SCN_012,882,29.3667,TGT_003,DECOY_TARGET,true,435.0,303.0,435.0,303.0,-30.0,30.0,76,76,0,TRACKING,440.5,219.5,83.681,False
SCN_012,883,29.4,TGT_001,COMMUNICATION_TARGET,true,441.5,220.5,441.5,220.5,0.0,0.0,223,223,0,TRACKING,434.0,302.0,81.844,True
SCN_012,883,29.4,TGT_002,DECOY_TARGET,false,,,,,0.0,0.0,799,0,84,LOST,635.0,291.0,,False
SCN_012,883,29.4,TGT_003,DECOY_TARGET,true,435.0,303.0,435.0,303.0,0.0,0.0,77,77,0,TRACKING,440.5,219.5,83.681,False
SCN_012,884,29.4333,TGT_001,COMMUNICATION_TARGET,true,441.5,220.5,441.5,220.5,0.0,0.0,224,224,0,TRACKING,434.0,303.0,82.84,True
SCN_012,884,29.4333,TGT_002,DECOY_TARGET,false,,,,,0.0,0.0,799,0,85,LOST,635.0,291.0,,False
SCN_012,884,29.4333,TGT_003,DECOY_TARGET,true,435.0,304.0,435.0,304.0,0.0,30.0,78,78,0,TRACKING,440.5,219.5,84.679,False
SCN_012,885,29.4667,TGT_001,COMMUNICATION_TARGET,true,441.5,220.5,441.5,220.5,0.0,0.0,225,225,0,TRACKING,433.0,304.0,83.932,True
SCN_012,885,29.4667,TGT_002,DECOY_TARGET,false,,,,,0.0,0.0,799,0,86,LOST,635.0,291.0,,False
SCN_012,885,29.4667,TGT_003,DECOY_TARGET,true,434.0,305.0,434.0,305.0,-30.0,30.0,79,79,0,TRACKING,440.5,219.5,85.747,False
SCN_012,886,29.5,TGT_001,COMMUNICATION_TARGET,true,441.5,220.5,441.5,220.5,0.0,0.0,226,226,0,TRACKING,433.0,305.0,84.926,True
SCN_012,886,29.5,TGT_002,DECOY_TARGET,false,,,,,0.0,0.0,799,0,87,LOST,635.0,291.0,,False
SCN_012,886,29.5,TGT_003,DECOY_TARGET,true,434.0,306.0,434.0,306.0,0.0,30.0,80,80,0,TRACKING,440.5,219.5,86.744,False
SCN_012,887,29.5333,TGT_001,COMMUNICATION_TARGET,true,441.5,220.5,441.5,220.5,0.0,0.0,227,227,0,TRACKING,432.0,306.0,86.026,True
SCN_012,887,29.5333,TGT_002,DECOY_TARGET,false,,,,,0.0,0.0,799,0,88,LOST,635.0,291.0,,False
SCN_012,887,29.5333,TGT_003,DECOY_TARGET,true,433.0,307.0,433.0,307.0,-30.0,30.0,81,81,0,TRACKING,440.5,219.5,87.821,False
SCN_012,888,29.5667,TGT_001,COMMUNICATION_TARGET,true,441.5,220.5,441.5,220.5,0.0,0.0,228,228,0,TRACKING,432.0,307.0,87.02,True
SCN_012,888,29.5667,TGT_002,DECOY_TARGET,false,,,,,0.0,0.0,799,0,89,LOST,635.0,292.0,,False
SCN_012,888,29.5667,TGT_003,DECOY_TARGET,true,433.0,308.0,433.0,308.0,0.0,30.0,82,82,0,TRACKING,440.5,219.5,88.817,False
SCN_012,889,29.6,TGT_001,COMMUNICATION_TARGET,true,441.5,220.5,441.5,220.5,0.0,0.0,229,229,0,TRACKING,431.0,308.0,88.128,True
SCN_012,889,29.6,TGT_002,DECOY_TARGET,false,,,,,0.0,0.0,799,0,90,LOST,635.0,292.0,,False
SCN_012,889,29.6,TGT_003,DECOY_TARGET,true,432.0,309.0,432.0,309.0,-30.0,30.0,83,83,0,TRACKING,440.5,219.5,89.903,False
SCN_012,890,29.6333,TGT_001,COMMUNICATION_TARGET,true,441.5,220.5,441.5,220.5,0.0,0.0,230,230,0,TRACKING,430.0,309.0,89.244,True
SCN_012,890,29.6333,TGT_002,DECOY_TARGET,false,,,,,0.0,0.0,799,0,91,LOST,635.0,292.0,,False
SCN_012,890,29.6333,TGT_003,DECOY_TARGET,true,431.0,310.0,431.0,310.0,-30.0,30.0,84,84,0,TRACKING,440.5,219.5,90.997,False
SCN_012,891,29.6667,TGT_001,COMMUNICATION_TARGET,true,441.5,220.5,441.5,220.5,0.0,0.0,231,231,0,TRACKING,430.0,309.0,89.244,True
SCN_012,891,29.6667,TGT_002,DECOY_TARGET,false,,,,,0.0,0.0,799,0,92,LOST,635.0,292.0,,False
SCN_012,891,29.6667,TGT_003,DECOY_TARGET,true,431.0,310.0,431.0,310.0,0.0,0.0,85,85,0,TRACKING,440.5,219.5,90.997,False
SCN_012,892,29.7,TGT_001,COMMUNICATION_TARGET,true,441.5,220.5,441.5,220.5,0.0,0.0,232,232,0,TRACKING,429.0,310.0,90.369,True
SCN_012,892,29.7,TGT_002,DECOY_TARGET,false,,,,,0.0,0.0,799,0,93,LOST,635.0,292.0,,False
SCN_012,892,29.7,TGT_003,DECOY_TARGET,true,430.0,311.0,430.0,311.0,-30.0,30.0,86,86,0,TRACKING,440.5,219.5,92.1,False
SCN_012,893,29.7333,TGT_001,COMMUNICATION_TARGET,true,441.5,220.5,441.5,220.5,0.0,0.0,233,233,0,TRACKING,429.0,311.0,91.359,True
SCN_012,893,29.7333,TGT_002,DECOY_TARGET,false,,,,,0.0,0.0,799,0,94,LOST,635.0,292.0,,False
SCN_012,893,29.7333,TGT_003,DECOY_TARGET,true,430.0,312.0,430.0,312.0,0.0,30.0,87,87,0,TRACKING,440.5,219.5,93.094,False
SCN_012,894,29.7667,TGT_001,COMMUNICATION_TARGET,true,441.5,220.5,441.5,220.5,0.0,0.0,234,234,0,TRACKING,428.0,312.0,92.491,True
SCN_012,894,29.7667,TGT_002,DECOY_TARGET,false,,,,,0.0,0.0,799,0,95,LOST,635.0,292.0,,False
SCN_012,894,29.7667,TGT_003,DECOY_TARGET,true,429.0,313.0,429.0,313.0,-30.0,30.0,88,88,0,TRACKING,440.5,219.5,94.205,False
SCN_012,895,29.8,TGT_001,COMMUNICATION_TARGET,true,441.5,220.5,441.5,220.5,0.0,0.0,235,235,0,TRACKING,428.0,313.0,93.48,True
SCN_012,895,29.8,TGT_002,DECOY_TARGET,false,,,,,0.0,0.0,799,0,96,LOST,635.0,292.0,,False
SCN_012,895,29.8,TGT_003,DECOY_TARGET,true,429.0,314.0,429.0,314.0,0.0,30.0,89,89,0,TRACKING,440.5,219.5,95.197,False
SCN_012,896,29.8333,TGT_001,COMMUNICATION_TARGET,true,441.5,220.5,441.5,220.5,0.0,0.0,236,236,0,TRACKING,427.0,314.0,94.618,True
SCN_012,896,29.8333,TGT_002,DECOY_TARGET,false,,,,,0.0,0.0,799,0,97,LOST,635.0,292.0,,False
SCN_012,896,29.8333,TGT_003,DECOY_TARGET,true,428.0,315.0,428.0,315.0,-30.0,30.0,90,90,0,TRACKING,440.5,219.5,96.315,False
SCN_012,897,29.8667,TGT_001,COMMUNICATION_TARGET,true,441.5,221.5,441.5,221.5,0.0,30.0,237,237,0,TRACKING,427.0,314.0,93.63,True
SCN_012,897,29.8667,TGT_002,DECOY_TARGET,false,,,,,0.0,0.0,799,0,98,LOST,635.0,292.0,,False
SCN_012,897,29.8667,TGT_003,DECOY_TARGET,true,428.0,315.0,428.0,315.0,0.0,0.0,91,91,0,TRACKING,440.5,220.5,95.323,False
SCN_012,898,29.9,TGT_001,COMMUNICATION_TARGET,true,441.5,221.5,441.5,221.5,0.0,0.0,238,238,0,TRACKING,426.0,315.0,94.776,True
SCN_012,898,29.9,TGT_002,DECOY_TARGET,false,,,,,0.0,0.0,799,0,99,LOST,635.0,292.0,,False
SCN_012,898,29.9,TGT_003,DECOY_TARGET,true,427.0,316.0,427.0,316.0,-30.0,30.0,92,92,0,TRACKING,440.5,220.5,96.449,False
SCN_012,899,29.9333,TGT_001,COMMUNICATION_TARGET,true,441.5,221.5,441.5,221.5,0.0,0.0,239,239,0,TRACKING,425.0,316.0,95.93,True
SCN_012,899,29.9333,TGT_002,DECOY_TARGET,false,,,,,0.0,0.0,799,0,100,LOST,635.0,292.0,,False
SCN_012,899,29.9333,TGT_003,DECOY_TARGET,true,426.0,317.0,426.0,317.0,-30.0,30.0,93,93,0,TRACKING,440.5,220.5,97.583,False
SCN_012,900,29.9667,TGT_001,COMMUNICATION_TARGET,true,441.5,221.5,441.5,221.5,0.0,0.0,240,240,0,TRACKING,425.0,317.0,96.915,True
SCN_012,900,29.9667,TGT_002,DECOY_TARGET,false,,,,,0.0,0.0,799,0,101,LOST,635.0,292.0,,False
SCN_012,900,29.9667,TGT_003,DECOY_TARGET,true,426.0,318.0,426.0,318.0,0.0,30.0,94,94,0,TRACKING,440.5,220.5,98.572,False
