scenario_id,frame_id,timestamp,visible,detected,detected_center_x,detected_center_y,tracked_x,tracked_y,velocity_x,velocity_y,track_age,consecutive_hits,consecutive_misses,tracking_status,gt_center_x,gt_center_y,tracking_error_x,tracking_error_y,tracking_error
SCN_002,1,0.0,true,true,481.0,241.0,481.0,241.0,0.0,0.0,1,1,0,ACQUIRING,480.0,240.0,1.0,1.0,1.4142135623730951
SCN_002,2,0.0333,true,true,481.0,243.0,481.0,243.0,0.0,60.0,2,2,0,ACQUIRING,480.0,242.0,1.0,1.0,1.4142135623730951
SCN_002,3,0.0667,true,true,481.0,245.0,481.0,245.0,0.0,60.0,3,3,0,TRACKING,480.0,244.0,1.0,1.0,1.4142135623730951
SCN_002,4,0.1,true,true,481.0,248.0,481.0,248.0,0.0,90.0,4,4,0,TRACKING,480.0,247.0,1.0,1.0,1.4142135623730951
SCN_002,5,0.1333,true,true,481.0,250.0,481.0,250.0,0.0,60.0,5,5,0,TRACKING,480.0,249.0,1.0,1.0,1.4142135623730951
SCN_002,6,0.1667,true,true,481.0,252.0,481.0,252.0,0.0,60.0,6,6,0,TRACKING,480.0,251.0,1.0,1.0,1.4142135623730951
SCN_002,7,0.2,true,true,480.0,254.0,480.0,254.0,-30.0,60.0,7,7,0,TRACKING,479.0,253.0,1.0,1.0,1.4142135623730951
SCN_002,8,0.2333,true,true,480.0,257.0,480.0,257.0,0.0,90.0,8,8,0,TRACKING,479.0,256.0,1.0,1.0,1.4142135623730951
SCN_002,9,0.2667,true,true,480.0,259.0,480.0,259.0,0.0,60.0,9,9,0,TRACKING,479.0,258.0,1.0,1.0,1.4142135623730951
SCN_002,10,0.3,true,true,480.0,261.0,480.0,261.0,0.0,60.0,10,10,0,TRACKING,479.0,260.0,1.0,1.0,1.4142135623730951
SCN_002,11,0.3333,true,true,479.0,263.0,479.0,263.0,-30.0,60.0,11,11,0,TRACKING,478.0,262.0,1.0,1.0,1.4142135623730951
SCN_002,12,0.3667,true,true,479.0,265.0,479.0,265.0,0.0,60.0,12,12,0,TRACKING,478.0,264.0,1.0,1.0,1.4142135623730951
SCN_002,13,0.4,true,true,479.0,268.0,479.0,268.0,0.0,90.0,13,13,0,TRACKING,478.0,267.0,1.0,1.0,1.4142135623730951
SCN_002,14,0.4333,true,true,478.0,270.0,478.0,270.0,-30.0,60.0,14,14,0,TRACKING,477.0,269.0,1.0,1.0,1.4142135623730951
SCN_002,15,0.4667,true,true,478.0,272.0,478.0,272.0,0.0,60.0,15,15,0,TRACKING,477.0,271.0,1.0,1.0,1.4142135623730951
SCN_002,16,0.5,true,true,478.0,274.0,478.0,274.0,0.0,60.0,16,16,0,TRACKING,477.0,273.0,1.0,1.0,1.4142135623730951
SCN_002,17,0.5333,true,true,477.0,276.0,477.0,276.0,-30.0,60.0,17,17,0,TRACKING,476.0,275.0,1.0,1.0,1.4142135623730951
SCN_002,18,0.5667,true,true,477.0,279.0,477.0,279.0,0.0,90.0,18,18,0,TRACKING,476.0,278.0,1.0,1.0,1.4142135623730951
SCN_002,19,0.6,true,true,476.0,281.0,476.0,281.0,-30.0,60.0,19,19,0,TRACKING,475.0,280.0,1.0,1.0,1.4142135623730951
SCN_002,20,0.6333,true,true,475.0,283.0,475.0,283.0,-30.0,60.0,20,20,0,TRACKING,474.0,282.0,1.0,1.0,1.4142135623730951
SCN_002,21,0.6667,true,true,475.0,285.0,475.0,285.0,0.0,60.0,21,21,0,TRACKING,474.0,284.0,1.0,1.0,1.4142135623730951
SCN_002,22,0.7,true,true,474.0,287.0,474.0,287.0,-30.0,60.0,22,22,0,TRACKING,473.0,286.0,1.0,1.0,1.4142135623730951
SCN_002,23,0.7333,true,true,474.0,289.0,474.0,289.0,0.0,60.0,23,23,0,TRACKING,473.0,288.0,1.0,1.0,1.4142135623730951
SCN_002,24,0.7667,true,true,473.0,292.0,473.0,292.0,-30.0,90.0,24,24,0,TRACKING,472.0,291.0,1.0,1.0,1.4142135623730951
SCN_002,25,0.8,true,true,472.0,294.0,472.0,294.0,-30.0,60.0,25,25,0,TRACKING,471.0,293.0,1.0,1.0,1.4142135623730951
SCN_002,26,0.8333,true,true,471.0,296.0,471.0,296.0,-30.0,60.0,26,26,0,TRACKING,470.0,295.0,1.0,1.0,1.4142135623730951
SCN_002,27,0.8667,true,true,471.0,298.0,471.0,298.0,0.0,60.0,27,27,0,TRACKING,470.0,297.0,1.0,1.0,1.4142135623730951
SCN_002,28,0.9,true,true,470.0,300.0,470.0,300.0,-30.0,60.0,28,28,0,TRACKING,469.0,299.0,1.0,1.0,1.4142135623730951
SCN_002,29,0.9333,true,true,469.0,302.0,469.0,302.0,-30.0,60.0,29,29,0,TRACKING,468.0,301.0,1.0,1.0,1.4142135623730951
SCN_002,30,0.9667,true,true,468.0,304.0,468.0,304.0,-30.0,60.0,30,30,0,TRACKING,467.0,303.0,1.0,1.0,1.4142135623730951
SCN_002,31,1.0,true,true,467.0,306.0,467.0,306.0,-30.0,60.0,31,31,0,TRACKING,466.0,305.0,1.0,1.0,1.4142135623730951
SCN_002,32,1.0333,true,true,466.0,308.0,466.0,308.0,-30.0,60.0,32,32,0,TRACKING,465.0,307.0,1.0,1.0,1.4142135623730951
SCN_002,33,1.0667,true,true,465.0,310.0,465.0,310.0,-30.0,60.0,33,33,0,TRACKING,464.0,309.0,1.0,1.0,1.4142135623730951
SCN_002,34,1.1,true,true,464.0,312.0,464.0,312.0,-30.0,60.0,34,34,0,TRACKING,463.0,311.0,1.0,1.0,1.4142135623730951
SCN_002,35,1.1333,true,true,463.0,314.0,463.0,314.0,-30.0,60.0,35,35,0,TRACKING,462.0,313.0,1.0,1.0,1.4142135623730951
SCN_002,36,1.1667,true,true,462.0,316.0,462.0,316.0,-30.0,60.0,36,36,0,TRACKING,461.0,315.0,1.0,1.0,1.4142135623730951
SCN_002,37,1.2,true,true,461.0,318.0,461.0,318.0,-30.0,60.0,37,37,0,TRACKING,460.0,317.0,1.0,1.0,1.4142135623730951
SCN_002,38,1.2333,true,true,460.0,320.0,460.0,320.0,-30.0,60.0,38,38,0,TRACKING,459.0,319.0,1.0,1.0,1.4142135623730951
SCN_002,39,1.2667,true,true,459.0,322.0,459.0,322.0,-30.0,60.0,39,39,0,TRACKING,458.0,321.0,1.0,1.0,1.4142135623730951
SCN_002,40,1.3,true,true,458.0,324.0,458.0,324.0,-30.0,60.0,40,40,0,TRACKING,457.0,323.0,1.0,1.0,1.4142135623730951
SCN_002,41,1.3333,true,true,457.0,326.0,457.0,326.0,-30.0,60.0,41,41,0,TRACKING,456.0,325.0,1.0,1.0,1.4142135623730951
SCN_002,42,1.3667,true,true,455.0,328.0,455.0,328.0,-60.0,60.0,42,42,0,TRACKING,454.0,327.0,1.0,1.0,1.4142135623730951
SCN_002,43,1.4,true,true,454.0,330.0,454.0,330.0,-30.0,60.0,43,43,0,TRACKING,453.0,329.0,1.0,1.0,1.4142135623730951
SCN_002,44,1.4333,true,true,453.0,331.0,453.0,331.0,-30.0,30.0,44,44,0,TRACKING,452.0,330.0,1.0,1.0,1.4142135623730951
SCN_002,45,1.4667,true,true,452.0,333.0,452.0,333.0,-30.0,60.0,45,45,0,TRACKING,451.0,332.0,1.0,1.0,1.4142135623730951
SCN_002,46,1.5,true,true,450.0,335.0,450.0,335.0,-60.0,60.0,46,46,0,TRACKING,449.0,334.0,1.0,1.0,1.4142135623730951
SCN_002,47,1.5333,true,true,449.0,337.0,449.0,337.0,-30.0,60.0,47,47,0,TRACKING,448.0,336.0,1.0,1.0,1.4142135623730951
SCN_002,48,1.5667,true,true,448.0,339.0,448.0,339.0,-30.0,60.0,48,48,0,TRACKING,447.0,338.0,1.0,1.0,1.4142135623730951
SCN_002,49,1.6,true,true,446.0,340.0,446.0,340.0,-60.0,30.0,49,49,0,TRACKING,445.0,339.0,1.0,1.0,1.4142135623730951
SCN_002,50,1.6333,true,true,445.0,342.0,445.0,342.0,-30.0,60.0,50,50,0,TRACKING,444.0,341.0,1.0,1.0,1.4142135623730951
SCN_002,51,1.6667,true,true,444.0,344.0,444.0,344.0,-30.0,60.0,51,51,0,TRACKING,443.0,343.0,1.0,1.0,1.4142135623730951
SCN_002,52,1.7,true,true,442.0,346.0,442.0,346.0,-60.0,60.0,52,52,0,TRACKING,441.0,345.0,1.0,1.0,1.4142135623730951
SCN_002,53,1.7333,true,true,441.0,347.0,441.0,347.0,-30.0,30.0,53,53,0,TRACKING,440.0,346.0,1.0,1.0,1.4142135623730951
SCN_002,54,1.7667,true,true,439.0,349.0,439.0,349.0,-60.0,60.0,54,54,0,TRACKING,438.0,348.0,1.0,1.0,1.4142135623730951
SCN_002,55,1.8,true,true,438.0,351.0,438.0,351.0,-30.0,60.0,55,55,0,TRACKING,437.0,350.0,1.0,1.0,1.4142135623730951
SCN_002,56,1.8333,true,true,436.0,352.0,436.0,352.0,-60.0,30.0,56,56,0,TRACKING,435.0,351.0,1.0,1.0,1.4142135623730951
SCN_002,57,1.8667,true,true,435.0,354.0,435.0,354.0,-30.0,60.0,57,57,0,TRACKING,434.0,353.0,1.0,1.0,1.4142135623730951
SCN_002,58,1.9,true,true,433.0,355.0,433.0,355.0,-60.0,30.0,58,58,0,TRACKING,432.0,354.0,1.0,1.0,1.4142135623730951
SCN_002,59,1.9333,true,true,431.0,357.0,431.0,357.0,-60.0,60.0,59,59,0,TRACKING,430.0,356.0,1.0,1.0,1.4142135623730951
SCN_002,60,1.9667,true,true,430.0,358.0,430.0,358.0,-30.0,30.0,60,60,0,TRACKING,429.0,357.0,1.0,1.0,1.4142135623730951
SCN_002,61,2.0,true,true,428.0,360.0,428.0,360.0,-60.0,60.0,61,61,0,TRACKING,427.0,359.0,1.0,1.0,1.4142135623730951
SCN_002,62,2.0333,true,true,426.0,361.0,426.0,361.0,-60.0,30.0,62,62,0,TRACKING,425.0,360.0,1.0,1.0,1.4142135623730951
SCN_002,63,2.0667,true,true,425.0,363.0,425.0,363.0,-30.0,60.0,63,63,0,TRACKING,424.0,362.0,1.0,1.0,1.4142135623730951
SCN_002,64,2.1,true,true,423.0,364.0,423.0,364.0,-60.0,30.0,64,64,0,TRACKING,422.0,363.0,1.0,1.0,1.4142135623730951
SCN_002,65,2.1333,true,true,421.0,366.0,421.0,366.0,-60.0,60.0,65,65,0,TRACKING,420.0,365.0,1.0,1.0,1.4142135623730951
SCN_002,66,2.1667,true,true,420.0,367.0,420.0,367.0,-30.0,30.0,66,66,0,TRACKING,419.0,366.0,1.0,1.0,1.4142135623730951
SCN_002,67,2.2,true,true,418.0,368.0,418.0,368.0,-60.0,30.0,67,67,0,TRACKING,417.0,367.0,1.0,1.0,1.4142135623730951
SCN_002,68,2.2333,true,true,416.0,370.0,416.0,370.0,-60.0,60.0,68,68,0,TRACKING,415.0,369.0,1.0,1.0,1.4142135623730951
SCN_002,69,2.2667,true,true,414.0,371.0,414.0,371.0,-60.0,30.0,69,69,0,TRACKING,413.0,370.0,1.0,1.0,1.4142135623730951
SCN_002,70,2.3,true,true,412.0,372.0,412.0,372.0,-60.0,30.0,70,70,0,TRACKING,411.0,371.0,1.0,1.0,1.4142135623730951
SCN_002,71,2.3333,true,true,410.0,374.0,410.0,374.0,-60.0,60.0,71,71,0,TRACKING,409.0,373.0,1.0,1.0,1.4142135623730951
SCN_002,72,2.3667,true,true,409.0,375.0,409.0,375.0,-30.0,30.0,72,72,0,TRACKING,408.0,374.0,1.0,1.0,1.4142135623730951
SCN_002,73,2.4,true,true,407.0,376.0,407.0,376.0,-60.0,30.0,73,73,0,TRACKING,406.0,375.0,1.0,1.0,1.4142135623730951
SCN_002,74,2.4333,true,true,405.0,377.0,405.0,377.0,-60.0,30.0,74,74,0,TRACKING,404.0,376.0,1.0,1.0,1.4142135623730951
SCN_002,75,2.4667,true,true,403.0,378.0,403.0,378.0,-60.0,30.0,75,75,0,TRACKING,402.0,377.0,1.0,1.0,1.4142135623730951
SCN_002,76,2.5,true,true,401.0,380.0,401.0,380.0,-60.0,60.0,76,76,0,TRACKING,400.0,379.0,1.0,1.0,1.4142135623730951
SCN_002,77,2.5333,true,true,399.0,381.0,399.0,381.0,-60.0,30.0,77,77,0,TRACKING,398.0,380.0,1.0,1.0,1.4142135623730951
SCN_002,78,2.5667,true,true,397.0,382.0,397.0,382.0,-60.0,30.0,78,78,0,TRACKING,396.0,381.0,1.0,1.0,1.4142135623730951
SCN_002,79,2.6,true,true,395.0,383.0,395.0,383.0,-60.0,30.0,79,79,0,TRACKING,394.0,382.0,1.0,1.0,1.4142135623730951
SCN_002,80,2.6333,true,true,393.0,384.0,393.0,384.0,-60.0,30.0,80,80,0,TRACKING,392.0,383.0,1.0,1.0,1.4142135623730951
SCN_002,81,2.6667,true,true,391.0,385.0,391.0,385.0,-60.0,30.0,81,81,0,TRACKING,390.0,384.0,1.0,1.0,1.4142135623730951
SCN_002,82,2.7,true,true,389.0,386.0,389.0,386.0,-60.0,30.0,82,82,0,TRACKING,388.0,385.0,1.0,1.0,1.4142135623730951
SCN_002,83,2.7333,true,true,387.0,387.0,387.0,387.0,-60.0,30.0,83,83,0,TRACKING,386.0,386.0,1.0,1.0,1.4142135623730951
SCN_002,84,2.7667,true,true,385.0,388.0,385.0,388.0,-60.0,30.0,84,84,0,TRACKING,384.0,387.0,1.0,1.0,1.4142135623730951
SCN_002,85,2.8,true,true,383.0,388.0,383.0,388.0,-60.0,0.0,85,85,0,TRACKING,382.0,387.0,1.0,1.0,1.4142135623730951
SCN_002,86,2.8333,true,true,381.0,389.0,381.0,389.0,-60.0,30.0,86,86,0,TRACKING,380.0,388.0,1.0,1.0,1.4142135623730951
SCN_002,87,2.8667,true,true,379.0,390.0,379.0,390.0,-60.0,30.0,87,87,0,TRACKING,378.0,389.0,1.0,1.0,1.4142135623730951
SCN_002,88,2.9,true,true,377.0,391.0,377.0,391.0,-60.0,30.0,88,88,0,TRACKING,376.0,390.0,1.0,1.0,1.4142135623730951
SCN_002,89,2.9333,true,true,375.0,392.0,375.0,392.0,-60.0,30.0,89,89,0,TRACKING,374.0,391.0,1.0,1.0,1.4142135623730951
SCN_002,90,2.9667,true,true,373.0,392.0,373.0,392.0,-60.0,0.0,90,90,0,TRACKING,372.0,391.0,1.0,1.0,1.4142135623730951
SCN_002,91,3.0,true,true,370.0,393.0,370.0,393.0,-90.0,30.0,91,91,0,TRACKING,369.0,392.0,1.0,1.0,1.4142135623730951
SCN_002,92,3.0333,true,true,368.0,394.0,368.0,394.0,-60.0,30.0,92,92,0,TRACKING,367.0,393.0,1.0,1.0,1.4142135623730951
SCN_002,93,3.0667,true,true,366.0,394.0,366.0,394.0,-60.0,0.0,93,93,0,TRACKING,365.0,393.0,1.0,1.0,1.4142135623730951
SCN_002,94,3.1,true,true,364.0,395.0,364.0,395.0,-60.0,30.0,94,94,0,TRACKING,363.0,394.0,1.0,1.0,1.4142135623730951
SCN_002,95,3.1333,true,true,362.0,396.0,362.0,396.0,-60.0,30.0,95,95,0,TRACKING,361.0,395.0,1.0,1.0,1.4142135623730951
SCN_002,96,3.1667,true,true,360.0,396.0,360.0,396.0,-60.0,0.0,96,96,0,TRACKING,359.0,395.0,1.0,1.0,1.4142135623730951
SCN_002,97,3.2,true,true,358.0,397.0,358.0,397.0,-60.0,30.0,97,97,0,TRACKING,357.0,396.0,1.0,1.0,1.4142135623730951
SCN_002,98,3.2333,true,true,355.0,397.0,355.0,397.0,-90.0,0.0,98,98,0,TRACKING,354.0,396.0,1.0,1.0,1.4142135623730951
SCN_002,99,3.2667,true,true,353.0,398.0,353.0,398.0,-60.0,30.0,99,99,0,TRACKING,352.0,397.0,1.0,1.0,1.4142135623730951
SCN_002,100,3.3,true,true,351.0,398.0,351.0,398.0,-60.0,0.0,100,100,0,TRACKING,350.0,397.0,1.0,1.0,1.4142135623730951
SCN_002,101,3.3333,true,true,349.0,399.0,349.0,399.0,-60.0,30.0,101,101,0,TRACKING,348.0,398.0,1.0,1.0,1.4142135623730951
SCN_002,102,3.3667,true,true,347.0,399.0,347.0,399.0,-60.0,0.0,102,102,0,TRACKING,346.0,398.0,1.0,1.0,1.4142135623730951
SCN_002,103,3.4,true,true,344.0,399.0,344.0,399.0,-90.0,0.0,103,103,0,TRACKING,343.0,398.0,1.0,1.0,1.4142135623730951
SCN_002,104,3.4333,true,true,342.0,400.0,342.0,400.0,-60.0,30.0,104,104,0,TRACKING,341.0,399.0,1.0,1.0,1.4142135623730951
SCN_002,105,3.4667,true,true,340.0,400.0,340.0,400.0,-60.0,0.0,105,105,0,TRACKING,339.0,399.0,1.0,1.0,1.4142135623730951
SCN_002,106,3.5,true,true,338.0,400.0,338.0,400.0,-60.0,0.0,106,106,0,TRACKING,337.0,399.0,1.0,1.0,1.4142135623730951
SCN_002,107,3.5333,true,true,336.0,400.0,336.0,400.0,-60.0,0.0,107,107,0,TRACKING,335.0,399.0,1.0,1.0,1.4142135623730951
SCN_002,108,3.5667,true,true,333.0,401.0,333.0,401.0,-90.0,30.0,108,108,0,TRACKING,332.0,400.0,1.0,1.0,1.4142135623730951
SCN_002,109,3.6,true,true,331.0,401.0,331.0,401.0,-60.0,0.0,109,109,0,TRACKING,330.0,400.0,1.0,1.0,1.4142135623730951
SCN_002,110,3.6333,true,true,329.0,401.0,329.0,401.0,-60.0,0.0,110,110,0,TRACKING,328.0,400.0,1.0,1.0,1.4142135623730951
SCN_002,111,3.6667,true,true,327.0,401.0,327.0,401.0,-60.0,0.0,111,111,0,TRACKING,326.0,400.0,1.0,1.0,1.4142135623730951
SCN_002,112,3.7,true,true,324.0,401.0,324.0,401.0,-90.0,0.0,112,112,0,TRACKING,323.0,400.0,1.0,1.0,1.4142135623730951
SCN_002,113,3.7333,true,true,322.0,401.0,322.0,401.0,-60.0,0.0,113,113,0,TRACKING,321.0,400.0,1.0,1.0,1.4142135623730951
SCN_002,114,3.7667,true,true,320.0,401.0,320.0,401.0,-60.0,0.0,114,114,0,TRACKING,319.0,400.0,1.0,1.0,1.4142135623730951
SCN_002,115,3.8,true,true,318.0,401.0,318.0,401.0,-60.0,0.0,115,115,0,TRACKING,317.0,400.0,1.0,1.0,1.4142135623730951
SCN_002,116,3.8333,true,true,315.0,401.0,315.0,401.0,-90.0,0.0,116,116,0,TRACKING,314.0,400.0,1.0,1.0,1.4142135623730951
SCN_002,117,3.8667,true,true,313.0,401.0,313.0,401.0,-60.0,0.0,117,117,0,TRACKING,312.0,400.0,1.0,1.0,1.4142135623730951
SCN_002,118,3.9,true,true,311.0,401.0,311.0,401.0,-60.0,0.0,118,118,0,TRACKING,310.0,400.0,1.0,1.0,1.4142135623730951
SCN_002,119,3.9333,true,true,309.0,401.0,309.0,401.0,-60.0,0.0,119,119,0,TRACKING,308.0,400.0,1.0,1.0,1.4142135623730951
SCN_002,120,3.9667,true,true,307.0,400.0,307.0,400.0,-60.0,-30.0,120,120,0,TRACKING,306.0,399.0,1.0,1.0,1.4142135623730951
SCN_002,121,4.0,true,true,304.0,400.0,304.0,400.0,-90.0,0.0,121,121,0,TRACKING,303.0,399.0,1.0,1.0,1.4142135623730951
SCN_002,122,4.0333,true,true,302.0,400.0,302.0,400.0,-60.0,0.0,122,122,0,TRACKING,301.0,399.0,1.0,1.0,1.4142135623730951
SCN_002,123,4.0667,true,true,300.0,400.0,300.0,400.0,-60.0,0.0,123,123,0,TRACKING,299.0,399.0,1.0,1.0,1.4142135623730951
SCN_002,124,4.1,true,true,298.0,399.0,298.0,399.0,-60.0,-30.0,124,124,0,TRACKING,297.0,398.0,1.0,1.0,1.4142135623730951
SCN_002,125,4.1333,true,true,295.0,399.0,295.0,399.0,-90.0,0.0,125,125,0,TRACKING,294.0,398.0,1.0,1.0,1.4142135623730951
SCN_002,126,4.1667,true,true,293.0,399.0,293.0,399.0,-60.0,0.0,126,126,0,TRACKING,292.0,398.0,1.0,1.0,1.4142135623730951
SCN_002,127,4.2,true,true,291.0,398.0,291.0,398.0,-60.0,-30.0,127,127,0,TRACKING,290.0,397.0,1.0,1.0,1.4142135623730951
SCN_002,128,4.2333,true,true,289.0,398.0,289.0,398.0,-60.0,0.0,128,128,0,TRACKING,288.0,397.0,1.0,1.0,1.4142135623730951
SCN_002,129,4.2667,true,true,287.0,397.0,287.0,397.0,-60.0,-30.0,129,129,0,TRACKING,286.0,396.0,1.0,1.0,1.4142135623730951
SCN_002,130,4.3,true,true,284.0,397.0,284.0,397.0,-90.0,0.0,130,130,0,TRACKING,283.0,396.0,1.0,1.0,1.4142135623730951
SCN_002,131,4.3333,true,true,282.0,396.0,282.0,396.0,-60.0,-30.0,131,131,0,TRACKING,281.0,395.0,1.0,1.0,1.4142135623730951
SCN_002,132,4.3667,true,true,280.0,396.0,280.0,396.0,-60.0,0.0,132,132,0,TRACKING,279.0,395.0,1.0,1.0,1.4142135623730951
SCN_002,133,4.4,true,true,278.0,395.0,278.0,395.0,-60.0,-30.0,133,133,0,TRACKING,277.0,394.0,1.0,1.0,1.4142135623730951
SCN_002,134,4.4333,true,true,276.0,394.0,276.0,394.0,-60.0,-30.0,134,134,0,TRACKING,275.0,393.0,1.0,1.0,1.4142135623730951
SCN_002,135,4.4667,true,true,274.0,394.0,274.0,394.0,-60.0,0.0,135,135,0,TRACKING,273.0,393.0,1.0,1.0,1.4142135623730951
SCN_002,136,4.5,true,true,272.0,393.0,272.0,393.0,-60.0,-30.0,136,136,0,TRACKING,271.0,392.0,1.0,1.0,1.4142135623730951
SCN_002,137,4.5333,true,true,269.0,392.0,269.0,392.0,-90.0,-30.0,137,137,0,TRACKING,268.0,391.0,1.0,1.0,1.4142135623730951
SCN_002,138,4.5667,true,true,267.0,392.0,267.0,392.0,-60.0,0.0,138,138,0,TRACKING,266.0,391.0,1.0,1.0,1.4142135623730951
SCN_002,139,4.6,true,true,265.0,391.0,265.0,391.0,-60.0,-30.0,139,139,0,TRACKING,264.0,390.0,1.0,1.0,1.4142135623730951
SCN_002,140,4.6333,true,true,263.0,390.0,263.0,390.0,-60.0,-30.0,140,140,0,TRACKING,262.0,389.0,1.0,1.0,1.4142135623730951
SCN_002,141,4.6667,true,true,261.0,389.0,261.0,389.0,-60.0,-30.0,141,141,0,TRACKING,260.0,388.0,1.0,1.0,1.4142135623730951
SCN_002,142,4.7,true,true,259.0,388.0,259.0,388.0,-60.0,-30.0,142,142,0,TRACKING,258.0,387.0,1.0,1.0,1.4142135623730951
SCN_002,143,4.7333,true,true,257.0,388.0,257.0,388.0,-60.0,0.0,143,143,0,TRACKING,256.0,387.0,1.0,1.0,1.4142135623730951
SCN_002,144,4.7667,true,true,255.0,387.0,255.0,387.0,-60.0,-30.0,144,144,0,TRACKING,254.0,386.0,1.0,1.0,1.4142135623730951
SCN_002,145,4.8,true,true,253.0,386.0,253.0,386.0,-60.0,-30.0,145,145,0,TRACKING,252.0,385.0,1.0,1.0,1.4142135623730951
SCN_002,146,4.8333,true,true,251.0,385.0,251.0,385.0,-60.0,-30.0,146,146,0,TRACKING,250.0,384.0,1.0,1.0,1.4142135623730951
SCN_002,147,4.8667,true,true,249.0,384.0,249.0,384.0,-60.0,-30.0,147,147,0,TRACKING,248.0,383.0,1.0,1.0,1.4142135623730951
SCN_002,148,4.9,true,true,247.0,383.0,247.0,383.0,-60.0,-30.0,148,148,0,TRACKING,246.0,382.0,1.0,1.0,1.4142135623730951
SCN_002,149,4.9333,true,true,245.0,382.0,245.0,382.0,-60.0,-30.0,149,149,0,TRACKING,244.0,381.0,1.0,1.0,1.4142135623730951
SCN_002,150,4.9667,true,true,243.0,381.0,243.0,381.0,-60.0,-30.0,150,150,0,TRACKING,242.0,380.0,1.0,1.0,1.4142135623730951
SCN_002,151,5.0,true,true,241.0,380.0,241.0,380.0,-60.0,-30.0,151,151,0,TRACKING,240.0,379.0,1.0,1.0,1.4142135623730951
SCN_002,152,5.0333,true,true,239.0,378.0,239.0,378.0,-60.0,-60.0,152,152,0,TRACKING,238.0,377.0,1.0,1.0,1.4142135623730951
SCN_002,153,5.0667,true,true,237.0,377.0,237.0,377.0,-60.0,-30.0,153,153,0,TRACKING,236.0,376.0,1.0,1.0,1.4142135623730951
SCN_002,154,5.1,true,true,235.0,376.0,235.0,376.0,-60.0,-30.0,154,154,0,TRACKING,234.0,375.0,1.0,1.0,1.4142135623730951
SCN_002,155,5.1333,true,true,233.0,375.0,233.0,375.0,-60.0,-30.0,155,155,0,TRACKING,232.0,374.0,1.0,1.0,1.4142135623730951
SCN_002,156,5.1667,true,true,232.0,374.0,232.0,374.0,-30.0,-30.0,156,156,0,TRACKING,231.0,373.0,1.0,1.0,1.4142135623730951
SCN_002,157,5.2,true,true,230.0,372.0,230.0,372.0,-60.0,-60.0,157,157,0,TRACKING,229.0,371.0,1.0,1.0,1.4142135623730951
SCN_002,158,5.2333,true,true,228.0,371.0,228.0,371.0,-60.0,-30.0,158,158,0,TRACKING,227.0,370.0,1.0,1.0,1.4142135623730951
SCN_002,159,5.2667,true,true,226.0,370.0,226.0,370.0,-60.0,-30.0,159,159,0,TRACKING,225.0,369.0,1.0,1.0,1.4142135623730951
SCN_002,160,5.3,true,true,224.0,368.0,224.0,368.0,-60.0,-60.0,160,160,0,TRACKING,223.0,367.0,1.0,1.0,1.4142135623730951
SCN_002,161,5.3333,true,true,222.0,367.0,222.0,367.0,-60.0,-30.0,161,161,0,TRACKING,221.0,366.0,1.0,1.0,1.4142135623730951
SCN_002,162,5.3667,true,true,221.0,366.0,221.0,366.0,-30.0,-30.0,162,162,0,TRACKING,220.0,365.0,1.0,1.0,1.4142135623730951
SCN_002,163,5.4,true,true,219.0,364.0,219.0,364.0,-60.0,-60.0,163,163,0,TRACKING,218.0,363.0,1.0,1.0,1.4142135623730951
SCN_002,164,5.4333,true,true,217.0,363.0,217.0,363.0,-60.0,-30.0,164,164,0,TRACKING,216.0,362.0,1.0,1.0,1.4142135623730951
SCN_002,165,5.4667,true,true,216.0,361.0,216.0,361.0,-30.0,-60.0,165,165,0,TRACKING,215.0,360.0,1.0,1.0,1.4142135623730951
SCN_002,166,5.5,true,true,214.0,360.0,214.0,360.0,-60.0,-30.0,166,166,0,TRACKING,213.0,359.0,1.0,1.0,1.4142135623730951
SCN_002,167,5.5333,true,true,212.0,358.0,212.0,358.0,-60.0,-60.0,167,167,0,TRACKING,211.0,357.0,1.0,1.0,1.4142135623730951
SCN_002,168,5.5667,true,true,211.0,357.0,211.0,357.0,-30.0,-30.0,168,168,0,TRACKING,210.0,356.0,1.0,1.0,1.4142135623730951
SCN_002,169,5.6,true,true,209.0,355.0,209.0,355.0,-60.0,-60.0,169,169,0,TRACKING,208.0,354.0,1.0,1.0,1.4142135623730951
SCN_002,170,5.6333,true,true,207.0,354.0,207.0,354.0,-60.0,-30.0,170,170,0,TRACKING,206.0,353.0,1.0,1.0,1.4142135623730951
SCN_002,171,5.6667,true,true,206.0,352.0,206.0,352.0,-30.0,-60.0,171,171,0,TRACKING,205.0,351.0,1.0,1.0,1.4142135623730951
SCN_002,172,5.7,true,true,204.0,351.0,204.0,351.0,-60.0,-30.0,172,172,0,TRACKING,203.0,350.0,1.0,1.0,1.4142135623730951
SCN_002,173,5.7333,true,true,203.0,349.0,203.0,349.0,-30.0,-60.0,173,173,0,TRACKING,202.0,348.0,1.0,1.0,1.4142135623730951
SCN_002,174,5.7667,true,true,201.0,347.0,201.0,347.0,-60.0,-60.0,174,174,0,TRACKING,200.0,346.0,1.0,1.0,1.4142135623730951
SCN_002,175,5.8,true,true,200.0,346.0,200.0,346.0,-30.0,-30.0,175,175,0,TRACKING,199.0,345.0,1.0,1.0,1.4142135623730951
SCN_002,176,5.8333,true,true,198.0,344.0,198.0,344.0,-60.0,-60.0,176,176,0,TRACKING,197.0,343.0,1.0,1.0,1.4142135623730951
SCN_002,177,5.8667,true,true,197.0,342.0,197.0,342.0,-30.0,-60.0,177,177,0,TRACKING,196.0,341.0,1.0,1.0,1.4142135623730951
SCN_002,178,5.9,true,true,196.0,340.0,196.0,340.0,-30.0,-60.0,178,178,0,TRACKING,195.0,339.0,1.0,1.0,1.4142135623730951
SCN_002,179,5.9333,true,true,194.0,339.0,194.0,339.0,-60.0,-30.0,179,179,0,TRACKING,193.0,338.0,1.0,1.0,1.4142135623730951
SCN_002,180,5.9667,true,true,193.0,337.0,193.0,337.0,-30.0,-60.0,180,180,0,TRACKING,192.0,336.0,1.0,1.0,1.4142135623730951
SCN_002,181,6.0,true,true,192.0,335.0,192.0,335.0,-30.0,-60.0,181,181,0,TRACKING,191.0,334.0,1.0,1.0,1.4142135623730951
SCN_002,182,6.0333,true,true,190.0,333.0,190.0,333.0,-60.0,-60.0,182,182,0,TRACKING,189.0,332.0,1.0,1.0,1.4142135623730951
SCN_002,183,6.0667,true,true,189.0,331.0,189.0,331.0,-30.0,-60.0,183,183,0,TRACKING,188.0,330.0,1.0,1.0,1.4142135623730951
SCN_002,184,6.1,true,true,188.0,330.0,188.0,330.0,-30.0,-30.0,184,184,0,TRACKING,187.0,329.0,1.0,1.0,1.4142135623730951
SCN_002,185,6.1333,true,true,187.0,328.0,187.0,328.0,-30.0,-60.0,185,185,0,TRACKING,186.0,327.0,1.0,1.0,1.4142135623730951
SCN_002,186,6.1667,true,true,185.0,326.0,185.0,326.0,-60.0,-60.0,186,186,0,TRACKING,184.0,325.0,1.0,1.0,1.4142135623730951
SCN_002,187,6.2,true,true,184.0,324.0,184.0,324.0,-30.0,-60.0,187,187,0,TRACKING,183.0,323.0,1.0,1.0,1.4142135623730951
SCN_002,188,6.2333,true,true,183.0,322.0,183.0,322.0,-30.0,-60.0,188,188,0,TRACKING,182.0,321.0,1.0,1.0,1.4142135623730951
SCN_002,189,6.2667,true,true,182.0,320.0,182.0,320.0,-30.0,-60.0,189,189,0,TRACKING,181.0,319.0,1.0,1.0,1.4142135623730951
SCN_002,190,6.3,true,true,181.0,318.0,181.0,318.0,-30.0,-60.0,190,190,0,TRACKING,180.0,317.0,1.0,1.0,1.4142135623730951
SCN_002,191,6.3333,true,true,180.0,316.0,180.0,316.0,-30.0,-60.0,191,191,0,TRACKING,179.0,315.0,1.0,1.0,1.4142135623730951
SCN_002,192,6.3667,true,true,179.0,314.0,179.0,314.0,-30.0,-60.0,192,192,0,TRACKING,178.0,313.0,1.0,1.0,1.4142135623730951
SCN_002,193,6.4,true,true,178.0,312.0,178.0,312.0,-30.0,-60.0,193,193,0,TRACKING,177.0,311.0,1.0,1.0,1.4142135623730951
SCN_002,194,6.4333,true,true,177.0,310.0,177.0,310.0,-30.0,-60.0,194,194,0,TRACKING,176.0,309.0,1.0,1.0,1.4142135623730951
SCN_002,195,6.4667,true,true,176.0,308.0,176.0,308.0,-30.0,-60.0,195,195,0,TRACKING,175.0,307.0,1.0,1.0,1.4142135623730951
SCN_002,196,6.5,true,true,175.0,306.0,175.0,306.0,-30.0,-60.0,196,196,0,TRACKING,174.0,305.0,1.0,1.0,1.4142135623730951
SCN_002,197,6.5333,true,true,174.0,304.0,174.0,304.0,-30.0,-60.0,197,197,0,TRACKING,173.0,303.0,1.0,1.0,1.4142135623730951
SCN_002,198,6.5667,true,true,173.0,302.0,173.0,302.0,-30.0,-60.0,198,198,0,TRACKING,172.0,301.0,1.0,1.0,1.4142135623730951
SCN_002,199,6.6,true,true,172.0,300.0,172.0,300.0,-30.0,-60.0,199,199,0,TRACKING,171.0,299.0,1.0,1.0,1.4142135623730951
SCN_002,200,6.6333,true,true,171.0,298.0,171.0,298.0,-30.0,-60.0,200,200,0,TRACKING,170.0,297.0,1.0,1.0,1.4142135623730951
SCN_002,201,6.6667,true,true,171.0,296.0,171.0,296.0,0.0,-60.0,201,201,0,TRACKING,170.0,295.0,1.0,1.0,1.4142135623730951
SCN_002,202,6.7,true,true,170.0,294.0,170.0,294.0,-30.0,-60.0,202,202,0,TRACKING,169.0,293.0,1.0,1.0,1.4142135623730951
SCN_002,203,6.7333,true,true,169.0,292.0,169.0,292.0,-30.0,-60.0,203,203,0,TRACKING,168.0,291.0,1.0,1.0,1.4142135623730951
SCN_002,204,6.7667,true,true,168.0,289.0,168.0,289.0,-30.0,-90.0,204,204,0,TRACKING,167.0,288.0,1.0,1.0,1.4142135623730951
SCN_002,205,6.8,true,true,168.0,287.0,168.0,287.0,0.0,-60.0,205,205,0,TRACKING,167.0,286.0,1.0,1.0,1.4142135623730951
SCN_002,206,6.8333,true,true,167.0,285.0,167.0,285.0,-30.0,-60.0,206,206,0,TRACKING,166.0,284.0,1.0,1.0,1.4142135623730951
SCN_002,207,6.8667,true,true,167.0,283.0,167.0,283.0,0.0,-60.0,207,207,0,TRACKING,166.0,282.0,1.0,1.0,1.4142135623730951
SCN_002,208,6.9,true,true,166.0,281.0,166.0,281.0,-30.0,-60.0,208,208,0,TRACKING,165.0,280.0,1.0,1.0,1.4142135623730951
SCN_002,209,6.9333,true,true,165.0,279.0,165.0,279.0,-30.0,-60.0,209,209,0,TRACKING,164.0,278.0,1.0,1.0,1.4142135623730951
SCN_002,210,6.9667,true,true,165.0,276.0,165.0,276.0,0.0,-90.0,210,210,0,TRACKING,164.0,275.0,1.0,1.0,1.4142135623730951
SCN_002,211,7.0,true,true,164.0,274.0,164.0,274.0,-30.0,-60.0,211,211,0,TRACKING,163.0,273.0,1.0,1.0,1.4142135623730951
SCN_002,212,7.0333,true,true,164.0,272.0,164.0,272.0,0.0,-60.0,212,212,0,TRACKING,163.0,271.0,1.0,1.0,1.4142135623730951
SCN_002,213,7.0667,true,true,164.0,270.0,164.0,270.0,0.0,-60.0,213,213,0,TRACKING,163.0,269.0,1.0,1.0,1.4142135623730951
SCN_002,214,7.1,true,true,163.0,268.0,163.0,268.0,-30.0,-60.0,214,214,0,TRACKING,162.0,267.0,1.0,1.0,1.4142135623730951
SCN_002,215,7.1333,true,true,163.0,265.0,163.0,265.0,0.0,-90.0,215,215,0,TRACKING,162.0,264.0,1.0,1.0,1.4142135623730951
SCN_002,216,7.1667,true,true,163.0,263.0,163.0,263.0,0.0,-60.0,216,216,0,TRACKING,162.0,262.0,1.0,1.0,1.4142135623730951
SCN_002,217,7.2,true,true,162.0,261.0,162.0,261.0,-30.0,-60.0,217,217,0,TRACKING,161.0,260.0,1.0,1.0,1.4142135623730951
SCN_002,218,7.2333,true,true,162.0,259.0,162.0,259.0,0.0,-60.0,218,218,0,TRACKING,161.0,258.0,1.0,1.0,1.4142135623730951
SCN_002,219,7.2667,true,true,162.0,257.0,162.0,257.0,0.0,-60.0,219,219,0,TRACKING,161.0,256.0,1.0,1.0,1.4142135623730951
SCN_002,220,7.3,true,true,162.0,254.0,162.0,254.0,0.0,-90.0,220,220,0,TRACKING,161.0,253.0,1.0,1.0,1.4142135623730951
SCN_002,221,7.3333,true,true,161.0,252.0,161.0,252.0,-30.0,-60.0,221,221,0,TRACKING,160.0,251.0,1.0,1.0,1.4142135623730951
SCN_002,222,7.3667,true,true,161.0,250.0,161.0,250.0,0.0,-60.0,222,222,0,TRACKING,160.0,249.0,1.0,1.0,1.4142135623730951
SCN_002,223,7.4,true,true,161.0,248.0,161.0,248.0,0.0,-60.0,223,223,0,TRACKING,160.0,247.0,1.0,1.0,1.4142135623730951
SCN_002,224,7.4333,true,true,161.0,245.0,161.0,245.0,0.0,-90.0,224,224,0,TRACKING,160.0,244.0,1.0,1.0,1.4142135623730951
SCN_002,225,7.4667,true,true,161.0,243.0,161.0,243.0,0.0,-60.0,225,225,0,TRACKING,160.0,242.0,1.0,1.0,1.4142135623730951
SCN_002,226,7.5,true,true,161.0,241.0,161.0,241.0,0.0,-60.0,226,226,0,TRACKING,160.0,240.0,1.0,1.0,1.4142135623730951
SCN_002,227,7.5333,true,true,161.0,239.0,161.0,239.0,0.0,-60.0,227,227,0,TRACKING,160.0,238.0,1.0,1.0,1.4142135623730951
SCN_002,228,7.5667,true,true,161.0,237.0,161.0,237.0,0.0,-60.0,228,228,0,TRACKING,160.0,236.0,1.0,1.0,1.4142135623730951
SCN_002,229,7.6,true,true,161.0,234.0,161.0,234.0,0.0,-90.0,229,229,0,TRACKING,160.0,233.0,1.0,1.0,1.4142135623730951
SCN_002,230,7.6333,true,true,161.0,232.0,161.0,232.0,0.0,-60.0,230,230,0,TRACKING,160.0,231.0,1.0,1.0,1.4142135623730951
SCN_002,231,7.6667,true,true,161.0,230.0,161.0,230.0,0.0,-60.0,231,231,0,TRACKING,160.0,229.0,1.0,1.0,1.4142135623730951
SCN_002,232,7.7,true,true,162.0,228.0,162.0,228.0,30.0,-60.0,232,232,0,TRACKING,161.0,227.0,1.0,1.0,1.4142135623730951
SCN_002,233,7.7333,true,true,162.0,225.0,162.0,225.0,0.0,-90.0,233,233,0,TRACKING,161.0,224.0,1.0,1.0,1.4142135623730951
SCN_002,234,7.7667,true,true,162.0,223.0,162.0,223.0,0.0,-60.0,234,234,0,TRACKING,161.0,222.0,1.0,1.0,1.4142135623730951
SCN_002,235,7.8,true,true,162.0,221.0,162.0,221.0,0.0,-60.0,235,235,0,TRACKING,161.0,220.0,1.0,1.0,1.4142135623730951
SCN_002,236,7.8333,true,true,163.0,219.0,163.0,219.0,30.0,-60.0,236,236,0,TRACKING,162.0,218.0,1.0,1.0,1.4142135623730951
SCN_002,237,7.8667,true,true,163.0,217.0,163.0,217.0,0.0,-60.0,237,237,0,TRACKING,162.0,216.0,1.0,1.0,1.4142135623730951
SCN_002,238,7.9,true,true,163.0,214.0,163.0,214.0,0.0,-90.0,238,238,0,TRACKING,162.0,213.0,1.0,1.0,1.4142135623730951
SCN_002,239,7.9333,true,true,164.0,212.0,164.0,212.0,30.0,-60.0,239,239,0,TRACKING,163.0,211.0,1.0,1.0,1.4142135623730951
SCN_002,240,7.9667,true,true,164.0,210.0,164.0,210.0,0.0,-60.0,240,240,0,TRACKING,163.0,209.0,1.0,1.0,1.4142135623730951
SCN_002,241,8.0,true,true,164.0,208.0,164.0,208.0,0.0,-60.0,241,241,0,TRACKING,163.0,207.0,1.0,1.0,1.4142135623730951
SCN_002,242,8.0333,true,true,165.0,206.0,165.0,206.0,30.0,-60.0,242,242,0,TRACKING,164.0,205.0,1.0,1.0,1.4142135623730951
SCN_002,243,8.0667,true,true,165.0,203.0,165.0,203.0,0.0,-90.0,243,243,0,TRACKING,164.0,202.0,1.0,1.0,1.4142135623730951
SCN_002,244,8.1,true,true,166.0,201.0,166.0,201.0,30.0,-60.0,244,244,0,TRACKING,165.0,200.0,1.0,1.0,1.4142135623730951
SCN_002,245,8.1333,true,true,167.0,199.0,167.0,199.0,30.0,-60.0,245,245,0,TRACKING,166.0,198.0,1.0,1.0,1.4142135623730951
SCN_002,246,8.1667,true,true,167.0,197.0,167.0,197.0,0.0,-60.0,246,246,0,TRACKING,166.0,196.0,1.0,1.0,1.4142135623730951
SCN_002,247,8.2,true,true,168.0,195.0,168.0,195.0,30.0,-60.0,247,247,0,TRACKING,167.0,194.0,1.0,1.0,1.4142135623730951
SCN_002,248,8.2333,true,true,168.0,193.0,168.0,193.0,0.0,-60.0,248,248,0,TRACKING,167.0,192.0,1.0,1.0,1.4142135623730951
SCN_002,249,8.2667,true,true,169.0,191.0,169.0,191.0,30.0,-60.0,249,249,0,TRACKING,168.0,190.0,1.0,1.0,1.4142135623730951
SCN_002,250,8.3,true,true,170.0,188.0,170.0,188.0,30.0,-90.0,250,250,0,TRACKING,169.0,187.0,1.0,1.0,1.4142135623730951
SCN_002,251,8.3333,true,true,171.0,186.0,171.0,186.0,30.0,-60.0,251,251,0,TRACKING,170.0,185.0,1.0,1.0,1.4142135623730951
SCN_002,252,8.3667,true,true,171.0,184.0,171.0,184.0,0.0,-60.0,252,252,0,TRACKING,170.0,183.0,1.0,1.0,1.4142135623730951
SCN_002,253,8.4,true,true,172.0,182.0,172.0,182.0,30.0,-60.0,253,253,0,TRACKING,171.0,181.0,1.0,1.0,1.4142135623730951
SCN_002,254,8.4333,true,true,173.0,180.0,173.0,180.0,30.0,-60.0,254,254,0,TRACKING,172.0,179.0,1.0,1.0,1.4142135623730951
SCN_002,255,8.4667,true,true,174.0,178.0,174.0,178.0,30.0,-60.0,255,255,0,TRACKING,173.0,177.0,1.0,1.0,1.4142135623730951
SCN_002,256,8.5,true,true,175.0,176.0,175.0,176.0,30.0,-60.0,256,256,0,TRACKING,174.0,175.0,1.0,1.0,1.4142135623730951
SCN_002,257,8.5333,true,true,176.0,174.0,176.0,174.0,30.0,-60.0,257,257,0,TRACKING,175.0,173.0,1.0,1.0,1.4142135623730951
SCN_002,258,8.5667,true,true,177.0,172.0,177.0,172.0,30.0,-60.0,258,258,0,TRACKING,176.0,171.0,1.0,1.0,1.4142135623730951
SCN_002,259,8.6,true,true,178.0,170.0,178.0,170.0,30.0,-60.0,259,259,0,TRACKING,177.0,169.0,1.0,1.0,1.4142135623730951
SCN_002,260,8.6333,true,true,179.0,168.0,179.0,168.0,30.0,-60.0,260,260,0,TRACKING,178.0,167.0,1.0,1.0,1.4142135623730951
SCN_002,261,8.6667,true,true,180.0,166.0,180.0,166.0,30.0,-60.0,261,261,0,TRACKING,179.0,165.0,1.0,1.0,1.4142135623730951
SCN_002,262,8.7,true,true,181.0,164.0,181.0,164.0,30.0,-60.0,262,262,0,TRACKING,180.0,163.0,1.0,1.0,1.4142135623730951
SCN_002,263,8.7333,true,true,182.0,162.0,182.0,162.0,30.0,-60.0,263,263,0,TRACKING,181.0,161.0,1.0,1.0,1.4142135623730951
SCN_002,264,8.7667,true,true,183.0,160.0,183.0,160.0,30.0,-60.0,264,264,0,TRACKING,182.0,159.0,1.0,1.0,1.4142135623730951
SCN_002,265,8.8,true,true,184.0,158.0,184.0,158.0,30.0,-60.0,265,265,0,TRACKING,183.0,157.0,1.0,1.0,1.4142135623730951
SCN_002,266,8.8333,true,true,185.0,156.0,185.0,156.0,30.0,-60.0,266,266,0,TRACKING,184.0,155.0,1.0,1.0,1.4142135623730951
SCN_002,267,8.8667,true,true,187.0,154.0,187.0,154.0,60.0,-60.0,267,267,0,TRACKING,186.0,153.0,1.0,1.0,1.4142135623730951
SCN_002,268,8.9,true,true,188.0,152.0,188.0,152.0,30.0,-60.0,268,268,0,TRACKING,187.0,151.0,1.0,1.0,1.4142135623730951
SCN_002,269,8.9333,true,true,189.0,151.0,189.0,151.0,30.0,-30.0,269,269,0,TRACKING,188.0,150.0,1.0,1.0,1.4142135623730951
SCN_002,270,8.9667,true,true,190.0,149.0,190.0,149.0,30.0,-60.0,270,270,0,TRACKING,189.0,148.0,1.0,1.0,1.4142135623730951
SCN_002,271,9.0,true,true,192.0,147.0,192.0,147.0,60.0,-60.0,271,271,0,TRACKING,191.0,146.0,1.0,1.0,1.4142135623730951
SCN_002,272,9.0333,true,true,193.0,145.0,193.0,145.0,30.0,-60.0,272,272,0,TRACKING,192.0,144.0,1.0,1.0,1.4142135623730951
SCN_002,273,9.0667,true,true,194.0,143.0,194.0,143.0,30.0,-60.0,273,273,0,TRACKING,193.0,142.0,1.0,1.0,1.4142135623730951
SCN_002,274,9.1,true,true,196.0,142.0,196.0,142.0,60.0,-30.0,274,274,0,TRACKING,195.0,141.0,1.0,1.0,1.4142135623730951
SCN_002,275,9.1333,true,true,197.0,140.0,197.0,140.0,30.0,-60.0,275,275,0,TRACKING,196.0,139.0,1.0,1.0,1.4142135623730951
SCN_002,276,9.1667,true,true,198.0,138.0,198.0,138.0,30.0,-60.0,276,276,0,TRACKING,197.0,137.0,1.0,1.0,1.4142135623730951
SCN_002,277,9.2,true,true,200.0,136.0,200.0,136.0,60.0,-60.0,277,277,0,TRACKING,199.0,135.0,1.0,1.0,1.4142135623730951
SCN_002,278,9.2333,true,true,201.0,135.0,201.0,135.0,30.0,-30.0,278,278,0,TRACKING,200.0,134.0,1.0,1.0,1.4142135623730951
SCN_002,279,9.2667,true,true,203.0,133.0,203.0,133.0,60.0,-60.0,279,279,0,TRACKING,202.0,132.0,1.0,1.0,1.4142135623730951
SCN_002,280,9.3,true,true,204.0,131.0,204.0,131.0,30.0,-60.0,280,280,0,TRACKING,203.0,130.0,1.0,1.0,1.4142135623730951
SCN_002,281,9.3333,true,true,206.0,130.0,206.0,130.0,60.0,-30.0,281,281,0,TRACKING,205.0,129.0,1.0,1.0,1.4142135623730951
SCN_002,282,9.3667,true,true,207.0,128.0,207.0,128.0,30.0,-60.0,282,282,0,TRACKING,206.0,127.0,1.0,1.0,1.4142135623730951
SCN_002,283,9.4,true,true,209.0,127.0,209.0,127.0,60.0,-30.0,283,283,0,TRACKING,208.0,126.0,1.0,1.0,1.4142135623730951
SCN_002,284,9.4333,true,true,211.0,125.0,211.0,125.0,60.0,-60.0,284,284,0,TRACKING,210.0,124.0,1.0,1.0,1.4142135623730951
SCN_002,285,9.4667,true,true,212.0,124.0,212.0,124.0,30.0,-30.0,285,285,0,TRACKING,211.0,123.0,1.0,1.0,1.4142135623730951
SCN_002,286,9.5,true,true,214.0,122.0,214.0,122.0,60.0,-60.0,286,286,0,TRACKING,213.0,121.0,1.0,1.0,1.4142135623730951
SCN_002,287,9.5333,true,true,216.0,121.0,216.0,121.0,60.0,-30.0,287,287,0,TRACKING,215.0,120.0,1.0,1.0,1.4142135623730951
SCN_002,288,9.5667,true,true,217.0,119.0,217.0,119.0,30.0,-60.0,288,288,0,TRACKING,216.0,118.0,1.0,1.0,1.4142135623730951
SCN_002,289,9.6,true,true,219.0,118.0,219.0,118.0,60.0,-30.0,289,289,0,TRACKING,218.0,117.0,1.0,1.0,1.4142135623730951
SCN_002,290,9.6333,true,true,221.0,116.0,221.0,116.0,60.0,-60.0,290,290,0,TRACKING,220.0,115.0,1.0,1.0,1.4142135623730951
SCN_002,291,9.6667,true,true,222.0,115.0,222.0,115.0,30.0,-30.0,291,291,0,TRACKING,221.0,114.0,1.0,1.0,1.4142135623730951
SCN_002,292,9.7,true,true,224.0,114.0,224.0,114.0,60.0,-30.0,292,292,0,TRACKING,223.0,113.0,1.0,1.0,1.4142135623730951
SCN_002,293,9.7333,true,true,226.0,112.0,226.0,112.0,60.0,-60.0,293,293,0,TRACKING,225.0,111.0,1.0,1.0,1.4142135623730951
SCN_002,294,9.7667,true,true,228.0,111.0,228.0,111.0,60.0,-30.0,294,294,0,TRACKING,227.0,110.0,1.0,1.0,1.4142135623730951
SCN_002,295,9.8,true,true,230.0,110.0,230.0,110.0,60.0,-30.0,295,295,0,TRACKING,229.0,109.0,1.0,1.0,1.4142135623730951
SCN_002,296,9.8333,true,true,232.0,108.0,232.0,108.0,60.0,-60.0,296,296,0,TRACKING,231.0,107.0,1.0,1.0,1.4142135623730951
SCN_002,297,9.8667,true,true,233.0,107.0,233.0,107.0,30.0,-30.0,297,297,0,TRACKING,232.0,106.0,1.0,1.0,1.4142135623730951
SCN_002,298,9.9,true,true,235.0,106.0,235.0,106.0,60.0,-30.0,298,298,0,TRACKING,234.0,105.0,1.0,1.0,1.4142135623730951
SCN_002,299,9.9333,true,true,237.0,105.0,237.0,105.0,60.0,-30.0,299,299,0,TRACKING,236.0,104.0,1.0,1.0,1.4142135623730951
SCN_002,300,9.9667,true,true,239.0,104.0,239.0,104.0,60.0,-30.0,300,300,0,TRACKING,238.0,103.0,1.0,1.0,1.4142135623730951
SCN_002,301,10.0,true,true,241.0,102.0,241.0,102.0,60.0,-60.0,301,301,0,TRACKING,240.0,101.0,1.0,1.0,1.4142135623730951
SCN_002,302,10.0333,true,true,243.0,101.0,243.0,101.0,60.0,-30.0,302,302,0,TRACKING,242.0,100.0,1.0,1.0,1.4142135623730951
SCN_002,303,10.0667,true,true,245.0,100.0,245.0,100.0,60.0,-30.0,303,303,0,TRACKING,244.0,99.0,1.0,1.0,1.4142135623730951
SCN_002,304,10.1,true,true,247.0,99.0,247.0,99.0,60.0,-30.0,304,304,0,TRACKING,246.0,98.0,1.0,1.0,1.4142135623730951
SCN_002,305,10.1333,true,true,249.0,98.0,249.0,98.0,60.0,-30.0,305,305,0,TRACKING,248.0,97.0,1.0,1.0,1.4142135623730951
SCN_002,306,10.1667,true,true,251.0,97.0,251.0,97.0,60.0,-30.0,306,306,0,TRACKING,250.0,96.0,1.0,1.0,1.4142135623730951
SCN_002,307,10.2,true,true,253.0,96.0,253.0,96.0,60.0,-30.0,307,307,0,TRACKING,252.0,95.0,1.0,1.0,1.4142135623730951
SCN_002,308,10.2333,true,true,255.0,95.0,255.0,95.0,60.0,-30.0,308,308,0,TRACKING,254.0,94.0,1.0,1.0,1.4142135623730951
SCN_002,309,10.2667,true,true,257.0,94.0,257.0,94.0,60.0,-30.0,309,309,0,TRACKING,256.0,93.0,1.0,1.0,1.4142135623730951
SCN_002,310,10.3,true,true,259.0,94.0,259.0,94.0,60.0,0.0,310,310,0,TRACKING,258.0,93.0,1.0,1.0,1.4142135623730951
SCN_002,311,10.3333,true,true,261.0,93.0,261.0,93.0,60.0,-30.0,311,311,0,TRACKING,260.0,92.0,1.0,1.0,1.4142135623730951
SCN_002,312,10.3667,true,true,263.0,92.0,263.0,92.0,60.0,-30.0,312,312,0,TRACKING,262.0,91.0,1.0,1.0,1.4142135623730951
SCN_002,313,10.4,true,true,265.0,91.0,265.0,91.0,60.0,-30.0,313,313,0,TRACKING,264.0,90.0,1.0,1.0,1.4142135623730951
SCN_002,314,10.4333,true,true,267.0,90.0,267.0,90.0,60.0,-30.0,314,314,0,TRACKING,266.0,89.0,1.0,1.0,1.4142135623730951
SCN_002,315,10.4667,true,true,269.0,90.0,269.0,90.0,60.0,0.0,315,315,0,TRACKING,268.0,89.0,1.0,1.0,1.4142135623730951
SCN_002,316,10.5,true,true,272.0,89.0,272.0,89.0,90.0,-30.0,316,316,0,TRACKING,271.0,88.0,1.0,1.0,1.4142135623730951
SCN_002,317,10.5333,true,true,274.0,88.0,274.0,88.0,60.0,-30.0,317,317,0,TRACKING,273.0,87.0,1.0,1.0,1.4142135623730951
SCN_002,318,10.5667,true,true,276.0,88.0,276.0,88.0,60.0,0.0,318,318,0,TRACKING,275.0,87.0,1.0,1.0,1.4142135623730951
SCN_002,319,10.6,true,true,278.0,87.0,278.0,87.0,60.0,-30.0,319,319,0,TRACKING,277.0,86.0,1.0,1.0,1.4142135623730951
SCN_002,320,10.6333,true,true,280.0,86.0,280.0,86.0,60.0,-30.0,320,320,0,TRACKING,279.0,85.0,1.0,1.0,1.4142135623730951
SCN_002,321,10.6667,true,true,282.0,86.0,282.0,86.0,60.0,0.0,321,321,0,TRACKING,281.0,85.0,1.0,1.0,1.4142135623730951
SCN_002,322,10.7,true,true,284.0,85.0,284.0,85.0,60.0,-30.0,322,322,0,TRACKING,283.0,84.0,1.0,1.0,1.4142135623730951
SCN_002,323,10.7333,true,true,287.0,85.0,287.0,85.0,90.0,0.0,323,323,0,TRACKING,286.0,84.0,1.0,1.0,1.4142135623730951
SCN_002,324,10.7667,true,true,289.0,84.0,289.0,84.0,60.0,-30.0,324,324,0,TRACKING,288.0,83.0,1.0,1.0,1.4142135623730951
SCN_002,325,10.8,true,true,291.0,84.0,291.0,84.0,60.0,0.0,325,325,0,TRACKING,290.0,83.0,1.0,1.0,1.4142135623730951
SCN_002,326,10.8333,true,true,293.0,83.0,293.0,83.0,60.0,-30.0,326,326,0,TRACKING,292.0,82.0,1.0,1.0,1.4142135623730951
SCN_002,327,10.8667,true,true,295.0,83.0,295.0,83.0,60.0,0.0,327,327,0,TRACKING,294.0,82.0,1.0,1.0,1.4142135623730951
SCN_002,328,10.9,true,true,298.0,83.0,298.0,83.0,90.0,0.0,328,328,0,TRACKING,297.0,82.0,1.0,1.0,1.4142135623730951
SCN_002,329,10.9333,true,true,300.0,82.0,300.0,82.0,60.0,-30.0,329,329,0,TRACKING,299.0,81.0,1.0,1.0,1.4142135623730951
SCN_002,330,10.9667,true,true,302.0,82.0,302.0,82.0,60.0,0.0,330,330,0,TRACKING,301.0,81.0,1.0,1.0,1.4142135623730951
SCN_002,331,11.0,true,true,304.0,82.0,304.0,82.0,60.0,0.0,331,331,0,TRACKING,303.0,81.0,1.0,1.0,1.4142135623730951
SCN_002,332,11.0333,true,true,306.0,82.0,306.0,82.0,60.0,0.0,332,332,0,TRACKING,305.0,81.0,1.0,1.0,1.4142135623730951
SCN_002,333,11.0667,true,true,309.0,81.0,309.0,81.0,90.0,-30.0,333,333,0,TRACKING,308.0,80.0,1.0,1.0,1.4142135623730951
SCN_002,334,11.1,true,true,311.0,81.0,311.0,81.0,60.0,0.0,334,334,0,TRACKING,310.0,80.0,1.0,1.0,1.4142135623730951
SCN_002,335,11.1333,true,true,313.0,81.0,313.0,81.0,60.0,0.0,335,335,0,TRACKING,312.0,80.0,1.0,1.0,1.4142135623730951
SCN_002,336,11.1667,true,true,315.0,81.0,315.0,81.0,60.0,0.0,336,336,0,TRACKING,314.0,80.0,1.0,1.0,1.4142135623730951
SCN_002,337,11.2,true,true,318.0,81.0,318.0,81.0,90.0,0.0,337,337,0,TRACKING,317.0,80.0,1.0,1.0,1.4142135623730951
SCN_002,338,11.2333,true,true,320.0,81.0,320.0,81.0,60.0,0.0,338,338,0,TRACKING,319.0,80.0,1.0,1.0,1.4142135623730951
SCN_002,339,11.2667,true,true,322.0,81.0,322.0,81.0,60.0,0.0,339,339,0,TRACKING,321.0,80.0,1.0,1.0,1.4142135623730951
SCN_002,340,11.3,true,true,324.0,81.0,324.0,81.0,60.0,0.0,340,340,0,TRACKING,323.0,80.0,1.0,1.0,1.4142135623730951
SCN_002,341,11.3333,true,true,327.0,81.0,327.0,81.0,90.0,0.0,341,341,0,TRACKING,326.0,80.0,1.0,1.0,1.4142135623730951
SCN_002,342,11.3667,true,true,329.0,81.0,329.0,81.0,60.0,0.0,342,342,0,TRACKING,328.0,80.0,1.0,1.0,1.4142135623730951
SCN_002,343,11.4,true,true,331.0,81.0,331.0,81.0,60.0,0.0,343,343,0,TRACKING,330.0,80.0,1.0,1.0,1.4142135623730951
SCN_002,344,11.4333,true,true,333.0,81.0,333.0,81.0,60.0,0.0,344,344,0,TRACKING,332.0,80.0,1.0,1.0,1.4142135623730951
SCN_002,345,11.4667,true,true,335.0,82.0,335.0,82.0,60.0,30.0,345,345,0,TRACKING,334.0,81.0,1.0,1.0,1.4142135623730951
SCN_002,346,11.5,true,true,338.0,82.0,338.0,82.0,90.0,0.0,346,346,0,TRACKING,337.0,81.0,1.0,1.0,1.4142135623730951
SCN_002,347,11.5333,true,true,340.0,82.0,340.0,82.0,60.0,0.0,347,347,0,TRACKING,339.0,81.0,1.0,1.0,1.4142135623730951
SCN_002,348,11.5667,true,true,342.0,82.0,342.0,82.0,60.0,0.0,348,348,0,TRACKING,341.0,81.0,1.0,1.0,1.4142135623730951
SCN_002,349,11.6,true,true,344.0,83.0,344.0,83.0,60.0,30.0,349,349,0,TRACKING,343.0,82.0,1.0,1.0,1.4142135623730951
SCN_002,350,11.6333,true,true,347.0,83.0,347.0,83.0,90.0,0.0,350,350,0,TRACKING,346.0,82.0,1.0,1.0,1.4142135623730951
SCN_002,351,11.6667,true,true,349.0,83.0,349.0,83.0,60.0,0.0,351,351,0,TRACKING,348.0,82.0,1.0,1.0,1.4142135623730951
SCN_002,352,11.7,true,true,351.0,84.0,351.0,84.0,60.0,30.0,352,352,0,TRACKING,350.0,83.0,1.0,1.0,1.4142135623730951
SCN_002,353,11.7333,true,true,353.0,84.0,353.0,84.0,60.0,0.0,353,353,0,TRACKING,352.0,83.0,1.0,1.0,1.4142135623730951
SCN_002,354,11.7667,true,true,355.0,85.0,355.0,85.0,60.0,30.0,354,354,0,TRACKING,354.0,84.0,1.0,1.0,1.4142135623730951
SCN_002,355,11.8,true,true,358.0,85.0,358.0,85.0,90.0,0.0,355,355,0,TRACKING,357.0,84.0,1.0,1.0,1.4142135623730951
SCN_002,356,11.8333,true,true,360.0,86.0,360.0,86.0,60.0,30.0,356,356,0,TRACKING,359.0,85.0,1.0,1.0,1.4142135623730951
SCN_002,357,11.8667,true,true,362.0,86.0,362.0,86.0,60.0,0.0,357,357,0,TRACKING,361.0,85.0,1.0,1.0,1.4142135623730951
SCN_002,358,11.9,true,true,364.0,87.0,364.0,87.0,60.0,30.0,358,358,0,TRACKING,363.0,86.0,1.0,1.0,1.4142135623730951
SCN_002,359,11.9333,true,true,366.0,88.0,366.0,88.0,60.0,30.0,359,359,0,TRACKING,365.0,87.0,1.0,1.0,1.4142135623730951
SCN_002,360,11.9667,true,true,368.0,88.0,368.0,88.0,60.0,0.0,360,360,0,TRACKING,367.0,87.0,1.0,1.0,1.4142135623730951
SCN_002,361,12.0,true,true,370.0,89.0,370.0,89.0,60.0,30.0,361,361,0,TRACKING,369.0,88.0,1.0,1.0,1.4142135623730951
SCN_002,362,12.0333,true,true,373.0,90.0,373.0,90.0,90.0,30.0,362,362,0,TRACKING,372.0,89.0,1.0,1.0,1.4142135623730951
SCN_002,363,12.0667,true,true,375.0,90.0,375.0,90.0,60.0,0.0,363,363,0,TRACKING,374.0,89.0,1.0,1.0,1.4142135623730951
SCN_002,364,12.1,true,true,377.0,91.0,377.0,91.0,60.0,30.0,364,364,0,TRACKING,376.0,90.0,1.0,1.0,1.4142135623730951
SCN_002,365,12.1333,true,true,379.0,92.0,379.0,92.0,60.0,30.0,365,365,0,TRACKING,378.0,91.0,1.0,1.0,1.4142135623730951
SCN_002,366,12.1667,true,true,381.0,93.0,381.0,93.0,60.0,30.0,366,366,0,TRACKING,380.0,92.0,1.0,1.0,1.4142135623730951
SCN_002,367,12.2,true,true,383.0,93.0,383.0,93.0,60.0,0.0,367,367,0,TRACKING,382.0,92.0,1.0,1.0,1.4142135623730951
SCN_002,368,12.2333,true,true,385.0,94.0,385.0,94.0,60.0,30.0,368,368,0,TRACKING,384.0,93.0,1.0,1.0,1.4142135623730951
SCN_002,369,12.2667,true,true,387.0,95.0,387.0,95.0,60.0,30.0,369,369,0,TRACKING,386.0,94.0,1.0,1.0,1.4142135623730951
SCN_002,370,12.3,true,true,389.0,96.0,389.0,96.0,60.0,30.0,370,370,0,TRACKING,388.0,95.0,1.0,1.0,1.4142135623730951
SCN_002,371,12.3333,true,true,391.0,97.0,391.0,97.0,60.0,30.0,371,371,0,TRACKING,390.0,96.0,1.0,1.0,1.4142135623730951
SCN_002,372,12.3667,true,true,393.0,98.0,393.0,98.0,60.0,30.0,372,372,0,TRACKING,392.0,97.0,1.0,1.0,1.4142135623730951
SCN_002,373,12.4,true,true,395.0,99.0,395.0,99.0,60.0,30.0,373,373,0,TRACKING,394.0,98.0,1.0,1.0,1.4142135623730951
SCN_002,374,12.4333,true,true,397.0,100.0,397.0,100.0,60.0,30.0,374,374,0,TRACKING,396.0,99.0,1.0,1.0,1.4142135623730951
SCN_002,375,12.4667,true,true,399.0,101.0,399.0,101.0,60.0,30.0,375,375,0,TRACKING,398.0,100.0,1.0,1.0,1.4142135623730951
SCN_002,376,12.5,true,true,401.0,102.0,401.0,102.0,60.0,30.0,376,376,0,TRACKING,400.0,101.0,1.0,1.0,1.4142135623730951
SCN_002,377,12.5333,true,true,403.0,104.0,403.0,104.0,60.0,60.0,377,377,0,TRACKING,402.0,103.0,1.0,1.0,1.4142135623730951
SCN_002,378,12.5667,true,true,405.0,105.0,405.0,105.0,60.0,30.0,378,378,0,TRACKING,404.0,104.0,1.0,1.0,1.4142135623730951
SCN_002,379,12.6,true,true,407.0,106.0,407.0,106.0,60.0,30.0,379,379,0,TRACKING,406.0,105.0,1.0,1.0,1.4142135623730951
SCN_002,380,12.6333,true,true,409.0,107.0,409.0,107.0,60.0,30.0,380,380,0,TRACKING,408.0,106.0,1.0,1.0,1.4142135623730951
SCN_002,381,12.6667,true,true,410.0,108.0,410.0,108.0,30.0,30.0,381,381,0,TRACKING,409.0,107.0,1.0,1.0,1.4142135623730951
SCN_002,382,12.7,true,true,412.0,110.0,412.0,110.0,60.0,60.0,382,382,0,TRACKING,411.0,109.0,1.0,1.0,1.4142135623730951
SCN_002,383,12.7333,true,true,414.0,111.0,414.0,111.0,60.0,30.0,383,383,0,TRACKING,413.0,110.0,1.0,1.0,1.4142135623730951
SCN_002,384,12.7667,true,true,416.0,112.0,416.0,112.0,60.0,30.0,384,384,0,TRACKING,415.0,111.0,1.0,1.0,1.4142135623730951
SCN_002,385,12.8,true,true,418.0,114.0,418.0,114.0,60.0,60.0,385,385,0,TRACKING,417.0,113.0,1.0,1.0,1.4142135623730951
SCN_002,386,12.8333,true,true,419.0,115.0,419.0,115.0,30.0,30.0,386,386,0,TRACKING,418.0,114.0,1.0,1.0,1.4142135623730951
SCN_002,387,12.8667,true,true,421.0,116.0,421.0,116.0,60.0,30.0,387,387,0,TRACKING,420.0,115.0,1.0,1.0,1.4142135623730951
SCN_002,388,12.9,true,true,423.0,118.0,423.0,118.0,60.0,60.0,388,388,0,TRACKING,422.0,117.0,1.0,1.0,1.4142135623730951
SCN_002,389,12.9333,true,true,425.0,119.0,425.0,119.0,60.0,30.0,389,389,0,TRACKING,424.0,118.0,1.0,1.0,1.4142135623730951
SCN_002,390,12.9667,true,true,426.0,121.0,426.0,121.0,30.0,60.0,390,390,0,TRACKING,425.0,120.0,1.0,1.0,1.4142135623730951
SCN_002,391,13.0,true,true,428.0,122.0,428.0,122.0,60.0,30.0,391,391,0,TRACKING,427.0,121.0,1.0,1.0,1.4142135623730951
SCN_002,392,13.0333,true,true,430.0,124.0,430.0,124.0,60.0,60.0,392,392,0,TRACKING,429.0,123.0,1.0,1.0,1.4142135623730951
SCN_002,393,13.0667,true,true,431.0,125.0,431.0,125.0,30.0,30.0,393,393,0,TRACKING,430.0,124.0,1.0,1.0,1.4142135623730951
SCN_002,394,13.1,true,true,433.0,127.0,433.0,127.0,60.0,60.0,394,394,0,TRACKING,432.0,126.0,1.0,1.0,1.4142135623730951
SCN_002,395,13.1333,true,true,435.0,128.0,435.0,128.0,60.0,30.0,395,395,0,TRACKING,434.0,127.0,1.0,1.0,1.4142135623730951
SCN_002,396,13.1667,true,true,436.0,130.0,436.0,130.0,30.0,60.0,396,396,0,TRACKING,435.0,129.0,1.0,1.0,1.4142135623730951
SCN_002,397,13.2,true,true,438.0,131.0,438.0,131.0,60.0,30.0,397,397,0,TRACKING,437.0,130.0,1.0,1.0,1.4142135623730951
SCN_002,398,13.2333,true,true,439.0,133.0,439.0,133.0,30.0,60.0,398,398,0,TRACKING,438.0,132.0,1.0,1.0,1.4142135623730951
SCN_002,399,13.2667,true,true,441.0,135.0,441.0,135.0,60.0,60.0,399,399,0,TRACKING,440.0,134.0,1.0,1.0,1.4142135623730951
SCN_002,400,13.3,true,true,442.0,136.0,442.0,136.0,30.0,30.0,400,400,0,TRACKING,441.0,135.0,1.0,1.0,1.4142135623730951
SCN_002,401,13.3333,true,true,444.0,138.0,444.0,138.0,60.0,60.0,401,401,0,TRACKING,443.0,137.0,1.0,1.0,1.4142135623730951
SCN_002,402,13.3667,true,true,445.0,140.0,445.0,140.0,30.0,60.0,402,402,0,TRACKING,444.0,139.0,1.0,1.0,1.4142135623730951
SCN_002,403,13.4,true,true,446.0,142.0,446.0,142.0,30.0,60.0,403,403,0,TRACKING,445.0,141.0,1.0,1.0,1.4142135623730951
SCN_002,404,13.4333,true,true,448.0,143.0,448.0,143.0,60.0,30.0,404,404,0,TRACKING,447.0,142.0,1.0,1.0,1.4142135623730951
SCN_002,405,13.4667,true,true,449.0,145.0,449.0,145.0,30.0,60.0,405,405,0,TRACKING,448.0,144.0,1.0,1.0,1.4142135623730951
SCN_002,406,13.5,true,true,450.0,147.0,450.0,147.0,30.0,60.0,406,406,0,TRACKING,449.0,146.0,1.0,1.0,1.4142135623730951
SCN_002,407,13.5333,true,true,452.0,149.0,452.0,149.0,60.0,60.0,407,407,0,TRACKING,451.0,148.0,1.0,1.0,1.4142135623730951
SCN_002,408,13.5667,true,true,453.0,151.0,453.0,151.0,30.0,60.0,408,408,0,TRACKING,452.0,150.0,1.0,1.0,1.4142135623730951
SCN_002,409,13.6,true,true,454.0,152.0,454.0,152.0,30.0,30.0,409,409,0,TRACKING,453.0,151.0,1.0,1.0,1.4142135623730951
SCN_002,410,13.6333,true,true,455.0,154.0,455.0,154.0,30.0,60.0,410,410,0,TRACKING,454.0,153.0,1.0,1.0,1.4142135623730951
SCN_002,411,13.6667,true,true,457.0,156.0,457.0,156.0,60.0,60.0,411,411,0,TRACKING,456.0,155.0,1.0,1.0,1.4142135623730951
SCN_002,412,13.7,true,true,458.0,158.0,458.0,158.0,30.0,60.0,412,412,0,TRACKING,457.0,157.0,1.0,1.0,1.4142135623730951
SCN_002,413,13.7333,true,true,459.0,160.0,459.0,160.0,30.0,60.0,413,413,0,TRACKING,458.0,159.0,1.0,1.0,1.4142135623730951
SCN_002,414,13.7667,true,true,460.0,162.0,460.0,162.0,30.0,60.0,414,414,0,TRACKING,459.0,161.0,1.0,1.0,1.4142135623730951
SCN_002,415,13.8,true,true,461.0,164.0,461.0,164.0,30.0,60.0,415,415,0,TRACKING,460.0,163.0,1.0,1.0,1.4142135623730951
SCN_002,416,13.8333,true,true,462.0,166.0,462.0,166.0,30.0,60.0,416,416,0,TRACKING,461.0,165.0,1.0,1.0,1.4142135623730951
SCN_002,417,13.8667,true,true,463.0,168.0,463.0,168.0,30.0,60.0,417,417,0,TRACKING,462.0,167.0,1.0,1.0,1.4142135623730951
SCN_002,418,13.9,true,true,464.0,170.0,464.0,170.0,30.0,60.0,418,418,0,TRACKING,463.0,169.0,1.0,1.0,1.4142135623730951
SCN_002,419,13.9333,true,true,465.0,172.0,465.0,172.0,30.0,60.0,419,419,0,TRACKING,464.0,171.0,1.0,1.0,1.4142135623730951
SCN_002,420,13.9667,true,true,466.0,174.0,466.0,174.0,30.0,60.0,420,420,0,TRACKING,465.0,173.0,1.0,1.0,1.4142135623730951
SCN_002,421,14.0,true,true,467.0,176.0,467.0,176.0,30.0,60.0,421,421,0,TRACKING,466.0,175.0,1.0,1.0,1.4142135623730951
SCN_002,422,14.0333,true,true,468.0,178.0,468.0,178.0,30.0,60.0,422,422,0,TRACKING,467.0,177.0,1.0,1.0,1.4142135623730951
SCN_002,423,14.0667,true,true,469.0,180.0,469.0,180.0,30.0,60.0,423,423,0,TRACKING,468.0,179.0,1.0,1.0,1.4142135623730951
SCN_002,424,14.1,true,true,470.0,182.0,470.0,182.0,30.0,60.0,424,424,0,TRACKING,469.0,181.0,1.0,1.0,1.4142135623730951
SCN_002,425,14.1333,true,true,471.0,184.0,471.0,184.0,30.0,60.0,425,425,0,TRACKING,470.0,183.0,1.0,1.0,1.4142135623730951
SCN_002,426,14.1667,true,true,471.0,186.0,471.0,186.0,0.0,60.0,426,426,0,TRACKING,470.0,185.0,1.0,1.0,1.4142135623730951
SCN_002,427,14.2,true,true,472.0,188.0,472.0,188.0,30.0,60.0,427,427,0,TRACKING,471.0,187.0,1.0,1.0,1.4142135623730951
SCN_002,428,14.2333,true,true,473.0,190.0,473.0,190.0,30.0,60.0,428,428,0,TRACKING,472.0,189.0,1.0,1.0,1.4142135623730951
SCN_002,429,14.2667,true,true,474.0,193.0,474.0,193.0,30.0,90.0,429,429,0,TRACKING,473.0,192.0,1.0,1.0,1.4142135623730951
SCN_002,430,14.3,true,true,474.0,195.0,474.0,195.0,0.0,60.0,430,430,0,TRACKING,473.0,194.0,1.0,1.0,1.4142135623730951
SCN_002,431,14.3333,true,true,475.0,197.0,475.0,197.0,30.0,60.0,431,431,0,TRACKING,474.0,196.0,1.0,1.0,1.4142135623730951
SCN_002,432,14.3667,true,true,475.0,199.0,475.0,199.0,0.0,60.0,432,432,0,TRACKING,474.0,198.0,1.0,1.0,1.4142135623730951
SCN_002,433,14.4,true,true,476.0,201.0,476.0,201.0,30.0,60.0,433,433,0,TRACKING,475.0,200.0,1.0,1.0,1.4142135623730951
SCN_002,434,14.4333,true,true,477.0,203.0,477.0,203.0,30.0,60.0,434,434,0,TRACKING,476.0,202.0,1.0,1.0,1.4142135623730951
SCN_002,435,14.4667,true,true,477.0,206.0,477.0,206.0,0.0,90.0,435,435,0,TRACKING,476.0,205.0,1.0,1.0,1.4142135623730951
SCN_002,436,14.5,true,true,478.0,208.0,478.0,208.0,30.0,60.0,436,436,0,TRACKING,477.0,207.0,1.0,1.0,1.4142135623730951
SCN_002,437,14.5333,true,true,478.0,210.0,478.0,210.0,0.0,60.0,437,437,0,TRACKING,477.0,209.0,1.0,1.0,1.4142135623730951
SCN_002,438,14.5667,true,true,478.0,212.0,478.0,212.0,0.0,60.0,438,438,0,TRACKING,477.0,211.0,1.0,1.0,1.4142135623730951
SCN_002,439,14.6,true,true,479.0,214.0,479.0,214.0,30.0,60.0,439,439,0,TRACKING,478.0,213.0,1.0,1.0,1.4142135623730951
SCN_002,440,14.6333,true,true,479.0,217.0,479.0,217.0,0.0,90.0,440,440,0,TRACKING,478.0,216.0,1.0,1.0,1.4142135623730951
SCN_002,441,14.6667,true,true,479.0,219.0,479.0,219.0,0.0,60.0,441,441,0,TRACKING,478.0,218.0,1.0,1.0,1.4142135623730951
SCN_002,442,14.7,true,true,480.0,221.0,480.0,221.0,30.0,60.0,442,442,0,TRACKING,479.0,220.0,1.0,1.0,1.4142135623730951
SCN_002,443,14.7333,true,true,480.0,223.0,480.0,223.0,0.0,60.0,443,443,0,TRACKING,479.0,222.0,1.0,1.0,1.4142135623730951
SCN_002,444,14.7667,true,true,480.0,225.0,480.0,225.0,0.0,60.0,444,444,0,TRACKING,479.0,224.0,1.0,1.0,1.4142135623730951
SCN_002,445,14.8,true,true,480.0,228.0,480.0,228.0,0.0,90.0,445,445,0,TRACKING,479.0,227.0,1.0,1.0,1.4142135623730951
SCN_002,446,14.8333,true,true,481.0,230.0,481.0,230.0,30.0,60.0,446,446,0,TRACKING,480.0,229.0,1.0,1.0,1.4142135623730951
SCN_002,447,14.8667,true,true,481.0,232.0,481.0,232.0,0.0,60.0,447,447,0,TRACKING,480.0,231.0,1.0,1.0,1.4142135623730951
SCN_002,448,14.9,true,true,481.0,234.0,481.0,234.0,0.0,60.0,448,448,0,TRACKING,480.0,233.0,1.0,1.0,1.4142135623730951
SCN_002,449,14.9333,true,true,481.0,237.0,481.0,237.0,0.0,90.0,449,449,0,TRACKING,480.0,236.0,1.0,1.0,1.4142135623730951
SCN_002,450,14.9667,true,true,481.0,239.0,481.0,239.0,0.0,60.0,450,450,0,TRACKING,480.0,238.0,1.0,1.0,1.4142135623730951
SCN_002,451,15.0,true,true,481.0,241.0,481.0,241.0,0.0,60.0,451,451,0,TRACKING,480.0,240.0,1.0,1.0,1.4142135623730951
SCN_002,452,15.0333,true,true,481.0,243.0,481.0,243.0,0.0,60.0,452,452,0,TRACKING,480.0,242.0,1.0,1.0,1.4142135623730951
SCN_002,453,15.0667,true,true,481.0,245.0,481.0,245.0,0.0,60.0,453,453,0,TRACKING,480.0,244.0,1.0,1.0,1.4142135623730951
SCN_002,454,15.1,true,true,481.0,248.0,481.0,248.0,0.0,90.0,454,454,0,TRACKING,480.0,247.0,1.0,1.0,1.4142135623730951
SCN_002,455,15.1333,true,true,481.0,250.0,481.0,250.0,0.0,60.0,455,455,0,TRACKING,480.0,249.0,1.0,1.0,1.4142135623730951
SCN_002,456,15.1667,true,true,481.0,252.0,481.0,252.0,0.0,60.0,456,456,0,TRACKING,480.0,251.0,1.0,1.0,1.4142135623730951
SCN_002,457,15.2,true,true,480.0,254.0,480.0,254.0,-30.0,60.0,457,457,0,TRACKING,479.0,253.0,1.0,1.0,1.4142135623730951
SCN_002,458,15.2333,true,true,480.0,257.0,480.0,257.0,0.0,90.0,458,458,0,TRACKING,479.0,256.0,1.0,1.0,1.4142135623730951
SCN_002,459,15.2667,true,true,480.0,259.0,480.0,259.0,0.0,60.0,459,459,0,TRACKING,479.0,258.0,1.0,1.0,1.4142135623730951
SCN_002,460,15.3,true,true,480.0,261.0,480.0,261.0,0.0,60.0,460,460,0,TRACKING,479.0,260.0,1.0,1.0,1.4142135623730951
SCN_002,461,15.3333,true,true,479.0,263.0,479.0,263.0,-30.0,60.0,461,461,0,TRACKING,478.0,262.0,1.0,1.0,1.4142135623730951
SCN_002,462,15.3667,true,true,479.0,265.0,479.0,265.0,0.0,60.0,462,462,0,TRACKING,478.0,264.0,1.0,1.0,1.4142135623730951
SCN_002,463,15.4,true,true,479.0,268.0,479.0,268.0,0.0,90.0,463,463,0,TRACKING,478.0,267.0,1.0,1.0,1.4142135623730951
SCN_002,464,15.4333,true,true,478.0,270.0,478.0,270.0,-30.0,60.0,464,464,0,TRACKING,477.0,269.0,1.0,1.0,1.4142135623730951
SCN_002,465,15.4667,true,true,478.0,272.0,478.0,272.0,0.0,60.0,465,465,0,TRACKING,477.0,271.0,1.0,1.0,1.4142135623730951
SCN_002,466,15.5,true,true,478.0,274.0,478.0,274.0,0.0,60.0,466,466,0,TRACKING,477.0,273.0,1.0,1.0,1.4142135623730951
SCN_002,467,15.5333,true,true,477.0,276.0,477.0,276.0,-30.0,60.0,467,467,0,TRACKING,476.0,275.0,1.0,1.0,1.4142135623730951
SCN_002,468,15.5667,true,true,477.0,279.0,477.0,279.0,0.0,90.0,468,468,0,TRACKING,476.0,278.0,1.0,1.0,1.4142135623730951
SCN_002,469,15.6,true,true,476.0,281.0,476.0,281.0,-30.0,60.0,469,469,0,TRACKING,475.0,280.0,1.0,1.0,1.4142135623730951
SCN_002,470,15.6333,true,true,475.0,283.0,475.0,283.0,-30.0,60.0,470,470,0,TRACKING,474.0,282.0,1.0,1.0,1.4142135623730951
SCN_002,471,15.6667,true,true,475.0,285.0,475.0,285.0,0.0,60.0,471,471,0,TRACKING,474.0,284.0,1.0,1.0,1.4142135623730951
SCN_002,472,15.7,true,true,474.0,287.0,474.0,287.0,-30.0,60.0,472,472,0,TRACKING,473.0,286.0,1.0,1.0,1.4142135623730951
SCN_002,473,15.7333,true,true,474.0,289.0,474.0,289.0,0.0,60.0,473,473,0,TRACKING,473.0,288.0,1.0,1.0,1.4142135623730951
SCN_002,474,15.7667,true,true,473.0,291.0,473.0,291.0,-30.0,60.0,474,474,0,TRACKING,472.0,290.0,1.0,1.0,1.4142135623730951
SCN_002,475,15.8,true,true,472.0,294.0,472.0,294.0,-30.0,90.0,475,475,0,TRACKING,471.0,293.0,1.0,1.0,1.4142135623730951
SCN_002,476,15.8333,true,true,471.0,296.0,471.0,296.0,-30.0,60.0,476,476,0,TRACKING,470.0,295.0,1.0,1.0,1.4142135623730951
SCN_002,477,15.8667,true,true,471.0,298.0,471.0,298.0,0.0,60.0,477,477,0,TRACKING,470.0,297.0,1.0,1.0,1.4142135623730951
SCN_002,478,15.9,true,true,470.0,300.0,470.0,300.0,-30.0,60.0,478,478,0,TRACKING,469.0,299.0,1.0,1.0,1.4142135623730951
SCN_002,479,15.9333,true,true,469.0,302.0,469.0,302.0,-30.0,60.0,479,479,0,TRACKING,468.0,301.0,1.0,1.0,1.4142135623730951
SCN_002,480,15.9667,true,true,468.0,304.0,468.0,304.0,-30.0,60.0,480,480,0,TRACKING,467.0,303.0,1.0,1.0,1.4142135623730951
SCN_002,481,16.0,true,true,467.0,306.0,467.0,306.0,-30.0,60.0,481,481,0,TRACKING,466.0,305.0,1.0,1.0,1.4142135623730951
SCN_002,482,16.0333,true,true,466.0,308.0,466.0,308.0,-30.0,60.0,482,482,0,TRACKING,465.0,307.0,1.0,1.0,1.4142135623730951
SCN_002,483,16.0667,true,true,465.0,310.0,465.0,310.0,-30.0,60.0,483,483,0,TRACKING,464.0,309.0,1.0,1.0,1.4142135623730951
SCN_002,484,16.1,true,true,464.0,312.0,464.0,312.0,-30.0,60.0,484,484,0,TRACKING,463.0,311.0,1.0,1.0,1.4142135623730951
SCN_002,485,16.1333,true,true,463.0,314.0,463.0,314.0,-30.0,60.0,485,485,0,TRACKING,462.0,313.0,1.0,1.0,1.4142135623730951
SCN_002,486,16.1667,true,true,462.0,316.0,462.0,316.0,-30.0,60.0,486,486,0,TRACKING,461.0,315.0,1.0,1.0,1.4142135623730951
SCN_002,487,16.2,true,true,461.0,318.0,461.0,318.0,-30.0,60.0,487,487,0,TRACKING,460.0,317.0,1.0,1.0,1.4142135623730951
SCN_002,488,16.2333,true,true,460.0,320.0,460.0,320.0,-30.0,60.0,488,488,0,TRACKING,459.0,319.0,1.0,1.0,1.4142135623730951
SCN_002,489,16.2667,true,true,459.0,322.0,459.0,322.0,-30.0,60.0,489,489,0,TRACKING,458.0,321.0,1.0,1.0,1.4142135623730951
SCN_002,490,16.3,true,true,458.0,324.0,458.0,324.0,-30.0,60.0,490,490,0,TRACKING,457.0,323.0,1.0,1.0,1.4142135623730951
SCN_002,491,16.3333,true,true,457.0,326.0,457.0,326.0,-30.0,60.0,491,491,0,TRACKING,456.0,325.0,1.0,1.0,1.4142135623730951
SCN_002,492,16.3667,true,true,455.0,328.0,455.0,328.0,-60.0,60.0,492,492,0,TRACKING,454.0,327.0,1.0,1.0,1.4142135623730951
SCN_002,493,16.4,true,true,454.0,330.0,454.0,330.0,-30.0,60.0,493,493,0,TRACKING,453.0,329.0,1.0,1.0,1.4142135623730951
SCN_002,494,16.4333,true,true,453.0,331.0,453.0,331.0,-30.0,30.0,494,494,0,TRACKING,452.0,330.0,1.0,1.0,1.4142135623730951
SCN_002,495,16.4667,true,true,452.0,333.0,452.0,333.0,-30.0,60.0,495,495,0,TRACKING,451.0,332.0,1.0,1.0,1.4142135623730951
SCN_002,496,16.5,true,true,450.0,335.0,450.0,335.0,-60.0,60.0,496,496,0,TRACKING,449.0,334.0,1.0,1.0,1.4142135623730951
SCN_002,497,16.5333,true,true,449.0,337.0,449.0,337.0,-30.0,60.0,497,497,0,TRACKING,448.0,336.0,1.0,1.0,1.4142135623730951
SCN_002,498,16.5667,true,true,448.0,339.0,448.0,339.0,-30.0,60.0,498,498,0,TRACKING,447.0,338.0,1.0,1.0,1.4142135623730951
SCN_002,499,16.6,true,true,446.0,340.0,446.0,340.0,-60.0,30.0,499,499,0,TRACKING,445.0,339.0,1.0,1.0,1.4142135623730951
SCN_002,500,16.6333,true,true,445.0,342.0,445.0,342.0,-30.0,60.0,500,500,0,TRACKING,444.0,341.0,1.0,1.0,1.4142135623730951
SCN_002,501,16.6667,true,true,444.0,344.0,444.0,344.0,-30.0,60.0,501,501,0,TRACKING,443.0,343.0,1.0,1.0,1.4142135623730951
SCN_002,502,16.7,true,true,442.0,346.0,442.0,346.0,-60.0,60.0,502,502,0,TRACKING,441.0,345.0,1.0,1.0,1.4142135623730951
SCN_002,503,16.7333,true,true,441.0,347.0,441.0,347.0,-30.0,30.0,503,503,0,TRACKING,440.0,346.0,1.0,1.0,1.4142135623730951
SCN_002,504,16.7667,true,true,439.0,349.0,439.0,349.0,-60.0,60.0,504,504,0,TRACKING,438.0,348.0,1.0,1.0,1.4142135623730951
SCN_002,505,16.8,true,true,438.0,351.0,438.0,351.0,-30.0,60.0,505,505,0,TRACKING,437.0,350.0,1.0,1.0,1.4142135623730951
SCN_002,506,16.8333,true,true,436.0,352.0,436.0,352.0,-60.0,30.0,506,506,0,TRACKING,435.0,351.0,1.0,1.0,1.4142135623730951
SCN_002,507,16.8667,true,true,435.0,354.0,435.0,354.0,-30.0,60.0,507,507,0,TRACKING,434.0,353.0,1.0,1.0,1.4142135623730951
SCN_002,508,16.9,true,true,433.0,355.0,433.0,355.0,-60.0,30.0,508,508,0,TRACKING,432.0,354.0,1.0,1.0,1.4142135623730951
SCN_002,509,16.9333,true,true,431.0,357.0,431.0,357.0,-60.0,60.0,509,509,0,TRACKING,430.0,356.0,1.0,1.0,1.4142135623730951
SCN_002,510,16.9667,true,true,430.0,358.0,430.0,358.0,-30.0,30.0,510,510,0,TRACKING,429.0,357.0,1.0,1.0,1.4142135623730951
SCN_002,511,17.0,true,true,428.0,360.0,428.0,360.0,-60.0,60.0,511,511,0,TRACKING,427.0,359.0,1.0,1.0,1.4142135623730951
SCN_002,512,17.0333,true,true,426.0,361.0,426.0,361.0,-60.0,30.0,512,512,0,TRACKING,425.0,360.0,1.0,1.0,1.4142135623730951
SCN_002,513,17.0667,true,true,425.0,363.0,425.0,363.0,-30.0,60.0,513,513,0,TRACKING,424.0,362.0,1.0,1.0,1.4142135623730951
SCN_002,514,17.1,true,true,423.0,364.0,423.0,364.0,-60.0,30.0,514,514,0,TRACKING,422.0,363.0,1.0,1.0,1.4142135623730951
SCN_002,515,17.1333,true,true,421.0,366.0,421.0,366.0,-60.0,60.0,515,515,0,TRACKING,420.0,365.0,1.0,1.0,1.4142135623730951
SCN_002,516,17.1667,true,true,420.0,367.0,420.0,367.0,-30.0,30.0,516,516,0,TRACKING,419.0,366.0,1.0,1.0,1.4142135623730951
SCN_002,517,17.2,true,true,418.0,368.0,418.0,368.0,-60.0,30.0,517,517,0,TRACKING,417.0,367.0,1.0,1.0,1.4142135623730951
SCN_002,518,17.2333,true,true,416.0,370.0,416.0,370.0,-60.0,60.0,518,518,0,TRACKING,415.0,369.0,1.0,1.0,1.4142135623730951
SCN_002,519,17.2667,true,true,414.0,371.0,414.0,371.0,-60.0,30.0,519,519,0,TRACKING,413.0,370.0,1.0,1.0,1.4142135623730951
SCN_002,520,17.3,true,true,412.0,372.0,412.0,372.0,-60.0,30.0,520,520,0,TRACKING,411.0,371.0,1.0,1.0,1.4142135623730951
SCN_002,521,17.3333,true,true,410.0,374.0,410.0,374.0,-60.0,60.0,521,521,0,TRACKING,409.0,373.0,1.0,1.0,1.4142135623730951
SCN_002,522,17.3667,true,true,409.0,375.0,409.0,375.0,-30.0,30.0,522,522,0,TRACKING,408.0,374.0,1.0,1.0,1.4142135623730951
SCN_002,523,17.4,true,true,407.0,376.0,407.0,376.0,-60.0,30.0,523,523,0,TRACKING,406.0,375.0,1.0,1.0,1.4142135623730951
SCN_002,524,17.4333,true,true,405.0,377.0,405.0,377.0,-60.0,30.0,524,524,0,TRACKING,404.0,376.0,1.0,1.0,1.4142135623730951
SCN_002,525,17.4667,true,true,403.0,378.0,403.0,378.0,-60.0,30.0,525,525,0,TRACKING,402.0,377.0,1.0,1.0,1.4142135623730951
SCN_002,526,17.5,true,true,401.0,380.0,401.0,380.0,-60.0,60.0,526,526,0,TRACKING,400.0,379.0,1.0,1.0,1.4142135623730951
SCN_002,527,17.5333,true,true,399.0,381.0,399.0,381.0,-60.0,30.0,527,527,0,TRACKING,398.0,380.0,1.0,1.0,1.4142135623730951
SCN_002,528,17.5667,true,true,397.0,382.0,397.0,382.0,-60.0,30.0,528,528,0,TRACKING,396.0,381.0,1.0,1.0,1.4142135623730951
SCN_002,529,17.6,true,true,395.0,383.0,395.0,383.0,-60.0,30.0,529,529,0,TRACKING,394.0,382.0,1.0,1.0,1.4142135623730951
SCN_002,530,17.6333,true,true,393.0,384.0,393.0,384.0,-60.0,30.0,530,530,0,TRACKING,392.0,383.0,1.0,1.0,1.4142135623730951
SCN_002,531,17.6667,true,true,391.0,385.0,391.0,385.0,-60.0,30.0,531,531,0,TRACKING,390.0,384.0,1.0,1.0,1.4142135623730951
SCN_002,532,17.7,true,true,389.0,386.0,389.0,386.0,-60.0,30.0,532,532,0,TRACKING,388.0,385.0,1.0,1.0,1.4142135623730951
SCN_002,533,17.7333,true,true,387.0,387.0,387.0,387.0,-60.0,30.0,533,533,0,TRACKING,386.0,386.0,1.0,1.0,1.4142135623730951
SCN_002,534,17.7667,true,true,385.0,388.0,385.0,388.0,-60.0,30.0,534,534,0,TRACKING,384.0,387.0,1.0,1.0,1.4142135623730951
SCN_002,535,17.8,true,true,383.0,388.0,383.0,388.0,-60.0,0.0,535,535,0,TRACKING,382.0,387.0,1.0,1.0,1.4142135623730951
SCN_002,536,17.8333,true,true,381.0,389.0,381.0,389.0,-60.0,30.0,536,536,0,TRACKING,380.0,388.0,1.0,1.0,1.4142135623730951
SCN_002,537,17.8667,true,true,379.0,390.0,379.0,390.0,-60.0,30.0,537,537,0,TRACKING,378.0,389.0,1.0,1.0,1.4142135623730951
SCN_002,538,17.9,true,true,377.0,391.0,377.0,391.0,-60.0,30.0,538,538,0,TRACKING,376.0,390.0,1.0,1.0,1.4142135623730951
SCN_002,539,17.9333,true,true,375.0,392.0,375.0,392.0,-60.0,30.0,539,539,0,TRACKING,374.0,391.0,1.0,1.0,1.4142135623730951
SCN_002,540,17.9667,true,true,373.0,392.0,373.0,392.0,-60.0,0.0,540,540,0,TRACKING,372.0,391.0,1.0,1.0,1.4142135623730951
SCN_002,541,18.0,true,true,370.0,393.0,370.0,393.0,-90.0,30.0,541,541,0,TRACKING,369.0,392.0,1.0,1.0,1.4142135623730951
SCN_002,542,18.0333,true,true,368.0,394.0,368.0,394.0,-60.0,30.0,542,542,0,TRACKING,367.0,393.0,1.0,1.0,1.4142135623730951
SCN_002,543,18.0667,true,true,366.0,394.0,366.0,394.0,-60.0,0.0,543,543,0,TRACKING,365.0,393.0,1.0,1.0,1.4142135623730951
SCN_002,544,18.1,true,true,364.0,395.0,364.0,395.0,-60.0,30.0,544,544,0,TRACKING,363.0,394.0,1.0,1.0,1.4142135623730951
SCN_002,545,18.1333,true,true,362.0,396.0,362.0,396.0,-60.0,30.0,545,545,0,TRACKING,361.0,395.0,1.0,1.0,1.4142135623730951
SCN_002,546,18.1667,true,true,360.0,396.0,360.0,396.0,-60.0,0.0,546,546,0,TRACKING,359.0,395.0,1.0,1.0,1.4142135623730951
SCN_002,547,18.2,true,true,358.0,397.0,358.0,397.0,-60.0,30.0,547,547,0,TRACKING,357.0,396.0,1.0,1.0,1.4142135623730951
SCN_002,548,18.2333,true,true,355.0,397.0,355.0,397.0,-90.0,0.0,548,548,0,TRACKING,354.0,396.0,1.0,1.0,1.4142135623730951
SCN_002,549,18.2667,true,true,353.0,398.0,353.0,398.0,-60.0,30.0,549,549,0,TRACKING,352.0,397.0,1.0,1.0,1.4142135623730951
SCN_002,550,18.3,true,true,351.0,398.0,351.0,398.0,-60.0,0.0,550,550,0,TRACKING,350.0,397.0,1.0,1.0,1.4142135623730951
SCN_002,551,18.3333,true,true,349.0,399.0,349.0,399.0,-60.0,30.0,551,551,0,TRACKING,348.0,398.0,1.0,1.0,1.4142135623730951
SCN_002,552,18.3667,true,true,347.0,399.0,347.0,399.0,-60.0,0.0,552,552,0,TRACKING,346.0,398.0,1.0,1.0,1.4142135623730951
SCN_002,553,18.4,true,true,344.0,399.0,344.0,399.0,-90.0,0.0,553,553,0,TRACKING,343.0,398.0,1.0,1.0,1.4142135623730951
SCN_002,554,18.4333,true,true,342.0,400.0,342.0,400.0,-60.0,30.0,554,554,0,TRACKING,341.0,399.0,1.0,1.0,1.4142135623730951
SCN_002,555,18.4667,true,true,340.0,400.0,340.0,400.0,-60.0,0.0,555,555,0,TRACKING,339.0,399.0,1.0,1.0,1.4142135623730951
SCN_002,556,18.5,true,true,338.0,400.0,338.0,400.0,-60.0,0.0,556,556,0,TRACKING,337.0,399.0,1.0,1.0,1.4142135623730951
SCN_002,557,18.5333,true,true,336.0,400.0,336.0,400.0,-60.0,0.0,557,557,0,TRACKING,335.0,399.0,1.0,1.0,1.4142135623730951
SCN_002,558,18.5667,true,true,333.0,401.0,333.0,401.0,-90.0,30.0,558,558,0,TRACKING,332.0,400.0,1.0,1.0,1.4142135623730951
SCN_002,559,18.6,true,true,331.0,401.0,331.0,401.0,-60.0,0.0,559,559,0,TRACKING,330.0,400.0,1.0,1.0,1.4142135623730951
SCN_002,560,18.6333,true,true,329.0,401.0,329.0,401.0,-60.0,0.0,560,560,0,TRACKING,328.0,400.0,1.0,1.0,1.4142135623730951
SCN_002,561,18.6667,true,true,327.0,401.0,327.0,401.0,-60.0,0.0,561,561,0,TRACKING,326.0,400.0,1.0,1.0,1.4142135623730951
SCN_002,562,18.7,true,true,324.0,401.0,324.0,401.0,-90.0,0.0,562,562,0,TRACKING,323.0,400.0,1.0,1.0,1.4142135623730951
SCN_002,563,18.7333,true,true,322.0,401.0,322.0,401.0,-60.0,0.0,563,563,0,TRACKING,321.0,400.0,1.0,1.0,1.4142135623730951
SCN_002,564,18.7667,true,true,320.0,401.0,320.0,401.0,-60.0,0.0,564,564,0,TRACKING,319.0,400.0,1.0,1.0,1.4142135623730951
SCN_002,565,18.8,true,true,318.0,401.0,318.0,401.0,-60.0,0.0,565,565,0,TRACKING,317.0,400.0,1.0,1.0,1.4142135623730951
SCN_002,566,18.8333,true,true,315.0,401.0,315.0,401.0,-90.0,0.0,566,566,0,TRACKING,314.0,400.0,1.0,1.0,1.4142135623730951
SCN_002,567,18.8667,true,true,313.0,401.0,313.0,401.0,-60.0,0.0,567,567,0,TRACKING,312.0,400.0,1.0,1.0,1.4142135623730951
SCN_002,568,18.9,true,true,311.0,401.0,311.0,401.0,-60.0,0.0,568,568,0,TRACKING,310.0,400.0,1.0,1.0,1.4142135623730951
SCN_002,569,18.9333,true,true,309.0,401.0,309.0,401.0,-60.0,0.0,569,569,0,TRACKING,308.0,400.0,1.0,1.0,1.4142135623730951
SCN_002,570,18.9667,true,true,307.0,400.0,307.0,400.0,-60.0,-30.0,570,570,0,TRACKING,306.0,399.0,1.0,1.0,1.4142135623730951
SCN_002,571,19.0,true,true,304.0,400.0,304.0,400.0,-90.0,0.0,571,571,0,TRACKING,303.0,399.0,1.0,1.0,1.4142135623730951
SCN_002,572,19.0333,true,true,302.0,400.0,302.0,400.0,-60.0,0.0,572,572,0,TRACKING,301.0,399.0,1.0,1.0,1.4142135623730951
SCN_002,573,19.0667,true,true,300.0,400.0,300.0,400.0,-60.0,0.0,573,573,0,TRACKING,299.0,399.0,1.0,1.0,1.4142135623730951
SCN_002,574,19.1,true,true,298.0,399.0,298.0,399.0,-60.0,-30.0,574,574,0,TRACKING,297.0,398.0,1.0,1.0,1.4142135623730951
SCN_002,575,19.1333,true,true,295.0,399.0,295.0,399.0,-90.0,0.0,575,575,0,TRACKING,294.0,398.0,1.0,1.0,1.4142135623730951
SCN_002,576,19.1667,true,true,293.0,399.0,293.0,399.0,-60.0,0.0,576,576,0,TRACKING,292.0,398.0,1.0,1.0,1.4142135623730951
SCN_002,577,19.2,true,true,291.0,398.0,291.0,398.0,-60.0,-30.0,577,577,0,TRACKING,290.0,397.0,1.0,1.0,1.4142135623730951
SCN_002,578,19.2333,true,true,289.0,398.0,289.0,398.0,-60.0,0.0,578,578,0,TRACKING,288.0,397.0,1.0,1.0,1.4142135623730951
SCN_002,579,19.2667,true,true,287.0,397.0,287.0,397.0,-60.0,-30.0,579,579,0,TRACKING,286.0,396.0,1.0,1.0,1.4142135623730951
SCN_002,580,19.3,true,true,284.0,397.0,284.0,397.0,-90.0,0.0,580,580,0,TRACKING,283.0,396.0,1.0,1.0,1.4142135623730951
SCN_002,581,19.3333,true,true,282.0,396.0,282.0,396.0,-60.0,-30.0,581,581,0,TRACKING,281.0,395.0,1.0,1.0,1.4142135623730951
SCN_002,582,19.3667,true,true,280.0,396.0,280.0,396.0,-60.0,0.0,582,582,0,TRACKING,279.0,395.0,1.0,1.0,1.4142135623730951
SCN_002,583,19.4,true,true,278.0,395.0,278.0,395.0,-60.0,-30.0,583,583,0,TRACKING,277.0,394.0,1.0,1.0,1.4142135623730951
SCN_002,584,19.4333,true,true,276.0,394.0,276.0,394.0,-60.0,-30.0,584,584,0,TRACKING,275.0,393.0,1.0,1.0,1.4142135623730951
SCN_002,585,19.4667,true,true,274.0,394.0,274.0,394.0,-60.0,0.0,585,585,0,TRACKING,273.0,393.0,1.0,1.0,1.4142135623730951
SCN_002,586,19.5,true,true,272.0,393.0,272.0,393.0,-60.0,-30.0,586,586,0,TRACKING,271.0,392.0,1.0,1.0,1.4142135623730951
SCN_002,587,19.5333,true,true,269.0,392.0,269.0,392.0,-90.0,-30.0,587,587,0,TRACKING,268.0,391.0,1.0,1.0,1.4142135623730951
SCN_002,588,19.5667,true,true,267.0,392.0,267.0,392.0,-60.0,0.0,588,588,0,TRACKING,266.0,391.0,1.0,1.0,1.4142135623730951
SCN_002,589,19.6,true,true,265.0,391.0,265.0,391.0,-60.0,-30.0,589,589,0,TRACKING,264.0,390.0,1.0,1.0,1.4142135623730951
SCN_002,590,19.6333,true,true,263.0,390.0,263.0,390.0,-60.0,-30.0,590,590,0,TRACKING,262.0,389.0,1.0,1.0,1.4142135623730951
SCN_002,591,19.6667,true,true,261.0,389.0,261.0,389.0,-60.0,-30.0,591,591,0,TRACKING,260.0,388.0,1.0,1.0,1.4142135623730951
SCN_002,592,19.7,true,true,259.0,389.0,259.0,389.0,-60.0,0.0,592,592,0,TRACKING,258.0,388.0,1.0,1.0,1.4142135623730951
SCN_002,593,19.7333,true,true,257.0,388.0,257.0,388.0,-60.0,-30.0,593,593,0,TRACKING,256.0,387.0,1.0,1.0,1.4142135623730951
SCN_002,594,19.7667,true,true,255.0,387.0,255.0,387.0,-60.0,-30.0,594,594,0,TRACKING,254.0,386.0,1.0,1.0,1.4142135623730951
SCN_002,595,19.8,true,true,253.0,386.0,253.0,386.0,-60.0,-30.0,595,595,0,TRACKING,252.0,385.0,1.0,1.0,1.4142135623730951
SCN_002,596,19.8333,true,true,251.0,385.0,251.0,385.0,-60.0,-30.0,596,596,0,TRACKING,250.0,384.0,1.0,1.0,1.4142135623730951
SCN_002,597,19.8667,true,true,249.0,384.0,249.0,384.0,-60.0,-30.0,597,597,0,TRACKING,248.0,383.0,1.0,1.0,1.4142135623730951
SCN_002,598,19.9,true,true,247.0,383.0,247.0,383.0,-60.0,-30.0,598,598,0,TRACKING,246.0,382.0,1.0,1.0,1.4142135623730951
SCN_002,599,19.9333,true,true,245.0,382.0,245.0,382.0,-60.0,-30.0,599,599,0,TRACKING,244.0,381.0,1.0,1.0,1.4142135623730951
SCN_002,600,19.9667,true,true,243.0,381.0,243.0,381.0,-60.0,-30.0,600,600,0,TRACKING,242.0,380.0,1.0,1.0,1.4142135623730951
SCN_002,601,20.0,true,true,241.0,380.0,241.0,380.0,-60.0,-30.0,601,601,0,TRACKING,240.0,379.0,1.0,1.0,1.4142135623730951
SCN_002,602,20.0333,true,true,239.0,378.0,239.0,378.0,-60.0,-60.0,602,602,0,TRACKING,238.0,377.0,1.0,1.0,1.4142135623730951
SCN_002,603,20.0667,true,true,237.0,377.0,237.0,377.0,-60.0,-30.0,603,603,0,TRACKING,236.0,376.0,1.0,1.0,1.4142135623730951
SCN_002,604,20.1,true,true,235.0,376.0,235.0,376.0,-60.0,-30.0,604,604,0,TRACKING,234.0,375.0,1.0,1.0,1.4142135623730951
SCN_002,605,20.1333,true,true,233.0,375.0,233.0,375.0,-60.0,-30.0,605,605,0,TRACKING,232.0,374.0,1.0,1.0,1.4142135623730951
SCN_002,606,20.1667,true,true,232.0,374.0,232.0,374.0,-30.0,-30.0,606,606,0,TRACKING,231.0,373.0,1.0,1.0,1.4142135623730951
SCN_002,607,20.2,true,true,230.0,372.0,230.0,372.0,-60.0,-60.0,607,607,0,TRACKING,229.0,371.0,1.0,1.0,1.4142135623730951
SCN_002,608,20.2333,true,true,228.0,371.0,228.0,371.0,-60.0,-30.0,608,608,0,TRACKING,227.0,370.0,1.0,1.0,1.4142135623730951
SCN_002,609,20.2667,true,true,226.0,370.0,226.0,370.0,-60.0,-30.0,609,609,0,TRACKING,225.0,369.0,1.0,1.0,1.4142135623730951
SCN_002,610,20.3,true,true,224.0,368.0,224.0,368.0,-60.0,-60.0,610,610,0,TRACKING,223.0,367.0,1.0,1.0,1.4142135623730951
SCN_002,611,20.3333,true,true,223.0,367.0,223.0,367.0,-30.0,-30.0,611,611,0,TRACKING,222.0,366.0,1.0,1.0,1.4142135623730951
SCN_002,612,20.3667,true,true,221.0,366.0,221.0,366.0,-60.0,-30.0,612,612,0,TRACKING,220.0,365.0,1.0,1.0,1.4142135623730951
SCN_002,613,20.4,true,true,219.0,364.0,219.0,364.0,-60.0,-60.0,613,613,0,TRACKING,218.0,363.0,1.0,1.0,1.4142135623730951
SCN_002,614,20.4333,true,true,217.0,363.0,217.0,363.0,-60.0,-30.0,614,614,0,TRACKING,216.0,362.0,1.0,1.0,1.4142135623730951
SCN_002,615,20.4667,true,true,216.0,361.0,216.0,361.0,-30.0,-60.0,615,615,0,TRACKING,215.0,360.0,1.0,1.0,1.4142135623730951
SCN_002,616,20.5,true,true,214.0,360.0,214.0,360.0,-60.0,-30.0,616,616,0,TRACKING,213.0,359.0,1.0,1.0,1.4142135623730951
SCN_002,617,20.5333,true,true,212.0,358.0,212.0,358.0,-60.0,-60.0,617,617,0,TRACKING,211.0,357.0,1.0,1.0,1.4142135623730951
SCN_002,618,20.5667,true,true,211.0,357.0,211.0,357.0,-30.0,-30.0,618,618,0,TRACKING,210.0,356.0,1.0,1.0,1.4142135623730951
SCN_002,619,20.6,true,true,209.0,355.0,209.0,355.0,-60.0,-60.0,619,619,0,TRACKING,208.0,354.0,1.0,1.0,1.4142135623730951
SCN_002,620,20.6333,true,true,207.0,354.0,207.0,354.0,-60.0,-30.0,620,620,0,TRACKING,206.0,353.0,1.0,1.0,1.4142135623730951
SCN_002,621,20.6667,true,true,206.0,352.0,206.0,352.0,-30.0,-60.0,621,621,0,TRACKING,205.0,351.0,1.0,1.0,1.4142135623730951
SCN_002,622,20.7,true,true,204.0,351.0,204.0,351.0,-60.0,-30.0,622,622,0,TRACKING,203.0,350.0,1.0,1.0,1.4142135623730951
SCN_002,623,20.7333,true,true,203.0,349.0,203.0,349.0,-30.0,-60.0,623,623,0,TRACKING,202.0,348.0,1.0,1.0,1.4142135623730951
SCN_002,624,20.7667,true,true,201.0,347.0,201.0,347.0,-60.0,-60.0,624,624,0,TRACKING,200.0,346.0,1.0,1.0,1.4142135623730951
SCN_002,625,20.8,true,true,200.0,346.0,200.0,346.0,-30.0,-30.0,625,625,0,TRACKING,199.0,345.0,1.0,1.0,1.4142135623730951
SCN_002,626,20.8333,true,true,198.0,344.0,198.0,344.0,-60.0,-60.0,626,626,0,TRACKING,197.0,343.0,1.0,1.0,1.4142135623730951
SCN_002,627,20.8667,true,true,197.0,342.0,197.0,342.0,-30.0,-60.0,627,627,0,TRACKING,196.0,341.0,1.0,1.0,1.4142135623730951
SCN_002,628,20.9,true,true,196.0,340.0,196.0,340.0,-30.0,-60.0,628,628,0,TRACKING,195.0,339.0,1.0,1.0,1.4142135623730951
SCN_002,629,20.9333,true,true,194.0,339.0,194.0,339.0,-60.0,-30.0,629,629,0,TRACKING,193.0,338.0,1.0,1.0,1.4142135623730951
SCN_002,630,20.9667,true,true,193.0,337.0,193.0,337.0,-30.0,-60.0,630,630,0,TRACKING,192.0,336.0,1.0,1.0,1.4142135623730951
SCN_002,631,21.0,true,true,192.0,335.0,192.0,335.0,-30.0,-60.0,631,631,0,TRACKING,191.0,334.0,1.0,1.0,1.4142135623730951
SCN_002,632,21.0333,true,true,190.0,333.0,190.0,333.0,-60.0,-60.0,632,632,0,TRACKING,189.0,332.0,1.0,1.0,1.4142135623730951
SCN_002,633,21.0667,true,true,189.0,331.0,189.0,331.0,-30.0,-60.0,633,633,0,TRACKING,188.0,330.0,1.0,1.0,1.4142135623730951
SCN_002,634,21.1,true,true,188.0,330.0,188.0,330.0,-30.0,-30.0,634,634,0,TRACKING,187.0,329.0,1.0,1.0,1.4142135623730951
SCN_002,635,21.1333,true,true,187.0,328.0,187.0,328.0,-30.0,-60.0,635,635,0,TRACKING,186.0,327.0,1.0,1.0,1.4142135623730951
SCN_002,636,21.1667,true,true,185.0,326.0,185.0,326.0,-60.0,-60.0,636,636,0,TRACKING,184.0,325.0,1.0,1.0,1.4142135623730951
SCN_002,637,21.2,true,true,184.0,324.0,184.0,324.0,-30.0,-60.0,637,637,0,TRACKING,183.0,323.0,1.0,1.0,1.4142135623730951
SCN_002,638,21.2333,true,true,183.0,322.0,183.0,322.0,-30.0,-60.0,638,638,0,TRACKING,182.0,321.0,1.0,1.0,1.4142135623730951
SCN_002,639,21.2667,true,true,182.0,320.0,182.0,320.0,-30.0,-60.0,639,639,0,TRACKING,181.0,319.0,1.0,1.0,1.4142135623730951
SCN_002,640,21.3,true,true,181.0,318.0,181.0,318.0,-30.0,-60.0,640,640,0,TRACKING,180.0,317.0,1.0,1.0,1.4142135623730951
SCN_002,641,21.3333,true,true,180.0,316.0,180.0,316.0,-30.0,-60.0,641,641,0,TRACKING,179.0,315.0,1.0,1.0,1.4142135623730951
SCN_002,642,21.3667,true,true,179.0,314.0,179.0,314.0,-30.0,-60.0,642,642,0,TRACKING,178.0,313.0,1.0,1.0,1.4142135623730951
SCN_002,643,21.4,true,true,178.0,312.0,178.0,312.0,-30.0,-60.0,643,643,0,TRACKING,177.0,311.0,1.0,1.0,1.4142135623730951
SCN_002,644,21.4333,true,true,177.0,310.0,177.0,310.0,-30.0,-60.0,644,644,0,TRACKING,176.0,309.0,1.0,1.0,1.4142135623730951
SCN_002,645,21.4667,true,true,176.0,308.0,176.0,308.0,-30.0,-60.0,645,645,0,TRACKING,175.0,307.0,1.0,1.0,1.4142135623730951
SCN_002,646,21.5,true,true,175.0,306.0,175.0,306.0,-30.0,-60.0,646,646,0,TRACKING,174.0,305.0,1.0,1.0,1.4142135623730951
SCN_002,647,21.5333,true,true,174.0,304.0,174.0,304.0,-30.0,-60.0,647,647,0,TRACKING,173.0,303.0,1.0,1.0,1.4142135623730951
SCN_002,648,21.5667,true,true,173.0,302.0,173.0,302.0,-30.0,-60.0,648,648,0,TRACKING,172.0,301.0,1.0,1.0,1.4142135623730951
SCN_002,649,21.6,true,true,172.0,300.0,172.0,300.0,-30.0,-60.0,649,649,0,TRACKING,171.0,299.0,1.0,1.0,1.4142135623730951
SCN_002,650,21.6333,true,true,171.0,298.0,171.0,298.0,-30.0,-60.0,650,650,0,TRACKING,170.0,297.0,1.0,1.0,1.4142135623730951
SCN_002,651,21.6667,true,true,171.0,296.0,171.0,296.0,0.0,-60.0,651,651,0,TRACKING,170.0,295.0,1.0,1.0,1.4142135623730951
SCN_002,652,21.7,true,true,170.0,294.0,170.0,294.0,-30.0,-60.0,652,652,0,TRACKING,169.0,293.0,1.0,1.0,1.4142135623730951
SCN_002,653,21.7333,true,true,169.0,292.0,169.0,292.0,-30.0,-60.0,653,653,0,TRACKING,168.0,291.0,1.0,1.0,1.4142135623730951
SCN_002,654,21.7667,true,true,168.0,289.0,168.0,289.0,-30.0,-90.0,654,654,0,TRACKING,167.0,288.0,1.0,1.0,1.4142135623730951
SCN_002,655,21.8,true,true,168.0,287.0,168.0,287.0,0.0,-60.0,655,655,0,TRACKING,167.0,286.0,1.0,1.0,1.4142135623730951
SCN_002,656,21.8333,true,true,167.0,285.0,167.0,285.0,-30.0,-60.0,656,656,0,TRACKING,166.0,284.0,1.0,1.0,1.4142135623730951
SCN_002,657,21.8667,true,true,167.0,283.0,167.0,283.0,0.0,-60.0,657,657,0,TRACKING,166.0,282.0,1.0,1.0,1.4142135623730951
SCN_002,658,21.9,true,true,166.0,281.0,166.0,281.0,-30.0,-60.0,658,658,0,TRACKING,165.0,280.0,1.0,1.0,1.4142135623730951
SCN_002,659,21.9333,true,true,165.0,279.0,165.0,279.0,-30.0,-60.0,659,659,0,TRACKING,164.0,278.0,1.0,1.0,1.4142135623730951
SCN_002,660,21.9667,true,true,165.0,276.0,165.0,276.0,0.0,-90.0,660,660,0,TRACKING,164.0,275.0,1.0,1.0,1.4142135623730951
SCN_002,661,22.0,true,true,164.0,274.0,164.0,274.0,-30.0,-60.0,661,661,0,TRACKING,163.0,273.0,1.0,1.0,1.4142135623730951
SCN_002,662,22.0333,true,true,164.0,272.0,164.0,272.0,0.0,-60.0,662,662,0,TRACKING,163.0,271.0,1.0,1.0,1.4142135623730951
SCN_002,663,22.0667,true,true,164.0,270.0,164.0,270.0,0.0,-60.0,663,663,0,TRACKING,163.0,269.0,1.0,1.0,1.4142135623730951
SCN_002,664,22.1,true,true,163.0,268.0,163.0,268.0,-30.0,-60.0,664,664,0,TRACKING,162.0,267.0,1.0,1.0,1.4142135623730951
SCN_002,665,22.1333,true,true,163.0,265.0,163.0,265.0,0.0,-90.0,665,665,0,TRACKING,162.0,264.0,1.0,1.0,1.4142135623730951
SCN_002,666,22.1667,true,true,163.0,263.0,163.0,263.0,0.0,-60.0,666,666,0,TRACKING,162.0,262.0,1.0,1.0,1.4142135623730951
SCN_002,667,22.2,true,true,162.0,261.0,162.0,261.0,-30.0,-60.0,667,667,0,TRACKING,161.0,260.0,1.0,1.0,1.4142135623730951
SCN_002,668,22.2333,true,true,162.0,259.0,162.0,259.0,0.0,-60.0,668,668,0,TRACKING,161.0,258.0,1.0,1.0,1.4142135623730951
SCN_002,669,22.2667,true,true,162.0,257.0,162.0,257.0,0.0,-60.0,669,669,0,TRACKING,161.0,256.0,1.0,1.0,1.4142135623730951
SCN_002,670,22.3,true,true,162.0,254.0,162.0,254.0,0.0,-90.0,670,670,0,TRACKING,161.0,253.0,1.0,1.0,1.4142135623730951
SCN_002,671,22.3333,true,true,161.0,252.0,161.0,252.0,-30.0,-60.0,671,671,0,TRACKING,160.0,251.0,1.0,1.0,1.4142135623730951
SCN_002,672,22.3667,true,true,161.0,250.0,161.0,250.0,0.0,-60.0,672,672,0,TRACKING,160.0,249.0,1.0,1.0,1.4142135623730951
SCN_002,673,22.4,true,true,161.0,248.0,161.0,248.0,0.0,-60.0,673,673,0,TRACKING,160.0,247.0,1.0,1.0,1.4142135623730951
SCN_002,674,22.4333,true,true,161.0,245.0,161.0,245.0,0.0,-90.0,674,674,0,TRACKING,160.0,244.0,1.0,1.0,1.4142135623730951
SCN_002,675,22.4667,true,true,161.0,243.0,161.0,243.0,0.0,-60.0,675,675,0,TRACKING,160.0,242.0,1.0,1.0,1.4142135623730951
SCN_002,676,22.5,true,true,161.0,241.0,161.0,241.0,0.0,-60.0,676,676,0,TRACKING,160.0,240.0,1.0,1.0,1.4142135623730951
SCN_002,677,22.5333,true,true,161.0,239.0,161.0,239.0,0.0,-60.0,677,677,0,TRACKING,160.0,238.0,1.0,1.0,1.4142135623730951
SCN_002,678,22.5667,true,true,161.0,237.0,161.0,237.0,0.0,-60.0,678,678,0,TRACKING,160.0,236.0,1.0,1.0,1.4142135623730951
SCN_002,679,22.6,true,true,161.0,234.0,161.0,234.0,0.0,-90.0,679,679,0,TRACKING,160.0,233.0,1.0,1.0,1.4142135623730951
SCN_002,680,22.6333,true,true,161.0,232.0,161.0,232.0,0.0,-60.0,680,680,0,TRACKING,160.0,231.0,1.0,1.0,1.4142135623730951
SCN_002,681,22.6667,true,true,161.0,230.0,161.0,230.0,0.0,-60.0,681,681,0,TRACKING,160.0,229.0,1.0,1.0,1.4142135623730951
SCN_002,682,22.7,true,true,162.0,228.0,162.0,228.0,30.0,-60.0,682,682,0,TRACKING,161.0,227.0,1.0,1.0,1.4142135623730951
SCN_002,683,22.7333,true,true,162.0,225.0,162.0,225.0,0.0,-90.0,683,683,0,TRACKING,161.0,224.0,1.0,1.0,1.4142135623730951
SCN_002,684,22.7667,true,true,162.0,223.0,162.0,223.0,0.0,-60.0,684,684,0,TRACKING,161.0,222.0,1.0,1.0,1.4142135623730951
SCN_002,685,22.8,true,true,162.0,221.0,162.0,221.0,0.0,-60.0,685,685,0,TRACKING,161.0,220.0,1.0,1.0,1.4142135623730951
SCN_002,686,22.8333,true,true,163.0,219.0,163.0,219.0,30.0,-60.0,686,686,0,TRACKING,162.0,218.0,1.0,1.0,1.4142135623730951
SCN_002,687,22.8667,true,true,163.0,217.0,163.0,217.0,0.0,-60.0,687,687,0,TRACKING,162.0,216.0,1.0,1.0,1.4142135623730951
SCN_002,688,22.9,true,true,163.0,214.0,163.0,214.0,0.0,-90.0,688,688,0,TRACKING,162.0,213.0,1.0,1.0,1.4142135623730951
SCN_002,689,22.9333,true,true,164.0,212.0,164.0,212.0,30.0,-60.0,689,689,0,TRACKING,163.0,211.0,1.0,1.0,1.4142135623730951
SCN_002,690,22.9667,true,true,164.0,210.0,164.0,210.0,0.0,-60.0,690,690,0,TRACKING,163.0,209.0,1.0,1.0,1.4142135623730951
SCN_002,691,23.0,true,true,164.0,208.0,164.0,208.0,0.0,-60.0,691,691,0,TRACKING,163.0,207.0,1.0,1.0,1.4142135623730951
SCN_002,692,23.0333,true,true,165.0,206.0,165.0,206.0,30.0,-60.0,692,692,0,TRACKING,164.0,205.0,1.0,1.0,1.4142135623730951
SCN_002,693,23.0667,true,true,165.0,203.0,165.0,203.0,0.0,-90.0,693,693,0,TRACKING,164.0,202.0,1.0,1.0,1.4142135623730951
SCN_002,694,23.1,true,true,166.0,201.0,166.0,201.0,30.0,-60.0,694,694,0,TRACKING,165.0,200.0,1.0,1.0,1.4142135623730951
SCN_002,695,23.1333,true,true,167.0,199.0,167.0,199.0,30.0,-60.0,695,695,0,TRACKING,166.0,198.0,1.0,1.0,1.4142135623730951
SCN_002,696,23.1667,true,true,167.0,197.0,167.0,197.0,0.0,-60.0,696,696,0,TRACKING,166.0,196.0,1.0,1.0,1.4142135623730951
SCN_002,697,23.2,true,true,168.0,195.0,168.0,195.0,30.0,-60.0,697,697,0,TRACKING,167.0,194.0,1.0,1.0,1.4142135623730951
SCN_002,698,23.2333,true,true,168.0,193.0,168.0,193.0,0.0,-60.0,698,698,0,TRACKING,167.0,192.0,1.0,1.0,1.4142135623730951
SCN_002,699,23.2667,true,true,169.0,191.0,169.0,191.0,30.0,-60.0,699,699,0,TRACKING,168.0,190.0,1.0,1.0,1.4142135623730951
SCN_002,700,23.3,true,true,170.0,188.0,170.0,188.0,30.0,-90.0,700,700,0,TRACKING,169.0,187.0,1.0,1.0,1.4142135623730951
SCN_002,701,23.3333,true,true,171.0,186.0,171.0,186.0,30.0,-60.0,701,701,0,TRACKING,170.0,185.0,1.0,1.0,1.4142135623730951
SCN_002,702,23.3667,true,true,171.0,184.0,171.0,184.0,0.0,-60.0,702,702,0,TRACKING,170.0,183.0,1.0,1.0,1.4142135623730951
SCN_002,703,23.4,true,true,172.0,182.0,172.0,182.0,30.0,-60.0,703,703,0,TRACKING,171.0,181.0,1.0,1.0,1.4142135623730951
SCN_002,704,23.4333,true,true,173.0,180.0,173.0,180.0,30.0,-60.0,704,704,0,TRACKING,172.0,179.0,1.0,1.0,1.4142135623730951
SCN_002,705,23.4667,true,true,174.0,178.0,174.0,178.0,30.0,-60.0,705,705,0,TRACKING,173.0,177.0,1.0,1.0,1.4142135623730951
SCN_002,706,23.5,true,true,175.0,176.0,175.0,176.0,30.0,-60.0,706,706,0,TRACKING,174.0,175.0,1.0,1.0,1.4142135623730951
SCN_002,707,23.5333,true,true,176.0,174.0,176.0,174.0,30.0,-60.0,707,707,0,TRACKING,175.0,173.0,1.0,1.0,1.4142135623730951
SCN_002,708,23.5667,true,true,177.0,172.0,177.0,172.0,30.0,-60.0,708,708,0,TRACKING,176.0,171.0,1.0,1.0,1.4142135623730951
SCN_002,709,23.6,true,true,178.0,170.0,178.0,170.0,30.0,-60.0,709,709,0,TRACKING,177.0,169.0,1.0,1.0,1.4142135623730951
SCN_002,710,23.6333,true,true,179.0,168.0,179.0,168.0,30.0,-60.0,710,710,0,TRACKING,178.0,167.0,1.0,1.0,1.4142135623730951
SCN_002,711,23.6667,true,true,180.0,166.0,180.0,166.0,30.0,-60.0,711,711,0,TRACKING,179.0,165.0,1.0,1.0,1.4142135623730951
SCN_002,712,23.7,true,true,181.0,164.0,181.0,164.0,30.0,-60.0,712,712,0,TRACKING,180.0,163.0,1.0,1.0,1.4142135623730951
SCN_002,713,23.7333,true,true,182.0,162.0,182.0,162.0,30.0,-60.0,713,713,0,TRACKING,181.0,161.0,1.0,1.0,1.4142135623730951
SCN_002,714,23.7667,true,true,183.0,160.0,183.0,160.0,30.0,-60.0,714,714,0,TRACKING,182.0,159.0,1.0,1.0,1.4142135623730951
SCN_002,715,23.8,true,true,184.0,158.0,184.0,158.0,30.0,-60.0,715,715,0,TRACKING,183.0,157.0,1.0,1.0,1.4142135623730951
SCN_002,716,23.8333,true,true,185.0,156.0,185.0,156.0,30.0,-60.0,716,716,0,TRACKING,184.0,155.0,1.0,1.0,1.4142135623730951
SCN_002,717,23.8667,true,true,187.0,154.0,187.0,154.0,60.0,-60.0,717,717,0,TRACKING,186.0,153.0,1.0,1.0,1.4142135623730951
SCN_002,718,23.9,true,true,188.0,152.0,188.0,152.0,30.0,-60.0,718,718,0,TRACKING,187.0,151.0,1.0,1.0,1.4142135623730951
SCN_002,719,23.9333,true,true,189.0,151.0,189.0,151.0,30.0,-30.0,719,719,0,TRACKING,188.0,150.0,1.0,1.0,1.4142135623730951
SCN_002,720,23.9667,true,true,190.0,149.0,190.0,149.0,30.0,-60.0,720,720,0,TRACKING,189.0,148.0,1.0,1.0,1.4142135623730951
SCN_002,721,24.0,true,true,192.0,147.0,192.0,147.0,60.0,-60.0,721,721,0,TRACKING,191.0,146.0,1.0,1.0,1.4142135623730951
SCN_002,722,24.0333,true,true,193.0,145.0,193.0,145.0,30.0,-60.0,722,722,0,TRACKING,192.0,144.0,1.0,1.0,1.4142135623730951
SCN_002,723,24.0667,true,true,194.0,143.0,194.0,143.0,30.0,-60.0,723,723,0,TRACKING,193.0,142.0,1.0,1.0,1.4142135623730951
SCN_002,724,24.1,true,true,196.0,142.0,196.0,142.0,60.0,-30.0,724,724,0,TRACKING,195.0,141.0,1.0,1.0,1.4142135623730951
SCN_002,725,24.1333,true,true,197.0,140.0,197.0,140.0,30.0,-60.0,725,725,0,TRACKING,196.0,139.0,1.0,1.0,1.4142135623730951
SCN_002,726,24.1667,true,true,198.0,138.0,198.0,138.0,30.0,-60.0,726,726,0,TRACKING,197.0,137.0,1.0,1.0,1.4142135623730951
SCN_002,727,24.2,true,true,200.0,136.0,200.0,136.0,60.0,-60.0,727,727,0,TRACKING,199.0,135.0,1.0,1.0,1.4142135623730951
SCN_002,728,24.2333,true,true,201.0,135.0,201.0,135.0,30.0,-30.0,728,728,0,TRACKING,200.0,134.0,1.0,1.0,1.4142135623730951
SCN_002,729,24.2667,true,true,203.0,133.0,203.0,133.0,60.0,-60.0,729,729,0,TRACKING,202.0,132.0,1.0,1.0,1.4142135623730951
SCN_002,730,24.3,true,true,204.0,131.0,204.0,131.0,30.0,-60.0,730,730,0,TRACKING,203.0,130.0,1.0,1.0,1.4142135623730951
SCN_002,731,24.3333,true,true,206.0,130.0,206.0,130.0,60.0,-30.0,731,731,0,TRACKING,205.0,129.0,1.0,1.0,1.4142135623730951
SCN_002,732,24.3667,true,true,207.0,128.0,207.0,128.0,30.0,-60.0,732,732,0,TRACKING,206.0,127.0,1.0,1.0,1.4142135623730951
SCN_002,733,24.4,true,true,209.0,127.0,209.0,127.0,60.0,-30.0,733,733,0,TRACKING,208.0,126.0,1.0,1.0,1.4142135623730951
SCN_002,734,24.4333,true,true,211.0,125.0,211.0,125.0,60.0,-60.0,734,734,0,TRACKING,210.0,124.0,1.0,1.0,1.4142135623730951
SCN_002,735,24.4667,true,true,212.0,124.0,212.0,124.0,30.0,-30.0,735,735,0,TRACKING,211.0,123.0,1.0,1.0,1.4142135623730951
SCN_002,736,24.5,true,true,214.0,122.0,214.0,122.0,60.0,-60.0,736,736,0,TRACKING,213.0,121.0,1.0,1.0,1.4142135623730951
SCN_002,737,24.5333,true,true,216.0,121.0,216.0,121.0,60.0,-30.0,737,737,0,TRACKING,215.0,120.0,1.0,1.0,1.4142135623730951
SCN_002,738,24.5667,true,true,217.0,119.0,217.0,119.0,30.0,-60.0,738,738,0,TRACKING,216.0,118.0,1.0,1.0,1.4142135623730951
SCN_002,739,24.6,true,true,219.0,118.0,219.0,118.0,60.0,-30.0,739,739,0,TRACKING,218.0,117.0,1.0,1.0,1.4142135623730951
SCN_002,740,24.6333,true,true,221.0,116.0,221.0,116.0,60.0,-60.0,740,740,0,TRACKING,220.0,115.0,1.0,1.0,1.4142135623730951
SCN_002,741,24.6667,true,true,222.0,115.0,222.0,115.0,30.0,-30.0,741,741,0,TRACKING,221.0,114.0,1.0,1.0,1.4142135623730951
SCN_002,742,24.7,true,true,224.0,114.0,224.0,114.0,60.0,-30.0,742,742,0,TRACKING,223.0,113.0,1.0,1.0,1.4142135623730951
SCN_002,743,24.7333,true,true,226.0,112.0,226.0,112.0,60.0,-60.0,743,743,0,TRACKING,225.0,111.0,1.0,1.0,1.4142135623730951
SCN_002,744,24.7667,true,true,228.0,111.0,228.0,111.0,60.0,-30.0,744,744,0,TRACKING,227.0,110.0,1.0,1.0,1.4142135623730951
SCN_002,745,24.8,true,true,230.0,110.0,230.0,110.0,60.0,-30.0,745,745,0,TRACKING,229.0,109.0,1.0,1.0,1.4142135623730951
SCN_002,746,24.8333,true,true,232.0,108.0,232.0,108.0,60.0,-60.0,746,746,0,TRACKING,231.0,107.0,1.0,1.0,1.4142135623730951
SCN_002,747,24.8667,true,true,233.0,107.0,233.0,107.0,30.0,-30.0,747,747,0,TRACKING,232.0,106.0,1.0,1.0,1.4142135623730951
SCN_002,748,24.9,true,true,235.0,106.0,235.0,106.0,60.0,-30.0,748,748,0,TRACKING,234.0,105.0,1.0,1.0,1.4142135623730951
SCN_002,749,24.9333,true,true,237.0,105.0,237.0,105.0,60.0,-30.0,749,749,0,TRACKING,236.0,104.0,1.0,1.0,1.4142135623730951
SCN_002,750,24.9667,true,true,239.0,104.0,239.0,104.0,60.0,-30.0,750,750,0,TRACKING,238.0,103.0,1.0,1.0,1.4142135623730951
SCN_002,751,25.0,true,true,241.0,102.0,241.0,102.0,60.0,-60.0,751,751,0,TRACKING,240.0,101.0,1.0,1.0,1.4142135623730951
SCN_002,752,25.0333,true,true,243.0,101.0,243.0,101.0,60.0,-30.0,752,752,0,TRACKING,242.0,100.0,1.0,1.0,1.4142135623730951
SCN_002,753,25.0667,true,true,245.0,100.0,245.0,100.0,60.0,-30.0,753,753,0,TRACKING,244.0,99.0,1.0,1.0,1.4142135623730951
SCN_002,754,25.1,true,true,247.0,99.0,247.0,99.0,60.0,-30.0,754,754,0,TRACKING,246.0,98.0,1.0,1.0,1.4142135623730951
SCN_002,755,25.1333,true,true,249.0,98.0,249.0,98.0,60.0,-30.0,755,755,0,TRACKING,248.0,97.0,1.0,1.0,1.4142135623730951
SCN_002,756,25.1667,true,true,251.0,97.0,251.0,97.0,60.0,-30.0,756,756,0,TRACKING,250.0,96.0,1.0,1.0,1.4142135623730951
SCN_002,757,25.2,true,true,253.0,96.0,253.0,96.0,60.0,-30.0,757,757,0,TRACKING,252.0,95.0,1.0,1.0,1.4142135623730951
SCN_002,758,25.2333,true,true,255.0,95.0,255.0,95.0,60.0,-30.0,758,758,0,TRACKING,254.0,94.0,1.0,1.0,1.4142135623730951
SCN_002,759,25.2667,true,true,257.0,94.0,257.0,94.0,60.0,-30.0,759,759,0,TRACKING,256.0,93.0,1.0,1.0,1.4142135623730951
SCN_002,760,25.3,true,true,259.0,94.0,259.0,94.0,60.0,0.0,760,760,0,TRACKING,258.0,93.0,1.0,1.0,1.4142135623730951
SCN_002,761,25.3333,true,true,261.0,93.0,261.0,93.0,60.0,-30.0,761,761,0,TRACKING,260.0,92.0,1.0,1.0,1.4142135623730951
SCN_002,762,25.3667,true,true,263.0,92.0,263.0,92.0,60.0,-30.0,762,762,0,TRACKING,262.0,91.0,1.0,1.0,1.4142135623730951
SCN_002,763,25.4,true,true,265.0,91.0,265.0,91.0,60.0,-30.0,763,763,0,TRACKING,264.0,90.0,1.0,1.0,1.4142135623730951
SCN_002,764,25.4333,true,true,267.0,90.0,267.0,90.0,60.0,-30.0,764,764,0,TRACKING,266.0,89.0,1.0,1.0,1.4142135623730951
SCN_002,765,25.4667,true,true,269.0,90.0,269.0,90.0,60.0,0.0,765,765,0,TRACKING,268.0,89.0,1.0,1.0,1.4142135623730951
SCN_002,766,25.5,true,true,272.0,89.0,272.0,89.0,90.0,-30.0,766,766,0,TRACKING,271.0,88.0,1.0,1.0,1.4142135623730951
SCN_002,767,25.5333,true,true,274.0,88.0,274.0,88.0,60.0,-30.0,767,767,0,TRACKING,273.0,87.0,1.0,1.0,1.4142135623730951
SCN_002,768,25.5667,true,true,276.0,88.0,276.0,88.0,60.0,0.0,768,768,0,TRACKING,275.0,87.0,1.0,1.0,1.4142135623730951
SCN_002,769,25.6,true,true,278.0,87.0,278.0,87.0,60.0,-30.0,769,769,0,TRACKING,277.0,86.0,1.0,1.0,1.4142135623730951
SCN_002,770,25.6333,true,true,280.0,86.0,280.0,86.0,60.0,-30.0,770,770,0,TRACKING,279.0,85.0,1.0,1.0,1.4142135623730951
SCN_002,771,25.6667,true,true,282.0,86.0,282.0,86.0,60.0,0.0,771,771,0,TRACKING,281.0,85.0,1.0,1.0,1.4142135623730951
SCN_002,772,25.7,true,true,284.0,85.0,284.0,85.0,60.0,-30.0,772,772,0,TRACKING,283.0,84.0,1.0,1.0,1.4142135623730951
SCN_002,773,25.7333,true,true,287.0,85.0,287.0,85.0,90.0,0.0,773,773,0,TRACKING,286.0,84.0,1.0,1.0,1.4142135623730951
SCN_002,774,25.7667,true,true,289.0,84.0,289.0,84.0,60.0,-30.0,774,774,0,TRACKING,288.0,83.0,1.0,1.0,1.4142135623730951
SCN_002,775,25.8,true,true,291.0,84.0,291.0,84.0,60.0,0.0,775,775,0,TRACKING,290.0,83.0,1.0,1.0,1.4142135623730951
SCN_002,776,25.8333,true,true,293.0,83.0,293.0,83.0,60.0,-30.0,776,776,0,TRACKING,292.0,82.0,1.0,1.0,1.4142135623730951
SCN_002,777,25.8667,true,true,295.0,83.0,295.0,83.0,60.0,0.0,777,777,0,TRACKING,294.0,82.0,1.0,1.0,1.4142135623730951
SCN_002,778,25.9,true,true,298.0,83.0,298.0,83.0,90.0,0.0,778,778,0,TRACKING,297.0,82.0,1.0,1.0,1.4142135623730951
SCN_002,779,25.9333,true,true,300.0,82.0,300.0,82.0,60.0,-30.0,779,779,0,TRACKING,299.0,81.0,1.0,1.0,1.4142135623730951
SCN_002,780,25.9667,true,true,302.0,82.0,302.0,82.0,60.0,0.0,780,780,0,TRACKING,301.0,81.0,1.0,1.0,1.4142135623730951
SCN_002,781,26.0,true,true,304.0,82.0,304.0,82.0,60.0,0.0,781,781,0,TRACKING,303.0,81.0,1.0,1.0,1.4142135623730951
SCN_002,782,26.0333,true,true,306.0,82.0,306.0,82.0,60.0,0.0,782,782,0,TRACKING,305.0,81.0,1.0,1.0,1.4142135623730951
SCN_002,783,26.0667,true,true,309.0,81.0,309.0,81.0,90.0,-30.0,783,783,0,TRACKING,308.0,80.0,1.0,1.0,1.4142135623730951
SCN_002,784,26.1,true,true,311.0,81.0,311.0,81.0,60.0,0.0,784,784,0,TRACKING,310.0,80.0,1.0,1.0,1.4142135623730951
SCN_002,785,26.1333,true,true,313.0,81.0,313.0,81.0,60.0,0.0,785,785,0,TRACKING,312.0,80.0,1.0,1.0,1.4142135623730951
SCN_002,786,26.1667,true,true,315.0,81.0,315.0,81.0,60.0,0.0,786,786,0,TRACKING,314.0,80.0,1.0,1.0,1.4142135623730951
SCN_002,787,26.2,true,true,318.0,81.0,318.0,81.0,90.0,0.0,787,787,0,TRACKING,317.0,80.0,1.0,1.0,1.4142135623730951
SCN_002,788,26.2333,true,true,320.0,81.0,320.0,81.0,60.0,0.0,788,788,0,TRACKING,319.0,80.0,1.0,1.0,1.4142135623730951
SCN_002,789,26.2667,true,true,322.0,81.0,322.0,81.0,60.0,0.0,789,789,0,TRACKING,321.0,80.0,1.0,1.0,1.4142135623730951
SCN_002,790,26.3,true,true,324.0,81.0,324.0,81.0,60.0,0.0,790,790,0,TRACKING,323.0,80.0,1.0,1.0,1.4142135623730951
SCN_002,791,26.3333,true,true,327.0,81.0,327.0,81.0,90.0,0.0,791,791,0,TRACKING,326.0,80.0,1.0,1.0,1.4142135623730951
SCN_002,792,26.3667,true,true,329.0,81.0,329.0,81.0,60.0,0.0,792,792,0,TRACKING,328.0,80.0,1.0,1.0,1.4142135623730951
SCN_002,793,26.4,true,true,331.0,81.0,331.0,81.0,60.0,0.0,793,793,0,TRACKING,330.0,80.0,1.0,1.0,1.4142135623730951
SCN_002,794,26.4333,true,true,333.0,81.0,333.0,81.0,60.0,0.0,794,794,0,TRACKING,332.0,80.0,1.0,1.0,1.4142135623730951
SCN_002,795,26.4667,true,true,335.0,82.0,335.0,82.0,60.0,30.0,795,795,0,TRACKING,334.0,81.0,1.0,1.0,1.4142135623730951
SCN_002,796,26.5,true,true,338.0,82.0,338.0,82.0,90.0,0.0,796,796,0,TRACKING,337.0,81.0,1.0,1.0,1.4142135623730951
SCN_002,797,26.5333,true,true,340.0,82.0,340.0,82.0,60.0,0.0,797,797,0,TRACKING,339.0,81.0,1.0,1.0,1.4142135623730951
SCN_002,798,26.5667,true,true,342.0,82.0,342.0,82.0,60.0,0.0,798,798,0,TRACKING,341.0,81.0,1.0,1.0,1.4142135623730951
SCN_002,799,26.6,true,true,344.0,83.0,344.0,83.0,60.0,30.0,799,799,0,TRACKING,343.0,82.0,1.0,1.0,1.4142135623730951
SCN_002,800,26.6333,true,true,347.0,83.0,347.0,83.0,90.0,0.0,800,800,0,TRACKING,346.0,82.0,1.0,1.0,1.4142135623730951
SCN_002,801,26.6667,true,true,349.0,83.0,349.0,83.0,60.0,0.0,801,801,0,TRACKING,348.0,82.0,1.0,1.0,1.4142135623730951
SCN_002,802,26.7,true,true,351.0,84.0,351.0,84.0,60.0,30.0,802,802,0,TRACKING,350.0,83.0,1.0,1.0,1.4142135623730951
SCN_002,803,26.7333,true,true,353.0,84.0,353.0,84.0,60.0,0.0,803,803,0,TRACKING,352.0,83.0,1.0,1.0,1.4142135623730951
SCN_002,804,26.7667,true,true,355.0,85.0,355.0,85.0,60.0,30.0,804,804,0,TRACKING,354.0,84.0,1.0,1.0,1.4142135623730951
SCN_002,805,26.8,true,true,358.0,85.0,358.0,85.0,90.0,0.0,805,805,0,TRACKING,357.0,84.0,1.0,1.0,1.4142135623730951
SCN_002,806,26.8333,true,true,360.0,86.0,360.0,86.0,60.0,30.0,806,806,0,TRACKING,359.0,85.0,1.0,1.0,1.4142135623730951
SCN_002,807,26.8667,true,true,362.0,86.0,362.0,86.0,60.0,0.0,807,807,0,TRACKING,361.0,85.0,1.0,1.0,1.4142135623730951
SCN_002,808,26.9,true,true,364.0,87.0,364.0,87.0,60.0,30.0,808,808,0,TRACKING,363.0,86.0,1.0,1.0,1.4142135623730951
SCN_002,809,26.9333,true,true,366.0,88.0,366.0,88.0,60.0,30.0,809,809,0,TRACKING,365.0,87.0,1.0,1.0,1.4142135623730951
SCN_002,810,26.9667,true,true,368.0,88.0,368.0,88.0,60.0,0.0,810,810,0,TRACKING,367.0,87.0,1.0,1.0,1.4142135623730951
SCN_002,811,27.0,true,true,370.0,89.0,370.0,89.0,60.0,30.0,811,811,0,TRACKING,369.0,88.0,1.0,1.0,1.4142135623730951
SCN_002,812,27.0333,true,true,373.0,90.0,373.0,90.0,90.0,30.0,812,812,0,TRACKING,372.0,89.0,1.0,1.0,1.4142135623730951
SCN_002,813,27.0667,true,true,375.0,90.0,375.0,90.0,60.0,0.0,813,813,0,TRACKING,374.0,89.0,1.0,1.0,1.4142135623730951
SCN_002,814,27.1,true,true,377.0,91.0,377.0,91.0,60.0,30.0,814,814,0,TRACKING,376.0,90.0,1.0,1.0,1.4142135623730951
SCN_002,815,27.1333,true,true,379.0,92.0,379.0,92.0,60.0,30.0,815,815,0,TRACKING,378.0,91.0,1.0,1.0,1.4142135623730951
SCN_002,816,27.1667,true,true,381.0,93.0,381.0,93.0,60.0,30.0,816,816,0,TRACKING,380.0,92.0,1.0,1.0,1.4142135623730951
SCN_002,817,27.2,true,true,383.0,93.0,383.0,93.0,60.0,0.0,817,817,0,TRACKING,382.0,92.0,1.0,1.0,1.4142135623730951
SCN_002,818,27.2333,true,true,385.0,94.0,385.0,94.0,60.0,30.0,818,818,0,TRACKING,384.0,93.0,1.0,1.0,1.4142135623730951
SCN_002,819,27.2667,true,true,387.0,95.0,387.0,95.0,60.0,30.0,819,819,0,TRACKING,386.0,94.0,1.0,1.0,1.4142135623730951
SCN_002,820,27.3,true,true,389.0,96.0,389.0,96.0,60.0,30.0,820,820,0,TRACKING,388.0,95.0,1.0,1.0,1.4142135623730951
SCN_002,821,27.3333,true,true,391.0,97.0,391.0,97.0,60.0,30.0,821,821,0,TRACKING,390.0,96.0,1.0,1.0,1.4142135623730951
SCN_002,822,27.3667,true,true,393.0,98.0,393.0,98.0,60.0,30.0,822,822,0,TRACKING,392.0,97.0,1.0,1.0,1.4142135623730951
SCN_002,823,27.4,true,true,395.0,99.0,395.0,99.0,60.0,30.0,823,823,0,TRACKING,394.0,98.0,1.0,1.0,1.4142135623730951
SCN_002,824,27.4333,true,true,397.0,100.0,397.0,100.0,60.0,30.0,824,824,0,TRACKING,396.0,99.0,1.0,1.0,1.4142135623730951
SCN_002,825,27.4667,true,true,399.0,101.0,399.0,101.0,60.0,30.0,825,825,0,TRACKING,398.0,100.0,1.0,1.0,1.4142135623730951
SCN_002,826,27.5,true,true,401.0,102.0,401.0,102.0,60.0,30.0,826,826,0,TRACKING,400.0,101.0,1.0,1.0,1.4142135623730951
SCN_002,827,27.5333,true,true,403.0,104.0,403.0,104.0,60.0,60.0,827,827,0,TRACKING,402.0,103.0,1.0,1.0,1.4142135623730951
SCN_002,828,27.5667,true,true,405.0,105.0,405.0,105.0,60.0,30.0,828,828,0,TRACKING,404.0,104.0,1.0,1.0,1.4142135623730951
SCN_002,829,27.6,true,true,407.0,106.0,407.0,106.0,60.0,30.0,829,829,0,TRACKING,406.0,105.0,1.0,1.0,1.4142135623730951
SCN_002,830,27.6333,true,true,409.0,107.0,409.0,107.0,60.0,30.0,830,830,0,TRACKING,408.0,106.0,1.0,1.0,1.4142135623730951
SCN_002,831,27.6667,true,true,410.0,108.0,410.0,108.0,30.0,30.0,831,831,0,TRACKING,409.0,107.0,1.0,1.0,1.4142135623730951
SCN_002,832,27.7,true,true,412.0,110.0,412.0,110.0,60.0,60.0,832,832,0,TRACKING,411.0,109.0,1.0,1.0,1.4142135623730951
SCN_002,833,27.7333,true,true,414.0,111.0,414.0,111.0,60.0,30.0,833,833,0,TRACKING,413.0,110.0,1.0,1.0,1.4142135623730951
SCN_002,834,27.7667,true,true,416.0,112.0,416.0,112.0,60.0,30.0,834,834,0,TRACKING,415.0,111.0,1.0,1.0,1.4142135623730951
SCN_002,835,27.8,true,true,418.0,114.0,418.0,114.0,60.0,60.0,835,835,0,TRACKING,417.0,113.0,1.0,1.0,1.4142135623730951
SCN_002,836,27.8333,true,true,419.0,115.0,419.0,115.0,30.0,30.0,836,836,0,TRACKING,418.0,114.0,1.0,1.0,1.4142135623730951
SCN_002,837,27.8667,true,true,421.0,116.0,421.0,116.0,60.0,30.0,837,837,0,TRACKING,420.0,115.0,1.0,1.0,1.4142135623730951
SCN_002,838,27.9,true,true,423.0,118.0,423.0,118.0,60.0,60.0,838,838,0,TRACKING,422.0,117.0,1.0,1.0,1.4142135623730951
SCN_002,839,27.9333,true,true,425.0,119.0,425.0,119.0,60.0,30.0,839,839,0,TRACKING,424.0,118.0,1.0,1.0,1.4142135623730951
SCN_002,840,27.9667,true,true,426.0,121.0,426.0,121.0,30.0,60.0,840,840,0,TRACKING,425.0,120.0,1.0,1.0,1.4142135623730951
SCN_002,841,28.0,true,true,428.0,122.0,428.0,122.0,60.0,30.0,841,841,0,TRACKING,427.0,121.0,1.0,1.0,1.4142135623730951
SCN_002,842,28.0333,true,true,430.0,124.0,430.0,124.0,60.0,60.0,842,842,0,TRACKING,429.0,123.0,1.0,1.0,1.4142135623730951
SCN_002,843,28.0667,true,true,431.0,125.0,431.0,125.0,30.0,30.0,843,843,0,TRACKING,430.0,124.0,1.0,1.0,1.4142135623730951
SCN_002,844,28.1,true,true,433.0,127.0,433.0,127.0,60.0,60.0,844,844,0,TRACKING,432.0,126.0,1.0,1.0,1.4142135623730951
SCN_002,845,28.1333,true,true,435.0,128.0,435.0,128.0,60.0,30.0,845,845,0,TRACKING,434.0,127.0,1.0,1.0,1.4142135623730951
SCN_002,846,28.1667,true,true,436.0,130.0,436.0,130.0,30.0,60.0,846,846,0,TRACKING,435.0,129.0,1.0,1.0,1.4142135623730951
SCN_002,847,28.2,true,true,438.0,131.0,438.0,131.0,60.0,30.0,847,847,0,TRACKING,437.0,130.0,1.0,1.0,1.4142135623730951
SCN_002,848,28.2333,true,true,439.0,133.0,439.0,133.0,30.0,60.0,848,848,0,TRACKING,438.0,132.0,1.0,1.0,1.4142135623730951
SCN_002,849,28.2667,true,true,441.0,135.0,441.0,135.0,60.0,60.0,849,849,0,TRACKING,440.0,134.0,1.0,1.0,1.4142135623730951
SCN_002,850,28.3,true,true,442.0,136.0,442.0,136.0,30.0,30.0,850,850,0,TRACKING,441.0,135.0,1.0,1.0,1.4142135623730951
SCN_002,851,28.3333,true,true,444.0,138.0,444.0,138.0,60.0,60.0,851,851,0,TRACKING,443.0,137.0,1.0,1.0,1.4142135623730951
SCN_002,852,28.3667,true,true,445.0,140.0,445.0,140.0,30.0,60.0,852,852,0,TRACKING,444.0,139.0,1.0,1.0,1.4142135623730951
SCN_002,853,28.4,true,true,446.0,142.0,446.0,142.0,30.0,60.0,853,853,0,TRACKING,445.0,141.0,1.0,1.0,1.4142135623730951
SCN_002,854,28.4333,true,true,448.0,143.0,448.0,143.0,60.0,30.0,854,854,0,TRACKING,447.0,142.0,1.0,1.0,1.4142135623730951
SCN_002,855,28.4667,true,true,449.0,145.0,449.0,145.0,30.0,60.0,855,855,0,TRACKING,448.0,144.0,1.0,1.0,1.4142135623730951
SCN_002,856,28.5,true,true,450.0,147.0,450.0,147.0,30.0,60.0,856,856,0,TRACKING,449.0,146.0,1.0,1.0,1.4142135623730951
SCN_002,857,28.5333,true,true,452.0,149.0,452.0,149.0,60.0,60.0,857,857,0,TRACKING,451.0,148.0,1.0,1.0,1.4142135623730951
SCN_002,858,28.5667,true,true,453.0,151.0,453.0,151.0,30.0,60.0,858,858,0,TRACKING,452.0,150.0,1.0,1.0,1.4142135623730951
SCN_002,859,28.6,true,true,454.0,152.0,454.0,152.0,30.0,30.0,859,859,0,TRACKING,453.0,151.0,1.0,1.0,1.4142135623730951
SCN_002,860,28.6333,true,true,455.0,154.0,455.0,154.0,30.0,60.0,860,860,0,TRACKING,454.0,153.0,1.0,1.0,1.4142135623730951
SCN_002,861,28.6667,true,true,457.0,156.0,457.0,156.0,60.0,60.0,861,861,0,TRACKING,456.0,155.0,1.0,1.0,1.4142135623730951
SCN_002,862,28.7,true,true,458.0,158.0,458.0,158.0,30.0,60.0,862,862,0,TRACKING,457.0,157.0,1.0,1.0,1.4142135623730951
SCN_002,863,28.7333,true,true,459.0,160.0,459.0,160.0,30.0,60.0,863,863,0,TRACKING,458.0,159.0,1.0,1.0,1.4142135623730951
SCN_002,864,28.7667,true,true,460.0,162.0,460.0,162.0,30.0,60.0,864,864,0,TRACKING,459.0,161.0,1.0,1.0,1.4142135623730951
SCN_002,865,28.8,true,true,461.0,164.0,461.0,164.0,30.0,60.0,865,865,0,TRACKING,460.0,163.0,1.0,1.0,1.4142135623730951
SCN_002,866,28.8333,true,true,462.0,166.0,462.0,166.0,30.0,60.0,866,866,0,TRACKING,461.0,165.0,1.0,1.0,1.4142135623730951
SCN_002,867,28.8667,true,true,463.0,168.0,463.0,168.0,30.0,60.0,867,867,0,TRACKING,462.0,167.0,1.0,1.0,1.4142135623730951
SCN_002,868,28.9,true,true,464.0,170.0,464.0,170.0,30.0,60.0,868,868,0,TRACKING,463.0,169.0,1.0,1.0,1.4142135623730951
SCN_002,869,28.9333,true,true,465.0,172.0,465.0,172.0,30.0,60.0,869,869,0,TRACKING,464.0,171.0,1.0,1.0,1.4142135623730951
SCN_002,870,28.9667,true,true,466.0,174.0,466.0,174.0,30.0,60.0,870,870,0,TRACKING,465.0,173.0,1.0,1.0,1.4142135623730951
SCN_002,871,29.0,true,true,467.0,176.0,467.0,176.0,30.0,60.0,871,871,0,TRACKING,466.0,175.0,1.0,1.0,1.4142135623730951
SCN_002,872,29.0333,true,true,468.0,178.0,468.0,178.0,30.0,60.0,872,872,0,TRACKING,467.0,177.0,1.0,1.0,1.4142135623730951
SCN_002,873,29.0667,true,true,469.0,180.0,469.0,180.0,30.0,60.0,873,873,0,TRACKING,468.0,179.0,1.0,1.0,1.4142135623730951
SCN_002,874,29.1,true,true,470.0,182.0,470.0,182.0,30.0,60.0,874,874,0,TRACKING,469.0,181.0,1.0,1.0,1.4142135623730951
SCN_002,875,29.1333,true,true,471.0,184.0,471.0,184.0,30.0,60.0,875,875,0,TRACKING,470.0,183.0,1.0,1.0,1.4142135623730951
SCN_002,876,29.1667,true,true,471.0,186.0,471.0,186.0,0.0,60.0,876,876,0,TRACKING,470.0,185.0,1.0,1.0,1.4142135623730951
SCN_002,877,29.2,true,true,472.0,188.0,472.0,188.0,30.0,60.0,877,877,0,TRACKING,471.0,187.0,1.0,1.0,1.4142135623730951
SCN_002,878,29.2333,true,true,473.0,190.0,473.0,190.0,30.0,60.0,878,878,0,TRACKING,472.0,189.0,1.0,1.0,1.4142135623730951
SCN_002,879,29.2667,true,true,474.0,193.0,474.0,193.0,30.0,90.0,879,879,0,TRACKING,473.0,192.0,1.0,1.0,1.4142135623730951
SCN_002,880,29.3,true,true,474.0,195.0,474.0,195.0,0.0,60.0,880,880,0,TRACKING,473.0,194.0,1.0,1.0,1.4142135623730951
SCN_002,881,29.3333,true,true,475.0,197.0,475.0,197.0,30.0,60.0,881,881,0,TRACKING,474.0,196.0,1.0,1.0,1.4142135623730951
SCN_002,882,29.3667,true,true,475.0,199.0,475.0,199.0,0.0,60.0,882,882,0,TRACKING,474.0,198.0,1.0,1.0,1.4142135623730951
SCN_002,883,29.4,true,true,476.0,201.0,476.0,201.0,30.0,60.0,883,883,0,TRACKING,475.0,200.0,1.0,1.0,1.4142135623730951
SCN_002,884,29.4333,true,true,477.0,203.0,477.0,203.0,30.0,60.0,884,884,0,TRACKING,476.0,202.0,1.0,1.0,1.4142135623730951
SCN_002,885,29.4667,true,true,477.0,206.0,477.0,206.0,0.0,90.0,885,885,0,TRACKING,476.0,205.0,1.0,1.0,1.4142135623730951
SCN_002,886,29.5,true,true,477.0,208.0,477.0,208.0,0.0,60.0,886,886,0,TRACKING,476.0,207.0,1.0,1.0,1.4142135623730951
SCN_002,887,29.5333,true,true,478.0,210.0,478.0,210.0,30.0,60.0,887,887,0,TRACKING,477.0,209.0,1.0,1.0,1.4142135623730951
SCN_002,888,29.5667,true,true,478.0,212.0,478.0,212.0,0.0,60.0,888,888,0,TRACKING,477.0,211.0,1.0,1.0,1.4142135623730951
SCN_002,889,29.6,true,true,479.0,214.0,479.0,214.0,30.0,60.0,889,889,0,TRACKING,478.0,213.0,1.0,1.0,1.4142135623730951
SCN_002,890,29.6333,true,true,479.0,217.0,479.0,217.0,0.0,90.0,890,890,0,TRACKING,478.0,216.0,1.0,1.0,1.4142135623730951
SCN_002,891,29.6667,true,true,479.0,219.0,479.0,219.0,0.0,60.0,891,891,0,TRACKING,478.0,218.0,1.0,1.0,1.4142135623730951
SCN_002,892,29.7,true,true,480.0,221.0,480.0,221.0,30.0,60.0,892,892,0,TRACKING,479.0,220.0,1.0,1.0,1.4142135623730951
SCN_002,893,29.7333,true,true,480.0,223.0,480.0,223.0,0.0,60.0,893,893,0,TRACKING,479.0,222.0,1.0,1.0,1.4142135623730951
SCN_002,894,29.7667,true,true,480.0,225.0,480.0,225.0,0.0,60.0,894,894,0,TRACKING,479.0,224.0,1.0,1.0,1.4142135623730951
SCN_002,895,29.8,true,true,480.0,228.0,480.0,228.0,0.0,90.0,895,895,0,TRACKING,479.0,227.0,1.0,1.0,1.4142135623730951
SCN_002,896,29.8333,true,true,481.0,230.0,481.0,230.0,30.0,60.0,896,896,0,TRACKING,480.0,229.0,1.0,1.0,1.4142135623730951
SCN_002,897,29.8667,true,true,481.0,232.0,481.0,232.0,0.0,60.0,897,897,0,TRACKING,480.0,231.0,1.0,1.0,1.4142135623730951
SCN_002,898,29.9,true,true,481.0,234.0,481.0,234.0,0.0,60.0,898,898,0,TRACKING,480.0,233.0,1.0,1.0,1.4142135623730951
SCN_002,899,29.9333,true,true,481.0,237.0,481.0,237.0,0.0,90.0,899,899,0,TRACKING,480.0,236.0,1.0,1.0,1.4142135623730951
SCN_002,900,29.9667,true,true,481.0,239.0,481.0,239.0,0.0,60.0,900,900,0,TRACKING,480.0,238.0,1.0,1.0,1.4142135623730951
