scenario_id,frame_id,timestamp,visible,detected,detected_center_x,detected_center_y,tracked_x,tracked_y,velocity_x,velocity_y,track_age,consecutive_hits,consecutive_misses,tracking_status,gt_center_x,gt_center_y,tracking_error_x,tracking_error_y,tracking_error
SCN_007,1,0.0,true,true,325.5,258.5,325.5,258.5,0.0,0.0,1,1,0,ACQUIRING,324.5,257.5,1.0,1.0,1.4142135623730951
SCN_007,2,0.0333,true,true,328.5,261.5,328.5,261.5,90.0,90.0,2,2,0,ACQUIRING,327.5,260.5,1.0,1.0,1.4142135623730951
SCN_007,3,0.0667,true,true,329.5,252.5,329.5,252.5,30.0,-270.0,3,3,0,TRACKING,328.5,251.5,1.0,1.0,1.4142135623730951
SCN_007,4,0.1,true,true,332.5,244.5,332.5,244.5,90.0,-240.0,4,4,0,TRACKING,331.5,243.5,1.0,1.0,1.4142135623730951
SCN_007,5,0.1333,true,true,329.5,246.5,329.5,246.5,-90.0,60.0,5,5,0,TRACKING,328.5,245.5,1.0,1.0,1.4142135623730951
SCN_007,6,0.1667,true,true,323.5,257.5,323.5,257.5,-180.0,330.0,6,6,0,TRACKING,322.5,256.5,1.0,1.0,1.4142135623730951
SCN_007,7,0.2,true,true,324.5,270.5,324.5,270.5,30.0,390.0,7,7,0,TRACKING,323.5,269.5,1.0,1.0,1.4142135623730951
SCN_007,8,0.2333,true,true,341.5,274.5,341.5,274.5,510.0,120.0,8,8,0,TRACKING,340.5,273.5,1.0,1.0,1.4142135623730951
SCN_007,9,0.2667,true,true,354.5,273.5,354.5,273.5,390.0,-30.0,9,9,0,TRACKING,353.5,272.5,1.0,1.0,1.4142135623730951
SCN_007,10,0.3,true,true,351.5,275.5,351.5,275.5,-90.0,60.0,10,10,0,TRACKING,350.5,274.5,1.0,1.0,1.4142135623730951
SCN_007,11,0.3333,true,true,339.5,277.5,339.5,277.5,-360.0,60.0,11,11,0,TRACKING,338.5,276.5,1.0,1.0,1.4142135623730951
SCN_007,12,0.3667,true,true,336.5,274.5,336.5,274.5,-90.0,-90.0,12,12,0,TRACKING,335.5,273.5,1.0,1.0,1.4142135623730951
SCN_007,13,0.4,true,true,343.5,268.5,343.5,268.5,210.0,-180.0,13,13,0,TRACKING,342.5,267.5,1.0,1.0,1.4142135623730951
SCN_007,14,0.4333,true,true,352.5,271.5,352.5,271.5,270.0,90.0,14,14,0,TRACKING,351.5,270.5,1.0,1.0,1.4142135623730951
SCN_007,15,0.4667,true,true,355.5,283.5,355.5,283.5,90.0,360.0,15,15,0,TRACKING,354.5,282.5,1.0,1.0,1.4142135623730951
SCN_007,16,0.5,true,true,362.5,298.5,362.5,298.5,210.0,450.0,16,16,0,TRACKING,361.5,297.5,1.0,1.0,1.4142135623730951
SCN_007,17,0.5333,true,true,367.5,301.5,367.5,301.5,150.0,90.0,17,17,0,TRACKING,366.5,300.5,1.0,1.0,1.4142135623730951
SCN_007,18,0.5667,true,true,363.5,297.5,363.5,297.5,-120.0,-120.0,18,18,0,TRACKING,362.5,296.5,1.0,1.0,1.4142135623730951
SCN_007,19,0.6,true,true,352.5,288.5,352.5,288.5,-330.0,-270.0,19,19,0,TRACKING,351.5,287.5,1.0,1.0,1.4142135623730951
SCN_007,20,0.6333,true,true,354.5,290.5,354.5,290.5,60.0,60.0,20,20,0,TRACKING,353.5,289.5,1.0,1.0,1.4142135623730951
SCN_007,21,0.6667,true,true,368.5,294.5,368.5,294.5,420.0,120.0,21,21,0,TRACKING,367.5,293.5,1.0,1.0,1.4142135623730951
SCN_007,22,0.7,true,true,383.5,298.5,383.5,298.5,450.0,120.0,22,22,0,TRACKING,382.5,297.5,1.0,1.0,1.4142135623730951
SCN_007,23,0.7333,true,true,381.5,300.5,381.5,300.5,-60.0,60.0,23,23,0,TRACKING,380.5,299.5,1.0,1.0,1.4142135623730951
SCN_007,24,0.7667,true,true,372.5,308.5,372.5,308.5,-270.0,240.0,24,24,0,TRACKING,371.5,307.5,1.0,1.0,1.4142135623730951
SCN_007,25,0.8,true,true,372.5,317.5,372.5,317.5,0.0,270.0,25,25,0,TRACKING,371.5,316.5,1.0,1.0,1.4142135623730951
SCN_007,26,0.8333,true,true,375.5,319.5,375.5,319.5,90.0,60.0,26,26,0,TRACKING,374.5,318.5,1.0,1.0,1.4142135623730951
SCN_007,27,0.8667,true,true,377.5,310.5,377.5,310.5,60.0,-270.0,27,27,0,TRACKING,376.5,309.5,1.0,1.0,1.4142135623730951
SCN_007,28,0.9,true,true,382.5,301.5,382.5,301.5,150.0,-270.0,28,28,0,TRACKING,381.5,300.5,1.0,1.0,1.4142135623730951
SCN_007,29,0.9333,true,true,394.5,303.5,394.5,303.5,360.0,60.0,29,29,0,TRACKING,393.5,302.5,1.0,1.0,1.4142135623730951
SCN_007,30,0.9667,true,true,401.5,314.5,401.5,314.5,210.0,330.0,30,30,0,TRACKING,400.5,313.5,1.0,1.0,1.4142135623730951
SCN_007,31,1.0,true,true,392.5,325.5,392.5,325.5,-270.0,330.0,31,31,0,TRACKING,391.5,324.5,1.0,1.0,1.4142135623730951
SCN_007,32,1.0333,true,true,379.5,325.5,379.5,325.5,-390.0,0.0,32,32,0,TRACKING,378.5,324.5,1.0,1.0,1.4142135623730951
SCN_007,33,1.0667,true,true,383.5,324.5,383.5,324.5,120.0,-30.0,33,33,0,TRACKING,382.5,323.5,1.0,1.0,1.4142135623730951
SCN_007,34,1.1,true,true,398.5,327.5,398.5,327.5,450.0,90.0,34,34,0,TRACKING,397.5,326.5,1.0,1.0,1.4142135623730951
SCN_007,35,1.1333,true,true,408.5,328.5,408.5,328.5,300.0,30.0,35,35,0,TRACKING,407.5,327.5,1.0,1.0,1.4142135623730951
SCN_007,36,1.1667,true,true,405.5,321.5,405.5,321.5,-90.0,-210.0,36,36,0,TRACKING,404.5,320.5,1.0,1.0,1.4142135623730951
SCN_007,37,1.2,true,true,405.5,315.5,405.5,315.5,0.0,-180.0,37,37,0,TRACKING,404.5,314.5,1.0,1.0,1.4142135623730951
SCN_007,38,1.2333,true,true,405.5,319.5,405.5,319.5,0.0,120.0,38,38,0,TRACKING,404.5,318.5,1.0,1.0,1.4142135623730951
SCN_007,39,1.2667,true,true,401.5,332.5,401.5,332.5,-120.0,390.0,39,39,0,TRACKING,400.5,331.5,1.0,1.0,1.4142135623730951
SCN_007,40,1.3,true,true,398.5,344.5,398.5,344.5,-90.0,360.0,40,40,0,TRACKING,397.5,343.5,1.0,1.0,1.4142135623730951
SCN_007,41,1.3333,true,true,406.5,341.5,406.5,341.5,240.0,-90.0,41,41,0,TRACKING,405.5,340.5,1.0,1.0,1.4142135623730951
SCN_007,42,1.3667,true,true,420.5,333.5,420.5,333.5,420.0,-240.0,42,42,0,TRACKING,419.5,332.5,1.0,1.0,1.4142135623730951
SCN_007,43,1.4,true,true,428.5,326.5,428.5,326.5,240.0,-210.0,43,43,0,TRACKING,427.5,325.5,1.0,1.0,1.4142135623730951
SCN_007,44,1.4333,true,true,419.5,328.5,419.5,328.5,-270.0,60.0,44,44,0,TRACKING,418.5,327.5,1.0,1.0,1.4142135623730951
SCN_007,45,1.4667,true,true,407.5,331.5,407.5,331.5,-360.0,90.0,45,45,0,TRACKING,406.5,330.5,1.0,1.0,1.4142135623730951
SCN_007,46,1.5,true,true,411.5,332.5,411.5,332.5,120.0,30.0,46,46,0,TRACKING,410.5,331.5,1.0,1.0,1.4142135623730951
SCN_007,47,1.5333,true,true,421.5,333.5,421.5,333.5,300.0,30.0,47,47,0,TRACKING,420.5,332.5,1.0,1.0,1.4142135623730951
SCN_007,48,1.5667,true,true,428.5,340.5,428.5,340.5,210.0,210.0,48,48,0,TRACKING,427.5,339.5,1.0,1.0,1.4142135623730951
SCN_007,49,1.6,true,true,429.5,347.5,429.5,347.5,30.0,210.0,49,49,0,TRACKING,428.5,346.5,1.0,1.0,1.4142135623730951
SCN_007,50,1.6333,true,true,432.5,345.5,432.5,345.5,90.0,-60.0,50,50,0,TRACKING,431.5,344.5,1.0,1.0,1.4142135623730951
SCN_007,51,1.6667,true,true,434.5,334.5,434.5,334.5,60.0,-330.0,51,51,0,TRACKING,433.5,333.5,1.0,1.0,1.4142135623730951
SCN_007,52,1.7,true,true,426.5,323.5,426.5,323.5,-240.0,-330.0,52,52,0,TRACKING,425.5,322.5,1.0,1.0,1.4142135623730951
SCN_007,53,1.7333,true,true,419.5,327.5,419.5,327.5,-210.0,120.0,53,53,0,TRACKING,418.5,326.5,1.0,1.0,1.4142135623730951
SCN_007,54,1.7667,true,true,427.5,337.5,427.5,337.5,240.0,300.0,54,54,0,TRACKING,426.5,336.5,1.0,1.0,1.4142135623730951
SCN_007,55,1.8,true,true,444.5,344.5,444.5,344.5,510.0,210.0,55,55,0,TRACKING,443.5,343.5,1.0,1.0,1.4142135623730951
SCN_007,56,1.8333,true,true,451.5,343.5,451.5,343.5,210.0,-30.0,56,56,0,TRACKING,450.5,342.5,1.0,1.0,1.4142135623730951
SCN_007,57,1.8667,true,true,442.5,341.5,442.5,341.5,-270.0,-60.0,57,57,0,TRACKING,441.5,340.5,1.0,1.0,1.4142135623730951
SCN_007,58,1.9,true,true,430.5,340.5,430.5,340.5,-360.0,-30.0,58,58,0,TRACKING,429.5,339.5,1.0,1.0,1.4142135623730951
SCN_007,59,1.9333,true,true,433.5,336.5,433.5,336.5,90.0,-120.0,59,59,0,TRACKING,432.5,335.5,1.0,1.0,1.4142135623730951
SCN_007,60,1.9667,true,true,441.5,331.5,441.5,331.5,240.0,-150.0,60,60,0,TRACKING,440.5,330.5,1.0,1.0,1.4142135623730951
SCN_007,61,2.0,true,true,444.5,323.5,444.5,323.5,90.0,-240.0,61,61,0,TRACKING,443.5,322.5,1.0,1.0,1.4142135623730951
SCN_007,62,2.0333,true,true,447.5,327.5,447.5,327.5,90.0,120.0,62,62,0,TRACKING,446.5,326.5,1.0,1.0,1.4142135623730951
SCN_007,63,2.0667,true,true,457.5,337.5,457.5,337.5,300.0,300.0,63,63,0,TRACKING,456.5,336.5,1.0,1.0,1.4142135623730951
SCN_007,64,2.1,true,true,457.5,345.5,457.5,345.5,0.0,240.0,64,64,0,TRACKING,456.5,344.5,1.0,1.0,1.4142135623730951
SCN_007,65,2.1333,true,true,445.5,340.5,445.5,340.5,-360.0,-150.0,65,65,0,TRACKING,444.5,339.5,1.0,1.0,1.4142135623730951
SCN_007,66,2.1667,true,true,437.5,328.5,437.5,328.5,-240.0,-360.0,66,66,0,TRACKING,436.5,327.5,1.0,1.0,1.4142135623730951
SCN_007,67,2.2,true,true,444.5,323.5,444.5,323.5,210.0,-150.0,67,67,0,TRACKING,443.5,322.5,1.0,1.0,1.4142135623730951
SCN_007,68,2.2333,true,true,464.5,322.5,464.5,322.5,600.0,-30.0,68,68,0,TRACKING,463.5,321.5,1.0,1.0,1.4142135623730951
SCN_007,69,2.2667,true,true,466.5,323.5,466.5,323.5,60.0,30.0,69,69,0,TRACKING,465.5,322.5,1.0,1.0,1.4142135623730951
SCN_007,70,2.3,true,true,458.5,322.5,458.5,322.5,-240.0,-30.0,70,70,0,TRACKING,457.5,321.5,1.0,1.0,1.4142135623730951
SCN_007,71,2.3333,true,true,453.5,322.5,453.5,322.5,-150.0,0.0,71,71,0,TRACKING,452.5,321.5,1.0,1.0,1.4142135623730951
SCN_007,72,2.3667,true,true,453.5,329.5,453.5,329.5,0.0,210.0,72,72,0,TRACKING,452.5,328.5,1.0,1.0,1.4142135623730951
SCN_007,73,2.4,true,true,453.5,333.5,453.5,333.5,0.0,120.0,73,73,0,TRACKING,452.5,332.5,1.0,1.0,1.4142135623730951
SCN_007,74,2.4333,true,true,454.5,326.5,454.5,326.5,30.0,-210.0,74,74,0,TRACKING,453.5,325.5,1.0,1.0,1.4142135623730951
SCN_007,75,2.4667,true,true,462.5,312.5,462.5,312.5,240.0,-420.0,75,75,0,TRACKING,461.5,311.5,1.0,1.0,1.4142135623730951
SCN_007,76,2.5,true,true,475.5,303.5,475.5,303.5,390.0,-270.0,76,76,0,TRACKING,474.5,302.5,1.0,1.0,1.4142135623730951
SCN_007,77,2.5333,true,true,474.5,304.5,474.5,304.5,-30.0,30.0,77,77,0,TRACKING,473.5,303.5,1.0,1.0,1.4142135623730951
SCN_007,78,2.5667,true,true,460.5,314.5,460.5,314.5,-420.0,300.0,78,78,0,TRACKING,459.5,313.5,1.0,1.0,1.4142135623730951
SCN_007,79,2.6,true,true,450.5,318.5,450.5,318.5,-300.0,120.0,79,79,0,TRACKING,449.5,317.5,1.0,1.0,1.4142135623730951
SCN_007,80,2.6333,true,true,458.5,313.5,458.5,313.5,240.0,-150.0,80,80,0,TRACKING,457.5,312.5,1.0,1.0,1.4142135623730951
SCN_007,81,2.6667,true,true,471.5,309.5,471.5,309.5,390.0,-120.0,81,81,0,TRACKING,470.5,308.5,1.0,1.0,1.4142135623730951
SCN_007,82,2.7,true,true,474.5,311.5,474.5,311.5,90.0,60.0,82,82,0,TRACKING,473.5,310.5,1.0,1.0,1.4142135623730951
SCN_007,83,2.7333,true,true,472.5,303.5,472.5,303.5,-60.0,-240.0,83,83,0,TRACKING,471.5,302.5,1.0,1.0,1.4142135623730951
SCN_007,84,2.7667,true,true,472.5,293.5,472.5,293.5,0.0,-300.0,84,84,0,TRACKING,471.5,292.5,1.0,1.0,1.4142135623730951
SCN_007,85,2.8,true,true,469.5,286.5,469.5,286.5,-90.0,-210.0,85,85,0,TRACKING,468.5,285.5,1.0,1.0,1.4142135623730951
SCN_007,86,2.8333,true,true,461.5,290.5,461.5,290.5,-240.0,120.0,86,86,0,TRACKING,460.5,289.5,1.0,1.0,1.4142135623730951
SCN_007,87,2.8667,true,true,459.5,301.5,459.5,301.5,-60.0,330.0,87,87,0,TRACKING,458.5,300.5,1.0,1.0,1.4142135623730951
SCN_007,88,2.9,true,true,472.5,303.5,472.5,303.5,390.0,60.0,88,88,0,TRACKING,471.5,302.5,1.0,1.0,1.4142135623730951
SCN_007,89,2.9333,true,true,485.5,295.5,485.5,295.5,390.0,-240.0,89,89,0,TRACKING,484.5,294.5,1.0,1.0,1.4142135623730951
SCN_007,90,2.9667,true,true,484.5,283.5,484.5,283.5,-30.0,-360.0,90,90,0,TRACKING,483.5,282.5,1.0,1.0,1.4142135623730951
SCN_007,91,3.0,true,true,467.5,277.5,467.5,277.5,-510.0,-180.0,91,91,0,TRACKING,466.5,276.5,1.0,1.0,1.4142135623730951
SCN_007,92,3.0333,true,true,460.5,276.5,460.5,276.5,-210.0,-30.0,92,92,0,TRACKING,459.5,275.5,1.0,1.0,1.4142135623730951
SCN_007,93,3.0667,true,true,466.5,275.5,466.5,275.5,180.0,-30.0,93,93,0,TRACKING,465.5,274.5,1.0,1.0,1.4142135623730951
SCN_007,94,3.1,true,true,474.5,271.5,474.5,271.5,240.0,-120.0,94,94,0,TRACKING,473.5,270.5,1.0,1.0,1.4142135623730951
SCN_007,95,3.1333,true,true,476.5,273.5,476.5,273.5,60.0,60.0,95,95,0,TRACKING,475.5,272.5,1.0,1.0,1.4142135623730951
SCN_007,96,3.1667,true,true,479.5,279.5,479.5,279.5,90.0,180.0,96,96,0,TRACKING,478.5,278.5,1.0,1.0,1.4142135623730951
SCN_007,97,3.2,true,true,482.5,279.5,482.5,279.5,90.0,0.0,97,97,0,TRACKING,481.5,278.5,1.0,1.0,1.4142135623730951
SCN_007,98,3.2333,true,true,476.5,269.5,476.5,269.5,-180.0,-300.0,98,98,0,TRACKING,475.5,268.5,1.0,1.0,1.4142135623730951
SCN_007,99,3.2667,true,true,463.5,253.5,463.5,253.5,-390.0,-480.0,99,99,0,TRACKING,462.5,252.5,1.0,1.0,1.4142135623730951
SCN_007,100,3.3,true,true,461.5,245.5,461.5,245.5,-60.0,-240.0,100,100,0,TRACKING,460.5,244.5,1.0,1.0,1.4142135623730951
SCN_007,101,3.3333,true,true,473.5,250.5,473.5,250.5,360.0,150.0,101,101,0,TRACKING,472.5,249.5,1.0,1.0,1.4142135623730951
SCN_007,102,3.3667,true,true,490.5,256.5,490.5,256.5,510.0,180.0,102,102,0,TRACKING,489.5,255.5,1.0,1.0,1.4142135623730951
SCN_007,103,3.4,true,true,485.5,256.5,485.5,256.5,-150.0,0.0,103,103,0,TRACKING,484.5,255.5,1.0,1.0,1.4142135623730951
SCN_007,104,3.4333,true,true,473.5,252.5,473.5,252.5,-360.0,-120.0,104,104,0,TRACKING,472.5,251.5,1.0,1.0,1.4142135623730951
SCN_007,105,3.4667,true,true,466.5,248.5,466.5,248.5,-210.0,-120.0,105,105,0,TRACKING,465.5,247.5,1.0,1.0,1.4142135623730951
SCN_007,106,3.5,true,true,468.5,246.5,468.5,246.5,60.0,-60.0,106,106,0,TRACKING,467.5,245.5,1.0,1.0,1.4142135623730951
SCN_007,107,3.5333,true,true,470.5,239.5,470.5,239.5,60.0,-210.0,107,107,0,TRACKING,469.5,238.5,1.0,1.0,1.4142135623730951
SCN_007,108,3.5667,true,true,471.5,228.5,471.5,228.5,30.0,-330.0,108,108,0,TRACKING,470.5,227.5,1.0,1.0,1.4142135623730951
SCN_007,109,3.6,true,true,481.5,222.5,481.5,222.5,300.0,-180.0,109,109,0,TRACKING,480.5,221.5,1.0,1.0,1.4142135623730951
SCN_007,110,3.6333,true,true,485.5,228.5,485.5,228.5,120.0,180.0,110,110,0,TRACKING,484.5,227.5,1.0,1.0,1.4142135623730951
SCN_007,111,3.6667,true,true,478.5,237.5,478.5,237.5,-210.0,270.0,111,111,0,TRACKING,477.5,236.5,1.0,1.0,1.4142135623730951
SCN_007,112,3.7,true,true,463.5,238.5,463.5,238.5,-450.0,30.0,112,112,0,TRACKING,462.5,237.5,1.0,1.0,1.4142135623730951
SCN_007,113,3.7333,true,true,458.5,228.5,458.5,228.5,-150.0,-300.0,113,113,0,TRACKING,457.5,227.5,1.0,1.0,1.4142135623730951
SCN_007,114,3.7667,true,true,474.5,215.5,474.5,215.5,480.0,-390.0,114,114,0,TRACKING,473.5,214.5,1.0,1.0,1.4142135623730951
SCN_007,115,3.8,true,true,483.5,210.5,483.5,210.5,270.0,-150.0,115,115,0,TRACKING,482.5,209.5,1.0,1.0,1.4142135623730951
SCN_007,116,3.8333,true,true,480.5,209.5,480.5,209.5,-90.0,-30.0,116,116,0,TRACKING,479.5,208.5,1.0,1.0,1.4142135623730951
SCN_007,117,3.8667,true,true,470.5,207.5,470.5,207.5,-300.0,-60.0,117,117,0,TRACKING,469.5,206.5,1.0,1.0,1.4142135623730951
SCN_007,118,3.9,true,true,469.5,205.5,469.5,205.5,-30.0,-60.0,118,118,0,TRACKING,468.5,204.5,1.0,1.0,1.4142135623730951
SCN_007,119,3.9333,true,true,467.5,207.5,467.5,207.5,-60.0,60.0,119,119,0,TRACKING,466.5,206.5,1.0,1.0,1.4142135623730951
SCN_007,120,3.9667,true,true,462.5,212.5,462.5,212.5,-150.0,150.0,120,120,0,TRACKING,461.5,211.5,1.0,1.0,1.4142135623730951
SCN_007,121,4.0,true,true,464.5,212.5,464.5,212.5,60.0,0.0,121,121,0,TRACKING,463.5,211.5,1.0,1.0,1.4142135623730951
SCN_007,122,4.0333,true,true,476.5,199.5,476.5,199.5,360.0,-390.0,122,122,0,TRACKING,475.5,198.5,1.0,1.0,1.4142135623730951
SCN_007,123,4.0667,true,true,482.5,186.5,482.5,186.5,180.0,-390.0,123,123,0,TRACKING,481.5,185.5,1.0,1.0,1.4142135623730951
SCN_007,124,4.1,true,true,472.5,180.5,472.5,180.5,-300.0,-180.0,124,124,0,TRACKING,471.5,179.5,1.0,1.0,1.4142135623730951
SCN_007,125,4.1333,true,true,456.5,188.5,456.5,188.5,-480.0,240.0,125,125,0,TRACKING,455.5,187.5,1.0,1.0,1.4142135623730951
SCN_007,126,4.1667,true,true,454.5,193.5,454.5,193.5,-60.0,150.0,126,126,0,TRACKING,453.5,192.5,1.0,1.0,1.4142135623730951
SCN_007,127,4.2,true,true,464.5,192.5,464.5,192.5,300.0,-30.0,127,127,0,TRACKING,463.5,191.5,1.0,1.0,1.4142135623730951
SCN_007,128,4.2333,true,true,470.5,186.5,470.5,186.5,180.0,-180.0,128,128,0,TRACKING,469.5,185.5,1.0,1.0,1.4142135623730951
SCN_007,129,4.2667,true,true,467.5,185.5,467.5,185.5,-90.0,-30.0,129,129,0,TRACKING,466.5,184.5,1.0,1.0,1.4142135623730951
SCN_007,130,4.3,true,true,465.5,182.5,465.5,182.5,-60.0,-90.0,130,130,0,TRACKING,464.5,181.5,1.0,1.0,1.4142135623730951
SCN_007,131,4.3333,true,true,465.5,174.5,465.5,174.5,0.0,-240.0,131,131,0,TRACKING,464.5,173.5,1.0,1.0,1.4142135623730951
SCN_007,132,4.3667,true,true,457.5,162.5,457.5,162.5,-240.0,-360.0,132,132,0,TRACKING,456.5,161.5,1.0,1.0,1.4142135623730951
SCN_007,133,4.4,true,true,448.5,160.5,448.5,160.5,-270.0,-60.0,133,133,0,TRACKING,447.5,159.5,1.0,1.0,1.4142135623730951
SCN_007,134,4.4333,true,true,451.5,169.5,451.5,169.5,90.0,270.0,134,134,0,TRACKING,450.5,168.5,1.0,1.0,1.4142135623730951
SCN_007,135,4.4667,true,true,465.5,179.5,465.5,179.5,420.0,300.0,135,135,0,TRACKING,464.5,178.5,1.0,1.0,1.4142135623730951
SCN_007,136,4.5,true,true,471.5,179.5,471.5,179.5,180.0,0.0,136,136,0,TRACKING,470.5,178.5,1.0,1.0,1.4142135623730951
SCN_007,137,4.5333,true,true,459.5,167.5,459.5,167.5,-360.0,-360.0,137,137,0,TRACKING,458.5,166.5,1.0,1.0,1.4142135623730951
SCN_007,138,4.5667,true,true,446.5,157.5,446.5,157.5,-390.0,-300.0,138,138,0,TRACKING,445.5,156.5,1.0,1.0,1.4142135623730951
SCN_007,139,4.6,true,true,445.5,154.5,445.5,154.5,-30.0,-90.0,139,139,0,TRACKING,444.5,153.5,1.0,1.0,1.4142135623730951
SCN_007,140,4.6333,true,true,449.5,155.5,449.5,155.5,120.0,30.0,140,140,0,TRACKING,448.5,154.5,1.0,1.0,1.4142135623730951
SCN_007,141,4.6667,true,true,452.5,154.5,452.5,154.5,90.0,-30.0,141,141,0,TRACKING,451.5,153.5,1.0,1.0,1.4142135623730951
SCN_007,142,4.7,true,true,452.5,152.5,452.5,152.5,0.0,-60.0,142,142,0,TRACKING,451.5,151.5,1.0,1.0,1.4142135623730951
SCN_007,143,4.7333,true,true,457.5,158.5,457.5,158.5,150.0,180.0,143,143,0,TRACKING,456.5,157.5,1.0,1.0,1.4142135623730951
SCN_007,144,4.7667,true,true,455.5,164.5,455.5,164.5,-60.0,180.0,144,144,0,TRACKING,454.5,163.5,1.0,1.0,1.4142135623730951
SCN_007,145,4.8,true,true,442.5,163.5,442.5,163.5,-390.0,-30.0,145,145,0,TRACKING,441.5,162.5,1.0,1.0,1.4142135623730951
SCN_007,146,4.8333,true,true,429.5,150.5,429.5,150.5,-390.0,-390.0,146,146,0,TRACKING,428.5,149.5,1.0,1.0,1.4142135623730951
SCN_007,147,4.8667,true,true,436.5,137.5,436.5,137.5,210.0,-390.0,147,147,0,TRACKING,435.5,136.5,1.0,1.0,1.4142135623730951
SCN_007,148,4.9,true,true,450.5,136.5,450.5,136.5,420.0,-30.0,148,148,0,TRACKING,449.5,135.5,1.0,1.0,1.4142135623730951
SCN_007,149,4.9333,true,true,453.5,146.5,453.5,146.5,90.0,300.0,149,149,0,TRACKING,452.5,145.5,1.0,1.0,1.4142135623730951
SCN_007,150,4.9667,true,true,443.5,153.5,443.5,153.5,-300.0,210.0,150,150,0,TRACKING,442.5,152.5,1.0,1.0,1.4142135623730951
SCN_007,151,5.0,true,true,433.5,151.5,433.5,151.5,-300.0,-60.0,151,151,0,TRACKING,432.5,150.5,1.0,1.0,1.4142135623730951
SCN_007,152,5.0333,true,true,432.5,148.5,432.5,148.5,-30.0,-90.0,152,152,0,TRACKING,431.5,147.5,1.0,1.0,1.4142135623730951
SCN_007,153,5.0667,true,true,429.5,147.5,429.5,147.5,-90.0,-30.0,153,153,0,TRACKING,428.5,146.5,1.0,1.0,1.4142135623730951
SCN_007,154,5.1,true,true,429.5,147.5,429.5,147.5,0.0,0.0,154,154,0,TRACKING,428.5,146.5,1.0,1.0,1.4142135623730951
SCN_007,155,5.1333,true,true,432.5,139.5,432.5,139.5,90.0,-240.0,155,155,0,TRACKING,431.5,138.5,1.0,1.0,1.4142135623730951
SCN_007,156,5.1667,true,true,441.5,130.5,441.5,130.5,270.0,-270.0,156,156,0,TRACKING,440.5,129.5,1.0,1.0,1.4142135623730951
SCN_007,157,5.2,true,true,440.5,131.5,440.5,131.5,-30.0,30.0,157,157,0,TRACKING,439.5,130.5,1.0,1.0,1.4142135623730951
SCN_007,158,5.2333,true,true,424.5,143.5,424.5,143.5,-480.0,360.0,158,158,0,TRACKING,423.5,142.5,1.0,1.0,1.4142135623730951
SCN_007,159,5.2667,true,true,410.5,154.5,410.5,154.5,-420.0,330.0,159,159,0,TRACKING,409.5,153.5,1.0,1.0,1.4142135623730951
SCN_007,160,5.3,true,true,415.5,153.5,415.5,153.5,150.0,-30.0,160,160,0,TRACKING,414.5,152.5,1.0,1.0,1.4142135623730951
SCN_007,161,5.3333,true,true,428.5,142.5,428.5,142.5,390.0,-330.0,161,161,0,TRACKING,427.5,141.5,1.0,1.0,1.4142135623730951
SCN_007,162,5.3667,true,true,429.5,135.5,429.5,135.5,30.0,-210.0,162,162,0,TRACKING,428.5,134.5,1.0,1.0,1.4142135623730951
SCN_007,163,5.4,true,true,424.5,136.5,424.5,136.5,-150.0,30.0,163,163,0,TRACKING,423.5,135.5,1.0,1.0,1.4142135623730951
SCN_007,164,5.4333,true,true,417.5,138.5,417.5,138.5,-210.0,60.0,164,164,0,TRACKING,416.5,137.5,1.0,1.0,1.4142135623730951
SCN_007,165,5.4667,true,true,414.5,138.5,414.5,138.5,-90.0,0.0,165,165,0,TRACKING,413.5,137.5,1.0,1.0,1.4142135623730951
SCN_007,166,5.5,true,true,407.5,139.5,407.5,139.5,-210.0,30.0,166,166,0,TRACKING,406.5,138.5,1.0,1.0,1.4142135623730951
SCN_007,167,5.5333,true,true,403.5,147.5,403.5,147.5,-120.0,240.0,167,167,0,TRACKING,402.5,146.5,1.0,1.0,1.4142135623730951
SCN_007,168,5.5667,true,true,409.5,155.5,409.5,155.5,180.0,240.0,168,168,0,TRACKING,408.5,154.5,1.0,1.0,1.4142135623730951
SCN_007,169,5.6,true,true,421.5,154.5,421.5,154.5,360.0,-30.0,169,169,0,TRACKING,420.5,153.5,1.0,1.0,1.4142135623730951
SCN_007,170,5.6333,true,true,418.5,142.5,418.5,142.5,-90.0,-360.0,170,170,0,TRACKING,417.5,141.5,1.0,1.0,1.4142135623730951
SCN_007,171,5.6667,true,true,401.5,135.5,401.5,135.5,-510.0,-210.0,171,171,0,TRACKING,400.5,134.5,1.0,1.0,1.4142135623730951
SCN_007,172,5.7,true,true,388.5,136.5,388.5,136.5,-390.0,30.0,172,172,0,TRACKING,387.5,135.5,1.0,1.0,1.4142135623730951
SCN_007,173,5.7333,true,true,395.5,148.5,395.5,148.5,210.0,360.0,173,173,0,TRACKING,394.5,147.5,1.0,1.0,1.4142135623730951
SCN_007,174,5.7667,true,true,402.5,155.5,402.5,155.5,210.0,210.0,174,174,0,TRACKING,401.5,154.5,1.0,1.0,1.4142135623730951
SCN_007,175,5.8,true,true,402.5,155.5,402.5,155.5,0.0,0.0,175,175,0,TRACKING,401.5,154.5,1.0,1.0,1.4142135623730951
SCN_007,176,5.8333,true,true,400.5,155.5,400.5,155.5,-60.0,0.0,176,176,0,TRACKING,399.5,154.5,1.0,1.0,1.4142135623730951
SCN_007,177,5.8667,true,true,398.5,157.5,398.5,157.5,-60.0,60.0,177,177,0,TRACKING,397.5,156.5,1.0,1.0,1.4142135623730951
SCN_007,178,5.9,true,true,394.5,156.5,394.5,156.5,-120.0,-30.0,178,178,0,TRACKING,393.5,155.5,1.0,1.0,1.4142135623730951
SCN_007,179,5.9333,true,true,380.5,149.5,380.5,149.5,-420.0,-210.0,179,179,0,TRACKING,379.5,148.5,1.0,1.0,1.4142135623730951
SCN_007,180,5.9667,true,true,373.5,144.5,373.5,144.5,-210.0,-150.0,180,180,0,TRACKING,372.5,143.5,1.0,1.0,1.4142135623730951
SCN_007,181,6.0,true,true,386.5,149.5,386.5,149.5,390.0,150.0,181,181,0,TRACKING,385.5,148.5,1.0,1.0,1.4142135623730951
SCN_007,182,6.0333,true,true,395.5,164.5,395.5,164.5,270.0,450.0,182,182,0,TRACKING,394.5,163.5,1.0,1.0,1.4142135623730951
SCN_007,183,6.0667,true,true,392.5,175.5,392.5,175.5,-90.0,330.0,183,183,0,TRACKING,391.5,174.5,1.0,1.0,1.4142135623730951
SCN_007,184,6.1,true,true,379.5,172.5,379.5,172.5,-390.0,-90.0,184,184,0,TRACKING,378.5,171.5,1.0,1.0,1.4142135623730951
SCN_007,185,6.1333,true,true,369.5,163.5,369.5,163.5,-300.0,-270.0,185,185,0,TRACKING,368.5,162.5,1.0,1.0,1.4142135623730951
SCN_007,186,6.1667,true,true,371.5,161.5,371.5,161.5,60.0,-60.0,186,186,0,TRACKING,370.5,160.5,1.0,1.0,1.4142135623730951
SCN_007,187,6.2,true,true,370.5,164.5,370.5,164.5,-30.0,90.0,187,187,0,TRACKING,369.5,163.5,1.0,1.0,1.4142135623730951
SCN_007,188,6.2333,true,true,372.5,169.5,372.5,169.5,60.0,150.0,188,188,0,TRACKING,371.5,168.5,1.0,1.0,1.4142135623730951
SCN_007,189,6.2667,true,true,376.5,170.5,376.5,170.5,120.0,30.0,189,189,0,TRACKING,375.5,169.5,1.0,1.0,1.4142135623730951
SCN_007,190,6.3,true,true,379.5,175.5,379.5,175.5,90.0,150.0,190,190,0,TRACKING,378.5,174.5,1.0,1.0,1.4142135623730951
SCN_007,191,6.3333,true,true,369.5,184.5,369.5,184.5,-300.0,270.0,191,191,0,TRACKING,368.5,183.5,1.0,1.0,1.4142135623730951
SCN_007,192,6.3667,true,true,352.5,192.5,352.5,192.5,-510.0,240.0,192,192,0,TRACKING,351.5,191.5,1.0,1.0,1.4142135623730951
SCN_007,193,6.4,true,true,347.5,191.5,347.5,191.5,-150.0,-30.0,193,193,0,TRACKING,346.5,190.5,1.0,1.0,1.4142135623730951
SCN_007,194,6.4333,true,true,359.5,179.5,359.5,179.5,360.0,-360.0,194,194,0,TRACKING,358.5,178.5,1.0,1.0,1.4142135623730951
SCN_007,195,6.4667,true,true,369.5,174.5,369.5,174.5,300.0,-150.0,195,195,0,TRACKING,368.5,173.5,1.0,1.0,1.4142135623730951
SCN_007,196,6.5,true,true,364.5,181.5,364.5,181.5,-150.0,210.0,196,196,0,TRACKING,363.5,180.5,1.0,1.0,1.4142135623730951
SCN_007,197,6.5333,true,true,353.5,194.5,353.5,194.5,-330.0,390.0,197,197,0,TRACKING,352.5,193.5,1.0,1.0,1.4142135623730951
SCN_007,198,6.5667,true,true,347.5,201.5,347.5,201.5,-180.0,210.0,198,198,0,TRACKING,346.5,200.5,1.0,1.0,1.4142135623730951
SCN_007,199,6.6,true,true,344.5,202.5,344.5,202.5,-90.0,30.0,199,199,0,TRACKING,343.5,201.5,1.0,1.0,1.4142135623730951
SCN_007,200,6.6333,true,true,340.5,203.5,340.5,203.5,-120.0,30.0,200,200,0,TRACKING,339.5,202.5,1.0,1.0,1.4142135623730951
SCN_007,201,6.6667,true,true,339.5,206.5,339.5,206.5,-30.0,90.0,201,201,0,TRACKING,338.5,205.5,1.0,1.0,1.4142135623730951
SCN_007,202,6.7,true,true,349.5,205.5,349.5,205.5,300.0,-30.0,202,202,0,TRACKING,348.5,204.5,1.0,1.0,1.4142135623730951
SCN_007,203,6.7333,true,true,354.5,199.5,354.5,199.5,150.0,-180.0,203,203,0,TRACKING,353.5,198.5,1.0,1.0,1.4142135623730951
SCN_007,204,6.7667,true,true,344.5,199.5,344.5,199.5,-300.0,0.0,204,204,0,TRACKING,343.5,198.5,1.0,1.0,1.4142135623730951
SCN_007,205,6.8,true,true,327.5,206.5,327.5,206.5,-510.0,210.0,205,205,0,TRACKING,326.5,205.5,1.0,1.0,1.4142135623730951
SCN_007,206,6.8333,true,true,322.5,222.5,322.5,222.5,-150.0,480.0,206,206,0,TRACKING,321.5,221.5,1.0,1.0,1.4142135623730951
SCN_007,207,6.8667,true,true,331.5,233.5,331.5,233.5,270.0,330.0,207,207,0,TRACKING,330.5,232.5,1.0,1.0,1.4142135623730951
SCN_007,208,6.9,true,true,337.5,229.5,337.5,229.5,180.0,-120.0,208,208,0,TRACKING,336.5,228.5,1.0,1.0,1.4142135623730951
SCN_007,209,6.9333,true,true,334.5,221.5,334.5,221.5,-90.0,-240.0,209,209,0,TRACKING,333.5,220.5,1.0,1.0,1.4142135623730951
SCN_007,210,6.9667,true,true,329.5,221.5,329.5,221.5,-150.0,0.0,210,210,0,TRACKING,328.5,220.5,1.0,1.0,1.4142135623730951
SCN_007,211,7.0,true,true,327.5,225.5,327.5,225.5,-60.0,120.0,211,211,0,TRACKING,326.5,224.5,1.0,1.0,1.4142135623730951
SCN_007,212,7.0333,true,true,319.5,230.5,319.5,230.5,-240.0,150.0,212,212,0,TRACKING,318.5,229.5,1.0,1.0,1.4142135623730951
SCN_007,213,7.0667,true,true,309.5,231.5,309.5,231.5,-300.0,30.0,213,213,0,TRACKING,308.5,230.5,1.0,1.0,1.4142135623730951
SCN_007,214,7.1,true,true,312.5,237.5,312.5,237.5,90.0,180.0,214,214,0,TRACKING,311.5,236.5,1.0,1.0,1.4142135623730951
SCN_007,215,7.1333,true,true,323.5,250.5,323.5,250.5,330.0,390.0,215,215,0,TRACKING,322.5,249.5,1.0,1.0,1.4142135623730951
SCN_007,216,7.1667,true,true,328.5,258.5,328.5,258.5,150.0,240.0,216,216,0,TRACKING,327.5,257.5,1.0,1.0,1.4142135623730951
SCN_007,217,7.2,true,true,317.5,253.5,317.5,253.5,-330.0,-150.0,217,217,0,TRACKING,316.5,252.5,1.0,1.0,1.4142135623730951
SCN_007,218,7.2333,true,true,300.5,244.5,300.5,244.5,-510.0,-270.0,218,218,0,TRACKING,299.5,243.5,1.0,1.0,1.4142135623730951
SCN_007,219,7.2667,true,true,298.5,241.5,298.5,241.5,-60.0,-90.0,219,219,0,TRACKING,297.5,240.5,1.0,1.0,1.4142135623730951
SCN_007,220,7.3,true,true,303.5,247.5,303.5,247.5,150.0,180.0,220,220,0,TRACKING,302.5,246.5,1.0,1.0,1.4142135623730951
SCN_007,221,7.3333,true,true,304.5,263.5,304.5,263.5,30.0,480.0,221,221,0,TRACKING,303.5,262.5,1.0,1.0,1.4142135623730951
SCN_007,222,7.3667,true,true,303.5,269.5,303.5,269.5,-30.0,180.0,222,222,0,TRACKING,302.5,268.5,1.0,1.0,1.4142135623730951
SCN_007,223,7.4,true,true,307.5,269.5,307.5,269.5,120.0,0.0,223,223,0,TRACKING,306.5,268.5,1.0,1.0,1.4142135623730951
SCN_007,224,7.4333,true,true,306.5,269.5,306.5,269.5,-30.0,0.0,224,224,0,TRACKING,305.5,268.5,1.0,1.0,1.4142135623730951
SCN_007,225,7.4667,true,true,293.5,274.5,293.5,274.5,-390.0,150.0,225,225,0,TRACKING,292.5,273.5,1.0,1.0,1.4142135623730951
SCN_007,226,7.5,true,true,281.5,273.5,281.5,273.5,-360.0,-30.0,226,226,0,TRACKING,280.5,272.5,1.0,1.0,1.4142135623730951
SCN_007,227,7.5333,true,true,283.5,268.5,283.5,268.5,60.0,-150.0,227,227,0,TRACKING,282.5,267.5,1.0,1.0,1.4142135623730951
SCN_007,228,7.5667,true,true,295.5,266.5,295.5,266.5,360.0,-60.0,228,228,0,TRACKING,294.5,265.5,1.0,1.0,1.4142135623730951
SCN_007,229,7.6,true,true,302.5,278.5,302.5,278.5,210.0,360.0,229,229,0,TRACKING,301.5,277.5,1.0,1.0,1.4142135623730951
SCN_007,230,7.6333,true,true,290.5,293.5,290.5,293.5,-360.0,450.0,230,230,0,TRACKING,289.5,292.5,1.0,1.0,1.4142135623730951
SCN_007,231,7.6667,true,true,278.5,300.5,278.5,300.5,-360.0,210.0,231,231,0,TRACKING,277.5,299.5,1.0,1.0,1.4142135623730951
SCN_007,232,7.7,true,true,276.5,294.5,276.5,294.5,-60.0,-180.0,232,232,0,TRACKING,275.5,293.5,1.0,1.0,1.4142135623730951
SCN_007,233,7.7333,true,true,275.5,288.5,275.5,288.5,-30.0,-180.0,233,233,0,TRACKING,274.5,287.5,1.0,1.0,1.4142135623730951
SCN_007,234,7.7667,true,true,274.5,287.5,274.5,287.5,-30.0,-30.0,234,234,0,TRACKING,273.5,286.5,1.0,1.0,1.4142135623730951
SCN_007,235,7.8,true,true,277.5,293.5,277.5,293.5,90.0,180.0,235,235,0,TRACKING,276.5,292.5,1.0,1.0,1.4142135623730951
SCN_007,236,7.8333,true,true,284.5,296.5,284.5,296.5,210.0,90.0,236,236,0,TRACKING,283.5,295.5,1.0,1.0,1.4142135623730951
SCN_007,237,7.8667,true,true,282.5,298.5,282.5,298.5,-60.0,60.0,237,237,0,TRACKING,281.5,297.5,1.0,1.0,1.4142135623730951
SCN_007,238,7.9,true,true,268.5,304.5,268.5,304.5,-420.0,180.0,238,238,0,TRACKING,267.5,303.5,1.0,1.0,1.4142135623730951
SCN_007,239,7.9333,true,true,254.5,316.5,254.5,316.5,-420.0,360.0,239,239,0,TRACKING,253.5,315.5,1.0,1.0,1.4142135623730951
SCN_007,240,7.9667,true,true,257.5,321.5,257.5,321.5,90.0,150.0,240,240,0,TRACKING,256.5,320.5,1.0,1.0,1.4142135623730951
SCN_007,241,8.0,true,true,270.5,314.5,270.5,314.5,390.0,-210.0,241,241,0,TRACKING,269.5,313.5,1.0,1.0,1.4142135623730951
SCN_007,242,8.0333,true,true,273.5,304.5,273.5,304.5,90.0,-300.0,242,242,0,TRACKING,272.5,303.5,1.0,1.0,1.4142135623730951
SCN_007,243,8.0667,true,true,266.5,300.5,266.5,300.5,-210.0,-120.0,243,243,0,TRACKING,265.5,299.5,1.0,1.0,1.4142135623730951
SCN_007,244,8.1,true,true,260.5,312.5,260.5,312.5,-180.0,360.0,244,244,0,TRACKING,259.5,311.5,1.0,1.0,1.4142135623730951
SCN_007,245,8.1333,true,true,256.5,324.5,256.5,324.5,-120.0,360.0,245,245,0,TRACKING,255.5,323.5,1.0,1.0,1.4142135623730951
SCN_007,246,8.1667,true,true,250.5,327.5,250.5,327.5,-180.0,90.0,246,246,0,TRACKING,249.5,326.5,1.0,1.0,1.4142135623730951
SCN_007,247,8.2,true,true,244.5,325.5,244.5,325.5,-180.0,-60.0,247,247,0,TRACKING,243.5,324.5,1.0,1.0,1.4142135623730951
SCN_007,248,8.2333,true,true,250.5,327.5,250.5,327.5,180.0,60.0,248,248,0,TRACKING,249.5,326.5,1.0,1.0,1.4142135623730951
SCN_007,249,8.2667,true,true,262.5,328.5,262.5,328.5,360.0,30.0,249,249,0,TRACKING,261.5,327.5,1.0,1.0,1.4142135623730951
SCN_007,250,8.3,true,true,260.5,326.5,260.5,326.5,-60.0,-60.0,250,250,0,TRACKING,259.5,325.5,1.0,1.0,1.4142135623730951
SCN_007,251,8.3333,true,true,245.5,318.5,245.5,318.5,-450.0,-240.0,251,251,0,TRACKING,244.5,317.5,1.0,1.0,1.4142135623730951
SCN_007,252,8.3667,true,true,233.5,317.5,233.5,317.5,-360.0,-30.0,252,252,0,TRACKING,232.5,316.5,1.0,1.0,1.4142135623730951
SCN_007,253,8.4,true,true,235.5,331.5,235.5,331.5,60.0,420.0,253,253,0,TRACKING,234.5,330.5,1.0,1.0,1.4142135623730951
SCN_007,254,8.4333,true,true,243.5,343.5,243.5,343.5,240.0,360.0,254,254,0,TRACKING,242.5,342.5,1.0,1.0,1.4142135623730951
SCN_007,255,8.4667,true,true,244.5,346.5,244.5,346.5,30.0,90.0,255,255,0,TRACKING,243.5,345.5,1.0,1.0,1.4142135623730951
SCN_007,256,8.5,true,true,243.5,339.5,243.5,339.5,-30.0,-210.0,256,256,0,TRACKING,242.5,338.5,1.0,1.0,1.4142135623730951
SCN_007,257,8.5333,true,true,242.5,330.5,242.5,330.5,-30.0,-270.0,257,257,0,TRACKING,241.5,329.5,1.0,1.0,1.4142135623730951
SCN_007,258,8.5667,true,true,238.5,329.5,238.5,329.5,-120.0,-30.0,258,258,0,TRACKING,237.5,328.5,1.0,1.0,1.4142135623730951
SCN_007,259,8.6,true,true,225.5,334.5,225.5,334.5,-390.0,150.0,259,259,0,TRACKING,224.5,333.5,1.0,1.0,1.4142135623730951
SCN_007,260,8.6333,true,true,219.5,334.5,219.5,334.5,-180.0,0.0,260,260,0,TRACKING,218.5,333.5,1.0,1.0,1.4142135623730951
SCN_007,261,8.6667,true,true,229.5,335.5,229.5,335.5,300.0,30.0,261,261,0,TRACKING,228.5,334.5,1.0,1.0,1.4142135623730951
SCN_007,262,8.7,true,true,242.5,341.5,242.5,341.5,390.0,180.0,262,262,0,TRACKING,241.5,340.5,1.0,1.0,1.4142135623730951
SCN_007,263,8.7333,true,true,240.5,351.5,240.5,351.5,-60.0,300.0,263,263,0,TRACKING,239.5,350.5,1.0,1.0,1.4142135623730951
SCN_007,264,8.7667,true,true,225.5,353.5,225.5,353.5,-450.0,60.0,264,264,0,TRACKING,224.5,352.5,1.0,1.0,1.4142135623730951
SCN_007,265,8.8,true,true,215.5,341.5,215.5,341.5,-300.0,-360.0,265,265,0,TRACKING,214.5,340.5,1.0,1.0,1.4142135623730951
SCN_007,266,8.8333,true,true,215.5,329.5,215.5,329.5,0.0,-360.0,266,266,0,TRACKING,214.5,328.5,1.0,1.0,1.4142135623730951
SCN_007,267,8.8667,true,true,219.5,329.5,219.5,329.5,120.0,0.0,267,267,0,TRACKING,218.5,328.5,1.0,1.0,1.4142135623730951
SCN_007,268,8.9,true,true,221.5,338.5,221.5,338.5,60.0,270.0,268,268,0,TRACKING,220.5,337.5,1.0,1.0,1.4142135623730951
SCN_007,269,8.9333,true,true,224.5,347.5,224.5,347.5,90.0,270.0,269,269,0,TRACKING,223.5,346.5,1.0,1.0,1.4142135623730951
SCN_007,270,8.9667,true,true,229.5,348.5,229.5,348.5,150.0,30.0,270,270,0,TRACKING,228.5,347.5,1.0,1.0,1.4142135623730951
SCN_007,271,9.0,true,true,223.5,347.5,223.5,347.5,-180.0,-30.0,271,271,0,TRACKING,222.5,346.5,1.0,1.0,1.4142135623730951
SCN_007,272,9.0333,true,true,206.5,344.5,206.5,344.5,-510.0,-90.0,272,272,0,TRACKING,205.5,343.5,1.0,1.0,1.4142135623730951
SCN_007,273,9.0667,true,true,200.5,343.5,200.5,343.5,-180.0,-30.0,273,273,0,TRACKING,199.5,342.5,1.0,1.0,1.4142135623730951
SCN_007,274,9.1,true,true,210.5,336.5,210.5,336.5,300.0,-210.0,274,274,0,TRACKING,209.5,335.5,1.0,1.0,1.4142135623730951
SCN_007,275,9.1333,true,true,222.5,329.5,222.5,329.5,360.0,-210.0,275,275,0,TRACKING,221.5,328.5,1.0,1.0,1.4142135623730951
SCN_007,276,9.1667,true,true,220.5,328.5,220.5,328.5,-60.0,-30.0,276,276,0,TRACKING,219.5,327.5,1.0,1.0,1.4142135623730951
SCN_007,277,9.2,true,true,209.5,340.5,209.5,340.5,-330.0,360.0,277,277,0,TRACKING,208.5,339.5,1.0,1.0,1.4142135623730951
SCN_007,278,9.2333,true,true,203.5,349.5,203.5,349.5,-180.0,270.0,278,278,0,TRACKING,202.5,348.5,1.0,1.0,1.4142135623730951
SCN_007,279,9.2667,true,true,202.5,347.5,202.5,347.5,-30.0,-60.0,279,279,0,TRACKING,201.5,346.5,1.0,1.0,1.4142135623730951
SCN_007,280,9.3,true,true,200.5,337.5,200.5,337.5,-60.0,-300.0,280,280,0,TRACKING,199.5,336.5,1.0,1.0,1.4142135623730951
SCN_007,281,9.3333,true,true,199.5,329.5,199.5,329.5,-30.0,-240.0,281,281,0,TRACKING,198.5,328.5,1.0,1.0,1.4142135623730951
SCN_007,282,9.3667,true,true,208.5,329.5,208.5,329.5,270.0,0.0,282,282,0,TRACKING,207.5,328.5,1.0,1.0,1.4142135623730951
SCN_007,283,9.4,true,true,216.5,330.5,216.5,330.5,240.0,30.0,283,283,0,TRACKING,215.5,329.5,1.0,1.0,1.4142135623730951
SCN_007,284,9.4333,true,true,207.5,328.5,207.5,328.5,-270.0,-60.0,284,284,0,TRACKING,206.5,327.5,1.0,1.0,1.4142135623730951
SCN_007,285,9.4667,true,true,191.5,326.5,191.5,326.5,-480.0,-60.0,285,285,0,TRACKING,190.5,325.5,1.0,1.0,1.4142135623730951
SCN_007,286,9.5,true,true,185.5,333.5,185.5,333.5,-180.0,210.0,286,286,0,TRACKING,184.5,332.5,1.0,1.0,1.4142135623730951
SCN_007,287,9.5333,true,true,195.5,339.5,195.5,339.5,300.0,180.0,287,287,0,TRACKING,194.5,338.5,1.0,1.0,1.4142135623730951
SCN_007,288,9.5667,true,true,204.5,335.5,204.5,335.5,270.0,-120.0,288,288,0,TRACKING,203.5,334.5,1.0,1.0,1.4142135623730951
SCN_007,289,9.6,true,true,202.5,321.5,202.5,321.5,-60.0,-420.0,289,289,0,TRACKING,201.5,320.5,1.0,1.0,1.4142135623730951
SCN_007,290,9.6333,true,true,199.5,311.5,199.5,311.5,-90.0,-300.0,290,290,0,TRACKING,198.5,310.5,1.0,1.0,1.4142135623730951
SCN_007,291,9.6667,true,true,197.5,310.5,197.5,310.5,-60.0,-30.0,291,291,0,TRACKING,196.5,309.5,1.0,1.0,1.4142135623730951
SCN_007,292,9.7,true,true,191.5,318.5,191.5,318.5,-180.0,240.0,292,292,0,TRACKING,190.5,317.5,1.0,1.0,1.4142135623730951
SCN_007,293,9.7333,true,true,182.5,324.5,182.5,324.5,-270.0,180.0,293,293,0,TRACKING,181.5,323.5,1.0,1.0,1.4142135623730951
SCN_007,294,9.7667,true,true,183.5,321.5,183.5,321.5,30.0,-90.0,294,294,0,TRACKING,182.5,320.5,1.0,1.0,1.4142135623730951
SCN_007,295,9.8,true,true,196.5,317.5,196.5,317.5,390.0,-120.0,295,295,0,TRACKING,195.5,316.5,1.0,1.0,1.4142135623730951
SCN_007,296,9.8333,true,true,205.5,315.5,205.5,315.5,270.0,-60.0,296,296,0,TRACKING,204.5,314.5,1.0,1.0,1.4142135623730951
SCN_007,297,9.8667,true,true,196.5,310.5,196.5,310.5,-270.0,-150.0,297,297,0,TRACKING,195.5,309.5,1.0,1.0,1.4142135623730951
SCN_007,298,9.9,true,true,181.5,302.5,181.5,302.5,-450.0,-240.0,298,298,0,TRACKING,180.5,301.5,1.0,1.0,1.4142135623730951
SCN_007,299,9.9333,true,true,175.5,293.5,175.5,293.5,-180.0,-270.0,299,299,0,TRACKING,174.5,292.5,1.0,1.0,1.4142135623730951
SCN_007,300,9.9667,true,true,184.5,294.5,184.5,294.5,270.0,30.0,300,300,0,TRACKING,183.5,293.5,1.0,1.0,1.4142135623730951
SCN_007,301,10.0,true,true,189.5,304.5,189.5,304.5,150.0,300.0,301,301,0,TRACKING,188.5,303.5,1.0,1.0,1.4142135623730951
SCN_007,302,10.0333,true,true,191.5,311.5,191.5,311.5,60.0,210.0,302,302,0,TRACKING,190.5,310.5,1.0,1.0,1.4142135623730951
SCN_007,303,10.0667,true,true,192.5,305.5,192.5,305.5,30.0,-180.0,303,303,0,TRACKING,191.5,304.5,1.0,1.0,1.4142135623730951
SCN_007,304,10.1,true,true,191.5,293.5,191.5,293.5,-30.0,-360.0,304,304,0,TRACKING,190.5,292.5,1.0,1.0,1.4142135623730951
SCN_007,305,10.1333,true,true,185.5,283.5,185.5,283.5,-180.0,-300.0,305,305,0,TRACKING,184.5,282.5,1.0,1.0,1.4142135623730951
SCN_007,306,10.1667,true,true,171.5,282.5,171.5,282.5,-420.0,-30.0,306,306,0,TRACKING,170.5,281.5,1.0,1.0,1.4142135623730951
SCN_007,307,10.2,true,true,173.5,281.5,173.5,281.5,60.0,-30.0,307,307,0,TRACKING,172.5,280.5,1.0,1.0,1.4142135623730951
SCN_007,308,10.2333,true,true,189.5,280.5,189.5,280.5,480.0,-30.0,308,308,0,TRACKING,188.5,279.5,1.0,1.0,1.4142135623730951
SCN_007,309,10.2667,true,true,196.5,278.5,196.5,278.5,210.0,-60.0,309,309,0,TRACKING,195.5,277.5,1.0,1.0,1.4142135623730951
SCN_007,310,10.3,true,true,188.5,282.5,188.5,282.5,-240.0,120.0,310,310,0,TRACKING,187.5,281.5,1.0,1.0,1.4142135623730951
SCN_007,311,10.3333,true,true,176.5,288.5,176.5,288.5,-360.0,180.0,311,311,0,TRACKING,175.5,287.5,1.0,1.0,1.4142135623730951
SCN_007,312,10.3667,true,true,174.5,280.5,174.5,280.5,-60.0,-240.0,312,312,0,TRACKING,173.5,279.5,1.0,1.0,1.4142135623730951
SCN_007,313,10.4,true,true,176.5,263.5,176.5,263.5,60.0,-510.0,313,313,0,TRACKING,175.5,262.5,1.0,1.0,1.4142135623730951
SCN_007,314,10.4333,true,true,177.5,252.5,177.5,252.5,30.0,-330.0,314,314,0,TRACKING,176.5,251.5,1.0,1.0,1.4142135623730951
SCN_007,315,10.4667,true,true,182.5,254.5,182.5,254.5,150.0,60.0,315,315,0,TRACKING,181.5,253.5,1.0,1.0,1.4142135623730951
SCN_007,316,10.5,true,true,188.5,263.5,188.5,263.5,180.0,270.0,316,316,0,TRACKING,187.5,262.5,1.0,1.0,1.4142135623730951
SCN_007,317,10.5333,true,true,191.5,264.5,191.5,264.5,90.0,30.0,317,317,0,TRACKING,190.5,263.5,1.0,1.0,1.4142135623730951
SCN_007,318,10.5667,true,true,177.5,260.5,177.5,260.5,-420.0,-120.0,318,318,0,TRACKING,176.5,259.5,1.0,1.0,1.4142135623730951
SCN_007,319,10.6,true,true,165.5,255.5,165.5,255.5,-360.0,-150.0,319,319,0,TRACKING,164.5,254.5,1.0,1.0,1.4142135623730951
SCN_007,320,10.6333,true,true,168.5,253.5,168.5,253.5,90.0,-60.0,320,320,0,TRACKING,167.5,252.5,1.0,1.0,1.4142135623730951
SCN_007,321,10.6667,true,true,184.5,249.5,184.5,249.5,480.0,-120.0,321,321,0,TRACKING,183.5,248.5,1.0,1.0,1.4142135623730951
SCN_007,322,10.7,true,true,191.5,236.5,191.5,236.5,210.0,-390.0,322,322,0,TRACKING,190.5,235.5,1.0,1.0,1.4142135623730951
SCN_007,323,10.7333,true,true,184.5,228.5,184.5,228.5,-210.0,-240.0,323,323,0,TRACKING,183.5,227.5,1.0,1.0,1.4142135623730951
SCN_007,324,10.7667,true,true,178.5,230.5,178.5,230.5,-180.0,60.0,324,324,0,TRACKING,177.5,229.5,1.0,1.0,1.4142135623730951
SCN_007,325,10.8,true,true,175.5,241.5,175.5,241.5,-90.0,330.0,325,325,0,TRACKING,174.5,240.5,1.0,1.0,1.4142135623730951
SCN_007,326,10.8333,true,true,174.5,246.5,174.5,246.5,-30.0,150.0,326,326,0,TRACKING,173.5,245.5,1.0,1.0,1.4142135623730951
SCN_007,327,10.8667,true,true,171.5,235.5,171.5,235.5,-90.0,-330.0,327,327,0,TRACKING,170.5,234.5,1.0,1.0,1.4142135623730951
SCN_007,328,10.9,true,true,176.5,222.5,176.5,222.5,150.0,-390.0,328,328,0,TRACKING,175.5,221.5,1.0,1.0,1.4142135623730951
SCN_007,329,10.9333,true,true,189.5,216.5,189.5,216.5,390.0,-180.0,329,329,0,TRACKING,188.5,215.5,1.0,1.0,1.4142135623730951
SCN_007,330,10.9667,true,true,192.5,216.5,192.5,216.5,90.0,0.0,330,330,0,TRACKING,191.5,215.5,1.0,1.0,1.4142135623730951
SCN_007,331,11.0,true,true,178.5,214.5,178.5,214.5,-420.0,-60.0,331,331,0,TRACKING,177.5,213.5,1.0,1.0,1.4142135623730951
SCN_007,332,11.0333,true,true,165.5,211.5,165.5,211.5,-390.0,-90.0,332,332,0,TRACKING,164.5,210.5,1.0,1.0,1.4142135623730951
SCN_007,333,11.0667,true,true,170.5,211.5,170.5,211.5,150.0,0.0,333,333,0,TRACKING,169.5,210.5,1.0,1.0,1.4142135623730951
SCN_007,334,11.1,true,true,182.5,216.5,182.5,216.5,360.0,150.0,334,334,0,TRACKING,181.5,215.5,1.0,1.0,1.4142135623730951
SCN_007,335,11.1333,true,true,188.5,219.5,188.5,219.5,180.0,90.0,335,335,0,TRACKING,187.5,218.5,1.0,1.0,1.4142135623730951
SCN_007,336,11.1667,true,true,185.5,208.5,185.5,208.5,-90.0,-330.0,336,336,0,TRACKING,184.5,207.5,1.0,1.0,1.4142135623730951
SCN_007,337,11.2,true,true,184.5,193.5,184.5,193.5,-30.0,-450.0,337,337,0,TRACKING,183.5,192.5,1.0,1.0,1.4142135623730951
SCN_007,338,11.2333,true,true,183.5,184.5,183.5,184.5,-30.0,-270.0,338,338,0,TRACKING,182.5,183.5,1.0,1.0,1.4142135623730951
SCN_007,339,11.2667,true,true,174.5,187.5,174.5,187.5,-270.0,90.0,339,339,0,TRACKING,173.5,186.5,1.0,1.0,1.4142135623730951
SCN_007,340,11.3,true,true,169.5,194.5,169.5,194.5,-150.0,210.0,340,340,0,TRACKING,168.5,193.5,1.0,1.0,1.4142135623730951
SCN_007,341,11.3333,true,true,178.5,197.5,178.5,197.5,270.0,90.0,341,341,0,TRACKING,177.5,196.5,1.0,1.0,1.4142135623730951
SCN_007,342,11.3667,true,true,194.5,192.5,194.5,192.5,480.0,-150.0,342,342,0,TRACKING,193.5,191.5,1.0,1.0,1.4142135623730951
SCN_007,343,11.4,true,true,197.5,188.5,197.5,188.5,90.0,-120.0,343,343,0,TRACKING,196.5,187.5,1.0,1.0,1.4142135623730951
SCN_007,344,11.4333,true,true,183.5,186.5,183.5,186.5,-420.0,-60.0,344,344,0,TRACKING,182.5,185.5,1.0,1.0,1.4142135623730951
SCN_007,345,11.4667,true,true,175.5,181.5,175.5,181.5,-240.0,-150.0,345,345,0,TRACKING,174.5,180.5,1.0,1.0,1.4142135623730951
SCN_007,346,11.5,true,true,177.5,170.5,177.5,170.5,60.0,-330.0,346,346,0,TRACKING,176.5,169.5,1.0,1.0,1.4142135623730951
SCN_007,347,11.5333,true,true,184.5,163.5,184.5,163.5,210.0,-210.0,347,347,0,TRACKING,183.5,162.5,1.0,1.0,1.4142135623730951
SCN_007,348,11.5667,true,true,186.5,168.5,186.5,168.5,60.0,150.0,348,348,0,TRACKING,185.5,167.5,1.0,1.0,1.4142135623730951
SCN_007,349,11.6,true,true,190.5,179.5,190.5,179.5,120.0,330.0,349,349,0,TRACKING,189.5,178.5,1.0,1.0,1.4142135623730951
SCN_007,350,11.6333,true,true,196.5,182.5,196.5,182.5,180.0,90.0,350,350,0,TRACKING,195.5,181.5,1.0,1.0,1.4142135623730951
SCN_007,351,11.6667,true,true,192.5,173.5,192.5,173.5,-120.0,-270.0,351,351,0,TRACKING,191.5,172.5,1.0,1.0,1.4142135623730951
SCN_007,352,11.7,true,true,180.5,160.5,180.5,160.5,-360.0,-390.0,352,352,0,TRACKING,179.5,159.5,1.0,1.0,1.4142135623730951
SCN_007,353,11.7333,true,true,174.5,155.5,174.5,155.5,-180.0,-150.0,353,353,0,TRACKING,173.5,154.5,1.0,1.0,1.4142135623730951
SCN_007,354,11.7667,true,true,185.5,155.5,185.5,155.5,330.0,0.0,354,354,0,TRACKING,184.5,154.5,1.0,1.0,1.4142135623730951
SCN_007,355,11.8,true,true,200.5,155.5,200.5,155.5,450.0,0.0,355,355,0,TRACKING,199.5,154.5,1.0,1.0,1.4142135623730951
SCN_007,356,11.8333,true,true,203.5,153.5,203.5,153.5,90.0,-60.0,356,356,0,TRACKING,202.5,152.5,1.0,1.0,1.4142135623730951
SCN_007,357,11.8667,true,true,193.5,155.5,193.5,155.5,-300.0,60.0,357,357,0,TRACKING,192.5,154.5,1.0,1.0,1.4142135623730951
SCN_007,358,11.9,true,true,186.5,162.5,186.5,162.5,-210.0,210.0,358,358,0,TRACKING,185.5,161.5,1.0,1.0,1.4142135623730951
SCN_007,359,11.9333,true,true,190.5,165.5,190.5,165.5,120.0,90.0,359,359,0,TRACKING,189.5,164.5,1.0,1.0,1.4142135623730951
SCN_007,360,11.9667,true,true,190.5,155.5,190.5,155.5,0.0,-300.0,360,360,0,TRACKING,189.5,154.5,1.0,1.0,1.4142135623730951
SCN_007,361,12.0,true,true,193.5,139.5,193.5,139.5,90.0,-480.0,361,361,0,TRACKING,192.5,138.5,1.0,1.0,1.4142135623730951
SCN_007,362,12.0333,true,true,200.5,134.5,200.5,134.5,210.0,-150.0,362,362,0,TRACKING,199.5,133.5,1.0,1.0,1.4142135623730951
SCN_007,363,12.0667,true,true,211.5,142.5,211.5,142.5,330.0,240.0,363,363,0,TRACKING,210.5,141.5,1.0,1.0,1.4142135623730951
SCN_007,364,12.1,true,true,205.5,151.5,205.5,151.5,-180.0,270.0,364,364,0,TRACKING,204.5,150.5,1.0,1.0,1.4142135623730951
SCN_007,365,12.1333,true,true,192.5,152.5,192.5,152.5,-390.0,30.0,365,365,0,TRACKING,191.5,151.5,1.0,1.0,1.4142135623730951
SCN_007,366,12.1667,true,true,186.5,148.5,186.5,148.5,-180.0,-120.0,366,366,0,TRACKING,185.5,147.5,1.0,1.0,1.4142135623730951
SCN_007,367,12.2,true,true,198.5,146.5,198.5,146.5,360.0,-60.0,367,367,0,TRACKING,197.5,145.5,1.0,1.0,1.4142135623730951
SCN_007,368,12.2333,true,true,211.5,146.5,211.5,146.5,390.0,0.0,368,368,0,TRACKING,210.5,145.5,1.0,1.0,1.4142135623730951
SCN_007,369,12.2667,true,true,212.5,140.5,212.5,140.5,30.0,-180.0,369,369,0,TRACKING,211.5,139.5,1.0,1.0,1.4142135623730951
SCN_007,370,12.3,true,true,209.5,131.5,209.5,131.5,-90.0,-270.0,370,370,0,TRACKING,208.5,130.5,1.0,1.0,1.4142135623730951
SCN_007,371,12.3333,true,true,206.5,128.5,206.5,128.5,-90.0,-90.0,371,371,0,TRACKING,205.5,127.5,1.0,1.0,1.4142135623730951
SCN_007,372,12.3667,true,true,205.5,139.5,205.5,139.5,-30.0,330.0,372,372,0,TRACKING,204.5,138.5,1.0,1.0,1.4142135623730951
SCN_007,373,12.4,true,true,201.5,151.5,201.5,151.5,-120.0,360.0,373,373,0,TRACKING,200.5,150.5,1.0,1.0,1.4142135623730951
SCN_007,374,12.4333,true,true,200.5,152.5,200.5,152.5,-30.0,30.0,374,374,0,TRACKING,199.5,151.5,1.0,1.0,1.4142135623730951
SCN_007,375,12.4667,true,true,215.5,143.5,215.5,143.5,450.0,-270.0,375,375,0,TRACKING,214.5,142.5,1.0,1.0,1.4142135623730951
SCN_007,376,12.5,true,true,227.5,134.5,227.5,134.5,360.0,-270.0,376,376,0,TRACKING,226.5,133.5,1.0,1.0,1.4142135623730951
SCN_007,377,12.5333,true,true,223.5,131.5,223.5,131.5,-120.0,-90.0,377,377,0,TRACKING,222.5,130.5,1.0,1.0,1.4142135623730951
SCN_007,378,12.5667,true,true,208.5,135.5,208.5,135.5,-450.0,120.0,378,378,0,TRACKING,207.5,134.5,1.0,1.0,1.4142135623730951
SCN_007,379,12.6,true,true,205.5,135.5,205.5,135.5,-90.0,0.0,379,379,0,TRACKING,204.5,134.5,1.0,1.0,1.4142135623730951
SCN_007,380,12.6333,true,true,214.5,136.5,214.5,136.5,270.0,30.0,380,380,0,TRACKING,213.5,135.5,1.0,1.0,1.4142135623730951
SCN_007,381,12.6667,true,true,223.5,142.5,223.5,142.5,270.0,180.0,381,381,0,TRACKING,222.5,141.5,1.0,1.0,1.4142135623730951
SCN_007,382,12.7,true,true,226.5,150.5,226.5,150.5,90.0,240.0,382,382,0,TRACKING,225.5,149.5,1.0,1.0,1.4142135623730951
SCN_007,383,12.7333,true,true,228.5,153.5,228.5,153.5,60.0,90.0,383,383,0,TRACKING,227.5,152.5,1.0,1.0,1.4142135623730951
SCN_007,384,12.7667,true,true,230.5,142.5,230.5,142.5,60.0,-330.0,384,384,0,TRACKING,229.5,141.5,1.0,1.0,1.4142135623730951
SCN_007,385,12.8,true,true,224.5,129.5,224.5,129.5,-180.0,-390.0,385,385,0,TRACKING,223.5,128.5,1.0,1.0,1.4142135623730951
SCN_007,386,12.8333,true,true,217.5,131.5,217.5,131.5,-210.0,60.0,386,386,0,TRACKING,216.5,130.5,1.0,1.0,1.4142135623730951
SCN_007,387,12.8667,true,true,218.5,141.5,218.5,141.5,30.0,300.0,387,387,0,TRACKING,217.5,140.5,1.0,1.0,1.4142135623730951
SCN_007,388,12.9,true,true,234.5,149.5,234.5,149.5,480.0,240.0,388,388,0,TRACKING,233.5,148.5,1.0,1.0,1.4142135623730951
SCN_007,389,12.9333,true,true,246.5,152.5,246.5,152.5,360.0,90.0,389,389,0,TRACKING,245.5,151.5,1.0,1.0,1.4142135623730951
SCN_007,390,12.9667,true,true,241.5,151.5,241.5,151.5,-150.0,-30.0,390,390,0,TRACKING,240.5,150.5,1.0,1.0,1.4142135623730951
SCN_007,391,13.0,true,true,229.5,150.5,229.5,150.5,-360.0,-30.0,391,391,0,TRACKING,228.5,149.5,1.0,1.0,1.4142135623730951
SCN_007,392,13.0333,true,true,229.5,151.5,229.5,151.5,0.0,30.0,392,392,0,TRACKING,228.5,150.5,1.0,1.0,1.4142135623730951
SCN_007,393,13.0667,true,true,234.5,148.5,234.5,148.5,150.0,-90.0,393,393,0,TRACKING,233.5,147.5,1.0,1.0,1.4142135623730951
SCN_007,394,13.1,true,true,238.5,140.5,238.5,140.5,120.0,-240.0,394,394,0,TRACKING,237.5,139.5,1.0,1.0,1.4142135623730951
SCN_007,395,13.1333,true,true,242.5,141.5,242.5,141.5,120.0,30.0,395,395,0,TRACKING,241.5,140.5,1.0,1.0,1.4142135623730951
SCN_007,396,13.1667,true,true,250.5,155.5,250.5,155.5,240.0,420.0,396,396,0,TRACKING,249.5,154.5,1.0,1.0,1.4142135623730951
SCN_007,397,13.2,true,true,255.5,167.5,255.5,167.5,150.0,360.0,397,397,0,TRACKING,254.5,166.5,1.0,1.0,1.4142135623730951
SCN_007,398,13.2333,true,true,246.5,170.5,246.5,170.5,-270.0,90.0,398,398,0,TRACKING,245.5,169.5,1.0,1.0,1.4142135623730951
SCN_007,399,13.2667,true,true,235.5,160.5,235.5,160.5,-330.0,-300.0,399,399,0,TRACKING,234.5,159.5,1.0,1.0,1.4142135623730951
SCN_007,400,13.3,true,true,239.5,155.5,239.5,155.5,120.0,-150.0,400,400,0,TRACKING,238.5,154.5,1.0,1.0,1.4142135623730951
SCN_007,401,13.3333,true,true,254.5,157.5,254.5,157.5,450.0,60.0,401,401,0,TRACKING,253.5,156.5,1.0,1.0,1.4142135623730951
SCN_007,402,13.3667,true,true,265.5,160.5,265.5,160.5,330.0,90.0,402,402,0,TRACKING,264.5,159.5,1.0,1.0,1.4142135623730951
SCN_007,403,13.4,true,true,262.5,162.5,262.5,162.5,-90.0,60.0,403,403,0,TRACKING,261.5,161.5,1.0,1.0,1.4142135623730951
SCN_007,404,13.4333,true,true,255.5,165.5,255.5,165.5,-210.0,90.0,404,404,0,TRACKING,254.5,164.5,1.0,1.0,1.4142135623730951
SCN_007,405,13.4667,true,true,257.5,175.5,257.5,175.5,60.0,300.0,405,405,0,TRACKING,256.5,174.5,1.0,1.0,1.4142135623730951
SCN_007,406,13.5,true,true,257.5,183.5,257.5,183.5,0.0,240.0,406,406,0,TRACKING,256.5,182.5,1.0,1.0,1.4142135623730951
SCN_007,407,13.5333,true,true,255.5,185.5,255.5,185.5,-60.0,60.0,407,407,0,TRACKING,254.5,184.5,1.0,1.0,1.4142135623730951
SCN_007,408,13.5667,true,true,263.5,177.5,263.5,177.5,240.0,-240.0,408,408,0,TRACKING,262.5,176.5,1.0,1.0,1.4142135623730951
SCN_007,409,13.6,true,true,275.5,167.5,275.5,167.5,360.0,-300.0,409,409,0,TRACKING,274.5,166.5,1.0,1.0,1.4142135623730951
SCN_007,410,13.6333,true,true,282.5,170.5,282.5,170.5,210.0,90.0,410,410,0,TRACKING,281.5,169.5,1.0,1.0,1.4142135623730951
SCN_007,411,13.6667,true,true,273.5,183.5,273.5,183.5,-270.0,390.0,411,411,0,TRACKING,272.5,182.5,1.0,1.0,1.4142135623730951
SCN_007,412,13.7,true,true,260.5,193.5,260.5,193.5,-390.0,300.0,412,412,0,TRACKING,259.5,192.5,1.0,1.0,1.4142135623730951
SCN_007,413,13.7333,true,true,265.5,196.5,265.5,196.5,150.0,90.0,413,413,0,TRACKING,264.5,195.5,1.0,1.0,1.4142135623730951
SCN_007,414,13.7667,true,true,279.5,195.5,279.5,195.5,420.0,-30.0,414,414,0,TRACKING,278.5,194.5,1.0,1.0,1.4142135623730951
SCN_007,415,13.8,true,true,287.5,197.5,287.5,197.5,240.0,60.0,415,415,0,TRACKING,286.5,196.5,1.0,1.0,1.4142135623730951
SCN_007,416,13.8333,true,true,286.5,200.5,286.5,200.5,-30.0,90.0,416,416,0,TRACKING,285.5,199.5,1.0,1.0,1.4142135623730951
SCN_007,417,13.8667,true,true,286.5,195.5,286.5,195.5,0.0,-150.0,417,417,0,TRACKING,285.5,194.5,1.0,1.0,1.4142135623730951
SCN_007,418,13.9,true,true,286.5,191.5,286.5,191.5,0.0,-120.0,418,418,0,TRACKING,285.5,190.5,1.0,1.0,1.4142135623730951
SCN_007,419,13.9333,true,true,282.5,195.5,282.5,195.5,-120.0,120.0,419,419,0,TRACKING,281.5,194.5,1.0,1.0,1.4142135623730951
SCN_007,420,13.9667,true,true,278.5,212.5,278.5,212.5,-120.0,510.0,420,420,0,TRACKING,277.5,211.5,1.0,1.0,1.4142135623730951
SCN_007,421,14.0,true,true,288.5,224.5,288.5,224.5,300.0,360.0,421,421,0,TRACKING,287.5,223.5,1.0,1.0,1.4142135623730951
SCN_007,422,14.0333,true,true,305.5,223.5,305.5,223.5,510.0,-30.0,422,422,0,TRACKING,304.5,222.5,1.0,1.0,1.4142135623730951
SCN_007,423,14.0667,true,true,309.5,216.5,309.5,216.5,120.0,-210.0,423,423,0,TRACKING,308.5,215.5,1.0,1.0,1.4142135623730951
SCN_007,424,14.1,true,true,298.5,214.5,298.5,214.5,-330.0,-60.0,424,424,0,TRACKING,297.5,213.5,1.0,1.0,1.4142135623730951
SCN_007,425,14.1333,true,true,288.5,216.5,288.5,216.5,-300.0,60.0,425,425,0,TRACKING,287.5,215.5,1.0,1.0,1.4142135623730951
SCN_007,426,14.1667,true,true,292.5,222.5,292.5,222.5,120.0,180.0,426,426,0,TRACKING,291.5,221.5,1.0,1.0,1.4142135623730951
SCN_007,427,14.2,true,true,303.5,225.5,303.5,225.5,330.0,90.0,427,427,0,TRACKING,302.5,224.5,1.0,1.0,1.4142135623730951
SCN_007,428,14.2333,true,true,308.5,229.5,308.5,229.5,150.0,120.0,428,428,0,TRACKING,307.5,228.5,1.0,1.0,1.4142135623730951
SCN_007,429,14.2667,true,true,313.5,239.5,313.5,239.5,150.0,300.0,429,429,0,TRACKING,312.5,238.5,1.0,1.0,1.4142135623730951
SCN_007,430,14.3,true,true,318.5,248.5,318.5,248.5,150.0,270.0,430,430,0,TRACKING,317.5,247.5,1.0,1.0,1.4142135623730951
SCN_007,431,14.3333,true,true,318.5,249.5,318.5,249.5,0.0,30.0,431,431,0,TRACKING,317.5,248.5,1.0,1.0,1.4142135623730951
SCN_007,432,14.3667,true,true,309.5,239.5,309.5,239.5,-270.0,-300.0,432,432,0,TRACKING,308.5,238.5,1.0,1.0,1.4142135623730951
SCN_007,433,14.4,true,true,302.5,232.5,302.5,232.5,-210.0,-210.0,433,433,0,TRACKING,301.5,231.5,1.0,1.0,1.4142135623730951
SCN_007,434,14.4333,true,true,314.5,240.5,314.5,240.5,360.0,240.0,434,434,0,TRACKING,313.5,239.5,1.0,1.0,1.4142135623730951
SCN_007,435,14.4667,true,true,331.5,251.5,331.5,251.5,510.0,330.0,435,435,0,TRACKING,330.5,250.5,1.0,1.0,1.4142135623730951
SCN_007,436,14.5,true,true,338.5,262.5,338.5,262.5,210.0,330.0,436,436,0,TRACKING,337.5,261.5,1.0,1.0,1.4142135623730951
SCN_007,437,14.5333,true,true,328.5,262.5,328.5,262.5,-300.0,0.0,437,437,0,TRACKING,327.5,261.5,1.0,1.0,1.4142135623730951
SCN_007,438,14.5667,true,true,321.5,263.5,321.5,263.5,-210.0,30.0,438,438,0,TRACKING,320.5,262.5,1.0,1.0,1.4142135623730951
SCN_007,439,14.6,true,true,324.5,266.5,324.5,266.5,90.0,90.0,439,439,0,TRACKING,323.5,265.5,1.0,1.0,1.4142135623730951
SCN_007,440,14.6333,true,true,328.5,268.5,328.5,268.5,120.0,60.0,440,440,0,TRACKING,327.5,267.5,1.0,1.0,1.4142135623730951
SCN_007,441,14.6667,true,true,332.5,263.5,332.5,263.5,120.0,-150.0,441,441,0,TRACKING,331.5,262.5,1.0,1.0,1.4142135623730951
SCN_007,442,14.7,true,true,340.5,259.5,340.5,259.5,240.0,-120.0,442,442,0,TRACKING,339.5,258.5,1.0,1.0,1.4142135623730951
SCN_007,443,14.7333,true,true,351.5,268.5,351.5,268.5,330.0,270.0,443,443,0,TRACKING,350.5,267.5,1.0,1.0,1.4142135623730951
SCN_007,444,14.7667,true,true,348.5,282.5,348.5,282.5,-90.0,420.0,444,444,0,TRACKING,347.5,281.5,1.0,1.0,1.4142135623730951
SCN_007,445,14.8,true,true,335.5,293.5,335.5,293.5,-390.0,330.0,445,445,0,TRACKING,334.5,292.5,1.0,1.0,1.4142135623730951
SCN_007,446,14.8333,true,true,331.5,289.5,331.5,289.5,-120.0,-120.0,446,446,0,TRACKING,330.5,288.5,1.0,1.0,1.4142135623730951
SCN_007,447,14.8667,true,true,341.5,283.5,341.5,283.5,300.0,-180.0,447,447,0,TRACKING,340.5,282.5,1.0,1.0,1.4142135623730951
SCN_007,448,14.9,true,true,358.5,282.5,358.5,282.5,510.0,-30.0,448,448,0,TRACKING,357.5,281.5,1.0,1.0,1.4142135623730951
SCN_007,449,14.9333,true,true,362.5,284.5,362.5,284.5,120.0,60.0,449,449,0,TRACKING,361.5,283.5,1.0,1.0,1.4142135623730951
SCN_007,450,14.9667,true,true,356.5,289.5,356.5,289.5,-180.0,150.0,450,450,0,TRACKING,355.5,288.5,1.0,1.0,1.4142135623730951
SCN_007,451,15.0,true,true,353.5,291.5,353.5,291.5,-90.0,60.0,451,451,0,TRACKING,352.5,290.5,1.0,1.0,1.4142135623730951
SCN_007,452,15.0333,true,true,355.5,297.5,355.5,297.5,60.0,180.0,452,452,0,TRACKING,354.5,296.5,1.0,1.0,1.4142135623730951
SCN_007,453,15.0667,true,true,352.5,308.5,352.5,308.5,-90.0,330.0,453,453,0,TRACKING,351.5,307.5,1.0,1.0,1.4142135623730951
SCN_007,454,15.1,true,true,354.5,315.5,354.5,315.5,60.0,210.0,454,454,0,TRACKING,353.5,314.5,1.0,1.0,1.4142135623730951
SCN_007,455,15.1333,true,true,367.5,313.5,367.5,313.5,390.0,-60.0,455,455,0,TRACKING,366.5,312.5,1.0,1.0,1.4142135623730951
SCN_007,456,15.1667,true,true,381.5,300.5,381.5,300.5,420.0,-390.0,456,456,0,TRACKING,380.5,299.5,1.0,1.0,1.4142135623730951
SCN_007,457,15.2,true,true,377.5,296.5,377.5,296.5,-120.0,-120.0,457,457,0,TRACKING,376.5,295.5,1.0,1.0,1.4142135623730951
SCN_007,458,15.2333,true,true,364.5,304.5,364.5,304.5,-390.0,240.0,458,458,0,TRACKING,363.5,303.5,1.0,1.0,1.4142135623730951
SCN_007,459,15.2667,true,true,360.5,318.5,360.5,318.5,-120.0,420.0,459,459,0,TRACKING,359.5,317.5,1.0,1.0,1.4142135623730951
SCN_007,460,15.3,true,true,369.5,321.5,369.5,321.5,270.0,90.0,460,460,0,TRACKING,368.5,320.5,1.0,1.0,1.4142135623730951
SCN_007,461,15.3333,true,true,381.5,322.5,381.5,322.5,360.0,30.0,461,461,0,TRACKING,380.5,321.5,1.0,1.0,1.4142135623730951
SCN_007,462,15.3667,true,true,384.5,322.5,384.5,322.5,90.0,0.0,462,462,0,TRACKING,383.5,321.5,1.0,1.0,1.4142135623730951
SCN_007,463,15.4,true,true,386.5,323.5,386.5,323.5,60.0,30.0,463,463,0,TRACKING,385.5,322.5,1.0,1.0,1.4142135623730951
SCN_007,464,15.4333,true,true,386.5,322.5,386.5,322.5,0.0,-30.0,464,464,0,TRACKING,385.5,321.5,1.0,1.0,1.4142135623730951
SCN_007,465,15.4667,true,true,384.5,318.5,384.5,318.5,-60.0,-120.0,465,465,0,TRACKING,383.5,317.5,1.0,1.0,1.4142135623730951
SCN_007,466,15.5,true,true,377.5,314.5,377.5,314.5,-210.0,-120.0,466,466,0,TRACKING,376.5,313.5,1.0,1.0,1.4142135623730951
SCN_007,467,15.5333,true,true,380.5,322.5,380.5,322.5,90.0,240.0,467,467,0,TRACKING,379.5,321.5,1.0,1.0,1.4142135623730951
SCN_007,468,15.5667,true,true,395.5,337.5,395.5,337.5,450.0,450.0,468,468,0,TRACKING,394.5,336.5,1.0,1.0,1.4142135623730951
SCN_007,469,15.6,true,true,408.5,345.5,408.5,345.5,390.0,240.0,469,469,0,TRACKING,407.5,344.5,1.0,1.0,1.4142135623730951
SCN_007,470,15.6333,true,true,405.5,339.5,405.5,339.5,-90.0,-180.0,470,470,0,TRACKING,404.5,338.5,1.0,1.0,1.4142135623730951
SCN_007,471,15.6667,true,true,392.5,328.5,392.5,328.5,-390.0,-330.0,471,471,0,TRACKING,391.5,327.5,1.0,1.0,1.4142135623730951
SCN_007,472,15.7,true,true,389.5,328.5,389.5,328.5,-90.0,0.0,472,472,0,TRACKING,388.5,327.5,1.0,1.0,1.4142135623730951
SCN_007,473,15.7333,true,true,397.5,331.5,397.5,331.5,240.0,90.0,473,473,0,TRACKING,396.5,330.5,1.0,1.0,1.4142135623730951
SCN_007,474,15.7667,true,true,402.5,333.5,402.5,333.5,150.0,60.0,474,474,0,TRACKING,401.5,332.5,1.0,1.0,1.4142135623730951
SCN_007,475,15.8,true,true,407.5,332.5,407.5,332.5,150.0,-30.0,475,475,0,TRACKING,406.5,331.5,1.0,1.0,1.4142135623730951
SCN_007,476,15.8333,true,true,413.5,339.5,413.5,339.5,180.0,210.0,476,476,0,TRACKING,412.5,338.5,1.0,1.0,1.4142135623730951
SCN_007,477,15.8667,true,true,418.5,347.5,418.5,347.5,150.0,240.0,477,477,0,TRACKING,417.5,346.5,1.0,1.0,1.4142135623730951
SCN_007,478,15.9,true,true,411.5,351.5,411.5,351.5,-210.0,120.0,478,478,0,TRACKING,410.5,350.5,1.0,1.0,1.4142135623730951
SCN_007,479,15.9333,true,true,400.5,344.5,400.5,344.5,-330.0,-210.0,479,479,0,TRACKING,399.5,343.5,1.0,1.0,1.4142135623730951
SCN_007,480,15.9667,true,true,402.5,331.5,402.5,331.5,60.0,-390.0,480,480,0,TRACKING,401.5,330.5,1.0,1.0,1.4142135623730951
SCN_007,481,16.0,true,true,419.5,328.5,419.5,328.5,510.0,-90.0,481,481,0,TRACKING,418.5,327.5,1.0,1.0,1.4142135623730951
SCN_007,482,16.0333,true,true,431.5,335.5,431.5,335.5,360.0,210.0,482,482,0,TRACKING,430.5,334.5,1.0,1.0,1.4142135623730951
SCN_007,483,16.0667,true,true,428.5,343.5,428.5,343.5,-90.0,240.0,483,483,0,TRACKING,427.5,342.5,1.0,1.0,1.4142135623730951
SCN_007,484,16.1,true,true,421.5,349.5,421.5,349.5,-210.0,180.0,484,484,0,TRACKING,420.5,348.5,1.0,1.0,1.4142135623730951
SCN_007,485,16.1333,true,true,419.5,346.5,419.5,346.5,-60.0,-90.0,485,485,0,TRACKING,418.5,345.5,1.0,1.0,1.4142135623730951
SCN_007,486,16.1667,true,true,421.5,345.5,421.5,345.5,60.0,-30.0,486,486,0,TRACKING,420.5,344.5,1.0,1.0,1.4142135623730951
SCN_007,487,16.2,true,true,422.5,345.5,422.5,345.5,30.0,0.0,487,487,0,TRACKING,421.5,344.5,1.0,1.0,1.4142135623730951
SCN_007,488,16.2333,true,true,425.5,339.5,425.5,339.5,90.0,-180.0,488,488,0,TRACKING,424.5,338.5,1.0,1.0,1.4142135623730951
SCN_007,489,16.2667,true,true,439.5,332.5,439.5,332.5,420.0,-210.0,489,489,0,TRACKING,438.5,331.5,1.0,1.0,1.4142135623730951
SCN_007,490,16.3,true,true,445.5,331.5,445.5,331.5,180.0,-30.0,490,490,0,TRACKING,444.5,330.5,1.0,1.0,1.4142135623730951
SCN_007,491,16.3333,true,true,436.5,338.5,436.5,338.5,-270.0,210.0,491,491,0,TRACKING,435.5,337.5,1.0,1.0,1.4142135623730951
SCN_007,492,16.3667,true,true,424.5,351.5,424.5,351.5,-360.0,390.0,492,492,0,TRACKING,423.5,350.5,1.0,1.0,1.4142135623730951
SCN_007,493,16.4,true,true,426.5,353.5,426.5,353.5,60.0,60.0,493,493,0,TRACKING,425.5,352.5,1.0,1.0,1.4142135623730951
SCN_007,494,16.4333,true,true,440.5,343.5,440.5,343.5,420.0,-300.0,494,494,0,TRACKING,439.5,342.5,1.0,1.0,1.4142135623730951
SCN_007,495,16.4667,true,true,449.5,333.5,449.5,333.5,270.0,-300.0,495,495,0,TRACKING,448.5,332.5,1.0,1.0,1.4142135623730951
SCN_007,496,16.5,true,true,447.5,330.5,447.5,330.5,-60.0,-90.0,496,496,0,TRACKING,446.5,329.5,1.0,1.0,1.4142135623730951
SCN_007,497,16.5333,true,true,445.5,330.5,445.5,330.5,-60.0,0.0,497,497,0,TRACKING,444.5,329.5,1.0,1.0,1.4142135623730951
SCN_007,498,16.5667,true,true,444.5,330.5,444.5,330.5,-30.0,0.0,498,498,0,TRACKING,443.5,329.5,1.0,1.0,1.4142135623730951
SCN_007,499,16.6,true,true,441.5,331.5,441.5,331.5,-90.0,30.0,499,499,0,TRACKING,440.5,330.5,1.0,1.0,1.4142135623730951
SCN_007,500,16.6333,true,true,437.5,335.5,437.5,335.5,-120.0,120.0,500,500,0,TRACKING,436.5,334.5,1.0,1.0,1.4142135623730951
SCN_007,501,16.6667,true,true,444.5,340.5,444.5,340.5,210.0,150.0,501,501,0,TRACKING,443.5,339.5,1.0,1.0,1.4142135623730951
SCN_007,502,16.7,true,true,460.5,342.5,460.5,342.5,480.0,60.0,502,502,0,TRACKING,459.5,341.5,1.0,1.0,1.4142135623730951
SCN_007,503,16.7333,true,true,465.5,329.5,465.5,329.5,150.0,-390.0,503,503,0,TRACKING,464.5,328.5,1.0,1.0,1.4142135623730951
SCN_007,504,16.7667,true,true,455.5,316.5,455.5,316.5,-300.0,-390.0,504,504,0,TRACKING,454.5,315.5,1.0,1.0,1.4142135623730951
SCN_007,505,16.8,true,true,443.5,314.5,443.5,314.5,-360.0,-60.0,505,505,0,TRACKING,442.5,313.5,1.0,1.0,1.4142135623730951
SCN_007,506,16.8333,true,true,445.5,320.5,445.5,320.5,60.0,180.0,506,506,0,TRACKING,444.5,319.5,1.0,1.0,1.4142135623730951
SCN_007,507,16.8667,true,true,456.5,328.5,456.5,328.5,330.0,240.0,507,507,0,TRACKING,455.5,327.5,1.0,1.0,1.4142135623730951
SCN_007,508,16.9,true,true,461.5,326.5,461.5,326.5,150.0,-60.0,508,508,0,TRACKING,460.5,325.5,1.0,1.0,1.4142135623730951
SCN_007,509,16.9333,true,true,464.5,323.5,464.5,323.5,90.0,-90.0,509,509,0,TRACKING,463.5,322.5,1.0,1.0,1.4142135623730951
SCN_007,510,16.9667,true,true,465.5,321.5,465.5,321.5,30.0,-60.0,510,510,0,TRACKING,464.5,320.5,1.0,1.0,1.4142135623730951
SCN_007,511,17.0,true,true,466.5,318.5,466.5,318.5,30.0,-90.0,511,511,0,TRACKING,465.5,317.5,1.0,1.0,1.4142135623730951
SCN_007,512,17.0333,true,true,457.5,311.5,457.5,311.5,-270.0,-210.0,512,512,0,TRACKING,456.5,310.5,1.0,1.0,1.4142135623730951
SCN_007,513,17.0667,true,true,450.5,301.5,450.5,301.5,-210.0,-300.0,513,513,0,TRACKING,449.5,300.5,1.0,1.0,1.4142135623730951
SCN_007,514,17.1,true,true,457.5,297.5,457.5,297.5,210.0,-120.0,514,514,0,TRACKING,456.5,296.5,1.0,1.0,1.4142135623730951
SCN_007,515,17.1333,true,true,474.5,306.5,474.5,306.5,510.0,270.0,515,515,0,TRACKING,473.5,305.5,1.0,1.0,1.4142135623730951
SCN_007,516,17.1667,true,true,478.5,316.5,478.5,316.5,120.0,300.0,516,516,0,TRACKING,477.5,315.5,1.0,1.0,1.4142135623730951
SCN_007,517,17.2,true,true,468.5,315.5,468.5,315.5,-300.0,-30.0,517,517,0,TRACKING,467.5,314.5,1.0,1.0,1.4142135623730951
SCN_007,518,17.2333,true,true,460.5,302.5,460.5,302.5,-240.0,-390.0,518,518,0,TRACKING,459.5,301.5,1.0,1.0,1.4142135623730951
SCN_007,519,17.2667,true,true,462.5,292.5,462.5,292.5,60.0,-300.0,519,519,0,TRACKING,461.5,291.5,1.0,1.0,1.4142135623730951
SCN_007,520,17.3,true,true,467.5,288.5,467.5,288.5,150.0,-120.0,520,520,0,TRACKING,466.5,287.5,1.0,1.0,1.4142135623730951
SCN_007,521,17.3333,true,true,468.5,289.5,468.5,289.5,30.0,30.0,521,521,0,TRACKING,467.5,288.5,1.0,1.0,1.4142135623730951
SCN_007,522,17.3667,true,true,474.5,285.5,474.5,285.5,180.0,-120.0,522,522,0,TRACKING,473.5,284.5,1.0,1.0,1.4142135623730951
SCN_007,523,17.4,true,true,481.5,285.5,481.5,285.5,210.0,0.0,523,523,0,TRACKING,480.5,284.5,1.0,1.0,1.4142135623730951
SCN_007,524,17.4333,true,true,481.5,288.5,481.5,288.5,0.0,90.0,524,524,0,TRACKING,480.5,287.5,1.0,1.0,1.4142135623730951
SCN_007,525,17.4667,true,true,467.5,294.5,467.5,294.5,-420.0,180.0,525,525,0,TRACKING,466.5,293.5,1.0,1.0,1.4142135623730951
SCN_007,526,17.5,true,true,459.5,290.5,459.5,290.5,-240.0,-120.0,526,526,0,TRACKING,458.5,289.5,1.0,1.0,1.4142135623730951
SCN_007,527,17.5333,true,true,467.5,276.5,467.5,276.5,240.0,-420.0,527,527,0,TRACKING,466.5,275.5,1.0,1.0,1.4142135623730951
SCN_007,528,17.5667,true,true,482.5,261.5,482.5,261.5,450.0,-450.0,528,528,0,TRACKING,481.5,260.5,1.0,1.0,1.4142135623730951
SCN_007,529,17.6,true,true,485.5,259.5,485.5,259.5,90.0,-60.0,529,529,0,TRACKING,484.5,258.5,1.0,1.0,1.4142135623730951
SCN_007,530,17.6333,true,true,478.5,267.5,478.5,267.5,-210.0,240.0,530,530,0,TRACKING,477.5,266.5,1.0,1.0,1.4142135623730951
SCN_007,531,17.6667,true,true,474.5,272.5,474.5,272.5,-120.0,150.0,531,531,0,TRACKING,473.5,271.5,1.0,1.0,1.4142135623730951
SCN_007,532,17.7,true,true,472.5,268.5,472.5,268.5,-60.0,-120.0,532,532,0,TRACKING,471.5,267.5,1.0,1.0,1.4142135623730951
SCN_007,533,17.7333,true,true,470.5,263.5,470.5,263.5,-60.0,-150.0,533,533,0,TRACKING,469.5,262.5,1.0,1.0,1.4142135623730951
SCN_007,534,17.7667,true,true,469.5,260.5,469.5,260.5,-30.0,-90.0,534,534,0,TRACKING,468.5,259.5,1.0,1.0,1.4142135623730951
SCN_007,535,17.8,true,true,479.5,255.5,479.5,255.5,300.0,-150.0,535,535,0,TRACKING,478.5,254.5,1.0,1.0,1.4142135623730951
SCN_007,536,17.8333,true,true,490.5,248.5,490.5,248.5,330.0,-210.0,536,536,0,TRACKING,489.5,247.5,1.0,1.0,1.4142135623730951
SCN_007,537,17.8667,true,true,489.5,237.5,489.5,237.5,-30.0,-330.0,537,537,0,TRACKING,488.5,236.5,1.0,1.0,1.4142135623730951
SCN_007,538,17.9,true,true,471.5,235.5,471.5,235.5,-540.0,-60.0,538,538,0,TRACKING,470.5,234.5,1.0,1.0,1.4142135623730951
SCN_007,539,17.9333,true,true,463.5,245.5,463.5,245.5,-240.0,300.0,539,539,0,TRACKING,462.5,244.5,1.0,1.0,1.4142135623730951
SCN_007,540,17.9667,true,true,473.5,254.5,473.5,254.5,300.0,270.0,540,540,0,TRACKING,472.5,253.5,1.0,1.0,1.4142135623730951
SCN_007,541,18.0,true,true,484.5,247.5,484.5,247.5,330.0,-210.0,541,541,0,TRACKING,483.5,246.5,1.0,1.0,1.4142135623730951
SCN_007,542,18.0333,true,true,485.5,234.5,485.5,234.5,30.0,-390.0,542,542,0,TRACKING,484.5,233.5,1.0,1.0,1.4142135623730951
SCN_007,543,18.0667,true,true,481.5,224.5,481.5,224.5,-120.0,-300.0,543,543,0,TRACKING,480.5,223.5,1.0,1.0,1.4142135623730951
SCN_007,544,18.1,true,true,482.5,223.5,482.5,223.5,30.0,-30.0,544,544,0,TRACKING,481.5,222.5,1.0,1.0,1.4142135623730951
SCN_007,545,18.1333,true,true,476.5,221.5,476.5,221.5,-180.0,-60.0,545,545,0,TRACKING,475.5,220.5,1.0,1.0,1.4142135623730951
SCN_007,546,18.1667,true,true,468.5,218.5,468.5,218.5,-240.0,-90.0,546,546,0,TRACKING,467.5,217.5,1.0,1.0,1.4142135623730951
SCN_007,547,18.2,true,true,466.5,217.5,466.5,217.5,-60.0,-30.0,547,547,0,TRACKING,465.5,216.5,1.0,1.0,1.4142135623730951
SCN_007,548,18.2333,true,true,478.5,223.5,478.5,223.5,360.0,180.0,548,548,0,TRACKING,477.5,222.5,1.0,1.0,1.4142135623730951
SCN_007,549,18.2667,true,true,491.5,225.5,491.5,225.5,390.0,60.0,549,549,0,TRACKING,490.5,224.5,1.0,1.0,1.4142135623730951
SCN_007,550,18.3,true,true,487.5,220.5,487.5,220.5,-120.0,-150.0,550,550,0,TRACKING,486.5,219.5,1.0,1.0,1.4142135623730951
SCN_007,551,18.3333,true,true,471.5,204.5,471.5,204.5,-480.0,-480.0,551,551,0,TRACKING,470.5,203.5,1.0,1.0,1.4142135623730951
SCN_007,552,18.3667,true,true,464.5,193.5,464.5,193.5,-210.0,-330.0,552,552,0,TRACKING,463.5,192.5,1.0,1.0,1.4142135623730951
SCN_007,553,18.4,true,true,469.5,192.5,469.5,192.5,150.0,-30.0,553,553,0,TRACKING,468.5,191.5,1.0,1.0,1.4142135623730951
SCN_007,554,18.4333,true,true,476.5,200.5,476.5,200.5,210.0,240.0,554,554,0,TRACKING,475.5,199.5,1.0,1.0,1.4142135623730951
SCN_007,555,18.4667,true,true,476.5,204.5,476.5,204.5,0.0,120.0,555,555,0,TRACKING,475.5,203.5,1.0,1.0,1.4142135623730951
SCN_007,556,18.5,true,true,478.5,201.5,478.5,201.5,60.0,-90.0,556,556,0,TRACKING,477.5,200.5,1.0,1.0,1.4142135623730951
SCN_007,557,18.5333,true,true,481.5,193.5,481.5,193.5,90.0,-240.0,557,557,0,TRACKING,480.5,192.5,1.0,1.0,1.4142135623730951
SCN_007,558,18.5667,true,true,474.5,194.5,474.5,194.5,-210.0,30.0,558,558,0,TRACKING,473.5,193.5,1.0,1.0,1.4142135623730951
SCN_007,559,18.6,true,true,460.5,189.5,460.5,189.5,-420.0,-150.0,559,559,0,TRACKING,459.5,188.5,1.0,1.0,1.4142135623730951
SCN_007,560,18.6333,true,true,458.5,179.5,458.5,179.5,-60.0,-300.0,560,560,0,TRACKING,457.5,178.5,1.0,1.0,1.4142135623730951
SCN_007,561,18.6667,true,true,472.5,171.5,472.5,171.5,420.0,-240.0,561,561,0,TRACKING,471.5,170.5,1.0,1.0,1.4142135623730951
SCN_007,562,18.7,true,true,485.5,172.5,485.5,172.5,390.0,30.0,562,562,0,TRACKING,484.5,171.5,1.0,1.0,1.4142135623730951
SCN_007,563,18.7333,true,true,477.5,184.5,477.5,184.5,-240.0,360.0,563,563,0,TRACKING,476.5,183.5,1.0,1.0,1.4142135623730951
SCN_007,564,18.7667,true,true,466.5,190.5,466.5,190.5,-330.0,180.0,564,564,0,TRACKING,465.5,189.5,1.0,1.0,1.4142135623730951
SCN_007,565,18.8,true,true,461.5,184.5,461.5,184.5,-150.0,-180.0,565,565,0,TRACKING,460.5,183.5,1.0,1.0,1.4142135623730951
SCN_007,566,18.8333,true,true,463.5,171.5,463.5,171.5,60.0,-390.0,566,566,0,TRACKING,462.5,170.5,1.0,1.0,1.4142135623730951
SCN_007,567,18.8667,true,true,463.5,162.5,463.5,162.5,0.0,-270.0,567,567,0,TRACKING,462.5,161.5,1.0,1.0,1.4142135623730951
SCN_007,568,18.9,true,true,464.5,162.5,464.5,162.5,30.0,0.0,568,568,0,TRACKING,463.5,161.5,1.0,1.0,1.4142135623730951
SCN_007,569,18.9333,true,true,472.5,161.5,472.5,161.5,240.0,-30.0,569,569,0,TRACKING,471.5,160.5,1.0,1.0,1.4142135623730951
SCN_007,570,18.9667,true,true,475.5,160.5,475.5,160.5,90.0,-30.0,570,570,0,TRACKING,474.5,159.5,1.0,1.0,1.4142135623730951
SCN_007,571,19.0,true,true,466.5,160.5,466.5,160.5,-270.0,0.0,571,571,0,TRACKING,465.5,159.5,1.0,1.0,1.4142135623730951
SCN_007,572,19.0333,true,true,448.5,167.5,448.5,167.5,-540.0,210.0,572,572,0,TRACKING,447.5,166.5,1.0,1.0,1.4142135623730951
SCN_007,573,19.0667,true,true,448.5,171.5,448.5,171.5,0.0,120.0,573,573,0,TRACKING,447.5,170.5,1.0,1.0,1.4142135623730951
SCN_007,574,19.1,true,true,458.5,164.5,458.5,164.5,300.0,-210.0,574,574,0,TRACKING,457.5,163.5,1.0,1.0,1.4142135623730951
SCN_007,575,19.1333,true,true,467.5,150.5,467.5,150.5,270.0,-420.0,575,575,0,TRACKING,466.5,149.5,1.0,1.0,1.4142135623730951
SCN_007,576,19.1667,true,true,464.5,140.5,464.5,140.5,-90.0,-300.0,576,576,0,TRACKING,463.5,139.5,1.0,1.0,1.4142135623730951
SCN_007,577,19.2,true,true,456.5,145.5,456.5,145.5,-240.0,150.0,577,577,0,TRACKING,455.5,144.5,1.0,1.0,1.4142135623730951
SCN_007,578,19.2333,true,true,454.5,154.5,454.5,154.5,-60.0,270.0,578,578,0,TRACKING,453.5,153.5,1.0,1.0,1.4142135623730951
SCN_007,579,19.2667,true,true,448.5,156.5,448.5,156.5,-180.0,60.0,579,579,0,TRACKING,447.5,155.5,1.0,1.0,1.4142135623730951
SCN_007,580,19.3,true,true,442.5,153.5,442.5,153.5,-180.0,-90.0,580,580,0,TRACKING,441.5,152.5,1.0,1.0,1.4142135623730951
SCN_007,581,19.3333,true,true,444.5,150.5,444.5,150.5,60.0,-90.0,581,581,0,TRACKING,443.5,149.5,1.0,1.0,1.4142135623730951
SCN_007,582,19.3667,true,true,456.5,151.5,456.5,151.5,360.0,30.0,582,582,0,TRACKING,455.5,150.5,1.0,1.0,1.4142135623730951
SCN_007,583,19.4,true,true,461.5,148.5,461.5,148.5,150.0,-90.0,583,583,0,TRACKING,460.5,147.5,1.0,1.0,1.4142135623730951
SCN_007,584,19.4333,true,true,449.5,138.5,449.5,138.5,-360.0,-300.0,584,584,0,TRACKING,448.5,137.5,1.0,1.0,1.4142135623730951
SCN_007,585,19.4667,true,true,435.5,133.5,435.5,133.5,-420.0,-150.0,585,585,0,TRACKING,434.5,132.5,1.0,1.0,1.4142135623730951
SCN_007,586,19.5,true,true,431.5,137.5,431.5,137.5,-120.0,120.0,586,586,0,TRACKING,430.5,136.5,1.0,1.0,1.4142135623730951
SCN_007,587,19.5333,true,true,441.5,151.5,441.5,151.5,300.0,420.0,587,587,0,TRACKING,440.5,150.5,1.0,1.0,1.4142135623730951
SCN_007,588,19.5667,true,true,443.5,156.5,443.5,156.5,60.0,150.0,588,588,0,TRACKING,442.5,155.5,1.0,1.0,1.4142135623730951
SCN_007,589,19.6,true,true,443.5,150.5,443.5,150.5,0.0,-180.0,589,589,0,TRACKING,442.5,149.5,1.0,1.0,1.4142135623730951
SCN_007,590,19.6333,true,true,441.5,139.5,441.5,139.5,-60.0,-330.0,590,590,0,TRACKING,440.5,138.5,1.0,1.0,1.4142135623730951
SCN_007,591,19.6667,true,true,439.5,134.5,439.5,134.5,-60.0,-150.0,591,591,0,TRACKING,438.5,133.5,1.0,1.0,1.4142135623730951
SCN_007,592,19.7,true,true,429.5,137.5,429.5,137.5,-300.0,90.0,592,592,0,TRACKING,428.5,136.5,1.0,1.0,1.4142135623730951
SCN_007,593,19.7333,true,true,418.5,139.5,418.5,139.5,-330.0,60.0,593,593,0,TRACKING,417.5,138.5,1.0,1.0,1.4142135623730951
SCN_007,594,19.7667,true,true,424.5,138.5,424.5,138.5,180.0,-30.0,594,594,0,TRACKING,423.5,137.5,1.0,1.0,1.4142135623730951
SCN_007,595,19.8,true,true,436.5,142.5,436.5,142.5,360.0,120.0,595,595,0,TRACKING,435.5,141.5,1.0,1.0,1.4142135623730951
SCN_007,596,19.8333,true,true,441.5,150.5,441.5,150.5,150.0,240.0,596,596,0,TRACKING,440.5,149.5,1.0,1.0,1.4142135623730951
SCN_007,597,19.8667,true,true,427.5,154.5,427.5,154.5,-420.0,120.0,597,597,0,TRACKING,426.5,153.5,1.0,1.0,1.4142135623730951
SCN_007,598,19.9,true,true,414.5,147.5,414.5,147.5,-390.0,-210.0,598,598,0,TRACKING,413.5,146.5,1.0,1.0,1.4142135623730951
SCN_007,599,19.9333,true,true,413.5,135.5,413.5,135.5,-30.0,-360.0,599,599,0,TRACKING,412.5,134.5,1.0,1.0,1.4142135623730951
SCN_007,600,19.9667,true,true,416.5,129.5,416.5,129.5,90.0,-180.0,600,600,0,TRACKING,415.5,128.5,1.0,1.0,1.4142135623730951
SCN_007,601,20.0,true,true,416.5,138.5,416.5,138.5,0.0,270.0,601,601,0,TRACKING,415.5,137.5,1.0,1.0,1.4142135623730951
SCN_007,602,20.0333,true,true,419.5,148.5,419.5,148.5,90.0,300.0,602,602,0,TRACKING,418.5,147.5,1.0,1.0,1.4142135623730951
SCN_007,603,20.0667,true,true,422.5,152.5,422.5,152.5,90.0,120.0,603,603,0,TRACKING,421.5,151.5,1.0,1.0,1.4142135623730951
SCN_007,604,20.1,true,true,420.5,152.5,420.5,152.5,-60.0,0.0,604,604,0,TRACKING,419.5,151.5,1.0,1.0,1.4142135623730951
SCN_007,605,20.1333,true,true,404.5,150.5,404.5,150.5,-480.0,-60.0,605,605,0,TRACKING,403.5,149.5,1.0,1.0,1.4142135623730951
SCN_007,606,20.1667,true,true,392.5,151.5,392.5,151.5,-360.0,30.0,606,606,0,TRACKING,391.5,150.5,1.0,1.0,1.4142135623730951
SCN_007,607,20.2,true,true,397.5,148.5,397.5,148.5,150.0,-90.0,607,607,0,TRACKING,396.5,147.5,1.0,1.0,1.4142135623730951
SCN_007,608,20.2333,true,true,411.5,139.5,411.5,139.5,420.0,-270.0,608,608,0,TRACKING,410.5,138.5,1.0,1.0,1.4142135623730951
SCN_007,609,20.2667,true,true,413.5,139.5,413.5,139.5,60.0,0.0,609,609,0,TRACKING,412.5,138.5,1.0,1.0,1.4142135623730951
SCN_007,610,20.3,true,true,403.5,150.5,403.5,150.5,-300.0,330.0,610,610,0,TRACKING,402.5,149.5,1.0,1.0,1.4142135623730951
SCN_007,611,20.3333,true,true,393.5,164.5,393.5,164.5,-300.0,420.0,611,611,0,TRACKING,392.5,163.5,1.0,1.0,1.4142135623730951
SCN_007,612,20.3667,true,true,392.5,169.5,392.5,169.5,-30.0,150.0,612,612,0,TRACKING,391.5,168.5,1.0,1.0,1.4142135623730951
SCN_007,613,20.4,true,true,387.5,162.5,387.5,162.5,-150.0,-210.0,613,613,0,TRACKING,386.5,161.5,1.0,1.0,1.4142135623730951
SCN_007,614,20.4333,true,true,384.5,153.5,384.5,153.5,-90.0,-270.0,614,614,0,TRACKING,383.5,152.5,1.0,1.0,1.4142135623730951
SCN_007,615,20.4667,true,true,390.5,153.5,390.5,153.5,180.0,0.0,615,615,0,TRACKING,389.5,152.5,1.0,1.0,1.4142135623730951
SCN_007,616,20.5,true,true,398.5,157.5,398.5,157.5,240.0,120.0,616,616,0,TRACKING,397.5,156.5,1.0,1.0,1.4142135623730951
SCN_007,617,20.5333,true,true,393.5,159.5,393.5,159.5,-150.0,60.0,617,617,0,TRACKING,392.5,158.5,1.0,1.0,1.4142135623730951
SCN_007,618,20.5667,true,true,378.5,163.5,378.5,163.5,-450.0,120.0,618,618,0,TRACKING,377.5,162.5,1.0,1.0,1.4142135623730951
SCN_007,619,20.6,true,true,364.5,169.5,364.5,169.5,-420.0,180.0,619,619,0,TRACKING,363.5,168.5,1.0,1.0,1.4142135623730951
SCN_007,620,20.6333,true,true,369.5,179.5,369.5,179.5,150.0,300.0,620,620,0,TRACKING,368.5,178.5,1.0,1.0,1.4142135623730951
SCN_007,621,20.6667,true,true,380.5,183.5,380.5,183.5,330.0,120.0,621,621,0,TRACKING,379.5,182.5,1.0,1.0,1.4142135623730951
SCN_007,622,20.7,true,true,381.5,175.5,381.5,175.5,30.0,-240.0,622,622,0,TRACKING,380.5,174.5,1.0,1.0,1.4142135623730951
SCN_007,623,20.7333,true,true,375.5,164.5,375.5,164.5,-180.0,-330.0,623,623,0,TRACKING,374.5,163.5,1.0,1.0,1.4142135623730951
SCN_007,624,20.7667,true,true,370.5,165.5,370.5,165.5,-150.0,30.0,624,624,0,TRACKING,369.5,164.5,1.0,1.0,1.4142135623730951
SCN_007,625,20.8,true,true,365.5,175.5,365.5,175.5,-150.0,300.0,625,625,0,TRACKING,364.5,174.5,1.0,1.0,1.4142135623730951
SCN_007,626,20.8333,true,true,354.5,187.5,354.5,187.5,-330.0,360.0,626,626,0,TRACKING,353.5,186.5,1.0,1.0,1.4142135623730951
SCN_007,627,20.8667,true,true,351.5,190.5,351.5,190.5,-90.0,90.0,627,627,0,TRACKING,350.5,189.5,1.0,1.0,1.4142135623730951
SCN_007,628,20.9,true,true,360.5,191.5,360.5,191.5,270.0,30.0,628,628,0,TRACKING,359.5,190.5,1.0,1.0,1.4142135623730951
SCN_007,629,20.9333,true,true,370.5,192.5,370.5,192.5,300.0,30.0,629,629,0,TRACKING,369.5,191.5,1.0,1.0,1.4142135623730951
SCN_007,630,20.9667,true,true,365.5,195.5,365.5,195.5,-150.0,90.0,630,630,0,TRACKING,364.5,194.5,1.0,1.0,1.4142135623730951
SCN_007,631,21.0,true,true,348.5,191.5,348.5,191.5,-510.0,-120.0,631,631,0,TRACKING,347.5,190.5,1.0,1.0,1.4142135623730951
SCN_007,632,21.0333,true,true,338.5,186.5,338.5,186.5,-300.0,-150.0,632,632,0,TRACKING,337.5,185.5,1.0,1.0,1.4142135623730951
SCN_007,633,21.0667,true,true,341.5,188.5,341.5,188.5,90.0,60.0,633,633,0,TRACKING,340.5,187.5,1.0,1.0,1.4142135623730951
SCN_007,634,21.1,true,true,346.5,201.5,346.5,201.5,150.0,390.0,634,634,0,TRACKING,345.5,200.5,1.0,1.0,1.4142135623730951
SCN_007,635,21.1333,true,true,345.5,216.5,345.5,216.5,-30.0,450.0,635,635,0,TRACKING,344.5,215.5,1.0,1.0,1.4142135623730951
SCN_007,636,21.1667,true,true,346.5,219.5,346.5,219.5,30.0,90.0,636,636,0,TRACKING,345.5,218.5,1.0,1.0,1.4142135623730951
SCN_007,637,21.2,true,true,345.5,213.5,345.5,213.5,-30.0,-180.0,637,637,0,TRACKING,344.5,212.5,1.0,1.0,1.4142135623730951
SCN_007,638,21.2333,true,true,339.5,206.5,339.5,206.5,-180.0,-210.0,638,638,0,TRACKING,338.5,205.5,1.0,1.0,1.4142135623730951
SCN_007,639,21.2667,true,true,323.5,210.5,323.5,210.5,-480.0,120.0,639,639,0,TRACKING,322.5,209.5,1.0,1.0,1.4142135623730951
SCN_007,640,21.3,true,true,319.5,216.5,319.5,216.5,-120.0,180.0,640,640,0,TRACKING,318.5,215.5,1.0,1.0,1.4142135623730951
SCN_007,641,21.3333,true,true,327.5,219.5,327.5,219.5,240.0,90.0,641,641,0,TRACKING,326.5,218.5,1.0,1.0,1.4142135623730951
SCN_007,642,21.3667,true,true,338.5,221.5,338.5,221.5,330.0,60.0,642,642,0,TRACKING,337.5,220.5,1.0,1.0,1.4142135623730951
SCN_007,643,21.4,true,true,333.5,229.5,333.5,229.5,-150.0,240.0,643,643,0,TRACKING,332.5,228.5,1.0,1.0,1.4142135623730951
SCN_007,644,21.4333,true,true,318.5,240.5,318.5,240.5,-450.0,330.0,644,644,0,TRACKING,317.5,239.5,1.0,1.0,1.4142135623730951
SCN_007,645,21.4667,true,true,310.5,244.5,310.5,244.5,-240.0,120.0,645,645,0,TRACKING,309.5,243.5,1.0,1.0,1.4142135623730951
SCN_007,646,21.5,true,true,311.5,233.5,311.5,233.5,30.0,-330.0,646,646,0,TRACKING,310.5,232.5,1.0,1.0,1.4142135623730951
SCN_007,647,21.5333,true,true,311.5,225.5,311.5,225.5,0.0,-240.0,647,647,0,TRACKING,310.5,224.5,1.0,1.0,1.4142135623730951
SCN_007,648,21.5667,true,true,310.5,230.5,310.5,230.5,-30.0,150.0,648,648,0,TRACKING,309.5,229.5,1.0,1.0,1.4142135623730951
SCN_007,649,21.6,true,true,315.5,242.5,315.5,242.5,150.0,360.0,649,649,0,TRACKING,314.5,241.5,1.0,1.0,1.4142135623730951
SCN_007,650,21.6333,true,true,318.5,252.5,318.5,252.5,90.0,300.0,650,650,0,TRACKING,317.5,251.5,1.0,1.0,1.4142135623730951
SCN_007,651,21.6667,true,true,309.5,257.5,309.5,257.5,-270.0,150.0,651,651,0,TRACKING,308.5,256.5,1.0,1.0,1.4142135623730951
SCN_007,652,21.7,true,true,291.5,256.5,291.5,256.5,-540.0,-30.0,652,652,0,TRACKING,290.5,255.5,1.0,1.0,1.4142135623730951
SCN_007,653,21.7333,true,true,285.5,259.5,285.5,259.5,-180.0,90.0,653,653,0,TRACKING,284.5,258.5,1.0,1.0,1.4142135623730951
SCN_007,654,21.7667,true,true,296.5,262.5,296.5,262.5,330.0,90.0,654,654,0,TRACKING,295.5,261.5,1.0,1.0,1.4142135623730951
SCN_007,655,21.8,true,true,306.5,257.5,306.5,257.5,300.0,-150.0,655,655,0,TRACKING,305.5,256.5,1.0,1.0,1.4142135623730951
SCN_007,656,21.8333,true,true,301.5,252.5,301.5,252.5,-150.0,-150.0,656,656,0,TRACKING,300.5,251.5,1.0,1.0,1.4142135623730951
SCN_007,657,21.8667,true,true,291.5,255.5,291.5,255.5,-300.0,90.0,657,657,0,TRACKING,290.5,254.5,1.0,1.0,1.4142135623730951
SCN_007,658,21.9,true,true,287.5,269.5,287.5,269.5,-120.0,420.0,658,658,0,TRACKING,286.5,268.5,1.0,1.0,1.4142135623730951
SCN_007,659,21.9333,true,true,282.5,285.5,282.5,285.5,-150.0,480.0,659,659,0,TRACKING,281.5,284.5,1.0,1.0,1.4142135623730951
SCN_007,660,21.9667,true,true,277.5,286.5,277.5,286.5,-150.0,30.0,660,660,0,TRACKING,276.5,285.5,1.0,1.0,1.4142135623730951
SCN_007,661,22.0,true,true,275.5,280.5,275.5,280.5,-60.0,-180.0,661,661,0,TRACKING,274.5,279.5,1.0,1.0,1.4142135623730951
SCN_007,662,22.0333,true,true,286.5,273.5,286.5,273.5,330.0,-210.0,662,662,0,TRACKING,285.5,272.5,1.0,1.0,1.4142135623730951
SCN_007,663,22.0667,true,true,291.5,274.5,291.5,274.5,150.0,30.0,663,663,0,TRACKING,290.5,273.5,1.0,1.0,1.4142135623730951
SCN_007,664,22.1,true,true,278.5,282.5,278.5,282.5,-390.0,240.0,664,664,0,TRACKING,277.5,281.5,1.0,1.0,1.4142135623730951
SCN_007,665,22.1333,true,true,263.5,284.5,263.5,284.5,-450.0,60.0,665,665,0,TRACKING,262.5,283.5,1.0,1.0,1.4142135623730951
SCN_007,666,22.1667,true,true,257.5,288.5,257.5,288.5,-180.0,120.0,666,666,0,TRACKING,256.5,287.5,1.0,1.0,1.4142135623730951
SCN_007,667,22.2,true,true,266.5,296.5,266.5,296.5,270.0,240.0,667,667,0,TRACKING,265.5,295.5,1.0,1.0,1.4142135623730951
SCN_007,668,22.2333,true,true,273.5,305.5,273.5,305.5,210.0,270.0,668,668,0,TRACKING,272.5,304.5,1.0,1.0,1.4142135623730951
SCN_007,669,22.2667,true,true,270.5,305.5,270.5,305.5,-90.0,0.0,669,669,0,TRACKING,269.5,304.5,1.0,1.0,1.4142135623730951
SCN_007,670,22.3,true,true,265.5,297.5,265.5,297.5,-150.0,-240.0,670,670,0,TRACKING,264.5,296.5,1.0,1.0,1.4142135623730951
SCN_007,671,22.3333,true,true,262.5,288.5,262.5,288.5,-90.0,-270.0,671,671,0,TRACKING,261.5,287.5,1.0,1.0,1.4142135623730951
SCN_007,672,22.3667,true,true,254.5,293.5,254.5,293.5,-240.0,150.0,672,672,0,TRACKING,253.5,292.5,1.0,1.0,1.4142135623730951
SCN_007,673,22.4,true,true,243.5,306.5,243.5,306.5,-330.0,390.0,673,673,0,TRACKING,242.5,305.5,1.0,1.0,1.4142135623730951
SCN_007,674,22.4333,true,true,245.5,315.5,245.5,315.5,60.0,270.0,674,674,0,TRACKING,244.5,314.5,1.0,1.0,1.4142135623730951
SCN_007,675,22.4667,true,true,259.5,315.5,259.5,315.5,420.0,0.0,675,675,0,TRACKING,258.5,314.5,1.0,1.0,1.4142135623730951
SCN_007,676,22.5,true,true,263.5,314.5,263.5,314.5,120.0,-30.0,676,676,0,TRACKING,262.5,313.5,1.0,1.0,1.4142135623730951
SCN_007,677,22.5333,true,true,251.5,317.5,251.5,317.5,-360.0,90.0,677,677,0,TRACKING,250.5,316.5,1.0,1.0,1.4142135623730951
SCN_007,678,22.5667,true,true,236.5,318.5,236.5,318.5,-450.0,30.0,678,678,0,TRACKING,235.5,317.5,1.0,1.0,1.4142135623730951
SCN_007,679,22.6,true,true,233.5,311.5,233.5,311.5,-90.0,-210.0,679,679,0,TRACKING,232.5,310.5,1.0,1.0,1.4142135623730951
SCN_007,680,22.6333,true,true,239.5,307.5,239.5,307.5,180.0,-120.0,680,680,0,TRACKING,238.5,306.5,1.0,1.0,1.4142135623730951
SCN_007,681,22.6667,true,true,240.5,311.5,240.5,311.5,30.0,120.0,681,681,0,TRACKING,239.5,310.5,1.0,1.0,1.4142135623730951
SCN_007,682,22.7,true,true,239.5,326.5,239.5,326.5,-30.0,450.0,682,682,0,TRACKING,238.5,325.5,1.0,1.0,1.4142135623730951
SCN_007,683,22.7333,true,true,242.5,338.5,242.5,338.5,90.0,360.0,683,683,0,TRACKING,241.5,337.5,1.0,1.0,1.4142135623730951
SCN_007,684,22.7667,true,true,240.5,335.5,240.5,335.5,-60.0,-90.0,684,684,0,TRACKING,239.5,334.5,1.0,1.0,1.4142135623730951
SCN_007,685,22.8,true,true,229.5,325.5,229.5,325.5,-330.0,-300.0,685,685,0,TRACKING,228.5,324.5,1.0,1.0,1.4142135623730951
SCN_007,686,22.8333,true,true,214.5,321.5,214.5,321.5,-450.0,-120.0,686,686,0,TRACKING,213.5,320.5,1.0,1.0,1.4142135623730951
SCN_007,687,22.8667,true,true,219.5,322.5,219.5,322.5,150.0,30.0,687,687,0,TRACKING,218.5,321.5,1.0,1.0,1.4142135623730951
SCN_007,688,22.9,true,true,231.5,326.5,231.5,326.5,360.0,120.0,688,688,0,TRACKING,230.5,325.5,1.0,1.0,1.4142135623730951
SCN_007,689,22.9333,true,true,237.5,328.5,237.5,328.5,180.0,60.0,689,689,0,TRACKING,236.5,327.5,1.0,1.0,1.4142135623730951
SCN_007,690,22.9667,true,true,226.5,330.5,226.5,330.5,-330.0,60.0,690,690,0,TRACKING,225.5,329.5,1.0,1.0,1.4142135623730951
SCN_007,691,23.0,true,true,215.5,339.5,215.5,339.5,-330.0,270.0,691,691,0,TRACKING,214.5,338.5,1.0,1.0,1.4142135623730951
SCN_007,692,23.0333,true,true,213.5,346.5,213.5,346.5,-60.0,210.0,692,692,0,TRACKING,212.5,345.5,1.0,1.0,1.4142135623730951
SCN_007,693,23.0667,true,true,212.5,343.5,212.5,343.5,-30.0,-90.0,693,693,0,TRACKING,211.5,342.5,1.0,1.0,1.4142135623730951
SCN_007,694,23.1,true,true,210.5,329.5,210.5,329.5,-60.0,-420.0,694,694,0,TRACKING,209.5,328.5,1.0,1.0,1.4142135623730951
SCN_007,695,23.1333,true,true,214.5,323.5,214.5,323.5,120.0,-180.0,695,695,0,TRACKING,213.5,322.5,1.0,1.0,1.4142135623730951
SCN_007,696,23.1667,true,true,223.5,326.5,223.5,326.5,270.0,90.0,696,696,0,TRACKING,222.5,325.5,1.0,1.0,1.4142135623730951
SCN_007,697,23.2,true,true,221.5,340.5,221.5,340.5,-60.0,420.0,697,697,0,TRACKING,220.5,339.5,1.0,1.0,1.4142135623730951
SCN_007,698,23.2333,true,true,205.5,344.5,205.5,344.5,-480.0,120.0,698,698,0,TRACKING,204.5,343.5,1.0,1.0,1.4142135623730951
SCN_007,699,23.2667,true,true,194.5,343.5,194.5,343.5,-330.0,-30.0,699,699,0,TRACKING,193.5,342.5,1.0,1.0,1.4142135623730951
SCN_007,700,23.3,true,true,196.5,341.5,196.5,341.5,60.0,-60.0,700,700,0,TRACKING,195.5,340.5,1.0,1.0,1.4142135623730951
SCN_007,701,23.3333,true,true,211.5,341.5,211.5,341.5,450.0,0.0,701,701,0,TRACKING,210.5,340.5,1.0,1.0,1.4142135623730951
SCN_007,702,23.3667,true,true,212.5,339.5,212.5,339.5,30.0,-60.0,702,702,0,TRACKING,211.5,338.5,1.0,1.0,1.4142135623730951
SCN_007,703,23.4,true,true,205.5,330.5,205.5,330.5,-210.0,-270.0,703,703,0,TRACKING,204.5,329.5,1.0,1.0,1.4142135623730951
SCN_007,704,23.4333,true,true,200.5,325.5,200.5,325.5,-150.0,-150.0,704,704,0,TRACKING,199.5,324.5,1.0,1.0,1.4142135623730951
SCN_007,705,23.4667,true,true,197.5,330.5,197.5,330.5,-90.0,150.0,705,705,0,TRACKING,196.5,329.5,1.0,1.0,1.4142135623730951
SCN_007,706,23.5,true,true,190.5,344.5,190.5,344.5,-210.0,420.0,706,706,0,TRACKING,189.5,343.5,1.0,1.0,1.4142135623730951
SCN_007,707,23.5333,true,true,187.5,350.5,187.5,350.5,-90.0,180.0,707,707,0,TRACKING,186.5,349.5,1.0,1.0,1.4142135623730951
SCN_007,708,23.5667,true,true,195.5,343.5,195.5,343.5,240.0,-210.0,708,708,0,TRACKING,194.5,342.5,1.0,1.0,1.4142135623730951
SCN_007,709,23.6,true,true,206.5,333.5,206.5,333.5,330.0,-300.0,709,709,0,TRACKING,205.5,332.5,1.0,1.0,1.4142135623730951
SCN_007,710,23.6333,true,true,203.5,328.5,203.5,328.5,-90.0,-150.0,710,710,0,TRACKING,202.5,327.5,1.0,1.0,1.4142135623730951
SCN_007,711,23.6667,true,true,187.5,328.5,187.5,328.5,-480.0,0.0,711,711,0,TRACKING,186.5,327.5,1.0,1.0,1.4142135623730951
SCN_007,712,23.7,true,true,177.5,330.5,177.5,330.5,-300.0,60.0,712,712,0,TRACKING,176.5,329.5,1.0,1.0,1.4142135623730951
SCN_007,713,23.7333,true,true,182.5,328.5,182.5,328.5,150.0,-60.0,713,713,0,TRACKING,181.5,327.5,1.0,1.0,1.4142135623730951
SCN_007,714,23.7667,true,true,190.5,331.5,190.5,331.5,240.0,90.0,714,714,0,TRACKING,189.5,330.5,1.0,1.0,1.4142135623730951
SCN_007,715,23.8,true,true,191.5,339.5,191.5,339.5,30.0,240.0,715,715,0,TRACKING,190.5,338.5,1.0,1.0,1.4142135623730951
SCN_007,716,23.8333,true,true,190.5,340.5,190.5,340.5,-30.0,30.0,716,716,0,TRACKING,189.5,339.5,1.0,1.0,1.4142135623730951
SCN_007,717,23.8667,true,true,190.5,332.5,190.5,332.5,0.0,-240.0,717,717,0,TRACKING,189.5,331.5,1.0,1.0,1.4142135623730951
SCN_007,718,23.9,true,true,185.5,317.5,185.5,317.5,-150.0,-450.0,718,718,0,TRACKING,184.5,316.5,1.0,1.0,1.4142135623730951
SCN_007,719,23.9333,true,true,175.5,312.5,175.5,312.5,-300.0,-150.0,719,719,0,TRACKING,174.5,311.5,1.0,1.0,1.4142135623730951
SCN_007,720,23.9667,true,true,170.5,317.5,170.5,317.5,-150.0,150.0,720,720,0,TRACKING,169.5,316.5,1.0,1.0,1.4142135623730951
SCN_007,721,24.0,true,true,179.5,326.5,179.5,326.5,270.0,270.0,721,721,0,TRACKING,178.5,325.5,1.0,1.0,1.4142135623730951
SCN_007,722,24.0333,true,true,192.5,329.5,192.5,329.5,390.0,90.0,722,722,0,TRACKING,191.5,328.5,1.0,1.0,1.4142135623730951
SCN_007,723,24.0667,true,true,191.5,324.5,191.5,324.5,-30.0,-150.0,723,723,0,TRACKING,190.5,323.5,1.0,1.0,1.4142135623730951
SCN_007,724,24.1,true,true,178.5,320.5,178.5,320.5,-390.0,-120.0,724,724,0,TRACKING,177.5,319.5,1.0,1.0,1.4142135623730951
SCN_007,725,24.1333,true,true,169.5,320.5,169.5,320.5,-270.0,0.0,725,725,0,TRACKING,168.5,319.5,1.0,1.0,1.4142135623730951
SCN_007,726,24.1667,true,true,173.5,313.5,173.5,313.5,120.0,-210.0,726,726,0,TRACKING,172.5,312.5,1.0,1.0,1.4142135623730951
SCN_007,727,24.2,true,true,175.5,303.5,175.5,303.5,60.0,-300.0,727,727,0,TRACKING,174.5,302.5,1.0,1.0,1.4142135623730951
SCN_007,728,24.2333,true,true,176.5,297.5,176.5,297.5,30.0,-180.0,728,728,0,TRACKING,175.5,296.5,1.0,1.0,1.4142135623730951
SCN_007,729,24.2667,true,true,181.5,304.5,181.5,304.5,150.0,210.0,729,729,0,TRACKING,180.5,303.5,1.0,1.0,1.4142135623730951
SCN_007,730,24.3,true,true,187.5,314.5,187.5,314.5,180.0,300.0,730,730,0,TRACKING,186.5,313.5,1.0,1.0,1.4142135623730951
SCN_007,731,24.3333,true,true,180.5,317.5,180.5,317.5,-210.0,90.0,731,731,0,TRACKING,179.5,316.5,1.0,1.0,1.4142135623730951
SCN_007,732,24.3667,true,true,165.5,306.5,165.5,306.5,-450.0,-330.0,732,732,0,TRACKING,164.5,305.5,1.0,1.0,1.4142135623730951
SCN_007,733,24.4,true,true,159.5,295.5,159.5,295.5,-180.0,-330.0,733,733,0,TRACKING,158.5,294.5,1.0,1.0,1.4142135623730951
SCN_007,734,24.4333,true,true,170.5,290.5,170.5,290.5,330.0,-150.0,734,734,0,TRACKING,169.5,289.5,1.0,1.0,1.4142135623730951
SCN_007,735,24.4667,true,true,182.5,291.5,182.5,291.5,360.0,30.0,735,735,0,TRACKING,181.5,290.5,1.0,1.0,1.4142135623730951
SCN_007,736,24.5,true,true,181.5,289.5,181.5,289.5,-30.0,-60.0,736,736,0,TRACKING,180.5,288.5,1.0,1.0,1.4142135623730951
SCN_007,737,24.5333,true,true,172.5,287.5,172.5,287.5,-270.0,-60.0,737,737,0,TRACKING,171.5,286.5,1.0,1.0,1.4142135623730951
SCN_007,738,24.5667,true,true,168.5,288.5,168.5,288.5,-120.0,30.0,738,738,0,TRACKING,167.5,287.5,1.0,1.0,1.4142135623730951
SCN_007,739,24.6,true,true,167.5,295.5,167.5,295.5,-30.0,210.0,739,739,0,TRACKING,166.5,294.5,1.0,1.0,1.4142135623730951
SCN_007,740,24.6333,true,true,165.5,295.5,165.5,295.5,-60.0,0.0,740,740,0,TRACKING,164.5,294.5,1.0,1.0,1.4142135623730951
SCN_007,741,24.6667,true,true,168.5,284.5,168.5,284.5,90.0,-330.0,741,741,0,TRACKING,167.5,283.5,1.0,1.0,1.4142135623730951
SCN_007,742,24.7,true,true,178.5,266.5,178.5,266.5,300.0,-540.0,742,742,0,TRACKING,177.5,265.5,1.0,1.0,1.4142135623730951
SCN_007,743,24.7333,true,true,185.5,262.5,185.5,262.5,210.0,-120.0,743,743,0,TRACKING,184.5,261.5,1.0,1.0,1.4142135623730951
SCN_007,744,24.7667,true,true,176.5,267.5,176.5,267.5,-270.0,150.0,744,744,0,TRACKING,175.5,266.5,1.0,1.0,1.4142135623730951
SCN_007,745,24.8,true,true,161.5,274.5,161.5,274.5,-450.0,210.0,745,745,0,TRACKING,160.5,273.5,1.0,1.0,1.4142135623730951
SCN_007,746,24.8333,true,true,156.5,275.5,156.5,275.5,-150.0,30.0,746,746,0,TRACKING,155.5,274.5,1.0,1.0,1.4142135623730951
SCN_007,747,24.8667,true,true,169.5,269.5,169.5,269.5,390.0,-180.0,747,747,0,TRACKING,168.5,268.5,1.0,1.0,1.4142135623730951
SCN_007,748,24.9,true,true,176.5,266.5,176.5,266.5,210.0,-90.0,748,748,0,TRACKING,175.5,265.5,1.0,1.0,1.4142135623730951
SCN_007,749,24.9333,true,true,176.5,263.5,176.5,263.5,0.0,-90.0,749,749,0,TRACKING,175.5,262.5,1.0,1.0,1.4142135623730951
SCN_007,750,24.9667,true,true,173.5,255.5,173.5,255.5,-90.0,-240.0,750,750,0,TRACKING,172.5,254.5,1.0,1.0,1.4142135623730951
SCN_007,751,25.0,true,true,172.5,245.5,172.5,245.5,-30.0,-300.0,751,751,0,TRACKING,171.5,244.5,1.0,1.0,1.4142135623730951
SCN_007,752,25.0333,true,true,167.5,239.5,167.5,239.5,-150.0,-180.0,752,752,0,TRACKING,166.5,238.5,1.0,1.0,1.4142135623730951
SCN_007,753,25.0667,true,true,160.5,246.5,160.5,246.5,-210.0,210.0,753,753,0,TRACKING,159.5,245.5,1.0,1.0,1.4142135623730951
SCN_007,754,25.1,true,true,162.5,255.5,162.5,255.5,60.0,270.0,754,754,0,TRACKING,161.5,254.5,1.0,1.0,1.4142135623730951
SCN_007,755,25.1333,true,true,177.5,256.5,177.5,256.5,450.0,30.0,755,755,0,TRACKING,176.5,255.5,1.0,1.0,1.4142135623730951
SCN_007,756,25.1667,true,true,186.5,244.5,186.5,244.5,270.0,-360.0,756,756,0,TRACKING,185.5,243.5,1.0,1.0,1.4142135623730951
SCN_007,757,25.2,true,true,179.5,233.5,179.5,233.5,-210.0,-330.0,757,757,0,TRACKING,178.5,232.5,1.0,1.0,1.4142135623730951
SCN_007,758,25.2333,true,true,164.5,228.5,164.5,228.5,-450.0,-150.0,758,758,0,TRACKING,163.5,227.5,1.0,1.0,1.4142135623730951
SCN_007,759,25.2667,true,true,161.5,226.5,161.5,226.5,-90.0,-60.0,759,759,0,TRACKING,160.5,225.5,1.0,1.0,1.4142135623730951
SCN_007,760,25.3,true,true,171.5,225.5,171.5,225.5,300.0,-30.0,760,760,0,TRACKING,170.5,224.5,1.0,1.0,1.4142135623730951
SCN_007,761,25.3333,true,true,175.5,223.5,175.5,223.5,120.0,-60.0,761,761,0,TRACKING,174.5,222.5,1.0,1.0,1.4142135623730951
SCN_007,762,25.3667,true,true,177.5,226.5,177.5,226.5,60.0,90.0,762,762,0,TRACKING,176.5,225.5,1.0,1.0,1.4142135623730951
SCN_007,763,25.4,true,true,181.5,231.5,181.5,231.5,120.0,150.0,763,763,0,TRACKING,180.5,230.5,1.0,1.0,1.4142135623730951
SCN_007,764,25.4333,true,true,184.5,230.5,184.5,230.5,90.0,-30.0,764,764,0,TRACKING,183.5,229.5,1.0,1.0,1.4142135623730951
SCN_007,765,25.4667,true,true,173.5,214.5,173.5,214.5,-330.0,-480.0,765,765,0,TRACKING,172.5,213.5,1.0,1.0,1.4142135623730951
SCN_007,766,25.5,true,true,163.5,200.5,163.5,200.5,-300.0,-420.0,766,766,0,TRACKING,162.5,199.5,1.0,1.0,1.4142135623730951
SCN_007,767,25.5333,true,true,168.5,198.5,168.5,198.5,150.0,-60.0,767,767,0,TRACKING,167.5,197.5,1.0,1.0,1.4142135623730951
SCN_007,768,25.5667,true,true,184.5,204.5,184.5,204.5,480.0,180.0,768,768,0,TRACKING,183.5,203.5,1.0,1.0,1.4142135623730951
SCN_007,769,25.6,true,true,191.5,209.5,191.5,209.5,210.0,150.0,769,769,0,TRACKING,190.5,208.5,1.0,1.0,1.4142135623730951
SCN_007,770,25.6333,true,true,186.5,208.5,186.5,208.5,-150.0,-30.0,770,770,0,TRACKING,185.5,207.5,1.0,1.0,1.4142135623730951
SCN_007,771,25.6667,true,true,174.5,203.5,174.5,203.5,-360.0,-150.0,771,771,0,TRACKING,173.5,202.5,1.0,1.0,1.4142135623730951
SCN_007,772,25.7,true,true,172.5,200.5,172.5,200.5,-60.0,-90.0,772,772,0,TRACKING,171.5,199.5,1.0,1.0,1.4142135623730951
SCN_007,773,25.7333,true,true,177.5,198.5,177.5,198.5,150.0,-60.0,773,773,0,TRACKING,176.5,197.5,1.0,1.0,1.4142135623730951
SCN_007,774,25.7667,true,true,178.5,188.5,178.5,188.5,30.0,-300.0,774,774,0,TRACKING,177.5,187.5,1.0,1.0,1.4142135623730951
SCN_007,775,25.8,true,true,183.5,179.5,183.5,179.5,150.0,-270.0,775,775,0,TRACKING,182.5,178.5,1.0,1.0,1.4142135623730951
SCN_007,776,25.8333,true,true,193.5,177.5,193.5,177.5,300.0,-60.0,776,776,0,TRACKING,192.5,176.5,1.0,1.0,1.4142135623730951
SCN_007,777,25.8667,true,true,195.5,186.5,195.5,186.5,60.0,270.0,777,777,0,TRACKING,194.5,185.5,1.0,1.0,1.4142135623730951
SCN_007,778,25.9,true,true,184.5,195.5,184.5,195.5,-330.0,270.0,778,778,0,TRACKING,183.5,194.5,1.0,1.0,1.4142135623730951
SCN_007,779,25.9333,true,true,171.5,191.5,171.5,191.5,-390.0,-120.0,779,779,0,TRACKING,170.5,190.5,1.0,1.0,1.4142135623730951
SCN_007,780,25.9667,true,true,179.5,181.5,179.5,181.5,240.0,-300.0,780,780,0,TRACKING,178.5,180.5,1.0,1.0,1.4142135623730951
SCN_007,781,26.0,true,true,192.5,171.5,192.5,171.5,390.0,-300.0,781,781,0,TRACKING,191.5,170.5,1.0,1.0,1.4142135623730951
SCN_007,782,26.0333,true,true,199.5,170.5,199.5,170.5,210.0,-30.0,782,782,0,TRACKING,198.5,169.5,1.0,1.0,1.4142135623730951
SCN_007,783,26.0667,true,true,195.5,169.5,195.5,169.5,-120.0,-30.0,783,783,0,TRACKING,194.5,168.5,1.0,1.0,1.4142135623730951
SCN_007,784,26.1,true,true,192.5,167.5,192.5,167.5,-90.0,-60.0,784,784,0,TRACKING,191.5,166.5,1.0,1.0,1.4142135623730951
SCN_007,785,26.1333,true,true,190.5,167.5,190.5,167.5,-60.0,0.0,785,785,0,TRACKING,189.5,166.5,1.0,1.0,1.4142135623730951
SCN_007,786,26.1667,true,true,188.5,172.5,188.5,172.5,-60.0,150.0,786,786,0,TRACKING,187.5,171.5,1.0,1.0,1.4142135623730951
SCN_007,787,26.2,true,true,187.5,178.5,187.5,178.5,-30.0,180.0,787,787,0,TRACKING,186.5,177.5,1.0,1.0,1.4142135623730951
SCN_007,788,26.2333,true,true,195.5,173.5,195.5,173.5,240.0,-150.0,788,788,0,TRACKING,194.5,172.5,1.0,1.0,1.4142135623730951
SCN_007,789,26.2667,true,true,208.5,160.5,208.5,160.5,390.0,-390.0,789,789,0,TRACKING,207.5,159.5,1.0,1.0,1.4142135623730951
SCN_007,790,26.3,true,true,211.5,148.5,211.5,148.5,90.0,-360.0,790,790,0,TRACKING,210.5,147.5,1.0,1.0,1.4142135623730951
SCN_007,791,26.3333,true,true,200.5,149.5,200.5,149.5,-330.0,30.0,791,791,0,TRACKING,199.5,148.5,1.0,1.0,1.4142135623730951
SCN_007,792,26.3667,true,true,188.5,158.5,188.5,158.5,-360.0,270.0,792,792,0,TRACKING,187.5,157.5,1.0,1.0,1.4142135623730951
SCN_007,793,26.4,true,true,194.5,162.5,194.5,162.5,180.0,120.0,793,793,0,TRACKING,193.5,161.5,1.0,1.0,1.4142135623730951
SCN_007,794,26.4333,true,true,206.5,161.5,206.5,161.5,360.0,-30.0,794,794,0,TRACKING,205.5,160.5,1.0,1.0,1.4142135623730951
SCN_007,795,26.4667,true,true,211.5,158.5,211.5,158.5,150.0,-90.0,795,795,0,TRACKING,210.5,157.5,1.0,1.0,1.4142135623730951
SCN_007,796,26.5,true,true,209.5,158.5,209.5,158.5,-60.0,0.0,796,796,0,TRACKING,208.5,157.5,1.0,1.0,1.4142135623730951
SCN_007,797,26.5333,true,true,212.5,155.5,212.5,155.5,90.0,-90.0,797,797,0,TRACKING,211.5,154.5,1.0,1.0,1.4142135623730951
SCN_007,798,26.5667,true,true,211.5,147.5,211.5,147.5,-30.0,-240.0,798,798,0,TRACKING,210.5,146.5,1.0,1.0,1.4142135623730951
SCN_007,799,26.6,true,true,204.5,138.5,204.5,138.5,-210.0,-270.0,799,799,0,TRACKING,203.5,137.5,1.0,1.0,1.4142135623730951
SCN_007,800,26.6333,true,true,198.5,140.5,198.5,140.5,-180.0,60.0,800,800,0,TRACKING,197.5,139.5,1.0,1.0,1.4142135623730951
SCN_007,801,26.6667,true,true,211.5,152.5,211.5,152.5,390.0,360.0,801,801,0,TRACKING,210.5,151.5,1.0,1.0,1.4142135623730951
SCN_007,802,26.7,true,true,229.5,162.5,229.5,162.5,540.0,300.0,802,802,0,TRACKING,228.5,161.5,1.0,1.0,1.4142135623730951
SCN_007,803,26.7333,true,true,228.5,157.5,228.5,157.5,-30.0,-150.0,803,803,0,TRACKING,227.5,156.5,1.0,1.0,1.4142135623730951
SCN_007,804,26.7667,true,true,217.5,147.5,217.5,147.5,-330.0,-300.0,804,804,0,TRACKING,216.5,146.5,1.0,1.0,1.4142135623730951
SCN_007,805,26.8,true,true,210.5,140.5,210.5,140.5,-210.0,-210.0,805,805,0,TRACKING,209.5,139.5,1.0,1.0,1.4142135623730951
SCN_007,806,26.8333,true,true,215.5,143.5,215.5,143.5,150.0,90.0,806,806,0,TRACKING,214.5,142.5,1.0,1.0,1.4142135623730951
SCN_007,807,26.8667,true,true,223.5,144.5,223.5,144.5,240.0,30.0,807,807,0,TRACKING,222.5,143.5,1.0,1.0,1.4142135623730951
SCN_007,808,26.9,true,true,225.5,142.5,225.5,142.5,60.0,-60.0,808,808,0,TRACKING,224.5,141.5,1.0,1.0,1.4142135623730951
SCN_007,809,26.9333,true,true,230.5,144.5,230.5,144.5,150.0,60.0,809,809,0,TRACKING,229.5,143.5,1.0,1.0,1.4142135623730951
SCN_007,810,26.9667,true,true,237.5,152.5,237.5,152.5,210.0,240.0,810,810,0,TRACKING,236.5,151.5,1.0,1.0,1.4142135623730951
SCN_007,811,27.0,true,true,236.5,158.5,236.5,158.5,-30.0,180.0,811,811,0,TRACKING,235.5,157.5,1.0,1.0,1.4142135623730951
SCN_007,812,27.0333,true,true,223.5,154.5,223.5,154.5,-390.0,-120.0,812,812,0,TRACKING,222.5,153.5,1.0,1.0,1.4142135623730951
SCN_007,813,27.0667,true,true,218.5,142.5,218.5,142.5,-150.0,-360.0,813,813,0,TRACKING,217.5,141.5,1.0,1.0,1.4142135623730951
SCN_007,814,27.1,true,true,230.5,133.5,230.5,133.5,360.0,-270.0,814,814,0,TRACKING,229.5,132.5,1.0,1.0,1.4142135623730951
SCN_007,815,27.1333,true,true,247.5,138.5,247.5,138.5,510.0,150.0,815,815,0,TRACKING,246.5,137.5,1.0,1.0,1.4142135623730951
SCN_007,816,27.1667,true,true,248.5,149.5,248.5,149.5,30.0,330.0,816,816,0,TRACKING,247.5,148.5,1.0,1.0,1.4142135623730951
SCN_007,817,27.2,true,true,240.5,155.5,240.5,155.5,-240.0,180.0,817,817,0,TRACKING,239.5,154.5,1.0,1.0,1.4142135623730951
SCN_007,818,27.2333,true,true,236.5,154.5,236.5,154.5,-120.0,-30.0,818,818,0,TRACKING,235.5,153.5,1.0,1.0,1.4142135623730951
SCN_007,819,27.2667,true,true,239.5,154.5,239.5,154.5,90.0,0.0,819,819,0,TRACKING,238.5,153.5,1.0,1.0,1.4142135623730951
SCN_007,820,27.3,true,true,240.5,155.5,240.5,155.5,30.0,30.0,820,820,0,TRACKING,239.5,154.5,1.0,1.0,1.4142135623730951
SCN_007,821,27.3333,true,true,241.5,154.5,241.5,154.5,30.0,-30.0,821,821,0,TRACKING,240.5,153.5,1.0,1.0,1.4142135623730951
SCN_007,822,27.3667,true,true,254.5,145.5,254.5,145.5,390.0,-270.0,822,822,0,TRACKING,253.5,144.5,1.0,1.0,1.4142135623730951
SCN_007,823,27.4,true,true,263.5,141.5,263.5,141.5,270.0,-120.0,823,823,0,TRACKING,262.5,140.5,1.0,1.0,1.4142135623730951
SCN_007,824,27.4333,true,true,260.5,147.5,260.5,147.5,-90.0,180.0,824,824,0,TRACKING,259.5,146.5,1.0,1.0,1.4142135623730951
SCN_007,825,27.4667,true,true,244.5,164.5,244.5,164.5,-480.0,510.0,825,825,0,TRACKING,243.5,163.5,1.0,1.0,1.4142135623730951
SCN_007,826,27.5,true,true,241.5,172.5,241.5,172.5,-90.0,240.0,826,826,0,TRACKING,240.5,171.5,1.0,1.0,1.4142135623730951
SCN_007,827,27.5333,true,true,254.5,166.5,254.5,166.5,390.0,-180.0,827,827,0,TRACKING,253.5,165.5,1.0,1.0,1.4142135623730951
SCN_007,828,27.5667,true,true,267.5,157.5,267.5,157.5,390.0,-270.0,828,828,0,TRACKING,266.5,156.5,1.0,1.0,1.4142135623730951
SCN_007,829,27.6,true,true,269.5,156.5,269.5,156.5,60.0,-30.0,829,829,0,TRACKING,268.5,155.5,1.0,1.0,1.4142135623730951
SCN_007,830,27.6333,true,true,266.5,158.5,266.5,158.5,-90.0,60.0,830,830,0,TRACKING,265.5,157.5,1.0,1.0,1.4142135623730951
SCN_007,831,27.6667,true,true,265.5,161.5,265.5,161.5,-30.0,90.0,831,831,0,TRACKING,264.5,160.5,1.0,1.0,1.4142135623730951
SCN_007,832,27.7,true,true,263.5,163.5,263.5,163.5,-60.0,60.0,832,832,0,TRACKING,262.5,162.5,1.0,1.0,1.4142135623730951
SCN_007,833,27.7333,true,true,260.5,167.5,260.5,167.5,-90.0,120.0,833,833,0,TRACKING,259.5,166.5,1.0,1.0,1.4142135623730951
SCN_007,834,27.7667,true,true,263.5,177.5,263.5,177.5,90.0,300.0,834,834,0,TRACKING,262.5,176.5,1.0,1.0,1.4142135623730951
SCN_007,835,27.8,true,true,276.5,185.5,276.5,185.5,390.0,240.0,835,835,0,TRACKING,275.5,184.5,1.0,1.0,1.4142135623730951
SCN_007,836,27.8333,true,true,289.5,180.5,289.5,180.5,390.0,-150.0,836,836,0,TRACKING,288.5,179.5,1.0,1.0,1.4142135623730951
SCN_007,837,27.8667,true,true,285.5,168.5,285.5,168.5,-120.0,-360.0,837,837,0,TRACKING,284.5,167.5,1.0,1.0,1.4142135623730951
SCN_007,838,27.9,true,true,270.5,165.5,270.5,165.5,-450.0,-90.0,838,838,0,TRACKING,269.5,164.5,1.0,1.0,1.4142135623730951
SCN_007,839,27.9333,true,true,269.5,173.5,269.5,173.5,-30.0,240.0,839,839,0,TRACKING,268.5,172.5,1.0,1.0,1.4142135623730951
SCN_007,840,27.9667,true,true,278.5,186.5,278.5,186.5,270.0,390.0,840,840,0,TRACKING,277.5,185.5,1.0,1.0,1.4142135623730951
SCN_007,841,28.0,true,true,287.5,192.5,287.5,192.5,270.0,180.0,841,841,0,TRACKING,286.5,191.5,1.0,1.0,1.4142135623730951
SCN_007,842,28.0333,true,true,291.5,191.5,291.5,191.5,120.0,-30.0,842,842,0,TRACKING,290.5,190.5,1.0,1.0,1.4142135623730951
SCN_007,843,28.0667,true,true,294.5,192.5,294.5,192.5,90.0,30.0,843,843,0,TRACKING,293.5,191.5,1.0,1.0,1.4142135623730951
SCN_007,844,28.1,true,true,297.5,195.5,297.5,195.5,90.0,90.0,844,844,0,TRACKING,296.5,194.5,1.0,1.0,1.4142135623730951
SCN_007,845,28.1333,true,true,290.5,194.5,290.5,194.5,-210.0,-30.0,845,845,0,TRACKING,289.5,193.5,1.0,1.0,1.4142135623730951
SCN_007,846,28.1667,true,true,283.5,187.5,283.5,187.5,-210.0,-210.0,846,846,0,TRACKING,282.5,186.5,1.0,1.0,1.4142135623730951
SCN_007,847,28.2,true,true,285.5,185.5,285.5,185.5,60.0,-60.0,847,847,0,TRACKING,284.5,184.5,1.0,1.0,1.4142135623730951
SCN_007,848,28.2333,true,true,302.5,197.5,302.5,197.5,510.0,360.0,848,848,0,TRACKING,301.5,196.5,1.0,1.0,1.4142135623730951
SCN_007,849,28.2667,true,true,315.5,212.5,315.5,212.5,390.0,450.0,849,849,0,TRACKING,314.5,211.5,1.0,1.0,1.4142135623730951
SCN_007,850,28.3,true,true,308.5,219.5,308.5,219.5,-210.0,210.0,850,850,0,TRACKING,307.5,218.5,1.0,1.0,1.4142135623730951
SCN_007,851,28.3333,true,true,300.5,214.5,300.5,214.5,-240.0,-150.0,851,851,0,TRACKING,299.5,213.5,1.0,1.0,1.4142135623730951
SCN_007,852,28.3667,true,true,299.5,206.5,299.5,206.5,-30.0,-240.0,852,852,0,TRACKING,298.5,205.5,1.0,1.0,1.4142135623730951
SCN_007,853,28.4,true,true,304.5,208.5,304.5,208.5,150.0,60.0,853,853,0,TRACKING,303.5,207.5,1.0,1.0,1.4142135623730951
SCN_007,854,28.4333,true,true,308.5,212.5,308.5,212.5,120.0,120.0,854,854,0,TRACKING,307.5,211.5,1.0,1.0,1.4142135623730951
SCN_007,855,28.4667,true,true,313.5,215.5,313.5,215.5,150.0,90.0,855,855,0,TRACKING,312.5,214.5,1.0,1.0,1.4142135623730951
SCN_007,856,28.5,true,true,321.5,217.5,321.5,217.5,240.0,60.0,856,856,0,TRACKING,320.5,216.5,1.0,1.0,1.4142135623730951
SCN_007,857,28.5333,true,true,327.5,225.5,327.5,225.5,180.0,240.0,857,857,0,TRACKING,326.5,224.5,1.0,1.0,1.4142135623730951
SCN_007,858,28.5667,true,true,318.5,235.5,318.5,235.5,-270.0,300.0,858,858,0,TRACKING,317.5,234.5,1.0,1.0,1.4142135623730951
SCN_007,859,28.6,true,true,306.5,241.5,306.5,241.5,-360.0,180.0,859,859,0,TRACKING,305.5,240.5,1.0,1.0,1.4142135623730951
SCN_007,860,28.6333,true,true,311.5,236.5,311.5,236.5,150.0,-150.0,860,860,0,TRACKING,310.5,235.5,1.0,1.0,1.4142135623730951
SCN_007,861,28.6667,true,true,331.5,226.5,331.5,226.5,600.0,-300.0,861,861,0,TRACKING,330.5,225.5,1.0,1.0,1.4142135623730951
SCN_007,862,28.7,true,true,338.5,225.5,338.5,225.5,210.0,-30.0,862,862,0,TRACKING,337.5,224.5,1.0,1.0,1.4142135623730951
SCN_007,863,28.7333,true,true,334.5,234.5,334.5,234.5,-120.0,270.0,863,863,0,TRACKING,333.5,233.5,1.0,1.0,1.4142135623730951
SCN_007,864,28.7667,true,true,328.5,247.5,328.5,247.5,-180.0,390.0,864,864,0,TRACKING,327.5,246.5,1.0,1.0,1.4142135623730951
SCN_007,865,28.8,true,true,329.5,253.5,329.5,253.5,30.0,180.0,865,865,0,TRACKING,328.5,252.5,1.0,1.0,1.4142135623730951
SCN_007,866,28.8333,true,true,329.5,253.5,329.5,253.5,0.0,0.0,866,866,0,TRACKING,328.5,252.5,1.0,1.0,1.4142135623730951
SCN_007,867,28.8667,true,true,328.5,255.5,328.5,255.5,-30.0,60.0,867,867,0,TRACKING,327.5,254.5,1.0,1.0,1.4142135623730951
SCN_007,868,28.9,true,true,335.5,257.5,335.5,257.5,210.0,60.0,868,868,0,TRACKING,334.5,256.5,1.0,1.0,1.4142135623730951
SCN_007,869,28.9333,true,true,351.5,256.5,351.5,256.5,480.0,-30.0,869,869,0,TRACKING,350.5,255.5,1.0,1.0,1.4142135623730951
SCN_007,870,28.9667,true,true,356.5,249.5,356.5,249.5,150.0,-210.0,870,870,0,TRACKING,355.5,248.5,1.0,1.0,1.4142135623730951
SCN_007,871,29.0,true,true,342.5,250.5,342.5,250.5,-420.0,30.0,871,871,0,TRACKING,341.5,249.5,1.0,1.0,1.4142135623730951
SCN_007,872,29.0333,true,true,334.5,262.5,334.5,262.5,-240.0,360.0,872,872,0,TRACKING,333.5,261.5,1.0,1.0,1.4142135623730951
SCN_007,873,29.0667,true,true,338.5,280.5,338.5,280.5,120.0,540.0,873,873,0,TRACKING,337.5,279.5,1.0,1.0,1.4142135623730951
SCN_007,874,29.1,true,true,351.5,281.5,351.5,281.5,390.0,30.0,874,874,0,TRACKING,350.5,280.5,1.0,1.0,1.4142135623730951
SCN_007,875,29.1333,true,true,359.5,276.5,359.5,276.5,240.0,-150.0,875,875,0,TRACKING,358.5,275.5,1.0,1.0,1.4142135623730951
SCN_007,876,29.1667,true,true,358.5,270.5,358.5,270.5,-30.0,-180.0,876,876,0,TRACKING,357.5,269.5,1.0,1.0,1.4142135623730951
SCN_007,877,29.2,true,true,359.5,271.5,359.5,271.5,30.0,30.0,877,877,0,TRACKING,358.5,270.5,1.0,1.0,1.4142135623730951
SCN_007,878,29.2333,true,true,359.5,277.5,359.5,277.5,0.0,180.0,878,878,0,TRACKING,358.5,276.5,1.0,1.0,1.4142135623730951
SCN_007,879,29.2667,true,true,354.5,279.5,354.5,279.5,-150.0,60.0,879,879,0,TRACKING,353.5,278.5,1.0,1.0,1.4142135623730951
SCN_007,880,29.3,true,true,349.5,282.5,349.5,282.5,-150.0,90.0,880,880,0,TRACKING,348.5,281.5,1.0,1.0,1.4142135623730951
SCN_007,881,29.3333,true,true,360.5,288.5,360.5,288.5,330.0,180.0,881,881,0,TRACKING,359.5,287.5,1.0,1.0,1.4142135623730951
SCN_007,882,29.3667,true,true,376.5,299.5,376.5,299.5,480.0,330.0,882,882,0,TRACKING,375.5,298.5,1.0,1.0,1.4142135623730951
SCN_007,883,29.4,true,true,382.5,303.5,382.5,303.5,180.0,120.0,883,883,0,TRACKING,381.5,302.5,1.0,1.0,1.4142135623730951
SCN_007,884,29.4333,true,true,368.5,295.5,368.5,295.5,-420.0,-240.0,884,884,0,TRACKING,367.5,294.5,1.0,1.0,1.4142135623730951
SCN_007,885,29.4667,true,true,362.5,285.5,362.5,285.5,-180.0,-300.0,885,885,0,TRACKING,361.5,284.5,1.0,1.0,1.4142135623730951
SCN_007,886,29.5,true,true,364.5,287.5,364.5,287.5,60.0,60.0,886,886,0,TRACKING,363.5,286.5,1.0,1.0,1.4142135623730951
SCN_007,887,29.5333,true,true,374.5,295.5,374.5,295.5,300.0,240.0,887,887,0,TRACKING,373.5,294.5,1.0,1.0,1.4142135623730951
SCN_007,888,29.5667,true,true,378.5,308.5,378.5,308.5,120.0,390.0,888,888,0,TRACKING,377.5,307.5,1.0,1.0,1.4142135623730951
SCN_007,889,29.6,true,true,381.5,310.5,381.5,310.5,90.0,60.0,889,889,0,TRACKING,380.5,309.5,1.0,1.0,1.4142135623730951
SCN_007,890,29.6333,true,true,387.5,310.5,387.5,310.5,180.0,0.0,890,890,0,TRACKING,386.5,309.5,1.0,1.0,1.4142135623730951
SCN_007,891,29.6667,true,true,387.5,311.5,387.5,311.5,0.0,30.0,891,891,0,TRACKING,386.5,310.5,1.0,1.0,1.4142135623730951
SCN_007,892,29.7,true,true,376.5,313.5,376.5,313.5,-330.0,60.0,892,892,0,TRACKING,375.5,312.5,1.0,1.0,1.4142135623730951
SCN_007,893,29.7333,true,true,371.5,307.5,371.5,307.5,-150.0,-180.0,893,893,0,TRACKING,370.5,306.5,1.0,1.0,1.4142135623730951
SCN_007,894,29.7667,true,true,382.5,302.5,382.5,302.5,330.0,-150.0,894,894,0,TRACKING,381.5,301.5,1.0,1.0,1.4142135623730951
SCN_007,895,29.8,true,true,399.5,303.5,399.5,303.5,510.0,30.0,895,895,0,TRACKING,398.5,302.5,1.0,1.0,1.4142135623730951
SCN_007,896,29.8333,true,true,403.5,317.5,403.5,317.5,120.0,420.0,896,896,0,TRACKING,402.5,316.5,1.0,1.0,1.4142135623730951
SCN_007,897,29.8667,true,true,395.5,329.5,395.5,329.5,-240.0,360.0,897,897,0,TRACKING,394.5,328.5,1.0,1.0,1.4142135623730951
SCN_007,898,29.9,true,true,386.5,331.5,386.5,331.5,-270.0,60.0,898,898,0,TRACKING,385.5,330.5,1.0,1.0,1.4142135623730951
SCN_007,899,29.9333,true,true,390.5,323.5,390.5,323.5,120.0,-240.0,899,899,0,TRACKING,389.5,322.5,1.0,1.0,1.4142135623730951
SCN_007,900,29.9667,true,true,392.5,315.5,392.5,315.5,60.0,-240.0,900,900,0,TRACKING,391.5,314.5,1.0,1.0,1.4142135623730951
