scenario_id,frame_id,timestamp,visible,detected,detected_center_x,detected_center_y,tracked_x,tracked_y,velocity_x,velocity_y,track_age,consecutive_hits,consecutive_misses,tracking_status,gt_center_x,gt_center_y,tracking_error_x,tracking_error_y,tracking_error
SCN_003,1,0.0,true,true,325.5,250.5,325.5,250.5,0.0,0.0,1,1,0,ACQUIRING,324.5,249.5,1.0,1.0,1.4142135623730951
SCN_003,2,0.0333,true,true,329.5,257.5,329.5,257.5,120.0,210.0,2,2,0,ACQUIRING,328.5,256.5,1.0,1.0,1.4142135623730951
SCN_003,3,0.0667,true,true,330.5,249.5,330.5,249.5,30.0,-240.0,3,3,0,TRACKING,329.5,248.5,1.0,1.0,1.4142135623730951
SCN_003,4,0.1,true,true,331.5,238.5,331.5,238.5,30.0,-330.0,4,4,0,TRACKING,330.5,237.5,1.0,1.0,1.4142135623730951
SCN_003,5,0.1333,true,true,328.5,241.5,328.5,241.5,-90.0,90.0,5,5,0,TRACKING,327.5,240.5,1.0,1.0,1.4142135623730951
SCN_003,6,0.1667,true,true,323.5,253.5,323.5,253.5,-150.0,360.0,6,6,0,TRACKING,322.5,252.5,1.0,1.0,1.4142135623730951
SCN_003,7,0.2,true,true,325.5,265.5,325.5,265.5,60.0,360.0,7,7,0,TRACKING,324.5,264.5,1.0,1.0,1.4142135623730951
SCN_003,8,0.2333,true,true,340.5,269.5,340.5,269.5,450.0,120.0,8,8,0,TRACKING,339.5,268.5,1.0,1.0,1.4142135623730951
SCN_003,9,0.2667,true,true,355.5,269.5,355.5,269.5,450.0,0.0,9,9,0,TRACKING,354.5,268.5,1.0,1.0,1.4142135623730951
SCN_003,10,0.3,true,true,351.5,272.5,351.5,272.5,-120.0,90.0,10,10,0,TRACKING,350.5,271.5,1.0,1.0,1.4142135623730951
SCN_003,11,0.3333,true,true,340.5,274.5,340.5,274.5,-330.0,60.0,11,11,0,TRACKING,339.5,273.5,1.0,1.0,1.4142135623730951
SCN_003,12,0.3667,true,true,337.5,273.5,337.5,273.5,-90.0,-30.0,12,12,0,TRACKING,336.5,272.5,1.0,1.0,1.4142135623730951
SCN_003,13,0.4,true,true,344.5,268.5,344.5,268.5,210.0,-150.0,13,13,0,TRACKING,343.5,267.5,1.0,1.0,1.4142135623730951
SCN_003,14,0.4333,true,true,353.5,268.5,353.5,268.5,270.0,0.0,14,14,0,TRACKING,352.5,267.5,1.0,1.0,1.4142135623730951
SCN_003,15,0.4667,true,true,356.5,284.5,356.5,284.5,90.0,480.0,15,15,0,TRACKING,355.5,283.5,1.0,1.0,1.4142135623730951
SCN_003,16,0.5,true,true,363.5,298.5,363.5,298.5,210.0,420.0,16,16,0,TRACKING,362.5,297.5,1.0,1.0,1.4142135623730951
SCN_003,17,0.5333,true,true,370.5,302.5,370.5,302.5,210.0,120.0,17,17,0,TRACKING,369.5,301.5,1.0,1.0,1.4142135623730951
SCN_003,18,0.5667,true,true,365.5,295.5,365.5,295.5,-150.0,-210.0,18,18,0,TRACKING,364.5,294.5,1.0,1.0,1.4142135623730951
SCN_003,19,0.6,true,true,354.5,291.5,354.5,291.5,-330.0,-120.0,19,19,0,TRACKING,353.5,290.5,1.0,1.0,1.4142135623730951
SCN_003,20,0.6333,true,true,354.5,291.5,354.5,291.5,0.0,0.0,20,20,0,TRACKING,353.5,290.5,1.0,1.0,1.4142135623730951
SCN_003,21,0.6667,true,true,371.5,296.5,371.5,296.5,510.0,150.0,21,21,0,TRACKING,370.5,295.5,1.0,1.0,1.4142135623730951
SCN_003,22,0.7,true,true,384.5,300.5,384.5,300.5,390.0,120.0,22,22,0,TRACKING,383.5,299.5,1.0,1.0,1.4142135623730951
SCN_003,23,0.7333,true,true,381.5,302.5,381.5,302.5,-90.0,60.0,23,23,0,TRACKING,380.5,301.5,1.0,1.0,1.4142135623730951
SCN_003,24,0.7667,true,true,374.5,312.5,374.5,312.5,-210.0,300.0,24,24,0,TRACKING,373.5,311.5,1.0,1.0,1.4142135623730951
SCN_003,25,0.8,true,true,373.5,321.5,373.5,321.5,-30.0,270.0,25,25,0,TRACKING,372.5,320.5,1.0,1.0,1.4142135623730951
SCN_003,26,0.8333,true,true,377.5,324.5,377.5,324.5,120.0,90.0,26,26,0,TRACKING,376.5,323.5,1.0,1.0,1.4142135623730951
SCN_003,27,0.8667,true,true,380.5,314.5,380.5,314.5,90.0,-300.0,27,27,0,TRACKING,379.5,313.5,1.0,1.0,1.4142135623730951
SCN_003,28,0.9,true,true,382.5,306.5,382.5,306.5,60.0,-240.0,28,28,0,TRACKING,381.5,305.5,1.0,1.0,1.4142135623730951
SCN_003,29,0.9333,true,true,395.5,309.5,395.5,309.5,390.0,90.0,29,29,0,TRACKING,394.5,308.5,1.0,1.0,1.4142135623730951
SCN_003,30,0.9667,true,true,402.5,322.5,402.5,322.5,210.0,390.0,30,30,0,TRACKING,401.5,321.5,1.0,1.0,1.4142135623730951
SCN_003,31,1.0,true,true,394.5,331.5,394.5,331.5,-240.0,270.0,31,31,0,TRACKING,393.5,330.5,1.0,1.0,1.4142135623730951
SCN_003,32,1.0333,true,true,382.5,333.5,382.5,333.5,-360.0,60.0,32,32,0,TRACKING,381.5,332.5,1.0,1.0,1.4142135623730951
SCN_003,33,1.0667,true,true,383.5,332.5,383.5,332.5,30.0,-30.0,33,33,0,TRACKING,382.5,331.5,1.0,1.0,1.4142135623730951
SCN_003,34,1.1,true,true,400.5,334.5,400.5,334.5,510.0,60.0,34,34,0,TRACKING,399.5,333.5,1.0,1.0,1.4142135623730951
SCN_003,35,1.1333,true,true,410.5,334.5,410.5,334.5,300.0,0.0,35,35,0,TRACKING,409.5,333.5,1.0,1.0,1.4142135623730951
SCN_003,36,1.1667,true,true,411.5,329.5,411.5,329.5,30.0,-150.0,36,36,0,TRACKING,410.5,328.5,1.0,1.0,1.4142135623730951
SCN_003,37,1.2,true,true,407.5,324.5,407.5,324.5,-120.0,-150.0,37,37,0,TRACKING,406.5,323.5,1.0,1.0,1.4142135623730951
SCN_003,38,1.2333,true,true,408.5,328.5,408.5,328.5,30.0,120.0,38,38,0,TRACKING,407.5,327.5,1.0,1.0,1.4142135623730951
SCN_003,39,1.2667,true,true,404.5,341.5,404.5,341.5,-120.0,390.0,39,39,0,TRACKING,403.5,340.5,1.0,1.0,1.4142135623730951
SCN_003,40,1.3,true,true,403.5,353.5,403.5,353.5,-30.0,360.0,40,40,0,TRACKING,402.5,352.5,1.0,1.0,1.4142135623730951
SCN_003,41,1.3333,true,true,409.5,352.5,409.5,352.5,180.0,-30.0,41,41,0,TRACKING,408.5,351.5,1.0,1.0,1.4142135623730951
SCN_003,42,1.3667,true,true,426.5,343.5,426.5,343.5,510.0,-270.0,42,42,0,TRACKING,425.5,342.5,1.0,1.0,1.4142135623730951
SCN_003,43,1.4,true,true,432.5,338.5,432.5,338.5,180.0,-150.0,43,43,0,TRACKING,431.5,337.5,1.0,1.0,1.4142135623730951
SCN_003,44,1.4333,true,true,421.5,338.5,421.5,338.5,-330.0,0.0,44,44,0,TRACKING,420.5,337.5,1.0,1.0,1.4142135623730951
SCN_003,45,1.4667,true,true,410.5,342.5,410.5,342.5,-330.0,120.0,45,45,0,TRACKING,409.5,341.5,1.0,1.0,1.4142135623730951
SCN_003,46,1.5,true,true,412.5,342.5,412.5,342.5,60.0,0.0,46,46,0,TRACKING,411.5,341.5,1.0,1.0,1.4142135623730951
SCN_003,47,1.5333,true,true,424.5,345.5,424.5,345.5,360.0,90.0,47,47,0,TRACKING,423.5,344.5,1.0,1.0,1.4142135623730951
SCN_003,48,1.5667,true,true,433.5,352.5,433.5,352.5,270.0,210.0,48,48,0,TRACKING,432.5,351.5,1.0,1.0,1.4142135623730951
SCN_003,49,1.6,true,true,434.5,361.5,434.5,361.5,30.0,270.0,49,49,0,TRACKING,433.5,360.5,1.0,1.0,1.4142135623730951
SCN_003,50,1.6333,true,true,436.5,358.5,436.5,358.5,60.0,-90.0,50,50,0,TRACKING,435.5,357.5,1.0,1.0,1.4142135623730951
SCN_003,51,1.6667,true,true,439.5,347.5,439.5,347.5,90.0,-330.0,51,51,0,TRACKING,438.5,346.5,1.0,1.0,1.4142135623730951
SCN_003,52,1.7,true,true,430.5,336.5,430.5,336.5,-270.0,-330.0,52,52,0,TRACKING,429.5,335.5,1.0,1.0,1.4142135623730951
SCN_003,53,1.7333,true,true,423.5,340.5,423.5,340.5,-210.0,120.0,53,53,0,TRACKING,422.5,339.5,1.0,1.0,1.4142135623730951
SCN_003,54,1.7667,true,true,432.5,352.5,432.5,352.5,270.0,360.0,54,54,0,TRACKING,431.5,351.5,1.0,1.0,1.4142135623730951
SCN_003,55,1.8,true,true,449.5,358.5,449.5,358.5,510.0,180.0,55,55,0,TRACKING,448.5,357.5,1.0,1.0,1.4142135623730951
SCN_003,56,1.8333,true,true,455.5,356.5,455.5,356.5,180.0,-60.0,56,56,0,TRACKING,454.5,355.5,1.0,1.0,1.4142135623730951
SCN_003,57,1.8667,true,true,446.5,355.5,446.5,355.5,-270.0,-30.0,57,57,0,TRACKING,445.5,354.5,1.0,1.0,1.4142135623730951
SCN_003,58,1.9,true,true,439.5,354.5,439.5,354.5,-210.0,-30.0,58,58,0,TRACKING,438.5,353.5,1.0,1.0,1.4142135623730951
SCN_003,59,1.9333,true,true,441.5,352.5,441.5,352.5,60.0,-60.0,59,59,0,TRACKING,440.5,351.5,1.0,1.0,1.4142135623730951
SCN_003,60,1.9667,true,true,446.5,345.5,446.5,345.5,150.0,-210.0,60,60,0,TRACKING,445.5,344.5,1.0,1.0,1.4142135623730951
SCN_003,61,2.0,true,true,449.5,336.5,449.5,336.5,90.0,-270.0,61,61,0,TRACKING,448.5,335.5,1.0,1.0,1.4142135623730951
SCN_003,62,2.0333,true,true,455.5,340.5,455.5,340.5,180.0,120.0,62,62,0,TRACKING,454.5,339.5,1.0,1.0,1.4142135623730951
SCN_003,63,2.0667,true,true,463.5,353.5,463.5,353.5,240.0,390.0,63,63,0,TRACKING,462.5,352.5,1.0,1.0,1.4142135623730951
SCN_003,64,2.1,true,true,463.5,361.5,463.5,361.5,0.0,240.0,64,64,0,TRACKING,462.5,360.5,1.0,1.0,1.4142135623730951
SCN_003,65,2.1333,true,true,452.5,355.5,452.5,355.5,-330.0,-180.0,65,65,0,TRACKING,451.5,354.5,1.0,1.0,1.4142135623730951
SCN_003,66,2.1667,true,true,443.5,344.5,443.5,344.5,-270.0,-330.0,66,66,0,TRACKING,442.5,343.5,1.0,1.0,1.4142135623730951
SCN_003,67,2.2,true,true,453.5,337.5,453.5,337.5,300.0,-210.0,67,67,0,TRACKING,452.5,336.5,1.0,1.0,1.4142135623730951
SCN_003,68,2.2333,true,true,469.5,338.5,469.5,338.5,480.0,30.0,68,68,0,TRACKING,468.5,337.5,1.0,1.0,1.4142135623730951
SCN_003,69,2.2667,true,true,473.5,340.5,473.5,340.5,120.0,60.0,69,69,0,TRACKING,472.5,339.5,1.0,1.0,1.4142135623730951
SCN_003,70,2.3,true,true,467.5,337.5,467.5,337.5,-180.0,-90.0,70,70,0,TRACKING,466.5,336.5,1.0,1.0,1.4142135623730951
SCN_003,71,2.3333,true,true,460.5,337.5,460.5,337.5,-210.0,0.0,71,71,0,TRACKING,459.5,336.5,1.0,1.0,1.4142135623730951
SCN_003,72,2.3667,true,true,462.5,344.5,462.5,344.5,60.0,210.0,72,72,0,TRACKING,461.5,343.5,1.0,1.0,1.4142135623730951
SCN_003,73,2.4,true,true,462.5,348.5,462.5,348.5,0.0,120.0,73,73,0,TRACKING,461.5,347.5,1.0,1.0,1.4142135623730951
SCN_003,74,2.4333,true,true,461.5,341.5,461.5,341.5,-30.0,-210.0,74,74,0,TRACKING,460.5,340.5,1.0,1.0,1.4142135623730951
SCN_003,75,2.4667,true,true,472.5,326.5,472.5,326.5,330.0,-450.0,75,75,0,TRACKING,471.5,325.5,1.0,1.0,1.4142135623730951
SCN_003,76,2.5,true,true,484.5,316.5,484.5,316.5,360.0,-300.0,76,76,0,TRACKING,483.5,315.5,1.0,1.0,1.4142135623730951
SCN_003,77,2.5333,true,true,482.5,321.5,482.5,321.5,-60.0,150.0,77,77,0,TRACKING,481.5,320.5,1.0,1.0,1.4142135623730951
SCN_003,78,2.5667,true,true,468.5,331.5,468.5,331.5,-420.0,300.0,78,78,0,TRACKING,467.5,330.5,1.0,1.0,1.4142135623730951
SCN_003,79,2.6,true,true,460.5,332.5,460.5,332.5,-240.0,30.0,79,79,0,TRACKING,459.5,331.5,1.0,1.0,1.4142135623730951
SCN_003,80,2.6333,true,true,469.5,328.5,469.5,328.5,270.0,-120.0,80,80,0,TRACKING,468.5,327.5,1.0,1.0,1.4142135623730951
SCN_003,81,2.6667,true,true,483.5,322.5,483.5,322.5,420.0,-180.0,81,81,0,TRACKING,482.5,321.5,1.0,1.0,1.4142135623730951
SCN_003,82,2.7,true,true,485.5,323.5,485.5,323.5,60.0,30.0,82,82,0,TRACKING,484.5,322.5,1.0,1.0,1.4142135623730951
SCN_003,83,2.7333,true,true,484.5,318.5,484.5,318.5,-30.0,-150.0,83,83,0,TRACKING,483.5,317.5,1.0,1.0,1.4142135623730951
SCN_003,84,2.7667,true,true,482.5,308.5,482.5,308.5,-60.0,-300.0,84,84,0,TRACKING,481.5,307.5,1.0,1.0,1.4142135623730951
SCN_003,85,2.8,true,true,480.5,299.5,480.5,299.5,-60.0,-270.0,85,85,0,TRACKING,479.5,298.5,1.0,1.0,1.4142135623730951
SCN_003,86,2.8333,true,true,472.5,304.5,472.5,304.5,-240.0,150.0,86,86,0,TRACKING,471.5,303.5,1.0,1.0,1.4142135623730951
SCN_003,87,2.8667,true,true,471.5,315.5,471.5,315.5,-30.0,330.0,87,87,0,TRACKING,470.5,314.5,1.0,1.0,1.4142135623730951
SCN_003,88,2.9,true,true,484.5,319.5,484.5,319.5,390.0,120.0,88,88,0,TRACKING,483.5,318.5,1.0,1.0,1.4142135623730951
SCN_003,89,2.9333,true,true,497.5,309.5,497.5,309.5,390.0,-300.0,89,89,0,TRACKING,496.5,308.5,1.0,1.0,1.4142135623730951
SCN_003,90,2.9667,true,true,495.5,296.5,495.5,296.5,-60.0,-390.0,90,90,0,TRACKING,494.5,295.5,1.0,1.0,1.4142135623730951
SCN_003,91,3.0,true,true,480.5,289.5,480.5,289.5,-450.0,-210.0,91,91,0,TRACKING,479.5,288.5,1.0,1.0,1.4142135623730951
SCN_003,92,3.0333,true,true,474.5,289.5,474.5,289.5,-180.0,0.0,92,92,0,TRACKING,473.5,288.5,1.0,1.0,1.4142135623730951
SCN_003,93,3.0667,true,true,480.5,288.5,480.5,288.5,180.0,-30.0,93,93,0,TRACKING,479.5,287.5,1.0,1.0,1.4142135623730951
SCN_003,94,3.1,true,true,487.5,284.5,487.5,284.5,210.0,-120.0,94,94,0,TRACKING,486.5,283.5,1.0,1.0,1.4142135623730951
SCN_003,95,3.1333,true,true,490.5,285.5,490.5,285.5,90.0,30.0,95,95,0,TRACKING,489.5,284.5,1.0,1.0,1.4142135623730951
SCN_003,96,3.1667,true,true,492.5,289.5,492.5,289.5,60.0,120.0,96,96,0,TRACKING,491.5,288.5,1.0,1.0,1.4142135623730951
SCN_003,97,3.2,true,true,495.5,291.5,495.5,291.5,90.0,60.0,97,97,0,TRACKING,494.5,290.5,1.0,1.0,1.4142135623730951
SCN_003,98,3.2333,true,true,491.5,280.5,491.5,280.5,-120.0,-330.0,98,98,0,TRACKING,490.5,279.5,1.0,1.0,1.4142135623730951
SCN_003,99,3.2667,true,true,478.5,263.5,478.5,263.5,-390.0,-510.0,99,99,0,TRACKING,477.5,262.5,1.0,1.0,1.4142135623730951
SCN_003,100,3.3,true,true,476.5,256.5,476.5,256.5,-60.0,-210.0,100,100,0,TRACKING,475.5,255.5,1.0,1.0,1.4142135623730951
SCN_003,101,3.3333,true,true,490.5,260.5,490.5,260.5,420.0,120.0,101,101,0,TRACKING,489.5,259.5,1.0,1.0,1.4142135623730951
SCN_003,102,3.3667,true,true,504.5,268.5,504.5,268.5,420.0,240.0,102,102,0,TRACKING,503.5,267.5,1.0,1.0,1.4142135623730951
SCN_003,103,3.4,true,true,498.5,268.5,498.5,268.5,-180.0,0.0,103,103,0,TRACKING,497.5,267.5,1.0,1.0,1.4142135623730951
SCN_003,104,3.4333,true,true,488.5,263.5,488.5,263.5,-300.0,-150.0,104,104,0,TRACKING,487.5,262.5,1.0,1.0,1.4142135623730951
SCN_003,105,3.4667,true,true,484.5,259.5,484.5,259.5,-120.0,-120.0,105,105,0,TRACKING,483.5,258.5,1.0,1.0,1.4142135623730951
SCN_003,106,3.5,true,true,485.5,256.5,485.5,256.5,30.0,-90.0,106,106,0,TRACKING,484.5,255.5,1.0,1.0,1.4142135623730951
SCN_003,107,3.5333,true,true,488.5,247.5,488.5,247.5,90.0,-270.0,107,107,0,TRACKING,487.5,246.5,1.0,1.0,1.4142135623730951
SCN_003,108,3.5667,true,true,488.5,236.5,488.5,236.5,0.0,-330.0,108,108,0,TRACKING,487.5,235.5,1.0,1.0,1.4142135623730951
SCN_003,109,3.6,true,true,498.5,229.5,498.5,229.5,300.0,-210.0,109,109,0,TRACKING,497.5,228.5,1.0,1.0,1.4142135623730951
SCN_003,110,3.6333,true,true,502.5,234.5,502.5,234.5,120.0,150.0,110,110,0,TRACKING,501.5,233.5,1.0,1.0,1.4142135623730951
SCN_003,111,3.6667,true,true,494.5,244.5,494.5,244.5,-240.0,300.0,111,111,0,TRACKING,493.5,243.5,1.0,1.0,1.4142135623730951
SCN_003,112,3.7,true,true,480.5,245.5,480.5,245.5,-420.0,30.0,112,112,0,TRACKING,479.5,244.5,1.0,1.0,1.4142135623730951
SCN_003,113,3.7333,true,true,476.5,233.5,476.5,233.5,-120.0,-360.0,113,113,0,TRACKING,475.5,232.5,1.0,1.0,1.4142135623730951
SCN_003,114,3.7667,true,true,490.5,222.5,490.5,222.5,420.0,-330.0,114,114,0,TRACKING,489.5,221.5,1.0,1.0,1.4142135623730951
SCN_003,115,3.8,true,true,500.5,215.5,500.5,215.5,300.0,-210.0,115,115,0,TRACKING,499.5,214.5,1.0,1.0,1.4142135623730951
SCN_003,116,3.8333,true,true,498.5,214.5,498.5,214.5,-60.0,-30.0,116,116,0,TRACKING,497.5,213.5,1.0,1.0,1.4142135623730951
SCN_003,117,3.8667,true,true,491.5,213.5,491.5,213.5,-210.0,-30.0,117,117,0,TRACKING,490.5,212.5,1.0,1.0,1.4142135623730951
SCN_003,118,3.9,true,true,487.5,210.5,487.5,210.5,-120.0,-90.0,118,118,0,TRACKING,486.5,209.5,1.0,1.0,1.4142135623730951
SCN_003,119,3.9333,true,true,483.5,212.5,483.5,212.5,-120.0,60.0,119,119,0,TRACKING,482.5,211.5,1.0,1.0,1.4142135623730951
SCN_003,120,3.9667,true,true,480.5,218.5,480.5,218.5,-90.0,180.0,120,120,0,TRACKING,479.5,217.5,1.0,1.0,1.4142135623730951
SCN_003,121,4.0,true,true,482.5,217.5,482.5,217.5,60.0,-30.0,121,121,0,TRACKING,481.5,216.5,1.0,1.0,1.4142135623730951
SCN_003,122,4.0333,true,true,494.5,203.5,494.5,203.5,360.0,-420.0,122,122,0,TRACKING,493.5,202.5,1.0,1.0,1.4142135623730951
SCN_003,123,4.0667,true,true,502.5,188.5,502.5,188.5,240.0,-450.0,123,123,0,TRACKING,501.5,187.5,1.0,1.0,1.4142135623730951
SCN_003,124,4.1,true,true,491.5,182.5,491.5,182.5,-330.0,-180.0,124,124,0,TRACKING,490.5,181.5,1.0,1.0,1.4142135623730951
SCN_003,125,4.1333,true,true,475.5,189.5,475.5,189.5,-480.0,210.0,125,125,0,TRACKING,474.5,188.5,1.0,1.0,1.4142135623730951
SCN_003,126,4.1667,true,true,473.5,195.5,473.5,195.5,-60.0,180.0,126,126,0,TRACKING,472.5,194.5,1.0,1.0,1.4142135623730951
SCN_003,127,4.2,true,true,483.5,193.5,483.5,193.5,300.0,-60.0,127,127,0,TRACKING,482.5,192.5,1.0,1.0,1.4142135623730951
SCN_003,128,4.2333,true,true,490.5,188.5,490.5,188.5,210.0,-150.0,128,128,0,TRACKING,489.5,187.5,1.0,1.0,1.4142135623730951
SCN_003,129,4.2667,true,true,489.5,185.5,489.5,185.5,-30.0,-90.0,129,129,0,TRACKING,488.5,184.5,1.0,1.0,1.4142135623730951
SCN_003,130,4.3,true,true,487.5,181.5,487.5,181.5,-60.0,-120.0,130,130,0,TRACKING,486.5,180.5,1.0,1.0,1.4142135623730951
SCN_003,131,4.3333,true,true,487.5,174.5,487.5,174.5,0.0,-210.0,131,131,0,TRACKING,486.5,173.5,1.0,1.0,1.4142135623730951
SCN_003,132,4.3667,true,true,479.5,162.5,479.5,162.5,-240.0,-360.0,132,132,0,TRACKING,478.5,161.5,1.0,1.0,1.4142135623730951
SCN_003,133,4.4,true,true,470.5,160.5,470.5,160.5,-270.0,-60.0,133,133,0,TRACKING,469.5,159.5,1.0,1.0,1.4142135623730951
SCN_003,134,4.4333,true,true,472.5,166.5,472.5,166.5,60.0,180.0,134,134,0,TRACKING,471.5,165.5,1.0,1.0,1.4142135623730951
SCN_003,135,4.4667,true,true,487.5,176.5,487.5,176.5,450.0,300.0,135,135,0,TRACKING,486.5,175.5,1.0,1.0,1.4142135623730951
SCN_003,136,4.5,true,true,492.5,176.5,492.5,176.5,150.0,0.0,136,136,0,TRACKING,491.5,175.5,1.0,1.0,1.4142135623730951
SCN_003,137,4.5333,true,true,480.5,165.5,480.5,165.5,-360.0,-330.0,137,137,0,TRACKING,479.5,164.5,1.0,1.0,1.4142135623730951
SCN_003,138,4.5667,true,true,469.5,153.5,469.5,153.5,-330.0,-360.0,138,138,0,TRACKING,468.5,152.5,1.0,1.0,1.4142135623730951
SCN_003,139,4.6,true,true,468.5,152.5,468.5,152.5,-30.0,-30.0,139,139,0,TRACKING,467.5,151.5,1.0,1.0,1.4142135623730951
SCN_003,140,4.6333,true,true,471.5,149.5,471.5,149.5,90.0,-90.0,140,140,0,TRACKING,470.5,148.5,1.0,1.0,1.4142135623730951
SCN_003,141,4.6667,true,true,473.5,150.5,473.5,150.5,60.0,30.0,141,141,0,TRACKING,472.5,149.5,1.0,1.0,1.4142135623730951
SCN_003,142,4.7,true,true,475.5,147.5,475.5,147.5,60.0,-90.0,142,142,0,TRACKING,474.5,146.5,1.0,1.0,1.4142135623730951
SCN_003,143,4.7333,true,true,480.5,150.5,480.5,150.5,150.0,90.0,143,143,0,TRACKING,479.5,149.5,1.0,1.0,1.4142135623730951
SCN_003,144,4.7667,true,true,477.5,159.5,477.5,159.5,-90.0,270.0,144,144,0,TRACKING,476.5,158.5,1.0,1.0,1.4142135623730951
SCN_003,145,4.8,true,true,464.5,158.5,464.5,158.5,-390.0,-30.0,145,145,0,TRACKING,463.5,157.5,1.0,1.0,1.4142135623730951
SCN_003,146,4.8333,true,true,453.5,146.5,453.5,146.5,-330.0,-360.0,146,146,0,TRACKING,452.5,145.5,1.0,1.0,1.4142135623730951
SCN_003,147,4.8667,true,true,458.5,131.5,458.5,131.5,150.0,-450.0,147,147,0,TRACKING,457.5,130.5,1.0,1.0,1.4142135623730951
SCN_003,148,4.9,true,true,473.5,130.5,473.5,130.5,450.0,-30.0,148,148,0,TRACKING,472.5,129.5,1.0,1.0,1.4142135623730951
SCN_003,149,4.9333,true,true,475.5,139.5,475.5,139.5,60.0,270.0,149,149,0,TRACKING,474.5,138.5,1.0,1.0,1.4142135623730951
SCN_003,150,4.9667,true,true,466.5,144.5,466.5,144.5,-270.0,150.0,150,150,0,TRACKING,465.5,143.5,1.0,1.0,1.4142135623730951
SCN_003,151,5.0,true,true,458.5,144.5,458.5,144.5,-240.0,0.0,151,151,0,TRACKING,457.5,143.5,1.0,1.0,1.4142135623730951
SCN_003,152,5.0333,true,true,454.5,140.5,454.5,140.5,-120.0,-120.0,152,152,0,TRACKING,453.5,139.5,1.0,1.0,1.4142135623730951
SCN_003,153,5.0667,true,true,453.5,139.5,453.5,139.5,-30.0,-30.0,153,153,0,TRACKING,452.5,138.5,1.0,1.0,1.4142135623730951
SCN_003,154,5.1,true,true,451.5,138.5,451.5,138.5,-60.0,-30.0,154,154,0,TRACKING,450.5,137.5,1.0,1.0,1.4142135623730951
SCN_003,155,5.1333,true,true,455.5,132.5,455.5,132.5,120.0,-180.0,155,155,0,TRACKING,454.5,131.5,1.0,1.0,1.4142135623730951
SCN_003,156,5.1667,true,true,464.5,121.5,464.5,121.5,270.0,-330.0,156,156,0,TRACKING,463.5,120.5,1.0,1.0,1.4142135623730951
SCN_003,157,5.2,true,true,462.5,123.5,462.5,123.5,-60.0,60.0,157,157,0,TRACKING,461.5,122.5,1.0,1.0,1.4142135623730951
SCN_003,158,5.2333,true,true,446.5,133.5,446.5,133.5,-480.0,300.0,158,158,0,TRACKING,445.5,132.5,1.0,1.0,1.4142135623730951
SCN_003,159,5.2667,true,true,435.5,144.5,435.5,144.5,-330.0,330.0,159,159,0,TRACKING,434.5,143.5,1.0,1.0,1.4142135623730951
SCN_003,160,5.3,true,true,439.5,141.5,439.5,141.5,120.0,-90.0,160,160,0,TRACKING,438.5,140.5,1.0,1.0,1.4142135623730951
SCN_003,161,5.3333,true,true,450.5,131.5,450.5,131.5,330.0,-300.0,161,161,0,TRACKING,449.5,130.5,1.0,1.0,1.4142135623730951
SCN_003,162,5.3667,true,true,453.5,124.5,453.5,124.5,90.0,-210.0,162,162,0,TRACKING,452.5,123.5,1.0,1.0,1.4142135623730951
SCN_003,163,5.4,true,true,446.5,124.5,446.5,124.5,-210.0,0.0,163,163,0,TRACKING,445.5,123.5,1.0,1.0,1.4142135623730951
SCN_003,164,5.4333,true,true,440.5,127.5,440.5,127.5,-180.0,90.0,164,164,0,TRACKING,439.5,126.5,1.0,1.0,1.4142135623730951
SCN_003,165,5.4667,true,true,436.5,127.5,436.5,127.5,-120.0,0.0,165,165,0,TRACKING,435.5,126.5,1.0,1.0,1.4142135623730951
SCN_003,166,5.5,true,true,430.5,129.5,430.5,129.5,-180.0,60.0,166,166,0,TRACKING,429.5,128.5,1.0,1.0,1.4142135623730951
SCN_003,167,5.5333,true,true,424.5,135.5,424.5,135.5,-180.0,180.0,167,167,0,TRACKING,423.5,134.5,1.0,1.0,1.4142135623730951
SCN_003,168,5.5667,true,true,432.5,142.5,432.5,142.5,240.0,210.0,168,168,0,TRACKING,431.5,141.5,1.0,1.0,1.4142135623730951
SCN_003,169,5.6,true,true,444.5,142.5,444.5,142.5,360.0,0.0,169,169,0,TRACKING,443.5,141.5,1.0,1.0,1.4142135623730951
SCN_003,170,5.6333,true,true,439.5,129.5,439.5,129.5,-150.0,-390.0,170,170,0,TRACKING,438.5,128.5,1.0,1.0,1.4142135623730951
SCN_003,171,5.6667,true,true,424.5,121.5,424.5,121.5,-450.0,-240.0,171,171,0,TRACKING,423.5,120.5,1.0,1.0,1.4142135623730951
SCN_003,172,5.7,true,true,414.5,123.5,414.5,123.5,-300.0,60.0,172,172,0,TRACKING,413.5,122.5,1.0,1.0,1.4142135623730951
SCN_003,173,5.7333,true,true,416.5,135.5,416.5,135.5,60.0,360.0,173,173,0,TRACKING,415.5,134.5,1.0,1.0,1.4142135623730951
SCN_003,174,5.7667,true,true,423.5,142.5,423.5,142.5,210.0,210.0,174,174,0,TRACKING,422.5,141.5,1.0,1.0,1.4142135623730951
SCN_003,175,5.8,true,true,424.5,142.5,424.5,142.5,30.0,0.0,175,175,0,TRACKING,423.5,141.5,1.0,1.0,1.4142135623730951
SCN_003,176,5.8333,true,true,422.5,140.5,422.5,140.5,-60.0,-60.0,176,176,0,TRACKING,421.5,139.5,1.0,1.0,1.4142135623730951
SCN_003,177,5.8667,true,true,422.5,143.5,422.5,143.5,0.0,90.0,177,177,0,TRACKING,421.5,142.5,1.0,1.0,1.4142135623730951
SCN_003,178,5.9,true,true,416.5,144.5,416.5,144.5,-180.0,30.0,178,178,0,TRACKING,415.5,143.5,1.0,1.0,1.4142135623730951
SCN_003,179,5.9333,true,true,402.5,135.5,402.5,135.5,-420.0,-270.0,179,179,0,TRACKING,401.5,134.5,1.0,1.0,1.4142135623730951
SCN_003,180,5.9667,true,true,396.5,130.5,396.5,130.5,-180.0,-150.0,180,180,0,TRACKING,395.5,129.5,1.0,1.0,1.4142135623730951
SCN_003,181,6.0,true,true,405.5,135.5,405.5,135.5,270.0,150.0,181,181,0,TRACKING,404.5,134.5,1.0,1.0,1.4142135623730951
SCN_003,182,6.0333,true,true,418.5,149.5,418.5,149.5,390.0,420.0,182,182,0,TRACKING,417.5,148.5,1.0,1.0,1.4142135623730951
SCN_003,183,6.0667,true,true,413.5,162.5,413.5,162.5,-150.0,390.0,183,183,0,TRACKING,412.5,161.5,1.0,1.0,1.4142135623730951
SCN_003,184,6.1,true,true,400.5,158.5,400.5,158.5,-390.0,-120.0,184,184,0,TRACKING,399.5,157.5,1.0,1.0,1.4142135623730951
SCN_003,185,6.1333,true,true,391.5,151.5,391.5,151.5,-270.0,-210.0,185,185,0,TRACKING,390.5,150.5,1.0,1.0,1.4142135623730951
SCN_003,186,6.1667,true,true,391.5,145.5,391.5,145.5,0.0,-180.0,186,186,0,TRACKING,390.5,144.5,1.0,1.0,1.4142135623730951
SCN_003,187,6.2,true,true,391.5,150.5,391.5,150.5,0.0,150.0,187,187,0,TRACKING,390.5,149.5,1.0,1.0,1.4142135623730951
SCN_003,188,6.2333,true,true,390.5,154.5,390.5,154.5,-30.0,120.0,188,188,0,TRACKING,389.5,153.5,1.0,1.0,1.4142135623730951
SCN_003,189,6.2667,true,true,395.5,156.5,395.5,156.5,150.0,60.0,189,189,0,TRACKING,394.5,155.5,1.0,1.0,1.4142135623730951
SCN_003,190,6.3,true,true,398.5,160.5,398.5,160.5,90.0,120.0,190,190,0,TRACKING,397.5,159.5,1.0,1.0,1.4142135623730951
SCN_003,191,6.3333,true,true,389.5,169.5,389.5,169.5,-270.0,270.0,191,191,0,TRACKING,388.5,168.5,1.0,1.0,1.4142135623730951
SCN_003,192,6.3667,true,true,373.5,177.5,373.5,177.5,-480.0,240.0,192,192,0,TRACKING,372.5,176.5,1.0,1.0,1.4142135623730951
SCN_003,193,6.4,true,true,367.5,176.5,367.5,176.5,-180.0,-30.0,193,193,0,TRACKING,366.5,175.5,1.0,1.0,1.4142135623730951
SCN_003,194,6.4333,true,true,377.5,164.5,377.5,164.5,300.0,-360.0,194,194,0,TRACKING,376.5,163.5,1.0,1.0,1.4142135623730951
SCN_003,195,6.4667,true,true,388.5,158.5,388.5,158.5,330.0,-180.0,195,195,0,TRACKING,387.5,157.5,1.0,1.0,1.4142135623730951
SCN_003,196,6.5,true,true,381.5,167.5,381.5,167.5,-210.0,270.0,196,196,0,TRACKING,380.5,166.5,1.0,1.0,1.4142135623730951
SCN_003,197,6.5333,true,true,371.5,180.5,371.5,180.5,-300.0,390.0,197,197,0,TRACKING,370.5,179.5,1.0,1.0,1.4142135623730951
SCN_003,198,6.5667,true,true,365.5,188.5,365.5,188.5,-180.0,240.0,198,198,0,TRACKING,364.5,187.5,1.0,1.0,1.4142135623730951
SCN_003,199,6.6,true,true,362.5,188.5,362.5,188.5,-90.0,0.0,199,199,0,TRACKING,361.5,187.5,1.0,1.0,1.4142135623730951
SCN_003,200,6.6333,true,true,355.5,189.5,355.5,189.5,-210.0,30.0,200,200,0,TRACKING,354.5,188.5,1.0,1.0,1.4142135623730951
SCN_003,201,6.6667,true,true,357.5,192.5,357.5,192.5,60.0,90.0,201,201,0,TRACKING,356.5,191.5,1.0,1.0,1.4142135623730951
SCN_003,202,6.7,true,true,367.5,193.5,367.5,193.5,300.0,30.0,202,202,0,TRACKING,366.5,192.5,1.0,1.0,1.4142135623730951
SCN_003,203,6.7333,true,true,371.5,188.5,371.5,188.5,120.0,-150.0,203,203,0,TRACKING,370.5,187.5,1.0,1.0,1.4142135623730951
SCN_003,204,6.7667,true,true,360.5,186.5,360.5,186.5,-330.0,-60.0,204,204,0,TRACKING,359.5,185.5,1.0,1.0,1.4142135623730951
SCN_003,205,6.8,true,true,343.5,195.5,343.5,195.5,-510.0,270.0,205,205,0,TRACKING,342.5,194.5,1.0,1.0,1.4142135623730951
SCN_003,206,6.8333,true,true,336.5,211.5,336.5,211.5,-210.0,480.0,206,206,0,TRACKING,335.5,210.5,1.0,1.0,1.4142135623730951
SCN_003,207,6.8667,true,true,346.5,219.5,346.5,219.5,300.0,240.0,207,207,0,TRACKING,345.5,218.5,1.0,1.0,1.4142135623730951
SCN_003,208,6.9,true,true,351.5,219.5,351.5,219.5,150.0,0.0,208,208,0,TRACKING,350.5,218.5,1.0,1.0,1.4142135623730951
SCN_003,209,6.9333,true,true,348.5,208.5,348.5,208.5,-90.0,-330.0,209,209,0,TRACKING,347.5,207.5,1.0,1.0,1.4142135623730951
SCN_003,210,6.9667,true,true,345.5,210.5,345.5,210.5,-90.0,60.0,210,210,0,TRACKING,344.5,209.5,1.0,1.0,1.4142135623730951
SCN_003,211,7.0,true,true,341.5,214.5,341.5,214.5,-120.0,120.0,211,211,0,TRACKING,340.5,213.5,1.0,1.0,1.4142135623730951
SCN_003,212,7.0333,true,true,332.5,219.5,332.5,219.5,-270.0,150.0,212,212,0,TRACKING,331.5,218.5,1.0,1.0,1.4142135623730951
SCN_003,213,7.0667,true,true,321.5,221.5,321.5,221.5,-330.0,60.0,213,213,0,TRACKING,320.5,220.5,1.0,1.0,1.4142135623730951
SCN_003,214,7.1,true,true,321.5,228.5,321.5,228.5,0.0,210.0,214,214,0,TRACKING,320.5,227.5,1.0,1.0,1.4142135623730951
SCN_003,215,7.1333,true,true,333.5,240.5,333.5,240.5,360.0,360.0,215,215,0,TRACKING,332.5,239.5,1.0,1.0,1.4142135623730951
SCN_003,216,7.1667,true,true,340.5,246.5,340.5,246.5,210.0,180.0,216,216,0,TRACKING,339.5,245.5,1.0,1.0,1.4142135623730951
SCN_003,217,7.2,true,true,328.5,242.5,328.5,242.5,-360.0,-120.0,217,217,0,TRACKING,327.5,241.5,1.0,1.0,1.4142135623730951
SCN_003,218,7.2333,true,true,311.5,234.5,311.5,234.5,-510.0,-240.0,218,218,0,TRACKING,310.5,233.5,1.0,1.0,1.4142135623730951
SCN_003,219,7.2667,true,true,307.5,229.5,307.5,229.5,-120.0,-150.0,219,219,0,TRACKING,306.5,228.5,1.0,1.0,1.4142135623730951
SCN_003,220,7.3,true,true,313.5,241.5,313.5,241.5,180.0,360.0,220,220,0,TRACKING,312.5,240.5,1.0,1.0,1.4142135623730951
SCN_003,221,7.3333,true,true,314.5,254.5,314.5,254.5,30.0,390.0,221,221,0,TRACKING,313.5,253.5,1.0,1.0,1.4142135623730951
SCN_003,222,7.3667,true,true,313.5,261.5,313.5,261.5,-30.0,210.0,222,222,0,TRACKING,312.5,260.5,1.0,1.0,1.4142135623730951
SCN_003,223,7.4,true,true,313.5,262.5,313.5,262.5,0.0,30.0,223,223,0,TRACKING,312.5,261.5,1.0,1.0,1.4142135623730951
SCN_003,224,7.4333,true,true,313.5,264.5,313.5,264.5,0.0,60.0,224,224,0,TRACKING,312.5,263.5,1.0,1.0,1.4142135623730951
SCN_003,225,7.4667,true,true,300.5,267.5,300.5,267.5,-390.0,90.0,225,225,0,TRACKING,299.5,266.5,1.0,1.0,1.4142135623730951
SCN_003,226,7.5,true,true,287.5,266.5,287.5,266.5,-390.0,-30.0,226,226,0,TRACKING,286.5,265.5,1.0,1.0,1.4142135623730951
SCN_003,227,7.5333,true,true,289.5,261.5,289.5,261.5,60.0,-150.0,227,227,0,TRACKING,288.5,260.5,1.0,1.0,1.4142135623730951
SCN_003,228,7.5667,true,true,302.5,261.5,302.5,261.5,390.0,0.0,228,228,0,TRACKING,301.5,260.5,1.0,1.0,1.4142135623730951
SCN_003,229,7.6,true,true,307.5,272.5,307.5,272.5,150.0,330.0,229,229,0,TRACKING,306.5,271.5,1.0,1.0,1.4142135623730951
SCN_003,230,7.6333,true,true,296.5,287.5,296.5,287.5,-330.0,450.0,230,230,0,TRACKING,295.5,286.5,1.0,1.0,1.4142135623730951
SCN_003,231,7.6667,true,true,284.5,296.5,284.5,296.5,-360.0,270.0,231,231,0,TRACKING,283.5,295.5,1.0,1.0,1.4142135623730951
SCN_003,232,7.7,true,true,281.5,290.5,281.5,290.5,-90.0,-180.0,232,232,0,TRACKING,280.5,289.5,1.0,1.0,1.4142135623730951
SCN_003,233,7.7333,true,true,279.5,284.5,279.5,284.5,-60.0,-180.0,233,233,0,TRACKING,278.5,283.5,1.0,1.0,1.4142135623730951
SCN_003,234,7.7667,true,true,278.5,283.5,278.5,283.5,-30.0,-30.0,234,234,0,TRACKING,277.5,282.5,1.0,1.0,1.4142135623730951
SCN_003,235,7.8,true,true,279.5,290.5,279.5,290.5,30.0,210.0,235,235,0,TRACKING,278.5,289.5,1.0,1.0,1.4142135623730951
SCN_003,236,7.8333,true,true,285.5,291.5,285.5,291.5,180.0,30.0,236,236,0,TRACKING,284.5,290.5,1.0,1.0,1.4142135623730951
SCN_003,237,7.8667,true,true,286.5,294.5,286.5,294.5,30.0,90.0,237,237,0,TRACKING,285.5,293.5,1.0,1.0,1.4142135623730951
SCN_003,238,7.9,true,true,270.5,302.5,270.5,302.5,-480.0,240.0,238,238,0,TRACKING,269.5,301.5,1.0,1.0,1.4142135623730951
SCN_003,239,7.9333,true,true,254.5,314.5,254.5,314.5,-480.0,360.0,239,239,0,TRACKING,253.5,313.5,1.0,1.0,1.4142135623730951
SCN_003,240,7.9667,true,true,258.5,318.5,258.5,318.5,120.0,120.0,240,240,0,TRACKING,257.5,317.5,1.0,1.0,1.4142135623730951
SCN_003,241,8.0,true,true,269.5,310.5,269.5,310.5,330.0,-240.0,241,241,0,TRACKING,268.5,309.5,1.0,1.0,1.4142135623730951
SCN_003,242,8.0333,true,true,273.5,301.5,273.5,301.5,120.0,-270.0,242,242,0,TRACKING,272.5,300.5,1.0,1.0,1.4142135623730951
SCN_003,243,8.0667,true,true,264.5,301.5,264.5,301.5,-270.0,0.0,243,243,0,TRACKING,263.5,300.5,1.0,1.0,1.4142135623730951
SCN_003,244,8.1,true,true,258.5,312.5,258.5,312.5,-180.0,330.0,244,244,0,TRACKING,257.5,311.5,1.0,1.0,1.4142135623730951
SCN_003,245,8.1333,true,true,254.5,324.5,254.5,324.5,-120.0,360.0,245,245,0,TRACKING,253.5,323.5,1.0,1.0,1.4142135623730951
SCN_003,246,8.1667,true,true,248.5,326.5,248.5,326.5,-180.0,60.0,246,246,0,TRACKING,247.5,325.5,1.0,1.0,1.4142135623730951
SCN_003,247,8.2,true,true,242.5,327.5,242.5,327.5,-180.0,30.0,247,247,0,TRACKING,241.5,326.5,1.0,1.0,1.4142135623730951
SCN_003,248,8.2333,true,true,247.5,329.5,247.5,329.5,150.0,60.0,248,248,0,TRACKING,246.5,328.5,1.0,1.0,1.4142135623730951
SCN_003,249,8.2667,true,true,258.5,331.5,258.5,331.5,330.0,60.0,249,249,0,TRACKING,257.5,330.5,1.0,1.0,1.4142135623730951
SCN_003,250,8.3,true,true,257.5,327.5,257.5,327.5,-30.0,-120.0,250,250,0,TRACKING,256.5,326.5,1.0,1.0,1.4142135623730951
SCN_003,251,8.3333,true,true,239.5,321.5,239.5,321.5,-540.0,-180.0,251,251,0,TRACKING,238.5,320.5,1.0,1.0,1.4142135623730951
SCN_003,252,8.3667,true,true,227.5,321.5,227.5,321.5,-360.0,0.0,252,252,0,TRACKING,226.5,320.5,1.0,1.0,1.4142135623730951
SCN_003,253,8.4,true,true,230.5,332.5,230.5,332.5,90.0,330.0,253,253,0,TRACKING,229.5,331.5,1.0,1.0,1.4142135623730951
SCN_003,254,8.4333,true,true,239.5,346.5,239.5,346.5,270.0,420.0,254,254,0,TRACKING,238.5,345.5,1.0,1.0,1.4142135623730951
SCN_003,255,8.4667,true,true,238.5,351.5,238.5,351.5,-30.0,150.0,255,255,0,TRACKING,237.5,350.5,1.0,1.0,1.4142135623730951
SCN_003,256,8.5,true,true,235.5,342.5,235.5,342.5,-90.0,-270.0,256,256,0,TRACKING,234.5,341.5,1.0,1.0,1.4142135623730951
SCN_003,257,8.5333,true,true,235.5,334.5,235.5,334.5,0.0,-240.0,257,257,0,TRACKING,234.5,333.5,1.0,1.0,1.4142135623730951
SCN_003,258,8.5667,true,true,230.5,338.5,230.5,338.5,-150.0,120.0,258,258,0,TRACKING,229.5,337.5,1.0,1.0,1.4142135623730951
SCN_003,259,8.6,true,true,217.5,338.5,217.5,338.5,-390.0,0.0,259,259,0,TRACKING,216.5,337.5,1.0,1.0,1.4142135623730951
SCN_003,260,8.6333,true,true,209.5,339.5,209.5,339.5,-240.0,30.0,260,260,0,TRACKING,208.5,338.5,1.0,1.0,1.4142135623730951
SCN_003,261,8.6667,true,true,219.5,343.5,219.5,343.5,300.0,120.0,261,261,0,TRACKING,218.5,342.5,1.0,1.0,1.4142135623730951
SCN_003,262,8.7,true,true,232.5,348.5,232.5,348.5,390.0,150.0,262,262,0,TRACKING,231.5,347.5,1.0,1.0,1.4142135623730951
SCN_003,263,8.7333,true,true,229.5,357.5,229.5,357.5,-90.0,270.0,263,263,0,TRACKING,228.5,356.5,1.0,1.0,1.4142135623730951
SCN_003,264,8.7667,true,true,213.5,359.5,213.5,359.5,-480.0,60.0,264,264,0,TRACKING,212.5,358.5,1.0,1.0,1.4142135623730951
SCN_003,265,8.8,true,true,203.5,348.5,203.5,348.5,-300.0,-330.0,265,265,0,TRACKING,202.5,347.5,1.0,1.0,1.4142135623730951
SCN_003,266,8.8333,true,true,206.5,338.5,206.5,338.5,90.0,-300.0,266,266,0,TRACKING,205.5,337.5,1.0,1.0,1.4142135623730951
SCN_003,267,8.8667,true,true,208.5,337.5,208.5,337.5,60.0,-30.0,267,267,0,TRACKING,207.5,336.5,1.0,1.0,1.4142135623730951
SCN_003,268,8.9,true,true,208.5,347.5,208.5,347.5,0.0,300.0,268,268,0,TRACKING,207.5,346.5,1.0,1.0,1.4142135623730951
SCN_003,269,8.9333,true,true,210.5,355.5,210.5,355.5,60.0,240.0,269,269,0,TRACKING,209.5,354.5,1.0,1.0,1.4142135623730951
SCN_003,270,8.9667,true,true,213.5,356.5,213.5,356.5,90.0,30.0,270,270,0,TRACKING,212.5,355.5,1.0,1.0,1.4142135623730951
SCN_003,271,9.0,true,true,207.5,354.5,207.5,354.5,-180.0,-60.0,271,271,0,TRACKING,206.5,353.5,1.0,1.0,1.4142135623730951
SCN_003,272,9.0333,true,true,192.5,355.5,192.5,355.5,-450.0,30.0,272,272,0,TRACKING,191.5,354.5,1.0,1.0,1.4142135623730951
SCN_003,273,9.0667,true,true,184.5,355.5,184.5,355.5,-240.0,0.0,273,273,0,TRACKING,183.5,354.5,1.0,1.0,1.4142135623730951
SCN_003,274,9.1,true,true,194.5,347.5,194.5,347.5,300.0,-240.0,274,274,0,TRACKING,193.5,346.5,1.0,1.0,1.4142135623730951
SCN_003,275,9.1333,true,true,207.5,338.5,207.5,338.5,390.0,-270.0,275,275,0,TRACKING,206.5,337.5,1.0,1.0,1.4142135623730951
SCN_003,276,9.1667,true,true,204.5,340.5,204.5,340.5,-90.0,60.0,276,276,0,TRACKING,203.5,339.5,1.0,1.0,1.4142135623730951
SCN_003,277,9.2,true,true,193.5,351.5,193.5,351.5,-330.0,330.0,277,277,0,TRACKING,192.5,350.5,1.0,1.0,1.4142135623730951
SCN_003,278,9.2333,true,true,186.5,360.5,186.5,360.5,-210.0,270.0,278,278,0,TRACKING,185.5,359.5,1.0,1.0,1.4142135623730951
SCN_003,279,9.2667,true,true,184.5,360.5,184.5,360.5,-60.0,0.0,279,279,0,TRACKING,183.5,359.5,1.0,1.0,1.4142135623730951
SCN_003,280,9.3,true,true,181.5,350.5,181.5,350.5,-90.0,-300.0,280,280,0,TRACKING,180.5,349.5,1.0,1.0,1.4142135623730951
SCN_003,281,9.3333,true,true,182.5,340.5,182.5,340.5,30.0,-300.0,281,281,0,TRACKING,181.5,339.5,1.0,1.0,1.4142135623730951
SCN_003,282,9.3667,true,true,189.5,340.5,189.5,340.5,210.0,0.0,282,282,0,TRACKING,188.5,339.5,1.0,1.0,1.4142135623730951
SCN_003,283,9.4,true,true,195.5,341.5,195.5,341.5,180.0,30.0,283,283,0,TRACKING,194.5,340.5,1.0,1.0,1.4142135623730951
SCN_003,284,9.4333,true,true,188.5,340.5,188.5,340.5,-210.0,-30.0,284,284,0,TRACKING,187.5,339.5,1.0,1.0,1.4142135623730951
SCN_003,285,9.4667,true,true,170.5,339.5,170.5,339.5,-540.0,-30.0,285,285,0,TRACKING,169.5,338.5,1.0,1.0,1.4142135623730951
SCN_003,286,9.5,true,true,164.5,346.5,164.5,346.5,-180.0,210.0,286,286,0,TRACKING,163.5,345.5,1.0,1.0,1.4142135623730951
SCN_003,287,9.5333,true,true,175.5,352.5,175.5,352.5,330.0,180.0,287,287,0,TRACKING,174.5,351.5,1.0,1.0,1.4142135623730951
SCN_003,288,9.5667,true,true,184.5,350.5,184.5,350.5,270.0,-60.0,288,288,0,TRACKING,183.5,349.5,1.0,1.0,1.4142135623730951
SCN_003,289,9.6,true,true,181.5,336.5,181.5,336.5,-90.0,-420.0,289,289,0,TRACKING,180.5,335.5,1.0,1.0,1.4142135623730951
SCN_003,290,9.6333,true,true,176.5,325.5,176.5,325.5,-150.0,-330.0,290,290,0,TRACKING,175.5,324.5,1.0,1.0,1.4142135623730951
SCN_003,291,9.6667,true,true,175.5,323.5,175.5,323.5,-30.0,-60.0,291,291,0,TRACKING,174.5,322.5,1.0,1.0,1.4142135623730951
SCN_003,292,9.7,true,true,169.5,333.5,169.5,333.5,-180.0,300.0,292,292,0,TRACKING,168.5,332.5,1.0,1.0,1.4142135623730951
SCN_003,293,9.7333,true,true,160.5,336.5,160.5,336.5,-270.0,90.0,293,293,0,TRACKING,159.5,335.5,1.0,1.0,1.4142135623730951
SCN_003,294,9.7667,true,true,160.5,334.5,160.5,334.5,0.0,-60.0,294,294,0,TRACKING,159.5,333.5,1.0,1.0,1.4142135623730951
SCN_003,295,9.8,true,true,173.5,330.5,173.5,330.5,390.0,-120.0,295,295,0,TRACKING,172.5,329.5,1.0,1.0,1.4142135623730951
SCN_003,296,9.8333,true,true,182.5,330.5,182.5,330.5,270.0,0.0,296,296,0,TRACKING,181.5,329.5,1.0,1.0,1.4142135623730951
SCN_003,297,9.8667,true,true,172.5,323.5,172.5,323.5,-300.0,-210.0,297,297,0,TRACKING,171.5,322.5,1.0,1.0,1.4142135623730951
SCN_003,298,9.9,true,true,156.5,315.5,156.5,315.5,-480.0,-240.0,298,298,0,TRACKING,155.5,314.5,1.0,1.0,1.4142135623730951
SCN_003,299,9.9333,true,true,153.5,307.5,153.5,307.5,-90.0,-240.0,299,299,0,TRACKING,152.5,306.5,1.0,1.0,1.4142135623730951
SCN_003,300,9.9667,true,true,159.5,309.5,159.5,309.5,180.0,60.0,300,300,0,TRACKING,158.5,308.5,1.0,1.0,1.4142135623730951
SCN_003,301,10.0,true,true,164.5,318.5,164.5,318.5,150.0,270.0,301,301,0,TRACKING,163.5,317.5,1.0,1.0,1.4142135623730951
SCN_003,302,10.0333,true,true,165.5,324.5,165.5,324.5,30.0,180.0,302,302,0,TRACKING,164.5,323.5,1.0,1.0,1.4142135623730951
SCN_003,303,10.0667,true,true,166.5,320.5,166.5,320.5,30.0,-120.0,303,303,0,TRACKING,165.5,319.5,1.0,1.0,1.4142135623730951
SCN_003,304,10.1,true,true,166.5,306.5,166.5,306.5,0.0,-420.0,304,304,0,TRACKING,165.5,305.5,1.0,1.0,1.4142135623730951
SCN_003,305,10.1333,true,true,157.5,297.5,157.5,297.5,-270.0,-270.0,305,305,0,TRACKING,156.5,296.5,1.0,1.0,1.4142135623730951
SCN_003,306,10.1667,true,true,144.5,295.5,144.5,295.5,-390.0,-60.0,306,306,0,TRACKING,143.5,294.5,1.0,1.0,1.4142135623730951
SCN_003,307,10.2,true,true,146.5,295.5,146.5,295.5,60.0,0.0,307,307,0,TRACKING,145.5,294.5,1.0,1.0,1.4142135623730951
SCN_003,308,10.2333,true,true,163.5,292.5,163.5,292.5,510.0,-90.0,308,308,0,TRACKING,162.5,291.5,1.0,1.0,1.4142135623730951
SCN_003,309,10.2667,true,true,170.5,290.5,170.5,290.5,210.0,-60.0,309,309,0,TRACKING,169.5,289.5,1.0,1.0,1.4142135623730951
SCN_003,310,10.3,true,true,161.5,295.5,161.5,295.5,-270.0,150.0,310,310,0,TRACKING,160.5,294.5,1.0,1.0,1.4142135623730951
SCN_003,311,10.3333,true,true,149.5,299.5,149.5,299.5,-360.0,120.0,311,311,0,TRACKING,148.5,298.5,1.0,1.0,1.4142135623730951
SCN_003,312,10.3667,true,true,146.5,292.5,146.5,292.5,-90.0,-210.0,312,312,0,TRACKING,145.5,291.5,1.0,1.0,1.4142135623730951
SCN_003,313,10.4,true,true,149.5,275.5,149.5,275.5,90.0,-510.0,313,313,0,TRACKING,148.5,274.5,1.0,1.0,1.4142135623730951
SCN_003,314,10.4333,true,true,150.5,265.5,150.5,265.5,30.0,-300.0,314,314,0,TRACKING,149.5,264.5,1.0,1.0,1.4142135623730951
SCN_003,315,10.4667,true,true,154.5,266.5,154.5,266.5,120.0,30.0,315,315,0,TRACKING,153.5,265.5,1.0,1.0,1.4142135623730951
SCN_003,316,10.5,true,true,161.5,275.5,161.5,275.5,210.0,270.0,316,316,0,TRACKING,160.5,274.5,1.0,1.0,1.4142135623730951
SCN_003,317,10.5333,true,true,162.5,277.5,162.5,277.5,30.0,60.0,317,317,0,TRACKING,161.5,276.5,1.0,1.0,1.4142135623730951
SCN_003,318,10.5667,true,true,150.5,272.5,150.5,272.5,-360.0,-150.0,318,318,0,TRACKING,149.5,271.5,1.0,1.0,1.4142135623730951
SCN_003,319,10.6,true,true,140.5,268.5,140.5,268.5,-300.0,-120.0,319,319,0,TRACKING,139.5,267.5,1.0,1.0,1.4142135623730951
SCN_003,320,10.6333,true,true,141.5,263.5,141.5,263.5,30.0,-150.0,320,320,0,TRACKING,140.5,262.5,1.0,1.0,1.4142135623730951
SCN_003,321,10.6667,true,true,155.5,258.5,155.5,258.5,420.0,-150.0,321,321,0,TRACKING,154.5,257.5,1.0,1.0,1.4142135623730951
SCN_003,322,10.7,true,true,161.5,247.5,161.5,247.5,180.0,-330.0,322,322,0,TRACKING,160.5,246.5,1.0,1.0,1.4142135623730951
SCN_003,323,10.7333,true,true,157.5,238.5,157.5,238.5,-120.0,-270.0,323,323,0,TRACKING,156.5,237.5,1.0,1.0,1.4142135623730951
SCN_003,324,10.7667,true,true,148.5,241.5,148.5,241.5,-270.0,90.0,324,324,0,TRACKING,147.5,240.5,1.0,1.0,1.4142135623730951
SCN_003,325,10.8,true,true,150.5,252.5,150.5,252.5,60.0,330.0,325,325,0,TRACKING,149.5,251.5,1.0,1.0,1.4142135623730951
SCN_003,326,10.8333,true,true,145.5,255.5,145.5,255.5,-150.0,90.0,326,326,0,TRACKING,144.5,254.5,1.0,1.0,1.4142135623730951
SCN_003,327,10.8667,true,true,142.5,247.5,142.5,247.5,-90.0,-240.0,327,327,0,TRACKING,141.5,246.5,1.0,1.0,1.4142135623730951
SCN_003,328,10.9,true,true,149.5,233.5,149.5,233.5,210.0,-420.0,328,328,0,TRACKING,148.5,232.5,1.0,1.0,1.4142135623730951
SCN_003,329,10.9333,true,true,161.5,225.5,161.5,225.5,360.0,-240.0,329,329,0,TRACKING,160.5,224.5,1.0,1.0,1.4142135623730951
SCN_003,330,10.9667,true,true,163.5,223.5,163.5,223.5,60.0,-60.0,330,330,0,TRACKING,162.5,222.5,1.0,1.0,1.4142135623730951
SCN_003,331,11.0,true,true,150.5,222.5,150.5,222.5,-390.0,-30.0,331,331,0,TRACKING,149.5,221.5,1.0,1.0,1.4142135623730951
SCN_003,332,11.0333,true,true,137.5,219.5,137.5,219.5,-390.0,-90.0,332,332,0,TRACKING,136.5,218.5,1.0,1.0,1.4142135623730951
SCN_003,333,11.0667,true,true,141.5,219.5,141.5,219.5,120.0,0.0,333,333,0,TRACKING,140.5,218.5,1.0,1.0,1.4142135623730951
SCN_003,334,11.1,true,true,154.5,222.5,154.5,222.5,390.0,90.0,334,334,0,TRACKING,153.5,221.5,1.0,1.0,1.4142135623730951
SCN_003,335,11.1333,true,true,160.5,225.5,160.5,225.5,180.0,90.0,335,335,0,TRACKING,159.5,224.5,1.0,1.0,1.4142135623730951
SCN_003,336,11.1667,true,true,158.5,215.5,158.5,215.5,-60.0,-300.0,336,336,0,TRACKING,157.5,214.5,1.0,1.0,1.4142135623730951
SCN_003,337,11.2,true,true,156.5,199.5,156.5,199.5,-60.0,-480.0,337,337,0,TRACKING,155.5,198.5,1.0,1.0,1.4142135623730951
SCN_003,338,11.2333,true,true,155.5,190.5,155.5,190.5,-30.0,-270.0,338,338,0,TRACKING,154.5,189.5,1.0,1.0,1.4142135623730951
SCN_003,339,11.2667,true,true,146.5,193.5,146.5,193.5,-270.0,90.0,339,339,0,TRACKING,145.5,192.5,1.0,1.0,1.4142135623730951
SCN_003,340,11.3,true,true,141.5,200.5,141.5,200.5,-150.0,210.0,340,340,0,TRACKING,140.5,199.5,1.0,1.0,1.4142135623730951
SCN_003,341,11.3333,true,true,150.5,202.5,150.5,202.5,270.0,60.0,341,341,0,TRACKING,149.5,201.5,1.0,1.0,1.4142135623730951
SCN_003,342,11.3667,true,true,169.5,196.5,169.5,196.5,570.0,-180.0,342,342,0,TRACKING,168.5,195.5,1.0,1.0,1.4142135623730951
SCN_003,343,11.4,true,true,168.5,193.5,168.5,193.5,-30.0,-90.0,343,343,0,TRACKING,167.5,192.5,1.0,1.0,1.4142135623730951
SCN_003,344,11.4333,true,true,155.5,191.5,155.5,191.5,-390.0,-60.0,344,344,0,TRACKING,154.5,190.5,1.0,1.0,1.4142135623730951
SCN_003,345,11.4667,true,true,147.5,184.5,147.5,184.5,-240.0,-210.0,345,345,0,TRACKING,146.5,183.5,1.0,1.0,1.4142135623730951
SCN_003,346,11.5,true,true,151.5,172.5,151.5,172.5,120.0,-360.0,346,346,0,TRACKING,150.5,171.5,1.0,1.0,1.4142135623730951
SCN_003,347,11.5333,true,true,157.5,166.5,157.5,166.5,180.0,-180.0,347,347,0,TRACKING,156.5,165.5,1.0,1.0,1.4142135623730951
SCN_003,348,11.5667,true,true,161.5,171.5,161.5,171.5,120.0,150.0,348,348,0,TRACKING,160.5,170.5,1.0,1.0,1.4142135623730951
SCN_003,349,11.6,true,true,165.5,182.5,165.5,182.5,120.0,330.0,349,349,0,TRACKING,164.5,181.5,1.0,1.0,1.4142135623730951
SCN_003,350,11.6333,true,true,170.5,184.5,170.5,184.5,150.0,60.0,350,350,0,TRACKING,169.5,183.5,1.0,1.0,1.4142135623730951
SCN_003,351,11.6667,true,true,166.5,174.5,166.5,174.5,-120.0,-300.0,351,351,0,TRACKING,165.5,173.5,1.0,1.0,1.4142135623730951
SCN_003,352,11.7,true,true,154.5,163.5,154.5,163.5,-360.0,-330.0,352,352,0,TRACKING,153.5,162.5,1.0,1.0,1.4142135623730951
SCN_003,353,11.7333,true,true,149.5,156.5,149.5,156.5,-150.0,-210.0,353,353,0,TRACKING,148.5,155.5,1.0,1.0,1.4142135623730951
SCN_003,354,11.7667,true,true,160.5,156.5,160.5,156.5,330.0,0.0,354,354,0,TRACKING,159.5,155.5,1.0,1.0,1.4142135623730951
SCN_003,355,11.8,true,true,177.5,156.5,177.5,156.5,510.0,0.0,355,355,0,TRACKING,176.5,155.5,1.0,1.0,1.4142135623730951
SCN_003,356,11.8333,true,true,177.5,153.5,177.5,153.5,0.0,-90.0,356,356,0,TRACKING,176.5,152.5,1.0,1.0,1.4142135623730951
SCN_003,357,11.8667,true,true,167.5,156.5,167.5,156.5,-300.0,90.0,357,357,0,TRACKING,166.5,155.5,1.0,1.0,1.4142135623730951
SCN_003,358,11.9,true,true,163.5,162.5,163.5,162.5,-120.0,180.0,358,358,0,TRACKING,162.5,161.5,1.0,1.0,1.4142135623730951
SCN_003,359,11.9333,true,true,164.5,164.5,164.5,164.5,30.0,60.0,359,359,0,TRACKING,163.5,163.5,1.0,1.0,1.4142135623730951
SCN_003,360,11.9667,true,true,166.5,152.5,166.5,152.5,60.0,-360.0,360,360,0,TRACKING,165.5,151.5,1.0,1.0,1.4142135623730951
SCN_003,361,12.0,true,true,167.5,137.5,167.5,137.5,30.0,-450.0,361,361,0,TRACKING,166.5,136.5,1.0,1.0,1.4142135623730951
SCN_003,362,12.0333,true,true,178.5,132.5,178.5,132.5,330.0,-150.0,362,362,0,TRACKING,177.5,131.5,1.0,1.0,1.4142135623730951
SCN_003,363,12.0667,true,true,187.5,140.5,187.5,140.5,270.0,240.0,363,363,0,TRACKING,186.5,139.5,1.0,1.0,1.4142135623730951
SCN_003,364,12.1,true,true,184.5,147.5,184.5,147.5,-90.0,210.0,364,364,0,TRACKING,183.5,146.5,1.0,1.0,1.4142135623730951
SCN_003,365,12.1333,true,true,169.5,149.5,169.5,149.5,-450.0,60.0,365,365,0,TRACKING,168.5,148.5,1.0,1.0,1.4142135623730951
SCN_003,366,12.1667,true,true,163.5,145.5,163.5,145.5,-180.0,-120.0,366,366,0,TRACKING,162.5,144.5,1.0,1.0,1.4142135623730951
SCN_003,367,12.2,true,true,176.5,143.5,176.5,143.5,390.0,-60.0,367,367,0,TRACKING,175.5,142.5,1.0,1.0,1.4142135623730951
SCN_003,368,12.2333,true,true,188.5,142.5,188.5,142.5,360.0,-30.0,368,368,0,TRACKING,187.5,141.5,1.0,1.0,1.4142135623730951
SCN_003,369,12.2667,true,true,191.5,136.5,191.5,136.5,90.0,-180.0,369,369,0,TRACKING,190.5,135.5,1.0,1.0,1.4142135623730951
SCN_003,370,12.3,true,true,186.5,126.5,186.5,126.5,-150.0,-300.0,370,370,0,TRACKING,185.5,125.5,1.0,1.0,1.4142135623730951
SCN_003,371,12.3333,true,true,186.5,123.5,186.5,123.5,0.0,-90.0,371,371,0,TRACKING,185.5,122.5,1.0,1.0,1.4142135623730951
SCN_003,372,12.3667,true,true,184.5,130.5,184.5,130.5,-60.0,210.0,372,372,0,TRACKING,183.5,129.5,1.0,1.0,1.4142135623730951
SCN_003,373,12.4,true,true,180.5,142.5,180.5,142.5,-120.0,360.0,373,373,0,TRACKING,179.5,141.5,1.0,1.0,1.4142135623730951
SCN_003,374,12.4333,true,true,182.5,144.5,182.5,144.5,60.0,60.0,374,374,0,TRACKING,181.5,143.5,1.0,1.0,1.4142135623730951
SCN_003,375,12.4667,true,true,196.5,135.5,196.5,135.5,420.0,-270.0,375,375,0,TRACKING,195.5,134.5,1.0,1.0,1.4142135623730951
SCN_003,376,12.5,true,true,207.5,126.5,207.5,126.5,330.0,-270.0,376,376,0,TRACKING,206.5,125.5,1.0,1.0,1.4142135623730951
SCN_003,377,12.5333,true,true,203.5,123.5,203.5,123.5,-120.0,-90.0,377,377,0,TRACKING,202.5,122.5,1.0,1.0,1.4142135623730951
SCN_003,378,12.5667,true,true,189.5,126.5,189.5,126.5,-420.0,90.0,378,378,0,TRACKING,188.5,125.5,1.0,1.0,1.4142135623730951
SCN_003,379,12.6,true,true,186.5,127.5,186.5,127.5,-90.0,30.0,379,379,0,TRACKING,185.5,126.5,1.0,1.0,1.4142135623730951
SCN_003,380,12.6333,true,true,196.5,126.5,196.5,126.5,300.0,-30.0,380,380,0,TRACKING,195.5,125.5,1.0,1.0,1.4142135623730951
SCN_003,381,12.6667,true,true,206.5,133.5,206.5,133.5,300.0,210.0,381,381,0,TRACKING,205.5,132.5,1.0,1.0,1.4142135623730951
SCN_003,382,12.7,true,true,206.5,140.5,206.5,140.5,0.0,210.0,382,382,0,TRACKING,205.5,139.5,1.0,1.0,1.4142135623730951
SCN_003,383,12.7333,true,true,210.5,142.5,210.5,142.5,120.0,60.0,383,383,0,TRACKING,209.5,141.5,1.0,1.0,1.4142135623730951
SCN_003,384,12.7667,true,true,212.5,131.5,212.5,131.5,60.0,-330.0,384,384,0,TRACKING,211.5,130.5,1.0,1.0,1.4142135623730951
SCN_003,385,12.8,true,true,209.5,120.5,209.5,120.5,-90.0,-330.0,385,385,0,TRACKING,208.5,119.5,1.0,1.0,1.4142135623730951
SCN_003,386,12.8333,true,true,198.5,119.5,198.5,119.5,-330.0,-30.0,386,386,0,TRACKING,197.5,118.5,1.0,1.0,1.4142135623730951
SCN_003,387,12.8667,true,true,202.5,129.5,202.5,129.5,120.0,300.0,387,387,0,TRACKING,201.5,128.5,1.0,1.0,1.4142135623730951
SCN_003,388,12.9,true,true,218.5,137.5,218.5,137.5,480.0,240.0,388,388,0,TRACKING,217.5,136.5,1.0,1.0,1.4142135623730951
SCN_003,389,12.9333,true,true,230.5,141.5,230.5,141.5,360.0,120.0,389,389,0,TRACKING,229.5,140.5,1.0,1.0,1.4142135623730951
SCN_003,390,12.9667,true,true,227.5,138.5,227.5,138.5,-90.0,-90.0,390,390,0,TRACKING,226.5,137.5,1.0,1.0,1.4142135623730951
SCN_003,391,13.0,true,true,215.5,138.5,215.5,138.5,-360.0,0.0,391,391,0,TRACKING,214.5,137.5,1.0,1.0,1.4142135623730951
SCN_003,392,13.0333,true,true,214.5,140.5,214.5,140.5,-30.0,60.0,392,392,0,TRACKING,213.5,139.5,1.0,1.0,1.4142135623730951
SCN_003,393,13.0667,true,true,220.5,135.5,220.5,135.5,180.0,-150.0,393,393,0,TRACKING,219.5,134.5,1.0,1.0,1.4142135623730951
SCN_003,394,13.1,true,true,225.5,128.5,225.5,128.5,150.0,-210.0,394,394,0,TRACKING,224.5,127.5,1.0,1.0,1.4142135623730951
SCN_003,395,13.1333,true,true,230.5,129.5,230.5,129.5,150.0,30.0,395,395,0,TRACKING,229.5,128.5,1.0,1.0,1.4142135623730951
SCN_003,396,13.1667,true,true,239.5,143.5,239.5,143.5,270.0,420.0,396,396,0,TRACKING,238.5,142.5,1.0,1.0,1.4142135623730951
SCN_003,397,13.2,true,true,241.5,155.5,241.5,155.5,60.0,360.0,397,397,0,TRACKING,240.5,154.5,1.0,1.0,1.4142135623730951
SCN_003,398,13.2333,true,true,234.5,156.5,234.5,156.5,-210.0,30.0,398,398,0,TRACKING,233.5,155.5,1.0,1.0,1.4142135623730951
SCN_003,399,13.2667,true,true,223.5,146.5,223.5,146.5,-330.0,-300.0,399,399,0,TRACKING,222.5,145.5,1.0,1.0,1.4142135623730951
SCN_003,400,13.3,true,true,227.5,141.5,227.5,141.5,120.0,-150.0,400,400,0,TRACKING,226.5,140.5,1.0,1.0,1.4142135623730951
SCN_003,401,13.3333,true,true,246.5,144.5,246.5,144.5,570.0,90.0,401,401,0,TRACKING,245.5,143.5,1.0,1.0,1.4142135623730951
SCN_003,402,13.3667,true,true,256.5,148.5,256.5,148.5,300.0,120.0,402,402,0,TRACKING,255.5,147.5,1.0,1.0,1.4142135623730951
SCN_003,403,13.4,true,true,252.5,150.5,252.5,150.5,-120.0,60.0,403,403,0,TRACKING,251.5,149.5,1.0,1.0,1.4142135623730951
SCN_003,404,13.4333,true,true,245.5,153.5,245.5,153.5,-210.0,90.0,404,404,0,TRACKING,244.5,152.5,1.0,1.0,1.4142135623730951
SCN_003,405,13.4667,true,true,246.5,162.5,246.5,162.5,30.0,270.0,405,405,0,TRACKING,245.5,161.5,1.0,1.0,1.4142135623730951
SCN_003,406,13.5,true,true,249.5,171.5,249.5,171.5,90.0,270.0,406,406,0,TRACKING,248.5,170.5,1.0,1.0,1.4142135623730951
SCN_003,407,13.5333,true,true,249.5,170.5,249.5,170.5,0.0,-30.0,407,407,0,TRACKING,248.5,169.5,1.0,1.0,1.4142135623730951
SCN_003,408,13.5667,true,true,253.5,161.5,253.5,161.5,120.0,-270.0,408,408,0,TRACKING,252.5,160.5,1.0,1.0,1.4142135623730951
SCN_003,409,13.6,true,true,269.5,153.5,269.5,153.5,480.0,-240.0,409,409,0,TRACKING,268.5,152.5,1.0,1.0,1.4142135623730951
SCN_003,410,13.6333,true,true,275.5,158.5,275.5,158.5,180.0,150.0,410,410,0,TRACKING,274.5,157.5,1.0,1.0,1.4142135623730951
SCN_003,411,13.6667,true,true,264.5,170.5,264.5,170.5,-330.0,360.0,411,411,0,TRACKING,263.5,169.5,1.0,1.0,1.4142135623730951
SCN_003,412,13.7,true,true,251.5,179.5,251.5,179.5,-390.0,270.0,412,412,0,TRACKING,250.5,178.5,1.0,1.0,1.4142135623730951
SCN_003,413,13.7333,true,true,256.5,182.5,256.5,182.5,150.0,90.0,413,413,0,TRACKING,255.5,181.5,1.0,1.0,1.4142135623730951
SCN_003,414,13.7667,true,true,272.5,182.5,272.5,182.5,480.0,0.0,414,414,0,TRACKING,271.5,181.5,1.0,1.0,1.4142135623730951
SCN_003,415,13.8,true,true,280.5,185.5,280.5,185.5,240.0,90.0,415,415,0,TRACKING,279.5,184.5,1.0,1.0,1.4142135623730951
SCN_003,416,13.8333,true,true,279.5,186.5,279.5,186.5,-30.0,30.0,416,416,0,TRACKING,278.5,185.5,1.0,1.0,1.4142135623730951
SCN_003,417,13.8667,true,true,281.5,181.5,281.5,181.5,60.0,-150.0,417,417,0,TRACKING,280.5,180.5,1.0,1.0,1.4142135623730951
SCN_003,418,13.9,true,true,281.5,178.5,281.5,178.5,0.0,-90.0,418,418,0,TRACKING,280.5,177.5,1.0,1.0,1.4142135623730951
SCN_003,419,13.9333,true,true,277.5,181.5,277.5,181.5,-120.0,90.0,419,419,0,TRACKING,276.5,180.5,1.0,1.0,1.4142135623730951
SCN_003,420,13.9667,true,true,273.5,199.5,273.5,199.5,-120.0,540.0,420,420,0,TRACKING,272.5,198.5,1.0,1.0,1.4142135623730951
SCN_003,421,14.0,true,true,284.5,211.5,284.5,211.5,330.0,360.0,421,421,0,TRACKING,283.5,210.5,1.0,1.0,1.4142135623730951
SCN_003,422,14.0333,true,true,300.5,211.5,300.5,211.5,480.0,0.0,422,422,0,TRACKING,299.5,210.5,1.0,1.0,1.4142135623730951
SCN_003,423,14.0667,true,true,307.5,204.5,307.5,204.5,210.0,-210.0,423,423,0,TRACKING,306.5,203.5,1.0,1.0,1.4142135623730951
SCN_003,424,14.1,true,true,295.5,201.5,295.5,201.5,-360.0,-90.0,424,424,0,TRACKING,294.5,200.5,1.0,1.0,1.4142135623730951
SCN_003,425,14.1333,true,true,285.5,204.5,285.5,204.5,-300.0,90.0,425,425,0,TRACKING,284.5,203.5,1.0,1.0,1.4142135623730951
SCN_003,426,14.1667,true,true,290.5,210.5,290.5,210.5,150.0,180.0,426,426,0,TRACKING,289.5,209.5,1.0,1.0,1.4142135623730951
SCN_003,427,14.2,true,true,301.5,213.5,301.5,213.5,330.0,90.0,427,427,0,TRACKING,300.5,212.5,1.0,1.0,1.4142135623730951
SCN_003,428,14.2333,true,true,306.5,217.5,306.5,217.5,150.0,120.0,428,428,0,TRACKING,305.5,216.5,1.0,1.0,1.4142135623730951
SCN_003,429,14.2667,true,true,310.5,228.5,310.5,228.5,120.0,330.0,429,429,0,TRACKING,309.5,227.5,1.0,1.0,1.4142135623730951
SCN_003,430,14.3,true,true,316.5,237.5,316.5,237.5,180.0,270.0,430,430,0,TRACKING,315.5,236.5,1.0,1.0,1.4142135623730951
SCN_003,431,14.3333,true,true,316.5,239.5,316.5,239.5,0.0,60.0,431,431,0,TRACKING,315.5,238.5,1.0,1.0,1.4142135623730951
SCN_003,432,14.3667,true,true,308.5,228.5,308.5,228.5,-240.0,-330.0,432,432,0,TRACKING,307.5,227.5,1.0,1.0,1.4142135623730951
SCN_003,433,14.4,true,true,302.5,220.5,302.5,220.5,-180.0,-240.0,433,433,0,TRACKING,301.5,219.5,1.0,1.0,1.4142135623730951
SCN_003,434,14.4333,true,true,315.5,229.5,315.5,229.5,390.0,270.0,434,434,0,TRACKING,314.5,228.5,1.0,1.0,1.4142135623730951
SCN_003,435,14.4667,true,true,333.5,243.5,333.5,243.5,540.0,420.0,435,435,0,TRACKING,332.5,242.5,1.0,1.0,1.4142135623730951
SCN_003,436,14.5,true,true,336.5,253.5,336.5,253.5,90.0,300.0,436,436,0,TRACKING,335.5,252.5,1.0,1.0,1.4142135623730951
SCN_003,437,14.5333,true,true,329.5,253.5,329.5,253.5,-210.0,0.0,437,437,0,TRACKING,328.5,252.5,1.0,1.0,1.4142135623730951
SCN_003,438,14.5667,true,true,321.5,254.5,321.5,254.5,-240.0,30.0,438,438,0,TRACKING,320.5,253.5,1.0,1.0,1.4142135623730951
SCN_003,439,14.6,true,true,326.5,261.5,326.5,261.5,150.0,210.0,439,439,0,TRACKING,325.5,260.5,1.0,1.0,1.4142135623730951
SCN_003,440,14.6333,true,true,331.5,260.5,331.5,260.5,150.0,-30.0,440,440,0,TRACKING,330.5,259.5,1.0,1.0,1.4142135623730951
SCN_003,441,14.6667,true,true,333.5,254.5,333.5,254.5,60.0,-180.0,441,441,0,TRACKING,332.5,253.5,1.0,1.0,1.4142135623730951
SCN_003,442,14.7,true,true,343.5,251.5,343.5,251.5,300.0,-90.0,442,442,0,TRACKING,342.5,250.5,1.0,1.0,1.4142135623730951
SCN_003,443,14.7333,true,true,354.5,260.5,354.5,260.5,330.0,270.0,443,443,0,TRACKING,353.5,259.5,1.0,1.0,1.4142135623730951
SCN_003,444,14.7667,true,true,353.5,275.5,353.5,275.5,-30.0,450.0,444,444,0,TRACKING,352.5,274.5,1.0,1.0,1.4142135623730951
SCN_003,445,14.8,true,true,340.5,285.5,340.5,285.5,-390.0,300.0,445,445,0,TRACKING,339.5,284.5,1.0,1.0,1.4142135623730951
SCN_003,446,14.8333,true,true,333.5,285.5,333.5,285.5,-210.0,0.0,446,446,0,TRACKING,332.5,284.5,1.0,1.0,1.4142135623730951
SCN_003,447,14.8667,true,true,345.5,278.5,345.5,278.5,360.0,-210.0,447,447,0,TRACKING,344.5,277.5,1.0,1.0,1.4142135623730951
SCN_003,448,14.9,true,true,362.5,275.5,362.5,275.5,510.0,-90.0,448,448,0,TRACKING,361.5,274.5,1.0,1.0,1.4142135623730951
SCN_003,449,14.9333,true,true,365.5,280.5,365.5,280.5,90.0,150.0,449,449,0,TRACKING,364.5,279.5,1.0,1.0,1.4142135623730951
SCN_003,450,14.9667,true,true,360.5,284.5,360.5,284.5,-150.0,120.0,450,450,0,TRACKING,359.5,283.5,1.0,1.0,1.4142135623730951
SCN_003,451,15.0,true,true,359.5,287.5,359.5,287.5,-30.0,90.0,451,451,0,TRACKING,358.5,286.5,1.0,1.0,1.4142135623730951
SCN_003,452,15.0333,true,true,360.5,293.5,360.5,293.5,30.0,180.0,452,452,0,TRACKING,359.5,292.5,1.0,1.0,1.4142135623730951
SCN_003,453,15.0667,true,true,358.5,304.5,358.5,304.5,-60.0,330.0,453,453,0,TRACKING,357.5,303.5,1.0,1.0,1.4142135623730951
SCN_003,454,15.1,true,true,360.5,311.5,360.5,311.5,60.0,210.0,454,454,0,TRACKING,359.5,310.5,1.0,1.0,1.4142135623730951
SCN_003,455,15.1333,true,true,373.5,307.5,373.5,307.5,390.0,-120.0,455,455,0,TRACKING,372.5,306.5,1.0,1.0,1.4142135623730951
SCN_003,456,15.1667,true,true,386.5,297.5,386.5,297.5,390.0,-300.0,456,456,0,TRACKING,385.5,296.5,1.0,1.0,1.4142135623730951
SCN_003,457,15.2,true,true,383.5,293.5,383.5,293.5,-90.0,-120.0,457,457,0,TRACKING,382.5,292.5,1.0,1.0,1.4142135623730951
SCN_003,458,15.2333,true,true,371.5,301.5,371.5,301.5,-360.0,240.0,458,458,0,TRACKING,370.5,300.5,1.0,1.0,1.4142135623730951
SCN_003,459,15.2667,true,true,366.5,313.5,366.5,313.5,-150.0,360.0,459,459,0,TRACKING,365.5,312.5,1.0,1.0,1.4142135623730951
SCN_003,460,15.3,true,true,377.5,322.5,377.5,322.5,330.0,270.0,460,460,0,TRACKING,376.5,321.5,1.0,1.0,1.4142135623730951
SCN_003,461,15.3333,true,true,390.5,322.5,390.5,322.5,390.0,0.0,461,461,0,TRACKING,389.5,321.5,1.0,1.0,1.4142135623730951
SCN_003,462,15.3667,true,true,392.5,322.5,392.5,322.5,60.0,0.0,462,462,0,TRACKING,391.5,321.5,1.0,1.0,1.4142135623730951
SCN_003,463,15.4,true,true,392.5,326.5,392.5,326.5,0.0,120.0,463,463,0,TRACKING,391.5,325.5,1.0,1.0,1.4142135623730951
SCN_003,464,15.4333,true,true,395.5,324.5,395.5,324.5,90.0,-60.0,464,464,0,TRACKING,394.5,323.5,1.0,1.0,1.4142135623730951
SCN_003,465,15.4667,true,true,393.5,316.5,393.5,316.5,-60.0,-240.0,465,465,0,TRACKING,392.5,315.5,1.0,1.0,1.4142135623730951
SCN_003,466,15.5,true,true,385.5,315.5,385.5,315.5,-240.0,-30.0,466,466,0,TRACKING,384.5,314.5,1.0,1.0,1.4142135623730951
SCN_003,467,15.5333,true,true,386.5,323.5,386.5,323.5,30.0,240.0,467,467,0,TRACKING,385.5,322.5,1.0,1.0,1.4142135623730951
SCN_003,468,15.5667,true,true,403.5,339.5,403.5,339.5,510.0,480.0,468,468,0,TRACKING,402.5,338.5,1.0,1.0,1.4142135623730951
SCN_003,469,15.6,true,true,417.5,347.5,417.5,347.5,420.0,240.0,469,469,0,TRACKING,416.5,346.5,1.0,1.0,1.4142135623730951
SCN_003,470,15.6333,true,true,412.5,342.5,412.5,342.5,-150.0,-150.0,470,470,0,TRACKING,411.5,341.5,1.0,1.0,1.4142135623730951
SCN_003,471,15.6667,true,true,402.5,333.5,402.5,333.5,-300.0,-270.0,471,471,0,TRACKING,401.5,332.5,1.0,1.0,1.4142135623730951
SCN_003,472,15.7,true,true,398.5,330.5,398.5,330.5,-120.0,-90.0,472,472,0,TRACKING,397.5,329.5,1.0,1.0,1.4142135623730951
SCN_003,473,15.7333,true,true,406.5,335.5,406.5,335.5,240.0,150.0,473,473,0,TRACKING,405.5,334.5,1.0,1.0,1.4142135623730951
SCN_003,474,15.7667,true,true,412.5,337.5,412.5,337.5,180.0,60.0,474,474,0,TRACKING,411.5,336.5,1.0,1.0,1.4142135623730951
SCN_003,475,15.8,true,true,416.5,339.5,416.5,339.5,120.0,60.0,475,475,0,TRACKING,415.5,338.5,1.0,1.0,1.4142135623730951
SCN_003,476,15.8333,true,true,423.5,343.5,423.5,343.5,210.0,120.0,476,476,0,TRACKING,422.5,342.5,1.0,1.0,1.4142135623730951
SCN_003,477,15.8667,true,true,427.5,352.5,427.5,352.5,120.0,270.0,477,477,0,TRACKING,426.5,351.5,1.0,1.0,1.4142135623730951
SCN_003,478,15.9,true,true,422.5,358.5,422.5,358.5,-150.0,180.0,478,478,0,TRACKING,421.5,357.5,1.0,1.0,1.4142135623730951
SCN_003,479,15.9333,true,true,411.5,351.5,411.5,351.5,-330.0,-210.0,479,479,0,TRACKING,410.5,350.5,1.0,1.0,1.4142135623730951
SCN_003,480,15.9667,true,true,412.5,336.5,412.5,336.5,30.0,-450.0,480,480,0,TRACKING,411.5,335.5,1.0,1.0,1.4142135623730951
SCN_003,481,16.0,true,true,429.5,333.5,429.5,333.5,510.0,-90.0,481,481,0,TRACKING,428.5,332.5,1.0,1.0,1.4142135623730951
SCN_003,482,16.0333,true,true,440.5,343.5,440.5,343.5,330.0,300.0,482,482,0,TRACKING,439.5,342.5,1.0,1.0,1.4142135623730951
SCN_003,483,16.0667,true,true,437.5,355.5,437.5,355.5,-90.0,360.0,483,483,0,TRACKING,436.5,354.5,1.0,1.0,1.4142135623730951
SCN_003,484,16.1,true,true,431.5,356.5,431.5,356.5,-180.0,30.0,484,484,0,TRACKING,430.5,355.5,1.0,1.0,1.4142135623730951
SCN_003,485,16.1333,true,true,428.5,353.5,428.5,353.5,-90.0,-90.0,485,485,0,TRACKING,427.5,352.5,1.0,1.0,1.4142135623730951
SCN_003,486,16.1667,true,true,432.5,353.5,432.5,353.5,120.0,0.0,486,486,0,TRACKING,431.5,352.5,1.0,1.0,1.4142135623730951
SCN_003,487,16.2,true,true,432.5,354.5,432.5,354.5,0.0,30.0,487,487,0,TRACKING,431.5,353.5,1.0,1.0,1.4142135623730951
SCN_003,488,16.2333,true,true,437.5,350.5,437.5,350.5,150.0,-120.0,488,488,0,TRACKING,436.5,349.5,1.0,1.0,1.4142135623730951
SCN_003,489,16.2667,true,true,450.5,342.5,450.5,342.5,390.0,-240.0,489,489,0,TRACKING,449.5,341.5,1.0,1.0,1.4142135623730951
SCN_003,490,16.3,true,true,457.5,339.5,457.5,339.5,210.0,-90.0,490,490,0,TRACKING,456.5,338.5,1.0,1.0,1.4142135623730951
SCN_003,491,16.3333,true,true,447.5,346.5,447.5,346.5,-300.0,210.0,491,491,0,TRACKING,446.5,345.5,1.0,1.0,1.4142135623730951
SCN_003,492,16.3667,true,true,432.5,361.5,432.5,361.5,-450.0,450.0,492,492,0,TRACKING,431.5,360.5,1.0,1.0,1.4142135623730951
SCN_003,493,16.4,true,true,438.5,362.5,438.5,362.5,180.0,30.0,493,493,0,TRACKING,437.5,361.5,1.0,1.0,1.4142135623730951
SCN_003,494,16.4333,true,true,451.5,355.5,451.5,355.5,390.0,-210.0,494,494,0,TRACKING,450.5,354.5,1.0,1.0,1.4142135623730951
SCN_003,495,16.4667,true,true,458.5,344.5,458.5,344.5,210.0,-330.0,495,495,0,TRACKING,457.5,343.5,1.0,1.0,1.4142135623730951
SCN_003,496,16.5,true,true,458.5,341.5,458.5,341.5,0.0,-90.0,496,496,0,TRACKING,457.5,340.5,1.0,1.0,1.4142135623730951
SCN_003,497,16.5333,true,true,457.5,343.5,457.5,343.5,-30.0,60.0,497,497,0,TRACKING,456.5,342.5,1.0,1.0,1.4142135623730951
SCN_003,498,16.5667,true,true,457.5,342.5,457.5,342.5,0.0,-30.0,498,498,0,TRACKING,456.5,341.5,1.0,1.0,1.4142135623730951
SCN_003,499,16.6,true,true,452.5,341.5,452.5,341.5,-150.0,-30.0,499,499,0,TRACKING,451.5,340.5,1.0,1.0,1.4142135623730951
SCN_003,500,16.6333,true,true,447.5,347.5,447.5,347.5,-150.0,180.0,500,500,0,TRACKING,446.5,346.5,1.0,1.0,1.4142135623730951
SCN_003,501,16.6667,true,true,455.5,354.5,455.5,354.5,240.0,210.0,501,501,0,TRACKING,454.5,353.5,1.0,1.0,1.4142135623730951
SCN_003,502,16.7,true,true,469.5,354.5,469.5,354.5,420.0,0.0,502,502,0,TRACKING,468.5,353.5,1.0,1.0,1.4142135623730951
SCN_003,503,16.7333,true,true,477.5,342.5,477.5,342.5,240.0,-360.0,503,503,0,TRACKING,476.5,341.5,1.0,1.0,1.4142135623730951
SCN_003,504,16.7667,true,true,466.5,329.5,466.5,329.5,-330.0,-390.0,504,504,0,TRACKING,465.5,328.5,1.0,1.0,1.4142135623730951
SCN_003,505,16.8,true,true,455.5,326.5,455.5,326.5,-330.0,-90.0,505,505,0,TRACKING,454.5,325.5,1.0,1.0,1.4142135623730951
SCN_003,506,16.8333,true,true,455.5,333.5,455.5,333.5,0.0,210.0,506,506,0,TRACKING,454.5,332.5,1.0,1.0,1.4142135623730951
SCN_003,507,16.8667,true,true,467.5,343.5,467.5,343.5,360.0,300.0,507,507,0,TRACKING,466.5,342.5,1.0,1.0,1.4142135623730951
SCN_003,508,16.9,true,true,472.5,340.5,472.5,340.5,150.0,-90.0,508,508,0,TRACKING,471.5,339.5,1.0,1.0,1.4142135623730951
SCN_003,509,16.9333,true,true,474.5,335.5,474.5,335.5,60.0,-150.0,509,509,0,TRACKING,473.5,334.5,1.0,1.0,1.4142135623730951
SCN_003,510,16.9667,true,true,477.5,333.5,477.5,333.5,90.0,-60.0,510,510,0,TRACKING,476.5,332.5,1.0,1.0,1.4142135623730951
SCN_003,511,17.0,true,true,478.5,332.5,478.5,332.5,30.0,-30.0,511,511,0,TRACKING,477.5,331.5,1.0,1.0,1.4142135623730951
SCN_003,512,17.0333,true,true,468.5,324.5,468.5,324.5,-300.0,-240.0,512,512,0,TRACKING,467.5,323.5,1.0,1.0,1.4142135623730951
SCN_003,513,17.0667,true,true,462.5,314.5,462.5,314.5,-180.0,-300.0,513,513,0,TRACKING,461.5,313.5,1.0,1.0,1.4142135623730951
SCN_003,514,17.1,true,true,470.5,313.5,470.5,313.5,240.0,-30.0,514,514,0,TRACKING,469.5,312.5,1.0,1.0,1.4142135623730951
SCN_003,515,17.1333,true,true,489.5,320.5,489.5,320.5,570.0,210.0,515,515,0,TRACKING,488.5,319.5,1.0,1.0,1.4142135623730951
SCN_003,516,17.1667,true,true,492.5,330.5,492.5,330.5,90.0,300.0,516,516,0,TRACKING,491.5,329.5,1.0,1.0,1.4142135623730951
SCN_003,517,17.2,true,true,480.5,327.5,480.5,327.5,-360.0,-90.0,517,517,0,TRACKING,479.5,326.5,1.0,1.0,1.4142135623730951
SCN_003,518,17.2333,true,true,472.5,317.5,472.5,317.5,-240.0,-300.0,518,518,0,TRACKING,471.5,316.5,1.0,1.0,1.4142135623730951
SCN_003,519,17.2667,true,true,473.5,306.5,473.5,306.5,30.0,-330.0,519,519,0,TRACKING,472.5,305.5,1.0,1.0,1.4142135623730951
SCN_003,520,17.3,true,true,477.5,302.5,477.5,302.5,120.0,-120.0,520,520,0,TRACKING,476.5,301.5,1.0,1.0,1.4142135623730951
SCN_003,521,17.3333,true,true,481.5,302.5,481.5,302.5,120.0,0.0,521,521,0,TRACKING,480.5,301.5,1.0,1.0,1.4142135623730951
SCN_003,522,17.3667,true,true,485.5,300.5,485.5,300.5,120.0,-60.0,522,522,0,TRACKING,484.5,299.5,1.0,1.0,1.4142135623730951
SCN_003,523,17.4,true,true,493.5,297.5,493.5,297.5,240.0,-90.0,523,523,0,TRACKING,492.5,296.5,1.0,1.0,1.4142135623730951
SCN_003,524,17.4333,true,true,492.5,301.5,492.5,301.5,-30.0,120.0,524,524,0,TRACKING,491.5,300.5,1.0,1.0,1.4142135623730951
SCN_003,525,17.4667,true,true,480.5,308.5,480.5,308.5,-360.0,210.0,525,525,0,TRACKING,479.5,307.5,1.0,1.0,1.4142135623730951
SCN_003,526,17.5,true,true,470.5,303.5,470.5,303.5,-300.0,-150.0,526,526,0,TRACKING,469.5,302.5,1.0,1.0,1.4142135623730951
SCN_003,527,17.5333,true,true,479.5,290.5,479.5,290.5,270.0,-390.0,527,527,0,TRACKING,478.5,289.5,1.0,1.0,1.4142135623730951
SCN_003,528,17.5667,true,true,495.5,274.5,495.5,274.5,480.0,-480.0,528,528,0,TRACKING,494.5,273.5,1.0,1.0,1.4142135623730951
SCN_003,529,17.6,true,true,498.5,272.5,498.5,272.5,90.0,-60.0,529,529,0,TRACKING,497.5,271.5,1.0,1.0,1.4142135623730951
SCN_003,530,17.6333,true,true,491.5,280.5,491.5,280.5,-210.0,240.0,530,530,0,TRACKING,490.5,279.5,1.0,1.0,1.4142135623730951
SCN_003,531,17.6667,true,true,486.5,283.5,486.5,283.5,-150.0,90.0,531,531,0,TRACKING,485.5,282.5,1.0,1.0,1.4142135623730951
SCN_003,532,17.7,true,true,485.5,282.5,485.5,282.5,-30.0,-30.0,532,532,0,TRACKING,484.5,281.5,1.0,1.0,1.4142135623730951
SCN_003,533,17.7333,true,true,481.5,276.5,481.5,276.5,-120.0,-180.0,533,533,0,TRACKING,480.5,275.5,1.0,1.0,1.4142135623730951
SCN_003,534,17.7667,true,true,482.5,273.5,482.5,273.5,30.0,-90.0,534,534,0,TRACKING,481.5,272.5,1.0,1.0,1.4142135623730951
SCN_003,535,17.8,true,true,491.5,269.5,491.5,269.5,270.0,-120.0,535,535,0,TRACKING,490.5,268.5,1.0,1.0,1.4142135623730951
SCN_003,536,17.8333,true,true,503.5,260.5,503.5,260.5,360.0,-270.0,536,536,0,TRACKING,502.5,259.5,1.0,1.0,1.4142135623730951
SCN_003,537,17.8667,true,true,500.5,248.5,500.5,248.5,-90.0,-360.0,537,537,0,TRACKING,499.5,247.5,1.0,1.0,1.4142135623730951
SCN_003,538,17.9,true,true,485.5,246.5,485.5,246.5,-450.0,-60.0,538,538,0,TRACKING,484.5,245.5,1.0,1.0,1.4142135623730951
SCN_003,539,17.9333,true,true,477.5,256.5,477.5,256.5,-240.0,300.0,539,539,0,TRACKING,476.5,255.5,1.0,1.0,1.4142135623730951
SCN_003,540,17.9667,true,true,484.5,263.5,484.5,263.5,210.0,210.0,540,540,0,TRACKING,483.5,262.5,1.0,1.0,1.4142135623730951
SCN_003,541,18.0,true,true,496.5,257.5,496.5,257.5,360.0,-180.0,541,541,0,TRACKING,495.5,256.5,1.0,1.0,1.4142135623730951
SCN_003,542,18.0333,true,true,497.5,244.5,497.5,244.5,30.0,-390.0,542,542,0,TRACKING,496.5,243.5,1.0,1.0,1.4142135623730951
SCN_003,543,18.0667,true,true,495.5,234.5,495.5,234.5,-60.0,-300.0,543,543,0,TRACKING,494.5,233.5,1.0,1.0,1.4142135623730951
SCN_003,544,18.1,true,true,493.5,231.5,493.5,231.5,-60.0,-90.0,544,544,0,TRACKING,492.5,230.5,1.0,1.0,1.4142135623730951
SCN_003,545,18.1333,true,true,490.5,231.5,490.5,231.5,-90.0,0.0,545,545,0,TRACKING,489.5,230.5,1.0,1.0,1.4142135623730951
SCN_003,546,18.1667,true,true,481.5,227.5,481.5,227.5,-270.0,-120.0,546,546,0,TRACKING,480.5,226.5,1.0,1.0,1.4142135623730951
SCN_003,547,18.2,true,true,478.5,225.5,478.5,225.5,-90.0,-60.0,547,547,0,TRACKING,477.5,224.5,1.0,1.0,1.4142135623730951
SCN_003,548,18.2333,true,true,491.5,228.5,491.5,228.5,390.0,90.0,548,548,0,TRACKING,490.5,227.5,1.0,1.0,1.4142135623730951
SCN_003,549,18.2667,true,true,504.5,235.5,504.5,235.5,390.0,210.0,549,549,0,TRACKING,503.5,234.5,1.0,1.0,1.4142135623730951
SCN_003,550,18.3,true,true,500.5,227.5,500.5,227.5,-120.0,-240.0,550,550,0,TRACKING,499.5,226.5,1.0,1.0,1.4142135623730951
SCN_003,551,18.3333,true,true,485.5,211.5,485.5,211.5,-450.0,-480.0,551,551,0,TRACKING,484.5,210.5,1.0,1.0,1.4142135623730951
SCN_003,552,18.3667,true,true,477.5,199.5,477.5,199.5,-240.0,-360.0,552,552,0,TRACKING,476.5,198.5,1.0,1.0,1.4142135623730951
SCN_003,553,18.4,true,true,483.5,199.5,483.5,199.5,180.0,0.0,553,553,0,TRACKING,482.5,198.5,1.0,1.0,1.4142135623730951
SCN_003,554,18.4333,true,true,489.5,206.5,489.5,206.5,180.0,210.0,554,554,0,TRACKING,488.5,205.5,1.0,1.0,1.4142135623730951
SCN_003,555,18.4667,true,true,491.5,211.5,491.5,211.5,60.0,150.0,555,555,0,TRACKING,490.5,210.5,1.0,1.0,1.4142135623730951
SCN_003,556,18.5,true,true,493.5,204.5,493.5,204.5,60.0,-210.0,556,556,0,TRACKING,492.5,203.5,1.0,1.0,1.4142135623730951
SCN_003,557,18.5333,true,true,494.5,200.5,494.5,200.5,30.0,-120.0,557,557,0,TRACKING,493.5,199.5,1.0,1.0,1.4142135623730951
SCN_003,558,18.5667,true,true,489.5,199.5,489.5,199.5,-150.0,-30.0,558,558,0,TRACKING,488.5,198.5,1.0,1.0,1.4142135623730951
SCN_003,559,18.6,true,true,476.5,193.5,476.5,193.5,-390.0,-180.0,559,559,0,TRACKING,475.5,192.5,1.0,1.0,1.4142135623730951
SCN_003,560,18.6333,true,true,472.5,182.5,472.5,182.5,-120.0,-330.0,560,560,0,TRACKING,471.5,181.5,1.0,1.0,1.4142135623730951
SCN_003,561,18.6667,true,true,487.5,173.5,487.5,173.5,450.0,-270.0,561,561,0,TRACKING,486.5,172.5,1.0,1.0,1.4142135623730951
SCN_003,562,18.7,true,true,497.5,176.5,497.5,176.5,300.0,90.0,562,562,0,TRACKING,496.5,175.5,1.0,1.0,1.4142135623730951
SCN_003,563,18.7333,true,true,492.5,185.5,492.5,185.5,-150.0,270.0,563,563,0,TRACKING,491.5,184.5,1.0,1.0,1.4142135623730951
SCN_003,564,18.7667,true,true,480.5,191.5,480.5,191.5,-360.0,180.0,564,564,0,TRACKING,479.5,190.5,1.0,1.0,1.4142135623730951
SCN_003,565,18.8,true,true,475.5,183.5,475.5,183.5,-150.0,-240.0,565,565,0,TRACKING,474.5,182.5,1.0,1.0,1.4142135623730951
SCN_003,566,18.8333,true,true,476.5,171.5,476.5,171.5,30.0,-360.0,566,566,0,TRACKING,475.5,170.5,1.0,1.0,1.4142135623730951
SCN_003,567,18.8667,true,true,476.5,162.5,476.5,162.5,0.0,-270.0,567,567,0,TRACKING,475.5,161.5,1.0,1.0,1.4142135623730951
SCN_003,568,18.9,true,true,476.5,162.5,476.5,162.5,0.0,0.0,568,568,0,TRACKING,475.5,161.5,1.0,1.0,1.4142135623730951
SCN_003,569,18.9333,true,true,486.5,163.5,486.5,163.5,300.0,30.0,569,569,0,TRACKING,485.5,162.5,1.0,1.0,1.4142135623730951
SCN_003,570,18.9667,true,true,491.5,160.5,491.5,160.5,150.0,-90.0,570,570,0,TRACKING,490.5,159.5,1.0,1.0,1.4142135623730951
SCN_003,571,19.0,true,true,479.5,159.5,479.5,159.5,-360.0,-30.0,571,571,0,TRACKING,478.5,158.5,1.0,1.0,1.4142135623730951
SCN_003,572,19.0333,true,true,463.5,166.5,463.5,166.5,-480.0,210.0,572,572,0,TRACKING,462.5,165.5,1.0,1.0,1.4142135623730951
SCN_003,573,19.0667,true,true,461.5,168.5,461.5,168.5,-60.0,60.0,573,573,0,TRACKING,460.5,167.5,1.0,1.0,1.4142135623730951
SCN_003,574,19.1,true,true,476.5,160.5,476.5,160.5,450.0,-240.0,574,574,0,TRACKING,475.5,159.5,1.0,1.0,1.4142135623730951
SCN_003,575,19.1333,true,true,482.5,146.5,482.5,146.5,180.0,-420.0,575,575,0,TRACKING,481.5,145.5,1.0,1.0,1.4142135623730951
SCN_003,576,19.1667,true,true,479.5,137.5,479.5,137.5,-90.0,-270.0,576,576,0,TRACKING,478.5,136.5,1.0,1.0,1.4142135623730951
SCN_003,577,19.2,true,true,472.5,140.5,472.5,140.5,-210.0,90.0,577,577,0,TRACKING,471.5,139.5,1.0,1.0,1.4142135623730951
SCN_003,578,19.2333,true,true,468.5,150.5,468.5,150.5,-120.0,300.0,578,578,0,TRACKING,467.5,149.5,1.0,1.0,1.4142135623730951
SCN_003,579,19.2667,true,true,464.5,152.5,464.5,152.5,-120.0,60.0,579,579,0,TRACKING,463.5,151.5,1.0,1.0,1.4142135623730951
SCN_003,580,19.3,true,true,458.5,148.5,458.5,148.5,-180.0,-120.0,580,580,0,TRACKING,457.5,147.5,1.0,1.0,1.4142135623730951
SCN_003,581,19.3333,true,true,460.5,146.5,460.5,146.5,60.0,-60.0,581,581,0,TRACKING,459.5,145.5,1.0,1.0,1.4142135623730951
SCN_003,582,19.3667,true,true,473.5,145.5,473.5,145.5,390.0,-30.0,582,582,0,TRACKING,472.5,144.5,1.0,1.0,1.4142135623730951
SCN_003,583,19.4,true,true,477.5,141.5,477.5,141.5,120.0,-120.0,583,583,0,TRACKING,476.5,140.5,1.0,1.0,1.4142135623730951
SCN_003,584,19.4333,true,true,464.5,131.5,464.5,131.5,-390.0,-300.0,584,584,0,TRACKING,463.5,130.5,1.0,1.0,1.4142135623730951
SCN_003,585,19.4667,true,true,449.5,125.5,449.5,125.5,-450.0,-180.0,585,585,0,TRACKING,448.5,124.5,1.0,1.0,1.4142135623730951
SCN_003,586,19.5,true,true,447.5,130.5,447.5,130.5,-60.0,150.0,586,586,0,TRACKING,446.5,129.5,1.0,1.0,1.4142135623730951
SCN_003,587,19.5333,true,true,457.5,143.5,457.5,143.5,300.0,390.0,587,587,0,TRACKING,456.5,142.5,1.0,1.0,1.4142135623730951
SCN_003,588,19.5667,true,true,461.5,148.5,461.5,148.5,120.0,150.0,588,588,0,TRACKING,460.5,147.5,1.0,1.0,1.4142135623730951
SCN_003,589,19.6,true,true,460.5,141.5,460.5,141.5,-30.0,-210.0,589,589,0,TRACKING,459.5,140.5,1.0,1.0,1.4142135623730951
SCN_003,590,19.6333,true,true,458.5,128.5,458.5,128.5,-60.0,-390.0,590,590,0,TRACKING,457.5,127.5,1.0,1.0,1.4142135623730951
SCN_003,591,19.6667,true,true,454.5,125.5,454.5,125.5,-120.0,-90.0,591,591,0,TRACKING,453.5,124.5,1.0,1.0,1.4142135623730951
SCN_003,592,19.7,true,true,445.5,128.5,445.5,128.5,-270.0,90.0,592,592,0,TRACKING,444.5,127.5,1.0,1.0,1.4142135623730951
SCN_003,593,19.7333,true,true,435.5,128.5,435.5,128.5,-300.0,0.0,593,593,0,TRACKING,434.5,127.5,1.0,1.0,1.4142135623730951
SCN_003,594,19.7667,true,true,440.5,127.5,440.5,127.5,150.0,-30.0,594,594,0,TRACKING,439.5,126.5,1.0,1.0,1.4142135623730951
SCN_003,595,19.8,true,true,453.5,131.5,453.5,131.5,390.0,120.0,595,595,0,TRACKING,452.5,130.5,1.0,1.0,1.4142135623730951
SCN_003,596,19.8333,true,true,458.5,139.5,458.5,139.5,150.0,240.0,596,596,0,TRACKING,457.5,138.5,1.0,1.0,1.4142135623730951
SCN_003,597,19.8667,true,true,443.5,142.5,443.5,142.5,-450.0,90.0,597,597,0,TRACKING,442.5,141.5,1.0,1.0,1.4142135623730951
SCN_003,598,19.9,true,true,431.5,137.5,431.5,137.5,-360.0,-150.0,598,598,0,TRACKING,430.5,136.5,1.0,1.0,1.4142135623730951
SCN_003,599,19.9333,true,true,429.5,121.5,429.5,121.5,-60.0,-480.0,599,599,0,TRACKING,428.5,120.5,1.0,1.0,1.4142135623730951
SCN_003,600,19.9667,true,true,432.5,117.5,432.5,117.5,90.0,-120.0,600,600,0,TRACKING,431.5,116.5,1.0,1.0,1.4142135623730951
SCN_003,601,20.0,true,true,433.5,125.5,433.5,125.5,30.0,240.0,601,601,0,TRACKING,432.5,124.5,1.0,1.0,1.4142135623730951
SCN_003,602,20.0333,true,true,435.5,135.5,435.5,135.5,60.0,300.0,602,602,0,TRACKING,434.5,134.5,1.0,1.0,1.4142135623730951
SCN_003,603,20.0667,true,true,440.5,140.5,440.5,140.5,150.0,150.0,603,603,0,TRACKING,439.5,139.5,1.0,1.0,1.4142135623730951
SCN_003,604,20.1,true,true,438.5,139.5,438.5,139.5,-60.0,-30.0,604,604,0,TRACKING,437.5,138.5,1.0,1.0,1.4142135623730951
SCN_003,605,20.1333,true,true,420.5,137.5,420.5,137.5,-540.0,-60.0,605,605,0,TRACKING,419.5,136.5,1.0,1.0,1.4142135623730951
SCN_003,606,20.1667,true,true,411.5,137.5,411.5,137.5,-270.0,0.0,606,606,0,TRACKING,410.5,136.5,1.0,1.0,1.4142135623730951
SCN_003,607,20.2,true,true,414.5,135.5,414.5,135.5,90.0,-60.0,607,607,0,TRACKING,413.5,134.5,1.0,1.0,1.4142135623730951
SCN_003,608,20.2333,true,true,427.5,127.5,427.5,127.5,390.0,-240.0,608,608,0,TRACKING,426.5,126.5,1.0,1.0,1.4142135623730951
SCN_003,609,20.2667,true,true,431.5,126.5,431.5,126.5,120.0,-30.0,609,609,0,TRACKING,430.5,125.5,1.0,1.0,1.4142135623730951
SCN_003,610,20.3,true,true,420.5,135.5,420.5,135.5,-330.0,270.0,610,610,0,TRACKING,419.5,134.5,1.0,1.0,1.4142135623730951
SCN_003,611,20.3333,true,true,410.5,151.5,410.5,151.5,-300.0,480.0,611,611,0,TRACKING,409.5,150.5,1.0,1.0,1.4142135623730951
SCN_003,612,20.3667,true,true,408.5,152.5,408.5,152.5,-60.0,30.0,612,612,0,TRACKING,407.5,151.5,1.0,1.0,1.4142135623730951
SCN_003,613,20.4,true,true,405.5,147.5,405.5,147.5,-90.0,-150.0,613,613,0,TRACKING,404.5,146.5,1.0,1.0,1.4142135623730951
SCN_003,614,20.4333,true,true,403.5,137.5,403.5,137.5,-60.0,-300.0,614,614,0,TRACKING,402.5,136.5,1.0,1.0,1.4142135623730951
SCN_003,615,20.4667,true,true,407.5,139.5,407.5,139.5,120.0,60.0,615,615,0,TRACKING,406.5,138.5,1.0,1.0,1.4142135623730951
SCN_003,616,20.5,true,true,416.5,142.5,416.5,142.5,270.0,90.0,616,616,0,TRACKING,415.5,141.5,1.0,1.0,1.4142135623730951
SCN_003,617,20.5333,true,true,412.5,146.5,412.5,146.5,-120.0,120.0,617,617,0,TRACKING,411.5,145.5,1.0,1.0,1.4142135623730951
SCN_003,618,20.5667,true,true,396.5,145.5,396.5,145.5,-480.0,-30.0,618,618,0,TRACKING,395.5,144.5,1.0,1.0,1.4142135623730951
SCN_003,619,20.6,true,true,383.5,153.5,383.5,153.5,-390.0,240.0,619,619,0,TRACKING,382.5,152.5,1.0,1.0,1.4142135623730951
SCN_003,620,20.6333,true,true,387.5,164.5,387.5,164.5,120.0,330.0,620,620,0,TRACKING,386.5,163.5,1.0,1.0,1.4142135623730951
SCN_003,621,20.6667,true,true,399.5,168.5,399.5,168.5,360.0,120.0,621,621,0,TRACKING,398.5,167.5,1.0,1.0,1.4142135623730951
SCN_003,622,20.7,true,true,400.5,160.5,400.5,160.5,30.0,-240.0,622,622,0,TRACKING,399.5,159.5,1.0,1.0,1.4142135623730951
SCN_003,623,20.7333,true,true,393.5,149.5,393.5,149.5,-210.0,-330.0,623,623,0,TRACKING,392.5,148.5,1.0,1.0,1.4142135623730951
SCN_003,624,20.7667,true,true,387.5,149.5,387.5,149.5,-180.0,0.0,624,624,0,TRACKING,386.5,148.5,1.0,1.0,1.4142135623730951
SCN_003,625,20.8,true,true,386.5,160.5,386.5,160.5,-30.0,330.0,625,625,0,TRACKING,385.5,159.5,1.0,1.0,1.4142135623730951
SCN_003,626,20.8333,true,true,373.5,172.5,373.5,172.5,-390.0,360.0,626,626,0,TRACKING,372.5,171.5,1.0,1.0,1.4142135623730951
SCN_003,627,20.8667,true,true,370.5,176.5,370.5,176.5,-90.0,120.0,627,627,0,TRACKING,369.5,175.5,1.0,1.0,1.4142135623730951
SCN_003,628,20.9,true,true,377.5,174.5,377.5,174.5,210.0,-60.0,628,628,0,TRACKING,376.5,173.5,1.0,1.0,1.4142135623730951
SCN_003,629,20.9333,true,true,387.5,177.5,387.5,177.5,300.0,90.0,629,629,0,TRACKING,386.5,176.5,1.0,1.0,1.4142135623730951
SCN_003,630,20.9667,true,true,385.5,180.5,385.5,180.5,-60.0,90.0,630,630,0,TRACKING,384.5,179.5,1.0,1.0,1.4142135623730951
SCN_003,631,21.0,true,true,367.5,177.5,367.5,177.5,-540.0,-90.0,631,631,0,TRACKING,366.5,176.5,1.0,1.0,1.4142135623730951
SCN_003,632,21.0333,true,true,356.5,171.5,356.5,171.5,-330.0,-180.0,632,632,0,TRACKING,355.5,170.5,1.0,1.0,1.4142135623730951
SCN_003,633,21.0667,true,true,358.5,173.5,358.5,173.5,60.0,60.0,633,633,0,TRACKING,357.5,172.5,1.0,1.0,1.4142135623730951
SCN_003,634,21.1,true,true,364.5,186.5,364.5,186.5,180.0,390.0,634,634,0,TRACKING,363.5,185.5,1.0,1.0,1.4142135623730951
SCN_003,635,21.1333,true,true,364.5,201.5,364.5,201.5,0.0,450.0,635,635,0,TRACKING,363.5,200.5,1.0,1.0,1.4142135623730951
SCN_003,636,21.1667,true,true,363.5,205.5,363.5,205.5,-30.0,120.0,636,636,0,TRACKING,362.5,204.5,1.0,1.0,1.4142135623730951
SCN_003,637,21.2,true,true,364.5,199.5,364.5,199.5,30.0,-180.0,637,637,0,TRACKING,363.5,198.5,1.0,1.0,1.4142135623730951
SCN_003,638,21.2333,true,true,357.5,193.5,357.5,193.5,-210.0,-180.0,638,638,0,TRACKING,356.5,192.5,1.0,1.0,1.4142135623730951
SCN_003,639,21.2667,true,true,341.5,195.5,341.5,195.5,-480.0,60.0,639,639,0,TRACKING,340.5,194.5,1.0,1.0,1.4142135623730951
SCN_003,640,21.3,true,true,335.5,201.5,335.5,201.5,-180.0,180.0,640,640,0,TRACKING,334.5,200.5,1.0,1.0,1.4142135623730951
SCN_003,641,21.3333,true,true,347.5,204.5,347.5,204.5,360.0,90.0,641,641,0,TRACKING,346.5,203.5,1.0,1.0,1.4142135623730951
SCN_003,642,21.3667,true,true,357.5,207.5,357.5,207.5,300.0,90.0,642,642,0,TRACKING,356.5,206.5,1.0,1.0,1.4142135623730951
SCN_003,643,21.4,true,true,350.5,217.5,350.5,217.5,-210.0,300.0,643,643,0,TRACKING,349.5,216.5,1.0,1.0,1.4142135623730951
SCN_003,644,21.4333,true,true,337.5,228.5,337.5,228.5,-390.0,330.0,644,644,0,TRACKING,336.5,227.5,1.0,1.0,1.4142135623730951
SCN_003,645,21.4667,true,true,327.5,231.5,327.5,231.5,-300.0,90.0,645,645,0,TRACKING,326.5,230.5,1.0,1.0,1.4142135623730951
SCN_003,646,21.5,true,true,329.5,223.5,329.5,223.5,60.0,-240.0,646,646,0,TRACKING,328.5,222.5,1.0,1.0,1.4142135623730951
SCN_003,647,21.5333,true,true,327.5,215.5,327.5,215.5,-60.0,-240.0,647,647,0,TRACKING,326.5,214.5,1.0,1.0,1.4142135623730951
SCN_003,648,21.5667,true,true,327.5,218.5,327.5,218.5,0.0,90.0,648,648,0,TRACKING,326.5,217.5,1.0,1.0,1.4142135623730951
SCN_003,649,21.6,true,true,333.5,232.5,333.5,232.5,180.0,420.0,649,649,0,TRACKING,332.5,231.5,1.0,1.0,1.4142135623730951
SCN_003,650,21.6333,true,true,337.5,242.5,337.5,242.5,120.0,300.0,650,650,0,TRACKING,336.5,241.5,1.0,1.0,1.4142135623730951
SCN_003,651,21.6667,true,true,325.5,245.5,325.5,245.5,-360.0,90.0,651,651,0,TRACKING,324.5,244.5,1.0,1.0,1.4142135623730951
SCN_003,652,21.7,true,true,308.5,244.5,308.5,244.5,-510.0,-30.0,652,652,0,TRACKING,307.5,243.5,1.0,1.0,1.4142135623730951
SCN_003,653,21.7333,true,true,303.5,247.5,303.5,247.5,-150.0,90.0,653,653,0,TRACKING,302.5,246.5,1.0,1.0,1.4142135623730951
SCN_003,654,21.7667,true,true,313.5,251.5,313.5,251.5,300.0,120.0,654,654,0,TRACKING,312.5,250.5,1.0,1.0,1.4142135623730951
SCN_003,655,21.8,true,true,322.5,247.5,322.5,247.5,270.0,-120.0,655,655,0,TRACKING,321.5,246.5,1.0,1.0,1.4142135623730951
SCN_003,656,21.8333,true,true,317.5,242.5,317.5,242.5,-150.0,-150.0,656,656,0,TRACKING,316.5,241.5,1.0,1.0,1.4142135623730951
SCN_003,657,21.8667,true,true,307.5,248.5,307.5,248.5,-300.0,180.0,657,657,0,TRACKING,306.5,247.5,1.0,1.0,1.4142135623730951
SCN_003,658,21.9,true,true,302.5,265.5,302.5,265.5,-150.0,510.0,658,658,0,TRACKING,301.5,264.5,1.0,1.0,1.4142135623730951
SCN_003,659,21.9333,true,true,298.5,278.5,298.5,278.5,-120.0,390.0,659,659,0,TRACKING,297.5,277.5,1.0,1.0,1.4142135623730951
SCN_003,660,21.9667,true,true,292.5,278.5,292.5,278.5,-180.0,0.0,660,660,0,TRACKING,291.5,277.5,1.0,1.0,1.4142135623730951
SCN_003,661,22.0,true,true,292.5,271.5,292.5,271.5,0.0,-210.0,661,661,0,TRACKING,291.5,270.5,1.0,1.0,1.4142135623730951
SCN_003,662,22.0333,true,true,303.5,268.5,303.5,268.5,330.0,-90.0,662,662,0,TRACKING,302.5,267.5,1.0,1.0,1.4142135623730951
SCN_003,663,22.0667,true,true,307.5,270.5,307.5,270.5,120.0,60.0,663,663,0,TRACKING,306.5,269.5,1.0,1.0,1.4142135623730951
SCN_003,664,22.1,true,true,295.5,277.5,295.5,277.5,-360.0,210.0,664,664,0,TRACKING,294.5,276.5,1.0,1.0,1.4142135623730951
SCN_003,665,22.1333,true,true,276.5,279.5,276.5,279.5,-570.0,60.0,665,665,0,TRACKING,275.5,278.5,1.0,1.0,1.4142135623730951
SCN_003,666,22.1667,true,true,272.5,283.5,272.5,283.5,-120.0,120.0,666,666,0,TRACKING,271.5,282.5,1.0,1.0,1.4142135623730951
SCN_003,667,22.2,true,true,281.5,292.5,281.5,292.5,270.0,270.0,667,667,0,TRACKING,280.5,291.5,1.0,1.0,1.4142135623730951
SCN_003,668,22.2333,true,true,286.5,302.5,286.5,302.5,150.0,300.0,668,668,0,TRACKING,285.5,301.5,1.0,1.0,1.4142135623730951
SCN_003,669,22.2667,true,true,282.5,304.5,282.5,304.5,-120.0,60.0,669,669,0,TRACKING,281.5,303.5,1.0,1.0,1.4142135623730951
SCN_003,670,22.3,true,true,280.5,293.5,280.5,293.5,-60.0,-330.0,670,670,0,TRACKING,279.5,292.5,1.0,1.0,1.4142135623730951
SCN_003,671,22.3333,true,true,275.5,287.5,275.5,287.5,-150.0,-180.0,671,671,0,TRACKING,274.5,286.5,1.0,1.0,1.4142135623730951
SCN_003,672,22.3667,true,true,268.5,293.5,268.5,293.5,-210.0,180.0,672,672,0,TRACKING,267.5,292.5,1.0,1.0,1.4142135623730951
SCN_003,673,22.4,true,true,257.5,304.5,257.5,304.5,-330.0,330.0,673,673,0,TRACKING,256.5,303.5,1.0,1.0,1.4142135623730951
SCN_003,674,22.4333,true,true,257.5,314.5,257.5,314.5,0.0,300.0,674,674,0,TRACKING,256.5,313.5,1.0,1.0,1.4142135623730951
SCN_003,675,22.4667,true,true,271.5,315.5,271.5,315.5,420.0,30.0,675,675,0,TRACKING,270.5,314.5,1.0,1.0,1.4142135623730951
SCN_003,676,22.5,true,true,276.5,315.5,276.5,315.5,150.0,0.0,676,676,0,TRACKING,275.5,314.5,1.0,1.0,1.4142135623730951
SCN_003,677,22.5333,true,true,264.5,319.5,264.5,319.5,-360.0,120.0,677,677,0,TRACKING,263.5,318.5,1.0,1.0,1.4142135623730951
SCN_003,678,22.5667,true,true,249.5,320.5,249.5,320.5,-450.0,30.0,678,678,0,TRACKING,248.5,319.5,1.0,1.0,1.4142135623730951
SCN_003,679,22.6,true,true,245.5,314.5,245.5,314.5,-120.0,-180.0,679,679,0,TRACKING,244.5,313.5,1.0,1.0,1.4142135623730951
SCN_003,680,22.6333,true,true,250.5,308.5,250.5,308.5,150.0,-180.0,680,680,0,TRACKING,249.5,307.5,1.0,1.0,1.4142135623730951
SCN_003,681,22.6667,true,true,252.5,316.5,252.5,316.5,60.0,240.0,681,681,0,TRACKING,251.5,315.5,1.0,1.0,1.4142135623730951
SCN_003,682,22.7,true,true,250.5,330.5,250.5,330.5,-60.0,420.0,682,682,0,TRACKING,249.5,329.5,1.0,1.0,1.4142135623730951
SCN_003,683,22.7333,true,true,253.5,341.5,253.5,341.5,90.0,330.0,683,683,0,TRACKING,252.5,340.5,1.0,1.0,1.4142135623730951
SCN_003,684,22.7667,true,true,251.5,339.5,251.5,339.5,-60.0,-60.0,684,684,0,TRACKING,250.5,338.5,1.0,1.0,1.4142135623730951
SCN_003,685,22.8,true,true,237.5,331.5,237.5,331.5,-420.0,-240.0,685,685,0,TRACKING,236.5,330.5,1.0,1.0,1.4142135623730951
SCN_003,686,22.8333,true,true,224.5,327.5,224.5,327.5,-390.0,-120.0,686,686,0,TRACKING,223.5,326.5,1.0,1.0,1.4142135623730951
SCN_003,687,22.8667,true,true,228.5,330.5,228.5,330.5,120.0,90.0,687,687,0,TRACKING,227.5,329.5,1.0,1.0,1.4142135623730951
SCN_003,688,22.9,true,true,241.5,333.5,241.5,333.5,390.0,90.0,688,688,0,TRACKING,240.5,332.5,1.0,1.0,1.4142135623730951
SCN_003,689,22.9333,true,true,245.5,334.5,245.5,334.5,120.0,30.0,689,689,0,TRACKING,244.5,333.5,1.0,1.0,1.4142135623730951
SCN_003,690,22.9667,true,true,234.5,339.5,234.5,339.5,-330.0,150.0,690,690,0,TRACKING,233.5,338.5,1.0,1.0,1.4142135623730951
SCN_003,691,23.0,true,true,225.5,346.5,225.5,346.5,-270.0,210.0,691,691,0,TRACKING,224.5,345.5,1.0,1.0,1.4142135623730951
SCN_003,692,23.0333,true,true,221.5,354.5,221.5,354.5,-120.0,240.0,692,692,0,TRACKING,220.5,353.5,1.0,1.0,1.4142135623730951
SCN_003,693,23.0667,true,true,219.5,350.5,219.5,350.5,-60.0,-120.0,693,693,0,TRACKING,218.5,349.5,1.0,1.0,1.4142135623730951
SCN_003,694,23.1,true,true,218.5,339.5,218.5,339.5,-30.0,-330.0,694,694,0,TRACKING,217.5,338.5,1.0,1.0,1.4142135623730951
SCN_003,695,23.1333,true,true,221.5,332.5,221.5,332.5,90.0,-210.0,695,695,0,TRACKING,220.5,331.5,1.0,1.0,1.4142135623730951
SCN_003,696,23.1667,true,true,229.5,338.5,229.5,338.5,240.0,180.0,696,696,0,TRACKING,228.5,337.5,1.0,1.0,1.4142135623730951
SCN_003,697,23.2,true,true,226.5,348.5,226.5,348.5,-90.0,300.0,697,697,0,TRACKING,225.5,347.5,1.0,1.0,1.4142135623730951
SCN_003,698,23.2333,true,true,211.5,355.5,211.5,355.5,-450.0,210.0,698,698,0,TRACKING,210.5,354.5,1.0,1.0,1.4142135623730951
SCN_003,699,23.2667,true,true,197.5,354.5,197.5,354.5,-420.0,-30.0,699,699,0,TRACKING,196.5,353.5,1.0,1.0,1.4142135623730951
SCN_003,700,23.3,true,true,202.5,352.5,202.5,352.5,150.0,-60.0,700,700,0,TRACKING,201.5,351.5,1.0,1.0,1.4142135623730951
SCN_003,701,23.3333,true,true,215.5,354.5,215.5,354.5,390.0,60.0,701,701,0,TRACKING,214.5,353.5,1.0,1.0,1.4142135623730951
SCN_003,702,23.3667,true,true,217.5,351.5,217.5,351.5,60.0,-90.0,702,702,0,TRACKING,216.5,350.5,1.0,1.0,1.4142135623730951
SCN_003,703,23.4,true,true,211.5,344.5,211.5,344.5,-180.0,-210.0,703,703,0,TRACKING,210.5,343.5,1.0,1.0,1.4142135623730951
SCN_003,704,23.4333,true,true,202.5,339.5,202.5,339.5,-270.0,-150.0,704,704,0,TRACKING,201.5,338.5,1.0,1.0,1.4142135623730951
SCN_003,705,23.4667,true,true,200.5,344.5,200.5,344.5,-60.0,150.0,705,705,0,TRACKING,199.5,343.5,1.0,1.0,1.4142135623730951
SCN_003,706,23.5,true,true,192.5,357.5,192.5,357.5,-240.0,390.0,706,706,0,TRACKING,191.5,356.5,1.0,1.0,1.4142135623730951
SCN_003,707,23.5333,true,true,188.5,365.5,188.5,365.5,-120.0,240.0,707,707,0,TRACKING,187.5,364.5,1.0,1.0,1.4142135623730951
SCN_003,708,23.5667,true,true,194.5,358.5,194.5,358.5,180.0,-210.0,708,708,0,TRACKING,193.5,357.5,1.0,1.0,1.4142135623730951
SCN_003,709,23.6,true,true,208.5,348.5,208.5,348.5,420.0,-300.0,709,709,0,TRACKING,207.5,347.5,1.0,1.0,1.4142135623730951
SCN_003,710,23.6333,true,true,206.5,343.5,206.5,343.5,-60.0,-150.0,710,710,0,TRACKING,205.5,342.5,1.0,1.0,1.4142135623730951
SCN_003,711,23.6667,true,true,190.5,345.5,190.5,345.5,-480.0,60.0,711,711,0,TRACKING,189.5,344.5,1.0,1.0,1.4142135623730951
SCN_003,712,23.7,true,true,178.5,344.5,178.5,344.5,-360.0,-30.0,712,712,0,TRACKING,177.5,343.5,1.0,1.0,1.4142135623730951
SCN_003,713,23.7333,true,true,180.5,344.5,180.5,344.5,60.0,0.0,713,713,0,TRACKING,179.5,343.5,1.0,1.0,1.4142135623730951
SCN_003,714,23.7667,true,true,189.5,345.5,189.5,345.5,270.0,30.0,714,714,0,TRACKING,188.5,344.5,1.0,1.0,1.4142135623730951
SCN_003,715,23.8,true,true,190.5,354.5,190.5,354.5,30.0,270.0,715,715,0,TRACKING,189.5,353.5,1.0,1.0,1.4142135623730951
SCN_003,716,23.8333,true,true,189.5,358.5,189.5,358.5,-30.0,120.0,716,716,0,TRACKING,188.5,357.5,1.0,1.0,1.4142135623730951
SCN_003,717,23.8667,true,true,188.5,349.5,188.5,349.5,-30.0,-270.0,717,717,0,TRACKING,187.5,348.5,1.0,1.0,1.4142135623730951
SCN_003,718,23.9,true,true,182.5,336.5,182.5,336.5,-180.0,-390.0,718,718,0,TRACKING,181.5,335.5,1.0,1.0,1.4142135623730951
SCN_003,719,23.9333,true,true,170.5,329.5,170.5,329.5,-360.0,-210.0,719,719,0,TRACKING,169.5,328.5,1.0,1.0,1.4142135623730951
SCN_003,720,23.9667,true,true,166.5,334.5,166.5,334.5,-120.0,150.0,720,720,0,TRACKING,165.5,333.5,1.0,1.0,1.4142135623730951
SCN_003,721,24.0,true,true,174.5,344.5,174.5,344.5,240.0,300.0,721,721,0,TRACKING,173.5,343.5,1.0,1.0,1.4142135623730951
SCN_003,722,24.0333,true,true,188.5,344.5,188.5,344.5,420.0,0.0,722,722,0,TRACKING,187.5,343.5,1.0,1.0,1.4142135623730951
SCN_003,723,24.0667,true,true,187.5,342.5,187.5,342.5,-30.0,-60.0,723,723,0,TRACKING,186.5,341.5,1.0,1.0,1.4142135623730951
SCN_003,724,24.1,true,true,172.5,338.5,172.5,338.5,-450.0,-120.0,724,724,0,TRACKING,171.5,337.5,1.0,1.0,1.4142135623730951
SCN_003,725,24.1333,true,true,162.5,337.5,162.5,337.5,-300.0,-30.0,725,725,0,TRACKING,161.5,336.5,1.0,1.0,1.4142135623730951
SCN_003,726,24.1667,true,true,165.5,331.5,165.5,331.5,90.0,-180.0,726,726,0,TRACKING,164.5,330.5,1.0,1.0,1.4142135623730951
SCN_003,727,24.2,true,true,168.5,322.5,168.5,322.5,90.0,-270.0,727,727,0,TRACKING,167.5,321.5,1.0,1.0,1.4142135623730951
SCN_003,728,24.2333,true,true,167.5,316.5,167.5,316.5,-30.0,-180.0,728,728,0,TRACKING,166.5,315.5,1.0,1.0,1.4142135623730951
SCN_003,729,24.2667,true,true,172.5,323.5,172.5,323.5,150.0,210.0,729,729,0,TRACKING,171.5,322.5,1.0,1.0,1.4142135623730951
SCN_003,730,24.3,true,true,177.5,333.5,177.5,333.5,150.0,300.0,730,730,0,TRACKING,176.5,332.5,1.0,1.0,1.4142135623730951
SCN_003,731,24.3333,true,true,168.5,335.5,168.5,335.5,-270.0,60.0,731,731,0,TRACKING,167.5,334.5,1.0,1.0,1.4142135623730951
SCN_003,732,24.3667,true,true,154.5,325.5,154.5,325.5,-420.0,-300.0,732,732,0,TRACKING,153.5,324.5,1.0,1.0,1.4142135623730951
SCN_003,733,24.4,true,true,149.5,313.5,149.5,313.5,-150.0,-360.0,733,733,0,TRACKING,148.5,312.5,1.0,1.0,1.4142135623730951
SCN_003,734,24.4333,true,true,159.5,310.5,159.5,310.5,300.0,-90.0,734,734,0,TRACKING,158.5,309.5,1.0,1.0,1.4142135623730951
SCN_003,735,24.4667,true,true,172.5,309.5,172.5,309.5,390.0,-30.0,735,735,0,TRACKING,171.5,308.5,1.0,1.0,1.4142135623730951
SCN_003,736,24.5,true,true,170.5,307.5,170.5,307.5,-60.0,-60.0,736,736,0,TRACKING,169.5,306.5,1.0,1.0,1.4142135623730951
SCN_003,737,24.5333,true,true,158.5,305.5,158.5,305.5,-360.0,-60.0,737,737,0,TRACKING,157.5,304.5,1.0,1.0,1.4142135623730951
SCN_003,738,24.5667,true,true,155.5,306.5,155.5,306.5,-90.0,30.0,738,738,0,TRACKING,154.5,305.5,1.0,1.0,1.4142135623730951
SCN_003,739,24.6,true,true,154.5,313.5,154.5,313.5,-30.0,210.0,739,739,0,TRACKING,153.5,312.5,1.0,1.0,1.4142135623730951
SCN_003,740,24.6333,true,true,151.5,313.5,151.5,313.5,-90.0,0.0,740,740,0,TRACKING,150.5,312.5,1.0,1.0,1.4142135623730951
SCN_003,741,24.6667,true,true,153.5,301.5,153.5,301.5,60.0,-360.0,741,741,0,TRACKING,152.5,300.5,1.0,1.0,1.4142135623730951
SCN_003,742,24.7,true,true,161.5,284.5,161.5,284.5,240.0,-510.0,742,742,0,TRACKING,160.5,283.5,1.0,1.0,1.4142135623730951
SCN_003,743,24.7333,true,true,169.5,280.5,169.5,280.5,240.0,-120.0,743,743,0,TRACKING,168.5,279.5,1.0,1.0,1.4142135623730951
SCN_003,744,24.7667,true,true,162.5,285.5,162.5,285.5,-210.0,150.0,744,744,0,TRACKING,161.5,284.5,1.0,1.0,1.4142135623730951
SCN_003,745,24.8,true,true,146.5,290.5,146.5,290.5,-480.0,150.0,745,745,0,TRACKING,145.5,289.5,1.0,1.0,1.4142135623730951
SCN_003,746,24.8333,true,true,141.5,290.5,141.5,290.5,-150.0,0.0,746,746,0,TRACKING,140.5,289.5,1.0,1.0,1.4142135623730951
SCN_003,747,24.8667,true,true,152.5,285.5,152.5,285.5,330.0,-150.0,747,747,0,TRACKING,151.5,284.5,1.0,1.0,1.4142135623730951
SCN_003,748,24.9,true,true,160.5,281.5,160.5,281.5,240.0,-120.0,748,748,0,TRACKING,159.5,280.5,1.0,1.0,1.4142135623730951
SCN_003,749,24.9333,true,true,160.5,277.5,160.5,277.5,0.0,-120.0,749,749,0,TRACKING,159.5,276.5,1.0,1.0,1.4142135623730951
SCN_003,750,24.9667,true,true,155.5,270.5,155.5,270.5,-150.0,-210.0,750,750,0,TRACKING,154.5,269.5,1.0,1.0,1.4142135623730951
SCN_003,751,25.0,true,true,153.5,258.5,153.5,258.5,-60.0,-360.0,751,751,0,TRACKING,152.5,257.5,1.0,1.0,1.4142135623730951
SCN_003,752,25.0333,true,true,148.5,254.5,148.5,254.5,-150.0,-120.0,752,752,0,TRACKING,147.5,253.5,1.0,1.0,1.4142135623730951
SCN_003,753,25.0667,true,true,140.5,260.5,140.5,260.5,-240.0,180.0,753,753,0,TRACKING,139.5,259.5,1.0,1.0,1.4142135623730951
SCN_003,754,25.1,true,true,142.5,270.5,142.5,270.5,60.0,300.0,754,754,0,TRACKING,141.5,269.5,1.0,1.0,1.4142135623730951
SCN_003,755,25.1333,true,true,158.5,268.5,158.5,268.5,480.0,-60.0,755,755,0,TRACKING,157.5,267.5,1.0,1.0,1.4142135623730951
SCN_003,756,25.1667,true,true,166.5,257.5,166.5,257.5,240.0,-330.0,756,756,0,TRACKING,165.5,256.5,1.0,1.0,1.4142135623730951
SCN_003,757,25.2,true,true,157.5,244.5,157.5,244.5,-270.0,-390.0,757,757,0,TRACKING,156.5,243.5,1.0,1.0,1.4142135623730951
SCN_003,758,25.2333,true,true,142.5,240.5,142.5,240.5,-450.0,-120.0,758,758,0,TRACKING,141.5,239.5,1.0,1.0,1.4142135623730951
SCN_003,759,25.2667,true,true,140.5,240.5,140.5,240.5,-60.0,0.0,759,759,0,TRACKING,139.5,239.5,1.0,1.0,1.4142135623730951
SCN_003,760,25.3,true,true,147.5,237.5,147.5,237.5,210.0,-90.0,760,760,0,TRACKING,146.5,236.5,1.0,1.0,1.4142135623730951
SCN_003,761,25.3333,true,true,153.5,233.5,153.5,233.5,180.0,-120.0,761,761,0,TRACKING,152.5,232.5,1.0,1.0,1.4142135623730951
SCN_003,762,25.3667,true,true,155.5,236.5,155.5,236.5,60.0,90.0,762,762,0,TRACKING,154.5,235.5,1.0,1.0,1.4142135623730951
SCN_003,763,25.4,true,true,157.5,242.5,157.5,242.5,60.0,180.0,763,763,0,TRACKING,156.5,241.5,1.0,1.0,1.4142135623730951
SCN_003,764,25.4333,true,true,158.5,238.5,158.5,238.5,30.0,-120.0,764,764,0,TRACKING,157.5,237.5,1.0,1.0,1.4142135623730951
SCN_003,765,25.4667,true,true,149.5,223.5,149.5,223.5,-270.0,-450.0,765,765,0,TRACKING,148.5,222.5,1.0,1.0,1.4142135623730951
SCN_003,766,25.5,true,true,137.5,209.5,137.5,209.5,-360.0,-420.0,766,766,0,TRACKING,136.5,208.5,1.0,1.0,1.4142135623730951
SCN_003,767,25.5333,true,true,141.5,207.5,141.5,207.5,120.0,-60.0,767,767,0,TRACKING,140.5,206.5,1.0,1.0,1.4142135623730951
SCN_003,768,25.5667,true,true,157.5,212.5,157.5,212.5,480.0,150.0,768,768,0,TRACKING,156.5,211.5,1.0,1.0,1.4142135623730951
SCN_003,769,25.6,true,true,166.5,218.5,166.5,218.5,270.0,180.0,769,769,0,TRACKING,165.5,217.5,1.0,1.0,1.4142135623730951
SCN_003,770,25.6333,true,true,157.5,215.5,157.5,215.5,-270.0,-90.0,770,770,0,TRACKING,156.5,214.5,1.0,1.0,1.4142135623730951
SCN_003,771,25.6667,true,true,148.5,210.5,148.5,210.5,-270.0,-150.0,771,771,0,TRACKING,147.5,209.5,1.0,1.0,1.4142135623730951
SCN_003,772,25.7,true,true,146.5,205.5,146.5,205.5,-60.0,-150.0,772,772,0,TRACKING,145.5,204.5,1.0,1.0,1.4142135623730951
SCN_003,773,25.7333,true,true,149.5,202.5,149.5,202.5,90.0,-90.0,773,773,0,TRACKING,148.5,201.5,1.0,1.0,1.4142135623730951
SCN_003,774,25.7667,true,true,151.5,192.5,151.5,192.5,60.0,-300.0,774,774,0,TRACKING,150.5,191.5,1.0,1.0,1.4142135623730951
SCN_003,775,25.8,true,true,156.5,183.5,156.5,183.5,150.0,-270.0,775,775,0,TRACKING,155.5,182.5,1.0,1.0,1.4142135623730951
SCN_003,776,25.8333,true,true,165.5,181.5,165.5,181.5,270.0,-60.0,776,776,0,TRACKING,164.5,180.5,1.0,1.0,1.4142135623730951
SCN_003,777,25.8667,true,true,167.5,189.5,167.5,189.5,60.0,240.0,777,777,0,TRACKING,166.5,188.5,1.0,1.0,1.4142135623730951
SCN_003,778,25.9,true,true,155.5,197.5,155.5,197.5,-360.0,240.0,778,778,0,TRACKING,154.5,196.5,1.0,1.0,1.4142135623730951
SCN_003,779,25.9333,true,true,143.5,194.5,143.5,194.5,-360.0,-90.0,779,779,0,TRACKING,142.5,193.5,1.0,1.0,1.4142135623730951
SCN_003,780,25.9667,true,true,148.5,181.5,148.5,181.5,150.0,-390.0,780,780,0,TRACKING,147.5,180.5,1.0,1.0,1.4142135623730951
SCN_003,781,26.0,true,true,163.5,171.5,163.5,171.5,450.0,-300.0,781,781,0,TRACKING,162.5,170.5,1.0,1.0,1.4142135623730951
SCN_003,782,26.0333,true,true,170.5,170.5,170.5,170.5,210.0,-30.0,782,782,0,TRACKING,169.5,169.5,1.0,1.0,1.4142135623730951
SCN_003,783,26.0667,true,true,166.5,168.5,166.5,168.5,-120.0,-60.0,783,783,0,TRACKING,165.5,167.5,1.0,1.0,1.4142135623730951
SCN_003,784,26.1,true,true,161.5,167.5,161.5,167.5,-150.0,-30.0,784,784,0,TRACKING,160.5,166.5,1.0,1.0,1.4142135623730951
SCN_003,785,26.1333,true,true,160.5,165.5,160.5,165.5,-30.0,-60.0,785,785,0,TRACKING,159.5,164.5,1.0,1.0,1.4142135623730951
SCN_003,786,26.1667,true,true,157.5,170.5,157.5,170.5,-90.0,150.0,786,786,0,TRACKING,156.5,169.5,1.0,1.0,1.4142135623730951
SCN_003,787,26.2,true,true,155.5,174.5,155.5,174.5,-60.0,120.0,787,787,0,TRACKING,154.5,173.5,1.0,1.0,1.4142135623730951
SCN_003,788,26.2333,true,true,163.5,169.5,163.5,169.5,240.0,-150.0,788,788,0,TRACKING,162.5,168.5,1.0,1.0,1.4142135623730951
SCN_003,789,26.2667,true,true,177.5,155.5,177.5,155.5,420.0,-420.0,789,789,0,TRACKING,176.5,154.5,1.0,1.0,1.4142135623730951
SCN_003,790,26.3,true,true,179.5,144.5,179.5,144.5,60.0,-330.0,790,790,0,TRACKING,178.5,143.5,1.0,1.0,1.4142135623730951
SCN_003,791,26.3333,true,true,166.5,143.5,166.5,143.5,-390.0,-30.0,791,791,0,TRACKING,165.5,142.5,1.0,1.0,1.4142135623730951
SCN_003,792,26.3667,true,true,156.5,152.5,156.5,152.5,-300.0,270.0,792,792,0,TRACKING,155.5,151.5,1.0,1.0,1.4142135623730951
SCN_003,793,26.4,true,true,162.5,156.5,162.5,156.5,180.0,120.0,793,793,0,TRACKING,161.5,155.5,1.0,1.0,1.4142135623730951
SCN_003,794,26.4333,true,true,173.5,154.5,173.5,154.5,330.0,-60.0,794,794,0,TRACKING,172.5,153.5,1.0,1.0,1.4142135623730951
SCN_003,795,26.4667,true,true,178.5,150.5,178.5,150.5,150.0,-120.0,795,795,0,TRACKING,177.5,149.5,1.0,1.0,1.4142135623730951
SCN_003,796,26.5,true,true,177.5,148.5,177.5,148.5,-30.0,-60.0,796,796,0,TRACKING,176.5,147.5,1.0,1.0,1.4142135623730951
SCN_003,797,26.5333,true,true,179.5,146.5,179.5,146.5,60.0,-60.0,797,797,0,TRACKING,178.5,145.5,1.0,1.0,1.4142135623730951
SCN_003,798,26.5667,true,true,178.5,137.5,178.5,137.5,-30.0,-270.0,798,798,0,TRACKING,177.5,136.5,1.0,1.0,1.4142135623730951
SCN_003,799,26.6,true,true,170.5,129.5,170.5,129.5,-240.0,-240.0,799,799,0,TRACKING,169.5,128.5,1.0,1.0,1.4142135623730951
SCN_003,800,26.6333,true,true,166.5,131.5,166.5,131.5,-120.0,60.0,800,800,0,TRACKING,165.5,130.5,1.0,1.0,1.4142135623730951
SCN_003,801,26.6667,true,true,178.5,142.5,178.5,142.5,360.0,330.0,801,801,0,TRACKING,177.5,141.5,1.0,1.0,1.4142135623730951
SCN_003,802,26.7,true,true,194.5,150.5,194.5,150.5,480.0,240.0,802,802,0,TRACKING,193.5,149.5,1.0,1.0,1.4142135623730951
SCN_003,803,26.7333,true,true,195.5,147.5,195.5,147.5,30.0,-90.0,803,803,0,TRACKING,194.5,146.5,1.0,1.0,1.4142135623730951
SCN_003,804,26.7667,true,true,182.5,134.5,182.5,134.5,-390.0,-390.0,804,804,0,TRACKING,181.5,133.5,1.0,1.0,1.4142135623730951
SCN_003,805,26.8,true,true,176.5,128.5,176.5,128.5,-180.0,-180.0,805,805,0,TRACKING,175.5,127.5,1.0,1.0,1.4142135623730951
SCN_003,806,26.8333,true,true,181.5,127.5,181.5,127.5,150.0,-30.0,806,806,0,TRACKING,180.5,126.5,1.0,1.0,1.4142135623730951
SCN_003,807,26.8667,true,true,186.5,130.5,186.5,130.5,150.0,90.0,807,807,0,TRACKING,185.5,129.5,1.0,1.0,1.4142135623730951
SCN_003,808,26.9,true,true,191.5,129.5,191.5,129.5,150.0,-30.0,808,808,0,TRACKING,190.5,128.5,1.0,1.0,1.4142135623730951
SCN_003,809,26.9333,true,true,197.5,131.5,197.5,131.5,180.0,60.0,809,809,0,TRACKING,196.5,130.5,1.0,1.0,1.4142135623730951
SCN_003,810,26.9667,true,true,203.5,137.5,203.5,137.5,180.0,180.0,810,810,0,TRACKING,202.5,136.5,1.0,1.0,1.4142135623730951
SCN_003,811,27.0,true,true,199.5,143.5,199.5,143.5,-120.0,180.0,811,811,0,TRACKING,198.5,142.5,1.0,1.0,1.4142135623730951
SCN_003,812,27.0333,true,true,188.5,140.5,188.5,140.5,-330.0,-90.0,812,812,0,TRACKING,187.5,139.5,1.0,1.0,1.4142135623730951
SCN_003,813,27.0667,true,true,184.5,126.5,184.5,126.5,-120.0,-420.0,813,813,0,TRACKING,183.5,125.5,1.0,1.0,1.4142135623730951
SCN_003,814,27.1,true,true,197.5,117.5,197.5,117.5,390.0,-270.0,814,814,0,TRACKING,196.5,116.5,1.0,1.0,1.4142135623730951
SCN_003,815,27.1333,true,true,213.5,122.5,213.5,122.5,480.0,150.0,815,815,0,TRACKING,212.5,121.5,1.0,1.0,1.4142135623730951
SCN_003,816,27.1667,true,true,214.5,133.5,214.5,133.5,30.0,330.0,816,816,0,TRACKING,213.5,132.5,1.0,1.0,1.4142135623730951
SCN_003,817,27.2,true,true,207.5,139.5,207.5,139.5,-210.0,180.0,817,817,0,TRACKING,206.5,138.5,1.0,1.0,1.4142135623730951
SCN_003,818,27.2333,true,true,202.5,138.5,202.5,138.5,-150.0,-30.0,818,818,0,TRACKING,201.5,137.5,1.0,1.0,1.4142135623730951
SCN_003,819,27.2667,true,true,205.5,135.5,205.5,135.5,90.0,-90.0,819,819,0,TRACKING,204.5,134.5,1.0,1.0,1.4142135623730951
SCN_003,820,27.3,true,true,207.5,135.5,207.5,135.5,60.0,0.0,820,820,0,TRACKING,206.5,134.5,1.0,1.0,1.4142135623730951
SCN_003,821,27.3333,true,true,208.5,133.5,208.5,133.5,30.0,-60.0,821,821,0,TRACKING,207.5,132.5,1.0,1.0,1.4142135623730951
SCN_003,822,27.3667,true,true,220.5,127.5,220.5,127.5,360.0,-180.0,822,822,0,TRACKING,219.5,126.5,1.0,1.0,1.4142135623730951
SCN_003,823,27.4,true,true,229.5,122.5,229.5,122.5,270.0,-150.0,823,823,0,TRACKING,228.5,121.5,1.0,1.0,1.4142135623730951
SCN_003,824,27.4333,true,true,225.5,128.5,225.5,128.5,-120.0,180.0,824,824,0,TRACKING,224.5,127.5,1.0,1.0,1.4142135623730951
SCN_003,825,27.4667,true,true,210.5,142.5,210.5,142.5,-450.0,420.0,825,825,0,TRACKING,209.5,141.5,1.0,1.0,1.4142135623730951
SCN_003,826,27.5,true,true,208.5,152.5,208.5,152.5,-60.0,300.0,826,826,0,TRACKING,207.5,151.5,1.0,1.0,1.4142135623730951
SCN_003,827,27.5333,true,true,221.5,147.5,221.5,147.5,390.0,-150.0,827,827,0,TRACKING,220.5,146.5,1.0,1.0,1.4142135623730951
SCN_003,828,27.5667,true,true,234.5,136.5,234.5,136.5,390.0,-330.0,828,828,0,TRACKING,233.5,135.5,1.0,1.0,1.4142135623730951
SCN_003,829,27.6,true,true,235.5,133.5,235.5,133.5,30.0,-90.0,829,829,0,TRACKING,234.5,132.5,1.0,1.0,1.4142135623730951
SCN_003,830,27.6333,true,true,234.5,137.5,234.5,137.5,-30.0,120.0,830,830,0,TRACKING,233.5,136.5,1.0,1.0,1.4142135623730951
SCN_003,831,27.6667,true,true,235.5,139.5,235.5,139.5,30.0,60.0,831,831,0,TRACKING,234.5,138.5,1.0,1.0,1.4142135623730951
SCN_003,832,27.7,true,true,233.5,141.5,233.5,141.5,-60.0,60.0,832,832,0,TRACKING,232.5,140.5,1.0,1.0,1.4142135623730951
SCN_003,833,27.7333,true,true,228.5,145.5,228.5,145.5,-150.0,120.0,833,833,0,TRACKING,227.5,144.5,1.0,1.0,1.4142135623730951
SCN_003,834,27.7667,true,true,231.5,155.5,231.5,155.5,90.0,300.0,834,834,0,TRACKING,230.5,154.5,1.0,1.0,1.4142135623730951
SCN_003,835,27.8,true,true,247.5,162.5,247.5,162.5,480.0,210.0,835,835,0,TRACKING,246.5,161.5,1.0,1.0,1.4142135623730951
SCN_003,836,27.8333,true,true,258.5,159.5,258.5,159.5,330.0,-90.0,836,836,0,TRACKING,257.5,158.5,1.0,1.0,1.4142135623730951
SCN_003,837,27.8667,true,true,254.5,147.5,254.5,147.5,-120.0,-360.0,837,837,0,TRACKING,253.5,146.5,1.0,1.0,1.4142135623730951
SCN_003,838,27.9,true,true,240.5,142.5,240.5,142.5,-420.0,-150.0,838,838,0,TRACKING,239.5,141.5,1.0,1.0,1.4142135623730951
SCN_003,839,27.9333,true,true,240.5,151.5,240.5,151.5,0.0,270.0,839,839,0,TRACKING,239.5,150.5,1.0,1.0,1.4142135623730951
SCN_003,840,27.9667,true,true,249.5,164.5,249.5,164.5,270.0,390.0,840,840,0,TRACKING,248.5,163.5,1.0,1.0,1.4142135623730951
SCN_003,841,28.0,true,true,258.5,170.5,258.5,170.5,270.0,180.0,841,841,0,TRACKING,257.5,169.5,1.0,1.0,1.4142135623730951
SCN_003,842,28.0333,true,true,260.5,170.5,260.5,170.5,60.0,0.0,842,842,0,TRACKING,259.5,169.5,1.0,1.0,1.4142135623730951
SCN_003,843,28.0667,true,true,265.5,170.5,265.5,170.5,150.0,0.0,843,843,0,TRACKING,264.5,169.5,1.0,1.0,1.4142135623730951
SCN_003,844,28.1,true,true,268.5,173.5,268.5,173.5,90.0,90.0,844,844,0,TRACKING,267.5,172.5,1.0,1.0,1.4142135623730951
SCN_003,845,28.1333,true,true,263.5,173.5,263.5,173.5,-150.0,0.0,845,845,0,TRACKING,262.5,172.5,1.0,1.0,1.4142135623730951
SCN_003,846,28.1667,true,true,254.5,166.5,254.5,166.5,-270.0,-210.0,846,846,0,TRACKING,253.5,165.5,1.0,1.0,1.4142135623730951
SCN_003,847,28.2,true,true,259.5,165.5,259.5,165.5,150.0,-30.0,847,847,0,TRACKING,258.5,164.5,1.0,1.0,1.4142135623730951
SCN_003,848,28.2333,true,true,275.5,176.5,275.5,176.5,480.0,330.0,848,848,0,TRACKING,274.5,175.5,1.0,1.0,1.4142135623730951
SCN_003,849,28.2667,true,true,289.5,192.5,289.5,192.5,420.0,480.0,849,849,0,TRACKING,288.5,191.5,1.0,1.0,1.4142135623730951
SCN_003,850,28.3,true,true,285.5,199.5,285.5,199.5,-120.0,210.0,850,850,0,TRACKING,284.5,198.5,1.0,1.0,1.4142135623730951
SCN_003,851,28.3333,true,true,274.5,195.5,274.5,195.5,-330.0,-120.0,851,851,0,TRACKING,273.5,194.5,1.0,1.0,1.4142135623730951
SCN_003,852,28.3667,true,true,273.5,187.5,273.5,187.5,-30.0,-240.0,852,852,0,TRACKING,272.5,186.5,1.0,1.0,1.4142135623730951
SCN_003,853,28.4,true,true,279.5,185.5,279.5,185.5,180.0,-60.0,853,853,0,TRACKING,278.5,184.5,1.0,1.0,1.4142135623730951
SCN_003,854,28.4333,true,true,284.5,191.5,284.5,191.5,150.0,180.0,854,854,0,TRACKING,283.5,190.5,1.0,1.0,1.4142135623730951
SCN_003,855,28.4667,true,true,290.5,197.5,290.5,197.5,180.0,180.0,855,855,0,TRACKING,289.5,196.5,1.0,1.0,1.4142135623730951
SCN_003,856,28.5,true,true,299.5,199.5,299.5,199.5,270.0,60.0,856,856,0,TRACKING,298.5,198.5,1.0,1.0,1.4142135623730951
SCN_003,857,28.5333,true,true,305.5,206.5,305.5,206.5,180.0,210.0,857,857,0,TRACKING,304.5,205.5,1.0,1.0,1.4142135623730951
SCN_003,858,28.5667,true,true,295.5,217.5,295.5,217.5,-300.0,330.0,858,858,0,TRACKING,294.5,216.5,1.0,1.0,1.4142135623730951
SCN_003,859,28.6,true,true,285.5,223.5,285.5,223.5,-300.0,180.0,859,859,0,TRACKING,284.5,222.5,1.0,1.0,1.4142135623730951
SCN_003,860,28.6333,true,true,290.5,219.5,290.5,219.5,150.0,-120.0,860,860,0,TRACKING,289.5,218.5,1.0,1.0,1.4142135623730951
SCN_003,861,28.6667,true,true,307.5,208.5,307.5,208.5,510.0,-330.0,861,861,0,TRACKING,306.5,207.5,1.0,1.0,1.4142135623730951
SCN_003,862,28.7,true,true,316.5,207.5,316.5,207.5,270.0,-30.0,862,862,0,TRACKING,315.5,206.5,1.0,1.0,1.4142135623730951
SCN_003,863,28.7333,true,true,313.5,220.5,313.5,220.5,-90.0,390.0,863,863,0,TRACKING,312.5,219.5,1.0,1.0,1.4142135623730951
SCN_003,864,28.7667,true,true,309.5,232.5,309.5,232.5,-120.0,360.0,864,864,0,TRACKING,308.5,231.5,1.0,1.0,1.4142135623730951
SCN_003,865,28.8,true,true,310.5,238.5,310.5,238.5,30.0,180.0,865,865,0,TRACKING,309.5,237.5,1.0,1.0,1.4142135623730951
SCN_003,866,28.8333,true,true,310.5,238.5,310.5,238.5,0.0,0.0,866,866,0,TRACKING,309.5,237.5,1.0,1.0,1.4142135623730951
SCN_003,867,28.8667,true,true,309.5,240.5,309.5,240.5,-30.0,60.0,867,867,0,TRACKING,308.5,239.5,1.0,1.0,1.4142135623730951
SCN_003,868,28.9,true,true,318.5,244.5,318.5,244.5,270.0,120.0,868,868,0,TRACKING,317.5,243.5,1.0,1.0,1.4142135623730951
SCN_003,869,28.9333,true,true,333.5,243.5,333.5,243.5,450.0,-30.0,869,869,0,TRACKING,332.5,242.5,1.0,1.0,1.4142135623730951
SCN_003,870,28.9667,true,true,338.5,237.5,338.5,237.5,150.0,-180.0,870,870,0,TRACKING,337.5,236.5,1.0,1.0,1.4142135623730951
SCN_003,871,29.0,true,true,326.5,238.5,326.5,238.5,-360.0,30.0,871,871,0,TRACKING,325.5,237.5,1.0,1.0,1.4142135623730951
SCN_003,872,29.0333,true,true,316.5,249.5,316.5,249.5,-300.0,330.0,872,872,0,TRACKING,315.5,248.5,1.0,1.0,1.4142135623730951
SCN_003,873,29.0667,true,true,322.5,265.5,322.5,265.5,180.0,480.0,873,873,0,TRACKING,321.5,264.5,1.0,1.0,1.4142135623730951
SCN_003,874,29.1,true,true,337.5,273.5,337.5,273.5,450.0,240.0,874,874,0,TRACKING,336.5,272.5,1.0,1.0,1.4142135623730951
SCN_003,875,29.1333,true,true,346.5,266.5,346.5,266.5,270.0,-210.0,875,875,0,TRACKING,345.5,265.5,1.0,1.0,1.4142135623730951
SCN_003,876,29.1667,true,true,344.5,259.5,344.5,259.5,-60.0,-210.0,876,876,0,TRACKING,343.5,258.5,1.0,1.0,1.4142135623730951
SCN_003,877,29.2,true,true,345.5,261.5,345.5,261.5,30.0,60.0,877,877,0,TRACKING,344.5,260.5,1.0,1.0,1.4142135623730951
SCN_003,878,29.2333,true,true,346.5,268.5,346.5,268.5,30.0,210.0,878,878,0,TRACKING,345.5,267.5,1.0,1.0,1.4142135623730951
SCN_003,879,29.2667,true,true,341.5,271.5,341.5,271.5,-150.0,90.0,879,879,0,TRACKING,340.5,270.5,1.0,1.0,1.4142135623730951
SCN_003,880,29.3,true,true,338.5,273.5,338.5,273.5,-90.0,60.0,880,880,0,TRACKING,337.5,272.5,1.0,1.0,1.4142135623730951
SCN_003,881,29.3333,true,true,347.5,282.5,347.5,282.5,270.0,270.0,881,881,0,TRACKING,346.5,281.5,1.0,1.0,1.4142135623730951
SCN_003,882,29.3667,true,true,365.5,295.5,365.5,295.5,540.0,390.0,882,882,0,TRACKING,364.5,294.5,1.0,1.0,1.4142135623730951
SCN_003,883,29.4,true,true,371.5,296.5,371.5,296.5,180.0,30.0,883,883,0,TRACKING,370.5,295.5,1.0,1.0,1.4142135623730951
SCN_003,884,29.4333,true,true,361.5,291.5,361.5,291.5,-300.0,-150.0,884,884,0,TRACKING,360.5,290.5,1.0,1.0,1.4142135623730951
SCN_003,885,29.4667,true,true,351.5,281.5,351.5,281.5,-300.0,-300.0,885,885,0,TRACKING,350.5,280.5,1.0,1.0,1.4142135623730951
SCN_003,886,29.5,true,true,356.5,282.5,356.5,282.5,150.0,30.0,886,886,0,TRACKING,355.5,281.5,1.0,1.0,1.4142135623730951
SCN_003,887,29.5333,true,true,366.5,293.5,366.5,293.5,300.0,330.0,887,887,0,TRACKING,365.5,292.5,1.0,1.0,1.4142135623730951
SCN_003,888,29.5667,true,true,369.5,306.5,369.5,306.5,90.0,390.0,888,888,0,TRACKING,368.5,305.5,1.0,1.0,1.4142135623730951
SCN_003,889,29.6,true,true,376.5,310.5,376.5,310.5,210.0,120.0,889,889,0,TRACKING,375.5,309.5,1.0,1.0,1.4142135623730951
SCN_003,890,29.6333,true,true,382.5,309.5,382.5,309.5,180.0,-30.0,890,890,0,TRACKING,381.5,308.5,1.0,1.0,1.4142135623730951
SCN_003,891,29.6667,true,true,381.5,311.5,381.5,311.5,-30.0,60.0,891,891,0,TRACKING,380.5,310.5,1.0,1.0,1.4142135623730951
SCN_003,892,29.7,true,true,371.5,313.5,371.5,313.5,-300.0,60.0,892,892,0,TRACKING,370.5,312.5,1.0,1.0,1.4142135623730951
SCN_003,893,29.7333,true,true,365.5,310.5,365.5,310.5,-180.0,-90.0,893,893,0,TRACKING,364.5,309.5,1.0,1.0,1.4142135623730951
SCN_003,894,29.7667,true,true,378.5,304.5,378.5,304.5,390.0,-180.0,894,894,0,TRACKING,377.5,303.5,1.0,1.0,1.4142135623730951
SCN_003,895,29.8,true,true,395.5,307.5,395.5,307.5,510.0,90.0,895,895,0,TRACKING,394.5,306.5,1.0,1.0,1.4142135623730951
SCN_003,896,29.8333,true,true,399.5,321.5,399.5,321.5,120.0,420.0,896,896,0,TRACKING,398.5,320.5,1.0,1.0,1.4142135623730951
SCN_003,897,29.8667,true,true,391.5,335.5,391.5,335.5,-240.0,420.0,897,897,0,TRACKING,390.5,334.5,1.0,1.0,1.4142135623730951
SCN_003,898,29.9,true,true,384.5,335.5,384.5,335.5,-210.0,0.0,898,898,0,TRACKING,383.5,334.5,1.0,1.0,1.4142135623730951
SCN_003,899,29.9333,true,true,388.5,328.5,388.5,328.5,120.0,-210.0,899,899,0,TRACKING,387.5,327.5,1.0,1.0,1.4142135623730951
SCN_003,900,29.9667,true,true,392.5,323.5,392.5,323.5,120.0,-150.0,900,900,0,TRACKING,391.5,322.5,1.0,1.0,1.4142135623730951
