scenario_id,frame_id,timestamp,target_id,target_role,detected,detected_center_x,detected_center_y,tracked_x,tracked_y,velocity_x,velocity_y,track_age,consecutive_hits,consecutive_misses,tracking_status,gt_center_x,gt_center_y,tracking_error,selected_for_alignment
SCN_010,1,0.0,TGT_001,COMMUNICATION_TARGET,true,471.0,241.0,471.0,241.0,0.0,0.0,1,1,0,ACQUIRING,470.0,240.0,1.414,True
SCN_010,1,0.0,TGT_002,DECOY_TARGET,true,321.5,241.5,321.5,241.5,0.0,0.0,1,1,0,ACQUIRING,320.5,240.5,1.414,False
SCN_010,1,0.0,TGT_003,DECOY_TARGET,true,140.5,360.5,140.5,360.5,0.0,0.0,1,1,0,ACQUIRING,139.5,359.5,1.414,False
SCN_010,2,0.0333,TGT_001,COMMUNICATION_TARGET,true,471.0,242.0,471.0,242.0,0.0,30.0,2,2,0,ACQUIRING,470.0,241.0,1.414,True
SCN_010,2,0.0333,TGT_002,DECOY_TARGET,true,322.5,243.5,322.5,243.5,30.0,60.0,2,2,0,ACQUIRING,321.5,242.5,1.414,False
SCN_010,2,0.0333,TGT_003,DECOY_TARGET,true,141.5,360.5,141.5,360.5,30.0,0.0,2,2,0,ACQUIRING,140.5,359.5,1.414,False
SCN_010,3,0.0667,TGT_001,COMMUNICATION_TARGET,true,471.0,243.0,471.0,243.0,0.0,30.0,3,3,0,TRACKING,470.0,242.0,1.414,True
SCN_010,3,0.0667,TGT_002,DECOY_TARGET,true,324.5,245.5,324.5,245.5,60.0,60.0,3,3,0,TRACKING,323.5,244.5,1.414,False
SCN_010,3,0.0667,TGT_003,DECOY_TARGET,true,142.5,360.5,142.5,360.5,30.0,0.0,3,3,0,TRACKING,141.5,359.5,1.414,False
SCN_010,4,0.1,TGT_001,COMMUNICATION_TARGET,true,471.0,244.0,471.0,244.0,0.0,30.0,4,4,0,TRACKING,470.0,243.0,1.414,True
SCN_010,4,0.1,TGT_002,DECOY_TARGET,true,326.5,247.5,326.5,247.5,60.0,60.0,4,4,0,TRACKING,325.5,246.5,1.414,False
SCN_010,4,0.1,TGT_003,DECOY_TARGET,true,143.5,360.5,143.5,360.5,30.0,0.0,4,4,0,TRACKING,142.5,359.5,1.414,False
SCN_010,5,0.1333,TGT_001,COMMUNICATION_TARGET,true,471.0,246.0,471.0,246.0,0.0,60.0,5,5,0,TRACKING,470.0,245.0,1.414,True
SCN_010,5,0.1333,TGT_002,DECOY_TARGET,true,328.5,249.5,328.5,249.5,60.0,60.0,5,5,0,TRACKING,327.5,248.5,1.414,False
SCN_010,5,0.1333,TGT_003,DECOY_TARGET,true,144.5,359.5,144.5,359.5,30.0,-30.0,5,5,0,TRACKING,143.5,358.5,1.414,False
SCN_010,6,0.1667,TGT_001,COMMUNICATION_TARGET,true,471.0,247.0,471.0,247.0,0.0,30.0,6,6,0,TRACKING,470.0,246.0,1.414,True
SCN_010,6,0.1667,TGT_002,DECOY_TARGET,true,330.5,251.5,330.5,251.5,60.0,60.0,6,6,0,TRACKING,329.5,250.5,1.414,False
SCN_010,6,0.1667,TGT_003,DECOY_TARGET,true,144.5,359.5,144.5,359.5,0.0,0.0,6,6,0,TRACKING,143.5,358.5,1.414,False
SCN_010,7,0.2,TGT_001,COMMUNICATION_TARGET,true,471.0,248.0,471.0,248.0,0.0,30.0,7,7,0,TRACKING,470.0,247.0,1.414,True
SCN_010,7,0.2,TGT_002,DECOY_TARGET,true,332.5,253.5,332.5,253.5,60.0,60.0,7,7,0,TRACKING,331.5,252.5,1.414,False
SCN_010,7,0.2,TGT_003,DECOY_TARGET,true,145.5,359.5,145.5,359.5,30.0,0.0,7,7,0,TRACKING,144.5,358.5,1.414,False
SCN_010,8,0.2333,TGT_001,COMMUNICATION_TARGET,true,471.0,249.0,471.0,249.0,0.0,30.0,8,8,0,TRACKING,470.0,248.0,1.414,True
SCN_010,8,0.2333,TGT_002,DECOY_TARGET,true,333.5,255.5,333.5,255.5,30.0,60.0,8,8,0,TRACKING,332.5,254.5,1.414,False
SCN_010,8,0.2333,TGT_003,DECOY_TARGET,true,146.5,359.5,146.5,359.5,30.0,0.0,8,8,0,TRACKING,145.5,358.5,1.414,False
SCN_010,9,0.2667,TGT_001,COMMUNICATION_TARGET,true,471.0,250.0,471.0,250.0,0.0,30.0,9,9,0,TRACKING,470.0,249.0,1.414,True
SCN_010,9,0.2667,TGT_002,DECOY_TARGET,true,335.5,257.5,335.5,257.5,60.0,60.0,9,9,0,TRACKING,334.5,256.5,1.414,False
SCN_010,9,0.2667,TGT_003,DECOY_TARGET,true,147.5,358.5,147.5,358.5,30.0,-30.0,9,9,0,TRACKING,146.5,357.5,1.414,False
SCN_010,10,0.3,TGT_001,COMMUNICATION_TARGET,true,471.0,251.0,471.0,251.0,0.0,30.0,10,10,0,TRACKING,470.0,250.0,1.414,True
SCN_010,10,0.3,TGT_002,DECOY_TARGET,true,337.5,259.5,337.5,259.5,60.0,60.0,10,10,0,TRACKING,336.5,258.5,1.414,False
SCN_010,10,0.3,TGT_003,DECOY_TARGET,true,147.5,358.5,147.5,358.5,0.0,0.0,10,10,0,TRACKING,146.5,357.5,1.414,False
SCN_010,11,0.3333,TGT_001,COMMUNICATION_TARGET,true,471.0,253.0,471.0,253.0,0.0,60.0,11,11,0,TRACKING,470.0,252.0,1.414,True
SCN_010,11,0.3333,TGT_002,DECOY_TARGET,true,339.5,261.5,339.5,261.5,60.0,60.0,11,11,0,TRACKING,338.5,260.5,1.414,False
SCN_010,11,0.3333,TGT_003,DECOY_TARGET,true,148.5,358.5,148.5,358.5,30.0,0.0,11,11,0,TRACKING,147.5,357.5,1.414,False
SCN_010,12,0.3667,TGT_001,COMMUNICATION_TARGET,true,470.0,254.0,470.0,254.0,-30.0,30.0,12,12,0,TRACKING,469.0,253.0,1.414,True
SCN_010,12,0.3667,TGT_002,DECOY_TARGET,true,341.5,262.5,341.5,262.5,60.0,30.0,12,12,0,TRACKING,340.5,261.5,1.414,False
SCN_010,12,0.3667,TGT_003,DECOY_TARGET,true,149.5,357.5,149.5,357.5,30.0,-30.0,12,12,0,TRACKING,148.5,356.5,1.414,False
SCN_010,13,0.4,TGT_001,COMMUNICATION_TARGET,true,470.0,255.0,470.0,255.0,0.0,30.0,13,13,0,TRACKING,469.0,254.0,1.414,True
SCN_010,13,0.4,TGT_002,DECOY_TARGET,true,343.5,264.5,343.5,264.5,60.0,60.0,13,13,0,TRACKING,342.5,263.5,1.414,False
SCN_010,13,0.4,TGT_003,DECOY_TARGET,true,150.5,357.5,150.5,357.5,30.0,0.0,13,13,0,TRACKING,149.5,356.5,1.414,False
SCN_010,14,0.4333,TGT_001,COMMUNICATION_TARGET,true,470.0,256.0,470.0,256.0,0.0,30.0,14,14,0,TRACKING,469.0,255.0,1.414,True
SCN_010,14,0.4333,TGT_002,DECOY_TARGET,true,344.5,266.5,344.5,266.5,30.0,60.0,14,14,0,TRACKING,343.5,265.5,1.414,False
SCN_010,14,0.4333,TGT_003,DECOY_TARGET,true,150.5,357.5,150.5,357.5,0.0,0.0,14,14,0,TRACKING,149.5,356.5,1.414,False
SCN_010,15,0.4667,TGT_001,COMMUNICATION_TARGET,true,470.0,257.0,470.0,257.0,0.0,30.0,15,15,0,TRACKING,469.0,256.0,1.414,True
SCN_010,15,0.4667,TGT_002,DECOY_TARGET,true,346.5,268.5,346.5,268.5,60.0,60.0,15,15,0,TRACKING,345.5,267.5,1.414,False
SCN_010,15,0.4667,TGT_003,DECOY_TARGET,true,151.5,357.5,151.5,357.5,30.0,0.0,15,15,0,TRACKING,150.5,356.5,1.414,False
SCN_010,16,0.5,TGT_001,COMMUNICATION_TARGET,true,470.0,258.0,470.0,258.0,0.0,30.0,16,16,0,TRACKING,469.0,257.0,1.414,True
SCN_010,16,0.5,TGT_002,DECOY_TARGET,true,348.5,270.5,348.5,270.5,60.0,60.0,16,16,0,TRACKING,347.5,269.5,1.414,False
SCN_010,16,0.5,TGT_003,DECOY_TARGET,true,152.5,356.5,152.5,356.5,30.0,-30.0,16,16,0,TRACKING,151.5,355.5,1.414,False
SCN_010,17,0.5333,TGT_001,COMMUNICATION_TARGET,true,470.0,260.0,470.0,260.0,0.0,60.0,17,17,0,TRACKING,469.0,259.0,1.414,True
SCN_010,17,0.5333,TGT_002,DECOY_TARGET,true,350.5,272.5,350.5,272.5,60.0,60.0,17,17,0,TRACKING,349.5,271.5,1.414,False
SCN_010,17,0.5333,TGT_003,DECOY_TARGET,true,153.5,356.5,153.5,356.5,30.0,0.0,17,17,0,TRACKING,152.5,355.5,1.414,False
SCN_010,18,0.5667,TGT_001,COMMUNICATION_TARGET,true,470.0,261.0,470.0,261.0,0.0,30.0,18,18,0,TRACKING,469.0,260.0,1.414,True
SCN_010,18,0.5667,TGT_002,DECOY_TARGET,true,352.5,273.5,352.5,273.5,60.0,30.0,18,18,0,TRACKING,351.5,272.5,1.414,False
SCN_010,18,0.5667,TGT_003,DECOY_TARGET,true,153.5,356.5,153.5,356.5,0.0,0.0,18,18,0,TRACKING,152.5,355.5,1.414,False
SCN_010,19,0.6,TGT_001,COMMUNICATION_TARGET,true,470.0,262.0,470.0,262.0,0.0,30.0,19,19,0,TRACKING,469.0,261.0,1.414,True
SCN_010,19,0.6,TGT_002,DECOY_TARGET,true,353.5,275.5,353.5,275.5,30.0,60.0,19,19,0,TRACKING,352.5,274.5,1.414,False
SCN_010,19,0.6,TGT_003,DECOY_TARGET,true,154.5,356.5,154.5,356.5,30.0,0.0,19,19,0,TRACKING,153.5,355.5,1.414,False
SCN_010,20,0.6333,TGT_001,COMMUNICATION_TARGET,true,469.0,263.0,469.0,263.0,-30.0,30.0,20,20,0,TRACKING,468.0,262.0,1.414,True
SCN_010,20,0.6333,TGT_002,DECOY_TARGET,true,355.5,277.5,355.5,277.5,60.0,60.0,20,20,0,TRACKING,354.5,276.5,1.414,False
SCN_010,20,0.6333,TGT_003,DECOY_TARGET,true,155.5,355.5,155.5,355.5,30.0,-30.0,20,20,0,TRACKING,154.5,354.5,1.414,False
SCN_010,21,0.6667,TGT_001,COMMUNICATION_TARGET,true,469.0,264.0,469.0,264.0,0.0,30.0,21,21,0,TRACKING,468.0,263.0,1.414,True
SCN_010,21,0.6667,TGT_002,DECOY_TARGET,true,357.5,278.5,357.5,278.5,60.0,30.0,21,21,0,TRACKING,356.5,277.5,1.414,False
SCN_010,21,0.6667,TGT_003,DECOY_TARGET,true,156.5,355.5,156.5,355.5,30.0,0.0,21,21,0,TRACKING,155.5,354.5,1.414,False
SCN_010,22,0.7,TGT_001,COMMUNICATION_TARGET,true,469.0,265.0,469.0,265.0,0.0,30.0,22,22,0,TRACKING,468.0,264.0,1.414,True
SCN_010,22,0.7,TGT_002,DECOY_TARGET,true,359.5,280.5,359.5,280.5,60.0,60.0,22,22,0,TRACKING,358.5,279.5,1.414,False
SCN_010,22,0.7,TGT_003,DECOY_TARGET,true,156.5,355.5,156.5,355.5,0.0,0.0,22,22,0,TRACKING,155.5,354.5,1.414,False
SCN_010,23,0.7333,TGT_001,COMMUNICATION_TARGET,true,469.0,267.0,469.0,267.0,0.0,60.0,23,23,0,TRACKING,468.0,266.0,1.414,True
SCN_010,23,0.7333,TGT_002,DECOY_TARGET,true,360.5,281.5,360.5,281.5,30.0,30.0,23,23,0,TRACKING,359.5,280.5,1.414,False
SCN_010,23,0.7333,TGT_003,DECOY_TARGET,true,157.5,354.5,157.5,354.5,30.0,-30.0,23,23,0,TRACKING,156.5,353.5,1.414,False
SCN_010,24,0.7667,TGT_001,COMMUNICATION_TARGET,true,469.0,268.0,469.0,268.0,0.0,30.0,24,24,0,TRACKING,468.0,267.0,1.414,True
SCN_010,24,0.7667,TGT_002,DECOY_TARGET,true,362.5,283.5,362.5,283.5,60.0,60.0,24,24,0,TRACKING,361.5,282.5,1.414,False
SCN_010,24,0.7667,TGT_003,DECOY_TARGET,true,158.5,354.5,158.5,354.5,30.0,0.0,24,24,0,TRACKING,157.5,353.5,1.414,False
SCN_010,25,0.8,TGT_001,COMMUNICATION_TARGET,true,468.0,269.0,468.0,269.0,-30.0,30.0,25,25,0,TRACKING,467.0,268.0,1.414,True
SCN_010,25,0.8,TGT_002,DECOY_TARGET,true,364.5,284.5,364.5,284.5,60.0,30.0,25,25,0,TRACKING,363.5,283.5,1.414,False
SCN_010,25,0.8,TGT_003,DECOY_TARGET,true,159.5,354.5,159.5,354.5,30.0,0.0,25,25,0,TRACKING,158.5,353.5,1.414,False
SCN_010,26,0.8333,TGT_001,COMMUNICATION_TARGET,true,468.0,270.0,468.0,270.0,0.0,30.0,26,26,0,TRACKING,467.0,269.0,1.414,True
SCN_010,26,0.8333,TGT_002,DECOY_TARGET,true,366.5,286.5,366.5,286.5,60.0,60.0,26,26,0,TRACKING,365.5,285.5,1.414,False
SCN_010,26,0.8333,TGT_003,DECOY_TARGET,true,159.5,354.5,159.5,354.5,0.0,0.0,26,26,0,TRACKING,158.5,353.5,1.414,False
SCN_010,27,0.8667,TGT_001,COMMUNICATION_TARGET,true,468.0,271.0,468.0,271.0,0.0,30.0,27,27,0,TRACKING,467.0,270.0,1.414,True
SCN_010,27,0.8667,TGT_002,DECOY_TARGET,true,367.5,287.5,367.5,287.5,30.0,30.0,27,27,0,TRACKING,366.5,286.5,1.414,False
SCN_010,27,0.8667,TGT_003,DECOY_TARGET,true,160.5,353.5,160.5,353.5,30.0,-30.0,27,27,0,TRACKING,159.5,352.5,1.414,False
SCN_010,28,0.9,TGT_001,COMMUNICATION_TARGET,true,468.0,272.0,468.0,272.0,0.0,30.0,28,28,0,TRACKING,467.0,271.0,1.414,True
SCN_010,28,0.9,TGT_002,DECOY_TARGET,true,369.5,288.5,369.5,288.5,60.0,30.0,28,28,0,TRACKING,368.5,287.5,1.414,False
SCN_010,28,0.9,TGT_003,DECOY_TARGET,true,161.5,353.5,161.5,353.5,30.0,0.0,28,28,0,TRACKING,160.5,352.5,1.414,False
SCN_010,29,0.9333,TGT_001,COMMUNICATION_TARGET,true,467.0,273.0,467.0,273.0,-30.0,30.0,29,29,0,TRACKING,466.0,272.0,1.414,True
SCN_010,29,0.9333,TGT_002,DECOY_TARGET,true,371.5,290.5,371.5,290.5,60.0,60.0,29,29,0,TRACKING,370.5,289.5,1.414,False
SCN_010,29,0.9333,TGT_003,DECOY_TARGET,true,162.5,353.5,162.5,353.5,30.0,0.0,29,29,0,TRACKING,161.5,352.5,1.414,False
SCN_010,30,0.9667,TGT_001,COMMUNICATION_TARGET,true,467.0,275.0,467.0,275.0,0.0,60.0,30,30,0,TRACKING,466.0,274.0,1.414,True
SCN_010,30,0.9667,TGT_002,DECOY_TARGET,true,372.5,291.5,372.5,291.5,30.0,30.0,30,30,0,TRACKING,371.5,290.5,1.414,False
SCN_010,30,0.9667,TGT_003,DECOY_TARGET,true,162.5,353.5,162.5,353.5,0.0,0.0,30,30,0,TRACKING,161.5,352.5,1.414,False
SCN_010,31,1.0,TGT_001,COMMUNICATION_TARGET,true,467.0,276.0,467.0,276.0,0.0,30.0,31,31,0,TRACKING,466.0,275.0,1.414,True
SCN_010,31,1.0,TGT_002,DECOY_TARGET,true,374.5,292.5,374.5,292.5,60.0,30.0,31,31,0,TRACKING,373.5,291.5,1.414,False
SCN_010,31,1.0,TGT_003,DECOY_TARGET,true,163.5,352.5,163.5,352.5,30.0,-30.0,31,31,0,TRACKING,162.5,351.5,1.414,False
SCN_010,32,1.0333,TGT_001,COMMUNICATION_TARGET,true,467.0,277.0,467.0,277.0,0.0,30.0,32,32,0,TRACKING,466.0,276.0,1.414,True
SCN_010,32,1.0333,TGT_002,DECOY_TARGET,true,376.5,293.5,376.5,293.5,60.0,30.0,32,32,0,TRACKING,375.5,292.5,1.414,False
SCN_010,32,1.0333,TGT_003,DECOY_TARGET,true,164.5,352.5,164.5,352.5,30.0,0.0,32,32,0,TRACKING,163.5,351.5,1.414,False
SCN_010,33,1.0667,TGT_001,COMMUNICATION_TARGET,true,466.0,278.0,466.0,278.0,-30.0,30.0,33,33,0,TRACKING,465.0,277.0,1.414,True
SCN_010,33,1.0667,TGT_002,DECOY_TARGET,true,377.5,294.5,377.5,294.5,30.0,30.0,33,33,0,TRACKING,376.5,293.5,1.414,False
SCN_010,33,1.0667,TGT_003,DECOY_TARGET,true,165.5,352.5,165.5,352.5,30.0,0.0,33,33,0,TRACKING,164.5,351.5,1.414,False
SCN_010,34,1.1,TGT_001,COMMUNICATION_TARGET,true,466.0,279.0,466.0,279.0,0.0,30.0,34,34,0,TRACKING,465.0,278.0,1.414,True
SCN_010,34,1.1,TGT_002,DECOY_TARGET,true,379.5,295.5,379.5,295.5,60.0,30.0,34,34,0,TRACKING,378.5,294.5,1.414,False
SCN_010,34,1.1,TGT_003,DECOY_TARGET,true,165.5,351.5,165.5,351.5,0.0,-30.0,34,34,0,TRACKING,164.5,350.5,1.414,False
SCN_010,35,1.1333,TGT_001,COMMUNICATION_TARGET,true,466.0,280.0,466.0,280.0,0.0,30.0,35,35,0,TRACKING,465.0,279.0,1.414,True
SCN_010,35,1.1333,TGT_002,DECOY_TARGET,true,380.5,296.5,380.5,296.5,30.0,30.0,35,35,0,TRACKING,379.5,295.5,1.414,False
SCN_010,35,1.1333,TGT_003,DECOY_TARGET,true,166.5,351.5,166.5,351.5,30.0,0.0,35,35,0,TRACKING,165.5,350.5,1.414,False
SCN_010,36,1.1667,TGT_001,COMMUNICATION_TARGET,true,465.0,281.0,465.0,281.0,-30.0,30.0,36,36,0,TRACKING,464.0,280.0,1.414,True
SCN_010,36,1.1667,TGT_002,DECOY_TARGET,true,382.5,297.5,382.5,297.5,60.0,30.0,36,36,0,TRACKING,381.5,296.5,1.414,False
SCN_010,36,1.1667,TGT_003,DECOY_TARGET,true,167.5,351.5,167.5,351.5,30.0,0.0,36,36,0,TRACKING,166.5,350.5,1.414,False
SCN_010,37,1.2,TGT_001,COMMUNICATION_TARGET,true,465.0,282.0,465.0,282.0,0.0,30.0,37,37,0,TRACKING,464.0,281.0,1.414,True
SCN_010,37,1.2,TGT_002,DECOY_TARGET,true,383.5,297.5,383.5,297.5,30.0,0.0,37,37,0,TRACKING,382.5,296.5,1.414,False
SCN_010,37,1.2,TGT_003,DECOY_TARGET,true,168.5,351.5,168.5,351.5,30.0,0.0,37,37,0,TRACKING,167.5,350.5,1.414,False
SCN_010,38,1.2333,TGT_001,COMMUNICATION_TARGET,true,465.0,284.0,465.0,284.0,0.0,60.0,38,38,0,TRACKING,464.0,283.0,1.414,True
SCN_010,38,1.2333,TGT_002,DECOY_TARGET,true,385.5,298.5,385.5,298.5,60.0,30.0,38,38,0,TRACKING,384.5,297.5,1.414,False
SCN_010,38,1.2333,TGT_003,DECOY_TARGET,true,168.5,350.5,168.5,350.5,0.0,-30.0,38,38,0,TRACKING,167.5,349.5,1.414,False
SCN_010,39,1.2667,TGT_001,COMMUNICATION_TARGET,true,464.0,285.0,464.0,285.0,-30.0,30.0,39,39,0,TRACKING,463.0,284.0,1.414,True
SCN_010,39,1.2667,TGT_002,DECOY_TARGET,true,386.5,299.5,386.5,299.5,30.0,30.0,39,39,0,TRACKING,385.5,298.5,1.414,False
SCN_010,39,1.2667,TGT_003,DECOY_TARGET,true,169.5,350.5,169.5,350.5,30.0,0.0,39,39,0,TRACKING,168.5,349.5,1.414,False
SCN_010,40,1.3,TGT_001,COMMUNICATION_TARGET,true,464.0,286.0,464.0,286.0,0.0,30.0,40,40,0,TRACKING,463.0,285.0,1.414,True
SCN_010,40,1.3,TGT_002,DECOY_TARGET,true,388.5,299.5,388.5,299.5,60.0,0.0,40,40,0,TRACKING,387.5,298.5,1.414,False
SCN_010,40,1.3,TGT_003,DECOY_TARGET,true,170.5,350.5,170.5,350.5,30.0,0.0,40,40,0,TRACKING,169.5,349.5,1.414,False
SCN_010,41,1.3333,TGT_001,COMMUNICATION_TARGET,true,464.0,287.0,464.0,287.0,0.0,30.0,41,41,0,TRACKING,463.0,286.0,1.414,True
SCN_010,41,1.3333,TGT_002,DECOY_TARGET,true,389.5,300.5,389.5,300.5,30.0,30.0,41,41,0,TRACKING,388.5,299.5,1.414,False
SCN_010,41,1.3333,TGT_003,DECOY_TARGET,true,171.5,350.5,171.5,350.5,30.0,0.0,41,41,0,TRACKING,170.5,349.5,1.414,False
SCN_010,42,1.3667,TGT_001,COMMUNICATION_TARGET,true,463.0,288.0,463.0,288.0,-30.0,30.0,42,42,0,TRACKING,462.0,287.0,1.414,True
SCN_010,42,1.3667,TGT_002,DECOY_TARGET,true,391.5,300.5,391.5,300.5,60.0,0.0,42,42,0,TRACKING,390.5,299.5,1.414,False
SCN_010,42,1.3667,TGT_003,DECOY_TARGET,true,171.5,349.5,171.5,349.5,0.0,-30.0,42,42,0,TRACKING,170.5,348.5,1.414,False
SCN_010,43,1.4,TGT_001,COMMUNICATION_TARGET,true,463.0,289.0,463.0,289.0,0.0,30.0,43,43,0,TRACKING,462.0,288.0,1.414,True
SCN_010,43,1.4,TGT_002,DECOY_TARGET,true,392.5,300.5,392.5,300.5,30.0,0.0,43,43,0,TRACKING,391.5,299.5,1.414,False
SCN_010,43,1.4,TGT_003,DECOY_TARGET,true,172.5,349.5,172.5,349.5,30.0,0.0,43,43,0,TRACKING,171.5,348.5,1.414,False
SCN_010,44,1.4333,TGT_001,COMMUNICATION_TARGET,true,463.0,290.0,463.0,290.0,0.0,30.0,44,44,0,TRACKING,462.0,289.0,1.414,True
SCN_010,44,1.4333,TGT_002,DECOY_TARGET,true,394.5,301.5,394.5,301.5,60.0,30.0,44,44,0,TRACKING,393.5,300.5,1.414,False
SCN_010,44,1.4333,TGT_003,DECOY_TARGET,true,173.5,349.5,173.5,349.5,30.0,0.0,44,44,0,TRACKING,172.5,348.5,1.414,False
SCN_010,45,1.4667,TGT_001,COMMUNICATION_TARGET,true,462.0,291.0,462.0,291.0,-30.0,30.0,45,45,0,TRACKING,461.0,290.0,1.414,True
SCN_010,45,1.4667,TGT_002,DECOY_TARGET,true,395.5,301.5,395.5,301.5,30.0,0.0,45,45,0,TRACKING,394.5,300.5,1.414,False
SCN_010,45,1.4667,TGT_003,DECOY_TARGET,true,174.5,348.5,174.5,348.5,30.0,-30.0,45,45,0,TRACKING,173.5,347.5,1.414,False
SCN_010,46,1.5,TGT_001,COMMUNICATION_TARGET,true,462.0,292.0,462.0,292.0,0.0,30.0,46,46,0,TRACKING,461.0,291.0,1.414,True
SCN_010,46,1.5,TGT_002,DECOY_TARGET,true,396.5,301.5,396.5,301.5,30.0,0.0,46,46,0,TRACKING,395.5,300.5,1.414,False
SCN_010,46,1.5,TGT_003,DECOY_TARGET,true,174.5,348.5,174.5,348.5,0.0,0.0,46,46,0,TRACKING,173.5,347.5,1.414,False
SCN_010,47,1.5333,TGT_001,COMMUNICATION_TARGET,true,462.0,294.0,462.0,294.0,0.0,60.0,47,47,0,TRACKING,461.0,293.0,1.414,True
SCN_010,47,1.5333,TGT_002,DECOY_TARGET,true,398.5,301.5,398.5,301.5,60.0,0.0,47,47,0,TRACKING,397.5,300.5,1.414,False
SCN_010,47,1.5333,TGT_003,DECOY_TARGET,true,175.5,348.5,175.5,348.5,30.0,0.0,47,47,0,TRACKING,174.5,347.5,1.414,False
SCN_010,48,1.5667,TGT_001,COMMUNICATION_TARGET,true,461.0,295.0,461.0,295.0,-30.0,30.0,48,48,0,TRACKING,460.0,294.0,1.414,True
SCN_010,48,1.5667,TGT_002,DECOY_TARGET,true,399.5,301.5,399.5,301.5,30.0,0.0,48,48,0,TRACKING,398.5,300.5,1.414,False
SCN_010,48,1.5667,TGT_003,DECOY_TARGET,true,176.5,348.5,176.5,348.5,30.0,0.0,48,48,0,TRACKING,175.5,347.5,1.414,False
SCN_010,49,1.6,TGT_001,COMMUNICATION_TARGET,true,461.0,296.0,461.0,296.0,0.0,30.0,49,49,0,TRACKING,460.0,295.0,1.414,True
SCN_010,49,1.6,TGT_002,DECOY_TARGET,true,400.5,301.5,400.5,301.5,30.0,0.0,49,49,0,TRACKING,399.5,300.5,1.414,False
SCN_010,49,1.6,TGT_003,DECOY_TARGET,true,177.5,347.5,177.5,347.5,30.0,-30.0,49,49,0,TRACKING,176.5,346.5,1.414,False
SCN_010,50,1.6333,TGT_001,COMMUNICATION_TARGET,true,460.0,297.0,460.0,297.0,-30.0,30.0,50,50,0,TRACKING,459.0,296.0,1.414,True
SCN_010,50,1.6333,TGT_002,DECOY_TARGET,true,402.5,301.5,402.5,301.5,60.0,0.0,50,50,0,TRACKING,401.5,300.5,1.414,False
SCN_010,50,1.6333,TGT_003,DECOY_TARGET,true,177.5,347.5,177.5,347.5,0.0,0.0,50,50,0,TRACKING,176.5,346.5,1.414,False
SCN_010,51,1.6667,TGT_001,COMMUNICATION_TARGET,true,460.0,298.0,460.0,298.0,0.0,30.0,51,51,0,TRACKING,459.0,297.0,1.414,True
SCN_010,51,1.6667,TGT_002,DECOY_TARGET,true,403.5,301.5,403.5,301.5,30.0,0.0,51,51,0,TRACKING,402.5,300.5,1.414,False
SCN_010,51,1.6667,TGT_003,DECOY_TARGET,true,178.5,347.5,178.5,347.5,30.0,0.0,51,51,0,TRACKING,177.5,346.5,1.414,False
SCN_010,52,1.7,TGT_001,COMMUNICATION_TARGET,true,459.0,299.0,459.0,299.0,-30.0,30.0,52,52,0,TRACKING,458.0,298.0,1.414,True
SCN_010,52,1.7,TGT_002,DECOY_TARGET,true,404.5,300.5,404.5,300.5,30.0,-30.0,52,52,0,TRACKING,403.5,299.5,1.414,False
SCN_010,52,1.7,TGT_003,DECOY_TARGET,true,179.5,347.5,179.5,347.5,30.0,0.0,52,52,0,TRACKING,178.5,346.5,1.414,False
SCN_010,53,1.7333,TGT_001,COMMUNICATION_TARGET,true,459.0,300.0,459.0,300.0,0.0,30.0,53,53,0,TRACKING,458.0,299.0,1.414,True
SCN_010,53,1.7333,TGT_002,DECOY_TARGET,true,405.5,300.5,405.5,300.5,30.0,0.0,53,53,0,TRACKING,404.5,299.5,1.414,False
SCN_010,53,1.7333,TGT_003,DECOY_TARGET,true,180.5,346.5,180.5,346.5,30.0,-30.0,53,53,0,TRACKING,179.5,345.5,1.414,False
SCN_010,54,1.7667,TGT_001,COMMUNICATION_TARGET,true,458.0,301.0,458.0,301.0,-30.0,30.0,54,54,0,TRACKING,457.0,300.0,1.414,True
SCN_010,54,1.7667,TGT_002,DECOY_TARGET,true,406.5,300.5,406.5,300.5,30.0,0.0,54,54,0,TRACKING,405.5,299.5,1.414,False
SCN_010,54,1.7667,TGT_003,DECOY_TARGET,true,180.5,346.5,180.5,346.5,0.0,0.0,54,54,0,TRACKING,179.5,345.5,1.414,False
SCN_010,55,1.8,TGT_001,COMMUNICATION_TARGET,true,458.0,302.0,458.0,302.0,0.0,30.0,55,55,0,TRACKING,457.0,301.0,1.414,True
SCN_010,55,1.8,TGT_002,DECOY_TARGET,true,408.5,299.5,408.5,299.5,60.0,-30.0,55,55,0,TRACKING,407.5,298.5,1.414,False
SCN_010,55,1.8,TGT_003,DECOY_TARGET,true,181.5,346.5,181.5,346.5,30.0,0.0,55,55,0,TRACKING,180.5,345.5,1.414,False
SCN_010,56,1.8333,TGT_001,COMMUNICATION_TARGET,true,457.0,303.0,457.0,303.0,-30.0,30.0,56,56,0,TRACKING,456.0,302.0,1.414,True
SCN_010,56,1.8333,TGT_002,DECOY_TARGET,true,409.5,299.5,409.5,299.5,30.0,0.0,56,56,0,TRACKING,408.5,298.5,1.414,False
SCN_010,56,1.8333,TGT_003,DECOY_TARGET,true,182.5,345.5,182.5,345.5,30.0,-30.0,56,56,0,TRACKING,181.5,344.5,1.414,False
SCN_010,57,1.8667,TGT_001,COMMUNICATION_TARGET,true,457.0,304.0,457.0,304.0,0.0,30.0,57,57,0,TRACKING,456.0,303.0,1.414,True
SCN_010,57,1.8667,TGT_002,DECOY_TARGET,true,410.5,298.5,410.5,298.5,30.0,-30.0,57,57,0,TRACKING,409.5,297.5,1.414,False
SCN_010,57,1.8667,TGT_003,DECOY_TARGET,true,183.5,345.5,183.5,345.5,30.0,0.0,57,57,0,TRACKING,182.5,344.5,1.414,False
SCN_010,58,1.9,TGT_001,COMMUNICATION_TARGET,true,456.0,305.0,456.0,305.0,-30.0,30.0,58,58,0,TRACKING,455.0,304.0,1.414,True
SCN_010,58,1.9,TGT_002,DECOY_TARGET,true,411.5,297.5,411.5,297.5,30.0,-30.0,58,58,0,TRACKING,410.5,296.5,1.414,False
SCN_010,58,1.9,TGT_003,DECOY_TARGET,true,183.5,345.5,183.5,345.5,0.0,0.0,58,58,0,TRACKING,182.5,344.5,1.414,False
SCN_010,59,1.9333,TGT_001,COMMUNICATION_TARGET,true,456.0,306.0,456.0,306.0,0.0,30.0,59,59,0,TRACKING,455.0,305.0,1.414,True
SCN_010,59,1.9333,TGT_002,DECOY_TARGET,true,412.5,296.5,412.5,296.5,30.0,-30.0,59,59,0,TRACKING,411.5,295.5,1.414,False
SCN_010,59,1.9333,TGT_003,DECOY_TARGET,true,184.5,345.5,184.5,345.5,30.0,0.0,59,59,0,TRACKING,183.5,344.5,1.414,False
SCN_010,60,1.9667,TGT_001,COMMUNICATION_TARGET,true,455.0,307.0,455.0,307.0,-30.0,30.0,60,60,0,TRACKING,454.0,306.0,1.414,True
SCN_010,60,1.9667,TGT_002,DECOY_TARGET,true,413.5,296.5,413.5,296.5,30.0,0.0,60,60,0,TRACKING,412.5,295.5,1.414,False
SCN_010,60,1.9667,TGT_003,DECOY_TARGET,true,185.5,344.5,185.5,344.5,30.0,-30.0,60,60,0,TRACKING,184.5,343.5,1.414,False
SCN_010,61,2.0,TGT_001,COMMUNICATION_TARGET,true,455.0,308.0,455.0,308.0,0.0,30.0,61,61,0,TRACKING,454.0,307.0,1.414,True
SCN_010,61,2.0,TGT_002,DECOY_TARGET,true,414.5,295.5,414.5,295.5,30.0,-30.0,61,61,0,TRACKING,413.5,294.5,1.414,False
SCN_010,61,2.0,TGT_003,DECOY_TARGET,true,186.5,344.5,186.5,344.5,30.0,0.0,61,61,0,TRACKING,185.5,343.5,1.414,False
SCN_010,62,2.0333,TGT_001,COMMUNICATION_TARGET,true,454.0,310.0,454.0,310.0,-30.0,60.0,62,62,0,TRACKING,453.0,309.0,1.414,True
SCN_010,62,2.0333,TGT_002,DECOY_TARGET,true,415.5,294.5,415.5,294.5,30.0,-30.0,62,62,0,TRACKING,414.5,293.5,1.414,False
SCN_010,62,2.0333,TGT_003,DECOY_TARGET,true,186.5,344.5,186.5,344.5,0.0,0.0,62,62,0,TRACKING,185.5,343.5,1.414,False
SCN_010,63,2.0667,TGT_001,COMMUNICATION_TARGET,true,454.0,311.0,454.0,311.0,0.0,30.0,63,63,0,TRACKING,453.0,310.0,1.414,True
SCN_010,63,2.0667,TGT_002,DECOY_TARGET,true,416.5,293.5,416.5,293.5,30.0,-30.0,63,63,0,TRACKING,415.5,292.5,1.414,False
SCN_010,63,2.0667,TGT_003,DECOY_TARGET,true,187.5,344.5,187.5,344.5,30.0,0.0,63,63,0,TRACKING,186.5,343.5,1.414,False
SCN_010,64,2.1,TGT_001,COMMUNICATION_TARGET,true,453.0,312.0,453.0,312.0,-30.0,30.0,64,64,0,TRACKING,452.0,311.0,1.414,True
SCN_010,64,2.1,TGT_002,DECOY_TARGET,true,417.5,292.5,417.5,292.5,30.0,-30.0,64,64,0,TRACKING,416.5,291.5,1.414,False
SCN_010,64,2.1,TGT_003,DECOY_TARGET,true,188.5,343.5,188.5,343.5,30.0,-30.0,64,64,0,TRACKING,187.5,342.5,1.414,False
SCN_010,65,2.1333,TGT_001,COMMUNICATION_TARGET,true,453.0,313.0,453.0,313.0,0.0,30.0,65,65,0,TRACKING,452.0,312.0,1.414,True
SCN_010,65,2.1333,TGT_002,DECOY_TARGET,true,418.5,291.5,418.5,291.5,30.0,-30.0,65,65,0,TRACKING,417.5,290.5,1.414,False
SCN_010,65,2.1333,TGT_003,DECOY_TARGET,true,189.5,343.5,189.5,343.5,30.0,0.0,65,65,0,TRACKING,188.5,342.5,1.414,False
SCN_010,66,2.1667,TGT_001,COMMUNICATION_TARGET,true,452.0,314.0,452.0,314.0,-30.0,30.0,66,66,0,TRACKING,451.0,313.0,1.414,True
SCN_010,66,2.1667,TGT_002,DECOY_TARGET,true,418.5,290.5,418.5,290.5,0.0,-30.0,66,66,0,TRACKING,417.5,289.5,1.414,False
SCN_010,66,2.1667,TGT_003,DECOY_TARGET,true,189.5,343.5,189.5,343.5,0.0,0.0,66,66,0,TRACKING,188.5,342.5,1.414,False
SCN_010,67,2.2,TGT_001,COMMUNICATION_TARGET,true,452.0,315.0,452.0,315.0,0.0,30.0,67,67,0,TRACKING,451.0,314.0,1.414,True
SCN_010,67,2.2,TGT_002,DECOY_TARGET,true,419.5,288.5,419.5,288.5,30.0,-60.0,67,67,0,TRACKING,418.5,287.5,1.414,False
SCN_010,67,2.2,TGT_003,DECOY_TARGET,true,190.5,342.5,190.5,342.5,30.0,-30.0,67,67,0,TRACKING,189.5,341.5,1.414,False
SCN_010,68,2.2333,TGT_001,COMMUNICATION_TARGET,true,451.0,316.0,451.0,316.0,-30.0,30.0,68,68,0,TRACKING,450.0,315.0,1.414,True
SCN_010,68,2.2333,TGT_002,DECOY_TARGET,true,420.5,287.5,420.5,287.5,30.0,-30.0,68,68,0,TRACKING,419.5,286.5,1.414,False
SCN_010,68,2.2333,TGT_003,DECOY_TARGET,true,191.5,342.5,191.5,342.5,30.0,0.0,68,68,0,TRACKING,190.5,341.5,1.414,False
SCN_010,69,2.2667,TGT_001,COMMUNICATION_TARGET,true,451.0,317.0,451.0,317.0,0.0,30.0,69,69,0,TRACKING,450.0,316.0,1.414,True
SCN_010,69,2.2667,TGT_002,DECOY_TARGET,true,421.5,286.5,421.5,286.5,30.0,-30.0,69,69,0,TRACKING,420.5,285.5,1.414,False
SCN_010,69,2.2667,TGT_003,DECOY_TARGET,true,192.5,342.5,192.5,342.5,30.0,0.0,69,69,0,TRACKING,191.5,341.5,1.414,False
SCN_010,70,2.3,TGT_001,COMMUNICATION_TARGET,true,450.0,318.0,450.0,318.0,-30.0,30.0,70,70,0,TRACKING,449.0,317.0,1.414,True
SCN_010,70,2.3,TGT_002,DECOY_TARGET,true,422.5,284.5,422.5,284.5,30.0,-60.0,70,70,0,TRACKING,421.5,283.5,1.414,False
SCN_010,70,2.3,TGT_003,DECOY_TARGET,true,192.5,342.5,192.5,342.5,0.0,0.0,70,70,0,TRACKING,191.5,341.5,1.414,False
SCN_010,71,2.3333,TGT_001,COMMUNICATION_TARGET,true,449.0,319.0,449.0,319.0,-30.0,30.0,71,71,0,TRACKING,448.0,318.0,1.414,True
SCN_010,71,2.3333,TGT_002,DECOY_TARGET,true,422.5,283.5,422.5,283.5,0.0,-30.0,71,71,0,TRACKING,421.5,282.5,1.414,False
SCN_010,71,2.3333,TGT_003,DECOY_TARGET,true,193.5,341.5,193.5,341.5,30.0,-30.0,71,71,0,TRACKING,192.5,340.5,1.414,False
SCN_010,72,2.3667,TGT_001,COMMUNICATION_TARGET,true,449.0,320.0,449.0,320.0,0.0,30.0,72,72,0,TRACKING,448.0,319.0,1.414,True
SCN_010,72,2.3667,TGT_002,DECOY_TARGET,true,423.5,281.5,423.5,281.5,30.0,-60.0,72,72,0,TRACKING,422.5,280.5,1.414,False
SCN_010,72,2.3667,TGT_003,DECOY_TARGET,true,194.5,341.5,194.5,341.5,30.0,0.0,72,72,0,TRACKING,193.5,340.5,1.414,False
SCN_010,73,2.4,TGT_001,COMMUNICATION_TARGET,true,448.0,321.0,448.0,321.0,-30.0,30.0,73,73,0,TRACKING,447.0,320.0,1.414,True
SCN_010,73,2.4,TGT_002,DECOY_TARGET,true,424.5,280.5,424.5,280.5,30.0,-30.0,73,73,0,TRACKING,423.5,279.5,1.414,False
SCN_010,73,2.4,TGT_003,DECOY_TARGET,true,195.5,341.5,195.5,341.5,30.0,0.0,73,73,0,TRACKING,194.5,340.5,1.414,False
SCN_010,74,2.4333,TGT_001,COMMUNICATION_TARGET,true,447.0,322.0,447.0,322.0,-30.0,30.0,74,74,0,TRACKING,446.0,321.0,1.414,True
SCN_010,74,2.4333,TGT_002,DECOY_TARGET,true,424.5,278.5,424.5,278.5,0.0,-60.0,74,74,0,TRACKING,423.5,277.5,1.414,False
SCN_010,74,2.4333,TGT_003,DECOY_TARGET,true,195.5,341.5,195.5,341.5,0.0,0.0,74,74,0,TRACKING,194.5,340.5,1.414,False
SCN_010,75,2.4667,TGT_001,COMMUNICATION_TARGET,true,447.0,323.0,447.0,323.0,0.0,30.0,75,75,0,TRACKING,446.0,322.0,1.414,True
SCN_010,75,2.4667,TGT_002,DECOY_TARGET,true,425.5,277.5,425.5,277.5,30.0,-30.0,75,75,0,TRACKING,424.5,276.5,1.414,False
SCN_010,75,2.4667,TGT_003,DECOY_TARGET,true,196.5,340.5,196.5,340.5,30.0,-30.0,75,75,0,TRACKING,195.5,339.5,1.414,False
SCN_010,76,2.5,TGT_001,COMMUNICATION_TARGET,true,446.0,324.0,446.0,324.0,-30.0,30.0,76,76,0,TRACKING,445.0,323.0,1.414,True
SCN_010,76,2.5,TGT_002,DECOY_TARGET,true,425.5,275.5,425.5,275.5,0.0,-60.0,76,76,0,TRACKING,424.5,274.5,1.414,False
SCN_010,76,2.5,TGT_003,DECOY_TARGET,true,197.5,340.5,197.5,340.5,30.0,0.0,76,76,0,TRACKING,196.5,339.5,1.414,False
SCN_010,77,2.5333,TGT_001,COMMUNICATION_TARGET,true,446.0,325.0,446.0,325.0,0.0,30.0,77,77,0,TRACKING,445.0,324.0,1.414,True
SCN_010,77,2.5333,TGT_002,DECOY_TARGET,true,426.5,273.5,426.5,273.5,30.0,-60.0,77,77,0,TRACKING,425.5,272.5,1.414,False
SCN_010,77,2.5333,TGT_003,DECOY_TARGET,true,198.5,340.5,198.5,340.5,30.0,0.0,77,77,0,TRACKING,197.5,339.5,1.414,False
SCN_010,78,2.5667,TGT_001,COMMUNICATION_TARGET,true,445.0,326.0,445.0,326.0,-30.0,30.0,78,78,0,TRACKING,444.0,325.0,1.414,True
SCN_010,78,2.5667,TGT_002,DECOY_TARGET,true,427.5,272.5,427.5,272.5,30.0,-30.0,78,78,0,TRACKING,426.5,271.5,1.414,False
SCN_010,78,2.5667,TGT_003,DECOY_TARGET,true,198.5,339.5,198.5,339.5,0.0,-30.0,78,78,0,TRACKING,197.5,338.5,1.414,False
SCN_010,79,2.6,TGT_001,COMMUNICATION_TARGET,true,444.0,327.0,444.0,327.0,-30.0,30.0,79,79,0,TRACKING,443.0,326.0,1.414,True
SCN_010,79,2.6,TGT_002,DECOY_TARGET,true,427.5,270.5,427.5,270.5,0.0,-60.0,79,79,0,TRACKING,426.5,269.5,1.414,False
SCN_010,79,2.6,TGT_003,DECOY_TARGET,true,199.5,339.5,199.5,339.5,30.0,0.0,79,79,0,TRACKING,198.5,338.5,1.414,False
SCN_010,80,2.6333,TGT_001,COMMUNICATION_TARGET,true,444.0,327.0,444.0,327.0,0.0,0.0,80,80,0,TRACKING,443.0,326.0,1.414,True
SCN_010,80,2.6333,TGT_002,DECOY_TARGET,true,427.5,268.5,427.5,268.5,0.0,-60.0,80,80,0,TRACKING,426.5,267.5,1.414,False
SCN_010,80,2.6333,TGT_003,DECOY_TARGET,true,200.5,339.5,200.5,339.5,30.0,0.0,80,80,0,TRACKING,199.5,338.5,1.414,False
SCN_010,81,2.6667,TGT_001,COMMUNICATION_TARGET,true,443.0,328.0,443.0,328.0,-30.0,30.0,81,81,0,TRACKING,442.0,327.0,1.414,True
SCN_010,81,2.6667,TGT_002,DECOY_TARGET,true,428.5,266.5,428.5,266.5,30.0,-60.0,81,81,0,TRACKING,427.5,265.5,1.414,False
SCN_010,81,2.6667,TGT_003,DECOY_TARGET,true,201.5,339.5,201.5,339.5,30.0,0.0,81,81,0,TRACKING,200.5,338.5,1.414,False
SCN_010,82,2.7,TGT_001,COMMUNICATION_TARGET,true,442.0,329.0,442.0,329.0,-30.0,30.0,82,82,0,TRACKING,441.0,328.0,1.414,True
SCN_010,82,2.7,TGT_002,DECOY_TARGET,true,428.5,264.5,428.5,264.5,0.0,-60.0,82,82,0,TRACKING,427.5,263.5,1.414,False
SCN_010,82,2.7,TGT_003,DECOY_TARGET,true,201.5,338.5,201.5,338.5,0.0,-30.0,82,82,0,TRACKING,200.5,337.5,1.414,False
SCN_010,83,2.7333,TGT_001,COMMUNICATION_TARGET,true,442.0,330.0,442.0,330.0,0.0,30.0,83,83,0,TRACKING,441.0,329.0,1.414,True
SCN_010,83,2.7333,TGT_002,DECOY_TARGET,true,429.5,262.5,429.5,262.5,30.0,-60.0,83,83,0,TRACKING,428.5,261.5,1.414,False
SCN_010,83,2.7333,TGT_003,DECOY_TARGET,true,202.5,338.5,202.5,338.5,30.0,0.0,83,83,0,TRACKING,201.5,337.5,1.414,False
SCN_010,84,2.7667,TGT_001,COMMUNICATION_TARGET,true,441.0,331.0,441.0,331.0,-30.0,30.0,84,84,0,TRACKING,440.0,330.0,1.414,True
SCN_010,84,2.7667,TGT_002,DECOY_TARGET,true,429.5,260.5,429.5,260.5,0.0,-60.0,84,84,0,TRACKING,428.5,259.5,1.414,False
SCN_010,84,2.7667,TGT_003,DECOY_TARGET,true,203.5,338.5,203.5,338.5,30.0,0.0,84,84,0,TRACKING,202.5,337.5,1.414,False
SCN_010,85,2.8,TGT_001,COMMUNICATION_TARGET,true,440.0,332.0,440.0,332.0,-30.0,30.0,85,85,0,TRACKING,439.0,331.0,1.414,True
SCN_010,85,2.8,TGT_002,DECOY_TARGET,true,429.5,259.5,429.5,259.5,0.0,-30.0,85,85,0,TRACKING,428.5,258.5,1.414,False
SCN_010,85,2.8,TGT_003,DECOY_TARGET,true,204.5,338.5,204.5,338.5,30.0,0.0,85,85,0,TRACKING,203.5,337.5,1.414,False
SCN_010,86,2.8333,TGT_001,COMMUNICATION_TARGET,true,439.0,333.0,439.0,333.0,-30.0,30.0,86,86,0,TRACKING,438.0,332.0,1.414,True
SCN_010,86,2.8333,TGT_002,DECOY_TARGET,true,430.5,257.5,430.5,257.5,30.0,-60.0,86,86,0,TRACKING,429.5,256.5,1.414,False
SCN_010,86,2.8333,TGT_003,DECOY_TARGET,true,204.5,337.5,204.5,337.5,0.0,-30.0,86,86,0,TRACKING,203.5,336.5,1.414,False
SCN_010,87,2.8667,TGT_001,COMMUNICATION_TARGET,true,439.0,334.0,439.0,334.0,0.0,30.0,87,87,0,TRACKING,438.0,333.0,1.414,True
SCN_010,87,2.8667,TGT_002,DECOY_TARGET,true,430.5,255.5,430.5,255.5,0.0,-60.0,87,87,0,TRACKING,429.5,254.5,1.414,False
SCN_010,87,2.8667,TGT_003,DECOY_TARGET,true,205.5,337.5,205.5,337.5,30.0,0.0,87,87,0,TRACKING,204.5,336.5,1.414,False
SCN_010,88,2.9,TGT_001,COMMUNICATION_TARGET,true,438.0,335.0,438.0,335.0,-30.0,30.0,88,88,0,TRACKING,437.0,334.0,1.414,True
SCN_010,88,2.9,TGT_002,DECOY_TARGET,true,430.5,253.5,430.5,253.5,0.0,-60.0,88,88,0,TRACKING,429.5,252.5,1.414,False
SCN_010,88,2.9,TGT_003,DECOY_TARGET,true,206.5,337.5,206.5,337.5,30.0,0.0,88,88,0,TRACKING,205.5,336.5,1.414,False
SCN_010,89,2.9333,TGT_001,COMMUNICATION_TARGET,true,437.0,336.0,437.0,336.0,-30.0,30.0,89,89,0,TRACKING,436.0,335.0,1.414,True
SCN_010,89,2.9333,TGT_002,DECOY_TARGET,true,430.5,251.5,430.5,251.5,0.0,-60.0,89,89,0,TRACKING,429.5,250.5,1.414,False
SCN_010,89,2.9333,TGT_003,DECOY_TARGET,true,207.5,336.5,207.5,336.5,30.0,-30.0,89,89,0,TRACKING,206.5,335.5,1.414,False
SCN_010,90,2.9667,TGT_001,COMMUNICATION_TARGET,true,436.0,337.0,436.0,337.0,-30.0,30.0,90,90,0,TRACKING,435.0,336.0,1.414,True
SCN_010,90,2.9667,TGT_002,DECOY_TARGET,true,430.5,249.5,430.5,249.5,0.0,-60.0,90,90,0,TRACKING,429.5,248.5,1.414,False
SCN_010,90,2.9667,TGT_003,DECOY_TARGET,true,207.5,336.5,207.5,336.5,0.0,0.0,90,90,0,TRACKING,206.5,335.5,1.414,False
SCN_010,91,3.0,TGT_001,COMMUNICATION_TARGET,true,436.0,338.0,436.0,338.0,0.0,30.0,91,91,0,TRACKING,435.0,337.0,1.414,True
SCN_010,91,3.0,TGT_002,DECOY_TARGET,true,430.5,247.5,430.5,247.5,0.0,-60.0,91,91,0,TRACKING,429.5,246.5,1.414,False
SCN_010,91,3.0,TGT_003,DECOY_TARGET,true,208.5,336.5,208.5,336.5,30.0,0.0,91,91,0,TRACKING,207.5,335.5,1.414,False
SCN_010,92,3.0333,TGT_001,COMMUNICATION_TARGET,true,435.0,339.0,435.0,339.0,-30.0,30.0,92,92,0,TRACKING,434.0,338.0,1.414,True
SCN_010,92,3.0333,TGT_002,DECOY_TARGET,true,430.5,244.5,430.5,244.5,0.0,-90.0,92,92,0,TRACKING,429.5,243.5,1.414,False
SCN_010,92,3.0333,TGT_003,DECOY_TARGET,true,209.5,336.5,209.5,336.5,30.0,0.0,92,92,0,TRACKING,208.5,335.5,1.414,False
SCN_010,93,3.0667,TGT_001,COMMUNICATION_TARGET,true,434.0,339.0,434.0,339.0,-30.0,0.0,93,93,0,TRACKING,433.0,338.0,1.414,True
SCN_010,93,3.0667,TGT_002,DECOY_TARGET,true,430.5,242.5,430.5,242.5,0.0,-60.0,93,93,0,TRACKING,429.5,241.5,1.414,False
SCN_010,93,3.0667,TGT_003,DECOY_TARGET,true,210.5,335.5,210.5,335.5,30.0,-30.0,93,93,0,TRACKING,209.5,334.5,1.414,False
SCN_010,94,3.1,TGT_001,COMMUNICATION_TARGET,true,433.0,340.0,433.0,340.0,-30.0,30.0,94,94,0,TRACKING,432.0,339.0,1.414,True
SCN_010,94,3.1,TGT_002,DECOY_TARGET,true,430.5,240.5,430.5,240.5,0.0,-60.0,94,94,0,TRACKING,429.5,239.5,1.414,False
SCN_010,94,3.1,TGT_003,DECOY_TARGET,true,210.5,335.5,210.5,335.5,0.0,0.0,94,94,0,TRACKING,209.5,334.5,1.414,False
SCN_010,95,3.1333,TGT_001,COMMUNICATION_TARGET,true,433.0,341.0,433.0,341.0,0.0,30.0,95,95,0,TRACKING,432.0,340.0,1.414,True
SCN_010,95,3.1333,TGT_002,DECOY_TARGET,true,430.5,238.5,430.5,238.5,0.0,-60.0,95,95,0,TRACKING,429.5,237.5,1.414,False
SCN_010,95,3.1333,TGT_003,DECOY_TARGET,true,211.5,335.5,211.5,335.5,30.0,0.0,95,95,0,TRACKING,210.5,334.5,1.414,False
SCN_010,96,3.1667,TGT_001,COMMUNICATION_TARGET,true,432.0,342.0,432.0,342.0,-30.0,30.0,96,96,0,TRACKING,431.0,341.0,1.414,True
SCN_010,96,3.1667,TGT_002,DECOY_TARGET,true,430.5,236.5,430.5,236.5,0.0,-60.0,96,96,0,TRACKING,429.5,235.5,1.414,False
SCN_010,96,3.1667,TGT_003,DECOY_TARGET,true,212.5,335.5,212.5,335.5,30.0,0.0,96,96,0,TRACKING,211.5,334.5,1.414,False
SCN_010,97,3.2,TGT_001,COMMUNICATION_TARGET,true,431.0,343.0,431.0,343.0,-30.0,30.0,97,97,0,TRACKING,430.0,342.0,1.414,True
SCN_010,97,3.2,TGT_002,DECOY_TARGET,true,430.5,234.5,430.5,234.5,0.0,-60.0,97,97,0,TRACKING,429.5,233.5,1.414,False
SCN_010,97,3.2,TGT_003,DECOY_TARGET,true,213.5,334.5,213.5,334.5,30.0,-30.0,97,97,0,TRACKING,212.5,333.5,1.414,False
SCN_010,98,3.2333,TGT_001,COMMUNICATION_TARGET,true,430.0,344.0,430.0,344.0,-30.0,30.0,98,98,0,TRACKING,429.0,343.0,1.414,True
SCN_010,98,3.2333,TGT_002,DECOY_TARGET,true,430.5,232.5,430.5,232.5,0.0,-60.0,98,98,0,TRACKING,429.5,231.5,1.414,False
SCN_010,98,3.2333,TGT_003,DECOY_TARGET,true,213.5,334.5,213.5,334.5,0.0,0.0,98,98,0,TRACKING,212.5,333.5,1.414,False
SCN_010,99,3.2667,TGT_001,COMMUNICATION_TARGET,true,429.0,345.0,429.0,345.0,-30.0,30.0,99,99,0,TRACKING,428.0,344.0,1.414,True
SCN_010,99,3.2667,TGT_002,DECOY_TARGET,true,430.5,230.5,430.5,230.5,0.0,-60.0,99,99,0,TRACKING,429.5,229.5,1.414,False
SCN_010,99,3.2667,TGT_003,DECOY_TARGET,true,214.5,334.5,214.5,334.5,30.0,0.0,99,99,0,TRACKING,213.5,333.5,1.414,False
SCN_010,100,3.3,TGT_001,COMMUNICATION_TARGET,true,429.0,345.0,429.0,345.0,0.0,0.0,100,100,0,TRACKING,428.0,344.0,1.414,True
SCN_010,100,3.3,TGT_002,DECOY_TARGET,true,430.5,228.5,430.5,228.5,0.0,-60.0,100,100,0,TRACKING,429.5,227.5,1.414,False
SCN_010,100,3.3,TGT_003,DECOY_TARGET,true,215.5,333.5,215.5,333.5,30.0,-30.0,100,100,0,TRACKING,214.5,332.5,1.414,False
SCN_010,101,3.3333,TGT_001,COMMUNICATION_TARGET,true,428.0,346.0,428.0,346.0,-30.0,30.0,101,101,0,TRACKING,427.0,345.0,1.414,True
SCN_010,101,3.3333,TGT_002,DECOY_TARGET,true,430.5,226.5,430.5,226.5,0.0,-60.0,101,101,0,TRACKING,429.5,225.5,1.414,False
SCN_010,101,3.3333,TGT_003,DECOY_TARGET,true,216.5,333.5,216.5,333.5,30.0,0.0,101,101,0,TRACKING,215.5,332.5,1.414,False
SCN_010,102,3.3667,TGT_001,COMMUNICATION_TARGET,true,427.0,347.0,427.0,347.0,-30.0,30.0,102,102,0,TRACKING,426.0,346.0,1.414,True
SCN_010,102,3.3667,TGT_002,DECOY_TARGET,true,429.5,224.5,429.5,224.5,-30.0,-60.0,102,102,0,TRACKING,428.5,223.5,1.414,False
SCN_010,102,3.3667,TGT_003,DECOY_TARGET,true,216.5,333.5,216.5,333.5,0.0,0.0,102,102,0,TRACKING,215.5,332.5,1.414,False
SCN_010,103,3.4,TGT_001,COMMUNICATION_TARGET,true,426.0,348.0,426.0,348.0,-30.0,30.0,103,103,0,TRACKING,425.0,347.0,1.414,True
SCN_010,103,3.4,TGT_002,DECOY_TARGET,true,429.5,222.5,429.5,222.5,0.0,-60.0,103,103,0,TRACKING,428.5,221.5,1.414,False
SCN_010,103,3.4,TGT_003,DECOY_TARGET,true,217.5,333.5,217.5,333.5,30.0,0.0,103,103,0,TRACKING,216.5,332.5,1.414,False
SCN_010,104,3.4333,TGT_001,COMMUNICATION_TARGET,true,425.0,349.0,425.0,349.0,-30.0,30.0,104,104,0,TRACKING,424.0,348.0,1.414,True
SCN_010,104,3.4333,TGT_002,DECOY_TARGET,true,429.5,220.5,429.5,220.5,0.0,-60.0,104,104,0,TRACKING,428.5,219.5,1.414,False
SCN_010,104,3.4333,TGT_003,DECOY_TARGET,true,218.5,332.5,218.5,332.5,30.0,-30.0,104,104,0,TRACKING,217.5,331.5,1.414,False
SCN_010,105,3.4667,TGT_001,COMMUNICATION_TARGET,true,425.0,350.0,425.0,350.0,0.0,30.0,105,105,0,TRACKING,424.0,349.0,1.414,True
SCN_010,105,3.4667,TGT_002,DECOY_TARGET,true,429.5,218.5,429.5,218.5,0.0,-60.0,105,105,0,TRACKING,428.5,217.5,1.414,False
SCN_010,105,3.4667,TGT_003,DECOY_TARGET,true,219.5,332.5,219.5,332.5,30.0,0.0,105,105,0,TRACKING,218.5,331.5,1.414,False
SCN_010,106,3.5,TGT_001,COMMUNICATION_TARGET,true,424.0,350.0,424.0,350.0,-30.0,0.0,106,106,0,TRACKING,423.0,349.0,1.414,True
SCN_010,106,3.5,TGT_002,DECOY_TARGET,true,428.5,217.5,428.5,217.5,-30.0,-30.0,106,106,0,TRACKING,427.5,216.5,1.414,False
SCN_010,106,3.5,TGT_003,DECOY_TARGET,true,219.5,332.5,219.5,332.5,0.0,0.0,106,106,0,TRACKING,218.5,331.5,1.414,False
SCN_010,107,3.5333,TGT_001,COMMUNICATION_TARGET,true,423.0,351.0,423.0,351.0,-30.0,30.0,107,107,0,TRACKING,422.0,350.0,1.414,True
SCN_010,107,3.5333,TGT_002,DECOY_TARGET,true,428.5,215.5,428.5,215.5,0.0,-60.0,107,107,0,TRACKING,427.5,214.5,1.414,False
SCN_010,107,3.5333,TGT_003,DECOY_TARGET,true,220.5,331.5,220.5,331.5,30.0,-30.0,107,107,0,TRACKING,219.5,330.5,1.414,False
SCN_010,108,3.5667,TGT_001,COMMUNICATION_TARGET,true,422.0,352.0,422.0,352.0,-30.0,30.0,108,108,0,TRACKING,421.0,351.0,1.414,True
SCN_010,108,3.5667,TGT_002,DECOY_TARGET,true,427.5,213.5,427.5,213.5,-30.0,-60.0,108,108,0,TRACKING,426.5,212.5,1.414,False
SCN_010,108,3.5667,TGT_003,DECOY_TARGET,true,221.5,331.5,221.5,331.5,30.0,0.0,108,108,0,TRACKING,220.5,330.5,1.414,False
SCN_010,109,3.6,TGT_001,COMMUNICATION_TARGET,true,421.0,353.0,421.0,353.0,-30.0,30.0,109,109,0,TRACKING,420.0,352.0,1.414,True
SCN_010,109,3.6,TGT_002,DECOY_TARGET,true,427.5,211.5,427.5,211.5,0.0,-60.0,109,109,0,TRACKING,426.5,210.5,1.414,False
SCN_010,109,3.6,TGT_003,DECOY_TARGET,true,222.5,331.5,222.5,331.5,30.0,0.0,109,109,0,TRACKING,221.5,330.5,1.414,False
SCN_010,110,3.6333,TGT_001,COMMUNICATION_TARGET,true,420.0,353.0,420.0,353.0,-30.0,0.0,110,110,0,TRACKING,419.0,352.0,1.414,True
SCN_010,110,3.6333,TGT_002,DECOY_TARGET,true,426.5,209.5,426.5,209.5,-30.0,-60.0,110,110,0,TRACKING,425.5,208.5,1.414,False
SCN_010,110,3.6333,TGT_003,DECOY_TARGET,true,222.5,331.5,222.5,331.5,0.0,0.0,110,110,0,TRACKING,221.5,330.5,1.414,False
SCN_010,111,3.6667,TGT_001,COMMUNICATION_TARGET,true,419.0,354.0,419.0,354.0,-30.0,30.0,111,111,0,TRACKING,418.0,353.0,1.414,True
SCN_010,111,3.6667,TGT_002,DECOY_TARGET,true,426.5,208.5,426.5,208.5,0.0,-30.0,111,111,0,TRACKING,425.5,207.5,1.414,False
SCN_010,111,3.6667,TGT_003,DECOY_TARGET,true,223.5,330.5,223.5,330.5,30.0,-30.0,111,111,0,TRACKING,222.5,329.5,1.414,False
SCN_010,112,3.7,TGT_001,COMMUNICATION_TARGET,true,418.0,355.0,418.0,355.0,-30.0,30.0,112,112,0,TRACKING,417.0,354.0,1.414,True
SCN_010,112,3.7,TGT_002,DECOY_TARGET,true,425.5,206.5,425.5,206.5,-30.0,-60.0,112,112,0,TRACKING,424.5,205.5,1.414,False
SCN_010,112,3.7,TGT_003,DECOY_TARGET,true,224.5,330.5,224.5,330.5,30.0,0.0,112,112,0,TRACKING,223.5,329.5,1.414,False
SCN_010,113,3.7333,TGT_001,COMMUNICATION_TARGET,true,418.0,356.0,418.0,356.0,0.0,30.0,113,113,0,TRACKING,417.0,355.0,1.414,True
SCN_010,113,3.7333,TGT_002,DECOY_TARGET,true,425.5,204.5,425.5,204.5,0.0,-60.0,113,113,0,TRACKING,424.5,203.5,1.414,False
SCN_010,113,3.7333,TGT_003,DECOY_TARGET,true,225.5,330.5,225.5,330.5,30.0,0.0,113,113,0,TRACKING,224.5,329.5,1.414,False
SCN_010,114,3.7667,TGT_001,COMMUNICATION_TARGET,true,417.0,357.0,417.0,357.0,-30.0,30.0,114,114,0,TRACKING,416.0,356.0,1.414,True
SCN_010,114,3.7667,TGT_002,DECOY_TARGET,true,424.5,203.5,424.5,203.5,-30.0,-30.0,114,114,0,TRACKING,423.5,202.5,1.414,False
SCN_010,114,3.7667,TGT_003,DECOY_TARGET,true,225.5,330.5,225.5,330.5,0.0,0.0,114,114,0,TRACKING,224.5,329.5,1.414,False
SCN_010,115,3.8,TGT_001,COMMUNICATION_TARGET,true,416.0,357.0,416.0,357.0,-30.0,0.0,115,115,0,TRACKING,415.0,356.0,1.414,True
SCN_010,115,3.8,TGT_002,DECOY_TARGET,true,424.5,201.5,424.5,201.5,0.0,-60.0,115,115,0,TRACKING,423.5,200.5,1.414,False
SCN_010,115,3.8,TGT_003,DECOY_TARGET,true,226.5,329.5,226.5,329.5,30.0,-30.0,115,115,0,TRACKING,225.5,328.5,1.414,False
SCN_010,116,3.8333,TGT_001,COMMUNICATION_TARGET,true,415.0,358.0,415.0,358.0,-30.0,30.0,116,116,0,TRACKING,414.0,357.0,1.414,True
SCN_010,116,3.8333,TGT_002,DECOY_TARGET,true,423.5,199.5,423.5,199.5,-30.0,-60.0,116,116,0,TRACKING,422.5,198.5,1.414,False
SCN_010,116,3.8333,TGT_003,DECOY_TARGET,true,227.5,329.5,227.5,329.5,30.0,0.0,116,116,0,TRACKING,226.5,328.5,1.414,False
SCN_010,117,3.8667,TGT_001,COMMUNICATION_TARGET,true,414.0,359.0,414.0,359.0,-30.0,30.0,117,117,0,TRACKING,413.0,358.0,1.414,True
SCN_010,117,3.8667,TGT_002,DECOY_TARGET,true,422.5,198.5,422.5,198.5,-30.0,-30.0,117,117,0,TRACKING,421.5,197.5,1.414,False
SCN_010,117,3.8667,TGT_003,DECOY_TARGET,true,228.5,329.5,228.5,329.5,30.0,0.0,117,117,0,TRACKING,227.5,328.5,1.414,False
SCN_010,118,3.9,TGT_001,COMMUNICATION_TARGET,true,413.0,359.0,413.0,359.0,-30.0,0.0,118,118,0,TRACKING,412.0,358.0,1.414,True
SCN_010,118,3.9,TGT_002,DECOY_TARGET,true,422.5,197.5,422.5,197.5,0.0,-30.0,118,118,0,TRACKING,421.5,196.5,1.414,False
SCN_010,118,3.9,TGT_003,DECOY_TARGET,true,228.5,328.5,228.5,328.5,0.0,-30.0,118,118,0,TRACKING,227.5,327.5,1.414,False
SCN_010,119,3.9333,TGT_001,COMMUNICATION_TARGET,true,412.0,360.0,412.0,360.0,-30.0,30.0,119,119,0,TRACKING,411.0,359.0,1.414,True
SCN_010,119,3.9333,TGT_002,DECOY_TARGET,true,421.5,195.5,421.5,195.5,-30.0,-60.0,119,119,0,TRACKING,420.5,194.5,1.414,False
SCN_010,119,3.9333,TGT_003,DECOY_TARGET,true,229.5,328.5,229.5,328.5,30.0,0.0,119,119,0,TRACKING,228.5,327.5,1.414,False
SCN_010,120,3.9667,TGT_001,COMMUNICATION_TARGET,true,411.0,361.0,411.0,361.0,-30.0,30.0,120,120,0,TRACKING,410.0,360.0,1.414,True
SCN_010,120,3.9667,TGT_002,DECOY_TARGET,true,420.5,194.5,420.5,194.5,-30.0,-30.0,120,120,0,TRACKING,419.5,193.5,1.414,False
SCN_010,120,3.9667,TGT_003,DECOY_TARGET,true,230.5,328.5,230.5,328.5,30.0,0.0,120,120,0,TRACKING,229.5,327.5,1.414,False
SCN_010,121,4.0,TGT_001,COMMUNICATION_TARGET,true,410.0,362.0,410.0,362.0,-30.0,30.0,121,121,0,TRACKING,409.0,361.0,1.414,True
SCN_010,121,4.0,TGT_002,DECOY_TARGET,true,419.5,193.5,419.5,193.5,-30.0,-30.0,121,121,0,TRACKING,418.5,192.5,1.414,False
SCN_010,121,4.0,TGT_003,DECOY_TARGET,true,231.5,328.5,231.5,328.5,30.0,0.0,121,121,0,TRACKING,230.5,327.5,1.414,False
SCN_010,122,4.0333,TGT_001,COMMUNICATION_TARGET,true,409.0,362.0,409.0,362.0,-30.0,0.0,122,122,0,TRACKING,408.0,361.0,1.414,True
SCN_010,122,4.0333,TGT_002,DECOY_TARGET,true,418.5,191.5,418.5,191.5,-30.0,-60.0,122,122,0,TRACKING,417.5,190.5,1.414,False
SCN_010,122,4.0333,TGT_003,DECOY_TARGET,true,231.5,327.5,231.5,327.5,0.0,-30.0,122,122,0,TRACKING,230.5,326.5,1.414,False
SCN_010,123,4.0667,TGT_001,COMMUNICATION_TARGET,true,408.0,363.0,408.0,363.0,-30.0,30.0,123,123,0,TRACKING,407.0,362.0,1.414,True
SCN_010,123,4.0667,TGT_002,DECOY_TARGET,true,418.5,190.5,418.5,190.5,0.0,-30.0,123,123,0,TRACKING,417.5,189.5,1.414,False
SCN_010,123,4.0667,TGT_003,DECOY_TARGET,true,232.5,327.5,232.5,327.5,30.0,0.0,123,123,0,TRACKING,231.5,326.5,1.414,False
SCN_010,124,4.1,TGT_001,COMMUNICATION_TARGET,true,407.0,364.0,407.0,364.0,-30.0,30.0,124,124,0,TRACKING,406.0,363.0,1.414,True
SCN_010,124,4.1,TGT_002,DECOY_TARGET,true,417.5,189.5,417.5,189.5,-30.0,-30.0,124,124,0,TRACKING,416.5,188.5,1.414,False
SCN_010,124,4.1,TGT_003,DECOY_TARGET,true,233.5,327.5,233.5,327.5,30.0,0.0,124,124,0,TRACKING,232.5,326.5,1.414,False
SCN_010,125,4.1333,TGT_001,COMMUNICATION_TARGET,true,406.0,364.0,406.0,364.0,-30.0,0.0,125,125,0,TRACKING,405.0,363.0,1.414,True
SCN_010,125,4.1333,TGT_002,DECOY_TARGET,true,416.5,188.5,416.5,188.5,-30.0,-30.0,125,125,0,TRACKING,415.5,187.5,1.414,False
SCN_010,125,4.1333,TGT_003,DECOY_TARGET,true,234.5,327.5,234.5,327.5,30.0,0.0,125,125,0,TRACKING,233.5,326.5,1.414,False
SCN_010,126,4.1667,TGT_001,COMMUNICATION_TARGET,true,406.0,365.0,406.0,365.0,0.0,30.0,126,126,0,TRACKING,405.0,364.0,1.414,True
SCN_010,126,4.1667,TGT_002,DECOY_TARGET,true,415.5,187.5,415.5,187.5,-30.0,-30.0,126,126,0,TRACKING,414.5,186.5,1.414,False
SCN_010,126,4.1667,TGT_003,DECOY_TARGET,true,234.5,326.5,234.5,326.5,0.0,-30.0,126,126,0,TRACKING,233.5,325.5,1.414,False
SCN_010,127,4.2,TGT_001,COMMUNICATION_TARGET,true,405.0,366.0,405.0,366.0,-30.0,30.0,127,127,0,TRACKING,404.0,365.0,1.414,True
SCN_010,127,4.2,TGT_002,DECOY_TARGET,true,414.5,186.5,414.5,186.5,-30.0,-30.0,127,127,0,TRACKING,413.5,185.5,1.414,False
SCN_010,127,4.2,TGT_003,DECOY_TARGET,true,235.5,326.5,235.5,326.5,30.0,0.0,127,127,0,TRACKING,234.5,325.5,1.414,False
SCN_010,128,4.2333,TGT_001,COMMUNICATION_TARGET,true,404.0,366.0,404.0,366.0,-30.0,0.0,128,128,0,TRACKING,403.0,365.0,1.414,True
SCN_010,128,4.2333,TGT_002,DECOY_TARGET,true,413.5,185.5,413.5,185.5,-30.0,-30.0,128,128,0,TRACKING,412.5,184.5,1.414,False
SCN_010,128,4.2333,TGT_003,DECOY_TARGET,true,236.5,326.5,236.5,326.5,30.0,0.0,128,128,0,TRACKING,235.5,325.5,1.414,False
SCN_010,129,4.2667,TGT_001,COMMUNICATION_TARGET,true,403.0,367.0,403.0,367.0,-30.0,30.0,129,129,0,TRACKING,402.0,366.0,1.414,True
SCN_010,129,4.2667,TGT_002,DECOY_TARGET,true,412.5,184.5,412.5,184.5,-30.0,-30.0,129,129,0,TRACKING,411.5,183.5,1.414,False
SCN_010,129,4.2667,TGT_003,DECOY_TARGET,true,237.5,325.5,237.5,325.5,30.0,-30.0,129,129,0,TRACKING,236.5,324.5,1.414,False
SCN_010,130,4.3,TGT_001,COMMUNICATION_TARGET,true,402.0,367.0,402.0,367.0,-30.0,0.0,130,130,0,TRACKING,401.0,366.0,1.414,True
SCN_010,130,4.3,TGT_002,DECOY_TARGET,true,411.5,184.5,411.5,184.5,-30.0,0.0,130,130,0,TRACKING,410.5,183.5,1.414,False
SCN_010,130,4.3,TGT_003,DECOY_TARGET,true,237.5,325.5,237.5,325.5,0.0,0.0,130,130,0,TRACKING,236.5,324.5,1.414,False
SCN_010,131,4.3333,TGT_001,COMMUNICATION_TARGET,true,401.0,368.0,401.0,368.0,-30.0,30.0,131,131,0,TRACKING,400.0,367.0,1.414,True
SCN_010,131,4.3333,TGT_002,DECOY_TARGET,true,410.5,183.5,410.5,183.5,-30.0,-30.0,131,131,0,TRACKING,409.5,182.5,1.414,False
SCN_010,131,4.3333,TGT_003,DECOY_TARGET,true,238.5,325.5,238.5,325.5,30.0,0.0,131,131,0,TRACKING,237.5,324.5,1.414,False
SCN_010,132,4.3667,TGT_001,COMMUNICATION_TARGET,true,400.0,369.0,400.0,369.0,-30.0,30.0,132,132,0,TRACKING,399.0,368.0,1.414,True
SCN_010,132,4.3667,TGT_002,DECOY_TARGET,true,409.5,182.5,409.5,182.5,-30.0,-30.0,132,132,0,TRACKING,408.5,181.5,1.414,False
SCN_010,132,4.3667,TGT_003,DECOY_TARGET,true,239.5,325.5,239.5,325.5,30.0,0.0,132,132,0,TRACKING,238.5,324.5,1.414,False
SCN_010,133,4.4,TGT_001,COMMUNICATION_TARGET,true,399.0,369.0,399.0,369.0,-30.0,0.0,133,133,0,TRACKING,398.0,368.0,1.414,True
SCN_010,133,4.4,TGT_002,DECOY_TARGET,true,407.5,182.5,407.5,182.5,-60.0,0.0,133,133,0,TRACKING,406.5,181.5,1.414,False
SCN_010,133,4.4,TGT_003,DECOY_TARGET,true,240.5,324.5,240.5,324.5,30.0,-30.0,133,133,0,TRACKING,239.5,323.5,1.414,False
SCN_010,134,4.4333,TGT_001,COMMUNICATION_TARGET,true,398.0,370.0,398.0,370.0,-30.0,30.0,134,134,0,TRACKING,397.0,369.0,1.414,True
SCN_010,134,4.4333,TGT_002,DECOY_TARGET,true,406.5,181.5,406.5,181.5,-30.0,-30.0,134,134,0,TRACKING,405.5,180.5,1.414,False
SCN_010,134,4.4333,TGT_003,DECOY_TARGET,true,240.5,324.5,240.5,324.5,0.0,0.0,134,134,0,TRACKING,239.5,323.5,1.414,False
SCN_010,135,4.4667,TGT_001,COMMUNICATION_TARGET,true,397.0,371.0,397.0,371.0,-30.0,30.0,135,135,0,TRACKING,396.0,370.0,1.414,True
SCN_010,135,4.4667,TGT_002,DECOY_TARGET,true,405.5,181.5,405.5,181.5,-30.0,0.0,135,135,0,TRACKING,404.5,180.5,1.414,False
SCN_010,135,4.4667,TGT_003,DECOY_TARGET,true,241.5,324.5,241.5,324.5,30.0,0.0,135,135,0,TRACKING,240.5,323.5,1.414,False
SCN_010,136,4.5,TGT_001,COMMUNICATION_TARGET,true,396.0,371.0,396.0,371.0,-30.0,0.0,136,136,0,TRACKING,395.0,370.0,1.414,True
SCN_010,136,4.5,TGT_002,DECOY_TARGET,true,404.5,181.5,404.5,181.5,-30.0,0.0,136,136,0,TRACKING,403.5,180.5,1.414,False
SCN_010,136,4.5,TGT_003,DECOY_TARGET,true,242.5,324.5,242.5,324.5,30.0,0.0,136,136,0,TRACKING,241.5,323.5,1.414,False
SCN_010,137,4.5333,TGT_001,COMMUNICATION_TARGET,true,395.0,372.0,395.0,372.0,-30.0,30.0,137,137,0,TRACKING,394.0,371.0,1.414,True
SCN_010,137,4.5333,TGT_002,DECOY_TARGET,true,403.5,180.5,403.5,180.5,-30.0,-30.0,137,137,0,TRACKING,402.5,179.5,1.414,False
SCN_010,137,4.5333,TGT_003,DECOY_TARGET,true,243.5,323.5,243.5,323.5,30.0,-30.0,137,137,0,TRACKING,242.5,322.5,1.414,False
SCN_010,138,4.5667,TGT_001,COMMUNICATION_TARGET,true,394.0,372.0,394.0,372.0,-30.0,0.0,138,138,0,TRACKING,393.0,371.0,1.414,True
SCN_010,138,4.5667,TGT_002,DECOY_TARGET,true,401.5,180.5,401.5,180.5,-60.0,0.0,138,138,0,TRACKING,400.5,179.5,1.414,False
SCN_010,138,4.5667,TGT_003,DECOY_TARGET,true,243.5,323.5,243.5,323.5,0.0,0.0,138,138,0,TRACKING,242.5,322.5,1.414,False
SCN_010,139,4.6,TGT_001,COMMUNICATION_TARGET,true,393.0,373.0,393.0,373.0,-30.0,30.0,139,139,0,TRACKING,392.0,372.0,1.414,True
SCN_010,139,4.6,TGT_002,DECOY_TARGET,true,400.5,180.5,400.5,180.5,-30.0,0.0,139,139,0,TRACKING,399.5,179.5,1.414,False
SCN_010,139,4.6,TGT_003,DECOY_TARGET,true,244.5,323.5,244.5,323.5,30.0,0.0,139,139,0,TRACKING,243.5,322.5,1.414,False
SCN_010,140,4.6333,TGT_001,COMMUNICATION_TARGET,true,392.0,373.0,392.0,373.0,-30.0,0.0,140,140,0,TRACKING,391.0,372.0,1.414,True
SCN_010,140,4.6333,TGT_002,DECOY_TARGET,true,399.5,180.5,399.5,180.5,-30.0,0.0,140,140,0,TRACKING,398.5,179.5,1.414,False
SCN_010,140,4.6333,TGT_003,DECOY_TARGET,true,245.5,322.5,245.5,322.5,30.0,-30.0,140,140,0,TRACKING,244.5,321.5,1.414,False
SCN_010,141,4.6667,TGT_001,COMMUNICATION_TARGET,true,391.0,374.0,391.0,374.0,-30.0,30.0,141,141,0,TRACKING,390.0,373.0,1.414,True
SCN_010,141,4.6667,TGT_002,DECOY_TARGET,true,398.5,180.5,398.5,180.5,-30.0,0.0,141,141,0,TRACKING,397.5,179.5,1.414,False
SCN_010,141,4.6667,TGT_003,DECOY_TARGET,true,246.5,322.5,246.5,322.5,30.0,0.0,141,141,0,TRACKING,245.5,321.5,1.414,False
SCN_010,142,4.7,TGT_001,COMMUNICATION_TARGET,true,389.0,374.0,389.0,374.0,-60.0,0.0,142,142,0,TRACKING,388.0,373.0,1.414,True
SCN_010,142,4.7,TGT_002,DECOY_TARGET,true,396.5,180.5,396.5,180.5,-60.0,0.0,142,142,0,TRACKING,395.5,179.5,1.414,False
SCN_010,142,4.7,TGT_003,DECOY_TARGET,true,246.5,322.5,246.5,322.5,0.0,0.0,142,142,0,TRACKING,245.5,321.5,1.414,False
SCN_010,143,4.7333,TGT_001,COMMUNICATION_TARGET,true,388.0,375.0,388.0,375.0,-30.0,30.0,143,143,0,TRACKING,387.0,374.0,1.414,True
SCN_010,143,4.7333,TGT_002,DECOY_TARGET,true,395.5,180.5,395.5,180.5,-30.0,0.0,143,143,0,TRACKING,394.5,179.5,1.414,False
SCN_010,143,4.7333,TGT_003,DECOY_TARGET,true,247.5,322.5,247.5,322.5,30.0,0.0,143,143,0,TRACKING,246.5,321.5,1.414,False
SCN_010,144,4.7667,TGT_001,COMMUNICATION_TARGET,true,387.0,376.0,387.0,376.0,-30.0,30.0,144,144,0,TRACKING,386.0,375.0,1.414,True
SCN_010,144,4.7667,TGT_002,DECOY_TARGET,true,393.5,180.5,393.5,180.5,-60.0,0.0,144,144,0,TRACKING,392.5,179.5,1.414,False
SCN_010,144,4.7667,TGT_003,DECOY_TARGET,true,248.5,321.5,248.5,321.5,30.0,-30.0,144,144,0,TRACKING,247.5,320.5,1.414,False
SCN_010,145,4.8,TGT_001,COMMUNICATION_TARGET,true,386.0,376.0,386.0,376.0,-30.0,0.0,145,145,0,TRACKING,385.0,375.0,1.414,True
SCN_010,145,4.8,TGT_002,DECOY_TARGET,true,392.5,181.5,392.5,181.5,-30.0,30.0,145,145,0,TRACKING,391.5,180.5,1.414,False
SCN_010,145,4.8,TGT_003,DECOY_TARGET,true,249.5,321.5,249.5,321.5,30.0,0.0,145,145,0,TRACKING,248.5,320.5,1.414,False
SCN_010,146,4.8333,TGT_001,COMMUNICATION_TARGET,true,385.0,377.0,385.0,377.0,-30.0,30.0,146,146,0,TRACKING,384.0,376.0,1.414,True
SCN_010,146,4.8333,TGT_002,DECOY_TARGET,true,391.5,181.5,391.5,181.5,-30.0,0.0,146,146,0,TRACKING,390.5,180.5,1.414,False
SCN_010,146,4.8333,TGT_003,DECOY_TARGET,true,250.5,321.5,250.5,321.5,30.0,0.0,146,146,0,TRACKING,249.5,320.5,1.414,False
SCN_010,147,4.8667,TGT_001,COMMUNICATION_TARGET,true,384.0,377.0,384.0,377.0,-30.0,0.0,147,147,0,TRACKING,383.0,376.0,1.414,True
SCN_010,147,4.8667,TGT_002,DECOY_TARGET,true,389.5,181.5,389.5,181.5,-60.0,0.0,147,147,0,TRACKING,388.5,180.5,1.414,False
SCN_010,147,4.8667,TGT_003,DECOY_TARGET,true,250.5,321.5,250.5,321.5,0.0,0.0,147,147,0,TRACKING,249.5,320.5,1.414,False
SCN_010,148,4.9,TGT_001,COMMUNICATION_TARGET,true,383.0,378.0,383.0,378.0,-30.0,30.0,148,148,0,TRACKING,382.0,377.0,1.414,True
SCN_010,148,4.9,TGT_002,DECOY_TARGET,true,388.5,182.5,388.5,182.5,-30.0,30.0,148,148,0,TRACKING,387.5,181.5,1.414,False
SCN_010,148,4.9,TGT_003,DECOY_TARGET,true,251.5,320.5,251.5,320.5,30.0,-30.0,148,148,0,TRACKING,250.5,319.5,1.414,False
SCN_010,149,4.9333,TGT_001,COMMUNICATION_TARGET,true,382.0,378.0,382.0,378.0,-30.0,0.0,149,149,0,TRACKING,381.0,377.0,1.414,True
SCN_010,149,4.9333,TGT_002,DECOY_TARGET,true,386.5,183.5,386.5,183.5,-60.0,30.0,149,149,0,TRACKING,385.5,182.5,1.414,False
SCN_010,149,4.9333,TGT_003,DECOY_TARGET,true,252.5,320.5,252.5,320.5,30.0,0.0,149,149,0,TRACKING,251.5,319.5,1.414,False
SCN_010,150,4.9667,TGT_001,COMMUNICATION_TARGET,true,381.0,378.0,381.0,378.0,-30.0,0.0,150,150,0,TRACKING,380.0,377.0,1.414,True
SCN_010,150,4.9667,TGT_002,DECOY_TARGET,true,385.5,183.5,385.5,183.5,-30.0,0.0,150,150,0,TRACKING,384.5,182.5,1.414,False
SCN_010,150,4.9667,TGT_003,DECOY_TARGET,true,253.5,320.5,253.5,320.5,30.0,0.0,150,150,0,TRACKING,252.5,319.5,1.414,False
SCN_010,151,5.0,TGT_001,COMMUNICATION_TARGET,true,380.0,379.0,380.0,379.0,-30.0,30.0,151,151,0,TRACKING,379.0,378.0,1.414,True
SCN_010,151,5.0,TGT_002,DECOY_TARGET,true,383.5,184.5,383.5,184.5,-60.0,30.0,151,151,0,TRACKING,382.5,183.5,1.414,False
SCN_010,151,5.0,TGT_003,DECOY_TARGET,true,253.5,319.5,253.5,319.5,0.0,-30.0,151,151,0,TRACKING,252.5,318.5,1.414,False
SCN_010,152,5.0333,TGT_001,COMMUNICATION_TARGET,true,379.0,379.0,379.0,379.0,-30.0,0.0,152,152,0,TRACKING,378.0,378.0,1.414,True
SCN_010,152,5.0333,TGT_002,DECOY_TARGET,true,382.5,185.5,382.5,185.5,-30.0,30.0,152,152,0,TRACKING,381.5,184.5,1.414,False
SCN_010,152,5.0333,TGT_003,DECOY_TARGET,true,254.5,319.5,254.5,319.5,30.0,0.0,152,152,0,TRACKING,253.5,318.5,1.414,False
SCN_010,153,5.0667,TGT_001,COMMUNICATION_TARGET,true,378.0,380.0,378.0,380.0,-30.0,30.0,153,153,0,TRACKING,377.0,379.0,1.414,True
SCN_010,153,5.0667,TGT_002,DECOY_TARGET,true,380.5,185.5,380.5,185.5,-60.0,0.0,153,153,0,TRACKING,379.5,184.5,1.414,False
SCN_010,153,5.0667,TGT_003,DECOY_TARGET,true,255.5,319.5,255.5,319.5,30.0,0.0,153,153,0,TRACKING,254.5,318.5,1.414,False
SCN_010,154,5.1,TGT_001,COMMUNICATION_TARGET,true,377.0,380.0,377.0,380.0,-30.0,0.0,154,154,0,TRACKING,376.0,379.0,1.414,True
SCN_010,154,5.1,TGT_002,DECOY_TARGET,true,379.5,186.5,379.5,186.5,-30.0,30.0,154,154,0,TRACKING,378.5,185.5,1.414,False
SCN_010,154,5.1,TGT_003,DECOY_TARGET,true,256.5,319.5,256.5,319.5,30.0,0.0,154,154,0,TRACKING,255.5,318.5,1.414,False
SCN_010,155,5.1333,TGT_001,COMMUNICATION_TARGET,true,376.0,381.0,376.0,381.0,-30.0,30.0,155,155,0,TRACKING,375.0,380.0,1.414,True
SCN_010,155,5.1333,TGT_002,DECOY_TARGET,true,377.5,187.5,377.5,187.5,-60.0,30.0,155,155,0,TRACKING,376.5,186.5,1.414,False
SCN_010,155,5.1333,TGT_003,DECOY_TARGET,true,256.5,318.5,256.5,318.5,0.0,-30.0,155,155,0,TRACKING,255.5,317.5,1.414,False
SCN_010,156,5.1667,TGT_001,COMMUNICATION_TARGET,true,375.0,381.0,375.0,381.0,-30.0,0.0,156,156,0,TRACKING,374.0,380.0,1.414,True
SCN_010,156,5.1667,TGT_002,DECOY_TARGET,true,375.5,188.5,375.5,188.5,-60.0,30.0,156,156,0,TRACKING,374.5,187.5,1.414,False
SCN_010,156,5.1667,TGT_003,DECOY_TARGET,true,257.5,318.5,257.5,318.5,30.0,0.0,156,156,0,TRACKING,256.5,317.5,1.414,False
SCN_010,157,5.2,TGT_001,COMMUNICATION_TARGET,true,373.0,382.0,373.0,382.0,-60.0,30.0,157,157,0,TRACKING,372.0,381.0,1.414,True
SCN_010,157,5.2,TGT_002,DECOY_TARGET,true,374.5,189.5,374.5,189.5,-30.0,30.0,157,157,0,TRACKING,373.5,188.5,1.414,False
SCN_010,157,5.2,TGT_003,DECOY_TARGET,true,258.5,318.5,258.5,318.5,30.0,0.0,157,157,0,TRACKING,257.5,317.5,1.414,False
SCN_010,158,5.2333,TGT_001,COMMUNICATION_TARGET,true,372.0,382.0,372.0,382.0,-30.0,0.0,158,158,0,TRACKING,371.0,381.0,1.414,True
SCN_010,158,5.2333,TGT_002,DECOY_TARGET,true,372.5,190.5,372.5,190.5,-60.0,30.0,158,158,0,TRACKING,371.5,189.5,1.414,False
SCN_010,158,5.2333,TGT_003,DECOY_TARGET,true,259.5,318.5,259.5,318.5,30.0,0.0,158,158,0,TRACKING,258.5,317.5,1.414,False
SCN_010,159,5.2667,TGT_001,COMMUNICATION_TARGET,true,371.0,382.0,371.0,382.0,-30.0,0.0,159,159,0,TRACKING,370.0,381.0,1.414,True
SCN_010,159,5.2667,TGT_002,DECOY_TARGET,true,370.5,192.5,370.5,192.5,-60.0,60.0,159,159,0,TRACKING,369.5,191.5,1.414,False
SCN_010,159,5.2667,TGT_003,DECOY_TARGET,true,259.5,317.5,259.5,317.5,0.0,-30.0,159,159,0,TRACKING,258.5,316.5,1.414,False
SCN_010,160,5.3,TGT_001,COMMUNICATION_TARGET,true,370.0,383.0,370.0,383.0,-30.0,30.0,160,160,0,TRACKING,369.0,382.0,1.414,True
SCN_010,160,5.3,TGT_002,DECOY_TARGET,true,369.5,193.5,369.5,193.5,-30.0,30.0,160,160,0,TRACKING,368.5,192.5,1.414,False
SCN_010,160,5.3,TGT_003,DECOY_TARGET,true,260.5,317.5,260.5,317.5,30.0,0.0,160,160,0,TRACKING,259.5,316.5,1.414,False
SCN_010,161,5.3333,TGT_001,COMMUNICATION_TARGET,true,369.0,383.0,369.0,383.0,-30.0,0.0,161,161,0,TRACKING,368.0,382.0,1.414,True
SCN_010,161,5.3333,TGT_002,DECOY_TARGET,true,367.5,194.5,367.5,194.5,-60.0,30.0,161,161,0,TRACKING,366.5,193.5,1.414,False
SCN_010,161,5.3333,TGT_003,DECOY_TARGET,true,261.5,317.5,261.5,317.5,30.0,0.0,161,161,0,TRACKING,260.5,316.5,1.414,False
SCN_010,162,5.3667,TGT_001,COMMUNICATION_TARGET,true,368.0,383.0,368.0,383.0,-30.0,0.0,162,162,0,TRACKING,367.0,382.0,1.414,True
SCN_010,162,5.3667,TGT_002,DECOY_TARGET,true,365.5,195.5,365.5,195.5,-60.0,30.0,162,162,0,TRACKING,364.5,194.5,1.414,False
SCN_010,162,5.3667,TGT_003,DECOY_TARGET,true,262.5,316.5,262.5,316.5,30.0,-30.0,162,162,0,TRACKING,261.5,315.5,1.414,False
SCN_010,163,5.4,TGT_001,COMMUNICATION_TARGET,true,367.0,384.0,367.0,384.0,-30.0,30.0,163,163,0,TRACKING,366.0,383.0,1.414,True
SCN_010,163,5.4,TGT_002,DECOY_TARGET,true,364.5,197.5,364.5,197.5,-30.0,60.0,163,163,0,TRACKING,363.5,196.5,1.414,False
SCN_010,163,5.4,TGT_003,DECOY_TARGET,true,262.5,316.5,262.5,316.5,0.0,0.0,163,163,0,TRACKING,261.5,315.5,1.414,False
SCN_010,164,5.4333,TGT_001,COMMUNICATION_TARGET,true,366.0,384.0,366.0,384.0,-30.0,0.0,164,164,0,TRACKING,365.0,383.0,1.414,True
SCN_010,164,5.4333,TGT_002,DECOY_TARGET,true,362.5,198.5,362.5,198.5,-60.0,30.0,164,164,0,TRACKING,361.5,197.5,1.414,False
SCN_010,164,5.4333,TGT_003,DECOY_TARGET,true,263.5,316.5,263.5,316.5,30.0,0.0,164,164,0,TRACKING,262.5,315.5,1.414,False
SCN_010,165,5.4667,TGT_001,COMMUNICATION_TARGET,true,365.0,385.0,365.0,385.0,-30.0,30.0,165,165,0,TRACKING,364.0,384.0,1.414,True
SCN_010,165,5.4667,TGT_002,DECOY_TARGET,true,360.5,200.5,360.5,200.5,-60.0,60.0,165,165,0,TRACKING,359.5,199.5,1.414,False
SCN_010,165,5.4667,TGT_003,DECOY_TARGET,true,264.5,316.5,264.5,316.5,30.0,0.0,165,165,0,TRACKING,263.5,315.5,1.414,False
SCN_010,166,5.5,TGT_001,COMMUNICATION_TARGET,true,364.0,385.0,364.0,385.0,-30.0,0.0,166,166,0,TRACKING,363.0,384.0,1.414,True
SCN_010,166,5.5,TGT_002,DECOY_TARGET,true,359.5,201.5,359.5,201.5,-30.0,30.0,166,166,0,TRACKING,358.5,200.5,1.414,False
SCN_010,166,5.5,TGT_003,DECOY_TARGET,true,265.5,315.5,265.5,315.5,30.0,-30.0,166,166,0,TRACKING,264.5,314.5,1.414,False
SCN_010,167,5.5333,TGT_001,COMMUNICATION_TARGET,true,362.0,385.0,362.0,385.0,-60.0,0.0,167,167,0,TRACKING,361.0,384.0,1.414,True
SCN_010,167,5.5333,TGT_002,DECOY_TARGET,true,357.5,203.5,357.5,203.5,-60.0,60.0,167,167,0,TRACKING,356.5,202.5,1.414,False
SCN_010,167,5.5333,TGT_003,DECOY_TARGET,true,265.5,315.5,265.5,315.5,0.0,0.0,167,167,0,TRACKING,264.5,314.5,1.414,False
SCN_010,168,5.5667,TGT_001,COMMUNICATION_TARGET,true,361.0,385.0,361.0,385.0,-30.0,0.0,168,168,0,TRACKING,360.0,384.0,1.414,True
SCN_010,168,5.5667,TGT_002,DECOY_TARGET,true,355.5,204.5,355.5,204.5,-60.0,30.0,168,168,0,TRACKING,354.5,203.5,1.414,False
SCN_010,168,5.5667,TGT_003,DECOY_TARGET,true,266.5,315.5,266.5,315.5,30.0,0.0,168,168,0,TRACKING,265.5,314.5,1.414,False
SCN_010,169,5.6,TGT_001,COMMUNICATION_TARGET,true,360.0,386.0,360.0,386.0,-30.0,30.0,169,169,0,TRACKING,359.0,385.0,1.414,True
SCN_010,169,5.6,TGT_002,DECOY_TARGET,true,353.5,206.5,353.5,206.5,-60.0,60.0,169,169,0,TRACKING,352.5,205.5,1.414,False
SCN_010,169,5.6,TGT_003,DECOY_TARGET,true,267.5,315.5,267.5,315.5,30.0,0.0,169,169,0,TRACKING,266.5,314.5,1.414,False
SCN_010,170,5.6333,TGT_001,COMMUNICATION_TARGET,true,359.0,386.0,359.0,386.0,-30.0,0.0,170,170,0,TRACKING,358.0,385.0,1.414,True
SCN_010,170,5.6333,TGT_002,DECOY_TARGET,true,351.5,208.5,351.5,208.5,-60.0,60.0,170,170,0,TRACKING,350.5,207.5,1.414,False
SCN_010,170,5.6333,TGT_003,DECOY_TARGET,true,268.5,314.5,268.5,314.5,30.0,-30.0,170,170,0,TRACKING,267.5,313.5,1.414,False
SCN_010,171,5.6667,TGT_001,COMMUNICATION_TARGET,true,358.0,386.0,358.0,386.0,-30.0,0.0,171,171,0,TRACKING,357.0,385.0,1.414,True
SCN_010,171,5.6667,TGT_002,DECOY_TARGET,true,350.5,210.5,350.5,210.5,-30.0,60.0,171,171,0,TRACKING,349.5,209.5,1.414,False
SCN_010,171,5.6667,TGT_003,DECOY_TARGET,true,268.5,314.5,268.5,314.5,0.0,0.0,171,171,0,TRACKING,267.5,313.5,1.414,False
SCN_010,172,5.7,TGT_001,COMMUNICATION_TARGET,true,357.0,387.0,357.0,387.0,-30.0,30.0,172,172,0,TRACKING,356.0,386.0,1.414,True
SCN_010,172,5.7,TGT_002,DECOY_TARGET,true,348.5,211.5,348.5,211.5,-60.0,30.0,172,172,0,TRACKING,347.5,210.5,1.414,False
SCN_010,172,5.7,TGT_003,DECOY_TARGET,true,269.5,314.5,269.5,314.5,30.0,0.0,172,172,0,TRACKING,268.5,313.5,1.414,False
SCN_010,173,5.7333,TGT_001,COMMUNICATION_TARGET,true,356.0,387.0,356.0,387.0,-30.0,0.0,173,173,0,TRACKING,355.0,386.0,1.414,True
SCN_010,173,5.7333,TGT_002,DECOY_TARGET,true,346.5,213.5,346.5,213.5,-60.0,60.0,173,173,0,TRACKING,345.5,212.5,1.414,False
SCN_010,173,5.7333,TGT_003,DECOY_TARGET,true,270.5,313.5,270.5,313.5,30.0,-30.0,173,173,0,TRACKING,269.5,312.5,1.414,False
SCN_010,174,5.7667,TGT_001,COMMUNICATION_TARGET,true,355.0,387.0,355.0,387.0,-30.0,0.0,174,174,0,TRACKING,354.0,386.0,1.414,True
SCN_010,174,5.7667,TGT_002,DECOY_TARGET,true,344.5,215.5,344.5,215.5,-60.0,60.0,174,174,0,TRACKING,343.5,214.5,1.414,False
SCN_010,174,5.7667,TGT_003,DECOY_TARGET,true,271.5,313.5,271.5,313.5,30.0,0.0,174,174,0,TRACKING,270.5,312.5,1.414,False
SCN_010,175,5.8,TGT_001,COMMUNICATION_TARGET,true,353.0,387.0,353.0,387.0,-60.0,0.0,175,175,0,TRACKING,352.0,386.0,1.414,True
SCN_010,175,5.8,TGT_002,DECOY_TARGET,true,342.5,217.5,342.5,217.5,-60.0,60.0,175,175,0,TRACKING,341.5,216.5,1.414,False
SCN_010,175,5.8,TGT_003,DECOY_TARGET,true,271.5,313.5,271.5,313.5,0.0,0.0,175,175,0,TRACKING,270.5,312.5,1.414,False
SCN_010,176,5.8333,TGT_001,COMMUNICATION_TARGET,true,352.0,388.0,352.0,388.0,-30.0,30.0,176,176,0,TRACKING,351.0,387.0,1.414,True
SCN_010,176,5.8333,TGT_002,DECOY_TARGET,true,341.5,219.5,341.5,219.5,-30.0,60.0,176,176,0,TRACKING,340.5,218.5,1.414,False
SCN_010,176,5.8333,TGT_003,DECOY_TARGET,true,272.5,313.5,272.5,313.5,30.0,0.0,176,176,0,TRACKING,271.5,312.5,1.414,False
SCN_010,177,5.8667,TGT_001,COMMUNICATION_TARGET,true,351.0,388.0,351.0,388.0,-30.0,0.0,177,177,0,TRACKING,350.0,387.0,1.414,True
SCN_010,177,5.8667,TGT_002,DECOY_TARGET,true,339.5,221.5,339.5,221.5,-60.0,60.0,177,177,0,TRACKING,338.5,220.5,1.414,False
SCN_010,177,5.8667,TGT_003,DECOY_TARGET,true,273.5,312.5,273.5,312.5,30.0,-30.0,177,177,0,TRACKING,272.5,311.5,1.414,False
SCN_010,178,5.9,TGT_001,COMMUNICATION_TARGET,true,350.0,388.0,350.0,388.0,-30.0,0.0,178,178,0,TRACKING,349.0,387.0,1.414,True
SCN_010,178,5.9,TGT_002,DECOY_TARGET,true,337.5,223.5,337.5,223.5,-60.0,60.0,178,178,0,TRACKING,336.5,222.5,1.414,False
SCN_010,178,5.9,TGT_003,DECOY_TARGET,true,274.5,312.5,274.5,312.5,30.0,0.0,178,178,0,TRACKING,273.5,311.5,1.414,False
SCN_010,179,5.9333,TGT_001,COMMUNICATION_TARGET,true,349.0,388.0,349.0,388.0,-30.0,0.0,179,179,0,TRACKING,348.0,387.0,1.414,True
SCN_010,179,5.9333,TGT_002,DECOY_TARGET,true,335.5,225.5,335.5,225.5,-60.0,60.0,179,179,0,TRACKING,334.5,224.5,1.414,False
SCN_010,179,5.9333,TGT_003,DECOY_TARGET,true,274.5,312.5,274.5,312.5,0.0,0.0,179,179,0,TRACKING,273.5,311.5,1.414,False
SCN_010,180,5.9667,TGT_001,COMMUNICATION_TARGET,true,348.0,389.0,348.0,389.0,-30.0,30.0,180,180,0,TRACKING,347.0,388.0,1.414,True
SCN_010,180,5.9667,TGT_002,DECOY_TARGET,true,333.5,227.5,333.5,227.5,-60.0,60.0,180,180,0,TRACKING,332.5,226.5,1.414,False
SCN_010,180,5.9667,TGT_003,DECOY_TARGET,true,275.5,312.5,275.5,312.5,30.0,0.0,180,180,0,TRACKING,274.5,311.5,1.414,False
SCN_010,181,6.0,TGT_001,COMMUNICATION_TARGET,true,346.0,389.0,346.0,389.0,-60.0,0.0,181,181,0,TRACKING,345.0,388.0,1.414,True
SCN_010,181,6.0,TGT_002,DECOY_TARGET,true,331.5,229.5,331.5,229.5,-60.0,60.0,181,181,0,TRACKING,330.5,228.5,1.414,False
SCN_010,181,6.0,TGT_003,DECOY_TARGET,true,276.5,311.5,276.5,311.5,30.0,-30.0,181,181,0,TRACKING,275.5,310.5,1.414,False
SCN_010,182,6.0333,TGT_001,COMMUNICATION_TARGET,true,345.0,389.0,345.0,389.0,-30.0,0.0,182,182,0,TRACKING,344.0,388.0,1.414,True
SCN_010,182,6.0333,TGT_002,DECOY_TARGET,true,330.5,231.5,330.5,231.5,-30.0,60.0,182,182,0,TRACKING,329.5,230.5,1.414,False
SCN_010,182,6.0333,TGT_003,DECOY_TARGET,true,277.5,311.5,277.5,311.5,30.0,0.0,182,182,0,TRACKING,276.5,310.5,1.414,False
SCN_010,183,6.0667,TGT_001,COMMUNICATION_TARGET,true,344.0,389.0,344.0,389.0,-30.0,0.0,183,183,0,TRACKING,343.0,388.0,1.414,True
SCN_010,183,6.0667,TGT_002,DECOY_TARGET,true,328.5,233.5,328.5,233.5,-60.0,60.0,183,183,0,TRACKING,327.5,232.5,1.414,False
SCN_010,183,6.0667,TGT_003,DECOY_TARGET,true,277.5,311.5,277.5,311.5,0.0,0.0,183,183,0,TRACKING,276.5,310.5,1.414,False
SCN_010,184,6.1,TGT_001,COMMUNICATION_TARGET,true,343.0,389.0,343.0,389.0,-30.0,0.0,184,184,0,TRACKING,342.0,388.0,1.414,True
SCN_010,184,6.1,TGT_002,DECOY_TARGET,true,326.5,235.5,326.5,235.5,-60.0,60.0,184,184,0,TRACKING,325.5,234.5,1.414,False
SCN_010,184,6.1,TGT_003,DECOY_TARGET,true,278.5,310.5,278.5,310.5,30.0,-30.0,184,184,0,TRACKING,277.5,309.5,1.414,False
SCN_010,185,6.1333,TGT_001,COMMUNICATION_TARGET,true,342.0,390.0,342.0,390.0,-30.0,30.0,185,185,0,TRACKING,341.0,389.0,1.414,True
SCN_010,185,6.1333,TGT_002,DECOY_TARGET,true,324.5,237.5,324.5,237.5,-60.0,60.0,185,185,0,TRACKING,323.5,236.5,1.414,False
SCN_010,185,6.1333,TGT_003,DECOY_TARGET,true,279.5,310.5,279.5,310.5,30.0,0.0,185,185,0,TRACKING,278.5,309.5,1.414,False
SCN_010,186,6.1667,TGT_001,COMMUNICATION_TARGET,true,341.0,390.0,341.0,390.0,-30.0,0.0,186,186,0,TRACKING,340.0,389.0,1.414,True
SCN_010,186,6.1667,TGT_002,DECOY_TARGET,true,322.5,239.5,322.5,239.5,-60.0,60.0,186,186,0,TRACKING,321.5,238.5,1.414,False
SCN_010,186,6.1667,TGT_003,DECOY_TARGET,true,280.5,310.5,280.5,310.5,30.0,0.0,186,186,0,TRACKING,279.5,309.5,1.414,False
SCN_010,187,6.2,TGT_001,COMMUNICATION_TARGET,true,340.0,390.0,340.0,390.0,-30.0,0.0,187,187,0,TRACKING,339.0,389.0,1.414,True
SCN_010,187,6.2,TGT_002,DECOY_TARGET,true,320.5,241.5,320.5,241.5,-60.0,60.0,187,187,0,TRACKING,319.5,240.5,1.414,False
SCN_010,187,6.2,TGT_003,DECOY_TARGET,true,280.5,310.5,280.5,310.5,0.0,0.0,187,187,0,TRACKING,279.5,309.5,1.414,False
SCN_010,188,6.2333,TGT_001,COMMUNICATION_TARGET,true,338.0,390.0,338.0,390.0,-60.0,0.0,188,188,0,TRACKING,337.0,389.0,1.414,True
SCN_010,188,6.2333,TGT_002,DECOY_TARGET,true,318.5,243.5,318.5,243.5,-60.0,60.0,188,188,0,TRACKING,317.5,242.5,1.414,False
SCN_010,188,6.2333,TGT_003,DECOY_TARGET,true,281.5,309.5,281.5,309.5,30.0,-30.0,188,188,0,TRACKING,280.5,308.5,1.414,False
SCN_010,189,6.2667,TGT_001,COMMUNICATION_TARGET,true,337.0,390.0,337.0,390.0,-30.0,0.0,189,189,0,TRACKING,336.0,389.0,1.414,True
SCN_010,189,6.2667,TGT_002,DECOY_TARGET,true,317.5,245.5,317.5,245.5,-30.0,60.0,189,189,0,TRACKING,316.5,244.5,1.414,False
SCN_010,189,6.2667,TGT_003,DECOY_TARGET,true,282.5,309.5,282.5,309.5,30.0,0.0,189,189,0,TRACKING,281.5,308.5,1.414,False
SCN_010,190,6.3,TGT_001,COMMUNICATION_TARGET,true,336.0,390.0,336.0,390.0,-30.0,0.0,190,190,0,TRACKING,335.0,389.0,1.414,True
SCN_010,190,6.3,TGT_002,DECOY_TARGET,true,315.5,247.5,315.5,247.5,-60.0,60.0,190,190,0,TRACKING,314.5,246.5,1.414,False
SCN_010,190,6.3,TGT_003,DECOY_TARGET,true,283.5,309.5,283.5,309.5,30.0,0.0,190,190,0,TRACKING,282.5,308.5,1.414,False
SCN_010,191,6.3333,TGT_001,COMMUNICATION_TARGET,true,335.0,390.0,335.0,390.0,-30.0,0.0,191,191,0,TRACKING,334.0,389.0,1.414,True
SCN_010,191,6.3333,TGT_002,DECOY_TARGET,true,313.5,249.5,313.5,249.5,-60.0,60.0,191,191,0,TRACKING,312.5,248.5,1.414,False
SCN_010,191,6.3333,TGT_003,DECOY_TARGET,true,283.5,309.5,283.5,309.5,0.0,0.0,191,191,0,TRACKING,282.5,308.5,1.414,False
SCN_010,192,6.3667,TGT_001,COMMUNICATION_TARGET,true,334.0,390.0,334.0,390.0,-30.0,0.0,192,192,0,TRACKING,333.0,389.0,1.414,True
SCN_010,192,6.3667,TGT_002,DECOY_TARGET,true,311.5,251.5,311.5,251.5,-60.0,60.0,192,192,0,TRACKING,310.5,250.5,1.414,False
SCN_010,192,6.3667,TGT_003,DECOY_TARGET,true,284.5,308.5,284.5,308.5,30.0,-30.0,192,192,0,TRACKING,283.5,307.5,1.414,False
SCN_010,193,6.4,TGT_001,COMMUNICATION_TARGET,true,333.0,391.0,333.0,391.0,-30.0,30.0,193,193,0,TRACKING,332.0,390.0,1.414,True
SCN_010,193,6.4,TGT_002,DECOY_TARGET,true,309.5,253.5,309.5,253.5,-60.0,60.0,193,193,0,TRACKING,308.5,252.5,1.414,False
SCN_010,193,6.4,TGT_003,DECOY_TARGET,true,285.5,308.5,285.5,308.5,30.0,0.0,193,193,0,TRACKING,284.5,307.5,1.414,False
SCN_010,194,6.4333,TGT_001,COMMUNICATION_TARGET,true,331.0,391.0,331.0,391.0,-60.0,0.0,194,194,0,TRACKING,330.0,390.0,1.414,True
SCN_010,194,6.4333,TGT_002,DECOY_TARGET,true,307.5,255.5,307.5,255.5,-60.0,60.0,194,194,0,TRACKING,306.5,254.5,1.414,False
SCN_010,194,6.4333,TGT_003,DECOY_TARGET,true,286.5,308.5,286.5,308.5,30.0,0.0,194,194,0,TRACKING,285.5,307.5,1.414,False
SCN_010,195,6.4667,TGT_001,COMMUNICATION_TARGET,true,330.0,391.0,330.0,391.0,-30.0,0.0,195,195,0,TRACKING,329.0,390.0,1.414,True
SCN_010,195,6.4667,TGT_002,DECOY_TARGET,true,305.5,257.5,305.5,257.5,-60.0,60.0,195,195,0,TRACKING,304.5,256.5,1.414,False
SCN_010,195,6.4667,TGT_003,DECOY_TARGET,true,286.5,307.5,286.5,307.5,0.0,-30.0,195,195,0,TRACKING,285.5,306.5,1.414,False
SCN_010,196,6.5,TGT_001,COMMUNICATION_TARGET,true,329.0,391.0,329.0,391.0,-30.0,0.0,196,196,0,TRACKING,328.0,390.0,1.414,True
SCN_010,196,6.5,TGT_002,DECOY_TARGET,true,304.5,259.5,304.5,259.5,-30.0,60.0,196,196,0,TRACKING,303.5,258.5,1.414,False
SCN_010,196,6.5,TGT_003,DECOY_TARGET,true,287.5,307.5,287.5,307.5,30.0,0.0,196,196,0,TRACKING,286.5,306.5,1.414,False
SCN_010,197,6.5333,TGT_001,COMMUNICATION_TARGET,true,328.0,391.0,328.0,391.0,-30.0,0.0,197,197,0,TRACKING,327.0,390.0,1.414,True
SCN_010,197,6.5333,TGT_002,DECOY_TARGET,true,302.5,261.5,302.5,261.5,-60.0,60.0,197,197,0,TRACKING,301.5,260.5,1.414,False
SCN_010,197,6.5333,TGT_003,DECOY_TARGET,true,288.5,307.5,288.5,307.5,30.0,0.0,197,197,0,TRACKING,287.5,306.5,1.414,False
SCN_010,198,6.5667,TGT_001,COMMUNICATION_TARGET,true,327.0,391.0,327.0,391.0,-30.0,0.0,198,198,0,TRACKING,326.0,390.0,1.414,True
SCN_010,198,6.5667,TGT_002,DECOY_TARGET,true,300.5,263.5,300.5,263.5,-60.0,60.0,198,198,0,TRACKING,299.5,262.5,1.414,False
SCN_010,198,6.5667,TGT_003,DECOY_TARGET,true,289.5,307.5,289.5,307.5,30.0,0.0,198,198,0,TRACKING,288.5,306.5,1.414,False
SCN_010,199,6.6,TGT_001,COMMUNICATION_TARGET,true,326.0,391.0,326.0,391.0,-30.0,0.0,199,199,0,TRACKING,325.0,390.0,1.414,True
SCN_010,199,6.6,TGT_002,DECOY_TARGET,true,298.5,265.5,298.5,265.5,-60.0,60.0,199,199,0,TRACKING,297.5,264.5,1.414,False
SCN_010,199,6.6,TGT_003,DECOY_TARGET,true,289.5,306.5,289.5,306.5,0.0,-30.0,199,199,0,TRACKING,288.5,305.5,1.414,False
SCN_010,200,6.6333,TGT_001,COMMUNICATION_TARGET,true,324.0,391.0,324.0,391.0,-60.0,0.0,200,200,0,TRACKING,323.0,390.0,1.414,True
SCN_010,200,6.6333,TGT_002,DECOY_TARGET,true,296.5,266.5,296.5,266.5,-60.0,30.0,200,200,0,TRACKING,295.5,265.5,1.414,False
SCN_010,200,6.6333,TGT_003,DECOY_TARGET,true,290.5,306.5,290.5,306.5,30.0,0.0,200,200,0,TRACKING,289.5,305.5,1.414,False
SCN_010,201,6.6667,TGT_001,COMMUNICATION_TARGET,true,323.0,391.0,323.0,391.0,-30.0,0.0,201,201,0,TRACKING,322.0,390.0,1.414,True
SCN_010,201,6.6667,TGT_002,DECOY_TARGET,true,295.5,268.5,295.5,268.5,-30.0,60.0,201,201,0,TRACKING,294.5,267.5,1.414,False
SCN_010,201,6.6667,TGT_003,DECOY_TARGET,true,291.5,306.5,291.5,306.5,30.0,0.0,201,201,0,TRACKING,290.5,305.5,1.414,False
SCN_010,202,6.7,TGT_001,COMMUNICATION_TARGET,true,322.0,391.0,322.0,391.0,-30.0,0.0,202,202,0,TRACKING,321.0,390.0,1.414,True
SCN_010,202,6.7,TGT_002,DECOY_TARGET,true,293.5,270.5,293.5,270.5,-60.0,60.0,202,202,0,TRACKING,292.5,269.5,1.414,False
SCN_010,202,6.7,TGT_003,DECOY_TARGET,true,292.5,306.5,292.5,306.5,30.0,0.0,202,202,0,TRACKING,291.5,305.5,1.414,False
SCN_010,203,6.7333,TGT_001,COMMUNICATION_TARGET,true,321.0,391.0,321.0,391.0,-30.0,0.0,203,203,0,TRACKING,320.0,390.0,1.414,True
SCN_010,203,6.7333,TGT_002,DECOY_TARGET,true,291.5,272.5,291.5,272.5,-60.0,60.0,203,203,0,TRACKING,290.5,271.5,1.414,False
SCN_010,203,6.7333,TGT_003,DECOY_TARGET,true,292.5,305.5,292.5,305.5,0.0,-30.0,203,203,0,TRACKING,291.5,304.5,1.414,False
SCN_010,204,6.7667,TGT_001,COMMUNICATION_TARGET,true,320.0,391.0,320.0,391.0,-30.0,0.0,204,204,0,TRACKING,319.0,390.0,1.414,True
SCN_010,204,6.7667,TGT_002,DECOY_TARGET,true,289.5,274.5,289.5,274.5,-60.0,60.0,204,204,0,TRACKING,288.5,273.5,1.414,False
SCN_010,204,6.7667,TGT_003,DECOY_TARGET,true,293.5,305.5,293.5,305.5,30.0,0.0,204,204,0,TRACKING,292.5,304.5,1.414,False
SCN_010,205,6.8,TGT_001,COMMUNICATION_TARGET,true,319.0,391.0,319.0,391.0,-30.0,0.0,205,205,0,TRACKING,318.0,390.0,1.414,True
SCN_010,205,6.8,TGT_002,DECOY_TARGET,true,287.5,275.5,287.5,275.5,-60.0,30.0,205,205,0,TRACKING,286.5,274.5,1.414,False
SCN_010,205,6.8,TGT_003,DECOY_TARGET,true,294.5,305.5,294.5,305.5,30.0,0.0,205,205,0,TRACKING,293.5,304.5,1.414,False
SCN_010,206,6.8333,TGT_001,COMMUNICATION_TARGET,true,317.0,391.0,317.0,391.0,-60.0,0.0,206,206,0,TRACKING,316.0,390.0,1.414,True
SCN_010,206,6.8333,TGT_002,DECOY_TARGET,true,286.5,277.5,286.5,277.5,-30.0,60.0,206,206,0,TRACKING,285.5,276.5,1.414,False
SCN_010,206,6.8333,TGT_003,DECOY_TARGET,true,295.5,304.5,295.5,304.5,30.0,-30.0,206,206,0,TRACKING,294.5,303.5,1.414,False
SCN_010,207,6.8667,TGT_001,COMMUNICATION_TARGET,true,316.0,391.0,316.0,391.0,-30.0,0.0,207,207,0,TRACKING,315.0,390.0,1.414,True
SCN_010,207,6.8667,TGT_002,DECOY_TARGET,true,284.5,279.5,284.5,279.5,-60.0,60.0,207,207,0,TRACKING,283.5,278.5,1.414,False
SCN_010,207,6.8667,TGT_003,DECOY_TARGET,true,295.5,304.5,295.5,304.5,0.0,0.0,207,207,0,TRACKING,294.5,303.5,1.414,False
SCN_010,208,6.9,TGT_001,COMMUNICATION_TARGET,true,315.0,391.0,315.0,391.0,-30.0,0.0,208,208,0,TRACKING,314.0,390.0,1.414,True
SCN_010,208,6.9,TGT_002,DECOY_TARGET,true,282.5,280.5,282.5,280.5,-60.0,30.0,208,208,0,TRACKING,281.5,279.5,1.414,False
SCN_010,208,6.9,TGT_003,DECOY_TARGET,true,296.5,304.5,296.5,304.5,30.0,0.0,208,208,0,TRACKING,295.5,303.5,1.414,False
SCN_010,209,6.9333,TGT_001,COMMUNICATION_TARGET,true,314.0,391.0,314.0,391.0,-30.0,0.0,209,209,0,TRACKING,313.0,390.0,1.414,True
SCN_010,209,6.9333,TGT_002,DECOY_TARGET,true,280.5,282.5,280.5,282.5,-60.0,60.0,209,209,0,TRACKING,279.5,281.5,1.414,False
SCN_010,209,6.9333,TGT_003,DECOY_TARGET,true,297.5,304.5,297.5,304.5,30.0,0.0,209,209,0,TRACKING,296.5,303.5,1.414,False
SCN_010,210,6.9667,TGT_001,COMMUNICATION_TARGET,true,313.0,391.0,313.0,391.0,-30.0,0.0,210,210,0,TRACKING,312.0,390.0,1.414,True
SCN_010,210,6.9667,TGT_002,DECOY_TARGET,true,279.5,283.5,279.5,283.5,-30.0,30.0,210,210,0,TRACKING,278.5,282.5,1.414,False
SCN_010,210,6.9667,TGT_003,DECOY_TARGET,true,298.5,303.5,298.5,303.5,30.0,-30.0,210,210,0,TRACKING,297.5,302.5,1.414,False
SCN_010,211,7.0,TGT_001,COMMUNICATION_TARGET,true,312.0,391.0,312.0,391.0,-30.0,0.0,211,211,0,TRACKING,311.0,390.0,1.414,True
SCN_010,211,7.0,TGT_002,DECOY_TARGET,true,277.5,285.5,277.5,285.5,-60.0,60.0,211,211,0,TRACKING,276.5,284.5,1.414,False
SCN_010,211,7.0,TGT_003,DECOY_TARGET,true,298.5,303.5,298.5,303.5,0.0,0.0,211,211,0,TRACKING,297.5,302.5,1.414,False
SCN_010,212,7.0333,TGT_001,COMMUNICATION_TARGET,true,310.0,391.0,310.0,391.0,-60.0,0.0,212,212,0,TRACKING,309.0,390.0,1.414,True
SCN_010,212,7.0333,TGT_002,DECOY_TARGET,true,275.5,286.5,275.5,286.5,-60.0,30.0,212,212,0,TRACKING,274.5,285.5,1.414,False
SCN_010,212,7.0333,TGT_003,DECOY_TARGET,true,299.5,303.5,299.5,303.5,30.0,0.0,212,212,0,TRACKING,298.5,302.5,1.414,False
SCN_010,213,7.0667,TGT_001,COMMUNICATION_TARGET,true,309.0,391.0,309.0,391.0,-30.0,0.0,213,213,0,TRACKING,308.0,390.0,1.414,True
SCN_010,213,7.0667,TGT_002,DECOY_TARGET,true,274.5,287.5,274.5,287.5,-30.0,30.0,213,213,0,TRACKING,273.5,286.5,1.414,False
SCN_010,213,7.0667,TGT_003,DECOY_TARGET,true,300.5,302.5,300.5,302.5,30.0,-30.0,213,213,0,TRACKING,299.5,301.5,1.414,False
SCN_010,214,7.1,TGT_001,COMMUNICATION_TARGET,true,308.0,390.0,308.0,390.0,-30.0,-30.0,214,214,0,TRACKING,307.0,389.0,1.414,True
SCN_010,214,7.1,TGT_002,DECOY_TARGET,true,272.5,288.5,272.5,288.5,-60.0,30.0,214,214,0,TRACKING,271.5,287.5,1.414,False
SCN_010,214,7.1,TGT_003,DECOY_TARGET,true,301.5,302.5,301.5,302.5,30.0,0.0,214,214,0,TRACKING,300.5,301.5,1.414,False
SCN_010,215,7.1333,TGT_001,COMMUNICATION_TARGET,true,307.0,390.0,307.0,390.0,-30.0,0.0,215,215,0,TRACKING,306.0,389.0,1.414,True
SCN_010,215,7.1333,TGT_002,DECOY_TARGET,true,270.5,290.5,270.5,290.5,-60.0,60.0,215,215,0,TRACKING,269.5,289.5,1.414,False
SCN_010,215,7.1333,TGT_003,DECOY_TARGET,true,301.5,302.5,301.5,302.5,0.0,0.0,215,215,0,TRACKING,300.5,301.5,1.414,False
SCN_010,216,7.1667,TGT_001,COMMUNICATION_TARGET,true,306.0,390.0,306.0,390.0,-30.0,0.0,216,216,0,TRACKING,305.0,389.0,1.414,True
SCN_010,216,7.1667,TGT_002,DECOY_TARGET,true,269.5,291.5,269.5,291.5,-30.0,30.0,216,216,0,TRACKING,268.5,290.5,1.414,False
SCN_010,216,7.1667,TGT_003,DECOY_TARGET,true,302.5,302.5,302.5,302.5,30.0,0.0,216,216,0,TRACKING,301.5,301.5,1.414,False
SCN_010,217,7.2,TGT_001,COMMUNICATION_TARGET,true,305.0,390.0,305.0,390.0,-30.0,0.0,217,217,0,TRACKING,304.0,389.0,1.414,True
SCN_010,217,7.2,TGT_002,DECOY_TARGET,true,267.5,292.5,267.5,292.5,-60.0,30.0,217,217,0,TRACKING,266.5,291.5,1.414,False
SCN_010,217,7.2,TGT_003,DECOY_TARGET,true,303.5,301.5,303.5,301.5,30.0,-30.0,217,217,0,TRACKING,302.5,300.5,1.414,False
SCN_010,218,7.2333,TGT_001,COMMUNICATION_TARGET,true,303.0,390.0,303.0,390.0,-60.0,0.0,218,218,0,TRACKING,302.0,389.0,1.414,True
SCN_010,218,7.2333,TGT_002,DECOY_TARGET,true,265.5,293.5,265.5,293.5,-60.0,30.0,218,218,0,TRACKING,264.5,292.5,1.414,False
SCN_010,218,7.2333,TGT_003,DECOY_TARGET,true,304.5,301.5,304.5,301.5,30.0,0.0,218,218,0,TRACKING,303.5,300.5,1.414,False
SCN_010,219,7.2667,TGT_001,COMMUNICATION_TARGET,true,302.0,390.0,302.0,390.0,-30.0,0.0,219,219,0,TRACKING,301.0,389.0,1.414,True
SCN_010,219,7.2667,TGT_002,DECOY_TARGET,true,264.5,294.5,264.5,294.5,-30.0,30.0,219,219,0,TRACKING,263.5,293.5,1.414,False
SCN_010,219,7.2667,TGT_003,DECOY_TARGET,true,304.5,301.5,304.5,301.5,0.0,0.0,219,219,0,TRACKING,303.5,300.5,1.414,False
SCN_010,220,7.3,TGT_001,COMMUNICATION_TARGET,true,301.0,390.0,301.0,390.0,-30.0,0.0,220,220,0,TRACKING,300.0,389.0,1.414,True
SCN_010,220,7.3,TGT_002,DECOY_TARGET,true,262.5,295.5,262.5,295.5,-60.0,30.0,220,220,0,TRACKING,261.5,294.5,1.414,False
SCN_010,220,7.3,TGT_003,DECOY_TARGET,true,305.5,301.5,305.5,301.5,30.0,0.0,220,220,0,TRACKING,304.5,300.5,1.414,False
SCN_010,221,7.3333,TGT_001,COMMUNICATION_TARGET,true,300.0,390.0,300.0,390.0,-30.0,0.0,221,221,0,TRACKING,299.0,389.0,1.414,True
SCN_010,221,7.3333,TGT_002,DECOY_TARGET,true,261.5,296.5,261.5,296.5,-30.0,30.0,221,221,0,TRACKING,260.5,295.5,1.414,False
SCN_010,221,7.3333,TGT_003,DECOY_TARGET,true,306.5,300.5,306.5,300.5,30.0,-30.0,221,221,0,TRACKING,305.5,299.5,1.414,False
SCN_010,222,7.3667,TGT_001,COMMUNICATION_TARGET,true,299.0,389.0,299.0,389.0,-30.0,-30.0,222,222,0,TRACKING,298.0,388.0,1.414,True
SCN_010,222,7.3667,TGT_002,DECOY_TARGET,true,259.5,297.5,259.5,297.5,-60.0,30.0,222,222,0,TRACKING,258.5,296.5,1.414,False
SCN_010,222,7.3667,TGT_003,DECOY_TARGET,true,307.5,300.5,307.5,300.5,30.0,0.0,222,222,0,TRACKING,306.5,299.5,1.414,False
SCN_010,223,7.4,TGT_001,COMMUNICATION_TARGET,true,298.0,389.0,298.0,389.0,-30.0,0.0,223,223,0,TRACKING,297.0,388.0,1.414,True
SCN_010,223,7.4,TGT_002,DECOY_TARGET,true,257.5,297.5,257.5,297.5,-60.0,0.0,223,223,0,TRACKING,256.5,296.5,1.414,False
SCN_010,223,7.4,TGT_003,DECOY_TARGET,true,307.5,300.5,307.5,300.5,0.0,0.0,223,223,0,TRACKING,306.5,299.5,1.414,False
SCN_010,224,7.4333,TGT_001,COMMUNICATION_TARGET,true,297.0,389.0,297.0,389.0,-30.0,0.0,224,224,0,TRACKING,296.0,388.0,1.414,True
SCN_010,224,7.4333,TGT_002,DECOY_TARGET,true,256.5,298.5,256.5,298.5,-30.0,30.0,224,224,0,TRACKING,255.5,297.5,1.414,False
SCN_010,224,7.4333,TGT_003,DECOY_TARGET,true,308.5,299.5,308.5,299.5,30.0,-30.0,224,224,0,TRACKING,307.5,298.5,1.414,False
SCN_010,225,7.4667,TGT_001,COMMUNICATION_TARGET,true,295.0,389.0,295.0,389.0,-60.0,0.0,225,225,0,TRACKING,294.0,388.0,1.414,True
SCN_010,225,7.4667,TGT_002,DECOY_TARGET,true,254.5,299.5,254.5,299.5,-60.0,30.0,225,225,0,TRACKING,253.5,298.5,1.414,False
SCN_010,225,7.4667,TGT_003,DECOY_TARGET,true,309.5,299.5,309.5,299.5,30.0,0.0,225,225,0,TRACKING,308.5,298.5,1.414,False
SCN_010,226,7.5,TGT_001,COMMUNICATION_TARGET,true,294.0,389.0,294.0,389.0,-30.0,0.0,226,226,0,TRACKING,293.0,388.0,1.414,True
SCN_010,226,7.5,TGT_002,DECOY_TARGET,true,253.5,299.5,253.5,299.5,-30.0,0.0,226,226,0,TRACKING,252.5,298.5,1.414,False
SCN_010,226,7.5,TGT_003,DECOY_TARGET,true,310.5,299.5,310.5,299.5,30.0,0.0,226,226,0,TRACKING,309.5,298.5,1.414,False
SCN_010,227,7.5333,TGT_001,COMMUNICATION_TARGET,true,293.0,388.0,293.0,388.0,-30.0,-30.0,227,227,0,TRACKING,292.0,387.0,1.414,True
SCN_010,227,7.5333,TGT_002,DECOY_TARGET,true,252.5,300.5,252.5,300.5,-30.0,30.0,227,227,0,TRACKING,251.5,299.5,1.414,False
SCN_010,227,7.5333,TGT_003,DECOY_TARGET,true,310.5,299.5,310.5,299.5,0.0,0.0,227,227,0,TRACKING,309.5,298.5,1.414,False
SCN_010,228,7.5667,TGT_001,COMMUNICATION_TARGET,true,292.0,388.0,292.0,388.0,-30.0,0.0,228,228,0,TRACKING,291.0,387.0,1.414,True
SCN_010,228,7.5667,TGT_002,DECOY_TARGET,true,250.5,300.5,250.5,300.5,-60.0,0.0,228,228,0,TRACKING,249.5,299.5,1.414,False
SCN_010,228,7.5667,TGT_003,DECOY_TARGET,true,311.5,298.5,311.5,298.5,30.0,-30.0,228,228,0,TRACKING,310.5,297.5,1.414,False
SCN_010,229,7.6,TGT_001,COMMUNICATION_TARGET,true,291.0,388.0,291.0,388.0,-30.0,0.0,229,229,0,TRACKING,290.0,387.0,1.414,True
SCN_010,229,7.6,TGT_002,DECOY_TARGET,true,249.5,300.5,249.5,300.5,-30.0,0.0,229,229,0,TRACKING,248.5,299.5,1.414,False
SCN_010,229,7.6,TGT_003,DECOY_TARGET,true,312.5,298.5,312.5,298.5,30.0,0.0,229,229,0,TRACKING,311.5,297.5,1.414,False
SCN_010,230,7.6333,TGT_001,COMMUNICATION_TARGET,true,290.0,388.0,290.0,388.0,-30.0,0.0,230,230,0,TRACKING,289.0,387.0,1.414,True
SCN_010,230,7.6333,TGT_002,DECOY_TARGET,true,247.5,301.5,247.5,301.5,-60.0,30.0,230,230,0,TRACKING,246.5,300.5,1.414,False
SCN_010,230,7.6333,TGT_003,DECOY_TARGET,true,313.5,298.5,313.5,298.5,30.0,0.0,230,230,0,TRACKING,312.5,297.5,1.414,False
SCN_010,231,7.6667,TGT_001,COMMUNICATION_TARGET,true,289.0,387.0,289.0,387.0,-30.0,-30.0,231,231,0,TRACKING,288.0,386.0,1.414,True
SCN_010,231,7.6667,TGT_002,DECOY_TARGET,true,246.5,301.5,246.5,301.5,-30.0,0.0,231,231,0,TRACKING,245.5,300.5,1.414,False
SCN_010,231,7.6667,TGT_003,DECOY_TARGET,true,313.5,298.5,313.5,298.5,0.0,0.0,231,231,0,TRACKING,312.5,297.5,1.414,False
SCN_010,232,7.7,TGT_001,COMMUNICATION_TARGET,true,287.0,387.0,287.0,387.0,-60.0,0.0,232,232,0,TRACKING,286.0,386.0,1.414,True
SCN_010,232,7.7,TGT_002,DECOY_TARGET,true,245.5,301.5,245.5,301.5,-30.0,0.0,232,232,0,TRACKING,244.5,300.5,1.414,False
SCN_010,232,7.7,TGT_003,DECOY_TARGET,true,314.5,297.5,314.5,297.5,30.0,-30.0,232,232,0,TRACKING,313.5,296.5,1.414,False
SCN_010,233,7.7333,TGT_001,COMMUNICATION_TARGET,true,286.0,387.0,286.0,387.0,-30.0,0.0,233,233,0,TRACKING,285.0,386.0,1.414,True
SCN_010,233,7.7333,TGT_002,DECOY_TARGET,true,243.5,301.5,243.5,301.5,-60.0,0.0,233,233,0,TRACKING,242.5,300.5,1.414,False
SCN_010,233,7.7333,TGT_003,DECOY_TARGET,true,315.5,297.5,315.5,297.5,30.0,0.0,233,233,0,TRACKING,314.5,296.5,1.414,False
SCN_010,234,7.7667,TGT_001,COMMUNICATION_TARGET,true,285.0,387.0,285.0,387.0,-30.0,0.0,234,234,0,TRACKING,284.0,386.0,1.414,True
SCN_010,234,7.7667,TGT_002,DECOY_TARGET,true,242.5,301.5,242.5,301.5,-30.0,0.0,234,234,0,TRACKING,241.5,300.5,1.414,False
SCN_010,234,7.7667,TGT_003,DECOY_TARGET,true,316.5,297.5,316.5,297.5,30.0,0.0,234,234,0,TRACKING,315.5,296.5,1.414,False
SCN_010,235,7.8,TGT_001,COMMUNICATION_TARGET,true,284.0,386.0,284.0,386.0,-30.0,-30.0,235,235,0,TRACKING,283.0,385.0,1.414,True
SCN_010,235,7.8,TGT_002,DECOY_TARGET,true,241.5,301.5,241.5,301.5,-30.0,0.0,235,235,0,TRACKING,240.5,300.5,1.414,False
SCN_010,235,7.8,TGT_003,DECOY_TARGET,true,316.5,296.5,316.5,296.5,0.0,-30.0,235,235,0,TRACKING,315.5,295.5,1.414,False
SCN_010,236,7.8333,TGT_001,COMMUNICATION_TARGET,true,283.0,386.0,283.0,386.0,-30.0,0.0,236,236,0,TRACKING,282.0,385.0,1.414,True
SCN_010,236,7.8333,TGT_002,DECOY_TARGET,true,239.5,301.5,239.5,301.5,-60.0,0.0,236,236,0,TRACKING,238.5,300.5,1.414,False
SCN_010,236,7.8333,TGT_003,DECOY_TARGET,true,317.5,296.5,317.5,296.5,30.0,0.0,236,236,0,TRACKING,316.5,295.5,1.414,False
SCN_010,237,7.8667,TGT_001,COMMUNICATION_TARGET,true,282.0,386.0,282.0,386.0,-30.0,0.0,237,237,0,TRACKING,281.0,385.0,1.414,True
SCN_010,237,7.8667,TGT_002,DECOY_TARGET,true,238.5,301.5,238.5,301.5,-30.0,0.0,237,237,0,TRACKING,237.5,300.5,1.414,False
SCN_010,237,7.8667,TGT_003,DECOY_TARGET,true,318.5,296.5,318.5,296.5,30.0,0.0,237,237,0,TRACKING,317.5,295.5,1.414,False
SCN_010,238,7.9,TGT_001,COMMUNICATION_TARGET,true,281.0,385.0,281.0,385.0,-30.0,-30.0,238,238,0,TRACKING,280.0,384.0,1.414,True
SCN_010,238,7.9,TGT_002,DECOY_TARGET,true,237.5,300.5,237.5,300.5,-30.0,-30.0,238,238,0,TRACKING,236.5,299.5,1.414,False
SCN_010,238,7.9,TGT_003,DECOY_TARGET,true,319.5,296.5,319.5,296.5,30.0,0.0,238,238,0,TRACKING,318.5,295.5,1.414,False
SCN_010,239,7.9333,TGT_001,COMMUNICATION_TARGET,true,280.0,385.0,280.0,385.0,-30.0,0.0,239,239,0,TRACKING,279.0,384.0,1.414,True
SCN_010,239,7.9333,TGT_002,DECOY_TARGET,true,236.5,300.5,236.5,300.5,-30.0,0.0,239,239,0,TRACKING,235.5,299.5,1.414,False
SCN_010,239,7.9333,TGT_003,DECOY_TARGET,true,319.5,295.5,319.5,295.5,0.0,-30.0,239,239,0,TRACKING,318.5,294.5,1.414,False
SCN_010,240,7.9667,TGT_001,COMMUNICATION_TARGET,true,278.0,385.0,278.0,385.0,-60.0,0.0,240,240,0,TRACKING,277.0,384.0,1.414,True
SCN_010,240,7.9667,TGT_002,DECOY_TARGET,true,235.5,299.5,235.5,299.5,-30.0,-30.0,240,240,0,TRACKING,234.5,298.5,1.414,False
SCN_010,240,7.9667,TGT_003,DECOY_TARGET,true,320.5,295.5,320.5,295.5,30.0,0.0,240,240,0,TRACKING,319.5,294.5,1.414,False
SCN_010,241,8.0,TGT_001,COMMUNICATION_TARGET,true,277.0,384.0,277.0,384.0,-30.0,-30.0,241,241,0,TRACKING,276.0,383.0,1.414,True
SCN_010,241,8.0,TGT_002,DECOY_TARGET,true,233.5,299.5,233.5,299.5,-60.0,0.0,241,241,0,TRACKING,232.5,298.5,1.414,False
SCN_010,241,8.0,TGT_003,DECOY_TARGET,true,321.5,295.5,321.5,295.5,30.0,0.0,241,241,0,TRACKING,320.5,294.5,1.414,False
SCN_010,242,8.0333,TGT_001,COMMUNICATION_TARGET,true,276.0,384.0,276.0,384.0,-30.0,0.0,242,242,0,TRACKING,275.0,383.0,1.414,True
SCN_010,242,8.0333,TGT_002,DECOY_TARGET,true,232.5,298.5,232.5,298.5,-30.0,-30.0,242,242,0,TRACKING,231.5,297.5,1.414,False
SCN_010,242,8.0333,TGT_003,DECOY_TARGET,true,322.5,295.5,322.5,295.5,30.0,0.0,242,242,0,TRACKING,321.5,294.5,1.414,False
SCN_010,243,8.0667,TGT_001,COMMUNICATION_TARGET,true,275.0,384.0,275.0,384.0,-30.0,0.0,243,243,0,TRACKING,274.0,383.0,1.414,True
SCN_010,243,8.0667,TGT_002,DECOY_TARGET,true,231.5,298.5,231.5,298.5,-30.0,0.0,243,243,0,TRACKING,230.5,297.5,1.414,False
SCN_010,243,8.0667,TGT_003,DECOY_TARGET,true,322.5,294.5,322.5,294.5,0.0,-30.0,243,243,0,TRACKING,321.5,293.5,1.414,False
SCN_010,244,8.1,TGT_001,COMMUNICATION_TARGET,true,274.0,383.0,274.0,383.0,-30.0,-30.0,244,244,0,TRACKING,273.0,382.0,1.414,True
SCN_010,244,8.1,TGT_002,DECOY_TARGET,true,230.5,297.5,230.5,297.5,-30.0,-30.0,244,244,0,TRACKING,229.5,296.5,1.414,False
SCN_010,244,8.1,TGT_003,DECOY_TARGET,true,323.5,294.5,323.5,294.5,30.0,0.0,244,244,0,TRACKING,322.5,293.5,1.414,False
SCN_010,245,8.1333,TGT_001,COMMUNICATION_TARGET,true,273.0,383.0,273.0,383.0,-30.0,0.0,245,245,0,TRACKING,272.0,382.0,1.414,True
SCN_010,245,8.1333,TGT_002,DECOY_TARGET,true,229.5,296.5,229.5,296.5,-30.0,-30.0,245,245,0,TRACKING,228.5,295.5,1.414,False
SCN_010,245,8.1333,TGT_003,DECOY_TARGET,true,324.5,294.5,324.5,294.5,30.0,0.0,245,245,0,TRACKING,323.5,293.5,1.414,False
SCN_010,246,8.1667,TGT_001,COMMUNICATION_TARGET,true,272.0,383.0,272.0,383.0,-30.0,0.0,246,246,0,TRACKING,271.0,382.0,1.414,True
SCN_010,246,8.1667,TGT_002,DECOY_TARGET,true,228.5,296.5,228.5,296.5,-30.0,0.0,246,246,0,TRACKING,227.5,295.5,1.414,False
SCN_010,246,8.1667,TGT_003,DECOY_TARGET,true,325.5,293.5,325.5,293.5,30.0,-30.0,246,246,0,TRACKING,324.5,292.5,1.414,False
SCN_010,247,8.2,TGT_001,COMMUNICATION_TARGET,true,271.0,382.0,271.0,382.0,-30.0,-30.0,247,247,0,TRACKING,270.0,381.0,1.414,True
SCN_010,247,8.2,TGT_002,DECOY_TARGET,true,227.5,295.5,227.5,295.5,-30.0,-30.0,247,247,0,TRACKING,226.5,294.5,1.414,False
SCN_010,247,8.2,TGT_003,DECOY_TARGET,true,325.5,293.5,325.5,293.5,0.0,0.0,247,247,0,TRACKING,324.5,292.5,1.414,False
SCN_010,248,8.2333,TGT_001,COMMUNICATION_TARGET,true,270.0,382.0,270.0,382.0,-30.0,0.0,248,248,0,TRACKING,269.0,381.0,1.414,True
SCN_010,248,8.2333,TGT_002,DECOY_TARGET,true,226.5,294.5,226.5,294.5,-30.0,-30.0,248,248,0,TRACKING,225.5,293.5,1.414,False
SCN_010,248,8.2333,TGT_003,DECOY_TARGET,true,326.5,293.5,326.5,293.5,30.0,0.0,248,248,0,TRACKING,325.5,292.5,1.414,False
SCN_010,249,8.2667,TGT_001,COMMUNICATION_TARGET,true,268.0,381.0,268.0,381.0,-60.0,-30.0,249,249,0,TRACKING,267.0,380.0,1.414,True
SCN_010,249,8.2667,TGT_002,DECOY_TARGET,true,225.5,293.5,225.5,293.5,-30.0,-30.0,249,249,0,TRACKING,224.5,292.5,1.414,False
SCN_010,249,8.2667,TGT_003,DECOY_TARGET,true,327.5,293.5,327.5,293.5,30.0,0.0,249,249,0,TRACKING,326.5,292.5,1.414,False
SCN_010,250,8.3,TGT_001,COMMUNICATION_TARGET,true,267.0,381.0,267.0,381.0,-30.0,0.0,250,250,0,TRACKING,266.0,380.0,1.414,True
SCN_010,250,8.3,TGT_002,DECOY_TARGET,true,224.5,292.5,224.5,292.5,-30.0,-30.0,250,250,0,TRACKING,223.5,291.5,1.414,False
SCN_010,250,8.3,TGT_003,DECOY_TARGET,true,328.5,292.5,328.5,292.5,30.0,-30.0,250,250,0,TRACKING,327.5,291.5,1.414,False
SCN_010,251,8.3333,TGT_001,COMMUNICATION_TARGET,true,266.0,381.0,266.0,381.0,-30.0,0.0,251,251,0,TRACKING,265.0,380.0,1.414,True
SCN_010,251,8.3333,TGT_002,DECOY_TARGET,true,223.5,291.5,223.5,291.5,-30.0,-30.0,251,251,0,TRACKING,222.5,290.5,1.414,False
SCN_010,251,8.3333,TGT_003,DECOY_TARGET,true,328.5,292.5,328.5,292.5,0.0,0.0,251,251,0,TRACKING,327.5,291.5,1.414,False
SCN_010,252,8.3667,TGT_001,COMMUNICATION_TARGET,true,265.0,380.0,265.0,380.0,-30.0,-30.0,252,252,0,TRACKING,264.0,379.0,1.414,True
SCN_010,252,8.3667,TGT_002,DECOY_TARGET,true,222.5,289.5,222.5,289.5,-30.0,-60.0,252,252,0,TRACKING,221.5,288.5,1.414,False
SCN_010,252,8.3667,TGT_003,DECOY_TARGET,true,329.5,292.5,329.5,292.5,30.0,0.0,252,252,0,TRACKING,328.5,291.5,1.414,False
SCN_010,253,8.4,TGT_001,COMMUNICATION_TARGET,true,264.0,380.0,264.0,380.0,-30.0,0.0,253,253,0,TRACKING,263.0,379.0,1.414,True
SCN_010,253,8.4,TGT_002,DECOY_TARGET,true,222.5,288.5,222.5,288.5,0.0,-30.0,253,253,0,TRACKING,221.5,287.5,1.414,False
SCN_010,253,8.4,TGT_003,DECOY_TARGET,true,330.5,292.5,330.5,292.5,30.0,0.0,253,253,0,TRACKING,329.5,291.5,1.414,False
SCN_010,254,8.4333,TGT_001,COMMUNICATION_TARGET,true,263.0,379.0,263.0,379.0,-30.0,-30.0,254,254,0,TRACKING,262.0,378.0,1.414,True
SCN_010,254,8.4333,TGT_002,DECOY_TARGET,true,221.5,287.5,221.5,287.5,-30.0,-30.0,254,254,0,TRACKING,220.5,286.5,1.414,False
SCN_010,254,8.4333,TGT_003,DECOY_TARGET,true,331.5,291.5,331.5,291.5,30.0,-30.0,254,254,0,TRACKING,330.5,290.5,1.414,False
SCN_010,255,8.4667,TGT_001,COMMUNICATION_TARGET,true,262.0,379.0,262.0,379.0,-30.0,0.0,255,255,0,TRACKING,261.0,378.0,1.414,True
SCN_010,255,8.4667,TGT_002,DECOY_TARGET,true,220.5,286.5,220.5,286.5,-30.0,-30.0,255,255,0,TRACKING,219.5,285.5,1.414,False
SCN_010,255,8.4667,TGT_003,DECOY_TARGET,true,331.5,291.5,331.5,291.5,0.0,0.0,255,255,0,TRACKING,330.5,290.5,1.414,False
SCN_010,256,8.5,TGT_001,COMMUNICATION_TARGET,true,261.0,378.0,261.0,378.0,-30.0,-30.0,256,256,0,TRACKING,260.0,377.0,1.414,True
SCN_010,256,8.5,TGT_002,DECOY_TARGET,true,219.5,284.5,219.5,284.5,-30.0,-60.0,256,256,0,TRACKING,218.5,283.5,1.414,False
SCN_010,256,8.5,TGT_003,DECOY_TARGET,true,332.5,291.5,332.5,291.5,30.0,0.0,256,256,0,TRACKING,331.5,290.5,1.414,False
SCN_010,257,8.5333,TGT_001,COMMUNICATION_TARGET,true,260.0,378.0,260.0,378.0,-30.0,0.0,257,257,0,TRACKING,259.0,377.0,1.414,True
SCN_010,257,8.5333,TGT_002,DECOY_TARGET,true,219.5,283.5,219.5,283.5,0.0,-30.0,257,257,0,TRACKING,218.5,282.5,1.414,False
SCN_010,257,8.5333,TGT_003,DECOY_TARGET,true,333.5,290.5,333.5,290.5,30.0,-30.0,257,257,0,TRACKING,332.5,289.5,1.414,False
SCN_010,258,8.5667,TGT_001,COMMUNICATION_TARGET,true,259.0,377.0,259.0,377.0,-30.0,-30.0,258,258,0,TRACKING,258.0,376.0,1.414,True
SCN_010,258,8.5667,TGT_002,DECOY_TARGET,true,218.5,281.5,218.5,281.5,-30.0,-60.0,258,258,0,TRACKING,217.5,280.5,1.414,False
SCN_010,258,8.5667,TGT_003,DECOY_TARGET,true,334.5,290.5,334.5,290.5,30.0,0.0,258,258,0,TRACKING,333.5,289.5,1.414,False
SCN_010,259,8.6,TGT_001,COMMUNICATION_TARGET,true,258.0,377.0,258.0,377.0,-30.0,0.0,259,259,0,TRACKING,257.0,376.0,1.414,True
SCN_010,259,8.6,TGT_002,DECOY_TARGET,true,217.5,280.5,217.5,280.5,-30.0,-30.0,259,259,0,TRACKING,216.5,279.5,1.414,False
SCN_010,259,8.6,TGT_003,DECOY_TARGET,true,334.5,290.5,334.5,290.5,0.0,0.0,259,259,0,TRACKING,333.5,289.5,1.414,False
SCN_010,260,8.6333,TGT_001,COMMUNICATION_TARGET,true,257.0,376.0,257.0,376.0,-30.0,-30.0,260,260,0,TRACKING,256.0,375.0,1.414,True
SCN_010,260,8.6333,TGT_002,DECOY_TARGET,true,217.5,278.5,217.5,278.5,0.0,-60.0,260,260,0,TRACKING,216.5,277.5,1.414,False
SCN_010,260,8.6333,TGT_003,DECOY_TARGET,true,335.5,290.5,335.5,290.5,30.0,0.0,260,260,0,TRACKING,334.5,289.5,1.414,False
SCN_010,261,8.6667,TGT_001,COMMUNICATION_TARGET,true,256.0,376.0,256.0,376.0,-30.0,0.0,261,261,0,TRACKING,255.0,375.0,1.414,True
SCN_010,261,8.6667,TGT_002,DECOY_TARGET,true,216.5,276.5,216.5,276.5,-30.0,-60.0,261,261,0,TRACKING,215.5,275.5,1.414,False
SCN_010,261,8.6667,TGT_003,DECOY_TARGET,true,336.5,289.5,336.5,289.5,30.0,-30.0,261,261,0,TRACKING,335.5,288.5,1.414,False
SCN_010,262,8.7,TGT_001,COMMUNICATION_TARGET,true,255.0,375.0,255.0,375.0,-30.0,-30.0,262,262,0,TRACKING,254.0,374.0,1.414,True
SCN_010,262,8.7,TGT_002,DECOY_TARGET,true,215.5,275.5,215.5,275.5,-30.0,-30.0,262,262,0,TRACKING,214.5,274.5,1.414,False
SCN_010,262,8.7,TGT_003,DECOY_TARGET,true,337.5,289.5,337.5,289.5,30.0,0.0,262,262,0,TRACKING,336.5,288.5,1.414,False
SCN_010,263,8.7333,TGT_001,COMMUNICATION_TARGET,true,253.0,375.0,253.0,375.0,-60.0,0.0,263,263,0,TRACKING,252.0,374.0,1.414,True
SCN_010,263,8.7333,TGT_002,DECOY_TARGET,true,215.5,273.5,215.5,273.5,0.0,-60.0,263,263,0,TRACKING,214.5,272.5,1.414,False
SCN_010,263,8.7333,TGT_003,DECOY_TARGET,true,337.5,289.5,337.5,289.5,0.0,0.0,263,263,0,TRACKING,336.5,288.5,1.414,False
SCN_010,264,8.7667,TGT_001,COMMUNICATION_TARGET,true,252.0,374.0,252.0,374.0,-30.0,-30.0,264,264,0,TRACKING,251.0,373.0,1.414,True
SCN_010,264,8.7667,TGT_002,DECOY_TARGET,true,214.5,271.5,214.5,271.5,-30.0,-60.0,264,264,0,TRACKING,213.5,270.5,1.414,False
SCN_010,264,8.7667,TGT_003,DECOY_TARGET,true,338.5,289.5,338.5,289.5,30.0,0.0,264,264,0,TRACKING,337.5,288.5,1.414,False
SCN_010,265,8.8,TGT_001,COMMUNICATION_TARGET,true,251.0,374.0,251.0,374.0,-30.0,0.0,265,265,0,TRACKING,250.0,373.0,1.414,True
SCN_010,265,8.8,TGT_002,DECOY_TARGET,true,214.5,270.5,214.5,270.5,0.0,-30.0,265,265,0,TRACKING,213.5,269.5,1.414,False
SCN_010,265,8.8,TGT_003,DECOY_TARGET,true,339.5,288.5,339.5,288.5,30.0,-30.0,265,265,0,TRACKING,338.5,287.5,1.414,False
SCN_010,266,8.8333,TGT_001,COMMUNICATION_TARGET,true,250.0,373.0,250.0,373.0,-30.0,-30.0,266,266,0,TRACKING,249.0,372.0,1.414,True
SCN_010,266,8.8333,TGT_002,DECOY_TARGET,true,214.5,268.5,214.5,268.5,0.0,-60.0,266,266,0,TRACKING,213.5,267.5,1.414,False
SCN_010,266,8.8333,TGT_003,DECOY_TARGET,true,340.5,288.5,340.5,288.5,30.0,0.0,266,266,0,TRACKING,339.5,287.5,1.414,False
SCN_010,267,8.8667,TGT_001,COMMUNICATION_TARGET,true,249.0,373.0,249.0,373.0,-30.0,0.0,267,267,0,TRACKING,248.0,372.0,1.414,True
SCN_010,267,8.8667,TGT_002,DECOY_TARGET,true,213.5,266.5,213.5,266.5,-30.0,-60.0,267,267,0,TRACKING,212.5,265.5,1.414,False
SCN_010,267,8.8667,TGT_003,DECOY_TARGET,true,340.5,288.5,340.5,288.5,0.0,0.0,267,267,0,TRACKING,339.5,287.5,1.414,False
SCN_010,268,8.9,TGT_001,COMMUNICATION_TARGET,true,248.0,372.0,248.0,372.0,-30.0,-30.0,268,268,0,TRACKING,247.0,371.0,1.414,True
SCN_010,268,8.9,TGT_002,DECOY_TARGET,true,213.5,264.5,213.5,264.5,0.0,-60.0,268,268,0,TRACKING,212.5,263.5,1.414,False
SCN_010,268,8.9,TGT_003,DECOY_TARGET,true,341.5,287.5,341.5,287.5,30.0,-30.0,268,268,0,TRACKING,340.5,286.5,1.414,False
SCN_010,269,8.9333,TGT_001,COMMUNICATION_TARGET,true,247.0,372.0,247.0,372.0,-30.0,0.0,269,269,0,TRACKING,246.0,371.0,1.414,True
SCN_010,269,8.9333,TGT_002,DECOY_TARGET,true,212.5,262.5,212.5,262.5,-30.0,-60.0,269,269,0,TRACKING,211.5,261.5,1.414,False
SCN_010,269,8.9333,TGT_003,DECOY_TARGET,true,342.5,287.5,342.5,287.5,30.0,0.0,269,269,0,TRACKING,341.5,286.5,1.414,False
SCN_010,270,8.9667,TGT_001,COMMUNICATION_TARGET,true,246.0,371.0,246.0,371.0,-30.0,-30.0,270,270,0,TRACKING,245.0,370.0,1.414,True
SCN_010,270,8.9667,TGT_002,DECOY_TARGET,true,212.5,260.5,212.5,260.5,0.0,-60.0,270,270,0,TRACKING,211.5,259.5,1.414,False
SCN_010,270,8.9667,TGT_003,DECOY_TARGET,true,343.5,287.5,343.5,287.5,30.0,0.0,270,270,0,TRACKING,342.5,286.5,1.414,False
SCN_010,271,9.0,TGT_001,COMMUNICATION_TARGET,true,245.0,370.0,245.0,370.0,-30.0,-30.0,271,271,0,TRACKING,244.0,369.0,1.414,True
SCN_010,271,9.0,TGT_002,DECOY_TARGET,true,212.5,258.5,212.5,258.5,0.0,-60.0,271,271,0,TRACKING,211.5,257.5,1.414,False
SCN_010,271,9.0,TGT_003,DECOY_TARGET,true,343.5,287.5,343.5,287.5,0.0,0.0,271,271,0,TRACKING,342.5,286.5,1.414,False
SCN_010,272,9.0333,TGT_001,COMMUNICATION_TARGET,true,244.0,370.0,244.0,370.0,-30.0,0.0,272,272,0,TRACKING,243.0,369.0,1.414,True
SCN_010,272,9.0333,TGT_002,DECOY_TARGET,true,211.5,256.5,211.5,256.5,-30.0,-60.0,272,272,0,TRACKING,210.5,255.5,1.414,False
SCN_010,272,9.0333,TGT_003,DECOY_TARGET,true,344.5,286.5,344.5,286.5,30.0,-30.0,272,272,0,TRACKING,343.5,285.5,1.414,False
SCN_010,273,9.0667,TGT_001,COMMUNICATION_TARGET,true,243.0,369.0,243.0,369.0,-30.0,-30.0,273,273,0,TRACKING,242.0,368.0,1.414,True
SCN_010,273,9.0667,TGT_002,DECOY_TARGET,true,211.5,254.5,211.5,254.5,0.0,-60.0,273,273,0,TRACKING,210.5,253.5,1.414,False
SCN_010,273,9.0667,TGT_003,DECOY_TARGET,true,345.5,286.5,345.5,286.5,30.0,0.0,273,273,0,TRACKING,344.5,285.5,1.414,False
SCN_010,274,9.1,TGT_001,COMMUNICATION_TARGET,true,242.0,369.0,242.0,369.0,-30.0,0.0,274,274,0,TRACKING,241.0,368.0,1.414,True
SCN_010,274,9.1,TGT_002,DECOY_TARGET,true,211.5,252.5,211.5,252.5,0.0,-60.0,274,274,0,TRACKING,210.5,251.5,1.414,False
SCN_010,274,9.1,TGT_003,DECOY_TARGET,true,346.5,286.5,346.5,286.5,30.0,0.0,274,274,0,TRACKING,345.5,285.5,1.414,False
SCN_010,275,9.1333,TGT_001,COMMUNICATION_TARGET,true,241.0,368.0,241.0,368.0,-30.0,-30.0,275,275,0,TRACKING,240.0,367.0,1.414,True
SCN_010,275,9.1333,TGT_002,DECOY_TARGET,true,211.5,250.5,211.5,250.5,0.0,-60.0,275,275,0,TRACKING,210.5,249.5,1.414,False
SCN_010,275,9.1333,TGT_003,DECOY_TARGET,true,346.5,286.5,346.5,286.5,0.0,0.0,275,275,0,TRACKING,345.5,285.5,1.414,False
SCN_010,276,9.1667,TGT_001,COMMUNICATION_TARGET,true,240.0,367.0,240.0,367.0,-30.0,-30.0,276,276,0,TRACKING,239.0,366.0,1.414,True
SCN_010,276,9.1667,TGT_002,DECOY_TARGET,true,211.5,248.5,211.5,248.5,0.0,-60.0,276,276,0,TRACKING,210.5,247.5,1.414,False
SCN_010,276,9.1667,TGT_003,DECOY_TARGET,true,347.5,285.5,347.5,285.5,30.0,-30.0,276,276,0,TRACKING,346.5,284.5,1.414,False
SCN_010,277,9.2,TGT_001,COMMUNICATION_TARGET,true,239.0,367.0,239.0,367.0,-30.0,0.0,277,277,0,TRACKING,238.0,366.0,1.414,True
SCN_010,277,9.2,TGT_002,DECOY_TARGET,true,211.5,246.5,211.5,246.5,0.0,-60.0,277,277,0,TRACKING,210.5,245.5,1.414,False
SCN_010,277,9.2,TGT_003,DECOY_TARGET,true,348.5,285.5,348.5,285.5,30.0,0.0,277,277,0,TRACKING,347.5,284.5,1.414,False
SCN_010,278,9.2333,TGT_001,COMMUNICATION_TARGET,true,238.0,366.0,238.0,366.0,-30.0,-30.0,278,278,0,TRACKING,237.0,365.0,1.414,True
SCN_010,278,9.2333,TGT_002,DECOY_TARGET,true,211.5,244.5,211.5,244.5,0.0,-60.0,278,278,0,TRACKING,210.5,243.5,1.414,False
SCN_010,278,9.2333,TGT_003,DECOY_TARGET,true,349.5,285.5,349.5,285.5,30.0,0.0,278,278,0,TRACKING,348.5,284.5,1.414,False
SCN_010,279,9.2667,TGT_001,COMMUNICATION_TARGET,true,237.0,366.0,237.0,366.0,-30.0,0.0,279,279,0,TRACKING,236.0,365.0,1.414,True
SCN_010,279,9.2667,TGT_002,DECOY_TARGET,true,211.5,242.5,211.5,242.5,0.0,-60.0,279,279,0,TRACKING,210.5,241.5,1.414,False
SCN_010,279,9.2667,TGT_003,DECOY_TARGET,true,349.5,284.5,349.5,284.5,0.0,-30.0,279,279,0,TRACKING,348.5,283.5,1.414,False
SCN_010,280,9.3,TGT_001,COMMUNICATION_TARGET,true,236.0,365.0,236.0,365.0,-30.0,-30.0,280,280,0,TRACKING,235.0,364.0,1.414,True
SCN_010,280,9.3,TGT_002,DECOY_TARGET,true,211.5,240.5,211.5,240.5,0.0,-60.0,280,280,0,TRACKING,210.5,239.5,1.414,False
SCN_010,280,9.3,TGT_003,DECOY_TARGET,true,350.5,284.5,350.5,284.5,30.0,0.0,280,280,0,TRACKING,349.5,283.5,1.414,False
SCN_010,281,9.3333,TGT_001,COMMUNICATION_TARGET,true,235.0,364.0,235.0,364.0,-30.0,-30.0,281,281,0,TRACKING,234.0,363.0,1.414,True
SCN_010,281,9.3333,TGT_002,DECOY_TARGET,true,211.5,238.5,211.5,238.5,0.0,-60.0,281,281,0,TRACKING,210.5,237.5,1.414,False
SCN_010,281,9.3333,TGT_003,DECOY_TARGET,true,351.5,284.5,351.5,284.5,30.0,0.0,281,281,0,TRACKING,350.5,283.5,1.414,False
SCN_010,282,9.3667,TGT_001,COMMUNICATION_TARGET,true,234.0,364.0,234.0,364.0,-30.0,0.0,282,282,0,TRACKING,233.0,363.0,1.414,True
SCN_010,282,9.3667,TGT_002,DECOY_TARGET,true,211.5,236.5,211.5,236.5,0.0,-60.0,282,282,0,TRACKING,210.5,235.5,1.414,False
SCN_010,282,9.3667,TGT_003,DECOY_TARGET,true,352.5,284.5,352.5,284.5,30.0,0.0,282,282,0,TRACKING,351.5,283.5,1.414,False
SCN_010,283,9.4,TGT_001,COMMUNICATION_TARGET,true,234.0,363.0,234.0,363.0,0.0,-30.0,283,283,0,TRACKING,233.0,362.0,1.414,True
SCN_010,283,9.4,TGT_002,DECOY_TARGET,true,211.5,234.5,211.5,234.5,0.0,-60.0,283,283,0,TRACKING,210.5,233.5,1.414,False
SCN_010,283,9.4,TGT_003,DECOY_TARGET,true,352.5,283.5,352.5,283.5,0.0,-30.0,283,283,0,TRACKING,351.5,282.5,1.414,False
SCN_010,284,9.4333,TGT_001,COMMUNICATION_TARGET,true,233.0,362.0,233.0,362.0,-30.0,-30.0,284,284,0,TRACKING,232.0,361.0,1.414,True
SCN_010,284,9.4333,TGT_002,DECOY_TARGET,true,211.5,232.5,211.5,232.5,0.0,-60.0,284,284,0,TRACKING,210.5,231.5,1.414,False
SCN_010,284,9.4333,TGT_003,DECOY_TARGET,true,353.5,283.5,353.5,283.5,30.0,0.0,284,284,0,TRACKING,352.5,282.5,1.414,False
SCN_010,285,9.4667,TGT_001,COMMUNICATION_TARGET,true,232.0,361.0,232.0,361.0,-30.0,-30.0,285,285,0,TRACKING,231.0,360.0,1.414,True
SCN_010,285,9.4667,TGT_002,DECOY_TARGET,true,211.5,230.5,211.5,230.5,0.0,-60.0,285,285,0,TRACKING,210.5,229.5,1.414,False
SCN_010,285,9.4667,TGT_003,DECOY_TARGET,true,354.5,283.5,354.5,283.5,30.0,0.0,285,285,0,TRACKING,353.5,282.5,1.414,False
SCN_010,286,9.5,TGT_001,COMMUNICATION_TARGET,true,231.0,361.0,231.0,361.0,-30.0,0.0,286,286,0,TRACKING,230.0,360.0,1.414,True
SCN_010,286,9.5,TGT_002,DECOY_TARGET,true,211.5,228.5,211.5,228.5,0.0,-60.0,286,286,0,TRACKING,210.5,227.5,1.414,False
SCN_010,286,9.5,TGT_003,DECOY_TARGET,true,355.5,283.5,355.5,283.5,30.0,0.0,286,286,0,TRACKING,354.5,282.5,1.414,False
SCN_010,287,9.5333,TGT_001,COMMUNICATION_TARGET,true,230.0,360.0,230.0,360.0,-30.0,-30.0,287,287,0,TRACKING,229.0,359.0,1.414,True
SCN_010,287,9.5333,TGT_002,DECOY_TARGET,true,211.5,226.5,211.5,226.5,0.0,-60.0,287,287,0,TRACKING,210.5,225.5,1.414,False
SCN_010,287,9.5333,TGT_003,DECOY_TARGET,true,356.5,282.5,356.5,282.5,30.0,-30.0,287,287,0,TRACKING,355.5,281.5,1.414,False
SCN_010,288,9.5667,TGT_001,COMMUNICATION_TARGET,true,229.0,359.0,229.0,359.0,-30.0,-30.0,288,288,0,TRACKING,228.0,358.0,1.414,True
SCN_010,288,9.5667,TGT_002,DECOY_TARGET,true,212.5,224.5,212.5,224.5,30.0,-60.0,288,288,0,TRACKING,211.5,223.5,1.414,False
SCN_010,288,9.5667,TGT_003,DECOY_TARGET,true,356.5,282.5,356.5,282.5,0.0,0.0,288,288,0,TRACKING,355.5,281.5,1.414,False
SCN_010,289,9.6,TGT_001,COMMUNICATION_TARGET,true,228.0,359.0,228.0,359.0,-30.0,0.0,289,289,0,TRACKING,227.0,358.0,1.414,True
SCN_010,289,9.6,TGT_002,DECOY_TARGET,true,212.5,222.5,212.5,222.5,0.0,-60.0,289,289,0,TRACKING,211.5,221.5,1.414,False
SCN_010,289,9.6,TGT_003,DECOY_TARGET,true,357.5,282.5,357.5,282.5,30.0,0.0,289,289,0,TRACKING,356.5,281.5,1.414,False
SCN_010,290,9.6333,TGT_001,COMMUNICATION_TARGET,true,227.0,358.0,227.0,358.0,-30.0,-30.0,290,290,0,TRACKING,226.0,357.0,1.414,True
SCN_010,290,9.6333,TGT_002,DECOY_TARGET,true,212.5,220.5,212.5,220.5,0.0,-60.0,290,290,0,TRACKING,211.5,219.5,1.414,False
SCN_010,290,9.6333,TGT_003,DECOY_TARGET,true,358.5,281.5,358.5,281.5,30.0,-30.0,290,290,0,TRACKING,357.5,280.5,1.414,False
SCN_010,291,9.6667,TGT_001,COMMUNICATION_TARGET,true,226.0,357.0,226.0,357.0,-30.0,-30.0,291,291,0,TRACKING,225.0,356.0,1.414,True
SCN_010,291,9.6667,TGT_002,DECOY_TARGET,true,212.5,218.5,212.5,218.5,0.0,-60.0,291,291,0,TRACKING,211.5,217.5,1.414,False
SCN_010,291,9.6667,TGT_003,DECOY_TARGET,true,359.5,281.5,359.5,281.5,30.0,0.0,291,291,0,TRACKING,358.5,280.5,1.414,False
SCN_010,292,9.7,TGT_001,COMMUNICATION_TARGET,true,225.0,356.0,225.0,356.0,-30.0,-30.0,292,292,0,TRACKING,224.0,355.0,1.414,True
SCN_010,292,9.7,TGT_002,DECOY_TARGET,true,213.5,216.5,213.5,216.5,30.0,-60.0,292,292,0,TRACKING,212.5,215.5,1.414,False
SCN_010,292,9.7,TGT_003,DECOY_TARGET,true,359.5,281.5,359.5,281.5,0.0,0.0,292,292,0,TRACKING,358.5,280.5,1.414,False
SCN_010,293,9.7333,TGT_001,COMMUNICATION_TARGET,true,224.0,356.0,224.0,356.0,-30.0,0.0,293,293,0,TRACKING,223.0,355.0,1.414,True
SCN_010,293,9.7333,TGT_002,DECOY_TARGET,true,213.5,214.5,213.5,214.5,0.0,-60.0,293,293,0,TRACKING,212.5,213.5,1.414,False
SCN_010,293,9.7333,TGT_003,DECOY_TARGET,true,360.5,281.5,360.5,281.5,30.0,0.0,293,293,0,TRACKING,359.5,280.5,1.414,False
SCN_010,294,9.7667,TGT_001,COMMUNICATION_TARGET,true,223.0,355.0,223.0,355.0,-30.0,-30.0,294,294,0,TRACKING,222.0,354.0,1.414,True
SCN_010,294,9.7667,TGT_002,DECOY_TARGET,true,214.5,213.5,214.5,213.5,30.0,-30.0,294,294,0,TRACKING,213.5,212.5,1.414,False
SCN_010,294,9.7667,TGT_003,DECOY_TARGET,true,361.5,280.5,361.5,280.5,30.0,-30.0,294,294,0,TRACKING,360.5,279.5,1.414,False
SCN_010,295,9.8,TGT_001,COMMUNICATION_TARGET,true,223.0,354.0,223.0,354.0,0.0,-30.0,295,295,0,TRACKING,222.0,353.0,1.414,True
SCN_010,295,9.8,TGT_002,DECOY_TARGET,true,214.5,211.5,214.5,211.5,0.0,-60.0,295,295,0,TRACKING,213.5,210.5,1.414,False
SCN_010,295,9.8,TGT_003,DECOY_TARGET,true,362.5,280.5,362.5,280.5,30.0,0.0,295,295,0,TRACKING,361.5,279.5,1.414,False
SCN_010,296,9.8333,TGT_001,COMMUNICATION_TARGET,true,222.0,353.0,222.0,353.0,-30.0,-30.0,296,296,0,TRACKING,221.0,352.0,1.414,True
SCN_010,296,9.8333,TGT_002,DECOY_TARGET,true,215.5,209.5,215.5,209.5,30.0,-60.0,296,296,0,TRACKING,214.5,208.5,1.414,False
SCN_010,296,9.8333,TGT_003,DECOY_TARGET,true,362.5,280.5,362.5,280.5,0.0,0.0,296,296,0,TRACKING,361.5,279.5,1.414,False
SCN_010,297,9.8667,TGT_001,COMMUNICATION_TARGET,true,221.0,353.0,221.0,353.0,-30.0,0.0,297,297,0,TRACKING,220.0,352.0,1.414,True
SCN_010,297,9.8667,TGT_002,DECOY_TARGET,true,215.5,207.5,215.5,207.5,0.0,-60.0,297,297,0,TRACKING,214.5,206.5,1.414,False
SCN_010,297,9.8667,TGT_003,DECOY_TARGET,true,363.5,280.5,363.5,280.5,30.0,0.0,297,297,0,TRACKING,362.5,279.5,1.414,False
SCN_010,298,9.9,TGT_001,COMMUNICATION_TARGET,true,220.0,352.0,220.0,352.0,-30.0,-30.0,298,298,0,TRACKING,219.0,351.0,1.414,True
SCN_010,298,9.9,TGT_002,DECOY_TARGET,true,216.5,206.5,216.5,206.5,30.0,-30.0,298,298,0,TRACKING,215.5,205.5,1.414,False
SCN_010,298,9.9,TGT_003,DECOY_TARGET,true,364.5,279.5,364.5,279.5,30.0,-30.0,298,298,0,TRACKING,363.5,278.5,1.414,False
SCN_010,299,9.9333,TGT_001,COMMUNICATION_TARGET,true,219.0,351.0,219.0,351.0,-30.0,-30.0,299,299,0,TRACKING,218.0,350.0,1.414,True
SCN_010,299,9.9333,TGT_002,DECOY_TARGET,true,216.5,204.5,216.5,204.5,0.0,-60.0,299,299,0,TRACKING,215.5,203.5,1.414,False
SCN_010,299,9.9333,TGT_003,DECOY_TARGET,true,365.5,279.5,365.5,279.5,30.0,0.0,299,299,0,TRACKING,364.5,278.5,1.414,False
SCN_010,300,9.9667,TGT_001,COMMUNICATION_TARGET,true,218.0,350.0,218.0,350.0,-30.0,-30.0,300,300,0,TRACKING,217.0,349.0,1.414,True
SCN_010,300,9.9667,TGT_002,DECOY_TARGET,true,217.5,202.5,217.5,202.5,30.0,-60.0,300,300,0,TRACKING,216.5,201.5,1.414,False
SCN_010,300,9.9667,TGT_003,DECOY_TARGET,true,365.5,279.5,365.5,279.5,0.0,0.0,300,300,0,TRACKING,364.5,278.5,1.414,False
SCN_010,301,10.0,TGT_001,COMMUNICATION_TARGET,true,217.0,349.0,217.0,349.0,-30.0,-30.0,301,301,0,TRACKING,216.0,348.0,1.414,True
SCN_010,301,10.0,TGT_002,DECOY_TARGET,true,217.5,201.5,217.5,201.5,0.0,-30.0,301,301,0,TRACKING,216.5,200.5,1.414,False
SCN_010,301,10.0,TGT_003,DECOY_TARGET,true,366.5,278.5,366.5,278.5,30.0,-30.0,301,301,0,TRACKING,365.5,277.5,1.414,False
SCN_010,302,10.0333,TGT_001,COMMUNICATION_TARGET,true,217.0,349.0,217.0,349.0,0.0,0.0,302,302,0,TRACKING,216.0,348.0,1.414,True
SCN_010,302,10.0333,TGT_002,DECOY_TARGET,true,218.5,199.5,218.5,199.5,30.0,-60.0,302,302,0,TRACKING,217.5,198.5,1.414,False
SCN_010,302,10.0333,TGT_003,DECOY_TARGET,true,367.5,278.5,367.5,278.5,30.0,0.0,302,302,0,TRACKING,366.5,277.5,1.414,False
SCN_010,303,10.0667,TGT_001,COMMUNICATION_TARGET,true,216.0,348.0,216.0,348.0,-30.0,-30.0,303,303,0,TRACKING,215.0,347.0,1.414,True
SCN_010,303,10.0667,TGT_002,DECOY_TARGET,true,219.5,198.5,219.5,198.5,30.0,-30.0,303,303,0,TRACKING,218.5,197.5,1.414,False
SCN_010,303,10.0667,TGT_003,DECOY_TARGET,true,368.5,278.5,368.5,278.5,30.0,0.0,303,303,0,TRACKING,367.5,277.5,1.414,False
SCN_010,304,10.1,TGT_001,COMMUNICATION_TARGET,true,215.0,347.0,215.0,347.0,-30.0,-30.0,304,304,0,TRACKING,214.0,346.0,1.414,True
SCN_010,304,10.1,TGT_002,DECOY_TARGET,true,220.5,196.5,220.5,196.5,30.0,-60.0,304,304,0,TRACKING,219.5,195.5,1.414,False
SCN_010,304,10.1,TGT_003,DECOY_TARGET,true,368.5,278.5,368.5,278.5,0.0,0.0,304,304,0,TRACKING,367.5,277.5,1.414,False
SCN_010,305,10.1333,TGT_001,COMMUNICATION_TARGET,true,214.0,346.0,214.0,346.0,-30.0,-30.0,305,305,0,TRACKING,213.0,345.0,1.414,True
SCN_010,305,10.1333,TGT_002,DECOY_TARGET,true,220.5,195.5,220.5,195.5,0.0,-30.0,305,305,0,TRACKING,219.5,194.5,1.414,False
SCN_010,305,10.1333,TGT_003,DECOY_TARGET,true,369.5,277.5,369.5,277.5,30.0,-30.0,305,305,0,TRACKING,368.5,276.5,1.414,False
SCN_010,306,10.1667,TGT_001,COMMUNICATION_TARGET,true,213.0,345.0,213.0,345.0,-30.0,-30.0,306,306,0,TRACKING,212.0,344.0,1.414,True
SCN_010,306,10.1667,TGT_002,DECOY_TARGET,true,221.5,194.5,221.5,194.5,30.0,-30.0,306,306,0,TRACKING,220.5,193.5,1.414,False
SCN_010,306,10.1667,TGT_003,DECOY_TARGET,true,370.5,277.5,370.5,277.5,30.0,0.0,306,306,0,TRACKING,369.5,276.5,1.414,False
SCN_010,307,10.2,TGT_001,COMMUNICATION_TARGET,true,212.0,345.0,212.0,345.0,-30.0,0.0,307,307,0,TRACKING,211.0,344.0,1.414,True
SCN_010,307,10.2,TGT_002,DECOY_TARGET,true,222.5,192.5,222.5,192.5,30.0,-60.0,307,307,0,TRACKING,221.5,191.5,1.414,False
SCN_010,307,10.2,TGT_003,DECOY_TARGET,true,371.5,277.5,371.5,277.5,30.0,0.0,307,307,0,TRACKING,370.5,276.5,1.414,False
SCN_010,308,10.2333,TGT_001,COMMUNICATION_TARGET,true,212.0,344.0,212.0,344.0,0.0,-30.0,308,308,0,TRACKING,211.0,343.0,1.414,True
SCN_010,308,10.2333,TGT_002,DECOY_TARGET,true,223.5,191.5,223.5,191.5,30.0,-30.0,308,308,0,TRACKING,222.5,190.5,1.414,False
SCN_010,308,10.2333,TGT_003,DECOY_TARGET,true,371.5,276.5,371.5,276.5,0.0,-30.0,308,308,0,TRACKING,370.5,275.5,1.414,False
SCN_010,309,10.2667,TGT_001,COMMUNICATION_TARGET,true,211.0,343.0,211.0,343.0,-30.0,-30.0,309,309,0,TRACKING,210.0,342.0,1.414,True
SCN_010,309,10.2667,TGT_002,DECOY_TARGET,true,224.5,190.5,224.5,190.5,30.0,-30.0,309,309,0,TRACKING,223.5,189.5,1.414,False
SCN_010,309,10.2667,TGT_003,DECOY_TARGET,true,372.5,276.5,372.5,276.5,30.0,0.0,309,309,0,TRACKING,371.5,275.5,1.414,False
SCN_010,310,10.3,TGT_001,COMMUNICATION_TARGET,true,210.0,342.0,210.0,342.0,-30.0,-30.0,310,310,0,TRACKING,209.0,341.0,1.414,True
SCN_010,310,10.3,TGT_002,DECOY_TARGET,true,224.5,189.5,224.5,189.5,0.0,-30.0,310,310,0,TRACKING,223.5,188.5,1.414,False
SCN_010,310,10.3,TGT_003,DECOY_TARGET,true,373.5,276.5,373.5,276.5,30.0,0.0,310,310,0,TRACKING,372.5,275.5,1.414,False
SCN_010,311,10.3333,TGT_001,COMMUNICATION_TARGET,true,209.0,341.0,209.0,341.0,-30.0,-30.0,311,311,0,TRACKING,208.0,340.0,1.414,True
SCN_010,311,10.3333,TGT_002,DECOY_TARGET,true,225.5,188.5,225.5,188.5,30.0,-30.0,311,311,0,TRACKING,224.5,187.5,1.414,False
SCN_010,311,10.3333,TGT_003,DECOY_TARGET,true,374.5,276.5,374.5,276.5,30.0,0.0,311,311,0,TRACKING,373.5,275.5,1.414,False
SCN_010,312,10.3667,TGT_001,COMMUNICATION_TARGET,true,208.0,340.0,208.0,340.0,-30.0,-30.0,312,312,0,TRACKING,207.0,339.0,1.414,True
SCN_010,312,10.3667,TGT_002,DECOY_TARGET,true,226.5,187.5,226.5,187.5,30.0,-30.0,312,312,0,TRACKING,225.5,186.5,1.414,False
SCN_010,312,10.3667,TGT_003,DECOY_TARGET,true,374.5,275.5,374.5,275.5,0.0,-30.0,312,312,0,TRACKING,373.5,274.5,1.414,False
SCN_010,313,10.4,TGT_001,COMMUNICATION_TARGET,true,208.0,339.0,208.0,339.0,0.0,-30.0,313,313,0,TRACKING,207.0,338.0,1.414,True
SCN_010,313,10.4,TGT_002,DECOY_TARGET,true,227.5,186.5,227.5,186.5,30.0,-30.0,313,313,0,TRACKING,226.5,185.5,1.414,False
SCN_010,313,10.4,TGT_003,DECOY_TARGET,true,375.5,275.5,375.5,275.5,30.0,0.0,313,313,0,TRACKING,374.5,274.5,1.414,False
SCN_010,314,10.4333,TGT_001,COMMUNICATION_TARGET,true,207.0,338.0,207.0,338.0,-30.0,-30.0,314,314,0,TRACKING,206.0,337.0,1.414,True
SCN_010,314,10.4333,TGT_002,DECOY_TARGET,true,228.5,185.5,228.5,185.5,30.0,-30.0,314,314,0,TRACKING,227.5,184.5,1.414,False
SCN_010,314,10.4333,TGT_003,DECOY_TARGET,true,376.5,275.5,376.5,275.5,30.0,0.0,314,314,0,TRACKING,375.5,274.5,1.414,False
SCN_010,315,10.4667,TGT_001,COMMUNICATION_TARGET,true,206.0,338.0,206.0,338.0,-30.0,0.0,315,315,0,TRACKING,205.0,337.0,1.414,True
SCN_010,315,10.4667,TGT_002,DECOY_TARGET,true,229.5,184.5,229.5,184.5,30.0,-30.0,315,315,0,TRACKING,228.5,183.5,1.414,False
SCN_010,315,10.4667,TGT_003,DECOY_TARGET,true,377.5,275.5,377.5,275.5,30.0,0.0,315,315,0,TRACKING,376.5,274.5,1.414,False
SCN_010,316,10.5,TGT_001,COMMUNICATION_TARGET,true,205.0,337.0,205.0,337.0,-30.0,-30.0,316,316,0,TRACKING,204.0,336.0,1.414,True
SCN_010,316,10.5,TGT_002,DECOY_TARGET,true,230.5,184.5,230.5,184.5,30.0,0.0,316,316,0,TRACKING,229.5,183.5,1.414,False
SCN_010,316,10.5,TGT_003,DECOY_TARGET,true,377.5,274.5,377.5,274.5,0.0,-30.0,316,316,0,TRACKING,376.5,273.5,1.414,False
SCN_010,317,10.5333,TGT_001,COMMUNICATION_TARGET,true,205.0,336.0,205.0,336.0,0.0,-30.0,317,317,0,TRACKING,204.0,335.0,1.414,True
SCN_010,317,10.5333,TGT_002,DECOY_TARGET,true,231.5,183.5,231.5,183.5,30.0,-30.0,317,317,0,TRACKING,230.5,182.5,1.414,False
SCN_010,317,10.5333,TGT_003,DECOY_TARGET,true,378.5,274.5,378.5,274.5,30.0,0.0,317,317,0,TRACKING,377.5,273.5,1.414,False
SCN_010,318,10.5667,TGT_001,COMMUNICATION_TARGET,true,204.0,335.0,204.0,335.0,-30.0,-30.0,318,318,0,TRACKING,203.0,334.0,1.414,True
SCN_010,318,10.5667,TGT_002,DECOY_TARGET,true,233.5,182.5,233.5,182.5,60.0,-30.0,318,318,0,TRACKING,232.5,181.5,1.414,False
SCN_010,318,10.5667,TGT_003,DECOY_TARGET,true,379.5,274.5,379.5,274.5,30.0,0.0,318,318,0,TRACKING,378.5,273.5,1.414,False
SCN_010,319,10.6,TGT_001,COMMUNICATION_TARGET,true,203.0,334.0,203.0,334.0,-30.0,-30.0,319,319,0,TRACKING,202.0,333.0,1.414,True
SCN_010,319,10.6,TGT_002,DECOY_TARGET,true,234.5,182.5,234.5,182.5,30.0,0.0,319,319,0,TRACKING,233.5,181.5,1.414,False
SCN_010,319,10.6,TGT_003,DECOY_TARGET,true,380.5,273.5,380.5,273.5,30.0,-30.0,319,319,0,TRACKING,379.5,272.5,1.414,False
SCN_010,320,10.6333,TGT_001,COMMUNICATION_TARGET,true,203.0,333.0,203.0,333.0,0.0,-30.0,320,320,0,TRACKING,202.0,332.0,1.414,True
SCN_010,320,10.6333,TGT_002,DECOY_TARGET,true,235.5,181.5,235.5,181.5,30.0,-30.0,320,320,0,TRACKING,234.5,180.5,1.414,False
SCN_010,320,10.6333,TGT_003,DECOY_TARGET,true,380.5,273.5,380.5,273.5,0.0,0.0,320,320,0,TRACKING,379.5,272.5,1.414,False
SCN_010,321,10.6667,TGT_001,COMMUNICATION_TARGET,true,202.0,332.0,202.0,332.0,-30.0,-30.0,321,321,0,TRACKING,201.0,331.0,1.414,True
SCN_010,321,10.6667,TGT_002,DECOY_TARGET,true,236.5,181.5,236.5,181.5,30.0,0.0,321,321,0,TRACKING,235.5,180.5,1.414,False
SCN_010,321,10.6667,TGT_003,DECOY_TARGET,true,381.5,273.5,381.5,273.5,30.0,0.0,321,321,0,TRACKING,380.5,272.5,1.414,False
SCN_010,322,10.7,TGT_001,COMMUNICATION_TARGET,true,201.0,331.0,201.0,331.0,-30.0,-30.0,322,322,0,TRACKING,200.0,330.0,1.414,True
SCN_010,322,10.7,TGT_002,DECOY_TARGET,true,237.5,181.5,237.5,181.5,30.0,0.0,322,322,0,TRACKING,236.5,180.5,1.414,False
SCN_010,322,10.7,TGT_003,DECOY_TARGET,true,382.5,273.5,382.5,273.5,30.0,0.0,322,322,0,TRACKING,381.5,272.5,1.414,False
SCN_010,323,10.7333,TGT_001,COMMUNICATION_TARGET,true,200.0,330.0,200.0,330.0,-30.0,-30.0,323,323,0,TRACKING,199.0,329.0,1.414,True
SCN_010,323,10.7333,TGT_002,DECOY_TARGET,true,238.5,180.5,238.5,180.5,30.0,-30.0,323,323,0,TRACKING,237.5,179.5,1.414,False
SCN_010,323,10.7333,TGT_003,DECOY_TARGET,true,383.5,272.5,383.5,272.5,30.0,-30.0,323,323,0,TRACKING,382.5,271.5,1.414,False
SCN_010,324,10.7667,TGT_001,COMMUNICATION_TARGET,true,200.0,329.0,200.0,329.0,0.0,-30.0,324,324,0,TRACKING,199.0,328.0,1.414,True
SCN_010,324,10.7667,TGT_002,DECOY_TARGET,true,240.5,180.5,240.5,180.5,60.0,0.0,324,324,0,TRACKING,239.5,179.5,1.414,False
SCN_010,324,10.7667,TGT_003,DECOY_TARGET,true,383.5,272.5,383.5,272.5,0.0,0.0,324,324,0,TRACKING,382.5,271.5,1.414,False
SCN_010,325,10.8,TGT_001,COMMUNICATION_TARGET,true,199.0,328.0,199.0,328.0,-30.0,-30.0,325,325,0,TRACKING,198.0,327.0,1.414,True
SCN_010,325,10.8,TGT_002,DECOY_TARGET,true,241.5,180.5,241.5,180.5,30.0,0.0,325,325,0,TRACKING,240.5,179.5,1.414,False
SCN_010,325,10.8,TGT_003,DECOY_TARGET,true,384.5,272.5,384.5,272.5,30.0,0.0,325,325,0,TRACKING,383.5,271.5,1.414,False
SCN_010,326,10.8333,TGT_001,COMMUNICATION_TARGET,true,198.0,327.0,198.0,327.0,-30.0,-30.0,326,326,0,TRACKING,197.0,326.0,1.414,True
SCN_010,326,10.8333,TGT_002,DECOY_TARGET,true,242.5,180.5,242.5,180.5,30.0,0.0,326,326,0,TRACKING,241.5,179.5,1.414,False
SCN_010,326,10.8333,TGT_003,DECOY_TARGET,true,385.5,272.5,385.5,272.5,30.0,0.0,326,326,0,TRACKING,384.5,271.5,1.414,False
SCN_010,327,10.8667,TGT_001,COMMUNICATION_TARGET,true,198.0,326.0,198.0,326.0,0.0,-30.0,327,327,0,TRACKING,197.0,325.0,1.414,True
SCN_010,327,10.8667,TGT_002,DECOY_TARGET,true,244.5,180.5,244.5,180.5,60.0,0.0,327,327,0,TRACKING,243.5,179.5,1.414,False
SCN_010,327,10.8667,TGT_003,DECOY_TARGET,true,386.5,271.5,386.5,271.5,30.0,-30.0,327,327,0,TRACKING,385.5,270.5,1.414,False
SCN_010,328,10.9,TGT_001,COMMUNICATION_TARGET,true,197.0,325.0,197.0,325.0,-30.0,-30.0,328,328,0,TRACKING,196.0,324.0,1.414,True
SCN_010,328,10.9,TGT_002,DECOY_TARGET,true,245.5,180.5,245.5,180.5,30.0,0.0,328,328,0,TRACKING,244.5,179.5,1.414,False
SCN_010,328,10.9,TGT_003,DECOY_TARGET,true,386.5,271.5,386.5,271.5,0.0,0.0,328,328,0,TRACKING,385.5,270.5,1.414,False
SCN_010,329,10.9333,TGT_001,COMMUNICATION_TARGET,true,196.0,325.0,196.0,325.0,-30.0,0.0,329,329,0,TRACKING,195.0,324.0,1.414,True
SCN_010,329,10.9333,TGT_002,DECOY_TARGET,true,246.5,180.5,246.5,180.5,30.0,0.0,329,329,0,TRACKING,245.5,179.5,1.414,False
SCN_010,329,10.9333,TGT_003,DECOY_TARGET,true,387.5,271.5,387.5,271.5,30.0,0.0,329,329,0,TRACKING,386.5,270.5,1.414,False
SCN_010,330,10.9667,TGT_001,COMMUNICATION_TARGET,true,196.0,324.0,196.0,324.0,0.0,-30.0,330,330,0,TRACKING,195.0,323.0,1.414,True
SCN_010,330,10.9667,TGT_002,DECOY_TARGET,true,248.5,180.5,248.5,180.5,60.0,0.0,330,330,0,TRACKING,247.5,179.5,1.414,False
SCN_010,330,10.9667,TGT_003,DECOY_TARGET,true,388.5,270.5,388.5,270.5,30.0,-30.0,330,330,0,TRACKING,387.5,269.5,1.414,False
SCN_010,331,11.0,TGT_001,COMMUNICATION_TARGET,true,195.0,323.0,195.0,323.0,-30.0,-30.0,331,331,0,TRACKING,194.0,322.0,1.414,True
SCN_010,331,11.0,TGT_002,DECOY_TARGET,true,249.5,181.5,249.5,181.5,30.0,30.0,331,331,0,TRACKING,248.5,180.5,1.414,False
SCN_010,331,11.0,TGT_003,DECOY_TARGET,true,389.5,270.5,389.5,270.5,30.0,0.0,331,331,0,TRACKING,388.5,269.5,1.414,False
SCN_010,332,11.0333,TGT_001,COMMUNICATION_TARGET,true,194.0,322.0,194.0,322.0,-30.0,-30.0,332,332,0,TRACKING,193.0,321.0,1.414,True
SCN_010,332,11.0333,TGT_002,DECOY_TARGET,true,251.5,181.5,251.5,181.5,60.0,0.0,332,332,0,TRACKING,250.5,180.5,1.414,False
SCN_010,332,11.0333,TGT_003,DECOY_TARGET,true,389.5,270.5,389.5,270.5,0.0,0.0,332,332,0,TRACKING,388.5,269.5,1.414,False
SCN_010,333,11.0667,TGT_001,COMMUNICATION_TARGET,true,194.0,321.0,194.0,321.0,0.0,-30.0,333,333,0,TRACKING,193.0,320.0,1.414,True
SCN_010,333,11.0667,TGT_002,DECOY_TARGET,true,252.5,182.5,252.5,182.5,30.0,30.0,333,333,0,TRACKING,251.5,181.5,1.414,False
SCN_010,333,11.0667,TGT_003,DECOY_TARGET,true,390.5,270.5,390.5,270.5,30.0,0.0,333,333,0,TRACKING,389.5,269.5,1.414,False
SCN_010,334,11.1,TGT_001,COMMUNICATION_TARGET,true,193.0,320.0,193.0,320.0,-30.0,-30.0,334,334,0,TRACKING,192.0,319.0,1.414,True
SCN_010,334,11.1,TGT_002,DECOY_TARGET,true,253.5,182.5,253.5,182.5,30.0,0.0,334,334,0,TRACKING,252.5,181.5,1.414,False
SCN_010,334,11.1,TGT_003,DECOY_TARGET,true,391.5,269.5,391.5,269.5,30.0,-30.0,334,334,0,TRACKING,390.5,268.5,1.414,False
SCN_010,335,11.1333,TGT_001,COMMUNICATION_TARGET,true,193.0,319.0,193.0,319.0,0.0,-30.0,335,335,0,TRACKING,192.0,318.0,1.414,True
SCN_010,335,11.1333,TGT_002,DECOY_TARGET,true,255.5,183.5,255.5,183.5,60.0,30.0,335,335,0,TRACKING,254.5,182.5,1.414,False
SCN_010,335,11.1333,TGT_003,DECOY_TARGET,true,392.5,269.5,392.5,269.5,30.0,0.0,335,335,0,TRACKING,391.5,268.5,1.414,False
SCN_010,336,11.1667,TGT_001,COMMUNICATION_TARGET,true,192.0,318.0,192.0,318.0,-30.0,-30.0,336,336,0,TRACKING,191.0,317.0,1.414,True
SCN_010,336,11.1667,TGT_002,DECOY_TARGET,true,256.5,183.5,256.5,183.5,30.0,0.0,336,336,0,TRACKING,255.5,182.5,1.414,False
SCN_010,336,11.1667,TGT_003,DECOY_TARGET,true,392.5,269.5,392.5,269.5,0.0,0.0,336,336,0,TRACKING,391.5,268.5,1.414,False
SCN_010,337,11.2,TGT_001,COMMUNICATION_TARGET,true,191.0,317.0,191.0,317.0,-30.0,-30.0,337,337,0,TRACKING,190.0,316.0,1.414,True
SCN_010,337,11.2,TGT_002,DECOY_TARGET,true,258.5,184.5,258.5,184.5,60.0,30.0,337,337,0,TRACKING,257.5,183.5,1.414,False
SCN_010,337,11.2,TGT_003,DECOY_TARGET,true,393.5,269.5,393.5,269.5,30.0,0.0,337,337,0,TRACKING,392.5,268.5,1.414,False
SCN_010,338,11.2333,TGT_001,COMMUNICATION_TARGET,true,191.0,316.0,191.0,316.0,0.0,-30.0,338,338,0,TRACKING,190.0,315.0,1.414,True
SCN_010,338,11.2333,TGT_002,DECOY_TARGET,true,259.5,185.5,259.5,185.5,30.0,30.0,338,338,0,TRACKING,258.5,184.5,1.414,False
SCN_010,338,11.2333,TGT_003,DECOY_TARGET,true,394.5,268.5,394.5,268.5,30.0,-30.0,338,338,0,TRACKING,393.5,267.5,1.414,False
SCN_010,339,11.2667,TGT_001,COMMUNICATION_TARGET,true,190.0,315.0,190.0,315.0,-30.0,-30.0,339,339,0,TRACKING,189.0,314.0,1.414,True
SCN_010,339,11.2667,TGT_002,DECOY_TARGET,true,261.5,185.5,261.5,185.5,60.0,0.0,339,339,0,TRACKING,260.5,184.5,1.414,False
SCN_010,339,11.2667,TGT_003,DECOY_TARGET,true,395.5,268.5,395.5,268.5,30.0,0.0,339,339,0,TRACKING,394.5,267.5,1.414,False
SCN_010,340,11.3,TGT_001,COMMUNICATION_TARGET,true,190.0,314.0,190.0,314.0,0.0,-30.0,340,340,0,TRACKING,189.0,313.0,1.414,True
SCN_010,340,11.3,TGT_002,DECOY_TARGET,true,263.5,186.5,263.5,186.5,60.0,30.0,340,340,0,TRACKING,262.5,185.5,1.414,False
SCN_010,340,11.3,TGT_003,DECOY_TARGET,true,395.5,268.5,395.5,268.5,0.0,0.0,340,340,0,TRACKING,394.5,267.5,1.414,False
SCN_010,341,11.3333,TGT_001,COMMUNICATION_TARGET,true,189.0,313.0,189.0,313.0,-30.0,-30.0,341,341,0,TRACKING,188.0,312.0,1.414,True
SCN_010,341,11.3333,TGT_002,DECOY_TARGET,true,264.5,187.5,264.5,187.5,30.0,30.0,341,341,0,TRACKING,263.5,186.5,1.414,False
SCN_010,341,11.3333,TGT_003,DECOY_TARGET,true,396.5,267.5,396.5,267.5,30.0,-30.0,341,341,0,TRACKING,395.5,266.5,1.414,False
SCN_010,342,11.3667,TGT_001,COMMUNICATION_TARGET,true,189.0,312.0,189.0,312.0,0.0,-30.0,342,342,0,TRACKING,188.0,311.0,1.414,True
SCN_010,342,11.3667,TGT_002,DECOY_TARGET,true,266.5,188.5,266.5,188.5,60.0,30.0,342,342,0,TRACKING,265.5,187.5,1.414,False
SCN_010,342,11.3667,TGT_003,DECOY_TARGET,true,397.5,267.5,397.5,267.5,30.0,0.0,342,342,0,TRACKING,396.5,266.5,1.414,False
SCN_010,343,11.4,TGT_001,COMMUNICATION_TARGET,true,188.0,310.0,188.0,310.0,-30.0,-60.0,343,343,0,TRACKING,187.0,309.0,1.414,True
SCN_010,343,11.4,TGT_002,DECOY_TARGET,true,267.5,189.5,267.5,189.5,30.0,30.0,343,343,0,TRACKING,266.5,188.5,1.414,False
SCN_010,343,11.4,TGT_003,DECOY_TARGET,true,398.5,267.5,398.5,267.5,30.0,0.0,343,343,0,TRACKING,397.5,266.5,1.414,False
SCN_010,344,11.4333,TGT_001,COMMUNICATION_TARGET,true,188.0,309.0,188.0,309.0,0.0,-30.0,344,344,0,TRACKING,187.0,308.0,1.414,True
SCN_010,344,11.4333,TGT_002,DECOY_TARGET,true,269.5,190.5,269.5,190.5,60.0,30.0,344,344,0,TRACKING,268.5,189.5,1.414,False
SCN_010,344,11.4333,TGT_003,DECOY_TARGET,true,398.5,267.5,398.5,267.5,0.0,0.0,344,344,0,TRACKING,397.5,266.5,1.414,False
SCN_010,345,11.4667,TGT_001,COMMUNICATION_TARGET,true,187.0,308.0,187.0,308.0,-30.0,-30.0,345,345,0,TRACKING,186.0,307.0,1.414,True
SCN_010,345,11.4667,TGT_002,DECOY_TARGET,true,271.5,192.5,271.5,192.5,60.0,60.0,345,345,0,TRACKING,270.5,191.5,1.414,False
SCN_010,345,11.4667,TGT_003,DECOY_TARGET,true,399.5,266.5,399.5,266.5,30.0,-30.0,345,345,0,TRACKING,398.5,265.5,1.414,False
SCN_010,346,11.5,TGT_001,COMMUNICATION_TARGET,true,186.0,307.0,186.0,307.0,-30.0,-30.0,346,346,0,TRACKING,185.0,306.0,1.414,True
SCN_010,346,11.5,TGT_002,DECOY_TARGET,true,272.5,193.5,272.5,193.5,30.0,30.0,346,346,0,TRACKING,271.5,192.5,1.414,False
SCN_010,346,11.5,TGT_003,DECOY_TARGET,true,400.5,266.5,400.5,266.5,30.0,0.0,346,346,0,TRACKING,399.5,265.5,1.414,False
SCN_010,347,11.5333,TGT_001,COMMUNICATION_TARGET,true,186.0,306.0,186.0,306.0,0.0,-30.0,347,347,0,TRACKING,185.0,305.0,1.414,True
SCN_010,347,11.5333,TGT_002,DECOY_TARGET,true,274.5,194.5,274.5,194.5,60.0,30.0,347,347,0,TRACKING,273.5,193.5,1.414,False
SCN_010,347,11.5333,TGT_003,DECOY_TARGET,true,401.5,266.5,401.5,266.5,30.0,0.0,347,347,0,TRACKING,400.5,265.5,1.414,False
SCN_010,348,11.5667,TGT_001,COMMUNICATION_TARGET,true,185.0,305.0,185.0,305.0,-30.0,-30.0,348,348,0,TRACKING,184.0,304.0,1.414,True
SCN_010,348,11.5667,TGT_002,DECOY_TARGET,true,276.5,196.5,276.5,196.5,60.0,60.0,348,348,0,TRACKING,275.5,195.5,1.414,False
SCN_010,348,11.5667,TGT_003,DECOY_TARGET,true,401.5,266.5,401.5,266.5,0.0,0.0,348,348,0,TRACKING,400.5,265.5,1.414,False
SCN_010,349,11.6,TGT_001,COMMUNICATION_TARGET,true,185.0,304.0,185.0,304.0,0.0,-30.0,349,349,0,TRACKING,184.0,303.0,1.414,True
SCN_010,349,11.6,TGT_002,DECOY_TARGET,true,277.5,197.5,277.5,197.5,30.0,30.0,349,349,0,TRACKING,276.5,196.5,1.414,False
SCN_010,349,11.6,TGT_003,DECOY_TARGET,true,402.5,265.5,402.5,265.5,30.0,-30.0,349,349,0,TRACKING,401.5,264.5,1.414,False
SCN_010,350,11.6333,TGT_001,COMMUNICATION_TARGET,true,184.0,303.0,184.0,303.0,-30.0,-30.0,350,350,0,TRACKING,183.0,302.0,1.414,True
SCN_010,350,11.6333,TGT_002,DECOY_TARGET,true,279.5,198.5,279.5,198.5,60.0,30.0,350,350,0,TRACKING,278.5,197.5,1.414,False
SCN_010,350,11.6333,TGT_003,DECOY_TARGET,true,403.5,265.5,403.5,265.5,30.0,0.0,350,350,0,TRACKING,402.5,264.5,1.414,False
SCN_010,351,11.6667,TGT_001,COMMUNICATION_TARGET,true,184.0,302.0,184.0,302.0,0.0,-30.0,351,351,0,TRACKING,183.0,301.0,1.414,True
SCN_010,351,11.6667,TGT_002,DECOY_TARGET,true,281.5,200.5,281.5,200.5,60.0,60.0,351,351,0,TRACKING,280.5,199.5,1.414,False
SCN_010,351,11.6667,TGT_003,DECOY_TARGET,true,404.5,265.5,404.5,265.5,30.0,0.0,351,351,0,TRACKING,403.5,264.5,1.414,False
SCN_010,352,11.7,TGT_001,COMMUNICATION_TARGET,true,184.0,301.0,184.0,301.0,0.0,-30.0,352,352,0,TRACKING,183.0,300.0,1.414,True
SCN_010,352,11.7,TGT_002,DECOY_TARGET,true,283.5,201.5,283.5,201.5,60.0,30.0,352,352,0,TRACKING,282.5,200.5,1.414,False
SCN_010,352,11.7,TGT_003,DECOY_TARGET,true,404.5,264.5,404.5,264.5,0.0,-30.0,352,352,0,TRACKING,403.5,263.5,1.414,False
SCN_010,353,11.7333,TGT_001,COMMUNICATION_TARGET,true,183.0,300.0,183.0,300.0,-30.0,-30.0,353,353,0,TRACKING,182.0,299.0,1.414,True
SCN_010,353,11.7333,TGT_002,DECOY_TARGET,true,284.5,203.5,284.5,203.5,30.0,60.0,353,353,0,TRACKING,283.5,202.5,1.414,False
SCN_010,353,11.7333,TGT_003,DECOY_TARGET,true,405.5,264.5,405.5,264.5,30.0,0.0,353,353,0,TRACKING,404.5,263.5,1.414,False
SCN_010,354,11.7667,TGT_001,COMMUNICATION_TARGET,true,183.0,299.0,183.0,299.0,0.0,-30.0,354,354,0,TRACKING,182.0,298.0,1.414,True
SCN_010,354,11.7667,TGT_002,DECOY_TARGET,true,286.5,205.5,286.5,205.5,60.0,60.0,354,354,0,TRACKING,285.5,204.5,1.414,False
SCN_010,354,11.7667,TGT_003,DECOY_TARGET,true,406.5,264.5,406.5,264.5,30.0,0.0,354,354,0,TRACKING,405.5,263.5,1.414,False
SCN_010,355,11.8,TGT_001,COMMUNICATION_TARGET,true,182.0,298.0,182.0,298.0,-30.0,-30.0,355,355,0,TRACKING,181.0,297.0,1.414,True
SCN_010,355,11.8,TGT_002,DECOY_TARGET,true,288.5,206.5,288.5,206.5,60.0,30.0,355,355,0,TRACKING,287.5,205.5,1.414,False
SCN_010,355,11.8,TGT_003,DECOY_TARGET,true,407.5,264.5,407.5,264.5,30.0,0.0,355,355,0,TRACKING,406.5,263.5,1.414,False
SCN_010,356,11.8333,TGT_001,COMMUNICATION_TARGET,true,182.0,297.0,182.0,297.0,0.0,-30.0,356,356,0,TRACKING,181.0,296.0,1.414,True
SCN_010,356,11.8333,TGT_002,DECOY_TARGET,true,290.5,208.5,290.5,208.5,60.0,60.0,356,356,0,TRACKING,289.5,207.5,1.414,False
SCN_010,356,11.8333,TGT_003,DECOY_TARGET,true,407.5,263.5,407.5,263.5,0.0,-30.0,356,356,0,TRACKING,406.5,262.5,1.414,False
SCN_010,357,11.8667,TGT_001,COMMUNICATION_TARGET,true,181.0,296.0,181.0,296.0,-30.0,-30.0,357,357,0,TRACKING,180.0,295.0,1.414,True
SCN_010,357,11.8667,TGT_002,DECOY_TARGET,true,291.5,210.5,291.5,210.5,30.0,60.0,357,357,0,TRACKING,290.5,209.5,1.414,False
SCN_010,357,11.8667,TGT_003,DECOY_TARGET,true,408.5,263.5,408.5,263.5,30.0,0.0,357,357,0,TRACKING,407.5,262.5,1.414,False
SCN_010,358,11.9,TGT_001,COMMUNICATION_TARGET,true,181.0,295.0,181.0,295.0,0.0,-30.0,358,358,0,TRACKING,180.0,294.0,1.414,True
SCN_010,358,11.9,TGT_002,DECOY_TARGET,true,293.5,211.5,293.5,211.5,60.0,30.0,358,358,0,TRACKING,292.5,210.5,1.414,False
SCN_010,358,11.9,TGT_003,DECOY_TARGET,true,409.5,263.5,409.5,263.5,30.0,0.0,358,358,0,TRACKING,408.5,262.5,1.414,False
SCN_010,359,11.9333,TGT_001,COMMUNICATION_TARGET,true,180.0,293.0,180.0,293.0,-30.0,-60.0,359,359,0,TRACKING,179.0,292.0,1.414,True
SCN_010,359,11.9333,TGT_002,DECOY_TARGET,true,295.5,213.5,295.5,213.5,60.0,60.0,359,359,0,TRACKING,294.5,212.5,1.414,False
SCN_010,359,11.9333,TGT_003,DECOY_TARGET,true,410.5,263.5,410.5,263.5,30.0,0.0,359,359,0,TRACKING,409.5,262.5,1.414,False
SCN_010,360,11.9667,TGT_001,COMMUNICATION_TARGET,true,180.0,292.0,180.0,292.0,0.0,-30.0,360,360,0,TRACKING,179.0,291.0,1.414,True
SCN_010,360,11.9667,TGT_002,DECOY_TARGET,true,297.5,215.5,297.5,215.5,60.0,60.0,360,360,0,TRACKING,296.5,214.5,1.414,False
SCN_010,360,11.9667,TGT_003,DECOY_TARGET,true,410.5,262.5,410.5,262.5,0.0,-30.0,360,360,0,TRACKING,409.5,261.5,1.414,False
SCN_010,361,12.0,TGT_001,COMMUNICATION_TARGET,true,180.0,291.0,180.0,291.0,0.0,-30.0,361,361,0,TRACKING,179.0,290.0,1.414,True
SCN_010,361,12.0,TGT_002,DECOY_TARGET,true,299.5,217.5,299.5,217.5,60.0,60.0,361,361,0,TRACKING,298.5,216.5,1.414,False
SCN_010,361,12.0,TGT_003,DECOY_TARGET,true,411.5,262.5,411.5,262.5,30.0,0.0,361,361,0,TRACKING,410.5,261.5,1.414,False
SCN_010,362,12.0333,TGT_001,COMMUNICATION_TARGET,true,179.0,290.0,179.0,290.0,-30.0,-30.0,362,362,0,TRACKING,178.0,289.0,1.414,True
SCN_010,362,12.0333,TGT_002,DECOY_TARGET,true,301.5,219.5,301.5,219.5,60.0,60.0,362,362,0,TRACKING,300.5,218.5,1.414,False
SCN_010,362,12.0333,TGT_003,DECOY_TARGET,true,412.5,262.5,412.5,262.5,30.0,0.0,362,362,0,TRACKING,411.5,261.5,1.414,False
SCN_010,363,12.0667,TGT_001,COMMUNICATION_TARGET,true,179.0,289.0,179.0,289.0,0.0,-30.0,363,363,0,TRACKING,178.0,288.0,1.414,True
SCN_010,363,12.0667,TGT_002,DECOY_TARGET,true,302.5,221.5,302.5,221.5,30.0,60.0,363,363,0,TRACKING,301.5,220.5,1.414,False
SCN_010,363,12.0667,TGT_003,DECOY_TARGET,true,413.5,261.5,413.5,261.5,30.0,-30.0,363,363,0,TRACKING,412.5,260.5,1.414,False
SCN_010,364,12.1,TGT_001,COMMUNICATION_TARGET,true,179.0,288.0,179.0,288.0,0.0,-30.0,364,364,0,TRACKING,178.0,287.0,1.414,True
SCN_010,364,12.1,TGT_002,DECOY_TARGET,true,304.5,223.5,304.5,223.5,60.0,60.0,364,364,0,TRACKING,303.5,222.5,1.414,False
SCN_010,364,12.1,TGT_003,DECOY_TARGET,true,413.5,261.5,413.5,261.5,0.0,0.0,364,364,0,TRACKING,412.5,260.5,1.414,False
SCN_010,365,12.1333,TGT_001,COMMUNICATION_TARGET,true,178.0,287.0,178.0,287.0,-30.0,-30.0,365,365,0,TRACKING,177.0,286.0,1.414,True
SCN_010,365,12.1333,TGT_002,DECOY_TARGET,true,306.5,225.5,306.5,225.5,60.0,60.0,365,365,0,TRACKING,305.5,224.5,1.414,False
SCN_010,365,12.1333,TGT_003,DECOY_TARGET,true,414.5,261.5,414.5,261.5,30.0,0.0,365,365,0,TRACKING,413.5,260.5,1.414,False
SCN_010,366,12.1667,TGT_001,COMMUNICATION_TARGET,true,178.0,286.0,178.0,286.0,0.0,-30.0,366,366,0,TRACKING,177.0,285.0,1.414,True
SCN_010,366,12.1667,TGT_002,DECOY_TARGET,true,308.5,227.5,308.5,227.5,60.0,60.0,366,366,0,TRACKING,307.5,226.5,1.414,False
SCN_010,366,12.1667,TGT_003,DECOY_TARGET,true,415.5,261.5,415.5,261.5,30.0,0.0,366,366,0,TRACKING,414.5,260.5,1.414,False
SCN_010,367,12.2,TGT_001,COMMUNICATION_TARGET,true,177.0,285.0,177.0,285.0,-30.0,-30.0,367,367,0,TRACKING,176.0,284.0,1.414,True
SCN_010,367,12.2,TGT_002,DECOY_TARGET,true,310.5,229.5,310.5,229.5,60.0,60.0,367,367,0,TRACKING,309.5,228.5,1.414,False
SCN_010,367,12.2,TGT_003,DECOY_TARGET,true,416.5,260.5,416.5,260.5,30.0,-30.0,367,367,0,TRACKING,415.5,259.5,1.414,False
SCN_010,368,12.2333,TGT_001,COMMUNICATION_TARGET,true,177.0,283.0,177.0,283.0,0.0,-60.0,368,368,0,TRACKING,176.0,282.0,1.414,True
SCN_010,368,12.2333,TGT_002,DECOY_TARGET,true,312.5,231.5,312.5,231.5,60.0,60.0,368,368,0,TRACKING,311.5,230.5,1.414,False
SCN_010,368,12.2333,TGT_003,DECOY_TARGET,true,416.5,260.5,416.5,260.5,0.0,0.0,368,368,0,TRACKING,415.5,259.5,1.414,False
SCN_010,369,12.2667,TGT_001,COMMUNICATION_TARGET,true,177.0,282.0,177.0,282.0,0.0,-30.0,369,369,0,TRACKING,176.0,281.0,1.414,True
SCN_010,369,12.2667,TGT_002,DECOY_TARGET,true,313.5,233.5,313.5,233.5,30.0,60.0,369,369,0,TRACKING,312.5,232.5,1.414,False
SCN_010,369,12.2667,TGT_003,DECOY_TARGET,true,417.5,260.5,417.5,260.5,30.0,0.0,369,369,0,TRACKING,416.5,259.5,1.414,False
SCN_010,370,12.3,TGT_001,COMMUNICATION_TARGET,true,176.0,281.0,176.0,281.0,-30.0,-30.0,370,370,0,TRACKING,175.0,280.0,1.414,True
SCN_010,370,12.3,TGT_002,DECOY_TARGET,true,315.5,235.5,315.5,235.5,60.0,60.0,370,370,0,TRACKING,314.5,234.5,1.414,False
SCN_010,370,12.3,TGT_003,DECOY_TARGET,true,418.5,260.5,418.5,260.5,30.0,0.0,370,370,0,TRACKING,417.5,259.5,1.414,False
SCN_010,371,12.3333,TGT_001,COMMUNICATION_TARGET,true,176.0,280.0,176.0,280.0,0.0,-30.0,371,371,0,TRACKING,175.0,279.0,1.414,True
SCN_010,371,12.3333,TGT_002,DECOY_TARGET,true,317.5,237.5,317.5,237.5,60.0,60.0,371,371,0,TRACKING,316.5,236.5,1.414,False
SCN_010,371,12.3333,TGT_003,DECOY_TARGET,true,419.5,259.5,419.5,259.5,30.0,-30.0,371,371,0,TRACKING,418.5,258.5,1.414,False
SCN_010,372,12.3667,TGT_001,COMMUNICATION_TARGET,true,176.0,279.0,176.0,279.0,0.0,-30.0,372,372,0,TRACKING,175.0,278.0,1.414,True
SCN_010,372,12.3667,TGT_002,DECOY_TARGET,true,319.5,239.5,319.5,239.5,60.0,60.0,372,372,0,TRACKING,318.5,238.5,1.414,False
SCN_010,372,12.3667,TGT_003,DECOY_TARGET,true,419.5,259.5,419.5,259.5,0.0,0.0,372,372,0,TRACKING,418.5,258.5,1.414,False
SCN_010,373,12.4,TGT_001,COMMUNICATION_TARGET,true,176.0,278.0,176.0,278.0,0.0,-30.0,373,373,0,TRACKING,175.0,277.0,1.414,True
SCN_010,373,12.4,TGT_002,DECOY_TARGET,true,321.5,241.5,321.5,241.5,60.0,60.0,373,373,0,TRACKING,320.5,240.5,1.414,False
SCN_010,373,12.4,TGT_003,DECOY_TARGET,true,420.5,259.5,420.5,259.5,30.0,0.0,373,373,0,TRACKING,419.5,258.5,1.414,False
SCN_010,374,12.4333,TGT_001,COMMUNICATION_TARGET,true,175.0,277.0,175.0,277.0,-30.0,-30.0,374,374,0,TRACKING,174.0,276.0,1.414,True
SCN_010,374,12.4333,TGT_002,DECOY_TARGET,true,323.5,243.5,323.5,243.5,60.0,60.0,374,374,0,TRACKING,322.5,242.5,1.414,False
SCN_010,374,12.4333,TGT_003,DECOY_TARGET,true,421.5,258.5,421.5,258.5,30.0,-30.0,374,374,0,TRACKING,420.5,257.5,1.414,False
SCN_010,375,12.4667,TGT_001,COMMUNICATION_TARGET,true,175.0,276.0,175.0,276.0,0.0,-30.0,375,375,0,TRACKING,174.0,275.0,1.414,True
SCN_010,375,12.4667,TGT_002,DECOY_TARGET,true,325.5,245.5,325.5,245.5,60.0,60.0,375,375,0,TRACKING,324.5,244.5,1.414,False
SCN_010,375,12.4667,TGT_003,DECOY_TARGET,true,422.5,258.5,422.5,258.5,30.0,0.0,375,375,0,TRACKING,421.5,257.5,1.414,False
SCN_010,376,12.5,TGT_001,COMMUNICATION_TARGET,true,175.0,274.0,175.0,274.0,0.0,-60.0,376,376,0,TRACKING,174.0,273.0,1.414,True
SCN_010,376,12.5,TGT_002,DECOY_TARGET,true,326.5,247.5,326.5,247.5,30.0,60.0,376,376,0,TRACKING,325.5,246.5,1.414,False
SCN_010,376,12.5,TGT_003,DECOY_TARGET,true,422.5,258.5,422.5,258.5,0.0,0.0,376,376,0,TRACKING,421.5,257.5,1.414,False
SCN_010,377,12.5333,TGT_001,COMMUNICATION_TARGET,true,175.0,273.0,175.0,273.0,0.0,-30.0,377,377,0,TRACKING,174.0,272.0,1.414,True
SCN_010,377,12.5333,TGT_002,DECOY_TARGET,true,328.5,249.5,328.5,249.5,60.0,60.0,377,377,0,TRACKING,327.5,248.5,1.414,False
SCN_010,377,12.5333,TGT_003,DECOY_TARGET,true,423.5,258.5,423.5,258.5,30.0,0.0,377,377,0,TRACKING,422.5,257.5,1.414,False
SCN_010,378,12.5667,TGT_001,COMMUNICATION_TARGET,true,174.0,272.0,174.0,272.0,-30.0,-30.0,378,378,0,TRACKING,173.0,271.0,1.414,True
SCN_010,378,12.5667,TGT_002,DECOY_TARGET,true,330.5,251.5,330.5,251.5,60.0,60.0,378,378,0,TRACKING,329.5,250.5,1.414,False
SCN_010,378,12.5667,TGT_003,DECOY_TARGET,true,424.5,257.5,424.5,257.5,30.0,-30.0,378,378,0,TRACKING,423.5,256.5,1.414,False
SCN_010,379,12.6,TGT_001,COMMUNICATION_TARGET,true,174.0,271.0,174.0,271.0,0.0,-30.0,379,379,0,TRACKING,173.0,270.0,1.414,True
SCN_010,379,12.6,TGT_002,DECOY_TARGET,true,332.5,253.5,332.5,253.5,60.0,60.0,379,379,0,TRACKING,331.5,252.5,1.414,False
SCN_010,379,12.6,TGT_003,DECOY_TARGET,true,425.5,257.5,425.5,257.5,30.0,0.0,379,379,0,TRACKING,424.5,256.5,1.414,False
SCN_010,380,12.6333,TGT_001,COMMUNICATION_TARGET,true,174.0,270.0,174.0,270.0,0.0,-30.0,380,380,0,TRACKING,173.0,269.0,1.414,True
SCN_010,380,12.6333,TGT_002,DECOY_TARGET,true,334.5,255.5,334.5,255.5,60.0,60.0,380,380,0,TRACKING,333.5,254.5,1.414,False
SCN_010,380,12.6333,TGT_003,DECOY_TARGET,true,425.5,257.5,425.5,257.5,0.0,0.0,380,380,0,TRACKING,424.5,256.5,1.414,False
SCN_010,381,12.6667,TGT_001,COMMUNICATION_TARGET,true,174.0,269.0,174.0,269.0,0.0,-30.0,381,381,0,TRACKING,173.0,268.0,1.414,True
SCN_010,381,12.6667,TGT_002,DECOY_TARGET,true,336.5,257.5,336.5,257.5,60.0,60.0,381,381,0,TRACKING,335.5,256.5,1.414,False
SCN_010,381,12.6667,TGT_003,DECOY_TARGET,true,426.5,257.5,426.5,257.5,30.0,0.0,381,381,0,TRACKING,425.5,256.5,1.414,False
SCN_010,382,12.7,TGT_001,COMMUNICATION_TARGET,true,173.0,268.0,173.0,268.0,-30.0,-30.0,382,382,0,TRACKING,172.0,267.0,1.414,True
SCN_010,382,12.7,TGT_002,DECOY_TARGET,true,338.5,259.5,338.5,259.5,60.0,60.0,382,382,0,TRACKING,337.5,258.5,1.414,False
SCN_010,382,12.7,TGT_003,DECOY_TARGET,true,427.5,256.5,427.5,256.5,30.0,-30.0,382,382,0,TRACKING,426.5,255.5,1.414,False
SCN_010,383,12.7333,TGT_001,COMMUNICATION_TARGET,true,173.0,266.0,173.0,266.0,0.0,-60.0,383,383,0,TRACKING,172.0,265.0,1.414,True
SCN_010,383,12.7333,TGT_002,DECOY_TARGET,true,339.5,261.5,339.5,261.5,30.0,60.0,383,383,0,TRACKING,338.5,260.5,1.414,False
SCN_010,383,12.7333,TGT_003,DECOY_TARGET,true,428.5,256.5,428.5,256.5,30.0,0.0,383,383,0,TRACKING,427.5,255.5,1.414,False
SCN_010,384,12.7667,TGT_001,COMMUNICATION_TARGET,true,173.0,265.0,173.0,265.0,0.0,-30.0,384,384,0,TRACKING,172.0,264.0,1.414,True
SCN_010,384,12.7667,TGT_002,DECOY_TARGET,true,341.5,263.5,341.5,263.5,60.0,60.0,384,384,0,TRACKING,340.5,262.5,1.414,False
SCN_010,384,12.7667,TGT_003,DECOY_TARGET,true,428.5,256.5,428.5,256.5,0.0,0.0,384,384,0,TRACKING,427.5,255.5,1.414,False
SCN_010,385,12.8,TGT_001,COMMUNICATION_TARGET,true,173.0,264.0,173.0,264.0,0.0,-30.0,385,385,0,TRACKING,172.0,263.0,1.414,True
SCN_010,385,12.8,TGT_002,DECOY_TARGET,true,343.5,265.5,343.5,265.5,60.0,60.0,385,385,0,TRACKING,342.5,264.5,1.414,False
SCN_010,385,12.8,TGT_003,DECOY_TARGET,true,429.5,255.5,429.5,255.5,30.0,-30.0,385,385,0,TRACKING,428.5,254.5,1.414,False
SCN_010,386,12.8333,TGT_001,COMMUNICATION_TARGET,true,173.0,263.0,173.0,263.0,0.0,-30.0,386,386,0,TRACKING,172.0,262.0,1.414,True
SCN_010,386,12.8333,TGT_002,DECOY_TARGET,true,345.5,267.5,345.5,267.5,60.0,60.0,386,386,0,TRACKING,344.5,266.5,1.414,False
SCN_010,386,12.8333,TGT_003,DECOY_TARGET,true,430.5,255.5,430.5,255.5,30.0,0.0,386,386,0,TRACKING,429.5,254.5,1.414,False
SCN_010,387,12.8667,TGT_001,COMMUNICATION_TARGET,true,172.0,262.0,172.0,262.0,-30.0,-30.0,387,387,0,TRACKING,171.0,261.0,1.414,True
SCN_010,387,12.8667,TGT_002,DECOY_TARGET,true,347.5,268.5,347.5,268.5,60.0,30.0,387,387,0,TRACKING,346.5,267.5,1.414,False
SCN_010,387,12.8667,TGT_003,DECOY_TARGET,true,431.5,255.5,431.5,255.5,30.0,0.0,387,387,0,TRACKING,430.5,254.5,1.414,False
SCN_010,388,12.9,TGT_001,COMMUNICATION_TARGET,true,172.0,261.0,172.0,261.0,0.0,-30.0,388,388,0,TRACKING,171.0,260.0,1.414,True
SCN_010,388,12.9,TGT_002,DECOY_TARGET,true,348.5,270.5,348.5,270.5,30.0,60.0,388,388,0,TRACKING,347.5,269.5,1.414,False
SCN_010,388,12.9,TGT_003,DECOY_TARGET,true,431.5,255.5,431.5,255.5,0.0,0.0,388,388,0,TRACKING,430.5,254.5,1.414,False
SCN_010,389,12.9333,TGT_001,COMMUNICATION_TARGET,true,172.0,260.0,172.0,260.0,0.0,-30.0,389,389,0,TRACKING,171.0,259.0,1.414,True
SCN_010,389,12.9333,TGT_002,DECOY_TARGET,true,350.5,272.5,350.5,272.5,60.0,60.0,389,389,0,TRACKING,349.5,271.5,1.414,False
SCN_010,389,12.9333,TGT_003,DECOY_TARGET,true,432.5,254.5,432.5,254.5,30.0,-30.0,389,389,0,TRACKING,431.5,253.5,1.414,False
SCN_010,390,12.9667,TGT_001,COMMUNICATION_TARGET,true,172.0,258.0,172.0,258.0,0.0,-60.0,390,390,0,TRACKING,171.0,257.0,1.414,True
SCN_010,390,12.9667,TGT_002,DECOY_TARGET,true,352.5,274.5,352.5,274.5,60.0,60.0,390,390,0,TRACKING,351.5,273.5,1.414,False
SCN_010,390,12.9667,TGT_003,DECOY_TARGET,true,433.5,254.5,433.5,254.5,30.0,0.0,390,390,0,TRACKING,432.5,253.5,1.414,False
SCN_010,391,13.0,TGT_001,COMMUNICATION_TARGET,true,172.0,257.0,172.0,257.0,0.0,-30.0,391,391,0,TRACKING,171.0,256.0,1.414,True
SCN_010,391,13.0,TGT_002,DECOY_TARGET,true,354.5,275.5,354.5,275.5,60.0,30.0,391,391,0,TRACKING,353.5,274.5,1.414,False
SCN_010,391,13.0,TGT_003,DECOY_TARGET,true,434.5,254.5,434.5,254.5,30.0,0.0,391,391,0,TRACKING,433.5,253.5,1.414,False
SCN_010,392,13.0333,TGT_001,COMMUNICATION_TARGET,true,172.0,256.0,172.0,256.0,0.0,-30.0,392,392,0,TRACKING,171.0,255.0,1.414,True
SCN_010,392,13.0333,TGT_002,DECOY_TARGET,true,356.5,277.5,356.5,277.5,60.0,60.0,392,392,0,TRACKING,355.5,276.5,1.414,False
SCN_010,392,13.0333,TGT_003,DECOY_TARGET,true,434.5,254.5,434.5,254.5,0.0,0.0,392,392,0,TRACKING,433.5,253.5,1.414,False
SCN_010,393,13.0667,TGT_001,COMMUNICATION_TARGET,true,172.0,255.0,172.0,255.0,0.0,-30.0,393,393,0,TRACKING,171.0,254.0,1.414,True
SCN_010,393,13.0667,TGT_002,DECOY_TARGET,true,357.5,279.5,357.5,279.5,30.0,60.0,393,393,0,TRACKING,356.5,278.5,1.414,False
SCN_010,393,13.0667,TGT_003,DECOY_TARGET,true,435.5,253.5,435.5,253.5,30.0,-30.0,393,393,0,TRACKING,434.5,252.5,1.414,False
SCN_010,394,13.1,TGT_001,COMMUNICATION_TARGET,true,172.0,254.0,172.0,254.0,0.0,-30.0,394,394,0,TRACKING,171.0,253.0,1.414,True
SCN_010,394,13.1,TGT_002,DECOY_TARGET,true,359.5,280.5,359.5,280.5,60.0,30.0,394,394,0,TRACKING,358.5,279.5,1.414,False
SCN_010,394,13.1,TGT_003,DECOY_TARGET,true,436.5,253.5,436.5,253.5,30.0,0.0,394,394,0,TRACKING,435.5,252.5,1.414,False
SCN_010,395,13.1333,TGT_001,COMMUNICATION_TARGET,true,171.0,253.0,171.0,253.0,-30.0,-30.0,395,395,0,TRACKING,170.0,252.0,1.414,True
SCN_010,395,13.1333,TGT_002,DECOY_TARGET,true,361.5,282.5,361.5,282.5,60.0,60.0,395,395,0,TRACKING,360.5,281.5,1.414,False
SCN_010,395,13.1333,TGT_003,DECOY_TARGET,true,437.5,253.5,437.5,253.5,30.0,0.0,395,395,0,TRACKING,436.5,252.5,1.414,False
SCN_010,396,13.1667,TGT_001,COMMUNICATION_TARGET,true,171.0,251.0,171.0,251.0,0.0,-60.0,396,396,0,TRACKING,170.0,250.0,1.414,True
SCN_010,396,13.1667,TGT_002,DECOY_TARGET,true,363.5,283.5,363.5,283.5,60.0,30.0,396,396,0,TRACKING,362.5,282.5,1.414,False
SCN_010,396,13.1667,TGT_003,DECOY_TARGET,true,437.5,252.5,437.5,252.5,0.0,-30.0,396,396,0,TRACKING,436.5,251.5,1.414,False
SCN_010,397,13.2,TGT_001,COMMUNICATION_TARGET,true,171.0,250.0,171.0,250.0,0.0,-30.0,397,397,0,TRACKING,170.0,249.0,1.414,True
SCN_010,397,13.2,TGT_002,DECOY_TARGET,true,364.5,285.5,364.5,285.5,30.0,60.0,397,397,0,TRACKING,363.5,284.5,1.414,False
SCN_010,397,13.2,TGT_003,DECOY_TARGET,true,438.5,252.5,438.5,252.5,30.0,0.0,397,397,0,TRACKING,437.5,251.5,1.414,False
SCN_010,398,13.2333,TGT_001,COMMUNICATION_TARGET,true,171.0,249.0,171.0,249.0,0.0,-30.0,398,398,0,TRACKING,170.0,248.0,1.414,True
SCN_010,398,13.2333,TGT_002,DECOY_TARGET,true,366.5,286.5,366.5,286.5,60.0,30.0,398,398,0,TRACKING,365.5,285.5,1.414,False
SCN_010,398,13.2333,TGT_003,DECOY_TARGET,true,439.5,252.5,439.5,252.5,30.0,0.0,398,398,0,TRACKING,438.5,251.5,1.414,False
SCN_010,399,13.2667,TGT_001,COMMUNICATION_TARGET,true,171.0,248.0,171.0,248.0,0.0,-30.0,399,399,0,TRACKING,170.0,247.0,1.414,True
SCN_010,399,13.2667,TGT_002,DECOY_TARGET,true,368.5,287.5,368.5,287.5,60.0,30.0,399,399,0,TRACKING,367.5,286.5,1.414,False
SCN_010,399,13.2667,TGT_003,DECOY_TARGET,true,440.5,252.5,440.5,252.5,30.0,0.0,399,399,0,TRACKING,439.5,251.5,1.414,False
SCN_010,400,13.3,TGT_001,COMMUNICATION_TARGET,true,171.0,247.0,171.0,247.0,0.0,-30.0,400,400,0,TRACKING,170.0,246.0,1.414,True
SCN_010,400,13.3,TGT_002,DECOY_TARGET,true,369.5,289.5,369.5,289.5,30.0,60.0,400,400,0,TRACKING,368.5,288.5,1.414,False
SCN_010,400,13.3,TGT_003,DECOY_TARGET,true,440.5,251.5,440.5,251.5,0.0,-30.0,400,400,0,TRACKING,439.5,250.5,1.414,False
SCN_010,401,13.3333,TGT_001,COMMUNICATION_TARGET,true,171.0,246.0,171.0,246.0,0.0,-30.0,401,401,0,TRACKING,170.0,245.0,1.414,True
SCN_010,401,13.3333,TGT_002,DECOY_TARGET,true,371.5,290.5,371.5,290.5,60.0,30.0,401,401,0,TRACKING,370.5,289.5,1.414,False
SCN_010,401,13.3333,TGT_003,DECOY_TARGET,true,441.5,251.5,441.5,251.5,30.0,0.0,401,401,0,TRACKING,440.5,250.5,1.414,False
SCN_010,402,13.3667,TGT_001,COMMUNICATION_TARGET,true,171.0,244.0,171.0,244.0,0.0,-60.0,402,402,0,TRACKING,170.0,243.0,1.414,True
SCN_010,402,13.3667,TGT_002,DECOY_TARGET,true,373.5,291.5,373.5,291.5,60.0,30.0,402,402,0,TRACKING,372.5,290.5,1.414,False
SCN_010,402,13.3667,TGT_003,DECOY_TARGET,true,442.5,251.5,442.5,251.5,30.0,0.0,402,402,0,TRACKING,441.5,250.5,1.414,False
SCN_010,403,13.4,TGT_001,COMMUNICATION_TARGET,true,171.0,243.0,171.0,243.0,0.0,-30.0,403,403,0,TRACKING,170.0,242.0,1.414,True
SCN_010,403,13.4,TGT_002,DECOY_TARGET,true,374.5,292.5,374.5,292.5,30.0,30.0,403,403,0,TRACKING,373.5,291.5,1.414,False
SCN_010,403,13.4,TGT_003,DECOY_TARGET,true,443.5,251.5,443.5,251.5,30.0,0.0,403,403,0,TRACKING,442.5,250.5,1.414,False
SCN_010,404,13.4333,TGT_001,COMMUNICATION_TARGET,true,171.0,242.0,171.0,242.0,0.0,-30.0,404,404,0,TRACKING,170.0,241.0,1.414,True
SCN_010,404,13.4333,TGT_002,DECOY_TARGET,true,376.5,293.5,376.5,293.5,60.0,30.0,404,404,0,TRACKING,375.5,292.5,1.414,False
SCN_010,404,13.4333,TGT_003,DECOY_TARGET,true,443.5,250.5,443.5,250.5,0.0,-30.0,404,404,0,TRACKING,442.5,249.5,1.414,False
SCN_010,405,13.4667,TGT_001,COMMUNICATION_TARGET,true,171.0,241.0,171.0,241.0,0.0,-30.0,405,405,0,TRACKING,170.0,240.0,1.414,True
SCN_010,405,13.4667,TGT_002,DECOY_TARGET,true,377.5,294.5,377.5,294.5,30.0,30.0,405,405,0,TRACKING,376.5,293.5,1.414,False
SCN_010,405,13.4667,TGT_003,DECOY_TARGET,true,444.5,250.5,444.5,250.5,30.0,0.0,405,405,0,TRACKING,443.5,249.5,1.414,False
SCN_010,406,13.5,TGT_001,COMMUNICATION_TARGET,true,171.0,240.0,171.0,240.0,0.0,-30.0,406,406,0,TRACKING,170.0,239.0,1.414,True
SCN_010,406,13.5,TGT_002,DECOY_TARGET,true,379.5,295.5,379.5,295.5,60.0,30.0,406,406,0,TRACKING,378.5,294.5,1.414,False
SCN_010,406,13.5,TGT_003,DECOY_TARGET,true,445.5,250.5,445.5,250.5,30.0,0.0,406,406,0,TRACKING,444.5,249.5,1.414,False
SCN_010,407,13.5333,TGT_001,COMMUNICATION_TARGET,true,171.0,239.0,171.0,239.0,0.0,-30.0,407,407,0,TRACKING,170.0,238.0,1.414,True
SCN_010,407,13.5333,TGT_002,DECOY_TARGET,true,381.5,296.5,381.5,296.5,60.0,30.0,407,407,0,TRACKING,380.5,295.5,1.414,False
SCN_010,407,13.5333,TGT_003,DECOY_TARGET,true,446.5,249.5,446.5,249.5,30.0,-30.0,407,407,0,TRACKING,445.5,248.5,1.414,False
SCN_010,408,13.5667,TGT_001,COMMUNICATION_TARGET,true,171.0,237.0,171.0,237.0,0.0,-60.0,408,408,0,TRACKING,170.0,236.0,1.414,True
SCN_010,408,13.5667,TGT_002,DECOY_TARGET,true,382.5,297.5,382.5,297.5,30.0,30.0,408,408,0,TRACKING,381.5,296.5,1.414,False
SCN_010,408,13.5667,TGT_003,DECOY_TARGET,true,446.5,249.5,446.5,249.5,0.0,0.0,408,408,0,TRACKING,445.5,248.5,1.414,False
SCN_010,409,13.6,TGT_001,COMMUNICATION_TARGET,true,171.0,236.0,171.0,236.0,0.0,-30.0,409,409,0,TRACKING,170.0,235.0,1.414,True
SCN_010,409,13.6,TGT_002,DECOY_TARGET,true,384.5,297.5,384.5,297.5,60.0,0.0,409,409,0,TRACKING,383.5,296.5,1.414,False
SCN_010,409,13.6,TGT_003,DECOY_TARGET,true,447.5,249.5,447.5,249.5,30.0,0.0,409,409,0,TRACKING,446.5,248.5,1.414,False
SCN_010,410,13.6333,TGT_001,COMMUNICATION_TARGET,true,171.0,235.0,171.0,235.0,0.0,-30.0,410,410,0,TRACKING,170.0,234.0,1.414,True
SCN_010,410,13.6333,TGT_002,DECOY_TARGET,true,385.5,298.5,385.5,298.5,30.0,30.0,410,410,0,TRACKING,384.5,297.5,1.414,False
SCN_010,410,13.6333,TGT_003,DECOY_TARGET,true,448.5,249.5,448.5,249.5,30.0,0.0,410,410,0,TRACKING,447.5,248.5,1.414,False
SCN_010,411,13.6667,TGT_001,COMMUNICATION_TARGET,true,171.0,234.0,171.0,234.0,0.0,-30.0,411,411,0,TRACKING,170.0,233.0,1.414,True
SCN_010,411,13.6667,TGT_002,DECOY_TARGET,true,387.5,299.5,387.5,299.5,60.0,30.0,411,411,0,TRACKING,386.5,298.5,1.414,False
SCN_010,411,13.6667,TGT_003,DECOY_TARGET,true,449.5,248.5,449.5,248.5,30.0,-30.0,411,411,0,TRACKING,448.5,247.5,1.414,False
SCN_010,412,13.7,TGT_001,COMMUNICATION_TARGET,true,171.0,233.0,171.0,233.0,0.0,-30.0,412,412,0,TRACKING,170.0,232.0,1.414,True
SCN_010,412,13.7,TGT_002,DECOY_TARGET,true,388.5,299.5,388.5,299.5,30.0,0.0,412,412,0,TRACKING,387.5,298.5,1.414,False
SCN_010,412,13.7,TGT_003,DECOY_TARGET,true,449.5,248.5,449.5,248.5,0.0,0.0,412,412,0,TRACKING,448.5,247.5,1.414,False
SCN_010,413,13.7333,TGT_001,COMMUNICATION_TARGET,true,171.0,232.0,171.0,232.0,0.0,-30.0,413,413,0,TRACKING,170.0,231.0,1.414,True
SCN_010,413,13.7333,TGT_002,DECOY_TARGET,true,390.5,300.5,390.5,300.5,60.0,30.0,413,413,0,TRACKING,389.5,299.5,1.414,False
SCN_010,413,13.7333,TGT_003,DECOY_TARGET,true,450.5,248.5,450.5,248.5,30.0,0.0,413,413,0,TRACKING,449.5,247.5,1.414,False
SCN_010,414,13.7667,TGT_001,COMMUNICATION_TARGET,true,171.0,230.0,171.0,230.0,0.0,-60.0,414,414,0,TRACKING,170.0,229.0,1.414,True
SCN_010,414,13.7667,TGT_002,DECOY_TARGET,true,391.5,300.5,391.5,300.5,30.0,0.0,414,414,0,TRACKING,390.5,299.5,1.414,False
SCN_010,414,13.7667,TGT_003,DECOY_TARGET,true,451.5,247.5,451.5,247.5,30.0,-30.0,414,414,0,TRACKING,450.5,246.5,1.414,False
SCN_010,415,13.8,TGT_001,COMMUNICATION_TARGET,true,171.0,229.0,171.0,229.0,0.0,-30.0,415,415,0,TRACKING,170.0,228.0,1.414,True
SCN_010,415,13.8,TGT_002,DECOY_TARGET,true,392.5,300.5,392.5,300.5,30.0,0.0,415,415,0,TRACKING,391.5,299.5,1.414,False
SCN_010,415,13.8,TGT_003,DECOY_TARGET,true,452.5,247.5,452.5,247.5,30.0,0.0,415,415,0,TRACKING,451.5,246.5,1.414,False
SCN_010,416,13.8333,TGT_001,COMMUNICATION_TARGET,true,172.0,228.0,172.0,228.0,30.0,-30.0,416,416,0,TRACKING,171.0,227.0,1.414,True
SCN_010,416,13.8333,TGT_002,DECOY_TARGET,true,394.5,301.5,394.5,301.5,60.0,30.0,416,416,0,TRACKING,393.5,300.5,1.414,False
SCN_010,416,13.8333,TGT_003,DECOY_TARGET,true,452.5,247.5,452.5,247.5,0.0,0.0,416,416,0,TRACKING,451.5,246.5,1.414,False
SCN_010,417,13.8667,TGT_001,COMMUNICATION_TARGET,true,172.0,227.0,172.0,227.0,0.0,-30.0,417,417,0,TRACKING,171.0,226.0,1.414,True
SCN_010,417,13.8667,TGT_002,DECOY_TARGET,true,395.5,301.5,395.5,301.5,30.0,0.0,417,417,0,TRACKING,394.5,300.5,1.414,False
SCN_010,417,13.8667,TGT_003,DECOY_TARGET,true,453.5,247.5,453.5,247.5,30.0,0.0,417,417,0,TRACKING,452.5,246.5,1.414,False
SCN_010,418,13.9,TGT_001,COMMUNICATION_TARGET,true,172.0,226.0,172.0,226.0,0.0,-30.0,418,418,0,TRACKING,171.0,225.0,1.414,True
SCN_010,418,13.9,TGT_002,DECOY_TARGET,true,397.5,301.5,397.5,301.5,60.0,0.0,418,418,0,TRACKING,396.5,300.5,1.414,False
SCN_010,418,13.9,TGT_003,DECOY_TARGET,true,454.5,246.5,454.5,246.5,30.0,-30.0,418,418,0,TRACKING,453.5,245.5,1.414,False
SCN_010,419,13.9333,TGT_001,COMMUNICATION_TARGET,true,172.0,225.0,172.0,225.0,0.0,-30.0,419,419,0,TRACKING,171.0,224.0,1.414,True
SCN_010,419,13.9333,TGT_002,DECOY_TARGET,true,398.5,301.5,398.5,301.5,30.0,0.0,419,419,0,TRACKING,397.5,300.5,1.414,False
SCN_010,419,13.9333,TGT_003,DECOY_TARGET,true,455.5,246.5,455.5,246.5,30.0,0.0,419,419,0,TRACKING,454.5,245.5,1.414,False
SCN_010,420,13.9667,TGT_001,COMMUNICATION_TARGET,true,172.0,223.0,172.0,223.0,0.0,-60.0,420,420,0,TRACKING,171.0,222.0,1.414,True
SCN_010,420,13.9667,TGT_002,DECOY_TARGET,true,399.5,301.5,399.5,301.5,30.0,0.0,420,420,0,TRACKING,398.5,300.5,1.414,False
SCN_010,420,13.9667,TGT_003,DECOY_TARGET,true,455.5,246.5,455.5,246.5,0.0,0.0,420,420,0,TRACKING,454.5,245.5,1.414,False
SCN_010,421,14.0,TGT_001,COMMUNICATION_TARGET,true,172.0,222.0,172.0,222.0,0.0,-30.0,421,421,0,TRACKING,171.0,221.0,1.414,True
SCN_010,421,14.0,TGT_002,DECOY_TARGET,true,401.5,301.5,401.5,301.5,60.0,0.0,421,421,0,TRACKING,400.5,300.5,1.414,False
SCN_010,421,14.0,TGT_003,DECOY_TARGET,true,456.5,246.5,456.5,246.5,30.0,0.0,421,421,0,TRACKING,455.5,245.5,1.414,False
SCN_010,422,14.0333,TGT_001,COMMUNICATION_TARGET,true,172.0,221.0,172.0,221.0,0.0,-30.0,422,422,0,TRACKING,171.0,220.0,1.414,True
SCN_010,422,14.0333,TGT_002,DECOY_TARGET,true,402.5,301.5,402.5,301.5,30.0,0.0,422,422,0,TRACKING,401.5,300.5,1.414,False
SCN_010,422,14.0333,TGT_003,DECOY_TARGET,true,457.5,245.5,457.5,245.5,30.0,-30.0,422,422,0,TRACKING,456.5,244.5,1.414,False
SCN_010,423,14.0667,TGT_001,COMMUNICATION_TARGET,true,172.0,220.0,172.0,220.0,0.0,-30.0,423,423,0,TRACKING,171.0,219.0,1.414,True
SCN_010,423,14.0667,TGT_002,DECOY_TARGET,true,403.5,301.5,403.5,301.5,30.0,0.0,423,423,0,TRACKING,402.5,300.5,1.414,False
SCN_010,423,14.0667,TGT_003,DECOY_TARGET,true,458.5,245.5,458.5,245.5,30.0,0.0,423,423,0,TRACKING,457.5,244.5,1.414,False
SCN_010,424,14.1,TGT_001,COMMUNICATION_TARGET,true,173.0,219.0,173.0,219.0,30.0,-30.0,424,424,0,TRACKING,172.0,218.0,1.414,True
SCN_010,424,14.1,TGT_002,DECOY_TARGET,true,404.5,300.5,404.5,300.5,30.0,-30.0,424,424,0,TRACKING,403.5,299.5,1.414,False
SCN_010,424,14.1,TGT_003,DECOY_TARGET,true,458.5,245.5,458.5,245.5,0.0,0.0,424,424,0,TRACKING,457.5,244.5,1.414,False
SCN_010,425,14.1333,TGT_001,COMMUNICATION_TARGET,true,173.0,218.0,173.0,218.0,0.0,-30.0,425,425,0,TRACKING,172.0,217.0,1.414,True
SCN_010,425,14.1333,TGT_002,DECOY_TARGET,true,405.5,300.5,405.5,300.5,30.0,0.0,425,425,0,TRACKING,404.5,299.5,1.414,False
SCN_010,425,14.1333,TGT_003,DECOY_TARGET,true,459.5,244.5,459.5,244.5,30.0,-30.0,425,425,0,TRACKING,458.5,243.5,1.414,False
SCN_010,426,14.1667,TGT_001,COMMUNICATION_TARGET,true,173.0,217.0,173.0,217.0,0.0,-30.0,426,426,0,TRACKING,172.0,216.0,1.414,True
SCN_010,426,14.1667,TGT_002,DECOY_TARGET,true,407.5,299.5,407.5,299.5,60.0,-30.0,426,426,0,TRACKING,406.5,298.5,1.414,False
SCN_010,426,14.1667,TGT_003,DECOY_TARGET,true,460.5,244.5,460.5,244.5,30.0,0.0,426,426,0,TRACKING,459.5,243.5,1.414,False
SCN_010,427,14.2,TGT_001,COMMUNICATION_TARGET,true,173.0,215.0,173.0,215.0,0.0,-60.0,427,427,0,TRACKING,172.0,214.0,1.414,True
SCN_010,427,14.2,TGT_002,DECOY_TARGET,true,408.5,299.5,408.5,299.5,30.0,0.0,427,427,0,TRACKING,407.5,298.5,1.414,False
SCN_010,427,14.2,TGT_003,DECOY_TARGET,true,461.5,244.5,461.5,244.5,30.0,0.0,427,427,0,TRACKING,460.5,243.5,1.414,False
SCN_010,428,14.2333,TGT_001,COMMUNICATION_TARGET,true,173.0,214.0,173.0,214.0,0.0,-30.0,428,428,0,TRACKING,172.0,213.0,1.414,True
SCN_010,428,14.2333,TGT_002,DECOY_TARGET,true,409.5,298.5,409.5,298.5,30.0,-30.0,428,428,0,TRACKING,408.5,297.5,1.414,False
SCN_010,428,14.2333,TGT_003,DECOY_TARGET,true,461.5,244.5,461.5,244.5,0.0,0.0,428,428,0,TRACKING,460.5,243.5,1.414,False
SCN_010,429,14.2667,TGT_001,COMMUNICATION_TARGET,true,174.0,213.0,174.0,213.0,30.0,-30.0,429,429,0,TRACKING,173.0,212.0,1.414,True
SCN_010,429,14.2667,TGT_002,DECOY_TARGET,true,410.5,298.5,410.5,298.5,30.0,0.0,429,429,0,TRACKING,409.5,297.5,1.414,False
SCN_010,429,14.2667,TGT_003,DECOY_TARGET,true,462.5,243.5,462.5,243.5,30.0,-30.0,429,429,0,TRACKING,461.5,242.5,1.414,False
SCN_010,430,14.3,TGT_001,COMMUNICATION_TARGET,true,174.0,212.0,174.0,212.0,0.0,-30.0,430,430,0,TRACKING,173.0,211.0,1.414,True
SCN_010,430,14.3,TGT_002,DECOY_TARGET,true,411.5,297.5,411.5,297.5,30.0,-30.0,430,430,0,TRACKING,410.5,296.5,1.414,False
SCN_010,430,14.3,TGT_003,DECOY_TARGET,true,463.5,243.5,463.5,243.5,30.0,0.0,430,430,0,TRACKING,462.5,242.5,1.414,False
SCN_010,431,14.3333,TGT_001,COMMUNICATION_TARGET,true,174.0,211.0,174.0,211.0,0.0,-30.0,431,431,0,TRACKING,173.0,210.0,1.414,True
SCN_010,431,14.3333,TGT_002,DECOY_TARGET,true,412.5,296.5,412.5,296.5,30.0,-30.0,431,431,0,TRACKING,411.5,295.5,1.414,False
SCN_010,431,14.3333,TGT_003,DECOY_TARGET,true,464.5,243.5,464.5,243.5,30.0,0.0,431,431,0,TRACKING,463.5,242.5,1.414,False
SCN_010,432,14.3667,TGT_001,COMMUNICATION_TARGET,true,174.0,210.0,174.0,210.0,0.0,-30.0,432,432,0,TRACKING,173.0,209.0,1.414,True
SCN_010,432,14.3667,TGT_002,DECOY_TARGET,true,413.5,295.5,413.5,295.5,30.0,-30.0,432,432,0,TRACKING,412.5,294.5,1.414,False
SCN_010,432,14.3667,TGT_003,DECOY_TARGET,true,465.5,243.5,465.5,243.5,30.0,0.0,432,432,0,TRACKING,464.5,242.5,1.414,False
SCN_010,433,14.4,TGT_001,COMMUNICATION_TARGET,true,175.0,208.0,175.0,208.0,30.0,-60.0,433,433,0,TRACKING,174.0,207.0,1.414,True
SCN_010,433,14.4,TGT_002,DECOY_TARGET,true,414.5,295.5,414.5,295.5,30.0,0.0,433,433,0,TRACKING,413.5,294.5,1.414,False
SCN_010,433,14.4,TGT_003,DECOY_TARGET,true,465.5,242.5,465.5,242.5,0.0,-30.0,433,433,0,TRACKING,464.5,241.5,1.414,False
SCN_010,434,14.4333,TGT_001,COMMUNICATION_TARGET,true,175.0,207.0,175.0,207.0,0.0,-30.0,434,434,0,TRACKING,174.0,206.0,1.414,True
SCN_010,434,14.4333,TGT_002,DECOY_TARGET,true,415.5,294.5,415.5,294.5,30.0,-30.0,434,434,0,TRACKING,414.5,293.5,1.414,False
SCN_010,434,14.4333,TGT_003,DECOY_TARGET,true,466.5,242.5,466.5,242.5,30.0,0.0,434,434,0,TRACKING,465.5,241.5,1.414,False
SCN_010,435,14.4667,TGT_001,COMMUNICATION_TARGET,true,175.0,206.0,175.0,206.0,0.0,-30.0,435,435,0,TRACKING,174.0,205.0,1.414,True
SCN_010,435,14.4667,TGT_002,DECOY_TARGET,true,416.5,293.5,416.5,293.5,30.0,-30.0,435,435,0,TRACKING,415.5,292.5,1.414,False
SCN_010,435,14.4667,TGT_003,DECOY_TARGET,true,467.5,242.5,467.5,242.5,30.0,0.0,435,435,0,TRACKING,466.5,241.5,1.414,False
SCN_010,436,14.5,TGT_001,COMMUNICATION_TARGET,true,175.0,205.0,175.0,205.0,0.0,-30.0,436,436,0,TRACKING,174.0,204.0,1.414,True
SCN_010,436,14.5,TGT_002,DECOY_TARGET,true,417.5,292.5,417.5,292.5,30.0,-30.0,436,436,0,TRACKING,416.5,291.5,1.414,False
SCN_010,436,14.5,TGT_003,DECOY_TARGET,true,468.5,241.5,468.5,241.5,30.0,-30.0,436,436,0,TRACKING,467.5,240.5,1.414,False
SCN_010,437,14.5333,TGT_001,COMMUNICATION_TARGET,true,176.0,204.0,176.0,204.0,30.0,-30.0,437,437,0,TRACKING,175.0,203.0,1.414,True
SCN_010,437,14.5333,TGT_002,DECOY_TARGET,true,418.5,290.5,418.5,290.5,30.0,-60.0,437,437,0,TRACKING,417.5,289.5,1.414,False
SCN_010,437,14.5333,TGT_003,DECOY_TARGET,true,468.5,241.5,468.5,241.5,0.0,0.0,437,437,0,TRACKING,467.5,240.5,1.414,False
SCN_010,438,14.5667,TGT_001,COMMUNICATION_TARGET,true,176.0,203.0,176.0,203.0,0.0,-30.0,438,438,0,TRACKING,175.0,202.0,1.414,True
SCN_010,438,14.5667,TGT_002,DECOY_TARGET,true,419.5,289.5,419.5,289.5,30.0,-30.0,438,438,0,TRACKING,418.5,288.5,1.414,False
SCN_010,438,14.5667,TGT_003,DECOY_TARGET,true,469.5,241.5,469.5,241.5,30.0,0.0,438,438,0,TRACKING,468.5,240.5,1.414,False
SCN_010,439,14.6,TGT_001,COMMUNICATION_TARGET,true,176.0,202.0,176.0,202.0,0.0,-30.0,439,439,0,TRACKING,175.0,201.0,1.414,True
SCN_010,439,14.6,TGT_002,DECOY_TARGET,true,419.5,288.5,419.5,288.5,0.0,-30.0,439,439,0,TRACKING,418.5,287.5,1.414,False
SCN_010,439,14.6,TGT_003,DECOY_TARGET,true,470.5,241.5,470.5,241.5,30.0,0.0,439,439,0,TRACKING,469.5,240.5,1.414,False
SCN_010,440,14.6333,TGT_001,COMMUNICATION_TARGET,true,177.0,201.0,177.0,201.0,30.0,-30.0,440,440,0,TRACKING,176.0,200.0,1.414,True
SCN_010,440,14.6333,TGT_002,DECOY_TARGET,true,420.5,287.5,420.5,287.5,30.0,-30.0,440,440,0,TRACKING,419.5,286.5,1.414,False
SCN_010,440,14.6333,TGT_003,DECOY_TARGET,true,471.5,240.5,471.5,240.5,30.0,-30.0,440,440,0,TRACKING,470.5,239.5,1.414,False
SCN_010,441,14.6667,TGT_001,COMMUNICATION_TARGET,true,177.0,199.0,177.0,199.0,0.0,-60.0,441,441,0,TRACKING,176.0,198.0,1.414,True
SCN_010,441,14.6667,TGT_002,DECOY_TARGET,true,421.5,285.5,421.5,285.5,30.0,-60.0,441,441,0,TRACKING,420.5,284.5,1.414,False
SCN_010,441,14.6667,TGT_003,DECOY_TARGET,true,471.5,240.5,471.5,240.5,0.0,0.0,441,441,0,TRACKING,470.5,239.5,1.414,False
SCN_010,442,14.7,TGT_001,COMMUNICATION_TARGET,true,177.0,198.0,177.0,198.0,0.0,-30.0,442,442,0,TRACKING,176.0,197.0,1.414,True
SCN_010,442,14.7,TGT_002,DECOY_TARGET,true,422.5,284.5,422.5,284.5,30.0,-30.0,442,442,0,TRACKING,421.5,283.5,1.414,False
SCN_010,442,14.7,TGT_003,DECOY_TARGET,true,472.5,240.5,472.5,240.5,30.0,0.0,442,442,0,TRACKING,471.5,239.5,1.414,False
SCN_010,443,14.7333,TGT_001,COMMUNICATION_TARGET,true,178.0,197.0,178.0,197.0,30.0,-30.0,443,443,0,TRACKING,177.0,196.0,1.414,True
SCN_010,443,14.7333,TGT_002,DECOY_TARGET,true,422.5,283.5,422.5,283.5,0.0,-30.0,443,443,0,TRACKING,421.5,282.5,1.414,False
SCN_010,443,14.7333,TGT_003,DECOY_TARGET,true,473.5,240.5,473.5,240.5,30.0,0.0,443,443,0,TRACKING,472.5,239.5,1.414,False
SCN_010,444,14.7667,TGT_001,COMMUNICATION_TARGET,true,178.0,196.0,178.0,196.0,0.0,-30.0,444,444,0,TRACKING,177.0,195.0,1.414,True
SCN_010,444,14.7667,TGT_002,DECOY_TARGET,true,423.5,281.5,423.5,281.5,30.0,-60.0,444,444,0,TRACKING,422.5,280.5,1.414,False
SCN_010,444,14.7667,TGT_003,DECOY_TARGET,true,474.5,239.5,474.5,239.5,30.0,-30.0,444,444,0,TRACKING,473.5,238.5,1.414,False
SCN_010,445,14.8,TGT_001,COMMUNICATION_TARGET,true,178.0,195.0,178.0,195.0,0.0,-30.0,445,445,0,TRACKING,177.0,194.0,1.414,True
SCN_010,445,14.8,TGT_002,DECOY_TARGET,true,424.5,280.5,424.5,280.5,30.0,-30.0,445,445,0,TRACKING,423.5,279.5,1.414,False
SCN_010,445,14.8,TGT_003,DECOY_TARGET,true,474.5,239.5,474.5,239.5,0.0,0.0,445,445,0,TRACKING,473.5,238.5,1.414,False
SCN_010,446,14.8333,TGT_001,COMMUNICATION_TARGET,true,179.0,194.0,179.0,194.0,30.0,-30.0,446,446,0,TRACKING,178.0,193.0,1.414,True
SCN_010,446,14.8333,TGT_002,DECOY_TARGET,true,424.5,278.5,424.5,278.5,0.0,-60.0,446,446,0,TRACKING,423.5,277.5,1.414,False
SCN_010,446,14.8333,TGT_003,DECOY_TARGET,true,475.5,239.5,475.5,239.5,30.0,0.0,446,446,0,TRACKING,474.5,238.5,1.414,False
SCN_010,447,14.8667,TGT_001,COMMUNICATION_TARGET,true,179.0,193.0,179.0,193.0,0.0,-30.0,447,447,0,TRACKING,178.0,192.0,1.414,True
SCN_010,447,14.8667,TGT_002,DECOY_TARGET,true,425.5,276.5,425.5,276.5,30.0,-60.0,447,447,0,TRACKING,424.5,275.5,1.414,False
SCN_010,447,14.8667,TGT_003,DECOY_TARGET,true,476.5,238.5,476.5,238.5,30.0,-30.0,447,447,0,TRACKING,475.5,237.5,1.414,False
SCN_010,448,14.9,TGT_001,COMMUNICATION_TARGET,true,179.0,192.0,179.0,192.0,0.0,-30.0,448,448,0,TRACKING,178.0,191.0,1.414,True
SCN_010,448,14.9,TGT_002,DECOY_TARGET,true,426.5,275.5,426.5,275.5,30.0,-30.0,448,448,0,TRACKING,425.5,274.5,1.414,False
SCN_010,448,14.9,TGT_003,DECOY_TARGET,true,477.5,238.5,477.5,238.5,30.0,0.0,448,448,0,TRACKING,476.5,237.5,1.414,False
SCN_010,449,14.9333,TGT_001,COMMUNICATION_TARGET,true,180.0,191.0,180.0,191.0,30.0,-30.0,449,449,0,TRACKING,179.0,190.0,1.414,True
SCN_010,449,14.9333,TGT_002,DECOY_TARGET,true,426.5,273.5,426.5,273.5,0.0,-60.0,449,449,0,TRACKING,425.5,272.5,1.414,False
SCN_010,449,14.9333,TGT_003,DECOY_TARGET,true,477.5,238.5,477.5,238.5,0.0,0.0,449,449,0,TRACKING,476.5,237.5,1.414,False
SCN_010,450,14.9667,TGT_001,COMMUNICATION_TARGET,true,180.0,189.0,180.0,189.0,0.0,-60.0,450,450,0,TRACKING,179.0,188.0,1.414,True
SCN_010,450,14.9667,TGT_002,DECOY_TARGET,true,427.5,271.5,427.5,271.5,30.0,-60.0,450,450,0,TRACKING,426.5,270.5,1.414,False
SCN_010,450,14.9667,TGT_003,DECOY_TARGET,true,478.5,238.5,478.5,238.5,30.0,0.0,450,450,0,TRACKING,477.5,237.5,1.414,False
SCN_010,451,15.0,TGT_001,COMMUNICATION_TARGET,true,181.0,188.0,181.0,188.0,30.0,-30.0,451,451,0,TRACKING,180.0,187.0,1.414,True
SCN_010,451,15.0,TGT_002,DECOY_TARGET,true,427.5,269.5,427.5,269.5,0.0,-60.0,451,451,0,TRACKING,426.5,268.5,1.414,False
SCN_010,451,15.0,TGT_003,DECOY_TARGET,true,479.5,237.5,479.5,237.5,30.0,-30.0,451,451,0,TRACKING,478.5,236.5,1.414,False
SCN_010,452,15.0333,TGT_001,COMMUNICATION_TARGET,true,181.0,187.0,181.0,187.0,0.0,-30.0,452,452,0,TRACKING,180.0,186.0,1.414,True
SCN_010,452,15.0333,TGT_002,DECOY_TARGET,true,428.5,268.5,428.5,268.5,30.0,-30.0,452,452,0,TRACKING,427.5,267.5,1.414,False
SCN_010,452,15.0333,TGT_003,DECOY_TARGET,true,480.5,237.5,480.5,237.5,30.0,0.0,452,452,0,TRACKING,479.5,236.5,1.414,False
SCN_010,453,15.0667,TGT_001,COMMUNICATION_TARGET,true,181.0,186.0,181.0,186.0,0.0,-30.0,453,453,0,TRACKING,180.0,185.0,1.414,True
SCN_010,453,15.0667,TGT_002,DECOY_TARGET,true,428.5,266.5,428.5,266.5,0.0,-60.0,453,453,0,TRACKING,427.5,265.5,1.414,False
SCN_010,453,15.0667,TGT_003,DECOY_TARGET,true,480.5,237.5,480.5,237.5,0.0,0.0,453,453,0,TRACKING,479.5,236.5,1.414,False
SCN_010,454,15.1,TGT_001,COMMUNICATION_TARGET,true,182.0,185.0,182.0,185.0,30.0,-30.0,454,454,0,TRACKING,181.0,184.0,1.414,True
SCN_010,454,15.1,TGT_002,DECOY_TARGET,true,428.5,264.5,428.5,264.5,0.0,-60.0,454,454,0,TRACKING,427.5,263.5,1.414,False
SCN_010,454,15.1,TGT_003,DECOY_TARGET,true,481.5,237.5,481.5,237.5,30.0,0.0,454,454,0,TRACKING,480.5,236.5,1.414,False
SCN_010,455,15.1333,TGT_001,COMMUNICATION_TARGET,true,182.0,184.0,182.0,184.0,0.0,-30.0,455,455,0,TRACKING,181.0,183.0,1.414,True
SCN_010,455,15.1333,TGT_002,DECOY_TARGET,true,429.5,262.5,429.5,262.5,30.0,-60.0,455,455,0,TRACKING,428.5,261.5,1.414,False
SCN_010,455,15.1333,TGT_003,DECOY_TARGET,true,482.5,236.5,482.5,236.5,30.0,-30.0,455,455,0,TRACKING,481.5,235.5,1.414,False
SCN_010,456,15.1667,TGT_001,COMMUNICATION_TARGET,true,183.0,183.0,183.0,183.0,30.0,-30.0,456,456,0,TRACKING,182.0,182.0,1.414,True
SCN_010,456,15.1667,TGT_002,DECOY_TARGET,true,429.5,260.5,429.5,260.5,0.0,-60.0,456,456,0,TRACKING,428.5,259.5,1.414,False
SCN_010,456,15.1667,TGT_003,DECOY_TARGET,true,483.5,236.5,483.5,236.5,30.0,0.0,456,456,0,TRACKING,482.5,235.5,1.414,False
SCN_010,457,15.2,TGT_001,COMMUNICATION_TARGET,true,183.0,182.0,183.0,182.0,0.0,-30.0,457,457,0,TRACKING,182.0,181.0,1.414,True
SCN_010,457,15.2,TGT_002,DECOY_TARGET,true,429.5,258.5,429.5,258.5,0.0,-60.0,457,457,0,TRACKING,428.5,257.5,1.414,False
SCN_010,457,15.2,TGT_003,DECOY_TARGET,true,483.5,236.5,483.5,236.5,0.0,0.0,457,457,0,TRACKING,482.5,235.5,1.414,False
SCN_010,458,15.2333,TGT_001,COMMUNICATION_TARGET,true,184.0,181.0,184.0,181.0,30.0,-30.0,458,458,0,TRACKING,183.0,180.0,1.414,True
SCN_010,458,15.2333,TGT_002,DECOY_TARGET,true,430.5,256.5,430.5,256.5,30.0,-60.0,458,458,0,TRACKING,429.5,255.5,1.414,False
SCN_010,458,15.2333,TGT_003,DECOY_TARGET,true,484.5,235.5,484.5,235.5,30.0,-30.0,458,458,0,TRACKING,483.5,234.5,1.414,False
SCN_010,459,15.2667,TGT_001,COMMUNICATION_TARGET,true,184.0,180.0,184.0,180.0,0.0,-30.0,459,459,0,TRACKING,183.0,179.0,1.414,True
SCN_010,459,15.2667,TGT_002,DECOY_TARGET,true,430.5,254.5,430.5,254.5,0.0,-60.0,459,459,0,TRACKING,429.5,253.5,1.414,False
SCN_010,459,15.2667,TGT_003,DECOY_TARGET,true,485.5,235.5,485.5,235.5,30.0,0.0,459,459,0,TRACKING,484.5,234.5,1.414,False
SCN_010,460,15.3,TGT_001,COMMUNICATION_TARGET,true,185.0,179.0,185.0,179.0,30.0,-30.0,460,460,0,TRACKING,184.0,178.0,1.414,True
SCN_010,460,15.3,TGT_002,DECOY_TARGET,true,430.5,252.5,430.5,252.5,0.0,-60.0,460,460,0,TRACKING,429.5,251.5,1.414,False
SCN_010,460,15.3,TGT_003,DECOY_TARGET,true,486.5,235.5,486.5,235.5,30.0,0.0,460,460,0,TRACKING,485.5,234.5,1.414,False
SCN_010,461,15.3333,TGT_001,COMMUNICATION_TARGET,true,185.0,178.0,185.0,178.0,0.0,-30.0,461,461,0,TRACKING,184.0,177.0,1.414,True
SCN_010,461,15.3333,TGT_002,DECOY_TARGET,true,430.5,250.5,430.5,250.5,0.0,-60.0,461,461,0,TRACKING,429.5,249.5,1.414,False
SCN_010,461,15.3333,TGT_003,DECOY_TARGET,true,486.5,235.5,486.5,235.5,0.0,0.0,461,461,0,TRACKING,485.5,234.5,1.414,False
SCN_010,462,15.3667,TGT_001,COMMUNICATION_TARGET,true,186.0,177.0,186.0,177.0,30.0,-30.0,462,462,0,TRACKING,185.0,176.0,1.414,True
SCN_010,462,15.3667,TGT_002,DECOY_TARGET,true,430.5,248.5,430.5,248.5,0.0,-60.0,462,462,0,TRACKING,429.5,247.5,1.414,False
SCN_010,462,15.3667,TGT_003,DECOY_TARGET,true,487.5,234.5,487.5,234.5,30.0,-30.0,462,462,0,TRACKING,486.5,233.5,1.414,False
SCN_010,463,15.4,TGT_001,COMMUNICATION_TARGET,true,186.0,176.0,186.0,176.0,0.0,-30.0,463,463,0,TRACKING,185.0,175.0,1.414,True
SCN_010,463,15.4,TGT_002,DECOY_TARGET,true,430.5,246.5,430.5,246.5,0.0,-60.0,463,463,0,TRACKING,429.5,245.5,1.414,False
SCN_010,463,15.4,TGT_003,DECOY_TARGET,true,488.5,234.5,488.5,234.5,30.0,0.0,463,463,0,TRACKING,487.5,233.5,1.414,False
SCN_010,464,15.4333,TGT_001,COMMUNICATION_TARGET,true,187.0,174.0,187.0,174.0,30.0,-60.0,464,464,0,TRACKING,186.0,173.0,1.414,True
SCN_010,464,15.4333,TGT_002,DECOY_TARGET,true,430.5,244.5,430.5,244.5,0.0,-60.0,464,464,0,TRACKING,429.5,243.5,1.414,False
SCN_010,464,15.4333,TGT_003,DECOY_TARGET,true,489.5,234.5,489.5,234.5,30.0,0.0,464,464,0,TRACKING,488.5,233.5,1.414,False
SCN_010,465,15.4667,TGT_001,COMMUNICATION_TARGET,true,187.0,173.0,187.0,173.0,0.0,-30.0,465,465,0,TRACKING,186.0,172.0,1.414,True
SCN_010,465,15.4667,TGT_002,DECOY_TARGET,true,430.5,242.5,430.5,242.5,0.0,-60.0,465,465,0,TRACKING,429.5,241.5,1.414,False
SCN_010,465,15.4667,TGT_003,DECOY_TARGET,true,489.5,234.5,489.5,234.5,0.0,0.0,465,465,0,TRACKING,488.5,233.5,1.414,False
SCN_010,466,15.5,TGT_001,COMMUNICATION_TARGET,true,188.0,172.0,188.0,172.0,30.0,-30.0,466,466,0,TRACKING,187.0,171.0,1.414,True
SCN_010,466,15.5,TGT_002,DECOY_TARGET,true,430.5,240.5,430.5,240.5,0.0,-60.0,466,466,0,TRACKING,429.5,239.5,1.414,False
SCN_010,466,15.5,TGT_003,DECOY_TARGET,true,490.5,233.5,490.5,233.5,30.0,-30.0,466,466,0,TRACKING,489.5,232.5,1.414,False
SCN_010,467,15.5333,TGT_001,COMMUNICATION_TARGET,true,188.0,171.0,188.0,171.0,0.0,-30.0,467,467,0,TRACKING,187.0,170.0,1.414,True
SCN_010,467,15.5333,TGT_002,DECOY_TARGET,true,430.5,238.5,430.5,238.5,0.0,-60.0,467,467,0,TRACKING,429.5,237.5,1.414,False
SCN_010,467,15.5333,TGT_003,DECOY_TARGET,true,491.5,233.5,491.5,233.5,30.0,0.0,467,467,0,TRACKING,490.5,232.5,1.414,False
SCN_010,468,15.5667,TGT_001,COMMUNICATION_TARGET,true,189.0,170.0,189.0,170.0,30.0,-30.0,468,468,0,TRACKING,188.0,169.0,1.414,True
SCN_010,468,15.5667,TGT_002,DECOY_TARGET,true,430.5,236.5,430.5,236.5,0.0,-60.0,468,468,0,TRACKING,429.5,235.5,1.414,False
SCN_010,468,15.5667,TGT_003,DECOY_TARGET,true,492.5,233.5,492.5,233.5,30.0,0.0,468,468,0,TRACKING,491.5,232.5,1.414,False
SCN_010,469,15.6,TGT_001,COMMUNICATION_TARGET,true,189.0,169.0,189.0,169.0,0.0,-30.0,469,469,0,TRACKING,188.0,168.0,1.414,True
SCN_010,469,15.6,TGT_002,DECOY_TARGET,true,430.5,234.5,430.5,234.5,0.0,-60.0,469,469,0,TRACKING,429.5,233.5,1.414,False
SCN_010,469,15.6,TGT_003,DECOY_TARGET,true,492.5,232.5,492.5,232.5,0.0,-30.0,469,469,0,TRACKING,491.5,231.5,1.414,False
SCN_010,470,15.6333,TGT_001,COMMUNICATION_TARGET,true,190.0,168.0,190.0,168.0,30.0,-30.0,470,470,0,TRACKING,189.0,167.0,1.414,True
SCN_010,470,15.6333,TGT_002,DECOY_TARGET,true,430.5,232.5,430.5,232.5,0.0,-60.0,470,470,0,TRACKING,429.5,231.5,1.414,False
SCN_010,470,15.6333,TGT_003,DECOY_TARGET,true,493.5,232.5,493.5,232.5,30.0,0.0,470,470,0,TRACKING,492.5,231.5,1.414,False
SCN_010,471,15.6667,TGT_001,COMMUNICATION_TARGET,true,190.0,167.0,190.0,167.0,0.0,-30.0,471,471,0,TRACKING,189.0,166.0,1.414,True
SCN_010,471,15.6667,TGT_002,DECOY_TARGET,true,430.5,230.5,430.5,230.5,0.0,-60.0,471,471,0,TRACKING,429.5,229.5,1.414,False
SCN_010,471,15.6667,TGT_003,DECOY_TARGET,true,494.5,232.5,494.5,232.5,30.0,0.0,471,471,0,TRACKING,493.5,231.5,1.414,False
SCN_010,472,15.7,TGT_001,COMMUNICATION_TARGET,true,191.0,166.0,191.0,166.0,30.0,-30.0,472,472,0,TRACKING,190.0,165.0,1.414,True
SCN_010,472,15.7,TGT_002,DECOY_TARGET,true,430.5,228.5,430.5,228.5,0.0,-60.0,472,472,0,TRACKING,429.5,227.5,1.414,False
SCN_010,472,15.7,TGT_003,DECOY_TARGET,true,495.5,232.5,495.5,232.5,30.0,0.0,472,472,0,TRACKING,494.5,231.5,1.414,False
SCN_010,473,15.7333,TGT_001,COMMUNICATION_TARGET,true,192.0,165.0,192.0,165.0,30.0,-30.0,473,473,0,TRACKING,191.0,164.0,1.414,True
SCN_010,473,15.7333,TGT_002,DECOY_TARGET,true,430.5,226.5,430.5,226.5,0.0,-60.0,473,473,0,TRACKING,429.5,225.5,1.414,False
SCN_010,473,15.7333,TGT_003,DECOY_TARGET,true,495.5,231.5,495.5,231.5,0.0,-30.0,473,473,0,TRACKING,494.5,230.5,1.414,False
SCN_010,474,15.7667,TGT_001,COMMUNICATION_TARGET,true,192.0,164.0,192.0,164.0,0.0,-30.0,474,474,0,TRACKING,191.0,163.0,1.414,True
SCN_010,474,15.7667,TGT_002,DECOY_TARGET,true,429.5,224.5,429.5,224.5,-30.0,-60.0,474,474,0,TRACKING,428.5,223.5,1.414,False
SCN_010,474,15.7667,TGT_003,DECOY_TARGET,true,496.5,231.5,496.5,231.5,30.0,0.0,474,474,0,TRACKING,495.5,230.5,1.414,False
SCN_010,475,15.8,TGT_001,COMMUNICATION_TARGET,true,193.0,163.0,193.0,163.0,30.0,-30.0,475,475,0,TRACKING,192.0,162.0,1.414,True
SCN_010,475,15.8,TGT_002,DECOY_TARGET,true,429.5,222.5,429.5,222.5,0.0,-60.0,475,475,0,TRACKING,428.5,221.5,1.414,False
SCN_010,475,15.8,TGT_003,DECOY_TARGET,true,497.5,231.5,497.5,231.5,30.0,0.0,475,475,0,TRACKING,496.5,230.5,1.414,False
SCN_010,476,15.8333,TGT_001,COMMUNICATION_TARGET,true,193.0,162.0,193.0,162.0,0.0,-30.0,476,476,0,TRACKING,192.0,161.0,1.414,True
SCN_010,476,15.8333,TGT_002,DECOY_TARGET,true,429.5,220.5,429.5,220.5,0.0,-60.0,476,476,0,TRACKING,428.5,219.5,1.414,False
SCN_010,476,15.8333,TGT_003,DECOY_TARGET,true,498.5,231.5,498.5,231.5,30.0,0.0,476,476,0,TRACKING,497.5,230.5,1.414,False
SCN_010,477,15.8667,TGT_001,COMMUNICATION_TARGET,true,194.0,161.0,194.0,161.0,30.0,-30.0,477,477,0,TRACKING,193.0,160.0,1.414,True
SCN_010,477,15.8667,TGT_002,DECOY_TARGET,true,429.5,218.5,429.5,218.5,0.0,-60.0,477,477,0,TRACKING,428.5,217.5,1.414,False
SCN_010,477,15.8667,TGT_003,DECOY_TARGET,true,498.5,230.5,498.5,230.5,0.0,-30.0,477,477,0,TRACKING,497.5,229.5,1.414,False
SCN_010,478,15.9,TGT_001,COMMUNICATION_TARGET,true,195.0,160.0,195.0,160.0,30.0,-30.0,478,478,0,TRACKING,194.0,159.0,1.414,True
SCN_010,478,15.9,TGT_002,DECOY_TARGET,true,428.5,216.5,428.5,216.5,-30.0,-60.0,478,478,0,TRACKING,427.5,215.5,1.414,False
SCN_010,478,15.9,TGT_003,DECOY_TARGET,true,499.5,230.5,499.5,230.5,30.0,0.0,478,478,0,TRACKING,498.5,229.5,1.414,False
SCN_010,479,15.9333,TGT_001,COMMUNICATION_TARGET,true,195.0,159.0,195.0,159.0,0.0,-30.0,479,479,0,TRACKING,194.0,158.0,1.414,True
SCN_010,479,15.9333,TGT_002,DECOY_TARGET,true,428.5,214.5,428.5,214.5,0.0,-60.0,479,479,0,TRACKING,427.5,213.5,1.414,False
SCN_010,479,15.9333,TGT_003,DECOY_TARGET,true,500.5,230.5,500.5,230.5,30.0,0.0,479,479,0,TRACKING,499.5,229.5,1.414,False
SCN_010,480,15.9667,TGT_001,COMMUNICATION_TARGET,true,196.0,158.0,196.0,158.0,30.0,-30.0,480,480,0,TRACKING,195.0,157.0,1.414,True
SCN_010,480,15.9667,TGT_002,DECOY_TARGET,true,427.5,212.5,427.5,212.5,-30.0,-60.0,480,480,0,TRACKING,426.5,211.5,1.414,False
SCN_010,480,15.9667,TGT_003,DECOY_TARGET,true,501.5,229.5,501.5,229.5,30.0,-30.0,480,480,0,TRACKING,500.5,228.5,1.414,False
SCN_010,481,16.0,TGT_001,COMMUNICATION_TARGET,true,197.0,157.0,197.0,157.0,30.0,-30.0,481,481,0,TRACKING,196.0,156.0,1.414,True
SCN_010,481,16.0,TGT_002,DECOY_TARGET,true,427.5,211.5,427.5,211.5,0.0,-30.0,481,481,0,TRACKING,426.5,210.5,1.414,False
SCN_010,481,16.0,TGT_003,DECOY_TARGET,true,501.5,229.5,501.5,229.5,0.0,0.0,481,481,0,TRACKING,500.5,228.5,1.414,False
SCN_010,482,16.0333,TGT_001,COMMUNICATION_TARGET,true,197.0,156.0,197.0,156.0,0.0,-30.0,482,482,0,TRACKING,196.0,155.0,1.414,True
SCN_010,482,16.0333,TGT_002,DECOY_TARGET,true,426.5,209.5,426.5,209.5,-30.0,-60.0,482,482,0,TRACKING,425.5,208.5,1.414,False
SCN_010,482,16.0333,TGT_003,DECOY_TARGET,true,502.5,229.5,502.5,229.5,30.0,0.0,482,482,0,TRACKING,501.5,228.5,1.414,False
SCN_010,483,16.0667,TGT_001,COMMUNICATION_TARGET,true,198.0,155.0,198.0,155.0,30.0,-30.0,483,483,0,TRACKING,197.0,154.0,1.414,True
SCN_010,483,16.0667,TGT_002,DECOY_TARGET,true,426.5,207.5,426.5,207.5,0.0,-60.0,483,483,0,TRACKING,425.5,206.5,1.414,False
SCN_010,483,16.0667,TGT_003,DECOY_TARGET,true,503.5,229.5,503.5,229.5,30.0,0.0,483,483,0,TRACKING,502.5,228.5,1.414,False
SCN_010,484,16.1,TGT_001,COMMUNICATION_TARGET,true,198.0,154.0,198.0,154.0,0.0,-30.0,484,484,0,TRACKING,197.0,153.0,1.414,True
SCN_010,484,16.1,TGT_002,DECOY_TARGET,true,425.5,206.5,425.5,206.5,-30.0,-30.0,484,484,0,TRACKING,424.5,205.5,1.414,False
SCN_010,484,16.1,TGT_003,DECOY_TARGET,true,504.5,228.5,504.5,228.5,30.0,-30.0,484,484,0,TRACKING,503.5,227.5,1.414,False
SCN_010,485,16.1333,TGT_001,COMMUNICATION_TARGET,true,199.0,153.0,199.0,153.0,30.0,-30.0,485,485,0,TRACKING,198.0,152.0,1.414,True
SCN_010,485,16.1333,TGT_002,DECOY_TARGET,true,425.5,204.5,425.5,204.5,0.0,-60.0,485,485,0,TRACKING,424.5,203.5,1.414,False
SCN_010,485,16.1333,TGT_003,DECOY_TARGET,true,504.5,228.5,504.5,228.5,0.0,0.0,485,485,0,TRACKING,503.5,227.5,1.414,False
SCN_010,486,16.1667,TGT_001,COMMUNICATION_TARGET,true,200.0,153.0,200.0,153.0,30.0,0.0,486,486,0,TRACKING,199.0,152.0,1.414,True
SCN_010,486,16.1667,TGT_002,DECOY_TARGET,true,424.5,202.5,424.5,202.5,-30.0,-60.0,486,486,0,TRACKING,423.5,201.5,1.414,False
SCN_010,486,16.1667,TGT_003,DECOY_TARGET,true,505.5,228.5,505.5,228.5,30.0,0.0,486,486,0,TRACKING,504.5,227.5,1.414,False
SCN_010,487,16.2,TGT_001,COMMUNICATION_TARGET,true,201.0,152.0,201.0,152.0,30.0,-30.0,487,487,0,TRACKING,200.0,151.0,1.414,True
SCN_010,487,16.2,TGT_002,DECOY_TARGET,true,423.5,201.5,423.5,201.5,-30.0,-30.0,487,487,0,TRACKING,422.5,200.5,1.414,False
SCN_010,487,16.2,TGT_003,DECOY_TARGET,true,506.5,228.5,506.5,228.5,30.0,0.0,487,487,0,TRACKING,505.5,227.5,1.414,False
SCN_010,488,16.2333,TGT_001,COMMUNICATION_TARGET,true,201.0,151.0,201.0,151.0,0.0,-30.0,488,488,0,TRACKING,200.0,150.0,1.414,True
SCN_010,488,16.2333,TGT_002,DECOY_TARGET,true,423.5,199.5,423.5,199.5,0.0,-60.0,488,488,0,TRACKING,422.5,198.5,1.414,False
SCN_010,488,16.2333,TGT_003,DECOY_TARGET,true,507.5,227.5,507.5,227.5,30.0,-30.0,488,488,0,TRACKING,506.5,226.5,1.414,False
SCN_010,489,16.2667,TGT_001,COMMUNICATION_TARGET,true,202.0,150.0,202.0,150.0,30.0,-30.0,489,489,0,TRACKING,201.0,149.0,1.414,True
SCN_010,489,16.2667,TGT_002,DECOY_TARGET,true,422.5,198.5,422.5,198.5,-30.0,-30.0,489,489,0,TRACKING,421.5,197.5,1.414,False
SCN_010,489,16.2667,TGT_003,DECOY_TARGET,true,507.5,227.5,507.5,227.5,0.0,0.0,489,489,0,TRACKING,506.5,226.5,1.414,False
SCN_010,490,16.3,TGT_001,COMMUNICATION_TARGET,true,203.0,149.0,203.0,149.0,30.0,-30.0,490,490,0,TRACKING,202.0,148.0,1.414,True
SCN_010,490,16.3,TGT_002,DECOY_TARGET,true,421.5,196.5,421.5,196.5,-30.0,-60.0,490,490,0,TRACKING,420.5,195.5,1.414,False
SCN_010,490,16.3,TGT_003,DECOY_TARGET,true,508.5,227.5,508.5,227.5,30.0,0.0,490,490,0,TRACKING,507.5,226.5,1.414,False
SCN_010,491,16.3333,TGT_001,COMMUNICATION_TARGET,true,203.0,148.0,203.0,148.0,0.0,-30.0,491,491,0,TRACKING,202.0,147.0,1.414,True
SCN_010,491,16.3333,TGT_002,DECOY_TARGET,true,421.5,195.5,421.5,195.5,0.0,-30.0,491,491,0,TRACKING,420.5,194.5,1.414,False
SCN_010,491,16.3333,TGT_003,DECOY_TARGET,true,509.5,226.5,509.5,226.5,30.0,-30.0,491,491,0,TRACKING,508.5,225.5,1.414,False
SCN_010,492,16.3667,TGT_001,COMMUNICATION_TARGET,true,204.0,147.0,204.0,147.0,30.0,-30.0,492,492,0,TRACKING,203.0,146.0,1.414,True
SCN_010,492,16.3667,TGT_002,DECOY_TARGET,true,420.5,194.5,420.5,194.5,-30.0,-30.0,492,492,0,TRACKING,419.5,193.5,1.414,False
SCN_010,492,16.3667,TGT_003,DECOY_TARGET,true,510.5,226.5,510.5,226.5,30.0,0.0,492,492,0,TRACKING,509.5,225.5,1.414,False
SCN_010,493,16.4,TGT_001,COMMUNICATION_TARGET,true,205.0,146.0,205.0,146.0,30.0,-30.0,493,493,0,TRACKING,204.0,145.0,1.414,True
SCN_010,493,16.4,TGT_002,DECOY_TARGET,true,419.5,192.5,419.5,192.5,-30.0,-60.0,493,493,0,TRACKING,418.5,191.5,1.414,False
SCN_010,493,16.4,TGT_003,DECOY_TARGET,true,510.5,226.5,510.5,226.5,0.0,0.0,493,493,0,TRACKING,509.5,225.5,1.414,False
SCN_010,494,16.4333,TGT_001,COMMUNICATION_TARGET,true,206.0,145.0,206.0,145.0,30.0,-30.0,494,494,0,TRACKING,205.0,144.0,1.414,True
SCN_010,494,16.4333,TGT_002,DECOY_TARGET,true,418.5,191.5,418.5,191.5,-30.0,-30.0,494,494,0,TRACKING,417.5,190.5,1.414,False
SCN_010,494,16.4333,TGT_003,DECOY_TARGET,true,511.5,226.5,511.5,226.5,30.0,0.0,494,494,0,TRACKING,510.5,225.5,1.414,False
SCN_010,495,16.4667,TGT_001,COMMUNICATION_TARGET,true,206.0,144.0,206.0,144.0,0.0,-30.0,495,495,0,TRACKING,205.0,143.0,1.414,True
SCN_010,495,16.4667,TGT_002,DECOY_TARGET,true,417.5,190.5,417.5,190.5,-30.0,-30.0,495,495,0,TRACKING,416.5,189.5,1.414,False
SCN_010,495,16.4667,TGT_003,DECOY_TARGET,true,512.5,225.5,512.5,225.5,30.0,-30.0,495,495,0,TRACKING,511.5,224.5,1.414,False
SCN_010,496,16.5,TGT_001,COMMUNICATION_TARGET,true,207.0,143.0,207.0,143.0,30.0,-30.0,496,496,0,TRACKING,206.0,142.0,1.414,True
SCN_010,496,16.5,TGT_002,DECOY_TARGET,true,416.5,189.5,416.5,189.5,-30.0,-30.0,496,496,0,TRACKING,415.5,188.5,1.414,False
SCN_010,496,16.5,TGT_003,DECOY_TARGET,true,513.5,225.5,513.5,225.5,30.0,0.0,496,496,0,TRACKING,512.5,224.5,1.414,False
SCN_010,497,16.5333,TGT_001,COMMUNICATION_TARGET,true,208.0,143.0,208.0,143.0,30.0,0.0,497,497,0,TRACKING,207.0,142.0,1.414,True
SCN_010,497,16.5333,TGT_002,DECOY_TARGET,true,416.5,188.5,416.5,188.5,0.0,-30.0,497,497,0,TRACKING,415.5,187.5,1.414,False
SCN_010,497,16.5333,TGT_003,DECOY_TARGET,true,513.5,225.5,513.5,225.5,0.0,0.0,497,497,0,TRACKING,512.5,224.5,1.414,False
SCN_010,498,16.5667,TGT_001,COMMUNICATION_TARGET,true,209.0,142.0,209.0,142.0,30.0,-30.0,498,498,0,TRACKING,208.0,141.0,1.414,True
SCN_010,498,16.5667,TGT_002,DECOY_TARGET,true,415.5,187.5,415.5,187.5,-30.0,-30.0,498,498,0,TRACKING,414.5,186.5,1.414,False
SCN_010,498,16.5667,TGT_003,DECOY_TARGET,true,514.5,225.5,514.5,225.5,30.0,0.0,498,498,0,TRACKING,513.5,224.5,1.414,False
SCN_010,499,16.6,TGT_001,COMMUNICATION_TARGET,true,209.0,141.0,209.0,141.0,0.0,-30.0,499,499,0,TRACKING,208.0,140.0,1.414,True
SCN_010,499,16.6,TGT_002,DECOY_TARGET,true,414.5,186.5,414.5,186.5,-30.0,-30.0,499,499,0,TRACKING,413.5,185.5,1.414,False
SCN_010,499,16.6,TGT_003,DECOY_TARGET,true,515.5,224.5,515.5,224.5,30.0,-30.0,499,499,0,TRACKING,514.5,223.5,1.414,False
SCN_010,500,16.6333,TGT_001,COMMUNICATION_TARGET,true,210.0,140.0,210.0,140.0,30.0,-30.0,500,500,0,TRACKING,209.0,139.0,1.414,True
SCN_010,500,16.6333,TGT_002,DECOY_TARGET,true,413.5,185.5,413.5,185.5,-30.0,-30.0,500,500,0,TRACKING,412.5,184.5,1.414,False
SCN_010,500,16.6333,TGT_003,DECOY_TARGET,true,516.5,224.5,516.5,224.5,30.0,0.0,500,500,0,TRACKING,515.5,223.5,1.414,False
SCN_010,501,16.6667,TGT_001,COMMUNICATION_TARGET,true,211.0,139.0,211.0,139.0,30.0,-30.0,501,501,0,TRACKING,210.0,138.0,1.414,True
SCN_010,501,16.6667,TGT_002,DECOY_TARGET,true,412.5,184.5,412.5,184.5,-30.0,-30.0,501,501,0,TRACKING,411.5,183.5,1.414,False
SCN_010,501,16.6667,TGT_003,DECOY_TARGET,true,516.5,224.5,516.5,224.5,0.0,0.0,501,501,0,TRACKING,515.5,223.5,1.414,False
SCN_010,502,16.7,TGT_001,COMMUNICATION_TARGET,true,212.0,138.0,212.0,138.0,30.0,-30.0,502,502,0,TRACKING,211.0,137.0,1.414,True
SCN_010,502,16.7,TGT_002,DECOY_TARGET,true,411.5,184.5,411.5,184.5,-30.0,0.0,502,502,0,TRACKING,410.5,183.5,1.414,False
SCN_010,502,16.7,TGT_003,DECOY_TARGET,true,517.5,223.5,517.5,223.5,30.0,-30.0,502,502,0,TRACKING,516.5,222.5,1.414,False
SCN_010,503,16.7333,TGT_001,COMMUNICATION_TARGET,true,213.0,137.0,213.0,137.0,30.0,-30.0,503,503,0,TRACKING,212.0,136.0,1.414,True
SCN_010,503,16.7333,TGT_002,DECOY_TARGET,true,409.5,183.5,409.5,183.5,-60.0,-30.0,503,503,0,TRACKING,408.5,182.5,1.414,False
SCN_010,503,16.7333,TGT_003,DECOY_TARGET,true,518.5,223.5,518.5,223.5,30.0,0.0,503,503,0,TRACKING,517.5,222.5,1.414,False
SCN_010,504,16.7667,TGT_001,COMMUNICATION_TARGET,true,213.0,137.0,213.0,137.0,0.0,0.0,504,504,0,TRACKING,212.0,136.0,1.414,True
SCN_010,504,16.7667,TGT_002,DECOY_TARGET,true,408.5,182.5,408.5,182.5,-30.0,-30.0,504,504,0,TRACKING,407.5,181.5,1.414,False
SCN_010,504,16.7667,TGT_003,DECOY_TARGET,true,519.5,223.5,519.5,223.5,30.0,0.0,504,504,0,TRACKING,518.5,222.5,1.414,False
SCN_010,505,16.8,TGT_001,COMMUNICATION_TARGET,true,214.0,136.0,214.0,136.0,30.0,-30.0,505,505,0,TRACKING,213.0,135.0,1.414,True
SCN_010,505,16.8,TGT_002,DECOY_TARGET,true,407.5,182.5,407.5,182.5,-30.0,0.0,505,505,0,TRACKING,406.5,181.5,1.414,False
SCN_010,505,16.8,TGT_003,DECOY_TARGET,true,519.5,223.5,519.5,223.5,0.0,0.0,505,505,0,TRACKING,518.5,222.5,1.414,False
SCN_010,506,16.8333,TGT_001,COMMUNICATION_TARGET,true,215.0,135.0,215.0,135.0,30.0,-30.0,506,506,0,TRACKING,214.0,134.0,1.414,True
SCN_010,506,16.8333,TGT_002,DECOY_TARGET,true,406.5,181.5,406.5,181.5,-30.0,-30.0,506,506,0,TRACKING,405.5,180.5,1.414,False
SCN_010,506,16.8333,TGT_003,DECOY_TARGET,true,520.5,222.5,520.5,222.5,30.0,-30.0,506,506,0,TRACKING,519.5,221.5,1.414,False
SCN_010,507,16.8667,TGT_001,COMMUNICATION_TARGET,true,216.0,134.0,216.0,134.0,30.0,-30.0,507,507,0,TRACKING,215.0,133.0,1.414,True
SCN_010,507,16.8667,TGT_002,DECOY_TARGET,true,405.5,181.5,405.5,181.5,-30.0,0.0,507,507,0,TRACKING,404.5,180.5,1.414,False
SCN_010,507,16.8667,TGT_003,DECOY_TARGET,true,521.5,222.5,521.5,222.5,30.0,0.0,507,507,0,TRACKING,520.5,221.5,1.414,False
SCN_010,508,16.9,TGT_001,COMMUNICATION_TARGET,true,217.0,133.0,217.0,133.0,30.0,-30.0,508,508,0,TRACKING,216.0,132.0,1.414,True
SCN_010,508,16.9,TGT_002,DECOY_TARGET,true,404.5,181.5,404.5,181.5,-30.0,0.0,508,508,0,TRACKING,403.5,180.5,1.414,False
SCN_010,508,16.9,TGT_003,DECOY_TARGET,true,522.5,222.5,522.5,222.5,30.0,0.0,508,508,0,TRACKING,521.5,221.5,1.414,False
SCN_010,509,16.9333,TGT_001,COMMUNICATION_TARGET,true,218.0,132.0,218.0,132.0,30.0,-30.0,509,509,0,TRACKING,217.0,131.0,1.414,True
SCN_010,509,16.9333,TGT_002,DECOY_TARGET,true,402.5,180.5,402.5,180.5,-60.0,-30.0,509,509,0,TRACKING,401.5,179.5,1.414,False
SCN_010,509,16.9333,TGT_003,DECOY_TARGET,true,522.5,222.5,522.5,222.5,0.0,0.0,509,509,0,TRACKING,521.5,221.5,1.414,False
SCN_010,510,16.9667,TGT_001,COMMUNICATION_TARGET,true,218.0,132.0,218.0,132.0,0.0,0.0,510,510,0,TRACKING,217.0,131.0,1.414,True
SCN_010,510,16.9667,TGT_002,DECOY_TARGET,true,401.5,180.5,401.5,180.5,-30.0,0.0,510,510,0,TRACKING,400.5,179.5,1.414,False
SCN_010,510,16.9667,TGT_003,DECOY_TARGET,true,523.5,221.5,523.5,221.5,30.0,-30.0,510,510,0,TRACKING,522.5,220.5,1.414,False
SCN_010,511,17.0,TGT_001,COMMUNICATION_TARGET,true,219.0,131.0,219.0,131.0,30.0,-30.0,511,511,0,TRACKING,218.0,130.0,1.414,True
SCN_010,511,17.0,TGT_002,DECOY_TARGET,true,400.5,180.5,400.5,180.5,-30.0,0.0,511,511,0,TRACKING,399.5,179.5,1.414,False
SCN_010,511,17.0,TGT_003,DECOY_TARGET,true,524.5,221.5,524.5,221.5,30.0,0.0,511,511,0,TRACKING,523.5,220.5,1.414,False
SCN_010,512,17.0333,TGT_001,COMMUNICATION_TARGET,true,220.0,130.0,220.0,130.0,30.0,-30.0,512,512,0,TRACKING,219.0,129.0,1.414,True
SCN_010,512,17.0333,TGT_002,DECOY_TARGET,true,399.5,180.5,399.5,180.5,-30.0,0.0,512,512,0,TRACKING,398.5,179.5,1.414,False
SCN_010,512,17.0333,TGT_003,DECOY_TARGET,true,525.5,221.5,525.5,221.5,30.0,0.0,512,512,0,TRACKING,524.5,220.5,1.414,False
SCN_010,513,17.0667,TGT_001,COMMUNICATION_TARGET,true,221.0,129.0,221.0,129.0,30.0,-30.0,513,513,0,TRACKING,220.0,128.0,1.414,True
SCN_010,513,17.0667,TGT_002,DECOY_TARGET,true,397.5,180.5,397.5,180.5,-60.0,0.0,513,513,0,TRACKING,396.5,179.5,1.414,False
SCN_010,513,17.0667,TGT_003,DECOY_TARGET,true,525.5,220.5,525.5,220.5,0.0,-30.0,513,513,0,TRACKING,524.5,219.5,1.414,False
SCN_010,514,17.1,TGT_001,COMMUNICATION_TARGET,true,222.0,128.0,222.0,128.0,30.0,-30.0,514,514,0,TRACKING,221.0,127.0,1.414,True
SCN_010,514,17.1,TGT_002,DECOY_TARGET,true,396.5,180.5,396.5,180.5,-30.0,0.0,514,514,0,TRACKING,395.5,179.5,1.414,False
SCN_010,514,17.1,TGT_003,DECOY_TARGET,true,526.5,220.5,526.5,220.5,30.0,0.0,514,514,0,TRACKING,525.5,219.5,1.414,False
SCN_010,515,17.1333,TGT_001,COMMUNICATION_TARGET,true,223.0,128.0,223.0,128.0,30.0,0.0,515,515,0,TRACKING,222.0,127.0,1.414,True
SCN_010,515,17.1333,TGT_002,DECOY_TARGET,true,395.5,180.5,395.5,180.5,-30.0,0.0,515,515,0,TRACKING,394.5,179.5,1.414,False
SCN_010,515,17.1333,TGT_003,DECOY_TARGET,true,527.5,220.5,527.5,220.5,30.0,0.0,515,515,0,TRACKING,526.5,219.5,1.414,False
SCN_010,516,17.1667,TGT_001,COMMUNICATION_TARGET,true,224.0,127.0,224.0,127.0,30.0,-30.0,516,516,0,TRACKING,223.0,126.0,1.414,True
SCN_010,516,17.1667,TGT_002,DECOY_TARGET,true,393.5,180.5,393.5,180.5,-60.0,0.0,516,516,0,TRACKING,392.5,179.5,1.414,False
SCN_010,516,17.1667,TGT_003,DECOY_TARGET,true,528.5,220.5,528.5,220.5,30.0,0.0,516,516,0,TRACKING,527.5,219.5,1.414,False
SCN_010,517,17.2,TGT_001,COMMUNICATION_TARGET,true,224.0,126.0,224.0,126.0,0.0,-30.0,517,517,0,TRACKING,223.0,125.0,1.414,True
SCN_010,517,17.2,TGT_002,DECOY_TARGET,true,392.5,181.5,392.5,181.5,-30.0,30.0,517,517,0,TRACKING,391.5,180.5,1.414,False
SCN_010,517,17.2,TGT_003,DECOY_TARGET,true,528.5,219.5,528.5,219.5,0.0,-30.0,517,517,0,TRACKING,527.5,218.5,1.414,False
SCN_010,518,17.2333,TGT_001,COMMUNICATION_TARGET,true,225.0,125.0,225.0,125.0,30.0,-30.0,518,518,0,TRACKING,224.0,124.0,1.414,True
SCN_010,518,17.2333,TGT_002,DECOY_TARGET,true,390.5,181.5,390.5,181.5,-60.0,0.0,518,518,0,TRACKING,389.5,180.5,1.414,False
SCN_010,518,17.2333,TGT_003,DECOY_TARGET,true,529.5,219.5,529.5,219.5,30.0,0.0,518,518,0,TRACKING,528.5,218.5,1.414,False
SCN_010,519,17.2667,TGT_001,COMMUNICATION_TARGET,true,226.0,125.0,226.0,125.0,30.0,0.0,519,519,0,TRACKING,225.0,124.0,1.414,True
SCN_010,519,17.2667,TGT_002,DECOY_TARGET,true,389.5,182.5,389.5,182.5,-30.0,30.0,519,519,0,TRACKING,388.5,181.5,1.414,False
SCN_010,519,17.2667,TGT_003,DECOY_TARGET,true,530.5,219.5,530.5,219.5,30.0,0.0,519,519,0,TRACKING,529.5,218.5,1.414,False
SCN_010,520,17.3,TGT_001,COMMUNICATION_TARGET,true,227.0,124.0,227.0,124.0,30.0,-30.0,520,520,0,TRACKING,226.0,123.0,1.414,True
SCN_010,520,17.3,TGT_002,DECOY_TARGET,true,387.5,182.5,387.5,182.5,-60.0,0.0,520,520,0,TRACKING,386.5,181.5,1.414,False
SCN_010,520,17.3,TGT_003,DECOY_TARGET,true,531.5,218.5,531.5,218.5,30.0,-30.0,520,520,0,TRACKING,530.5,217.5,1.414,False
SCN_010,521,17.3333,TGT_001,COMMUNICATION_TARGET,true,228.0,123.0,228.0,123.0,30.0,-30.0,521,521,0,TRACKING,227.0,122.0,1.414,True
SCN_010,521,17.3333,TGT_002,DECOY_TARGET,true,386.5,183.5,386.5,183.5,-30.0,30.0,521,521,0,TRACKING,385.5,182.5,1.414,False
SCN_010,521,17.3333,TGT_003,DECOY_TARGET,true,531.5,218.5,531.5,218.5,0.0,0.0,521,521,0,TRACKING,530.5,217.5,1.414,False
SCN_010,522,17.3667,TGT_001,COMMUNICATION_TARGET,true,229.0,123.0,229.0,123.0,30.0,0.0,522,522,0,TRACKING,228.0,122.0,1.414,True
SCN_010,522,17.3667,TGT_002,DECOY_TARGET,true,384.5,183.5,384.5,183.5,-60.0,0.0,522,522,0,TRACKING,383.5,182.5,1.414,False
SCN_010,522,17.3667,TGT_003,DECOY_TARGET,true,532.5,218.5,532.5,218.5,30.0,0.0,522,522,0,TRACKING,531.5,217.5,1.414,False
SCN_010,523,17.4,TGT_001,COMMUNICATION_TARGET,true,230.0,122.0,230.0,122.0,30.0,-30.0,523,523,0,TRACKING,229.0,121.0,1.414,True
SCN_010,523,17.4,TGT_002,DECOY_TARGET,true,383.5,184.5,383.5,184.5,-30.0,30.0,523,523,0,TRACKING,382.5,183.5,1.414,False
SCN_010,523,17.4,TGT_003,DECOY_TARGET,true,533.5,218.5,533.5,218.5,30.0,0.0,523,523,0,TRACKING,532.5,217.5,1.414,False
SCN_010,524,17.4333,TGT_001,COMMUNICATION_TARGET,true,231.0,121.0,231.0,121.0,30.0,-30.0,524,524,0,TRACKING,230.0,120.0,1.414,True
SCN_010,524,17.4333,TGT_002,DECOY_TARGET,true,381.5,185.5,381.5,185.5,-60.0,30.0,524,524,0,TRACKING,380.5,184.5,1.414,False
SCN_010,524,17.4333,TGT_003,DECOY_TARGET,true,534.5,217.5,534.5,217.5,30.0,-30.0,524,524,0,TRACKING,533.5,216.5,1.414,False
SCN_010,525,17.4667,TGT_001,COMMUNICATION_TARGET,true,232.0,120.0,232.0,120.0,30.0,-30.0,525,525,0,TRACKING,231.0,119.0,1.414,True
SCN_010,525,17.4667,TGT_002,DECOY_TARGET,true,380.5,186.5,380.5,186.5,-30.0,30.0,525,525,0,TRACKING,379.5,185.5,1.414,False
SCN_010,525,17.4667,TGT_003,DECOY_TARGET,true,534.5,217.5,534.5,217.5,0.0,0.0,525,525,0,TRACKING,533.5,216.5,1.414,False
SCN_010,526,17.5,TGT_001,COMMUNICATION_TARGET,true,233.0,120.0,233.0,120.0,30.0,0.0,526,526,0,TRACKING,232.0,119.0,1.414,True
SCN_010,526,17.5,TGT_002,DECOY_TARGET,true,378.5,186.5,378.5,186.5,-60.0,0.0,526,526,0,TRACKING,377.5,185.5,1.414,False
SCN_010,526,17.5,TGT_003,DECOY_TARGET,true,535.5,217.5,535.5,217.5,30.0,0.0,526,526,0,TRACKING,534.5,216.5,1.414,False
SCN_010,527,17.5333,TGT_001,COMMUNICATION_TARGET,true,234.0,119.0,234.0,119.0,30.0,-30.0,527,527,0,TRACKING,233.0,118.0,1.414,True
SCN_010,527,17.5333,TGT_002,DECOY_TARGET,true,377.5,187.5,377.5,187.5,-30.0,30.0,527,527,0,TRACKING,376.5,186.5,1.414,False
SCN_010,527,17.5333,TGT_003,DECOY_TARGET,true,536.5,217.5,536.5,217.5,30.0,0.0,527,527,0,TRACKING,535.5,216.5,1.414,False
SCN_010,528,17.5667,TGT_001,COMMUNICATION_TARGET,true,235.0,118.0,235.0,118.0,30.0,-30.0,528,528,0,TRACKING,234.0,117.0,1.414,True
SCN_010,528,17.5667,TGT_002,DECOY_TARGET,true,375.5,188.5,375.5,188.5,-60.0,30.0,528,528,0,TRACKING,374.5,187.5,1.414,False
SCN_010,528,17.5667,TGT_003,DECOY_TARGET,true,537.5,216.5,537.5,216.5,30.0,-30.0,528,528,0,TRACKING,536.5,215.5,1.414,False
SCN_010,529,17.6,TGT_001,COMMUNICATION_TARGET,true,236.0,118.0,236.0,118.0,30.0,0.0,529,529,0,TRACKING,235.0,117.0,1.414,True
SCN_010,529,17.6,TGT_002,DECOY_TARGET,true,373.5,189.5,373.5,189.5,-60.0,30.0,529,529,0,TRACKING,372.5,188.5,1.414,False
SCN_010,529,17.6,TGT_003,DECOY_TARGET,true,537.5,216.5,537.5,216.5,0.0,0.0,529,529,0,TRACKING,536.5,215.5,1.414,False
SCN_010,530,17.6333,TGT_001,COMMUNICATION_TARGET,true,237.0,117.0,237.0,117.0,30.0,-30.0,530,530,0,TRACKING,236.0,116.0,1.414,True
SCN_010,530,17.6333,TGT_002,DECOY_TARGET,true,372.5,191.5,372.5,191.5,-30.0,60.0,530,530,0,TRACKING,371.5,190.5,1.414,False
SCN_010,530,17.6333,TGT_003,DECOY_TARGET,true,538.5,216.5,538.5,216.5,30.0,0.0,530,530,0,TRACKING,537.5,215.5,1.414,False
SCN_010,531,17.6667,TGT_001,COMMUNICATION_TARGET,true,238.0,116.0,238.0,116.0,30.0,-30.0,531,531,0,TRACKING,237.0,115.0,1.414,True
SCN_010,531,17.6667,TGT_002,DECOY_TARGET,true,370.5,192.5,370.5,192.5,-60.0,30.0,531,531,0,TRACKING,369.5,191.5,1.414,False
SCN_010,531,17.6667,TGT_003,DECOY_TARGET,true,539.5,215.5,539.5,215.5,30.0,-30.0,531,531,0,TRACKING,538.5,214.5,1.414,False
SCN_010,532,17.7,TGT_001,COMMUNICATION_TARGET,true,238.0,116.0,238.0,116.0,0.0,0.0,532,532,0,TRACKING,237.0,115.0,1.414,True
SCN_010,532,17.7,TGT_002,DECOY_TARGET,true,368.5,193.5,368.5,193.5,-60.0,30.0,532,532,0,TRACKING,367.5,192.5,1.414,False
SCN_010,532,17.7,TGT_003,DECOY_TARGET,true,540.5,215.5,540.5,215.5,30.0,0.0,532,532,0,TRACKING,539.5,214.5,1.414,False
SCN_010,533,17.7333,TGT_001,COMMUNICATION_TARGET,true,239.0,115.0,239.0,115.0,30.0,-30.0,533,533,0,TRACKING,238.0,114.0,1.414,True
SCN_010,533,17.7333,TGT_002,DECOY_TARGET,true,367.5,194.5,367.5,194.5,-30.0,30.0,533,533,0,TRACKING,366.5,193.5,1.414,False
SCN_010,533,17.7333,TGT_003,DECOY_TARGET,true,540.5,215.5,540.5,215.5,0.0,0.0,533,533,0,TRACKING,539.5,214.5,1.414,False
SCN_010,534,17.7667,TGT_001,COMMUNICATION_TARGET,true,240.0,114.0,240.0,114.0,30.0,-30.0,534,534,0,TRACKING,239.0,113.0,1.414,True
SCN_010,534,17.7667,TGT_002,DECOY_TARGET,true,365.5,196.5,365.5,196.5,-60.0,60.0,534,534,0,TRACKING,364.5,195.5,1.414,False
SCN_010,534,17.7667,TGT_003,DECOY_TARGET,true,541.5,215.5,541.5,215.5,30.0,0.0,534,534,0,TRACKING,540.5,214.5,1.414,False
SCN_010,535,17.8,TGT_001,COMMUNICATION_TARGET,true,241.0,114.0,241.0,114.0,30.0,0.0,535,535,0,TRACKING,240.0,113.0,1.414,True
SCN_010,535,17.8,TGT_002,DECOY_TARGET,true,363.5,197.5,363.5,197.5,-60.0,30.0,535,535,0,TRACKING,362.5,196.5,1.414,False
SCN_010,535,17.8,TGT_003,DECOY_TARGET,true,542.5,214.5,542.5,214.5,30.0,-30.0,535,535,0,TRACKING,541.5,213.5,1.414,False
SCN_010,536,17.8333,TGT_001,COMMUNICATION_TARGET,true,242.0,113.0,242.0,113.0,30.0,-30.0,536,536,0,TRACKING,241.0,112.0,1.414,True
SCN_010,536,17.8333,TGT_002,DECOY_TARGET,true,362.5,198.5,362.5,198.5,-30.0,30.0,536,536,0,TRACKING,361.5,197.5,1.414,False
SCN_010,536,17.8333,TGT_003,DECOY_TARGET,true,543.5,214.5,543.5,214.5,30.0,0.0,536,536,0,TRACKING,542.5,213.5,1.414,False
SCN_010,537,17.8667,TGT_001,COMMUNICATION_TARGET,true,243.0,113.0,243.0,113.0,30.0,0.0,537,537,0,TRACKING,242.0,112.0,1.414,True
SCN_010,537,17.8667,TGT_002,DECOY_TARGET,true,360.5,200.5,360.5,200.5,-60.0,60.0,537,537,0,TRACKING,359.5,199.5,1.414,False
SCN_010,537,17.8667,TGT_003,DECOY_TARGET,true,543.5,214.5,543.5,214.5,0.0,0.0,537,537,0,TRACKING,542.5,213.5,1.414,False
SCN_010,538,17.9,TGT_001,COMMUNICATION_TARGET,true,244.0,112.0,244.0,112.0,30.0,-30.0,538,538,0,TRACKING,243.0,111.0,1.414,True
SCN_010,538,17.9,TGT_002,DECOY_TARGET,true,358.5,202.5,358.5,202.5,-60.0,60.0,538,538,0,TRACKING,357.5,201.5,1.414,False
SCN_010,538,17.9,TGT_003,DECOY_TARGET,true,544.5,214.5,544.5,214.5,30.0,0.0,538,538,0,TRACKING,543.5,213.5,1.414,False
SCN_010,539,17.9333,TGT_001,COMMUNICATION_TARGET,true,245.0,111.0,245.0,111.0,30.0,-30.0,539,539,0,TRACKING,244.0,110.0,1.414,True
SCN_010,539,17.9333,TGT_002,DECOY_TARGET,true,356.5,203.5,356.5,203.5,-60.0,30.0,539,539,0,TRACKING,355.5,202.5,1.414,False
SCN_010,539,17.9333,TGT_003,DECOY_TARGET,true,545.5,213.5,545.5,213.5,30.0,-30.0,539,539,0,TRACKING,544.5,212.5,1.414,False
SCN_010,540,17.9667,TGT_001,COMMUNICATION_TARGET,true,246.0,111.0,246.0,111.0,30.0,0.0,540,540,0,TRACKING,245.0,110.0,1.414,True
SCN_010,540,17.9667,TGT_002,DECOY_TARGET,true,355.5,205.5,355.5,205.5,-30.0,60.0,540,540,0,TRACKING,354.5,204.5,1.414,False
SCN_010,540,17.9667,TGT_003,DECOY_TARGET,true,546.5,213.5,546.5,213.5,30.0,0.0,540,540,0,TRACKING,545.5,212.5,1.414,False
SCN_010,541,18.0,TGT_001,COMMUNICATION_TARGET,true,247.0,110.0,247.0,110.0,30.0,-30.0,541,541,0,TRACKING,246.0,109.0,1.414,True
SCN_010,541,18.0,TGT_002,DECOY_TARGET,true,353.5,206.5,353.5,206.5,-60.0,30.0,541,541,0,TRACKING,352.5,205.5,1.414,False
SCN_010,541,18.0,TGT_003,DECOY_TARGET,true,546.5,213.5,546.5,213.5,0.0,0.0,541,541,0,TRACKING,545.5,212.5,1.414,False
SCN_010,542,18.0333,TGT_001,COMMUNICATION_TARGET,true,248.0,110.0,248.0,110.0,30.0,0.0,542,542,0,TRACKING,247.0,109.0,1.414,True
SCN_010,542,18.0333,TGT_002,DECOY_TARGET,true,351.5,208.5,351.5,208.5,-60.0,60.0,542,542,0,TRACKING,350.5,207.5,1.414,False
SCN_010,542,18.0333,TGT_003,DECOY_TARGET,true,547.5,212.5,547.5,212.5,30.0,-30.0,542,542,0,TRACKING,546.5,211.5,1.414,False
SCN_010,543,18.0667,TGT_001,COMMUNICATION_TARGET,true,250.0,109.0,250.0,109.0,60.0,-30.0,543,543,0,TRACKING,249.0,108.0,1.414,True
SCN_010,543,18.0667,TGT_002,DECOY_TARGET,true,349.5,210.5,349.5,210.5,-60.0,60.0,543,543,0,TRACKING,348.5,209.5,1.414,False
SCN_010,543,18.0667,TGT_003,DECOY_TARGET,true,548.5,212.5,548.5,212.5,30.0,0.0,543,543,0,TRACKING,547.5,211.5,1.414,False
SCN_010,544,18.1,TGT_001,COMMUNICATION_TARGET,true,251.0,109.0,251.0,109.0,30.0,0.0,544,544,0,TRACKING,250.0,108.0,1.414,True
SCN_010,544,18.1,TGT_002,DECOY_TARGET,true,348.5,212.5,348.5,212.5,-30.0,60.0,544,544,0,TRACKING,347.5,211.5,1.414,False
SCN_010,544,18.1,TGT_003,DECOY_TARGET,true,549.5,212.5,549.5,212.5,30.0,0.0,544,544,0,TRACKING,548.5,211.5,1.414,False
SCN_010,545,18.1333,TGT_001,COMMUNICATION_TARGET,true,252.0,108.0,252.0,108.0,30.0,-30.0,545,545,0,TRACKING,251.0,107.0,1.414,True
SCN_010,545,18.1333,TGT_002,DECOY_TARGET,true,346.5,213.5,346.5,213.5,-60.0,30.0,545,545,0,TRACKING,345.5,212.5,1.414,False
SCN_010,545,18.1333,TGT_003,DECOY_TARGET,true,549.5,212.5,549.5,212.5,0.0,0.0,545,545,0,TRACKING,548.5,211.5,1.414,False
SCN_010,546,18.1667,TGT_001,COMMUNICATION_TARGET,true,253.0,108.0,253.0,108.0,30.0,0.0,546,546,0,TRACKING,252.0,107.0,1.414,True
SCN_010,546,18.1667,TGT_002,DECOY_TARGET,true,344.5,215.5,344.5,215.5,-60.0,60.0,546,546,0,TRACKING,343.5,214.5,1.414,False
SCN_010,546,18.1667,TGT_003,DECOY_TARGET,true,550.5,211.5,550.5,211.5,30.0,-30.0,546,546,0,TRACKING,549.5,210.5,1.414,False
SCN_010,547,18.2,TGT_001,COMMUNICATION_TARGET,true,254.0,107.0,254.0,107.0,30.0,-30.0,547,547,0,TRACKING,253.0,106.0,1.414,True
SCN_010,547,18.2,TGT_002,DECOY_TARGET,true,342.5,217.5,342.5,217.5,-60.0,60.0,547,547,0,TRACKING,341.5,216.5,1.414,False
SCN_010,547,18.2,TGT_003,DECOY_TARGET,true,551.5,211.5,551.5,211.5,30.0,0.0,547,547,0,TRACKING,550.5,210.5,1.414,False
SCN_010,548,18.2333,TGT_001,COMMUNICATION_TARGET,true,255.0,106.0,255.0,106.0,30.0,-30.0,548,548,0,TRACKING,254.0,105.0,1.414,True
SCN_010,548,18.2333,TGT_002,DECOY_TARGET,true,340.5,219.5,340.5,219.5,-60.0,60.0,548,548,0,TRACKING,339.5,218.5,1.414,False
SCN_010,548,18.2333,TGT_003,DECOY_TARGET,true,552.5,211.5,552.5,211.5,30.0,0.0,548,548,0,TRACKING,551.5,210.5,1.414,False
SCN_010,549,18.2667,TGT_001,COMMUNICATION_TARGET,true,256.0,106.0,256.0,106.0,30.0,0.0,549,549,0,TRACKING,255.0,105.0,1.414,True
SCN_010,549,18.2667,TGT_002,DECOY_TARGET,true,338.5,221.5,338.5,221.5,-60.0,60.0,549,549,0,TRACKING,337.5,220.5,1.414,False
SCN_010,549,18.2667,TGT_003,DECOY_TARGET,true,552.5,211.5,552.5,211.5,0.0,0.0,549,549,0,TRACKING,551.5,210.5,1.414,False
SCN_010,550,18.3,TGT_001,COMMUNICATION_TARGET,true,257.0,105.0,257.0,105.0,30.0,-30.0,550,550,0,TRACKING,256.0,104.0,1.414,True
SCN_010,550,18.3,TGT_002,DECOY_TARGET,true,337.5,223.5,337.5,223.5,-30.0,60.0,550,550,0,TRACKING,336.5,222.5,1.414,False
SCN_010,550,18.3,TGT_003,DECOY_TARGET,true,553.5,210.5,553.5,210.5,30.0,-30.0,550,550,0,TRACKING,552.5,209.5,1.414,False
SCN_010,551,18.3333,TGT_001,COMMUNICATION_TARGET,true,258.0,105.0,258.0,105.0,30.0,0.0,551,551,0,TRACKING,257.0,104.0,1.414,True
SCN_010,551,18.3333,TGT_002,DECOY_TARGET,true,335.5,225.5,335.5,225.5,-60.0,60.0,551,551,0,TRACKING,334.5,224.5,1.414,False
SCN_010,551,18.3333,TGT_003,DECOY_TARGET,true,554.5,210.5,554.5,210.5,30.0,0.0,551,551,0,TRACKING,553.5,209.5,1.414,False
SCN_010,552,18.3667,TGT_001,COMMUNICATION_TARGET,true,259.0,104.0,259.0,104.0,30.0,-30.0,552,552,0,TRACKING,258.0,103.0,1.414,True
SCN_010,552,18.3667,TGT_002,DECOY_TARGET,true,333.5,227.5,333.5,227.5,-60.0,60.0,552,552,0,TRACKING,332.5,226.5,1.414,False
SCN_010,552,18.3667,TGT_003,DECOY_TARGET,true,555.5,210.5,555.5,210.5,30.0,0.0,552,552,0,TRACKING,554.5,209.5,1.414,False
SCN_010,553,18.4,TGT_001,COMMUNICATION_TARGET,true,260.0,104.0,260.0,104.0,30.0,0.0,553,553,0,TRACKING,259.0,103.0,1.414,True
SCN_010,553,18.4,TGT_002,DECOY_TARGET,true,331.5,229.5,331.5,229.5,-60.0,60.0,553,553,0,TRACKING,330.5,228.5,1.414,False
SCN_010,553,18.4,TGT_003,DECOY_TARGET,true,555.5,209.5,555.5,209.5,0.0,-30.0,553,553,0,TRACKING,554.5,208.5,1.414,False
SCN_010,554,18.4333,TGT_001,COMMUNICATION_TARGET,true,261.0,104.0,261.0,104.0,30.0,0.0,554,554,0,TRACKING,260.0,103.0,1.414,True
SCN_010,554,18.4333,TGT_002,DECOY_TARGET,true,329.5,231.5,329.5,231.5,-60.0,60.0,554,554,0,TRACKING,328.5,230.5,1.414,False
SCN_010,554,18.4333,TGT_003,DECOY_TARGET,true,556.5,209.5,556.5,209.5,30.0,0.0,554,554,0,TRACKING,555.5,208.5,1.414,False
SCN_010,555,18.4667,TGT_001,COMMUNICATION_TARGET,true,262.0,103.0,262.0,103.0,30.0,-30.0,555,555,0,TRACKING,261.0,102.0,1.414,True
SCN_010,555,18.4667,TGT_002,DECOY_TARGET,true,327.5,233.5,327.5,233.5,-60.0,60.0,555,555,0,TRACKING,326.5,232.5,1.414,False
SCN_010,555,18.4667,TGT_003,DECOY_TARGET,true,557.5,209.5,557.5,209.5,30.0,0.0,555,555,0,TRACKING,556.5,208.5,1.414,False
SCN_010,556,18.5,TGT_001,COMMUNICATION_TARGET,true,263.0,103.0,263.0,103.0,30.0,0.0,556,556,0,TRACKING,262.0,102.0,1.414,True
SCN_010,556,18.5,TGT_002,DECOY_TARGET,true,326.5,235.5,326.5,235.5,-30.0,60.0,556,556,0,TRACKING,325.5,234.5,1.414,False
SCN_010,556,18.5,TGT_003,DECOY_TARGET,true,558.5,209.5,558.5,209.5,30.0,0.0,556,556,0,TRACKING,557.5,208.5,1.414,False
SCN_010,557,18.5333,TGT_001,COMMUNICATION_TARGET,true,264.0,102.0,264.0,102.0,30.0,-30.0,557,557,0,TRACKING,263.0,101.0,1.414,True
SCN_010,557,18.5333,TGT_002,DECOY_TARGET,true,324.5,237.5,324.5,237.5,-60.0,60.0,557,557,0,TRACKING,323.5,236.5,1.414,False
SCN_010,557,18.5333,TGT_003,DECOY_TARGET,true,558.5,208.5,558.5,208.5,0.0,-30.0,557,557,0,TRACKING,557.5,207.5,1.414,False
SCN_010,558,18.5667,TGT_001,COMMUNICATION_TARGET,true,265.0,102.0,265.0,102.0,30.0,0.0,558,558,0,TRACKING,264.0,101.0,1.414,True
SCN_010,558,18.5667,TGT_002,DECOY_TARGET,true,322.5,239.5,322.5,239.5,-60.0,60.0,558,558,0,TRACKING,321.5,238.5,1.414,False
SCN_010,558,18.5667,TGT_003,DECOY_TARGET,true,559.5,208.5,559.5,208.5,30.0,0.0,558,558,0,TRACKING,558.5,207.5,1.414,False
SCN_010,559,18.6,TGT_001,COMMUNICATION_TARGET,true,266.0,101.0,266.0,101.0,30.0,-30.0,559,559,0,TRACKING,265.0,100.0,1.414,True
SCN_010,559,18.6,TGT_002,DECOY_TARGET,true,320.5,241.5,320.5,241.5,-60.0,60.0,559,559,0,TRACKING,319.5,240.5,1.414,False
SCN_010,559,18.6,TGT_003,DECOY_TARGET,true,560.5,208.5,560.5,208.5,30.0,0.0,559,559,0,TRACKING,559.5,207.5,1.414,False
SCN_010,560,18.6333,TGT_001,COMMUNICATION_TARGET,true,268.0,101.0,268.0,101.0,60.0,0.0,560,560,0,TRACKING,267.0,100.0,1.414,True
SCN_010,560,18.6333,TGT_002,DECOY_TARGET,true,318.5,243.5,318.5,243.5,-60.0,60.0,560,560,0,TRACKING,317.5,242.5,1.414,False
SCN_010,560,18.6333,TGT_003,DECOY_TARGET,true,561.5,208.5,561.5,208.5,30.0,0.0,560,560,0,TRACKING,560.5,207.5,1.414,False
SCN_010,561,18.6667,TGT_001,COMMUNICATION_TARGET,true,269.0,100.0,269.0,100.0,30.0,-30.0,561,561,0,TRACKING,268.0,99.0,1.414,True
SCN_010,561,18.6667,TGT_002,DECOY_TARGET,true,316.5,245.5,316.5,245.5,-60.0,60.0,561,561,0,TRACKING,315.5,244.5,1.414,False
SCN_010,561,18.6667,TGT_003,DECOY_TARGET,true,561.5,207.5,561.5,207.5,0.0,-30.0,561,561,0,TRACKING,560.5,206.5,1.414,False
SCN_010,562,18.7,TGT_001,COMMUNICATION_TARGET,true,270.0,100.0,270.0,100.0,30.0,0.0,562,562,0,TRACKING,269.0,99.0,1.414,True
SCN_010,562,18.7,TGT_002,DECOY_TARGET,true,314.5,247.5,314.5,247.5,-60.0,60.0,562,562,0,TRACKING,313.5,246.5,1.414,False
SCN_010,562,18.7,TGT_003,DECOY_TARGET,true,562.5,207.5,562.5,207.5,30.0,0.0,562,562,0,TRACKING,561.5,206.5,1.414,False
SCN_010,563,18.7333,TGT_001,COMMUNICATION_TARGET,true,271.0,100.0,271.0,100.0,30.0,0.0,563,563,0,TRACKING,270.0,99.0,1.414,True
SCN_010,563,18.7333,TGT_002,DECOY_TARGET,true,313.5,249.5,313.5,249.5,-30.0,60.0,563,563,0,TRACKING,312.5,248.5,1.414,False
SCN_010,563,18.7333,TGT_003,DECOY_TARGET,true,563.5,207.5,563.5,207.5,30.0,0.0,563,563,0,TRACKING,562.5,206.5,1.414,False
SCN_010,564,18.7667,TGT_001,COMMUNICATION_TARGET,true,272.0,99.0,272.0,99.0,30.0,-30.0,564,564,0,TRACKING,271.0,98.0,1.414,True
SCN_010,564,18.7667,TGT_002,DECOY_TARGET,true,311.5,251.5,311.5,251.5,-60.0,60.0,564,564,0,TRACKING,310.5,250.5,1.414,False
SCN_010,564,18.7667,TGT_003,DECOY_TARGET,true,564.5,206.5,564.5,206.5,30.0,-30.0,564,564,0,TRACKING,563.5,205.5,1.414,False
SCN_010,565,18.8,TGT_001,COMMUNICATION_TARGET,true,273.0,99.0,273.0,99.0,30.0,0.0,565,565,0,TRACKING,272.0,98.0,1.414,True
SCN_010,565,18.8,TGT_002,DECOY_TARGET,true,309.5,253.5,309.5,253.5,-60.0,60.0,565,565,0,TRACKING,308.5,252.5,1.414,False
SCN_010,565,18.8,TGT_003,DECOY_TARGET,true,564.5,206.5,564.5,206.5,0.0,0.0,565,565,0,TRACKING,563.5,205.5,1.414,False
SCN_010,566,18.8333,TGT_001,COMMUNICATION_TARGET,true,274.0,99.0,274.0,99.0,30.0,0.0,566,566,0,TRACKING,273.0,98.0,1.414,True
SCN_010,566,18.8333,TGT_002,DECOY_TARGET,true,307.5,255.5,307.5,255.5,-60.0,60.0,566,566,0,TRACKING,306.5,254.5,1.414,False
SCN_010,566,18.8333,TGT_003,DECOY_TARGET,true,565.5,206.5,565.5,206.5,30.0,0.0,566,566,0,TRACKING,564.5,205.5,1.414,False
SCN_010,567,18.8667,TGT_001,COMMUNICATION_TARGET,true,275.0,98.0,275.0,98.0,30.0,-30.0,567,567,0,TRACKING,274.0,97.0,1.414,True
SCN_010,567,18.8667,TGT_002,DECOY_TARGET,true,305.5,257.5,305.5,257.5,-60.0,60.0,567,567,0,TRACKING,304.5,256.5,1.414,False
SCN_010,567,18.8667,TGT_003,DECOY_TARGET,true,566.5,206.5,566.5,206.5,30.0,0.0,567,567,0,TRACKING,565.5,205.5,1.414,False
SCN_010,568,18.9,TGT_001,COMMUNICATION_TARGET,true,276.0,98.0,276.0,98.0,30.0,0.0,568,568,0,TRACKING,275.0,97.0,1.414,True
SCN_010,568,18.9,TGT_002,DECOY_TARGET,true,303.5,259.5,303.5,259.5,-60.0,60.0,568,568,0,TRACKING,302.5,258.5,1.414,False
SCN_010,568,18.9,TGT_003,DECOY_TARGET,true,567.5,205.5,567.5,205.5,30.0,-30.0,568,568,0,TRACKING,566.5,204.5,1.414,False
SCN_010,569,18.9333,TGT_001,COMMUNICATION_TARGET,true,277.0,97.0,277.0,97.0,30.0,-30.0,569,569,0,TRACKING,276.0,96.0,1.414,True
SCN_010,569,18.9333,TGT_002,DECOY_TARGET,true,301.5,261.5,301.5,261.5,-60.0,60.0,569,569,0,TRACKING,300.5,260.5,1.414,False
SCN_010,569,18.9333,TGT_003,DECOY_TARGET,true,567.5,205.5,567.5,205.5,0.0,0.0,569,569,0,TRACKING,566.5,204.5,1.414,False
SCN_010,570,18.9667,TGT_001,COMMUNICATION_TARGET,true,279.0,97.0,279.0,97.0,60.0,0.0,570,570,0,TRACKING,278.0,96.0,1.414,True
SCN_010,570,18.9667,TGT_002,DECOY_TARGET,true,300.5,263.5,300.5,263.5,-30.0,60.0,570,570,0,TRACKING,299.5,262.5,1.414,False
SCN_010,570,18.9667,TGT_003,DECOY_TARGET,true,568.5,205.5,568.5,205.5,30.0,0.0,570,570,0,TRACKING,567.5,204.5,1.414,False
SCN_010,571,19.0,TGT_001,COMMUNICATION_TARGET,true,280.0,97.0,280.0,97.0,30.0,0.0,571,571,0,TRACKING,279.0,96.0,1.414,True
SCN_010,571,19.0,TGT_002,DECOY_TARGET,true,298.5,265.5,298.5,265.5,-60.0,60.0,571,571,0,TRACKING,297.5,264.5,1.414,False
SCN_010,571,19.0,TGT_003,DECOY_TARGET,true,569.5,205.5,569.5,205.5,30.0,0.0,571,571,0,TRACKING,568.5,204.5,1.414,False
SCN_010,572,19.0333,TGT_001,COMMUNICATION_TARGET,true,281.0,96.0,281.0,96.0,30.0,-30.0,572,572,0,TRACKING,280.0,95.0,1.414,True
SCN_010,572,19.0333,TGT_002,DECOY_TARGET,true,296.5,267.5,296.5,267.5,-60.0,60.0,572,572,0,TRACKING,295.5,266.5,1.414,False
SCN_010,572,19.0333,TGT_003,DECOY_TARGET,true,570.5,204.5,570.5,204.5,30.0,-30.0,572,572,0,TRACKING,569.5,203.5,1.414,False
SCN_010,573,19.0667,TGT_001,COMMUNICATION_TARGET,true,282.0,96.0,282.0,96.0,30.0,0.0,573,573,0,TRACKING,281.0,95.0,1.414,True
SCN_010,573,19.0667,TGT_002,DECOY_TARGET,true,294.5,269.5,294.5,269.5,-60.0,60.0,573,573,0,TRACKING,293.5,268.5,1.414,False
SCN_010,573,19.0667,TGT_003,DECOY_TARGET,true,571.5,204.5,571.5,204.5,30.0,0.0,573,573,0,TRACKING,570.5,203.5,1.414,False
SCN_010,574,19.1,TGT_001,COMMUNICATION_TARGET,true,283.0,96.0,283.0,96.0,30.0,0.0,574,574,0,TRACKING,282.0,95.0,1.414,True
SCN_010,574,19.1,TGT_002,DECOY_TARGET,true,292.5,270.5,292.5,270.5,-60.0,30.0,574,574,0,TRACKING,291.5,269.5,1.414,False
SCN_010,574,19.1,TGT_003,DECOY_TARGET,true,571.5,204.5,571.5,204.5,0.0,0.0,574,574,0,TRACKING,570.5,203.5,1.414,False
SCN_010,575,19.1333,TGT_001,COMMUNICATION_TARGET,true,284.0,96.0,284.0,96.0,30.0,0.0,575,575,0,TRACKING,283.0,95.0,1.414,True
SCN_010,575,19.1333,TGT_002,DECOY_TARGET,true,291.5,272.5,291.5,272.5,-30.0,60.0,575,575,0,TRACKING,290.5,271.5,1.414,False
SCN_010,575,19.1333,TGT_003,DECOY_TARGET,true,572.5,203.5,572.5,203.5,30.0,-30.0,575,575,0,TRACKING,571.5,202.5,1.414,False
SCN_010,576,19.1667,TGT_001,COMMUNICATION_TARGET,true,285.0,95.0,285.0,95.0,30.0,-30.0,576,576,0,TRACKING,284.0,94.0,1.414,True
SCN_010,576,19.1667,TGT_002,DECOY_TARGET,true,289.5,274.5,289.5,274.5,-60.0,60.0,576,576,0,TRACKING,288.5,273.5,1.414,False
SCN_010,576,19.1667,TGT_003,DECOY_TARGET,true,573.5,203.5,573.5,203.5,30.0,0.0,576,576,0,TRACKING,572.5,202.5,1.414,False
SCN_010,577,19.2,TGT_001,COMMUNICATION_TARGET,true,286.0,95.0,286.0,95.0,30.0,0.0,577,577,0,TRACKING,285.0,94.0,1.414,True
SCN_010,577,19.2,TGT_002,DECOY_TARGET,true,287.5,276.5,287.5,276.5,-60.0,60.0,577,577,0,TRACKING,286.5,275.5,1.414,False
SCN_010,577,19.2,TGT_003,DECOY_TARGET,true,574.5,203.5,574.5,203.5,30.0,0.0,577,577,0,TRACKING,573.5,202.5,1.414,False
SCN_010,578,19.2333,TGT_001,COMMUNICATION_TARGET,true,288.0,95.0,288.0,95.0,60.0,0.0,578,578,0,TRACKING,287.0,94.0,1.414,True
SCN_010,578,19.2333,TGT_002,DECOY_TARGET,true,285.5,277.5,285.5,277.5,-60.0,30.0,578,578,0,TRACKING,284.5,276.5,1.414,False
SCN_010,578,19.2333,TGT_003,DECOY_TARGET,true,574.5,203.5,574.5,203.5,0.0,0.0,578,578,0,TRACKING,573.5,202.5,1.414,False
SCN_010,579,19.2667,TGT_001,COMMUNICATION_TARGET,true,289.0,95.0,289.0,95.0,30.0,0.0,579,579,0,TRACKING,288.0,94.0,1.414,True
SCN_010,579,19.2667,TGT_002,DECOY_TARGET,true,284.5,279.5,284.5,279.5,-30.0,60.0,579,579,0,TRACKING,283.5,278.5,1.414,False
SCN_010,579,19.2667,TGT_003,DECOY_TARGET,true,575.5,202.5,575.5,202.5,30.0,-30.0,579,579,0,TRACKING,574.5,201.5,1.414,False
SCN_010,580,19.3,TGT_001,COMMUNICATION_TARGET,true,290.0,94.0,290.0,94.0,30.0,-30.0,580,580,0,TRACKING,289.0,93.0,1.414,True
SCN_010,580,19.3,TGT_002,DECOY_TARGET,true,282.5,280.5,282.5,280.5,-60.0,30.0,580,580,0,TRACKING,281.5,279.5,1.414,False
SCN_010,580,19.3,TGT_003,DECOY_TARGET,true,576.5,202.5,576.5,202.5,30.0,0.0,580,580,0,TRACKING,575.5,201.5,1.414,False
SCN_010,581,19.3333,TGT_001,COMMUNICATION_TARGET,true,291.0,94.0,291.0,94.0,30.0,0.0,581,581,0,TRACKING,290.0,93.0,1.414,True
SCN_010,581,19.3333,TGT_002,DECOY_TARGET,true,280.5,282.5,280.5,282.5,-60.0,60.0,581,581,0,TRACKING,279.5,281.5,1.414,False
SCN_010,581,19.3333,TGT_003,DECOY_TARGET,true,577.5,202.5,577.5,202.5,30.0,0.0,581,581,0,TRACKING,576.5,201.5,1.414,False
SCN_010,582,19.3667,TGT_001,COMMUNICATION_TARGET,true,292.0,94.0,292.0,94.0,30.0,0.0,582,582,0,TRACKING,291.0,93.0,1.414,True
SCN_010,582,19.3667,TGT_002,DECOY_TARGET,true,278.5,283.5,278.5,283.5,-60.0,30.0,582,582,0,TRACKING,277.5,282.5,1.414,False
SCN_010,582,19.3667,TGT_003,DECOY_TARGET,true,577.5,202.5,577.5,202.5,0.0,0.0,582,582,0,TRACKING,576.5,201.5,1.414,False
SCN_010,583,19.4,TGT_001,COMMUNICATION_TARGET,true,293.0,94.0,293.0,94.0,30.0,0.0,583,583,0,TRACKING,292.0,93.0,1.414,True
SCN_010,583,19.4,TGT_002,DECOY_TARGET,true,277.5,285.5,277.5,285.5,-30.0,60.0,583,583,0,TRACKING,276.5,284.5,1.414,False
SCN_010,583,19.4,TGT_003,DECOY_TARGET,true,578.5,201.5,578.5,201.5,30.0,-30.0,583,583,0,TRACKING,577.5,200.5,1.414,False
SCN_010,584,19.4333,TGT_001,COMMUNICATION_TARGET,true,294.0,93.0,294.0,93.0,30.0,-30.0,584,584,0,TRACKING,293.0,92.0,1.414,True
SCN_010,584,19.4333,TGT_002,DECOY_TARGET,true,275.5,286.5,275.5,286.5,-60.0,30.0,584,584,0,TRACKING,274.5,285.5,1.414,False
SCN_010,584,19.4333,TGT_003,DECOY_TARGET,true,579.5,201.5,579.5,201.5,30.0,0.0,584,584,0,TRACKING,578.5,200.5,1.414,False
SCN_010,585,19.4667,TGT_001,COMMUNICATION_TARGET,true,296.0,93.0,296.0,93.0,60.0,0.0,585,585,0,TRACKING,295.0,92.0,1.414,True
SCN_010,585,19.4667,TGT_002,DECOY_TARGET,true,273.5,287.5,273.5,287.5,-60.0,30.0,585,585,0,TRACKING,272.5,286.5,1.414,False
SCN_010,585,19.4667,TGT_003,DECOY_TARGET,true,580.5,201.5,580.5,201.5,30.0,0.0,585,585,0,TRACKING,579.5,200.5,1.414,False
SCN_010,586,19.5,TGT_001,COMMUNICATION_TARGET,true,297.0,93.0,297.0,93.0,30.0,0.0,586,586,0,TRACKING,296.0,92.0,1.414,True
SCN_010,586,19.5,TGT_002,DECOY_TARGET,true,272.5,289.5,272.5,289.5,-30.0,60.0,586,586,0,TRACKING,271.5,288.5,1.414,False
SCN_010,586,19.5,TGT_003,DECOY_TARGET,true,580.5,200.5,580.5,200.5,0.0,-30.0,586,586,0,TRACKING,579.5,199.5,1.414,False
SCN_010,587,19.5333,TGT_001,COMMUNICATION_TARGET,true,298.0,93.0,298.0,93.0,30.0,0.0,587,587,0,TRACKING,297.0,92.0,1.414,True
SCN_010,587,19.5333,TGT_002,DECOY_TARGET,true,270.5,290.5,270.5,290.5,-60.0,30.0,587,587,0,TRACKING,269.5,289.5,1.414,False
SCN_010,587,19.5333,TGT_003,DECOY_TARGET,true,581.5,200.5,581.5,200.5,30.0,0.0,587,587,0,TRACKING,580.5,199.5,1.414,False
SCN_010,588,19.5667,TGT_001,COMMUNICATION_TARGET,true,299.0,93.0,299.0,93.0,30.0,0.0,588,588,0,TRACKING,298.0,92.0,1.414,True
SCN_010,588,19.5667,TGT_002,DECOY_TARGET,true,268.5,291.5,268.5,291.5,-60.0,30.0,588,588,0,TRACKING,267.5,290.5,1.414,False
SCN_010,588,19.5667,TGT_003,DECOY_TARGET,true,582.5,200.5,582.5,200.5,30.0,0.0,588,588,0,TRACKING,581.5,199.5,1.414,False
SCN_010,589,19.6,TGT_001,COMMUNICATION_TARGET,true,300.0,92.0,300.0,92.0,30.0,-30.0,589,589,0,TRACKING,299.0,91.0,1.414,True
SCN_010,589,19.6,TGT_002,DECOY_TARGET,true,267.5,292.5,267.5,292.5,-30.0,30.0,589,589,0,TRACKING,266.5,291.5,1.414,False
SCN_010,589,19.6,TGT_003,DECOY_TARGET,true,583.5,200.5,583.5,200.5,30.0,0.0,589,589,0,TRACKING,582.5,199.5,1.414,False
SCN_010,590,19.6333,TGT_001,COMMUNICATION_TARGET,true,301.0,92.0,301.0,92.0,30.0,0.0,590,590,0,TRACKING,300.0,91.0,1.414,True
SCN_010,590,19.6333,TGT_002,DECOY_TARGET,true,265.5,293.5,265.5,293.5,-60.0,30.0,590,590,0,TRACKING,264.5,292.5,1.414,False
SCN_010,590,19.6333,TGT_003,DECOY_TARGET,true,583.5,199.5,583.5,199.5,0.0,-30.0,590,590,0,TRACKING,582.5,198.5,1.414,False
SCN_010,591,19.6667,TGT_001,COMMUNICATION_TARGET,true,303.0,92.0,303.0,92.0,60.0,0.0,591,591,0,TRACKING,302.0,91.0,1.414,True
SCN_010,591,19.6667,TGT_002,DECOY_TARGET,true,263.5,294.5,263.5,294.5,-60.0,30.0,591,591,0,TRACKING,262.5,293.5,1.414,False
SCN_010,591,19.6667,TGT_003,DECOY_TARGET,true,584.5,199.5,584.5,199.5,30.0,0.0,591,591,0,TRACKING,583.5,198.5,1.414,False
SCN_010,592,19.7,TGT_001,COMMUNICATION_TARGET,true,304.0,92.0,304.0,92.0,30.0,0.0,592,592,0,TRACKING,303.0,91.0,1.414,True
SCN_010,592,19.7,TGT_002,DECOY_TARGET,true,262.5,295.5,262.5,295.5,-30.0,30.0,592,592,0,TRACKING,261.5,294.5,1.414,False
SCN_010,592,19.7,TGT_003,DECOY_TARGET,true,585.5,199.5,585.5,199.5,30.0,0.0,592,592,0,TRACKING,584.5,198.5,1.414,False
SCN_010,593,19.7333,TGT_001,COMMUNICATION_TARGET,true,305.0,92.0,305.0,92.0,30.0,0.0,593,593,0,TRACKING,304.0,91.0,1.414,True
SCN_010,593,19.7333,TGT_002,DECOY_TARGET,true,260.5,296.5,260.5,296.5,-60.0,30.0,593,593,0,TRACKING,259.5,295.5,1.414,False
SCN_010,593,19.7333,TGT_003,DECOY_TARGET,true,586.5,199.5,586.5,199.5,30.0,0.0,593,593,0,TRACKING,585.5,198.5,1.414,False
SCN_010,594,19.7667,TGT_001,COMMUNICATION_TARGET,true,306.0,92.0,306.0,92.0,30.0,0.0,594,594,0,TRACKING,305.0,91.0,1.414,True
SCN_010,594,19.7667,TGT_002,DECOY_TARGET,true,259.5,297.5,259.5,297.5,-30.0,30.0,594,594,0,TRACKING,258.5,296.5,1.414,False
SCN_010,594,19.7667,TGT_003,DECOY_TARGET,true,586.5,198.5,586.5,198.5,0.0,-30.0,594,594,0,TRACKING,585.5,197.5,1.414,False
SCN_010,595,19.8,TGT_001,COMMUNICATION_TARGET,true,307.0,92.0,307.0,92.0,30.0,0.0,595,595,0,TRACKING,306.0,91.0,1.414,True
SCN_010,595,19.8,TGT_002,DECOY_TARGET,true,257.5,297.5,257.5,297.5,-60.0,0.0,595,595,0,TRACKING,256.5,296.5,1.414,False
SCN_010,595,19.8,TGT_003,DECOY_TARGET,true,587.5,198.5,587.5,198.5,30.0,0.0,595,595,0,TRACKING,586.5,197.5,1.414,False
SCN_010,596,19.8333,TGT_001,COMMUNICATION_TARGET,true,308.0,92.0,308.0,92.0,30.0,0.0,596,596,0,TRACKING,307.0,91.0,1.414,True
SCN_010,596,19.8333,TGT_002,DECOY_TARGET,true,256.5,298.5,256.5,298.5,-30.0,30.0,596,596,0,TRACKING,255.5,297.5,1.414,False
SCN_010,596,19.8333,TGT_003,DECOY_TARGET,true,588.5,198.5,588.5,198.5,30.0,0.0,596,596,0,TRACKING,587.5,197.5,1.414,False
SCN_010,597,19.8667,TGT_001,COMMUNICATION_TARGET,true,309.0,91.0,309.0,91.0,30.0,-30.0,597,597,0,TRACKING,308.0,90.0,1.414,True
SCN_010,597,19.8667,TGT_002,DECOY_TARGET,true,254.5,299.5,254.5,299.5,-60.0,30.0,597,597,0,TRACKING,253.5,298.5,1.414,False
SCN_010,597,19.8667,TGT_003,DECOY_TARGET,true,589.5,197.5,589.5,197.5,30.0,-30.0,597,597,0,TRACKING,588.5,196.5,1.414,False
SCN_010,598,19.9,TGT_001,COMMUNICATION_TARGET,true,311.0,91.0,311.0,91.0,60.0,0.0,598,598,0,TRACKING,310.0,90.0,1.414,True
SCN_010,598,19.9,TGT_002,DECOY_TARGET,true,253.5,299.5,253.5,299.5,-30.0,0.0,598,598,0,TRACKING,252.5,298.5,1.414,False
SCN_010,598,19.9,TGT_003,DECOY_TARGET,true,589.5,197.5,589.5,197.5,0.0,0.0,598,598,0,TRACKING,588.5,196.5,1.414,False
SCN_010,599,19.9333,TGT_001,COMMUNICATION_TARGET,true,312.0,91.0,312.0,91.0,30.0,0.0,599,599,0,TRACKING,311.0,90.0,1.414,True
SCN_010,599,19.9333,TGT_002,DECOY_TARGET,true,251.5,300.5,251.5,300.5,-60.0,30.0,599,599,0,TRACKING,250.5,299.5,1.414,False
SCN_010,599,19.9333,TGT_003,DECOY_TARGET,true,590.5,197.5,590.5,197.5,30.0,0.0,599,599,0,TRACKING,589.5,196.5,1.414,False
SCN_010,600,19.9667,TGT_001,COMMUNICATION_TARGET,true,313.0,91.0,313.0,91.0,30.0,0.0,600,600,0,TRACKING,312.0,90.0,1.414,True
SCN_010,600,19.9667,TGT_002,DECOY_TARGET,true,250.5,300.5,250.5,300.5,-30.0,0.0,600,600,0,TRACKING,249.5,299.5,1.414,False
SCN_010,600,19.9667,TGT_003,DECOY_TARGET,true,591.5,197.5,591.5,197.5,30.0,0.0,600,600,0,TRACKING,590.5,196.5,1.414,False
SCN_010,601,20.0,TGT_001,COMMUNICATION_TARGET,true,314.0,91.0,314.0,91.0,30.0,0.0,601,601,0,TRACKING,313.0,90.0,1.414,True
SCN_010,601,20.0,TGT_002,DECOY_TARGET,true,248.5,300.5,248.5,300.5,-60.0,0.0,601,601,0,TRACKING,247.5,299.5,1.414,False
SCN_010,601,20.0,TGT_003,DECOY_TARGET,true,592.5,196.5,592.5,196.5,30.0,-30.0,601,601,0,TRACKING,591.5,195.5,1.414,False
SCN_010,602,20.0333,TGT_001,COMMUNICATION_TARGET,true,315.0,91.0,315.0,91.0,30.0,0.0,602,602,0,TRACKING,314.0,90.0,1.414,True
SCN_010,602,20.0333,TGT_002,DECOY_TARGET,true,247.5,301.5,247.5,301.5,-30.0,30.0,602,602,0,TRACKING,246.5,300.5,1.414,False
SCN_010,602,20.0333,TGT_003,DECOY_TARGET,true,592.5,196.5,592.5,196.5,0.0,0.0,602,602,0,TRACKING,591.5,195.5,1.414,False
SCN_010,603,20.0667,TGT_001,COMMUNICATION_TARGET,true,316.0,91.0,316.0,91.0,30.0,0.0,603,603,0,TRACKING,315.0,90.0,1.414,True
SCN_010,603,20.0667,TGT_002,DECOY_TARGET,true,246.5,301.5,246.5,301.5,-30.0,0.0,603,603,0,TRACKING,245.5,300.5,1.414,False
SCN_010,603,20.0667,TGT_003,DECOY_TARGET,true,593.5,196.5,593.5,196.5,30.0,0.0,603,603,0,TRACKING,592.5,195.5,1.414,False
SCN_010,604,20.1,TGT_001,COMMUNICATION_TARGET,true,318.0,91.0,318.0,91.0,60.0,0.0,604,604,0,TRACKING,317.0,90.0,1.414,True
SCN_010,604,20.1,TGT_002,DECOY_TARGET,true,244.5,301.5,244.5,301.5,-60.0,0.0,604,604,0,TRACKING,243.5,300.5,1.414,False
SCN_010,604,20.1,TGT_003,DECOY_TARGET,true,594.5,196.5,594.5,196.5,30.0,0.0,604,604,0,TRACKING,593.5,195.5,1.414,False
SCN_010,605,20.1333,TGT_001,COMMUNICATION_TARGET,true,319.0,91.0,319.0,91.0,30.0,0.0,605,605,0,TRACKING,318.0,90.0,1.414,True
SCN_010,605,20.1333,TGT_002,DECOY_TARGET,true,243.5,301.5,243.5,301.5,-30.0,0.0,605,605,0,TRACKING,242.5,300.5,1.414,False
SCN_010,605,20.1333,TGT_003,DECOY_TARGET,true,595.5,195.5,595.5,195.5,30.0,-30.0,605,605,0,TRACKING,594.5,194.5,1.414,False
SCN_010,606,20.1667,TGT_001,COMMUNICATION_TARGET,true,320.0,91.0,320.0,91.0,30.0,0.0,606,606,0,TRACKING,319.0,90.0,1.414,True
SCN_010,606,20.1667,TGT_002,DECOY_TARGET,true,242.5,301.5,242.5,301.5,-30.0,0.0,606,606,0,TRACKING,241.5,300.5,1.414,False
SCN_010,606,20.1667,TGT_003,DECOY_TARGET,true,595.5,195.5,595.5,195.5,0.0,0.0,606,606,0,TRACKING,594.5,194.5,1.414,False
SCN_010,607,20.2,TGT_001,COMMUNICATION_TARGET,true,321.0,91.0,321.0,91.0,30.0,0.0,607,607,0,TRACKING,320.0,90.0,1.414,True
SCN_010,607,20.2,TGT_002,DECOY_TARGET,true,240.5,301.5,240.5,301.5,-60.0,0.0,607,607,0,TRACKING,239.5,300.5,1.414,False
SCN_010,607,20.2,TGT_003,DECOY_TARGET,true,596.5,195.5,596.5,195.5,30.0,0.0,607,607,0,TRACKING,595.5,194.5,1.414,False
SCN_010,608,20.2333,TGT_001,COMMUNICATION_TARGET,true,322.0,91.0,322.0,91.0,30.0,0.0,608,608,0,TRACKING,321.0,90.0,1.414,True
SCN_010,608,20.2333,TGT_002,DECOY_TARGET,true,239.5,301.5,239.5,301.5,-30.0,0.0,608,608,0,TRACKING,238.5,300.5,1.414,False
SCN_010,608,20.2333,TGT_003,DECOY_TARGET,true,597.5,194.5,597.5,194.5,30.0,-30.0,608,608,0,TRACKING,596.5,193.5,1.414,False
SCN_010,609,20.2667,TGT_001,COMMUNICATION_TARGET,true,323.0,91.0,323.0,91.0,30.0,0.0,609,609,0,TRACKING,322.0,90.0,1.414,True
SCN_010,609,20.2667,TGT_002,DECOY_TARGET,true,238.5,300.5,238.5,300.5,-30.0,-30.0,609,609,0,TRACKING,237.5,299.5,1.414,False
SCN_010,609,20.2667,TGT_003,DECOY_TARGET,true,598.5,194.5,598.5,194.5,30.0,0.0,609,609,0,TRACKING,597.5,193.5,1.414,False
SCN_010,610,20.3,TGT_001,COMMUNICATION_TARGET,true,325.0,91.0,325.0,91.0,60.0,0.0,610,610,0,TRACKING,324.0,90.0,1.414,True
SCN_010,610,20.3,TGT_002,DECOY_TARGET,true,237.5,300.5,237.5,300.5,-30.0,0.0,610,610,0,TRACKING,236.5,299.5,1.414,False
SCN_010,610,20.3,TGT_003,DECOY_TARGET,true,598.5,194.5,598.5,194.5,0.0,0.0,610,610,0,TRACKING,597.5,193.5,1.414,False
SCN_010,611,20.3333,TGT_001,COMMUNICATION_TARGET,true,326.0,91.0,326.0,91.0,30.0,0.0,611,611,0,TRACKING,325.0,90.0,1.414,True
SCN_010,611,20.3333,TGT_002,DECOY_TARGET,true,235.5,300.5,235.5,300.5,-60.0,0.0,611,611,0,TRACKING,234.5,299.5,1.414,False
SCN_010,611,20.3333,TGT_003,DECOY_TARGET,true,599.5,194.5,599.5,194.5,30.0,0.0,611,611,0,TRACKING,598.5,193.5,1.414,False
SCN_010,612,20.3667,TGT_001,COMMUNICATION_TARGET,true,327.0,91.0,327.0,91.0,30.0,0.0,612,612,0,TRACKING,326.0,90.0,1.414,True
SCN_010,612,20.3667,TGT_002,DECOY_TARGET,true,234.5,299.5,234.5,299.5,-30.0,-30.0,612,612,0,TRACKING,233.5,298.5,1.414,False
SCN_010,612,20.3667,TGT_003,DECOY_TARGET,true,600.5,193.5,600.5,193.5,30.0,-30.0,612,612,0,TRACKING,599.5,192.5,1.414,False
SCN_010,613,20.4,TGT_001,COMMUNICATION_TARGET,true,328.0,91.0,328.0,91.0,30.0,0.0,613,613,0,TRACKING,327.0,90.0,1.414,True
SCN_010,613,20.4,TGT_002,DECOY_TARGET,true,233.5,299.5,233.5,299.5,-30.0,0.0,613,613,0,TRACKING,232.5,298.5,1.414,False
SCN_010,613,20.4,TGT_003,DECOY_TARGET,true,601.5,193.5,601.5,193.5,30.0,0.0,613,613,0,TRACKING,600.5,192.5,1.414,False
SCN_010,614,20.4333,TGT_001,COMMUNICATION_TARGET,true,329.0,91.0,329.0,91.0,30.0,0.0,614,614,0,TRACKING,328.0,90.0,1.414,True
SCN_010,614,20.4333,TGT_002,DECOY_TARGET,true,232.5,298.5,232.5,298.5,-30.0,-30.0,614,614,0,TRACKING,231.5,297.5,1.414,False
SCN_010,614,20.4333,TGT_003,DECOY_TARGET,true,601.5,193.5,601.5,193.5,0.0,0.0,614,614,0,TRACKING,600.5,192.5,1.414,False
SCN_010,615,20.4667,TGT_001,COMMUNICATION_TARGET,true,330.0,91.0,330.0,91.0,30.0,0.0,615,615,0,TRACKING,329.0,90.0,1.414,True
SCN_010,615,20.4667,TGT_002,DECOY_TARGET,true,231.5,298.5,231.5,298.5,-30.0,0.0,615,615,0,TRACKING,230.5,297.5,1.414,False
SCN_010,615,20.4667,TGT_003,DECOY_TARGET,true,602.5,192.5,602.5,192.5,30.0,-30.0,615,615,0,TRACKING,601.5,191.5,1.414,False
SCN_010,616,20.5,TGT_001,COMMUNICATION_TARGET,true,332.0,91.0,332.0,91.0,60.0,0.0,616,616,0,TRACKING,331.0,90.0,1.414,True
SCN_010,616,20.5,TGT_002,DECOY_TARGET,true,230.5,297.5,230.5,297.5,-30.0,-30.0,616,616,0,TRACKING,229.5,296.5,1.414,False
SCN_010,616,20.5,TGT_003,DECOY_TARGET,true,603.5,192.5,603.5,192.5,30.0,0.0,616,616,0,TRACKING,602.5,191.5,1.414,False
SCN_010,617,20.5333,TGT_001,COMMUNICATION_TARGET,true,333.0,91.0,333.0,91.0,30.0,0.0,617,617,0,TRACKING,332.0,90.0,1.414,True
SCN_010,617,20.5333,TGT_002,DECOY_TARGET,true,229.5,296.5,229.5,296.5,-30.0,-30.0,617,617,0,TRACKING,228.5,295.5,1.414,False
SCN_010,617,20.5333,TGT_003,DECOY_TARGET,true,604.5,192.5,604.5,192.5,30.0,0.0,617,617,0,TRACKING,603.5,191.5,1.414,False
SCN_010,618,20.5667,TGT_001,COMMUNICATION_TARGET,true,334.0,92.0,334.0,92.0,30.0,30.0,618,618,0,TRACKING,333.0,91.0,1.414,True
SCN_010,618,20.5667,TGT_002,DECOY_TARGET,true,228.5,295.5,228.5,295.5,-30.0,-30.0,618,618,0,TRACKING,227.5,294.5,1.414,False
SCN_010,618,20.5667,TGT_003,DECOY_TARGET,true,604.5,192.5,604.5,192.5,0.0,0.0,618,618,0,TRACKING,603.5,191.5,1.414,False
SCN_010,619,20.6,TGT_001,COMMUNICATION_TARGET,true,335.0,92.0,335.0,92.0,30.0,0.0,619,619,0,TRACKING,334.0,91.0,1.414,True
SCN_010,619,20.6,TGT_002,DECOY_TARGET,true,227.5,295.5,227.5,295.5,-30.0,0.0,619,619,0,TRACKING,226.5,294.5,1.414,False
SCN_010,619,20.6,TGT_003,DECOY_TARGET,true,605.5,191.5,605.5,191.5,30.0,-30.0,619,619,0,TRACKING,604.5,190.5,1.414,False
SCN_010,620,20.6333,TGT_001,COMMUNICATION_TARGET,true,336.0,92.0,336.0,92.0,30.0,0.0,620,620,0,TRACKING,335.0,91.0,1.414,True
SCN_010,620,20.6333,TGT_002,DECOY_TARGET,true,226.5,294.5,226.5,294.5,-30.0,-30.0,620,620,0,TRACKING,225.5,293.5,1.414,False
SCN_010,620,20.6333,TGT_003,DECOY_TARGET,true,606.5,191.5,606.5,191.5,30.0,0.0,620,620,0,TRACKING,605.5,190.5,1.414,False
SCN_010,621,20.6667,TGT_001,COMMUNICATION_TARGET,true,337.0,92.0,337.0,92.0,30.0,0.0,621,621,0,TRACKING,336.0,91.0,1.414,True
SCN_010,621,20.6667,TGT_002,DECOY_TARGET,true,225.5,293.5,225.5,293.5,-30.0,-30.0,621,621,0,TRACKING,224.5,292.5,1.414,False
SCN_010,621,20.6667,TGT_003,DECOY_TARGET,true,607.5,191.5,607.5,191.5,30.0,0.0,621,621,0,TRACKING,606.5,190.5,1.414,False
SCN_010,622,20.7,TGT_001,COMMUNICATION_TARGET,true,339.0,92.0,339.0,92.0,60.0,0.0,622,622,0,TRACKING,338.0,91.0,1.414,True
SCN_010,622,20.7,TGT_002,DECOY_TARGET,true,224.5,291.5,224.5,291.5,-30.0,-60.0,622,622,0,TRACKING,223.5,290.5,1.414,False
SCN_010,622,20.7,TGT_003,DECOY_TARGET,true,607.5,191.5,607.5,191.5,0.0,0.0,622,622,0,TRACKING,606.5,190.5,1.414,False
SCN_010,623,20.7333,TGT_001,COMMUNICATION_TARGET,true,340.0,92.0,340.0,92.0,30.0,0.0,623,623,0,TRACKING,339.0,91.0,1.414,True
SCN_010,623,20.7333,TGT_002,DECOY_TARGET,true,223.5,290.5,223.5,290.5,-30.0,-30.0,623,623,0,TRACKING,222.5,289.5,1.414,False
SCN_010,623,20.7333,TGT_003,DECOY_TARGET,true,608.5,190.5,608.5,190.5,30.0,-30.0,623,623,0,TRACKING,607.5,189.5,1.414,False
SCN_010,624,20.7667,TGT_001,COMMUNICATION_TARGET,true,341.0,92.0,341.0,92.0,30.0,0.0,624,624,0,TRACKING,340.0,91.0,1.414,True
SCN_010,624,20.7667,TGT_002,DECOY_TARGET,true,222.5,289.5,222.5,289.5,-30.0,-30.0,624,624,0,TRACKING,221.5,288.5,1.414,False
SCN_010,624,20.7667,TGT_003,DECOY_TARGET,true,609.5,190.5,609.5,190.5,30.0,0.0,624,624,0,TRACKING,608.5,189.5,1.414,False
SCN_010,625,20.8,TGT_001,COMMUNICATION_TARGET,true,342.0,92.0,342.0,92.0,30.0,0.0,625,625,0,TRACKING,341.0,91.0,1.414,True
SCN_010,625,20.8,TGT_002,DECOY_TARGET,true,221.5,288.5,221.5,288.5,-30.0,-30.0,625,625,0,TRACKING,220.5,287.5,1.414,False
SCN_010,625,20.8,TGT_003,DECOY_TARGET,true,610.5,190.5,610.5,190.5,30.0,0.0,625,625,0,TRACKING,609.5,189.5,1.414,False
SCN_010,626,20.8333,TGT_001,COMMUNICATION_TARGET,true,343.0,93.0,343.0,93.0,30.0,30.0,626,626,0,TRACKING,342.0,92.0,1.414,True
SCN_010,626,20.8333,TGT_002,DECOY_TARGET,true,221.5,287.5,221.5,287.5,0.0,-30.0,626,626,0,TRACKING,220.5,286.5,1.414,False
SCN_010,626,20.8333,TGT_003,DECOY_TARGET,true,610.5,189.5,610.5,189.5,0.0,-30.0,626,626,0,TRACKING,609.5,188.5,1.414,False
SCN_010,627,20.8667,TGT_001,COMMUNICATION_TARGET,true,344.0,93.0,344.0,93.0,30.0,0.0,627,627,0,TRACKING,343.0,92.0,1.414,True
SCN_010,627,20.8667,TGT_002,DECOY_TARGET,true,220.5,285.5,220.5,285.5,-30.0,-60.0,627,627,0,TRACKING,219.5,284.5,1.414,False
SCN_010,627,20.8667,TGT_003,DECOY_TARGET,true,611.5,189.5,611.5,189.5,30.0,0.0,627,627,0,TRACKING,610.5,188.5,1.414,False
SCN_010,628,20.9,TGT_001,COMMUNICATION_TARGET,true,346.0,93.0,346.0,93.0,60.0,0.0,628,628,0,TRACKING,345.0,92.0,1.414,True
SCN_010,628,20.9,TGT_002,DECOY_TARGET,true,219.5,284.5,219.5,284.5,-30.0,-30.0,628,628,0,TRACKING,218.5,283.5,1.414,False
SCN_010,628,20.9,TGT_003,DECOY_TARGET,true,612.5,189.5,612.5,189.5,30.0,0.0,628,628,0,TRACKING,611.5,188.5,1.414,False
SCN_010,629,20.9333,TGT_001,COMMUNICATION_TARGET,true,347.0,93.0,347.0,93.0,30.0,0.0,629,629,0,TRACKING,346.0,92.0,1.414,True
SCN_010,629,20.9333,TGT_002,DECOY_TARGET,true,218.5,282.5,218.5,282.5,-30.0,-60.0,629,629,0,TRACKING,217.5,281.5,1.414,False
SCN_010,629,20.9333,TGT_003,DECOY_TARGET,true,613.5,189.5,613.5,189.5,30.0,0.0,629,629,0,TRACKING,612.5,188.5,1.414,False
SCN_010,630,20.9667,TGT_001,COMMUNICATION_TARGET,true,348.0,93.0,348.0,93.0,30.0,0.0,630,630,0,TRACKING,347.0,92.0,1.414,True
SCN_010,630,20.9667,TGT_002,DECOY_TARGET,true,218.5,281.5,218.5,281.5,0.0,-30.0,630,630,0,TRACKING,217.5,280.5,1.414,False
SCN_010,630,20.9667,TGT_003,DECOY_TARGET,true,613.5,188.5,613.5,188.5,0.0,-30.0,630,630,0,TRACKING,612.5,187.5,1.414,False
SCN_010,631,21.0,TGT_001,COMMUNICATION_TARGET,true,349.0,94.0,349.0,94.0,30.0,30.0,631,631,0,TRACKING,348.0,93.0,1.414,True
SCN_010,631,21.0,TGT_002,DECOY_TARGET,true,217.5,279.5,217.5,279.5,-30.0,-60.0,631,631,0,TRACKING,216.5,278.5,1.414,False
SCN_010,631,21.0,TGT_003,DECOY_TARGET,true,614.5,188.5,614.5,188.5,30.0,0.0,631,631,0,TRACKING,613.5,187.5,1.414,False
SCN_010,632,21.0333,TGT_001,COMMUNICATION_TARGET,true,350.0,94.0,350.0,94.0,30.0,0.0,632,632,0,TRACKING,349.0,93.0,1.414,True
SCN_010,632,21.0333,TGT_002,DECOY_TARGET,true,217.5,278.5,217.5,278.5,0.0,-30.0,632,632,0,TRACKING,216.5,277.5,1.414,False
SCN_010,632,21.0333,TGT_003,DECOY_TARGET,true,615.5,188.5,615.5,188.5,30.0,0.0,632,632,0,TRACKING,614.5,187.5,1.414,False
SCN_010,633,21.0667,TGT_001,COMMUNICATION_TARGET,true,351.0,94.0,351.0,94.0,30.0,0.0,633,633,0,TRACKING,350.0,93.0,1.414,True
SCN_010,633,21.0667,TGT_002,DECOY_TARGET,true,216.5,276.5,216.5,276.5,-30.0,-60.0,633,633,0,TRACKING,215.5,275.5,1.414,False
SCN_010,633,21.0667,TGT_003,DECOY_TARGET,true,616.5,188.5,616.5,188.5,30.0,0.0,633,633,0,TRACKING,615.5,187.5,1.414,False
SCN_010,634,21.1,TGT_001,COMMUNICATION_TARGET,true,352.0,94.0,352.0,94.0,30.0,0.0,634,634,0,TRACKING,351.0,93.0,1.414,True
SCN_010,634,21.1,TGT_002,DECOY_TARGET,true,215.5,275.5,215.5,275.5,-30.0,-30.0,634,634,0,TRACKING,214.5,274.5,1.414,False
SCN_010,634,21.1,TGT_003,DECOY_TARGET,true,616.5,187.5,616.5,187.5,0.0,-30.0,634,634,0,TRACKING,615.5,186.5,1.414,False
SCN_010,635,21.1333,TGT_001,COMMUNICATION_TARGET,true,354.0,95.0,354.0,95.0,60.0,30.0,635,635,0,TRACKING,353.0,94.0,1.414,True
SCN_010,635,21.1333,TGT_002,DECOY_TARGET,true,215.5,273.5,215.5,273.5,0.0,-60.0,635,635,0,TRACKING,214.5,272.5,1.414,False
SCN_010,635,21.1333,TGT_003,DECOY_TARGET,true,617.5,187.5,617.5,187.5,30.0,0.0,635,635,0,TRACKING,616.5,186.5,1.414,False
SCN_010,636,21.1667,TGT_001,COMMUNICATION_TARGET,true,355.0,95.0,355.0,95.0,30.0,0.0,636,636,0,TRACKING,354.0,94.0,1.414,True
SCN_010,636,21.1667,TGT_002,DECOY_TARGET,true,214.5,271.5,214.5,271.5,-30.0,-60.0,636,636,0,TRACKING,213.5,270.5,1.414,False
SCN_010,636,21.1667,TGT_003,DECOY_TARGET,true,618.5,187.5,618.5,187.5,30.0,0.0,636,636,0,TRACKING,617.5,186.5,1.414,False
SCN_010,637,21.2,TGT_001,COMMUNICATION_TARGET,true,356.0,95.0,356.0,95.0,30.0,0.0,637,637,0,TRACKING,355.0,94.0,1.414,True
SCN_010,637,21.2,TGT_002,DECOY_TARGET,true,214.5,269.5,214.5,269.5,0.0,-60.0,637,637,0,TRACKING,213.5,268.5,1.414,False
SCN_010,637,21.2,TGT_003,DECOY_TARGET,true,619.5,186.5,619.5,186.5,30.0,-30.0,637,637,0,TRACKING,618.5,185.5,1.414,False
SCN_010,638,21.2333,TGT_001,COMMUNICATION_TARGET,true,357.0,95.0,357.0,95.0,30.0,0.0,638,638,0,TRACKING,356.0,94.0,1.414,True
SCN_010,638,21.2333,TGT_002,DECOY_TARGET,true,213.5,267.5,213.5,267.5,-30.0,-60.0,638,638,0,TRACKING,212.5,266.5,1.414,False
SCN_010,638,21.2333,TGT_003,DECOY_TARGET,true,619.5,186.5,619.5,186.5,0.0,0.0,638,638,0,TRACKING,618.5,185.5,1.414,False
SCN_010,639,21.2667,TGT_001,COMMUNICATION_TARGET,true,358.0,96.0,358.0,96.0,30.0,30.0,639,639,0,TRACKING,357.0,95.0,1.414,True
SCN_010,639,21.2667,TGT_002,DECOY_TARGET,true,213.5,266.5,213.5,266.5,0.0,-30.0,639,639,0,TRACKING,212.5,265.5,1.414,False
SCN_010,639,21.2667,TGT_003,DECOY_TARGET,true,620.5,186.5,620.5,186.5,30.0,0.0,639,639,0,TRACKING,619.5,185.5,1.414,False
SCN_010,640,21.3,TGT_001,COMMUNICATION_TARGET,true,359.0,96.0,359.0,96.0,30.0,0.0,640,640,0,TRACKING,358.0,95.0,1.414,True
SCN_010,640,21.3,TGT_002,DECOY_TARGET,true,213.5,264.5,213.5,264.5,0.0,-60.0,640,640,0,TRACKING,212.5,263.5,1.414,False
SCN_010,640,21.3,TGT_003,DECOY_TARGET,true,621.5,186.5,621.5,186.5,30.0,0.0,640,640,0,TRACKING,620.5,185.5,1.414,False
SCN_010,641,21.3333,TGT_001,COMMUNICATION_TARGET,true,360.0,96.0,360.0,96.0,30.0,0.0,641,641,0,TRACKING,359.0,95.0,1.414,True
SCN_010,641,21.3333,TGT_002,DECOY_TARGET,true,212.5,262.5,212.5,262.5,-30.0,-60.0,641,641,0,TRACKING,211.5,261.5,1.414,False
SCN_010,641,21.3333,TGT_003,DECOY_TARGET,true,622.5,185.5,622.5,185.5,30.0,-30.0,641,641,0,TRACKING,621.5,184.5,1.414,False
SCN_010,642,21.3667,TGT_001,COMMUNICATION_TARGET,true,361.0,97.0,361.0,97.0,30.0,30.0,642,642,0,TRACKING,360.0,96.0,1.414,True
SCN_010,642,21.3667,TGT_002,DECOY_TARGET,true,212.5,260.5,212.5,260.5,0.0,-60.0,642,642,0,TRACKING,211.5,259.5,1.414,False
SCN_010,642,21.3667,TGT_003,DECOY_TARGET,true,622.5,185.5,622.5,185.5,0.0,0.0,642,642,0,TRACKING,621.5,184.5,1.414,False
SCN_010,643,21.4,TGT_001,COMMUNICATION_TARGET,true,363.0,97.0,363.0,97.0,60.0,0.0,643,643,0,TRACKING,362.0,96.0,1.414,True
SCN_010,643,21.4,TGT_002,DECOY_TARGET,true,212.5,258.5,212.5,258.5,0.0,-60.0,643,643,0,TRACKING,211.5,257.5,1.414,False
SCN_010,643,21.4,TGT_003,DECOY_TARGET,true,623.5,185.5,623.5,185.5,30.0,0.0,643,643,0,TRACKING,622.5,184.5,1.414,False
SCN_010,644,21.4333,TGT_001,COMMUNICATION_TARGET,true,364.0,97.0,364.0,97.0,30.0,0.0,644,644,0,TRACKING,363.0,96.0,1.414,True
SCN_010,644,21.4333,TGT_002,DECOY_TARGET,true,211.5,256.5,211.5,256.5,-30.0,-60.0,644,644,0,TRACKING,210.5,255.5,1.414,False
SCN_010,644,21.4333,TGT_003,DECOY_TARGET,true,624.5,185.5,624.5,185.5,30.0,0.0,644,644,0,TRACKING,623.5,184.5,1.414,False
SCN_010,645,21.4667,TGT_001,COMMUNICATION_TARGET,true,365.0,98.0,365.0,98.0,30.0,30.0,645,645,0,TRACKING,364.0,97.0,1.414,True
SCN_010,645,21.4667,TGT_002,DECOY_TARGET,true,211.5,254.5,211.5,254.5,0.0,-60.0,645,645,0,TRACKING,210.5,253.5,1.414,False
SCN_010,645,21.4667,TGT_003,DECOY_TARGET,true,625.5,184.5,625.5,184.5,30.0,-30.0,645,645,0,TRACKING,624.5,183.5,1.414,False
SCN_010,646,21.5,TGT_001,COMMUNICATION_TARGET,true,366.0,98.0,366.0,98.0,30.0,0.0,646,646,0,TRACKING,365.0,97.0,1.414,True
SCN_010,646,21.5,TGT_002,DECOY_TARGET,true,211.5,252.5,211.5,252.5,0.0,-60.0,646,646,0,TRACKING,210.5,251.5,1.414,False
SCN_010,646,21.5,TGT_003,DECOY_TARGET,true,625.5,184.5,625.5,184.5,0.0,0.0,646,646,0,TRACKING,624.5,183.5,1.414,False
SCN_010,647,21.5333,TGT_001,COMMUNICATION_TARGET,true,367.0,98.0,367.0,98.0,30.0,0.0,647,647,0,TRACKING,366.0,97.0,1.414,True
SCN_010,647,21.5333,TGT_002,DECOY_TARGET,true,211.5,250.5,211.5,250.5,0.0,-60.0,647,647,0,TRACKING,210.5,249.5,1.414,False
SCN_010,647,21.5333,TGT_003,DECOY_TARGET,true,626.5,184.5,626.5,184.5,30.0,0.0,647,647,0,TRACKING,625.5,183.5,1.414,False
SCN_010,648,21.5667,TGT_001,COMMUNICATION_TARGET,true,368.0,99.0,368.0,99.0,30.0,30.0,648,648,0,TRACKING,367.0,98.0,1.414,True
SCN_010,648,21.5667,TGT_002,DECOY_TARGET,true,211.5,248.5,211.5,248.5,0.0,-60.0,648,648,0,TRACKING,210.5,247.5,1.414,False
SCN_010,648,21.5667,TGT_003,DECOY_TARGET,true,627.5,183.5,627.5,183.5,30.0,-30.0,648,648,0,TRACKING,626.5,182.5,1.414,False
SCN_010,649,21.6,TGT_001,COMMUNICATION_TARGET,true,369.0,99.0,369.0,99.0,30.0,0.0,649,649,0,TRACKING,368.0,98.0,1.414,True
SCN_010,649,21.6,TGT_002,DECOY_TARGET,true,211.5,246.5,211.5,246.5,0.0,-60.0,649,649,0,TRACKING,210.5,245.5,1.414,False
SCN_010,649,21.6,TGT_003,DECOY_TARGET,true,628.5,183.5,628.5,183.5,30.0,0.0,649,649,0,TRACKING,627.5,182.5,1.414,False
SCN_010,650,21.6333,TGT_001,COMMUNICATION_TARGET,true,370.0,99.0,370.0,99.0,30.0,0.0,650,650,0,TRACKING,369.0,98.0,1.414,True
SCN_010,650,21.6333,TGT_002,DECOY_TARGET,true,211.5,244.5,211.5,244.5,0.0,-60.0,650,650,0,TRACKING,210.5,243.5,1.414,False
SCN_010,650,21.6333,TGT_003,DECOY_TARGET,true,628.5,183.5,628.5,183.5,0.0,0.0,650,650,0,TRACKING,627.5,182.5,1.414,False
SCN_010,651,21.6667,TGT_001,COMMUNICATION_TARGET,true,371.0,100.0,371.0,100.0,30.0,30.0,651,651,0,TRACKING,370.0,99.0,1.414,True
SCN_010,651,21.6667,TGT_002,DECOY_TARGET,true,211.5,242.5,211.5,242.5,0.0,-60.0,651,651,0,TRACKING,210.5,241.5,1.414,False
SCN_010,651,21.6667,TGT_003,DECOY_TARGET,true,629.5,183.5,629.5,183.5,30.0,0.0,651,651,0,TRACKING,628.5,182.5,1.414,False
SCN_010,652,21.7,TGT_001,COMMUNICATION_TARGET,true,373.0,100.0,373.0,100.0,60.0,0.0,652,652,0,TRACKING,372.0,99.0,1.414,True
SCN_010,652,21.7,TGT_002,DECOY_TARGET,true,211.5,240.5,211.5,240.5,0.0,-60.0,652,652,0,TRACKING,210.5,239.5,1.414,False
SCN_010,652,21.7,TGT_003,DECOY_TARGET,true,630.5,182.5,630.5,182.5,30.0,-30.0,652,652,0,TRACKING,629.5,181.5,1.414,False
SCN_010,653,21.7333,TGT_001,COMMUNICATION_TARGET,true,374.0,101.0,374.0,101.0,30.0,30.0,653,653,0,TRACKING,373.0,100.0,1.414,True
SCN_010,653,21.7333,TGT_002,DECOY_TARGET,true,211.5,238.5,211.5,238.5,0.0,-60.0,653,653,0,TRACKING,210.5,237.5,1.414,False
SCN_010,653,21.7333,TGT_003,DECOY_TARGET,true,631.5,182.5,631.5,182.5,30.0,0.0,653,653,0,TRACKING,630.5,181.5,1.414,False
SCN_010,654,21.7667,TGT_001,COMMUNICATION_TARGET,true,375.0,101.0,375.0,101.0,30.0,0.0,654,654,0,TRACKING,374.0,100.0,1.414,True
SCN_010,654,21.7667,TGT_002,DECOY_TARGET,true,211.5,236.5,211.5,236.5,0.0,-60.0,654,654,0,TRACKING,210.5,235.5,1.414,False
SCN_010,654,21.7667,TGT_003,DECOY_TARGET,true,631.5,182.5,631.5,182.5,0.0,0.0,654,654,0,TRACKING,630.5,181.5,1.414,False
SCN_010,655,21.8,TGT_001,COMMUNICATION_TARGET,true,376.0,101.0,376.0,101.0,30.0,0.0,655,655,0,TRACKING,375.0,100.0,1.414,True
SCN_010,655,21.8,TGT_002,DECOY_TARGET,true,211.5,234.5,211.5,234.5,0.0,-60.0,655,655,0,TRACKING,210.5,233.5,1.414,False
SCN_010,655,21.8,TGT_003,DECOY_TARGET,true,632.5,182.5,632.5,182.5,30.0,0.0,655,655,0,TRACKING,631.5,181.5,1.414,False
SCN_010,656,21.8333,TGT_001,COMMUNICATION_TARGET,true,377.0,102.0,377.0,102.0,30.0,30.0,656,656,0,TRACKING,376.0,101.0,1.414,True
SCN_010,656,21.8333,TGT_002,DECOY_TARGET,true,211.5,232.5,211.5,232.5,0.0,-60.0,656,656,0,TRACKING,210.5,231.5,1.414,False
SCN_010,656,21.8333,TGT_003,DECOY_TARGET,true,633.5,181.5,633.5,181.5,30.0,-30.0,656,656,0,TRACKING,632.5,180.5,1.414,False
SCN_010,657,21.8667,TGT_001,COMMUNICATION_TARGET,true,378.0,102.0,378.0,102.0,30.0,0.0,657,657,0,TRACKING,377.0,101.0,1.414,True
SCN_010,657,21.8667,TGT_002,DECOY_TARGET,true,211.5,230.5,211.5,230.5,0.0,-60.0,657,657,0,TRACKING,210.5,229.5,1.414,False
SCN_010,657,21.8667,TGT_003,DECOY_TARGET,true,634.5,181.5,634.5,181.5,30.0,0.0,657,657,0,TRACKING,633.5,180.5,1.414,False
SCN_010,658,21.9,TGT_001,COMMUNICATION_TARGET,true,379.0,103.0,379.0,103.0,30.0,30.0,658,658,0,TRACKING,378.0,102.0,1.414,True
SCN_010,658,21.9,TGT_002,DECOY_TARGET,true,211.5,228.5,211.5,228.5,0.0,-60.0,658,658,0,TRACKING,210.5,227.5,1.414,False
SCN_010,658,21.9,TGT_003,DECOY_TARGET,true,634.5,181.5,634.5,181.5,0.0,0.0,658,658,0,TRACKING,633.5,180.5,1.414,False
SCN_010,659,21.9333,TGT_001,COMMUNICATION_TARGET,true,380.0,103.0,380.0,103.0,30.0,0.0,659,659,0,TRACKING,379.0,102.0,1.414,True
SCN_010,659,21.9333,TGT_002,DECOY_TARGET,true,211.5,226.5,211.5,226.5,0.0,-60.0,659,659,0,TRACKING,210.5,225.5,1.414,False
SCN_010,659,21.9333,TGT_003,DECOY_TARGET,true,635.0,180.5,635.0,180.5,15.0,-30.0,659,659,0,TRACKING,634.5,179.5,1.118,False
SCN_010,660,21.9667,TGT_001,COMMUNICATION_TARGET,true,381.0,104.0,381.0,104.0,30.0,30.0,660,660,0,TRACKING,380.0,103.0,1.414,True
SCN_010,660,21.9667,TGT_002,DECOY_TARGET,true,212.5,224.5,212.5,224.5,30.0,-60.0,660,660,0,TRACKING,211.5,223.5,1.414,False
SCN_010,660,21.9667,TGT_003,DECOY_TARGET,true,635.0,180.5,635.0,180.5,0.0,0.0,660,660,0,TRACKING,634.5,179.5,1.118,False
SCN_010,661,22.0,TGT_001,COMMUNICATION_TARGET,true,382.0,104.0,382.0,104.0,30.0,0.0,661,661,0,TRACKING,381.0,103.0,1.414,True
SCN_010,661,22.0,TGT_002,DECOY_TARGET,true,212.5,222.5,212.5,222.5,0.0,-60.0,661,661,0,TRACKING,211.5,221.5,1.414,False
SCN_010,661,22.0,TGT_003,DECOY_TARGET,true,635.0,180.5,635.0,180.5,0.0,0.0,661,661,0,TRACKING,634.5,179.5,1.118,False
SCN_010,662,22.0333,TGT_001,COMMUNICATION_TARGET,true,383.0,105.0,383.0,105.0,30.0,30.0,662,662,0,TRACKING,382.0,104.0,1.414,True
SCN_010,662,22.0333,TGT_002,DECOY_TARGET,true,212.5,220.5,212.5,220.5,0.0,-60.0,662,662,0,TRACKING,211.5,219.5,1.414,False
SCN_010,662,22.0333,TGT_003,DECOY_TARGET,true,635.0,180.5,635.0,180.5,0.0,0.0,662,662,0,TRACKING,634.5,179.5,1.118,False
SCN_010,663,22.0667,TGT_001,COMMUNICATION_TARGET,true,384.0,105.0,384.0,105.0,30.0,0.0,663,663,0,TRACKING,383.0,104.0,1.414,True
SCN_010,663,22.0667,TGT_002,DECOY_TARGET,true,213.5,218.5,213.5,218.5,30.0,-60.0,663,663,0,TRACKING,212.5,217.5,1.414,False
SCN_010,663,22.0667,TGT_003,DECOY_TARGET,true,635.0,179.5,635.0,179.5,0.0,-30.0,663,663,0,TRACKING,634.5,178.5,1.118,False
SCN_010,664,22.1,TGT_001,COMMUNICATION_TARGET,true,385.0,106.0,385.0,106.0,30.0,30.0,664,664,0,TRACKING,384.0,105.0,1.414,True
SCN_010,664,22.1,TGT_002,DECOY_TARGET,true,213.5,216.5,213.5,216.5,0.0,-60.0,664,664,0,TRACKING,212.5,215.5,1.414,False
SCN_010,664,22.1,TGT_003,DECOY_TARGET,true,635.0,179.5,635.0,179.5,0.0,0.0,664,664,0,TRACKING,634.5,178.5,1.118,False
SCN_010,665,22.1333,TGT_001,COMMUNICATION_TARGET,true,387.0,106.0,387.0,106.0,60.0,0.0,665,665,0,TRACKING,386.0,105.0,1.414,True
SCN_010,665,22.1333,TGT_002,DECOY_TARGET,true,213.5,214.5,213.5,214.5,0.0,-60.0,665,665,0,TRACKING,212.5,213.5,1.414,False
SCN_010,665,22.1333,TGT_003,DECOY_TARGET,true,635.0,179.5,635.0,179.5,0.0,0.0,665,665,0,TRACKING,634.5,178.5,1.118,False
SCN_010,666,22.1667,TGT_001,COMMUNICATION_TARGET,true,388.0,107.0,388.0,107.0,30.0,30.0,666,666,0,TRACKING,387.0,106.0,1.414,True
SCN_010,666,22.1667,TGT_002,DECOY_TARGET,true,214.5,212.5,214.5,212.5,30.0,-60.0,666,666,0,TRACKING,213.5,211.5,1.414,False
SCN_010,666,22.1667,TGT_003,DECOY_TARGET,true,635.0,179.5,635.0,179.5,0.0,0.0,666,666,0,TRACKING,634.5,178.5,1.118,False
SCN_010,667,22.2,TGT_001,COMMUNICATION_TARGET,true,389.0,107.0,389.0,107.0,30.0,0.0,667,667,0,TRACKING,388.0,106.0,1.414,True
SCN_010,667,22.2,TGT_002,DECOY_TARGET,true,214.5,211.5,214.5,211.5,0.0,-30.0,667,667,0,TRACKING,213.5,210.5,1.414,False
SCN_010,667,22.2,TGT_003,DECOY_TARGET,false,,,,,0.0,0.0,666,0,1,TEMPORARILY_LOST,634.5,177.5,,False
SCN_010,668,22.2333,TGT_001,COMMUNICATION_TARGET,true,390.0,108.0,390.0,108.0,30.0,30.0,668,668,0,TRACKING,389.0,107.0,1.414,True
SCN_010,668,22.2333,TGT_002,DECOY_TARGET,true,215.5,209.5,215.5,209.5,30.0,-60.0,668,668,0,TRACKING,214.5,208.5,1.414,False
SCN_010,668,22.2333,TGT_003,DECOY_TARGET,false,,,,,0.0,0.0,666,0,2,TEMPORARILY_LOST,634.5,177.5,,False
SCN_010,669,22.2667,TGT_001,COMMUNICATION_TARGET,true,391.0,108.0,391.0,108.0,30.0,0.0,669,669,0,TRACKING,390.0,107.0,1.414,True
SCN_010,669,22.2667,TGT_002,DECOY_TARGET,true,215.5,207.5,215.5,207.5,0.0,-60.0,669,669,0,TRACKING,214.5,206.5,1.414,False
SCN_010,669,22.2667,TGT_003,DECOY_TARGET,false,,,,,0.0,0.0,666,0,3,TEMPORARILY_LOST,634.5,177.5,,False
SCN_010,670,22.3,TGT_001,COMMUNICATION_TARGET,true,392.0,109.0,392.0,109.0,30.0,30.0,670,670,0,TRACKING,391.0,108.0,1.414,True
SCN_010,670,22.3,TGT_002,DECOY_TARGET,true,216.5,205.5,216.5,205.5,30.0,-60.0,670,670,0,TRACKING,215.5,204.5,1.414,False
SCN_010,670,22.3,TGT_003,DECOY_TARGET,false,,,,,0.0,0.0,666,0,4,TEMPORARILY_LOST,634.5,176.5,,False
SCN_010,671,22.3333,TGT_001,COMMUNICATION_TARGET,true,393.0,109.0,393.0,109.0,30.0,0.0,671,671,0,TRACKING,392.0,108.0,1.414,True
SCN_010,671,22.3333,TGT_002,DECOY_TARGET,true,216.5,204.5,216.5,204.5,0.0,-30.0,671,671,0,TRACKING,215.5,203.5,1.414,False
SCN_010,671,22.3333,TGT_003,DECOY_TARGET,false,,,,,0.0,0.0,666,0,5,TEMPORARILY_LOST,634.5,176.5,,False
SCN_010,672,22.3667,TGT_001,COMMUNICATION_TARGET,true,394.0,110.0,394.0,110.0,30.0,30.0,672,672,0,TRACKING,393.0,109.0,1.414,True
SCN_010,672,22.3667,TGT_002,DECOY_TARGET,true,217.5,202.5,217.5,202.5,30.0,-60.0,672,672,0,TRACKING,216.5,201.5,1.414,False
SCN_010,672,22.3667,TGT_003,DECOY_TARGET,false,,,,,0.0,0.0,666,0,6,LOST,634.5,176.5,,False
SCN_010,673,22.4,TGT_001,COMMUNICATION_TARGET,true,395.0,110.0,395.0,110.0,30.0,0.0,673,673,0,TRACKING,394.0,109.0,1.414,True
SCN_010,673,22.4,TGT_002,DECOY_TARGET,true,218.5,201.5,218.5,201.5,30.0,-30.0,673,673,0,TRACKING,217.5,200.5,1.414,False
SCN_010,673,22.4,TGT_003,DECOY_TARGET,false,,,,,0.0,0.0,666,0,7,LOST,634.5,176.5,,False
SCN_010,674,22.4333,TGT_001,COMMUNICATION_TARGET,true,396.0,111.0,396.0,111.0,30.0,30.0,674,674,0,TRACKING,395.0,110.0,1.414,True
SCN_010,674,22.4333,TGT_002,DECOY_TARGET,true,218.5,199.5,218.5,199.5,0.0,-60.0,674,674,0,TRACKING,217.5,198.5,1.414,False
SCN_010,674,22.4333,TGT_003,DECOY_TARGET,false,,,,,0.0,0.0,666,0,8,LOST,634.5,175.5,,False
SCN_010,675,22.4667,TGT_001,COMMUNICATION_TARGET,true,397.0,112.0,397.0,112.0,30.0,30.0,675,675,0,TRACKING,396.0,111.0,1.414,True
SCN_010,675,22.4667,TGT_002,DECOY_TARGET,true,219.5,198.5,219.5,198.5,30.0,-30.0,675,675,0,TRACKING,218.5,197.5,1.414,False
SCN_010,675,22.4667,TGT_003,DECOY_TARGET,false,,,,,0.0,0.0,666,0,9,LOST,634.5,175.5,,False
SCN_010,676,22.5,TGT_001,COMMUNICATION_TARGET,true,398.0,112.0,398.0,112.0,30.0,0.0,676,676,0,TRACKING,397.0,111.0,1.414,True
SCN_010,676,22.5,TGT_002,DECOY_TARGET,true,220.5,196.5,220.5,196.5,30.0,-60.0,676,676,0,TRACKING,219.5,195.5,1.414,False
SCN_010,676,22.5,TGT_003,DECOY_TARGET,false,,,,,0.0,0.0,666,0,10,LOST,634.5,175.5,,False
SCN_010,677,22.5333,TGT_001,COMMUNICATION_TARGET,true,399.0,113.0,399.0,113.0,30.0,30.0,677,677,0,TRACKING,398.0,112.0,1.414,True
SCN_010,677,22.5333,TGT_002,DECOY_TARGET,true,220.5,195.5,220.5,195.5,0.0,-30.0,677,677,0,TRACKING,219.5,194.5,1.414,False
SCN_010,677,22.5333,TGT_003,DECOY_TARGET,false,,,,,0.0,0.0,666,0,11,LOST,634.5,175.5,,False
SCN_010,678,22.5667,TGT_001,COMMUNICATION_TARGET,true,400.0,113.0,400.0,113.0,30.0,0.0,678,678,0,TRACKING,399.0,112.0,1.414,True
SCN_010,678,22.5667,TGT_002,DECOY_TARGET,true,221.5,193.5,221.5,193.5,30.0,-60.0,678,678,0,TRACKING,220.5,192.5,1.414,False
SCN_010,678,22.5667,TGT_003,DECOY_TARGET,false,,,,,0.0,0.0,666,0,12,LOST,634.5,174.5,,False
SCN_010,679,22.6,TGT_001,COMMUNICATION_TARGET,true,401.0,114.0,401.0,114.0,30.0,30.0,679,679,0,TRACKING,400.0,113.0,1.414,True
SCN_010,679,22.6,TGT_002,DECOY_TARGET,true,222.5,192.5,222.5,192.5,30.0,-30.0,679,679,0,TRACKING,221.5,191.5,1.414,False
SCN_010,679,22.6,TGT_003,DECOY_TARGET,false,,,,,0.0,0.0,666,0,13,LOST,634.5,174.5,,False
SCN_010,680,22.6333,TGT_001,COMMUNICATION_TARGET,true,402.0,115.0,402.0,115.0,30.0,30.0,680,680,0,TRACKING,401.0,114.0,1.414,True
SCN_010,680,22.6333,TGT_002,DECOY_TARGET,true,223.5,191.5,223.5,191.5,30.0,-30.0,680,680,0,TRACKING,222.5,190.5,1.414,False
SCN_010,680,22.6333,TGT_003,DECOY_TARGET,false,,,,,0.0,0.0,666,0,14,LOST,634.5,174.5,,False
SCN_010,681,22.6667,TGT_001,COMMUNICATION_TARGET,true,403.0,115.0,403.0,115.0,30.0,0.0,681,681,0,TRACKING,402.0,114.0,1.414,True
SCN_010,681,22.6667,TGT_002,DECOY_TARGET,true,224.5,190.5,224.5,190.5,30.0,-30.0,681,681,0,TRACKING,223.5,189.5,1.414,False
SCN_010,681,22.6667,TGT_003,DECOY_TARGET,false,,,,,0.0,0.0,666,0,15,LOST,634.5,173.5,,False
SCN_010,682,22.7,TGT_001,COMMUNICATION_TARGET,true,404.0,116.0,404.0,116.0,30.0,30.0,682,682,0,TRACKING,403.0,115.0,1.414,True
SCN_010,682,22.7,TGT_002,DECOY_TARGET,true,225.5,189.5,225.5,189.5,30.0,-30.0,682,682,0,TRACKING,224.5,188.5,1.414,False
SCN_010,682,22.7,TGT_003,DECOY_TARGET,false,,,,,0.0,0.0,666,0,16,LOST,634.5,173.5,,False
SCN_010,683,22.7333,TGT_001,COMMUNICATION_TARGET,true,405.0,117.0,405.0,117.0,30.0,30.0,683,683,0,TRACKING,404.0,116.0,1.414,True
SCN_010,683,22.7333,TGT_002,DECOY_TARGET,true,226.5,188.5,226.5,188.5,30.0,-30.0,683,683,0,TRACKING,225.5,187.5,1.414,False
SCN_010,683,22.7333,TGT_003,DECOY_TARGET,false,,,,,0.0,0.0,666,0,17,LOST,634.5,173.5,,False
SCN_010,684,22.7667,TGT_001,COMMUNICATION_TARGET,true,406.0,117.0,406.0,117.0,30.0,0.0,684,684,0,TRACKING,405.0,116.0,1.414,True
SCN_010,684,22.7667,TGT_002,DECOY_TARGET,true,227.5,187.5,227.5,187.5,30.0,-30.0,684,684,0,TRACKING,226.5,186.5,1.414,False
SCN_010,684,22.7667,TGT_003,DECOY_TARGET,false,,,,,0.0,0.0,666,0,18,LOST,634.5,173.5,,False
SCN_010,685,22.8,TGT_001,COMMUNICATION_TARGET,true,407.0,118.0,407.0,118.0,30.0,30.0,685,685,0,TRACKING,406.0,117.0,1.414,True
SCN_010,685,22.8,TGT_002,DECOY_TARGET,true,227.5,186.5,227.5,186.5,0.0,-30.0,685,685,0,TRACKING,226.5,185.5,1.414,False
SCN_010,685,22.8,TGT_003,DECOY_TARGET,false,,,,,0.0,0.0,666,0,19,LOST,634.5,172.5,,False
SCN_010,686,22.8333,TGT_001,COMMUNICATION_TARGET,true,408.0,119.0,408.0,119.0,30.0,30.0,686,686,0,TRACKING,407.0,118.0,1.414,True
SCN_010,686,22.8333,TGT_002,DECOY_TARGET,true,229.5,185.5,229.5,185.5,60.0,-30.0,686,686,0,TRACKING,228.5,184.5,1.414,False
SCN_010,686,22.8333,TGT_003,DECOY_TARGET,false,,,,,0.0,0.0,666,0,20,LOST,634.5,172.5,,False
SCN_010,687,22.8667,TGT_001,COMMUNICATION_TARGET,true,409.0,119.0,409.0,119.0,30.0,0.0,687,687,0,TRACKING,408.0,118.0,1.414,True
SCN_010,687,22.8667,TGT_002,DECOY_TARGET,true,230.5,184.5,230.5,184.5,30.0,-30.0,687,687,0,TRACKING,229.5,183.5,1.414,False
SCN_010,687,22.8667,TGT_003,DECOY_TARGET,false,,,,,0.0,0.0,666,0,21,LOST,634.5,172.5,,False
SCN_010,688,22.9,TGT_001,COMMUNICATION_TARGET,true,409.0,120.0,409.0,120.0,0.0,30.0,688,688,0,TRACKING,408.0,119.0,1.414,True
SCN_010,688,22.9,TGT_002,DECOY_TARGET,true,231.5,184.5,231.5,184.5,30.0,0.0,688,688,0,TRACKING,230.5,183.5,1.414,False
SCN_010,688,22.9,TGT_003,DECOY_TARGET,false,,,,,0.0,0.0,666,0,22,LOST,634.5,172.5,,False
SCN_010,689,22.9333,TGT_001,COMMUNICATION_TARGET,true,410.0,121.0,410.0,121.0,30.0,30.0,689,689,0,TRACKING,409.0,120.0,1.414,True
SCN_010,689,22.9333,TGT_002,DECOY_TARGET,true,232.5,183.5,232.5,183.5,30.0,-30.0,689,689,0,TRACKING,231.5,182.5,1.414,False
SCN_010,689,22.9333,TGT_003,DECOY_TARGET,false,,,,,0.0,0.0,666,0,23,LOST,634.5,171.5,,False
SCN_010,690,22.9667,TGT_001,COMMUNICATION_TARGET,true,411.0,121.0,411.0,121.0,30.0,0.0,690,690,0,TRACKING,410.0,120.0,1.414,True
SCN_010,690,22.9667,TGT_002,DECOY_TARGET,true,233.5,182.5,233.5,182.5,30.0,-30.0,690,690,0,TRACKING,232.5,181.5,1.414,False
SCN_010,690,22.9667,TGT_003,DECOY_TARGET,false,,,,,0.0,0.0,666,0,24,LOST,634.5,171.5,,False
SCN_010,691,23.0,TGT_001,COMMUNICATION_TARGET,true,412.0,122.0,412.0,122.0,30.0,30.0,691,691,0,TRACKING,411.0,121.0,1.414,True
SCN_010,691,23.0,TGT_002,DECOY_TARGET,true,234.5,182.5,234.5,182.5,30.0,0.0,691,691,0,TRACKING,233.5,181.5,1.414,False
SCN_010,691,23.0,TGT_003,DECOY_TARGET,false,,,,,0.0,0.0,666,0,25,LOST,634.5,171.5,,False
SCN_010,692,23.0333,TGT_001,COMMUNICATION_TARGET,true,413.0,123.0,413.0,123.0,30.0,30.0,692,692,0,TRACKING,412.0,122.0,1.414,True
SCN_010,692,23.0333,TGT_002,DECOY_TARGET,true,235.5,181.5,235.5,181.5,30.0,-30.0,692,692,0,TRACKING,234.5,180.5,1.414,False
SCN_010,692,23.0333,TGT_003,DECOY_TARGET,false,,,,,0.0,0.0,666,0,26,LOST,634.5,170.5,,False
SCN_010,693,23.0667,TGT_001,COMMUNICATION_TARGET,true,414.0,123.0,414.0,123.0,30.0,0.0,693,693,0,TRACKING,413.0,122.0,1.414,True
SCN_010,693,23.0667,TGT_002,DECOY_TARGET,true,236.5,181.5,236.5,181.5,30.0,0.0,693,693,0,TRACKING,235.5,180.5,1.414,False
SCN_010,693,23.0667,TGT_003,DECOY_TARGET,false,,,,,0.0,0.0,666,0,27,LOST,634.5,170.5,,False
SCN_010,694,23.1,TGT_001,COMMUNICATION_TARGET,true,415.0,124.0,415.0,124.0,30.0,30.0,694,694,0,TRACKING,414.0,123.0,1.414,True
SCN_010,694,23.1,TGT_002,DECOY_TARGET,true,237.5,181.5,237.5,181.5,30.0,0.0,694,694,0,TRACKING,236.5,180.5,1.414,False
SCN_010,694,23.1,TGT_003,DECOY_TARGET,false,,,,,0.0,0.0,666,0,28,LOST,634.5,170.5,,False
SCN_010,695,23.1333,TGT_001,COMMUNICATION_TARGET,true,416.0,125.0,416.0,125.0,30.0,30.0,695,695,0,TRACKING,415.0,124.0,1.414,True
SCN_010,695,23.1333,TGT_002,DECOY_TARGET,true,239.5,180.5,239.5,180.5,60.0,-30.0,695,695,0,TRACKING,238.5,179.5,1.414,False
SCN_010,695,23.1333,TGT_003,DECOY_TARGET,false,,,,,0.0,0.0,666,0,29,LOST,634.5,170.5,,False
SCN_010,696,23.1667,TGT_001,COMMUNICATION_TARGET,true,417.0,126.0,417.0,126.0,30.0,30.0,696,696,0,TRACKING,416.0,125.0,1.414,True
SCN_010,696,23.1667,TGT_002,DECOY_TARGET,true,240.5,180.5,240.5,180.5,30.0,0.0,696,696,0,TRACKING,239.5,179.5,1.414,False
SCN_010,696,23.1667,TGT_003,DECOY_TARGET,false,,,,,0.0,0.0,666,0,30,LOST,634.5,169.5,,False
SCN_010,697,23.2,TGT_001,COMMUNICATION_TARGET,true,418.0,126.0,418.0,126.0,30.0,0.0,697,697,0,TRACKING,417.0,125.0,1.414,True
SCN_010,697,23.2,TGT_002,DECOY_TARGET,true,241.5,180.5,241.5,180.5,30.0,0.0,697,697,0,TRACKING,240.5,179.5,1.414,False
SCN_010,697,23.2,TGT_003,DECOY_TARGET,false,,,,,0.0,0.0,666,0,31,LOST,634.5,169.5,,False
SCN_010,698,23.2333,TGT_001,COMMUNICATION_TARGET,true,419.0,127.0,419.0,127.0,30.0,30.0,698,698,0,TRACKING,418.0,126.0,1.414,True
SCN_010,698,23.2333,TGT_002,DECOY_TARGET,true,243.5,180.5,243.5,180.5,60.0,0.0,698,698,0,TRACKING,242.5,179.5,1.414,False
SCN_010,698,23.2333,TGT_003,DECOY_TARGET,false,,,,,0.0,0.0,666,0,32,LOST,634.5,169.5,,False
SCN_010,699,23.2667,TGT_001,COMMUNICATION_TARGET,true,420.0,128.0,420.0,128.0,30.0,30.0,699,699,0,TRACKING,419.0,127.0,1.414,True
SCN_010,699,23.2667,TGT_002,DECOY_TARGET,true,244.5,180.5,244.5,180.5,30.0,0.0,699,699,0,TRACKING,243.5,179.5,1.414,False
SCN_010,699,23.2667,TGT_003,DECOY_TARGET,false,,,,,0.0,0.0,666,0,33,LOST,634.5,169.5,,False
SCN_010,700,23.3,TGT_001,COMMUNICATION_TARGET,true,420.0,129.0,420.0,129.0,0.0,30.0,700,700,0,TRACKING,419.0,128.0,1.414,True
SCN_010,700,23.3,TGT_002,DECOY_TARGET,true,245.5,180.5,245.5,180.5,30.0,0.0,700,700,0,TRACKING,244.5,179.5,1.414,False
SCN_010,700,23.3,TGT_003,DECOY_TARGET,false,,,,,0.0,0.0,666,0,34,LOST,634.5,168.5,,False
SCN_010,701,23.3333,TGT_001,COMMUNICATION_TARGET,true,421.0,129.0,421.0,129.0,30.0,0.0,701,701,0,TRACKING,420.0,128.0,1.414,True
SCN_010,701,23.3333,TGT_002,DECOY_TARGET,true,247.5,180.5,247.5,180.5,60.0,0.0,701,701,0,TRACKING,246.5,179.5,1.414,False
SCN_010,701,23.3333,TGT_003,DECOY_TARGET,false,,,,,0.0,0.0,666,0,35,LOST,634.5,168.5,,False
SCN_010,702,23.3667,TGT_001,COMMUNICATION_TARGET,true,422.0,130.0,422.0,130.0,30.0,30.0,702,702,0,TRACKING,421.0,129.0,1.414,True
SCN_010,702,23.3667,TGT_002,DECOY_TARGET,true,248.5,181.5,248.5,181.5,30.0,30.0,702,702,0,TRACKING,247.5,180.5,1.414,False
SCN_010,702,23.3667,TGT_003,DECOY_TARGET,false,,,,,0.0,0.0,666,0,36,LOST,634.5,168.5,,False
SCN_010,703,23.4,TGT_001,COMMUNICATION_TARGET,true,423.0,131.0,423.0,131.0,30.0,30.0,703,703,0,TRACKING,422.0,130.0,1.414,True
SCN_010,703,23.4,TGT_002,DECOY_TARGET,true,249.5,181.5,249.5,181.5,30.0,0.0,703,703,0,TRACKING,248.5,180.5,1.414,False
SCN_010,703,23.4,TGT_003,DECOY_TARGET,false,,,,,0.0,0.0,666,0,37,LOST,634.5,167.5,,False
SCN_010,704,23.4333,TGT_001,COMMUNICATION_TARGET,true,424.0,132.0,424.0,132.0,30.0,30.0,704,704,0,TRACKING,423.0,131.0,1.414,True
SCN_010,704,23.4333,TGT_002,DECOY_TARGET,true,251.5,181.5,251.5,181.5,60.0,0.0,704,704,0,TRACKING,250.5,180.5,1.414,False
SCN_010,704,23.4333,TGT_003,DECOY_TARGET,false,,,,,0.0,0.0,666,0,38,LOST,634.5,167.5,,False
SCN_010,705,23.4667,TGT_001,COMMUNICATION_TARGET,true,425.0,133.0,425.0,133.0,30.0,30.0,705,705,0,TRACKING,424.0,132.0,1.414,True
SCN_010,705,23.4667,TGT_002,DECOY_TARGET,true,252.5,182.5,252.5,182.5,30.0,30.0,705,705,0,TRACKING,251.5,181.5,1.414,False
SCN_010,705,23.4667,TGT_003,DECOY_TARGET,false,,,,,0.0,0.0,666,0,39,LOST,634.5,167.5,,False
SCN_010,706,23.5,TGT_001,COMMUNICATION_TARGET,true,426.0,133.0,426.0,133.0,30.0,0.0,706,706,0,TRACKING,425.0,132.0,1.414,True
SCN_010,706,23.5,TGT_002,DECOY_TARGET,true,254.5,182.5,254.5,182.5,60.0,0.0,706,706,0,TRACKING,253.5,181.5,1.414,False
SCN_010,706,23.5,TGT_003,DECOY_TARGET,false,,,,,0.0,0.0,666,0,40,LOST,634.5,167.5,,False
SCN_010,707,23.5333,TGT_001,COMMUNICATION_TARGET,true,426.0,134.0,426.0,134.0,0.0,30.0,707,707,0,TRACKING,425.0,133.0,1.414,True
SCN_010,707,23.5333,TGT_002,DECOY_TARGET,true,255.5,183.5,255.5,183.5,30.0,30.0,707,707,0,TRACKING,254.5,182.5,1.414,False
SCN_010,707,23.5333,TGT_003,DECOY_TARGET,false,,,,,0.0,0.0,666,0,41,LOST,634.5,166.5,,False
SCN_010,708,23.5667,TGT_001,COMMUNICATION_TARGET,true,427.0,135.0,427.0,135.0,30.0,30.0,708,708,0,TRACKING,426.0,134.0,1.414,True
SCN_010,708,23.5667,TGT_002,DECOY_TARGET,true,257.5,183.5,257.5,183.5,60.0,0.0,708,708,0,TRACKING,256.5,182.5,1.414,False
SCN_010,708,23.5667,TGT_003,DECOY_TARGET,false,,,,,0.0,0.0,666,0,42,LOST,634.5,166.5,,False
SCN_010,709,23.6,TGT_001,COMMUNICATION_TARGET,true,428.0,136.0,428.0,136.0,30.0,30.0,709,709,0,TRACKING,427.0,135.0,1.414,True
SCN_010,709,23.6,TGT_002,DECOY_TARGET,true,258.5,184.5,258.5,184.5,30.0,30.0,709,709,0,TRACKING,257.5,183.5,1.414,False
SCN_010,709,23.6,TGT_003,DECOY_TARGET,false,,,,,0.0,0.0,666,0,43,LOST,634.5,166.5,,False
SCN_010,710,23.6333,TGT_001,COMMUNICATION_TARGET,true,429.0,137.0,429.0,137.0,30.0,30.0,710,710,0,TRACKING,428.0,136.0,1.414,True
SCN_010,710,23.6333,TGT_002,DECOY_TARGET,true,260.5,185.5,260.5,185.5,60.0,30.0,710,710,0,TRACKING,259.5,184.5,1.414,False
SCN_010,710,23.6333,TGT_003,DECOY_TARGET,false,,,,,0.0,0.0,666,0,44,LOST,634.5,166.5,,False
SCN_010,711,23.6667,TGT_001,COMMUNICATION_TARGET,true,430.0,138.0,430.0,138.0,30.0,30.0,711,711,0,TRACKING,429.0,137.0,1.414,True
SCN_010,711,23.6667,TGT_002,DECOY_TARGET,true,261.5,186.5,261.5,186.5,30.0,30.0,711,711,0,TRACKING,260.5,185.5,1.414,False
SCN_010,711,23.6667,TGT_003,DECOY_TARGET,false,,,,,0.0,0.0,666,0,45,LOST,634.5,165.5,,False
SCN_010,712,23.7,TGT_001,COMMUNICATION_TARGET,true,430.0,138.0,430.0,138.0,0.0,0.0,712,712,0,TRACKING,429.0,137.0,1.414,True
SCN_010,712,23.7,TGT_002,DECOY_TARGET,true,263.5,187.5,263.5,187.5,60.0,30.0,712,712,0,TRACKING,262.5,186.5,1.414,False
SCN_010,712,23.7,TGT_003,DECOY_TARGET,false,,,,,0.0,0.0,666,0,46,LOST,634.5,165.5,,False
SCN_010,713,23.7333,TGT_001,COMMUNICATION_TARGET,true,431.0,139.0,431.0,139.0,30.0,30.0,713,713,0,TRACKING,430.0,138.0,1.414,True
SCN_010,713,23.7333,TGT_002,DECOY_TARGET,true,264.5,187.5,264.5,187.5,30.0,0.0,713,713,0,TRACKING,263.5,186.5,1.414,False
SCN_010,713,23.7333,TGT_003,DECOY_TARGET,false,,,,,0.0,0.0,666,0,47,LOST,634.5,165.5,,False
SCN_010,714,23.7667,TGT_001,COMMUNICATION_TARGET,true,432.0,140.0,432.0,140.0,30.0,30.0,714,714,0,TRACKING,431.0,139.0,1.414,True
SCN_010,714,23.7667,TGT_002,DECOY_TARGET,true,266.5,188.5,266.5,188.5,60.0,30.0,714,714,0,TRACKING,265.5,187.5,1.414,False
SCN_010,714,23.7667,TGT_003,DECOY_TARGET,false,,,,,0.0,0.0,666,0,48,LOST,634.5,164.5,,False
SCN_010,715,23.8,TGT_001,COMMUNICATION_TARGET,true,433.0,141.0,433.0,141.0,30.0,30.0,715,715,0,TRACKING,432.0,140.0,1.414,True
SCN_010,715,23.8,TGT_002,DECOY_TARGET,true,268.5,190.5,268.5,190.5,60.0,60.0,715,715,0,TRACKING,267.5,189.5,1.414,False
SCN_010,715,23.8,TGT_003,DECOY_TARGET,false,,,,,0.0,0.0,666,0,49,LOST,634.5,164.5,,False
SCN_010,716,23.8333,TGT_001,COMMUNICATION_TARGET,true,434.0,142.0,434.0,142.0,30.0,30.0,716,716,0,TRACKING,433.0,141.0,1.414,True
SCN_010,716,23.8333,TGT_002,DECOY_TARGET,true,269.5,191.5,269.5,191.5,30.0,30.0,716,716,0,TRACKING,268.5,190.5,1.414,False
SCN_010,716,23.8333,TGT_003,DECOY_TARGET,false,,,,,0.0,0.0,666,0,50,LOST,634.5,164.5,,False
SCN_010,717,23.8667,TGT_001,COMMUNICATION_TARGET,true,434.0,143.0,434.0,143.0,0.0,30.0,717,717,0,TRACKING,433.0,142.0,1.414,True
SCN_010,717,23.8667,TGT_002,DECOY_TARGET,true,271.5,192.5,271.5,192.5,60.0,30.0,717,717,0,TRACKING,270.5,191.5,1.414,False
SCN_010,717,23.8667,TGT_003,DECOY_TARGET,false,,,,,0.0,0.0,666,0,51,LOST,634.5,164.5,,False
SCN_010,718,23.9,TGT_001,COMMUNICATION_TARGET,true,435.0,144.0,435.0,144.0,30.0,30.0,718,718,0,TRACKING,434.0,143.0,1.414,True
SCN_010,718,23.9,TGT_002,DECOY_TARGET,true,273.5,193.5,273.5,193.5,60.0,30.0,718,718,0,TRACKING,272.5,192.5,1.414,False
SCN_010,718,23.9,TGT_003,DECOY_TARGET,false,,,,,0.0,0.0,666,0,52,LOST,634.5,163.5,,False
SCN_010,719,23.9333,TGT_001,COMMUNICATION_TARGET,true,436.0,145.0,436.0,145.0,30.0,30.0,719,719,0,TRACKING,435.0,144.0,1.414,True
SCN_010,719,23.9333,TGT_002,DECOY_TARGET,true,274.5,194.5,274.5,194.5,30.0,30.0,719,719,0,TRACKING,273.5,193.5,1.414,False
SCN_010,719,23.9333,TGT_003,DECOY_TARGET,false,,,,,0.0,0.0,666,0,53,LOST,634.5,163.5,,False
SCN_010,720,23.9667,TGT_001,COMMUNICATION_TARGET,true,437.0,145.0,437.0,145.0,30.0,0.0,720,720,0,TRACKING,436.0,144.0,1.414,True
SCN_010,720,23.9667,TGT_002,DECOY_TARGET,true,276.5,196.5,276.5,196.5,60.0,60.0,720,720,0,TRACKING,275.5,195.5,1.414,False
SCN_010,720,23.9667,TGT_003,DECOY_TARGET,false,,,,,0.0,0.0,666,0,54,LOST,634.5,163.5,,False
SCN_010,721,24.0,TGT_001,COMMUNICATION_TARGET,true,437.0,146.0,437.0,146.0,0.0,30.0,721,721,0,TRACKING,436.0,145.0,1.414,True
SCN_010,721,24.0,TGT_002,DECOY_TARGET,true,278.5,197.5,278.5,197.5,60.0,30.0,721,721,0,TRACKING,277.5,196.5,1.414,False
SCN_010,721,24.0,TGT_003,DECOY_TARGET,false,,,,,0.0,0.0,666,0,55,LOST,634.5,162.5,,False
SCN_010,722,24.0333,TGT_001,COMMUNICATION_TARGET,true,438.0,147.0,438.0,147.0,30.0,30.0,722,722,0,TRACKING,437.0,146.0,1.414,True
SCN_010,722,24.0333,TGT_002,DECOY_TARGET,true,279.5,199.5,279.5,199.5,30.0,60.0,722,722,0,TRACKING,278.5,198.5,1.414,False
SCN_010,722,24.0333,TGT_003,DECOY_TARGET,false,,,,,0.0,0.0,666,0,56,LOST,634.5,162.5,,False
SCN_010,723,24.0667,TGT_001,COMMUNICATION_TARGET,true,439.0,148.0,439.0,148.0,30.0,30.0,723,723,0,TRACKING,438.0,147.0,1.414,True
SCN_010,723,24.0667,TGT_002,DECOY_TARGET,true,281.5,200.5,281.5,200.5,60.0,30.0,723,723,0,TRACKING,280.5,199.5,1.414,False
SCN_010,723,24.0667,TGT_003,DECOY_TARGET,false,,,,,0.0,0.0,666,0,57,LOST,634.5,162.5,,False
SCN_010,724,24.1,TGT_001,COMMUNICATION_TARGET,true,440.0,149.0,440.0,149.0,30.0,30.0,724,724,0,TRACKING,439.0,148.0,1.414,True
SCN_010,724,24.1,TGT_002,DECOY_TARGET,true,283.5,202.5,283.5,202.5,60.0,60.0,724,724,0,TRACKING,282.5,201.5,1.414,False
SCN_010,724,24.1,TGT_003,DECOY_TARGET,false,,,,,0.0,0.0,666,0,58,LOST,634.5,162.5,,False
SCN_010,725,24.1333,TGT_001,COMMUNICATION_TARGET,true,440.0,150.0,440.0,150.0,0.0,30.0,725,725,0,TRACKING,439.0,149.0,1.414,True
SCN_010,725,24.1333,TGT_002,DECOY_TARGET,true,285.5,203.5,285.5,203.5,60.0,30.0,725,725,0,TRACKING,284.5,202.5,1.414,False
SCN_010,725,24.1333,TGT_003,DECOY_TARGET,false,,,,,0.0,0.0,666,0,59,LOST,634.5,161.5,,False
SCN_010,726,24.1667,TGT_001,COMMUNICATION_TARGET,true,441.0,151.0,441.0,151.0,30.0,30.0,726,726,0,TRACKING,440.0,150.0,1.414,True
SCN_010,726,24.1667,TGT_002,DECOY_TARGET,true,286.5,205.5,286.5,205.5,30.0,60.0,726,726,0,TRACKING,285.5,204.5,1.414,False
SCN_010,726,24.1667,TGT_003,DECOY_TARGET,false,,,,,0.0,0.0,666,0,60,LOST,634.5,161.5,,False
SCN_010,727,24.2,TGT_001,COMMUNICATION_TARGET,true,442.0,152.0,442.0,152.0,30.0,30.0,727,727,0,TRACKING,441.0,151.0,1.414,True
SCN_010,727,24.2,TGT_002,DECOY_TARGET,true,288.5,207.5,288.5,207.5,60.0,60.0,727,727,0,TRACKING,287.5,206.5,1.414,False
SCN_010,727,24.2,TGT_003,DECOY_TARGET,false,,,,,0.0,0.0,666,0,61,LOST,634.5,161.5,,False
SCN_010,728,24.2333,TGT_001,COMMUNICATION_TARGET,true,442.0,153.0,442.0,153.0,0.0,30.0,728,728,0,TRACKING,441.0,152.0,1.414,True
SCN_010,728,24.2333,TGT_002,DECOY_TARGET,true,290.5,208.5,290.5,208.5,60.0,30.0,728,728,0,TRACKING,289.5,207.5,1.414,False
SCN_010,728,24.2333,TGT_003,DECOY_TARGET,false,,,,,0.0,0.0,666,0,62,LOST,634.5,161.5,,False
SCN_010,729,24.2667,TGT_001,COMMUNICATION_TARGET,true,443.0,154.0,443.0,154.0,30.0,30.0,729,729,0,TRACKING,442.0,153.0,1.414,True
SCN_010,729,24.2667,TGT_002,DECOY_TARGET,true,292.5,210.5,292.5,210.5,60.0,60.0,729,729,0,TRACKING,291.5,209.5,1.414,False
SCN_010,729,24.2667,TGT_003,DECOY_TARGET,false,,,,,0.0,0.0,666,0,63,LOST,634.5,160.5,,False
SCN_010,730,24.3,TGT_001,COMMUNICATION_TARGET,true,444.0,155.0,444.0,155.0,30.0,30.0,730,730,0,TRACKING,443.0,154.0,1.414,True
SCN_010,730,24.3,TGT_002,DECOY_TARGET,true,294.5,212.5,294.5,212.5,60.0,60.0,730,730,0,TRACKING,293.5,211.5,1.414,False
SCN_010,730,24.3,TGT_003,DECOY_TARGET,false,,,,,0.0,0.0,666,0,64,LOST,634.5,160.5,,False
SCN_010,731,24.3333,TGT_001,COMMUNICATION_TARGET,true,444.0,156.0,444.0,156.0,0.0,30.0,731,731,0,TRACKING,443.0,155.0,1.414,True
SCN_010,731,24.3333,TGT_002,DECOY_TARGET,true,295.5,214.5,295.5,214.5,30.0,60.0,731,731,0,TRACKING,294.5,213.5,1.414,False
SCN_010,731,24.3333,TGT_003,DECOY_TARGET,false,,,,,0.0,0.0,666,0,65,LOST,634.5,160.5,,False
SCN_010,732,24.3667,TGT_001,COMMUNICATION_TARGET,true,445.0,157.0,445.0,157.0,30.0,30.0,732,732,0,TRACKING,444.0,156.0,1.414,True
SCN_010,732,24.3667,TGT_002,DECOY_TARGET,true,297.5,215.5,297.5,215.5,60.0,30.0,732,732,0,TRACKING,296.5,214.5,1.414,False
SCN_010,732,24.3667,TGT_003,DECOY_TARGET,false,,,,,0.0,0.0,666,0,66,LOST,634.5,159.5,,False
SCN_010,733,24.4,TGT_001,COMMUNICATION_TARGET,true,446.0,158.0,446.0,158.0,30.0,30.0,733,733,0,TRACKING,445.0,157.0,1.414,True
SCN_010,733,24.4,TGT_002,DECOY_TARGET,true,299.5,217.5,299.5,217.5,60.0,60.0,733,733,0,TRACKING,298.5,216.5,1.414,False
SCN_010,733,24.4,TGT_003,DECOY_TARGET,false,,,,,0.0,0.0,666,0,67,LOST,634.5,159.5,,False
SCN_010,734,24.4333,TGT_001,COMMUNICATION_TARGET,true,446.0,159.0,446.0,159.0,0.0,30.0,734,734,0,TRACKING,445.0,158.0,1.414,True
SCN_010,734,24.4333,TGT_002,DECOY_TARGET,true,301.5,219.5,301.5,219.5,60.0,60.0,734,734,0,TRACKING,300.5,218.5,1.414,False
SCN_010,734,24.4333,TGT_003,DECOY_TARGET,false,,,,,0.0,0.0,666,0,68,LOST,634.5,159.5,,False
SCN_010,735,24.4667,TGT_001,COMMUNICATION_TARGET,true,447.0,160.0,447.0,160.0,30.0,30.0,735,735,0,TRACKING,446.0,159.0,1.414,True
SCN_010,735,24.4667,TGT_002,DECOY_TARGET,true,303.5,221.5,303.5,221.5,60.0,60.0,735,735,0,TRACKING,302.5,220.5,1.414,False
SCN_010,735,24.4667,TGT_003,DECOY_TARGET,false,,,,,0.0,0.0,666,0,69,LOST,634.5,159.5,,False
SCN_010,736,24.5,TGT_001,COMMUNICATION_TARGET,true,448.0,160.0,448.0,160.0,30.0,0.0,736,736,0,TRACKING,447.0,159.0,1.414,True
SCN_010,736,24.5,TGT_002,DECOY_TARGET,true,305.5,223.5,305.5,223.5,60.0,60.0,736,736,0,TRACKING,304.5,222.5,1.414,False
SCN_010,736,24.5,TGT_003,DECOY_TARGET,false,,,,,0.0,0.0,666,0,70,LOST,634.5,158.5,,False
SCN_010,737,24.5333,TGT_001,COMMUNICATION_TARGET,true,448.0,161.0,448.0,161.0,0.0,30.0,737,737,0,TRACKING,447.0,160.0,1.414,True
SCN_010,737,24.5333,TGT_002,DECOY_TARGET,true,306.5,225.5,306.5,225.5,30.0,60.0,737,737,0,TRACKING,305.5,224.5,1.414,False
SCN_010,737,24.5333,TGT_003,DECOY_TARGET,false,,,,,0.0,0.0,666,0,71,LOST,634.5,158.5,,False
SCN_010,738,24.5667,TGT_001,COMMUNICATION_TARGET,true,449.0,162.0,449.0,162.0,30.0,30.0,738,738,0,TRACKING,448.0,161.0,1.414,True
SCN_010,738,24.5667,TGT_002,DECOY_TARGET,true,308.5,227.5,308.5,227.5,60.0,60.0,738,738,0,TRACKING,307.5,226.5,1.414,False
SCN_010,738,24.5667,TGT_003,DECOY_TARGET,false,,,,,0.0,0.0,666,0,72,LOST,634.5,158.5,,False
SCN_010,739,24.6,TGT_001,COMMUNICATION_TARGET,true,449.0,163.0,449.0,163.0,0.0,30.0,739,739,0,TRACKING,448.0,162.0,1.414,True
SCN_010,739,24.6,TGT_002,DECOY_TARGET,true,310.5,229.5,310.5,229.5,60.0,60.0,739,739,0,TRACKING,309.5,228.5,1.414,False
SCN_010,739,24.6,TGT_003,DECOY_TARGET,false,,,,,0.0,0.0,666,0,73,LOST,634.5,158.5,,False
SCN_010,740,24.6333,TGT_001,COMMUNICATION_TARGET,true,450.0,164.0,450.0,164.0,30.0,30.0,740,740,0,TRACKING,449.0,163.0,1.414,True
SCN_010,740,24.6333,TGT_002,DECOY_TARGET,true,312.5,231.5,312.5,231.5,60.0,60.0,740,740,0,TRACKING,311.5,230.5,1.414,False
SCN_010,740,24.6333,TGT_003,DECOY_TARGET,false,,,,,0.0,0.0,666,0,74,LOST,634.5,157.5,,False
SCN_010,741,24.6667,TGT_001,COMMUNICATION_TARGET,true,451.0,165.0,451.0,165.0,30.0,30.0,741,741,0,TRACKING,450.0,164.0,1.414,True
SCN_010,741,24.6667,TGT_002,DECOY_TARGET,true,314.5,233.5,314.5,233.5,60.0,60.0,741,741,0,TRACKING,313.5,232.5,1.414,False
SCN_010,741,24.6667,TGT_003,DECOY_TARGET,false,,,,,0.0,0.0,666,0,75,LOST,634.5,157.5,,False
SCN_010,742,24.7,TGT_001,COMMUNICATION_TARGET,true,451.0,166.0,451.0,166.0,0.0,30.0,742,742,0,TRACKING,450.0,165.0,1.414,True
SCN_010,742,24.7,TGT_002,DECOY_TARGET,true,316.5,235.5,316.5,235.5,60.0,60.0,742,742,0,TRACKING,315.5,234.5,1.414,False
SCN_010,742,24.7,TGT_003,DECOY_TARGET,false,,,,,0.0,0.0,666,0,76,LOST,634.5,157.5,,False
SCN_010,743,24.7333,TGT_001,COMMUNICATION_TARGET,true,452.0,168.0,452.0,168.0,30.0,60.0,743,743,0,TRACKING,451.0,167.0,1.414,True
SCN_010,743,24.7333,TGT_002,DECOY_TARGET,true,317.5,237.5,317.5,237.5,30.0,60.0,743,743,0,TRACKING,316.5,236.5,1.414,False
SCN_010,743,24.7333,TGT_003,DECOY_TARGET,false,,,,,0.0,0.0,666,0,77,LOST,634.5,156.5,,False
SCN_010,744,24.7667,TGT_001,COMMUNICATION_TARGET,true,452.0,169.0,452.0,169.0,0.0,30.0,744,744,0,TRACKING,451.0,168.0,1.414,True
SCN_010,744,24.7667,TGT_002,DECOY_TARGET,true,319.5,239.5,319.5,239.5,60.0,60.0,744,744,0,TRACKING,318.5,238.5,1.414,False
SCN_010,744,24.7667,TGT_003,DECOY_TARGET,false,,,,,0.0,0.0,666,0,78,LOST,634.5,156.5,,False
SCN_010,745,24.8,TGT_001,COMMUNICATION_TARGET,true,453.0,170.0,453.0,170.0,30.0,30.0,745,745,0,TRACKING,452.0,169.0,1.414,True
SCN_010,745,24.8,TGT_002,DECOY_TARGET,true,321.5,241.5,321.5,241.5,60.0,60.0,745,745,0,TRACKING,320.5,240.5,1.414,False
SCN_010,745,24.8,TGT_003,DECOY_TARGET,false,,,,,0.0,0.0,666,0,79,LOST,634.5,156.5,,False
SCN_010,746,24.8333,TGT_001,COMMUNICATION_TARGET,true,453.0,171.0,453.0,171.0,0.0,30.0,746,746,0,TRACKING,452.0,170.0,1.414,True
SCN_010,746,24.8333,TGT_002,DECOY_TARGET,true,323.5,243.5,323.5,243.5,60.0,60.0,746,746,0,TRACKING,322.5,242.5,1.414,False
SCN_010,746,24.8333,TGT_003,DECOY_TARGET,false,,,,,0.0,0.0,666,0,80,LOST,634.5,156.5,,False
SCN_010,747,24.8667,TGT_001,COMMUNICATION_TARGET,true,454.0,172.0,454.0,172.0,30.0,30.0,747,747,0,TRACKING,453.0,171.0,1.414,True
SCN_010,747,24.8667,TGT_002,DECOY_TARGET,true,325.5,245.5,325.5,245.5,60.0,60.0,747,747,0,TRACKING,324.5,244.5,1.414,False
SCN_010,747,24.8667,TGT_003,DECOY_TARGET,false,,,,,0.0,0.0,666,0,81,LOST,634.5,155.5,,False
SCN_010,748,24.9,TGT_001,COMMUNICATION_TARGET,true,455.0,173.0,455.0,173.0,30.0,30.0,748,748,0,TRACKING,454.0,172.0,1.414,True
SCN_010,748,24.9,TGT_002,DECOY_TARGET,true,327.5,247.5,327.5,247.5,60.0,60.0,748,748,0,TRACKING,326.5,246.5,1.414,False
SCN_010,748,24.9,TGT_003,DECOY_TARGET,false,,,,,0.0,0.0,666,0,82,LOST,634.5,155.5,,False
SCN_010,749,24.9333,TGT_001,COMMUNICATION_TARGET,true,455.0,174.0,455.0,174.0,0.0,30.0,749,749,0,TRACKING,454.0,173.0,1.414,True
SCN_010,749,24.9333,TGT_002,DECOY_TARGET,true,329.5,249.5,329.5,249.5,60.0,60.0,749,749,0,TRACKING,328.5,248.5,1.414,False
SCN_010,749,24.9333,TGT_003,DECOY_TARGET,false,,,,,0.0,0.0,666,0,83,LOST,634.5,155.5,,False
SCN_010,750,24.9667,TGT_001,COMMUNICATION_TARGET,true,456.0,175.0,456.0,175.0,30.0,30.0,750,750,0,TRACKING,455.0,174.0,1.414,True
SCN_010,750,24.9667,TGT_002,DECOY_TARGET,true,330.5,251.5,330.5,251.5,30.0,60.0,750,750,0,TRACKING,329.5,250.5,1.414,False
SCN_010,750,24.9667,TGT_003,DECOY_TARGET,false,,,,,0.0,0.0,666,0,84,LOST,634.5,155.5,,False
SCN_010,751,25.0,TGT_001,COMMUNICATION_TARGET,true,456.0,176.0,456.0,176.0,0.0,30.0,751,751,0,TRACKING,455.0,175.0,1.414,True
SCN_010,751,25.0,TGT_002,DECOY_TARGET,true,332.5,253.5,332.5,253.5,60.0,60.0,751,751,0,TRACKING,331.5,252.5,1.414,False
SCN_010,751,25.0,TGT_003,DECOY_TARGET,false,,,,,0.0,0.0,666,0,85,LOST,634.5,154.5,,False
SCN_010,752,25.0333,TGT_001,COMMUNICATION_TARGET,true,457.0,177.0,457.0,177.0,30.0,30.0,752,752,0,TRACKING,456.0,176.0,1.414,True
SCN_010,752,25.0333,TGT_002,DECOY_TARGET,true,334.5,255.5,334.5,255.5,60.0,60.0,752,752,0,TRACKING,333.5,254.5,1.414,False
SCN_010,752,25.0333,TGT_003,DECOY_TARGET,false,,,,,0.0,0.0,666,0,86,LOST,634.5,154.5,,False
SCN_010,753,25.0667,TGT_001,COMMUNICATION_TARGET,true,457.0,178.0,457.0,178.0,0.0,30.0,753,753,0,TRACKING,456.0,177.0,1.414,True
SCN_010,753,25.0667,TGT_002,DECOY_TARGET,true,336.5,257.5,336.5,257.5,60.0,60.0,753,753,0,TRACKING,335.5,256.5,1.414,False
SCN_010,753,25.0667,TGT_003,DECOY_TARGET,false,,,,,0.0,0.0,666,0,87,LOST,634.5,154.5,,False
SCN_010,754,25.1,TGT_001,COMMUNICATION_TARGET,true,458.0,179.0,458.0,179.0,30.0,30.0,754,754,0,TRACKING,457.0,178.0,1.414,True
SCN_010,754,25.1,TGT_002,DECOY_TARGET,true,338.5,259.5,338.5,259.5,60.0,60.0,754,754,0,TRACKING,337.5,258.5,1.414,False
SCN_010,754,25.1,TGT_003,DECOY_TARGET,false,,,,,0.0,0.0,666,0,88,LOST,634.5,153.5,,False
SCN_010,755,25.1333,TGT_001,COMMUNICATION_TARGET,true,458.0,180.0,458.0,180.0,0.0,30.0,755,755,0,TRACKING,457.0,179.0,1.414,True
SCN_010,755,25.1333,TGT_002,DECOY_TARGET,true,340.5,261.5,340.5,261.5,60.0,60.0,755,755,0,TRACKING,339.5,260.5,1.414,False
SCN_010,755,25.1333,TGT_003,DECOY_TARGET,false,,,,,0.0,0.0,666,0,89,LOST,634.5,153.5,,False
SCN_010,756,25.1667,TGT_001,COMMUNICATION_TARGET,true,459.0,181.0,459.0,181.0,30.0,30.0,756,756,0,TRACKING,458.0,180.0,1.414,True
SCN_010,756,25.1667,TGT_002,DECOY_TARGET,true,342.5,263.5,342.5,263.5,60.0,60.0,756,756,0,TRACKING,341.5,262.5,1.414,False
SCN_010,756,25.1667,TGT_003,DECOY_TARGET,false,,,,,0.0,0.0,666,0,90,LOST,634.5,153.5,,False
SCN_010,757,25.2,TGT_001,COMMUNICATION_TARGET,true,459.0,182.0,459.0,182.0,0.0,30.0,757,757,0,TRACKING,458.0,181.0,1.414,True
SCN_010,757,25.2,TGT_002,DECOY_TARGET,true,343.5,265.5,343.5,265.5,30.0,60.0,757,757,0,TRACKING,342.5,264.5,1.414,False
SCN_010,757,25.2,TGT_003,DECOY_TARGET,false,,,,,0.0,0.0,666,0,91,LOST,634.5,153.5,,False
SCN_010,758,25.2333,TGT_001,COMMUNICATION_TARGET,true,459.0,183.0,459.0,183.0,0.0,30.0,758,758,0,TRACKING,458.0,182.0,1.414,True
SCN_010,758,25.2333,TGT_002,DECOY_TARGET,true,345.5,267.5,345.5,267.5,60.0,60.0,758,758,0,TRACKING,344.5,266.5,1.414,False
SCN_010,758,25.2333,TGT_003,DECOY_TARGET,false,,,,,0.0,0.0,666,0,92,LOST,634.5,152.5,,False
SCN_010,759,25.2667,TGT_001,COMMUNICATION_TARGET,true,460.0,184.0,460.0,184.0,30.0,30.0,759,759,0,TRACKING,459.0,183.0,1.414,True
SCN_010,759,25.2667,TGT_002,DECOY_TARGET,true,347.5,269.5,347.5,269.5,60.0,60.0,759,759,0,TRACKING,346.5,268.5,1.414,False
SCN_010,759,25.2667,TGT_003,DECOY_TARGET,false,,,,,0.0,0.0,666,0,93,LOST,634.5,152.5,,False
SCN_010,760,25.3,TGT_001,COMMUNICATION_TARGET,true,460.0,185.0,460.0,185.0,0.0,30.0,760,760,0,TRACKING,459.0,184.0,1.414,True
SCN_010,760,25.3,TGT_002,DECOY_TARGET,true,349.5,271.5,349.5,271.5,60.0,60.0,760,760,0,TRACKING,348.5,270.5,1.414,False
SCN_010,760,25.3,TGT_003,DECOY_TARGET,false,,,,,0.0,0.0,666,0,94,LOST,634.5,152.5,,False
SCN_010,761,25.3333,TGT_001,COMMUNICATION_TARGET,true,461.0,186.0,461.0,186.0,30.0,30.0,761,761,0,TRACKING,460.0,185.0,1.414,True
SCN_010,761,25.3333,TGT_002,DECOY_TARGET,true,351.5,272.5,351.5,272.5,60.0,30.0,761,761,0,TRACKING,350.5,271.5,1.414,False
SCN_010,761,25.3333,TGT_003,DECOY_TARGET,false,,,,,0.0,0.0,666,0,95,LOST,634.5,152.5,,False
SCN_010,762,25.3667,TGT_001,COMMUNICATION_TARGET,true,461.0,188.0,461.0,188.0,0.0,60.0,762,762,0,TRACKING,460.0,187.0,1.414,True
SCN_010,762,25.3667,TGT_002,DECOY_TARGET,true,352.5,274.5,352.5,274.5,30.0,60.0,762,762,0,TRACKING,351.5,273.5,1.414,False
SCN_010,762,25.3667,TGT_003,DECOY_TARGET,false,,,,,0.0,0.0,666,0,96,LOST,634.5,151.5,,False
SCN_010,763,25.4,TGT_001,COMMUNICATION_TARGET,true,462.0,189.0,462.0,189.0,30.0,30.0,763,763,0,TRACKING,461.0,188.0,1.414,True
SCN_010,763,25.4,TGT_002,DECOY_TARGET,true,354.5,276.5,354.5,276.5,60.0,60.0,763,763,0,TRACKING,353.5,275.5,1.414,False
SCN_010,763,25.4,TGT_003,DECOY_TARGET,false,,,,,0.0,0.0,666,0,97,LOST,634.5,151.5,,False
SCN_010,764,25.4333,TGT_001,COMMUNICATION_TARGET,true,462.0,190.0,462.0,190.0,0.0,30.0,764,764,0,TRACKING,461.0,189.0,1.414,True
SCN_010,764,25.4333,TGT_002,DECOY_TARGET,true,356.5,277.5,356.5,277.5,60.0,30.0,764,764,0,TRACKING,355.5,276.5,1.414,False
SCN_010,764,25.4333,TGT_003,DECOY_TARGET,false,,,,,0.0,0.0,666,0,98,LOST,634.5,151.5,,False
SCN_010,765,25.4667,TGT_001,COMMUNICATION_TARGET,true,462.0,191.0,462.0,191.0,0.0,30.0,765,765,0,TRACKING,461.0,190.0,1.414,True
SCN_010,765,25.4667,TGT_002,DECOY_TARGET,true,358.5,279.5,358.5,279.5,60.0,60.0,765,765,0,TRACKING,357.5,278.5,1.414,False
SCN_010,765,25.4667,TGT_003,DECOY_TARGET,false,,,,,0.0,0.0,666,0,99,LOST,634.5,150.5,,False
SCN_010,766,25.5,TGT_001,COMMUNICATION_TARGET,true,463.0,192.0,463.0,192.0,30.0,30.0,766,766,0,TRACKING,462.0,191.0,1.414,True
SCN_010,766,25.5,TGT_002,DECOY_TARGET,true,359.5,281.5,359.5,281.5,30.0,60.0,766,766,0,TRACKING,358.5,280.5,1.414,False
SCN_010,766,25.5,TGT_003,DECOY_TARGET,false,,,,,0.0,0.0,666,0,100,LOST,634.5,150.5,,False
SCN_010,767,25.5333,TGT_001,COMMUNICATION_TARGET,true,463.0,193.0,463.0,193.0,0.0,30.0,767,767,0,TRACKING,462.0,192.0,1.414,True
SCN_010,767,25.5333,TGT_002,DECOY_TARGET,true,361.5,282.5,361.5,282.5,60.0,30.0,767,767,0,TRACKING,360.5,281.5,1.414,False
SCN_010,767,25.5333,TGT_003,DECOY_TARGET,false,,,,,0.0,0.0,666,0,101,LOST,634.5,150.5,,False
SCN_010,768,25.5667,TGT_001,COMMUNICATION_TARGET,true,463.0,194.0,463.0,194.0,0.0,30.0,768,768,0,TRACKING,462.0,193.0,1.414,True
SCN_010,768,25.5667,TGT_002,DECOY_TARGET,true,363.5,283.5,363.5,283.5,60.0,30.0,768,768,0,TRACKING,362.5,282.5,1.414,False
SCN_010,768,25.5667,TGT_003,DECOY_TARGET,false,,,,,0.0,0.0,666,0,102,LOST,634.5,150.5,,False
SCN_010,769,25.6,TGT_001,COMMUNICATION_TARGET,true,464.0,195.0,464.0,195.0,30.0,30.0,769,769,0,TRACKING,463.0,194.0,1.414,True
SCN_010,769,25.6,TGT_002,DECOY_TARGET,true,365.5,285.5,365.5,285.5,60.0,60.0,769,769,0,TRACKING,364.5,284.5,1.414,False
SCN_010,769,25.6,TGT_003,DECOY_TARGET,false,,,,,0.0,0.0,666,0,103,LOST,634.5,149.5,,False
SCN_010,770,25.6333,TGT_001,COMMUNICATION_TARGET,true,464.0,196.0,464.0,196.0,0.0,30.0,770,770,0,TRACKING,463.0,195.0,1.414,True
SCN_010,770,25.6333,TGT_002,DECOY_TARGET,true,366.5,286.5,366.5,286.5,30.0,30.0,770,770,0,TRACKING,365.5,285.5,1.414,False
SCN_010,770,25.6333,TGT_003,DECOY_TARGET,false,,,,,0.0,0.0,666,0,104,LOST,634.5,149.5,,False
SCN_010,771,25.6667,TGT_001,COMMUNICATION_TARGET,true,465.0,197.0,465.0,197.0,30.0,30.0,771,771,0,TRACKING,464.0,196.0,1.414,True
SCN_010,771,25.6667,TGT_002,DECOY_TARGET,true,368.5,288.5,368.5,288.5,60.0,60.0,771,771,0,TRACKING,367.5,287.5,1.414,False
SCN_010,771,25.6667,TGT_003,DECOY_TARGET,false,,,,,0.0,0.0,666,0,105,LOST,634.5,149.5,,False
SCN_010,772,25.7,TGT_001,COMMUNICATION_TARGET,true,465.0,199.0,465.0,199.0,0.0,60.0,772,772,0,TRACKING,464.0,198.0,1.414,True
SCN_010,772,25.7,TGT_002,DECOY_TARGET,true,370.5,289.5,370.5,289.5,60.0,30.0,772,772,0,TRACKING,369.5,288.5,1.414,False
SCN_010,772,25.7,TGT_003,DECOY_TARGET,false,,,,,0.0,0.0,666,0,106,LOST,634.5,149.5,,False
SCN_010,773,25.7333,TGT_001,COMMUNICATION_TARGET,true,465.0,200.0,465.0,200.0,0.0,30.0,773,773,0,TRACKING,464.0,199.0,1.414,True
SCN_010,773,25.7333,TGT_002,DECOY_TARGET,true,371.5,290.5,371.5,290.5,30.0,30.0,773,773,0,TRACKING,370.5,289.5,1.414,False
SCN_010,773,25.7333,TGT_003,DECOY_TARGET,false,,,,,0.0,0.0,666,0,107,LOST,634.5,148.5,,False
SCN_010,774,25.7667,TGT_001,COMMUNICATION_TARGET,true,466.0,201.0,466.0,201.0,30.0,30.0,774,774,0,TRACKING,465.0,200.0,1.414,True
SCN_010,774,25.7667,TGT_002,DECOY_TARGET,true,373.5,291.5,373.5,291.5,60.0,30.0,774,774,0,TRACKING,372.5,290.5,1.414,False
SCN_010,774,25.7667,TGT_003,DECOY_TARGET,false,,,,,0.0,0.0,666,0,108,LOST,634.5,148.5,,False
SCN_010,775,25.8,TGT_001,COMMUNICATION_TARGET,true,466.0,202.0,466.0,202.0,0.0,30.0,775,775,0,TRACKING,465.0,201.0,1.414,True
SCN_010,775,25.8,TGT_002,DECOY_TARGET,true,375.5,292.5,375.5,292.5,60.0,30.0,775,775,0,TRACKING,374.5,291.5,1.414,False
SCN_010,775,25.8,TGT_003,DECOY_TARGET,false,,,,,0.0,0.0,666,0,109,LOST,634.5,148.5,,False
SCN_010,776,25.8333,TGT_001,COMMUNICATION_TARGET,true,466.0,203.0,466.0,203.0,0.0,30.0,776,776,0,TRACKING,465.0,202.0,1.414,True
SCN_010,776,25.8333,TGT_002,DECOY_TARGET,true,376.5,293.5,376.5,293.5,30.0,30.0,776,776,0,TRACKING,375.5,292.5,1.414,False
SCN_010,776,25.8333,TGT_003,DECOY_TARGET,false,,,,,0.0,0.0,666,0,110,LOST,634.5,147.5,,False
SCN_010,777,25.8667,TGT_001,COMMUNICATION_TARGET,true,466.0,204.0,466.0,204.0,0.0,30.0,777,777,0,TRACKING,465.0,203.0,1.414,True
SCN_010,777,25.8667,TGT_002,DECOY_TARGET,true,378.5,294.5,378.5,294.5,60.0,30.0,777,777,0,TRACKING,377.5,293.5,1.414,False
SCN_010,777,25.8667,TGT_003,DECOY_TARGET,false,,,,,0.0,0.0,666,0,111,LOST,634.5,147.5,,False
SCN_010,778,25.9,TGT_001,COMMUNICATION_TARGET,true,467.0,205.0,467.0,205.0,30.0,30.0,778,778,0,TRACKING,466.0,204.0,1.414,True
SCN_010,778,25.9,TGT_002,DECOY_TARGET,true,379.5,295.5,379.5,295.5,30.0,30.0,778,778,0,TRACKING,378.5,294.5,1.414,False
SCN_010,778,25.9,TGT_003,DECOY_TARGET,false,,,,,0.0,0.0,666,0,112,LOST,634.5,147.5,,False
SCN_010,779,25.9333,TGT_001,COMMUNICATION_TARGET,true,467.0,207.0,467.0,207.0,0.0,60.0,779,779,0,TRACKING,466.0,206.0,1.414,True
SCN_010,779,25.9333,TGT_002,DECOY_TARGET,true,381.5,296.5,381.5,296.5,60.0,30.0,779,779,0,TRACKING,380.5,295.5,1.414,False
SCN_010,779,25.9333,TGT_003,DECOY_TARGET,false,,,,,0.0,0.0,666,0,113,LOST,634.5,147.5,,False
SCN_010,780,25.9667,TGT_001,COMMUNICATION_TARGET,true,467.0,208.0,467.0,208.0,0.0,30.0,780,780,0,TRACKING,466.0,207.0,1.414,True
SCN_010,780,25.9667,TGT_002,DECOY_TARGET,true,382.5,297.5,382.5,297.5,30.0,30.0,780,780,0,TRACKING,381.5,296.5,1.414,False
SCN_010,780,25.9667,TGT_003,DECOY_TARGET,false,,,,,0.0,0.0,666,0,114,LOST,634.5,146.5,,False
SCN_010,781,26.0,TGT_001,COMMUNICATION_TARGET,true,467.0,209.0,467.0,209.0,0.0,30.0,781,781,0,TRACKING,466.0,208.0,1.414,True
SCN_010,781,26.0,TGT_002,DECOY_TARGET,true,384.5,298.5,384.5,298.5,60.0,30.0,781,781,0,TRACKING,383.5,297.5,1.414,False
SCN_010,781,26.0,TGT_003,DECOY_TARGET,false,,,,,0.0,0.0,666,0,115,LOST,634.5,146.5,,False
SCN_010,782,26.0333,TGT_001,COMMUNICATION_TARGET,true,468.0,210.0,468.0,210.0,30.0,30.0,782,782,0,TRACKING,467.0,209.0,1.414,True
SCN_010,782,26.0333,TGT_002,DECOY_TARGET,true,385.5,298.5,385.5,298.5,30.0,0.0,782,782,0,TRACKING,384.5,297.5,1.414,False
SCN_010,782,26.0333,TGT_003,DECOY_TARGET,false,,,,,0.0,0.0,666,0,116,LOST,634.5,146.5,,False
SCN_010,783,26.0667,TGT_001,COMMUNICATION_TARGET,true,468.0,211.0,468.0,211.0,0.0,30.0,783,783,0,TRACKING,467.0,210.0,1.414,True
SCN_010,783,26.0667,TGT_002,DECOY_TARGET,true,387.5,299.5,387.5,299.5,60.0,30.0,783,783,0,TRACKING,386.5,298.5,1.414,False
SCN_010,783,26.0667,TGT_003,DECOY_TARGET,false,,,,,0.0,0.0,666,0,117,LOST,634.5,146.5,,False
SCN_010,784,26.1,TGT_001,COMMUNICATION_TARGET,true,468.0,212.0,468.0,212.0,0.0,30.0,784,784,0,TRACKING,467.0,211.0,1.414,True
SCN_010,784,26.1,TGT_002,DECOY_TARGET,true,388.5,299.5,388.5,299.5,30.0,0.0,784,784,0,TRACKING,387.5,298.5,1.414,False
SCN_010,784,26.1,TGT_003,DECOY_TARGET,false,,,,,0.0,0.0,666,0,118,LOST,634.5,145.5,,False
SCN_010,785,26.1333,TGT_001,COMMUNICATION_TARGET,true,468.0,213.0,468.0,213.0,0.0,30.0,785,785,0,TRACKING,467.0,212.0,1.414,True
SCN_010,785,26.1333,TGT_002,DECOY_TARGET,true,390.5,300.5,390.5,300.5,60.0,30.0,785,785,0,TRACKING,389.5,299.5,1.414,False
SCN_010,785,26.1333,TGT_003,DECOY_TARGET,false,,,,,0.0,0.0,666,0,119,LOST,634.5,145.5,,False
SCN_010,786,26.1667,TGT_001,COMMUNICATION_TARGET,true,469.0,214.0,469.0,214.0,30.0,30.0,786,786,0,TRACKING,468.0,213.0,1.414,True
SCN_010,786,26.1667,TGT_002,DECOY_TARGET,true,391.5,300.5,391.5,300.5,30.0,0.0,786,786,0,TRACKING,390.5,299.5,1.414,False
SCN_010,786,26.1667,TGT_003,DECOY_TARGET,false,,,,,0.0,0.0,666,0,120,LOST,634.5,145.5,,False
SCN_010,787,26.2,TGT_001,COMMUNICATION_TARGET,true,469.0,216.0,469.0,216.0,0.0,60.0,787,787,0,TRACKING,468.0,215.0,1.414,True
SCN_010,787,26.2,TGT_002,DECOY_TARGET,true,393.5,300.5,393.5,300.5,60.0,0.0,787,787,0,TRACKING,392.5,299.5,1.414,False
SCN_010,787,26.2,TGT_003,DECOY_TARGET,false,,,,,0.0,0.0,666,0,121,LOST,634.5,144.5,,False
SCN_010,788,26.2333,TGT_001,COMMUNICATION_TARGET,true,469.0,217.0,469.0,217.0,0.0,30.0,788,788,0,TRACKING,468.0,216.0,1.414,True
SCN_010,788,26.2333,TGT_002,DECOY_TARGET,true,394.5,301.5,394.5,301.5,30.0,30.0,788,788,0,TRACKING,393.5,300.5,1.414,False
SCN_010,788,26.2333,TGT_003,DECOY_TARGET,false,,,,,0.0,0.0,666,0,122,LOST,634.5,144.5,,False
SCN_010,789,26.2667,TGT_001,COMMUNICATION_TARGET,true,469.0,218.0,469.0,218.0,0.0,30.0,789,789,0,TRACKING,468.0,217.0,1.414,True
SCN_010,789,26.2667,TGT_002,DECOY_TARGET,true,395.5,301.5,395.5,301.5,30.0,0.0,789,789,0,TRACKING,394.5,300.5,1.414,False
SCN_010,789,26.2667,TGT_003,DECOY_TARGET,false,,,,,0.0,0.0,666,0,123,LOST,634.5,144.5,,False
SCN_010,790,26.3,TGT_001,COMMUNICATION_TARGET,true,469.0,219.0,469.0,219.0,0.0,30.0,790,790,0,TRACKING,468.0,218.0,1.414,True
SCN_010,790,26.3,TGT_002,DECOY_TARGET,true,397.5,301.5,397.5,301.5,60.0,0.0,790,790,0,TRACKING,396.5,300.5,1.414,False
SCN_010,790,26.3,TGT_003,DECOY_TARGET,false,,,,,0.0,0.0,666,0,124,LOST,634.5,144.5,,False
SCN_010,791,26.3333,TGT_001,COMMUNICATION_TARGET,true,470.0,220.0,470.0,220.0,30.0,30.0,791,791,0,TRACKING,469.0,219.0,1.414,True
SCN_010,791,26.3333,TGT_002,DECOY_TARGET,true,398.5,301.5,398.5,301.5,30.0,0.0,791,791,0,TRACKING,397.5,300.5,1.414,False
SCN_010,791,26.3333,TGT_003,DECOY_TARGET,false,,,,,0.0,0.0,666,0,125,LOST,634.5,143.5,,False
SCN_010,792,26.3667,TGT_001,COMMUNICATION_TARGET,true,470.0,221.0,470.0,221.0,0.0,30.0,792,792,0,TRACKING,469.0,220.0,1.414,True
SCN_010,792,26.3667,TGT_002,DECOY_TARGET,true,399.5,301.5,399.5,301.5,30.0,0.0,792,792,0,TRACKING,398.5,300.5,1.414,False
SCN_010,792,26.3667,TGT_003,DECOY_TARGET,false,,,,,0.0,0.0,666,0,126,LOST,634.5,143.5,,False
SCN_010,793,26.4,TGT_001,COMMUNICATION_TARGET,true,470.0,223.0,470.0,223.0,0.0,60.0,793,793,0,TRACKING,469.0,222.0,1.414,True
SCN_010,793,26.4,TGT_002,DECOY_TARGET,true,401.5,301.5,401.5,301.5,60.0,0.0,793,793,0,TRACKING,400.5,300.5,1.414,False
SCN_010,793,26.4,TGT_003,DECOY_TARGET,false,,,,,0.0,0.0,666,0,127,LOST,634.5,143.5,,False
SCN_010,794,26.4333,TGT_001,COMMUNICATION_TARGET,true,470.0,224.0,470.0,224.0,0.0,30.0,794,794,0,TRACKING,469.0,223.0,1.414,True
SCN_010,794,26.4333,TGT_002,DECOY_TARGET,true,402.5,301.5,402.5,301.5,30.0,0.0,794,794,0,TRACKING,401.5,300.5,1.414,False
SCN_010,794,26.4333,TGT_003,DECOY_TARGET,false,,,,,0.0,0.0,666,0,128,LOST,634.5,143.5,,False
SCN_010,795,26.4667,TGT_001,COMMUNICATION_TARGET,true,470.0,225.0,470.0,225.0,0.0,30.0,795,795,0,TRACKING,469.0,224.0,1.414,True
SCN_010,795,26.4667,TGT_002,DECOY_TARGET,true,403.5,300.5,403.5,300.5,30.0,-30.0,795,795,0,TRACKING,402.5,299.5,1.414,False
SCN_010,795,26.4667,TGT_003,DECOY_TARGET,false,,,,,0.0,0.0,666,0,129,LOST,634.5,142.5,,False
SCN_010,796,26.5,TGT_001,COMMUNICATION_TARGET,true,470.0,226.0,470.0,226.0,0.0,30.0,796,796,0,TRACKING,469.0,225.0,1.414,True
SCN_010,796,26.5,TGT_002,DECOY_TARGET,true,404.5,300.5,404.5,300.5,30.0,0.0,796,796,0,TRACKING,403.5,299.5,1.414,False
SCN_010,796,26.5,TGT_003,DECOY_TARGET,false,,,,,0.0,0.0,666,0,130,LOST,634.5,142.5,,False
SCN_010,797,26.5333,TGT_001,COMMUNICATION_TARGET,true,470.0,227.0,470.0,227.0,0.0,30.0,797,797,0,TRACKING,469.0,226.0,1.414,True
SCN_010,797,26.5333,TGT_002,DECOY_TARGET,true,406.5,300.5,406.5,300.5,60.0,0.0,797,797,0,TRACKING,405.5,299.5,1.414,False
SCN_010,797,26.5333,TGT_003,DECOY_TARGET,false,,,,,0.0,0.0,666,0,131,LOST,634.5,142.5,,False
SCN_010,798,26.5667,TGT_001,COMMUNICATION_TARGET,true,470.0,228.0,470.0,228.0,0.0,30.0,798,798,0,TRACKING,469.0,227.0,1.414,True
SCN_010,798,26.5667,TGT_002,DECOY_TARGET,true,407.5,299.5,407.5,299.5,30.0,-30.0,798,798,0,TRACKING,406.5,298.5,1.414,False
SCN_010,798,26.5667,TGT_003,DECOY_TARGET,false,,,,,0.0,0.0,666,0,132,LOST,634.5,141.5,,False
SCN_010,799,26.6,TGT_001,COMMUNICATION_TARGET,true,471.0,230.0,471.0,230.0,30.0,60.0,799,799,0,TRACKING,470.0,229.0,1.414,True
SCN_010,799,26.6,TGT_002,DECOY_TARGET,true,408.5,299.5,408.5,299.5,30.0,0.0,799,799,0,TRACKING,407.5,298.5,1.414,False
SCN_010,799,26.6,TGT_003,DECOY_TARGET,false,,,,,0.0,0.0,666,0,133,LOST,634.5,141.5,,False
SCN_010,800,26.6333,TGT_001,COMMUNICATION_TARGET,true,471.0,231.0,471.0,231.0,0.0,30.0,800,800,0,TRACKING,470.0,230.0,1.414,True
SCN_010,800,26.6333,TGT_002,DECOY_TARGET,true,409.5,298.5,409.5,298.5,30.0,-30.0,800,800,0,TRACKING,408.5,297.5,1.414,False
SCN_010,800,26.6333,TGT_003,DECOY_TARGET,false,,,,,0.0,0.0,666,0,134,LOST,634.5,141.5,,False
SCN_010,801,26.6667,TGT_001,COMMUNICATION_TARGET,true,471.0,232.0,471.0,232.0,0.0,30.0,801,801,0,TRACKING,470.0,231.0,1.414,True
SCN_010,801,26.6667,TGT_002,DECOY_TARGET,true,410.5,298.5,410.5,298.5,30.0,0.0,801,801,0,TRACKING,409.5,297.5,1.414,False
SCN_010,801,26.6667,TGT_003,DECOY_TARGET,false,,,,,0.0,0.0,666,0,135,LOST,634.5,141.5,,False
SCN_010,802,26.7,TGT_001,COMMUNICATION_TARGET,true,471.0,233.0,471.0,233.0,0.0,30.0,802,802,0,TRACKING,470.0,232.0,1.414,True
SCN_010,802,26.7,TGT_002,DECOY_TARGET,true,411.5,297.5,411.5,297.5,30.0,-30.0,802,802,0,TRACKING,410.5,296.5,1.414,False
SCN_010,802,26.7,TGT_003,DECOY_TARGET,false,,,,,0.0,0.0,666,0,136,LOST,634.5,140.5,,False
SCN_010,803,26.7333,TGT_001,COMMUNICATION_TARGET,true,471.0,234.0,471.0,234.0,0.0,30.0,803,803,0,TRACKING,470.0,233.0,1.414,True
SCN_010,803,26.7333,TGT_002,DECOY_TARGET,true,412.5,296.5,412.5,296.5,30.0,-30.0,803,803,0,TRACKING,411.5,295.5,1.414,False
SCN_010,803,26.7333,TGT_003,DECOY_TARGET,false,,,,,0.0,0.0,666,0,137,LOST,634.5,140.5,,False
SCN_010,804,26.7667,TGT_001,COMMUNICATION_TARGET,true,471.0,235.0,471.0,235.0,0.0,30.0,804,804,0,TRACKING,470.0,234.0,1.414,True
SCN_010,804,26.7667,TGT_002,DECOY_TARGET,true,413.5,295.5,413.5,295.5,30.0,-30.0,804,804,0,TRACKING,412.5,294.5,1.414,False
SCN_010,804,26.7667,TGT_003,DECOY_TARGET,false,,,,,0.0,0.0,666,0,138,LOST,634.5,140.5,,False
SCN_010,805,26.8,TGT_001,COMMUNICATION_TARGET,true,471.0,237.0,471.0,237.0,0.0,60.0,805,805,0,TRACKING,470.0,236.0,1.414,True
SCN_010,805,26.8,TGT_002,DECOY_TARGET,true,414.5,294.5,414.5,294.5,30.0,-30.0,805,805,0,TRACKING,413.5,293.5,1.414,False
SCN_010,805,26.8,TGT_003,DECOY_TARGET,false,,,,,0.0,0.0,666,0,139,LOST,634.5,140.5,,False
SCN_010,806,26.8333,TGT_001,COMMUNICATION_TARGET,true,471.0,238.0,471.0,238.0,0.0,30.0,806,806,0,TRACKING,470.0,237.0,1.414,True
SCN_010,806,26.8333,TGT_002,DECOY_TARGET,true,415.5,293.5,415.5,293.5,30.0,-30.0,806,806,0,TRACKING,414.5,292.5,1.414,False
SCN_010,806,26.8333,TGT_003,DECOY_TARGET,false,,,,,0.0,0.0,666,0,140,LOST,634.5,139.5,,False
SCN_010,807,26.8667,TGT_001,COMMUNICATION_TARGET,true,471.0,239.0,471.0,239.0,0.0,30.0,807,807,0,TRACKING,470.0,238.0,1.414,True
SCN_010,807,26.8667,TGT_002,DECOY_TARGET,true,416.5,292.5,416.5,292.5,30.0,-30.0,807,807,0,TRACKING,415.5,291.5,1.414,False
SCN_010,807,26.8667,TGT_003,DECOY_TARGET,false,,,,,0.0,0.0,666,0,141,LOST,634.5,139.5,,False
SCN_010,808,26.9,TGT_001,COMMUNICATION_TARGET,true,471.0,240.0,471.0,240.0,0.0,30.0,808,808,0,TRACKING,470.0,239.0,1.414,True
SCN_010,808,26.9,TGT_002,DECOY_TARGET,true,417.5,291.5,417.5,291.5,30.0,-30.0,808,808,0,TRACKING,416.5,290.5,1.414,False
SCN_010,808,26.9,TGT_003,DECOY_TARGET,false,,,,,0.0,0.0,666,0,142,LOST,634.5,139.5,,False
SCN_010,809,26.9333,TGT_001,COMMUNICATION_TARGET,true,471.0,241.0,471.0,241.0,0.0,30.0,809,809,0,TRACKING,470.0,240.0,1.414,True
SCN_010,809,26.9333,TGT_002,DECOY_TARGET,true,418.5,290.5,418.5,290.5,30.0,-30.0,809,809,0,TRACKING,417.5,289.5,1.414,False
SCN_010,809,26.9333,TGT_003,DECOY_TARGET,false,,,,,0.0,0.0,666,0,143,LOST,634.5,138.5,,False
SCN_010,810,26.9667,TGT_001,COMMUNICATION_TARGET,true,471.0,242.0,471.0,242.0,0.0,30.0,810,810,0,TRACKING,470.0,241.0,1.414,True
SCN_010,810,26.9667,TGT_002,DECOY_TARGET,true,419.5,289.5,419.5,289.5,30.0,-30.0,810,810,0,TRACKING,418.5,288.5,1.414,False
SCN_010,810,26.9667,TGT_003,DECOY_TARGET,false,,,,,0.0,0.0,666,0,144,LOST,634.5,138.5,,False
SCN_010,811,27.0,TGT_001,COMMUNICATION_TARGET,true,471.0,244.0,471.0,244.0,0.0,60.0,811,811,0,TRACKING,470.0,243.0,1.414,True
SCN_010,811,27.0,TGT_002,DECOY_TARGET,true,420.5,288.5,420.5,288.5,30.0,-30.0,811,811,0,TRACKING,419.5,287.5,1.414,False
SCN_010,811,27.0,TGT_003,DECOY_TARGET,false,,,,,0.0,0.0,666,0,145,LOST,634.5,138.5,,False
SCN_010,812,27.0333,TGT_001,COMMUNICATION_TARGET,true,471.0,245.0,471.0,245.0,0.0,30.0,812,812,0,TRACKING,470.0,244.0,1.414,True
SCN_010,812,27.0333,TGT_002,DECOY_TARGET,true,420.5,287.5,420.5,287.5,0.0,-30.0,812,812,0,TRACKING,419.5,286.5,1.414,False
SCN_010,812,27.0333,TGT_003,DECOY_TARGET,false,,,,,0.0,0.0,666,0,146,LOST,634.5,138.5,,False
SCN_010,813,27.0667,TGT_001,COMMUNICATION_TARGET,true,471.0,246.0,471.0,246.0,0.0,30.0,813,813,0,TRACKING,470.0,245.0,1.414,True
SCN_010,813,27.0667,TGT_002,DECOY_TARGET,true,421.5,285.5,421.5,285.5,30.0,-60.0,813,813,0,TRACKING,420.5,284.5,1.414,False
SCN_010,813,27.0667,TGT_003,DECOY_TARGET,false,,,,,0.0,0.0,666,0,147,LOST,634.5,137.5,,False
SCN_010,814,27.1,TGT_001,COMMUNICATION_TARGET,true,471.0,247.0,471.0,247.0,0.0,30.0,814,814,0,TRACKING,470.0,246.0,1.414,True
SCN_010,814,27.1,TGT_002,DECOY_TARGET,true,422.5,284.5,422.5,284.5,30.0,-30.0,814,814,0,TRACKING,421.5,283.5,1.414,False
SCN_010,814,27.1,TGT_003,DECOY_TARGET,false,,,,,0.0,0.0,666,0,148,LOST,634.5,137.5,,False
SCN_010,815,27.1333,TGT_001,COMMUNICATION_TARGET,true,471.0,248.0,471.0,248.0,0.0,30.0,815,815,0,TRACKING,470.0,247.0,1.414,True
SCN_010,815,27.1333,TGT_002,DECOY_TARGET,true,423.5,282.5,423.5,282.5,30.0,-60.0,815,815,0,TRACKING,422.5,281.5,1.414,False
SCN_010,815,27.1333,TGT_003,DECOY_TARGET,false,,,,,0.0,0.0,666,0,149,LOST,634.5,137.5,,False
SCN_010,816,27.1667,TGT_001,COMMUNICATION_TARGET,true,471.0,249.0,471.0,249.0,0.0,30.0,816,816,0,TRACKING,470.0,248.0,1.414,True
SCN_010,816,27.1667,TGT_002,DECOY_TARGET,true,423.5,281.5,423.5,281.5,0.0,-30.0,816,816,0,TRACKING,422.5,280.5,1.414,False
SCN_010,816,27.1667,TGT_003,DECOY_TARGET,false,,,,,0.0,0.0,666,0,150,LOST,634.5,137.5,,False
SCN_010,817,27.2,TGT_001,COMMUNICATION_TARGET,true,471.0,251.0,471.0,251.0,0.0,60.0,817,817,0,TRACKING,470.0,250.0,1.414,True
SCN_010,817,27.2,TGT_002,DECOY_TARGET,true,424.5,279.5,424.5,279.5,30.0,-60.0,817,817,0,TRACKING,423.5,278.5,1.414,False
SCN_010,817,27.2,TGT_003,DECOY_TARGET,false,,,,,0.0,0.0,666,0,151,LOST,634.5,136.5,,False
SCN_010,818,27.2333,TGT_001,COMMUNICATION_TARGET,true,471.0,252.0,471.0,252.0,0.0,30.0,818,818,0,TRACKING,470.0,251.0,1.414,True
SCN_010,818,27.2333,TGT_002,DECOY_TARGET,true,425.5,278.5,425.5,278.5,30.0,-30.0,818,818,0,TRACKING,424.5,277.5,1.414,False
SCN_010,818,27.2333,TGT_003,DECOY_TARGET,false,,,,,0.0,0.0,666,0,152,LOST,634.5,136.5,,False
SCN_010,819,27.2667,TGT_001,COMMUNICATION_TARGET,true,471.0,253.0,471.0,253.0,0.0,30.0,819,819,0,TRACKING,470.0,252.0,1.414,True
SCN_010,819,27.2667,TGT_002,DECOY_TARGET,true,425.5,276.5,425.5,276.5,0.0,-60.0,819,819,0,TRACKING,424.5,275.5,1.414,False
SCN_010,819,27.2667,TGT_003,DECOY_TARGET,false,,,,,0.0,0.0,666,0,153,LOST,634.5,136.5,,False
SCN_010,820,27.3,TGT_001,COMMUNICATION_TARGET,true,470.0,254.0,470.0,254.0,-30.0,30.0,820,820,0,TRACKING,469.0,253.0,1.414,True
SCN_010,820,27.3,TGT_002,DECOY_TARGET,true,426.5,274.5,426.5,274.5,30.0,-60.0,820,820,0,TRACKING,425.5,273.5,1.414,False
SCN_010,820,27.3,TGT_003,DECOY_TARGET,false,,,,,0.0,0.0,666,0,154,LOST,634.5,135.5,,False
SCN_010,821,27.3333,TGT_001,COMMUNICATION_TARGET,true,470.0,255.0,470.0,255.0,0.0,30.0,821,821,0,TRACKING,469.0,254.0,1.414,True
SCN_010,821,27.3333,TGT_002,DECOY_TARGET,true,426.5,273.5,426.5,273.5,0.0,-30.0,821,821,0,TRACKING,425.5,272.5,1.414,False
SCN_010,821,27.3333,TGT_003,DECOY_TARGET,false,,,,,0.0,0.0,666,0,155,LOST,634.5,135.5,,False
SCN_010,822,27.3667,TGT_001,COMMUNICATION_TARGET,true,470.0,256.0,470.0,256.0,0.0,30.0,822,822,0,TRACKING,469.0,255.0,1.414,True
SCN_010,822,27.3667,TGT_002,DECOY_TARGET,true,427.5,271.5,427.5,271.5,30.0,-60.0,822,822,0,TRACKING,426.5,270.5,1.414,False
SCN_010,822,27.3667,TGT_003,DECOY_TARGET,false,,,,,0.0,0.0,666,0,156,LOST,634.5,135.5,,False
SCN_010,823,27.4,TGT_001,COMMUNICATION_TARGET,true,470.0,257.0,470.0,257.0,0.0,30.0,823,823,0,TRACKING,469.0,256.0,1.414,True
SCN_010,823,27.4,TGT_002,DECOY_TARGET,true,427.5,269.5,427.5,269.5,0.0,-60.0,823,823,0,TRACKING,426.5,268.5,1.414,False
SCN_010,823,27.4,TGT_003,DECOY_TARGET,false,,,,,0.0,0.0,666,0,157,LOST,634.5,135.5,,False
SCN_010,824,27.4333,TGT_001,COMMUNICATION_TARGET,true,470.0,259.0,470.0,259.0,0.0,60.0,824,824,0,TRACKING,469.0,258.0,1.414,True
SCN_010,824,27.4333,TGT_002,DECOY_TARGET,true,428.5,267.5,428.5,267.5,30.0,-60.0,824,824,0,TRACKING,427.5,266.5,1.414,False
SCN_010,824,27.4333,TGT_003,DECOY_TARGET,false,,,,,0.0,0.0,666,0,158,LOST,634.5,134.5,,False
SCN_010,825,27.4667,TGT_001,COMMUNICATION_TARGET,true,470.0,260.0,470.0,260.0,0.0,30.0,825,825,0,TRACKING,469.0,259.0,1.414,True
SCN_010,825,27.4667,TGT_002,DECOY_TARGET,true,428.5,265.5,428.5,265.5,0.0,-60.0,825,825,0,TRACKING,427.5,264.5,1.414,False
SCN_010,825,27.4667,TGT_003,DECOY_TARGET,false,,,,,0.0,0.0,666,0,159,LOST,634.5,134.5,,False
SCN_010,826,27.5,TGT_001,COMMUNICATION_TARGET,true,470.0,261.0,470.0,261.0,0.0,30.0,826,826,0,TRACKING,469.0,260.0,1.414,True
SCN_010,826,27.5,TGT_002,DECOY_TARGET,true,428.5,264.5,428.5,264.5,0.0,-30.0,826,826,0,TRACKING,427.5,263.5,1.414,False
SCN_010,826,27.5,TGT_003,DECOY_TARGET,false,,,,,0.0,0.0,666,0,160,LOST,634.5,134.5,,False
SCN_010,827,27.5333,TGT_001,COMMUNICATION_TARGET,true,470.0,262.0,470.0,262.0,0.0,30.0,827,827,0,TRACKING,469.0,261.0,1.414,True
SCN_010,827,27.5333,TGT_002,DECOY_TARGET,true,429.5,262.5,429.5,262.5,30.0,-60.0,827,827,0,TRACKING,428.5,261.5,1.414,False
SCN_010,827,27.5333,TGT_003,DECOY_TARGET,false,,,,,0.0,0.0,666,0,161,LOST,634.5,133.5,,False
SCN_010,828,27.5667,TGT_001,COMMUNICATION_TARGET,true,469.0,263.0,469.0,263.0,-30.0,30.0,828,828,0,TRACKING,468.0,262.0,1.414,True
SCN_010,828,27.5667,TGT_002,DECOY_TARGET,true,429.5,260.5,429.5,260.5,0.0,-60.0,828,828,0,TRACKING,428.5,259.5,1.414,False
SCN_010,828,27.5667,TGT_003,DECOY_TARGET,false,,,,,0.0,0.0,666,0,162,LOST,634.5,133.5,,False
SCN_010,829,27.6,TGT_001,COMMUNICATION_TARGET,true,469.0,264.0,469.0,264.0,0.0,30.0,829,829,0,TRACKING,468.0,263.0,1.414,True
SCN_010,829,27.6,TGT_002,DECOY_TARGET,true,429.5,258.5,429.5,258.5,0.0,-60.0,829,829,0,TRACKING,428.5,257.5,1.414,False
SCN_010,829,27.6,TGT_003,DECOY_TARGET,false,,,,,0.0,0.0,666,0,163,LOST,634.5,133.5,,False
SCN_010,830,27.6333,TGT_001,COMMUNICATION_TARGET,true,469.0,266.0,469.0,266.0,0.0,60.0,830,830,0,TRACKING,468.0,265.0,1.414,True
SCN_010,830,27.6333,TGT_002,DECOY_TARGET,true,430.5,256.5,430.5,256.5,30.0,-60.0,830,830,0,TRACKING,429.5,255.5,1.414,False
SCN_010,830,27.6333,TGT_003,DECOY_TARGET,false,,,,,0.0,0.0,666,0,164,LOST,634.5,133.5,,False
SCN_010,831,27.6667,TGT_001,COMMUNICATION_TARGET,true,469.0,267.0,469.0,267.0,0.0,30.0,831,831,0,TRACKING,468.0,266.0,1.414,True
SCN_010,831,27.6667,TGT_002,DECOY_TARGET,true,430.5,254.5,430.5,254.5,0.0,-60.0,831,831,0,TRACKING,429.5,253.5,1.414,False
SCN_010,831,27.6667,TGT_003,DECOY_TARGET,false,,,,,0.0,0.0,666,0,165,LOST,634.5,132.5,,False
SCN_010,832,27.7,TGT_001,COMMUNICATION_TARGET,true,469.0,268.0,469.0,268.0,0.0,30.0,832,832,0,TRACKING,468.0,267.0,1.414,True
SCN_010,832,27.7,TGT_002,DECOY_TARGET,true,430.5,252.5,430.5,252.5,0.0,-60.0,832,832,0,TRACKING,429.5,251.5,1.414,False
SCN_010,832,27.7,TGT_003,DECOY_TARGET,false,,,,,0.0,0.0,666,0,166,LOST,634.5,132.5,,False
SCN_010,833,27.7333,TGT_001,COMMUNICATION_TARGET,true,468.0,269.0,468.0,269.0,-30.0,30.0,833,833,0,TRACKING,467.0,268.0,1.414,True
SCN_010,833,27.7333,TGT_002,DECOY_TARGET,true,430.5,250.5,430.5,250.5,0.0,-60.0,833,833,0,TRACKING,429.5,249.5,1.414,False
SCN_010,833,27.7333,TGT_003,DECOY_TARGET,false,,,,,0.0,0.0,666,0,167,LOST,634.5,132.5,,False
SCN_010,834,27.7667,TGT_001,COMMUNICATION_TARGET,true,468.0,270.0,468.0,270.0,0.0,30.0,834,834,0,TRACKING,467.0,269.0,1.414,True
SCN_010,834,27.7667,TGT_002,DECOY_TARGET,true,430.5,248.5,430.5,248.5,0.0,-60.0,834,834,0,TRACKING,429.5,247.5,1.414,False
SCN_010,834,27.7667,TGT_003,DECOY_TARGET,false,,,,,0.0,0.0,666,0,168,LOST,634.5,132.5,,False
SCN_010,835,27.8,TGT_001,COMMUNICATION_TARGET,true,468.0,271.0,468.0,271.0,0.0,30.0,835,835,0,TRACKING,467.0,270.0,1.414,True
SCN_010,835,27.8,TGT_002,DECOY_TARGET,true,430.5,246.5,430.5,246.5,0.0,-60.0,835,835,0,TRACKING,429.5,245.5,1.414,False
SCN_010,835,27.8,TGT_003,DECOY_TARGET,false,,,,,0.0,0.0,666,0,169,LOST,634.5,131.5,,False
SCN_010,836,27.8333,TGT_001,COMMUNICATION_TARGET,true,468.0,272.0,468.0,272.0,0.0,30.0,836,836,0,TRACKING,467.0,271.0,1.414,True
SCN_010,836,27.8333,TGT_002,DECOY_TARGET,true,430.5,244.5,430.5,244.5,0.0,-60.0,836,836,0,TRACKING,429.5,243.5,1.414,False
SCN_010,836,27.8333,TGT_003,DECOY_TARGET,false,,,,,0.0,0.0,666,0,170,LOST,634.5,131.5,,False
SCN_010,837,27.8667,TGT_001,COMMUNICATION_TARGET,true,467.0,274.0,467.0,274.0,-30.0,60.0,837,837,0,TRACKING,466.0,273.0,1.414,True
SCN_010,837,27.8667,TGT_002,DECOY_TARGET,true,430.5,242.5,430.5,242.5,0.0,-60.0,837,837,0,TRACKING,429.5,241.5,1.414,False
SCN_010,837,27.8667,TGT_003,DECOY_TARGET,false,,,,,0.0,0.0,666,0,171,LOST,634.5,131.5,,False
SCN_010,838,27.9,TGT_001,COMMUNICATION_TARGET,true,467.0,275.0,467.0,275.0,0.0,30.0,838,838,0,TRACKING,466.0,274.0,1.414,True
SCN_010,838,27.9,TGT_002,DECOY_TARGET,true,430.5,240.5,430.5,240.5,0.0,-60.0,838,838,0,TRACKING,429.5,239.5,1.414,False
SCN_010,838,27.9,TGT_003,DECOY_TARGET,false,,,,,0.0,0.0,666,0,172,LOST,634.5,130.5,,False
SCN_010,839,27.9333,TGT_001,COMMUNICATION_TARGET,true,467.0,276.0,467.0,276.0,0.0,30.0,839,839,0,TRACKING,466.0,275.0,1.414,True
SCN_010,839,27.9333,TGT_002,DECOY_TARGET,true,430.5,238.5,430.5,238.5,0.0,-60.0,839,839,0,TRACKING,429.5,237.5,1.414,False
SCN_010,839,27.9333,TGT_003,DECOY_TARGET,false,,,,,0.0,0.0,666,0,173,LOST,634.5,130.5,,False
SCN_010,840,27.9667,TGT_001,COMMUNICATION_TARGET,true,467.0,277.0,467.0,277.0,0.0,30.0,840,840,0,TRACKING,466.0,276.0,1.414,True
SCN_010,840,27.9667,TGT_002,DECOY_TARGET,true,430.5,236.5,430.5,236.5,0.0,-60.0,840,840,0,TRACKING,429.5,235.5,1.414,False
SCN_010,840,27.9667,TGT_003,DECOY_TARGET,false,,,,,0.0,0.0,666,0,174,LOST,634.5,130.5,,False
SCN_010,841,28.0,TGT_001,COMMUNICATION_TARGET,true,466.0,278.0,466.0,278.0,-30.0,30.0,841,841,0,TRACKING,465.0,277.0,1.414,True
SCN_010,841,28.0,TGT_002,DECOY_TARGET,true,430.5,233.5,430.5,233.5,0.0,-90.0,841,841,0,TRACKING,429.5,232.5,1.414,False
SCN_010,841,28.0,TGT_003,DECOY_TARGET,false,,,,,0.0,0.0,666,0,175,LOST,634.5,130.5,,False
SCN_010,842,28.0333,TGT_001,COMMUNICATION_TARGET,true,466.0,279.0,466.0,279.0,0.0,30.0,842,842,0,TRACKING,465.0,278.0,1.414,True
SCN_010,842,28.0333,TGT_002,DECOY_TARGET,true,430.5,231.5,430.5,231.5,0.0,-60.0,842,842,0,TRACKING,429.5,230.5,1.414,False
SCN_010,842,28.0333,TGT_003,DECOY_TARGET,false,,,,,0.0,0.0,666,0,176,LOST,634.5,129.5,,False
SCN_010,843,28.0667,TGT_001,COMMUNICATION_TARGET,true,466.0,280.0,466.0,280.0,0.0,30.0,843,843,0,TRACKING,465.0,279.0,1.414,True
SCN_010,843,28.0667,TGT_002,DECOY_TARGET,true,430.5,229.5,430.5,229.5,0.0,-60.0,843,843,0,TRACKING,429.5,228.5,1.414,False
SCN_010,843,28.0667,TGT_003,DECOY_TARGET,false,,,,,0.0,0.0,666,0,177,LOST,634.5,129.5,,False
SCN_010,844,28.1,TGT_001,COMMUNICATION_TARGET,true,465.0,282.0,465.0,282.0,-30.0,60.0,844,844,0,TRACKING,464.0,281.0,1.414,True
SCN_010,844,28.1,TGT_002,DECOY_TARGET,true,430.5,227.5,430.5,227.5,0.0,-60.0,844,844,0,TRACKING,429.5,226.5,1.414,False
SCN_010,844,28.1,TGT_003,DECOY_TARGET,false,,,,,0.0,0.0,666,0,178,LOST,634.5,129.5,,False
SCN_010,845,28.1333,TGT_001,COMMUNICATION_TARGET,true,465.0,283.0,465.0,283.0,0.0,30.0,845,845,0,TRACKING,464.0,282.0,1.414,True
SCN_010,845,28.1333,TGT_002,DECOY_TARGET,true,430.5,225.5,430.5,225.5,0.0,-60.0,845,845,0,TRACKING,429.5,224.5,1.414,False
SCN_010,845,28.1333,TGT_003,DECOY_TARGET,false,,,,,0.0,0.0,666,0,179,LOST,634.5,129.5,,False
SCN_010,846,28.1667,TGT_001,COMMUNICATION_TARGET,true,465.0,284.0,465.0,284.0,0.0,30.0,846,846,0,TRACKING,464.0,283.0,1.414,True
SCN_010,846,28.1667,TGT_002,DECOY_TARGET,true,429.5,223.5,429.5,223.5,-30.0,-60.0,846,846,0,TRACKING,428.5,222.5,1.414,False
SCN_010,846,28.1667,TGT_003,DECOY_TARGET,false,,,,,0.0,0.0,666,0,180,LOST,634.5,128.5,,False
SCN_010,847,28.2,TGT_001,COMMUNICATION_TARGET,true,464.0,285.0,464.0,285.0,-30.0,30.0,847,847,0,TRACKING,463.0,284.0,1.414,True
SCN_010,847,28.2,TGT_002,DECOY_TARGET,true,429.5,222.5,429.5,222.5,0.0,-30.0,847,847,0,TRACKING,428.5,221.5,1.414,False
SCN_010,847,28.2,TGT_003,DECOY_TARGET,false,,,,,0.0,0.0,666,0,181,LOST,634.5,128.5,,False
SCN_010,848,28.2333,TGT_001,COMMUNICATION_TARGET,true,464.0,286.0,464.0,286.0,0.0,30.0,848,848,0,TRACKING,463.0,285.0,1.414,True
SCN_010,848,28.2333,TGT_002,DECOY_TARGET,true,429.5,220.5,429.5,220.5,0.0,-60.0,848,848,0,TRACKING,428.5,219.5,1.414,False
SCN_010,848,28.2333,TGT_003,DECOY_TARGET,false,,,,,0.0,0.0,666,0,182,LOST,634.5,128.5,,False
SCN_010,849,28.2667,TGT_001,COMMUNICATION_TARGET,true,464.0,287.0,464.0,287.0,0.0,30.0,849,849,0,TRACKING,463.0,286.0,1.414,True
SCN_010,849,28.2667,TGT_002,DECOY_TARGET,true,428.5,218.5,428.5,218.5,-30.0,-60.0,849,849,0,TRACKING,427.5,217.5,1.414,False
SCN_010,849,28.2667,TGT_003,DECOY_TARGET,false,,,,,0.0,0.0,666,0,183,LOST,634.5,127.5,,False
SCN_010,850,28.3,TGT_001,COMMUNICATION_TARGET,true,463.0,288.0,463.0,288.0,-30.0,30.0,850,850,0,TRACKING,462.0,287.0,1.414,True
SCN_010,850,28.3,TGT_002,DECOY_TARGET,true,428.5,216.5,428.5,216.5,0.0,-60.0,850,850,0,TRACKING,427.5,215.5,1.414,False
SCN_010,850,28.3,TGT_003,DECOY_TARGET,false,,,,,0.0,0.0,666,0,184,LOST,634.5,127.5,,False
SCN_010,851,28.3333,TGT_001,COMMUNICATION_TARGET,true,463.0,289.0,463.0,289.0,0.0,30.0,851,851,0,TRACKING,462.0,288.0,1.414,True
SCN_010,851,28.3333,TGT_002,DECOY_TARGET,true,428.5,214.5,428.5,214.5,0.0,-60.0,851,851,0,TRACKING,427.5,213.5,1.414,False
SCN_010,851,28.3333,TGT_003,DECOY_TARGET,false,,,,,0.0,0.0,666,0,185,LOST,634.5,127.5,,False
SCN_010,852,28.3667,TGT_001,COMMUNICATION_TARGET,true,463.0,290.0,463.0,290.0,0.0,30.0,852,852,0,TRACKING,462.0,289.0,1.414,True
SCN_010,852,28.3667,TGT_002,DECOY_TARGET,true,427.5,212.5,427.5,212.5,-30.0,-60.0,852,852,0,TRACKING,426.5,211.5,1.414,False
SCN_010,852,28.3667,TGT_003,DECOY_TARGET,false,,,,,0.0,0.0,666,0,186,LOST,634.5,127.5,,False
SCN_010,853,28.4,TGT_001,COMMUNICATION_TARGET,true,462.0,292.0,462.0,292.0,-30.0,60.0,853,853,0,TRACKING,461.0,291.0,1.414,True
SCN_010,853,28.4,TGT_002,DECOY_TARGET,true,427.5,210.5,427.5,210.5,0.0,-60.0,853,853,0,TRACKING,426.5,209.5,1.414,False
SCN_010,853,28.4,TGT_003,DECOY_TARGET,false,,,,,0.0,0.0,666,0,187,LOST,634.5,126.5,,False
SCN_010,854,28.4333,TGT_001,COMMUNICATION_TARGET,true,462.0,293.0,462.0,293.0,0.0,30.0,854,854,0,TRACKING,461.0,292.0,1.414,True
SCN_010,854,28.4333,TGT_002,DECOY_TARGET,true,426.5,209.5,426.5,209.5,-30.0,-30.0,854,854,0,TRACKING,425.5,208.5,1.414,False
SCN_010,854,28.4333,TGT_003,DECOY_TARGET,false,,,,,0.0,0.0,666,0,188,LOST,634.5,126.5,,False
SCN_010,855,28.4667,TGT_001,COMMUNICATION_TARGET,true,461.0,294.0,461.0,294.0,-30.0,30.0,855,855,0,TRACKING,460.0,293.0,1.414,True
SCN_010,855,28.4667,TGT_002,DECOY_TARGET,true,426.5,207.5,426.5,207.5,0.0,-60.0,855,855,0,TRACKING,425.5,206.5,1.414,False
SCN_010,855,28.4667,TGT_003,DECOY_TARGET,false,,,,,0.0,0.0,666,0,189,LOST,634.5,126.5,,False
SCN_010,856,28.5,TGT_001,COMMUNICATION_TARGET,true,461.0,295.0,461.0,295.0,0.0,30.0,856,856,0,TRACKING,460.0,294.0,1.414,True
SCN_010,856,28.5,TGT_002,DECOY_TARGET,true,425.5,205.5,425.5,205.5,-30.0,-60.0,856,856,0,TRACKING,424.5,204.5,1.414,False
SCN_010,856,28.5,TGT_003,DECOY_TARGET,false,,,,,0.0,0.0,666,0,190,LOST,634.5,126.5,,False
SCN_010,857,28.5333,TGT_001,COMMUNICATION_TARGET,true,461.0,296.0,461.0,296.0,0.0,30.0,857,857,0,TRACKING,460.0,295.0,1.414,True
SCN_010,857,28.5333,TGT_002,DECOY_TARGET,true,425.5,204.5,425.5,204.5,0.0,-30.0,857,857,0,TRACKING,424.5,203.5,1.414,False
SCN_010,857,28.5333,TGT_003,DECOY_TARGET,false,,,,,0.0,0.0,666,0,191,LOST,634.5,125.5,,False
SCN_010,858,28.5667,TGT_001,COMMUNICATION_TARGET,true,460.0,297.0,460.0,297.0,-30.0,30.0,858,858,0,TRACKING,459.0,296.0,1.414,True
SCN_010,858,28.5667,TGT_002,DECOY_TARGET,true,424.5,202.5,424.5,202.5,-30.0,-60.0,858,858,0,TRACKING,423.5,201.5,1.414,False
SCN_010,858,28.5667,TGT_003,DECOY_TARGET,false,,,,,0.0,0.0,666,0,192,LOST,634.5,125.5,,False
SCN_010,859,28.6,TGT_001,COMMUNICATION_TARGET,true,460.0,298.0,460.0,298.0,0.0,30.0,859,859,0,TRACKING,459.0,297.0,1.414,True
SCN_010,859,28.6,TGT_002,DECOY_TARGET,true,423.5,200.5,423.5,200.5,-30.0,-60.0,859,859,0,TRACKING,422.5,199.5,1.414,False
SCN_010,859,28.6,TGT_003,DECOY_TARGET,false,,,,,0.0,0.0,666,0,193,LOST,634.5,125.5,,False
SCN_010,860,28.6333,TGT_001,COMMUNICATION_TARGET,true,459.0,299.0,459.0,299.0,-30.0,30.0,860,860,0,TRACKING,458.0,298.0,1.414,True
SCN_010,860,28.6333,TGT_002,DECOY_TARGET,true,423.5,199.5,423.5,199.5,0.0,-30.0,860,860,0,TRACKING,422.5,198.5,1.414,False
SCN_010,860,28.6333,TGT_003,DECOY_TARGET,false,,,,,0.0,0.0,666,0,194,LOST,634.5,124.5,,False
SCN_010,861,28.6667,TGT_001,COMMUNICATION_TARGET,true,459.0,300.0,459.0,300.0,0.0,30.0,861,861,0,TRACKING,458.0,299.0,1.414,True
SCN_010,861,28.6667,TGT_002,DECOY_TARGET,true,422.5,197.5,422.5,197.5,-30.0,-60.0,861,861,0,TRACKING,421.5,196.5,1.414,False
SCN_010,861,28.6667,TGT_003,DECOY_TARGET,false,,,,,0.0,0.0,666,0,195,LOST,634.5,124.5,,False
SCN_010,862,28.7,TGT_001,COMMUNICATION_TARGET,true,458.0,301.0,458.0,301.0,-30.0,30.0,862,862,0,TRACKING,457.0,300.0,1.414,True
SCN_010,862,28.7,TGT_002,DECOY_TARGET,true,421.5,196.5,421.5,196.5,-30.0,-30.0,862,862,0,TRACKING,420.5,195.5,1.414,False
SCN_010,862,28.7,TGT_003,DECOY_TARGET,false,,,,,0.0,0.0,666,0,196,LOST,634.5,124.5,,False
SCN_010,863,28.7333,TGT_001,COMMUNICATION_TARGET,true,458.0,302.0,458.0,302.0,0.0,30.0,863,863,0,TRACKING,457.0,301.0,1.414,True
SCN_010,863,28.7333,TGT_002,DECOY_TARGET,true,420.5,195.5,420.5,195.5,-30.0,-30.0,863,863,0,TRACKING,419.5,194.5,1.414,False
SCN_010,863,28.7333,TGT_003,DECOY_TARGET,false,,,,,0.0,0.0,666,0,197,LOST,634.5,124.5,,False
SCN_010,864,28.7667,TGT_001,COMMUNICATION_TARGET,true,457.0,303.0,457.0,303.0,-30.0,30.0,864,864,0,TRACKING,456.0,302.0,1.414,True
SCN_010,864,28.7667,TGT_002,DECOY_TARGET,true,420.5,193.5,420.5,193.5,0.0,-60.0,864,864,0,TRACKING,419.5,192.5,1.414,False
SCN_010,864,28.7667,TGT_003,DECOY_TARGET,false,,,,,0.0,0.0,666,0,198,LOST,634.5,123.5,,False
SCN_010,865,28.8,TGT_001,COMMUNICATION_TARGET,true,457.0,304.0,457.0,304.0,0.0,30.0,865,865,0,TRACKING,456.0,303.0,1.414,True
SCN_010,865,28.8,TGT_002,DECOY_TARGET,true,419.5,192.5,419.5,192.5,-30.0,-30.0,865,865,0,TRACKING,418.5,191.5,1.414,False
SCN_010,865,28.8,TGT_003,DECOY_TARGET,false,,,,,0.0,0.0,666,0,199,LOST,634.5,123.5,,False
SCN_010,866,28.8333,TGT_001,COMMUNICATION_TARGET,true,456.0,306.0,456.0,306.0,-30.0,60.0,866,866,0,TRACKING,455.0,305.0,1.414,True
SCN_010,866,28.8333,TGT_002,DECOY_TARGET,true,418.5,191.5,418.5,191.5,-30.0,-30.0,866,866,0,TRACKING,417.5,190.5,1.414,False
SCN_010,866,28.8333,TGT_003,DECOY_TARGET,false,,,,,0.0,0.0,666,0,200,LOST,634.5,123.5,,False
SCN_010,867,28.8667,TGT_001,COMMUNICATION_TARGET,true,456.0,307.0,456.0,307.0,0.0,30.0,867,867,0,TRACKING,455.0,306.0,1.414,True
SCN_010,867,28.8667,TGT_002,DECOY_TARGET,true,417.5,190.5,417.5,190.5,-30.0,-30.0,867,867,0,TRACKING,416.5,189.5,1.414,False
SCN_010,867,28.8667,TGT_003,DECOY_TARGET,false,,,,,0.0,0.0,666,0,201,LOST,634.5,123.5,,False
SCN_010,868,28.9,TGT_001,COMMUNICATION_TARGET,true,455.0,308.0,455.0,308.0,-30.0,30.0,868,868,0,TRACKING,454.0,307.0,1.414,True
SCN_010,868,28.9,TGT_002,DECOY_TARGET,true,416.5,189.5,416.5,189.5,-30.0,-30.0,868,868,0,TRACKING,415.5,188.5,1.414,False
SCN_010,868,28.9,TGT_003,DECOY_TARGET,false,,,,,0.0,0.0,666,0,202,LOST,634.5,122.5,,False
SCN_010,869,28.9333,TGT_001,COMMUNICATION_TARGET,true,455.0,309.0,455.0,309.0,0.0,30.0,869,869,0,TRACKING,454.0,308.0,1.414,True
SCN_010,869,28.9333,TGT_002,DECOY_TARGET,true,415.5,188.5,415.5,188.5,-30.0,-30.0,869,869,0,TRACKING,414.5,187.5,1.414,False
SCN_010,869,28.9333,TGT_003,DECOY_TARGET,false,,,,,0.0,0.0,666,0,203,LOST,634.5,122.5,,False
SCN_010,870,28.9667,TGT_001,COMMUNICATION_TARGET,true,454.0,310.0,454.0,310.0,-30.0,30.0,870,870,0,TRACKING,453.0,309.0,1.414,True
SCN_010,870,28.9667,TGT_002,DECOY_TARGET,true,414.5,187.5,414.5,187.5,-30.0,-30.0,870,870,0,TRACKING,413.5,186.5,1.414,False
SCN_010,870,28.9667,TGT_003,DECOY_TARGET,false,,,,,0.0,0.0,666,0,204,LOST,634.5,122.5,,False
SCN_010,871,29.0,TGT_001,COMMUNICATION_TARGET,true,454.0,311.0,454.0,311.0,0.0,30.0,871,871,0,TRACKING,453.0,310.0,1.414,True
SCN_010,871,29.0,TGT_002,DECOY_TARGET,true,413.5,186.5,413.5,186.5,-30.0,-30.0,871,871,0,TRACKING,412.5,185.5,1.414,False
SCN_010,871,29.0,TGT_003,DECOY_TARGET,false,,,,,0.0,0.0,666,0,205,LOST,634.5,121.5,,False
SCN_010,872,29.0333,TGT_001,COMMUNICATION_TARGET,true,453.0,312.0,453.0,312.0,-30.0,30.0,872,872,0,TRACKING,452.0,311.0,1.414,True
SCN_010,872,29.0333,TGT_002,DECOY_TARGET,true,412.5,185.5,412.5,185.5,-30.0,-30.0,872,872,0,TRACKING,411.5,184.5,1.414,False
SCN_010,872,29.0333,TGT_003,DECOY_TARGET,false,,,,,0.0,0.0,666,0,206,LOST,634.5,121.5,,False
SCN_010,873,29.0667,TGT_001,COMMUNICATION_TARGET,true,453.0,313.0,453.0,313.0,0.0,30.0,873,873,0,TRACKING,452.0,312.0,1.414,True
SCN_010,873,29.0667,TGT_002,DECOY_TARGET,true,411.5,184.5,411.5,184.5,-30.0,-30.0,873,873,0,TRACKING,410.5,183.5,1.414,False
SCN_010,873,29.0667,TGT_003,DECOY_TARGET,false,,,,,0.0,0.0,666,0,207,LOST,634.5,121.5,,False
SCN_010,874,29.1,TGT_001,COMMUNICATION_TARGET,true,452.0,314.0,452.0,314.0,-30.0,30.0,874,874,0,TRACKING,451.0,313.0,1.414,True
SCN_010,874,29.1,TGT_002,DECOY_TARGET,true,410.5,183.5,410.5,183.5,-30.0,-30.0,874,874,0,TRACKING,409.5,182.5,1.414,False
SCN_010,874,29.1,TGT_003,DECOY_TARGET,false,,,,,0.0,0.0,666,0,208,LOST,634.5,121.5,,False
SCN_010,875,29.1333,TGT_001,COMMUNICATION_TARGET,true,452.0,315.0,452.0,315.0,0.0,30.0,875,875,0,TRACKING,451.0,314.0,1.414,True
SCN_010,875,29.1333,TGT_002,DECOY_TARGET,true,409.5,183.5,409.5,183.5,-30.0,0.0,875,875,0,TRACKING,408.5,182.5,1.414,False
SCN_010,875,29.1333,TGT_003,DECOY_TARGET,false,,,,,0.0,0.0,666,0,209,LOST,634.5,120.5,,False
SCN_010,876,29.1667,TGT_001,COMMUNICATION_TARGET,true,451.0,316.0,451.0,316.0,-30.0,30.0,876,876,0,TRACKING,450.0,315.0,1.414,True
SCN_010,876,29.1667,TGT_002,DECOY_TARGET,true,408.5,182.5,408.5,182.5,-30.0,-30.0,876,876,0,TRACKING,407.5,181.5,1.414,False
SCN_010,876,29.1667,TGT_003,DECOY_TARGET,false,,,,,0.0,0.0,666,0,210,LOST,634.5,120.5,,False
SCN_010,877,29.2,TGT_001,COMMUNICATION_TARGET,true,450.0,317.0,450.0,317.0,-30.0,30.0,877,877,0,TRACKING,449.0,316.0,1.414,True
SCN_010,877,29.2,TGT_002,DECOY_TARGET,true,407.5,182.5,407.5,182.5,-30.0,0.0,877,877,0,TRACKING,406.5,181.5,1.414,False
SCN_010,877,29.2,TGT_003,DECOY_TARGET,false,,,,,0.0,0.0,666,0,211,LOST,634.5,120.5,,False
SCN_010,878,29.2333,TGT_001,COMMUNICATION_TARGET,true,450.0,318.0,450.0,318.0,0.0,30.0,878,878,0,TRACKING,449.0,317.0,1.414,True
SCN_010,878,29.2333,TGT_002,DECOY_TARGET,true,406.5,181.5,406.5,181.5,-30.0,-30.0,878,878,0,TRACKING,405.5,180.5,1.414,False
SCN_010,878,29.2333,TGT_003,DECOY_TARGET,false,,,,,0.0,0.0,666,0,212,LOST,634.5,120.5,,False
SCN_010,879,29.2667,TGT_001,COMMUNICATION_TARGET,true,449.0,319.0,449.0,319.0,-30.0,30.0,879,879,0,TRACKING,448.0,318.0,1.414,True
SCN_010,879,29.2667,TGT_002,DECOY_TARGET,true,405.5,181.5,405.5,181.5,-30.0,0.0,879,879,0,TRACKING,404.5,180.5,1.414,False
SCN_010,879,29.2667,TGT_003,DECOY_TARGET,false,,,,,0.0,0.0,666,0,213,LOST,634.5,119.5,,False
SCN_010,880,29.3,TGT_001,COMMUNICATION_TARGET,true,449.0,320.0,449.0,320.0,0.0,30.0,880,880,0,TRACKING,448.0,319.0,1.414,True
SCN_010,880,29.3,TGT_002,DECOY_TARGET,true,403.5,181.5,403.5,181.5,-60.0,0.0,880,880,0,TRACKING,402.5,180.5,1.414,False
SCN_010,880,29.3,TGT_003,DECOY_TARGET,false,,,,,0.0,0.0,666,0,214,LOST,634.5,119.5,,False
SCN_010,881,29.3333,TGT_001,COMMUNICATION_TARGET,true,448.0,321.0,448.0,321.0,-30.0,30.0,881,881,0,TRACKING,447.0,320.0,1.414,True
SCN_010,881,29.3333,TGT_002,DECOY_TARGET,true,402.5,180.5,402.5,180.5,-30.0,-30.0,881,881,0,TRACKING,401.5,179.5,1.414,False
SCN_010,881,29.3333,TGT_003,DECOY_TARGET,false,,,,,0.0,0.0,666,0,215,LOST,634.5,119.5,,False
SCN_010,882,29.3667,TGT_001,COMMUNICATION_TARGET,true,447.0,322.0,447.0,322.0,-30.0,30.0,882,882,0,TRACKING,446.0,321.0,1.414,True
SCN_010,882,29.3667,TGT_002,DECOY_TARGET,true,401.5,180.5,401.5,180.5,-30.0,0.0,882,882,0,TRACKING,400.5,179.5,1.414,False
SCN_010,882,29.3667,TGT_003,DECOY_TARGET,false,,,,,0.0,0.0,666,0,216,LOST,634.5,118.5,,False
SCN_010,883,29.4,TGT_001,COMMUNICATION_TARGET,true,447.0,323.0,447.0,323.0,0.0,30.0,883,883,0,TRACKING,446.0,322.0,1.414,True
SCN_010,883,29.4,TGT_002,DECOY_TARGET,true,400.5,180.5,400.5,180.5,-30.0,0.0,883,883,0,TRACKING,399.5,179.5,1.414,False
SCN_010,883,29.4,TGT_003,DECOY_TARGET,false,,,,,0.0,0.0,666,0,217,LOST,634.5,118.5,,False
SCN_010,884,29.4333,TGT_001,COMMUNICATION_TARGET,true,446.0,324.0,446.0,324.0,-30.0,30.0,884,884,0,TRACKING,445.0,323.0,1.414,True
SCN_010,884,29.4333,TGT_002,DECOY_TARGET,true,398.5,180.5,398.5,180.5,-60.0,0.0,884,884,0,TRACKING,397.5,179.5,1.414,False
SCN_010,884,29.4333,TGT_003,DECOY_TARGET,false,,,,,0.0,0.0,666,0,218,LOST,634.5,118.5,,False
SCN_010,885,29.4667,TGT_001,COMMUNICATION_TARGET,true,445.0,325.0,445.0,325.0,-30.0,30.0,885,885,0,TRACKING,444.0,324.0,1.414,True
SCN_010,885,29.4667,TGT_002,DECOY_TARGET,true,397.5,180.5,397.5,180.5,-30.0,0.0,885,885,0,TRACKING,396.5,179.5,1.414,False
SCN_010,885,29.4667,TGT_003,DECOY_TARGET,false,,,,,0.0,0.0,666,0,219,LOST,634.5,118.5,,False
SCN_010,886,29.5,TGT_001,COMMUNICATION_TARGET,true,445.0,326.0,445.0,326.0,0.0,30.0,886,886,0,TRACKING,444.0,325.0,1.414,True
SCN_010,886,29.5,TGT_002,DECOY_TARGET,true,396.5,180.5,396.5,180.5,-30.0,0.0,886,886,0,TRACKING,395.5,179.5,1.414,False
SCN_010,886,29.5,TGT_003,DECOY_TARGET,false,,,,,0.0,0.0,666,0,220,LOST,634.5,117.5,,False
SCN_010,887,29.5333,TGT_001,COMMUNICATION_TARGET,true,444.0,327.0,444.0,327.0,-30.0,30.0,887,887,0,TRACKING,443.0,326.0,1.414,True
SCN_010,887,29.5333,TGT_002,DECOY_TARGET,true,394.5,180.5,394.5,180.5,-60.0,0.0,887,887,0,TRACKING,393.5,179.5,1.414,False
SCN_010,887,29.5333,TGT_003,DECOY_TARGET,false,,,,,0.0,0.0,666,0,221,LOST,634.5,117.5,,False
SCN_010,888,29.5667,TGT_001,COMMUNICATION_TARGET,true,443.0,328.0,443.0,328.0,-30.0,30.0,888,888,0,TRACKING,442.0,327.0,1.414,True
SCN_010,888,29.5667,TGT_002,DECOY_TARGET,true,393.5,181.5,393.5,181.5,-30.0,30.0,888,888,0,TRACKING,392.5,180.5,1.414,False
SCN_010,888,29.5667,TGT_003,DECOY_TARGET,false,,,,,0.0,0.0,666,0,222,LOST,634.5,117.5,,False
SCN_010,889,29.6,TGT_001,COMMUNICATION_TARGET,true,443.0,329.0,443.0,329.0,0.0,30.0,889,889,0,TRACKING,442.0,328.0,1.414,True
SCN_010,889,29.6,TGT_002,DECOY_TARGET,true,392.5,181.5,392.5,181.5,-30.0,0.0,889,889,0,TRACKING,391.5,180.5,1.414,False
SCN_010,889,29.6,TGT_003,DECOY_TARGET,false,,,,,0.0,0.0,666,0,223,LOST,634.5,117.5,,False
SCN_010,890,29.6333,TGT_001,COMMUNICATION_TARGET,true,442.0,330.0,442.0,330.0,-30.0,30.0,890,890,0,TRACKING,441.0,329.0,1.414,True
SCN_010,890,29.6333,TGT_002,DECOY_TARGET,true,390.5,181.5,390.5,181.5,-60.0,0.0,890,890,0,TRACKING,389.5,180.5,1.414,False
SCN_010,890,29.6333,TGT_003,DECOY_TARGET,false,,,,,0.0,0.0,666,0,224,LOST,634.5,116.5,,False
SCN_010,891,29.6667,TGT_001,COMMUNICATION_TARGET,true,441.0,330.0,441.0,330.0,-30.0,0.0,891,891,0,TRACKING,440.0,329.0,1.414,True
SCN_010,891,29.6667,TGT_002,DECOY_TARGET,true,389.5,182.5,389.5,182.5,-30.0,30.0,891,891,0,TRACKING,388.5,181.5,1.414,False
SCN_010,891,29.6667,TGT_003,DECOY_TARGET,false,,,,,0.0,0.0,666,0,225,LOST,634.5,116.5,,False
SCN_010,892,29.7,TGT_001,COMMUNICATION_TARGET,true,441.0,331.0,441.0,331.0,0.0,30.0,892,892,0,TRACKING,440.0,330.0,1.414,True
SCN_010,892,29.7,TGT_002,DECOY_TARGET,true,387.5,182.5,387.5,182.5,-60.0,0.0,892,892,0,TRACKING,386.5,181.5,1.414,False
SCN_010,892,29.7,TGT_003,DECOY_TARGET,false,,,,,0.0,0.0,666,0,226,LOST,634.5,116.5,,False
SCN_010,893,29.7333,TGT_001,COMMUNICATION_TARGET,true,440.0,332.0,440.0,332.0,-30.0,30.0,893,893,0,TRACKING,439.0,331.0,1.414,True
SCN_010,893,29.7333,TGT_002,DECOY_TARGET,true,386.5,183.5,386.5,183.5,-30.0,30.0,893,893,0,TRACKING,385.5,182.5,1.414,False
SCN_010,893,29.7333,TGT_003,DECOY_TARGET,false,,,,,0.0,0.0,666,0,227,LOST,634.5,115.5,,False
SCN_010,894,29.7667,TGT_001,COMMUNICATION_TARGET,true,439.0,333.0,439.0,333.0,-30.0,30.0,894,894,0,TRACKING,438.0,332.0,1.414,True
SCN_010,894,29.7667,TGT_002,DECOY_TARGET,true,384.5,183.5,384.5,183.5,-60.0,0.0,894,894,0,TRACKING,383.5,182.5,1.414,False
SCN_010,894,29.7667,TGT_003,DECOY_TARGET,false,,,,,0.0,0.0,666,0,228,LOST,634.5,115.5,,False
SCN_010,895,29.8,TGT_001,COMMUNICATION_TARGET,true,439.0,334.0,439.0,334.0,0.0,30.0,895,895,0,TRACKING,438.0,333.0,1.414,True
SCN_010,895,29.8,TGT_002,DECOY_TARGET,true,383.5,184.5,383.5,184.5,-30.0,30.0,895,895,0,TRACKING,382.5,183.5,1.414,False
SCN_010,895,29.8,TGT_003,DECOY_TARGET,false,,,,,0.0,0.0,666,0,229,LOST,634.5,115.5,,False
SCN_010,896,29.8333,TGT_001,COMMUNICATION_TARGET,true,438.0,335.0,438.0,335.0,-30.0,30.0,896,896,0,TRACKING,437.0,334.0,1.414,True
SCN_010,896,29.8333,TGT_002,DECOY_TARGET,true,381.5,185.5,381.5,185.5,-60.0,30.0,896,896,0,TRACKING,380.5,184.5,1.414,False
SCN_010,896,29.8333,TGT_003,DECOY_TARGET,false,,,,,0.0,0.0,666,0,230,LOST,634.5,115.5,,False
SCN_010,897,29.8667,TGT_001,COMMUNICATION_TARGET,true,437.0,336.0,437.0,336.0,-30.0,30.0,897,897,0,TRACKING,436.0,335.0,1.414,True
SCN_010,897,29.8667,TGT_002,DECOY_TARGET,true,380.5,186.5,380.5,186.5,-30.0,30.0,897,897,0,TRACKING,379.5,185.5,1.414,False
SCN_010,897,29.8667,TGT_003,DECOY_TARGET,false,,,,,0.0,0.0,666,0,231,LOST,634.5,114.5,,False
SCN_010,898,29.9,TGT_001,COMMUNICATION_TARGET,true,436.0,337.0,436.0,337.0,-30.0,30.0,898,898,0,TRACKING,435.0,336.0,1.414,True
SCN_010,898,29.9,TGT_002,DECOY_TARGET,true,378.5,187.5,378.5,187.5,-60.0,30.0,898,898,0,TRACKING,377.5,186.5,1.414,False
SCN_010,898,29.9,TGT_003,DECOY_TARGET,false,,,,,0.0,0.0,666,0,232,LOST,634.5,114.5,,False
SCN_010,899,29.9333,TGT_001,COMMUNICATION_TARGET,true,436.0,338.0,436.0,338.0,0.0,30.0,899,899,0,TRACKING,435.0,337.0,1.414,True
SCN_010,899,29.9333,TGT_002,DECOY_TARGET,true,376.5,188.5,376.5,188.5,-60.0,30.0,899,899,0,TRACKING,375.5,187.5,1.414,False
SCN_010,899,29.9333,TGT_003,DECOY_TARGET,false,,,,,0.0,0.0,666,0,233,LOST,634.5,114.5,,False
SCN_010,900,29.9667,TGT_001,COMMUNICATION_TARGET,true,435.0,339.0,435.0,339.0,-30.0,30.0,900,900,0,TRACKING,434.0,338.0,1.414,True
SCN_010,900,29.9667,TGT_002,DECOY_TARGET,true,375.5,189.5,375.5,189.5,-30.0,30.0,900,900,0,TRACKING,374.5,188.5,1.414,False
SCN_010,900,29.9667,TGT_003,DECOY_TARGET,false,,,,,0.0,0.0,666,0,234,LOST,634.5,114.5,,False
