scenario_id,frame_id,timestamp,visible,detected,detected_center_x,detected_center_y,tracked_x,tracked_y,velocity_x,velocity_y,track_age,consecutive_hits,consecutive_misses,tracking_status,gt_center_x,gt_center_y,tracking_error_x,tracking_error_y,tracking_error
SCN_004,1,0.0,true,true,333.0,241.0,333.0,241.0,0.0,0.0,1,1,0,ACQUIRING,332.0,240.0,1.0,1.0,1.4142135623730951
SCN_004,2,0.0333,true,true,333.0,241.0,333.0,241.0,0.0,0.0,2,2,0,ACQUIRING,332.0,240.0,1.0,1.0,1.4142135623730951
SCN_004,3,0.0667,true,true,333.0,241.0,333.0,241.0,0.0,0.0,3,3,0,TRACKING,332.0,240.0,1.0,1.0,1.4142135623730951
SCN_004,4,0.1,true,true,333.0,241.0,333.0,241.0,0.0,0.0,4,4,0,TRACKING,332.0,240.0,1.0,1.0,1.4142135623730951
SCN_004,5,0.1333,true,true,333.0,241.0,333.0,241.0,0.0,0.0,5,5,0,TRACKING,332.0,240.0,1.0,1.0,1.4142135623730951
SCN_004,6,0.1667,true,true,333.0,241.0,333.0,241.0,0.0,0.0,6,6,0,TRACKING,332.0,240.0,1.0,1.0,1.4142135623730951
SCN_004,7,0.2,true,true,333.0,241.0,333.0,241.0,0.0,0.0,7,7,0,TRACKING,332.0,240.0,1.0,1.0,1.4142135623730951
SCN_004,8,0.2333,true,true,333.0,241.0,333.0,241.0,0.0,0.0,8,8,0,TRACKING,332.0,240.0,1.0,1.0,1.4142135623730951
SCN_004,9,0.2667,true,true,333.0,241.0,333.0,241.0,0.0,0.0,9,9,0,TRACKING,332.0,240.0,1.0,1.0,1.4142135623730951
SCN_004,10,0.3,true,true,333.0,241.0,333.0,241.0,0.0,0.0,10,10,0,TRACKING,332.0,240.0,1.0,1.0,1.4142135623730951
SCN_004,11,0.3333,true,true,333.0,241.0,333.0,241.0,0.0,0.0,11,11,0,TRACKING,332.0,240.0,1.0,1.0,1.4142135623730951
SCN_004,12,0.3667,true,true,332.0,242.0,332.0,242.0,-30.0,30.0,12,12,0,TRACKING,331.0,241.0,1.0,1.0,1.4142135623730951
SCN_004,13,0.4,true,true,332.0,242.0,332.0,242.0,0.0,0.0,13,13,0,TRACKING,331.0,241.0,1.0,1.0,1.4142135623730951
SCN_004,14,0.4333,true,true,332.0,242.0,332.0,242.0,0.0,0.0,14,14,0,TRACKING,331.0,241.0,1.0,1.0,1.4142135623730951
SCN_004,15,0.4667,true,true,332.0,242.0,332.0,242.0,0.0,0.0,15,15,0,TRACKING,331.0,241.0,1.0,1.0,1.4142135623730951
SCN_004,16,0.5,true,true,332.0,242.0,332.0,242.0,0.0,0.0,16,16,0,TRACKING,331.0,241.0,1.0,1.0,1.4142135623730951
SCN_004,17,0.5333,true,true,332.0,242.0,332.0,242.0,0.0,0.0,17,17,0,TRACKING,331.0,241.0,1.0,1.0,1.4142135623730951
SCN_004,18,0.5667,true,true,332.0,242.0,332.0,242.0,0.0,0.0,18,18,0,TRACKING,331.0,241.0,1.0,1.0,1.4142135623730951
SCN_004,19,0.6,true,true,331.0,242.0,331.0,242.0,-30.0,0.0,19,19,0,TRACKING,330.0,241.0,1.0,1.0,1.4142135623730951
SCN_004,20,0.6333,true,true,331.0,242.0,331.0,242.0,0.0,0.0,20,20,0,TRACKING,330.0,241.0,1.0,1.0,1.4142135623730951
SCN_004,21,0.6667,true,true,331.0,243.0,331.0,243.0,0.0,30.0,21,21,0,TRACKING,330.0,242.0,1.0,1.0,1.4142135623730951
SCN_004,22,0.7,true,true,331.0,243.0,331.0,243.0,0.0,0.0,22,22,0,TRACKING,330.0,242.0,1.0,1.0,1.4142135623730951
SCN_004,23,0.7333,true,true,330.0,243.0,330.0,243.0,-30.0,0.0,23,23,0,TRACKING,329.0,242.0,1.0,1.0,1.4142135623730951
SCN_004,24,0.7667,true,true,330.0,243.0,330.0,243.0,0.0,0.0,24,24,0,TRACKING,329.0,242.0,1.0,1.0,1.4142135623730951
SCN_004,25,0.8,true,true,330.0,244.0,330.0,244.0,0.0,30.0,25,25,0,TRACKING,329.0,243.0,1.0,1.0,1.4142135623730951
SCN_004,26,0.8333,true,true,330.0,244.0,330.0,244.0,0.0,0.0,26,26,0,TRACKING,329.0,243.0,1.0,1.0,1.4142135623730951
SCN_004,27,0.8667,true,true,329.0,244.0,329.0,244.0,-30.0,0.0,27,27,0,TRACKING,328.0,243.0,1.0,1.0,1.4142135623730951
SCN_004,28,0.9,true,true,329.0,244.0,329.0,244.0,0.0,0.0,28,28,0,TRACKING,328.0,243.0,1.0,1.0,1.4142135623730951
SCN_004,29,0.9333,true,true,329.0,245.0,329.0,245.0,0.0,30.0,29,29,0,TRACKING,328.0,244.0,1.0,1.0,1.4142135623730951
SCN_004,30,0.9667,true,true,328.0,245.0,328.0,245.0,-30.0,0.0,30,30,0,TRACKING,327.0,244.0,1.0,1.0,1.4142135623730951
SCN_004,31,1.0,true,true,328.0,245.0,328.0,245.0,0.0,0.0,31,31,0,TRACKING,327.0,244.0,1.0,1.0,1.4142135623730951
SCN_004,32,1.0333,true,true,328.0,245.0,328.0,245.0,0.0,0.0,32,32,0,TRACKING,327.0,244.0,1.0,1.0,1.4142135623730951
SCN_004,33,1.0667,true,true,327.0,246.0,327.0,246.0,-30.0,30.0,33,33,0,TRACKING,326.0,245.0,1.0,1.0,1.4142135623730951
SCN_004,34,1.1,true,true,327.0,246.0,327.0,246.0,0.0,0.0,34,34,0,TRACKING,326.0,245.0,1.0,1.0,1.4142135623730951
SCN_004,35,1.1333,true,true,327.0,246.0,327.0,246.0,0.0,0.0,35,35,0,TRACKING,326.0,245.0,1.0,1.0,1.4142135623730951
SCN_004,36,1.1667,true,true,326.0,246.0,326.0,246.0,-30.0,0.0,36,36,0,TRACKING,325.0,245.0,1.0,1.0,1.4142135623730951
SCN_004,37,1.2,true,true,326.0,247.0,326.0,247.0,0.0,30.0,37,37,0,TRACKING,325.0,246.0,1.0,1.0,1.4142135623730951
SCN_004,38,1.2333,true,true,326.0,247.0,326.0,247.0,0.0,0.0,38,38,0,TRACKING,325.0,246.0,1.0,1.0,1.4142135623730951
SCN_004,39,1.2667,true,true,325.0,247.0,325.0,247.0,-30.0,0.0,39,39,0,TRACKING,324.0,246.0,1.0,1.0,1.4142135623730951
SCN_004,40,1.3,true,true,325.0,247.0,325.0,247.0,0.0,0.0,40,40,0,TRACKING,324.0,246.0,1.0,1.0,1.4142135623730951
SCN_004,41,1.3333,true,true,325.0,248.0,325.0,248.0,0.0,30.0,41,41,0,TRACKING,324.0,247.0,1.0,1.0,1.4142135623730951
SCN_004,42,1.3667,true,true,324.0,248.0,324.0,248.0,-30.0,0.0,42,42,0,TRACKING,323.0,247.0,1.0,1.0,1.4142135623730951
SCN_004,43,1.4,true,true,324.0,248.0,324.0,248.0,0.0,0.0,43,43,0,TRACKING,323.0,247.0,1.0,1.0,1.4142135623730951
SCN_004,44,1.4333,true,true,323.0,248.0,323.0,248.0,-30.0,0.0,44,44,0,TRACKING,322.0,247.0,1.0,1.0,1.4142135623730951
SCN_004,45,1.4667,true,true,323.0,248.0,323.0,248.0,0.0,0.0,45,45,0,TRACKING,322.0,247.0,1.0,1.0,1.4142135623730951
SCN_004,46,1.5,true,true,323.0,248.0,323.0,248.0,0.0,0.0,46,46,0,TRACKING,322.0,247.0,1.0,1.0,1.4142135623730951
SCN_004,47,1.5333,true,true,322.0,249.0,322.0,249.0,-30.0,30.0,47,47,0,TRACKING,321.0,248.0,1.0,1.0,1.4142135623730951
SCN_004,48,1.5667,true,true,322.0,249.0,322.0,249.0,0.0,0.0,48,48,0,TRACKING,321.0,248.0,1.0,1.0,1.4142135623730951
SCN_004,49,1.6,true,true,321.0,249.0,321.0,249.0,-30.0,0.0,49,49,0,TRACKING,320.0,248.0,1.0,1.0,1.4142135623730951
SCN_004,50,1.6333,true,true,321.0,249.0,321.0,249.0,0.0,0.0,50,50,0,TRACKING,320.0,248.0,1.0,1.0,1.4142135623730951
SCN_004,51,1.6667,true,true,321.0,249.0,321.0,249.0,0.0,0.0,51,51,0,TRACKING,320.0,248.0,1.0,1.0,1.4142135623730951
SCN_004,52,1.7,true,true,320.0,249.0,320.0,249.0,-30.0,0.0,52,52,0,TRACKING,319.0,248.0,1.0,1.0,1.4142135623730951
SCN_004,53,1.7333,true,true,320.0,249.0,320.0,249.0,0.0,0.0,53,53,0,TRACKING,319.0,248.0,1.0,1.0,1.4142135623730951
SCN_004,54,1.7667,true,true,320.0,249.0,320.0,249.0,0.0,0.0,54,54,0,TRACKING,319.0,248.0,1.0,1.0,1.4142135623730951
SCN_004,55,1.8,true,true,319.0,249.0,319.0,249.0,-30.0,0.0,55,55,0,TRACKING,318.0,248.0,1.0,1.0,1.4142135623730951
SCN_004,56,1.8333,true,true,319.0,249.0,319.0,249.0,0.0,0.0,56,56,0,TRACKING,318.0,248.0,1.0,1.0,1.4142135623730951
SCN_004,57,1.8667,true,true,318.0,249.0,318.0,249.0,-30.0,0.0,57,57,0,TRACKING,317.0,248.0,1.0,1.0,1.4142135623730951
SCN_004,58,1.9,true,true,318.0,249.0,318.0,249.0,0.0,0.0,58,58,0,TRACKING,317.0,248.0,1.0,1.0,1.4142135623730951
SCN_004,59,1.9333,true,true,318.0,249.0,318.0,249.0,0.0,0.0,59,59,0,TRACKING,317.0,248.0,1.0,1.0,1.4142135623730951
SCN_004,60,1.9667,true,true,317.0,249.0,317.0,249.0,-30.0,0.0,60,60,0,TRACKING,316.0,248.0,1.0,1.0,1.4142135623730951
SCN_004,61,2.0,true,true,317.0,248.0,317.0,248.0,0.0,-30.0,61,61,0,TRACKING,316.0,247.0,1.0,1.0,1.4142135623730951
SCN_004,62,2.0333,true,true,316.0,248.0,316.0,248.0,-30.0,0.0,62,62,0,TRACKING,315.0,247.0,1.0,1.0,1.4142135623730951
SCN_004,63,2.0667,true,true,316.0,248.0,316.0,248.0,0.0,0.0,63,63,0,TRACKING,315.0,247.0,1.0,1.0,1.4142135623730951
SCN_004,64,2.1,true,true,316.0,248.0,316.0,248.0,0.0,0.0,64,64,0,TRACKING,315.0,247.0,1.0,1.0,1.4142135623730951
SCN_004,65,2.1333,true,true,315.0,248.0,315.0,248.0,-30.0,0.0,65,65,0,TRACKING,314.0,247.0,1.0,1.0,1.4142135623730951
SCN_004,66,2.1667,true,true,315.0,248.0,315.0,248.0,0.0,0.0,66,66,0,TRACKING,314.0,247.0,1.0,1.0,1.4142135623730951
SCN_004,67,2.2,true,true,315.0,248.0,315.0,248.0,0.0,0.0,67,67,0,TRACKING,314.0,247.0,1.0,1.0,1.4142135623730951
SCN_004,68,2.2333,true,true,315.0,248.0,315.0,248.0,0.0,0.0,68,68,0,TRACKING,314.0,247.0,1.0,1.0,1.4142135623730951
SCN_004,69,2.2667,true,true,314.0,248.0,314.0,248.0,-30.0,0.0,69,69,0,TRACKING,313.0,247.0,1.0,1.0,1.4142135623730951
SCN_004,70,2.3,true,true,314.0,248.0,314.0,248.0,0.0,0.0,70,70,0,TRACKING,313.0,247.0,1.0,1.0,1.4142135623730951
SCN_004,71,2.3333,true,true,314.0,247.0,314.0,247.0,0.0,-30.0,71,71,0,TRACKING,313.0,246.0,1.0,1.0,1.4142135623730951
SCN_004,72,2.3667,true,true,313.0,247.0,313.0,247.0,-30.0,0.0,72,72,0,TRACKING,312.0,246.0,1.0,1.0,1.4142135623730951
SCN_004,73,2.4,true,true,313.0,247.0,313.0,247.0,0.0,0.0,73,73,0,TRACKING,312.0,246.0,1.0,1.0,1.4142135623730951
SCN_004,74,2.4333,true,true,313.0,247.0,313.0,247.0,0.0,0.0,74,74,0,TRACKING,312.0,246.0,1.0,1.0,1.4142135623730951
SCN_004,75,2.4667,true,true,313.0,247.0,313.0,247.0,0.0,0.0,75,75,0,TRACKING,312.0,246.0,1.0,1.0,1.4142135623730951
SCN_004,76,2.5,true,true,313.0,247.0,313.0,247.0,0.0,0.0,76,76,0,TRACKING,312.0,246.0,1.0,1.0,1.4142135623730951
SCN_004,77,2.5333,true,true,312.0,246.0,312.0,246.0,-30.0,-30.0,77,77,0,TRACKING,311.0,245.0,1.0,1.0,1.4142135623730951
SCN_004,78,2.5667,true,true,312.0,246.0,312.0,246.0,0.0,0.0,78,78,0,TRACKING,311.0,245.0,1.0,1.0,1.4142135623730951
SCN_004,79,2.6,true,true,312.0,246.0,312.0,246.0,0.0,0.0,79,79,0,TRACKING,311.0,245.0,1.0,1.0,1.4142135623730951
SCN_004,80,2.6333,true,true,312.0,246.0,312.0,246.0,0.0,0.0,80,80,0,TRACKING,311.0,245.0,1.0,1.0,1.4142135623730951
SCN_004,81,2.6667,true,true,312.0,246.0,312.0,246.0,0.0,0.0,81,81,0,TRACKING,311.0,245.0,1.0,1.0,1.4142135623730951
SCN_004,82,2.7,true,true,312.0,245.0,312.0,245.0,0.0,-30.0,82,82,0,TRACKING,311.0,244.0,1.0,1.0,1.4142135623730951
SCN_004,83,2.7333,true,true,311.0,245.0,311.0,245.0,-30.0,0.0,83,83,0,TRACKING,310.0,244.0,1.0,1.0,1.4142135623730951
SCN_004,84,2.7667,true,true,311.0,245.0,311.0,245.0,0.0,0.0,84,84,0,TRACKING,310.0,244.0,1.0,1.0,1.4142135623730951
SCN_004,85,2.8,true,true,311.0,245.0,311.0,245.0,0.0,0.0,85,85,0,TRACKING,310.0,244.0,1.0,1.0,1.4142135623730951
SCN_004,86,2.8333,true,true,311.0,244.0,311.0,244.0,0.0,-30.0,86,86,0,TRACKING,310.0,243.0,1.0,1.0,1.4142135623730951
SCN_004,87,2.8667,true,true,311.0,244.0,311.0,244.0,0.0,0.0,87,87,0,TRACKING,310.0,243.0,1.0,1.0,1.4142135623730951
SCN_004,88,2.9,true,true,311.0,244.0,311.0,244.0,0.0,0.0,88,88,0,TRACKING,310.0,243.0,1.0,1.0,1.4142135623730951
SCN_004,89,2.9333,true,true,310.0,244.0,310.0,244.0,-30.0,0.0,89,89,0,TRACKING,309.0,243.0,1.0,1.0,1.4142135623730951
SCN_004,90,2.9667,true,true,310.0,243.0,310.0,243.0,0.0,-30.0,90,90,0,TRACKING,309.0,242.0,1.0,1.0,1.4142135623730951
SCN_004,91,3.0,true,true,310.0,243.0,310.0,243.0,0.0,0.0,91,91,0,TRACKING,309.0,242.0,1.0,1.0,1.4142135623730951
SCN_004,92,3.0333,true,true,310.0,243.0,310.0,243.0,0.0,0.0,92,92,0,TRACKING,309.0,242.0,1.0,1.0,1.4142135623730951
SCN_004,93,3.0667,true,true,310.0,243.0,310.0,243.0,0.0,0.0,93,93,0,TRACKING,309.0,242.0,1.0,1.0,1.4142135623730951
SCN_004,94,3.1,true,true,310.0,242.0,310.0,242.0,0.0,-30.0,94,94,0,TRACKING,309.0,241.0,1.0,1.0,1.4142135623730951
SCN_004,95,3.1333,true,true,310.0,242.0,310.0,242.0,0.0,0.0,95,95,0,TRACKING,309.0,241.0,1.0,1.0,1.4142135623730951
SCN_004,96,3.1667,true,true,310.0,242.0,310.0,242.0,0.0,0.0,96,96,0,TRACKING,309.0,241.0,1.0,1.0,1.4142135623730951
SCN_004,97,3.2,true,true,310.0,242.0,310.0,242.0,0.0,0.0,97,97,0,TRACKING,309.0,241.0,1.0,1.0,1.4142135623730951
SCN_004,98,3.2333,true,true,310.0,241.0,310.0,241.0,0.0,-30.0,98,98,0,TRACKING,309.0,240.0,1.0,1.0,1.4142135623730951
SCN_004,99,3.2667,true,true,310.0,241.0,310.0,241.0,0.0,0.0,99,99,0,TRACKING,309.0,240.0,1.0,1.0,1.4142135623730951
SCN_004,100,3.3,true,true,310.0,241.0,310.0,241.0,0.0,0.0,100,100,0,TRACKING,309.0,240.0,1.0,1.0,1.4142135623730951
SCN_004,101,3.3333,true,true,310.0,241.0,310.0,241.0,0.0,0.0,101,101,0,TRACKING,309.0,240.0,1.0,1.0,1.4142135623730951
SCN_004,102,3.3667,true,true,310.0,240.0,310.0,240.0,0.0,-30.0,102,102,0,TRACKING,309.0,239.0,1.0,1.0,1.4142135623730951
SCN_004,103,3.4,true,true,310.0,240.0,310.0,240.0,0.0,0.0,103,103,0,TRACKING,309.0,239.0,1.0,1.0,1.4142135623730951
SCN_004,104,3.4333,true,true,310.0,240.0,310.0,240.0,0.0,0.0,104,104,0,TRACKING,309.0,239.0,1.0,1.0,1.4142135623730951
SCN_004,105,3.4667,true,true,310.0,239.0,310.0,239.0,0.0,-30.0,105,105,0,TRACKING,309.0,238.0,1.0,1.0,1.4142135623730951
SCN_004,106,3.5,true,true,310.0,239.0,310.0,239.0,0.0,0.0,106,106,0,TRACKING,309.0,238.0,1.0,1.0,1.4142135623730951
SCN_004,107,3.5333,true,true,310.0,239.0,310.0,239.0,0.0,0.0,107,107,0,TRACKING,309.0,238.0,1.0,1.0,1.4142135623730951
SCN_004,108,3.5667,true,true,310.0,239.0,310.0,239.0,0.0,0.0,108,108,0,TRACKING,309.0,238.0,1.0,1.0,1.4142135623730951
SCN_004,109,3.6,true,true,310.0,238.0,310.0,238.0,0.0,-30.0,109,109,0,TRACKING,309.0,237.0,1.0,1.0,1.4142135623730951
SCN_004,110,3.6333,true,true,310.0,238.0,310.0,238.0,0.0,0.0,110,110,0,TRACKING,309.0,237.0,1.0,1.0,1.4142135623730951
SCN_004,111,3.6667,true,true,310.0,238.0,310.0,238.0,0.0,0.0,111,111,0,TRACKING,309.0,237.0,1.0,1.0,1.4142135623730951
SCN_004,112,3.7,true,true,310.0,238.0,310.0,238.0,0.0,0.0,112,112,0,TRACKING,309.0,237.0,1.0,1.0,1.4142135623730951
SCN_004,113,3.7333,true,true,310.0,238.0,310.0,238.0,0.0,0.0,113,113,0,TRACKING,309.0,237.0,1.0,1.0,1.4142135623730951
SCN_004,114,3.7667,true,true,310.0,237.0,310.0,237.0,0.0,-30.0,114,114,0,TRACKING,309.0,236.0,1.0,1.0,1.4142135623730951
SCN_004,115,3.8,true,true,310.0,237.0,310.0,237.0,0.0,0.0,115,115,0,TRACKING,309.0,236.0,1.0,1.0,1.4142135623730951
SCN_004,116,3.8333,true,true,311.0,237.0,311.0,237.0,30.0,0.0,116,116,0,TRACKING,310.0,236.0,1.0,1.0,1.4142135623730951
SCN_004,117,3.8667,true,true,311.0,237.0,311.0,237.0,0.0,0.0,117,117,0,TRACKING,310.0,236.0,1.0,1.0,1.4142135623730951
SCN_004,118,3.9,true,true,311.0,236.0,311.0,236.0,0.0,-30.0,118,118,0,TRACKING,310.0,235.0,1.0,1.0,1.4142135623730951
SCN_004,119,3.9333,true,true,311.0,236.0,311.0,236.0,0.0,0.0,119,119,0,TRACKING,310.0,235.0,1.0,1.0,1.4142135623730951
SCN_004,120,3.9667,true,true,311.0,236.0,311.0,236.0,0.0,0.0,120,120,0,TRACKING,310.0,235.0,1.0,1.0,1.4142135623730951
SCN_004,121,4.0,true,true,312.0,236.0,312.0,236.0,30.0,0.0,121,121,0,TRACKING,311.0,235.0,1.0,1.0,1.4142135623730951
SCN_004,122,4.0333,true,true,312.0,235.0,312.0,235.0,0.0,-30.0,122,122,0,TRACKING,311.0,234.0,1.0,1.0,1.4142135623730951
SCN_004,123,4.0667,true,true,312.0,235.0,312.0,235.0,0.0,0.0,123,123,0,TRACKING,311.0,234.0,1.0,1.0,1.4142135623730951
SCN_004,124,4.1,true,true,312.0,235.0,312.0,235.0,0.0,0.0,124,124,0,TRACKING,311.0,234.0,1.0,1.0,1.4142135623730951
SCN_004,125,4.1333,true,true,312.0,235.0,312.0,235.0,0.0,0.0,125,125,0,TRACKING,311.0,234.0,1.0,1.0,1.4142135623730951
SCN_004,126,4.1667,true,true,313.0,234.0,313.0,234.0,30.0,-30.0,126,126,0,TRACKING,312.0,233.0,1.0,1.0,1.4142135623730951
SCN_004,127,4.2,true,true,313.0,234.0,313.0,234.0,0.0,0.0,127,127,0,TRACKING,312.0,233.0,1.0,1.0,1.4142135623730951
SCN_004,128,4.2333,true,true,313.0,234.0,313.0,234.0,0.0,0.0,128,128,0,TRACKING,312.0,233.0,1.0,1.0,1.4142135623730951
SCN_004,129,4.2667,true,true,313.0,234.0,313.0,234.0,0.0,0.0,129,129,0,TRACKING,312.0,233.0,1.0,1.0,1.4142135623730951
SCN_004,130,4.3,true,true,314.0,233.0,314.0,233.0,30.0,-30.0,130,130,0,TRACKING,313.0,232.0,1.0,1.0,1.4142135623730951
SCN_004,131,4.3333,true,true,314.0,233.0,314.0,233.0,0.0,0.0,131,131,0,TRACKING,313.0,232.0,1.0,1.0,1.4142135623730951
SCN_004,132,4.3667,true,true,314.0,233.0,314.0,233.0,0.0,0.0,132,132,0,TRACKING,313.0,232.0,1.0,1.0,1.4142135623730951
SCN_004,133,4.4,true,true,314.0,233.0,314.0,233.0,0.0,0.0,133,133,0,TRACKING,313.0,232.0,1.0,1.0,1.4142135623730951
SCN_004,134,4.4333,true,true,315.0,233.0,315.0,233.0,30.0,0.0,134,134,0,TRACKING,314.0,232.0,1.0,1.0,1.4142135623730951
SCN_004,135,4.4667,true,true,315.0,232.0,315.0,232.0,0.0,-30.0,135,135,0,TRACKING,314.0,231.0,1.0,1.0,1.4142135623730951
SCN_004,136,4.5,true,true,315.0,232.0,315.0,232.0,0.0,0.0,136,136,0,TRACKING,314.0,231.0,1.0,1.0,1.4142135623730951
SCN_004,137,4.5333,true,true,316.0,232.0,316.0,232.0,30.0,0.0,137,137,0,TRACKING,315.0,231.0,1.0,1.0,1.4142135623730951
SCN_004,138,4.5667,true,true,316.0,232.0,316.0,232.0,0.0,0.0,138,138,0,TRACKING,315.0,231.0,1.0,1.0,1.4142135623730951
SCN_004,139,4.6,true,true,316.0,232.0,316.0,232.0,0.0,0.0,139,139,0,TRACKING,315.0,231.0,1.0,1.0,1.4142135623730951
SCN_004,140,4.6333,true,true,317.0,232.0,317.0,232.0,30.0,0.0,140,140,0,TRACKING,316.0,231.0,1.0,1.0,1.4142135623730951
SCN_004,141,4.6667,true,true,317.0,231.0,317.0,231.0,0.0,-30.0,141,141,0,TRACKING,316.0,230.0,1.0,1.0,1.4142135623730951
SCN_004,142,4.7,true,true,317.0,231.0,317.0,231.0,0.0,0.0,142,142,0,TRACKING,316.0,230.0,1.0,1.0,1.4142135623730951
SCN_004,143,4.7333,true,true,318.0,231.0,318.0,231.0,30.0,0.0,143,143,0,TRACKING,317.0,230.0,1.0,1.0,1.4142135623730951
SCN_004,144,4.7667,true,true,318.0,231.0,318.0,231.0,0.0,0.0,144,144,0,TRACKING,317.0,230.0,1.0,1.0,1.4142135623730951
SCN_004,145,4.8,true,true,318.0,231.0,318.0,231.0,0.0,0.0,145,145,0,TRACKING,317.0,230.0,1.0,1.0,1.4142135623730951
SCN_004,146,4.8333,true,true,319.0,231.0,319.0,231.0,30.0,0.0,146,146,0,TRACKING,318.0,230.0,1.0,1.0,1.4142135623730951
SCN_004,147,4.8667,true,true,319.0,231.0,319.0,231.0,0.0,0.0,147,147,0,TRACKING,318.0,230.0,1.0,1.0,1.4142135623730951
SCN_004,148,4.9,true,true,320.0,231.0,320.0,231.0,30.0,0.0,148,148,0,TRACKING,319.0,230.0,1.0,1.0,1.4142135623730951
SCN_004,149,4.9333,true,true,320.0,231.0,320.0,231.0,0.0,0.0,149,149,0,TRACKING,319.0,230.0,1.0,1.0,1.4142135623730951
SCN_004,150,4.9667,true,true,320.0,231.0,320.0,231.0,0.0,0.0,150,150,0,TRACKING,319.0,230.0,1.0,1.0,1.4142135623730951
SCN_004,151,5.0,true,true,321.0,231.0,321.0,231.0,30.0,0.0,151,151,0,TRACKING,320.0,230.0,1.0,1.0,1.4142135623730951
SCN_004,152,5.0333,true,true,321.0,231.0,321.0,231.0,0.0,0.0,152,152,0,TRACKING,320.0,230.0,1.0,1.0,1.4142135623730951
SCN_004,153,5.0667,true,true,322.0,231.0,322.0,231.0,30.0,0.0,153,153,0,TRACKING,321.0,230.0,1.0,1.0,1.4142135623730951
SCN_004,154,5.1,true,true,322.0,231.0,322.0,231.0,0.0,0.0,154,154,0,TRACKING,321.0,230.0,1.0,1.0,1.4142135623730951
SCN_004,155,5.1333,true,true,322.0,231.0,322.0,231.0,0.0,0.0,155,155,0,TRACKING,321.0,230.0,1.0,1.0,1.4142135623730951
SCN_004,156,5.1667,true,true,323.0,231.0,323.0,231.0,30.0,0.0,156,156,0,TRACKING,322.0,230.0,1.0,1.0,1.4142135623730951
SCN_004,157,5.2,true,true,323.0,231.0,323.0,231.0,0.0,0.0,157,157,0,TRACKING,322.0,230.0,1.0,1.0,1.4142135623730951
SCN_004,158,5.2333,true,true,324.0,231.0,324.0,231.0,30.0,0.0,158,158,0,TRACKING,323.0,230.0,1.0,1.0,1.4142135623730951
SCN_004,159,5.2667,true,true,324.0,231.0,324.0,231.0,0.0,0.0,159,159,0,TRACKING,323.0,230.0,1.0,1.0,1.4142135623730951
SCN_004,160,5.3,true,true,324.0,231.0,324.0,231.0,0.0,0.0,160,160,0,TRACKING,323.0,230.0,1.0,1.0,1.4142135623730951
SCN_004,161,5.3333,true,true,325.0,232.0,325.0,232.0,30.0,30.0,161,161,0,TRACKING,324.0,231.0,1.0,1.0,1.4142135623730951
SCN_004,162,5.3667,true,true,325.0,232.0,325.0,232.0,0.0,0.0,162,162,0,TRACKING,324.0,231.0,1.0,1.0,1.4142135623730951
SCN_004,163,5.4,true,true,325.0,232.0,325.0,232.0,0.0,0.0,163,163,0,TRACKING,324.0,231.0,1.0,1.0,1.4142135623730951
SCN_004,164,5.4333,true,true,326.0,232.0,326.0,232.0,30.0,0.0,164,164,0,TRACKING,325.0,231.0,1.0,1.0,1.4142135623730951
SCN_004,165,5.4667,true,true,326.0,232.0,326.0,232.0,0.0,0.0,165,165,0,TRACKING,325.0,231.0,1.0,1.0,1.4142135623730951
SCN_004,166,5.5,true,true,327.0,232.0,327.0,232.0,30.0,0.0,166,166,0,TRACKING,326.0,231.0,1.0,1.0,1.4142135623730951
SCN_004,167,5.5333,true,true,327.0,232.0,327.0,232.0,0.0,0.0,167,167,0,TRACKING,326.0,231.0,1.0,1.0,1.4142135623730951
SCN_004,168,5.5667,true,true,327.0,232.0,327.0,232.0,0.0,0.0,168,168,0,TRACKING,326.0,231.0,1.0,1.0,1.4142135623730951
SCN_004,169,5.6,true,true,328.0,232.0,328.0,232.0,30.0,0.0,169,169,0,TRACKING,327.0,231.0,1.0,1.0,1.4142135623730951
SCN_004,170,5.6333,true,true,328.0,232.0,328.0,232.0,0.0,0.0,170,170,0,TRACKING,327.0,231.0,1.0,1.0,1.4142135623730951
SCN_004,171,5.6667,true,true,329.0,232.0,329.0,232.0,30.0,0.0,171,171,0,TRACKING,328.0,231.0,1.0,1.0,1.4142135623730951
SCN_004,172,5.7,true,true,329.0,232.0,329.0,232.0,0.0,0.0,172,172,0,TRACKING,328.0,231.0,1.0,1.0,1.4142135623730951
SCN_004,173,5.7333,true,true,329.0,233.0,329.0,233.0,0.0,30.0,173,173,0,TRACKING,328.0,232.0,1.0,1.0,1.4142135623730951
SCN_004,174,5.7667,true,true,330.0,233.0,330.0,233.0,30.0,0.0,174,174,0,TRACKING,329.0,232.0,1.0,1.0,1.4142135623730951
SCN_004,175,5.8,true,true,330.0,233.0,330.0,233.0,0.0,0.0,175,175,0,TRACKING,329.0,232.0,1.0,1.0,1.4142135623730951
SCN_004,176,5.8333,true,true,330.0,233.0,330.0,233.0,0.0,0.0,176,176,0,TRACKING,329.0,232.0,1.0,1.0,1.4142135623730951
SCN_004,177,5.8667,true,true,330.0,233.0,330.0,233.0,0.0,0.0,177,177,0,TRACKING,329.0,232.0,1.0,1.0,1.4142135623730951
SCN_004,178,5.9,true,true,330.0,233.0,330.0,233.0,0.0,0.0,178,178,0,TRACKING,329.0,232.0,1.0,1.0,1.4142135623730951
SCN_004,179,5.9333,true,true,331.0,233.0,331.0,233.0,30.0,0.0,179,179,0,TRACKING,330.0,232.0,1.0,1.0,1.4142135623730951
SCN_004,180,5.9667,true,true,331.0,233.0,331.0,233.0,0.0,0.0,180,180,0,TRACKING,330.0,232.0,1.0,1.0,1.4142135623730951
SCN_004,181,6.0,true,true,331.0,234.0,331.0,234.0,0.0,30.0,181,181,0,TRACKING,330.0,233.0,1.0,1.0,1.4142135623730951
SCN_004,182,6.0333,true,true,331.0,234.0,331.0,234.0,0.0,0.0,182,182,0,TRACKING,330.0,233.0,1.0,1.0,1.4142135623730951
SCN_004,183,6.0667,true,true,331.0,234.0,331.0,234.0,0.0,0.0,183,183,0,TRACKING,330.0,233.0,1.0,1.0,1.4142135623730951
SCN_004,184,6.1,true,true,332.0,234.0,332.0,234.0,30.0,0.0,184,184,0,TRACKING,331.0,233.0,1.0,1.0,1.4142135623730951
SCN_004,185,6.1333,true,true,332.0,234.0,332.0,234.0,0.0,0.0,185,185,0,TRACKING,331.0,233.0,1.0,1.0,1.4142135623730951
SCN_004,186,6.1667,true,true,332.0,234.0,332.0,234.0,0.0,0.0,186,186,0,TRACKING,331.0,233.0,1.0,1.0,1.4142135623730951
SCN_004,187,6.2,true,true,332.0,235.0,332.0,235.0,0.0,30.0,187,187,0,TRACKING,331.0,234.0,1.0,1.0,1.4142135623730951
SCN_004,188,6.2333,true,true,332.0,235.0,332.0,235.0,0.0,0.0,188,188,0,TRACKING,331.0,234.0,1.0,1.0,1.4142135623730951
SCN_004,189,6.2667,true,true,332.0,235.0,332.0,235.0,0.0,0.0,189,189,0,TRACKING,331.0,234.0,1.0,1.0,1.4142135623730951
SCN_004,190,6.3,true,true,332.0,235.0,332.0,235.0,0.0,0.0,190,190,0,TRACKING,331.0,234.0,1.0,1.0,1.4142135623730951
SCN_004,191,6.3333,true,true,332.0,236.0,332.0,236.0,0.0,30.0,191,191,0,TRACKING,331.0,235.0,1.0,1.0,1.4142135623730951
SCN_004,192,6.3667,true,true,333.0,236.0,333.0,236.0,30.0,0.0,192,192,0,TRACKING,332.0,235.0,1.0,1.0,1.4142135623730951
SCN_004,193,6.4,true,true,333.0,236.0,333.0,236.0,0.0,0.0,193,193,0,TRACKING,332.0,235.0,1.0,1.0,1.4142135623730951
SCN_004,194,6.4333,true,true,333.0,236.0,333.0,236.0,0.0,0.0,194,194,0,TRACKING,332.0,235.0,1.0,1.0,1.4142135623730951
SCN_004,195,6.4667,true,true,333.0,237.0,333.0,237.0,0.0,30.0,195,195,0,TRACKING,332.0,236.0,1.0,1.0,1.4142135623730951
SCN_004,196,6.5,true,true,333.0,237.0,333.0,237.0,0.0,0.0,196,196,0,TRACKING,332.0,236.0,1.0,1.0,1.4142135623730951
SCN_004,197,6.5333,true,true,333.0,237.0,333.0,237.0,0.0,0.0,197,197,0,TRACKING,332.0,236.0,1.0,1.0,1.4142135623730951
SCN_004,198,6.5667,true,true,333.0,238.0,333.0,238.0,0.0,30.0,198,198,0,TRACKING,332.0,237.0,1.0,1.0,1.4142135623730951
SCN_004,199,6.6,true,true,333.0,238.0,333.0,238.0,0.0,0.0,199,199,0,TRACKING,332.0,237.0,1.0,1.0,1.4142135623730951
SCN_004,200,6.6333,true,true,333.0,238.0,333.0,238.0,0.0,0.0,200,200,0,TRACKING,332.0,237.0,1.0,1.0,1.4142135623730951
SCN_004,201,6.6667,true,true,333.0,239.0,333.0,239.0,0.0,30.0,201,201,0,TRACKING,332.0,238.0,1.0,1.0,1.4142135623730951
SCN_004,202,6.7,true,true,333.0,239.0,333.0,239.0,0.0,0.0,202,202,0,TRACKING,332.0,238.0,1.0,1.0,1.4142135623730951
SCN_004,203,6.7333,true,true,333.0,240.0,333.0,240.0,0.0,30.0,203,203,0,TRACKING,332.0,239.0,1.0,1.0,1.4142135623730951
SCN_004,204,6.7667,true,true,333.0,240.0,333.0,240.0,0.0,0.0,204,204,0,TRACKING,332.0,239.0,1.0,1.0,1.4142135623730951
SCN_004,205,6.8,true,true,333.0,240.0,333.0,240.0,0.0,0.0,205,205,0,TRACKING,332.0,239.0,1.0,1.0,1.4142135623730951
SCN_004,206,6.8333,true,true,333.0,241.0,333.0,241.0,0.0,30.0,206,206,0,TRACKING,332.0,240.0,1.0,1.0,1.4142135623730951
SCN_004,207,6.8667,true,true,333.0,241.0,333.0,241.0,0.0,0.0,207,207,0,TRACKING,332.0,240.0,1.0,1.0,1.4142135623730951
SCN_004,208,6.9,true,true,333.0,242.0,333.0,242.0,0.0,30.0,208,208,0,TRACKING,332.0,241.0,1.0,1.0,1.4142135623730951
SCN_004,209,6.9333,true,true,333.0,242.0,333.0,242.0,0.0,0.0,209,209,0,TRACKING,332.0,241.0,1.0,1.0,1.4142135623730951
SCN_004,210,6.9667,true,true,333.0,242.0,333.0,242.0,0.0,0.0,210,210,0,TRACKING,332.0,241.0,1.0,1.0,1.4142135623730951
SCN_004,211,7.0,true,true,333.0,243.0,333.0,243.0,0.0,30.0,211,211,0,TRACKING,332.0,242.0,1.0,1.0,1.4142135623730951
SCN_004,212,7.0333,true,true,333.0,243.0,333.0,243.0,0.0,0.0,212,212,0,TRACKING,332.0,242.0,1.0,1.0,1.4142135623730951
SCN_004,213,7.0667,true,true,333.0,244.0,333.0,244.0,0.0,30.0,213,213,0,TRACKING,332.0,243.0,1.0,1.0,1.4142135623730951
SCN_004,214,7.1,true,true,333.0,244.0,333.0,244.0,0.0,0.0,214,214,0,TRACKING,332.0,243.0,1.0,1.0,1.4142135623730951
SCN_004,215,7.1333,true,true,333.0,244.0,333.0,244.0,0.0,0.0,215,215,0,TRACKING,332.0,243.0,1.0,1.0,1.4142135623730951
SCN_004,216,7.1667,true,true,332.0,245.0,332.0,245.0,-30.0,30.0,216,216,0,TRACKING,331.0,244.0,1.0,1.0,1.4142135623730951
SCN_004,217,7.2,true,true,332.0,245.0,332.0,245.0,0.0,0.0,217,217,0,TRACKING,331.0,244.0,1.0,1.0,1.4142135623730951
SCN_004,218,7.2333,true,true,332.0,245.0,332.0,245.0,0.0,0.0,218,218,0,TRACKING,331.0,244.0,1.0,1.0,1.4142135623730951
SCN_004,219,7.2667,true,true,332.0,246.0,332.0,246.0,0.0,30.0,219,219,0,TRACKING,331.0,245.0,1.0,1.0,1.4142135623730951
SCN_004,220,7.3,true,true,332.0,246.0,332.0,246.0,0.0,0.0,220,220,0,TRACKING,331.0,245.0,1.0,1.0,1.4142135623730951
SCN_004,221,7.3333,true,true,332.0,246.0,332.0,246.0,0.0,0.0,221,221,0,TRACKING,331.0,245.0,1.0,1.0,1.4142135623730951
SCN_004,222,7.3667,true,true,331.0,247.0,331.0,247.0,-30.0,30.0,222,222,0,TRACKING,330.0,246.0,1.0,1.0,1.4142135623730951
SCN_004,223,7.4,true,true,331.0,247.0,331.0,247.0,0.0,0.0,223,223,0,TRACKING,330.0,246.0,1.0,1.0,1.4142135623730951
SCN_004,224,7.4333,true,true,331.0,247.0,331.0,247.0,0.0,0.0,224,224,0,TRACKING,330.0,246.0,1.0,1.0,1.4142135623730951
SCN_004,225,7.4667,true,true,331.0,247.0,331.0,247.0,0.0,0.0,225,225,0,TRACKING,330.0,246.0,1.0,1.0,1.4142135623730951
SCN_004,226,7.5,true,true,331.0,248.0,331.0,248.0,0.0,30.0,226,226,0,TRACKING,330.0,247.0,1.0,1.0,1.4142135623730951
SCN_004,227,7.5333,true,true,330.0,248.0,330.0,248.0,-30.0,0.0,227,227,0,TRACKING,329.0,247.0,1.0,1.0,1.4142135623730951
SCN_004,228,7.5667,true,true,330.0,248.0,330.0,248.0,0.0,0.0,228,228,0,TRACKING,329.0,247.0,1.0,1.0,1.4142135623730951
SCN_004,229,7.6,true,true,330.0,249.0,330.0,249.0,0.0,30.0,229,229,0,TRACKING,329.0,248.0,1.0,1.0,1.4142135623730951
SCN_004,230,7.6333,true,true,330.0,249.0,330.0,249.0,0.0,0.0,230,230,0,TRACKING,329.0,248.0,1.0,1.0,1.4142135623730951
SCN_004,231,7.6667,true,true,329.0,249.0,329.0,249.0,-30.0,0.0,231,231,0,TRACKING,328.0,248.0,1.0,1.0,1.4142135623730951
SCN_004,232,7.7,true,true,329.0,249.0,329.0,249.0,0.0,0.0,232,232,0,TRACKING,328.0,248.0,1.0,1.0,1.4142135623730951
SCN_004,233,7.7333,true,true,329.0,250.0,329.0,250.0,0.0,30.0,233,233,0,TRACKING,328.0,249.0,1.0,1.0,1.4142135623730951
SCN_004,234,7.7667,true,true,329.0,250.0,329.0,250.0,0.0,0.0,234,234,0,TRACKING,328.0,249.0,1.0,1.0,1.4142135623730951
SCN_004,235,7.8,true,true,328.0,250.0,328.0,250.0,-30.0,0.0,235,235,0,TRACKING,327.0,249.0,1.0,1.0,1.4142135623730951
SCN_004,236,7.8333,true,true,328.0,250.0,328.0,250.0,0.0,0.0,236,236,0,TRACKING,327.0,249.0,1.0,1.0,1.4142135623730951
SCN_004,237,7.8667,true,true,328.0,250.0,328.0,250.0,0.0,0.0,237,237,0,TRACKING,327.0,249.0,1.0,1.0,1.4142135623730951
SCN_004,238,7.9,true,true,327.0,250.0,327.0,250.0,-30.0,0.0,238,238,0,TRACKING,326.0,249.0,1.0,1.0,1.4142135623730951
SCN_004,239,7.9333,true,true,327.0,250.0,327.0,250.0,0.0,0.0,239,239,0,TRACKING,326.0,249.0,1.0,1.0,1.4142135623730951
SCN_004,240,7.9667,true,true,327.0,251.0,327.0,251.0,0.0,30.0,240,240,0,TRACKING,326.0,250.0,1.0,1.0,1.4142135623730951
SCN_004,241,8.0,true,true,326.0,251.0,326.0,251.0,-30.0,0.0,241,241,0,TRACKING,325.0,250.0,1.0,1.0,1.4142135623730951
SCN_004,242,8.0333,true,true,326.0,251.0,326.0,251.0,0.0,0.0,242,242,0,TRACKING,325.0,250.0,1.0,1.0,1.4142135623730951
SCN_004,243,8.0667,true,true,326.0,251.0,326.0,251.0,0.0,0.0,243,243,0,TRACKING,325.0,250.0,1.0,1.0,1.4142135623730951
SCN_004,244,8.1,true,true,326.0,251.0,326.0,251.0,0.0,0.0,244,244,0,TRACKING,325.0,250.0,1.0,1.0,1.4142135623730951
SCN_004,245,8.1333,true,true,325.0,251.0,325.0,251.0,-30.0,0.0,245,245,0,TRACKING,324.0,250.0,1.0,1.0,1.4142135623730951
SCN_004,246,8.1667,true,true,325.0,251.0,325.0,251.0,0.0,0.0,246,246,0,TRACKING,324.0,250.0,1.0,1.0,1.4142135623730951
SCN_004,247,8.2,true,true,324.0,251.0,324.0,251.0,-30.0,0.0,247,247,0,TRACKING,323.0,250.0,1.0,1.0,1.4142135623730951
SCN_004,248,8.2333,true,true,324.0,251.0,324.0,251.0,0.0,0.0,248,248,0,TRACKING,323.0,250.0,1.0,1.0,1.4142135623730951
SCN_004,249,8.2667,true,true,324.0,251.0,324.0,251.0,0.0,0.0,249,249,0,TRACKING,323.0,250.0,1.0,1.0,1.4142135623730951
SCN_004,250,8.3,true,true,323.0,251.0,323.0,251.0,-30.0,0.0,250,250,0,TRACKING,322.0,250.0,1.0,1.0,1.4142135623730951
SCN_004,251,8.3333,true,true,323.0,251.0,323.0,251.0,0.0,0.0,251,251,0,TRACKING,322.0,250.0,1.0,1.0,1.4142135623730951
SCN_004,252,8.3667,true,true,323.0,250.0,323.0,250.0,0.0,-30.0,252,252,0,TRACKING,322.0,249.0,1.0,1.0,1.4142135623730951
SCN_004,253,8.4,true,true,322.0,250.0,322.0,250.0,-30.0,0.0,253,253,0,TRACKING,321.0,249.0,1.0,1.0,1.4142135623730951
SCN_004,254,8.4333,true,true,322.0,250.0,322.0,250.0,0.0,0.0,254,254,0,TRACKING,321.0,249.0,1.0,1.0,1.4142135623730951
SCN_004,255,8.4667,true,true,322.0,250.0,322.0,250.0,0.0,0.0,255,255,0,TRACKING,321.0,249.0,1.0,1.0,1.4142135623730951
SCN_004,256,8.5,true,true,321.0,250.0,321.0,250.0,-30.0,0.0,256,256,0,TRACKING,320.0,249.0,1.0,1.0,1.4142135623730951
SCN_004,257,8.5333,true,true,321.0,250.0,321.0,250.0,0.0,0.0,257,257,0,TRACKING,320.0,249.0,1.0,1.0,1.4142135623730951
SCN_004,258,8.5667,true,true,321.0,250.0,321.0,250.0,0.0,0.0,258,258,0,TRACKING,320.0,249.0,1.0,1.0,1.4142135623730951
SCN_004,259,8.6,true,true,320.0,250.0,320.0,250.0,-30.0,0.0,259,259,0,TRACKING,319.0,249.0,1.0,1.0,1.4142135623730951
SCN_004,260,8.6333,true,true,320.0,250.0,320.0,250.0,0.0,0.0,260,260,0,TRACKING,319.0,249.0,1.0,1.0,1.4142135623730951
SCN_004,261,8.6667,true,true,320.0,250.0,320.0,250.0,0.0,0.0,261,261,0,TRACKING,319.0,249.0,1.0,1.0,1.4142135623730951
SCN_004,262,8.7,true,true,319.0,250.0,319.0,250.0,-30.0,0.0,262,262,0,TRACKING,318.0,249.0,1.0,1.0,1.4142135623730951
SCN_004,263,8.7333,true,true,319.0,250.0,319.0,250.0,0.0,0.0,263,263,0,TRACKING,318.0,249.0,1.0,1.0,1.4142135623730951
SCN_004,264,8.7667,true,true,319.0,250.0,319.0,250.0,0.0,0.0,264,264,0,TRACKING,318.0,249.0,1.0,1.0,1.4142135623730951
SCN_004,265,8.8,true,true,318.0,249.0,318.0,249.0,-30.0,-30.0,265,265,0,TRACKING,317.0,248.0,1.0,1.0,1.4142135623730951
SCN_004,266,8.8333,true,true,318.0,249.0,318.0,249.0,0.0,0.0,266,266,0,TRACKING,317.0,248.0,1.0,1.0,1.4142135623730951
SCN_004,267,8.8667,true,true,317.0,249.0,317.0,249.0,-30.0,0.0,267,267,0,TRACKING,316.0,248.0,1.0,1.0,1.4142135623730951
SCN_004,268,8.9,true,true,317.0,249.0,317.0,249.0,0.0,0.0,268,268,0,TRACKING,316.0,248.0,1.0,1.0,1.4142135623730951
SCN_004,269,8.9333,true,true,317.0,249.0,317.0,249.0,0.0,0.0,269,269,0,TRACKING,316.0,248.0,1.0,1.0,1.4142135623730951
SCN_004,270,8.9667,true,true,316.0,249.0,316.0,249.0,-30.0,0.0,270,270,0,TRACKING,315.0,248.0,1.0,1.0,1.4142135623730951
SCN_004,271,9.0,true,true,316.0,249.0,316.0,249.0,0.0,0.0,271,271,0,TRACKING,315.0,248.0,1.0,1.0,1.4142135623730951
SCN_004,272,9.0333,true,true,315.0,248.0,315.0,248.0,-30.0,-30.0,272,272,0,TRACKING,314.0,247.0,1.0,1.0,1.4142135623730951
SCN_004,273,9.0667,true,true,315.0,248.0,315.0,248.0,0.0,0.0,273,273,0,TRACKING,314.0,247.0,1.0,1.0,1.4142135623730951
SCN_004,274,9.1,true,true,315.0,248.0,315.0,248.0,0.0,0.0,274,274,0,TRACKING,314.0,247.0,1.0,1.0,1.4142135623730951
SCN_004,275,9.1333,true,true,314.0,248.0,314.0,248.0,-30.0,0.0,275,275,0,TRACKING,313.0,247.0,1.0,1.0,1.4142135623730951
SCN_004,276,9.1667,true,true,314.0,248.0,314.0,248.0,0.0,0.0,276,276,0,TRACKING,313.0,247.0,1.0,1.0,1.4142135623730951
SCN_004,277,9.2,true,true,314.0,248.0,314.0,248.0,0.0,0.0,277,277,0,TRACKING,313.0,247.0,1.0,1.0,1.4142135623730951
SCN_004,278,9.2333,true,true,314.0,247.0,314.0,247.0,0.0,-30.0,278,278,0,TRACKING,313.0,246.0,1.0,1.0,1.4142135623730951
SCN_004,279,9.2667,true,true,313.0,247.0,313.0,247.0,-30.0,0.0,279,279,0,TRACKING,312.0,246.0,1.0,1.0,1.4142135623730951
SCN_004,280,9.3,true,true,313.0,247.0,313.0,247.0,0.0,0.0,280,280,0,TRACKING,312.0,246.0,1.0,1.0,1.4142135623730951
SCN_004,281,9.3333,true,true,313.0,247.0,313.0,247.0,0.0,0.0,281,281,0,TRACKING,312.0,246.0,1.0,1.0,1.4142135623730951
SCN_004,282,9.3667,true,true,313.0,246.0,313.0,246.0,0.0,-30.0,282,282,0,TRACKING,312.0,245.0,1.0,1.0,1.4142135623730951
SCN_004,283,9.4,true,true,312.0,246.0,312.0,246.0,-30.0,0.0,283,283,0,TRACKING,311.0,245.0,1.0,1.0,1.4142135623730951
SCN_004,284,9.4333,true,true,312.0,246.0,312.0,246.0,0.0,0.0,284,284,0,TRACKING,311.0,245.0,1.0,1.0,1.4142135623730951
SCN_004,285,9.4667,true,true,312.0,246.0,312.0,246.0,0.0,0.0,285,285,0,TRACKING,311.0,245.0,1.0,1.0,1.4142135623730951
SCN_004,286,9.5,true,true,312.0,246.0,312.0,246.0,0.0,0.0,286,286,0,TRACKING,311.0,245.0,1.0,1.0,1.4142135623730951
SCN_004,287,9.5333,true,true,311.0,245.0,311.0,245.0,-30.0,-30.0,287,287,0,TRACKING,310.0,244.0,1.0,1.0,1.4142135623730951
SCN_004,288,9.5667,true,true,311.0,245.0,311.0,245.0,0.0,0.0,288,288,0,TRACKING,310.0,244.0,1.0,1.0,1.4142135623730951
SCN_004,289,9.6,true,true,311.0,245.0,311.0,245.0,0.0,0.0,289,289,0,TRACKING,310.0,244.0,1.0,1.0,1.4142135623730951
SCN_004,290,9.6333,true,true,311.0,244.0,311.0,244.0,0.0,-30.0,290,290,0,TRACKING,310.0,243.0,1.0,1.0,1.4142135623730951
SCN_004,291,9.6667,true,true,311.0,244.0,311.0,244.0,0.0,0.0,291,291,0,TRACKING,310.0,243.0,1.0,1.0,1.4142135623730951
SCN_004,292,9.7,true,true,311.0,244.0,311.0,244.0,0.0,0.0,292,292,0,TRACKING,310.0,243.0,1.0,1.0,1.4142135623730951
SCN_004,293,9.7333,true,true,311.0,244.0,311.0,244.0,0.0,0.0,293,293,0,TRACKING,310.0,243.0,1.0,1.0,1.4142135623730951
SCN_004,294,9.7667,true,true,310.0,243.0,310.0,243.0,-30.0,-30.0,294,294,0,TRACKING,309.0,242.0,1.0,1.0,1.4142135623730951
SCN_004,295,9.8,true,true,310.0,243.0,310.0,243.0,0.0,0.0,295,295,0,TRACKING,309.0,242.0,1.0,1.0,1.4142135623730951
SCN_004,296,9.8333,true,true,310.0,243.0,310.0,243.0,0.0,0.0,296,296,0,TRACKING,309.0,242.0,1.0,1.0,1.4142135623730951
SCN_004,297,9.8667,true,true,310.0,242.0,310.0,242.0,0.0,-30.0,297,297,0,TRACKING,309.0,241.0,1.0,1.0,1.4142135623730951
SCN_004,298,9.9,true,true,310.0,242.0,310.0,242.0,0.0,0.0,298,298,0,TRACKING,309.0,241.0,1.0,1.0,1.4142135623730951
SCN_004,299,9.9333,true,true,310.0,242.0,310.0,242.0,0.0,0.0,299,299,0,TRACKING,309.0,241.0,1.0,1.0,1.4142135623730951
SCN_004,300,9.9667,true,true,310.0,241.0,310.0,241.0,0.0,-30.0,300,300,0,TRACKING,309.0,240.0,1.0,1.0,1.4142135623730951
SCN_004,301,10.0,true,true,310.0,241.0,310.0,241.0,0.0,0.0,301,301,0,TRACKING,309.0,240.0,1.0,1.0,1.4142135623730951
SCN_004,302,10.0333,true,true,310.0,241.0,310.0,241.0,0.0,0.0,302,302,0,TRACKING,309.0,240.0,1.0,1.0,1.4142135623730951
SCN_004,303,10.0667,true,true,310.0,240.0,310.0,240.0,0.0,-30.0,303,303,0,TRACKING,309.0,239.0,1.0,1.0,1.4142135623730951
SCN_004,304,10.1,true,true,309.0,240.0,309.0,240.0,-30.0,0.0,304,304,0,TRACKING,308.0,239.0,1.0,1.0,1.4142135623730951
SCN_004,305,10.1333,true,true,309.0,240.0,309.0,240.0,0.0,0.0,305,305,0,TRACKING,308.0,239.0,1.0,1.0,1.4142135623730951
SCN_004,306,10.1667,true,true,309.0,239.0,309.0,239.0,0.0,-30.0,306,306,0,TRACKING,308.0,238.0,1.0,1.0,1.4142135623730951
SCN_004,307,10.2,true,true,309.0,239.0,309.0,239.0,0.0,0.0,307,307,0,TRACKING,308.0,238.0,1.0,1.0,1.4142135623730951
SCN_004,308,10.2333,true,true,309.0,238.0,309.0,238.0,0.0,-30.0,308,308,0,TRACKING,308.0,237.0,1.0,1.0,1.4142135623730951
SCN_004,309,10.2667,true,true,309.0,238.0,309.0,238.0,0.0,0.0,309,309,0,TRACKING,308.0,237.0,1.0,1.0,1.4142135623730951
SCN_004,310,10.3,true,true,309.0,238.0,309.0,238.0,0.0,0.0,310,310,0,TRACKING,308.0,237.0,1.0,1.0,1.4142135623730951
SCN_004,311,10.3333,true,true,309.0,237.0,309.0,237.0,0.0,-30.0,311,311,0,TRACKING,308.0,236.0,1.0,1.0,1.4142135623730951
SCN_004,312,10.3667,true,true,309.0,237.0,309.0,237.0,0.0,0.0,312,312,0,TRACKING,308.0,236.0,1.0,1.0,1.4142135623730951
SCN_004,313,10.4,true,true,309.0,236.0,309.0,236.0,0.0,-30.0,313,313,0,TRACKING,308.0,235.0,1.0,1.0,1.4142135623730951
SCN_004,314,10.4333,true,true,309.0,236.0,309.0,236.0,0.0,0.0,314,314,0,TRACKING,308.0,235.0,1.0,1.0,1.4142135623730951
SCN_004,315,10.4667,true,true,309.0,236.0,309.0,236.0,0.0,0.0,315,315,0,TRACKING,308.0,235.0,1.0,1.0,1.4142135623730951
SCN_004,316,10.5,true,true,310.0,235.0,310.0,235.0,30.0,-30.0,316,316,0,TRACKING,309.0,234.0,1.0,1.0,1.4142135623730951
SCN_004,317,10.5333,true,true,310.0,235.0,310.0,235.0,0.0,0.0,317,317,0,TRACKING,309.0,234.0,1.0,1.0,1.4142135623730951
SCN_004,318,10.5667,true,true,310.0,235.0,310.0,235.0,0.0,0.0,318,318,0,TRACKING,309.0,234.0,1.0,1.0,1.4142135623730951
SCN_004,319,10.6,true,true,310.0,235.0,310.0,235.0,0.0,0.0,319,319,0,TRACKING,309.0,234.0,1.0,1.0,1.4142135623730951
SCN_004,320,10.6333,true,true,310.0,234.0,310.0,234.0,0.0,-30.0,320,320,0,TRACKING,309.0,233.0,1.0,1.0,1.4142135623730951
SCN_004,321,10.6667,true,true,311.0,234.0,311.0,234.0,30.0,0.0,321,321,0,TRACKING,310.0,233.0,1.0,1.0,1.4142135623730951
SCN_004,322,10.7,true,true,311.0,234.0,311.0,234.0,0.0,0.0,322,322,0,TRACKING,310.0,233.0,1.0,1.0,1.4142135623730951
SCN_004,323,10.7333,true,true,311.0,233.0,311.0,233.0,0.0,-30.0,323,323,0,TRACKING,310.0,232.0,1.0,1.0,1.4142135623730951
SCN_004,324,10.7667,true,true,311.0,233.0,311.0,233.0,0.0,0.0,324,324,0,TRACKING,310.0,232.0,1.0,1.0,1.4142135623730951
SCN_004,325,10.8,true,true,312.0,233.0,312.0,233.0,30.0,0.0,325,325,0,TRACKING,311.0,232.0,1.0,1.0,1.4142135623730951
SCN_004,326,10.8333,true,true,312.0,233.0,312.0,233.0,0.0,0.0,326,326,0,TRACKING,311.0,232.0,1.0,1.0,1.4142135623730951
SCN_004,327,10.8667,true,true,312.0,232.0,312.0,232.0,0.0,-30.0,327,327,0,TRACKING,311.0,231.0,1.0,1.0,1.4142135623730951
SCN_004,328,10.9,true,true,313.0,232.0,313.0,232.0,30.0,0.0,328,328,0,TRACKING,312.0,231.0,1.0,1.0,1.4142135623730951
SCN_004,329,10.9333,true,true,313.0,232.0,313.0,232.0,0.0,0.0,329,329,0,TRACKING,312.0,231.0,1.0,1.0,1.4142135623730951
SCN_004,330,10.9667,true,true,313.0,232.0,313.0,232.0,0.0,0.0,330,330,0,TRACKING,312.0,231.0,1.0,1.0,1.4142135623730951
SCN_004,331,11.0,true,true,314.0,232.0,314.0,232.0,30.0,0.0,331,331,0,TRACKING,313.0,231.0,1.0,1.0,1.4142135623730951
SCN_004,332,11.0333,true,true,314.0,232.0,314.0,232.0,0.0,0.0,332,332,0,TRACKING,313.0,231.0,1.0,1.0,1.4142135623730951
SCN_004,333,11.0667,true,true,315.0,232.0,315.0,232.0,30.0,0.0,333,333,0,TRACKING,314.0,231.0,1.0,1.0,1.4142135623730951
SCN_004,334,11.1,true,true,315.0,231.0,315.0,231.0,0.0,-30.0,334,334,0,TRACKING,314.0,230.0,1.0,1.0,1.4142135623730951
SCN_004,335,11.1333,true,true,315.0,231.0,315.0,231.0,0.0,0.0,335,335,0,TRACKING,314.0,230.0,1.0,1.0,1.4142135623730951
SCN_004,336,11.1667,true,true,316.0,231.0,316.0,231.0,30.0,0.0,336,336,0,TRACKING,315.0,230.0,1.0,1.0,1.4142135623730951
SCN_004,337,11.2,true,true,316.0,231.0,316.0,231.0,0.0,0.0,337,337,0,TRACKING,315.0,230.0,1.0,1.0,1.4142135623730951
SCN_004,338,11.2333,true,true,316.0,231.0,316.0,231.0,0.0,0.0,338,338,0,TRACKING,315.0,230.0,1.0,1.0,1.4142135623730951
SCN_004,339,11.2667,true,true,317.0,231.0,317.0,231.0,30.0,0.0,339,339,0,TRACKING,316.0,230.0,1.0,1.0,1.4142135623730951
SCN_004,340,11.3,true,true,317.0,231.0,317.0,231.0,0.0,0.0,340,340,0,TRACKING,316.0,230.0,1.0,1.0,1.4142135623730951
SCN_004,341,11.3333,true,true,318.0,231.0,318.0,231.0,30.0,0.0,341,341,0,TRACKING,317.0,230.0,1.0,1.0,1.4142135623730951
SCN_004,342,11.3667,true,true,318.0,231.0,318.0,231.0,0.0,0.0,342,342,0,TRACKING,317.0,230.0,1.0,1.0,1.4142135623730951
SCN_004,343,11.4,true,true,318.0,231.0,318.0,231.0,0.0,0.0,343,343,0,TRACKING,317.0,230.0,1.0,1.0,1.4142135623730951
SCN_004,344,11.4333,true,true,319.0,231.0,319.0,231.0,30.0,0.0,344,344,0,TRACKING,318.0,230.0,1.0,1.0,1.4142135623730951
SCN_004,345,11.4667,true,true,319.0,231.0,319.0,231.0,0.0,0.0,345,345,0,TRACKING,318.0,230.0,1.0,1.0,1.4142135623730951
SCN_004,346,11.5,true,true,319.0,231.0,319.0,231.0,0.0,0.0,346,346,0,TRACKING,318.0,230.0,1.0,1.0,1.4142135623730951
SCN_004,347,11.5333,true,true,320.0,231.0,320.0,231.0,30.0,0.0,347,347,0,TRACKING,319.0,230.0,1.0,1.0,1.4142135623730951
SCN_004,348,11.5667,true,true,320.0,231.0,320.0,231.0,0.0,0.0,348,348,0,TRACKING,319.0,230.0,1.0,1.0,1.4142135623730951
SCN_004,349,11.6,true,true,320.0,231.0,320.0,231.0,0.0,0.0,349,349,0,TRACKING,319.0,230.0,1.0,1.0,1.4142135623730951
SCN_004,350,11.6333,true,true,321.0,231.0,321.0,231.0,30.0,0.0,350,350,0,TRACKING,320.0,230.0,1.0,1.0,1.4142135623730951
SCN_004,351,11.6667,true,true,321.0,232.0,321.0,232.0,0.0,30.0,351,351,0,TRACKING,320.0,231.0,1.0,1.0,1.4142135623730951
SCN_004,352,11.7,true,true,322.0,232.0,322.0,232.0,30.0,0.0,352,352,0,TRACKING,321.0,231.0,1.0,1.0,1.4142135623730951
SCN_004,353,11.7333,true,true,322.0,232.0,322.0,232.0,0.0,0.0,353,353,0,TRACKING,321.0,231.0,1.0,1.0,1.4142135623730951
SCN_004,354,11.7667,true,true,322.0,232.0,322.0,232.0,0.0,0.0,354,354,0,TRACKING,321.0,231.0,1.0,1.0,1.4142135623730951
SCN_004,355,11.8,true,true,323.0,232.0,323.0,232.0,30.0,0.0,355,355,0,TRACKING,322.0,231.0,1.0,1.0,1.4142135623730951
SCN_004,356,11.8333,true,true,323.0,233.0,323.0,233.0,0.0,30.0,356,356,0,TRACKING,322.0,232.0,1.0,1.0,1.4142135623730951
SCN_004,357,11.8667,true,true,323.0,233.0,323.0,233.0,0.0,0.0,357,357,0,TRACKING,322.0,232.0,1.0,1.0,1.4142135623730951
SCN_004,358,11.9,true,true,324.0,233.0,324.0,233.0,30.0,0.0,358,358,0,TRACKING,323.0,232.0,1.0,1.0,1.4142135623730951
SCN_004,359,11.9333,true,true,324.0,233.0,324.0,233.0,0.0,0.0,359,359,0,TRACKING,323.0,232.0,1.0,1.0,1.4142135623730951
SCN_004,360,11.9667,true,true,324.0,233.0,324.0,233.0,0.0,0.0,360,360,0,TRACKING,323.0,232.0,1.0,1.0,1.4142135623730951
SCN_004,361,12.0,true,true,325.0,234.0,325.0,234.0,30.0,30.0,361,361,0,TRACKING,324.0,233.0,1.0,1.0,1.4142135623730951
SCN_004,362,12.0333,true,true,325.0,234.0,325.0,234.0,0.0,0.0,362,362,0,TRACKING,324.0,233.0,1.0,1.0,1.4142135623730951
SCN_004,363,12.0667,true,true,325.0,234.0,325.0,234.0,0.0,0.0,363,363,0,TRACKING,324.0,233.0,1.0,1.0,1.4142135623730951
SCN_004,364,12.1,true,true,326.0,234.0,326.0,234.0,30.0,0.0,364,364,0,TRACKING,325.0,233.0,1.0,1.0,1.4142135623730951
SCN_004,365,12.1333,true,true,326.0,234.0,326.0,234.0,0.0,0.0,365,365,0,TRACKING,325.0,233.0,1.0,1.0,1.4142135623730951
SCN_004,366,12.1667,true,true,326.0,235.0,326.0,235.0,0.0,30.0,366,366,0,TRACKING,325.0,234.0,1.0,1.0,1.4142135623730951
SCN_004,367,12.2,true,true,327.0,235.0,327.0,235.0,30.0,0.0,367,367,0,TRACKING,326.0,234.0,1.0,1.0,1.4142135623730951
SCN_004,368,12.2333,true,true,327.0,235.0,327.0,235.0,0.0,0.0,368,368,0,TRACKING,326.0,234.0,1.0,1.0,1.4142135623730951
SCN_004,369,12.2667,true,true,327.0,235.0,327.0,235.0,0.0,0.0,369,369,0,TRACKING,326.0,234.0,1.0,1.0,1.4142135623730951
SCN_004,370,12.3,true,true,328.0,235.0,328.0,235.0,30.0,0.0,370,370,0,TRACKING,327.0,234.0,1.0,1.0,1.4142135623730951
SCN_004,371,12.3333,true,true,328.0,236.0,328.0,236.0,0.0,30.0,371,371,0,TRACKING,327.0,235.0,1.0,1.0,1.4142135623730951
SCN_004,372,12.3667,true,true,328.0,236.0,328.0,236.0,0.0,0.0,372,372,0,TRACKING,327.0,235.0,1.0,1.0,1.4142135623730951
SCN_004,373,12.4,true,true,329.0,236.0,329.0,236.0,30.0,0.0,373,373,0,TRACKING,328.0,235.0,1.0,1.0,1.4142135623730951
SCN_004,374,12.4333,true,true,329.0,236.0,329.0,236.0,0.0,0.0,374,374,0,TRACKING,328.0,235.0,1.0,1.0,1.4142135623730951
SCN_004,375,12.4667,true,true,329.0,236.0,329.0,236.0,0.0,0.0,375,375,0,TRACKING,328.0,235.0,1.0,1.0,1.4142135623730951
SCN_004,376,12.5,true,true,329.0,237.0,329.0,237.0,0.0,30.0,376,376,0,TRACKING,328.0,236.0,1.0,1.0,1.4142135623730951
SCN_004,377,12.5333,true,true,330.0,237.0,330.0,237.0,30.0,0.0,377,377,0,TRACKING,329.0,236.0,1.0,1.0,1.4142135623730951
SCN_004,378,12.5667,true,true,330.0,237.0,330.0,237.0,0.0,0.0,378,378,0,TRACKING,329.0,236.0,1.0,1.0,1.4142135623730951
SCN_004,379,12.6,true,true,330.0,237.0,330.0,237.0,0.0,0.0,379,379,0,TRACKING,329.0,236.0,1.0,1.0,1.4142135623730951
SCN_004,380,12.6333,true,true,330.0,237.0,330.0,237.0,0.0,0.0,380,380,0,TRACKING,329.0,236.0,1.0,1.0,1.4142135623730951
SCN_004,381,12.6667,true,true,331.0,237.0,331.0,237.0,30.0,0.0,381,381,0,TRACKING,330.0,236.0,1.0,1.0,1.4142135623730951
SCN_004,382,12.7,true,true,331.0,238.0,331.0,238.0,0.0,30.0,382,382,0,TRACKING,330.0,237.0,1.0,1.0,1.4142135623730951
SCN_004,383,12.7333,true,true,331.0,238.0,331.0,238.0,0.0,0.0,383,383,0,TRACKING,330.0,237.0,1.0,1.0,1.4142135623730951
SCN_004,384,12.7667,true,true,331.0,238.0,331.0,238.0,0.0,0.0,384,384,0,TRACKING,330.0,237.0,1.0,1.0,1.4142135623730951
SCN_004,385,12.8,true,true,332.0,238.0,332.0,238.0,30.0,0.0,385,385,0,TRACKING,331.0,237.0,1.0,1.0,1.4142135623730951
SCN_004,386,12.8333,true,true,332.0,239.0,332.0,239.0,0.0,30.0,386,386,0,TRACKING,331.0,238.0,1.0,1.0,1.4142135623730951
SCN_004,387,12.8667,true,true,332.0,239.0,332.0,239.0,0.0,0.0,387,387,0,TRACKING,331.0,238.0,1.0,1.0,1.4142135623730951
SCN_004,388,12.9,true,true,332.0,239.0,332.0,239.0,0.0,0.0,388,388,0,TRACKING,331.0,238.0,1.0,1.0,1.4142135623730951
SCN_004,389,12.9333,true,true,332.0,239.0,332.0,239.0,0.0,0.0,389,389,0,TRACKING,331.0,238.0,1.0,1.0,1.4142135623730951
SCN_004,390,12.9667,true,true,332.0,240.0,332.0,240.0,0.0,30.0,390,390,0,TRACKING,331.0,239.0,1.0,1.0,1.4142135623730951
SCN_004,391,13.0,true,true,332.0,240.0,332.0,240.0,0.0,0.0,391,391,0,TRACKING,331.0,239.0,1.0,1.0,1.4142135623730951
SCN_004,392,13.0333,true,true,332.0,240.0,332.0,240.0,0.0,0.0,392,392,0,TRACKING,331.0,239.0,1.0,1.0,1.4142135623730951
SCN_004,393,13.0667,true,true,332.0,240.0,332.0,240.0,0.0,0.0,393,393,0,TRACKING,331.0,239.0,1.0,1.0,1.4142135623730951
SCN_004,394,13.1,true,true,332.0,241.0,332.0,241.0,0.0,30.0,394,394,0,TRACKING,331.0,240.0,1.0,1.0,1.4142135623730951
SCN_004,395,13.1333,true,true,332.0,241.0,332.0,241.0,0.0,0.0,395,395,0,TRACKING,331.0,240.0,1.0,1.0,1.4142135623730951
SCN_004,396,13.1667,true,true,332.0,241.0,332.0,241.0,0.0,0.0,396,396,0,TRACKING,331.0,240.0,1.0,1.0,1.4142135623730951
SCN_004,397,13.2,true,true,332.0,241.0,332.0,241.0,0.0,0.0,397,397,0,TRACKING,331.0,240.0,1.0,1.0,1.4142135623730951
SCN_004,398,13.2333,true,true,332.0,242.0,332.0,242.0,0.0,30.0,398,398,0,TRACKING,331.0,241.0,1.0,1.0,1.4142135623730951
SCN_004,399,13.2667,true,true,332.0,242.0,332.0,242.0,0.0,0.0,399,399,0,TRACKING,331.0,241.0,1.0,1.0,1.4142135623730951
SCN_004,400,13.3,true,true,332.0,242.0,332.0,242.0,0.0,0.0,400,400,0,TRACKING,331.0,241.0,1.0,1.0,1.4142135623730951
SCN_004,401,13.3333,true,true,332.0,243.0,332.0,243.0,0.0,30.0,401,401,0,TRACKING,331.0,242.0,1.0,1.0,1.4142135623730951
SCN_004,402,13.3667,true,true,332.0,243.0,332.0,243.0,0.0,0.0,402,402,0,TRACKING,331.0,242.0,1.0,1.0,1.4142135623730951
SCN_004,403,13.4,true,true,332.0,243.0,332.0,243.0,0.0,0.0,403,403,0,TRACKING,331.0,242.0,1.0,1.0,1.4142135623730951
SCN_004,404,13.4333,true,true,332.0,243.0,332.0,243.0,0.0,0.0,404,404,0,TRACKING,331.0,242.0,1.0,1.0,1.4142135623730951
SCN_004,405,13.4667,true,true,332.0,244.0,332.0,244.0,0.0,30.0,405,405,0,TRACKING,331.0,243.0,1.0,1.0,1.4142135623730951
SCN_004,406,13.5,true,true,332.0,244.0,332.0,244.0,0.0,0.0,406,406,0,TRACKING,331.0,243.0,1.0,1.0,1.4142135623730951
SCN_004,407,13.5333,true,true,332.0,244.0,332.0,244.0,0.0,0.0,407,407,0,TRACKING,331.0,243.0,1.0,1.0,1.4142135623730951
SCN_004,408,13.5667,true,true,332.0,245.0,332.0,245.0,0.0,30.0,408,408,0,TRACKING,331.0,244.0,1.0,1.0,1.4142135623730951
SCN_004,409,13.6,true,true,332.0,245.0,332.0,245.0,0.0,0.0,409,409,0,TRACKING,331.0,244.0,1.0,1.0,1.4142135623730951
SCN_004,410,13.6333,true,true,332.0,245.0,332.0,245.0,0.0,0.0,410,410,0,TRACKING,331.0,244.0,1.0,1.0,1.4142135623730951
SCN_004,411,13.6667,true,true,332.0,245.0,332.0,245.0,0.0,0.0,411,411,0,TRACKING,331.0,244.0,1.0,1.0,1.4142135623730951
SCN_004,412,13.7,true,true,331.0,246.0,331.0,246.0,-30.0,30.0,412,412,0,TRACKING,330.0,245.0,1.0,1.0,1.4142135623730951
SCN_004,413,13.7333,true,true,331.0,246.0,331.0,246.0,0.0,0.0,413,413,0,TRACKING,330.0,245.0,1.0,1.0,1.4142135623730951
SCN_004,414,13.7667,true,true,331.0,246.0,331.0,246.0,0.0,0.0,414,414,0,TRACKING,330.0,245.0,1.0,1.0,1.4142135623730951
SCN_004,415,13.8,true,true,331.0,247.0,331.0,247.0,0.0,30.0,415,415,0,TRACKING,330.0,246.0,1.0,1.0,1.4142135623730951
SCN_004,416,13.8333,true,true,331.0,247.0,331.0,247.0,0.0,0.0,416,416,0,TRACKING,330.0,246.0,1.0,1.0,1.4142135623730951
SCN_004,417,13.8667,true,true,331.0,247.0,331.0,247.0,0.0,0.0,417,417,0,TRACKING,330.0,246.0,1.0,1.0,1.4142135623730951
SCN_004,418,13.9,true,true,331.0,247.0,331.0,247.0,0.0,0.0,418,418,0,TRACKING,330.0,246.0,1.0,1.0,1.4142135623730951
SCN_004,419,13.9333,true,true,331.0,247.0,331.0,247.0,0.0,0.0,419,419,0,TRACKING,330.0,246.0,1.0,1.0,1.4142135623730951
SCN_004,420,13.9667,true,true,330.0,248.0,330.0,248.0,-30.0,30.0,420,420,0,TRACKING,329.0,247.0,1.0,1.0,1.4142135623730951
SCN_004,421,14.0,true,true,330.0,248.0,330.0,248.0,0.0,0.0,421,421,0,TRACKING,329.0,247.0,1.0,1.0,1.4142135623730951
SCN_004,422,14.0333,true,true,330.0,248.0,330.0,248.0,0.0,0.0,422,422,0,TRACKING,329.0,247.0,1.0,1.0,1.4142135623730951
SCN_004,423,14.0667,true,true,330.0,248.0,330.0,248.0,0.0,0.0,423,423,0,TRACKING,329.0,247.0,1.0,1.0,1.4142135623730951
SCN_004,424,14.1,true,true,329.0,248.0,329.0,248.0,-30.0,0.0,424,424,0,TRACKING,328.0,247.0,1.0,1.0,1.4142135623730951
SCN_004,425,14.1333,true,true,329.0,249.0,329.0,249.0,0.0,30.0,425,425,0,TRACKING,328.0,248.0,1.0,1.0,1.4142135623730951
SCN_004,426,14.1667,true,true,329.0,249.0,329.0,249.0,0.0,0.0,426,426,0,TRACKING,328.0,248.0,1.0,1.0,1.4142135623730951
SCN_004,427,14.2,true,true,329.0,249.0,329.0,249.0,0.0,0.0,427,427,0,TRACKING,328.0,248.0,1.0,1.0,1.4142135623730951
SCN_004,428,14.2333,true,true,328.0,249.0,328.0,249.0,-30.0,0.0,428,428,0,TRACKING,327.0,248.0,1.0,1.0,1.4142135623730951
SCN_004,429,14.2667,true,true,328.0,249.0,328.0,249.0,0.0,0.0,429,429,0,TRACKING,327.0,248.0,1.0,1.0,1.4142135623730951
SCN_004,430,14.3,true,true,328.0,249.0,328.0,249.0,0.0,0.0,430,430,0,TRACKING,327.0,248.0,1.0,1.0,1.4142135623730951
SCN_004,431,14.3333,true,true,327.0,249.0,327.0,249.0,-30.0,0.0,431,431,0,TRACKING,326.0,248.0,1.0,1.0,1.4142135623730951
SCN_004,432,14.3667,true,true,327.0,249.0,327.0,249.0,0.0,0.0,432,432,0,TRACKING,326.0,248.0,1.0,1.0,1.4142135623730951
SCN_004,433,14.4,true,true,327.0,250.0,327.0,250.0,0.0,30.0,433,433,0,TRACKING,326.0,249.0,1.0,1.0,1.4142135623730951
SCN_004,434,14.4333,true,true,326.0,250.0,326.0,250.0,-30.0,0.0,434,434,0,TRACKING,325.0,249.0,1.0,1.0,1.4142135623730951
SCN_004,435,14.4667,true,true,326.0,250.0,326.0,250.0,0.0,0.0,435,435,0,TRACKING,325.0,249.0,1.0,1.0,1.4142135623730951
SCN_004,436,14.5,true,true,326.0,250.0,326.0,250.0,0.0,0.0,436,436,0,TRACKING,325.0,249.0,1.0,1.0,1.4142135623730951
SCN_004,437,14.5333,true,true,325.0,250.0,325.0,250.0,-30.0,0.0,437,437,0,TRACKING,324.0,249.0,1.0,1.0,1.4142135623730951
SCN_004,438,14.5667,true,true,325.0,250.0,325.0,250.0,0.0,0.0,438,438,0,TRACKING,324.0,249.0,1.0,1.0,1.4142135623730951
SCN_004,439,14.6,true,true,325.0,250.0,325.0,250.0,0.0,0.0,439,439,0,TRACKING,324.0,249.0,1.0,1.0,1.4142135623730951
SCN_004,440,14.6333,true,true,324.0,250.0,324.0,250.0,-30.0,0.0,440,440,0,TRACKING,323.0,249.0,1.0,1.0,1.4142135623730951
SCN_004,441,14.6667,true,true,324.0,250.0,324.0,250.0,0.0,0.0,441,441,0,TRACKING,323.0,249.0,1.0,1.0,1.4142135623730951
SCN_004,442,14.7,true,true,323.0,250.0,323.0,250.0,-30.0,0.0,442,442,0,TRACKING,322.0,249.0,1.0,1.0,1.4142135623730951
SCN_004,443,14.7333,true,true,323.0,250.0,323.0,250.0,0.0,0.0,443,443,0,TRACKING,322.0,249.0,1.0,1.0,1.4142135623730951
SCN_004,444,14.7667,true,true,323.0,250.0,323.0,250.0,0.0,0.0,444,444,0,TRACKING,322.0,249.0,1.0,1.0,1.4142135623730951
SCN_004,445,14.8,true,true,322.0,250.0,322.0,250.0,-30.0,0.0,445,445,0,TRACKING,321.0,249.0,1.0,1.0,1.4142135623730951
SCN_004,446,14.8333,true,true,322.0,250.0,322.0,250.0,0.0,0.0,446,446,0,TRACKING,321.0,249.0,1.0,1.0,1.4142135623730951
SCN_004,447,14.8667,true,true,322.0,250.0,322.0,250.0,0.0,0.0,447,447,0,TRACKING,321.0,249.0,1.0,1.0,1.4142135623730951
SCN_004,448,14.9,true,true,321.0,250.0,321.0,250.0,-30.0,0.0,448,448,0,TRACKING,320.0,249.0,1.0,1.0,1.4142135623730951
SCN_004,449,14.9333,true,true,321.0,250.0,321.0,250.0,0.0,0.0,449,449,0,TRACKING,320.0,249.0,1.0,1.0,1.4142135623730951
SCN_004,450,14.9667,true,true,320.0,250.0,320.0,250.0,-30.0,0.0,450,450,0,TRACKING,319.0,249.0,1.0,1.0,1.4142135623730951
SCN_004,451,15.0,true,true,320.0,250.0,320.0,250.0,0.0,0.0,451,451,0,TRACKING,319.0,249.0,1.0,1.0,1.4142135623730951
SCN_004,452,15.0333,true,true,320.0,250.0,320.0,250.0,0.0,0.0,452,452,0,TRACKING,319.0,249.0,1.0,1.0,1.4142135623730951
SCN_004,453,15.0667,true,true,319.0,250.0,319.0,250.0,-30.0,0.0,453,453,0,TRACKING,318.0,249.0,1.0,1.0,1.4142135623730951
SCN_004,454,15.1,true,true,319.0,250.0,319.0,250.0,0.0,0.0,454,454,0,TRACKING,318.0,249.0,1.0,1.0,1.4142135623730951
SCN_004,455,15.1333,true,true,318.0,250.0,318.0,250.0,-30.0,0.0,455,455,0,TRACKING,317.0,249.0,1.0,1.0,1.4142135623730951
SCN_004,456,15.1667,true,true,318.0,250.0,318.0,250.0,0.0,0.0,456,456,0,TRACKING,317.0,249.0,1.0,1.0,1.4142135623730951
SCN_004,457,15.2,true,true,318.0,250.0,318.0,250.0,0.0,0.0,457,457,0,TRACKING,317.0,249.0,1.0,1.0,1.4142135623730951
SCN_004,458,15.2333,true,true,317.0,250.0,317.0,250.0,-30.0,0.0,458,458,0,TRACKING,316.0,249.0,1.0,1.0,1.4142135623730951
SCN_004,459,15.2667,true,true,317.0,250.0,317.0,250.0,0.0,0.0,459,459,0,TRACKING,316.0,249.0,1.0,1.0,1.4142135623730951
SCN_004,460,15.3,true,true,317.0,250.0,317.0,250.0,0.0,0.0,460,460,0,TRACKING,316.0,249.0,1.0,1.0,1.4142135623730951
SCN_004,461,15.3333,true,true,316.0,250.0,316.0,250.0,-30.0,0.0,461,461,0,TRACKING,315.0,249.0,1.0,1.0,1.4142135623730951
SCN_004,462,15.3667,true,true,316.0,249.0,316.0,249.0,0.0,-30.0,462,462,0,TRACKING,315.0,248.0,1.0,1.0,1.4142135623730951
SCN_004,463,15.4,true,true,316.0,249.0,316.0,249.0,0.0,0.0,463,463,0,TRACKING,315.0,248.0,1.0,1.0,1.4142135623730951
SCN_004,464,15.4333,true,true,315.0,249.0,315.0,249.0,-30.0,0.0,464,464,0,TRACKING,314.0,248.0,1.0,1.0,1.4142135623730951
SCN_004,465,15.4667,true,true,315.0,249.0,315.0,249.0,0.0,0.0,465,465,0,TRACKING,314.0,248.0,1.0,1.0,1.4142135623730951
SCN_004,466,15.5,true,true,315.0,249.0,315.0,249.0,0.0,0.0,466,466,0,TRACKING,314.0,248.0,1.0,1.0,1.4142135623730951
SCN_004,467,15.5333,true,true,314.0,249.0,314.0,249.0,-30.0,0.0,467,467,0,TRACKING,313.0,248.0,1.0,1.0,1.4142135623730951
SCN_004,468,15.5667,true,true,314.0,249.0,314.0,249.0,0.0,0.0,468,468,0,TRACKING,313.0,248.0,1.0,1.0,1.4142135623730951
SCN_004,469,15.6,true,true,314.0,248.0,314.0,248.0,0.0,-30.0,469,469,0,TRACKING,313.0,247.0,1.0,1.0,1.4142135623730951
SCN_004,470,15.6333,true,true,313.0,248.0,313.0,248.0,-30.0,0.0,470,470,0,TRACKING,312.0,247.0,1.0,1.0,1.4142135623730951
SCN_004,471,15.6667,true,true,313.0,248.0,313.0,248.0,0.0,0.0,471,471,0,TRACKING,312.0,247.0,1.0,1.0,1.4142135623730951
SCN_004,472,15.7,true,true,313.0,248.0,313.0,248.0,0.0,0.0,472,472,0,TRACKING,312.0,247.0,1.0,1.0,1.4142135623730951
SCN_004,473,15.7333,true,true,312.0,248.0,312.0,248.0,-30.0,0.0,473,473,0,TRACKING,311.0,247.0,1.0,1.0,1.4142135623730951
SCN_004,474,15.7667,true,true,312.0,247.0,312.0,247.0,0.0,-30.0,474,474,0,TRACKING,311.0,246.0,1.0,1.0,1.4142135623730951
SCN_004,475,15.8,true,true,312.0,247.0,312.0,247.0,0.0,0.0,475,475,0,TRACKING,311.0,246.0,1.0,1.0,1.4142135623730951
SCN_004,476,15.8333,true,true,312.0,247.0,312.0,247.0,0.0,0.0,476,476,0,TRACKING,311.0,246.0,1.0,1.0,1.4142135623730951
SCN_004,477,15.8667,true,true,312.0,247.0,312.0,247.0,0.0,0.0,477,477,0,TRACKING,311.0,246.0,1.0,1.0,1.4142135623730951
SCN_004,478,15.9,true,true,311.0,247.0,311.0,247.0,-30.0,0.0,478,478,0,TRACKING,310.0,246.0,1.0,1.0,1.4142135623730951
SCN_004,479,15.9333,true,true,311.0,246.0,311.0,246.0,0.0,-30.0,479,479,0,TRACKING,310.0,245.0,1.0,1.0,1.4142135623730951
SCN_004,480,15.9667,true,true,311.0,246.0,311.0,246.0,0.0,0.0,480,480,0,TRACKING,310.0,245.0,1.0,1.0,1.4142135623730951
SCN_004,481,16.0,true,true,311.0,246.0,311.0,246.0,0.0,0.0,481,481,0,TRACKING,310.0,245.0,1.0,1.0,1.4142135623730951
SCN_004,482,16.0333,true,true,311.0,246.0,311.0,246.0,0.0,0.0,482,482,0,TRACKING,310.0,245.0,1.0,1.0,1.4142135623730951
SCN_004,483,16.0667,true,true,310.0,245.0,310.0,245.0,-30.0,-30.0,483,483,0,TRACKING,309.0,244.0,1.0,1.0,1.4142135623730951
SCN_004,484,16.1,true,true,310.0,245.0,310.0,245.0,0.0,0.0,484,484,0,TRACKING,309.0,244.0,1.0,1.0,1.4142135623730951
SCN_004,485,16.1333,true,true,310.0,245.0,310.0,245.0,0.0,0.0,485,485,0,TRACKING,309.0,244.0,1.0,1.0,1.4142135623730951
SCN_004,486,16.1667,true,true,310.0,245.0,310.0,245.0,0.0,0.0,486,486,0,TRACKING,309.0,244.0,1.0,1.0,1.4142135623730951
SCN_004,487,16.2,true,true,310.0,244.0,310.0,244.0,0.0,-30.0,487,487,0,TRACKING,309.0,243.0,1.0,1.0,1.4142135623730951
SCN_004,488,16.2333,true,true,310.0,244.0,310.0,244.0,0.0,0.0,488,488,0,TRACKING,309.0,243.0,1.0,1.0,1.4142135623730951
SCN_004,489,16.2667,true,true,310.0,244.0,310.0,244.0,0.0,0.0,489,489,0,TRACKING,309.0,243.0,1.0,1.0,1.4142135623730951
SCN_004,490,16.3,true,true,310.0,244.0,310.0,244.0,0.0,0.0,490,490,0,TRACKING,309.0,243.0,1.0,1.0,1.4142135623730951
SCN_004,491,16.3333,true,true,309.0,243.0,309.0,243.0,-30.0,-30.0,491,491,0,TRACKING,308.0,242.0,1.0,1.0,1.4142135623730951
SCN_004,492,16.3667,true,true,309.0,243.0,309.0,243.0,0.0,0.0,492,492,0,TRACKING,308.0,242.0,1.0,1.0,1.4142135623730951
SCN_004,493,16.4,true,true,309.0,243.0,309.0,243.0,0.0,0.0,493,493,0,TRACKING,308.0,242.0,1.0,1.0,1.4142135623730951
SCN_004,494,16.4333,true,true,309.0,243.0,309.0,243.0,0.0,0.0,494,494,0,TRACKING,308.0,242.0,1.0,1.0,1.4142135623730951
SCN_004,495,16.4667,true,true,309.0,243.0,309.0,243.0,0.0,0.0,495,495,0,TRACKING,308.0,242.0,1.0,1.0,1.4142135623730951
SCN_004,496,16.5,true,true,309.0,242.0,309.0,242.0,0.0,-30.0,496,496,0,TRACKING,308.0,241.0,1.0,1.0,1.4142135623730951
SCN_004,497,16.5333,true,true,309.0,242.0,309.0,242.0,0.0,0.0,497,497,0,TRACKING,308.0,241.0,1.0,1.0,1.4142135623730951
SCN_004,498,16.5667,true,true,309.0,242.0,309.0,242.0,0.0,0.0,498,498,0,TRACKING,308.0,241.0,1.0,1.0,1.4142135623730951
SCN_004,499,16.6,true,true,309.0,242.0,309.0,242.0,0.0,0.0,499,499,0,TRACKING,308.0,241.0,1.0,1.0,1.4142135623730951
SCN_004,500,16.6333,true,true,309.0,241.0,309.0,241.0,0.0,-30.0,500,500,0,TRACKING,308.0,240.0,1.0,1.0,1.4142135623730951
SCN_004,501,16.6667,true,true,309.0,241.0,309.0,241.0,0.0,0.0,501,501,0,TRACKING,308.0,240.0,1.0,1.0,1.4142135623730951
SCN_004,502,16.7,true,true,309.0,241.0,309.0,241.0,0.0,0.0,502,502,0,TRACKING,308.0,240.0,1.0,1.0,1.4142135623730951
SCN_004,503,16.7333,true,true,309.0,240.0,309.0,240.0,0.0,-30.0,503,503,0,TRACKING,308.0,239.0,1.0,1.0,1.4142135623730951
SCN_004,504,16.7667,true,true,309.0,240.0,309.0,240.0,0.0,0.0,504,504,0,TRACKING,308.0,239.0,1.0,1.0,1.4142135623730951
SCN_004,505,16.8,true,true,309.0,240.0,309.0,240.0,0.0,0.0,505,505,0,TRACKING,308.0,239.0,1.0,1.0,1.4142135623730951
SCN_004,506,16.8333,true,true,309.0,240.0,309.0,240.0,0.0,0.0,506,506,0,TRACKING,308.0,239.0,1.0,1.0,1.4142135623730951
SCN_004,507,16.8667,true,true,309.0,239.0,309.0,239.0,0.0,-30.0,507,507,0,TRACKING,308.0,238.0,1.0,1.0,1.4142135623730951
SCN_004,508,16.9,true,true,309.0,239.0,309.0,239.0,0.0,0.0,508,508,0,TRACKING,308.0,238.0,1.0,1.0,1.4142135623730951
SCN_004,509,16.9333,true,true,309.0,239.0,309.0,239.0,0.0,0.0,509,509,0,TRACKING,308.0,238.0,1.0,1.0,1.4142135623730951
SCN_004,510,16.9667,true,true,309.0,238.0,309.0,238.0,0.0,-30.0,510,510,0,TRACKING,308.0,237.0,1.0,1.0,1.4142135623730951
SCN_004,511,17.0,true,true,309.0,238.0,309.0,238.0,0.0,0.0,511,511,0,TRACKING,308.0,237.0,1.0,1.0,1.4142135623730951
SCN_004,512,17.0333,true,true,309.0,238.0,309.0,238.0,0.0,0.0,512,512,0,TRACKING,308.0,237.0,1.0,1.0,1.4142135623730951
SCN_004,513,17.0667,true,true,309.0,237.0,309.0,237.0,0.0,-30.0,513,513,0,TRACKING,308.0,236.0,1.0,1.0,1.4142135623730951
SCN_004,514,17.1,true,true,310.0,237.0,310.0,237.0,30.0,0.0,514,514,0,TRACKING,309.0,236.0,1.0,1.0,1.4142135623730951
SCN_004,515,17.1333,true,true,310.0,237.0,310.0,237.0,0.0,0.0,515,515,0,TRACKING,309.0,236.0,1.0,1.0,1.4142135623730951
SCN_004,516,17.1667,true,true,310.0,236.0,310.0,236.0,0.0,-30.0,516,516,0,TRACKING,309.0,235.0,1.0,1.0,1.4142135623730951
SCN_004,517,17.2,true,true,310.0,236.0,310.0,236.0,0.0,0.0,517,517,0,TRACKING,309.0,235.0,1.0,1.0,1.4142135623730951
SCN_004,518,17.2333,true,true,310.0,236.0,310.0,236.0,0.0,0.0,518,518,0,TRACKING,309.0,235.0,1.0,1.0,1.4142135623730951
SCN_004,519,17.2667,true,true,310.0,236.0,310.0,236.0,0.0,0.0,519,519,0,TRACKING,309.0,235.0,1.0,1.0,1.4142135623730951
SCN_004,520,17.3,true,true,311.0,235.0,311.0,235.0,30.0,-30.0,520,520,0,TRACKING,310.0,234.0,1.0,1.0,1.4142135623730951
SCN_004,521,17.3333,true,true,311.0,235.0,311.0,235.0,0.0,0.0,521,521,0,TRACKING,310.0,234.0,1.0,1.0,1.4142135623730951
SCN_004,522,17.3667,true,true,311.0,235.0,311.0,235.0,0.0,0.0,522,522,0,TRACKING,310.0,234.0,1.0,1.0,1.4142135623730951
SCN_004,523,17.4,true,true,311.0,235.0,311.0,235.0,0.0,0.0,523,523,0,TRACKING,310.0,234.0,1.0,1.0,1.4142135623730951
SCN_004,524,17.4333,true,true,311.0,235.0,311.0,235.0,0.0,0.0,524,524,0,TRACKING,310.0,234.0,1.0,1.0,1.4142135623730951
SCN_004,525,17.4667,true,true,311.0,234.0,311.0,234.0,0.0,-30.0,525,525,0,TRACKING,310.0,233.0,1.0,1.0,1.4142135623730951
SCN_004,526,17.5,true,true,312.0,234.0,312.0,234.0,30.0,0.0,526,526,0,TRACKING,311.0,233.0,1.0,1.0,1.4142135623730951
SCN_004,527,17.5333,true,true,312.0,234.0,312.0,234.0,0.0,0.0,527,527,0,TRACKING,311.0,233.0,1.0,1.0,1.4142135623730951
SCN_004,528,17.5667,true,true,312.0,234.0,312.0,234.0,0.0,0.0,528,528,0,TRACKING,311.0,233.0,1.0,1.0,1.4142135623730951
SCN_004,529,17.6,true,true,312.0,234.0,312.0,234.0,0.0,0.0,529,529,0,TRACKING,311.0,233.0,1.0,1.0,1.4142135623730951
SCN_004,530,17.6333,true,true,313.0,233.0,313.0,233.0,30.0,-30.0,530,530,0,TRACKING,312.0,232.0,1.0,1.0,1.4142135623730951
SCN_004,531,17.6667,true,true,313.0,233.0,313.0,233.0,0.0,0.0,531,531,0,TRACKING,312.0,232.0,1.0,1.0,1.4142135623730951
SCN_004,532,17.7,true,true,313.0,233.0,313.0,233.0,0.0,0.0,532,532,0,TRACKING,312.0,232.0,1.0,1.0,1.4142135623730951
SCN_004,533,17.7333,true,true,313.0,233.0,313.0,233.0,0.0,0.0,533,533,0,TRACKING,312.0,232.0,1.0,1.0,1.4142135623730951
SCN_004,534,17.7667,true,true,314.0,233.0,314.0,233.0,30.0,0.0,534,534,0,TRACKING,313.0,232.0,1.0,1.0,1.4142135623730951
SCN_004,535,17.8,true,true,314.0,233.0,314.0,233.0,0.0,0.0,535,535,0,TRACKING,313.0,232.0,1.0,1.0,1.4142135623730951
SCN_004,536,17.8333,true,true,314.0,232.0,314.0,232.0,0.0,-30.0,536,536,0,TRACKING,313.0,231.0,1.0,1.0,1.4142135623730951
SCN_004,537,17.8667,true,true,315.0,232.0,315.0,232.0,30.0,0.0,537,537,0,TRACKING,314.0,231.0,1.0,1.0,1.4142135623730951
SCN_004,538,17.9,true,true,315.0,232.0,315.0,232.0,0.0,0.0,538,538,0,TRACKING,314.0,231.0,1.0,1.0,1.4142135623730951
SCN_004,539,17.9333,true,true,315.0,232.0,315.0,232.0,0.0,0.0,539,539,0,TRACKING,314.0,231.0,1.0,1.0,1.4142135623730951
SCN_004,540,17.9667,true,true,316.0,232.0,316.0,232.0,30.0,0.0,540,540,0,TRACKING,315.0,231.0,1.0,1.0,1.4142135623730951
SCN_004,541,18.0,true,true,316.0,232.0,316.0,232.0,0.0,0.0,541,541,0,TRACKING,315.0,231.0,1.0,1.0,1.4142135623730951
SCN_004,542,18.0333,true,true,316.0,232.0,316.0,232.0,0.0,0.0,542,542,0,TRACKING,315.0,231.0,1.0,1.0,1.4142135623730951
SCN_004,543,18.0667,true,true,317.0,232.0,317.0,232.0,30.0,0.0,543,543,0,TRACKING,316.0,231.0,1.0,1.0,1.4142135623730951
SCN_004,544,18.1,true,true,317.0,232.0,317.0,232.0,0.0,0.0,544,544,0,TRACKING,316.0,231.0,1.0,1.0,1.4142135623730951
SCN_004,545,18.1333,true,true,317.0,231.0,317.0,231.0,0.0,-30.0,545,545,0,TRACKING,316.0,230.0,1.0,1.0,1.4142135623730951
SCN_004,546,18.1667,true,true,318.0,231.0,318.0,231.0,30.0,0.0,546,546,0,TRACKING,317.0,230.0,1.0,1.0,1.4142135623730951
SCN_004,547,18.2,true,true,318.0,231.0,318.0,231.0,0.0,0.0,547,547,0,TRACKING,317.0,230.0,1.0,1.0,1.4142135623730951
SCN_004,548,18.2333,true,true,319.0,231.0,319.0,231.0,30.0,0.0,548,548,0,TRACKING,318.0,230.0,1.0,1.0,1.4142135623730951
SCN_004,549,18.2667,true,true,319.0,231.0,319.0,231.0,0.0,0.0,549,549,0,TRACKING,318.0,230.0,1.0,1.0,1.4142135623730951
SCN_004,550,18.3,true,true,319.0,231.0,319.0,231.0,0.0,0.0,550,550,0,TRACKING,318.0,230.0,1.0,1.0,1.4142135623730951
SCN_004,551,18.3333,true,true,320.0,231.0,320.0,231.0,30.0,0.0,551,551,0,TRACKING,319.0,230.0,1.0,1.0,1.4142135623730951
SCN_004,552,18.3667,true,true,320.0,232.0,320.0,232.0,0.0,30.0,552,552,0,TRACKING,319.0,231.0,1.0,1.0,1.4142135623730951
SCN_004,553,18.4,true,true,321.0,232.0,321.0,232.0,30.0,0.0,553,553,0,TRACKING,320.0,231.0,1.0,1.0,1.4142135623730951
SCN_004,554,18.4333,true,true,321.0,232.0,321.0,232.0,0.0,0.0,554,554,0,TRACKING,320.0,231.0,1.0,1.0,1.4142135623730951
SCN_004,555,18.4667,true,true,321.0,232.0,321.0,232.0,0.0,0.0,555,555,0,TRACKING,320.0,231.0,1.0,1.0,1.4142135623730951
SCN_004,556,18.5,true,true,322.0,232.0,322.0,232.0,30.0,0.0,556,556,0,TRACKING,321.0,231.0,1.0,1.0,1.4142135623730951
SCN_004,557,18.5333,true,true,322.0,232.0,322.0,232.0,0.0,0.0,557,557,0,TRACKING,321.0,231.0,1.0,1.0,1.4142135623730951
SCN_004,558,18.5667,true,true,323.0,232.0,323.0,232.0,30.0,0.0,558,558,0,TRACKING,322.0,231.0,1.0,1.0,1.4142135623730951
SCN_004,559,18.6,true,true,323.0,232.0,323.0,232.0,0.0,0.0,559,559,0,TRACKING,322.0,231.0,1.0,1.0,1.4142135623730951
SCN_004,560,18.6333,true,true,324.0,232.0,324.0,232.0,30.0,0.0,560,560,0,TRACKING,323.0,231.0,1.0,1.0,1.4142135623730951
SCN_004,561,18.6667,true,true,324.0,232.0,324.0,232.0,0.0,0.0,561,561,0,TRACKING,323.0,231.0,1.0,1.0,1.4142135623730951
SCN_004,562,18.7,true,true,324.0,232.0,324.0,232.0,0.0,0.0,562,562,0,TRACKING,323.0,231.0,1.0,1.0,1.4142135623730951
SCN_004,563,18.7333,true,true,325.0,233.0,325.0,233.0,30.0,30.0,563,563,0,TRACKING,324.0,232.0,1.0,1.0,1.4142135623730951
SCN_004,564,18.7667,true,true,325.0,233.0,325.0,233.0,0.0,0.0,564,564,0,TRACKING,324.0,232.0,1.0,1.0,1.4142135623730951
SCN_004,565,18.8,true,true,326.0,233.0,326.0,233.0,30.0,0.0,565,565,0,TRACKING,325.0,232.0,1.0,1.0,1.4142135623730951
SCN_004,566,18.8333,true,true,326.0,233.0,326.0,233.0,0.0,0.0,566,566,0,TRACKING,325.0,232.0,1.0,1.0,1.4142135623730951
SCN_004,567,18.8667,true,true,326.0,233.0,326.0,233.0,0.0,0.0,567,567,0,TRACKING,325.0,232.0,1.0,1.0,1.4142135623730951
SCN_004,568,18.9,true,true,327.0,233.0,327.0,233.0,30.0,0.0,568,568,0,TRACKING,326.0,232.0,1.0,1.0,1.4142135623730951
SCN_004,569,18.9333,true,true,327.0,233.0,327.0,233.0,0.0,0.0,569,569,0,TRACKING,326.0,232.0,1.0,1.0,1.4142135623730951
SCN_004,570,18.9667,true,true,327.0,233.0,327.0,233.0,0.0,0.0,570,570,0,TRACKING,326.0,232.0,1.0,1.0,1.4142135623730951
SCN_004,571,19.0,true,true,328.0,234.0,328.0,234.0,30.0,30.0,571,571,0,TRACKING,327.0,233.0,1.0,1.0,1.4142135623730951
SCN_004,572,19.0333,true,true,328.0,234.0,328.0,234.0,0.0,0.0,572,572,0,TRACKING,327.0,233.0,1.0,1.0,1.4142135623730951
SCN_004,573,19.0667,true,true,328.0,234.0,328.0,234.0,0.0,0.0,573,573,0,TRACKING,327.0,233.0,1.0,1.0,1.4142135623730951
SCN_004,574,19.1,true,true,329.0,234.0,329.0,234.0,30.0,0.0,574,574,0,TRACKING,328.0,233.0,1.0,1.0,1.4142135623730951
SCN_004,575,19.1333,true,true,329.0,234.0,329.0,234.0,0.0,0.0,575,575,0,TRACKING,328.0,233.0,1.0,1.0,1.4142135623730951
SCN_004,576,19.1667,true,true,329.0,234.0,329.0,234.0,0.0,0.0,576,576,0,TRACKING,328.0,233.0,1.0,1.0,1.4142135623730951
SCN_004,577,19.2,true,true,330.0,234.0,330.0,234.0,30.0,0.0,577,577,0,TRACKING,329.0,233.0,1.0,1.0,1.4142135623730951
SCN_004,578,19.2333,true,true,330.0,235.0,330.0,235.0,0.0,30.0,578,578,0,TRACKING,329.0,234.0,1.0,1.0,1.4142135623730951
SCN_004,579,19.2667,true,true,330.0,235.0,330.0,235.0,0.0,0.0,579,579,0,TRACKING,329.0,234.0,1.0,1.0,1.4142135623730951
SCN_004,580,19.3,true,true,331.0,235.0,331.0,235.0,30.0,0.0,580,580,0,TRACKING,330.0,234.0,1.0,1.0,1.4142135623730951
SCN_004,581,19.3333,true,true,331.0,235.0,331.0,235.0,0.0,0.0,581,581,0,TRACKING,330.0,234.0,1.0,1.0,1.4142135623730951
SCN_004,582,19.3667,true,true,331.0,235.0,331.0,235.0,0.0,0.0,582,582,0,TRACKING,330.0,234.0,1.0,1.0,1.4142135623730951
SCN_004,583,19.4,true,true,332.0,236.0,332.0,236.0,30.0,30.0,583,583,0,TRACKING,331.0,235.0,1.0,1.0,1.4142135623730951
SCN_004,584,19.4333,true,true,332.0,236.0,332.0,236.0,0.0,0.0,584,584,0,TRACKING,331.0,235.0,1.0,1.0,1.4142135623730951
SCN_004,585,19.4667,true,true,332.0,236.0,332.0,236.0,0.0,0.0,585,585,0,TRACKING,331.0,235.0,1.0,1.0,1.4142135623730951
SCN_004,586,19.5,true,true,332.0,236.0,332.0,236.0,0.0,0.0,586,586,0,TRACKING,331.0,235.0,1.0,1.0,1.4142135623730951
SCN_004,587,19.5333,true,true,333.0,237.0,333.0,237.0,30.0,30.0,587,587,0,TRACKING,332.0,236.0,1.0,1.0,1.4142135623730951
SCN_004,588,19.5667,true,true,333.0,237.0,333.0,237.0,0.0,0.0,588,588,0,TRACKING,332.0,236.0,1.0,1.0,1.4142135623730951
SCN_004,589,19.6,true,true,333.0,237.0,333.0,237.0,0.0,0.0,589,589,0,TRACKING,332.0,236.0,1.0,1.0,1.4142135623730951
SCN_004,590,19.6333,true,true,333.0,238.0,333.0,238.0,0.0,30.0,590,590,0,TRACKING,332.0,237.0,1.0,1.0,1.4142135623730951
SCN_004,591,19.6667,true,true,333.0,238.0,333.0,238.0,0.0,0.0,591,591,0,TRACKING,332.0,237.0,1.0,1.0,1.4142135623730951
SCN_004,592,19.7,true,true,333.0,238.0,333.0,238.0,0.0,0.0,592,592,0,TRACKING,332.0,237.0,1.0,1.0,1.4142135623730951
SCN_004,593,19.7333,true,true,334.0,238.0,334.0,238.0,30.0,0.0,593,593,0,TRACKING,333.0,237.0,1.0,1.0,1.4142135623730951
SCN_004,594,19.7667,true,true,334.0,239.0,334.0,239.0,0.0,30.0,594,594,0,TRACKING,333.0,238.0,1.0,1.0,1.4142135623730951
SCN_004,595,19.8,true,true,334.0,239.0,334.0,239.0,0.0,0.0,595,595,0,TRACKING,333.0,238.0,1.0,1.0,1.4142135623730951
SCN_004,596,19.8333,true,true,334.0,239.0,334.0,239.0,0.0,0.0,596,596,0,TRACKING,333.0,238.0,1.0,1.0,1.4142135623730951
SCN_004,597,19.8667,true,true,334.0,240.0,334.0,240.0,0.0,30.0,597,597,0,TRACKING,333.0,239.0,1.0,1.0,1.4142135623730951
SCN_004,598,19.9,true,true,334.0,240.0,334.0,240.0,0.0,0.0,598,598,0,TRACKING,333.0,239.0,1.0,1.0,1.4142135623730951
SCN_004,599,19.9333,true,true,334.0,240.0,334.0,240.0,0.0,0.0,599,599,0,TRACKING,333.0,239.0,1.0,1.0,1.4142135623730951
SCN_004,600,19.9667,true,true,334.0,241.0,334.0,241.0,0.0,30.0,600,600,0,TRACKING,333.0,240.0,1.0,1.0,1.4142135623730951
SCN_004,601,20.0,true,true,334.0,241.0,334.0,241.0,0.0,0.0,601,601,0,TRACKING,333.0,240.0,1.0,1.0,1.4142135623730951
SCN_004,602,20.0333,true,true,334.0,241.0,334.0,241.0,0.0,0.0,602,602,0,TRACKING,333.0,240.0,1.0,1.0,1.4142135623730951
SCN_004,603,20.0667,true,true,334.0,242.0,334.0,242.0,0.0,30.0,603,603,0,TRACKING,333.0,241.0,1.0,1.0,1.4142135623730951
SCN_004,604,20.1,true,true,334.0,242.0,334.0,242.0,0.0,0.0,604,604,0,TRACKING,333.0,241.0,1.0,1.0,1.4142135623730951
SCN_004,605,20.1333,true,true,334.0,243.0,334.0,243.0,0.0,30.0,605,605,0,TRACKING,333.0,242.0,1.0,1.0,1.4142135623730951
SCN_004,606,20.1667,true,true,334.0,243.0,334.0,243.0,0.0,0.0,606,606,0,TRACKING,333.0,242.0,1.0,1.0,1.4142135623730951
SCN_004,607,20.2,true,true,334.0,243.0,334.0,243.0,0.0,0.0,607,607,0,TRACKING,333.0,242.0,1.0,1.0,1.4142135623730951
SCN_004,608,20.2333,true,true,334.0,244.0,334.0,244.0,0.0,30.0,608,608,0,TRACKING,333.0,243.0,1.0,1.0,1.4142135623730951
SCN_004,609,20.2667,true,true,334.0,244.0,334.0,244.0,0.0,0.0,609,609,0,TRACKING,333.0,243.0,1.0,1.0,1.4142135623730951
SCN_004,610,20.3,true,true,334.0,244.0,334.0,244.0,0.0,0.0,610,610,0,TRACKING,333.0,243.0,1.0,1.0,1.4142135623730951
SCN_004,611,20.3333,true,true,334.0,244.0,334.0,244.0,0.0,0.0,611,611,0,TRACKING,333.0,243.0,1.0,1.0,1.4142135623730951
SCN_004,612,20.3667,true,true,334.0,245.0,334.0,245.0,0.0,30.0,612,612,0,TRACKING,333.0,244.0,1.0,1.0,1.4142135623730951
SCN_004,613,20.4,true,true,334.0,245.0,334.0,245.0,0.0,0.0,613,613,0,TRACKING,333.0,244.0,1.0,1.0,1.4142135623730951
SCN_004,614,20.4333,true,true,334.0,245.0,334.0,245.0,0.0,0.0,614,614,0,TRACKING,333.0,244.0,1.0,1.0,1.4142135623730951
SCN_004,615,20.4667,true,true,334.0,246.0,334.0,246.0,0.0,30.0,615,615,0,TRACKING,333.0,245.0,1.0,1.0,1.4142135623730951
SCN_004,616,20.5,true,true,334.0,246.0,334.0,246.0,0.0,0.0,616,616,0,TRACKING,333.0,245.0,1.0,1.0,1.4142135623730951
SCN_004,617,20.5333,true,true,333.0,246.0,333.0,246.0,-30.0,0.0,617,617,0,TRACKING,332.0,245.0,1.0,1.0,1.4142135623730951
SCN_004,618,20.5667,true,true,333.0,246.0,333.0,246.0,0.0,0.0,618,618,0,TRACKING,332.0,245.0,1.0,1.0,1.4142135623730951
SCN_004,619,20.6,true,true,333.0,247.0,333.0,247.0,0.0,30.0,619,619,0,TRACKING,332.0,246.0,1.0,1.0,1.4142135623730951
SCN_004,620,20.6333,true,true,333.0,247.0,333.0,247.0,0.0,0.0,620,620,0,TRACKING,332.0,246.0,1.0,1.0,1.4142135623730951
SCN_004,621,20.6667,true,true,333.0,247.0,333.0,247.0,0.0,0.0,621,621,0,TRACKING,332.0,246.0,1.0,1.0,1.4142135623730951
SCN_004,622,20.7,true,true,332.0,247.0,332.0,247.0,-30.0,0.0,622,622,0,TRACKING,331.0,246.0,1.0,1.0,1.4142135623730951
SCN_004,623,20.7333,true,true,332.0,248.0,332.0,248.0,0.0,30.0,623,623,0,TRACKING,331.0,247.0,1.0,1.0,1.4142135623730951
SCN_004,624,20.7667,true,true,332.0,248.0,332.0,248.0,0.0,0.0,624,624,0,TRACKING,331.0,247.0,1.0,1.0,1.4142135623730951
SCN_004,625,20.8,true,true,332.0,248.0,332.0,248.0,0.0,0.0,625,625,0,TRACKING,331.0,247.0,1.0,1.0,1.4142135623730951
SCN_004,626,20.8333,true,true,331.0,248.0,331.0,248.0,-30.0,0.0,626,626,0,TRACKING,330.0,247.0,1.0,1.0,1.4142135623730951
SCN_004,627,20.8667,true,true,331.0,249.0,331.0,249.0,0.0,30.0,627,627,0,TRACKING,330.0,248.0,1.0,1.0,1.4142135623730951
SCN_004,628,20.9,true,true,331.0,249.0,331.0,249.0,0.0,0.0,628,628,0,TRACKING,330.0,248.0,1.0,1.0,1.4142135623730951
SCN_004,629,20.9333,true,true,331.0,249.0,331.0,249.0,0.0,0.0,629,629,0,TRACKING,330.0,248.0,1.0,1.0,1.4142135623730951
SCN_004,630,20.9667,true,true,330.0,249.0,330.0,249.0,-30.0,0.0,630,630,0,TRACKING,329.0,248.0,1.0,1.0,1.4142135623730951
SCN_004,631,21.0,true,true,330.0,249.0,330.0,249.0,0.0,0.0,631,631,0,TRACKING,329.0,248.0,1.0,1.0,1.4142135623730951
SCN_004,632,21.0333,true,true,330.0,250.0,330.0,250.0,0.0,30.0,632,632,0,TRACKING,329.0,249.0,1.0,1.0,1.4142135623730951
SCN_004,633,21.0667,true,true,330.0,250.0,330.0,250.0,0.0,0.0,633,633,0,TRACKING,329.0,249.0,1.0,1.0,1.4142135623730951
SCN_004,634,21.1,true,true,329.0,250.0,329.0,250.0,-30.0,0.0,634,634,0,TRACKING,328.0,249.0,1.0,1.0,1.4142135623730951
SCN_004,635,21.1333,true,true,329.0,250.0,329.0,250.0,0.0,0.0,635,635,0,TRACKING,328.0,249.0,1.0,1.0,1.4142135623730951
SCN_004,636,21.1667,true,true,329.0,250.0,329.0,250.0,0.0,0.0,636,636,0,TRACKING,328.0,249.0,1.0,1.0,1.4142135623730951
SCN_004,637,21.2,true,true,328.0,250.0,328.0,250.0,-30.0,0.0,637,637,0,TRACKING,327.0,249.0,1.0,1.0,1.4142135623730951
SCN_004,638,21.2333,true,true,328.0,250.0,328.0,250.0,0.0,0.0,638,638,0,TRACKING,327.0,249.0,1.0,1.0,1.4142135623730951
SCN_004,639,21.2667,true,true,328.0,250.0,328.0,250.0,0.0,0.0,639,639,0,TRACKING,327.0,249.0,1.0,1.0,1.4142135623730951
SCN_004,640,21.3,true,true,327.0,251.0,327.0,251.0,-30.0,30.0,640,640,0,TRACKING,326.0,250.0,1.0,1.0,1.4142135623730951
SCN_004,641,21.3333,true,true,327.0,251.0,327.0,251.0,0.0,0.0,641,641,0,TRACKING,326.0,250.0,1.0,1.0,1.4142135623730951
SCN_004,642,21.3667,true,true,326.0,251.0,326.0,251.0,-30.0,0.0,642,642,0,TRACKING,325.0,250.0,1.0,1.0,1.4142135623730951
SCN_004,643,21.4,true,true,326.0,251.0,326.0,251.0,0.0,0.0,643,643,0,TRACKING,325.0,250.0,1.0,1.0,1.4142135623730951
SCN_004,644,21.4333,true,true,325.0,251.0,325.0,251.0,-30.0,0.0,644,644,0,TRACKING,324.0,250.0,1.0,1.0,1.4142135623730951
SCN_004,645,21.4667,true,true,325.0,251.0,325.0,251.0,0.0,0.0,645,645,0,TRACKING,324.0,250.0,1.0,1.0,1.4142135623730951
SCN_004,646,21.5,true,true,325.0,251.0,325.0,251.0,0.0,0.0,646,646,0,TRACKING,324.0,250.0,1.0,1.0,1.4142135623730951
SCN_004,647,21.5333,true,true,324.0,251.0,324.0,251.0,-30.0,0.0,647,647,0,TRACKING,323.0,250.0,1.0,1.0,1.4142135623730951
SCN_004,648,21.5667,true,true,324.0,251.0,324.0,251.0,0.0,0.0,648,648,0,TRACKING,323.0,250.0,1.0,1.0,1.4142135623730951
SCN_004,649,21.6,true,true,323.0,251.0,323.0,251.0,-30.0,0.0,649,649,0,TRACKING,322.0,250.0,1.0,1.0,1.4142135623730951
SCN_004,650,21.6333,true,true,323.0,251.0,323.0,251.0,0.0,0.0,650,650,0,TRACKING,322.0,250.0,1.0,1.0,1.4142135623730951
SCN_004,651,21.6667,true,true,322.0,251.0,322.0,251.0,-30.0,0.0,651,651,0,TRACKING,321.0,250.0,1.0,1.0,1.4142135623730951
SCN_004,652,21.7,true,true,322.0,251.0,322.0,251.0,0.0,0.0,652,652,0,TRACKING,321.0,250.0,1.0,1.0,1.4142135623730951
SCN_004,653,21.7333,true,true,322.0,251.0,322.0,251.0,0.0,0.0,653,653,0,TRACKING,321.0,250.0,1.0,1.0,1.4142135623730951
SCN_004,654,21.7667,true,true,321.0,251.0,321.0,251.0,-30.0,0.0,654,654,0,TRACKING,320.0,250.0,1.0,1.0,1.4142135623730951
SCN_004,655,21.8,true,true,321.0,251.0,321.0,251.0,0.0,0.0,655,655,0,TRACKING,320.0,250.0,1.0,1.0,1.4142135623730951
SCN_004,656,21.8333,true,true,321.0,250.0,321.0,250.0,0.0,-30.0,656,656,0,TRACKING,320.0,249.0,1.0,1.0,1.4142135623730951
SCN_004,657,21.8667,true,true,320.0,250.0,320.0,250.0,-30.0,0.0,657,657,0,TRACKING,319.0,249.0,1.0,1.0,1.4142135623730951
SCN_004,658,21.9,true,true,320.0,250.0,320.0,250.0,0.0,0.0,658,658,0,TRACKING,319.0,249.0,1.0,1.0,1.4142135623730951
SCN_004,659,21.9333,true,true,319.0,250.0,319.0,250.0,-30.0,0.0,659,659,0,TRACKING,318.0,249.0,1.0,1.0,1.4142135623730951
SCN_004,660,21.9667,true,true,319.0,250.0,319.0,250.0,0.0,0.0,660,660,0,TRACKING,318.0,249.0,1.0,1.0,1.4142135623730951
SCN_004,661,22.0,true,true,318.0,250.0,318.0,250.0,-30.0,0.0,661,661,0,TRACKING,317.0,249.0,1.0,1.0,1.4142135623730951
SCN_004,662,22.0333,true,true,318.0,249.0,318.0,249.0,0.0,-30.0,662,662,0,TRACKING,317.0,248.0,1.0,1.0,1.4142135623730951
SCN_004,663,22.0667,true,true,318.0,249.0,318.0,249.0,0.0,0.0,663,663,0,TRACKING,317.0,248.0,1.0,1.0,1.4142135623730951
SCN_004,664,22.1,true,true,317.0,249.0,317.0,249.0,-30.0,0.0,664,664,0,TRACKING,316.0,248.0,1.0,1.0,1.4142135623730951
SCN_004,665,22.1333,true,true,317.0,249.0,317.0,249.0,0.0,0.0,665,665,0,TRACKING,316.0,248.0,1.0,1.0,1.4142135623730951
SCN_004,666,22.1667,true,true,316.0,249.0,316.0,249.0,-30.0,0.0,666,666,0,TRACKING,315.0,248.0,1.0,1.0,1.4142135623730951
SCN_004,667,22.2,true,true,316.0,248.0,316.0,248.0,0.0,-30.0,667,667,0,TRACKING,315.0,247.0,1.0,1.0,1.4142135623730951
SCN_004,668,22.2333,true,true,316.0,248.0,316.0,248.0,0.0,0.0,668,668,0,TRACKING,315.0,247.0,1.0,1.0,1.4142135623730951
SCN_004,669,22.2667,true,true,315.0,248.0,315.0,248.0,-30.0,0.0,669,669,0,TRACKING,314.0,247.0,1.0,1.0,1.4142135623730951
SCN_004,670,22.3,true,true,315.0,248.0,315.0,248.0,0.0,0.0,670,670,0,TRACKING,314.0,247.0,1.0,1.0,1.4142135623730951
SCN_004,671,22.3333,true,true,314.0,248.0,314.0,248.0,-30.0,0.0,671,671,0,TRACKING,313.0,247.0,1.0,1.0,1.4142135623730951
SCN_004,672,22.3667,true,true,314.0,247.0,314.0,247.0,0.0,-30.0,672,672,0,TRACKING,313.0,246.0,1.0,1.0,1.4142135623730951
SCN_004,673,22.4,true,true,314.0,247.0,314.0,247.0,0.0,0.0,673,673,0,TRACKING,313.0,246.0,1.0,1.0,1.4142135623730951
SCN_004,674,22.4333,true,true,313.0,247.0,313.0,247.0,-30.0,0.0,674,674,0,TRACKING,312.0,246.0,1.0,1.0,1.4142135623730951
SCN_004,675,22.4667,true,true,313.0,247.0,313.0,247.0,0.0,0.0,675,675,0,TRACKING,312.0,246.0,1.0,1.0,1.4142135623730951
SCN_004,676,22.5,true,true,312.0,247.0,312.0,247.0,-30.0,0.0,676,676,0,TRACKING,311.0,246.0,1.0,1.0,1.4142135623730951
SCN_004,677,22.5333,true,true,312.0,246.0,312.0,246.0,0.0,-30.0,677,677,0,TRACKING,311.0,245.0,1.0,1.0,1.4142135623730951
SCN_004,678,22.5667,true,true,312.0,246.0,312.0,246.0,0.0,0.0,678,678,0,TRACKING,311.0,245.0,1.0,1.0,1.4142135623730951
SCN_004,679,22.6,true,true,311.0,246.0,311.0,246.0,-30.0,0.0,679,679,0,TRACKING,310.0,245.0,1.0,1.0,1.4142135623730951
SCN_004,680,22.6333,true,true,311.0,246.0,311.0,246.0,0.0,0.0,680,680,0,TRACKING,310.0,245.0,1.0,1.0,1.4142135623730951
SCN_004,681,22.6667,true,true,311.0,245.0,311.0,245.0,0.0,-30.0,681,681,0,TRACKING,310.0,244.0,1.0,1.0,1.4142135623730951
SCN_004,682,22.7,true,true,311.0,245.0,311.0,245.0,0.0,0.0,682,682,0,TRACKING,310.0,244.0,1.0,1.0,1.4142135623730951
SCN_004,683,22.7333,true,true,310.0,245.0,310.0,245.0,-30.0,0.0,683,683,0,TRACKING,309.0,244.0,1.0,1.0,1.4142135623730951
SCN_004,684,22.7667,true,true,310.0,245.0,310.0,245.0,0.0,0.0,684,684,0,TRACKING,309.0,244.0,1.0,1.0,1.4142135623730951
SCN_004,685,22.8,true,true,310.0,244.0,310.0,244.0,0.0,-30.0,685,685,0,TRACKING,309.0,243.0,1.0,1.0,1.4142135623730951
SCN_004,686,22.8333,true,true,310.0,244.0,310.0,244.0,0.0,0.0,686,686,0,TRACKING,309.0,243.0,1.0,1.0,1.4142135623730951
SCN_004,687,22.8667,true,true,310.0,244.0,310.0,244.0,0.0,0.0,687,687,0,TRACKING,309.0,243.0,1.0,1.0,1.4142135623730951
SCN_004,688,22.9,true,true,309.0,244.0,309.0,244.0,-30.0,0.0,688,688,0,TRACKING,308.0,243.0,1.0,1.0,1.4142135623730951
SCN_004,689,22.9333,true,true,309.0,243.0,309.0,243.0,0.0,-30.0,689,689,0,TRACKING,308.0,242.0,1.0,1.0,1.4142135623730951
SCN_004,690,22.9667,true,true,309.0,243.0,309.0,243.0,0.0,0.0,690,690,0,TRACKING,308.0,242.0,1.0,1.0,1.4142135623730951
SCN_004,691,23.0,true,true,309.0,243.0,309.0,243.0,0.0,0.0,691,691,0,TRACKING,308.0,242.0,1.0,1.0,1.4142135623730951
SCN_004,692,23.0333,true,true,309.0,242.0,309.0,242.0,0.0,-30.0,692,692,0,TRACKING,308.0,241.0,1.0,1.0,1.4142135623730951
SCN_004,693,23.0667,true,true,309.0,242.0,309.0,242.0,0.0,0.0,693,693,0,TRACKING,308.0,241.0,1.0,1.0,1.4142135623730951
SCN_004,694,23.1,true,true,308.0,242.0,308.0,242.0,-30.0,0.0,694,694,0,TRACKING,307.0,241.0,1.0,1.0,1.4142135623730951
SCN_004,695,23.1333,true,true,308.0,242.0,308.0,242.0,0.0,0.0,695,695,0,TRACKING,307.0,241.0,1.0,1.0,1.4142135623730951
SCN_004,696,23.1667,true,true,308.0,241.0,308.0,241.0,0.0,-30.0,696,696,0,TRACKING,307.0,240.0,1.0,1.0,1.4142135623730951
SCN_004,697,23.2,true,true,308.0,241.0,308.0,241.0,0.0,0.0,697,697,0,TRACKING,307.0,240.0,1.0,1.0,1.4142135623730951
SCN_004,698,23.2333,true,true,308.0,241.0,308.0,241.0,0.0,0.0,698,698,0,TRACKING,307.0,240.0,1.0,1.0,1.4142135623730951
SCN_004,699,23.2667,true,true,308.0,241.0,308.0,241.0,0.0,0.0,699,699,0,TRACKING,307.0,240.0,1.0,1.0,1.4142135623730951
SCN_004,700,23.3,true,true,308.0,240.0,308.0,240.0,0.0,-30.0,700,700,0,TRACKING,307.0,239.0,1.0,1.0,1.4142135623730951
SCN_004,701,23.3333,true,true,308.0,240.0,308.0,240.0,0.0,0.0,701,701,0,TRACKING,307.0,239.0,1.0,1.0,1.4142135623730951
SCN_004,702,23.3667,true,true,308.0,240.0,308.0,240.0,0.0,0.0,702,702,0,TRACKING,307.0,239.0,1.0,1.0,1.4142135623730951
SCN_004,703,23.4,true,true,308.0,240.0,308.0,240.0,0.0,0.0,703,703,0,TRACKING,307.0,239.0,1.0,1.0,1.4142135623730951
SCN_004,704,23.4333,true,true,308.0,239.0,308.0,239.0,0.0,-30.0,704,704,0,TRACKING,307.0,238.0,1.0,1.0,1.4142135623730951
SCN_004,705,23.4667,true,true,308.0,239.0,308.0,239.0,0.0,0.0,705,705,0,TRACKING,307.0,238.0,1.0,1.0,1.4142135623730951
SCN_004,706,23.5,true,true,308.0,239.0,308.0,239.0,0.0,0.0,706,706,0,TRACKING,307.0,238.0,1.0,1.0,1.4142135623730951
SCN_004,707,23.5333,true,true,308.0,239.0,308.0,239.0,0.0,0.0,707,707,0,TRACKING,307.0,238.0,1.0,1.0,1.4142135623730951
SCN_004,708,23.5667,true,true,308.0,238.0,308.0,238.0,0.0,-30.0,708,708,0,TRACKING,307.0,237.0,1.0,1.0,1.4142135623730951
SCN_004,709,23.6,true,true,309.0,238.0,309.0,238.0,30.0,0.0,709,709,0,TRACKING,308.0,237.0,1.0,1.0,1.4142135623730951
SCN_004,710,23.6333,true,true,309.0,238.0,309.0,238.0,0.0,0.0,710,710,0,TRACKING,308.0,237.0,1.0,1.0,1.4142135623730951
SCN_004,711,23.6667,true,true,309.0,238.0,309.0,238.0,0.0,0.0,711,711,0,TRACKING,308.0,237.0,1.0,1.0,1.4142135623730951
SCN_004,712,23.7,true,true,309.0,237.0,309.0,237.0,0.0,-30.0,712,712,0,TRACKING,308.0,236.0,1.0,1.0,1.4142135623730951
SCN_004,713,23.7333,true,true,309.0,237.0,309.0,237.0,0.0,0.0,713,713,0,TRACKING,308.0,236.0,1.0,1.0,1.4142135623730951
SCN_004,714,23.7667,true,true,309.0,237.0,309.0,237.0,0.0,0.0,714,714,0,TRACKING,308.0,236.0,1.0,1.0,1.4142135623730951
SCN_004,715,23.8,true,true,309.0,237.0,309.0,237.0,0.0,0.0,715,715,0,TRACKING,308.0,236.0,1.0,1.0,1.4142135623730951
SCN_004,716,23.8333,true,true,310.0,236.0,310.0,236.0,30.0,-30.0,716,716,0,TRACKING,309.0,235.0,1.0,1.0,1.4142135623730951
SCN_004,717,23.8667,true,true,310.0,236.0,310.0,236.0,0.0,0.0,717,717,0,TRACKING,309.0,235.0,1.0,1.0,1.4142135623730951
SCN_004,718,23.9,true,true,310.0,236.0,310.0,236.0,0.0,0.0,718,718,0,TRACKING,309.0,235.0,1.0,1.0,1.4142135623730951
SCN_004,719,23.9333,true,true,310.0,236.0,310.0,236.0,0.0,0.0,719,719,0,TRACKING,309.0,235.0,1.0,1.0,1.4142135623730951
SCN_004,720,23.9667,true,true,311.0,236.0,311.0,236.0,30.0,0.0,720,720,0,TRACKING,310.0,235.0,1.0,1.0,1.4142135623730951
SCN_004,721,24.0,true,true,311.0,236.0,311.0,236.0,0.0,0.0,721,721,0,TRACKING,310.0,235.0,1.0,1.0,1.4142135623730951
SCN_004,722,24.0333,true,true,311.0,235.0,311.0,235.0,0.0,-30.0,722,722,0,TRACKING,310.0,234.0,1.0,1.0,1.4142135623730951
SCN_004,723,24.0667,true,true,311.0,235.0,311.0,235.0,0.0,0.0,723,723,0,TRACKING,310.0,234.0,1.0,1.0,1.4142135623730951
SCN_004,724,24.1,true,true,312.0,235.0,312.0,235.0,30.0,0.0,724,724,0,TRACKING,311.0,234.0,1.0,1.0,1.4142135623730951
SCN_004,725,24.1333,true,true,312.0,235.0,312.0,235.0,0.0,0.0,725,725,0,TRACKING,311.0,234.0,1.0,1.0,1.4142135623730951
SCN_004,726,24.1667,true,true,312.0,235.0,312.0,235.0,0.0,0.0,726,726,0,TRACKING,311.0,234.0,1.0,1.0,1.4142135623730951
SCN_004,727,24.2,true,true,313.0,234.0,313.0,234.0,30.0,-30.0,727,727,0,TRACKING,312.0,233.0,1.0,1.0,1.4142135623730951
SCN_004,728,24.2333,true,true,313.0,234.0,313.0,234.0,0.0,0.0,728,728,0,TRACKING,312.0,233.0,1.0,1.0,1.4142135623730951
SCN_004,729,24.2667,true,true,313.0,234.0,313.0,234.0,0.0,0.0,729,729,0,TRACKING,312.0,233.0,1.0,1.0,1.4142135623730951
SCN_004,730,24.3,true,true,313.0,234.0,313.0,234.0,0.0,0.0,730,730,0,TRACKING,312.0,233.0,1.0,1.0,1.4142135623730951
SCN_004,731,24.3333,true,true,314.0,234.0,314.0,234.0,30.0,0.0,731,731,0,TRACKING,313.0,233.0,1.0,1.0,1.4142135623730951
SCN_004,732,24.3667,true,true,314.0,233.0,314.0,233.0,0.0,-30.0,732,732,0,TRACKING,313.0,232.0,1.0,1.0,1.4142135623730951
SCN_004,733,24.4,true,true,314.0,233.0,314.0,233.0,0.0,0.0,733,733,0,TRACKING,313.0,232.0,1.0,1.0,1.4142135623730951
SCN_004,734,24.4333,true,true,315.0,233.0,315.0,233.0,30.0,0.0,734,734,0,TRACKING,314.0,232.0,1.0,1.0,1.4142135623730951
SCN_004,735,24.4667,true,true,315.0,233.0,315.0,233.0,0.0,0.0,735,735,0,TRACKING,314.0,232.0,1.0,1.0,1.4142135623730951
SCN_004,736,24.5,true,true,316.0,233.0,316.0,233.0,30.0,0.0,736,736,0,TRACKING,315.0,232.0,1.0,1.0,1.4142135623730951
SCN_004,737,24.5333,true,true,316.0,232.0,316.0,232.0,0.0,-30.0,737,737,0,TRACKING,315.0,231.0,1.0,1.0,1.4142135623730951
SCN_004,738,24.5667,true,true,316.0,232.0,316.0,232.0,0.0,0.0,738,738,0,TRACKING,315.0,231.0,1.0,1.0,1.4142135623730951
SCN_004,739,24.6,true,true,317.0,232.0,317.0,232.0,30.0,0.0,739,739,0,TRACKING,316.0,231.0,1.0,1.0,1.4142135623730951
SCN_004,740,24.6333,true,true,317.0,232.0,317.0,232.0,0.0,0.0,740,740,0,TRACKING,316.0,231.0,1.0,1.0,1.4142135623730951
SCN_004,741,24.6667,true,true,317.0,232.0,317.0,232.0,0.0,0.0,741,741,0,TRACKING,316.0,231.0,1.0,1.0,1.4142135623730951
SCN_004,742,24.7,true,true,318.0,232.0,318.0,232.0,30.0,0.0,742,742,0,TRACKING,317.0,231.0,1.0,1.0,1.4142135623730951
SCN_004,743,24.7333,true,true,318.0,232.0,318.0,232.0,0.0,0.0,743,743,0,TRACKING,317.0,231.0,1.0,1.0,1.4142135623730951
SCN_004,744,24.7667,true,true,318.0,232.0,318.0,232.0,0.0,0.0,744,744,0,TRACKING,317.0,231.0,1.0,1.0,1.4142135623730951
SCN_004,745,24.8,true,true,319.0,232.0,319.0,232.0,30.0,0.0,745,745,0,TRACKING,318.0,231.0,1.0,1.0,1.4142135623730951
SCN_004,746,24.8333,true,true,319.0,231.0,319.0,231.0,0.0,-30.0,746,746,0,TRACKING,318.0,230.0,1.0,1.0,1.4142135623730951
SCN_004,747,24.8667,true,true,319.0,231.0,319.0,231.0,0.0,0.0,747,747,0,TRACKING,318.0,230.0,1.0,1.0,1.4142135623730951
SCN_004,748,24.9,true,true,320.0,231.0,320.0,231.0,30.0,0.0,748,748,0,TRACKING,319.0,230.0,1.0,1.0,1.4142135623730951
SCN_004,749,24.9333,true,true,320.0,231.0,320.0,231.0,0.0,0.0,749,749,0,TRACKING,319.0,230.0,1.0,1.0,1.4142135623730951
SCN_004,750,24.9667,true,true,320.0,231.0,320.0,231.0,0.0,0.0,750,750,0,TRACKING,319.0,230.0,1.0,1.0,1.4142135623730951
SCN_004,751,25.0,true,true,321.0,231.0,321.0,231.0,30.0,0.0,751,751,0,TRACKING,320.0,230.0,1.0,1.0,1.4142135623730951
SCN_004,752,25.0333,true,true,321.0,231.0,321.0,231.0,0.0,0.0,752,752,0,TRACKING,320.0,230.0,1.0,1.0,1.4142135623730951
SCN_004,753,25.0667,true,true,321.0,231.0,321.0,231.0,0.0,0.0,753,753,0,TRACKING,320.0,230.0,1.0,1.0,1.4142135623730951
SCN_004,754,25.1,true,true,322.0,231.0,322.0,231.0,30.0,0.0,754,754,0,TRACKING,321.0,230.0,1.0,1.0,1.4142135623730951
SCN_004,755,25.1333,true,true,322.0,231.0,322.0,231.0,0.0,0.0,755,755,0,TRACKING,321.0,230.0,1.0,1.0,1.4142135623730951
SCN_004,756,25.1667,true,true,323.0,231.0,323.0,231.0,30.0,0.0,756,756,0,TRACKING,322.0,230.0,1.0,1.0,1.4142135623730951
SCN_004,757,25.2,true,true,323.0,231.0,323.0,231.0,0.0,0.0,757,757,0,TRACKING,322.0,230.0,1.0,1.0,1.4142135623730951
SCN_004,758,25.2333,true,true,323.0,231.0,323.0,231.0,0.0,0.0,758,758,0,TRACKING,322.0,230.0,1.0,1.0,1.4142135623730951
SCN_004,759,25.2667,true,true,324.0,231.0,324.0,231.0,30.0,0.0,759,759,0,TRACKING,323.0,230.0,1.0,1.0,1.4142135623730951
SCN_004,760,25.3,true,true,324.0,231.0,324.0,231.0,0.0,0.0,760,760,0,TRACKING,323.0,230.0,1.0,1.0,1.4142135623730951
SCN_004,761,25.3333,true,true,324.0,231.0,324.0,231.0,0.0,0.0,761,761,0,TRACKING,323.0,230.0,1.0,1.0,1.4142135623730951
SCN_004,762,25.3667,true,true,324.0,232.0,324.0,232.0,0.0,30.0,762,762,0,TRACKING,323.0,231.0,1.0,1.0,1.4142135623730951
SCN_004,763,25.4,true,true,325.0,232.0,325.0,232.0,30.0,0.0,763,763,0,TRACKING,324.0,231.0,1.0,1.0,1.4142135623730951
SCN_004,764,25.4333,true,true,325.0,232.0,325.0,232.0,0.0,0.0,764,764,0,TRACKING,324.0,231.0,1.0,1.0,1.4142135623730951
SCN_004,765,25.4667,true,true,325.0,232.0,325.0,232.0,0.0,0.0,765,765,0,TRACKING,324.0,231.0,1.0,1.0,1.4142135623730951
SCN_004,766,25.5,true,true,326.0,232.0,326.0,232.0,30.0,0.0,766,766,0,TRACKING,325.0,231.0,1.0,1.0,1.4142135623730951
SCN_004,767,25.5333,true,true,326.0,232.0,326.0,232.0,0.0,0.0,767,767,0,TRACKING,325.0,231.0,1.0,1.0,1.4142135623730951
SCN_004,768,25.5667,true,true,326.0,232.0,326.0,232.0,0.0,0.0,768,768,0,TRACKING,325.0,231.0,1.0,1.0,1.4142135623730951
SCN_004,769,25.6,true,true,326.0,233.0,326.0,233.0,0.0,30.0,769,769,0,TRACKING,325.0,232.0,1.0,1.0,1.4142135623730951
SCN_004,770,25.6333,true,true,327.0,233.0,327.0,233.0,30.0,0.0,770,770,0,TRACKING,326.0,232.0,1.0,1.0,1.4142135623730951
SCN_004,771,25.6667,true,true,327.0,233.0,327.0,233.0,0.0,0.0,771,771,0,TRACKING,326.0,232.0,1.0,1.0,1.4142135623730951
SCN_004,772,25.7,true,true,327.0,233.0,327.0,233.0,0.0,0.0,772,772,0,TRACKING,326.0,232.0,1.0,1.0,1.4142135623730951
SCN_004,773,25.7333,true,true,328.0,233.0,328.0,233.0,30.0,0.0,773,773,0,TRACKING,327.0,232.0,1.0,1.0,1.4142135623730951
SCN_004,774,25.7667,true,true,328.0,233.0,328.0,233.0,0.0,0.0,774,774,0,TRACKING,327.0,232.0,1.0,1.0,1.4142135623730951
SCN_004,775,25.8,true,true,328.0,234.0,328.0,234.0,0.0,30.0,775,775,0,TRACKING,327.0,233.0,1.0,1.0,1.4142135623730951
SCN_004,776,25.8333,true,true,328.0,234.0,328.0,234.0,0.0,0.0,776,776,0,TRACKING,327.0,233.0,1.0,1.0,1.4142135623730951
SCN_004,777,25.8667,true,true,328.0,234.0,328.0,234.0,0.0,0.0,777,777,0,TRACKING,327.0,233.0,1.0,1.0,1.4142135623730951
SCN_004,778,25.9,true,true,329.0,234.0,329.0,234.0,30.0,0.0,778,778,0,TRACKING,328.0,233.0,1.0,1.0,1.4142135623730951
SCN_004,779,25.9333,true,true,329.0,235.0,329.0,235.0,0.0,30.0,779,779,0,TRACKING,328.0,234.0,1.0,1.0,1.4142135623730951
SCN_004,780,25.9667,true,true,329.0,235.0,329.0,235.0,0.0,0.0,780,780,0,TRACKING,328.0,234.0,1.0,1.0,1.4142135623730951
SCN_004,781,26.0,true,true,329.0,235.0,329.0,235.0,0.0,0.0,781,781,0,TRACKING,328.0,234.0,1.0,1.0,1.4142135623730951
SCN_004,782,26.0333,true,true,329.0,235.0,329.0,235.0,0.0,0.0,782,782,0,TRACKING,328.0,234.0,1.0,1.0,1.4142135623730951
SCN_004,783,26.0667,true,true,330.0,236.0,330.0,236.0,30.0,30.0,783,783,0,TRACKING,329.0,235.0,1.0,1.0,1.4142135623730951
SCN_004,784,26.1,true,true,330.0,236.0,330.0,236.0,0.0,0.0,784,784,0,TRACKING,329.0,235.0,1.0,1.0,1.4142135623730951
SCN_004,785,26.1333,true,true,330.0,236.0,330.0,236.0,0.0,0.0,785,785,0,TRACKING,329.0,235.0,1.0,1.0,1.4142135623730951
SCN_004,786,26.1667,true,true,330.0,236.0,330.0,236.0,0.0,0.0,786,786,0,TRACKING,329.0,235.0,1.0,1.0,1.4142135623730951
SCN_004,787,26.2,true,true,330.0,237.0,330.0,237.0,0.0,30.0,787,787,0,TRACKING,329.0,236.0,1.0,1.0,1.4142135623730951
SCN_004,788,26.2333,true,true,330.0,237.0,330.0,237.0,0.0,0.0,788,788,0,TRACKING,329.0,236.0,1.0,1.0,1.4142135623730951
SCN_004,789,26.2667,true,true,330.0,237.0,330.0,237.0,0.0,0.0,789,789,0,TRACKING,329.0,236.0,1.0,1.0,1.4142135623730951
SCN_004,790,26.3,true,true,331.0,238.0,331.0,238.0,30.0,30.0,790,790,0,TRACKING,330.0,237.0,1.0,1.0,1.4142135623730951
SCN_004,791,26.3333,true,true,331.0,238.0,331.0,238.0,0.0,0.0,791,791,0,TRACKING,330.0,237.0,1.0,1.0,1.4142135623730951
SCN_004,792,26.3667,true,true,331.0,238.0,331.0,238.0,0.0,0.0,792,792,0,TRACKING,330.0,237.0,1.0,1.0,1.4142135623730951
SCN_004,793,26.4,true,true,331.0,239.0,331.0,239.0,0.0,30.0,793,793,0,TRACKING,330.0,238.0,1.0,1.0,1.4142135623730951
SCN_004,794,26.4333,true,true,331.0,239.0,331.0,239.0,0.0,0.0,794,794,0,TRACKING,330.0,238.0,1.0,1.0,1.4142135623730951
SCN_004,795,26.4667,true,true,331.0,239.0,331.0,239.0,0.0,0.0,795,795,0,TRACKING,330.0,238.0,1.0,1.0,1.4142135623730951
SCN_004,796,26.5,true,true,331.0,239.0,331.0,239.0,0.0,0.0,796,796,0,TRACKING,330.0,238.0,1.0,1.0,1.4142135623730951
SCN_004,797,26.5333,true,true,331.0,240.0,331.0,240.0,0.0,30.0,797,797,0,TRACKING,330.0,239.0,1.0,1.0,1.4142135623730951
SCN_004,798,26.5667,true,true,331.0,240.0,331.0,240.0,0.0,0.0,798,798,0,TRACKING,330.0,239.0,1.0,1.0,1.4142135623730951
SCN_004,799,26.6,true,true,331.0,240.0,331.0,240.0,0.0,0.0,799,799,0,TRACKING,330.0,239.0,1.0,1.0,1.4142135623730951
SCN_004,800,26.6333,true,true,331.0,241.0,331.0,241.0,0.0,30.0,800,800,0,TRACKING,330.0,240.0,1.0,1.0,1.4142135623730951
SCN_004,801,26.6667,true,true,331.0,241.0,331.0,241.0,0.0,0.0,801,801,0,TRACKING,330.0,240.0,1.0,1.0,1.4142135623730951
SCN_004,802,26.7,true,true,331.0,241.0,331.0,241.0,0.0,0.0,802,802,0,TRACKING,330.0,240.0,1.0,1.0,1.4142135623730951
SCN_004,803,26.7333,true,true,331.0,242.0,331.0,242.0,0.0,30.0,803,803,0,TRACKING,330.0,241.0,1.0,1.0,1.4142135623730951
SCN_004,804,26.7667,true,true,330.0,242.0,330.0,242.0,-30.0,0.0,804,804,0,TRACKING,329.0,241.0,1.0,1.0,1.4142135623730951
SCN_004,805,26.8,true,true,330.0,242.0,330.0,242.0,0.0,0.0,805,805,0,TRACKING,329.0,241.0,1.0,1.0,1.4142135623730951
SCN_004,806,26.8333,true,true,330.0,243.0,330.0,243.0,0.0,30.0,806,806,0,TRACKING,329.0,242.0,1.0,1.0,1.4142135623730951
SCN_004,807,26.8667,true,true,330.0,243.0,330.0,243.0,0.0,0.0,807,807,0,TRACKING,329.0,242.0,1.0,1.0,1.4142135623730951
SCN_004,808,26.9,true,true,330.0,243.0,330.0,243.0,0.0,0.0,808,808,0,TRACKING,329.0,242.0,1.0,1.0,1.4142135623730951
SCN_004,809,26.9333,true,true,330.0,243.0,330.0,243.0,0.0,0.0,809,809,0,TRACKING,329.0,242.0,1.0,1.0,1.4142135623730951
SCN_004,810,26.9667,true,true,330.0,244.0,330.0,244.0,0.0,30.0,810,810,0,TRACKING,329.0,243.0,1.0,1.0,1.4142135623730951
SCN_004,811,27.0,true,true,330.0,244.0,330.0,244.0,0.0,0.0,811,811,0,TRACKING,329.0,243.0,1.0,1.0,1.4142135623730951
SCN_004,812,27.0333,true,true,330.0,244.0,330.0,244.0,0.0,0.0,812,812,0,TRACKING,329.0,243.0,1.0,1.0,1.4142135623730951
SCN_004,813,27.0667,true,true,330.0,245.0,330.0,245.0,0.0,30.0,813,813,0,TRACKING,329.0,244.0,1.0,1.0,1.4142135623730951
SCN_004,814,27.1,true,true,330.0,245.0,330.0,245.0,0.0,0.0,814,814,0,TRACKING,329.0,244.0,1.0,1.0,1.4142135623730951
SCN_004,815,27.1333,true,true,329.0,245.0,329.0,245.0,-30.0,0.0,815,815,0,TRACKING,328.0,244.0,1.0,1.0,1.4142135623730951
SCN_004,816,27.1667,true,true,329.0,245.0,329.0,245.0,0.0,0.0,816,816,0,TRACKING,328.0,244.0,1.0,1.0,1.4142135623730951
SCN_004,817,27.2,true,true,329.0,246.0,329.0,246.0,0.0,30.0,817,817,0,TRACKING,328.0,245.0,1.0,1.0,1.4142135623730951
SCN_004,818,27.2333,true,true,329.0,246.0,329.0,246.0,0.0,0.0,818,818,0,TRACKING,328.0,245.0,1.0,1.0,1.4142135623730951
SCN_004,819,27.2667,true,true,329.0,246.0,329.0,246.0,0.0,0.0,819,819,0,TRACKING,328.0,245.0,1.0,1.0,1.4142135623730951
SCN_004,820,27.3,true,true,329.0,247.0,329.0,247.0,0.0,30.0,820,820,0,TRACKING,328.0,246.0,1.0,1.0,1.4142135623730951
SCN_004,821,27.3333,true,true,328.0,247.0,328.0,247.0,-30.0,0.0,821,821,0,TRACKING,327.0,246.0,1.0,1.0,1.4142135623730951
SCN_004,822,27.3667,true,true,328.0,247.0,328.0,247.0,0.0,0.0,822,822,0,TRACKING,327.0,246.0,1.0,1.0,1.4142135623730951
SCN_004,823,27.4,true,true,328.0,247.0,328.0,247.0,0.0,0.0,823,823,0,TRACKING,327.0,246.0,1.0,1.0,1.4142135623730951
SCN_004,824,27.4333,true,true,328.0,247.0,328.0,247.0,0.0,0.0,824,824,0,TRACKING,327.0,246.0,1.0,1.0,1.4142135623730951
SCN_004,825,27.4667,true,true,328.0,248.0,328.0,248.0,0.0,30.0,825,825,0,TRACKING,327.0,247.0,1.0,1.0,1.4142135623730951
SCN_004,826,27.5,true,true,328.0,248.0,328.0,248.0,0.0,0.0,826,826,0,TRACKING,327.0,247.0,1.0,1.0,1.4142135623730951
SCN_004,827,27.5333,true,true,327.0,248.0,327.0,248.0,-30.0,0.0,827,827,0,TRACKING,326.0,247.0,1.0,1.0,1.4142135623730951
SCN_004,828,27.5667,true,true,327.0,248.0,327.0,248.0,0.0,0.0,828,828,0,TRACKING,326.0,247.0,1.0,1.0,1.4142135623730951
SCN_004,829,27.6,true,true,327.0,248.0,327.0,248.0,0.0,0.0,829,829,0,TRACKING,326.0,247.0,1.0,1.0,1.4142135623730951
SCN_004,830,27.6333,true,true,327.0,249.0,327.0,249.0,0.0,30.0,830,830,0,TRACKING,326.0,248.0,1.0,1.0,1.4142135623730951
SCN_004,831,27.6667,true,true,327.0,249.0,327.0,249.0,0.0,0.0,831,831,0,TRACKING,326.0,248.0,1.0,1.0,1.4142135623730951
SCN_004,832,27.7,true,true,327.0,249.0,327.0,249.0,0.0,0.0,832,832,0,TRACKING,326.0,248.0,1.0,1.0,1.4142135623730951
SCN_004,833,27.7333,true,true,326.0,249.0,326.0,249.0,-30.0,0.0,833,833,0,TRACKING,325.0,248.0,1.0,1.0,1.4142135623730951
SCN_004,834,27.7667,true,true,326.0,249.0,326.0,249.0,0.0,0.0,834,834,0,TRACKING,325.0,248.0,1.0,1.0,1.4142135623730951
SCN_004,835,27.8,true,true,326.0,249.0,326.0,249.0,0.0,0.0,835,835,0,TRACKING,325.0,248.0,1.0,1.0,1.4142135623730951
SCN_004,836,27.8333,true,true,326.0,249.0,326.0,249.0,0.0,0.0,836,836,0,TRACKING,325.0,248.0,1.0,1.0,1.4142135623730951
SCN_004,837,27.8667,true,true,326.0,249.0,326.0,249.0,0.0,0.0,837,837,0,TRACKING,325.0,248.0,1.0,1.0,1.4142135623730951
SCN_004,838,27.9,true,true,325.0,250.0,325.0,250.0,-30.0,30.0,838,838,0,TRACKING,324.0,249.0,1.0,1.0,1.4142135623730951
SCN_004,839,27.9333,true,true,325.0,250.0,325.0,250.0,0.0,0.0,839,839,0,TRACKING,324.0,249.0,1.0,1.0,1.4142135623730951
SCN_004,840,27.9667,true,true,325.0,250.0,325.0,250.0,0.0,0.0,840,840,0,TRACKING,324.0,249.0,1.0,1.0,1.4142135623730951
SCN_004,841,28.0,true,true,325.0,250.0,325.0,250.0,0.0,0.0,841,841,0,TRACKING,324.0,249.0,1.0,1.0,1.4142135623730951
SCN_004,842,28.0333,true,true,324.0,250.0,324.0,250.0,-30.0,0.0,842,842,0,TRACKING,323.0,249.0,1.0,1.0,1.4142135623730951
SCN_004,843,28.0667,true,true,324.0,250.0,324.0,250.0,0.0,0.0,843,843,0,TRACKING,323.0,249.0,1.0,1.0,1.4142135623730951
SCN_004,844,28.1,true,true,324.0,250.0,324.0,250.0,0.0,0.0,844,844,0,TRACKING,323.0,249.0,1.0,1.0,1.4142135623730951
SCN_004,845,28.1333,true,true,324.0,250.0,324.0,250.0,0.0,0.0,845,845,0,TRACKING,323.0,249.0,1.0,1.0,1.4142135623730951
SCN_004,846,28.1667,true,true,324.0,250.0,324.0,250.0,0.0,0.0,846,846,0,TRACKING,323.0,249.0,1.0,1.0,1.4142135623730951
SCN_004,847,28.2,true,true,323.0,250.0,323.0,250.0,-30.0,0.0,847,847,0,TRACKING,322.0,249.0,1.0,1.0,1.4142135623730951
SCN_004,848,28.2333,true,true,323.0,250.0,323.0,250.0,0.0,0.0,848,848,0,TRACKING,322.0,249.0,1.0,1.0,1.4142135623730951
SCN_004,849,28.2667,true,true,323.0,250.0,323.0,250.0,0.0,0.0,849,849,0,TRACKING,322.0,249.0,1.0,1.0,1.4142135623730951
SCN_004,850,28.3,true,true,323.0,250.0,323.0,250.0,0.0,0.0,850,850,0,TRACKING,322.0,249.0,1.0,1.0,1.4142135623730951
SCN_004,851,28.3333,true,true,322.0,250.0,322.0,250.0,-30.0,0.0,851,851,0,TRACKING,321.0,249.0,1.0,1.0,1.4142135623730951
SCN_004,852,28.3667,true,true,322.0,250.0,322.0,250.0,0.0,0.0,852,852,0,TRACKING,321.0,249.0,1.0,1.0,1.4142135623730951
SCN_004,853,28.4,true,true,322.0,250.0,322.0,250.0,0.0,0.0,853,853,0,TRACKING,321.0,249.0,1.0,1.0,1.4142135623730951
SCN_004,854,28.4333,true,true,322.0,250.0,322.0,250.0,0.0,0.0,854,854,0,TRACKING,321.0,249.0,1.0,1.0,1.4142135623730951
SCN_004,855,28.4667,true,true,321.0,250.0,321.0,250.0,-30.0,0.0,855,855,0,TRACKING,320.0,249.0,1.0,1.0,1.4142135623730951
SCN_004,856,28.5,true,true,321.0,250.0,321.0,250.0,0.0,0.0,856,856,0,TRACKING,320.0,249.0,1.0,1.0,1.4142135623730951
SCN_004,857,28.5333,true,true,321.0,250.0,321.0,250.0,0.0,0.0,857,857,0,TRACKING,320.0,249.0,1.0,1.0,1.4142135623730951
SCN_004,858,28.5667,true,true,320.0,250.0,320.0,250.0,-30.0,0.0,858,858,0,TRACKING,319.0,249.0,1.0,1.0,1.4142135623730951
SCN_004,859,28.6,true,true,320.0,250.0,320.0,250.0,0.0,0.0,859,859,0,TRACKING,319.0,249.0,1.0,1.0,1.4142135623730951
SCN_004,860,28.6333,true,true,320.0,250.0,320.0,250.0,0.0,0.0,860,860,0,TRACKING,319.0,249.0,1.0,1.0,1.4142135623730951
SCN_004,861,28.6667,true,true,319.0,250.0,319.0,250.0,-30.0,0.0,861,861,0,TRACKING,318.0,249.0,1.0,1.0,1.4142135623730951
SCN_004,862,28.7,true,true,319.0,250.0,319.0,250.0,0.0,0.0,862,862,0,TRACKING,318.0,249.0,1.0,1.0,1.4142135623730951
SCN_004,863,28.7333,true,true,319.0,250.0,319.0,250.0,0.0,0.0,863,863,0,TRACKING,318.0,249.0,1.0,1.0,1.4142135623730951
SCN_004,864,28.7667,true,true,318.0,250.0,318.0,250.0,-30.0,0.0,864,864,0,TRACKING,317.0,249.0,1.0,1.0,1.4142135623730951
SCN_004,865,28.8,true,true,318.0,249.0,318.0,249.0,0.0,-30.0,865,865,0,TRACKING,317.0,248.0,1.0,1.0,1.4142135623730951
SCN_004,866,28.8333,true,true,318.0,249.0,318.0,249.0,0.0,0.0,866,866,0,TRACKING,317.0,248.0,1.0,1.0,1.4142135623730951
SCN_004,867,28.8667,true,true,317.0,249.0,317.0,249.0,-30.0,0.0,867,867,0,TRACKING,316.0,248.0,1.0,1.0,1.4142135623730951
SCN_004,868,28.9,true,true,317.0,249.0,317.0,249.0,0.0,0.0,868,868,0,TRACKING,316.0,248.0,1.0,1.0,1.4142135623730951
SCN_004,869,28.9333,true,true,316.0,249.0,316.0,249.0,-30.0,0.0,869,869,0,TRACKING,315.0,248.0,1.0,1.0,1.4142135623730951
SCN_004,870,28.9667,true,true,316.0,249.0,316.0,249.0,0.0,0.0,870,870,0,TRACKING,315.0,248.0,1.0,1.0,1.4142135623730951
SCN_004,871,29.0,true,true,316.0,249.0,316.0,249.0,0.0,0.0,871,871,0,TRACKING,315.0,248.0,1.0,1.0,1.4142135623730951
SCN_004,872,29.0333,true,true,315.0,248.0,315.0,248.0,-30.0,-30.0,872,872,0,TRACKING,314.0,247.0,1.0,1.0,1.4142135623730951
SCN_004,873,29.0667,true,true,315.0,248.0,315.0,248.0,0.0,0.0,873,873,0,TRACKING,314.0,247.0,1.0,1.0,1.4142135623730951
SCN_004,874,29.1,true,true,315.0,248.0,315.0,248.0,0.0,0.0,874,874,0,TRACKING,314.0,247.0,1.0,1.0,1.4142135623730951
SCN_004,875,29.1333,true,true,314.0,248.0,314.0,248.0,-30.0,0.0,875,875,0,TRACKING,313.0,247.0,1.0,1.0,1.4142135623730951
SCN_004,876,29.1667,true,true,314.0,248.0,314.0,248.0,0.0,0.0,876,876,0,TRACKING,313.0,247.0,1.0,1.0,1.4142135623730951
SCN_004,877,29.2,true,true,314.0,248.0,314.0,248.0,0.0,0.0,877,877,0,TRACKING,313.0,247.0,1.0,1.0,1.4142135623730951
SCN_004,878,29.2333,true,true,313.0,248.0,313.0,248.0,-30.0,0.0,878,878,0,TRACKING,312.0,247.0,1.0,1.0,1.4142135623730951
SCN_004,879,29.2667,true,true,313.0,247.0,313.0,247.0,0.0,-30.0,879,879,0,TRACKING,312.0,246.0,1.0,1.0,1.4142135623730951
SCN_004,880,29.3,true,true,313.0,247.0,313.0,247.0,0.0,0.0,880,880,0,TRACKING,312.0,246.0,1.0,1.0,1.4142135623730951
SCN_004,881,29.3333,true,true,312.0,247.0,312.0,247.0,-30.0,0.0,881,881,0,TRACKING,311.0,246.0,1.0,1.0,1.4142135623730951
SCN_004,882,29.3667,true,true,312.0,247.0,312.0,247.0,0.0,0.0,882,882,0,TRACKING,311.0,246.0,1.0,1.0,1.4142135623730951
SCN_004,883,29.4,true,true,312.0,247.0,312.0,247.0,0.0,0.0,883,883,0,TRACKING,311.0,246.0,1.0,1.0,1.4142135623730951
SCN_004,884,29.4333,true,true,311.0,246.0,311.0,246.0,-30.0,-30.0,884,884,0,TRACKING,310.0,245.0,1.0,1.0,1.4142135623730951
SCN_004,885,29.4667,true,true,311.0,246.0,311.0,246.0,0.0,0.0,885,885,0,TRACKING,310.0,245.0,1.0,1.0,1.4142135623730951
SCN_004,886,29.5,true,true,311.0,246.0,311.0,246.0,0.0,0.0,886,886,0,TRACKING,310.0,245.0,1.0,1.0,1.4142135623730951
SCN_004,887,29.5333,true,true,310.0,246.0,310.0,246.0,-30.0,0.0,887,887,0,TRACKING,309.0,245.0,1.0,1.0,1.4142135623730951
SCN_004,888,29.5667,true,true,310.0,246.0,310.0,246.0,0.0,0.0,888,888,0,TRACKING,309.0,245.0,1.0,1.0,1.4142135623730951
SCN_004,889,29.6,true,true,310.0,245.0,310.0,245.0,0.0,-30.0,889,889,0,TRACKING,309.0,244.0,1.0,1.0,1.4142135623730951
SCN_004,890,29.6333,true,true,310.0,245.0,310.0,245.0,0.0,0.0,890,890,0,TRACKING,309.0,244.0,1.0,1.0,1.4142135623730951
SCN_004,891,29.6667,true,true,309.0,245.0,309.0,245.0,-30.0,0.0,891,891,0,TRACKING,308.0,244.0,1.0,1.0,1.4142135623730951
SCN_004,892,29.7,true,true,309.0,245.0,309.0,245.0,0.0,0.0,892,892,0,TRACKING,308.0,244.0,1.0,1.0,1.4142135623730951
SCN_004,893,29.7333,true,true,309.0,244.0,309.0,244.0,0.0,-30.0,893,893,0,TRACKING,308.0,243.0,1.0,1.0,1.4142135623730951
SCN_004,894,29.7667,true,true,309.0,244.0,309.0,244.0,0.0,0.0,894,894,0,TRACKING,308.0,243.0,1.0,1.0,1.4142135623730951
SCN_004,895,29.8,true,true,308.0,244.0,308.0,244.0,-30.0,0.0,895,895,0,TRACKING,307.0,243.0,1.0,1.0,1.4142135623730951
SCN_004,896,29.8333,true,true,308.0,243.0,308.0,243.0,0.0,-30.0,896,896,0,TRACKING,307.0,242.0,1.0,1.0,1.4142135623730951
SCN_004,897,29.8667,true,true,308.0,243.0,308.0,243.0,0.0,0.0,897,897,0,TRACKING,307.0,242.0,1.0,1.0,1.4142135623730951
SCN_004,898,29.9,true,true,308.0,243.0,308.0,243.0,0.0,0.0,898,898,0,TRACKING,307.0,242.0,1.0,1.0,1.4142135623730951
SCN_004,899,29.9333,true,true,308.0,243.0,308.0,243.0,0.0,0.0,899,899,0,TRACKING,307.0,242.0,1.0,1.0,1.4142135623730951
SCN_004,900,29.9667,true,true,308.0,242.0,308.0,242.0,0.0,-30.0,900,900,0,TRACKING,307.0,241.0,1.0,1.0,1.4142135623730951
